# Blender 4.2.1 LTS
# www.blender.org
mtllib goldskull1.mtl
o human_skull_1111
v 21.926943 0.342350 11.428432
v 22.223516 0.244543 11.795744
v 21.472401 0.068699 11.967391
v 20.292925 -0.308271 11.624001
v 20.447271 -0.012014 11.229148
v 20.709005 -0.165115 11.462486
v 21.098316 0.388197 11.056034
v 22.062450 0.646605 11.232141
v 21.192747 0.201893 11.297678
v 22.581518 0.541956 11.806225
v 22.552187 0.180861 12.444883
v 22.216526 0.063538 12.159863
v 21.912457 1.151350 11.370495
v 22.482191 1.110836 12.043609
v 20.902641 0.767700 11.117852
v 19.377254 0.703722 12.321830
v 18.906305 1.723080 12.891670
v 19.151941 2.024036 12.432096
v 19.050507 1.534103 13.487528
v 19.609695 0.432589 13.048501
v 22.598534 0.689123 12.763950
v 22.070917 0.220770 13.129203
v 22.048409 -0.090029 12.779852
v 21.136484 -0.484290 12.720778
v 20.613228 -0.497810 12.295485
v 21.014549 -0.257926 12.078142
v 21.290297 -0.311756 12.375271
v 21.562117 -0.272229 12.861545
v 21.406387 -0.101952 13.238352
v 21.120104 2.623497 12.995190
v 21.245235 2.423494 13.586220
v 21.889460 1.621431 13.260672
v 20.676531 2.678484 12.437810
v 19.867083 2.427622 12.200953
v 20.857386 2.094604 13.965956
v 21.464588 1.164234 13.623182
v 20.239159 1.780964 14.059238
v 20.827427 0.776127 13.704026
v 20.777719 -0.362495 13.104332
v 20.215729 -0.365241 12.620984
v 19.838142 -0.084524 11.803136
v 20.074389 0.303188 11.327268
v 19.510544 1.545549 13.876433
v 20.116707 0.489599 13.522678
v 21.904724 -0.039396 12.357401
v 21.581751 -0.134702 12.451700
v 14.765143 -9.115920 24.861729
v 14.860016 -9.365828 25.111618
v 14.699688 -9.342981 25.142797
v 14.577797 -9.279243 25.291384
v 14.455235 -8.917818 25.031919
v 14.581876 -8.781734 24.894669
v 14.921049 -9.040380 24.873308
v 14.997721 -9.148996 25.007820
v 13.708412 -7.059072 26.573629
v 13.895794 -6.893028 26.667526
v 13.735071 -6.676763 26.535713
v 13.575385 -6.996646 26.437853
v 14.501845 -9.125135 25.657375
v 14.705327 -9.508184 25.403015
v 14.677114 -9.443687 25.662971
v 15.785412 -7.777258 25.897541
v 15.743587 -7.908079 26.205376
v 15.899240 -8.682281 25.870874
v 15.691648 -8.846594 25.519115
v 15.667891 -8.442816 25.348557
v 15.432560 -8.183035 25.271097
v 15.596945 -7.710053 25.705069
v 15.640034 -8.775572 26.164171
v 15.720020 -9.110585 26.008896
v 15.886672 -9.014513 25.803339
v 15.389957 -8.067787 26.447090
v 14.928488 -8.223866 26.479202
v 15.231236 -8.927956 26.163338
v 15.345726 -9.247473 26.017353
v 14.515842 -8.380140 26.364939
v 14.852789 -9.053473 26.081648
v 15.006901 -9.369642 25.990532
v 14.635599 -9.108286 25.945950
v 14.784769 -9.425279 25.901613
v 14.264299 -8.467855 26.195395
v 13.738021 -7.711374 26.224091
v 13.883546 -7.716145 26.434393
v 13.690864 -7.609332 25.931757
v 14.857418 -8.594872 24.912739
v 15.159212 -8.854305 24.996130
v 15.402045 -8.649756 25.179008
v 15.368750 -9.083771 25.309998
v 15.512179 -8.932653 25.458612
v 15.392350 -7.026700 26.111820
v 15.549084 -7.059583 26.268957
v 15.494389 -7.160731 26.518591
v 15.133871 -7.304323 26.693924
v 14.637559 -7.461306 26.705404
v 14.179289 -7.622536 26.591402
v 13.634000 -6.967026 26.133244
v 13.779573 -7.495245 25.826773
v 14.374393 -7.989326 25.329165
v 14.727916 -7.838202 25.392393
v 15.065021 -7.046760 25.990807
v 15.091644 -6.315016 26.492355
v 14.800082 -6.306005 26.452698
v 15.274607 -6.388426 26.550558
v 15.180752 -6.460339 26.747656
v 14.795922 -6.482606 26.825180
v 14.273871 -6.583995 26.776787
v 14.167942 -6.356553 26.663994
v 14.736238 -6.226057 26.750309
v 14.247488 -6.429484 26.371468
v 15.040562 -6.262053 26.766865
v 13.833292 -6.680852 26.246090
v 14.825519 -9.522608 25.274176
v 15.633503 -9.066224 25.590895
v 23.782183 13.555584 7.423619
v 23.978083 13.813704 7.398105
v 24.230558 13.498032 6.065277
v 24.018570 13.207136 6.080216
v 23.792770 11.894367 6.577282
v 23.285139 13.172106 8.473882
v 23.573341 14.635687 8.312267
v 23.949131 13.517113 4.400514
v 23.726454 12.224730 4.233776
v 24.214851 13.815311 4.360508
v 25.649220 2.869883 12.257991
v 24.927927 3.064079 11.050462
v 24.891617 1.325964 12.390135
v 25.758829 1.512159 13.087946
v 25.351665 4.398438 11.820854
v 24.693436 4.618502 10.589478
v 27.277645 1.468122 13.349801
v 26.885693 2.990244 12.234895
v 26.515604 4.415302 11.673990
v 31.212416 -0.372741 3.004018
v 31.259018 -1.128537 4.104163
v 31.377819 -1.700057 3.722831
v 31.168385 -0.805041 2.279723
v 23.383530 13.106462 3.269400
v 23.191315 12.290655 2.704299
v 23.631973 11.119560 3.471164
v 23.037783 13.936502 2.592839
v 22.726795 13.322647 2.103642
v 24.013607 9.425646 4.862191
v 23.937355 10.092352 5.514601
v 23.894300 10.458805 6.000527
v 23.218815 15.964180 11.036373
v 22.836977 15.563072 12.254911
v 22.908157 14.859039 12.305145
v 22.557198 16.275362 10.907426
v 22.344215 15.555124 12.269967
v 22.400202 14.725859 12.352646
v 24.466640 4.996346 8.889772
v 24.059422 7.598558 7.649000
v 24.664764 5.100883 6.689773
v 22.933796 18.120325 -0.720154
v 22.313248 17.761595 -0.216759
v 23.094597 17.321901 0.405198
v 23.736343 17.600679 -0.161002
v 24.050381 17.346270 -0.877258
v 23.186348 17.858309 -1.471697
v 22.059874 17.385038 -1.285584
v 22.154692 15.456656 12.082847
v 22.245911 14.698311 12.134027
v 22.098986 15.321222 11.697670
v 22.236151 14.683743 11.530217
v 22.254860 15.594500 10.755852
v 22.317904 16.098043 10.860031
v 23.940159 14.066595 10.876925
v 24.211094 12.804966 10.862904
v 24.651741 12.842909 9.463713
v 24.473820 13.868053 9.092155
v 24.076500 14.552961 8.537686
v 23.746609 15.296465 9.433528
v 22.942261 15.340876 9.297375
v 23.179579 15.524073 9.202321
v 26.604143 6.116861 0.955945
v 25.697746 5.222555 1.953242
v 24.634432 8.408882 1.788354
v 25.533085 9.071802 0.790940
v 24.218540 8.558901 3.578072
v 23.508345 10.504408 9.239091
v 23.772152 14.725569 11.080707
v 25.653334 13.349356 2.084319
v 25.259975 14.037643 2.756430
v 25.386002 13.396452 3.834882
v 25.400887 14.281578 1.377947
v 25.025909 14.776176 2.005064
v 25.171722 13.024380 6.169355
v 22.502548 13.465097 11.702934
v 22.972326 11.921949 11.011302
v 22.625477 13.447142 11.995419
v 23.140722 11.655952 11.433562
v 22.800428 16.295401 1.285397
v 23.059898 15.806684 1.689545
v 23.299459 16.018629 1.566484
v 22.643782 16.810965 0.822343
v 22.498177 15.475826 1.629391
v 22.400934 16.314692 1.147035
v 27.727407 2.573627 11.126622
v 27.580734 3.752869 9.634629
v 27.227791 4.150763 10.646410
v 24.691801 2.997503 8.231216
v 24.600117 3.268265 9.598167
v 20.392864 -11.390045 24.974518
v 19.013271 -12.023371 25.156712
v 20.102964 -14.381466 25.277838
v 21.553873 -13.726921 25.147333
v 21.869848 -10.688015 24.455770
v 23.033546 -10.016497 23.860544
v 23.785151 -9.439004 23.390198
v 22.773365 -7.773345 24.432280
v 23.710018 -6.827175 23.778675
v 24.581413 -5.769287 22.967703
v 25.221748 -7.205529 22.298338
v 26.074865 -5.962577 21.384275
v 25.411095 -4.655236 21.837055
v 27.242718 -4.224895 19.544214
v 26.303631 -3.276964 19.873905
v 27.076948 -7.217445 20.672438
v 28.168575 -5.229183 18.947554
v 26.275482 -8.342020 21.537027
v 27.875042 -7.995260 20.124903
v 28.824778 -6.045839 18.252754
v 25.959732 -9.567822 22.057198
v 28.397474 -8.544699 19.717222
v 28.796955 -9.053311 19.347876
v 29.600182 -7.319291 17.231445
v 27.481842 -9.628077 21.039078
v 26.354614 -10.406404 22.118111
v 26.892403 -11.181072 22.027699
v 27.947659 -10.211213 20.785559
v 25.085190 -11.081273 23.062319
v 25.682343 -12.021677 23.122835
v 27.379333 -12.017467 21.723919
v 28.402050 -10.964142 20.350485
v 29.170326 -9.731832 18.844248
v 26.131468 -12.875009 22.938381
v 24.736938 -12.462494 23.790638
v 23.283772 -13.032095 24.585682
v 23.673038 -14.049048 24.400974
v 25.169292 -13.381510 23.632046
v 26.284779 -13.461086 22.568419
v 27.514851 -12.568231 21.314932
v 23.874763 -14.714401 23.975487
v 25.349752 -14.010079 23.258684
v 21.915348 -14.777116 24.878048
v 22.127407 -15.432996 24.374868
v 22.074987 -15.692893 23.101870
v 23.598032 -14.952538 22.754210
v 21.386229 -14.398886 21.936472
v 20.824530 -13.185802 21.763098
v 19.612873 -13.789142 21.895939
v 19.041889 -12.550408 22.123732
v 20.303907 -11.961614 21.976168
v 17.791534 -9.642726 23.446459
v 19.066641 -9.039680 23.278500
v 17.309711 -8.400421 24.314003
v 18.510277 -7.809872 24.156609
v 17.116854 -7.845181 25.239550
v 18.360371 -7.246596 25.088165
v 18.600555 -7.319889 25.873568
v 17.561798 -8.796717 26.325081
v 19.074661 -8.080402 26.177023
v 19.975918 -6.613159 25.536400
v 20.482582 -7.325107 25.902510
v 21.510023 -6.645494 25.469511
v 20.975603 -5.979511 24.998110
v 22.172319 -6.124397 25.020914
v 21.598104 -5.519949 24.474371
v 23.060295 -5.302605 24.158869
v 22.410437 -4.872086 23.552343
v 23.858351 -4.434844 23.127855
v 23.120268 -4.199989 22.549013
v 24.575157 -3.539882 21.875284
v 23.731892 -3.485482 21.405340
v 25.284531 -2.467413 19.925253
v 26.683117 -2.068527 17.666876
v 25.498127 -1.595332 17.678619
v 27.885815 -2.558375 17.492523
v 27.933323 -1.279946 16.010956
v 26.711594 -1.134892 16.112850
v 28.714079 -3.282312 16.900167
v 30.437042 -6.504190 14.491649
v 29.931942 -8.061299 16.736053
v 29.977579 -8.668459 16.285326
v 30.514053 -7.152477 14.093409
v 29.241360 -10.284451 18.362762
v 28.511745 -11.502270 19.889366
v 27.651537 -11.843359 19.128944
v 28.374619 -10.753210 17.654383
v 26.718063 -12.819242 20.453413
v 25.630552 -13.682031 21.569109
v 24.841501 -14.233973 22.156090
v 23.585428 -12.925642 21.198824
v 24.219069 -12.444001 20.801344
v 22.621357 -13.601620 21.618334
v 22.870689 -11.894794 21.060158
v 21.989714 -12.485400 21.439184
v 21.449837 -11.385851 21.642153
v 22.297447 -10.888920 21.243216
v 23.453762 -11.462809 20.708883
v 22.858110 -10.497007 20.869469
v 20.960188 -7.954534 22.457947
v 21.508572 -7.554199 22.032520
v 22.171009 -9.087148 21.358330
v 20.151991 -8.467062 22.912952
v 20.550728 -6.636746 23.277277
v 21.123528 -6.245474 22.837715
v 19.662563 -7.174832 23.769606
v 20.616459 -6.024202 24.115589
v 21.252375 -5.627277 23.627619
v 19.618971 -6.585265 24.669285
v 22.009527 -5.050204 22.802912
v 22.628571 -4.465783 21.909306
v 23.100662 -3.856020 20.871376
v 25.495472 -0.895559 15.915777
v 25.483513 -0.387575 14.864424
v 24.690285 -0.313789 14.349761
v 26.597439 -0.509916 15.222677
v 24.078949 -0.603525 13.781169
v 24.398331 0.903643 11.771435
v 24.198112 0.423008 10.992532
v 26.124565 2.919704 3.428550
v 25.778303 2.236416 5.329659
v 27.203156 0.649992 3.248255
v 24.175665 9.119085 2.474246
v 23.624249 11.726143 0.831820
v 24.494595 11.984423 0.139844
v 24.116699 12.966133 -0.229116
v 23.098583 12.858290 0.760872
v 23.541309 11.391237 1.438190
v 23.313204 11.816860 1.875233
v 22.352777 14.088652 1.697249
v 21.947483 15.061220 1.271852
v 22.130505 14.731550 -0.000328
v 22.786085 14.605532 2.133926
v 21.814051 16.720098 0.460837
v 22.215761 16.516039 -1.425168
v 23.285093 14.765388 -1.169859
v 22.785084 15.862476 -1.909872
v 25.195766 15.072123 0.807411
v 24.896248 16.068235 0.115085
v 24.501892 16.303244 0.769603
v 23.819681 16.288248 1.250160
v 24.802204 15.421686 1.428087
v 24.136761 15.602348 1.901812
v 24.370184 15.078802 2.481093
v 23.580322 15.435097 2.158711
v 23.786585 14.963282 2.703315
v 24.025932 14.362194 3.430420
v 24.615551 14.449270 3.227582
v 24.784246 13.885662 4.201201
v 23.742840 14.063070 3.475356
v 23.502493 14.676376 2.754108
v 23.306507 15.184357 2.232647
v 24.724072 13.541580 6.073516
v 24.442987 13.823675 7.556917
v 24.810776 13.306635 7.995481
v 26.295336 8.967920 6.920536
v 25.711819 9.223743 9.935007
v 24.980377 10.258436 10.895332
v 25.300304 9.168274 10.956837
v 25.592411 8.083427 11.051167
v 24.631393 11.339024 10.873997
v 24.663895 7.922022 11.510152
v 24.418097 8.946724 11.461580
v 24.145164 9.983742 11.451213
v 23.709373 11.640486 11.608438
v 23.634987 10.026804 11.131840
v 23.123604 13.589581 12.048527
v 22.991936 14.269087 12.204920
v 22.485834 14.126318 12.211558
v 23.833820 8.921955 10.592720
v 23.755978 9.035774 9.337227
v 23.525364 10.098122 10.274614
v 23.276310 11.091896 10.276682
v 23.102095 12.126818 9.725371
v 24.975468 6.432810 11.579702
v 24.355289 6.612442 10.496202
v 25.986090 6.494698 11.249104
v 27.350002 5.927219 7.208808
v 26.796146 6.180286 9.286820
v 29.390682 2.985020 1.461514
v 28.602589 2.305872 0.775821
v 30.330467 1.092716 1.629631
v 31.001759 0.439791 2.788974
v 30.817438 0.036736 1.867429
v 30.067852 -0.665666 1.081226
v 29.571819 0.403896 0.843925
v 30.522205 -1.601994 1.645579
v 28.930225 -1.328085 1.809032
v 28.428440 -0.413814 1.747799
v 29.437572 -1.861053 1.816619
v 27.601902 1.341797 1.786323
v 28.641750 -1.789772 3.116130
v 28.054785 -0.973491 3.131388
v 29.294022 -2.331217 3.097057
v 30.662319 -2.472930 3.173963
v 27.609180 -2.174553 6.335419
v 28.424189 -2.941042 6.227479
v 27.953766 -4.080723 8.700638
v 29.224152 -3.476714 6.154898
v 28.877571 -4.653161 8.481023
v 24.785789 -0.796638 10.018794
v 25.842690 -2.147092 9.375674
v 23.483175 -4.901390 17.685310
v 23.186207 -5.705685 19.292999
v 22.789038 -4.537022 20.200521
v 22.401676 -5.101968 21.201777
v 21.834814 -5.668685 22.063189
v 22.225044 -6.938590 21.246307
v 22.804630 -6.315094 20.344400
v 22.885172 -8.434315 20.566765
v 23.467928 -7.727345 19.646553
v 23.900961 -6.986826 18.564501
v 24.314854 -5.983136 16.898493
v 25.382824 -7.138253 16.245516
v 26.298164 -7.986295 15.844876
v 24.790123 -8.286564 18.012392
v 27.320988 -8.729609 15.565750
v 26.568502 -9.972058 17.543341
v 25.845919 -5.947380 14.231936
v 26.836353 -6.760023 13.772821
v 27.892300 -7.469237 13.436787
v 30.529451 -3.562775 6.283029
v 30.384514 -4.827229 8.532949
v 31.165901 -2.814441 6.717295
v 29.708809 -7.892231 13.433949
v 29.128588 -9.292083 15.604303
v 25.904058 -10.870231 18.879873
v 25.117622 -11.692002 19.963829
v 24.981604 -10.005465 18.967628
v 24.268791 -10.765572 19.956820
v 23.610332 -9.825722 20.113588
v 24.254951 -9.092705 19.168682
v 27.799122 -0.402834 15.060716
v 22.797182 -12.101608 24.472118
v 22.350224 14.128040 11.959125
v 22.339607 14.232763 11.428056
v 26.587280 -0.818145 6.548701
v -5.113111 0.142502 9.755161
v -4.243139 -0.152137 10.184607
v -3.969532 -0.992784 8.817404
v -5.176296 -0.345003 8.435931
v -5.534245 -0.318671 8.466980
v -5.437309 0.159193 9.771614
v -5.683386 1.054831 10.672974
v -4.487785 -0.872210 6.510365
v -5.589413 -0.194564 6.783960
v -5.990429 -0.205860 6.797752
v 1.425501 -6.710020 13.741584
v 2.455158 -7.900137 14.112651
v 2.607260 -7.299644 12.837831
v 1.514648 -6.142151 12.453082
v 0.652134 -7.591832 13.752948
v 1.573399 -8.762522 14.263018
v 3.878657 -9.192858 15.217816
v 2.901924 -10.276859 15.644417
v 0.151821 -14.778891 5.554443
v 0.303516 -15.072634 4.890021
v 1.193905 -15.711310 6.158352
v 0.913670 -15.214726 6.552710
v -3.688562 -1.562898 5.675638
v -4.682957 -0.024641 4.634545
v -5.316696 0.279034 5.232972
v -2.832865 -2.334277 7.674673
v -2.461050 -2.863787 6.998414
v -3.019690 -2.034563 8.172200
v -6.110931 2.320686 13.333265
v -4.902260 1.949554 14.549150
v -5.398457 2.456295 14.533210
v -5.939432 3.047338 13.206800
v -5.076700 2.826445 14.482543
v -4.471403 2.252169 14.520898
v 1.147581 -5.828602 10.770417
v 0.651417 -6.046018 8.627394
v -0.734076 -3.910484 9.649571
v -9.116459 3.242722 1.865961
v -9.217218 2.703875 2.253657
v -8.501959 2.996853 2.740906
v -8.382349 3.512817 2.260049
v -9.086283 2.915558 1.225137
v -9.268192 2.297712 1.665973
v -8.193483 3.245207 1.134252
v -4.905935 2.895220 14.266352
v -4.381111 2.338154 14.282544
v -4.818441 2.826258 13.869620
v -4.443710 2.299427 13.683001
v -5.249683 2.826998 12.975176
v -5.658625 3.111450 13.117439
v -5.145874 0.564974 13.223858
v -5.570505 -0.078404 11.516413
v -5.000004 -0.734000 11.718336
v -4.361717 -0.458419 13.168425
v -6.147642 1.419672 11.845675
v -5.911116 0.632826 10.957367
v -3.672659 0.493467 12.064234
v -7.716858 2.786423 0.811670
v -6.615772 2.674660 1.730594
v -7.277260 1.617041 0.842241
v -7.551933 2.162031 0.638484
v -5.687256 2.051168 11.607471
v -5.990084 1.983629 11.556002
v -1.673405 -5.405760 4.140017
v -3.355846 -5.052364 3.226659
v -0.636137 -6.086743 5.174874
v -2.384008 -1.505849 11.332500
v -5.512646 1.131681 13.443678
v -6.487261 -1.398993 6.406715
v -7.292248 -0.649370 4.997763
v -7.117121 -1.243224 4.508420
v -6.142410 -2.509720 5.531116
v -4.644228 -4.693714 6.047447
v -5.760006 -1.333632 8.665218
v -3.969049 -3.741319 9.163558
v -3.277609 0.392262 12.756305
v -3.056990 0.311029 13.400972
v -3.690514 1.231363 14.118838
v -3.058874 0.193150 13.714449
v -7.084852 2.534985 3.593461
v -7.382137 2.426592 3.618539
v -7.120752 1.796946 4.124803
v -6.484686 1.986891 3.983402
v -7.734566 2.449623 3.460412
v -7.450550 1.744593 4.047682
v -7.732445 2.970341 3.086204
v 0.208023 -8.953779 11.842679
v 1.207567 -9.738776 13.255998
v 0.263968 -8.366291 12.818925
v -3.462450 -2.147544 4.442224
v 2.469131 -7.006639 11.375952
v 2.435854 -7.334505 10.022901
v 17.574579 -12.704936 25.031612
v 18.568481 -15.159451 25.241236
v 15.899023 -13.389221 24.588112
v 13.979946 -11.860592 25.113199
v 14.463766 -13.773119 24.105762
v 12.578559 -12.000644 24.644749
v 11.112973 -12.028698 24.016308
v 9.589062 -12.008305 23.069525
v 10.100049 -13.388351 22.621124
v 11.708124 -13.487915 23.340096
v 7.714520 -11.915703 21.324245
v 7.793319 -13.263557 21.061428
v 7.888065 -14.653907 20.530558
v 10.321335 -15.005623 21.971334
v 11.800196 -15.071137 22.655426
v 12.773868 -15.122682 23.044687
v 7.998858 -15.723131 19.881674
v 10.331911 -16.149040 21.488300
v 12.853122 -15.700636 22.974756
v 10.362820 -16.926311 21.121235
v 8.337904 -17.198938 18.898434
v 10.446195 -17.581699 20.778347
v 11.943371 -16.850639 22.242628
v 12.056356 -17.597307 22.019171
v 13.629126 -17.346453 23.054342
v 13.394918 -16.430866 23.120258
v 15.182709 -16.903536 23.928709
v 14.840528 -15.845369 23.845392
v 12.281674 -18.456636 21.602894
v 13.914384 -18.276394 22.766518
v 10.657371 -18.335205 20.288124
v 15.520719 -17.807638 23.757990
v 17.141748 -17.111828 24.494200
v 16.704533 -16.162315 24.655243
v 14.192635 -18.760960 22.347282
v 15.819508 -18.325882 23.377878
v 17.459408 -17.698893 24.099499
v 19.421194 -16.730387 24.520609
v 19.107853 -16.119978 25.003378
v 17.754557 -17.590944 22.895987
v 19.535917 -16.857407 23.238188
v 18.876259 -15.463100 22.056238
v 18.331886 -14.276582 21.866690
v 17.799725 -13.113942 22.072807
v 16.550922 -10.186079 23.357376
v 16.058292 -8.904400 24.230764
v 15.813136 -8.397008 25.174084
v 15.764199 -8.616318 26.029774
v 16.047539 -9.452801 26.364250
v 14.241977 -9.175091 25.705994
v 14.485525 -9.986675 26.163330
v 13.021288 -9.503876 25.146400
v 13.187283 -10.297915 25.728107
v 11.890547 -9.759649 24.377975
v 11.883996 -10.494584 25.039373
v 10.795583 -9.926449 23.515184
v 10.580543 -10.603486 24.172523
v 9.712560 -10.000431 22.501572
v 9.278957 -10.646938 23.076454
v 7.755088 -10.613143 21.296446
v 6.659742 -10.348616 19.154161
v 6.263257 -11.556189 19.268755
v 5.330567 -11.067862 17.797050
v 4.649479 -12.095949 17.850285
v 5.846605 -12.797705 19.224428
v 4.516589 -13.163662 17.256542
v 5.791119 -13.931957 18.704020
v 5.613508 -17.070801 14.706089
v 6.823934 -17.473341 16.357227
v 8.624834 -17.961128 18.407934
v 7.214690 -17.975655 15.933353
v 8.997524 -18.416162 17.932407
v 10.968394 -18.776117 19.788866
v 12.559698 -18.916544 21.127563
v 13.266047 -18.529613 20.244867
v 14.776711 -18.370092 21.377207
v 11.782821 -18.464233 18.946424
v 16.272015 -18.032879 22.291807
v 16.128531 -16.205299 21.424593
v 17.350033 -15.905456 21.806078
v 15.858196 -14.994428 21.292830
v 16.963699 -14.706240 21.627005
v 15.524769 -13.906544 21.432573
v 16.561901 -13.596093 21.806509
v 14.955708 -12.442169 21.910957
v 14.301908 -10.905277 22.584768
v 15.347794 -10.617752 23.035067
v 13.658951 -9.715595 23.412365
v 14.735354 -9.386731 23.884474
v 13.211227 -9.363157 24.254515
v 14.370114 -8.962002 24.781126
v 12.182050 -9.616814 23.568541
v 11.226233 -9.765577 22.794695
v 10.325307 -9.794263 21.860876
v 5.896999 -10.000828 17.457737
v 5.760852 -9.107645 15.842823
v 5.379831 -9.726799 16.450329
v 4.329139 -8.448999 14.254097
v 4.810969 -10.630630 16.943727
v 6.295003 -8.865038 15.183710
v 4.686514 -8.217048 13.416112
v 6.902392 -9.022215 14.537636
v 5.078609 -8.469517 12.524708
v 1.939083 -8.829657 7.253230
v 0.948439 -8.766953 5.459995
v 1.962305 -11.066711 5.284924
v -4.038483 -3.941154 3.072043
v -2.969727 -3.532393 3.787549
v -4.711882 -2.857543 2.838383
v -3.812874 -2.350467 3.399402
v -5.608671 -1.411200 2.378396
v -4.299566 -1.153451 3.625102
v -5.935379 1.703478 2.264290
v -5.901308 2.133921 3.518954
v -5.364275 1.222506 3.933720
v -5.975174 1.254667 4.454654
v -6.754992 3.119455 3.003198
v -7.569469 3.443909 2.595204
v -6.818130 0.769609 1.336191
v -7.960453 -0.245982 3.660301
v -8.661545 0.586170 2.978282
v -9.202768 1.605721 2.182263
v -8.537580 0.966448 3.435537
v -9.100309 1.957863 2.733227
v -8.028379 1.504505 3.819960
v -8.425583 2.348412 3.162339
v -7.972191 0.208261 4.072633
v -7.623089 0.859550 4.464494
v -7.087076 0.104597 5.402344
v -7.107828 1.189781 4.634918
v -6.608484 0.497942 5.529082
v -6.427437 -0.602675 6.719652
v -6.199064 0.526808 5.521029
v -6.733232 1.240028 4.656535
v -5.880447 -0.664918 8.542974
v -5.503336 -0.765054 10.441507
v -5.719906 -0.177821 9.990742
v -3.990278 -2.002341 12.064642
v -2.207378 -5.239649 11.394528
v -2.718937 -3.973701 12.229066
v -2.615889 -5.862955 9.416762
v -2.279852 -3.634323 13.182261
v -2.912521 -2.689338 13.145992
v -1.629171 -4.552723 13.247659
v -3.514112 -1.726007 13.145040
v -1.483191 -3.076552 13.551538
v -2.098654 -2.198537 13.568810
v -0.854765 -3.923638 13.569236
v -2.684345 -1.301883 13.667569
v -3.452211 -0.073761 13.931641
v -2.392464 -0.935759 13.423030
v -1.772545 -1.821840 13.202035
v -1.940321 -1.713380 12.366955
v -4.108862 0.948376 14.245897
v -4.520628 1.497866 14.424891
v -4.089062 1.790358 14.355869
v -1.207123 -2.701951 12.613258
v -1.409838 -2.646097 11.367841
v -2.533844 -0.762057 12.579079
v -2.447697 -0.662025 13.198560
v 0.087471 -5.120404 13.586308
v 0.202841 -4.599378 12.444411
v -0.646595 -5.868421 13.397123
v -2.456572 -8.614365 6.375632
v -3.363487 -6.930107 6.287056
v -0.740366 -13.330240 4.136716
v -1.006353 -13.182440 5.113761
v -0.216736 -14.369205 4.371556
v -0.455032 -14.158062 5.227666
v 0.851791 -14.227644 3.438651
v 1.331001 -14.992673 4.000576
v 0.323679 -13.172973 3.203938
v 2.175472 -13.747534 3.967856
v 2.299208 -14.532749 4.076577
v 1.792253 -12.778225 3.897056
v 2.876070 -14.594324 5.228704
v 2.882519 -13.747106 5.194625
v 2.638083 -12.771824 5.182245
v 2.122610 -15.720630 5.476815
v 5.797899 -14.371635 10.455313
v 5.607718 -15.470284 10.326813
v 5.503695 -9.758895 11.559351
v 5.762946 -11.472070 10.975862
v 10.455201 -10.957186 18.693287
v 11.467748 -11.153662 20.196579
v 10.952613 -10.039773 21.113941
v 11.760607 -10.048992 22.022560
v 12.665747 -9.931472 22.769329
v 13.274181 -11.100115 21.934206
v 12.312478 -11.193243 21.151575
v 12.871023 -12.654413 20.461548
v 11.889702 -12.570670 19.490437
v 13.900575 -12.611828 21.256430
v 10.643717 -12.337831 17.957727
v 10.763792 -15.206190 17.053818
v 10.755092 -13.936983 17.381620
v 12.238232 -14.121710 18.981316
v 12.324492 -16.592638 18.647848
v 10.640420 -16.481544 16.866859
v 9.215736 -14.947426 15.153599
v 9.038007 -16.229420 14.918378
v 9.289621 -13.641063 15.525881
v 6.141465 -17.267164 12.468469
v 4.788014 -16.693974 10.499267
v 5.167621 -17.280069 13.207012
v 4.835250 -16.749916 13.560417
v 3.542610 -16.123308 11.511453
v 3.802045 -16.663809 11.161819
v 4.149685 -16.851374 10.825897
v 8.202352 -17.883177 15.129864
v 9.921937 -18.216593 17.108604
v 13.606571 -16.587280 19.829542
v 14.874660 -16.453934 20.754395
v 13.548452 -15.321031 19.848825
v 13.344032 -14.165217 20.009012
v 14.436220 -14.091249 20.819504
v 14.710295 -15.209763 20.691839
v 3.943043 -11.483604 16.950987
v 16.320572 -15.148557 24.531658
v -4.037367 1.879025 14.088323
v -4.180300 1.922327 13.567930
v 2.529510 -16.107340 9.027946
v 3.445949 -16.135147 8.467107
v 4.194725 -15.096161 8.170372
v 4.306604 -14.137192 8.168742
v 4.257483 -13.015165 8.215836
v 3.905747 -11.347710 8.374725
v 19.066515 -3.863431 26.623650
v 19.031162 -3.720638 26.599289
v 18.972389 -3.782649 26.837051
v 19.032309 -3.985835 26.718679
v 18.996660 -3.926595 26.491905
v 18.953169 -3.818852 26.416588
v 18.931772 -4.041695 26.526291
v 18.848827 -3.952219 26.420801
v 16.800575 -5.226839 26.970869
v 16.757278 -5.203884 27.190903
v 16.548788 -5.107393 27.100931
v 16.694666 -5.125373 26.875280
v 17.453175 -5.068115 26.945812
v 17.473989 -5.036677 27.176458
v 17.381737 -4.977853 26.813959
v 16.575672 -4.997963 27.287281
v 16.731916 -4.998051 27.340729
v 16.643908 -1.130581 27.033722
v 17.010492 -1.583538 27.153730
v 17.205746 -1.440426 26.979061
v 16.832211 -1.022217 26.863598
v 17.928156 -1.911025 26.792488
v 17.986666 -1.878635 26.389736
v 17.373680 -1.338680 26.409990
v 17.319824 -1.357916 26.768265
v 17.869104 -2.025271 25.949907
v 17.678173 -2.219469 25.702097
v 18.377369 -2.726521 26.002701
v 18.204128 -2.925207 25.805185
v 17.148932 -2.633529 25.578825
v 17.648869 -3.380170 25.787760
v 18.541168 -4.398186 26.730448
v 18.045372 -4.760940 26.852751
v 18.583082 -4.380827 26.963730
v 18.504187 -4.187944 27.117298
v 18.438597 -2.620948 26.778982
v 18.504604 -2.580257 26.399792
v 17.497667 -2.255576 27.217302
v 16.705288 -1.769983 27.277901
v 17.071121 -2.517456 27.351173
v 16.307529 -1.956203 27.323332
v 16.628447 -2.712021 27.416489
v 16.370422 -1.281116 27.150349
v 16.063267 -1.418734 27.205973
v 15.563218 -1.605268 27.070536
v 16.905746 -1.036825 26.073076
v 16.979401 -0.975067 26.278519
v 17.123945 -1.579797 25.809761
v 16.783812 -1.119137 25.901396
v 16.727259 -1.855774 25.664394
v 16.736258 -2.882166 25.665859
v 17.186106 -3.669251 25.897501
v 16.687918 -3.890031 26.043539
v 16.278725 -3.089972 25.856876
v 17.402802 -4.828298 27.328192
v 18.068996 -4.732137 27.085693
v 17.980259 -4.546139 27.238140
v 15.941342 -2.947355 27.319195
v 15.755651 -3.019814 27.168732
v 15.445683 -1.651587 26.960924
v 15.371881 -1.705061 26.714552
v 16.454739 -1.319004 25.773973
v 16.350082 -2.074822 25.728296
v 16.105486 -1.505471 25.824911
v 15.924742 -2.251098 25.935856
v 15.724193 -1.660375 26.007318
v 15.729303 -3.150513 26.320187
v 15.536191 -2.318337 26.372145
v 15.644243 -3.104136 26.790630
v 15.409706 -1.729331 26.384409
v 16.210316 -3.785240 27.385139
v 17.203053 -4.298527 27.414555
v 16.502396 -4.526906 27.384495
v 18.272253 -3.724215 27.201258
v 18.782185 -3.318444 26.820658
v 18.846273 -3.279065 26.509918
v 18.741547 -3.405167 26.217163
v 18.609005 -3.569598 26.122541
v 18.103210 -3.962002 26.210592
v 17.599451 -4.300586 26.342880
v 17.053442 -4.561774 26.461874
v 16.391537 -4.701739 26.666008
v 16.253807 -4.663219 26.980667
v 16.327585 -4.574887 27.275496
v 16.024620 -3.988263 26.414129
v 15.907314 -3.942962 26.856108
v 16.016054 -3.855348 27.241753
v 14.346903 -6.280019 27.209917
v 14.259192 -6.103806 27.396858
v 13.715357 -6.160201 27.107450
v 13.785808 -6.240235 26.964956
v 14.357189 -6.151272 26.872284
v 13.821262 -6.189635 26.832321
v 16.386837 -5.194474 27.082495
v 15.990416 -5.683441 27.246172
v 15.946333 -5.599249 26.923954
v 15.520885 -4.783555 27.558336
v 15.891386 -5.500902 27.442024
v 16.339108 -5.107775 27.306370
v 16.102886 -4.446637 27.280094
v 16.181763 -4.419645 27.050989
v 13.552971 -4.379946 27.451317
v 13.325829 -3.265811 27.372070
v 12.946448 -3.378145 26.890558
v 12.964173 -4.518932 26.927620
v 12.946441 -3.404249 26.644867
v 12.965933 -4.545936 26.624918
v 13.400637 -5.583581 26.784531
v 13.395031 -5.563366 27.026531
v 13.040724 -3.412359 26.365719
v 13.111732 -4.564901 26.305864
v 13.534336 -5.595079 26.544989
v 13.892311 -4.490957 25.817751
v 14.197579 -5.510933 26.331270
v 14.989372 -5.274893 26.381134
v 15.136362 -5.986447 26.941608
v 15.157822 -6.074352 27.278706
v 13.968711 -5.416133 27.479719
v 13.803499 -3.116982 27.512045
v 14.285541 -4.156050 27.603878
v 14.364934 -2.842205 27.445526
v 14.074170 -2.329338 27.330313
v 13.628181 -2.553359 27.371622
v 13.213984 -2.709652 27.233662
v 12.971494 -2.863091 26.390528
v 12.903239 -2.866835 26.607422
v 13.333235 -2.755697 26.048143
v 13.528929 -3.318443 25.947346
v 14.556478 -4.283042 25.811346
v 15.705753 -4.901885 26.444874
v 16.081417 -4.601737 26.590191
v 16.174404 -4.475699 26.797825
v 15.636739 -3.461103 26.621855
v 15.635211 -3.419430 26.968451
v 15.545172 -3.450236 27.232454
v 15.095083 -5.885426 27.470943
v 14.763895 -5.173128 27.590015
v 14.936570 -3.811102 27.555038
v 14.522567 -2.088938 26.875259
v 14.473075 -2.103067 27.039402
v 13.797401 -2.576875 26.011148
v 14.600138 -2.834566 26.132153
v 14.271661 -2.315546 26.200853
v 15.185569 -3.917368 25.978540
v 15.541141 -3.580154 26.296291
v 14.843966 -2.639666 26.427999
v 14.478624 -2.161535 26.459538
v 14.533452 -2.104626 26.690029
v 7.649028 -8.240465 19.964849
v 8.054230 -7.999583 19.831694
v 8.144504 -8.184379 20.368816
v 7.523478 -8.461327 20.438995
v 9.288634 -6.185293 20.992077
v 9.114570 -5.243725 21.089666
v 8.888624 -6.222128 21.613079
v 8.473032 -8.037853 20.286686
v 8.678756 -7.886456 19.990150
v 9.177582 -5.053411 20.280638
v 8.851040 -4.215088 20.579399
v 8.569360 -4.353434 21.137388
v 7.196861 -4.658489 21.526382
v 8.068676 -4.499183 21.467283
v 6.699451 -6.711064 20.963657
v 7.188219 -6.623683 21.811493
v 6.955331 -6.590031 20.255238
v 7.132996 -7.460629 20.029337
v 6.881224 -7.573722 20.734594
v 7.643961 -6.350367 19.737070
v 7.782735 -7.219592 19.631310
v 7.927048 -7.730442 19.656368
v 7.349810 -8.005445 19.916079
v 8.699356 -7.069130 19.634218
v 8.738375 -7.609792 19.800655
v 9.222093 -7.601408 20.435059
v 9.073593 -7.843116 20.587286
v 9.174986 -7.752527 21.102846
v 8.773788 -7.913184 21.482569
v 7.930430 -8.310196 21.320591
v 7.161614 -8.218423 20.526651
v 7.662646 -8.074282 21.549416
v 7.426719 -7.488456 21.705114
v 8.341858 -6.337561 21.880219
v 9.011149 -7.035156 21.624878
v 8.584513 -7.206278 21.837332
v 8.784122 -7.641221 21.735220
v 9.081113 -7.790434 21.352207
v 9.136071 -7.490375 21.543156
v 9.342649 -7.447536 21.135805
v 9.221429 -7.086999 20.258966
v 9.183798 -6.247535 20.054731
v 8.635448 -6.279982 19.547878
v 8.663479 -5.047856 19.735863
v 8.509970 -4.279355 19.990419
v 6.857339 -4.700906 20.908783
v 7.003835 -4.671466 20.404057
v 6.986366 -5.551091 20.375360
v 7.707388 -5.299751 19.918102
v 7.622000 -4.526552 20.046312
v 13.494742 -6.393023 26.512470
v 13.635784 -6.118330 26.683142
v 13.444433 -6.570186 26.752171
v 11.209072 -4.559405 26.569313
v 11.662457 -4.419485 26.795126
v 11.449591 -4.014383 26.678364
v 10.769723 -4.428887 26.143141
v 12.040889 -4.769812 26.893349
v 11.092669 -5.055772 26.447987
v 10.682560 -5.103878 25.985521
v 11.045154 -6.445887 25.985769
v 11.475201 -6.436253 26.461020
v 11.126165 -6.518496 25.318575
v 11.337202 -6.974430 25.649374
v 11.258323 -6.788445 25.997648
v 11.623582 -6.851902 25.600803
v 11.996475 -6.908623 25.870810
v 11.815624 -7.129791 26.091574
v 12.195171 -6.806308 26.653479
v 11.624790 -6.880109 26.329653
v 12.386202 -7.071321 26.433737
v 12.011156 -6.331025 26.747177
v 12.552549 -6.149506 26.941113
v 12.942764 -5.956075 27.021509
v 12.639693 -3.966934 26.806173
v 12.078716 -4.239044 26.945738
v 12.356143 -4.621226 26.970848
v 12.333712 -3.623302 26.756243
v 11.897776 -3.861147 26.838274
v 10.721006 -4.391040 25.214952
v 10.824201 -5.059815 25.079714
v 10.976550 -5.796052 25.200270
v 11.319448 -5.759727 25.091656
v 11.454302 -6.493073 25.289600
v 11.918381 -6.406204 25.468531
v 12.478769 -6.380339 25.770090
v 12.456703 -6.937488 26.168970
v 12.971281 -6.112655 25.957991
v 13.091154 -6.706907 26.388783
v 13.042942 -6.859155 26.663368
v 13.190052 -6.365666 26.970842
v 12.799216 -6.612885 26.876905
v 13.405316 -6.100274 26.901827
v 13.395107 -5.703149 26.869574
v 11.050810 -4.327874 25.016058
v 11.193274 -5.008079 24.894030
v 11.762321 -5.687844 25.220812
v 12.761621 -5.398774 25.670849
v 13.184130 -5.115875 25.980892
v 13.414342 -5.816087 26.219694
v 13.533560 -5.682727 26.538607
v 13.295731 -5.001338 26.413757
v 12.843363 -3.900822 26.370903
v 13.053429 -4.307660 26.286798
v 12.491715 -3.564650 26.419073
v 11.409792 -4.270002 25.074581
v 11.239129 -3.547964 25.243935
v 11.538404 -3.493936 25.386173
v 11.836212 -4.173097 25.265261
v 11.624411 -4.946239 24.976139
v 12.277510 -4.020100 25.503254
v 12.570971 -4.661297 25.386370
v 12.582294 -3.814435 25.861767
v 12.957404 -4.399305 25.740604
v 12.096595 -3.261315 25.934761
v 12.149802 -3.212714 26.236185
v 11.884855 -3.369214 25.630623
v 8.834627 7.308651 7.623030
v 9.557732 4.904610 3.235895
v 10.795318 6.415833 4.119174
v 11.985256 4.829367 27.631037
v 11.840415 4.765615 27.659578
v 11.998667 4.459780 27.861387
v 12.289242 4.766710 27.355545
v 11.990355 4.942207 25.979506
v 11.521191 5.075195 25.484335
v 11.676346 4.891808 26.352198
v 11.820320 4.934546 26.300440
v 13.350596 3.762617 27.112043
v 12.266445 3.871515 27.795801
v 12.670775 2.762720 27.204378
v 13.382916 3.160852 27.060818
v 21.119713 11.888662 17.141205
v 20.069670 12.473257 16.933252
v 21.207781 14.155907 17.222923
v 22.354443 13.762676 17.204882
v 23.310438 12.306147 17.212299
v 22.130329 11.223253 17.362850
v 23.861418 11.745857 17.243465
v 22.717777 10.764837 17.525532
v 21.809658 15.574953 17.240023
v 22.664951 15.273115 17.125189
v 23.679684 20.048750 18.203821
v 23.206009 19.948362 17.546236
v 22.181221 22.935209 18.307404
v 22.557955 22.879232 19.032654
v 21.979336 20.001070 17.380939
v 21.899675 22.051737 17.750978
v 23.043379 18.369543 17.130800
v 21.901814 18.500051 17.205652
v 23.036053 17.336519 17.004608
v 21.583237 17.231218 17.135284
v 24.043137 18.109915 17.062647
v 24.681458 18.060755 17.625204
v 22.705719 10.146679 -6.747649
v 21.576880 9.521246 -8.556462
v 22.454252 10.709648 -9.826371
v 24.466394 13.112339 -7.366094
v 24.560356 14.134241 -7.865345
v 24.822121 14.446413 -6.880748
v 24.787323 13.477495 -6.453819
v 24.575470 12.244272 -5.937842
v 23.927208 12.645723 -8.608939
v 24.035557 13.742720 -9.200526
v 22.821398 12.076761 -10.805068
v 22.874779 13.269361 -11.449789
v 21.548044 11.578886 -2.875446
v 21.115204 11.821520 -2.510925
v 20.183668 10.979839 -3.109882
v 20.747572 10.587336 -3.696900
v 20.867432 12.073380 -1.673416
v 19.688274 11.031595 -2.397969
v 19.177292 10.064623 -3.693132
v 19.005646 8.768427 -5.461425
v 20.842569 9.947592 -4.573433
v 19.171644 10.711952 -2.676243
v 19.150301 10.460537 -3.103246
v 16.262224 7.670349 -3.389694
v 16.940004 9.283325 -1.854057
v 15.429472 7.968527 -0.127870
v 15.340660 6.290064 -2.114475
v 17.937872 12.026148 0.250573
v 16.044085 9.517128 0.072396
v 17.112761 9.985559 -1.298674
v 15.384682 9.418621 0.988443
v 14.816662 8.152576 0.809458
v 16.649849 11.210823 2.320584
v 20.165836 11.186159 -1.944407
v 20.351665 11.139526 -1.145798
v 19.204687 11.017263 -1.434149
v 20.533710 10.229927 -0.739417
v 20.207178 10.215088 -0.247980
v 19.808153 11.006613 -0.370716
v 18.905018 11.783131 -0.490513
v 13.118316 22.539984 -22.780222
v 10.879297 22.251177 -24.175585
v 12.130304 20.784708 -23.744083
v 9.339587 21.514170 -25.038805
v 7.808799 26.177702 -24.632959
v 10.540854 19.387526 -24.844835
v 20.950174 8.607668 16.810549
v 21.673761 8.186960 17.662935
v 21.523300 7.592165 17.559538
v 19.921247 7.391823 15.289651
v 21.524561 9.521336 17.279318
v 22.227474 9.042219 17.856125
v 21.543129 6.954927 17.583204
v 22.053457 5.309418 17.820137
v 21.297808 4.941410 15.203595
v 20.397430 6.654505 15.318564
v 14.455708 4.794943 25.224979
v 14.749674 5.511236 23.945612
v 13.885584 4.617205 24.210957
v 13.192518 4.684113 26.025793
v 12.774532 4.760502 25.821882
v 12.388277 4.933584 25.452820
v 12.934870 4.839157 24.162727
v 20.456715 12.758371 -0.402638
v 21.380348 13.068232 -1.863770
v 21.086439 13.764223 -1.051186
v 20.888069 14.600349 -0.391048
v 20.074890 13.737936 0.205701
v 19.580917 12.683836 0.151182
v 20.246183 11.340145 -0.179899
v 20.680811 11.474554 -0.547897
v 17.094048 7.539543 24.084221
v 18.508543 8.378492 22.871752
v 16.844135 8.807468 24.013296
v 17.514397 5.686699 24.511581
v 18.812567 9.386641 22.706390
v 19.427418 10.323315 22.551163
v 16.530825 9.998941 24.165516
v 18.419386 12.506683 23.755455
v 15.725344 11.170853 24.611616
v 16.601505 38.028061 9.643611
v 17.536739 7.767067 -5.775165
v 14.501510 5.346815 -5.522888
v 15.736683 5.646189 -7.720219
v 14.376976 5.241837 -3.098668
v 12.875265 5.070808 -3.206003
v 12.858085 4.302477 -6.164831
v 22.333385 1.277658 18.953295
v 20.851681 0.980772 16.062401
v 21.437517 1.267118 15.523424
v 21.810072 1.560438 15.183228
v 22.871090 1.731495 17.749092
v 22.981153 1.534311 19.310316
v 14.273134 13.001335 24.943129
v 14.196837 11.650724 25.218916
v 16.184278 12.840199 24.414261
v 13.030734 13.438017 25.304146
v 13.037072 12.203814 25.755659
v 18.077242 13.244295 23.793268
v 18.052423 9.788443 -2.927417
v 20.389393 8.922165 -7.058615
v 21.719376 9.688036 -5.705168
v 21.926464 0.771175 20.382458
v 21.158335 0.783577 19.925470
v 19.432381 0.692480 19.433310
v 19.038273 0.858494 16.098341
v 18.199436 10.329348 -2.270263
v 24.191715 18.207235 -0.058351
v 23.979589 17.424772 0.388586
v 23.652498 17.380449 0.022505
v 23.817343 18.324369 -1.387108
v 23.350307 17.235506 -0.284159
v 23.048426 17.205336 -1.067475
v 20.897299 21.166998 20.424425
v 20.421110 20.186071 19.879223
v 21.554123 19.708967 20.237421
v 10.771137 14.753315 26.193830
v 8.811571 15.345055 27.697649
v 10.991926 13.358391 26.864775
v 10.073732 15.495094 26.385313
v 10.622611 15.497305 25.584078
v 10.017653 16.334036 25.749918
v 9.474056 16.373941 26.529305
v 11.256965 14.894089 25.421341
v 8.505369 15.882328 27.635611
v 8.127055 16.613409 27.616985
v 11.117456 10.891062 24.718231
v 11.152973 10.945652 25.854118
v 10.093240 11.368639 26.374662
v 12.054247 10.413263 25.858931
v 12.141171 10.230906 24.624945
v 11.221077 11.050722 26.374411
v 10.684917 11.488367 26.905655
v 24.607197 19.612764 -4.124938
v 24.838846 20.846838 -6.004141
v 24.595470 22.354342 -4.520387
v 24.400898 20.369295 -2.203629
v 24.276756 23.873384 -3.188226
v 24.079699 22.452463 -1.135491
v 23.669693 18.157049 -3.116875
v 21.072372 0.225737 22.968002
v 19.741707 -0.265375 22.995905
v 19.639071 0.197535 21.728205
v 21.143028 0.479645 21.856201
v 20.837612 0.047573 24.017185
v 19.760311 -0.572114 23.817007
v 19.708035 -0.644044 24.624739
v 19.995150 -0.235323 25.273167
v 18.274153 0.892347 19.158510
v 17.937418 -0.251785 22.620958
v 18.149599 -0.814256 23.619568
v 18.357985 -1.238262 24.383104
v 19.019775 13.495224 1.217398
v 19.985071 14.391315 1.064396
v 20.310513 14.735338 1.997802
v 20.801416 14.998657 2.613418
v 21.438951 15.302149 3.208496
v 19.748493 14.143921 4.442662
v 19.216045 13.677288 3.712633
v 17.708038 12.335545 3.823068
v 18.486723 13.076365 5.825035
v 20.960611 0.426720 24.396015
v 21.578215 0.599386 23.579399
v 21.625614 1.001337 23.785744
v 20.951359 0.857689 24.644037
v 21.514730 0.373434 23.310083
v 13.744316 16.858316 18.371027
v 13.305947 18.145098 17.812277
v 12.464304 17.405428 18.827486
v 12.929905 16.856798 18.604961
v 24.315350 14.102816 -4.277294
v 24.121342 13.330053 -3.797187
v 22.774712 13.303822 -2.871520
v 23.546677 12.287933 -3.199750
v 12.129330 3.710041 15.599438
v 12.139847 4.044184 16.316179
v 12.575087 3.740307 16.266634
v 12.797155 3.112453 15.575956
v 11.693680 4.191910 15.674624
v 11.747346 4.465506 16.339222
v 13.527121 1.927534 16.005871
v 12.305412 1.362459 15.917660
v 11.870930 2.255419 15.375180
v 11.472825 3.187742 15.258426
v 11.231421 3.786081 15.322824
v 20.482304 15.959753 20.587069
v 20.839926 17.025785 19.922585
v 19.108021 17.109541 19.226189
v 18.659769 15.950741 19.786560
v 18.525206 14.585283 21.631695
v 17.718472 14.981977 20.599606
v 16.777039 14.559849 21.150892
v 13.261358 18.755674 17.883619
v 12.576447 19.914400 19.414085
v 11.936892 18.320948 19.683308
v 16.445299 0.554945 21.551933
v 15.741353 -0.158146 22.695957
v 15.181276 0.458164 21.291191
v 15.936896 0.825434 20.884342
v 16.135830 -0.586744 23.327782
v 14.579054 1.018303 18.984577
v 15.403973 1.357897 18.886997
v 16.186195 1.472147 18.811605
v 16.801443 1.506582 18.337320
v 18.412868 7.468828 13.815760
v 18.986261 6.887651 13.770316
v 18.971220 6.942047 13.241920
v 18.498308 7.498470 13.180125
v 19.185637 6.887396 12.418575
v 18.699049 7.571146 12.217136
v 17.871788 8.431221 11.939590
v 17.462606 8.282850 13.787405
v 19.382519 6.423813 13.288984
v 19.583244 6.204208 12.617858
v 19.546803 6.319178 13.703759
v 20.319397 4.983746 12.893971
v 21.525938 24.371176 18.976421
v 21.009624 23.460917 17.863359
v 20.188307 24.332850 17.927204
v 20.322538 23.534716 17.423773
v 19.877676 23.991365 16.775604
v 19.566982 25.598116 17.922302
v 19.845972 25.609400 18.803364
v 20.036856 25.923914 19.369738
v 20.304024 25.461969 19.181847
v 20.011946 25.317846 18.753628
v 20.299253 1.070280 13.599843
v 20.352615 1.375660 12.973228
v 20.798008 1.501171 13.433454
v 20.667406 1.213198 13.849250
v 24.869659 17.233759 18.865059
v 25.423325 17.189219 16.917332
v 23.593708 19.964445 19.116901
v 22.992838 19.857210 20.118280
v 24.015102 17.505621 19.948626
v 25.204277 15.893526 19.335579
v 25.812471 14.319881 18.882673
v 24.589783 16.341379 20.008692
v 22.316393 10.539047 -3.603133
v 22.685127 10.970716 -3.216463
v 13.252508 10.898020 5.819678
v 14.854672 11.350405 5.715412
v 14.931581 11.333097 6.295721
v 12.731163 10.469912 6.737049
v 13.393076 10.922308 5.437408
v 14.736622 11.228052 5.135957
v 12.933327 10.597969 4.748402
v 14.147219 10.654869 4.041322
v 12.589319 10.462921 5.064730
v 15.652552 3.512728 13.293467
v 16.509657 2.396296 12.522490
v 16.501774 2.277060 13.087745
v 15.819268 3.025057 13.807599
v 17.570684 1.553677 12.765820
v 16.974958 1.987375 13.490362
v 16.213381 2.703909 14.215985
v 17.848169 3.892479 11.763811
v 17.492794 4.507988 11.798341
v 18.550554 5.008162 12.044695
v 18.756083 4.007669 11.902611
v 20.551590 25.441961 21.727169
v 19.925817 26.168974 22.096903
v 19.381229 25.523638 23.185469
v 20.872423 24.553522 21.706940
v 18.412905 26.989576 23.265842
v 19.222479 27.043497 22.301882
v 20.488577 23.797060 22.435078
v 19.546146 24.366770 23.535889
v 16.701468 22.380373 22.690460
v 14.356165 21.784075 21.661455
v 15.155544 21.362246 20.349854
v 17.424795 22.250418 21.972324
v 16.006645 22.418093 23.400406
v 4.952167 19.849802 29.069557
v 5.638302 18.304617 28.683708
v 7.440149 20.029184 28.913187
v 6.822717 21.128428 29.111776
v 6.945142 18.397905 28.583176
v 14.378490 3.673746 15.922491
v 14.059255 4.198240 18.136723
v 14.493319 5.282080 17.862776
v 14.834620 3.827457 15.415881
v 14.893230 4.400265 15.191313
v 15.274322 3.288097 15.333420
v 14.805933 3.191727 15.631960
v 14.524285 6.356697 0.612478
v 14.222319 5.215540 0.176946
v 23.708813 15.305883 21.107426
v 24.001270 13.645176 20.942360
v 25.073387 14.786306 19.996655
v 24.603014 15.378109 20.430080
v 19.057915 1.128735 12.548498
v 18.716265 1.817291 11.733382
v 19.833817 1.911163 11.888388
v 19.721436 1.178984 12.624645
v 19.646458 0.880899 13.402710
v 18.531618 1.140362 13.587773
v 9.221586 11.811497 27.687902
v 8.739091 11.465178 27.765976
v 9.284114 10.078205 26.541479
v 9.587699 10.302984 26.179678
v 15.105591 10.958055 7.240233
v 13.332661 10.289557 7.563181
v 20.326937 14.661415 4.968340
v 20.861103 15.205105 5.334519
v 17.860226 12.490683 7.685962
v 12.252614 5.364113 2.054726
v 11.562642 7.309351 3.957148
v 10.643584 8.817163 7.482720
v 22.344561 19.696756 4.980274
v 22.203299 20.612558 5.674491
v 21.650581 19.429235 7.206300
v 21.681606 18.364531 6.596766
v 23.093611 21.636251 2.728237
v 21.009987 16.334234 6.922207
v 21.792315 16.778852 5.534722
v 22.367420 18.085146 4.866364
v 23.742027 21.411383 0.570408
v 23.331949 20.388063 2.140385
v 20.794481 18.366476 9.649187
v 20.678598 17.212175 9.158467
v 24.768433 19.012239 1.180419
v 24.332987 19.749685 0.659533
v 23.833183 19.454073 2.111667
v 24.488361 19.007666 2.436847
v 24.504011 18.977613 0.154764
v 24.269266 19.036539 -0.723922
v 24.331831 20.087172 -0.635901
v 10.023710 9.100748 11.550910
v 9.923025 8.688059 13.710587
v 9.156228 7.781492 13.261923
v 8.948189 7.884035 11.464395
v 9.978585 8.262808 14.169093
v 9.338642 7.522703 13.773594
v 10.115856 9.898170 14.261588
v 10.003184 9.212545 14.698194
v 10.044477 8.693064 14.997332
v 16.399082 3.543081 11.534060
v 17.051907 2.738531 11.521977
v 15.205210 4.658878 12.777374
v 15.849966 4.528933 11.441183
v 17.029480 1.619316 17.465971
v 16.116131 2.014160 17.170837
v 16.534285 2.110342 16.695381
v 16.843784 2.087828 16.380859
v 17.362150 1.970161 15.557137
v 17.848534 1.474308 15.921803
v 17.344023 1.524918 17.229803
v 20.344610 20.266966 -15.644690
v 20.748209 16.765791 -15.209317
v 20.194822 23.761480 -15.132825
v 15.366219 20.598131 -21.286367
v 16.868622 18.737700 -19.988335
v 14.081932 18.596373 -22.582001
v 15.317457 16.776392 -21.595873
v 16.232914 26.416857 -19.064753
v 18.115513 15.650450 -18.539824
v 16.429516 14.159760 -20.255997
v 12.490175 8.727095 3.361769
v 21.795563 15.535166 3.820167
v 22.106237 15.859348 4.243869
v 22.590797 16.098253 1.955639
v 23.630396 16.140779 2.380224
v 23.297840 15.991781 3.161580
v 22.030878 16.030500 1.562039
v 23.278563 16.115664 3.605015
v 23.344528 16.379232 3.934979
v 13.124504 9.621141 3.198374
v 12.204376 3.534191 -15.736866
v 10.939967 2.341541 -14.083237
v 11.362009 3.310759 -16.453747
v 9.742360 1.944876 -14.569449
v 21.692310 12.640001 -2.412925
v 22.093269 12.279741 -2.704191
v 18.530407 -1.276988 25.455750
v 17.177452 2.223593 15.203198
v 17.828304 1.655191 14.755564
v 16.954914 2.424347 14.849293
v 17.652988 1.777203 14.256328
v 15.081225 5.140186 -13.952997
v 14.206843 3.734718 -12.047070
v 13.046114 2.734255 -9.750841
v 10.002835 1.229691 -10.047038
v 23.376154 10.230843 -4.000838
v 23.655703 10.486271 -3.651438
v 23.987926 10.790579 -3.703914
v 23.123692 11.478210 -3.098266
v 23.939859 10.479889 -4.404092
v 21.592751 0.417933 22.897827
v 21.762817 0.579681 21.993389
v 8.827971 12.160179 28.441687
v 8.516853 12.095087 28.635530
v 24.977041 18.172018 1.035648
v 24.786926 17.398180 1.150092
v 26.736015 12.996498 17.614408
v 27.084835 14.905771 15.819178
v 26.904902 12.125748 16.996897
v 27.520168 14.020258 15.178888
v 26.091654 16.691595 15.957107
v 26.427074 16.668859 15.112448
v 27.590328 15.345068 13.581294
v 27.172474 16.086020 14.014240
v 24.349934 11.178331 -4.937074
v 15.534976 4.929974 25.545683
v 14.771991 4.446543 25.978018
v 15.022632 3.766304 26.181549
v 15.947239 6.095964 25.040428
v 18.568066 -0.803759 26.402479
v 19.267326 21.169817 20.295803
v 18.362576 20.405149 19.652100
v 18.150955 21.831354 21.087732
v 19.104679 18.521265 19.004622
v 20.660990 18.454531 19.548544
v 2.212996 16.028624 -26.860331
v 0.918653 18.849829 -26.671350
v 3.014297 19.683088 -26.709574
v 4.319059 16.883867 -26.868502
v 5.200169 15.088142 -26.695709
v 6.057975 13.374954 -26.345558
v 3.925217 12.422644 -26.385187
v 3.079977 14.186371 -26.713905
v 6.738093 15.901304 28.487692
v 7.309406 16.042250 28.328873
v 7.004770 16.693071 28.215137
v 6.479292 16.433046 28.274302
v 7.565457 15.543865 28.457193
v 13.969045 -1.149728 23.197794
v 13.541998 -0.457285 21.641628
v 9.390719 4.487707 -1.362425
v 12.240146 4.897835 -0.851622
v 11.386043 4.811337 0.270903
v 9.627058 4.405073 0.657453
v 9.745778 4.372210 1.961402
v 11.746206 4.682556 1.183031
v 13.232865 4.642195 26.510220
v 13.281689 4.377178 26.991631
v 14.548300 4.761686 25.612986
v 9.312894 4.207293 -3.406655
v 9.646558 2.956404 -6.506713
v 13.467801 4.699009 -0.417373
v 14.385025 3.974955 -8.938208
v 15.555263 4.824299 -11.161910
v 17.266352 6.319658 -9.971024
v 18.232153 7.361397 -11.938629
v 18.933811 7.708998 -8.629610
v 20.036287 8.557117 -10.390240
v 20.592018 9.734884 -12.207285
v 18.737106 10.480309 -15.887115
v 18.695143 11.847233 -16.749636
v 17.067970 7.858358 -15.492271
v 17.184210 9.599535 -17.168306
v 17.063406 10.897919 -18.157408
v 21.167732 12.806046 -13.905352
v 21.063568 14.290293 -14.486429
v 22.769495 14.673950 -11.982534
v 22.240646 19.979010 -12.878840
v 23.996393 15.020466 -9.660872
v 23.725281 19.751711 -10.186956
v 22.062819 22.930784 -12.531738
v 23.640791 22.286589 -9.780272
v 24.527477 19.485945 -8.384136
v 24.903988 19.137293 -6.977212
v 24.485903 21.645315 -7.797227
v 24.745918 18.516897 -5.448478
v 24.735924 16.976641 -5.936423
v 23.777092 17.544649 -4.059751
v 23.930616 16.577868 -4.457235
v 22.462185 16.790926 -2.332864
v 22.470249 16.307604 -2.909835
v 21.954861 16.242533 -0.532785
v 21.536507 15.586214 -1.308729
v 22.569962 16.642450 0.273953
v 21.074583 15.373627 0.340158
v 23.372772 16.736696 1.032585
v 22.952629 16.739374 0.685868
v 24.249554 16.648905 1.599985
v 25.527996 16.275057 3.751690
v 24.819210 16.150431 3.068360
v 25.382576 16.610857 2.458670
v 26.075552 16.732500 3.254167
v 25.710026 17.436934 2.178061
v 26.226469 17.570890 3.033987
v 26.517254 17.814253 3.991080
v 26.613695 17.457071 5.174329
v 26.427092 17.062025 4.171682
v 26.332874 18.518057 3.876839
v 26.079254 18.327799 2.991887
v 25.717846 18.215223 2.163561
v 25.956623 19.016954 3.883965
v 26.135069 19.205454 4.863770
v 25.737110 18.853559 3.081769
v 25.451187 18.776060 2.393169
v 25.406286 19.037924 4.128209
v 25.626839 19.175215 5.022962
v 25.167635 18.928694 3.443805
v 24.920824 18.902617 2.928518
v 25.047850 18.749380 4.419286
v 25.332405 18.867212 5.201587
v 24.751976 18.655630 3.865180
v 24.569294 18.332140 4.142488
v 24.905468 18.448618 4.615528
v 25.225863 18.583380 5.323459
v 24.078585 18.639570 3.186729
v 23.823011 18.222364 3.669780
v 24.266544 18.270060 3.858810
v 24.485973 18.626307 3.496650
v 24.860422 17.933252 4.826851
v 25.193743 18.134726 5.475885
v 24.497284 17.741983 4.400489
v 24.135269 17.615580 4.157321
v 23.567841 17.449945 4.070453
v 23.157330 18.157946 3.845351
v 22.735741 17.162436 4.422062
v 24.142372 17.033323 4.226773
v 24.207335 16.720327 4.129078
v 24.712648 16.952765 4.472373
v 24.582806 17.231874 4.507938
v 23.411804 16.740984 4.121698
v 22.359997 16.291864 4.498700
v 24.977470 17.487429 4.961849
v 25.315434 17.739065 5.605649
v 25.134251 17.245317 4.978549
v 25.476126 17.526674 5.646624
v 25.314629 17.009787 4.909138
v 25.536295 16.805231 4.779267
v 25.871756 17.203207 5.531332
v 25.658739 17.347506 5.612553
v 24.870342 16.668016 4.346159
v 25.081295 16.424585 4.146152
v 24.298386 16.433550 3.928638
v 24.445192 16.218592 3.635278
v 25.960892 16.653978 4.521644
v 26.246468 17.098833 5.376224
v 26.511719 17.420916 6.313561
v 26.149637 17.460451 6.399655
v 26.379129 17.512701 7.371420
v 26.744221 17.540995 7.331140
v 26.812382 17.776415 6.225181
v 26.994404 17.918180 7.340440
v 27.131542 17.781553 8.535955
v 27.256397 17.404692 9.793320
v 27.102657 16.971968 9.592785
v 26.931353 17.378992 8.427725
v 27.058689 18.300245 8.682597
v 27.121103 17.918570 10.023262
v 26.970766 18.462763 7.387184
v 26.842983 18.355070 6.172919
v 26.855431 18.804930 8.811068
v 26.865238 18.414396 10.207832
v 26.797209 19.004297 7.423462
v 26.679903 18.941282 6.092900
v 26.455109 19.153845 8.893192
v 26.437868 18.764311 10.333502
v 26.414539 19.374155 7.458792
v 26.297951 19.357958 6.085502
v 25.990295 19.047251 8.882283
v 25.965166 18.652918 10.301302
v 25.951233 19.272963 7.484634
v 25.819174 19.284441 6.169937
v 25.790714 18.723581 8.827740
v 25.794371 18.312864 10.196964
v 25.723791 18.954679 7.493102
v 25.664446 18.692125 7.493937
v 25.763752 18.458189 8.779816
v 25.803755 18.034136 10.110703
v 25.564253 18.969362 6.255352
v 25.481867 18.699118 6.312385
v 25.823977 18.077303 8.701258
v 25.914232 17.642202 9.975513
v 25.678204 18.306318 7.487826
v 25.467093 18.292418 6.387642
v 25.969830 17.722742 8.612232
v 26.093399 17.279669 9.828415
v 25.800770 17.949736 7.471565
v 25.951942 17.751371 7.449222
v 26.124851 17.523066 8.547630
v 26.262722 17.075262 9.727343
v 25.586491 17.924154 6.455775
v 25.742290 17.724016 6.476246
v 26.330219 17.372427 8.482581
v 26.483322 16.918982 9.632095
v 26.147964 17.601568 7.411953
v 26.569599 17.296103 8.433803
v 26.736183 16.847349 9.569196
v 25.930492 17.569029 6.451037
v 26.365902 16.444845 10.944660
v 26.614380 16.278532 10.829266
v 26.894249 16.204966 10.760307
v 27.287121 16.357012 10.817736
v 27.037285 14.647081 13.039011
v 27.503304 14.800291 13.155190
v 27.351103 13.444197 14.657778
v 26.810436 13.393164 14.520937
v 27.401020 16.826071 11.093536
v 26.530060 11.659859 16.437435
v 25.915422 11.826481 16.262941
v 25.426056 10.614294 17.611465
v 24.608963 11.067572 17.314346
v 25.902760 10.864145 18.168789
v 24.611603 9.893654 18.973324
v 24.196381 9.745411 18.300825
v 25.935648 11.649662 18.745045
v 24.695232 10.517441 19.577662
v 25.721224 12.373056 19.104189
v 24.602980 11.148237 19.911959
v 25.406048 13.226425 19.539316
v 22.737072 9.862207 20.613331
v 22.895512 9.333279 20.193335
v 22.008661 12.377506 21.896708
v 21.733013 13.548328 22.440275
v 19.743111 13.178854 23.351562
v 21.355833 14.357388 22.615387
v 22.523743 15.874735 21.564375
v 19.325554 13.830379 23.269421
v 20.857697 14.915949 22.379059
v 21.972630 16.257769 21.279522
v 22.158234 17.064577 20.704647
v 22.784126 16.868185 20.938427
v 20.191483 15.104582 21.713675
v 18.881239 14.280291 22.571936
v 17.778290 13.760233 23.281965
v 15.997932 13.314880 24.033211
v 15.358643 14.206556 21.977419
v 13.766159 14.875538 21.170853
v 13.207611 15.234428 21.019293
v 14.705778 15.104097 20.411688
v 12.130280 14.437119 24.520250
v 12.628950 15.603512 20.985085
v 12.134832 15.899626 21.201488
v 11.726856 16.129171 21.495270
v 11.547883 16.875521 21.220032
v 10.868847 16.586569 23.048250
v 11.284646 15.827988 23.078257
v 11.271342 17.727610 21.376204
v 10.603463 17.393705 23.144836
v 11.257592 18.680635 21.505354
v 11.100315 18.153589 21.685577
v 11.466811 19.624117 21.527992
v 10.778622 19.385870 23.621201
v 12.111298 20.794615 21.632212
v 11.579390 20.329313 22.018164
v 11.116879 20.159803 23.924942
v 15.375490 18.234900 18.031351
v 15.230171 19.107458 18.053486
v 15.615191 20.294256 19.312456
v 15.121529 16.946741 18.399025
v 17.435446 18.530252 18.585423
v 17.382946 17.465086 18.716339
v 17.810762 17.962656 18.648581
v 19.201027 17.817469 19.051500
v 16.959549 16.426832 19.107157
v 16.733469 15.467562 19.712950
v 15.908065 15.354219 19.865627
v 17.030006 19.610430 18.781610
v 17.006401 22.914095 24.985813
v 18.906717 22.748461 23.052074
v 19.778301 22.343321 21.777138
v 20.325243 22.715113 22.067438
v 19.352148 23.163919 23.380850
v 20.398840 21.864668 20.862896
v 20.984110 22.214945 21.179150
v 21.482212 21.511728 20.760696
v 21.494661 22.834505 21.107962
v 22.082567 21.966383 20.554548
v 22.223719 19.752329 20.475052
v 22.685560 18.193007 20.498470
v 21.957121 18.287767 20.256828
v 22.096066 17.654917 20.432983
v 22.781826 17.524508 20.664970
v 20.808226 17.730776 19.664497
v 22.497042 22.500292 19.836496
v 21.854755 23.613691 20.545824
v 21.895239 24.197374 19.734142
v 20.986626 22.027483 17.429724
v 20.846285 20.091990 17.021265
v 20.721266 18.793436 16.762857
v 20.477886 17.694292 16.570776
v 20.071905 16.654131 16.420399
v 21.061459 15.981718 17.117105
v 20.397453 14.641779 17.028009
v 19.426863 15.445765 16.191200
v 19.210007 13.017696 16.654697
v 18.252960 13.872173 15.681985
v 17.912273 12.264494 16.021048
v 17.319103 12.899324 15.180139
v 18.017508 11.724815 16.029198
v 16.780739 12.372036 14.817242
v 17.041161 11.135866 15.391924
v 16.627085 10.751068 15.042585
v 16.986740 9.615625 14.724448
v 18.094688 8.869865 14.896358
v 20.268906 9.074495 16.379297
v 19.231134 8.036020 15.118549
v 20.909437 9.933201 16.952566
v 15.997667 10.562706 13.948290
v 16.604164 10.757837 11.453425
v 16.146500 10.850359 12.759011
v 16.524719 12.199358 13.227315
v 17.057467 12.183878 11.703655
v 16.888708 12.733120 13.591662
v 16.360826 11.897230 14.454624
v 17.328714 13.322313 13.959185
v 17.822710 13.405907 12.499237
v 18.428528 14.498137 13.087906
v 18.073200 14.349426 14.512552
v 19.133860 16.106413 13.749516
v 19.035551 15.907434 15.146915
v 19.584015 17.363199 14.123431
v 19.611177 17.086687 15.463058
v 19.810064 16.473948 11.449183
v 19.283432 14.814838 10.922795
v 18.713081 13.674423 10.457403
v 18.261829 13.013018 10.081582
v 20.435509 15.155005 6.902368
v 20.059654 17.746416 11.904278
v 20.216244 19.137106 12.420364
v 19.903242 18.604555 14.499228
v 19.992680 18.150595 15.724223
v 20.224838 19.260378 16.011950
v 20.314472 20.488752 16.347620
v 20.099020 19.823446 14.894360
v 20.151985 21.064455 15.329701
v 20.350744 22.229967 16.881657
v 20.056988 22.756182 16.055782
v 20.115133 23.473845 14.707010
v 19.805670 24.734274 15.563854
v 20.310539 21.792459 13.688650
v 21.148802 23.550467 9.906358
v 20.310549 20.500498 13.009466
v 21.415224 24.472940 8.582581
v 22.572128 23.862696 4.536999
v 21.749870 26.150229 6.699766
v 23.001842 25.936903 2.546179
v 23.546606 26.653273 -0.777288
v 23.101406 27.894793 0.452873
v 23.716393 27.204985 -4.152098
v 22.931612 28.846628 -6.355323
v 22.568026 30.230082 -5.092824
v 23.318344 28.516565 -2.966817
v 24.081894 25.435602 -5.546483
v 23.261631 26.860353 -7.823704
v 21.641710 28.569193 -10.626152
v 21.308620 30.926371 -9.078908
v 23.458927 24.663244 -8.966292
v 21.891102 25.850813 -11.784056
v 20.034117 27.115335 -14.264271
v 19.717806 30.234655 -13.056065
v 17.451498 31.936255 -15.223313
v 15.984433 29.830462 -18.051090
v 15.534451 33.171669 -16.732929
v 13.165599 31.262964 -19.952389
v 12.621743 34.604942 -18.513668
v 13.499132 27.934504 -20.996525
v 10.834114 28.844397 -22.406294
v 10.385335 32.203270 -21.283850
v 7.146276 29.573629 -23.816673
v 6.539025 32.998138 -22.519720
v 4.524609 29.730829 -24.356728
v 3.763663 33.143784 -22.927332
v 5.420135 26.168344 -25.269024
v 3.018610 25.937071 -25.658213
v 1.896597 29.580923 -24.651482
v 0.668030 25.355684 -25.747322
v -0.667057 28.957891 -24.675800
v 5.158735 20.342993 -26.485481
v 7.304890 20.908743 -25.883919
v 6.457039 17.644777 -26.555401
v 8.559940 18.429422 -25.829155
v 7.352946 15.950520 -26.326813
v 8.228121 14.339693 -25.931564
v 10.348207 15.468735 -25.079971
v 12.341273 16.846018 -23.945080
v 13.521433 14.964010 -23.060762
v 11.538306 13.412306 -24.234453
v 14.658431 12.564484 -21.715580
v 12.744366 11.042364 -22.869446
v 15.135094 10.891909 -20.386015
v 13.283451 9.557585 -21.442516
v 16.890621 12.188519 -19.076473
v 15.568680 8.587780 -18.213963
v 13.897897 7.488348 -19.078175
v 12.636187 4.977972 -17.849924
v 10.890975 4.027863 -18.178974
v 10.247111 5.273533 -20.185093
v 8.927869 3.078260 -18.143377
v 8.216567 4.242237 -20.262465
v 7.200039 6.003027 -22.730898
v 9.325035 7.040787 -22.716600
v 6.400880 7.471706 -24.185911
v 8.580307 8.477270 -24.194063
v 5.090417 10.046150 -25.616293
v 7.241018 11.037304 -25.574469
v 9.422193 12.107971 -25.130077
v 10.718303 9.643373 -23.770432
v 11.362114 8.233919 -22.290834
v -1.611620 24.478918 -25.646088
v -3.148518 27.982416 -24.537970
v -4.519529 31.211260 -22.954056
v -1.848660 32.254906 -23.102177
v -5.735678 34.176994 -20.964533
v -2.935450 35.265755 -21.132378
v -6.825996 36.942795 -18.565756
v -4.022270 38.077919 -18.744476
v -4.786955 40.032928 -16.627415
v -5.329739 41.635277 -14.136137
v -5.721241 42.939148 -11.469761
v -8.705536 42.747208 -8.467189
v -5.974276 43.894920 -8.660493
v -8.771168 44.082916 -1.596442
v -8.541746 44.307365 2.538030
v -7.962456 43.985443 7.865325
v -7.433214 43.418884 11.164998
v -6.674904 42.333710 14.320018
v -5.823294 40.996956 17.184036
v -4.902458 39.448120 19.685843
v -3.920198 37.728706 21.967651
v -2.850687 35.776596 23.992083
v -1.750048 33.708794 25.736692
v -1.004723 32.268639 26.688643
v 0.134981 30.005514 27.793743
v 3.252068 28.492308 28.385883
v 1.301718 27.631155 28.593973
v 4.868848 24.966490 28.967791
v 4.182274 21.539087 29.246355
v 6.018337 22.587168 29.161379
v 7.797005 23.781012 29.021481
v 8.495255 22.598459 29.136986
v 10.182323 23.912939 28.811762
v 6.741144 25.937647 28.689800
v 9.081585 21.765062 28.993668
v 10.580383 23.133745 28.733225
v 12.015576 24.882601 28.149746
v 12.277224 24.087751 28.133902
v 10.961371 22.298338 28.301943
v 12.444407 23.267500 27.898623
v 15.021999 24.703348 26.842583
v 14.815624 25.469954 26.686934
v 15.113691 23.982233 26.853550
v 15.006640 22.986654 26.596018
v 17.363192 24.642805 25.586004
v 17.301199 23.364054 25.428890
v 14.883446 22.542521 26.070768
v 18.416889 23.331491 24.434402
v 18.553556 24.586336 24.568382
v 11.465994 20.976984 26.837120
v 11.345518 21.366167 27.491901
v 10.282061 20.355066 27.440924
v 10.528355 20.060797 26.722790
v 9.570064 19.276022 27.269018
v 9.931674 19.085520 26.508141
v 9.677966 21.055166 28.453634
v 8.751029 19.679701 28.328020
v 9.197332 18.223246 27.028782
v 7.985946 17.778185 27.858700
v 9.132991 17.630430 26.828672
v 7.944687 17.270140 27.686296
v 9.183422 17.107836 26.654961
v 6.774902 17.763533 28.384342
v 6.815879 17.278723 28.228426
v 6.161269 17.118158 28.339415
v 5.954908 17.583735 28.460339
v 9.700815 17.087172 25.926125
v 9.603346 17.587004 26.084244
v 9.616985 18.130743 26.258467
v 10.165950 19.119913 25.619074
v 10.863967 15.532558 24.783379
v 12.073970 14.296108 25.162485
v 13.056444 13.773048 24.861040
v 14.186827 13.395432 24.570576
v 11.866194 14.032110 25.735687
v 17.005915 25.816889 25.288450
v 18.197870 25.782545 24.292086
v 17.490412 27.006338 24.117495
v 14.844101 31.737268 23.117878
v 13.916056 31.703787 23.884935
v 15.649864 31.716379 22.409307
v 13.890094 33.737854 22.344034
v 12.917026 33.771347 23.133558
v 17.426645 31.031790 20.227011
v 18.558302 28.768927 21.069109
v 19.625809 27.135820 21.308224
v 19.738199 27.009069 20.289040
v 18.896811 28.320528 19.965208
v 20.237005 26.314024 20.208267
v 20.703482 25.666288 19.890539
v 20.883209 25.555391 20.764330
v 19.703770 26.444815 19.392134
v 19.319614 26.403028 18.320452
v 19.677027 25.915022 18.858175
v 18.977961 27.314898 17.284950
v 18.528152 28.583139 18.004463
v 19.294832 26.462751 16.773762
v 18.419369 29.472334 16.948610
v 18.459961 30.469297 15.618477
v 20.444338 29.253290 10.214904
v 19.976261 30.112516 11.091917
v 21.023651 25.958250 9.984476
v 21.071110 29.875532 7.535455
v 21.055645 31.638975 5.886318
v 20.464739 34.776001 1.511837
v 21.198240 32.883286 2.949349
v 22.329311 30.929480 -0.336633
v 21.624386 32.745636 -2.285480
v 20.170092 35.092804 -4.494126
v 21.006346 32.447227 -7.701719
v 18.980343 34.715591 -9.936751
v 18.639029 36.175476 -8.214467
v 19.301722 32.980362 -11.429934
v 16.956970 34.901726 -13.495944
v 16.575560 36.841705 -11.889775
v 14.968134 36.228493 -14.896893
v 14.548576 38.266579 -13.199114
v 13.519702 37.006943 -15.765077
v 13.082978 39.082001 -14.006615
v 11.961694 37.715752 -16.544132
v 11.504599 39.798843 -14.727393
v 8.910136 38.734940 -17.570011
v 8.369311 40.768806 -15.660154
v 9.718277 35.594696 -19.695229
v 5.724953 36.374352 -20.763012
v 4.673246 39.483330 -18.500853
v 2.868252 36.377510 -21.081318
v 1.752071 39.379456 -18.780954
v -0.046368 36.035255 -21.198513
v -1.158215 38.928345 -18.850409
v 0.931911 32.943787 -23.120621
v -1.965122 40.913826 -16.743053
v 0.955046 41.370934 -16.707434
v 3.955032 41.473099 -16.484060
v 0.410112 43.033775 -14.306868
v 3.420187 43.117462 -14.203548
v 7.848864 42.473732 -13.499056
v 2.989498 44.472839 -11.687445
v 7.332341 43.879158 -11.112526
v 2.610931 45.470520 -8.926357
v 6.805431 44.914536 -8.480973
v 11.024433 41.564545 -12.632565
v 9.888489 44.028885 -7.814476
v 10.483242 43.000366 -10.324862
v 6.123227 45.833000 -4.772861
v 9.148336 44.931595 -4.338310
v 12.130524 42.270126 -9.746772
v 12.651497 40.834892 -11.967657
v 11.541057 43.296158 -7.341353
v 13.113430 42.420692 -6.809515
v 13.678467 41.392769 -9.099191
v 14.164973 39.975517 -11.223103
v 12.428156 43.318756 -3.603817
v 14.602343 41.801216 -2.872586
v 15.275127 40.836349 -5.858358
v 13.580412 42.687866 2.484026
v 16.971222 39.489738 -1.619846
v 15.814980 40.472961 3.287067
v 13.314225 42.782967 4.021870
v 19.505987 35.659256 4.417993
v 20.289124 33.927170 5.529692
v 20.709036 33.507095 4.452536
v 19.786978 34.362770 6.631205
v 20.115753 32.810783 7.910365
v 16.873169 37.170853 10.906910
v 17.106123 36.213493 12.185655
v 19.592628 32.154434 10.359643
v 20.134352 31.370665 9.424143
v 15.711334 37.292381 14.834035
v 15.983202 36.118225 16.128565
v 15.438179 38.317169 13.462358
v 18.623264 32.321777 13.144851
v 19.483301 30.985079 11.936745
v 17.477398 32.311462 16.893093
v 16.496496 33.945625 18.197418
v 17.674274 31.218191 18.066183
v 15.218424 35.013298 19.551683
v 13.976409 35.476273 20.606611
v 12.814350 38.322838 18.490761
v 13.843790 39.011986 16.064175
v 12.182587 39.883286 16.970840
v 13.409365 40.202057 14.434056
v 11.644091 41.226372 15.152454
v 13.057192 41.166306 12.615311
v 11.211532 42.310287 13.103934
v 15.198219 39.207138 11.930368
v 12.824020 42.432892 8.510960
v 10.882230 43.742027 8.532744
v 8.011440 45.009476 8.802852
v 8.162355 45.555840 3.541271
v 11.277115 44.137741 3.680076
v 5.216655 46.312111 3.724349
v 5.479879 46.317436 -0.035293
v 1.751001 46.712440 -2.033759
v 1.570196 46.815956 -0.001010
v 1.446035 46.815994 2.043083
v 2.105785 46.353844 -5.043418
v -0.677025 46.148163 -4.983782
v -0.915623 46.483208 -1.975281
v -0.299429 45.329498 -8.865380
v -3.177938 44.815399 -8.777652
v -3.452688 45.618027 -4.880501
v -2.904774 43.882393 -11.601185
v -2.515600 42.560921 -14.271899
v 0.012049 44.378387 -11.678198
v -3.580814 45.944183 -1.868170
v -3.602106 46.071541 2.252630
v -1.089914 46.594543 2.152401
v -3.394663 45.579956 7.555936
v -1.021196 46.078224 7.372416
v 1.428305 46.339943 7.095721
v 1.385757 46.708099 4.093137
v -0.770397 45.460945 10.408053
v 1.639317 45.758186 9.981380
v 5.285819 45.594955 9.264888
v 2.153202 44.866913 12.740752
v 8.580513 43.342056 13.848984
v 6.117137 43.737007 14.534928
v 6.765645 42.380096 16.964888
v 9.126426 42.085793 16.163378
v 9.917562 42.894455 13.466097
v 10.405677 41.721382 15.659865
v 3.598343 42.294853 17.918495
v 4.407129 40.649971 20.227091
v 7.479508 40.792168 19.170744
v 2.830181 43.726601 15.412070
v 9.765859 40.560211 18.230509
v 8.327577 38.997871 21.032860
v 10.540342 38.841064 19.925301
v 9.270103 37.091782 22.620094
v 6.361290 36.736115 23.937647
v 7.075452 35.305786 24.885235
v 9.937444 35.754990 23.495113
v 5.337046 38.766373 22.221157
v 11.392286 37.029686 21.364180
v 11.991609 35.765526 22.165434
v 10.953252 33.651604 24.530212
v 11.999924 31.495649 25.294071
v 9.175567 30.839125 26.790661
v 8.125722 33.080841 25.995064
v 7.190283 30.116934 27.508362
v 3.080256 33.998184 26.047560
v 4.155479 31.688932 27.202902
v 2.344919 35.469818 25.088261
v 1.261526 37.549080 23.367371
v 3.306013 38.241104 22.849848
v 0.242880 39.481308 21.368805
v 2.328491 40.159363 20.846863
v -0.660250 41.198380 19.048031
v 1.461756 41.847549 18.515945
v -1.559765 42.705093 16.529011
v -2.407185 43.950867 13.748728
v 0.618555 43.316170 15.994307
v -0.158377 44.505234 13.275586
v -3.083199 44.963806 10.746984
v 5.213829 29.322599 28.050583
v 18.012249 30.080076 19.051380
v 20.644276 30.597395 8.471632
v 18.932281 37.149452 -0.139348
v 17.684740 38.481499 -4.376333
v 18.208849 37.452904 -6.357325
v 16.229757 38.447830 -10.006327
v 15.795849 39.803070 -7.995073
v 17.791491 12.429914 9.685471
v 17.325941 11.854158 9.291219
v 21.828024 8.558319 20.344881
v 20.916872 8.504305 20.951603
v 21.349524 8.047760 20.390724
v 21.009972 7.538343 20.495275
v 20.538349 7.944265 21.101711
v 19.873358 8.485462 21.772770
v 19.694717 7.722458 21.961605
v 20.339642 7.329605 21.309736
v 20.300648 6.624348 21.587976
v 19.700890 6.884272 22.230085
v 20.095303 5.330475 22.824591
v 20.640118 5.240063 22.194815
v 20.270260 2.511522 24.550592
v 21.233480 2.556087 23.771458
v 19.536608 1.420340 25.853519
v 20.742752 1.522177 24.706030
v 17.657398 0.981430 26.809000
v 16.078951 0.459501 27.357958
v 15.486891 1.941183 26.800774
v 15.171165 3.100807 26.375500
v 16.541241 -0.439411 27.490833
v 18.122177 0.151236 26.895292
v 13.985242 -0.464037 27.594788
v 13.153907 1.161777 27.052698
v 14.703443 -2.051826 27.604143
v 16.879185 -0.970761 27.364426
v 14.902710 -2.560206 27.322544
v 17.150740 -1.442513 27.022684
v 15.082054 -3.074534 26.534277
v 17.268946 -1.960048 26.082850
v 15.021958 -3.090261 25.603605
v 17.143394 -1.973374 25.027044
v 14.807126 -2.716652 25.068787
v 16.910912 -1.570654 24.436640
v 16.696758 -1.225944 24.077942
v 14.442728 -2.031008 24.354023
v 16.445509 -0.919070 23.748829
v 18.395683 -0.354710 26.754005
v 20.030731 0.174068 25.618715
v 19.926956 0.645672 25.831236
v 21.538086 1.620316 23.867670
v 22.055119 1.737381 23.276106
v 21.766722 2.668228 23.183292
v 22.392723 1.809919 22.477455
v 22.091829 2.699638 22.405184
v 22.099989 1.123112 23.178354
v 22.421904 1.205812 22.365168
v 22.701420 1.293016 20.957001
v 22.725628 1.882072 21.123884
v 22.231382 0.863491 22.207176
v 22.478313 0.975168 20.774502
v 21.963078 0.761217 23.012653
v 23.161089 2.078131 19.511740
v 23.163385 2.217241 17.794485
v 23.122154 2.989250 17.920940
v 22.994726 2.910021 19.711426
v 22.460608 2.723839 21.172630
v 21.991718 5.433327 19.060343
v 22.877274 3.588602 17.982775
v 21.351952 6.029202 19.946545
v 21.765574 5.856958 19.271660
v 21.391953 6.605259 19.796282
v 21.781700 6.920549 18.793665
v 21.908598 7.444872 18.741751
v 21.533602 7.125124 19.697697
v 21.780663 7.616144 19.637896
v 22.138969 8.106588 19.608904
v 22.142876 7.959616 18.725056
v 22.806286 8.713413 18.670422
v 22.997574 8.839378 19.497337
v 23.453753 10.185516 17.801147
v 22.058668 3.316423 14.968122
v 22.196093 2.738523 14.912430
v 22.101456 2.005812 14.980716
v 21.094814 2.257977 12.916799
v 20.577675 2.122593 12.330318
v 19.842838 2.833897 11.739446
v 18.819469 2.684916 11.580193
v 19.747118 4.230118 11.953695
v 20.609093 3.042351 12.151233
v 20.278658 4.309975 12.321111
v 21.139376 3.177713 12.822397
v 19.594145 5.320433 11.940945
v 19.339949 6.011637 11.817179
v 18.968447 6.724976 11.650818
v 17.630590 7.033033 11.836794
v 16.870312 8.013279 11.380485
v 17.689198 8.310888 11.196483
v 18.498608 7.432230 11.479870
v 18.057184 6.329714 11.980212
v 16.555506 6.410597 11.652619
v 16.998501 5.290770 11.711097
v 15.883251 7.512920 11.198163
v 17.435349 5.198025 12.002640
v 18.349985 5.648643 12.046501
v 15.305013 7.095835 10.602091
v 16.498857 4.875143 11.234323
v 14.636490 6.932533 10.750435
v 17.009188 3.969904 11.340636
v 17.573381 3.319162 11.418574
v 14.117423 7.122982 11.927818
v 13.469320 8.305870 11.676640
v 13.964762 8.043119 10.402078
v 14.714676 5.820026 12.350069
v 13.872437 7.437811 14.020872
v 13.195198 8.583361 13.970169
v 14.430757 6.223635 14.289192
v 14.753149 5.262802 14.713251
v 13.718665 7.819429 17.498451
v 13.990115 4.517910 21.617168
v 14.531982 5.533735 21.550632
v 13.030081 4.115274 18.328661
v 13.019846 4.585739 21.667370
v 13.877937 3.555056 16.119076
v 13.263074 3.556837 16.199251
v 11.982898 4.757740 18.419680
v 11.411557 4.975477 16.304289
v 11.353748 4.730553 15.666536
v 10.708214 6.337360 16.003561
v 10.372930 7.148512 15.725371
v 10.674645 6.083298 15.383772
v 10.340416 6.860647 15.084689
v 10.314995 5.732929 14.987514
v 9.952338 6.451492 14.696230
v 10.159710 7.969612 15.364684
v 10.113268 7.620373 14.653708
v 9.615632 7.063852 14.271735
v 10.966578 4.376020 15.291283
v 11.381425 10.286259 13.888193
v 11.565666 9.898159 11.466580
v 12.585161 9.329969 11.542126
v 12.024103 9.697056 8.990717
v 13.062113 9.143877 9.941605
v 13.513433 8.654608 10.174190
v 13.025472 8.886814 11.591266
v 13.969830 9.878048 8.542536
v 14.401369 9.480158 9.263878
v 13.693757 9.132082 9.395856
v 12.629178 9.750696 8.375043
v 14.155836 8.650661 9.789606
v 14.615700 8.083681 10.136442
v 14.801756 9.024157 9.915415
v 15.207005 8.491539 10.494396
v 15.394055 10.305279 8.374110
v 15.636269 9.791262 9.199549
v 15.864714 9.325411 9.966626
v 16.162094 8.852108 10.638689
v 16.980259 8.959152 10.767731
v 16.775047 11.656620 7.438738
v 16.648991 10.946589 8.766169
v 16.770630 10.219032 9.957042
v 13.158015 9.241745 21.655985
v 12.679966 9.837408 21.721552
v 13.897802 7.980980 21.576120
v 14.284754 7.939951 23.910608
v 12.073533 5.280037 21.584761
v 10.453351 8.249252 21.597157
v 10.238901 8.817186 21.612480
v 10.118939 9.277235 21.609947
v 10.063979 9.688307 21.602116
v 10.173033 10.337584 21.601187
v 13.455606 9.073740 24.178047
v 12.775873 9.718668 24.426064
v 14.506384 8.358009 24.842159
v 13.883388 9.059713 25.100674
v 14.939291 7.654703 24.677853
v 15.206606 6.969831 24.623293
v 15.302649 6.086220 24.711931
v 14.985100 5.223043 24.979794
v 15.503627 6.133394 24.941069
v 15.135811 5.200956 25.284883
v 15.429780 7.082336 24.813726
v 15.182913 7.802420 24.851505
v 15.842768 7.249996 24.828579
v 15.585978 8.079525 24.843863
v 14.188861 9.252386 25.280214
v 14.785055 8.532589 25.010490
v 15.175100 8.902124 25.000231
v 14.569735 9.681145 25.288774
v 13.346157 9.941172 25.651857
v 13.046207 9.739599 25.437510
v 13.728682 10.379395 25.700674
v 12.808161 11.022530 26.194187
v 12.449615 10.591843 26.112923
v 11.692553 11.197893 26.649271
v 11.040535 11.727129 27.225800
v 11.964280 11.636892 26.726009
v 11.203539 12.189461 27.282114
v 11.953744 12.798098 26.305639
v 9.829634 13.003279 28.451893
v 8.741190 13.227823 29.222954
v 8.135650 13.053549 29.425119
v 8.353723 12.589581 29.458582
v 8.899570 12.717743 29.218578
v 8.473177 12.298479 29.264345
v 8.931412 12.382072 28.992001
v 9.849304 12.473822 28.416983
v 9.713282 12.125994 28.135000
v 9.957868 10.410370 24.640514
v 9.991574 9.724724 24.444874
v 10.126235 9.290434 24.304945
v 10.315950 8.805471 24.148142
v 9.814616 9.560194 25.772709
v 9.567971 9.396404 26.137068
v 10.514790 7.156712 24.986509
v 10.761919 7.368717 24.723358
v 10.772331 6.561209 24.752411
v 11.052732 6.736025 24.509840
v 10.995782 6.071142 24.702393
v 11.302987 6.200781 24.484394
v 11.189663 5.671783 24.807732
v 11.532710 5.764982 24.603111
v 11.358479 5.348270 25.038763
v 11.763515 5.430378 24.822920
v 12.002710 5.180851 25.085316
v 12.068942 5.551094 23.815901
v 11.246887 6.896435 23.618649
v 11.589894 6.268156 23.634958
v 10.892746 7.581518 23.760777
v 14.291799 3.033022 15.711940
v 13.618795 2.986734 15.645174
v 14.235188 2.248631 16.158054
v 14.873153 2.504011 16.260464
v 15.413984 2.716734 16.158510
v 15.899089 2.870148 15.840108
v 15.198038 2.233986 16.733913
v 15.573550 1.932047 17.373613
v 14.887554 1.729168 17.385664
v 14.552765 1.977179 16.684521
v 15.740564 2.388241 16.598509
v 16.205429 2.520573 16.228949
v 12.537978 0.935959 16.511126
v 12.737892 0.615627 17.319365
v 15.805364 3.064283 15.144791
v 16.251917 2.825062 15.572721
v 25.461134 12.193451 16.296251
v 25.006115 12.673210 16.383833
v 24.562992 13.192131 16.466801
v 25.756264 14.274574 14.937048
v 26.075298 13.922892 14.777141
v 24.172474 14.198425 16.487953
v 25.289326 14.839901 15.308435
v 26.430264 13.603336 14.614090
v 24.980305 15.588413 15.546238
v 25.353401 15.804958 14.797101
v 25.497925 15.335064 14.739418
v 24.939056 16.162043 15.515791
v 25.282558 16.313848 14.795172
v 24.085247 16.182375 16.363041
v 24.236862 17.014944 16.343552
v 25.036192 16.834925 15.502933
v 25.367193 16.942293 14.796803
v 22.799397 16.132357 17.063725
v 24.788916 17.460154 16.473341
v 25.462322 17.174341 15.632179
v 25.802437 17.222586 14.898333
v 26.071808 17.436579 14.028797
v 26.266644 17.794317 12.984391
v 25.616669 17.210295 13.952356
v 25.792826 17.615442 12.927510
v 25.904121 18.135965 11.680159
v 25.524233 16.673014 13.879683
v 25.679182 17.176283 12.787794
v 25.750320 16.828123 12.681480
v 25.604296 16.247992 13.823421
v 25.763102 17.759970 11.538557
v 25.807945 17.457113 11.427645
v 25.835213 15.695742 13.660033
v 25.937195 16.358603 12.500208
v 25.957716 17.038404 11.256670
v 26.145090 15.226944 13.441569
v 26.402515 14.970098 13.280537
v 26.172100 16.658129 11.070992
v 26.836832 17.904997 11.566229
v 26.705248 14.756214 13.125798
v 27.172752 17.368170 11.374517
v 21.262270 15.749266 5.586235
v 21.599983 14.975222 -1.868328
v 21.974358 14.414837 -2.382607
v 22.769081 15.662811 -3.219378
v 22.373627 13.841343 -2.681078
v 23.104483 14.880510 -3.328955
v 24.076490 15.520807 -4.466932
v 24.749641 15.625641 -5.896194
v 24.802172 13.787552 -5.305818
v 24.718903 12.618412 -4.675345
v 24.407257 11.496304 -4.015251
v 24.561251 15.281502 -8.228594
v 18.562553 13.291801 -17.516607
v 21.090906 8.351887 0.193677
v 21.211138 8.285519 0.087466
v 21.085907 8.117571 0.006838
v 20.838903 10.465765 -0.388739
v 20.543377 10.430710 -0.093434
v 20.969173 8.191532 0.135032
v 22.759937 9.991993 -4.736208
v 18.596609 1.015223 14.423668
v 14.453416 9.421900 1.922722
v 15.722847 10.916853 3.072365
v 16.612871 11.793293 4.514877
v 16.863573 12.035799 5.312950
v 16.955362 12.087236 6.126161
v 16.701519 9.340788 10.293837
v 8.143270 5.184761 4.333167
v 8.882057 5.234718 4.134634
v 11.696089 4.694834 27.654051
v 11.513765 4.406389 27.417477
v 11.388891 4.663021 26.027721
v 11.545378 4.806917 26.322624
v 11.569355 2.933689 27.254807
v 11.999343 2.516188 27.171808
v -2.636150 3.087715 19.145288
v -0.671501 2.845396 18.604303
v -0.868439 1.681961 18.912876
v -3.861403 1.389324 19.033993
v -3.355476 0.080317 19.039993
v -0.977116 0.497004 19.224199
v -0.981371 -0.236078 19.434624
v -3.265305 -0.648033 19.046925
v -4.095146 3.550085 19.329313
v -4.983440 2.176613 19.052147
v -8.557304 5.084467 20.805002
v -9.884092 7.819759 21.650381
v -9.782543 8.097757 20.886539
v -8.266298 5.339039 20.085716
v -9.005562 7.705647 20.244701
v -7.547180 6.294981 19.763414
v -5.223070 4.787836 19.298267
v -6.793674 3.028179 19.052326
v -7.018129 4.415112 19.556442
v -6.380589 5.371471 19.487741
v -7.466402 3.483311 19.605131
v -7.761166 3.001019 20.242977
v -4.383556 -1.748356 -7.660846
v -2.754372 -1.773224 -6.593189
v -3.660919 -2.076138 -4.784942
v -7.165148 -1.570896 -4.813766
v -7.526421 -1.522418 -3.846444
v -8.341080 -0.947813 -4.204831
v -8.067280 -1.011377 -5.232642
v -6.631487 -1.539503 -6.143178
v -7.612028 -0.947963 -6.646904
v -5.785208 -1.202311 -8.496819
v -6.810404 -0.510381 -9.054511
v -2.071278 0.790005 -0.978016
v -3.377262 0.768785 0.154930
v -3.549036 -0.071077 -0.850379
v -2.325920 0.081436 -1.751882
v -1.985962 -0.610691 -2.778251
v -0.136642 -0.117350 -3.916846
v -1.277063 1.099203 -1.240612
v 2.717876 1.383118 -2.296809
v 4.521679 1.267935 -1.241499
v 3.452296 2.408770 0.838561
v 1.263710 2.006451 -0.589147
v -0.007183 3.395058 2.700390
v -0.917526 3.011196 1.536649
v 0.841978 3.668615 3.412493
v 3.826415 3.050945 1.696254
v -2.247690 0.781889 -0.135874
v -1.440044 1.434061 0.231662
v -2.225109 0.659477 0.675908
v -1.675726 1.033880 1.362805
v -1.312216 0.225872 1.488406
v -1.596285 -0.042729 1.046238
v -1.624844 2.149141 1.022904
v -9.138268 12.208569 -20.984352
v -7.677593 13.637140 -22.678240
v -7.302963 11.763861 -22.176025
v -6.251362 14.276913 -23.780783
v -8.766212 18.483648 -23.295532
v -5.374870 11.999506 -23.560606
v 1.675064 -1.096166 19.272169
v 0.688553 -0.955885 19.589958
v 0.690804 -0.149463 18.956886
v 1.692726 -0.331400 18.360609
v 2.219118 -1.368569 19.112732
v 3.153038 -0.393198 16.420282
v 3.399192 -1.214003 16.462149
v 2.708355 -1.787910 19.098524
v 3.829469 -2.333455 16.382534
v 3.350381 -2.582028 19.207787
v 9.831770 2.647543 25.596169
v 10.826050 3.584583 26.215786
v 10.151225 2.926138 24.491508
v 11.072485 4.322840 25.558035
v 10.648760 3.755547 24.364563
v -4.674511 1.806093 1.027448
v -4.434734 0.988693 0.138094
v -3.469160 2.177382 1.862666
v -4.174273 2.587362 2.071032
v -5.096270 2.538521 1.705612
v -2.610239 0.662939 1.331443
v -2.182808 0.928696 1.629882
v -2.736382 2.324236 1.951951
v 7.123893 0.863457 25.350304
v 5.915635 2.350716 24.982706
v 4.219794 1.745888 24.020573
v 5.102091 3.357008 24.957262
v 4.416462 4.375650 25.139524
v 3.236170 2.156317 23.959110
v 2.112583 2.286015 23.944155
v 4.097885 5.773567 25.546654
v 1.254704 4.539043 25.137285
v -18.840855 21.575857 12.503432
v 1.517912 0.331192 -4.482616
v 4.018411 0.206614 -6.774679
v 5.322446 1.085932 -4.782235
v 5.801639 1.261200 -2.406729
v 6.873504 2.284813 -2.721725
v 7.077422 1.619116 -5.698393
v 6.886140 -5.487395 16.693438
v 7.558454 -5.189715 17.130896
v 6.859520 -5.905072 20.197742
v 5.986662 -6.105986 19.106722
v 6.371433 -5.605940 16.424833
v 6.303844 -6.207202 20.655363
v 3.675642 8.082117 25.796011
v 2.511389 6.493422 25.514658
v 4.786726 7.282698 25.975670
v 5.175855 8.554747 26.388071
v 4.182589 9.330824 26.016190
v 0.917143 5.278780 25.174730
v 0.029951 1.422483 -1.473195
v -2.507824 -1.535975 -3.868684
v -1.345373 -1.167027 -5.304851
v 8.108700 -5.273767 20.972721
v 7.701896 -5.831800 21.529911
v 8.779201 -3.903577 16.922646
v 9.166641 -4.072644 20.257198
v -8.627563 2.438108 1.860470
v -9.079294 2.088228 2.945575
v -9.923223 2.388668 2.694443
v -10.013409 2.663189 1.399421
v -6.365719 7.751736 22.040636
v -7.342142 8.058363 22.703047
v -6.677299 6.604052 22.515396
v 4.739511 11.953499 26.679564
v 5.747322 10.923908 27.287006
v 5.736201 13.917494 27.945480
v 4.645288 12.975258 26.822695
v 4.378406 14.008591 26.939837
v 3.959729 13.521986 26.238407
v 4.188335 12.510569 26.102623
v 4.221226 11.628166 25.988098
v 5.514772 14.494120 27.876604
v 5.197746 15.253649 27.853033
v 7.344369 9.177753 26.160480
v 7.176846 8.800852 25.030216
v 7.992336 9.717920 24.884954
v 8.319453 10.129965 26.399584
v 7.175634 8.148687 26.251316
v 7.075166 7.476116 24.958139
v 7.289896 9.225924 26.690664
v 7.368919 9.949133 27.172266
v -13.876335 4.496286 -1.425650
v -13.098614 3.236418 -2.942992
v -11.765381 2.728756 -1.190058
v -11.929560 3.501158 0.724341
v -13.070354 5.182875 1.860420
v -9.950045 2.547222 -0.343142
v 10.152070 -4.714799 23.770330
v 10.462024 -4.885589 24.568880
v 9.353767 -5.281854 24.945087
v 8.961151 -5.395938 23.946835
v 9.717547 -4.408895 22.526220
v 8.597171 -5.344146 22.869791
v 10.634933 -4.852325 25.359081
v 10.218248 -4.770689 26.064615
v 9.677934 -3.097848 19.848957
v 10.532011 -3.485552 22.443342
v 11.177034 -4.018436 23.962498
v 11.468401 -4.390690 24.768318
v -3.384359 3.403124 6.304459
v -5.491899 2.779610 5.341720
v -4.645712 3.028101 4.081458
v -2.474447 3.483646 4.984766
v -1.015440 3.749647 5.803244
v -1.588650 3.757456 7.444904
v -2.848272 3.331945 2.957716
v 9.030704 -5.110099 25.360224
v 8.430140 -5.503993 24.642530
v 8.612071 -5.616009 24.353096
v 8.734476 -4.812386 25.631086
v 8.116391 -5.269686 24.878017
v 0.673807 11.932354 19.778217
v -0.558046 11.709501 18.930637
v 0.214237 10.577732 19.462128
v 0.764799 11.209831 19.585920
v -7.413570 -0.625623 -1.717108
v -6.372704 -1.042446 -1.191201
v -5.403034 -1.150410 -0.863817
v -5.640005 0.113823 -0.578754
v 10.647001 2.845325 16.421576
v 10.699785 3.375742 16.431742
v 10.865714 3.123491 15.701081
v 10.891383 2.227840 15.728779
v 10.632658 3.948086 16.428848
v 10.786918 3.771008 15.747473
v 11.383663 0.932575 16.178188
v -3.278637 6.717768 21.031919
v -4.225702 5.390450 21.944481
v -3.100405 5.012806 22.488672
v -2.038912 6.342550 21.455452
v -0.672279 5.673994 23.178185
v -0.596281 6.480421 22.075504
v 0.396620 6.956205 22.470711
v 0.427092 12.978155 20.611710
v -1.226231 13.507248 20.527815
v -1.093424 12.757994 19.706730
v 11.747026 -1.842314 22.535534
v 11.787745 -2.361035 23.070446
v 10.824434 -2.270427 21.694098
v 10.976698 -1.785747 21.390200
v 11.576423 -1.182974 21.343000
v 11.182281 -1.413795 21.163639
v 12.173252 -0.945094 21.533239
v 12.475729 -1.683220 22.961319
v 12.636417 -2.221404 23.613276
v 11.254006 -0.526299 19.238253
v 11.811411 -0.268447 19.206615
v 10.806590 -0.823123 19.237726
v 9.985502 -1.657228 18.884436
v 10.453961 -1.190757 19.271584
v 3.528580 1.785660 14.173619
v 3.139278 1.592543 13.126122
v 3.335045 0.324026 13.507141
v 3.612835 0.588804 14.378680
v 3.579832 -0.319971 14.007089
v 3.742617 -0.126888 14.467849
v 3.076075 0.520573 16.216793
v 3.124517 1.887228 15.917974
v 3.880664 -0.771950 14.536642
v 3.845778 -1.018909 14.201640
v -10.367945 9.566160 21.549917
v -9.494656 9.300949 20.324730
v -9.625751 10.493279 20.332882
v -10.192091 11.784073 20.323542
v -9.320627 10.437630 19.131598
v -9.171328 9.843781 19.803614
v -10.391571 11.213196 21.658653
v -10.547613 11.726723 21.837580
v -10.261932 11.633430 21.232752
v -10.152668 11.315552 21.187592
v 6.771365 -5.009791 14.561756
v 7.077510 -4.786455 14.041214
v 7.439683 -4.898933 14.633980
v 7.138523 -5.066706 14.937393
v -7.088951 2.398699 21.443777
v -7.664841 1.829826 19.587193
v -6.608320 3.290350 22.419609
v -7.721657 5.599665 22.596613
v -8.317932 5.151188 21.691832
v -5.473158 -0.202756 21.406454
v -6.221632 1.305744 21.871315
v -6.081755 2.103773 22.483559
v -3.385576 -1.357586 -1.463339
v -3.855974 -1.349558 -1.074878
v -3.100237 -1.435837 -1.877458
v 3.318827 6.266527 6.435599
v 4.176447 6.498846 7.427323
v 2.061415 5.358816 7.334206
v 2.066393 5.380377 6.452959
v 3.000715 5.386669 4.839583
v 3.869504 6.402552 5.624040
v 4.877802 6.643158 6.349173
v 8.467807 0.177681 13.871294
v 8.800062 -0.233150 14.372067
v 8.838717 -1.280005 13.703850
v 8.668462 -1.243461 13.152966
v 8.813571 -1.801013 14.146676
v 8.666927 -2.579303 13.481716
v 8.834348 -0.792443 14.784697
v 6.579360 -1.338361 12.670861
v 5.932076 -1.945061 12.934512
v 5.321610 -1.132555 13.109589
v 6.342555 -0.667813 12.695824
v -10.197845 11.168194 24.208321
v -9.729805 10.348087 24.176212
v -9.322176 12.199633 25.501528
v -10.302946 12.136898 24.536041
v -9.808781 13.889181 25.543032
v -10.492487 13.249928 24.699564
v -8.814548 10.194666 24.799528
v -8.501982 11.346943 25.799074
v -4.785870 12.766291 25.078140
v -5.293346 12.170465 24.465208
v -3.483009 13.503201 23.100887
v -5.749979 11.492783 23.842283
v -3.844690 12.542416 21.882969
v 3.211191 18.066118 29.254417
v 2.795385 19.258959 29.436739
v 4.722117 17.365984 28.762550
v 9.503860 1.411032 16.314234
v 9.029743 1.132940 15.882367
v 9.587670 2.175840 18.491108
v 8.606890 2.242037 18.384287
v 8.527560 1.445440 15.702731
v 9.559819 0.756584 16.053360
v 9.149797 0.445215 15.825381
v 5.350948 2.098473 1.352669
v 6.352668 1.562479 0.811943
v -5.209845 0.728977 22.439552
v -3.535427 0.862789 23.163326
v -4.589104 2.170128 23.390129
v -5.302721 1.496000 22.842833
v 8.019343 -3.995217 13.436653
v 7.573306 -4.459993 13.601694
v 6.839693 -4.120536 12.934017
v 7.599220 -3.343088 12.627868
v 7.963151 -4.542309 14.342253
v 8.493123 -3.519344 14.394915
v 8.158423 11.318007 27.773054
v 4.039583 5.975760 8.312716
v 2.360268 5.041739 8.268327
v -4.077633 3.332912 6.937529
v -4.782425 3.301479 7.403679
v -1.342203 3.859947 9.601092
v -0.499050 3.968378 9.167359
v 7.741841 3.270229 2.418697
v 6.954494 5.170267 4.328977
v 6.622273 7.269136 8.716619
v -8.227575 5.544155 9.635818
v -9.623238 5.775299 8.315962
v -7.522263 4.795620 8.969986
v -11.886307 6.436974 6.413001
v -11.326418 5.577412 5.617967
v -7.953312 3.984240 7.352831
v -6.544504 3.625013 7.821202
v -5.525385 4.016619 9.063329
v -11.714769 4.812140 3.645813
v -10.447420 4.531374 5.141583
v -10.755592 2.653343 4.315247
v -10.133930 2.834728 5.464158
v -10.025726 3.567789 5.166971
v -10.994946 3.312260 3.573797
v -11.445412 3.461081 2.273729
v -10.663301 2.820978 2.094765
v -10.651947 2.658352 2.991475
v -10.644987 2.432631 3.791680
v -12.285784 4.877310 2.773414
v 8.238978 7.906345 13.846154
v 8.587235 7.616962 14.281044
v 7.032770 7.943768 11.773309
v 7.919896 8.245506 14.865973
v 6.869871 8.560631 14.344165
v 8.327780 7.896194 15.135532
v 7.931084 -1.495223 12.255708
v 7.737096 -0.477696 12.231085
v 7.995781 0.902748 13.480772
v 7.488605 0.206810 12.187190
v 6.962832 1.342144 11.951071
v 9.635302 -1.812910 18.059746
v 9.452305 -1.176975 17.264278
v 9.851532 -0.893733 17.673784
v 9.232800 -1.445039 16.992126
v 9.480984 -2.124939 17.861090
v 9.014604 -2.626231 16.631432
v 8.881350 -1.966455 16.238270
v 9.872303 -2.532810 19.661711
v -8.609329 3.138138 -12.840477
v -11.069841 5.684502 -13.109878
v -13.561794 8.091791 -12.409025
v -8.896870 9.335300 -19.328594
v -8.268555 7.069122 -17.960032
v -6.729485 8.935795 -20.902740
v -6.003176 6.879438 -19.875525
v -13.575993 12.579681 -16.659491
v -6.525621 4.212133 -16.551546
v -4.546293 4.422874 -18.563473
v 5.208214 5.346838 3.949346
v -5.828123 2.712362 6.049104
v -6.216261 2.712158 6.529193
v -7.218470 1.826229 5.623921
v -7.646585 1.622128 4.903943
v -6.953732 2.331532 4.273564
v -6.203733 2.691059 3.253698
v -7.241755 1.948254 6.067680
v -7.440420 2.088980 6.418997
v 3.816242 -1.196992 13.570116
v 4.310990 -3.327923 15.956794
v 6.813214 1.031635 -15.301856
v 8.742720 1.321587 -13.905942
v 7.550604 0.556297 -12.510778
v 7.424607 1.483030 -16.136040
v -4.406015 -0.021124 -0.565981
v 11.509851 -4.503144 25.836542
v 8.750521 -1.688032 15.880304
v 8.713730 -2.575636 15.488153
v 8.656411 -2.398849 14.979398
v 8.684669 -1.414558 15.514072
v 5.873227 -0.133713 -11.374636
v 3.997040 -0.005051 -13.058621
v 7.675573 0.241270 -9.317496
v -3.887894 -2.428001 -1.715158
v -4.163307 -2.427204 -1.406740
v -4.505028 -1.347253 -0.868923
v -4.612949 -2.485835 -1.396128
v -4.471422 -2.718619 -2.004910
v 8.484406 -5.666964 23.956802
v 8.152183 -5.738403 23.093529
v 8.243718 11.888973 28.488831
v -10.224741 1.831486 3.876057
v -9.500675 1.482012 3.916737
v -5.223221 -1.838825 20.192541
v -7.132885 -0.977958 18.580183
v -6.821850 -1.921171 17.949924
v -4.750751 -2.568655 19.550535
v -7.839094 0.941076 18.694958
v -8.146921 0.619745 17.902203
v -8.084011 -1.214819 16.459833
v -8.323727 -0.391175 16.878407
v -5.180010 -2.288698 -4.084435
v -5.836807 -2.280371 -3.753279
v -6.134544 -2.317700 -2.973653
v -5.159510 -2.526020 -3.096384
v -5.333033 -2.602295 -2.432701
v -4.275208 -2.603372 -2.609932
v 9.396037 1.962317 26.156118
v 8.772909 1.905979 25.973026
v 9.995208 2.226439 26.361532
v 10.380245 1.606182 26.554525
v 7.868828 2.346136 25.689093
v 11.205764 -4.233397 26.790308
v -5.251183 9.442698 21.556837
v -5.912224 10.136311 22.516098
v -5.017511 8.601910 21.181574
v -5.246595 6.428331 21.639009
v -4.378258 7.620575 20.899445
v 0.221272 14.981693 -26.537853
v -1.053703 17.794737 -26.381330
v 1.047394 13.160442 -26.360626
v 1.849064 11.421196 -26.005943
v 6.246269 15.548759 28.414337
v 6.478862 15.039471 28.544868
v 8.477954 3.461414 0.505555
v 7.720208 2.799698 -0.486911
v 8.466945 3.160336 1.447632
v 10.896181 3.556492 26.697805
v 11.130260 3.376833 27.164267
v 9.849466 2.579149 25.990217
v 7.146991 1.764915 0.092649
v 5.987828 0.077009 -8.260643
v 4.303819 -0.398576 -10.254038
v 2.235598 -0.657557 -8.758202
v 0.569399 -0.837583 -10.513433
v 0.295584 -0.942794 -7.125703
v -1.283199 -1.339303 -8.669984
v -2.771778 -1.110498 -10.322076
v -2.643097 0.555702 -14.161961
v -1.154442 1.086805 -15.688572
v 0.463743 0.150743 -14.152488
v -3.768791 1.419563 -14.937037
v -2.194586 1.958435 -16.603493
v -6.833914 1.340391 -12.235399
v -7.657887 0.642607 -10.174692
v -9.310030 1.760815 -9.730497
v -11.692968 4.227163 -10.140759
v -9.882534 1.059454 -7.276065
v -12.110016 3.117111 -7.295429
v -13.928360 4.847141 -6.748841
v -13.776489 6.294323 -9.639888
v -11.969788 2.020634 -4.001891
v -12.180759 2.446129 -5.422173
v -13.717339 3.911524 -4.714633
v -9.910849 0.662003 -3.121227
v -11.195919 1.832838 -2.548354
v -8.945374 1.115936 -1.794944
v -9.657040 2.024656 -1.361972
v -8.526592 2.591423 0.098890
v -7.815796 2.673491 1.260604
v -7.593113 2.638317 0.404578
v -6.863091 2.783846 1.610105
v -6.383469 2.625357 0.956186
v -8.048197 2.122885 3.479793
v -7.432323 2.532520 2.478260
v -5.569525 2.874796 2.324886
v -4.127537 3.128157 2.881356
v -8.529873 1.432825 4.244936
v -9.108938 0.600037 5.241767
v -8.319935 0.767370 5.742336
v -8.775642 0.351442 6.519629
v -9.537500 0.201063 6.127761
v -9.982075 0.868803 5.058033
v -10.299620 0.615625 5.981254
v -10.543253 0.610914 6.981469
v -9.890503 0.203545 7.102125
v -10.177027 0.378965 8.142948
v -10.975655 1.199587 6.887240
v -10.786503 1.214859 5.966561
v -10.580269 1.365784 5.092433
v -11.114197 1.808828 6.875185
v -10.953306 1.820826 6.045148
v -11.241625 1.855343 7.879672
v -10.795036 1.946413 5.328635
v -10.747484 2.255484 7.045434
v -10.574797 2.325912 6.355107
v -10.874046 2.231646 7.968194
v -10.380798 2.470264 5.885737
v -10.261620 2.358866 7.268385
v -9.916552 2.284376 7.425294
v -9.670965 2.435640 6.910701
v -10.052612 2.490520 6.695101
v -10.429001 2.266911 8.087152
v -10.129431 2.171591 8.176254
v -9.468420 1.997940 7.596823
v -9.148214 2.123880 7.115323
v -9.747992 1.914911 8.295311
v -8.853800 2.302179 6.819188
v -8.378170 2.620733 6.648156
v -9.134298 2.903244 6.375689
v -9.451286 2.609030 6.601357
v -7.583525 3.088352 6.868505
v -8.631575 3.372709 6.467425
v -8.406792 1.924131 6.853144
v -8.800920 1.735281 7.201649
v -8.676239 1.453779 7.166501
v -8.223261 1.666178 6.745882
v -7.733433 2.283491 6.634787
v -6.672770 2.814968 6.841335
v -9.186405 1.628693 7.718510
v -9.507732 1.574289 8.415508
v -9.100077 1.353878 7.740895
v -9.443270 1.317228 8.464248
v -9.045143 1.060114 7.681606
v -9.427914 1.060421 8.443672
v -9.464636 0.800196 8.382603
v -9.048014 0.751333 7.569853
v -8.576967 1.141905 7.045001
v -8.552607 0.811491 6.860048
v -8.089823 1.399071 6.542021
v -8.058722 1.130405 6.257998
v -9.237455 0.315044 7.361775
v -9.644392 0.438442 8.272234
v -9.722319 0.808832 9.294140
v -9.934183 0.502876 9.254356
v -9.779797 0.727871 10.289061
v -10.039055 0.466345 10.299158
v -10.407366 0.499159 9.228418
v -10.483673 0.521006 10.364522
v -10.309303 0.401659 11.557034
v -9.890297 0.286528 11.398840
v -9.536274 -0.035681 12.549156
v -9.936428 0.139929 12.794385
v -10.637625 0.801765 11.724288
v -10.876194 0.894356 10.441031
v -10.210337 0.589460 13.035512
v -10.873379 0.847286 9.216228
v -10.874678 1.290766 11.855486
v -11.172329 1.378990 10.487200
v -10.399755 1.116131 13.214721
v -11.225479 1.345751 9.151461
v -10.874043 1.825800 11.905258
v -11.205017 1.911306 10.494290
v -10.376911 1.675037 13.304062
v -11.299843 1.905209 9.119244
v -10.498562 2.109270 11.826546
v -10.829750 2.199377 10.452468
v -9.995575 1.960087 13.202951
v -10.928013 2.226543 9.135044
v -10.132792 2.048033 11.726384
v -9.920324 1.893780 11.659141
v -10.204649 2.041838 10.388191
v -10.442011 2.166656 10.411297
v -9.642260 1.863321 13.056323
v -9.447863 1.670473 12.955133
v -10.514933 2.221230 9.166556
v -10.249754 2.112638 9.195546
v -9.679668 1.596651 11.566024
v -9.921101 1.781265 10.360312
v -9.238291 1.324543 12.811948
v -9.921425 1.865210 9.243118
v -9.514915 1.250864 11.475473
v -9.470444 0.999874 11.419792
v -9.678867 1.211693 10.324249
v -9.730373 1.456318 10.338550
v -9.096355 0.944721 12.667853
v -9.062214 0.677565 12.577689
v -9.708660 1.540287 9.303718
v -9.653099 1.293619 9.332277
v -9.495338 0.742340 11.373322
v -9.596203 0.508083 11.351997
v -9.694778 0.963507 10.304081
v -9.096510 0.402964 12.503009
v -9.211384 0.160627 12.469782
v -9.658499 1.048758 9.322691
v -8.666679 -0.302275 13.629696
v -8.535280 -0.037797 13.665468
v -8.488194 0.265713 13.757014
v -9.024740 -0.498811 13.747716
v -7.273228 -1.279722 15.807504
v -7.670988 -1.527476 15.993382
v -5.980444 -1.828234 17.166813
v -6.345375 -2.197574 17.376724
v -9.417198 -0.264798 14.064375
v -3.983141 -1.763303 18.672335
v -4.232084 -2.619753 18.918343
v -2.443281 -1.489861 19.494633
v -2.579895 -2.385846 19.868706
v -2.999565 -2.552116 20.498993
v -1.044760 -1.971275 20.334023
v -1.333141 -2.149684 21.064247
v -1.781273 -1.772782 21.712444
v -3.541140 -2.033294 21.122236
v -3.906755 -1.380095 21.493898
v -2.157633 -1.273862 22.069662
v -4.296967 -0.561553 21.935081
v 0.101635 -0.644951 22.436913
v 0.351671 -1.131333 22.008888
v -1.177727 1.614555 23.765697
v -1.819939 2.615211 24.339159
v -0.152040 3.943712 24.954348
v -2.171316 3.436232 24.512506
v -4.206457 3.466722 23.720266
v -0.392056 4.677664 24.857563
v -2.309761 4.161776 24.246838
v -4.184204 4.115913 23.389145
v -4.991228 4.461929 22.894684
v -5.209610 3.873613 23.196907
v -2.116810 4.749243 23.511810
v 0.648001 5.808544 24.661337
v -0.543072 5.263712 24.136728
v 2.219101 6.918911 25.142477
v 1.677240 7.855783 23.079453
v 2.076422 9.449263 22.112820
v 2.139385 10.096642 21.911428
v 1.204260 8.836813 21.499529
v 3.893361 10.613626 25.183613
v 2.222878 10.773096 21.823790
v 2.341078 11.353447 21.990788
v 2.465233 11.830004 22.241631
v 3.184677 12.068041 23.731201
v 2.869118 12.873156 23.693108
v 1.975853 12.432236 21.992075
v 1.525183 13.203491 22.162296
v 2.437651 13.603180 23.803413
v 0.826967 13.838779 22.346994
v 1.351292 13.628147 22.471901
v -0.020191 14.292271 22.454872
v 0.875544 14.788900 24.420273
v -1.305889 14.566414 22.714836
v -0.562752 14.692976 22.997906
v 0.219032 15.108664 25.115330
v -2.482418 10.885344 19.482704
v -1.914972 10.208752 19.426189
v -0.984093 12.142996 19.033075
v -3.530983 11.568054 20.998196
v -0.726086 9.590368 19.677124
v -2.517776 8.227276 20.321480
v -3.377689 8.868876 20.264820
v -3.177101 8.220184 20.341759
v -3.898888 7.094933 20.914785
v -1.407848 7.900812 20.587938
v -0.455139 7.488745 21.098299
v 0.176649 8.051828 21.133396
v -3.914301 9.888166 20.471592
v -6.520676 10.249460 23.403177
v -6.929270 10.755495 25.136763
v -5.589848 12.425005 26.809090
v -7.344759 9.752905 23.965679
v -7.485085 10.706181 25.546329
v -7.937111 9.595839 24.347908
v -7.496923 8.915562 23.113787
v -8.093906 8.717043 23.525436
v -7.932035 7.857748 23.134113
v -8.898949 8.725595 23.560402
v -8.686914 7.683310 23.037317
v -7.105301 6.138237 22.841593
v -6.211452 4.779127 22.830153
v -5.851578 5.379080 22.500694
v -5.742868 4.283459 22.966610
v -5.435974 4.874655 22.654526
v -4.775158 5.855070 21.728806
v -9.451260 7.670015 22.414383
v -9.794546 8.922213 23.099586
v -10.370962 9.219530 22.337681
v -8.448244 8.363932 19.804804
v -6.942366 7.192606 19.263514
v -5.910337 6.431154 18.911743
v -4.945688 5.892773 18.622189
v -3.916842 5.518665 18.355719
v -3.944313 4.374165 19.134171
v -2.618437 5.212465 17.969067
v -2.515112 4.005926 18.875221
v -0.742849 5.054476 17.212837
v -0.574566 3.833870 18.248878
v 0.912182 4.078773 17.398712
v 0.524553 5.103441 16.533375
v 1.219992 5.148882 16.070923
v 2.821804 4.194899 15.396891
v 2.002678 3.109283 16.921682
v 2.069195 4.186050 16.597462
v 1.710583 0.459946 17.873260
v 0.726089 0.564320 18.577652
v 2.508083 4.519529 13.857899
v 2.114599 4.031895 12.621309
v 1.304096 5.134449 14.453870
v 0.715094 5.225460 14.895114
v 0.775646 4.625965 13.016471
v 1.800207 5.138315 15.627924
v 0.035854 5.295103 15.352945
v -1.145372 5.428293 16.062016
v -1.672672 5.167267 14.709222
v -0.534922 4.884407 13.979550
v -2.857931 5.744591 16.912851
v -3.256184 5.713043 15.556153
v -4.078541 6.090014 17.374567
v -4.448236 6.207520 16.062578
v -4.269728 5.296204 13.392165
v -2.743456 4.590042 12.700130
v -1.575401 4.256605 12.094150
v -0.835232 4.148249 11.622195
v -4.266342 3.688505 8.895544
v -5.335279 5.958189 13.953379
v -6.423378 6.771097 14.569899
v -5.544960 6.791603 16.552628
v -5.095236 6.504883 17.748550
v -6.048193 7.064545 18.131905
v -6.994175 7.812185 18.551136
v -6.543463 7.456112 17.044125
v -7.462538 8.245907 17.557899
v -8.269608 8.944511 19.191015
v -8.591555 9.457960 18.367416
v -9.351812 9.795406 17.084679
v -9.999226 10.898960 17.968792
v -8.333300 8.496107 15.999903
v -10.702122 8.765394 12.476388
v -9.064287 6.571262 10.479665
v -7.441442 7.618132 15.248756
v -12.518330 7.543753 7.402278
v -10.361427 6.832035 9.202293
v -11.747404 9.078979 11.258451
v -13.483418 9.795076 9.542717
v -14.659603 8.448414 5.591699
v -14.091629 7.273741 4.446030
v -15.996979 8.297300 2.413459
v -16.969917 8.318563 -0.869146
v -17.556541 9.542927 0.331352
v -18.661297 11.091593 -1.766057
v -18.008446 9.842417 -3.051896
v -16.042503 6.810017 -2.308871
v -16.903435 8.215891 -4.582811
v -18.914875 12.254784 -5.833301
v -17.540440 10.380999 -7.464570
v -15.786880 8.360846 -8.743844
v -15.510712 6.573690 -5.821857
v -14.949303 5.378786 -3.591376
v -17.901752 12.771805 -10.020567
v -15.892826 10.438189 -11.365349
v -18.037830 15.462248 -12.359703
v -17.955246 17.625887 -14.030666
v -15.877373 15.040339 -15.480183
v -17.424873 20.657423 -16.089226
v -15.422104 17.992662 -17.645666
v -13.243591 15.520639 -18.838671
v -14.542198 20.632002 -19.272463
v -12.424290 18.047934 -20.529587
v -12.860325 23.992716 -20.954401
v -10.816624 21.235327 -22.367258
v -11.257925 26.170824 -21.715248
v -9.338215 23.295763 -23.238146
v -7.322298 20.253359 -24.240845
v -7.590059 25.177252 -23.886009
v -5.668997 21.904318 -24.957214
v -5.487854 26.720469 -24.286812
v -3.742504 23.308329 -25.391439
v -2.890776 16.606443 -25.835970
v -4.607561 15.379030 -24.922710
v -1.676672 13.869143 -25.899096
v -3.515757 12.823935 -24.854774
v -0.929691 12.105751 -25.658491
v -0.210892 10.422338 -25.250626
v -2.306013 9.594696 -24.058910
v -4.471451 9.041618 -22.588472
v -1.389711 7.411173 -23.191299
v -3.676210 6.980932 -21.673096
v -0.176779 5.044420 -21.826847
v -2.399450 4.646282 -20.339190
v -1.256622 3.282938 -19.063377
v 0.796486 3.761187 -20.434952
v -3.186590 2.869076 -17.456453
v 0.504702 1.595142 -16.998461
v 2.289604 2.099825 -18.141510
v 6.150470 3.371887 -19.854536
v 6.951854 2.199337 -17.861130
v 5.162337 1.508642 -17.246864
v 5.060566 5.061237 -22.372503
v 4.248247 6.466345 -23.844513
v 2.973684 9.056423 -25.230141
v 2.057047 5.622854 -23.071560
v 0.830244 8.119621 -24.436798
v 2.913366 4.312044 -21.609112
v -7.032467 29.848604 -22.683899
v -8.367853 32.744057 -20.694040
v -9.497059 35.536545 -18.302719
v -10.215921 37.512825 -16.189354
v -10.758705 39.115173 -13.698077
v -11.147915 40.420105 -11.031886
v -11.341951 41.403267 -8.227379
v 1.104427 23.219061 29.271540
v -0.621754 26.694098 28.698460
v 2.205803 20.817408 29.469009
v 0.147881 20.230322 29.638683
v -1.498714 18.490644 29.754297
v 0.617012 18.941408 29.772675
v -0.862158 22.408228 29.303305
v -1.170538 17.679010 29.681398
v 0.857944 17.947680 29.657227
v -3.490025 17.684961 29.400883
v -3.054823 16.970678 29.371035
v -2.569160 16.298262 29.110058
v -0.835373 16.822332 29.253815
v -5.912167 15.848198 28.359446
v -4.869310 14.963614 28.548174
v -4.159130 14.089981 28.142492
v -7.050972 13.309471 27.555965
v -6.060881 12.519470 27.313961
v -3.812635 13.863874 27.579342
v -6.877806 11.589790 26.475414
v -7.900478 12.306475 26.702942
v -0.346216 15.493803 27.790239
v -0.478720 15.877403 28.445992
v 0.931721 15.606077 27.497135
v 0.959797 16.027712 28.193132
v 2.024218 15.414911 27.146187
v 2.210175 15.859604 27.862566
v 0.946257 17.001944 29.158190
v 2.564684 16.808397 28.827194
v 3.215618 15.446560 27.511442
v 3.680489 15.099426 27.268000
v 4.434607 16.129671 28.145256
v 4.022499 14.712170 27.071077
v 4.824091 15.821573 27.938095
v 5.607852 16.717962 28.325901
v 5.286203 17.072485 28.504465
v 3.612536 14.261028 26.417065
v 2.916985 15.020628 26.799086
v 3.315733 14.668333 26.591272
v 1.731522 15.204683 26.299643
v 3.902121 12.300938 25.344177
v 4.121159 10.604498 25.802921
v 3.853193 9.501003 25.602057
v 3.381984 8.379963 25.440187
v 4.529712 10.626598 26.326393
v -7.754934 14.322998 27.286386
v -8.619318 13.334112 26.455948
v -9.121717 14.653095 26.264809
v -11.163155 19.664804 25.216387
v -12.177876 21.637205 24.447443
v -11.753866 18.995676 24.620497
v -10.445551 20.395224 25.850658
v -11.479525 22.446562 25.102100
v -12.653193 17.068846 22.654133
v -11.543301 14.795883 23.497988
v -10.950645 12.942356 23.775417
v -11.060499 12.712437 22.774166
v -10.860691 11.878597 22.717522
v -11.563940 14.180771 22.423065
v -10.707535 11.085419 22.425074
v -10.622318 10.930651 23.306490
v -10.728336 12.318350 21.847679
v -10.593540 12.517462 20.734125
v -10.379326 11.962982 21.283403
v -10.827391 12.480131 19.204304
v -11.205551 13.303833 19.720438
v -11.787680 14.510651 20.450628
v -12.533413 15.104176 19.446171
v -13.492348 15.637163 18.196690
v -14.784470 13.976723 13.896738
v -14.545509 13.011141 13.038212
v -12.441412 10.423903 12.684751
v -15.771164 12.773497 10.508234
v -17.318859 13.825682 8.982733
v -18.742859 14.342781 6.172171
v -19.903671 16.037146 4.769138
v -18.412560 12.017265 2.950802
v -19.600929 13.609011 1.040964
v -20.749916 16.097895 -1.192317
v -19.696003 13.553358 -4.417473
v -21.088997 17.733885 -5.008838
v -20.424622 16.423967 -6.757190
v -19.508110 14.964994 -8.298393
v -20.766766 19.507547 -8.876648
v -19.747833 17.863501 -10.534258
v -20.731678 21.889627 -10.352373
v -19.674603 20.147474 -12.101593
v -20.524715 23.481443 -11.294831
v -19.458488 21.698599 -13.104088
v -20.159592 25.100447 -12.172430
v -19.107937 23.293352 -14.037144
v -19.023537 28.053156 -13.449842
v -18.074883 26.208601 -15.392607
v -16.484299 23.431566 -17.580959
v -16.068863 29.854925 -16.827185
v -14.675198 26.904684 -19.116936
v -14.167091 31.989843 -17.496449
v -12.900837 29.057566 -19.808920
v -11.980633 33.904625 -17.977154
v -10.800621 31.043173 -20.330761
v -9.328594 28.180899 -22.292707
v -14.898819 34.011635 -15.428195
v -12.697037 35.932114 -15.877103
v -16.856956 31.812258 -14.804754
v -17.464546 33.422852 -12.518373
v -15.498169 35.649216 -13.023239
v -19.702076 29.684690 -11.275989
v -20.125809 31.133196 -8.896946
v -17.887787 34.781685 -10.002871
v -20.229420 32.365067 -6.299549
v -18.040100 35.884392 -7.260039
v -20.918709 26.736666 -10.055093
v -21.360237 28.218748 -7.755432
v -21.431450 29.490297 -5.287291
v -21.186970 30.850069 -1.890574
v -20.003170 33.705231 -2.664739
v -21.777885 26.529974 -7.010724
v -22.011341 24.825701 -6.219403
v -22.130169 26.060755 -3.965731
v -21.864433 27.789457 -4.645885
v -21.312477 25.068956 -9.227127
v -21.524837 23.408445 -8.343315
v -21.952808 27.359243 -0.829639
v -22.177170 23.451143 -2.836356
v -22.087566 24.769907 0.087899
v -21.403137 26.448637 5.306826
v -21.674213 21.550684 1.498430
v -21.037033 23.366400 6.260633
v -21.102829 26.806707 6.798960
v -19.580505 17.515459 7.571856
v -18.616364 15.867397 8.668951
v -18.706814 15.210413 7.632975
v -18.482132 16.598406 9.719114
v -17.343422 15.422384 10.932922
v -17.447826 20.173689 14.973791
v -18.195724 20.892012 13.736596
v -16.061234 14.568815 12.344742
v -16.188251 15.545094 13.246778
v -16.139801 21.206854 18.720549
v -17.029716 22.094114 17.475889
v -17.815525 22.880930 16.145578
v -15.330395 16.560625 15.884549
v -15.021965 14.967876 14.720952
v -14.098011 17.654280 19.440891
v -13.237835 16.868910 20.560461
v -14.542774 19.537313 20.701958
v -14.361362 21.282476 21.938457
v -13.783028 22.590456 22.846502
v -15.485233 25.186277 20.774235
v -16.469269 26.583208 19.282740
v -16.984692 24.701525 18.551706
v -17.386955 27.750277 17.494951
v -17.827522 25.702017 16.954540
v -18.205582 28.654978 15.477582
v -18.576069 26.482271 15.167778
v -18.541214 23.545427 14.652781
v -19.687347 29.551748 10.999384
v -19.931927 27.227716 11.154015
v -18.786846 32.569817 10.965188
v -19.992886 32.486290 5.813100
v -20.880257 29.210417 6.274834
v -18.667812 35.225037 5.651571
v -19.335957 34.798027 1.967081
v -17.220970 38.093170 1.515236
v -17.525890 37.764183 -0.478319
v -16.872002 38.312836 3.521153
v -17.876797 37.078011 -3.431036
v -15.646229 39.645317 -0.786678
v -15.940903 39.062729 -3.752149
v -16.071953 38.007957 -7.592706
v -13.757301 40.834671 -4.049028
v -13.837109 39.867455 -7.917570
v -13.675095 38.882866 -10.732452
v -13.271572 37.568039 -13.404007
v -15.919140 36.983192 -10.392720
v -13.525711 41.327805 -1.065723
v -15.074738 40.102844 3.280828
v -13.064701 41.679039 3.016161
v -14.036854 40.036407 8.422641
v -12.122934 41.528328 8.260215
v -16.480911 38.414459 5.534786
v -15.831772 38.327881 8.488426
v -15.143051 37.967880 11.335539
v -13.326672 39.632370 11.421211
v -17.435303 35.047897 11.098240
v -14.428684 37.169662 14.078734
v -17.215954 31.367437 15.930484
v -15.857059 33.536674 16.308012
v -16.303452 30.281343 18.215298
v -14.918140 32.314568 18.714539
v -17.777721 30.038412 15.700811
v -16.907555 29.042685 17.863752
v -13.874920 30.879526 20.893818
v -11.671267 33.186440 21.524446
v -12.710896 34.724167 19.234478
v -13.640583 36.080940 16.741085
v -15.278526 28.934710 20.251324
v -14.241699 27.337339 21.924948
v -12.805752 29.187868 22.738094
v -11.748091 27.335222 24.316038
v -11.041803 26.016504 25.187916
v -8.694782 27.985308 26.157724
v -9.452026 29.395956 25.213615
v -10.568941 31.382872 23.504601
v -13.217918 25.605730 23.349960
v -12.533249 24.381189 24.144329
v -9.953823 23.946627 26.217190
v -8.881374 21.802633 26.978970
v -6.386742 23.615164 28.046373
v -7.526516 25.815130 27.258034
v -4.479301 24.699957 28.449974
v -3.781761 28.004499 27.843353
v -5.004194 30.245413 26.699888
v -5.780771 31.697908 25.743917
v -6.897959 33.761475 24.025753
v -8.793600 32.624138 23.826157
v -7.981333 35.663658 22.032412
v -9.893269 34.486069 21.833029
v -9.017351 37.319046 19.722361
v -10.931845 36.094490 19.515978
v -9.922020 38.823364 17.203756
v -10.695984 40.102859 14.417544
v -11.843781 37.531204 16.999886
v -12.611547 38.724525 14.280424
v -11.431709 41.088463 11.420619
v -2.545986 25.720892 28.676720
v -12.458237 15.935797 21.510023
v -15.924202 13.622456 11.422318
v -20.949253 18.636606 3.078667
v -21.726383 20.186636 -1.196277
v -21.540363 19.001478 -3.149986
v -22.005859 22.255667 -4.944878
v -21.518105 20.925425 -6.960476
v -0.145088 4.103840 11.132443
v 0.536650 4.060663 10.645301
v 1.651474 -0.807365 21.968470
v 2.350426 -0.113963 22.444952
v 2.359180 -0.767265 21.917965
v 3.045324 -0.175725 22.508450
v 3.678004 -0.404444 22.649073
v 3.860224 0.372353 23.234516
v 3.131582 0.714184 23.119207
v 2.986536 -0.827861 21.944809
v 4.292286 -0.806455 22.874599
v 5.247486 -1.905055 23.434929
v 5.590870 -1.402383 23.993992
v 4.544327 -0.151153 23.448612
v 7.163177 -3.975374 24.908686
v 7.878198 -3.240879 25.551767
v 8.363026 -4.223800 25.706211
v 9.305414 -3.324872 26.682262
v 10.436063 -2.446246 27.224550
v 11.385598 -1.833453 27.497547
v 12.373894 -1.259858 27.661047
v 11.554548 0.106358 27.118666
v 10.817762 1.072714 26.726103
v 11.748234 -2.725986 27.616158
v 12.778536 -2.182073 27.799864
v 10.773275 -3.318524 27.296436
v 12.952047 -2.788726 27.687679
v 13.095395 -3.320789 27.357548
v 13.298725 -3.801662 26.412743
v 13.260212 -3.774720 25.353088
v 13.030357 -3.370506 24.756119
v 12.747437 -2.644590 24.050995
v 12.034307 -3.679970 24.337486
v 11.865431 -3.290937 23.871044
v 12.095557 -3.780724 27.145344
v 10.986843 -3.831550 27.148012
v 9.923040 -4.514853 26.436852
v 9.651485 -4.120453 26.663233
v 11.927913 -3.297995 27.493458
v 7.705805 -4.800670 24.986012
v 6.679108 -4.335601 24.405785
v 6.362995 -4.601856 23.679733
v 6.871736 -5.395054 23.734282
v 7.229139 -5.144930 24.475897
v 7.661194 -5.579455 24.346588
v 7.304711 -5.811706 23.589092
v 6.443158 -5.676402 22.442787
v 6.890622 -6.046497 22.237530
v 7.251430 -6.093268 22.007278
v 7.667772 -5.897042 23.386116
v 8.004860 -5.718268 24.142109
v 5.798193 -5.981657 20.912741
v 5.285238 -5.310627 21.139753
v 4.878244 -5.479323 19.388901
v 5.432390 -6.013227 19.220741
v 5.963262 -4.934340 22.507919
v 4.271659 -3.506461 20.753059
v 4.574601 -4.907221 19.454842
v 4.082737 -3.822557 19.382143
v 3.388538 -1.751637 21.243883
v 3.211660 -2.230542 20.373785
v 3.633686 -2.637154 20.471628
v 3.889832 -2.076426 21.350468
v 2.755585 -1.911093 20.324106
v 2.255556 -1.677788 20.322779
v 2.875221 -1.535818 21.198463
v 2.324064 -1.415314 21.202753
v 1.708641 -1.376884 21.252647
v 0.576260 -1.568331 21.302372
v 0.684519 -1.555233 20.450966
v 1.701092 -1.529174 20.369724
v -0.973419 -1.153344 19.768984
v 4.869371 -4.614557 16.051952
v 5.314712 -5.120029 16.004444
v 5.812759 -5.555145 16.290594
v 6.270388 -4.518656 13.481587
v 6.111524 -3.540002 12.844558
v 6.854115 -2.869246 12.543129
v 5.138853 -2.550858 13.129567
v 5.523540 -3.959845 13.365301
v 4.790291 -2.879541 13.567999
v 4.406209 -1.729625 13.163589
v 3.569081 0.039204 12.786888
v 4.026570 -1.096650 13.049948
v 3.248842 1.607813 12.359760
v 4.020610 2.048580 12.415413
v 4.482495 0.479172 12.984243
v 5.005141 2.463413 12.074323
v 5.636549 0.887215 12.614463
v 6.092626 -0.127317 12.716502
v 4.962921 -0.565456 13.123836
v 5.611446 2.596189 11.382671
v 6.289986 1.020054 11.882690
v 6.180762 3.007471 11.431451
v 6.773736 -0.053844 12.081596
v 6.998839 -0.676778 12.146458
v 7.144292 -1.521885 12.257867
v 5.718678 4.215374 11.066179
v 6.002813 4.840002 12.277838
v 6.522011 3.597290 12.539100
v 6.269384 5.368494 14.527420
v 6.715213 4.115526 14.596797
v 8.010625 2.804409 18.280956
v 8.064955 1.863363 15.392597
v 8.259923 3.138691 22.044510
v 8.878880 2.607656 22.010773
v 9.837015 2.645607 21.950314
v 10.464495 3.367702 21.883896
v 10.378799 2.841391 18.548746
v 9.938711 1.726536 16.435658
v 10.212501 2.011946 16.439398
v 10.466720 2.387619 16.429298
v 10.576952 3.614584 18.543232
v 10.392755 4.638887 18.505440
v 10.454388 4.531176 16.381203
v 10.593049 4.377449 15.727598
v 9.388267 6.691448 15.804505
v 9.827941 5.928381 16.074270
v 9.960342 5.751734 15.441092
v 9.543083 6.490530 15.149026
v 8.852563 7.362852 15.469840
v 9.053568 7.128477 14.738897
v 6.049460 7.531303 14.376848
v 5.856928 7.029829 11.968451
v 5.801235 5.857138 12.130898
v 5.537292 6.526667 10.161149
v 5.469210 5.182014 10.729185
v 5.524705 6.915003 8.444062
v 5.162517 6.364710 9.112911
v 5.186807 5.264614 10.241815
v 4.882418 5.638165 9.607355
v 4.931063 5.064501 10.102277
v 4.075862 5.285336 9.340240
v 4.198666 4.744129 10.086493
v 5.054594 4.425941 10.523026
v 4.376183 4.184700 10.755377
v 5.238370 3.730803 10.892139
v 4.599280 3.567530 11.349057
v 2.822147 4.469837 9.388214
v 3.167582 4.003374 10.205004
v 3.477310 3.575283 10.964887
v 3.736289 3.084166 11.639731
v 3.151100 2.539780 11.882009
v 1.587828 3.955280 9.980808
v 0.792877 4.237762 8.728329
v 2.220348 3.464903 11.129825
v 5.838192 7.073442 8.092249
v 6.648726 7.345972 22.212185
v 6.807863 6.294098 22.166786
v 7.367325 4.746593 22.101799
v 7.455803 4.569193 24.450533
v 8.352553 2.991310 24.357143
v 9.111011 2.575136 24.435963
v 10.668168 4.437157 24.093555
v 10.561779 4.094753 21.772476
v 8.983306 8.234356 21.713478
v 8.709834 8.623146 21.723330
v 8.431484 8.930521 21.733524
v 7.079077 6.113865 24.690659
v 6.939167 5.836344 25.658457
v 7.041324 4.893253 25.441652
v 7.278475 4.098705 25.293140
v 7.621372 3.448935 25.232164
v 8.243270 2.809408 25.278690
v 8.905915 2.511677 25.406660
v 9.367749 2.504868 25.491627
v 8.846127 2.391018 25.706497
v 8.109734 2.701300 25.534819
v 9.349743 2.404804 25.833527
v 7.418960 3.363878 25.456938
v 7.030604 3.159559 25.536449
v 7.034075 4.019882 25.506174
v 6.565889 3.892570 25.568514
v 6.622009 5.739992 25.888237
v 6.753613 4.804560 25.655369
v 6.223174 4.746813 25.719379
v 6.054878 5.728704 25.972975
v 6.684519 6.848572 26.187475
v 6.821733 7.979481 26.565126
v 6.276978 7.990860 26.719278
v 6.114314 6.844933 26.312849
v 7.000182 6.933138 25.923450
v 6.914205 8.979847 27.033880
v 7.003359 9.853142 27.550283
v 6.417761 9.062288 27.171967
v 6.555790 10.032038 27.656183
v 5.486740 9.796209 26.825869
v 6.966743 11.674364 28.682262
v 7.590988 12.693920 29.315449
v 7.877103 12.243132 29.300764
v 8.081928 11.987761 29.060226
v 7.351859 11.314547 28.617865
v 7.665508 11.175436 28.299919
v 8.825308 9.183376 24.538347
v 9.051095 8.791357 24.391697
v 9.519851 7.757275 24.052605
v 9.238383 9.292707 25.819206
v 10.161603 7.090065 24.771481
v 10.428931 6.446472 24.559856
v 10.672886 5.908302 24.534918
v 10.873396 5.458946 24.655994
v 11.009689 5.080467 24.883425
v 11.081627 4.753302 25.159319
v 10.430154 5.390591 23.796532
v 10.065754 6.348173 23.713633
v 9.789514 7.069416 23.849480
v 10.018034 1.049227 16.055199
v 10.324387 1.325218 15.952951
v 10.620998 1.727900 15.842889
v 10.918514 0.715237 16.363119
v 10.499721 0.508532 16.520117
v 10.125112 0.300056 16.641991
v 9.609654 0.022482 16.624634
v 9.144775 -0.265084 16.382885
v 10.192212 -0.089618 17.135923
v 10.557216 0.138514 17.038443
v 10.626068 -0.246243 17.729851
v 10.277603 -0.526228 17.799034
v 9.717425 -0.407582 17.082289
v 9.275406 -0.695890 16.785587
v 11.094565 -0.033825 17.688213
v 8.921059 -0.577785 16.161703
v 8.968731 0.122694 15.542801
v -5.923967 -0.431264 17.493305
v -6.299217 0.375818 17.581202
v -5.881020 -0.911104 17.355675
v -5.885771 -1.397640 17.221649
v -6.347654 1.046097 18.074070
v -6.848646 0.856895 17.395464
v -6.761221 1.446898 18.073666
v -7.335978 1.807892 18.115021
v -5.646530 2.654284 19.060383
v -7.190422 1.240021 17.415396
v -7.721544 1.582636 17.466711
v -7.848209 1.712046 18.319986
v -7.525400 2.459980 19.080763
v -8.198193 1.439627 17.641823
v -8.647106 1.320194 16.830244
v -9.180870 1.339720 15.844627
v -8.195511 1.514814 16.680639
v -8.750816 1.580418 15.714814
v -9.381865 1.756351 14.527362
v -7.738064 1.232790 16.563597
v -7.473560 0.893379 16.492451
v -8.158087 1.087975 15.417528
v -8.363264 1.373915 15.534657
v -9.025122 1.611414 14.345596
v -8.838224 1.374495 14.223222
v -7.222591 0.350439 16.327446
v -7.944292 0.630949 15.234083
v -8.638052 0.979185 14.048181
v -7.082596 -0.573558 15.982430
v -7.092573 -0.201846 16.123495
v -8.510159 0.558764 13.869481
v -9.815273 0.891239 14.523664
v -7.133278 -0.951497 15.856207
v -9.646610 0.276770 14.345448
v -5.418018 3.364382 7.739050
v -7.260239 2.303053 -0.257067
v -6.029428 2.149759 0.361071
v -7.011530 1.508844 -0.598732
v -5.880558 1.347584 -0.175042
v -7.619829 -1.262611 -2.689707
v -6.274172 -2.085649 -1.976823
v -5.457211 -2.366665 -1.605506
v -4.883158 2.408394 -15.624788
v -0.400993 -1.624569 1.927844
v -0.441143 -1.765386 1.834575
v -0.244465 -1.783903 1.727972
v -1.923458 -0.100435 1.447942
v -1.669674 0.119499 1.698923
v -0.209406 -1.639481 1.843918
v -3.084343 -1.904886 -3.077669
v -3.592285 -2.300584 -2.211134
v -2.647598 -1.103619 -2.402327
v 8.673507 -3.590907 15.221181
v 1.733837 4.269053 4.053325
v 4.516786 3.934500 2.592088
v 0.286930 4.277925 6.241357
v 0.177578 4.299055 7.479949
v 2.976065 2.969540 11.400065
v -9.540453 2.952822 6.086167
v -9.841595 2.655077 6.353394
v -9.185703 3.474691 6.042049
v -8.949844 4.201004 6.615826
v 22.779045 19.032892 3.895694
v 23.445568 18.738523 3.180228
v 23.949602 21.778337 -0.250091
v 5.948767 16.089514 28.250257
v 19.266527 -3.713783 26.046749
v 19.464811 -3.775550 26.266390
v 18.990574 -3.632659 26.251068
v 19.335909 -0.786960 25.913565
v 19.460478 -0.394673 25.441889
v 18.783104 -0.610195 26.086626
v 18.971054 -1.026863 26.205400
v 19.009245 -1.535128 26.331076
v 19.771395 -1.027142 25.747707
v 20.007687 -0.775190 25.233082
v 20.796728 -1.919244 25.198921
v 20.578369 -2.210598 25.726492
v 20.922832 -2.302218 25.217825
v 20.967916 -2.503891 24.872278
v 20.711916 -2.068828 24.545107
v 20.686081 -2.645125 24.869556
v 20.839462 -2.940962 25.363445
v 20.527420 -2.948591 25.182453
v 20.802710 -2.619755 25.589092
v 20.426544 -2.985337 25.989294
v 20.477240 -3.315495 25.780876
v 20.194986 -2.532124 26.086830
v 19.737709 -2.814183 26.361345
v 19.352930 -2.980501 26.504276
v 18.705593 -1.673837 26.458515
v 18.588549 -1.217206 26.420464
v 18.006510 -1.475679 26.373129
v 18.402740 -0.841569 26.313393
v 17.933657 -1.023829 26.304386
v 19.764694 -0.909673 24.358311
v 19.339876 -0.390195 24.519503
v 20.242680 -1.494751 24.452591
v 20.479858 -2.303447 24.561335
v 19.982710 -1.738276 24.392622
v 20.142307 -2.588690 24.804947
v 19.805696 -2.979208 25.178885
v 20.295710 -3.298652 25.536446
v 19.745331 -3.618064 25.851862
v 19.313570 -3.168589 25.446236
v 19.928244 -3.663025 26.107798
v 19.924519 -3.305348 26.301970
v 19.500265 -3.436491 26.461676
v 19.152470 -3.432468 26.438093
v 18.852999 -3.169617 26.429180
v 19.055641 -0.612062 24.370153
v 19.465601 -1.168097 24.226542
v 19.662903 -2.020425 24.583319
v 18.866486 -2.564920 25.178251
v 18.840731 -3.297179 25.781841
v 18.423786 -2.683647 25.558107
v 18.705626 -3.281875 26.121277
v 18.322880 -2.667755 26.008120
v 17.768841 -1.614434 25.973469
v 17.933369 -2.042412 25.893040
v 17.743687 -1.126705 25.995295
v 18.791134 -0.843613 24.478987
v 18.471201 -1.093162 24.729887
v 18.160791 -0.419850 24.851818
v 18.373310 -0.236306 24.668282
v 19.155254 -1.450451 24.368481
v 18.390297 -1.959989 24.916813
v 18.105429 -1.314803 25.033003
v 17.991713 -2.062399 25.334391
v 17.802189 -1.391380 25.440577
v 17.670128 -0.650200 25.790752
v 17.700836 -0.659849 25.482557
v 17.877739 -0.587341 25.147060
v 23.005352 -1.457888 21.129326
v 22.841816 -1.401173 20.864531
v 23.101387 -1.380842 21.032145
v 23.308338 -1.350165 21.279453
v 21.830053 -1.971473 21.365997
v 21.918026 -1.874574 21.166008
v 22.116552 -1.741360 21.005316
v 22.218897 -1.797471 21.413057
v 23.140045 -1.609794 21.824942
v 22.962090 -1.730456 21.913778
v 22.894072 -1.658860 21.660519
v 23.137833 -1.547501 21.609390
v 23.358635 -1.412704 21.651447
v 23.275156 -1.531339 21.959929
v 23.085054 -1.705672 22.135933
v 21.816988 -2.101957 21.902084
v 21.805182 -2.083091 21.773218
v 22.003353 -2.029797 21.846636
v 21.979792 -2.082228 22.003372
v 21.677750 -2.110712 21.943441
v 21.612507 -2.095588 21.777052
v 21.836950 -2.093435 22.137781
v 22.212379 -2.033655 22.328697
v 22.289764 -2.008264 22.128302
v 21.726986 -1.966246 22.317760
v 21.484360 -1.996711 22.089293
v 22.161816 -1.894089 22.500637
v 22.729866 -1.876942 22.387259
v 22.683475 -1.715417 22.563721
v 22.512720 -1.216943 22.773020
v 22.004303 -1.446037 22.692402
v 23.103117 -1.446717 22.474606
v 22.937126 -0.930735 22.691856
v 23.378010 -1.202714 22.219156
v 23.224476 -0.672897 22.401442
v 22.884605 0.055668 22.536873
v 22.590828 -0.130156 22.819258
v 23.340614 -0.505255 21.959915
v 23.015627 0.202295 22.111168
v 23.279514 -0.410353 21.458080
v 22.969755 0.284014 21.639778
v 22.504259 0.930611 21.824310
v 22.544302 0.899630 22.229071
v 22.709974 0.264927 21.229483
v 22.256201 0.083639 20.938702
v 21.308964 0.416243 20.902138
v 21.223372 1.645519 21.456913
v 21.485657 1.806829 21.701517
v 20.717867 1.368376 21.235735
v 20.277380 1.142151 21.185083
v 19.682030 0.810709 21.802155
v 19.772852 0.856726 21.509563
v 20.002670 0.226292 21.433584
v 19.876612 0.140352 21.831839
v 19.977339 0.980545 21.281940
v 20.219120 0.390627 21.123196
v 20.486704 -0.176250 20.996094
v 20.259396 -0.350389 21.354036
v 20.831120 0.097000 20.837948
v 21.160660 -0.485125 20.731691
v 20.796883 -0.790357 20.938631
v 21.688265 -0.179461 20.753258
v 22.620596 -0.645014 20.777094
v 22.104053 -0.879558 20.655508
v 23.005821 -0.448272 21.027245
v 23.416214 -0.928739 21.315046
v 23.165113 -0.941872 20.916445
v 23.493778 -1.030970 21.792294
v 23.359350 -1.427216 22.071301
v 23.471790 -1.286794 21.704926
v 23.133211 -1.645678 22.288523
v 22.714067 -1.899912 22.232798
v 22.673908 -1.876090 22.058651
v 21.595989 -2.053003 21.565771
v 21.631737 -1.965151 21.308437
v 21.347376 -1.937190 21.562447
v 21.392820 -1.842878 21.258591
v 21.367960 -1.985722 21.841982
v 21.205250 -1.656131 22.268078
v 21.034037 -1.675785 21.976242
v 21.526535 -1.570148 22.511255
v 21.593510 -0.586521 22.827965
v 21.102676 -0.910131 22.651419
v 22.163038 -0.331017 22.915712
v 22.143223 0.625755 22.835079
v 22.413689 0.785715 22.596437
v 22.011452 1.301662 22.618185
v 22.108383 1.391907 22.295750
v 21.642487 1.858202 22.335886
v 21.564785 1.771564 22.635458
v 21.617579 1.873705 22.007948
v 19.851223 0.880829 22.367916
v 20.002712 0.252298 22.399139
v 20.135386 0.965183 22.575405
v 19.694035 0.822618 22.093166
v 19.865198 0.164944 22.152805
v 20.155161 -0.472942 22.206821
v 20.270037 -0.396832 22.463560
v 20.135639 -0.463622 21.819004
v 20.553450 -1.151802 21.702084
v 20.623857 -1.194880 22.096966
v 20.613415 -1.008695 21.286379
v 21.207296 -1.327370 20.910070
v 21.016081 -1.516839 21.241127
v 21.580471 -1.104098 20.673382
v 22.260794 -1.275750 20.652752
v 21.831554 -1.488137 20.734344
v 22.794819 -1.060721 20.709579
v 23.194641 -1.221815 20.912380
v 22.844961 -1.296197 20.744040
v 23.420301 -1.212495 21.273041
v 22.397522 -1.548786 20.867615
v 22.334200 -1.471234 20.745831
v 21.971163 -1.684201 20.850843
v 21.745745 -1.847985 21.061911
v 21.545656 -1.683619 20.967745
v 20.964556 -1.628532 21.616882
v 20.798634 -1.125278 22.416695
v 20.537216 -0.231544 22.618189
v 21.075092 0.077583 22.799984
v 21.102655 1.392212 22.888639
v 20.664570 1.149841 22.800865
v 21.380642 1.608335 22.836433
v 22.502846 -1.643800 21.327030
v 22.011265 -1.292921 16.984411
v 21.863445 -1.315433 17.304386
v 21.754150 -1.345469 17.017540
v 22.029415 -1.258365 16.796587
v 21.732437 -1.308997 16.698013
v 21.547237 1.643553 19.001068
v 22.463314 1.138037 19.001287
v 21.968834 2.266441 19.043694
v 21.521832 2.172316 19.038990
v 22.947151 1.399328 18.788963
v 22.376942 2.461239 18.746477
v 21.419312 1.210938 18.904182
v 22.165033 0.728622 18.908777
v 23.690201 -0.663015 18.254307
v 23.672100 -0.369410 18.452549
v 23.335161 -0.579597 18.636738
v 23.467815 -0.821364 18.239275
v 20.627192 1.692020 18.625456
v 20.959641 1.401131 18.803688
v 21.073147 1.765236 18.878576
v 20.803518 1.912832 18.632841
v 23.169863 1.680695 17.824173
v 22.348812 2.314373 17.613676
v 22.411251 2.538662 18.146749
v 21.860796 0.470516 18.762821
v 21.233429 0.451862 18.622513
v 21.514921 -0.561061 18.218342
v 22.229652 -0.451371 18.516396
v 20.543957 -0.254357 17.920900
v 20.648676 0.682322 18.582762
v 20.106768 0.098549 17.985447
v 22.083923 -1.191371 16.543320
v 22.249203 -1.062802 16.321190
v 22.623243 -0.847464 16.205746
v 23.014433 -0.758215 16.700787
v 21.348946 1.745684 16.176933
v 22.265654 1.055267 16.110161
v 21.679411 0.493750 16.023964
v 20.918179 1.031473 16.163235
v 20.665243 1.784258 16.244558
v 20.419722 1.243826 16.269054
v 22.028158 2.172134 16.490839
v 22.793316 1.420025 16.528782
v 21.097532 2.134665 18.920527
v 22.296192 2.338785 17.080313
v 23.046608 1.649061 17.229370
v 23.816656 0.622721 17.775829
v 23.737850 0.679098 17.101826
v 23.155476 1.597725 18.352650
v 23.696968 0.481773 18.296560
v 23.441807 0.286736 18.640194
v 23.127600 0.039240 18.774357
v 22.758675 -0.223897 18.717287
v 22.987045 -0.747035 18.572674
v 23.139122 -0.935475 18.206568
v 22.421738 -0.915898 18.315651
v 22.620861 -1.056964 18.041813
v 21.856789 -1.058167 17.921169
v 22.133245 -1.207255 17.657404
v 22.799232 -1.015848 17.713036
v 23.407606 -0.788167 17.736124
v 23.838432 -0.532922 17.755943
v 23.781935 -0.479776 17.209690
v 23.942677 -0.071300 17.123301
v 23.964334 -0.159829 17.754234
v 23.585367 -0.491447 16.671246
v 23.686403 -0.069310 16.478678
v 23.183897 -0.550183 16.215639
v 23.167147 -0.257055 16.033180
v 22.446178 -0.649168 15.893806
v 21.989979 -0.974598 16.075270
v 21.788988 -1.186236 16.370178
v 21.278185 -1.118320 16.637098
v 21.368544 -0.917243 16.237576
v 21.322353 -1.202165 17.057793
v 21.503843 -1.178973 17.466970
v 20.994892 -0.712578 17.685396
v 20.764040 -0.671114 16.628723
v 20.860716 -0.444898 16.239594
v 21.119703 -0.069556 16.052465
v 21.617702 -0.622706 15.949543
v 22.249821 -0.254247 15.849328
v 22.933296 0.272053 15.979407
v 23.423933 0.595657 16.431086
v 20.468672 0.446157 16.238098
v 19.738676 0.184889 16.839331
v 19.819616 0.418316 16.552559
v 19.833342 0.045036 17.359777
v 19.486237 0.470377 17.526165
v 19.434717 0.596575 17.054176
v 19.702778 0.466511 18.014593
v 19.449947 0.966436 18.039137
v 19.309683 0.973513 17.660040
v 20.211615 0.944250 18.524569
v 19.883463 1.307636 18.434950
v 20.339609 1.835953 18.556870
v 19.300238 1.090834 17.255051
v 19.468794 1.267796 16.931215
v 19.592558 0.861481 16.721792
v 19.798771 1.548410 16.853401
v 19.865290 1.152761 16.568394
v 20.049431 0.748079 16.374941
v 20.121866 1.444609 16.465263
v 22.436495 -1.425519 23.295870
v 22.418152 -1.495802 22.963497
v 22.159019 -1.024380 22.893442
v 22.256199 -0.997283 23.338531
v 22.469118 -1.794789 23.219654
v 20.878994 -2.311594 24.117464
v 21.466257 -2.596845 24.250469
v 20.924843 -2.279202 24.555397
v 21.863270 -1.225320 22.652380
v 22.159306 -1.671925 22.776039
v 21.586966 -1.525286 22.668158
v 21.836626 -1.335417 24.382271
v 21.957256 -1.876326 24.365948
v 22.286236 -1.727265 23.861586
v 22.114765 -1.182283 23.921854
v 21.581810 -1.604280 24.652466
v 21.280127 -2.050227 24.750040
v 21.867874 -2.327850 24.408104
v 21.178633 -1.100322 24.806072
v 20.735592 -1.440310 24.858671
v 21.526587 -0.811880 24.527617
v 21.128014 -0.227709 24.666286
v 20.768591 -0.495459 24.908619
v 21.809376 -0.573755 24.045609
v 21.413952 0.020073 24.196449
v 21.937765 -0.376654 23.439598
v 21.770313 -0.402815 22.957447
v 22.208673 -1.985888 23.030352
v 22.299673 -2.173286 23.791370
v 21.956501 -2.455558 23.644081
v 20.386108 -1.680326 24.511959
v 20.331667 -0.802719 24.930365
v 19.965939 -1.033123 24.511341
v 20.354021 0.086334 24.930742
v 19.975201 -0.171382 24.925348
v 20.710722 0.332150 24.706324
v 20.960072 0.531147 24.330784
v 21.526773 0.228954 23.586702
v 20.995346 0.683699 23.754517
v 21.340830 0.181166 23.093594
v 20.888996 -0.163206 22.730097
v 21.386301 -0.722840 22.624659
v 21.042240 -1.185066 22.580488
v 20.467251 -0.565809 22.617031
v 20.829199 -1.479127 22.781027
v 20.248432 -0.813512 22.748056
v 21.532137 -1.904483 22.925716
v 21.345005 -2.245518 23.459045
v 20.618153 -1.703558 23.185675
v 20.337158 -1.805135 23.902943
v 19.827852 -1.159396 23.838860
v 20.032343 -1.040600 23.135639
v 19.682978 -0.380459 24.546717
v 19.756824 0.244961 24.804962
v 19.532776 0.083967 24.515575
v 20.069424 0.432791 24.823776
v 20.369146 0.635788 24.653120
v 20.547657 0.807501 24.322718
v 20.592220 0.931372 23.930758
v 20.831440 0.628889 23.311968
v 20.437178 0.324032 22.987089
v 20.115194 0.662870 23.210083
v 20.385626 0.868822 23.396086
v 20.057367 0.005152 22.860456
v 19.864193 -0.194516 22.952412
v 19.661695 -0.414577 23.297285
v 19.521307 -0.515959 23.901876
v 19.388931 0.005140 23.962284
v 19.795128 0.428385 23.125275
v 19.631227 0.279961 23.198204
v 19.480354 0.107801 23.460871
v 23.122065 -1.036922 18.730097
v 23.419329 -0.964672 18.774426
v 23.628069 -1.007424 19.029188
v 22.137396 -1.638364 20.234005
v 22.242237 -1.621040 20.166943
v 22.346601 -1.573454 20.268122
v 22.300705 -1.574645 20.429808
v 22.096273 -1.669230 20.015207
v 20.658281 -0.212931 20.317751
v 20.419146 -0.162999 19.992157
v 20.794567 0.118128 20.554205
v 20.279905 0.434349 20.332411
v 21.344908 -0.348562 20.673540
v 22.561033 -1.494409 19.173143
v 22.958548 -1.231714 19.091871
v 22.982437 -1.291767 19.350431
v 22.885933 -1.194636 18.895378
v 20.132589 1.130648 20.270027
v 19.816914 1.006989 19.949013
v 19.918627 0.354387 19.819056
v 20.314711 -0.119231 19.556890
v 23.496948 -1.159815 19.767469
v 22.970158 -1.322848 19.674387
v 21.076441 1.711426 20.618004
v 20.619255 1.415705 20.520124
v 21.453773 1.280703 20.717211
v 21.309059 1.928143 20.544781
v 21.859562 0.886723 20.833931
v 21.464762 2.071878 20.321608
v 22.791168 0.601681 20.772577
v 23.024973 0.793797 20.390354
v 23.136608 0.884235 19.952017
v 23.028528 0.866636 19.461174
v 23.614037 0.146456 19.711748
v 23.503010 0.136217 19.196404
v 22.727247 0.729826 19.047731
v 23.211952 -0.006599 18.797016
v 22.811686 -0.230542 18.555294
v 22.287920 0.517828 18.741949
v 23.448193 -0.543077 18.681868
v 23.055065 -0.691681 18.532667
v 22.595953 -0.891606 18.506554
v 22.281097 -0.448421 18.455282
v 22.292421 -1.167207 18.646057
v 21.915617 -0.761616 18.521591
v 22.735523 -1.079348 18.583706
v 22.468304 -1.314280 18.743580
v 22.132748 -1.417158 18.911634
v 22.328617 -1.534822 19.000963
v 22.571217 -1.342138 18.839439
v 22.444216 -1.533575 19.083204
v 22.214384 -1.667310 19.343063
v 22.033981 -1.579598 19.264383
v 22.337318 -1.654213 19.415218
v 22.271784 -1.651268 19.765026
v 22.092796 -1.698337 19.752636
v 22.656084 -1.432024 20.393404
v 23.058155 -1.245991 20.513128
v 23.067488 -1.171221 20.651213
v 22.620937 -1.416885 20.565393
v 23.411530 -1.149358 20.226341
v 23.504211 -1.039654 20.379604
v 23.663486 -1.095803 19.844511
v 23.824617 -0.913507 19.945105
v 23.801750 -1.024677 19.377829
v 23.908894 -0.870320 19.403345
v 23.623228 -1.099070 19.374483
v 23.776882 -0.822537 18.944334
v 23.749264 -0.493338 19.008196
v 23.875744 -0.536894 19.488018
v 23.473244 -0.828419 18.673698
v 23.128731 -0.914588 18.583981
v 22.807209 -1.137873 18.701710
v 23.503677 0.037943 20.226774
v 23.785423 -0.610101 20.038080
v 23.237020 -0.158385 20.672060
v 22.381516 0.325644 20.912926
v 22.802214 -0.481886 20.843498
v 21.831831 -0.013096 20.856821
v 21.297455 0.523573 20.765398
v 21.551794 -1.149648 20.376925
v 21.857025 -0.991545 20.653852
v 22.296442 -0.784758 20.796310
v 22.993408 -0.949984 20.741295
v 22.466003 -1.232956 20.696627
v 23.472170 -0.716721 20.526083
v 22.093708 -1.398079 20.563097
v 21.889742 -1.509747 20.333590
v 21.848022 -1.577443 20.047321
v 20.904652 -0.714415 19.380081
v 20.347141 -0.006834 19.122044
v 21.005444 -0.631186 18.961035
v 20.534607 0.222755 18.784496
v 21.167170 -0.458867 18.673325
v 19.896030 0.409184 19.355457
v 20.010019 0.601995 19.045113
v 19.717762 0.966331 19.579313
v 19.830742 1.067581 19.237175
v 21.527451 2.135296 19.979967
v 21.480743 2.120823 19.604136
v 21.315809 2.011885 19.314541
v 22.189360 1.225830 19.208015
v 21.739077 1.032372 18.938173
v 21.752542 0.204008 18.542454
v 21.102043 0.675518 18.731968
v 21.388920 -0.190803 18.513559
v 21.728394 -1.048211 18.759735
v 21.618166 -1.228477 19.110809
v 21.900974 -1.623440 19.679922
v 20.734312 0.398661 18.706186
v 20.266529 0.799860 18.886271
v 20.096399 1.245750 19.026337
v 20.484926 1.477165 18.992048
v 21.009403 1.800823 19.113073
v 23.019352 -0.530258 15.609564
v 22.336016 -0.871590 14.949166
v 22.875492 -0.581450 14.833389
v 21.864948 2.059916 15.995546
v 21.388994 2.008486 16.172615
v 21.404686 1.619141 16.456369
v 22.148987 1.376381 16.268724
v 20.361191 0.172770 14.925122
v 20.879431 -0.170167 15.727217
v 20.237787 0.445881 16.033894
v 20.139137 0.595955 14.954700
v 21.039206 -0.059547 14.097486
v 21.596495 -0.608534 15.325848
v 20.398905 0.654303 14.276482
v 20.739868 0.863464 13.867352
v 21.242083 0.384943 13.582397
v 19.949080 1.082817 16.154812
v 20.001053 1.073683 15.093849
v 23.122051 0.800625 16.046284
v 23.521456 1.504271 15.324238
v 22.364357 2.352642 15.575901
v 23.055904 1.723408 13.890413
v 22.735441 0.654049 13.109521
v 22.147539 1.287384 13.361949
v 23.645609 1.049355 13.638597
v 23.459272 0.346256 14.098378
v 22.041828 -0.087653 13.306174
v 22.042187 -0.470600 13.731647
v 24.123884 0.864603 14.976858
v 22.427849 -0.144548 16.066998
v 21.642149 0.315905 16.321669
v 20.887981 0.820707 16.532633
v 20.899174 1.729147 16.636318
v 20.477482 1.303740 16.648628
v 23.620451 0.160686 15.579179
v 21.613045 1.722092 13.662719
v 20.406513 1.352694 14.146626
v 21.198549 2.146648 14.017352
v 20.140970 1.160662 14.487324
v 21.913853 2.512564 14.456331
v 17.993179 -4.885516 26.903196
v 17.700808 -5.170097 27.038237
v 18.308571 -5.081524 26.678555
v 17.526125 -4.951475 27.076593
v 17.598541 -5.339724 26.551603
v 17.802237 -4.985830 26.661861
v 18.167519 -5.100701 26.463963
v 17.406565 -4.993807 26.834702
v 16.909634 -5.165507 26.996744
v 16.967804 -5.541576 26.751280
v 16.703547 -5.367850 27.069426
v 16.768610 -5.414041 27.202330
v 17.006413 -5.207109 27.193441
v 16.904305 -5.729882 27.093042
v 17.181971 -5.546064 27.124264
v 16.790041 -5.690969 26.885397
v 17.056154 -6.063238 26.940086
v 16.920721 -6.022365 26.719902
v 17.128492 -6.512322 26.441502
v 17.276928 -6.556460 26.673929
v 17.233774 -6.336496 26.246477
v 17.049835 -5.871867 26.557421
v 17.540493 -6.929788 25.788799
v 17.452602 -7.147840 26.017126
v 17.555599 -6.111157 26.157328
v 18.194618 -7.299365 25.189646
v 17.947731 -7.526039 25.284657
v 18.519531 -7.106213 25.127096
v 18.667576 -6.274965 25.654312
v 18.937138 -6.980714 25.125803
v 19.059626 -7.111681 25.461004
v 18.825182 -6.420947 25.969694
v 17.925467 -5.884812 26.105501
v 18.414070 -5.649555 26.106144
v 18.586191 -5.721427 26.377146
v 18.532133 -6.724201 26.370605
v 18.796946 -7.436392 25.932682
v 18.347387 -7.705105 26.010929
v 17.992380 -7.028416 26.445358
v 17.610247 -7.202427 26.299259
v 18.010878 -7.843920 25.851999
v 18.241673 -5.989210 26.699890
v 17.638403 -6.370381 26.772238
v 17.959208 -5.487947 26.920046
v 17.360228 -5.879439 26.994850
v 17.869047 -7.761477 25.553123
v 25.107185 -1.623137 13.046657
v 25.137146 -2.364946 14.138318
v 24.544353 -1.978323 14.047225
v 24.711723 0.958588 14.219208
v 24.874371 0.975227 13.650182
v 24.399323 1.115620 13.935761
v 25.454704 -0.986540 12.696791
v 23.830301 0.742296 12.963945
v 24.423393 0.598978 12.736558
v 24.025806 0.277412 12.677779
v 23.833946 0.517557 12.800580
v 25.787035 0.106775 13.706175
v 26.172508 -0.406651 13.721094
v 25.944405 -0.412773 13.023270
v 25.182068 -1.316277 15.353978
v 24.709740 -1.963549 14.911031
v 25.489714 -1.930771 14.920267
v 25.657776 -1.596470 15.040054
v 24.471588 -0.841998 15.622812
v 23.626408 -1.477943 14.089705
v 23.207085 -1.061058 15.385681
v 22.836103 -0.935543 14.246971
v 23.189445 -0.266550 13.179765
v 23.870041 -0.868231 13.095800
v 22.574842 -0.567420 14.358648
v 22.972965 0.123266 13.298948
v 22.605404 -0.283792 14.434633
v 22.964903 0.394785 13.503244
v 23.351707 0.699398 14.102899
v 24.085373 1.075289 13.447572
v 23.786787 0.852757 14.608581
v 23.337961 0.228628 15.336045
v 22.846973 -0.362717 15.373972
v 22.891495 -0.694277 15.505980
v 23.905943 -0.326510 15.820113
v 23.579525 0.048683 15.741843
v 25.523207 -0.666462 15.222314
v 24.943138 -0.074654 15.298223
v 25.954788 -1.065669 15.021412
v 26.210291 -0.748169 14.527738
v 25.909779 -0.355968 14.582098
v 25.484104 0.218086 14.534896
v 26.360970 -0.871764 13.910129
v 25.033077 0.708138 14.392829
v 24.451244 0.475796 15.196674
v 24.127506 0.751307 14.972854
v 25.339724 0.638706 13.660255
v 25.173113 0.441597 13.016174
v 24.875214 0.188190 12.698166
v 25.708208 -0.627637 12.737498
v 24.502575 -0.177408 12.608523
v 24.700176 0.875629 13.091367
v 25.245934 -2.407845 14.641211
v 24.302425 -0.825865 20.350683
v 23.846542 -0.918411 20.392469
v 24.039984 -0.993821 20.772879
v 24.391422 -0.823311 18.722820
v 24.185284 -0.624438 18.973368
v 24.201221 -0.585651 19.216208
v 24.744949 -0.829822 19.102360
v 23.858568 -4.049969 19.389544
v 23.440006 -3.133055 19.078083
v 23.591492 -3.127993 18.781231
v 23.136478 -1.432987 19.987310
v 23.018953 -1.537971 20.351410
v 23.446465 -1.176193 20.535288
v 23.441811 -1.170687 19.819641
v 23.083290 -2.892371 20.591702
v 23.233284 -3.320777 20.259281
v 23.590412 -3.403177 20.576536
v 23.160793 -2.682294 20.821978
v 23.242186 -2.428052 18.977669
v 23.309868 -3.192512 19.465359
v 23.017872 -2.794420 19.897722
v 22.952574 -2.085189 19.325706
v 23.524420 -3.821276 19.830009
v 23.799908 -3.916165 20.187010
v 24.197908 -3.872611 20.299736
v 24.053289 -3.252069 20.724100
v 24.540831 -3.730985 20.250702
v 24.690016 -3.044673 20.686926
v 24.643871 -2.621976 18.287537
v 24.112629 -2.945949 18.401836
v 23.863668 -1.909745 18.440947
v 24.641438 -1.848177 18.267513
v 23.748081 -3.049484 18.575470
v 23.412859 -2.177712 18.651140
v 23.080467 -1.708154 18.902924
v 23.482777 -1.335713 18.688341
v 22.837320 -1.871140 19.701267
v 22.793037 -2.414893 20.313944
v 22.763491 -2.171757 20.583109
v 23.659966 -2.429860 21.087090
v 23.350357 -2.086604 21.137529
v 23.840509 -2.705012 21.000006
v 24.564728 -2.424186 21.003580
v 24.358463 -2.060329 21.130375
v 25.089520 -2.183846 20.670858
v 24.896372 -1.800851 20.801418
v 25.188126 -2.773562 20.400080
v 25.337240 -1.983597 20.191259
v 25.177431 -1.608515 20.303459
v 25.425619 -2.595428 19.944099
v 25.392569 -1.821895 19.504095
v 25.243265 -1.417629 19.584740
v 25.443253 -2.505692 19.382029
v 25.312170 -1.730356 18.895510
v 25.154270 -1.311449 18.958195
v 25.332088 -2.498784 18.872494
v 25.037018 -1.753194 18.416260
v 24.845259 -1.305535 18.493637
v 25.074980 -2.515225 18.445469
v 24.446659 -1.413233 18.364460
v 24.044756 -0.949864 18.608313
v 23.328453 -1.135713 18.980347
v 22.947002 -1.498798 19.299032
v 23.003819 -1.451771 19.601427
v 23.332497 -1.101040 19.281973
v 22.855354 -1.747492 19.981182
v 23.035076 -1.782953 20.959204
v 24.031696 -1.689194 21.223980
v 23.648117 -1.317037 21.122475
v 24.550367 -1.378974 20.905115
v 24.848730 -1.148059 20.401134
v 24.907669 -0.939558 19.685293
v 23.850199 -0.760447 18.869928
v 23.808411 -0.714184 19.156025
v 23.904890 -0.782365 19.725260
v 24.329620 -0.647903 19.738037
v 25.102148 -2.704700 15.749021
v 24.706867 -2.809734 15.945203
v 24.476934 -2.433780 15.705185
v 25.067776 -2.138233 15.706215
v 24.527180 -2.932224 15.976040
v 24.007652 -2.696036 15.892790
v 24.632587 -3.131335 16.097900
v 24.311283 -3.208999 16.010748
v 23.379822 -2.469114 17.987928
v 22.813673 -1.883679 18.004517
v 23.180313 -2.461883 17.391680
v 24.840887 -0.391210 17.353960
v 24.738598 -0.289401 16.784723
v 24.217766 -0.054280 17.234333
v 24.670424 -0.402056 17.794363
v 23.814854 -0.128716 16.249828
v 24.221764 -0.387285 15.962355
v 23.503838 -0.752597 15.806652
v 23.347649 -0.374807 16.456400
v 25.497742 -2.372227 17.186121
v 25.669144 -2.156353 16.856833
v 25.428776 -1.112112 17.248211
v 25.300179 -1.229491 17.677025
v 25.601503 -2.064838 16.289125
v 25.373337 -1.033393 16.541243
v 24.812254 -1.170631 15.720448
v 24.013412 -1.550674 15.561534
v 23.473030 -1.858200 15.852348
v 24.015373 -3.410366 16.290062
v 23.635357 -2.892806 16.392572
v 24.384165 -3.575034 16.959551
v 23.980738 -3.128921 17.484280
v 23.675940 -3.091873 17.086233
v 24.081549 -3.573924 16.724443
v 24.425657 -2.953180 17.620422
v 23.863815 -2.160227 18.320322
v 25.103271 -2.623253 17.467651
v 24.797386 -1.587178 18.127783
v 24.121628 -0.717222 18.353327
v 23.678812 -0.435325 17.718473
v 22.929052 -1.205027 16.212420
v 23.145523 -2.187210 16.549849
v 22.657120 -1.616072 17.052977
v 22.953804 -0.998283 17.695545
v 23.207331 -1.395831 18.489773
v 22.885660 -0.724759 16.750368
v 22.452093 -2.096029 22.559519
v 22.189388 -2.062834 21.914938
v 22.142643 -2.223536 22.354237
v 23.736237 -2.344131 21.120247
v 24.009863 -3.157131 20.875225
v 23.367233 -3.269690 20.686506
v 23.159340 -2.491213 20.970711
v 22.908037 -3.489635 20.826138
v 22.602848 -2.776168 21.100628
v 23.570675 -3.869946 20.609041
v 23.187599 -4.062426 20.705006
v 22.622395 -3.789323 21.230900
v 22.924053 -4.301008 21.054214
v 23.464804 -4.472425 20.740810
v 23.245848 -4.650598 21.005596
v 23.225731 -4.855507 21.468538
v 22.861551 -4.552258 21.662140
v 23.676229 -4.369071 20.659285
v 24.147621 -3.774551 20.808842
v 24.078720 -2.305385 21.488836
v 24.392935 -3.178158 21.333576
v 23.397091 -1.613437 21.775671
v 23.667782 -1.809280 21.652899
v 23.424177 -1.804981 21.269646
v 22.943876 -1.926353 21.224686
v 22.436047 -2.221087 21.315899
v 22.263077 -2.994597 21.510254
v 22.561064 -4.045731 21.932102
v 23.510172 -4.845379 21.824966
v 23.201328 -4.527802 22.066790
v 24.489048 -3.812654 21.234028
v 24.378864 -3.328638 21.950348
v 24.456469 -3.973395 21.744591
v 24.073261 -2.410395 22.048876
v 23.657700 -2.770242 22.601040
v 23.880753 -3.598559 22.413197
v 23.650059 -1.909173 21.977623
v 22.956417 -1.749336 22.342081
v 23.401779 -2.143439 22.610229
v 22.841228 -1.701819 21.638964
v 22.459383 -1.895505 21.686852
v 22.091122 -2.445160 21.672554
v 22.033398 -2.626271 22.339815
v 22.954649 -3.982379 22.390287
v 22.696308 -3.133159 22.703463
v 23.540930 -4.408204 22.162151
v 23.320065 -3.838953 22.491570
v 23.767754 -4.752748 21.911116
v 24.037104 -4.210221 22.102905
v 24.049210 -4.649139 21.909567
v 23.075567 -3.028199 22.776735
v 22.928280 -2.446291 22.885042
v 22.552399 -2.611278 22.890001
v 22.677753 -1.950978 22.512589
v 21.432976 -2.851600 24.302553
v 21.651499 -2.577069 24.218056
v 21.513622 -2.733211 23.961901
v 21.359844 -3.030841 24.173716
v 21.455334 -3.134516 24.387699
v 21.466202 -2.889731 24.442896
v 22.823303 -2.835203 22.911945
v 22.646923 -2.307247 23.177759
v 23.016258 -2.765186 23.303232
v 22.196453 -2.136308 23.804859
v 22.330179 -2.226354 23.061739
v 21.901371 -2.340496 23.483990
v 22.042507 -2.164935 23.697081
v 21.634689 -3.036894 24.534996
v 23.285622 -4.511129 22.470011
v 23.372641 -4.917389 22.417070
v 22.922318 -4.979994 22.227262
v 22.781376 -4.599009 22.216887
v 22.684143 -4.200765 22.257610
v 23.204723 -4.112432 22.537975
v 22.159336 -4.431931 22.547489
v 22.217453 -4.808959 22.478018
v 22.016310 -3.761353 22.741632
v 22.529633 -3.556457 22.453217
v 21.498466 -3.284963 23.640368
v 21.835316 -2.910783 23.097330
v 21.688847 -4.061418 23.324265
v 21.474159 -3.494110 23.961948
v 21.760666 -2.569706 24.381552
v 21.968994 -2.734183 24.460102
v 21.975286 -3.435331 24.421057
v 22.348024 -3.210842 24.346426
v 21.675184 -3.526917 24.252020
v 21.736511 -4.196773 23.682798
v 22.004108 -4.251646 23.998705
v 21.930046 -5.094948 22.935408
v 22.345551 -5.140468 22.449026
v 23.600178 -4.554415 22.857691
v 23.553101 -4.131704 22.979830
v 23.051987 -3.512283 22.683670
v 23.391630 -3.523624 23.132320
v 22.342905 -2.753242 22.777718
v 22.458996 -2.307393 23.936068
v 22.837051 -2.880209 23.955456
v 22.733749 -4.030216 24.079063
v 23.248428 -3.723377 23.730331
v 22.339123 -4.210383 24.154760
v 21.867565 -4.765956 23.468199
v 22.128778 -4.838506 23.720379
v 21.982725 -5.170284 23.250282
v 22.234016 -5.185500 23.457806
v 22.118904 -5.358120 22.812113
v 22.182335 -5.466546 23.013483
v 22.407059 -5.488195 23.232073
v 22.593748 -5.151245 23.628300
v 22.740126 -5.453285 23.409864
v 22.493219 -4.807871 23.872046
v 22.984806 -5.004990 23.629940
v 22.898371 -4.639446 23.833223
v 23.482979 -4.754477 23.359831
v 23.428871 -4.338099 23.523186
v 21.531281 -3.396864 25.051451
v 21.615469 -3.223783 24.579241
v 21.342682 -3.101330 24.999828
v 20.566650 -3.183507 25.379835
v 21.106316 -2.952103 24.698614
v 20.893518 -3.105924 24.698374
v 20.428701 -3.239314 25.157827
v 19.877556 -3.829750 25.578785
v 20.470150 -3.540517 24.923309
v 19.928431 -4.042707 25.404886
v 20.598213 -4.151677 24.516880
v 20.116043 -4.640549 25.058397
v 20.294310 -4.895826 25.647306
v 20.618912 -5.711280 25.226187
v 20.785812 -6.207602 24.738613
v 21.315807 -6.099192 25.025597
v 21.123131 -5.585332 25.420406
v 21.455208 -6.446238 24.682995
v 20.991287 -6.511654 24.421234
v 22.021173 -6.178189 24.586206
v 21.939632 -5.779959 24.934101
v 20.570786 -5.961220 24.198130
v 20.809132 -6.290528 23.904282
v 20.987886 -3.373370 24.463757
v 21.170904 -3.876107 24.113005
v 21.352081 -3.252052 24.335981
v 21.538223 -3.794333 24.061033
v 21.882381 -3.833820 24.377659
v 20.768229 -3.305922 25.616714
v 19.875158 -3.847445 25.867992
v 20.188183 -3.814253 25.934975
v 20.363155 -4.130226 25.925680
v 21.018671 -3.752307 25.645035
v 20.726776 -4.726457 25.774605
v 21.333452 -4.348183 25.545656
v 21.820866 -4.006701 24.958544
v 21.752613 -5.249551 25.264343
v 22.195627 -4.898451 24.724472
v 22.170845 -4.696725 24.064148
v 22.324987 -5.483526 24.471186
v 22.257420 -5.311095 23.832054
v 21.852520 -5.282477 23.385395
v 21.770945 -4.621971 23.645559
v 22.284704 -5.739308 23.697554
v 21.909521 -5.732000 23.327436
v 20.986361 -5.539068 23.739971
v 21.090208 -5.912270 23.560942
v 21.396652 -4.686828 23.673727
v 21.510189 -5.327872 23.401157
v 21.541368 -5.778520 23.311657
v 22.342054 -5.915906 24.203445
v 19.980980 -4.294560 25.839037
v 19.637373 -4.132140 26.136703
v 19.398321 -4.098239 26.236082
v 19.535196 -4.508245 26.293682
v 19.809835 -4.338238 26.060459
v 20.310837 -6.666636 24.734211
v 20.528168 -5.980963 25.057093
v 20.749784 -6.566883 25.139885
v 20.700409 -6.706695 24.925079
v 20.533846 -6.112557 25.493778
v 20.717356 -6.603984 25.413704
v 19.320303 -6.894448 25.491245
v 18.768673 -6.207512 25.981087
v 18.743061 -6.058518 25.696716
v 19.230734 -6.511865 25.107470
v 18.159605 -4.816269 26.375717
v 18.275518 -5.090747 26.228868
v 18.264862 -5.211440 26.447756
v 18.160852 -4.774261 26.533064
v 19.612377 -7.267039 25.701035
v 19.873886 -7.128647 25.739101
v 19.297771 -6.832105 25.861277
v 20.216993 -6.932505 25.689350
v 20.522303 -6.755685 25.610874
v 20.328844 -6.264663 25.764835
v 20.298853 -5.361507 25.752779
v 20.053843 -5.524330 26.038855
v 20.227606 -5.869849 24.669207
v 20.212786 -6.336583 24.485277
v 19.887299 -6.410164 24.591003
v 19.888659 -5.960043 24.660015
v 19.554943 -6.484513 24.837076
v 19.964172 -6.814947 24.923943
v 19.750544 -6.827356 25.115356
v 18.499142 -5.696789 26.242466
v 18.488892 -5.577376 25.991314
v 18.919518 -6.185848 26.162161
v 18.645191 -5.658356 26.386847
v 19.253185 -6.002209 26.261806
v 19.679689 -5.739636 26.218164
v 20.073706 -4.769000 25.933031
v 19.800945 -4.959254 26.203171
v 20.103106 -4.662108 25.658838
v 19.849209 -4.226962 25.848364
v 19.882177 -4.621408 25.419056
v 19.665152 -4.226873 25.658388
v 19.518847 -6.094903 24.857128
v 19.218075 -6.207858 25.081663
v 18.720266 -5.296279 25.761242
v 18.487389 -4.818556 26.078836
v 18.432142 -5.156711 26.545658
v 18.964966 -5.472214 26.450169
v 18.696859 -4.936619 26.560013
v 19.401739 -5.196063 26.386358
v 19.109024 -4.637097 26.468805
v 18.907042 -4.193878 26.432962
v 18.816442 -4.084356 26.274193
v 19.322056 -3.957033 26.077229
v 18.339439 -4.429103 26.455383
v 18.484715 -4.531994 26.583920
v 18.351017 -4.512418 26.284395
v 18.885229 -4.495214 25.903790
v 18.808962 -4.178292 26.122522
v 19.258253 -4.042038 25.925186
v 19.322393 -4.295733 25.729036
v 19.605337 -3.994692 25.979567
v 19.522802 -4.021707 25.811871
v 18.291700 -4.821094 26.614445
v 19.620857 -7.201162 25.434738
v 19.839771 -7.059998 25.316553
v 8.793411 -8.055016 22.276079
v 8.660899 -8.084061 22.197338
v 8.819472 -7.910290 21.995985
v 8.538492 -8.206269 22.471222
v 9.807102 -7.496417 22.143230
v 9.963140 -7.480046 22.323530
v 9.558275 -7.570862 22.018635
v 9.589593 -7.659945 22.432108
v 8.914928 -8.213037 22.972757
v 8.840544 -8.184244 22.763029
v 9.087097 -8.068004 22.774593
v 9.131632 -8.150500 23.029749
v 8.787127 -8.256624 23.128958
v 8.603109 -8.262161 22.842062
v 9.063854 -8.214258 23.267294
v 10.141390 -7.521723 22.844181
v 10.036124 -7.626431 22.967098
v 9.960591 -7.619999 22.818357
v 10.117556 -7.508441 22.716286
v 10.250229 -7.369912 22.693867
v 10.242153 -7.419070 22.866173
v 10.153333 -7.516924 23.080524
v 9.894103 -7.751751 23.322651
v 9.799078 -7.806392 23.136168
v 10.297930 -7.189406 22.991919
v 10.150482 -7.340014 23.251862
v 9.842968 -7.612450 23.494637
v 9.383427 -7.889247 23.636892
v 9.453302 -8.039869 23.458536
v 9.627889 -7.191120 23.691048
v 9.140785 -7.424142 23.851994
v 8.642416 -7.566283 23.845287
v 8.900054 -8.039722 23.620642
v 8.225511 -7.635357 23.611698
v 8.506207 -8.106147 23.419151
v 8.271488 -6.777137 23.974676
v 7.906263 -6.897219 23.745464
v 7.654943 -6.928074 23.350613
v 7.965609 -7.642271 23.200514
v 7.866420 -7.565050 22.701752
v 7.560096 -6.869089 22.883175
v 7.441090 -6.111223 23.447741
v 7.389592 -6.085559 23.043903
v 7.685808 -6.709230 22.441772
v 8.074045 -6.499660 22.083050
v 8.419609 -5.566945 21.942171
v 7.356197 -4.752007 22.841616
v 7.613439 -4.672158 22.555090
v 8.116629 -4.481068 22.252522
v 8.562260 -4.295962 22.130369
v 9.274605 -4.020375 22.641922
v 9.663936 -4.600330 22.655893
v 9.465792 -4.664886 22.283798
v 9.143181 -4.077525 22.367266
v 9.162142 -4.741979 22.015377
v 8.888858 -4.166682 22.176662
v 9.729963 -5.238111 22.203650
v 9.405668 -5.320022 21.890217
v 8.957906 -5.414500 21.795988
v 9.666872 -5.956863 21.836704
v 9.176324 -6.048205 21.698700
v 8.610746 -6.249992 21.808474
v 8.865006 -7.025070 21.723759
v 8.374001 -7.258227 21.926643
v 8.012300 -7.408205 22.237062
v 8.271257 -7.855541 22.118221
v 8.154050 -8.013374 22.546539
v 8.245648 -8.109091 23.022655
v 8.442469 -8.263346 22.917631
v 8.669125 -8.246361 23.256645
v 9.007762 -8.202655 23.428295
v 9.460414 -8.052204 23.302227
v 9.444886 -8.016950 23.126091
v 10.077000 -7.328815 22.240782
v 10.200489 -7.342750 22.485268
v 10.129636 -7.071204 22.167410
v 10.270062 -7.079235 22.456268
v 10.330744 -7.109154 22.732569
v 10.325604 -6.646596 22.840298
v 10.240206 -6.746061 23.152840
v 10.002441 -6.919587 23.441128
v 9.789659 -6.161589 23.564259
v 9.254614 -6.314188 23.823582
v 8.709480 -6.576106 24.001272
v 7.984550 -5.946644 23.977533
v 7.659308 -6.063211 23.786959
v 7.526287 -5.422294 23.786985
v 7.353432 -5.457283 23.486319
v 7.455949 -4.777701 23.773891
v 7.301094 -4.799016 23.493084
v 7.261866 -4.790160 23.166302
v 9.188330 -4.068846 23.228298
v 8.970722 -4.217410 23.476274
v 9.573521 -4.588891 23.240665
v 9.694908 -4.556065 22.973440
v 9.296346 -4.003947 22.932150
v 9.904998 -5.208242 23.299910
v 10.002056 -5.185973 23.026070
v 9.956185 -5.188884 22.640377
v 10.237624 -6.016129 22.935024
v 10.197287 -5.959091 22.537716
v 9.995486 -5.937496 22.143133
v 10.119199 -6.575128 22.120390
v 9.809790 -6.618047 21.829727
v 9.371313 -6.771542 21.658531
v 9.511274 -7.207163 21.728460
v 9.066140 -7.400657 21.717421
v 8.570277 -7.663697 21.857349
v 8.721803 -7.852111 21.883629
v 8.464890 -8.059307 22.100914
v 8.361767 -8.202607 22.488106
v 9.214898 -7.668108 21.931313
v 9.180213 -7.577263 21.807219
v 9.587017 -7.432874 21.850113
v 9.882842 -7.354697 22.019119
v 9.872636 -7.102189 21.909634
v 10.286483 -6.585252 22.478491
v 10.115406 -6.084390 23.278717
v 9.629737 -5.294752 23.498306
v 9.076436 -5.492146 23.768148
v 8.523287 -4.486094 23.780537
v 8.071821 -4.656650 23.940088
v 7.723742 -4.731146 23.938400
v 9.280698 -7.781468 22.393917
v 8.900174 -7.316240 18.042629
v 9.088661 -7.130914 18.039948
v 9.039505 -7.185555 18.339527
v 8.838249 -7.324443 17.861240
v 9.030767 -7.114007 17.723326
v 6.977970 -5.158187 20.176474
v 6.559473 -4.839411 20.245985
v 6.236991 -5.156226 20.312529
v 6.893341 -6.198316 20.257113
v 5.814878 -5.404290 20.082033
v 6.385515 -6.466378 20.124483
v 7.393933 -5.300654 20.035877
v 7.383799 -6.186517 20.101215
v 7.616243 -8.268229 19.550634
v 7.867411 -8.173920 19.497545
v 7.789602 -7.902541 19.890604
v 7.408114 -8.076032 19.764149
v 7.395855 -4.395526 19.693338
v 7.117677 -4.417409 19.737249
v 7.122238 -4.706519 20.004286
v 7.476146 -4.821239 19.891832
v 5.910633 -6.557310 19.215755
v 5.657604 -5.429423 19.497702
v 5.810874 -5.538628 18.947292
v 7.746154 -6.088789 19.901690
v 8.275160 -6.925158 19.642393
v 8.720838 -6.415247 19.251083
v 8.088039 -5.589826 19.683485
v 8.962973 -5.460701 18.856152
v 8.919283 -4.897939 18.889074
v 8.213670 -4.980113 19.586647
v 8.721415 -7.348854 17.621742
v 8.496632 -7.428546 17.430960
v 8.099182 -7.625082 17.377516
v 7.872399 -7.865902 17.922220
v 6.650795 -5.124928 17.362696
v 7.475857 -5.168591 17.248072
v 7.485412 -6.107608 17.169210
v 6.710454 -6.273164 17.364798
v 7.002505 -4.533501 17.347109
v 7.587043 -4.630724 17.304899
v 6.171414 -6.477858 17.869146
v 5.964798 -5.427412 17.786316
v 6.808660 -4.517329 20.073399
v 5.753221 -5.516870 18.414333
v 5.930198 -6.512592 18.609476
v 6.337116 -7.634334 18.504780
v 6.424394 -7.686461 19.178102
v 6.671375 -7.631763 19.669365
v 6.052815 -6.556797 19.731651
v 7.015378 -7.506465 19.964849
v 7.408813 -7.376305 20.042143
v 8.110944 -7.712815 19.772736
v 7.821877 -7.221681 19.922230
v 8.138024 -7.968005 19.416676
v 8.502333 -7.618396 19.180992
v 8.528823 -7.356581 19.436701
v 8.846083 -7.324544 18.729773
v 8.907279 -6.995300 18.966402
v 8.329256 -7.764475 18.880461
v 7.810497 -8.138821 18.994129
v 7.365369 -8.350913 19.084347
v 7.284314 -8.310867 18.540068
v 6.987549 -8.247248 19.123117
v 6.847774 -8.221531 18.501677
v 6.906502 -8.051341 17.831739
v 7.335030 -8.190721 17.981750
v 7.291341 -7.756613 17.313583
v 7.547191 -7.922036 17.476828
v 7.993576 -7.388715 17.059835
v 8.535462 -7.181391 17.161085
v 8.857285 -7.113727 17.413979
v 8.849003 -6.624828 17.248253
v 9.114696 -6.635883 17.619162
v 9.212112 -6.691177 18.035578
v 9.144453 -6.801039 18.464777
v 9.065302 -6.105491 18.648661
v 9.026056 -5.961514 17.576590
v 8.737702 -5.940901 17.218403
v 8.432981 -6.685418 17.013678
v 8.261917 -5.957521 17.090326
v 7.769078 -7.008930 17.017618
v 6.975123 -7.271324 17.266432
v 6.494788 -7.466135 17.796141
v 8.215897 -5.119077 17.227337
v 8.634136 -4.577242 17.456024
v 8.907223 -4.621531 17.714344
v 9.035613 -4.743282 18.232080
v 8.760263 -4.125788 17.916574
v 8.895027 -4.207809 18.381870
v 8.840322 -4.356376 18.892099
v 8.592622 -3.771824 18.525862
v 8.568849 -3.866542 18.918140
v 8.098125 -4.008257 19.386623
v 8.229375 -4.476240 19.492067
v 7.426137 -4.082062 19.599205
v 8.450285 -3.725238 18.131552
v 8.413117 -4.130582 17.624773
v 8.171375 -3.787384 17.843678
v 8.003725 -4.203680 17.526192
v 7.748508 -3.908553 17.826365
v 8.213139 -4.594552 17.330709
v 7.608790 -4.259656 17.475420
v 9.417116 -7.469064 24.346395
v 9.212192 -7.052260 24.391045
v 9.235871 -7.023254 23.936203
v 9.438297 -7.521000 24.010834
v 9.666543 -7.737694 24.252686
v 11.190141 -6.809121 24.899252
v 11.194461 -6.796006 25.340536
v 11.050812 -7.431653 25.090885
v 9.544708 -6.943548 23.646357
v 9.950890 -6.926706 23.607065
v 9.712149 -7.449844 23.780392
v 9.873770 -6.888527 25.347546
v 9.519828 -7.028803 24.938131
v 9.816740 -7.515555 24.867743
v 10.206048 -7.331190 25.314144
v 10.275953 -6.852414 25.564728
v 10.611277 -7.553119 25.316391
v 10.819717 -6.905908 25.594084
v 10.717666 -6.090592 25.667011
v 10.170342 -6.210326 25.694324
v 9.985410 -5.500969 25.778708
v 9.521151 -5.615568 25.602837
v 9.692896 -6.305033 25.482470
v 9.088804 -5.701211 25.190958
v 9.268282 -6.395281 25.057543
v 8.956476 -6.402516 24.487051
v 9.019291 -6.321790 23.986319
v 9.952546 -7.675135 24.019291
v 10.550976 -7.749958 24.564384
v 10.137485 -7.818927 24.772730
v 11.076734 -6.001700 25.263126
v 10.852173 -5.263698 25.246725
v 10.499900 -5.366587 25.723682
v 10.246539 -4.687388 25.710348
v 9.810269 -4.808033 25.781509
v 9.366773 -4.933667 25.621658
v 9.007238 -5.017311 25.295250
v 8.792489 -4.980818 24.739157
v 8.777754 -5.689091 24.615414
v 8.867326 -5.608986 24.100073
v 9.368627 -5.510916 23.659668
v 9.462970 -6.257605 23.586744
v 9.927795 -5.458183 23.467453
v 10.027649 -6.297997 23.469250
v 10.272607 -5.444250 23.552999
v 10.413179 -6.314201 23.621489
v 10.307902 -7.114728 23.831392
v 10.771209 -6.274470 23.980219
v 10.756575 -7.160625 24.313419
v 11.122007 -6.082771 24.646507
v 10.633898 -5.403321 23.893993
v 10.947215 -5.281754 24.555431
v 10.541431 -4.623928 25.284342
v 10.280107 -4.211084 25.262167
v 10.053079 -4.259480 25.587952
v 9.713837 -4.374232 25.659363
v 9.346536 -4.480865 25.542528
v 9.058504 -4.525719 25.249771
v 8.884544 -4.503284 24.875443
v 8.880328 -4.918770 24.276297
v 8.992990 -4.419593 24.315350
v 9.296787 -4.358992 24.083014
v 9.319769 -4.836626 23.884144
v 9.787127 -4.762255 23.689156
v 10.074242 -4.738973 23.742357
v 10.415900 -4.706439 24.043324
v 10.662149 -4.628345 24.616716
v 10.358222 -4.186879 24.690968
v 9.667513 -4.272815 23.942465
v 9.894546 -4.239768 23.983850
v 10.156088 -4.220486 24.213242
v 7.898003 -7.722313 16.311386
v 8.185084 -7.508759 16.465544
v 7.601423 -7.709176 16.853523
v 7.540591 -7.810169 16.464167
v 6.307391 -5.121532 17.229460
v 6.690018 -5.588898 17.556475
v 6.838462 -5.109980 17.631859
v 6.491613 -4.895267 17.374729
v 6.018317 -5.416961 17.295240
v 6.511540 -6.153892 17.489847
v 7.174855 -7.275739 14.867240
v 7.330107 -7.182621 14.663883
v 7.554996 -7.296329 15.014189
v 6.903603 -7.289641 14.847713
v 6.872185 -7.108839 14.531251
v 6.607270 -7.464852 14.829834
v 6.418046 -7.378679 14.593989
v 6.517583 -7.597904 15.082531
v 6.156949 -7.576134 14.889178
v 6.902458 -7.411380 15.161114
v 8.447908 -5.066593 16.045639
v 8.585998 -5.311744 16.511488
v 8.576983 -5.811131 16.263708
v 8.383243 -5.277716 15.734237
v 8.146450 -4.800013 15.725579
v 8.243723 -4.696459 16.112883
v 8.409605 -4.727502 16.675907
v 8.428176 -6.641104 15.886189
v 8.070380 -6.210367 15.035947
v 8.125933 -5.915363 15.140095
v 7.568520 -6.111683 14.614804
v 7.917940 -4.973270 15.284335
v 7.505174 -5.162470 14.935798
v 6.319089 -7.812601 15.711740
v 6.215183 -8.028346 16.340416
v 5.937380 -7.848019 15.609138
v 7.924145 -4.332541 16.249697
v 8.019539 -4.148577 16.816071
v 6.538227 -7.233283 17.314558
v 5.787584 -6.156474 17.190514
v 5.812786 -7.266168 17.039352
v 5.713244 -5.560033 17.158785
v 5.437304 -6.011081 16.080046
v 5.602278 -5.314844 16.226870
v 5.394946 -7.027275 15.811655
v 5.835018 -7.343330 14.819406
v 5.540898 -7.665260 15.637434
v 5.646054 -6.693229 14.981360
v 6.151749 -7.111619 14.469571
v 5.972249 -6.459844 14.645680
v 6.700727 -6.214638 14.492752
v 6.794748 -6.830027 14.373134
v 7.492692 -6.807829 14.480290
v 7.860676 -6.996445 14.876209
v 8.172809 -7.260169 15.717985
v 6.858408 -7.612807 15.798556
v 5.966073 -7.919888 16.757076
v 6.695379 -7.814118 16.944302
v 7.657930 -7.162698 17.188763
v 7.790832 -5.770034 17.492067
v 7.791620 -5.131963 17.589958
v 7.637241 -4.513651 17.685364
v 7.051828 -4.620291 17.754017
v 8.081811 -4.325530 17.415592
v 8.387229 -4.958323 17.304428
v 8.457638 -5.620247 17.144934
v 8.418198 -6.213785 16.984694
v 8.333059 -6.952811 16.757034
v 6.810925 -7.871188 16.473505
v 6.625158 -5.311993 14.823755
v 6.522357 -4.724466 15.125366
v 7.323496 -4.592720 15.202881
v 7.671503 -4.460931 15.494252
v 7.868846 -4.377977 15.892865
v 5.952154 -5.502908 14.974565
v 5.906677 -4.881428 15.327497
v 5.657835 -5.688934 15.288127
v 5.664776 -5.026529 15.576232
v 15.382372 -6.097443 27.113861
v 15.298526 -6.478775 26.921432
v 15.813156 -6.046338 27.190550
v 15.760479 -5.771081 27.219063
v 15.373989 -6.397446 26.689369
v 15.551146 -6.030778 26.843500
v 15.945450 -6.107081 26.684990
v 15.837961 -5.721946 26.961271
v 16.312780 -5.442564 27.044903
v 16.536488 -5.741792 26.786083
v 16.621975 -5.482108 27.214163
v 16.610466 -5.411057 27.076935
v 16.309032 -5.530830 27.249712
v 16.451942 -5.884941 27.183170
v 16.766260 -5.793962 27.104179
v 16.782022 -5.694692 26.886044
v 16.904650 -6.133566 26.952311
v 16.930744 -6.017712 26.719093
v 17.103657 -6.636892 26.687912
v 17.134220 -6.509664 26.441038
v 16.906708 -6.488319 26.272869
v 16.712172 -6.028609 26.584667
v 17.345488 -7.197562 26.025770
v 17.092567 -7.137713 25.824944
v 16.513395 -6.594944 26.241423
v 17.196795 -7.874620 25.345249
v 16.852268 -7.922478 25.297958
v 16.485245 -8.050522 25.291243
v 16.116688 -8.289955 25.353384
v 15.835382 -7.589658 25.882839
v 16.181610 -8.447645 25.693228
v 15.887596 -7.784563 26.206726
v 15.586746 -6.961987 26.334278
v 16.090799 -6.736458 26.253540
v 15.568986 -7.122003 26.620602
v 16.668720 -8.424305 26.104406
v 16.371260 -7.727270 26.544966
v 17.175446 -8.249116 26.105494
v 17.475025 -8.092660 25.895237
v 17.324135 -7.335238 26.322346
v 16.966215 -7.504757 26.528160
v 16.743122 -6.785967 26.844477
v 16.049007 -7.007036 26.876816
v 15.877092 -6.454457 27.088051
v 16.576927 -6.243044 27.058054
v 17.462648 -7.950127 25.585915
v 6.562613 -10.231455 14.543007
v 7.322941 -9.972435 15.436810
v 7.251287 -10.667491 15.581516
v 5.007522 -8.188023 15.809127
v 5.049970 -7.866273 15.497048
v 4.816180 -8.335703 15.268664
v 5.811505 -10.104835 14.281787
v 5.758180 -8.202349 14.151782
v 5.268789 -8.292513 14.282130
v 5.567541 -7.735205 14.437555
v 5.714387 -7.893469 14.262635
v 4.902587 -9.587704 15.391327
v 5.106640 -10.085581 14.704656
v 5.049205 -10.212006 15.425520
v 6.586228 -9.948393 16.854464
v 6.455058 -10.510295 16.589510
v 6.800222 -10.606359 16.428310
v 7.320496 -10.035566 16.314157
v 6.714034 -9.084983 17.055658
v 7.532828 -8.948519 15.388287
v 7.644395 -7.987474 15.472780
v 7.653940 -8.280766 16.640654
v 6.783232 -8.799858 14.474524
v 6.770519 -7.888150 14.504597
v 6.627644 -7.464168 14.617842
v 7.546092 -7.543706 15.571308
v 6.453758 -7.269624 14.835518
v 7.321186 -7.378665 15.667907
v 5.216024 -7.683791 14.970127
v 6.055256 -7.329547 15.498538
v 5.728230 -7.529952 16.065714
v 6.584520 -7.548252 16.687870
v 7.351110 -7.555836 16.624323
v 7.592385 -7.796063 16.740456
v 6.620738 -7.823518 17.110237
v 6.708300 -8.309588 17.207781
v 5.787962 -8.966412 16.843842
v 5.858243 -9.794861 16.809067
v 5.859939 -10.393619 16.642853
v 5.291393 -9.926941 16.245783
v 5.391142 -10.412336 16.207621
v 5.120329 -9.234697 16.178036
v 5.307544 -10.644680 15.608915
v 5.669245 -8.242733 16.712181
v 5.016415 -8.583517 16.007961
v 5.636774 -7.832017 16.464859
v 4.777185 -8.906343 15.319433
v 4.947954 -8.946840 14.648129
v 5.287863 -8.904181 14.278657
v 5.382808 -10.062607 14.377542
v 5.791318 -8.863100 14.118322
v 4.928957 -8.302093 14.686693
v 7.280744 -10.747215 16.090811
v 7.384594 -8.679056 21.715773
v 7.734756 -8.562643 22.088537
v 7.750387 -8.390182 21.691257
v 7.110725 -8.844944 20.117188
v 6.940713 -9.094477 20.538971
v 7.116707 -8.516216 20.594746
v 7.124252 -8.544101 20.350010
v 9.989732 -10.487827 20.508612
v 9.378977 -9.725386 19.928028
v 9.518187 -9.595509 20.201426
v 8.220099 -8.244211 21.763893
v 8.742859 -8.164876 21.503338
v 8.540192 -8.208527 21.165077
v 8.124371 -8.280981 21.055595
v 9.762621 -9.075773 21.666538
v 9.583797 -8.984682 21.917498
v 9.825825 -9.792645 21.687193
v 9.948701 -9.487429 21.331205
v 9.095257 -8.995001 20.119175
v 9.697359 -9.511385 20.563744
v 9.065123 -8.531689 20.446276
v 9.637918 -9.005342 20.977341
v 10.086899 -10.058920 20.914274
v 10.030453 -10.307892 21.298059
v 9.435807 -10.037447 21.903576
v 9.759140 -10.575030 21.464792
v 8.867943 -10.389216 21.963598
v 9.426449 -10.747021 21.470272
v 8.259027 -10.227757 19.609619
v 7.670335 -9.726095 19.636900
v 8.234915 -9.164551 19.702021
v 8.858771 -10.026729 19.632660
v 8.753278 -8.982632 19.834011
v 9.192463 -9.806145 19.749954
v 8.074264 -8.488284 19.931644
v 8.641699 -8.410572 20.067978
v 9.025763 -8.282410 20.815712
v 9.547691 -8.563331 21.382702
v 9.417617 -8.366858 21.659979
v 9.109501 -9.184126 22.261158
v 9.052211 -8.723747 22.291239
v 9.191811 -9.504881 22.181999
v 8.389754 -9.472940 22.418879
v 8.518120 -9.872957 22.298372
v 7.806702 -9.733809 22.180372
v 7.957462 -10.136479 22.053234
v 8.306666 -10.609869 21.762234
v 7.415583 -9.853495 21.736650
v 7.583985 -10.224588 21.623758
v 7.960193 -10.702809 21.353374
v 7.134015 -9.823870 21.045963
v 7.335444 -10.203941 20.961113
v 7.806274 -10.692706 20.805145
v 7.026978 -9.726067 20.420874
v 7.236430 -10.121043 20.354029
v 7.804514 -10.635015 20.286783
v 7.157875 -9.515948 19.920822
v 7.365672 -9.956162 19.842150
v 7.924306 -10.476501 19.829346
v 7.476704 -9.290619 19.733755
v 7.412751 -8.670376 19.950338
v 8.058844 -8.223805 20.212440
v 8.619641 -8.149502 20.455097
v 8.070047 -8.185808 20.513489
v 8.587674 -8.143686 20.764656
v 8.957308 -8.198911 21.102608
v 8.998698 -8.298586 22.091789
v 8.276263 -8.452590 22.362820
v 8.327909 -8.978832 22.491108
v 7.719886 -9.191616 22.263157
v 7.288220 -9.299578 21.818081
v 6.997467 -9.253402 21.130457
v 7.426975 -8.384043 20.195107
v 7.456216 -8.304809 20.475473
v 7.522051 -8.387214 21.047180
v 7.150880 -8.622206 21.124178
v 7.694860 -10.785093 17.153603
v 7.280725 -10.394912 17.141441
v 7.881586 -10.137274 17.044252
v 8.052520 -10.540615 17.289032
v 8.263767 -10.481636 17.288324
v 8.404389 -9.939010 17.151808
v 8.616371 -10.494514 17.277159
v 8.364023 -10.683140 17.410601
v 8.908116 -9.186821 19.155642
v 8.951189 -9.066987 18.539820
v 8.825982 -8.376711 19.133175
v 6.315502 -8.990620 18.848763
v 6.490433 -8.841135 19.261293
v 6.440453 -8.306439 18.668772
v 6.228391 -8.881765 18.278301
v 6.623799 -8.108736 17.636963
v 7.135217 -7.900555 17.764570
v 7.237275 -8.303471 17.119190
v 6.523209 -8.602884 17.390440
v 7.380187 -10.782323 18.648016
v 6.702908 -9.862271 19.177626
v 6.475224 -9.910276 18.777561
v 7.063566 -10.792988 18.358103
v 6.357067 -9.860672 18.075653
v 6.962132 -10.717161 17.793123
v 6.710164 -9.573549 17.181093
v 7.486801 -9.222261 16.895056
v 8.102608 -8.993090 17.092579
v 8.856632 -9.753031 17.585058
v 8.994643 -10.382931 17.502075
v 9.073639 -9.870203 18.264482
v 8.960581 -10.101219 18.696247
v 8.973074 -10.728802 18.203060
v 9.134137 -10.512455 17.930540
v 8.561484 -10.317266 18.900492
v 8.409479 -9.334068 19.567322
v 7.354300 -9.684191 19.535254
v 7.859232 -10.627868 18.859062
v 7.153102 -8.593945 19.722506
v 7.137022 -8.113958 19.053219
v 8.000544 -8.134783 17.416990
v 8.596970 -8.142738 18.187481
v 8.653485 -8.914358 17.719202
v 8.023577 -7.928837 18.900257
v 8.269083 -8.330106 19.695129
v 7.734047 -7.758079 17.972942
v 9.819353 -7.960098 23.578846
v 10.086136 -7.820119 23.327068
v 9.876266 -7.778536 22.908476
v 9.880739 -9.530066 21.774723
v 9.411285 -9.933733 22.053175
v 9.000187 -9.184547 22.309288
v 9.459479 -8.850634 22.076145
v 10.047147 -8.604473 22.113739
v 10.358926 -9.314883 21.838718
v 10.599824 -9.905622 21.720705
v 10.197021 -10.077944 21.688152
v 10.821927 -9.267054 22.183071
v 10.994993 -9.838431 22.016764
v 11.049578 -10.312058 21.989706
v 10.739554 -10.379435 21.767601
v 11.306242 -9.916187 22.594530
v 11.279201 -10.401039 22.432497
v 10.515656 -10.478157 21.721203
v 9.783604 -10.442272 21.967865
v 8.801090 -9.397200 22.721579
v 9.243899 -10.210279 22.555943
v 8.747534 -8.413704 22.957735
v 8.808987 -8.589294 22.448935
v 8.707768 -8.753660 22.860014
v 9.200769 -8.305851 22.333609
v 9.760059 -8.105230 22.338717
v 10.483803 -8.462490 22.460716
v 11.148093 -9.343586 22.853006
v 11.124487 -10.133823 23.041262
v 11.137194 -10.588866 22.823334
v 9.651326 -10.700267 22.431274
v 9.861900 -10.748136 22.922218
v 9.448350 -10.259324 23.155081
v 8.958306 -9.426698 23.268492
v 10.031678 -10.027245 23.530670
v 9.569480 -9.309937 23.737808
v 9.205864 -8.132288 23.451603
v 8.837542 -8.785086 23.172836
v 9.257140 -8.709324 23.751553
v 9.150533 -8.056988 22.743656
v 10.197001 -7.966363 22.632282
v 9.547118 -7.889327 22.728735
v 10.459757 -7.998710 23.273684
v 10.470537 -8.808313 23.689951
v 10.909884 -9.573511 23.362171
v 10.581929 -9.751945 23.519402
v 10.830002 -10.308567 23.187788
v 10.914200 -10.719316 22.948261
v 10.356146 -10.560868 23.206812
v 10.656081 -10.866177 22.990250
v 10.159006 -9.024015 23.818964
v 10.190303 -8.349712 23.887491
v 9.824986 -8.528789 23.942337
v 9.558994 -8.040655 23.571133
v 11.272140 -7.568220 25.122425
v 11.438149 -7.636453 24.974291
v 11.086148 -7.573604 24.803288
v 10.913280 -7.561707 25.084517
v 11.298489 -7.609543 25.263323
v 11.484092 -7.763127 25.192272
v 10.191133 -8.699005 23.931227
v 10.066762 -8.776291 24.348118
v 9.937427 -8.206945 24.203279
v 10.477804 -7.643271 24.405750
v 10.062309 -7.921050 24.051624
v 10.177176 -7.715608 24.774687
v 10.282420 -7.623920 24.645994
v 11.315473 -7.827033 25.367647
v 11.111403 -10.162353 23.452339
v 11.466067 -9.851530 23.129911
v 11.667152 -10.204597 23.135435
v 11.357946 -10.494562 23.386528
v 10.869265 -9.838504 23.533316
v 11.230503 -9.517498 23.181797
v 11.778545 -9.250654 23.385109
v 12.018810 -9.543127 23.300940
v 10.865491 -8.970905 23.394390
v 11.385778 -8.696003 23.599403
v 11.472523 -7.938966 24.449354
v 11.899469 -8.605609 24.114164
v 10.902063 -7.985955 23.979527
v 11.689363 -8.036173 24.751476
v 10.860061 -7.629723 25.261114
v 10.862755 -7.889655 25.356256
v 10.968561 -8.493144 25.264627
v 11.385996 -8.350838 25.275499
v 11.624323 -8.192488 25.063017
v 11.932055 -8.927055 24.811413
v 12.019018 -8.707594 24.466896
v 12.479476 -9.481865 23.697968
v 12.185286 -9.856823 23.268852
v 10.995502 -10.405455 23.874754
v 10.720455 -10.088568 24.015287
v 10.381416 -9.562914 24.182106
v 10.529508 -9.325168 23.694101
v 10.416708 -8.289335 23.740034
v 10.157330 -8.017777 24.928682
v 10.354382 -8.674614 24.962673
v 10.703038 -9.546897 24.742611
v 11.309895 -9.333123 25.000847
v 11.708305 -9.145166 25.012554
v 12.339668 -9.188768 24.236998
v 12.261785 -9.418724 24.516541
v 12.423731 -9.739395 24.249392
v 12.544756 -9.551352 24.011826
v 12.611478 -9.909300 23.785749
v 12.543180 -9.803133 23.584772
v 12.513718 -10.080645 24.030359
v 12.191189 -9.980070 24.467676
v 12.298618 -10.300192 24.252384
v 12.026508 -9.666476 24.716597
v 11.635473 -9.867640 24.742020
v 11.831598 -10.182264 24.529884
v 11.027825 -10.094616 24.523819
v 11.288141 -10.415272 24.343824
v 11.722998 -7.949829 25.842875
v 11.611727 -7.618401 25.785013
v 11.475539 -7.930698 25.397425
v 12.218427 -7.058719 26.053448
v 12.319334 -7.003650 25.812168
v 11.861377 -7.298608 25.427172
v 11.609062 -7.360689 25.464941
v 13.174406 -6.941326 26.119659
v 13.280555 -7.128625 25.941299
v 12.490522 -7.244629 25.567181
v 13.569551 -7.679404 25.586630
v 12.819636 -7.762462 25.144529
v 13.727770 -7.943988 26.177156
v 14.085308 -8.744153 25.753380
v 13.693959 -9.033924 26.019861
v 13.909834 -9.537016 25.623180
v 14.291445 -9.222260 25.262638
v 14.039498 -9.888580 25.281364
v 14.349711 -9.594647 24.957138
v 13.257755 -9.810053 25.634636
v 13.462733 -10.150984 25.276781
v 14.229704 -9.344672 24.435171
v 14.169785 -8.932540 24.714622
v 12.192319 -8.043932 24.837481
v 11.973214 -7.557945 25.191145
v 11.889753 -8.273116 24.839561
v 11.632298 -7.763938 25.120266
v 11.742165 -8.540871 25.195866
v 12.214372 -7.276588 26.306919
v 13.011616 -7.145587 26.514046
v 13.227570 -6.933229 26.404383
v 12.397511 -7.754215 26.340672
v 13.139046 -7.483629 26.508589
v 12.636969 -8.385056 26.247370
v 13.340565 -8.155106 26.370594
v 11.989673 -8.570302 25.751816
v 13.017753 -9.304239 25.969154
v 12.397656 -9.446630 25.515064
v 12.172968 -9.337699 24.870869
v 12.553961 -9.815403 24.615021
v 12.726064 -9.939310 25.245718
v 12.315218 -9.011281 24.408535
v 12.731022 -9.516641 24.121405
v 13.028311 -9.854624 24.044054
v 12.843871 -10.121706 24.459328
v 13.717743 -9.334538 24.155821
v 13.523968 -9.003082 24.342108
v 12.985259 -9.285112 24.089029
v 12.606516 -8.767174 24.382998
v 13.295962 -9.606005 23.976974
v 13.008620 -10.248447 24.956553
v 13.496063 -7.304833 26.362301
v -2.773914 -9.029157 4.889853
v -3.500183 -7.312386 4.939010
v -4.620758 -5.052064 4.804849
v -6.891287 -1.547677 3.776734
v -7.714308 -0.417963 3.120192
v -8.370018 0.487114 2.462798
v -8.845999 1.431610 1.739698
v -8.964199 2.065626 1.359353
v -8.921551 2.545124 1.056112
v 23.412128 17.440817 -1.815381
v 24.069624 17.050787 -1.231966
v 24.841873 15.849054 -0.303853
v 25.225361 14.864635 0.305406
v 25.525455 14.009760 0.797236
v 25.815399 13.073444 1.318971
v 26.172634 12.002447 1.761983
v 27.426704 8.437643 2.383438
v -8.529076 2.455536 0.856280
v -8.467890 1.976517 0.960340
v -8.290190 1.358431 1.237206
v -7.846785 0.451250 1.845930
v -7.271799 -0.509083 2.404262
v -6.484175 -1.697283 3.024002
v -5.545948 -3.079101 3.511885
v -4.246828 -5.171876 3.932891
v -3.188255 -7.434307 4.065701
v -2.536690 -9.092205 4.012040
v 27.627871 6.870472 1.579168
v 27.156401 8.026278 1.536272
v 26.508150 9.791294 1.344216
v 25.893564 11.533922 1.010373
v 25.480616 12.658094 0.716315
v 25.151985 13.608646 0.303539
v 24.799883 14.478144 -0.129622
v 23.684528 16.603395 -1.493487
v 23.160433 17.042505 -1.818823
v -7.498457 3.145407 1.356548
v 6.635566 -6.755846 12.662283
v 6.569559 -7.021960 13.058852
v 7.204041 -6.554618 13.118696
v 8.196035 -5.923599 12.600091
v 7.820543 -5.873292 12.247991
v 7.801036 -6.156944 12.504023
v 7.079120 -6.119457 12.187234
v 6.292215 -6.673877 12.504630
v 7.192454 -6.296988 12.427353
v 6.117056 -7.100782 13.134732
v 6.494410 -7.273095 13.740575
v 6.759613 -7.111500 13.407072
v 6.022509 -6.224703 12.652644
v 5.779445 -6.642513 13.391342
v 6.923542 -5.721342 12.245816
v 8.102327 -4.530056 13.231596
v 7.702978 -3.477461 13.795660
v 7.257248 -3.497435 13.391871
v 7.833432 -3.672820 14.392626
v 8.256296 -4.837617 13.964600
v 6.120893 -6.959732 14.093520
v 6.860878 -6.839672 14.356491
v 7.065198 -7.045176 13.988838
v 7.937532 -6.611192 13.785793
v 8.224784 -6.248476 13.295100
v 7.758319 -6.411416 13.147779
v 7.662894 -6.637543 13.474857
v 7.524019 -6.788657 13.994270
v 7.543566 -6.537018 14.356934
v 5.623094 -4.570153 14.245633
v 5.773429 -4.758457 14.834629
v 5.929630 -5.787057 14.548460
v 5.790122 -4.231730 13.638985
v 6.464789 -3.793671 13.282375
v 6.320382 -4.653416 15.138937
v 6.595362 -5.738001 14.822970
v 6.964598 -4.381034 15.130354
v 7.306563 -5.500203 14.795015
v 8.124070 -6.236269 14.125347
v 8.420130 -5.840711 13.572763
v 8.339252 -5.422262 12.730974
v 7.831436 -5.379942 12.315144
v 7.583202 -3.991076 14.838843
v 7.952800 -5.156838 14.504176
v 7.062421 -6.929136 13.555017
v 7.352911 -6.739673 13.599815
vn 0.7056 0.6864 0.1763
vn 0.7313 0.6559 0.1872
vn 0.7953 0.5705 0.2049
vn 0.7389 0.6330 -0.2309
vn 0.6727 0.7034 -0.2297
vn -0.2753 -0.8866 -0.3716
vn -0.2495 -0.3607 -0.8987
vn 0.3414 -0.8252 -0.4499
vn 0.4925 0.0551 -0.8686
vn 0.9121 -0.0258 -0.4091
vn 0.4094 -0.7856 -0.4639
vn 0.3381 -0.7523 -0.5655
vn 0.8930 -0.4377 0.1048
vn 0.3377 -0.8824 -0.3275
vn 0.3482 0.5997 -0.7205
vn 0.7940 0.5766 -0.1927
vn 0.0694 -0.1127 -0.9912
vn -0.1388 0.3832 -0.9132
vn -0.7695 -0.5263 0.3618
vn -0.9255 -0.3368 -0.1731
vn -0.9047 -0.3865 -0.1794
vn -0.7221 -0.5935 0.3555
vn -0.7725 0.0794 -0.6301
vn -0.7836 0.1895 -0.5917
vn -0.3072 0.4135 -0.8571
vn -0.3234 0.2975 -0.8983
vn 0.8775 0.1929 0.4390
vn 0.5278 -0.2607 0.8084
vn 0.5349 -0.7809 0.3227
vn 0.3531 -0.8601 -0.3681
vn 0.3502 -0.8212 -0.4506
vn 0.7998 -0.3875 -0.4584
vn 0.8026 -0.5703 -0.1749
vn 0.6498 -0.7546 0.0916
vn 0.3117 -0.8776 -0.3642
vn 0.3827 -0.8754 0.2953
vn 0.1992 -0.4841 0.8520
vn -0.9690 -0.2418 -0.0505
vn -0.6472 -0.5149 0.5621
vn -0.7048 -0.3251 0.6305
vn -0.7287 -0.2897 0.6206
vn -0.9953 -0.0863 -0.0429
vn 0.7660 0.4041 0.5000
vn 0.4090 -0.0567 0.9108
vn 0.4446 -0.0997 0.8902
vn 0.7790 0.3637 0.5108
vn 0.0497 -0.3017 0.9521
vn 0.1001 -0.3395 0.9353
vn -0.1008 -0.9897 -0.1020
vn 0.1717 -0.9765 0.1302
vn -0.1731 -0.7062 0.6866
vn -0.5759 -0.7719 0.2694
vn -0.7988 -0.5546 -0.2329
vn -0.5720 0.0441 -0.8191
vn -0.3366 -0.4721 0.8148
vn -0.2907 -0.5259 0.7993
vn 0.3477 -0.8560 -0.3827
vn 0.3465 -0.7679 -0.5388
vn 0.2194 -0.9322 -0.2877
vn 0.4202 -0.8272 -0.3730
vn 0.3790 -0.8648 -0.3292
vn 0.3801 -0.8476 -0.3702
vn 0.2225 0.4129 -0.8832
vn 0.2361 0.5435 -0.8055
vn -0.3185 -0.4471 -0.8359
vn -0.2436 -0.6530 -0.7171
vn -0.5990 -0.6059 -0.5236
vn -0.8420 -0.5051 -0.1895
vn -0.8606 -0.3575 -0.3627
vn -0.4048 0.1829 -0.8959
vn 0.2784 -0.1801 -0.9434
vn 0.5506 -0.4503 -0.7029
vn -0.5520 -0.2238 0.8032
vn -0.2876 -0.0897 0.9535
vn -0.7146 0.6285 0.3071
vn -0.9757 0.0022 0.2191
vn -0.8570 -0.5062 0.0964
vn -0.8300 -0.5463 -0.1127
vn -0.8591 -0.4677 0.2077
vn 0.9194 0.2861 -0.2700
vn 0.8763 0.0057 0.4817
vn 0.9817 -0.0018 0.1903
vn 0.8767 -0.0855 -0.4733
vn 0.8143 0.0779 -0.5752
vn 0.4445 -0.2469 0.8611
vn 0.4575 -0.2868 0.8417
vn 0.9871 -0.1477 0.0626
vn 0.3700 -0.2204 0.9025
vn -0.3667 0.7287 0.5785
vn -0.0618 0.8043 0.5909
vn 0.0113 0.9922 -0.1239
vn -0.2662 0.9394 -0.2159
vn -0.5003 0.8431 -0.1969
vn -0.5924 0.6058 0.5311
vn -0.2064 -0.4144 0.8864
vn -0.1768 -0.4360 0.8824
vn 0.0531 -0.3774 0.9245
vn 0.0207 -0.3332 0.9426
vn -0.1424 -0.3605 0.9218
vn 0.0688 -0.3683 0.9272
vn -0.6004 -0.5270 0.6015
vn -0.6212 -0.4197 0.6618
vn -0.5681 -0.5276 0.6316
vn -0.5139 -0.8537 0.0845
vn -0.5216 -0.8486 0.0887
vn -0.4286 -0.9019 0.0532
vn -0.7847 -0.5075 0.3560
vn -0.8183 -0.4498 0.3578
vn -0.7737 -0.5442 0.3244
vn -0.3603 -0.9297 -0.0770
vn -0.0122 0.3784 -0.9256
vn 0.5222 -0.0696 -0.8500
vn 0.7248 -0.2740 -0.6321
vn 0.5928 -0.0679 -0.8025
vn 0.6754 -0.3028 -0.6724
vn 0.5360 0.4997 -0.6804
vn 0.3937 0.4557 -0.7983
vn 0.4147 0.5562 -0.7202
vn 0.9135 0.3973 -0.0877
vn 0.6959 0.0214 0.7178
vn 0.2323 -0.1527 0.9606
vn -0.0418 -0.2110 0.9766
vn -0.2255 -0.2858 0.9314
vn -0.5599 -0.4191 0.7148
vn -0.8943 -0.4044 0.1917
vn -0.7774 0.3001 -0.5528
vn -0.9451 -0.2594 -0.1987
vn -0.5286 0.2821 -0.8006
vn 0.3349 -0.8209 0.4626
vn 0.2468 -0.8861 0.3923
vn 0.4174 -0.7574 -0.5021
vn 0.3837 -0.8089 -0.4456
vn 0.3363 -0.8367 -0.4323
vn 0.2870 -0.8410 -0.4586
vn 0.5041 -0.7527 0.4236
vn 0.4273 -0.7745 0.4664
vn 0.7754 0.5647 0.2825
vn 0.7451 0.5367 0.3959
vn 0.6571 0.6456 0.3890
vn 0.5601 0.7813 0.2754
vn 0.5110 0.7377 0.4412
vn 0.7025 0.5870 0.4023
vn 0.7812 0.4950 0.3805
vn 0.7826 0.5374 0.3142
vn 0.2830 0.6695 -0.6868
vn 0.1403 0.5662 -0.8122
vn 0.0499 0.7035 -0.7089
vn 0.8619 0.4926 -0.1198
vn 0.5267 0.0513 0.8485
vn 0.0651 -0.0277 0.9975
vn -0.1517 -0.0142 0.9883
vn -0.4287 0.8276 0.3623
vn -0.1365 0.9031 0.4072
vn -0.1103 0.7044 -0.7011
vn 0.2018 0.7811 0.5909
vn 0.6729 -0.7106 0.2054
vn 0.5978 -0.7298 0.3316
vn 0.2254 -0.8292 -0.5116
vn 0.1402 -0.8267 -0.5449
vn 0.0909 -0.8260 -0.5563
vn 0.7210 -0.6864 0.0950
vn -0.3090 0.6440 -0.6999
vn -0.8333 -0.4069 0.3743
vn -0.7650 -0.5322 0.3628
vn -0.7779 -0.4514 0.4371
vn -0.8061 -0.4059 0.4308
vn -0.7160 -0.3137 0.6236
vn -0.7666 -0.2932 0.5713
vn -0.6581 -0.6420 -0.3933
vn 0.7897 -0.1058 -0.6044
vn -0.9219 0.1877 -0.3389
vn -0.2400 0.8483 -0.4719
vn -0.3857 0.9226 -0.0110
vn -0.9684 0.2414 -0.0631
vn -0.9940 -0.0000 -0.1095
vn -0.9590 -0.0406 -0.2805
vn -0.9879 0.0237 0.1530
vn -0.9379 0.2765 0.2096
vn -0.3062 0.8946 0.3255
vn -0.9063 0.1765 0.3841
vn -0.7344 0.4946 0.4648
vn -0.3012 0.6273 0.7182
vn -0.4361 0.3991 0.8066
vn -0.9538 -0.0966 0.2845
vn -0.4807 0.1131 0.8696
vn 0.4015 0.6588 0.6362
vn 0.4868 0.5188 0.7027
vn 0.5636 0.3451 0.7505
vn 0.8983 -0.1583 -0.4100
vn 0.9715 0.2365 0.0183
vn 0.9496 0.2586 0.1770
vn 0.9316 -0.3254 -0.1622
vn -0.9040 0.0509 0.4245
vn -0.9602 -0.2137 0.1798
vn -0.9809 -0.1666 0.1004
vn -0.8028 0.1212 0.5839
vn -0.9452 -0.2816 0.1655
vn -0.9859 -0.1669 -0.0076
vn -0.9958 -0.0884 0.0235
vn -0.9960 -0.0783 -0.0433
vn 0.7030 0.6897 0.1732
vn 0.4478 0.6279 0.6366
vn 0.6856 0.1942 0.7016
vn 0.0447 0.9983 -0.0382
vn -0.1350 0.7105 0.6906
vn -0.2507 -0.0809 0.9647
vn 0.3768 0.1659 -0.9113
vn 0.2795 0.1559 -0.9474
vn 0.1829 0.2561 -0.9492
vn 0.3365 0.2581 -0.9056
vn 0.5133 0.7828 0.3519
vn -0.0230 0.9991 0.0362
vn -0.4588 0.8296 0.3184
vn 0.0757 0.7360 0.6728
vn 0.7613 0.6443 -0.0725
vn 0.1298 0.9117 -0.3897
vn -0.8199 0.4167 -0.3925
vn -0.9050 0.3209 0.2794
vn -0.9423 -0.1697 0.2885
vn -0.9933 -0.0453 -0.1068
vn -0.9712 -0.1716 -0.1652
vn -0.8526 0.4543 -0.2581
vn -0.9505 -0.0083 -0.3106
vn 0.8973 0.2278 0.3780
vn 0.8598 0.1932 0.4726
vn 0.9365 0.2506 0.2455
vn 0.9208 0.3570 0.1570
vn 0.7881 0.6048 -0.1146
vn 0.7955 0.6037 -0.0524
vn 0.1485 0.8715 -0.4673
vn -0.8493 0.1993 -0.4889
vn 0.1235 0.6211 0.7739
vn 0.4785 0.6465 0.5942
vn 0.3474 0.8058 0.4796
vn 0.2668 0.8465 0.4607
vn 0.1389 0.8200 0.5552
vn 0.6392 -0.7174 0.2772
vn 0.6387 -0.4385 0.6322
vn 0.5413 -0.5231 0.6582
vn 0.5343 -0.5119 0.6727
vn 0.6896 -0.6221 0.3707
vn 0.6161 -0.7249 0.3082
vn 0.8014 0.2926 -0.5217
vn 0.6725 0.7056 -0.2234
vn 0.9778 0.1847 -0.0993
vn 0.9906 0.1256 -0.0537
vn 0.9975 0.0702 -0.0097
vn 0.8268 0.2022 -0.5249
vn 0.8266 0.2316 -0.5129
vn 0.9994 -0.0288 0.0212
vn 0.9815 0.1913 -0.0112
vn 0.9952 0.0816 -0.0544
vn 0.9928 -0.1184 -0.0197
vn -0.5433 -0.7972 -0.2632
vn -0.4838 -0.8710 -0.0851
vn -0.5493 -0.8282 0.1116
vn -0.6358 -0.7615 -0.1257
vn -0.6259 -0.7569 -0.1881
vn -0.4463 -0.8907 -0.0867
vn -0.3925 -0.9040 -0.1694
vn 0.5096 -0.1684 0.8438
vn 0.4338 -0.1337 0.8910
vn 0.2001 -0.2895 0.9361
vn 0.1801 -0.3515 0.9187
vn 0.1704 -0.4256 0.8887
vn 0.5891 -0.2061 0.7814
vn 0.9071 0.2717 0.3215
vn 0.9184 0.3745 0.1278
vn 0.7810 0.5457 0.3038
vn 0.8370 0.4992 0.2241
vn 0.9264 0.3572 0.1193
vn 0.9537 0.2289 -0.1952
vn 0.9525 0.2873 -0.1012
vn 0.6903 0.0761 -0.7195
vn 0.6801 -0.0217 -0.7328
vn 0.9402 0.1487 -0.3063
vn 0.6530 -0.1108 -0.7492
vn 0.1900 -0.2439 0.9510
vn 0.1891 -0.3436 0.9199
vn 0.0127 -0.2758 0.9611
vn 0.1366 -0.1450 0.9799
vn 0.3290 -0.1216 0.9365
vn 0.2621 -0.3097 0.9140
vn -0.9800 -0.1781 -0.0884
vn -0.9661 -0.2376 -0.1009
vn -0.9608 -0.2220 -0.1660
vn -0.9906 -0.1364 -0.0031
vn -0.9806 -0.1963 0.0001
vn -0.9345 -0.2352 0.2672
vn -0.9725 -0.2330 0.0008
vn -0.9648 -0.2567 -0.0568
vn -0.9559 -0.2937 0.0032
vn -0.9527 -0.2962 0.0683
vn -0.9552 -0.2536 0.1525
vn -0.9716 -0.1694 -0.1650
vn -0.9653 -0.2064 -0.1600
vn -0.9782 -0.1763 -0.1095
vn -0.4894 -0.3629 0.7929
vn -0.6712 -0.3504 0.6532
vn -0.2190 0.5503 0.8057
vn -0.3330 0.4959 0.8020
vn 0.0014 0.6768 0.7362
vn -0.1541 0.6686 0.7275
vn -0.5595 0.3813 0.7359
vn -0.5837 0.2945 0.7567
vn 0.0725 0.3286 -0.9417
vn -0.2085 0.1195 -0.9707
vn -0.1951 0.2198 -0.9558
vn 0.0814 0.3621 -0.9286
vn -0.8747 0.2537 0.4129
vn -0.8157 0.3741 0.4413
vn -0.8688 0.4040 0.2864
vn -0.9413 0.1724 0.2904
vn -0.9082 0.1506 0.3905
vn -0.9613 -0.1465 -0.2335
vn -0.9970 0.0522 0.0565
vn 0.6883 -0.3572 -0.6314
vn 0.6566 -0.5007 -0.5641
vn 0.6192 -0.5310 -0.5785
vn 0.6346 -0.4427 -0.6335
vn 0.4720 -0.3603 0.8046
vn 0.4717 -0.4299 0.7699
vn -0.3263 -0.3183 0.8901
vn -0.2224 -0.2880 0.9314
vn -0.1754 -0.2438 0.9538
vn 0.4119 -0.3008 0.8601
vn -0.4000 -0.4112 0.8191
vn -0.5732 -0.2643 0.7756
vn -0.4008 -0.1980 0.8945
vn -0.2860 -0.3142 0.9052
vn -0.3289 -0.3562 0.8746
vn -0.6138 -0.7231 -0.3168
vn -0.5374 -0.7915 -0.2910
vn -0.5677 -0.8009 -0.1905
vn -0.6884 -0.6990 -0.1936
vn -0.6744 -0.6658 -0.3193
vn 0.6828 0.1232 0.7202
vn 0.6780 0.0366 0.7342
vn 0.7086 0.1776 0.6829
vn 0.6829 0.3213 0.6561
vn 0.6973 0.3637 0.6177
vn 0.6065 0.5543 0.5700
vn 0.6284 0.7765 0.0472
vn 0.6580 0.7505 -0.0608
vn 0.5520 0.8292 -0.0880
vn 0.5056 0.8605 0.0630
vn 0.6232 0.7772 0.0871
vn 0.6233 0.1269 0.7716
vn 0.6957 0.1807 0.6952
vn -0.4236 0.4870 0.7638
vn -0.5393 0.4009 0.7405
vn -0.5049 0.3386 0.7940
vn -0.3106 0.4655 0.8288
vn -0.3465 0.5328 0.7721
vn 0.1491 -0.8423 0.5180
vn 0.3274 -0.9340 0.1430
vn 0.3399 -0.9060 0.2524
vn 0.2511 -0.7067 0.6615
vn 0.1845 -0.7835 0.5934
vn -0.5846 -0.7086 0.3950
vn -0.5820 -0.7134 0.3902
vn -0.5378 -0.7391 0.4056
vn -0.5669 -0.7164 0.4067
vn -0.5266 -0.7560 0.3888
vn -0.5918 -0.7292 0.3436
vn -0.5942 -0.7558 0.2750
vn -0.6564 -0.6982 0.2858
vn -0.6576 -0.6636 0.3566
vn -0.6266 -0.6923 0.3580
vn -0.6540 -0.6534 0.3812
vn -0.6034 -0.6867 0.4054
vn -0.6700 -0.6441 0.3691
vn -0.6490 -0.6777 0.3458
vn -0.6886 -0.6036 0.4017
vn -0.6625 -0.5673 0.4891
vn 0.6435 0.2421 0.7262
vn 0.5254 0.2709 0.8066
vn 0.6205 0.1979 0.7588
vn 0.7366 0.1685 0.6550
vn 0.7838 0.2027 0.5870
vn 0.8395 0.1596 0.5194
vn 0.7543 -0.0205 0.6562
vn 0.8469 -0.0072 0.5317
vn 0.9134 0.0180 0.4066
vn 0.5330 0.2180 0.8175
vn 0.6621 -0.0318 0.7488
vn 0.4457 0.1908 0.8746
vn 0.3492 0.1089 0.9307
vn 0.4220 -0.1873 0.8870
vn 0.5427 -0.0928 0.8348
vn 0.2946 -0.2831 0.9127
vn -0.1507 -0.0590 -0.9868
vn -0.0431 -0.0028 -0.9991
vn -0.1446 0.2347 -0.9613
vn -0.2732 0.1704 -0.9468
vn -0.3715 0.8599 0.3501
vn -0.5493 0.6986 0.4585
vn -0.8337 0.5091 0.2140
vn -0.7614 0.6414 0.0941
vn -0.2203 0.4240 -0.8784
vn -0.3018 0.6195 -0.7247
vn -0.4429 0.5529 -0.7058
vn -0.3687 0.3482 -0.8619
vn -0.4083 0.8909 -0.1989
vn -0.4768 0.8602 -0.1808
vn 0.6425 -0.7539 -0.1377
vn 0.7188 -0.6053 -0.3420
vn 0.7574 -0.5842 -0.2916
vn 0.8929 -0.4340 -0.1197
vn 0.6885 -0.7243 -0.0359
vn 0.5858 -0.8024 -0.1141
vn 0.6235 -0.7753 -0.1009
vn -0.2038 0.7422 0.6384
vn -0.2279 0.6820 0.6950
vn 0.1869 -0.0608 0.9805
vn 0.2947 0.0020 0.9556
vn -0.2056 0.8113 0.5472
vn 0.3997 0.1044 0.9107
vn -0.2172 0.8516 0.4771
vn 0.4769 0.2330 0.8475
vn -0.2829 0.8654 0.4135
vn 0.4629 0.3755 0.8030
vn 0.6142 -0.0821 0.7849
vn 0.6576 -0.0041 0.7534
vn -0.3453 0.8602 0.3752
vn 0.4101 0.5350 0.7386
vn 0.3532 0.6940 0.6274
vn 0.2756 0.8240 0.4951
vn 0.1383 0.9001 0.4131
vn -0.0102 0.9031 0.4292
vn -0.2418 0.7780 0.5799
vn 0.4123 0.7570 0.5069
vn 0.6251 0.5544 0.5494
vn 0.5216 0.6685 0.5301
vn 0.1828 0.8283 0.5297
vn 0.7701 0.2566 0.5840
vn 0.8281 0.3475 0.4399
vn 0.2557 0.0770 -0.9637
vn 0.1842 0.0337 -0.9823
vn 0.1652 -0.0549 -0.9847
vn 0.4017 0.0813 -0.9122
vn 0.4904 0.0930 -0.8665
vn 0.4704 -0.0927 -0.8776
vn 0.8933 0.1955 0.4046
vn 0.9437 0.0672 0.3240
vn 0.8777 -0.4736 -0.0735
vn 0.9060 -0.4156 -0.0803
vn 0.9532 0.1403 0.2677
vn 0.8408 -0.5376 -0.0635
vn 0.7855 -0.6188 -0.0076
vn 0.0841 -0.8234 -0.5613
vn 0.1182 -0.8290 -0.5467
vn -0.1064 -0.5164 -0.8497
vn -0.2336 -0.5573 -0.7968
vn -0.0078 -0.4861 -0.8739
vn 0.7328 0.1998 0.6504
vn -0.3350 -0.1957 -0.9217
vn -0.2494 -0.1264 -0.9601
vn -0.3919 0.0919 -0.9154
vn -0.4896 0.0052 -0.8720
vn -0.4476 -0.2932 -0.8448
vn -0.5965 -0.1151 -0.7943
vn 0.0844 -0.4496 -0.8892
vn 0.7584 0.5762 -0.3047
vn 0.7794 0.4700 -0.4144
vn 0.7955 0.4270 -0.4299
vn 0.7811 0.5093 -0.3612
vn 0.6910 0.4204 -0.5881
vn 0.6877 0.3256 -0.6489
vn 0.6460 0.2638 -0.7163
vn 0.8213 0.5303 -0.2102
vn 0.3945 -0.6398 -0.6596
vn 0.3906 -0.8734 -0.2910
vn 0.4653 -0.8319 -0.3025
vn 0.5648 -0.6709 -0.4805
vn 0.5039 -0.6400 -0.5801
vn -0.6117 0.1806 -0.7702
vn -0.6614 0.4264 -0.6171
vn -0.7677 0.3547 -0.5336
vn -0.7238 0.0917 -0.6839
vn -0.5015 0.2608 -0.8249
vn -0.5621 0.4881 -0.6677
vn -0.5862 0.7974 -0.1431
vn -0.6519 0.7499 -0.1127
vn -0.5307 0.8335 -0.1534
vn 0.8883 0.4508 -0.0875
vn 0.9327 0.3313 -0.1425
vn 0.3474 -0.3311 -0.8773
vn 0.2060 -0.2646 -0.9421
vn 0.0719 -0.9955 -0.0620
vn 0.9027 0.0340 0.4289
vn 0.7462 0.6297 0.2159
vn 0.8203 0.5313 0.2117
vn 0.8010 0.5703 0.1822
vn 0.8180 0.5555 0.1490
vn 0.8598 0.5070 0.0607
vn 0.7992 0.6009 0.0134
vn 0.7223 0.6856 0.0905
vn -0.5916 -0.0677 -0.8034
vn -0.5781 -0.0274 -0.8155
vn -0.5876 -0.1615 -0.7929
vn -0.0216 0.7493 0.6618
vn -0.0162 -0.5785 0.8155
vn 0.0640 -0.5397 0.8394
vn 0.1420 -0.7105 0.6892
vn 0.1408 -0.6979 0.7022
vn -0.0221 -0.6911 0.7224
vn -0.9277 0.3305 0.1737
vn -0.9736 -0.0530 -0.2221
vn -0.7899 -0.3749 0.4852
vn -0.7332 -0.4986 0.4624
vn -0.5554 -0.6362 0.5355
vn -0.6317 -0.5090 0.5846
vn -0.7073 -0.4330 0.5587
vn -0.6799 -0.4048 -0.6115
vn -0.7992 -0.3127 -0.5133
vn -0.9248 -0.3350 -0.1804
vn -0.9033 -0.3699 -0.2172
vn -0.9380 -0.3412 -0.0617
vn -0.7862 -0.4710 -0.4001
vn 0.3304 0.8600 0.3889
vn 0.2763 0.9609 0.0170
vn -0.0290 0.9788 -0.2027
vn -0.1980 0.9783 0.0619
vn -0.3840 0.8766 0.2902
vn -0.1320 0.8944 0.4273
vn 0.4120 -0.5854 -0.6982
vn 0.4040 -0.6345 -0.6590
vn 0.3857 -0.7474 -0.5409
vn 0.3181 -0.7759 -0.5448
vn 0.2495 -0.6604 -0.7083
vn -0.1514 -0.8075 -0.5702
vn -0.0672 -0.8496 -0.5232
vn -0.1121 -0.8575 -0.5020
vn -0.2502 -0.7929 -0.5557
vn -0.9281 -0.3127 0.2022
vn -0.6702 0.2013 0.7144
vn -0.9822 -0.1324 0.1334
vn -0.0270 0.8937 0.4479
vn 0.0789 0.9126 0.4011
vn 0.1172 0.8117 0.5722
vn -0.0245 0.8380 0.5452
vn -0.9912 0.1001 0.0862
vn -0.8636 -0.2366 -0.4452
vn -0.2403 -0.4535 -0.8583
vn -0.1268 -0.5038 -0.8544
vn -0.8792 -0.3561 -0.3164
vn -0.1650 -0.2591 0.9517
vn -0.1326 -0.2406 0.9615
vn -0.1231 -0.3568 0.9260
vn -0.1237 -0.4565 0.8811
vn -0.2071 -0.2339 0.9499
vn -0.1727 -0.2857 0.9426
vn 0.6156 -0.1581 -0.7720
vn 0.8979 0.0763 -0.4336
vn 0.6358 0.6459 0.4226
vn 0.8728 0.4838 0.0644
vn 0.2659 0.6974 0.6656
vn 0.7166 0.5754 0.3942
vn 0.3598 0.7170 0.5970
vn 0.4238 0.7374 0.5259
vn -0.7406 0.4831 0.4670
vn -0.6560 0.5755 0.4883
vn -0.6880 0.6059 0.3995
vn -0.7169 0.6270 0.3049
vn -0.8004 0.5223 0.2943
vn -0.1706 0.7847 0.5960
vn 0.4922 0.8266 0.2731
vn 0.4663 0.7631 0.4475
vn -0.7911 0.3228 0.5196
vn -0.6452 0.3883 0.6580
vn -0.1068 0.7337 0.6711
vn -0.4808 0.4454 0.7553
vn -0.0547 0.7067 0.7054
vn 0.5110 0.8547 0.0918
vn 0.8900 0.4345 0.1382
vn 0.8787 0.4460 0.1705
vn 0.9157 0.3890 0.1010
vn 0.6440 0.7536 -0.1318
vn -0.0023 0.7411 -0.6714
vn 0.1541 0.4505 -0.8794
vn 0.1439 0.3475 -0.9266
vn 0.3964 0.5430 -0.7403
vn 0.3818 0.6133 -0.6914
vn 0.7378 0.0303 0.6743
vn 0.7390 -0.0626 0.6708
vn 0.7619 -0.0731 0.6436
vn 0.8052 -0.2350 0.5444
vn 0.9077 0.0431 0.4174
vn 0.8662 0.1863 0.4637
vn 0.8071 0.2347 0.5418
vn 0.3416 -0.0319 0.9393
vn 0.0945 -0.0417 0.9947
vn 0.7562 0.2350 0.6106
vn -0.7591 -0.3009 0.5772
vn 0.5718 -0.0354 0.8197
vn -0.2963 -0.2913 0.9096
vn 0.6979 0.0765 0.7121
vn -0.1542 -0.0317 0.9875
vn -0.1428 0.9851 -0.0961
vn -0.1459 0.9890 0.0239
vn 0.0334 0.9992 0.0223
vn 0.0376 0.9990 -0.0258
vn 0.0407 0.9953 -0.0875
vn 0.6389 -0.4559 0.6197
vn 0.5402 -0.2370 0.8075
vn 0.2793 -0.4945 0.8231
vn 0.3673 -0.6100 0.7021
vn 0.3187 -0.7520 0.5770
vn 0.6202 -0.6154 0.4865
vn 0.4550 0.7774 0.4342
vn 0.2776 0.8013 0.5300
vn 0.1112 0.2943 -0.9492
vn 0.4735 0.3418 -0.8118
vn 0.5328 0.1298 -0.8362
vn 0.0404 0.1240 -0.9915
vn 0.0560 0.1499 -0.9871
vn -0.2601 -0.8611 -0.4370
vn -0.2955 -0.8287 -0.4753
vn -0.0686 -0.8440 -0.5319
vn -0.0240 -0.7883 -0.6148
vn -0.2444 -0.5150 -0.8216
vn -0.5659 -0.7685 -0.2986
vn -0.9511 -0.1681 0.2590
vn -0.4362 0.0168 0.8997
vn 0.6224 0.2702 0.7346
vn 0.6883 0.2460 0.6824
vn -0.3136 -0.0150 0.9494
vn 0.8819 0.3475 0.3185
vn 0.8700 0.4088 0.2756
vn 0.9174 0.3044 0.2563
vn 0.9175 0.3409 0.2048
vn 0.9249 0.3266 0.1948
vn 0.9100 0.3499 0.2223
vn 0.9230 0.3366 0.1863
vn 0.9338 0.3484 -0.0808
vn -0.3410 0.0175 0.9399
vn -0.5753 -0.0838 0.8136
vn -0.6156 -0.2229 0.7559
vn -0.4383 -0.1929 0.8779
vn -0.2527 -0.0093 0.9675
vn 0.5877 -0.1294 0.7987
vn 0.5883 -0.2452 0.7706
vn 0.1609 -0.0341 -0.9864
vn 0.6092 -0.0567 -0.7910
vn 0.6493 -0.1619 -0.7431
vn 0.1654 -0.1281 -0.9779
vn 0.7781 -0.3468 0.5238
vn 0.7112 -0.2887 0.6409
vn 0.6593 -0.5937 0.4613
vn 0.5426 -0.6196 0.5672
vn 0.5967 -0.5808 0.5537
vn -0.1212 0.7314 0.6711
vn -0.1492 0.7967 0.5856
vn -0.2910 0.7336 0.6141
vn -0.2563 0.6728 0.6940
vn 0.0576 -0.9911 -0.1197
vn 0.0344 -0.9712 -0.2356
vn 0.3689 -0.9203 -0.1303
vn 0.3419 -0.9213 -0.1852
vn 0.5952 -0.7943 -0.1218
vn 0.6236 -0.7740 -0.1098
vn 0.4567 -0.8795 -0.1336
vn -0.0539 -0.9978 0.0390
vn 0.8058 0.1525 -0.5723
vn 0.9286 0.3703 0.0229
vn 0.1751 -0.0901 0.9804
vn -0.0857 0.0334 0.9958
vn 0.0033 -0.0623 0.9981
vn 0.7320 0.2812 -0.6206
vn 0.2003 -0.2024 -0.9586
vn -0.0146 -0.0917 -0.9957
vn 0.4713 -0.5877 -0.6576
vn 0.6726 0.3282 -0.6632
vn -0.1102 -0.0470 -0.9928
vn -0.5550 -0.5054 -0.6607
vn -0.6650 -0.3675 -0.6501
vn -0.2096 -0.7735 -0.5981
vn -0.7097 -0.3338 -0.6204
vn 0.7203 -0.6935 0.0125
vn 0.8592 -0.4608 0.2222
vn 0.8106 -0.5644 0.1562
vn 0.8838 -0.4312 0.1814
vn 0.8875 -0.4582 -0.0483
vn 0.7276 -0.6800 -0.0905
vn -0.1019 -0.9934 -0.0519
vn 0.0474 -0.9947 -0.0912
vn 0.2102 -0.9741 -0.0831
vn 0.1802 -0.9813 -0.0679
vn 0.1673 -0.9786 -0.1198
vn 0.0049 -0.9902 -0.1397
vn -0.8766 -0.4722 0.0930
vn -0.9171 -0.3354 0.2153
vn -0.9945 -0.0232 0.1023
vn -0.7841 -0.1554 -0.6009
vn -0.7545 -0.2151 -0.6200
vn -0.6101 -0.6859 -0.3967
vn -0.2683 -0.8594 -0.4352
vn -0.2876 -0.8189 -0.4967
vn -0.6018 -0.6617 -0.4471
vn 0.9234 0.3791 -0.0596
vn 0.9512 0.2924 -0.0987
vn 0.9818 0.1770 -0.0689
vn 0.9553 0.2935 -0.0362
vn -0.0540 -0.0975 -0.9938
vn 0.0976 -0.0447 -0.9942
vn 0.1081 -0.1198 -0.9869
vn 0.6122 0.2350 -0.7550
vn -0.2490 0.6115 -0.7510
vn -0.1424 0.6372 -0.7574
vn -0.0981 0.5540 -0.8267
vn -0.2100 0.5328 -0.8198
vn -0.2983 0.5015 -0.8121
vn -0.3302 0.5821 -0.7431
vn -0.9136 0.2183 -0.3431
vn -0.7474 0.6643 -0.0060
vn -0.9689 0.1499 -0.1968
vn -0.8404 0.2901 -0.4578
vn -0.7063 0.7033 -0.0800
vn -0.7991 0.0201 -0.6009
vn -0.8712 -0.0736 -0.4854
vn -0.9151 -0.1877 -0.3569
vn -0.7458 -0.1012 -0.6585
vn -0.8068 -0.1975 -0.5568
vn -0.8294 -0.3179 -0.4594
vn -0.9152 -0.2766 -0.2931
vn -0.8059 -0.4247 -0.4125
vn -0.1966 -0.1254 -0.9724
vn -0.3111 -0.1592 -0.9369
vn -0.3540 -0.4714 -0.8078
vn -0.4277 -0.4769 -0.7678
vn -0.4379 -0.3086 -0.8444
vn -0.0921 -0.1990 -0.9757
vn -0.8638 -0.5023 -0.0399
vn -0.7786 -0.6129 -0.1345
vn -0.5618 -0.6097 -0.5591
vn -0.6162 -0.5672 -0.5464
vn -0.6985 -0.4487 -0.5575
vn -0.4635 -0.4772 -0.7466
vn -0.5402 -0.4990 -0.6776
vn -0.6050 -0.5022 -0.6179
vn -0.5972 -0.3581 -0.7177
vn -0.5410 -0.3563 -0.7618
vn -0.4817 -0.3124 -0.8188
vn 0.7558 0.5623 -0.3354
vn 0.7608 0.5949 -0.2594
vn 0.5228 0.8452 -0.1112
vn 0.5658 0.7990 -0.2036
vn 0.5751 0.7519 -0.3225
vn 0.7156 0.5542 -0.4251
vn -0.6696 0.1231 -0.7324
vn -0.2318 0.4485 -0.8632
vn 0.3771 -0.8437 -0.3820
vn 0.3516 -0.8214 -0.4491
vn 0.3425 0.0276 0.9391
vn 0.3514 -0.0702 0.9336
vn 0.3941 0.0041 0.9191
vn 0.4717 -0.0804 0.8781
vn 0.5062 -0.0849 0.8582
vn 0.3647 0.2133 0.9064
vn -0.2718 -0.9622 0.0142
vn -0.6776 -0.6169 0.4003
vn -0.7327 -0.5697 0.3723
vn 0.0455 0.0050 0.9990
vn 0.0566 0.0727 0.9957
vn -0.2833 -0.0738 0.9562
vn -0.2362 -0.1449 0.9609
vn 0.9553 0.1597 0.2489
vn 0.9667 0.2514 -0.0490
vn 0.7623 0.6217 -0.1800
vn 0.8291 0.5587 0.0214
vn 0.9859 0.0220 0.1659
vn 0.6899 -0.4703 -0.5504
vn 0.6777 -0.6110 -0.4092
vn 0.5626 -0.6663 -0.4895
vn 0.5414 -0.5254 -0.6564
vn -0.3186 -0.5467 0.7744
vn -0.4290 -0.6199 0.6570
vn -0.4584 -0.6488 0.6074
vn 0.1610 -0.3517 0.9221
vn 0.1286 -0.3123 0.9413
vn 0.1381 -0.2040 0.9692
vn -0.1892 -0.4128 0.8909
vn -0.3163 -0.5916 -0.7416
vn -0.5932 -0.4478 -0.6690
vn -0.5285 -0.3712 -0.7635
vn -0.6674 -0.2092 -0.7148
vn -0.7236 -0.3039 -0.6198
vn -0.3707 -0.6336 -0.6790
vn 0.1776 -0.8414 -0.5105
vn -0.5923 -0.3801 0.7104
vn -0.6194 -0.4332 0.6547
vn -0.6295 -0.4917 0.6017
vn -0.7537 -0.5367 0.3792
vn -0.7720 -0.5040 0.3873
vn -0.7815 -0.4843 0.3933
vn -0.5682 -0.3515 0.7441
vn -0.6729 -0.0193 -0.7395
vn 0.2821 -0.8821 -0.3772
vn 0.3875 -0.8272 -0.4070
vn -0.8937 -0.4483 0.0174
vn -0.8711 -0.4877 -0.0577
vn -0.8106 -0.5742 0.1151
vn -0.8282 -0.5358 0.1643
vn -0.8435 -0.4873 0.2260
vn -0.9119 -0.3944 0.1138
vn 0.8637 0.4446 -0.2372
vn 0.8429 0.5265 -0.1106
vn 0.8952 0.4444 -0.0320
vn 0.9119 0.3898 -0.1283
vn 0.4188 0.6952 0.5842
vn 0.2943 0.9543 0.0521
vn 0.2841 0.9391 0.1934
vn 0.5067 0.8445 0.1735
vn 0.2143 0.0002 0.9768
vn -0.2481 -0.0300 -0.9683
vn -0.2775 -0.0281 -0.9603
vn -0.1255 0.0770 -0.9891
vn -0.0802 0.1205 -0.9895
vn -0.0114 0.0542 -0.9985
vn -0.2232 -0.1696 -0.9599
vn -0.0414 0.5855 -0.8096
vn 0.0960 0.5855 -0.8050
vn 0.1937 0.5954 -0.7797
vn -0.1399 0.5459 -0.8261
vn -0.1015 0.5494 -0.8294
vn -0.3128 0.4907 -0.8132
vn -0.2779 0.4916 -0.8253
vn -0.2297 0.5092 -0.8294
vn -0.5367 0.6131 -0.5796
vn -0.4186 0.7668 -0.4866
vn -0.2452 0.8383 -0.4871
vn 0.6114 -0.0542 0.7895
vn 0.6062 -0.0283 0.7948
vn 0.3624 -0.1680 0.9168
vn 0.3555 -0.2381 0.9039
vn 0.5676 -0.0474 0.8219
vn 0.4312 0.3867 -0.8152
vn 0.0504 0.0392 -0.9980
vn 0.7841 0.1841 -0.5927
vn 0.5780 -0.1913 -0.7933
vn 0.5373 -0.2389 -0.8088
vn 0.5063 -0.4707 -0.7225
vn 0.6398 0.0033 -0.7685
vn 0.6133 0.0989 -0.7836
vn 0.3854 -0.0497 -0.9214
vn 0.1568 -0.0082 0.9876
vn 0.1716 0.0847 0.9815
vn -0.2468 -0.0028 0.9691
vn -0.2440 -0.0642 0.9676
vn -0.2186 -0.1725 0.9604
vn -0.8640 -0.3415 0.3700
vn -0.8596 -0.3806 0.3411
vn -0.8509 -0.4299 0.3020
vn -0.7703 -0.5395 0.3399
vn -0.8035 -0.4374 0.4039
vn 0.4244 -0.8252 -0.3729
vn -0.2704 -0.8881 -0.3718
vn 0.3789 0.0118 0.9254
vn 0.2409 -0.0326 0.9700
vn 0.3152 0.2281 0.9212
vn -0.7033 -0.6318 -0.3258
vn -0.8112 -0.4711 -0.3465
vn -0.7459 -0.3958 -0.5357
vn -0.7332 -0.4783 -0.4834
vn -0.3713 0.8610 0.3476
vn -0.3851 0.8430 0.3755
vn -0.4240 0.8010 0.4226
vn -0.0955 0.9869 -0.1300
vn -0.0297 0.9974 -0.0650
vn 0.0097 0.9995 0.0310
vn 0.3992 -0.8841 0.2430
vn 0.3162 -0.9103 0.2672
vn 0.1415 -0.9561 0.2567
vn 0.2102 -0.9640 0.1627
vn 0.2830 -0.9152 0.2871
vn 0.4216 0.7874 -0.4498
vn 0.5905 0.7030 -0.3964
vn 0.6197 0.7541 -0.2173
vn 0.4325 0.8889 -0.1510
vn -0.4568 0.8895 -0.0052
vn -0.5541 0.7025 -0.4466
vn 0.6323 0.7725 0.0596
vn 0.4079 0.8998 0.1548
vn -0.4312 0.8112 0.3951
vn 0.4708 0.8321 0.2932
vn 0.7189 0.6788 0.1501
vn 0.3379 0.4894 0.8039
vn 0.0576 0.6466 0.7607
vn -0.5187 -0.1596 0.8399
vn -0.6087 0.0388 0.7924
vn -0.2125 0.6627 0.7181
vn -0.6703 0.1591 0.7248
vn -0.7704 -0.5842 0.2554
vn -0.4615 -0.8410 -0.2824
vn 0.7774 0.6264 -0.0565
vn 0.8266 0.5627 0.0091
vn 0.5611 0.7438 0.3631
vn 0.7043 0.7008 -0.1137
vn 0.7544 0.6386 -0.1521
vn 0.6879 0.7033 -0.1791
vn -0.9522 -0.0818 0.2944
vn -0.4995 -0.3461 0.7942
vn -0.6949 0.0808 0.7145
vn -0.3868 0.5891 0.7095
vn -0.7884 0.6133 0.0479
vn 0.3484 0.1972 0.9163
vn -0.6414 0.7669 -0.0214
vn -0.8641 0.3110 0.3958
vn -0.4811 0.5483 0.6840
vn -0.1825 0.9773 0.1079
vn -0.6599 0.6008 -0.4511
vn -0.9793 -0.0923 -0.1802
vn -0.0342 0.9071 -0.4194
vn 0.3692 0.9124 0.1766
vn 0.7670 0.6238 0.1505
vn 0.6526 0.7188 -0.2396
vn 0.7269 0.6167 -0.3022
vn -0.9290 -0.1544 0.3365
vn -0.8543 -0.4779 0.2044
vn -0.4417 -0.4933 0.7494
vn -0.4617 -0.4086 0.7874
vn -0.4736 -0.0978 0.8753
vn 0.1636 0.9261 -0.3401
vn 0.5704 0.6978 -0.4333
vn -0.7025 -0.5147 0.4916
vn -0.8383 -0.4571 0.2971
vn -0.9717 -0.2182 0.0902
vn -0.9764 -0.2143 0.0277
vn 0.2902 0.4557 -0.8415
vn 0.7564 0.4954 -0.4271
vn 0.2128 -0.0906 -0.9729
vn 0.3227 0.7453 -0.5835
vn -0.8140 0.4263 -0.3945
vn -0.6579 -0.6365 -0.4025
vn -0.6415 -0.5971 -0.4816
vn -0.5888 -0.6525 -0.4771
vn -0.5145 -0.7193 -0.4668
vn -0.5367 -0.7272 -0.4279
vn -0.6062 -0.6923 -0.3914
vn -0.3280 -0.0493 0.9434
vn -0.2961 -0.1214 0.9474
vn -0.1839 -0.2151 0.9591
vn -0.1069 -0.0997 0.9893
vn -0.0854 -0.0633 0.9943
vn -0.2656 -0.0857 0.9603
vn 0.3805 0.0212 0.9245
vn 0.0195 -0.1021 0.9946
vn 0.0813 -0.1765 0.9809
vn 0.2462 -0.3887 0.8879
vn 0.5967 -0.2440 0.7645
vn 0.4199 -0.0052 0.9075
vn -0.7616 -0.3256 -0.5603
vn -0.9040 -0.4238 0.0572
vn -0.8689 0.4909 0.0639
vn -0.8443 0.5143 0.1503
vn -0.7619 0.6300 0.1505
vn -0.7775 0.6228 0.0878
vn -0.7863 0.6165 0.0407
vn -0.7411 -0.4897 0.4593
vn 0.3642 0.1183 0.9238
vn 0.6324 0.2994 0.7144
vn 0.6534 0.3942 0.6463
vn 0.6327 0.5180 0.5757
vn 0.3746 0.2743 0.8857
vn -0.3861 -0.0857 0.9185
vn -0.4813 0.0201 0.8763
vn -0.5817 -0.0382 0.8125
vn -0.4935 -0.1116 0.8625
vn 0.9440 0.0637 -0.3237
vn 0.9466 -0.0471 -0.3190
vn 0.9022 -0.0587 -0.4273
vn 0.8924 0.0665 -0.4463
vn 0.8598 0.5088 -0.0436
vn 0.8380 0.5399 -0.0796
vn 0.8210 0.5708 0.0092
vn 0.5301 0.0922 0.8429
vn 0.6452 0.1405 0.7509
vn 0.6792 0.2103 0.7032
vn 0.7571 0.3342 0.5614
vn 0.0940 0.6684 0.7378
vn -0.1904 0.5749 0.7958
vn -0.0653 0.6187 0.7829
vn 0.2490 0.6531 0.7152
vn -0.3774 0.4920 0.7845
vn -0.4146 0.4820 0.7719
vn -0.2009 0.6641 0.7202
vn -0.5603 0.0221 -0.8280
vn -0.7802 0.0152 -0.6253
vn -0.7430 -0.0960 -0.6624
vn -0.7399 -0.2012 -0.6419
vn -0.4982 -0.1254 -0.8579
vn 0.7765 0.5791 0.2484
vn 0.7943 0.5778 0.1877
vn 0.2725 0.9156 0.2956
vn 0.2684 0.8917 0.3645
vn 0.2557 0.9092 0.3287
vn 0.2249 0.9490 0.2211
vn 0.7812 0.5416 0.3105
vn 0.7340 0.6641 -0.1422
vn 0.6011 0.7956 -0.0755
vn 0.6916 0.6220 -0.3672
vn 0.9059 0.1494 0.3962
vn 0.9589 0.0854 0.2706
vn 0.7142 0.5531 -0.4289
vn 0.6306 0.6188 -0.4685
vn 0.8754 0.2248 0.4280
vn 0.7296 0.4460 -0.5185
vn 0.7540 0.4985 -0.4279
vn 0.7811 0.3123 -0.5407
vn 0.7891 0.2551 -0.5587
vn 0.0037 0.4896 0.8720
vn -0.0464 0.5881 0.8075
vn -0.1816 0.5346 0.8254
vn -0.1285 0.4321 0.8926
vn -0.3470 -0.0025 -0.9379
vn -0.1319 -0.0528 -0.9899
vn -0.2930 -0.0164 -0.9560
vn -0.4345 -0.3996 0.8072
vn -0.5931 -0.2747 0.7569
vn -0.4964 -0.3832 0.7789
vn -0.3646 -0.4452 0.8178
vn -0.7322 -0.0697 0.6775
vn -0.6382 -0.2576 0.7255
vn 0.9905 0.1336 -0.0330
vn 0.1607 0.1478 0.9759
vn 0.1770 0.0183 0.9840
vn 0.9496 -0.0909 -0.2999
vn -0.4889 -0.3689 0.7905
vn -0.3925 -0.3414 0.8540
vn 0.9125 0.3922 -0.1161
vn 0.8487 0.5091 -0.1434
vn 0.6311 0.1116 0.7677
vn 0.9445 0.3219 -0.0657
vn 0.8410 0.2147 0.4966
vn -0.5002 -0.2906 0.8157
vn -0.5116 -0.4100 0.7551
vn -0.4470 -0.2962 0.8441
vn -0.4321 -0.1754 0.8846
vn -0.5756 -0.4276 0.6970
vn -0.5873 -0.5021 0.6348
vn 0.4766 0.3644 -0.8000
vn 0.2648 0.5150 -0.8153
vn -0.1931 0.1241 -0.9733
vn -0.0110 0.1693 -0.9855
vn 0.1758 0.1082 -0.9785
vn 0.2549 0.1953 -0.9470
vn -0.4642 -0.6154 0.6371
vn -0.3799 -0.5458 0.7469
vn -0.5416 -0.6571 0.5242
vn -0.2763 -0.4696 0.8385
vn -0.3836 -0.2067 0.9001
vn -0.1173 -0.4158 0.9018
vn -0.2774 -0.1596 0.9474
vn 0.0752 -0.9863 0.1470
vn 0.1511 -0.9509 0.2700
vn 0.0562 -0.3726 0.9263
vn -0.2261 0.1509 0.9623
vn -0.1423 0.1796 0.9734
vn -0.2154 0.2888 0.9329
vn -0.4115 0.1705 0.8953
vn -0.3600 0.0885 0.9287
vn 0.0835 0.0380 -0.9958
vn 0.0045 0.2877 -0.9577
vn -0.8637 -0.4142 -0.2871
vn -0.8245 -0.4226 -0.3763
vn -0.7864 -0.3031 -0.5382
vn -0.7999 -0.4831 -0.3561
vn -0.8330 -0.5473 -0.0817
vn -0.1520 0.6854 -0.7122
vn -0.0478 0.4838 -0.8739
vn -0.3397 0.9242 -0.1748
vn -0.3207 0.6622 0.6772
vn -0.3988 0.6961 0.5969
vn -0.1666 -0.1825 0.9690
vn -0.0118 -0.1523 0.9883
vn -0.4418 0.7456 0.4989
vn -0.3450 -0.1614 0.9246
vn -0.4757 -0.0641 0.8773
vn -0.3175 -0.4601 0.8291
vn -0.2027 -0.4707 0.8587
vn -0.5725 0.0751 0.8164
vn -0.6716 0.2159 0.7088
vn -0.1724 0.8826 0.4373
vn -0.4010 0.7125 0.5758
vn -0.6225 0.6180 0.4802
vn -0.7174 0.5020 0.4830
vn -0.7372 0.3523 0.5765
vn -0.7702 0.2068 0.6034
vn -0.6745 0.4293 0.6006
vn -0.7686 0.0685 0.6361
vn -0.7456 -0.0830 0.6612
vn 0.1668 0.9836 0.0687
vn 0.1516 0.9642 0.2175
vn -0.7321 -0.3774 0.5670
vn -0.6076 -0.3832 0.6957
vn 0.7923 0.3087 -0.5264
vn 0.7947 0.3664 -0.4840
vn 0.8268 0.2918 -0.4808
vn -0.6635 -0.5270 0.5311
vn -0.6088 -0.6535 0.4498
vn -0.2085 -0.9779 0.0138
vn -0.1350 -0.9907 0.0149
vn -0.0304 -0.9979 0.0578
vn 0.4997 -0.6299 -0.5946
vn 0.4988 -0.6362 -0.5886
vn 0.4830 -0.6591 -0.5764
vn 0.4607 -0.6861 -0.5630
vn 0.4500 -0.2422 -0.8595
vn 0.3272 -0.3196 -0.8893
vn 0.2252 -0.3824 -0.8961
vn 0.3735 0.0956 -0.9227
vn 0.2124 0.0680 -0.9748
vn 0.3371 0.3296 -0.8819
vn 0.1582 0.3183 -0.9347
vn 0.8309 -0.4399 -0.3408
vn 0.8953 -0.4144 -0.1638
vn 0.5726 -0.7846 -0.2379
vn 0.5463 -0.7652 -0.3406
vn 0.7456 -0.4405 -0.5000
vn 0.1262 0.7746 -0.6197
vn -0.0183 0.7320 -0.6811
vn 0.1138 0.5265 -0.8425
vn 0.2776 0.5634 -0.7782
vn -0.1838 0.9701 -0.1585
vn -0.2730 0.9470 -0.1691
vn -0.1141 -0.9115 0.3952
vn 0.0196 -0.9579 0.2865
vn 0.0781 -0.9188 0.3870
vn 0.0133 -0.9171 0.3985
vn 0.0494 -0.9530 0.2991
vn -0.0685 -0.9786 0.1938
vn -0.4127 -0.6492 -0.6390
vn -0.7280 -0.6294 -0.2718
vn -0.7223 -0.4476 -0.5271
vn -0.5167 -0.4159 -0.7484
vn -0.3547 -0.2724 -0.8944
vn -0.3016 -0.6594 -0.6886
vn 0.1231 0.8922 0.4345
vn 0.5573 -0.3070 0.7715
vn 0.6356 -0.3788 0.6727
vn 0.4806 -0.3450 0.8062
vn -0.4785 0.5506 0.6841
vn 0.1709 0.9759 0.1360
vn 0.3703 0.9261 0.0727
vn 0.7918 0.0661 -0.6072
vn 0.7565 0.0915 -0.6475
vn 0.7122 -0.2176 -0.6673
vn 0.7339 -0.2522 -0.6307
vn 0.7397 -0.3378 -0.5820
vn 0.8253 0.0018 -0.5646
vn 0.8555 -0.0042 -0.5178
vn 0.8390 0.1547 -0.5217
vn 0.8017 0.1630 -0.5750
vn 0.4190 -0.7621 -0.4936
vn 0.4297 -0.6792 -0.5950
vn 0.3945 -0.6076 -0.6894
vn 0.1126 -0.1664 -0.9796
vn 0.4662 0.4793 0.7436
vn 0.1895 0.3293 0.9250
vn 0.1862 0.2594 0.9477
vn 0.1888 0.1709 0.9670
vn 0.4784 0.3683 0.7972
vn 0.2920 -0.2000 -0.9353
vn 0.8116 0.3501 -0.4677
vn 0.8479 0.5291 0.0330
vn 0.4038 0.7012 0.5876
vn 0.7887 0.6036 0.1166
vn 0.8376 0.2831 -0.4673
vn 0.5914 0.7982 0.1148
vn 0.3853 0.8728 -0.2995
vn 0.2390 0.9654 0.1047
vn -0.3386 -0.5031 0.7951
vn -0.3838 -0.4067 0.8290
vn -0.4224 -0.4316 0.7970
vn -0.2196 -0.3633 0.9054
vn -0.2219 -0.3399 0.9139
vn 0.9137 -0.1282 -0.3856
vn 0.9256 0.0595 -0.3738
vn 0.8972 -0.0836 0.4335
vn 0.8897 -0.2391 0.3889
vn 0.9066 -0.1798 -0.3818
vn -0.4038 -0.6344 -0.6592
vn -0.4761 -0.6354 -0.6080
vn -0.7096 -0.6650 -0.2329
vn -0.6613 -0.6600 -0.3564
vn -0.3764 -0.5799 -0.7225
vn -0.6708 -0.5780 -0.4647
vn -0.8636 -0.4968 0.0856
vn -0.8119 -0.0465 0.5820
vn -0.8397 0.0752 0.5379
vn -0.9350 -0.3541 -0.0185
vn -0.7089 -0.3899 -0.5878
vn -0.4111 -0.4218 -0.8082
vn -0.6176 0.2668 0.7398
vn -0.5661 0.3431 0.7495
vn 0.5955 -0.7674 0.2378
vn 0.5691 -0.7940 0.2137
vn 0.3563 -0.8728 0.3335
vn 0.4539 -0.8712 0.1873
vn 0.6036 -0.7750 0.1873
vn -0.8502 -0.1573 0.5025
vn -0.7133 0.2156 0.6669
vn -0.8861 -0.2699 0.3767
vn -0.7947 0.1853 0.5780
vn -0.4119 0.6468 0.6419
vn -0.4164 0.5515 0.7228
vn -0.8893 0.1784 0.4211
vn 0.2746 0.8272 0.4902
vn 0.0979 0.7278 0.6788
vn -0.9625 0.1708 0.2107
vn -0.8786 -0.3599 0.3139
vn -0.8785 -0.3863 0.2811
vn -0.8685 -0.4330 0.2415
vn -1.0000 -0.0095 0.0009
vn -0.6503 0.4402 -0.6191
vn 0.4472 -0.8837 -0.1383
vn 0.6623 -0.6959 -0.2778
vn 0.7013 -0.6889 -0.1831
vn 0.8006 -0.5982 -0.0347
vn 0.3608 -0.9243 -0.1245
vn 0.4567 -0.8678 -0.1960
vn 0.7271 0.2498 0.6395
vn -0.1304 -0.2051 0.9700
vn -0.2228 -0.3361 0.9151
vn 0.0856 -0.0382 0.9956
vn -0.2698 -0.4363 0.8584
vn -0.4136 -0.4321 0.8014
vn 0.8330 -0.0040 -0.5532
vn 0.6881 0.2185 -0.6919
vn 0.8896 0.1342 -0.4366
vn 0.9871 -0.0658 -0.1461
vn 0.9608 -0.1549 -0.2298
vn -0.4189 0.9075 0.0293
vn -0.5702 0.8200 0.0499
vn -0.5537 0.8104 0.1917
vn -0.4033 0.8987 0.1720
vn 0.3427 0.9304 -0.1299
vn 0.7941 0.5861 -0.1610
vn 0.8047 0.5511 -0.2208
vn 0.3260 0.2142 -0.9208
vn 0.2236 0.0136 -0.9746
vn -0.0015 -0.1113 -0.9938
vn 0.0060 0.0614 -0.9981
vn 0.0871 0.1814 -0.9795
vn 0.2432 0.2581 -0.9350
vn 0.7677 0.6293 0.1207
vn 0.3852 0.3957 0.8337
vn -0.5026 -0.2535 0.8265
vn 0.3367 0.2864 0.8970
vn -0.5347 -0.3220 0.7813
vn -0.7804 -0.4248 0.4589
vn -0.8273 -0.3675 0.4249
vn 0.3512 -0.2294 0.9077
vn 0.3353 -0.1283 0.9334
vn -0.7356 -0.6187 0.2759
vn -0.7141 -0.6418 0.2795
vn -0.7905 -0.5603 0.2473
vn -0.7387 -0.5322 0.4137
vn -0.7194 -0.5635 0.4061
vn -0.7423 -0.5356 0.4028
vn -0.7167 -0.5951 0.3637
vn -0.2452 0.0064 0.9695
vn -0.2692 0.1140 0.9563
vn -0.0470 -0.2552 0.9658
vn -0.2488 -0.1710 0.9534
vn -0.3455 -0.0259 0.9381
vn 0.7685 0.4503 0.4545
vn 0.9239 0.3525 0.1489
vn 0.8516 0.2602 0.4550
vn 0.8017 0.3150 0.5080
vn -0.1127 -0.5311 -0.8398
vn -0.2057 -0.3116 -0.9277
vn -0.4986 -0.3634 -0.7870
vn -0.4776 -0.4353 -0.7632
vn -0.1498 -0.6819 -0.7159
vn 0.2683 -0.6971 -0.6649
vn -0.7384 -0.3928 -0.5482
vn -0.6483 -0.5911 -0.4799
vn -0.8451 -0.4837 0.2277
vn -0.8912 -0.4038 0.2065
vn -0.0798 -0.3736 -0.9242
vn 0.0399 -0.7764 -0.6290
vn -0.7634 -0.3128 -0.5651
vn 0.6494 0.0462 -0.7590
vn 0.6368 -0.4104 -0.6527
vn 0.4626 0.2873 0.8387
vn 0.3560 0.1757 0.9178
vn 0.3294 0.1593 0.9307
vn 0.4631 0.2024 0.8629
vn 0.2126 -0.9713 -0.1065
vn 0.0962 -0.9641 -0.2474
vn 0.2134 -0.9313 -0.2952
vn 0.3689 -0.9085 -0.1965
vn 0.3187 -0.9325 -0.1699
vn 0.8573 0.2522 0.4488
vn 0.7002 0.3502 0.6222
vn 0.2463 0.2578 0.9343
vn 0.1112 0.0938 0.9894
vn 0.6012 0.1866 0.7770
vn 0.2594 0.4557 -0.8515
vn 0.2541 0.3759 -0.8912
vn 0.0681 0.2359 -0.9694
vn -0.6531 -0.5323 -0.5386
vn 0.3585 -0.1611 -0.9195
vn 0.2532 -0.0205 -0.9672
vn -0.6784 -0.4504 -0.5804
vn 0.3708 0.8147 -0.4459
vn 0.4771 0.8210 -0.3134
vn 0.2551 0.7988 -0.5448
vn 0.4160 0.5837 -0.6973
vn 0.5475 0.5846 -0.5987
vn 0.6783 0.5520 -0.4850
vn 0.5916 0.4510 -0.6683
vn 0.7092 0.3963 -0.5830
vn 0.4670 0.4610 -0.7546
vn -0.6191 -0.3215 -0.7165
vn -0.7040 -0.2939 -0.6465
vn -0.2287 0.1453 -0.9626
vn -0.1656 0.0174 -0.9860
vn -0.1751 -0.0631 -0.9825
vn -0.4939 -0.2494 -0.8330
vn -0.5328 -0.3870 0.7526
vn -0.6326 -0.4692 0.6162
vn 0.5861 0.3049 -0.7507
vn 0.5618 0.3960 -0.7264
vn 0.9292 0.3659 -0.0527
vn 0.9629 0.2338 -0.1347
vn 0.9736 0.1550 -0.1679
vn 0.5437 0.2184 -0.8104
vn 0.6630 0.0874 0.7435
vn 0.7335 -0.1243 0.6683
vn 0.9867 -0.1155 0.1142
vn 0.9880 0.0817 0.1308
vn 0.1061 -0.7735 -0.6248
vn 0.0551 -0.7543 -0.6542
vn 0.2246 -0.8172 -0.5308
vn 0.4078 -0.7747 -0.4832
vn 0.4309 -0.7534 -0.4967
vn 0.4584 -0.7104 -0.5340
vn 0.9371 0.3393 0.0824
vn 0.9225 0.3626 0.1325
vn -0.1644 -0.9719 -0.1685
vn -0.5008 0.3116 -0.8075
vn -0.5079 0.1959 -0.8388
vn -0.9066 0.0333 -0.4206
vn -0.9213 0.1612 -0.3538
vn -0.9321 0.2068 -0.2974
vn -0.5290 0.3682 -0.7646
vn 0.8000 0.5000 -0.3316
vn 0.7937 0.5525 -0.2545
vn 0.7792 0.6027 -0.1719
vn -0.9646 0.1859 -0.1872
vn -0.9918 0.0921 -0.0889
vn -0.7261 -0.5714 -0.3824
vn -0.8367 -0.4857 -0.2531
vn -0.8817 -0.4494 -0.1434
vn -0.9665 0.2046 -0.1549
vn 0.5557 -0.1867 -0.8102
vn 0.4920 0.3284 -0.8063
vn 0.5207 0.1155 -0.8459
vn 0.6310 0.1205 -0.7663
vn 0.6112 0.3153 -0.7259
vn 0.6293 -0.1692 -0.7586
vn -0.9783 -0.2030 -0.0411
vn -0.9841 -0.1306 -0.1204
vn -0.8938 -0.3003 0.3331
vn -0.9062 -0.2368 0.3502
vn -0.9543 -0.2983 0.0209
vn 0.3211 0.4509 -0.8328
vn -0.8294 -0.5455 0.1205
vn 0.8216 0.5594 0.1095
vn 0.7573 0.6398 0.1314
vn -0.7243 0.1655 0.6693
vn -0.1140 -0.1260 0.9855
vn -0.3174 -0.0782 0.9450
vn -0.1945 -0.2697 0.9431
vn -0.2772 -0.3315 0.9018
vn -0.3896 -0.1294 0.9119
vn -0.3844 0.0358 -0.9225
vn -0.6271 -0.0724 -0.7756
vn 0.9613 -0.1984 0.1911
vn 0.9449 -0.1433 0.2942
vn 0.9946 -0.0225 -0.1008
vn 0.9042 -0.4231 -0.0587
vn 0.8480 -0.5185 0.1101
vn 0.1887 0.9818 -0.0214
vn 0.0265 0.9959 0.0869
vn 0.9442 -0.0101 -0.3291
vn 0.9633 -0.0044 -0.2682
vn 0.9944 -0.1011 -0.0296
vn 0.9631 -0.1847 -0.1960
vn 0.9140 -0.1024 -0.3926
vn 0.9163 -0.2794 -0.2871
vn 0.9501 -0.2255 -0.2156
vn 0.7932 -0.3952 -0.4634
vn 0.8848 0.1057 -0.4537
vn 0.7053 0.2778 -0.6523
vn 0.7662 0.2179 -0.6045
vn 0.2734 -0.7308 0.6255
vn 0.4030 -0.8149 0.4166
vn 0.3070 -0.9162 0.2575
vn -0.1998 -0.9676 0.1542
vn 0.5677 -0.7842 -0.2503
vn -0.5356 -0.6572 0.5304
vn -0.4421 0.1698 0.8807
vn -0.9860 0.0569 0.1567
vn -0.9785 -0.0865 0.1872
vn -0.5004 -0.0397 0.8649
vn -0.8546 -0.2878 0.4322
vn -0.7619 -0.4972 0.4151
vn -0.7890 -0.4489 0.4195
vn -0.7640 -0.4864 0.4238
vn -0.7915 -0.4369 0.4274
vn -0.7817 -0.4907 0.3851
vn -0.8194 -0.4513 0.3534
vn -0.8459 -0.3340 0.4157
vn -0.2078 0.0316 0.9777
vn -0.3422 -0.0443 0.9386
vn -0.5349 0.1318 0.8346
vn -0.3360 0.2488 0.9084
vn -0.3259 0.1444 0.9343
vn -0.3792 0.0288 0.9249
vn -0.2767 0.1171 0.9538
vn -0.1357 0.1988 0.9706
vn -0.1745 0.1705 0.9698
vn -0.1969 0.4702 -0.8603
vn 0.0320 0.5535 -0.8322
vn 0.6709 -0.7026 0.2370
vn 0.7187 -0.6216 0.3117
vn 0.4127 -0.9067 -0.0872
vn 0.4939 -0.8549 -0.1586
vn 0.3218 -0.9465 0.0243
vn 0.5566 -0.6349 -0.5358
vn 0.7653 -0.3740 -0.5238
vn -0.2804 -0.8320 0.4787
vn -0.3757 -0.8030 0.4626
vn -0.5159 -0.7181 0.4670
vn -0.4504 -0.7083 0.5436
vn 0.6304 0.6916 -0.3525
vn 0.5716 -0.3973 0.7180
vn 0.6648 -0.4068 0.6266
vn 0.7038 -0.5986 0.3825
vn 0.6765 -0.6016 0.4248
vn 0.6225 -0.6397 0.4509
vn 0.0315 -0.7143 0.6992
vn -0.6287 -0.6343 0.4499
vn -0.0388 -0.9979 -0.0511
vn 0.1793 -0.9811 -0.0734
vn 0.1534 -0.9840 -0.0901
vn 0.3073 -0.6857 0.6599
vn -0.7760 -0.6293 0.0421
vn -0.9937 -0.0679 -0.0889
vn -0.8015 -0.4513 -0.3924
vn -0.7700 -0.5095 -0.3841
vn -0.7491 -0.5297 -0.3979
vn -0.6895 -0.7132 0.1264
vn -0.7333 -0.6745 0.0854
vn -0.2379 0.9570 0.1662
vn -0.2532 0.9671 0.0243
vn 0.7945 0.4285 0.4303
vn 0.8132 0.5691 0.1216
vn 0.2491 0.1450 0.9576
vn 0.9996 -0.0251 -0.0151
vn 0.7799 -0.4846 0.3961
vn 0.7913 -0.2997 -0.5329
vn 0.7609 0.0269 -0.6483
vn 0.5589 -0.7408 -0.3726
vn 0.2998 -0.5221 -0.7985
vn 0.0861 -0.9653 -0.2465
vn 0.0594 -0.8540 0.5168
vn -0.7557 -0.6548 0.0129
vn -0.2096 -0.6694 -0.7127
vn 0.3173 -0.9227 -0.2191
vn 0.3330 -0.7843 0.5235
vn 0.0981 -0.6260 -0.7736
vn -0.6435 -0.4446 0.6231
vn -0.0079 -0.2908 0.9568
vn 0.2523 0.4340 0.8649
vn 0.2618 0.3357 0.9048
vn 0.4562 0.4692 0.7561
vn 0.3602 0.5161 0.7771
vn 0.7388 0.6598 -0.1374
vn 0.6671 0.7250 -0.1715
vn 0.5982 0.6170 0.5112
vn 0.3627 -0.9310 -0.0411
vn 0.3633 -0.7933 0.4886
vn 0.1004 -0.9004 0.4233
vn -0.0927 -0.9340 0.3450
vn 0.2329 -0.9677 -0.0964
vn 0.2621 -0.9602 -0.0969
vn 0.2902 0.1838 -0.9392
vn 0.6283 0.5440 -0.5561
vn 0.7274 0.3621 -0.5829
vn 0.3464 -0.0858 -0.9342
vn 0.0416 -0.0496 -0.9979
vn 0.1391 -0.3138 -0.9392
vn 0.5291 -0.7944 -0.2983
vn 0.4641 -0.8477 -0.2570
vn 0.6500 -0.6142 0.4475
vn 0.4350 -0.0821 0.8967
vn 0.1234 0.2240 0.9668
vn 0.1548 0.1303 0.9793
vn -0.1188 0.1225 0.9853
vn -0.0504 0.0670 0.9965
vn 0.0906 0.3015 0.9491
vn -0.1634 0.1572 0.9740
vn -0.9250 -0.1461 0.3508
vn -0.9688 -0.0994 0.2270
vn -0.9636 -0.2174 0.1556
vn -0.9246 -0.3213 0.2047
vn -0.9232 -0.2527 0.2895
vn -0.9192 -0.2282 0.3210
vn -0.8980 -0.2664 0.3503
vn -0.7445 -0.3407 0.5741
vn -0.7024 -0.4257 0.5705
vn -0.5371 -0.3767 0.7547
vn -0.5148 -0.2940 0.8053
vn -0.5011 -0.2044 0.8409
vn -0.7810 -0.2287 0.5811
vn -0.0166 0.1462 -0.9891
vn 0.2599 0.3524 -0.8990
vn -0.1918 -0.1984 -0.9612
vn -0.0094 -0.4328 -0.9014
vn -0.2381 -0.4522 -0.8595
vn -0.4431 -0.2573 -0.8587
vn 0.1616 -0.2526 0.9540
vn 0.5160 -0.7108 0.4780
vn 0.2954 -0.2011 0.9340
vn 0.4367 0.1663 0.8841
vn 0.3778 0.1742 0.9094
vn 0.1442 0.2830 0.9482
vn 0.5949 -0.1550 0.7887
vn 0.5642 -0.0177 0.8255
vn 0.5598 -0.0181 0.8285
vn 0.4579 0.2629 0.8492
vn -0.5347 -0.6470 -0.5436
vn -0.5862 -0.5770 -0.5686
vn -0.5185 -0.5778 -0.6303
vn -0.4604 -0.6663 -0.5866
vn -0.6553 0.7525 0.0650
vn -0.7430 0.6344 0.2132
vn -0.6314 0.7477 0.2056
vn 0.9801 -0.1245 0.1548
vn 0.9710 -0.1037 0.2153
vn 0.9670 -0.0326 0.2527
vn 0.9674 0.0546 0.2474
vn 0.9841 0.0192 0.1766
vn 0.9874 -0.1252 -0.0965
vn 0.9928 -0.0540 -0.1068
vn 0.9961 0.0249 -0.0844
vn 0.9965 0.0828 -0.0100
vn 0.9928 0.1065 0.0552
vn 0.9923 -0.0573 0.1100
vn -0.0095 0.1990 -0.9800
vn 0.3004 0.3901 -0.8704
vn -0.3026 -0.0233 -0.9528
vn -0.3247 0.0233 -0.9455
vn -0.7727 -0.2824 -0.5685
vn -0.8513 -0.1872 -0.4901
vn -0.5693 -0.1214 -0.8131
vn 0.8754 0.1634 0.4549
vn 0.8202 0.3815 0.4263
vn 0.8748 0.3499 0.3351
vn 0.9226 0.1832 0.3396
vn -0.6071 -0.1023 -0.7880
vn -0.8735 -0.1834 -0.4510
vn -0.2398 -0.9522 -0.1893
vn -0.3916 -0.9201 0.0075
vn -0.5493 -0.8356 0.0013
vn -0.3969 -0.9019 -0.1701
vn 0.0681 -0.0509 0.9964
vn -0.1222 -0.1006 0.9874
vn 0.8459 0.0809 -0.5271
vn 0.7783 0.1818 -0.6010
vn 0.3440 -0.3403 -0.8751
vn 0.6720 0.2124 -0.7095
vn 0.5913 -0.0573 -0.8044
vn -0.2118 -0.1248 -0.9693
vn -0.2485 -0.1450 -0.9577
vn -0.2750 -0.2450 -0.9297
vn 0.6970 0.1942 -0.6903
vn -0.4230 -0.5876 -0.6898
vn -0.0494 -0.5617 -0.8259
vn -0.8724 -0.4886 0.0084
vn -0.7522 -0.3377 0.5658
vn 0.1995 -0.4985 -0.8436
vn 0.1222 -0.5595 -0.8198
vn -0.6202 -0.4544 -0.6394
vn -0.9297 -0.3665 0.0380
vn -0.8026 -0.2576 0.5380
vn -0.2033 -0.0455 0.9781
vn -0.9654 -0.2538 0.0602
vn -0.8348 -0.1732 0.5226
vn -0.2748 0.0111 0.9614
vn 0.1144 -0.9757 0.1869
vn -0.1874 -0.3479 0.9186
vn -0.6049 -0.4299 0.6703
vn -0.4641 -0.8832 -0.0674
vn 0.1410 -0.7062 -0.6939
vn -0.2001 -0.6819 -0.7036
vn 0.8545 -0.3147 -0.4133
vn 0.5409 -0.8103 0.2254
vn 0.4250 -0.5756 -0.6986
vn 0.1937 0.0571 0.9794
vn 0.2774 -0.1961 0.9405
vn 0.5852 0.0334 0.8102
vn 0.5133 0.2554 0.8193
vn 0.8985 0.4254 0.1086
vn -0.4514 -0.0848 0.8883
vn -0.4749 0.0044 0.8800
vn -0.8334 -0.0372 0.5515
vn -0.8113 -0.1553 0.5636
vn -0.9760 -0.0344 -0.2151
vn -0.9537 -0.2122 -0.2130
vn -0.8700 -0.4450 -0.2126
vn -0.7146 -0.2863 0.6383
vn -0.7180 -0.0490 -0.6944
vn -0.6234 -0.2419 -0.7435
vn -0.4259 -0.4937 -0.7582
vn -0.2142 -0.2363 -0.9478
vn -0.0205 -0.5031 -0.8640
vn 0.2489 -0.4554 -0.8548
vn 0.2833 -0.6947 -0.6611
vn 0.3263 -0.9233 0.2027
vn -0.3295 -0.1582 0.9308
vn -0.1210 0.0939 0.9882
vn -0.0719 0.0147 0.9973
vn -0.1560 0.1939 0.9685
vn -0.3391 0.1445 0.9296
vn -0.7647 -0.0827 -0.6391
vn -0.9456 -0.1014 -0.3090
vn -0.4193 0.0243 -0.9075
vn -0.3701 0.0175 -0.9288
vn 0.1741 -0.1471 -0.9737
vn 0.4187 -0.3118 -0.8529
vn 0.6681 -0.0338 -0.7433
vn 0.8901 0.3562 -0.2844
vn 0.8137 0.5174 -0.2648
vn 0.0832 -0.2956 0.9517
vn -0.0191 -0.0754 0.9970
vn -0.1926 -0.8658 -0.4619
vn -0.2769 -0.9070 -0.3172
vn -0.4886 -0.7936 -0.3627
vn -0.4235 -0.7362 -0.5278
vn -0.3151 -0.7986 -0.5127
vn -0.8610 -0.2867 -0.4202
vn -0.8600 -0.1313 -0.4931
vn -0.6601 0.1642 -0.7330
vn -0.7022 0.0858 -0.7067
vn 0.3742 0.0216 -0.9271
vn 0.6290 0.3038 -0.7156
vn 0.5953 0.5028 -0.6267
vn 0.3277 0.3106 -0.8923
vn 0.3601 0.3483 -0.8655
vn 0.6353 0.5186 -0.5723
vn -0.0186 -0.8184 -0.5743
vn 0.2161 -0.7166 -0.6631
vn 0.3632 -0.9159 -0.1709
vn -0.1440 -0.9890 -0.0352
vn 0.3404 -0.9217 -0.1858
vn 0.4434 -0.7474 -0.4948
vn 0.9277 0.2487 -0.2786
vn 0.9001 0.4332 -0.0452
vn 0.6210 -0.7248 -0.2984
vn 0.6668 -0.7261 -0.1678
vn 0.4400 -0.8597 -0.2594
vn 0.3243 -0.8983 -0.2964
vn 0.4831 -0.7601 -0.4346
vn -0.8024 0.0469 -0.5950
vn -0.7659 -0.0910 -0.6365
vn -0.9358 -0.3192 0.1498
vn -0.3840 0.1032 -0.9176
vn -0.2871 -0.0256 -0.9576
vn -0.0930 -0.2371 -0.9670
vn -0.6473 -0.3473 -0.6785
vn 0.3502 -0.0875 -0.9326
vn 0.4889 -0.3000 -0.8191
vn 0.8951 -0.2655 -0.3583
vn 0.6300 -0.7552 -0.1810
vn 0.6469 0.1416 0.7493
vn 0.7403 0.1164 0.6621
vn 0.8356 0.1848 0.5173
vn 0.8109 0.1311 0.5703
vn 0.7090 -0.7009 0.0777
vn 0.5927 -0.7491 0.2960
vn 0.3268 -0.8021 0.4998
vn 0.0282 -0.9204 0.3900
vn -0.5518 -0.8242 0.1274
vn -0.3341 -0.9364 -0.1078
vn -0.3709 -0.9274 -0.0486
vn -0.5963 -0.8024 -0.0241
vn -0.7974 -0.5930 0.1123
vn -0.4161 -0.5538 0.7212
vn -0.4783 -0.2962 0.8267
vn 0.0778 -0.1155 0.9903
vn 0.1530 -0.3542 0.9226
vn 0.8986 0.0501 -0.4360
vn 0.2238 0.0803 -0.9713
vn 0.2641 0.2336 -0.9358
vn 0.3042 0.3563 -0.8835
vn -0.1810 0.9829 -0.0331
vn -0.2876 0.9558 -0.0612
vn -0.3721 0.9274 -0.0378
vn 0.4120 0.8883 -0.2028
vn 0.4462 0.8549 -0.2647
vn 0.4867 0.8234 -0.2919
vn -0.7846 0.0942 -0.6128
vn -0.3607 0.1504 -0.9205
vn 0.9156 -0.0551 -0.3984
vn -0.0519 -0.9735 0.2228
vn -0.0360 -0.9881 0.1494
vn -0.2289 -0.9408 0.2498
vn -0.2962 -0.7863 0.5422
vn -0.3022 -0.7276 0.6159
vn -0.7517 0.0492 -0.6577
vn -0.3407 0.1470 -0.9286
vn 0.5919 -0.7079 -0.3853
vn 0.4113 -0.7829 -0.4668
vn 0.3473 -0.8198 -0.4554
vn 0.7832 -0.5723 0.2431
vn 0.7044 -0.3753 -0.6025
vn 0.9932 -0.0162 0.1154
vn 0.6164 -0.6556 0.4362
vn -0.5911 0.0025 0.8066
vn -0.4290 0.0099 0.9033
vn -0.5090 0.0932 0.8557
vn -0.9366 -0.0024 0.3505
vn -0.6294 -0.1166 0.7683
vn -0.9733 -0.1316 0.1883
vn -0.9120 -0.3084 0.2706
vn -0.7776 -0.4021 -0.4833
vn -0.5083 -0.8209 -0.2602
vn -0.7499 -0.5737 0.3294
vn 0.2935 -0.6320 -0.7172
vn 0.3816 -0.6465 -0.6606
vn -0.1405 -0.9843 0.1068
vn -0.2582 -0.5123 0.8191
vn -0.4787 -0.5863 0.6535
vn 0.0795 -0.9541 0.2887
vn -0.3618 -0.1957 0.9115
vn -0.5675 -0.2479 0.7851
vn 0.7445 0.6658 0.0496
vn 0.5907 0.4498 0.6698
vn 0.6533 0.3188 0.6867
vn 0.8507 0.5098 0.1282
vn 0.4302 -0.8545 -0.2910
vn 0.4680 -0.8537 -0.2285
vn 0.5742 -0.8116 -0.1075
vn 0.6526 -0.7568 -0.0372
vn 0.5767 -0.8080 -0.1205
vn 0.6425 -0.7338 -0.2207
vn 0.6639 -0.6717 -0.3289
vn -0.0707 0.1152 0.9908
vn 0.4845 0.3821 0.7869
vn 0.3450 0.4578 0.8194
vn -0.1372 0.1819 0.9737
vn -0.9498 0.0232 -0.3119
vn -0.8941 -0.1263 -0.4297
vn 0.0579 -0.2443 -0.9680
vn 0.1828 -0.3631 -0.9137
vn -0.8463 -0.2802 -0.4530
vn 0.8699 0.3031 -0.3891
vn 0.8403 0.1726 -0.5140
vn 0.5873 0.7633 -0.2692
vn 0.8842 0.3698 -0.2854
vn 0.4315 -0.6555 -0.6197
vn 0.5368 -0.5686 -0.6234
vn 0.3168 -0.8834 0.3454
vn 0.1957 -0.2675 0.9435
vn -0.0820 -0.4447 0.8919
vn 0.5314 0.0202 0.8469
vn 0.5670 0.2373 0.7888
vn -0.1917 0.1422 -0.9711
vn -0.0831 -0.0691 -0.9941
vn 0.3778 -0.2228 -0.8987
vn 0.4242 -0.3347 -0.8414
vn 0.5522 -0.1573 -0.8187
vn 0.8014 0.0497 -0.5960
vn 0.7462 -0.0887 -0.6598
vn 0.5336 -0.2924 -0.7936
vn 0.9700 0.2423 -0.0176
vn 0.7954 -0.4506 -0.4053
vn 0.7147 -0.5726 -0.4016
vn 0.8702 -0.4240 -0.2507
vn 0.8717 -0.3794 -0.3102
vn 0.8259 -0.4463 -0.3446
vn 0.8067 -0.0069 -0.5910
vn 0.7973 0.0730 -0.5991
vn 0.8486 0.0676 -0.5247
vn 0.8561 -0.0773 -0.5110
vn 0.8148 -0.1020 -0.5707
vn 0.7267 0.6859 0.0380
vn 0.8248 0.5609 0.0711
vn 0.3516 0.3011 -0.8864
vn 0.4463 0.3947 -0.8032
vn 0.5258 0.0705 -0.8477
vn 0.3114 -0.0270 -0.9499
vn 0.2747 0.2492 -0.9287
vn 0.3456 0.2997 -0.8892
vn 0.3700 0.3325 -0.8675
vn 0.6539 0.5443 -0.5255
vn 0.7617 0.2667 -0.5905
vn 0.9460 0.3210 0.0456
vn 0.9151 0.4030 0.0119
vn 0.6548 0.5934 -0.4681
vn 0.7356 0.6492 -0.1936
vn 0.4701 0.4365 -0.7671
vn -0.5323 -0.0619 -0.8443
vn -0.5240 -0.1224 -0.8429
vn -0.9332 -0.1584 -0.3226
vn -0.8998 -0.0944 -0.4260
vn 0.0715 0.2082 -0.9755
vn 0.4098 -0.8444 0.3449
vn 0.3985 -0.7561 0.5192
vn 0.5733 -0.6234 0.5317
vn 0.3653 0.7432 0.5606
vn -0.1786 0.5277 0.8304
vn 0.0058 0.1577 0.9875
vn 0.4232 0.7970 0.4308
vn 0.7944 0.0876 0.6011
vn 0.4835 -0.2457 0.8401
vn 0.6345 -0.2587 0.7283
vn 0.7741 -0.1694 0.6099
vn 0.8506 -0.1116 0.5139
vn 0.8411 -0.0492 0.5386
vn 0.1786 0.9710 0.1590
vn -0.3531 0.8340 0.4239
vn -0.4028 0.8982 0.1760
vn 0.0568 0.9914 0.1177
vn 0.4804 0.1278 0.8677
vn 0.1438 -0.1310 0.9809
vn 0.1746 -0.2091 0.9622
vn 0.2924 0.0661 0.9540
vn 0.1236 0.0053 -0.9923
vn -0.1531 -0.1621 -0.9748
vn 0.1667 -0.2271 -0.9595
vn -0.0000 -0.0362 -0.9993
vn 0.8856 0.4352 -0.1624
vn 0.6319 0.4352 -0.6414
vn 0.8969 0.4236 -0.1270
vn 0.3223 0.2567 -0.9111
vn 0.1080 -0.9832 -0.1471
vn 0.1455 -0.9845 -0.0976
vn -0.0429 -0.9589 -0.2805
vn -0.0213 -0.9355 -0.3528
vn 0.0834 -0.8887 -0.4508
vn 0.1928 -0.0357 -0.9806
vn 0.8447 0.5336 -0.0416
vn 0.9059 -0.3251 -0.2715
vn 0.9454 -0.1507 -0.2889
vn 0.9278 -0.3293 -0.1751
vn 0.8239 -0.3973 -0.4042
vn 0.8733 -0.3707 -0.3160
vn 0.9038 -0.1865 -0.3852
vn 0.8527 -0.2068 -0.4797
vn 0.1080 -0.5590 0.8221
vn 0.4567 -0.6803 0.5733
vn 0.3354 -0.7644 0.5506
vn 0.1447 -0.7925 0.5924
vn 0.8386 -0.4329 0.3307
vn 0.3742 -0.7638 0.5260
vn 0.4204 -0.8269 0.3735
vn 0.2247 -0.8696 0.4397
vn 0.4278 -0.7490 0.5059
vn 0.7320 -0.6361 0.2440
vn 0.7640 -0.5457 0.3443
vn 0.8451 -0.4116 0.3410
vn 0.8127 -0.5696 0.1227
vn -0.6368 -0.5554 -0.5348
vn 0.6859 -0.5938 0.4207
vn 0.7572 -0.5377 0.3709
vn 0.5056 -0.8403 -0.1955
vn 0.0160 -0.2814 -0.9595
vn 0.6769 0.1312 -0.7243
vn -0.0939 -0.1779 -0.9796
vn -0.2065 -0.4960 0.8434
vn 0.0036 -0.4986 0.8668
vn -0.2379 -0.5706 0.7860
vn 0.8728 0.4031 0.2753
vn 0.9012 0.4053 0.1536
vn 0.7787 0.5742 0.2529
vn 0.7736 0.6179 0.1408
vn 0.8518 0.3872 0.3528
vn 0.9067 0.2626 0.3301
vn 0.4513 0.1773 -0.8746
vn 0.5145 0.1337 -0.8470
vn 0.4358 0.1135 -0.8928
vn 0.7025 0.0838 -0.7067
vn 0.7761 -0.1703 -0.6072
vn 0.8539 0.0553 -0.5175
vn 0.6927 0.3882 -0.6078
vn 0.4647 -0.1139 -0.8781
vn 0.5056 -0.3888 -0.7702
vn 0.8930 0.2774 -0.3543
vn 0.9008 0.3716 -0.2248
vn 0.8361 0.4217 -0.3508
vn 0.7999 0.4193 -0.4295
vn -0.3650 0.9252 0.1036
vn -0.9762 0.1574 0.1489
vn -0.3189 0.9478 0.0065
vn 0.0274 0.9974 0.0669
vn -0.7949 -0.6039 0.0583
vn -0.7858 -0.6183 -0.0119
vn -0.7066 -0.6772 0.2052
vn 0.3773 0.9260 -0.0119
vn 0.2944 0.9446 0.1449
vn 0.2184 0.9739 0.0612
vn 0.7880 -0.1616 0.5941
vn 0.8042 -0.2226 0.5511
vn 0.8397 -0.1857 0.5103
vn 0.8388 -0.3660 0.4031
vn 0.7288 -0.3913 0.5619
vn 0.3739 -0.5109 0.7741
vn 0.1531 -0.0914 0.9840
vn 0.9318 -0.0064 0.3629
vn 0.9105 0.3911 0.1345
vn 0.4909 -0.2715 0.8278
vn 0.5065 -0.2332 0.8301
vn 0.5415 -0.1462 0.8279
vn 0.7204 0.3144 0.6182
vn 0.7322 0.3364 0.5922
vn 0.8531 0.2914 0.4328
vn 0.8756 0.3325 0.3504
vn 0.6778 0.1992 0.7078
vn 0.2540 -0.9136 0.3174
vn 0.2685 -0.9511 0.1525
vn 0.1938 -0.9756 0.1034
vn 0.2353 -0.9346 0.2668
vn 0.2692 -0.9332 0.2380
vn 0.5553 -0.8316 0.0026
vn 0.2262 -0.9633 0.1446
vn 0.3632 0.3035 0.8809
vn 0.4897 0.4182 0.7651
vn 0.5070 0.2417 0.8273
vn 0.4139 0.1369 0.9000
vn 0.4720 -0.8667 0.1616
vn 0.3458 -0.9204 0.1824
vn 0.2831 -0.9515 -0.1204
vn -0.9152 -0.3686 0.1633
vn -0.9520 -0.2646 0.1539
vn -0.8201 -0.0391 0.5709
vn -0.7596 -0.2713 0.5911
vn -0.7499 -0.3871 0.5365
vn 0.6390 -0.6742 0.3702
vn 0.5207 -0.7036 0.4836
vn 0.6007 -0.6851 0.4120
vn 0.5743 -0.7650 0.2916
vn 0.6575 -0.6472 -0.3859
vn 0.5430 -0.7010 -0.4624
vn 0.6378 -0.3820 -0.6688
vn 0.8259 -0.2726 -0.4935
vn 0.8699 -0.3333 -0.3635
vn 0.8431 -0.3443 -0.4131
vn 0.5937 -0.6175 -0.5159
vn 0.2009 -0.2039 0.9582
vn 0.0636 -0.0661 0.9958
vn 0.5140 0.2234 0.8282
vn 0.5389 -0.1437 0.8300
vn 0.7644 -0.3787 -0.5217
vn 0.7555 -0.3306 -0.5656
vn 0.8291 -0.3119 -0.4641
vn 0.6683 0.4270 0.6091
vn 0.6927 0.2876 0.6614
vn 0.6385 0.4637 0.6143
vn 0.5743 0.2200 0.7886
vn 0.5860 0.3686 0.7216
vn -0.0814 -0.9935 0.0799
vn -0.4306 -0.8927 0.1328
vn 0.3380 -0.8207 0.4607
vn 0.5882 0.5965 -0.5461
vn 0.6969 0.7134 -0.0734
vn 0.7705 0.6370 -0.0245
vn 0.8053 0.5905 0.0528
vn 0.6721 0.5865 -0.4521
vn -0.2067 -0.8469 0.4899
vn -0.0211 -0.8774 0.4793
vn -0.4285 -0.8492 0.3086
vn 0.3163 -0.9238 -0.2156
vn 0.2137 -0.9144 -0.3437
vn 0.1026 -0.9576 -0.2694
vn 0.1800 -0.9631 -0.2003
vn 0.5772 -0.8124 0.0826
vn 0.3755 -0.9048 -0.2009
vn 0.5188 -0.8494 0.0972
vn 0.6419 -0.6666 0.3790
vn -0.2085 -0.9595 -0.1896
vn -0.0165 -0.9150 -0.4032
vn 0.1140 -0.8658 -0.4873
vn 0.3210 -0.9008 -0.2925
vn 0.3243 -0.9128 0.2480
vn 0.3567 -0.8940 0.2711
vn -0.0690 -0.9523 0.2974
vn -0.0028 -0.9775 0.2108
vn 0.0448 -0.9507 0.3068
vn 0.4976 -0.8654 -0.0581
vn 0.6221 -0.7829 0.0050
vn 0.6378 -0.7698 -0.0232
vn -0.8453 -0.4580 0.2751
vn 0.8923 0.3447 0.2916
vn 0.9120 0.2916 0.2886
vn 0.8988 0.3345 0.2833
vn 0.9176 0.2825 0.2796
vn 0.8972 0.3521 0.2666
vn 0.8198 0.4896 0.2971
vn 0.8473 0.4519 0.2791
vn 0.9113 0.3520 0.2137
vn 0.9213 0.2998 0.2476
vn 0.7628 -0.4215 0.4905
vn 0.7485 -0.5026 0.4326
vn 0.7842 -0.1179 0.6092
vn 0.7576 0.0123 0.6526
vn 0.5619 -0.8169 0.1303
vn 0.3530 0.0725 0.9328
vn 0.7726 0.3169 0.5501
vn 0.4259 0.4049 -0.8091
vn 0.5676 0.7771 -0.2721
vn 0.4324 0.8386 -0.3312
vn 0.2962 0.0882 -0.9510
vn 0.6051 0.4662 -0.6454
vn 0.7858 0.5837 -0.2044
vn 0.3167 -0.4608 -0.8291
vn 0.1687 -0.5139 -0.8411
vn 0.0454 -0.2657 -0.9630
vn -0.0888 0.0223 -0.9958
vn -0.1184 0.0913 -0.9888
vn -0.3406 0.6918 0.6367
vn -0.3857 0.4741 0.7915
vn -0.2715 0.4385 0.8567
vn -0.2556 0.6461 0.7192
vn -0.2312 0.8429 0.4859
vn -0.1919 0.7981 0.5711
vn -0.1146 -0.1844 0.9761
vn -0.2742 -0.0833 0.9580
vn -0.1441 -0.3870 0.9108
vn -0.0561 -0.9194 -0.3892
vn 0.3473 -0.8578 -0.3788
vn 0.1603 -0.9272 -0.3385
vn -0.4902 0.0228 0.8713
vn -0.4943 -0.0640 0.8669
vn -0.0260 0.2249 0.9740
vn -0.0611 0.2565 0.9646
vn 0.0138 0.0894 0.9959
vn -0.2454 -0.1053 0.9637
vn -0.4145 0.0012 0.9100
vn 0.4007 -0.8648 -0.3027
vn 0.2358 -0.9197 -0.3140
vn -0.0686 -0.9487 -0.3085
vn 0.6273 0.6511 -0.4273
vn 0.6711 0.5922 -0.4459
vn 0.7662 0.6321 0.1158
vn 0.6908 0.7021 0.1727
vn 0.8420 0.5309 -0.0955
vn 0.7588 0.6511 -0.0186
vn -0.0379 0.0766 -0.9963
vn -0.0921 0.2087 -0.9736
vn 0.3940 0.1630 -0.9045
vn 0.0297 0.0321 -0.9990
vn 0.8146 0.5799 0.0125
vn 0.8604 0.4673 -0.2033
vn 0.7509 0.5473 -0.3696
vn 0.8020 0.4442 -0.3994
vn 0.2975 -0.8202 -0.4887
vn 0.2998 -0.8423 -0.4480
vn 0.0184 -0.6657 -0.7460
vn 0.1528 -0.5094 -0.8468
vn 0.3212 -0.3444 -0.8822
vn 0.3203 -0.7982 -0.5102
vn -0.9272 -0.1408 -0.3472
vn -0.8934 -0.2708 -0.3584
vn -0.8176 -0.4136 -0.4007
vn -0.7441 -0.1603 -0.6485
vn -0.8176 -0.2376 -0.5244
vn 0.7991 0.4720 -0.3725
vn 0.6767 0.5676 -0.4690
vn 0.5634 0.6321 -0.5321
vn 0.7130 0.5355 -0.4526
vn 0.3881 -0.8043 0.4500
vn 0.4032 -0.8340 0.3766
vn 0.2205 -0.8625 0.4555
vn 0.4173 -0.6946 0.5860
vn -0.8614 -0.4129 0.2959
vn -0.8256 -0.3852 0.4124
vn -0.9487 -0.2989 0.1031
vn -0.9433 -0.1791 0.2794
vn -0.8986 -0.2044 0.3883
vn -0.8679 -0.2238 0.4435
vn -0.9015 -0.1998 0.3838
vn -0.6434 -0.3022 0.7033
vn -0.6159 -0.3059 0.7260
vn -0.4894 -0.3426 0.8019
vn -0.7638 -0.4286 0.4827
vn -0.0689 -0.7951 0.6026
vn 0.0510 -0.5150 0.8557
vn 0.3194 -0.9476 0.0004
vn 0.3163 -0.9150 -0.2503
vn 0.2901 -0.9309 0.2222
vn 0.3243 -0.9119 0.2515
vn 0.3825 -0.8215 0.4228
vn 0.3726 -0.8282 0.4187
vn -0.8695 -0.4113 -0.2734
vn -0.6512 -0.6312 -0.4213
vn -0.7011 -0.7111 -0.0533
vn -0.8197 -0.5471 -0.1693
vn -0.4237 -0.8521 -0.3073
vn -0.5436 -0.8280 0.1377
vn -0.5923 -0.8005 0.0914
vn 0.6706 0.0981 0.7353
vn 0.5935 0.0764 0.8012
vn 0.5399 0.0700 0.8388
vn 0.5206 0.2336 0.8212
vn 0.6569 0.3262 0.6798
vn -0.3924 -0.5517 0.7360
vn -0.4412 -0.4846 0.7553
vn -0.6325 -0.2837 0.7207
vn -0.7281 -0.2649 0.6322
vn -0.7173 -0.3424 0.6069
vn -0.6282 -0.4353 0.6449
vn 0.9726 0.2176 -0.0816
vn 0.9792 0.1442 0.1429
vn 0.9616 0.2531 0.1059
vn 0.9382 0.3332 -0.0935
vn -0.6126 -0.1892 0.7675
vn -0.6251 -0.1205 0.7712
vn -0.6738 -0.1642 0.7204
vn -0.7659 -0.1981 0.6117
vn 0.1424 -0.8339 0.5332
vn 0.0597 -0.9024 0.4267
vn 0.4496 -0.8607 0.2389
vn 0.5530 -0.7898 0.2653
vn 0.6201 -0.7737 0.1297
vn 0.6702 -0.7107 0.2140
vn 0.5256 -0.8131 0.2503
vn -0.7140 0.5637 -0.4152
vn -0.6321 0.7564 -0.1681
vn -0.9929 -0.1165 -0.0251
vn -0.9383 -0.0807 -0.3363
vn -0.9522 -0.2526 -0.1719
vn 0.7927 -0.3455 0.5022
vn 0.6986 -0.6315 0.3364
vn 0.5483 0.0965 0.8307
vn 0.6743 0.1480 0.7234
vn -0.1444 -0.8952 -0.4217
vn -0.1390 -0.6395 -0.7561
vn 0.3369 -0.4500 -0.8271
vn 0.2289 -0.8341 -0.5018
vn 0.3212 -0.8512 -0.4150
vn 0.1795 -0.8807 -0.4383
vn 0.7533 0.6263 0.2008
vn 0.4914 0.3500 0.7975
vn 0.7080 0.1352 0.6931
vn 0.7550 0.0622 0.6528
vn 0.9340 0.3521 0.0603
vn 0.4884 -0.6592 0.5718
vn 0.7221 -0.4602 0.5165
vn 0.9317 -0.1803 0.3153
vn 0.9009 -0.3265 0.2859
vn 0.8531 -0.2520 0.4568
vn 0.8836 -0.0444 0.4662
vn 0.3281 0.1656 0.9300
vn 0.2605 0.0645 0.9633
vn 0.2385 -0.1130 0.9646
vn -0.1553 -0.3218 0.9340
vn -0.0622 -0.3697 0.9271
vn 0.0335 -0.4014 0.9153
vn 0.1285 -0.4968 0.8583
vn 0.4775 0.0936 0.8736
vn 0.8005 0.5842 -0.1338
vn 0.9004 0.3657 0.2356
vn 0.7270 0.5183 0.4504
vn 0.3100 0.9070 0.2850
vn 0.9637 0.0096 -0.2668
vn 0.9691 -0.1897 -0.1578
vn 0.9963 0.0677 0.0523
vn 0.9155 0.1660 0.3666
vn 0.9487 0.1551 0.2756
vn 0.6039 -0.7889 0.1135
vn 0.9245 -0.3701 -0.0908
vn 0.3655 -0.9232 -0.1191
vn 0.3993 -0.9109 0.1041
vn 0.9254 -0.1554 -0.3455
vn 0.2923 -0.7411 -0.6044
vn 0.6321 -0.7683 0.1005
vn 0.6586 -0.7508 0.0498
vn -0.5655 -0.8072 -0.1693
vn -0.6525 -0.7260 -0.2173
vn -0.7687 -0.6356 0.0723
vn -0.7028 -0.7066 0.0826
vn -0.4140 -0.9020 0.1229
vn -0.2742 -0.9592 0.0694
vn -0.6832 -0.4202 -0.5972
vn -0.4391 -0.5359 -0.7211
vn -0.5984 -0.5988 0.5323
vn -0.4555 -0.6793 0.5754
vn -0.4109 -0.8070 0.4241
vn -0.3348 -0.9112 -0.2400
vn -0.2216 -0.9345 -0.2785
vn -0.1621 -0.9206 -0.3553
vn -0.3387 -0.8687 -0.3615
vn 0.6351 0.3899 0.6668
vn 0.7133 0.3412 0.6122
vn 0.7483 0.4204 0.5131
vn 0.7189 0.4911 0.4919
vn 0.6489 0.4498 0.6137
vn 0.5914 0.4441 0.6731
vn -0.2760 -0.0495 0.9599
vn -0.7023 -0.5410 -0.4626
vn -0.6982 -0.4379 -0.5663
vn 0.6336 0.0459 -0.7723
vn 0.6852 0.0966 -0.7220
vn 0.7365 0.0370 -0.6754
vn 0.6858 -0.0187 -0.7275
vn -0.4693 -0.6908 0.5501
vn -0.1325 -0.0674 0.9889
vn -0.6599 -0.3482 0.6657
vn 0.5194 -0.8368 0.1732
vn 0.5739 -0.7332 0.3647
vn 0.6865 -0.7017 0.1908
vn 0.6358 -0.7683 0.0738
vn 0.3109 -0.9041 -0.2933
vn 0.2208 -0.9296 -0.2951
vn 0.2448 -0.9686 -0.0422
vn -0.8493 -0.3975 -0.3475
vn -0.8090 -0.4350 -0.3953
vn -0.7710 -0.4693 -0.4306
vn -0.8720 -0.2988 -0.3878
vn -0.9080 -0.3134 -0.2780
vn -0.8887 -0.3535 -0.2919
vn -0.7542 -0.3107 -0.5784
vn 0.2921 -0.8814 0.3714
vn 0.3026 -0.6832 0.6646
vn -0.6907 0.5553 0.4633
vn -0.6026 0.6264 0.4945
vn -0.5491 0.5944 0.5876
vn -0.6158 0.4713 0.6315
vn 0.5718 -0.8104 0.1280
vn 0.6314 -0.7724 0.0682
vn 0.4110 -0.8302 -0.3767
vn 0.5327 -0.7831 -0.3209
vn 0.4277 -0.8816 -0.1998
vn 0.3887 -0.8838 -0.2604
vn 0.6114 -0.2586 0.7478
vn 0.3022 -0.1939 0.9333
vn 0.9134 0.3737 -0.1614
vn 0.9119 0.4049 -0.0671
vn 0.8164 0.5738 -0.0656
vn 0.8240 0.5518 -0.1283
vn 0.8153 0.5297 -0.2338
vn 0.1491 -0.9267 0.3450
vn 0.2882 -0.6364 0.7154
vn 0.6785 -0.3538 0.6437
vn 0.3504 -0.1831 0.9185
vn 0.4347 -0.8991 -0.0514
vn 0.3187 -0.9440 -0.0851
vn 0.2997 -0.8256 0.4780
vn 0.4067 -0.7997 0.4417
vn 0.3132 -0.6457 0.6964
vn 0.3442 -0.7608 0.5502
vn 0.8303 -0.0349 -0.5562
vn 0.6171 -0.4954 -0.6113
vn 0.9402 -0.2744 0.2016
vn 0.9854 -0.0170 0.1692
vn -0.9050 -0.1863 -0.3825
vn -0.8572 -0.1672 -0.4870
vn -0.6908 -0.2536 -0.6771
vn -0.7002 -0.1915 -0.6878
vn -0.8994 -0.4006 -0.1750
vn 0.9810 0.1533 0.1192
vn -0.0236 0.3124 -0.9497
vn -0.0340 0.2560 -0.9661
vn -0.6380 -0.1566 0.7539
vn -0.4796 -0.0786 0.8740
vn 0.5257 -0.8359 0.1577
vn 0.5845 -0.6169 0.5270
vn -0.0840 -0.6536 0.7521
vn -0.0183 -0.6561 0.7545
vn 0.0095 -0.8101 0.5862
vn -0.0681 -0.0267 -0.9973
vn -0.1057 0.0550 -0.9929
vn 0.0082 0.0979 -0.9952
vn 0.0585 0.0212 -0.9981
vn 0.1245 -0.0891 -0.9882
vn 0.1800 -0.1805 -0.9670
vn 0.0349 -0.2437 -0.9692
vn -0.0131 -0.1438 -0.9895
vn 0.3926 0.3488 0.8510
vn 0.3561 0.1691 0.9190
vn -0.8720 -0.4887 0.0269
vn -0.9184 -0.3827 0.1007
vn -0.8743 -0.4389 0.2071
vn -0.8478 -0.5057 0.1596
vn -0.8211 -0.5278 0.2174
vn 0.1774 -0.9629 0.2035
vn -0.8963 -0.4429 -0.0224
vn -0.8576 -0.5014 -0.1142
vn -0.8993 -0.4006 -0.1753
vn -0.8881 -0.4202 -0.1862
vn -0.8360 -0.5069 -0.2103
vn -0.8894 -0.4571 0.0021
vn 0.4858 0.4864 0.7262
vn 0.2546 0.9022 0.3482
vn 0.3201 0.5276 0.7868
vn 0.0202 0.9090 0.4163
vn 0.3475 0.3040 0.8870
vn 0.4265 -0.8802 0.2082
vn 0.4144 -0.8318 0.3693
vn 0.3385 -0.9390 0.0602
vn 0.2435 -0.9405 0.2369
vn 0.1046 -0.9924 -0.0655
vn 0.1072 -0.9938 -0.0307
vn 0.4248 -0.8856 0.1877
vn 0.4889 -0.8128 0.3168
vn 0.2292 -0.9488 0.2175
vn 0.3948 -0.8989 0.1899
vn 0.5802 -0.8031 -0.1354
vn 0.6644 -0.7470 -0.0243
vn 0.1412 -0.9898 0.0179
vn 0.6588 -0.7275 -0.1915
vn 0.4493 -0.8096 0.3776
vn 0.9917 0.0565 -0.1151
vn 0.9865 0.0321 -0.1606
vn 0.9470 -0.0700 -0.3135
vn 0.7852 -0.6166 -0.0581
vn 0.8616 -0.5069 0.0243
vn 0.9183 -0.3954 0.0175
vn 0.6475 0.1900 -0.7380
vn 0.6433 0.2726 -0.7154
vn -0.1510 -0.0456 -0.9875
vn 0.8048 -0.2287 -0.5477
vn -0.1928 0.8958 0.4004
vn -0.2176 0.9349 0.2804
vn -0.3824 0.8752 0.2962
vn -0.3521 0.8328 0.4271
vn 0.8085 -0.5669 0.1582
vn 0.7155 -0.6378 0.2850
vn 0.8156 -0.4577 0.3541
vn 0.8843 -0.4134 0.2169
vn 0.9036 -0.3568 0.2371
vn 0.8501 0.1477 -0.5055
vn 0.8984 0.1526 -0.4117
vn 0.7311 -0.2591 -0.6311
vn 0.7059 -0.3664 -0.6061
vn 0.7397 -0.3090 -0.5978
vn 0.7194 -0.4424 -0.5355
vn 0.9572 0.1533 -0.2454
vn 0.8486 -0.2642 0.4584
vn 0.8244 -0.0243 0.5655
vn 0.8096 -0.2489 0.5316
vn 0.8417 -0.4344 -0.3207
vn 0.8070 -0.5577 0.1942
vn 0.3635 -0.9105 -0.1969
vn 0.3560 -0.8329 -0.4238
vn 0.7596 -0.3221 -0.5650
vn -0.3594 -0.7603 -0.5411
vn -0.3762 -0.7234 -0.5789
vn -0.6349 -0.5965 -0.4910
vn -0.7104 -0.5394 -0.4522
vn -0.7205 -0.5707 -0.3939
vn -0.5880 0.7735 0.2365
vn -0.6608 0.7120 0.2375
vn -0.7444 0.6470 0.1653
vn 0.7229 -0.6603 0.2035
vn 0.7463 -0.6522 0.1329
vn 0.6785 -0.6940 0.2407
vn 0.3172 -0.8368 -0.4463
vn 0.7812 0.1411 0.6081
vn 0.8173 0.1530 0.5555
vn 0.8373 0.2554 0.4833
vn 0.2305 0.0195 0.9729
vn 0.3079 -0.1459 0.9402
vn 0.3736 -0.1890 0.9082
vn 0.3510 -0.7907 -0.5016
vn 0.3807 -0.9244 0.0248
vn 0.2389 -0.9502 -0.2002
vn 0.5042 -0.7193 -0.4779
vn 0.7502 -0.5913 -0.2959
vn 0.7504 -0.3202 -0.5782
vn 0.9071 -0.1170 -0.4043
vn 0.9726 -0.0013 -0.2325
vn 0.8839 -0.4601 -0.0841
vn -0.9327 -0.3605 0.0009
vn -0.6490 -0.7540 -0.1017
vn -0.7324 -0.6809 -0.0009
vn 0.6203 -0.7395 0.2616
vn 0.0199 0.9956 0.0914
vn -0.6729 0.7215 0.1632
vn -0.7733 0.6200 0.1324
vn -0.5459 0.8093 0.2170
vn -0.7113 0.4961 0.4980
vn -0.8356 0.3930 0.3839
vn -0.9184 0.2845 0.2749
vn 0.0215 0.8406 0.5412
vn -0.0392 0.6260 0.7788
vn -0.4625 0.6073 0.6459
vn -0.3383 0.8753 0.3455
vn -0.8510 0.1229 0.5106
vn -0.9322 0.0249 0.3610
vn -0.7137 0.2083 0.6688
vn -0.4166 0.3042 0.8567
vn 0.0897 0.2709 0.9584
vn 0.6048 0.3152 0.7314
vn 0.6697 -0.0437 0.7413
vn -0.2778 -0.0847 0.9569
vn -0.1315 -0.5336 0.8354
vn -0.4407 -0.4740 0.7623
vn -0.6202 -0.1191 0.7754
vn 0.2611 -0.2168 0.9407
vn 0.6704 -0.4324 0.6030
vn -0.7753 -0.1868 0.6033
vn -0.8580 -0.2829 0.4287
vn -0.5862 -0.5067 0.6322
vn -0.6663 -0.5871 0.4597
vn -0.3970 -0.6797 0.6167
vn -0.1031 -0.8472 0.5211
vn -0.1736 -0.8847 0.4327
vn -0.4701 -0.7505 0.4644
vn -0.2839 -0.6804 0.6756
vn -0.0443 -0.8987 0.4362
vn -0.0481 -0.7879 0.6140
vn 0.0508 -0.9767 0.2087
vn 0.4885 -0.8681 0.0882
vn -0.1759 -0.9576 0.2282
vn 0.4614 -0.8530 0.2441
vn -0.1085 -0.9934 -0.0382
vn 0.5791 -0.8069 -0.1162
vn 0.9455 -0.3128 -0.0900
vn 0.9735 -0.1927 -0.1235
vn 0.9206 -0.3891 -0.0339
vn 0.4662 -0.8537 0.2322
vn 0.9908 -0.0723 -0.1142
vn 0.9958 0.0440 -0.0807
vn 0.7598 -0.5552 -0.3384
vn 0.6783 -0.6850 -0.2659
vn 0.9618 0.2737 0.0038
vn 0.9351 0.3451 0.0810
vn 0.9769 0.1989 -0.0785
vn 0.9835 0.1157 -0.1394
vn 0.8181 0.5668 0.0976
vn 0.8435 0.5364 -0.0274
vn 0.8679 0.4753 -0.1444
vn 0.2850 0.9383 0.1960
vn 0.3164 0.9475 0.0470
vn 0.3657 0.9249 -0.1043
vn -0.5330 0.8252 0.1871
vn -0.4864 0.8675 0.1044
vn -0.4393 0.8982 0.0175
vn -0.9316 0.3492 0.1007
vn -0.9684 0.2397 0.0683
vn 0.1758 -0.9825 -0.0617
vn 0.2093 -0.9753 -0.0705
vn 0.2102 -0.9684 -0.1343
vn -0.0972 -0.9786 -0.1813
vn -0.0435 -0.9776 -0.2061
vn -0.0751 -0.9717 -0.2240
vn -0.9903 0.0703 0.1202
vn -0.9978 -0.0534 0.0393
vn -0.8859 0.4497 0.1138
vn -0.9874 -0.1522 -0.0427
vn -0.8394 0.5310 0.1158
vn -0.9651 0.1810 0.1894
vn -0.9639 -0.2659 0.0099
vn -0.9432 -0.3203 -0.0882
vn -0.9764 -0.1770 0.1236
vn -0.9686 -0.0769 0.2363
vn -0.8844 -0.4655 -0.0330
vn -0.8707 -0.4712 -0.1408
vn -0.8930 -0.4370 0.1077
vn -0.7101 -0.7015 0.0606
vn -0.7173 -0.6880 -0.1102
vn -0.7191 -0.6566 -0.2277
vn -0.8878 -0.3755 0.2661
vn -0.6964 -0.6669 0.2651
vn -0.4929 -0.8497 -0.1875
vn -0.4949 -0.8082 -0.3192
vn -0.4954 -0.8686 0.0137
vn -0.0207 -0.9618 -0.2729
vn 0.0475 -0.9050 -0.4227
vn -0.4940 -0.8318 0.2530
vn -0.7124 -0.6285 -0.3121
vn -0.4951 -0.7681 -0.4061
vn 0.0877 -0.8546 -0.5118
vn 0.4823 -0.5721 -0.6635
vn 0.5258 -0.6513 -0.5471
vn 0.8451 -0.1459 -0.5142
vn 0.7625 -0.0289 -0.6463
vn 0.8899 0.1153 -0.4414
vn 0.7916 0.1703 -0.5868
vn 0.8134 -0.4585 -0.3578
vn 0.7598 -0.5589 -0.3321
vn -0.0816 -0.7178 -0.6914
vn 0.0399 -0.7774 -0.6278
vn 0.8456 -0.4252 -0.3229
vn -0.1809 -0.7930 0.5817
vn -0.2266 -0.8437 0.4867
vn -0.2857 -0.7361 0.6136
vn -0.2037 -0.6565 0.7263
vn -0.0877 -0.8382 0.5382
vn -0.1759 -0.7010 0.6911
vn 0.9902 0.1372 -0.0247
vn 0.5567 -0.7386 -0.3803
vn 0.2015 -0.9184 0.3405
vn 0.1758 -0.9329 0.3143
vn -0.0314 -0.9506 0.3087
vn 0.3476 -0.7990 -0.4906
vn 0.2716 -0.8483 -0.4546
vn 0.1126 -0.9322 -0.3441
vn 0.7024 0.2123 -0.6794
vn 0.5575 0.1779 -0.8109
vn 0.5569 0.2741 -0.7840
vn 0.5385 0.3614 -0.7612
vn 0.6949 0.2977 -0.6546
vn 0.3561 0.3374 0.8714
vn 0.0552 0.5753 0.8161
vn -0.0931 0.6732 0.7336
vn 0.2110 0.3371 0.9175
vn -0.2430 0.6466 0.7231
vn -0.3669 0.5010 0.7839
vn 0.2769 0.4190 0.8648
vn -0.2972 0.8060 0.5119
vn -0.1878 0.8415 0.5067
vn -0.3763 -0.9264 0.0167
vn -0.2243 -0.9745 0.0053
vn -0.2950 -0.9533 0.0642
vn 0.3545 -0.8968 -0.2646
vn 0.2002 -0.9575 -0.2078
vn 0.1885 -0.9313 -0.3118
vn 0.2096 -0.8923 -0.3998
vn 0.3116 -0.9057 -0.2874
vn 0.3886 -0.8802 -0.2725
vn -0.8231 0.1840 0.5373
vn -0.8610 0.0530 0.5058
vn -0.9139 0.0970 0.3943
vn -0.8275 0.1163 0.5493
vn -0.7701 0.2869 0.5698
vn 0.8617 0.3122 0.4000
vn 0.1569 -0.1689 0.9731
vn 0.2293 -0.2961 0.9272
vn 0.1609 -0.2131 0.9637
vn 0.2433 -0.1936 0.9504
vn 0.0785 0.0218 0.9967
vn 0.0535 -0.0815 0.9952
vn 0.1219 -0.0909 0.9884
vn 0.1815 -0.9028 0.3898
vn 0.6201 -0.4461 0.6454
vn 0.6274 -0.3789 0.6803
vn 0.5363 -0.3770 0.7552
vn 0.4635 -0.4869 0.7403
vn 0.4667 -0.5400 0.7004
vn 0.5120 -0.8250 0.2394
vn 0.9123 0.1388 0.3853
vn 0.8883 -0.0698 0.4540
vn 0.9104 -0.2060 0.3588
vn 0.9357 -0.0441 0.3499
vn 0.4440 -0.6716 0.5931
vn 0.8757 -0.3338 0.3489
vn 0.4864 -0.8337 0.2614
vn 0.8071 -0.5428 0.2322
vn -0.1816 0.1321 0.9745
vn -0.1082 -0.4214 0.9004
vn 0.3800 -0.4789 0.7914
vn 0.2739 -0.3083 0.9110
vn 0.2163 -0.2819 0.9347
vn -0.0504 -0.3603 0.9315
vn -0.0777 -0.4406 0.8943
vn -0.1084 -0.5260 0.8436
vn 0.3329 -0.3522 0.8747
vn -0.0727 0.5331 0.8429
vn -0.2528 -0.1182 0.9603
vn -0.2116 0.3363 0.9177
vn -0.2403 0.1360 0.9611
vn -0.3007 0.1648 0.9394
vn -0.2876 -0.1698 0.9426
vn -0.1673 0.5145 0.8410
vn -0.1093 0.7022 0.7035
vn 0.0094 0.7703 0.6376
vn -0.4374 0.4085 -0.8011
vn -0.6822 0.1909 -0.7058
vn -0.6147 0.2540 -0.7468
vn -0.5267 0.3572 -0.7714
vn -0.5479 0.6974 -0.4621
vn -0.3799 0.7846 -0.4899
vn -0.1963 0.7710 -0.6058
vn -0.3513 0.4521 -0.8199
vn -0.3056 0.4789 -0.8230
vn -0.2821 0.5048 -0.8158
vn -0.4678 0.3830 -0.7966
vn 0.0300 -0.7377 0.6745
vn -0.9043 -0.3496 -0.2448
vn -0.9238 -0.3430 -0.1700
vn -0.8540 -0.4688 -0.2258
vn -0.8059 -0.4212 -0.4161
vn -0.8678 -0.3380 -0.3641
vn 0.1330 -0.8473 0.5141
vn 0.5298 -0.5342 0.6587
vn 0.0274 -0.6985 0.7151
vn 0.3787 -0.5005 0.7785
vn -0.1849 -0.4342 0.8816
vn 0.1536 -0.2259 0.9620
vn -0.2717 -0.3462 0.8980
vn 0.7378 -0.0553 0.6728
vn 0.7662 -0.0139 0.6425
vn 0.6965 0.0930 0.7115
vn 0.1412 -0.0301 0.9895
vn 0.2371 0.1372 0.9617
vn -0.3876 -0.1951 0.9009
vn -0.4095 -0.0474 0.9111
vn -0.4190 0.2356 0.8769
vn 0.2246 0.3633 0.9042
vn -0.4095 0.1876 0.8928
vn -0.3791 -0.1255 0.9168
vn -0.8101 -0.3562 0.4657
vn -0.8153 -0.4642 0.3462
vn -0.8132 -0.4912 0.3121
vn -0.8187 -0.4612 0.3421
vn -0.8107 -0.4916 0.3179
vn -0.8302 -0.4861 0.2730
vn -0.8377 -0.4428 0.3196
vn -0.8315 -0.4279 0.3543
vn -0.9064 -0.4049 0.1201
vn -0.4032 -0.2005 0.8929
vn -0.3375 -0.3097 0.8889
vn 0.8866 0.2705 0.3751
vn -0.9110 -0.3557 0.2087
vn -0.6682 -0.4687 0.5778
vn 0.8778 0.4746 0.0644
vn 0.8578 0.2397 0.4547
vn 0.6514 0.5920 -0.4746
vn 0.5099 0.4218 -0.7497
vn 0.5101 0.2143 -0.8330
vn -0.5085 -0.4706 -0.7210
vn -0.3206 -0.0604 -0.9453
vn -0.4357 -0.1253 -0.8913
vn -0.5207 -0.1345 -0.8431
vn -0.5977 -0.2999 -0.7435
vn -0.5567 -0.3775 -0.7400
vn 0.6217 -0.0971 -0.7772
vn 0.5861 0.0375 -0.8094
vn 0.6529 -0.2017 -0.7301
vn 0.3057 -0.1083 -0.9460
vn 0.4273 -0.1179 -0.8964
vn 0.6242 -0.1814 -0.7599
vn 0.7662 -0.4001 -0.5029
vn 0.7118 -0.3505 -0.6087
vn 0.7888 -0.3779 -0.4847
vn -0.0858 0.3472 0.9338
vn -0.2592 0.3675 0.8932
vn -0.9673 0.1768 0.1818
vn -0.9930 0.1120 0.0367
vn -0.9972 -0.0178 0.0728
vn -0.9838 0.0281 0.1773
vn -0.9757 0.0350 0.2161
vn 0.5336 0.2994 -0.7910
vn 0.5528 0.4608 -0.6944
vn -0.9466 -0.2975 -0.1243
vn -0.9252 -0.3700 -0.0842
vn -0.8938 -0.4330 -0.1166
vn -0.3950 -0.6380 0.6610
vn -0.3571 -0.5704 0.7397
vn -0.3180 -0.5189 0.7935
vn -0.3092 -0.4374 0.8444
vn -0.9500 -0.1235 -0.2867
vn 0.6169 0.0588 -0.7849
vn 0.5306 0.4916 -0.6905
vn 0.5999 0.5006 -0.6241
vn 0.7072 0.1562 -0.6895
vn 0.1011 -0.1011 0.9897
vn -0.0831 -0.1952 0.9772
vn 0.0745 -0.1049 0.9917
vn 0.7147 -0.6822 -0.1545
vn 0.8169 -0.5600 -0.1381
vn 0.7520 -0.6315 -0.1890
vn 0.6250 -0.7640 -0.1603
vn 0.3144 -0.9493 -0.0003
vn 0.3686 -0.9294 -0.0185
vn 0.3714 -0.9177 -0.1407
vn 0.3261 -0.9369 -0.1264
vn 0.9008 -0.3090 -0.3049
vn 0.8823 -0.4375 0.1738
vn 0.7735 -0.6282 0.0838
vn 0.8332 -0.5023 0.2311
vn 0.7982 -0.6023 0.0101
vn 0.8496 -0.5182 -0.0984
vn 0.8436 -0.4979 0.2009
vn 0.9026 -0.4056 0.1444
vn 0.8841 -0.4208 -0.2032
vn 0.6849 -0.2727 -0.6757
vn 0.9539 -0.2907 0.0750
vn 0.9112 -0.3020 -0.2802
vn 0.9106 -0.3389 0.2364
vn 0.8647 -0.4403 0.2416
vn 0.7728 -0.5907 0.2320
vn 0.7982 -0.5610 0.2192
vn 0.9285 -0.2667 0.2584
vn 0.9504 -0.1642 0.2640
vn 0.9497 -0.2342 0.2080
vn 0.9715 -0.1612 0.1738
vn 0.9816 -0.1893 0.0256
vn 0.3843 -0.2614 -0.8854
vn 0.3650 -0.2504 -0.8967
vn 0.9317 -0.1758 -0.3178
vn 0.9410 -0.0432 -0.3357
vn 0.9196 0.0700 -0.3865
vn 0.5435 0.1332 -0.8288
vn 0.9958 -0.0920 0.0026
vn 0.9999 0.0138 -0.0091
vn 0.8738 0.1660 -0.4571
vn 0.9936 0.1081 -0.0342
vn 0.7818 0.3288 -0.5297
vn -0.6224 -0.4920 0.6088
vn -0.5958 -0.5564 0.5791
vn -0.3237 -0.3194 0.8906
vn -0.3492 -0.2529 0.9023
vn 0.9861 0.0642 0.1533
vn 0.9889 -0.0209 0.1473
vn 0.9836 -0.1035 0.1475
vn 0.9632 0.0972 0.2507
vn 0.9722 0.0498 0.2290
vn 0.9699 0.0919 0.2254
vn 0.9762 -0.0015 0.2170
vn 0.9537 -0.1111 0.2796
vn 0.9579 -0.0450 0.2834
vn 0.9481 -0.0301 0.3166
vn 0.9600 0.0157 0.2796
vn 0.9732 0.1371 0.1844
vn 0.9813 0.0960 0.1666
vn 0.9646 0.1161 0.2367
vn 0.9594 0.0384 0.2794
vn -0.8135 -0.3508 -0.4639
vn -0.8807 -0.4510 -0.1447
vn -0.9249 -0.3380 -0.1742
vn -0.9427 -0.2784 -0.1841
vn -0.8335 -0.2242 -0.5050
vn -0.8308 -0.2675 -0.4881
vn 0.6755 -0.7349 -0.0597
vn 0.5469 -0.8370 -0.0194
vn 0.3834 -0.8889 -0.2509
vn 0.5036 -0.8360 -0.2176
vn 0.9717 0.2197 -0.0872
vn 0.9180 0.2840 -0.2768
vn 0.9175 0.3426 -0.2020
vn 0.9667 0.2545 -0.0287
vn 0.8651 0.3120 -0.3927
vn 0.8661 0.3853 -0.3183
vn 0.9100 0.2212 -0.3508
vn 0.8582 0.2245 -0.4615
vn 0.6297 -0.5706 0.5272
vn 0.2336 -0.8220 0.5194
vn 0.3923 -0.6866 0.6122
vn 0.5708 -0.6190 0.5395
vn 0.0113 -0.5798 0.8147
vn 0.2983 -0.5645 0.7696
vn 0.8014 0.2398 -0.5480
vn 0.8039 0.3407 -0.4875
vn 0.8709 0.3581 -0.3367
vn 0.8509 0.2882 -0.4393
vn 0.9035 0.3998 -0.1542
vn 0.4449 0.3069 -0.8413
vn 0.4176 0.4031 -0.8143
vn 0.3104 0.3331 -0.8903
vn 0.2727 0.4379 -0.8567
vn 0.2831 0.3502 0.8929
vn 0.2251 0.4047 0.8863
vn 0.2253 0.2388 0.9446
vn 0.1122 0.2983 0.9478
vn 0.0771 0.2930 0.9530
vn 0.1400 0.3480 -0.9270
vn 0.0884 0.4587 -0.8842
vn 0.0495 0.2451 -0.9682
vn 0.0029 0.3443 -0.9389
vn -0.0750 0.2207 -0.9725
vn -0.1206 0.3200 -0.9397
vn -0.3456 0.0617 -0.9363
vn -0.2483 0.1402 -0.9585
vn -0.2110 -0.0038 -0.9775
vn -0.3239 -0.0848 -0.9423
vn -0.4364 -0.0313 -0.8992
vn -0.4215 -0.1695 -0.8909
vn -0.4863 -0.2347 -0.8417
vn -0.5299 -0.1441 -0.8357
vn 0.1462 0.1334 -0.9802
vn 0.2049 0.0647 -0.9766
vn 0.3382 0.0978 -0.9360
vn 0.2739 -0.0361 -0.9611
vn 0.3310 -0.1158 -0.9365
vn 0.2157 0.5553 0.8032
vn 0.1690 0.6514 0.7397
vn -0.3686 -0.4404 -0.8186
vn -0.4132 -0.2510 -0.8754
vn 0.5590 -0.0026 -0.8291
vn 0.6141 -0.0769 -0.7855
vn 0.5203 -0.1382 -0.8427
vn 0.4612 -0.0553 -0.8856
vn 0.6650 -0.1975 -0.7203
vn 0.5879 -0.2733 -0.7613
vn 0.7219 -0.1175 -0.6820
vn -0.8799 -0.4201 -0.2220
vn -0.8794 -0.4449 -0.1696
vn -0.8628 -0.4876 -0.1334
vn 0.7272 0.4815 -0.4892
vn -0.0322 -0.7916 -0.6101
vn 0.1194 -0.7353 -0.6672
vn 0.1638 -0.8026 -0.5736
vn 0.2470 -0.8419 -0.4797
vn 0.3408 -0.8155 -0.4677
vn 0.3026 -0.7533 -0.5839
vn 0.2545 -0.6695 -0.6978
vn 0.1687 -0.5100 -0.8435
vn 0.3093 -0.4425 -0.8418
vn 0.0926 -0.3609 -0.9280
vn 0.2360 -0.2908 -0.9272
vn 0.3916 -0.2095 -0.8960
vn 0.4693 -0.3538 -0.8091
vn 0.8633 -0.2663 -0.4287
vn 0.7941 0.0345 -0.6068
vn 0.2716 -0.5541 -0.7869
vn 0.4584 -0.3571 -0.8139
vn 0.3117 -0.6294 -0.7119
vn 0.3412 -0.6540 -0.6752
vn -0.1659 0.1892 -0.9678
vn -0.2088 0.2873 -0.9348
vn -0.2579 0.4030 -0.8781
vn -0.1677 0.4367 -0.8838
vn -0.4935 0.4743 -0.7290
vn -0.4053 0.5390 -0.7384
vn -0.3794 0.4541 -0.8061
vn -0.4677 0.3825 -0.7969
vn -0.9821 -0.1801 0.0547
vn -0.9480 -0.2303 0.2199
vn -0.9660 -0.2027 -0.1606
vn -0.9928 -0.0895 -0.0797
vn -0.9735 -0.2086 0.0937
vn -0.9510 -0.2710 0.1491
vn 0.7963 0.3301 -0.5069
vn 0.8266 0.3706 -0.4236
vn 0.9352 0.2737 -0.2245
vn 0.8292 0.2734 -0.4876
vn 0.6599 0.3687 -0.6547
vn -0.2506 0.9523 -0.1742
vn -0.2456 0.9325 -0.2648
vn -0.3497 0.8981 -0.2667
vn -0.4235 0.8661 -0.2656
vn -0.4253 0.9006 -0.0897
vn -0.2537 0.9627 -0.0941
vn -0.5489 -0.6377 -0.5405
vn -0.7109 -0.5272 -0.4656
vn 0.7781 -0.4382 0.4501
vn 0.8398 -0.4143 0.3509
vn 0.3865 -0.8877 0.2501
vn 0.3823 -0.8926 0.2389
vn 0.4631 -0.8861 0.0181
vn 0.7686 -0.5214 0.3706
vn -0.3900 0.6067 0.6928
vn -0.4330 0.6649 0.6087
vn -0.2169 0.6011 0.7692
vn -0.7785 -0.4178 0.4684
vn -0.6816 -0.5616 0.4690
vn -0.6354 -0.5797 0.5102
vn -0.7329 -0.4282 0.5286
vn 0.6936 0.6977 -0.1792
vn 0.2768 0.6817 -0.6772
vn 0.0645 0.0344 0.9973
vn 0.0306 0.0555 0.9980
vn 0.0551 0.1466 0.9877
vn 0.3218 -0.1065 0.9408
vn 0.1774 0.1430 0.9737
vn 0.1867 -0.2010 0.9616
vn 0.2014 -0.3091 0.9295
vn 0.1592 -0.0324 0.9867
vn 0.0651 0.0155 0.9978
vn 0.1177 -0.2520 0.9605
vn -0.0930 0.0175 0.9955
vn 0.3866 0.0240 0.9219
vn 0.3306 0.2489 0.9104
vn 0.4289 -0.3681 0.8250
vn 0.4163 -0.3025 0.8574
vn 0.4367 0.1650 0.8844
vn 0.4276 0.3222 0.8446
vn 0.4562 -0.1353 0.8795
vn 0.5654 0.0921 0.8197
vn 0.6882 0.1082 0.7174
vn 0.7488 0.0679 0.6593
vn -0.0354 -0.9904 0.1337
vn 0.7201 -0.6771 0.1515
vn 0.0294 -0.7203 0.6930
vn 0.6167 -0.7032 0.3538
vn 0.2056 -0.6612 0.7215
vn 0.1461 -0.6011 0.7857
vn 0.0345 -0.5862 0.8094
vn -0.0217 -0.6803 0.7326
vn 0.5812 -0.5228 0.6236
vn 0.6549 -0.4509 0.6064
vn 0.4464 -0.3951 0.8029
vn 0.4738 -0.3873 0.7909
vn 0.5487 -0.0763 0.8325
vn 0.7097 0.0291 0.7039
vn 0.6964 -0.2565 0.6703
vn 0.5047 -0.3310 0.7973
vn 0.8966 -0.0829 0.4349
vn 0.8739 -0.2961 0.3855
vn 0.6870 -0.3742 0.6229
vn -0.9640 0.2495 -0.0915
vn -0.4726 0.8808 -0.0296
vn -0.5500 0.8339 -0.0465
vn -0.6180 0.7858 -0.0244
vn -0.7049 0.6865 0.1785
vn -0.7557 -0.3501 0.5535
vn -0.6214 -0.5314 0.5758
vn -0.9854 -0.1272 0.1131
vn -0.8854 -0.2063 0.4165
vn -0.8299 -0.1945 0.5230
vn -0.8650 -0.2275 0.4472
vn 0.5746 0.7195 0.3900
vn 0.2791 0.2501 0.9271
vn 0.5792 0.4628 0.6711
vn 0.5193 0.3812 0.7649
vn 0.6239 0.5063 0.5953
vn 0.6113 0.5770 0.5417
vn 0.4688 0.5848 0.6620
vn 0.4927 0.5285 0.6913
vn 0.5579 0.5396 0.6305
vn 0.5624 0.4900 0.6660
vn 0.5916 0.5380 0.6005
vn 0.2873 0.2451 0.9260
vn 0.3320 0.2032 0.9212
vn 0.6639 0.4250 0.6154
vn 0.6141 0.5062 0.6055
vn 0.8031 0.5567 0.2123
vn 0.8369 0.5332 -0.1237
vn 0.8888 0.4562 -0.0451
vn 0.8260 0.5186 0.2210
vn 0.7717 0.6094 -0.1823
vn 0.8240 0.4541 -0.3387
vn 0.7099 0.6557 -0.2571
vn -0.3222 0.7859 0.5278
vn -0.4716 0.7110 0.5216
vn 0.9301 0.3478 -0.1185
vn 0.8429 0.4173 -0.3396
vn -0.8262 -0.5172 0.2235
vn -0.8433 -0.5172 0.1460
vn 0.9524 0.2955 0.0742
vn -0.1546 -0.8623 -0.4822
vn -0.8628 -0.5028 0.0519
vn -0.7954 -0.6031 0.0610
vn -0.5154 0.3168 -0.7963
vn -0.4611 0.3034 -0.8339
vn -0.4055 0.2485 -0.8797
vn -0.7069 0.1527 -0.6906
vn -0.7288 0.1896 -0.6580
vn 0.3627 0.2261 0.9041
vn 0.0402 0.0651 0.9971
vn 0.0991 0.0298 0.9946
vn 0.3873 0.1445 0.9106
vn 0.7266 0.4725 -0.4988
vn 0.2580 0.5428 -0.7992
vn 0.2428 0.5936 -0.7673
vn 0.2330 0.6361 -0.7356
vn 0.1881 0.6887 -0.7002
vn 0.5110 0.6758 -0.5312
vn 0.9354 0.2787 0.2174
vn 0.9683 0.1907 -0.1615
vn -0.9513 -0.3063 0.0342
vn -0.9190 -0.3830 -0.0933
vn -0.9767 -0.2124 -0.0301
vn -0.9587 -0.2611 -0.1130
vn -0.9330 -0.3045 -0.1918
vn 0.8028 0.4266 -0.4166
vn 0.7385 0.4671 -0.4863
vn 0.7320 0.5499 -0.4021
vn 0.7451 0.3734 -0.5526
vn 0.6709 0.5063 -0.5418
vn 0.6583 0.5958 -0.4602
vn 0.6846 0.4075 -0.6043
vn 0.5962 0.5423 -0.5920
vn 0.5753 0.6393 -0.5102
vn 0.4787 0.5894 -0.6507
vn 0.4466 0.6944 -0.5642
vn -0.8698 -0.1382 -0.4736
vn -0.8385 -0.0221 -0.5444
vn -0.7844 -0.1203 -0.6084
vn -0.8253 -0.2934 -0.4825
vn -0.8834 -0.2152 -0.4164
vn 0.3410 0.6371 -0.6913
vn 0.3036 0.7433 -0.5961
vn 0.5105 0.4808 -0.7129
vn 0.3804 0.5256 -0.7609
vn 0.2270 0.5568 -0.7991
vn 0.1826 0.6648 -0.7244
vn 0.0339 0.5620 -0.8264
vn -0.0115 0.6576 -0.7533
vn -0.0480 0.4590 -0.8871
vn -0.1855 0.7435 -0.6425
vn -0.0487 0.7666 -0.6403
vn -0.2953 0.7139 -0.6349
vn 0.1456 0.7714 -0.6194
vn -0.0750 0.8494 -0.5224
vn 0.1171 0.8493 -0.5147
vn 0.2720 0.8241 -0.4969
vn 0.0919 0.9130 -0.3974
vn 0.2450 0.8918 -0.3804
vn 0.0696 0.9617 -0.2653
vn 0.2225 0.9430 -0.2474
vn 0.4160 0.7809 -0.4660
vn 0.3597 0.9080 -0.2151
vn 0.3862 0.8546 -0.3472
vn 0.2070 0.9660 -0.1549
vn 0.5179 0.8003 -0.3022
vn 0.5506 0.7233 -0.4168
vn 0.4809 0.8584 -0.1786
vn 0.5803 0.7999 -0.1530
vn 0.6184 0.7401 -0.2642
vn 0.6442 0.6691 -0.3706
vn 0.1055 -0.4838 0.8688
vn 0.1155 -0.5136 0.8502
vn 0.0002 -0.2557 0.9667
vn -0.1543 -0.2232 0.9625
vn -0.2025 -0.2672 0.9421
vn -0.3059 -0.3032 0.9025
vn -0.7212 -0.6073 0.3332
vn -0.5928 -0.7921 0.1455
vn -0.5191 -0.6821 0.5150
vn 0.6798 0.7235 -0.1202
vn 0.7389 0.6733 -0.0260
vn -0.8153 -0.1718 0.5529
vn -0.7032 -0.1098 0.7024
vn -0.7560 -0.0578 0.6520
vn 0.2147 0.6124 -0.7609
vn 0.3203 0.6358 -0.7023
vn 0.3470 0.6413 -0.6844
vn 0.7399 -0.5469 -0.3917
vn 0.5675 -0.6382 -0.5202
vn 0.6259 -0.5217 -0.5797
vn 0.5860 -0.5590 -0.5866
vn 0.8584 0.4581 0.2310
vn 0.8407 0.4859 0.2390
vn 0.7712 0.5859 0.2488
vn 0.7966 0.5349 0.2816
vn 0.3269 -0.9397 0.1000
vn 0.4200 -0.8897 -0.1790
vn 0.3893 -0.8859 -0.2524
vn 0.3748 -0.8822 -0.2850
vn 0.4971 -0.8346 0.2374
vn 0.4228 -0.8617 0.2805
vn 0.9293 0.2417 0.2792
vn 0.9398 0.2067 0.2722
vn 0.9327 0.2419 0.2676
vn 0.9564 0.1815 0.2287
vn 0.9452 0.2568 0.2015
vn 0.9224 0.3503 0.1625
vn 0.9380 0.2932 0.1848
vn 0.9451 0.3266 0.0149
vn -0.8029 0.0226 0.5956
vn -0.8372 0.0740 0.5419
vn -0.8744 -0.0704 0.4801
vn -0.8764 -0.2417 0.4166
vn -0.8666 -0.3166 0.3858
vn -0.8907 -0.2783 0.3595
vn 0.6510 0.6983 0.2975
vn 0.5284 0.7724 0.3524
vn 0.5484 0.7171 0.4301
vn 0.6736 0.6481 0.3552
vn 0.6315 0.7366 0.2424
vn 0.5154 0.8114 0.2756
vn 0.6157 0.7701 0.1668
vn -0.9551 0.0410 0.2936
vn -0.1478 -0.5368 0.8307
vn -0.9055 0.3974 0.1489
vn -0.2429 0.0842 -0.9664
vn -0.3432 0.1173 -0.9319
vn -0.3600 0.1490 -0.9210
vn 0.0193 0.2687 -0.9630
vn -0.1990 -0.0426 -0.9791
vn -0.7937 0.6080 -0.0202
vn -0.8034 0.5866 -0.1024
vn -0.8862 0.4586 -0.0667
vn 0.8494 0.4555 -0.2667
vn 0.6568 0.4282 -0.6207
vn 0.5417 0.5226 -0.6584
vn 0.4592 0.4900 -0.7410
vn 0.6581 0.6752 -0.3333
vn 0.7252 0.6298 -0.2784
vn -0.1318 0.9753 -0.1771
vn 0.0522 0.9838 -0.1714
vn -0.1168 0.9564 -0.2677
vn -0.2356 0.8879 -0.3951
vn -0.2158 0.8280 -0.5175
vn -0.3286 0.7959 -0.5085
vn -0.3457 0.8523 -0.3926
vn -0.0977 0.9115 -0.3995
vn -0.6702 0.7403 -0.0536
vn -0.1389 0.9763 0.1659
vn -0.1232 0.9549 0.2701
vn 0.0203 0.9692 0.2454
vn 0.0192 0.9882 0.1517
vn -0.7202 -0.5812 -0.3788
vn -0.7779 -0.5350 -0.3295
vn -0.7648 -0.4872 -0.4216
vn 0.2934 0.8889 0.3518
vn 0.1661 0.9040 0.3938
vn 0.1877 0.8535 0.4862
vn 0.3122 0.8391 0.4454
vn 0.4338 0.8089 0.3968
vn 0.4186 0.8541 0.3085
vn 0.0675 0.8504 0.5219
vn 0.0988 0.7873 0.6086
vn 0.2228 0.7900 0.5712
vn 0.0450 0.9009 0.4318
vn 0.3468 0.7743 0.5294
vn -0.7100 0.1991 0.6754
vn -0.6910 0.1410 0.7090
vn -0.6076 0.2433 0.7560
vn -0.6332 0.3048 0.7114
vn -0.6666 0.3772 0.6429
vn -0.7391 0.2702 0.6170
vn -0.8085 -0.5884 0.0081
vn -0.7599 -0.6495 -0.0281
vn 0.3018 0.6655 0.6826
vn 0.3484 0.5781 0.7378
vn 0.2655 0.7220 0.6389
vn 0.1366 0.7147 0.6860
vn 0.4265 0.6597 0.6188
vn 0.5940 -0.8018 0.0656
vn 0.6399 -0.7486 0.1734
vn 0.4776 -0.8634 0.1625
vn 0.5423 -0.7259 0.4231
vn 0.5272 -0.6312 0.5689
vn 0.6519 -0.3635 0.6655
vn 0.7551 -0.4875 0.4383
vn 0.7325 -0.5784 0.3589
vn -0.6553 0.0629 0.7527
vn 0.3804 0.5091 0.7721
vn 0.2507 0.4779 0.8419
vn 0.2847 0.3877 0.8767
vn 0.4068 0.4324 0.8047
vn -0.7775 0.3333 0.5333
vn -0.8384 0.2184 0.4994
vn -0.8767 0.1202 0.4657
vn 0.8770 -0.3327 -0.3468
vn 0.0007 0.6839 0.7296
vn -0.0353 0.7609 0.6479
vn -0.0824 0.6554 0.7508
vn -0.0637 0.8261 0.5600
vn -0.0850 0.8780 0.4711
vn -0.1710 0.8505 0.4974
vn -0.1036 0.9200 0.3779
vn 0.0305 0.9394 0.3415
vn 0.0845 0.2082 0.9744
vn 0.1564 0.3285 0.9315
vn 0.0827 0.2840 0.9553
vn 0.0225 0.2445 0.9694
vn 0.0378 0.1511 0.9878
vn 0.9175 0.3928 0.0625
vn 0.8432 0.4771 0.2478
vn 0.2271 -0.7949 -0.5627
vn 0.3067 -0.8084 -0.5025
vn 0.3874 -0.8205 -0.4204
vn 0.4773 -0.7574 -0.4457
vn 0.4553 -0.6986 -0.5520
vn 0.3680 -0.6836 -0.6303
vn 0.1857 -0.6876 -0.7019
vn 0.1904 -0.7238 -0.6632
vn 0.7556 0.6497 -0.0836
vn 0.7252 0.6117 -0.3161
vn 0.7085 0.6708 -0.2195
vn 0.4866 -0.8538 -0.1850
vn 0.4992 -0.8565 -0.1312
vn 0.0188 -0.9970 0.0745
vn 0.0482 -0.9884 -0.1441
vn 0.0859 -0.9419 -0.3247
vn 0.1945 -0.8448 -0.4984
vn 0.3647 -0.8039 -0.4699
vn 0.4678 -0.7377 -0.4868
vn 0.5450 -0.7884 -0.2855
vn 0.5481 -0.8171 -0.1785
vn 0.6031 -0.7946 -0.0691
vn 0.5896 -0.8026 -0.0910
vn 0.8438 -0.5366 0.0132
vn 0.7882 -0.6043 0.1165
vn -0.4949 0.8307 -0.2550
vn -0.5871 0.7740 -0.2373
vn -0.5870 0.7961 -0.1471
vn -0.5823 0.8101 -0.0676
vn 0.7426 -0.6492 0.1644
vn 0.7884 -0.5019 0.3557
vn 0.8360 -0.5096 0.2037
vn 0.7454 -0.1927 0.6382
vn 0.6873 -0.1294 0.7148
vn 0.7760 0.0758 0.6261
vn 0.8756 0.0487 0.4806
vn 0.8738 -0.1129 0.4730
vn 0.6182 -0.1071 0.7787
vn 0.6086 0.4435 0.6579
vn -0.3388 -0.5551 0.7597
vn -0.7204 -0.4755 0.5048
vn -0.4201 -0.4253 0.8016
vn -0.7380 -0.6650 0.1147
vn -0.2167 -0.9368 -0.2747
vn -0.2580 -0.9374 -0.2339
vn -0.7253 -0.6387 0.2569
vn 0.5706 -0.8120 0.1224
vn 0.4637 -0.8626 0.2022
vn 0.4073 -0.8881 0.2132
vn 0.1710 0.0906 0.9811
vn 0.3880 0.1471 0.9099
vn -0.0243 0.2015 0.9792
vn -0.0348 0.2456 0.9687
vn -0.2811 -0.7941 -0.5389
vn -0.2343 -0.8681 -0.4377
vn -0.3012 -0.4557 -0.8377
vn -0.3184 -0.7381 -0.5948
vn 0.3558 -0.6486 0.6728
vn 0.4647 -0.6124 0.6396
vn 0.3177 -0.2311 0.9196
vn 0.2070 -0.2801 0.9374
vn 0.1577 -0.7675 -0.6214
vn 0.0761 -0.7521 -0.6546
vn 0.5223 -0.2170 0.8247
vn 0.6839 -0.3027 0.6639
vn 0.5894 0.1129 0.7999
vn 0.6400 0.3251 0.6962
vn 0.4670 0.3660 0.8050
vn 0.6973 0.2196 0.6823
vn 0.6132 0.3841 0.6902
vn 0.5563 0.4391 0.7055
vn 0.8263 0.1852 0.5319
vn 0.7613 0.3917 0.5167
vn 0.9358 0.1754 0.3057
vn 0.8661 0.3934 0.3083
vn 0.8676 -0.1856 0.4613
vn 0.9413 -0.2359 0.2416
vn 0.8975 -0.4271 0.1101
vn 0.9626 0.0847 0.2572
vn 0.6605 -0.7480 0.0652
vn 0.5672 -0.8220 -0.0517
vn 0.7417 -0.6337 0.2197
vn 0.9905 -0.0303 0.1342
vn 0.9655 -0.1639 -0.2024
vn 0.8874 0.3439 0.3070
vn 0.3670 -0.8908 -0.2680
vn 0.5304 -0.7566 -0.3824
vn 0.6473 -0.7542 -0.1104
vn 0.6386 -0.7124 -0.2911
vn 0.8340 0.0843 0.5453
vn 0.9954 0.0843 0.0448
vn 0.9517 -0.2871 -0.1091
vn 0.7983 -0.4153 0.4361
vn 0.8111 -0.5304 -0.2464
vn 0.1956 -0.4668 -0.8625
vn 0.3900 0.7098 0.5867
vn 0.9273 0.0751 -0.3667
vn 0.2810 0.0417 -0.9588
vn 0.1000 -0.0001 -0.9950
vn 0.2850 0.1804 -0.9414
vn 0.6581 0.1035 -0.7458
vn 0.6870 0.2778 -0.6715
vn 0.4685 0.1855 -0.8638
vn 0.4821 0.1279 -0.8667
vn 0.3803 0.0527 -0.9234
vn 0.0828 -0.2421 -0.9667
vn 0.1830 -0.3849 -0.9046
vn 0.6112 0.1020 -0.7849
vn 0.3971 0.0662 -0.9154
vn 0.0366 -0.1667 -0.9853
vn 0.4316 -0.0079 -0.9020
vn 0.4629 0.1022 -0.8805
vn 0.4815 -0.1588 -0.8619
vn -0.3868 -0.6797 -0.6232
vn -0.4383 0.6473 -0.6236
vn -0.5797 -0.7253 0.3712
vn -0.6447 -0.6963 0.3154
vn -0.4872 -0.7248 0.4871
vn -0.6245 -0.4947 0.6044
vn -0.4741 -0.5837 0.6592
vn 0.1461 0.0178 -0.9891
vn 0.1019 0.0207 -0.9946
vn -0.8272 -0.5531 -0.0995
vn -0.6786 -0.5972 -0.4277
vn 0.2322 -0.8464 -0.4792
vn -0.9342 -0.3414 -0.1035
vn -0.5372 0.8412 -0.0615
vn -0.9984 -0.0307 0.0468
vn 0.2611 0.9493 -0.1748
vn 0.3485 0.9313 -0.1055
vn -0.1610 0.8928 -0.4206
vn 0.1000 0.8815 -0.4614
vn 0.6755 0.7209 -0.1549
vn -0.9341 -0.3559 -0.0293
vn -0.8922 -0.4514 0.0142
vn -0.8152 -0.5108 -0.2731
vn -0.8574 -0.3739 -0.3536
vn 0.7522 0.3607 -0.5514
vn 0.8516 0.4945 -0.1740
vn 0.9129 0.3866 -0.1314
vn 0.8483 0.2419 -0.4710
vn 0.8899 0.1177 -0.4408
vn 0.0608 -0.2958 -0.9533
vn 0.1433 -0.4595 -0.8765
vn -0.5348 0.7876 0.3061
vn 0.9131 -0.0309 -0.4065
vn 0.2230 -0.6131 -0.7579
vn -0.0439 -0.0739 -0.9963
vn 0.5960 0.0056 0.8030
vn 0.4771 0.0374 0.8780
vn 0.5703 0.0073 0.8214
vn 0.7166 0.0188 0.6972
vn 0.7509 -0.0321 0.6596
vn -0.4736 -0.8681 0.1485
vn -0.7717 -0.6225 0.1303
vn -0.9296 -0.3653 -0.0484
vn -0.9018 -0.4314 -0.0245
vn -0.8421 -0.5393 0.0017
vn 0.1153 -0.9846 0.1313
vn -0.4621 -0.8750 -0.1446
vn -0.5709 -0.8210 -0.0020
vn -0.6402 -0.6995 -0.3176
vn -0.7494 -0.6588 -0.0667
vn -0.4531 0.2448 0.8572
vn -0.0469 -0.9107 -0.4105
vn -0.0341 -0.8348 -0.5495
vn 0.1918 -0.8168 -0.5442
vn 0.0385 -0.6083 -0.7928
vn 0.2262 -0.3463 -0.9104
vn 0.2063 -0.7617 -0.6143
vn 0.7020 0.6414 0.3095
vn 0.5827 0.7459 0.3226
vn 0.3870 0.4770 0.7891
vn 0.3528 -0.7870 -0.5061
vn 0.3851 -0.7218 -0.5751
vn 0.5328 -0.8056 -0.2590
vn 0.7088 -0.6442 -0.2875
vn 0.9043 -0.3615 -0.2270
vn -0.6378 -0.7014 -0.3182
vn -0.7501 -0.5914 -0.2961
vn -0.6434 -0.2545 -0.7220
vn -0.5038 -0.4234 -0.7529
vn -0.4623 0.7338 -0.4979
vn -0.4792 0.7903 -0.3818
vn -0.4948 -0.0726 0.8660
vn -0.4372 -0.2289 0.8697
vn 0.0883 0.1890 0.9780
vn -0.9295 -0.3619 0.0717
vn -0.9213 -0.3884 0.0205
vn -0.9088 -0.3673 0.1981
vn 0.6975 0.7088 -0.1056
vn -0.5663 -0.8240 0.0176
vn -0.6561 -0.7525 0.0576
vn -0.4626 -0.8016 0.3787
vn -0.7377 -0.6745 0.0288
vn -0.8190 -0.5707 0.0595
vn -0.7532 -0.6452 0.1281
vn -0.5902 -0.6004 0.5396
vn -0.5351 -0.6985 0.4751
vn -0.6695 -0.2422 0.7022
vn -0.7037 -0.1486 0.6948
vn -0.8147 0.1930 0.5468
vn -0.6725 0.6469 0.3595
vn -0.3943 0.3028 0.8676
vn -0.3328 0.6165 0.7135
vn 0.2924 0.3073 0.9055
vn -0.2874 0.0081 0.9578
vn -0.1151 -0.1825 0.9764
vn 0.3704 0.1926 0.9087
vn 0.4349 0.0641 0.8982
vn 0.0700 -0.3595 0.9305
vn 0.0069 -0.2806 0.9598
vn 0.4512 0.0041 0.8924
vn 0.4605 0.3703 0.8067
vn 0.0794 -0.4550 0.8869
vn 0.6575 0.2501 0.7107
vn 0.7278 0.2104 0.6528
vn 0.8459 0.2931 0.4456
vn 0.8087 0.3803 0.4487
vn 0.7478 0.4810 0.4577
vn 0.5854 0.2999 0.7533
vn 0.0791 -0.5428 0.8361
vn 0.4225 0.0339 0.9057
vn 0.4272 0.0161 0.9040
vn 0.4831 0.0396 0.8747
vn 0.1274 -0.5895 0.7976
vn 0.3404 -0.5450 0.7663
vn 0.5668 0.0964 0.8182
vn 0.6680 0.2102 0.7139
vn 0.5848 0.3274 0.7421
vn 0.6495 0.4068 0.6424
vn -0.0344 -0.3963 -0.9175
vn -0.6332 -0.1167 0.7652
vn -0.5812 -0.2439 0.7763
vn 0.1456 -0.1440 0.9788
vn 0.5465 -0.0909 0.8325
vn 0.4776 0.3874 0.7886
vn 0.3665 -0.6795 0.6356
vn 0.3858 -0.7216 0.5749
vn 0.5407 -0.3340 0.7721
vn 0.6577 0.3314 0.6764
vn 0.1441 -0.8447 0.5154
vn 0.9937 0.0714 0.0866
vn 0.9602 0.2745 0.0510
vn 0.7742 0.6166 -0.1428
vn 0.7476 0.6238 -0.2278
vn 0.7445 0.6200 -0.2476
vn 0.7093 0.6071 -0.3583
vn 0.7573 0.5848 -0.2905
vn 0.7256 0.6184 -0.3019
vn 0.9378 0.3453 0.0352
vn -0.8600 -0.0259 -0.5096
vn -0.6238 0.0457 -0.7802
vn -0.5650 -0.0042 -0.8251
vn -0.8150 -0.1305 -0.5646
vn -0.9347 0.0376 -0.3533
vn -0.8978 -0.2135 -0.3852
vn -0.8685 -0.2802 -0.4089
vn 0.8541 -0.2839 0.4358
vn 0.9503 0.1055 0.2930
vn 0.2057 -0.4938 0.8449
vn 0.2106 -0.2927 0.9327
vn 0.8907 0.2828 0.3560
vn 0.2785 -0.5899 0.7580
vn 0.1497 -0.1539 0.9767
vn 0.8478 0.3379 0.4088
vn 0.0318 0.1033 0.9941
vn 0.7591 0.4688 0.4517
vn -0.1079 0.3904 0.9143
vn 0.6518 0.5937 0.4719
vn -0.2435 0.6491 0.7207
vn 0.4884 0.7958 0.3579
vn 0.4113 0.8687 0.2759
vn 0.7019 0.7122 0.0074
vn 0.8900 0.4554 0.0226
vn 0.8545 0.5188 0.0254
vn -0.8421 -0.4341 0.3200
vn -0.8389 -0.0568 -0.5413
vn -0.8231 -0.5675 0.0207
vn -0.8320 -0.5038 0.2323
vn 0.9040 0.4270 0.0225
vn 0.0445 -0.1889 -0.9810
vn 0.1602 0.0381 -0.9864
vn 0.2959 -0.5367 -0.7902
vn 0.2112 -0.6681 -0.7134
vn 0.2111 -0.8097 -0.5476
vn 0.0928 -0.9224 -0.3748
vn 0.3321 -0.8672 -0.3711
vn 0.3990 -0.7472 -0.5315
vn 0.4098 0.4404 0.7988
vn 0.3258 -0.7912 -0.5176
vn -0.1112 -0.2413 0.9640
vn -0.1131 -0.2898 0.9504
vn -0.0305 -0.5789 0.8148
vn 0.2968 -0.3618 0.8837
vn 0.2233 -0.1006 0.9695
vn 0.1975 -0.0071 0.9803
vn -0.4194 -0.9070 0.0380
vn -0.4989 -0.7549 0.4258
vn -0.7350 -0.4718 0.4871
vn -0.4843 -0.2436 -0.8403
vn -0.7216 -0.3282 -0.6096
vn -0.5506 -0.5150 -0.6569
vn -0.8953 -0.1851 -0.4051
vn -0.9016 -0.1651 -0.3999
vn 0.6410 -0.7051 -0.3032
vn 0.5949 -0.7694 -0.2326
vn 0.5044 -0.8577 -0.0996
vn 0.5288 -0.8369 -0.1413
vn -0.9363 0.0086 -0.3512
vn -0.4727 0.3093 -0.8251
vn -0.6991 0.4285 -0.5724
vn -0.8381 0.5063 -0.2029
vn 0.1186 0.8356 -0.5364
vn 0.1916 0.9764 -0.0994
vn -0.8350 0.4569 0.3066
vn -0.8101 0.4144 0.4146
vn -0.8002 0.3956 0.4507
vn -0.8301 0.4038 0.3846
vn -0.9199 -0.2180 0.3260
vn -0.8165 0.5771 0.0170
vn -0.1819 0.9619 0.2043
vn 0.0043 0.9945 0.1049
vn -0.0889 0.9775 0.1913
vn -0.9799 0.0300 -0.1970
vn -0.9942 0.0748 -0.0777
vn -0.6395 -0.4000 -0.6565
vn -0.5587 -0.2086 -0.8027
vn -0.8218 -0.4188 -0.3863
vn -0.7166 -0.5343 -0.4484
vn -0.9325 -0.2217 -0.2853
vn -0.9897 0.1431 0.0108
vn -0.9706 -0.2088 -0.1197
vn -0.9527 -0.2308 -0.1975
vn 0.8091 0.4457 -0.3831
vn 0.8263 0.4694 -0.3112
vn 0.8322 0.5038 -0.2314
vn 0.7387 0.6490 -0.1819
vn 0.7796 0.3241 -0.5359
vn 0.8700 0.3315 -0.3649
vn 0.7538 0.4401 -0.4880
vn -0.6535 -0.4196 -0.6300
vn 0.8610 -0.1527 0.4852
vn -0.8359 -0.5380 0.1083
vn -0.8408 -0.5394 0.0458
vn -0.8810 -0.4409 0.1719
vn -0.8132 -0.5487 0.1941
vn 0.8758 -0.1596 0.4555
vn 0.9588 -0.0653 0.2766
vn -0.2511 -0.8107 -0.5289
vn -0.3520 -0.7619 -0.5437
vn 0.7593 -0.1872 -0.6233
vn 0.7602 -0.0459 -0.6481
vn 0.4122 -0.9076 -0.0805
vn 0.4218 -0.8652 0.2713
vn 0.5927 0.4524 0.6664
vn -0.6178 -0.7861 0.0170
vn -0.6636 -0.7466 0.0467
vn -0.7365 -0.6681 0.1064
vn -0.5751 -0.7988 -0.1769
vn 0.7001 -0.0455 0.7126
vn 0.7591 -0.0571 0.6485
vn 0.8607 0.4527 -0.2330
vn 0.8108 0.5212 -0.2666
vn 0.6557 0.6313 -0.4141
vn 0.6384 0.0074 0.7697
vn -0.0545 -0.3855 -0.9211
vn 0.7227 0.5421 0.4287
vn 0.9658 -0.2496 -0.0701
vn 0.4346 -0.8738 0.2181
vn 0.6161 -0.7803 0.1071
vn 0.4419 -0.8941 0.0727
vn 0.4745 -0.8728 -0.1139
vn 0.6225 -0.7825 -0.0123
vn 0.6582 -0.7494 -0.0720
vn -0.0432 -0.8352 0.5483
vn -0.0626 -0.7981 0.5993
vn 0.0295 -0.7173 0.6962
vn 0.0078 -0.7912 0.6115
vn -0.1759 -0.7951 0.5804
vn -0.3766 0.0693 0.9238
vn -0.5671 0.2005 -0.7989
vn -0.5333 0.3325 -0.7778
vn -0.4076 0.4163 -0.8127
vn -0.3275 0.3365 -0.8829
vn -0.8644 -0.5029 0.0025
vn -0.0855 -0.5320 -0.8424
vn 0.2505 -0.9591 0.1320
vn 0.3345 -0.9330 0.1329
vn -0.9422 0.3340 -0.0262
vn -0.7237 0.2371 0.6481
vn -0.8183 0.2201 0.5310
vn -0.8306 0.5023 0.2404
vn -0.7739 0.6058 0.1848
vn -0.2991 -0.2238 0.9276
vn -0.1394 -0.1322 0.9814
vn -0.1520 -0.0533 -0.9869
vn 0.1459 0.1328 -0.9803
vn 0.2637 0.0232 -0.9643
vn 0.0151 -0.3250 -0.9456
vn -0.0243 0.0260 -0.9994
vn 0.1445 0.3072 -0.9406
vn -0.9159 -0.4011 -0.0170
vn -0.9096 -0.4150 0.0188
vn -0.6920 -0.1714 -0.7012
vn -0.1733 -0.1252 -0.9769
vn -0.0716 0.3202 -0.9446
vn -0.2809 0.1427 -0.9491
vn -0.7266 0.0180 -0.6868
vn -0.3236 -0.9189 -0.2255
vn 0.1673 -0.9139 0.3697
vn 0.3261 -0.9443 -0.0442
vn 0.5081 -0.7626 0.4003
vn 0.8095 -0.5758 0.1147
vn -0.9196 -0.3885 0.0583
vn -0.5375 -0.2817 -0.7948
vn -0.4455 -0.7421 -0.5008
vn -0.1254 -0.6853 -0.7174
vn -0.3237 -0.4824 -0.8139
vn -0.6122 -0.5287 -0.5879
vn -0.6523 -0.6513 -0.3876
vn -0.8386 -0.3374 -0.4277
vn -0.8730 -0.3928 -0.2891
vn -0.7960 -0.5516 -0.2493
vn -0.5454 0.8327 0.0957
vn -0.7851 0.6083 0.1166
vn -0.5919 0.8057 0.0242
vn -0.6090 0.7875 0.0950
vn -0.7519 0.6433 -0.1444
vn -0.9037 0.4132 0.1122
vn -0.8125 0.3293 0.4811
vn -0.5391 0.7055 0.4601
vn -0.3832 0.8769 0.2901
vn -0.7731 -0.6341 -0.0128
vn -0.5578 -0.6794 0.4768
vn 0.2611 -0.5624 0.7846
vn -0.9493 0.3144 0.0018
vn -0.1274 -0.9120 0.3900
vn -0.2064 -0.9322 0.2975
vn -0.2908 -0.8933 0.3428
vn -0.2569 -0.8615 0.4380
vn -0.0352 -0.4850 0.8738
vn -0.1701 -0.4813 0.8599
vn -0.0858 -0.5588 0.8249
vn 0.2786 -0.9601 0.0250
vn 0.6238 -0.7751 0.1004
vn -0.7522 0.3733 0.5430
vn -0.7156 0.3401 0.6101
vn -0.4526 0.7185 0.5281
vn -0.4086 0.6974 0.5888
vn -0.4288 0.7511 0.5020
vn -0.3973 -0.1783 0.9002
vn -0.5285 -0.0547 0.8472
vn 0.3734 -0.9113 0.1738
vn -0.5601 -0.1591 0.8130
vn -0.6694 -0.1941 0.7171
vn -0.6776 -0.1474 0.7205
vn -0.6379 -0.1909 0.7461
vn -0.4908 -0.3279 0.8072
vn 0.0296 -0.9885 -0.1486
vn 0.0164 -0.9235 -0.3834
vn -0.2891 -0.9009 -0.3238
vn -0.2514 -0.9675 0.0285
vn -0.4330 -0.2684 -0.8605
vn -0.4574 -0.1650 -0.8738
vn -0.4742 -0.0748 -0.8772
vn -0.3224 -0.0087 -0.9466
vn -0.1855 -0.0580 -0.9809
vn -0.0642 -0.1414 -0.9879
vn -0.5721 -0.2996 0.7635
vn -0.8575 -0.0576 0.5112
vn -0.4241 -0.2437 0.8722
vn 0.6807 -0.1838 -0.7091
vn 0.7295 -0.4837 0.4836
vn -0.5871 -0.7692 0.2523
vn -0.5159 -0.8107 0.2767
vn 0.5235 -0.7781 -0.3471
vn 0.2573 -0.9605 0.1058
vn 0.4741 -0.8511 -0.2254
vn 0.1364 -0.9137 0.3828
vn 0.1255 -0.9601 0.2500
vn 0.1441 -0.9855 0.0897
vn 0.2155 -0.9663 0.1405
vn -0.1084 -0.8301 0.5470
vn -0.0422 -0.8736 0.4848
vn 0.2782 -0.9488 0.1494
vn -0.4163 -0.5411 0.7307
vn -0.3356 -0.6467 0.6849
vn -0.4482 0.3555 0.8202
vn -0.7173 0.0914 0.6907
vn -0.9596 0.2015 -0.1964
vn -0.9910 -0.0767 -0.1101
vn -0.7545 -0.1032 -0.6481
vn -0.4493 -0.2309 -0.8630
vn -0.9783 -0.1946 -0.0709
vn -0.8670 -0.2021 -0.4554
vn 0.0027 -0.5965 -0.8026
vn -0.0468 0.5425 0.8387
vn -0.0097 0.6483 0.7613
vn -0.2244 0.7456 0.6274
vn -0.2329 0.6564 0.7175
vn 0.8468 0.3831 -0.3690
vn 0.8975 0.3381 -0.2831
vn 0.4862 -0.7846 -0.3846
vn 0.6223 -0.6910 -0.3678
vn 0.3637 -0.8504 -0.3801
vn 0.4364 -0.8398 -0.3231
vn 0.3408 -0.8918 -0.2976
vn 0.5770 -0.7396 -0.3464
vn 0.7393 -0.5724 -0.3547
vn -0.9518 -0.2362 -0.1957
vn -0.9611 -0.2628 -0.0848
vn -0.9092 -0.0515 -0.4132
vn -0.9240 -0.1755 -0.3398
vn -0.9165 -0.3244 -0.2341
vn -0.9206 -0.2228 -0.3208
vn -0.1067 -0.9385 -0.3283
vn 0.0014 -0.9211 -0.3894
vn 0.4113 -0.5423 0.7326
vn 0.4533 -0.3118 0.8350
vn 0.9639 0.2134 0.1591
vn 0.9745 0.1771 0.1379
vn 0.9560 0.2928 0.0204
vn 0.9082 0.3867 0.1599
vn 0.4866 -0.8704 0.0753
vn 0.4127 -0.8915 -0.1867
vn 0.4747 -0.8553 -0.2078
vn 0.5188 -0.8370 0.1739
vn 0.3357 -0.7920 0.5099
vn 0.2330 -0.8675 0.4396
vn 0.8251 0.3794 -0.4187
vn 0.9083 0.2831 -0.3078
vn 0.9799 0.0699 -0.1867
vn 0.8382 0.0606 -0.5419
vn 0.9941 -0.1085 0.0065
vn 0.8751 -0.2459 -0.4169
vn 0.9961 -0.0876 0.0126
vn -0.0708 -0.7260 0.6840
vn -0.1599 -0.6541 0.7393
vn 0.0354 -0.5489 0.8351
vn 0.0970 -0.5622 0.8213
vn 0.0057 -0.7523 0.6588
vn -0.2243 0.7831 -0.5801
vn 0.5188 0.7234 -0.4556
vn -0.2736 0.9440 -0.1846
vn 0.4382 0.8771 -0.1966
vn 0.6639 0.6748 -0.3222
vn 0.4390 -0.1952 -0.8770
vn 0.8702 -0.1463 -0.4704
vn 0.0795 -0.9189 0.3863
vn -0.4035 -0.4997 0.7665
vn -0.3124 -0.3032 0.9003
vn -0.4460 -0.3723 0.8139
vn 0.7154 -0.4922 -0.4958
vn 0.4204 -0.7438 -0.5196
vn 0.0178 -0.5989 -0.8007
vn 0.4732 -0.3534 -0.8070
vn 0.9095 -0.3531 -0.2195
vn 0.1752 -0.8208 0.5437
vn 0.2593 -0.7609 0.5949
vn 0.2733 -0.7869 0.5532
vn -0.2868 -0.7850 0.5491
vn -0.2861 -0.8788 0.3818
vn -0.9420 0.1700 0.2893
vn -0.7771 0.4638 0.4255
vn -0.7930 -0.1341 0.5943
vn -0.8375 -0.3923 0.3804
vn -0.7093 -0.6727 0.2109
vn -0.5193 -0.8542 -0.0241
vn -0.6840 -0.7194 -0.1211
vn -0.8262 -0.5066 -0.2466
vn -0.7059 -0.6336 0.3167
vn -0.6691 -0.6778 0.3048
vn 0.2789 -0.9501 0.1398
vn -0.5304 -0.8207 0.2123
vn 0.5727 0.6612 0.4846
vn 0.7595 -0.4824 -0.4364
vn 0.1415 0.6654 -0.7329
vn -0.1136 -0.6454 -0.7554
vn -0.2224 -0.6433 -0.7326
vn -0.3405 -0.5716 -0.7466
vn -0.5002 -0.4057 -0.7649
vn -0.3033 -0.3124 -0.9003
vn -0.1900 -0.4864 -0.8529
vn -0.1269 -0.5906 -0.7969
vn -0.0973 -0.9172 0.3863
vn 0.1351 -0.9530 0.2713
vn 0.3264 -0.9252 0.1934
vn 0.1885 -0.9755 0.1134
vn 0.1212 -0.9641 0.2364
vn 0.2398 -0.8883 0.3917
vn 0.2985 -0.9544 0.0093
vn 0.1972 -0.9789 0.0532
vn 0.5647 -0.8241 -0.0458
vn 0.5138 -0.8057 -0.2947
vn 0.3720 -0.9090 -0.1877
vn 0.2396 -0.9669 -0.0876
vn 0.2250 -0.9743 0.0028
vn 0.5306 -0.7705 0.3532
vn 0.4142 -0.6314 0.6555
vn -0.8721 -0.4309 -0.2318
vn 0.3193 -0.8727 -0.3693
vn -0.0079 -0.4247 0.9053
vn 0.7971 0.1550 -0.5835
vn 0.9839 -0.0544 -0.1703
vn 0.5939 -0.6903 0.4134
vn 0.3666 -0.5551 0.7467
vn 0.0373 -0.3285 0.9438
vn -0.0863 -0.6672 0.7399
vn 0.0357 -0.9949 0.0942
vn 0.3992 -0.9156 -0.0486
vn 0.4994 -0.7330 0.4618
vn -0.5624 -0.6940 -0.4496
vn -0.1009 -0.8342 -0.5422
vn -0.5921 -0.7493 0.2966
vn -0.3634 -0.8797 0.3068
vn -0.2506 -0.9668 0.0492
vn 0.6563 -0.2885 0.6972
vn -0.1852 -0.0919 -0.9784
vn -0.1421 -0.2129 -0.9667
vn -0.1052 -0.3129 -0.9439
vn -0.5436 -0.4011 0.7373
vn -0.3458 -0.5858 0.7329
vn 0.0444 -0.4947 0.8679
vn -0.0029 -0.3992 0.9169
vn -0.0306 -0.2674 0.9631
vn 0.1993 -0.9794 0.0325
vn 0.1408 -0.9896 -0.0302
vn 0.0976 -0.9927 0.0703
vn 0.0769 -0.9921 0.0993
vn 0.1400 -0.9720 0.1888
vn -0.8017 0.4109 0.4341
vn -0.5831 -0.0102 0.8123
vn -0.6913 0.5736 0.4395
vn 0.5059 -0.8613 0.0467
vn 0.7037 -0.7042 -0.0946
vn 0.7099 -0.6930 -0.1259
vn 0.6072 -0.7664 0.2097
vn 0.4210 -0.9070 0.0061
vn -0.5050 0.7509 0.4256
vn -0.6239 0.0102 0.7814
vn -0.5270 0.0879 0.8453
vn -0.5636 0.1548 0.8114
vn 0.7620 -0.0715 0.6436
vn 0.7481 0.1985 0.6332
vn 0.3500 -0.0908 0.9324
vn 0.4262 -0.1999 0.8822
vn 0.4622 -0.3007 0.8342
vn -0.9335 -0.1073 -0.3422
vn -0.9316 -0.2109 -0.2961
vn -0.6396 -0.6566 0.3997
vn -0.6379 -0.5673 0.5208
vn -0.6717 -0.4933 0.5528
vn -0.6275 -0.1910 -0.7548
vn -0.5683 -0.0748 -0.8194
vn 0.2665 -0.9625 0.0514
vn 0.4398 -0.8815 -0.1722
vn -0.7001 -0.7020 0.1305
vn -0.7586 -0.6429 -0.1059
vn -0.7423 -0.6090 -0.2793
vn -0.5176 -0.7876 0.3345
vn 0.1219 -0.9917 -0.0408
vn 0.0573 -0.9983 0.0139
vn -0.2272 -0.9076 0.3529
vn 0.2855 -0.9024 -0.3227
vn 0.2033 -0.9626 -0.1790
vn 0.2990 -0.8256 -0.4785
vn 0.1624 -0.8780 -0.4503
vn 0.5433 -0.8089 -0.2248
vn -0.0675 -0.9709 -0.2299
vn -0.3108 -0.8129 -0.4925
vn -0.5420 -0.7897 -0.2874
vn -0.3347 -0.1679 0.9273
vn -0.4020 -0.1141 0.9085
vn -0.6881 -0.1438 0.7112
vn -0.6770 -0.1787 0.7139
vn -0.5955 -0.3424 0.7267
vn -0.0991 0.9884 0.1152
vn 0.2859 0.9114 0.2961
vn 0.1506 0.8837 0.4432
vn -0.2400 0.9536 0.1819
vn 0.0388 0.9970 0.0669
vn 0.4049 0.8988 0.1682
vn 0.5164 0.7565 0.4013
vn 0.3869 0.7124 0.5855
vn 0.6223 0.7465 0.2356
vn 0.1563 0.5485 0.8214
vn -0.1215 0.1437 0.9821
vn -0.3073 0.4423 0.8426
vn -0.0536 0.7583 0.6497
vn -0.2843 -0.4997 0.8182
vn -0.4993 -0.2390 0.8328
vn 0.3676 0.2149 0.9048
vn 0.5877 0.4416 0.6779
vn 0.7414 0.0747 0.6669
vn 0.5995 -0.1943 0.7764
vn 0.1227 -0.2810 0.9518
vn -0.0187 -0.7523 0.6586
vn 0.7152 0.5051 0.4831
vn 0.8178 0.4950 0.2934
vn 0.8416 0.1561 0.5170
vn 0.9310 0.1543 0.3307
vn 0.8506 -0.1005 0.5161
vn 0.9309 -0.1002 0.3514
vn 0.7869 -0.1831 0.5893
vn 0.7103 -0.4357 0.5528
vn 0.7373 -0.6580 0.1532
vn 0.8697 -0.4722 0.1438
vn 0.3602 -0.9277 0.0986
vn 0.8188 -0.5629 -0.1130
vn 0.2290 -0.9694 -0.0879
vn -0.4897 -0.8719 -0.0054
vn -0.5911 -0.8065 0.0134
vn 0.0535 -0.9750 -0.2154
vn -0.1066 -0.9574 -0.2685
vn -0.6781 -0.7330 0.0543
vn -0.8198 -0.5533 0.1475
vn -0.7834 -0.6182 0.0635
vn -0.8468 -0.4820 0.2248
vn -0.9386 -0.2486 0.2393
vn -0.9483 -0.2951 0.1168
vn -0.8684 0.4029 0.2890
vn -0.9151 0.3758 0.1463
vn -0.2629 0.9506 0.1653
vn -0.3355 0.9375 0.0920
vn -0.4002 0.9163 0.0144
vn 0.3412 0.9400 -0.0020
vn 0.6810 0.7259 -0.0962
vn 0.5929 0.8052 -0.0076
vn 0.2373 0.9712 0.0231
vn -0.9091 0.0167 -0.4163
vn -0.7355 0.2601 -0.6256
vn -0.6822 0.1063 -0.7234
vn -0.8873 -0.2769 -0.3687
vn 0.4435 0.8951 -0.0456
vn 0.1464 0.9886 0.0363
vn 0.5018 0.8621 0.0710
vn 0.8171 0.5608 -0.1338
vn 0.7724 0.6349 -0.0175
vn 0.7064 0.7006 0.1011
vn 0.9124 0.3686 -0.1780
vn 0.9648 0.0929 -0.2459
vn 0.9931 0.0891 -0.0768
vn 0.9148 0.4021 -0.0382
vn 0.8938 0.3478 -0.2831
vn 0.9266 0.1074 -0.3605
vn 0.8857 0.4477 0.1230
vn 0.9851 0.1135 0.1295
vn 0.9346 -0.1871 -0.3027
vn 0.7079 -0.6236 -0.3317
vn 0.9771 -0.1851 -0.1051
vn 0.8870 -0.1668 -0.4307
vn 0.6016 -0.6478 -0.4674
vn 0.9799 -0.1476 0.1341
vn -0.7180 -0.2219 -0.6598
vn -0.7550 -0.3753 -0.5376
vn -0.0603 -0.9513 -0.3022
vn 0.2046 -0.8868 -0.4144
vn 0.3415 -0.3577 -0.8691
vn 0.0112 -0.7308 0.6825
vn -0.2619 -0.7307 0.6305
vn 0.6987 0.1507 -0.6993
vn 0.7454 0.1248 -0.6549
vn -0.3444 -0.5867 0.7329
vn -0.9788 -0.1843 0.0888
vn -0.3677 0.0013 0.9299
vn -0.3641 0.3807 0.8500
vn -0.3550 0.5516 0.7548
vn -0.2408 0.6475 0.7230
vn -0.0430 0.6510 0.7579
vn -0.3800 0.1139 0.9180
vn -0.3553 0.7790 0.5166
vn -0.1871 0.4374 -0.8796
vn -0.2031 0.4801 -0.8534
vn 0.3895 0.8207 -0.4181
vn 0.4936 0.7602 -0.4224
vn -0.0924 0.3722 -0.9235
vn -0.6381 0.4592 0.6180
vn -0.7287 0.0801 -0.6801
vn -0.7260 0.1092 -0.6790
vn 0.6139 0.5973 -0.5161
vn 0.6775 0.6339 -0.3730
vn -0.8401 -0.1292 0.5268
vn -0.8231 -0.2499 0.5099
vn -0.2332 -0.6611 0.7131
vn -0.3102 -0.7647 0.5648
vn -0.4869 -0.6490 0.5845
vn -0.4587 -0.5181 0.7219
vn -0.2472 0.4518 0.8572
vn 0.0008 0.4345 0.9007
vn 0.1770 0.3292 0.9275
vn 0.1907 0.3925 0.8998
vn -0.1731 0.5115 0.8416
vn -0.3709 0.5807 0.7247
vn -0.5069 0.5305 0.6794
vn 0.1556 -0.7079 0.6889
vn 0.2420 -0.5640 0.7895
vn -0.1282 -0.0323 0.9912
vn 0.4171 0.3363 0.8444
vn -0.2993 0.1199 0.9466
vn 0.2039 0.5244 0.8267
vn 0.2364 0.4872 0.8407
vn -0.2812 -0.9250 -0.2557
vn -0.1929 -0.8533 -0.4844
vn 0.2924 -0.9136 -0.2825
vn 0.2845 -0.9184 -0.2749
vn 0.4629 -0.3777 -0.8019
vn -0.4248 -0.5827 -0.6928
vn -0.3591 -0.6711 -0.6485
vn -0.1878 -0.3052 -0.9336
vn -0.6000 -0.4562 -0.6572
vn -0.8319 -0.4642 0.3041
vn -0.9857 -0.1586 0.0569
vn -0.7857 -0.5717 0.2363
vn -0.6225 -0.7246 0.2958
vn -0.2765 -0.9331 0.2301
vn -0.1183 -0.9440 0.3080
vn -0.4644 -0.8679 -0.1760
vn -0.2700 -0.8829 -0.3842
vn -0.0041 -0.9892 0.1466
vn -0.0492 -0.9957 0.0784
vn -0.1602 -0.9869 -0.0169
vn -0.2701 -0.9565 -0.1100
vn -0.2474 -0.9394 0.2372
vn -0.1323 -0.9509 0.2797
vn -0.3877 -0.9049 -0.1754
vn -0.3765 -0.9083 0.1823
vn -0.2911 -0.8967 0.3334
vn -0.1840 -0.9272 0.3263
vn -0.0530 -0.9562 0.2878
vn -0.0125 -0.9553 0.2955
vn -0.3993 -0.8603 0.3168
vn -0.4778 -0.8667 0.1434
vn -0.4731 -0.8318 0.2904
vn -0.5016 -0.8411 -0.2021
vn -0.6106 -0.7634 -0.2106
vn -0.6898 -0.6770 -0.2566
vn -0.5638 -0.8159 0.1285
vn -0.6483 -0.7512 0.1239
vn -0.7428 -0.5844 -0.3267
vn -0.7192 -0.6870 0.1040
vn -0.5281 -0.8053 0.2695
vn -0.8368 -0.5306 -0.1352
vn -0.8862 -0.4281 -0.1769
vn -0.8397 -0.4794 -0.2551
vn -0.7937 -0.5696 -0.2133
vn -0.8351 -0.4201 -0.3552
vn 0.5758 -0.7366 -0.3548
vn -0.6663 -0.2938 -0.6853
vn -0.6797 -0.1062 -0.7258
vn -0.6195 0.0238 -0.7847
vn -0.5216 0.1756 -0.8349
vn -0.4759 0.0620 -0.8773
vn -0.3874 0.1632 -0.9073
vn -0.2904 0.2411 -0.9260
vn -0.9544 -0.2263 0.1947
vn -0.9778 -0.1744 0.1165
vn -0.9954 -0.0724 0.0631
vn 0.2893 0.5707 -0.7685
vn 0.3079 0.5511 -0.7756
vn -0.3086 -0.1737 -0.9352
vn -0.2741 -0.2905 -0.9168
vn -0.2464 -0.3838 -0.8899
vn -0.3376 -0.5364 -0.7735
vn -0.4363 -0.5645 -0.7007
vn -0.9057 -0.0243 0.4232
vn -0.9296 0.0119 0.3683
vn -0.9033 -0.1914 0.3839
vn -0.2672 -0.6703 -0.6923
vn -0.3685 -0.6772 -0.6369
vn 0.0701 -0.0823 0.9941
vn -0.8578 -0.1098 0.5022
vn 0.0281 -0.5730 -0.8191
vn -0.0517 -0.4244 -0.9040
vn -0.1368 -0.6352 -0.7602
vn -0.2085 -0.4880 -0.8476
vn -0.3417 0.3560 -0.8697
vn -0.1111 0.1663 0.9798
vn -0.0491 0.1546 0.9868
vn 0.0755 0.0530 0.9957
vn 0.4640 0.3208 0.8257
vn 0.2650 0.4456 0.8551
vn -0.1207 0.1387 0.9830
vn 0.9869 0.1319 0.0933
vn -0.6935 -0.7068 -0.1394
vn -0.6302 -0.6278 -0.4568
vn -0.5629 -0.7260 -0.3950
vn -0.4646 -0.8130 -0.3509
vn -0.5485 -0.8276 -0.1192
vn 0.4684 -0.8403 0.2729
vn 0.2276 -0.9390 0.2579
vn 0.1312 -0.9583 0.2539
vn 0.3288 -0.9418 -0.0699
vn 0.4179 -0.8999 -0.1246
vn 0.0409 0.4077 0.9122
vn -0.0226 0.2183 0.9756
vn 0.0701 0.0739 0.9948
vn 0.9345 -0.3119 -0.1714
vn 0.9952 -0.0970 -0.0114
vn -0.0159 0.1135 0.9934
vn -0.4256 -0.4088 0.8073
vn 0.1095 -0.7418 0.6617
vn 0.1220 -0.5457 0.8290
vn 0.0876 -0.9045 0.4173
vn -0.3809 -0.4773 0.7919
vn -0.1746 -0.4155 0.8927
vn 0.7615 0.6185 -0.1938
vn -0.6318 -0.0995 0.7687
vn -0.9418 -0.2594 0.2141
vn -0.8871 -0.4338 0.1576
vn -0.8401 -0.5082 0.1899
vn -0.8041 -0.5812 0.1255
vn -0.6424 -0.0693 0.7633
vn -0.6819 -0.0360 0.7305
vn 0.5066 0.4671 0.7247
vn 0.8412 0.5051 0.1931
vn -0.9144 -0.3528 -0.1984
vn -0.8986 -0.3911 -0.1991
vn 0.5947 0.7453 -0.3014
vn 0.4750 0.2702 0.8375
vn 0.5611 0.0525 0.8261
vn 0.4767 0.0359 0.8783
vn 0.5004 -0.8458 -0.1850
vn 0.3785 -0.8545 -0.3557
vn -0.8902 -0.3593 -0.2800
vn -0.9370 -0.2248 -0.2674
vn -0.8893 -0.2885 -0.3549
vn -0.8311 -0.3583 -0.4253
vn -0.9325 -0.1427 -0.3318
vn -0.9194 -0.0546 -0.3896
vn -0.8864 0.0756 -0.4566
vn -0.8368 0.2139 -0.5041
vn -0.7924 0.1110 -0.5998
vn -0.7420 0.0046 -0.6703
vn -0.7169 0.2472 -0.6518
vn -0.6730 0.1390 -0.7264
vn -0.5918 0.3882 -0.7064
vn -0.5577 0.2874 -0.7787
vn -0.4354 0.2792 -0.8559
vn -0.6359 0.4940 -0.5929
vn -0.5316 0.5828 -0.6146
vn -0.7606 0.3507 -0.5463
vn -0.7878 0.4293 -0.4417
vn -0.6665 0.5748 -0.4747
vn -0.8649 0.2964 -0.4050
vn -0.8837 0.3679 -0.2893
vn -0.8047 0.4968 -0.3251
vn -0.8908 0.4262 -0.1576
vn -0.8100 0.5534 -0.1943
vn -0.9197 0.1609 -0.3582
vn -0.9410 0.2385 -0.2401
vn -0.9472 0.3013 -0.1096
vn -0.9776 0.1061 -0.1815
vn -0.9909 -0.0069 -0.1343
vn -0.9974 0.0675 -0.0257
vn -0.9819 0.1793 -0.0606
vn -0.9551 0.0244 -0.2954
vn -0.9674 -0.0791 -0.2406
vn -0.9983 -0.0555 0.0152
vn 0.8815 0.4276 0.2006
vn 0.3154 -0.9463 0.0708
vn 0.3038 -0.9494 0.0796
vn 0.3733 -0.9240 0.0830
vn 0.0162 -0.8156 0.5784
vn -0.1938 -0.9131 0.3588
vn -0.1815 -0.9731 0.1422
vn -0.1583 -0.9873 -0.0157
vn -0.8728 -0.3097 0.3773
vn 0.3325 0.6961 -0.6363
vn 0.4681 0.6306 -0.6191
vn 0.1312 0.4012 -0.9065
vn 0.0508 0.5183 -0.8537
vn 0.0191 0.5466 -0.8372
vn 0.1403 0.6029 -0.7854
vn -0.6214 0.2183 -0.7525
vn -0.7956 -0.5115 0.3246
vn -0.7001 -0.5689 -0.4315
vn -0.8623 -0.4399 -0.2509
vn -0.7115 -0.2083 -0.6711
vn -0.5378 -0.3007 -0.7876
vn -0.4758 -0.4245 -0.7703
vn -0.6805 0.7206 -0.1328
vn -0.6876 0.6914 -0.2217
vn -0.5770 0.7295 -0.3672
vn -0.5600 0.6682 -0.4897
vn -0.6834 0.6396 -0.3519
vn 0.3769 -0.8671 -0.3257
vn -0.6114 0.7282 0.3096
vn -0.7037 0.4397 0.5581
vn -0.5807 0.4719 0.6634
vn -0.6201 0.5312 0.5773
vn -0.4700 0.5590 0.6830
vn -0.5131 0.6175 0.5961
vn -0.5507 0.6618 0.5087
vn -0.5831 0.6974 0.4166
vn -0.0832 0.1303 0.9880
vn -0.0084 0.1296 0.9915
vn -0.0721 0.2006 0.9770
vn -0.9896 -0.1175 -0.0825
vn -0.9682 -0.1744 -0.1794
vn -0.0273 -0.9828 0.1824
vn -0.1278 -0.9876 0.0916
vn 0.8159 0.2350 0.5283
vn -0.3342 -0.5609 0.7574
vn 0.4715 -0.8387 0.2726
vn 0.7519 -0.6269 0.2040
vn 0.6836 -0.6955 0.2213
vn -0.6733 -0.3994 0.6222
vn -0.2080 -0.2037 -0.9567
vn 0.2744 0.3126 -0.9094
vn 0.3154 0.2672 -0.9106
vn -0.1371 -0.2686 -0.9534
vn -0.1950 -0.0797 0.9776
vn -0.0319 -0.0007 0.9995
vn -0.2911 -0.1879 0.9381
vn 0.1054 -0.3249 0.9398
vn -0.1004 -0.5383 0.8367
vn -0.1427 -0.7142 0.6852
vn -0.3951 -0.3691 0.8412
vn -0.0305 -0.4138 0.9099
vn -0.5123 -0.1055 0.8523
vn -0.5741 -0.2491 0.7800
vn -0.6045 -0.1123 0.7886
vn -0.5973 -0.1927 0.7785
vn -0.5277 -0.3617 0.7686
vn -0.6854 -0.5932 0.4224
vn -0.5991 -0.4915 0.6321
vn -0.3538 -0.7603 0.5447
vn -0.3870 -0.8585 0.3365
vn -0.6351 -0.6720 0.3808
vn -0.2279 -0.9535 0.1971
vn 0.2569 -0.9661 -0.0272
vn 0.1543 -0.9828 0.1018
vn 0.0341 -0.9628 0.2682
vn -0.5764 -0.7719 0.2683
vn -0.5217 -0.8505 -0.0666
vn -0.1182 -0.9525 0.2807
vn 0.1341 -0.4732 0.8707
vn 0.1275 -0.5086 0.8515
vn 0.2332 -0.4250 0.8747
vn 0.4813 -0.2983 0.8242
vn 0.5312 -0.1305 0.8371
vn 0.1394 -0.3419 0.9293
vn -0.6516 -0.7113 0.2635
vn -0.7831 -0.5141 0.3500
vn -0.6837 -0.4749 0.5541
vn -0.5711 -0.8084 0.1425
vn -0.3851 -0.9229 0.0049
vn -0.1246 -0.8523 0.5080
vn -0.1367 -0.9767 -0.1653
vn 0.1404 -0.5074 -0.8502
vn -0.6218 -0.7332 -0.2752
vn -0.4166 -0.8698 -0.2643
vn -0.3680 -0.7986 -0.4763
vn -0.3374 -0.2462 -0.9086
vn -0.1949 -0.1370 -0.9712
vn 0.0422 -0.9744 0.2210
vn -0.0736 -0.9020 0.4255
vn -0.3844 -0.3037 -0.8718
vn -0.5166 -0.3879 -0.7633
vn -0.5338 -0.4293 -0.7285
vn 0.0401 -0.4104 -0.9110
vn 0.0082 -0.2531 -0.9674
vn -0.3153 -0.4975 -0.8081
vn -0.3870 -0.3766 -0.8417
vn -0.2296 -0.4180 -0.8790
vn -0.2983 -0.3565 -0.8854
vn 0.8404 0.0925 -0.5340
vn 0.9418 0.2400 -0.2354
vn 0.9513 0.2746 -0.1401
vn 0.8545 -0.3198 0.4093
vn 0.8486 -0.2218 0.4804
vn 0.8178 -0.1002 0.5667
vn 0.2455 -0.1771 0.9531
vn 0.2840 -0.3440 0.8950
vn 0.2748 0.9578 -0.0838
vn -0.4355 0.8978 -0.0658
vn -0.8866 0.4622 -0.0195
vn -0.8442 0.5277 -0.0944
vn -0.5791 0.7089 -0.4027
vn -0.6807 0.6423 -0.3523
vn -0.8865 0.3648 -0.2845
vn -0.9997 -0.0035 -0.0256
vn -0.9615 -0.2744 0.0120
vn 0.7366 0.3009 -0.6057
vn 0.6919 0.4338 -0.5771
vn 0.6085 0.5712 -0.5509
vn -0.7476 -0.6175 -0.2447
vn -0.8757 -0.4655 -0.1280
vn -0.9532 -0.2662 -0.1435
vn -0.9607 -0.1889 -0.2032
vn -0.7492 -0.1551 -0.6439
vn -0.8112 -0.1996 -0.5497
vn -0.7916 -0.3451 -0.5043
vn 0.8243 -0.3328 -0.4580
vn 0.5181 -0.6351 -0.5730
vn 0.4446 -0.5901 -0.6739
vn 0.3150 -0.4790 -0.8194
vn 0.0142 -0.4473 -0.8943
vn -0.1279 -0.6291 -0.7667
vn 0.3784 -0.8417 -0.3852
vn 0.3723 -0.8680 -0.3287
vn 0.5305 -0.7878 -0.3129
vn 0.4122 -0.8479 -0.3335
vn 0.2750 -0.8480 -0.4531
vn 0.2816 -0.7785 -0.5609
vn 0.1441 -0.6131 -0.7767
vn -0.6120 -0.6180 -0.4935
vn 0.0002 -0.9731 -0.2305
vn 0.2387 -0.9422 -0.2353
vn -0.3311 -0.9349 -0.1274
vn 0.8460 0.4261 -0.3206
vn 0.8992 0.2336 -0.3699
vn 0.8223 0.4745 -0.3141
vn 0.7969 0.3605 0.4847
vn 0.9230 0.3831 0.0355
vn 0.7657 0.6389 0.0743
vn 0.0974 0.9949 0.0279
vn -0.9137 0.3978 0.0834
vn -0.9901 -0.0255 0.1381
vn -0.9984 -0.0500 0.0266
vn 0.1418 0.6168 -0.7743
vn 0.3060 0.5706 -0.7621
vn 0.5147 0.3966 -0.7602
vn 0.9875 0.1562 -0.0197
vn 0.9651 0.2466 -0.0878
vn 0.9377 -0.0107 0.3473
vn 0.8996 0.1019 0.4247
vn 0.7926 0.2628 0.5502
vn 0.7406 0.5074 0.4406
vn 0.6014 0.7139 0.3587
vn 0.2750 0.9319 0.2366
vn -0.2675 0.9498 0.1623
vn -0.3009 0.0259 0.9533
vn -0.0480 0.6487 0.7595
vn 0.1793 0.5090 0.8419
vn -0.3306 0.7021 0.6306
vn 0.3032 0.2821 0.9102
vn -0.2621 -0.1016 0.9597
vn 0.3407 0.0291 0.9397
vn 0.7036 0.5343 0.4685
vn 0.5562 0.6886 0.4652
vn -0.5232 -0.1872 0.8314
vn -0.1692 -0.4231 0.8901
vn 0.3783 -0.7250 0.5755
vn 0.5199 0.7128 -0.4709
vn 0.7119 0.4534 -0.5363
vn 0.6829 0.5203 -0.5127
vn -0.8471 0.0994 0.5220
vn -0.8921 0.2912 0.3454
vn -0.8883 -0.3704 0.2715
vn -0.9245 -0.0866 -0.3711
vn -0.9032 -0.2193 -0.3689
vn -0.7748 -0.5426 0.3245
vn -0.8554 -0.3811 0.3507
vn -0.3073 0.2161 -0.9268
vn -0.4021 0.4798 -0.7798
vn 0.0270 0.6086 -0.7930
vn 0.1879 0.4458 -0.8752
vn 0.2451 0.3820 -0.8911
vn -0.2852 0.1229 -0.9506
vn -0.8970 -0.4090 0.1678
vn -0.8871 0.4101 0.2118
vn 0.0154 -0.1840 -0.9828
vn -0.2110 -0.1760 -0.9615
vn -0.3201 -0.1340 -0.9378
vn 0.0912 -0.6048 -0.7911
vn 0.1589 -0.6499 -0.7432
vn 0.3123 -0.6272 -0.7135
vn 0.5339 -0.5262 -0.6619
vn 0.4505 -0.6859 -0.5714
vn 0.2868 -0.7981 -0.5298
vn 0.4620 -0.7924 -0.3984
vn 0.6383 -0.6434 -0.4227
vn 0.6166 -0.5201 -0.5910
vn 0.5880 0.0308 0.8083
vn 0.5146 0.0544 0.8557
vn 0.5988 0.0592 0.7987
vn 0.5823 0.1024 0.8065
vn 0.3807 0.2399 0.8930
vn 0.3981 0.0955 0.9123
vn 0.3418 -0.8700 -0.3554
vn 0.3644 -0.8479 -0.3851
vn 0.9776 -0.1145 -0.1767
vn -0.3884 -0.6437 -0.6594
vn -0.4492 -0.5480 -0.7056
vn 0.5441 0.2289 -0.8072
vn 0.4973 0.3547 -0.7918
vn -0.2078 -0.0900 0.9740
vn -0.2389 -0.1004 0.9658
vn 0.3048 0.4780 -0.8238
vn 0.6580 0.5513 -0.5129
vn 0.3194 0.5175 -0.7939
vn 0.0152 0.7043 -0.7097
vn 0.1733 0.3125 -0.9340
vn 0.5432 0.6953 -0.4706
vn 0.1222 0.9521 -0.2804
vn -0.8815 0.4709 -0.0338
vn -0.8557 0.3883 -0.3421
vn 0.0837 0.9949 -0.0557
vn -0.3749 -0.7140 0.5913
vn -0.7473 -0.6645 -0.0031
vn -0.3350 -0.7018 0.6287
vn 0.2882 -0.9009 -0.3244
vn 0.3126 -0.9123 -0.2645
vn -0.4041 -0.8545 -0.3265
vn 0.3153 -0.8268 0.4658
vn 0.4068 -0.8924 0.1952
vn 0.3563 -0.9320 -0.0662
vn -0.6966 0.1954 -0.6904
vn -0.7984 0.1222 -0.5895
vn -0.7758 0.1391 -0.6154
vn -0.5776 0.5604 0.5936
vn -0.4019 0.8516 0.3364
vn -0.6974 -0.1130 0.7077
vn 0.9028 0.1103 0.4158
vn 0.6098 0.5157 0.6019
vn -0.4845 -0.7795 0.3971
vn -0.7057 -0.3642 -0.6077
vn -0.7697 -0.2265 -0.5969
vn -0.5002 -0.0653 -0.8635
vn -0.3843 -0.1891 -0.9036
vn 0.6055 0.6235 -0.4946
vn 0.8830 0.4513 0.1291
vn 0.8805 0.4245 0.2110
vn 0.9484 0.2571 0.1857
vn 0.6930 0.5216 -0.4977
vn -0.2430 -0.8151 -0.5260
vn 0.1632 -0.8659 0.4729
vn -0.6048 -0.7580 0.2443
vn 0.4809 0.5002 0.7201
vn 0.6444 0.7315 0.2229
vn 0.3662 0.4995 0.7851
vn 0.3848 0.3877 0.8376
vn 0.9568 0.2184 0.1916
vn 0.9130 -0.1610 -0.3748
vn 0.1987 -0.6761 -0.7095
vn 0.8513 -0.5239 0.0268
vn 0.1610 -0.7489 -0.6428
vn 0.8366 0.0240 0.5473
vn 0.6618 -0.0852 0.7448
vn 0.7124 -0.6603 0.2376
vn 0.4994 0.2040 0.8420
vn 0.8635 0.2701 -0.4258
vn 0.8903 0.1142 -0.4409
vn 0.0778 0.2817 0.9563
vn -0.4592 0.0844 0.8843
vn 0.5458 0.7175 -0.4328
vn 0.0387 -0.4300 -0.9020
vn 0.0210 -0.2614 -0.9650
vn 0.1414 -0.7902 -0.5963
vn 0.5151 -0.7914 0.3294
vn 0.0078 -0.8141 -0.5807
vn 0.5078 -0.1708 0.8444
vn 0.2033 -0.2639 0.9429
vn -0.2419 -0.3389 0.9092
vn -0.1142 0.1782 -0.9773
vn -0.0259 -0.0425 -0.9988
vn -0.4949 -0.6648 -0.5596
vn -0.6268 -0.6133 -0.4807
vn -0.9787 -0.1056 0.1760
vn -0.6899 -0.1327 -0.7116
vn -0.5700 -0.1269 -0.8118
vn -0.6028 -0.1192 -0.7889
vn -0.5653 -0.1232 -0.8157
vn -0.4869 -0.1044 -0.8672
vn -0.7655 -0.4423 -0.4673
vn -0.8992 -0.1767 -0.4004
vn -0.9872 -0.1502 -0.0543
vn -0.9295 -0.1419 -0.3405
vn -0.7321 -0.1216 -0.6702
vn 0.4591 -0.8443 -0.2764
vn 0.3981 -0.8821 -0.2520
vn 0.4582 -0.8220 -0.3381
vn 0.3388 -0.9067 -0.2513
vn 0.4368 -0.8461 -0.3055
vn 0.2125 -0.8857 -0.4128
vn 0.3351 -0.7913 -0.5114
vn 0.3691 -0.7870 -0.4944
vn 0.4517 -0.8406 -0.2988
vn 0.3854 -0.8817 -0.2722
vn 0.5498 -0.8266 -0.1201
vn 0.4710 -0.8807 -0.0499
vn 0.1050 -0.9869 -0.1225
vn 0.1160 -0.9592 -0.2577
vn 0.4207 -0.8661 -0.2700
vn 0.5742 -0.8093 -0.1240
vn 0.3898 -0.8005 -0.4553
vn 0.4917 -0.7613 -0.4226
vn 0.2857 -0.9372 -0.2000
vn 0.2852 -0.9585 0.0017
vn 0.1205 -0.9926 -0.0148
vn 0.1478 -0.9848 -0.0917
vn -0.2433 -0.9535 0.1780
vn -0.2764 -0.9586 -0.0691
vn 0.6760 -0.6332 0.3769
vn 0.4359 -0.7596 0.4828
vn 0.8142 -0.5130 0.2718
vn -0.2875 -0.6370 0.7152
vn -0.4763 -0.7468 0.4641
vn -0.0561 -0.5456 0.8361
vn 0.2312 -0.4385 0.8685
vn 0.1111 -0.2073 0.9720
vn -0.1172 -0.3033 0.9457
vn 0.5724 -0.2599 0.7777
vn 0.4722 -0.0409 0.8806
vn 0.8734 -0.0292 0.4862
vn 0.8063 0.1746 0.5652
vn 0.7335 0.3190 0.6003
vn 0.3971 0.1132 0.9108
vn 0.9344 0.3200 0.1563
vn 0.8693 0.4553 0.1925
vn 0.8720 0.4022 -0.2790
vn 0.8130 0.5259 -0.2499
vn -0.4202 0.0999 -0.9019
vn -0.4496 0.1157 -0.8857
vn -0.1689 0.2318 -0.9580
vn -0.0862 0.1763 -0.9806
vn 0.7233 0.3623 -0.5879
vn 0.6677 0.4281 -0.6090
vn 0.6343 0.4571 -0.6235
vn 0.7874 0.5247 -0.3237
vn 0.8227 0.4731 -0.3152
vn 0.8843 0.3682 -0.2872
vn 0.2813 0.3715 -0.8848
vn 0.3220 0.3564 -0.8771
vn 0.3922 0.2931 -0.8719
vn -0.2049 0.0094 -0.9787
vn -0.5555 -0.2728 -0.7855
vn 0.2540 0.2848 -0.9243
vn 0.0561 0.1303 -0.9899
vn 0.5833 0.4014 -0.7062
vn 0.5435 0.5000 -0.6742
vn 0.9147 0.2491 -0.3181
vn 0.6457 0.2633 -0.7167
vn 0.9856 0.1421 0.0917
vn 0.8784 -0.3998 0.2618
vn 0.9638 -0.2656 -0.0233
vn 0.6569 -0.6015 0.4545
vn -0.2059 -0.8823 -0.4232
vn -0.2394 -0.9369 -0.2546
vn -0.5778 -0.7919 -0.1974
vn -0.5106 -0.7188 -0.4718
vn -0.5869 -0.8029 0.1045
vn -0.5055 -0.5929 0.6269
vn -0.6834 -0.6950 0.2233
vn -0.2889 -0.4141 0.8631
vn -0.1574 -0.1622 0.9741
vn -0.2881 -0.2772 0.9166
vn 0.0368 -0.0640 0.9973
vn -0.7061 -0.0644 0.7052
vn -0.6956 -0.1017 0.7112
vn -0.6643 -0.1915 0.7225
vn -0.9474 -0.0809 0.3098
vn -0.9930 -0.0699 -0.0953
vn -0.9819 -0.1657 -0.0921
vn -0.9128 -0.2223 0.3427
vn -0.9392 -0.1195 0.3220
vn 0.7353 0.2754 0.6193
vn 0.6611 0.4425 0.6059
vn 0.6413 0.4733 0.6039
vn -0.9360 -0.2287 0.2676
vn -0.9167 -0.3037 0.2599
vn -0.8349 -0.4781 0.2729
vn -0.8212 -0.5557 -0.1295
vn -0.7565 -0.5985 0.2636
vn -0.7635 -0.4539 -0.4593
vn -0.4826 -0.3923 -0.7831
vn -0.6572 -0.5839 -0.4766
vn -0.1933 -0.1082 -0.9752
vn 0.0511 -0.0982 -0.9939
vn -0.1647 -0.3448 -0.9241
vn 0.2690 0.1143 -0.9563
vn 0.6882 -0.1874 -0.7009
vn 0.9184 -0.1755 -0.3545
vn 0.1779 -0.4977 -0.8489
vn 0.3957 -0.4905 -0.7764
vn -0.0593 -0.5211 -0.8514
vn -0.1300 -0.7896 -0.5997
vn -0.3822 -0.5670 -0.7297
vn -0.7221 -0.6766 -0.1439
vn -0.5244 -0.4822 0.7017
vn -0.0440 -0.0154 0.9989
vn 0.3528 -0.9215 -0.1626
vn 0.3177 -0.9471 -0.0465
vn -0.1541 -0.9879 0.0197
vn -0.1943 -0.9429 -0.2706
vn 0.2193 0.0854 0.9719
vn 0.6077 0.2806 0.7429
vn 0.6380 0.4034 0.6560
vn 0.7726 -0.5732 0.2728
vn 0.7626 -0.1401 0.6315
vn -0.3300 0.0022 0.9440
vn -0.5055 0.1305 0.8529
vn 0.8029 0.5960 -0.0066
vn 0.6507 0.7360 -0.1868
vn 0.7713 0.6212 0.1387
vn -0.2209 -0.3382 0.9148
vn -0.2780 -0.4089 0.8692
vn -0.3511 -0.5257 0.7748
vn -0.2474 -0.4152 0.8755
vn -0.4439 -0.6283 0.6389
vn -0.3038 -0.3706 0.8777
vn -0.4551 -0.6258 0.6334
vn 0.0782 0.2071 -0.9752
vn 0.1762 0.2900 -0.9407
vn -0.1319 0.0626 -0.9893
vn -0.2506 0.0665 -0.9658
vn 0.2642 0.0984 0.9594
vn 0.3382 0.3063 0.8898
vn 0.3361 0.2355 0.9119
vn 0.2229 0.1013 0.9696
vn 0.9073 0.4187 0.0381
vn 0.8108 0.4773 0.3390
vn 0.8526 0.3150 0.4169
vn 0.5778 0.1204 0.8073
vn -0.1828 -0.6751 0.7147
vn -0.3003 -0.7396 0.6023
vn 0.0550 -0.9633 0.2628
vn -0.0648 -0.9701 0.2337
vn -0.0610 -0.8853 -0.4611
vn -0.1571 -0.3685 -0.9162
vn 0.1628 0.0437 -0.9857
vn 0.6668 -0.6457 -0.3722
vn 0.8234 -0.5673 0.0101
vn 0.7728 -0.6015 -0.2023
vn 0.9712 0.0535 -0.2322
vn 0.9958 -0.0014 0.0913
vn 0.6912 -0.6187 -0.3734
vn 0.8200 0.0427 -0.5707
vn 0.5297 -0.6658 -0.5254
vn 0.4901 -0.1027 -0.8656
vn 0.4061 -0.7818 -0.4731
vn 0.1749 -0.3272 -0.9286
vn 0.2926 -0.8311 -0.4728
vn -0.0270 -0.5822 -0.8126
vn -0.1565 -0.8225 -0.5467
vn 0.3173 -0.9100 -0.2669
vn -0.5337 -0.7921 -0.2962
vn -0.4340 -0.5887 -0.6819
vn -0.5313 -0.8420 0.0941
vn -0.4239 -0.8034 0.4183
vn -0.4935 -0.6702 0.5543
vn -0.6731 -0.7275 0.1333
vn -0.1787 0.0679 -0.9816
vn -0.1179 0.0811 -0.9897
vn 0.1431 0.0260 -0.9894
vn -0.1628 -0.0267 -0.9863
vn 0.2872 0.2491 -0.9249
vn -0.8262 -0.5395 0.1623
vn -0.9026 -0.3550 -0.2435
vn -0.5919 -0.5048 0.6284
vn -0.6715 -0.3520 0.6521
vn -0.9153 -0.3635 0.1736
vn -0.3862 -0.2507 0.8877
vn -0.4127 -0.1684 0.8952
vn -0.2484 0.0006 0.9687
vn -0.9561 -0.1855 -0.2268
vn -0.7630 0.1459 -0.6297
vn -0.7548 0.0015 -0.6560
vn -0.5878 0.3189 -0.7435
vn -0.5567 0.1873 -0.8093
vn -0.4224 0.0094 -0.9064
vn -0.4893 0.1620 -0.8569
vn 0.9517 0.2528 0.1745
vn 0.8092 0.1130 -0.5766
vn 0.6925 0.4021 -0.5989
vn 0.9033 0.4185 0.0943
vn 0.9241 -0.3664 -0.1084
vn -0.5355 -0.8227 -0.1910
vn -0.0140 -0.9921 0.1248
vn -0.4364 -0.6592 0.6123
vn 0.3238 0.1468 -0.9347
vn 0.3522 -0.3379 -0.8728
vn -0.0128 -0.3577 -0.9338
vn 0.7302 -0.0037 0.6833
vn 0.8920 0.0948 0.4419
vn 0.4386 0.0169 0.8985
vn 0.0815 -0.3469 0.9344
vn 0.5548 -0.5516 0.6228
vn 0.3442 0.0503 0.9375
vn -0.1789 -0.2467 0.9524
vn 0.2664 0.0859 0.9600
vn 0.8582 0.5111 0.0477
vn 0.5954 0.5087 -0.6219
vn 0.3023 -0.7499 -0.5885
vn 0.8393 -0.5094 0.1901
vn 0.1917 -0.9375 -0.2905
vn -0.6753 -0.5427 0.4995
vn -0.2932 -0.2222 0.9299
vn -0.7537 -0.4510 0.4781
vn 0.1554 0.1947 0.9685
vn -0.3931 -0.1263 0.9108
vn 0.4772 0.4230 0.7703
vn 0.6427 0.6126 0.4601
vn 0.7620 0.6469 0.0309
vn 0.6594 0.7467 0.0874
vn 0.2200 0.2535 -0.9420
vn -0.0952 -0.1604 -0.9824
vn -0.1761 0.0873 -0.9805
vn -0.3793 -0.5727 -0.7267
vn -0.5601 -0.3306 -0.7596
vn -0.1532 -0.7201 -0.6768
vn -0.3001 -0.8293 -0.4713
vn -0.5398 -0.6976 -0.4712
vn -0.6997 -0.6995 -0.1455
vn -0.8396 -0.5387 -0.0691
vn -0.7346 -0.5013 -0.4573
vn -0.8098 -0.3339 0.4825
vn -0.4985 -0.0175 0.8667
vn -0.8548 -0.2417 0.4592
vn 0.0341 0.3172 0.9477
vn 0.3447 0.5520 0.7592
vn 0.5176 0.7345 0.4389
vn 0.5593 0.7838 0.2699
vn -0.5389 0.2445 -0.8061
vn -0.5081 0.1044 -0.8549
vn -0.8589 0.0147 -0.5120
vn -0.8247 0.1588 -0.5429
vn -0.6513 0.2355 -0.7213
vn -0.5383 0.2880 -0.7920
vn -0.2509 0.2949 -0.9220
vn -0.6887 -0.1080 -0.7169
vn -0.8606 -0.3005 -0.4111
vn -0.9296 -0.3685 0.0038
vn -0.9645 -0.2620 0.0338
vn -0.2737 0.3777 -0.8845
vn -0.7342 -0.0036 -0.6789
vn -0.9076 -0.1863 -0.3761
vn 0.3696 -0.8739 -0.3157
vn 0.3806 -0.7955 -0.4716
vn 0.3411 -0.7895 -0.5102
vn -0.8453 -0.2076 0.4923
vn -0.8440 -0.4348 0.3139
vn 0.7552 0.6522 0.0663
vn 0.6457 0.7610 0.0627
vn 0.6380 0.6766 -0.3676
vn 0.8871 0.4601 0.0351
vn 0.7432 0.5273 -0.4117
vn 0.4106 0.5770 -0.7060
vn 0.4631 0.4662 -0.7538
vn 0.2197 0.2949 -0.9299
vn 0.1902 0.4305 -0.8823
vn 0.5230 0.2917 -0.8008
vn 0.2222 0.0834 -0.9714
vn 0.0342 -0.1618 -0.9862
vn 0.0434 0.0876 -0.9952
vn -0.1549 -0.4631 -0.8727
vn -0.1791 -0.2506 -0.9514
vn 0.1348 -0.4865 -0.8632
vn 0.0335 -0.6734 -0.7385
vn -0.3392 -0.7061 -0.6216
vn -0.0454 -0.8505 -0.5240
vn -0.1088 -0.9632 -0.2457
vn 0.3251 -0.9430 -0.0710
vn 0.3914 -0.5060 0.7686
vn 0.1761 -0.6911 0.7010
vn 0.3964 -0.9108 0.1157
vn 0.7051 -0.4038 0.5829
vn 0.9111 -0.2710 0.3107
vn 0.9815 -0.1789 -0.0686
vn 0.8611 0.4771 -0.1754
vn 0.8965 0.3195 -0.3069
vn 0.8550 -0.1214 -0.5042
vn 0.8301 0.3499 -0.4341
vn 0.9581 0.2864 -0.0063
vn 0.5384 -0.1850 -0.8222
vn 0.3906 -0.7435 -0.5429
vn 0.2643 -0.3410 -0.9021
vn 0.3033 -0.7969 -0.5225
vn -0.0102 -0.4749 0.8800
vn 0.0258 -0.3504 0.9362
vn 0.0388 -0.2708 0.9619
vn -0.0329 -0.1027 0.9942
vn -0.6636 -0.4411 0.6043
vn -0.5633 -0.4878 0.6669
vn -0.5242 -0.4648 0.7135
vn -0.4928 -0.5099 0.7050
vn 0.8375 0.3374 0.4299
vn 0.9096 0.1691 0.3797
vn 0.5876 0.1601 0.7932
vn 0.1677 -0.0629 0.9838
vn -0.1573 -0.0914 0.9833
vn -0.0953 -0.1806 0.9789
vn 0.2705 -0.1937 0.9430
vn -0.0335 -0.3419 0.9391
vn 0.6848 0.0116 0.7286
vn -0.2722 -0.4933 0.8261
vn -0.9710 -0.2311 -0.0610
vn -0.8067 -0.0677 -0.5871
vn -0.4146 -0.5817 -0.6999
vn 0.5106 -0.7383 0.4407
vn -0.0179 -0.9970 -0.0758
vn 0.6084 -0.7324 -0.3055
vn 0.3189 0.5053 0.8018
vn -0.6675 -0.7329 -0.1312
vn -0.4243 -0.8265 0.3699
vn -0.6384 -0.6042 0.4768
vn -0.8681 -0.4766 -0.1386
vn -0.5477 -0.7652 -0.3383
vn -0.3426 -0.9188 0.1959
vn -0.7716 -0.3610 -0.5238
vn -0.5278 0.0180 -0.8492
vn -0.4676 -0.1400 -0.8728
vn -0.7713 -0.4511 0.4490
vn -0.9388 -0.3314 -0.0944
vn 0.7072 0.4557 -0.5406
vn 0.9509 0.2860 0.1184
vn 0.8055 -0.3822 0.4529
vn -0.5390 0.1450 -0.8298
vn -0.8632 -0.2042 -0.4618
vn 0.3185 0.9194 0.2307
vn 0.3002 -0.0858 0.9500
vn 0.8202 0.4098 0.3991
vn 0.0109 0.6755 0.7373
vn -0.7553 0.6488 0.0920
vn -0.6671 0.7406 0.0809
vn -0.6036 0.7875 0.1245
vn -0.4499 0.8763 0.1722
vn -0.5124 0.8564 0.0634
vn -0.6375 0.7657 0.0856
vn -0.9436 0.2531 -0.2134
vn -0.4039 -0.1062 0.9086
vn -0.0640 0.3836 0.9213
vn 0.1977 -0.1841 0.9628
vn 0.4159 -0.8916 -0.1793
vn 0.9538 0.1914 0.2315
vn 0.9367 0.1663 0.3081
vn 0.8991 0.1938 0.3926
vn 0.6511 -0.2209 0.7262
vn 0.1662 -0.4848 0.8587
vn -0.4300 -0.6799 0.5940
vn -0.8787 -0.4495 -0.1610
vn 0.9398 -0.1301 -0.3161
vn 0.3092 0.8880 0.3404
vn 0.4499 0.8829 -0.1342
vn -0.0915 0.9917 0.0904
vn -0.4195 0.7844 -0.4568
vn 0.0933 0.5596 -0.8235
vn -0.3224 -0.0816 -0.9431
vn -0.4730 0.2637 -0.8407
vn 0.1606 -0.3076 0.9379
vn -0.3335 -0.8069 0.4875
vn 0.0960 -0.5415 0.8352
vn 0.2597 -0.3542 0.8984
vn 0.7977 0.5463 -0.2554
vn 0.7410 0.4562 -0.4928
vn 0.6863 0.6122 -0.3927
vn 0.7288 0.6333 -0.2605
vn 0.8378 0.5456 -0.0198
vn 0.9082 0.4184 0.0053
vn -0.6839 -0.6876 -0.2439
vn -0.5908 -0.4015 -0.6998
vn -0.5352 -0.8009 -0.2687
vn -0.9331 -0.3313 -0.1399
vn -0.7933 0.0131 -0.6087
vn -0.2812 0.9402 -0.1923
vn -0.6917 -0.3112 0.6517
vn -0.4505 -0.7093 0.5422
vn 0.0941 -0.0336 0.9950
vn -0.1627 0.4199 0.8929
vn 0.1261 -0.2315 0.9646
vn 0.5088 0.2565 0.8218
vn 0.4679 0.3900 0.7931
vn 0.5745 0.1538 0.8039
vn 0.7854 0.4822 0.3880
vn 0.7267 0.5316 0.4351
vn 0.6618 0.6091 0.4371
vn 0.8430 0.5084 0.1758
vn 0.5574 0.7222 0.4097
vn 0.3811 0.5701 0.7279
vn 0.0528 0.8251 0.5626
vn 0.2897 0.8157 -0.5007
vn -0.4910 -0.8286 -0.2689
vn -0.5412 -0.8176 -0.1967
vn -0.5795 -0.8088 0.0996
vn 0.2501 0.8936 0.3728
vn -0.4368 0.8787 0.1923
vn 0.0839 0.7745 0.6269
vn 0.3070 0.7219 -0.6202
vn 0.0906 0.9208 -0.3793
vn 0.1129 0.9936 0.0042
vn 0.5981 0.7803 -0.1826
vn -0.7691 0.6086 0.1951
vn -0.5913 0.7718 0.2337
vn -0.7999 -0.5026 0.3280
vn -0.8283 -0.5409 0.1462
vn -0.8422 -0.2811 -0.4600
vn 0.6891 0.4297 -0.5836
vn 0.7085 0.5256 -0.4710
vn 0.8264 0.4510 -0.3371
vn -0.9133 -0.3566 -0.1966
vn -0.3915 -0.6624 0.6387
vn 0.0900 -0.5744 0.8136
vn 0.2603 -0.5316 0.8060
vn 0.3472 -0.3953 0.8504
vn -0.0666 -0.0199 -0.9976
vn -0.3044 -0.0428 -0.9516
vn -0.3294 0.0555 -0.9426
vn 0.0277 0.0481 -0.9985
vn -0.5493 -0.1299 -0.8255
vn -0.5864 -0.0854 -0.8055
vn -0.7581 0.0643 -0.6490
vn -0.4757 0.2784 -0.8344
vn -0.9126 -0.2267 -0.3402
vn -0.9822 -0.0521 -0.1807
vn -0.9671 -0.2545 -0.0029
vn -0.9191 0.0260 0.3931
vn -0.3402 -0.1028 0.9347
vn 0.3725 -0.2577 0.8915
vn 0.2854 -0.0600 0.9565
vn 0.7362 -0.0603 0.6740
vn 0.6438 0.2121 0.7352
vn 0.7539 -0.1697 0.6347
vn 0.9470 0.1334 0.2922
vn 0.8401 0.4014 0.3649
vn 0.9720 0.0287 0.2333
vn 0.9817 0.1903 -0.0031
vn 0.8712 0.4850 0.0767
vn 0.9960 0.0749 -0.0482
vn 0.9284 0.1901 -0.3191
vn 0.7917 0.5520 -0.2616
vn 0.9388 0.0481 -0.3411
vn 0.6537 0.1550 -0.7407
vn 0.4952 0.5392 -0.6812
vn 0.6542 0.0063 -0.7563
vn -0.0844 0.3122 -0.9463
vn -0.2340 0.4307 -0.8716
vn -0.6773 0.5924 -0.4362
vn -0.9038 0.3320 -0.2702
vn -0.9371 0.3450 0.0530
vn -0.7022 0.2938 0.6485
vn 0.1125 0.1711 0.9788
vn -0.2801 0.5616 0.7786
vn 0.4628 0.4743 0.7489
vn 0.6347 0.6549 0.4101
vn 0.6618 0.7382 0.1309
vn -0.4469 0.7353 -0.5095
vn 0.0001 0.9995 0.0309
vn -0.1645 0.9852 0.0473
vn -0.3160 0.9476 0.0475
vn -0.3565 0.9197 0.1646
vn -0.1975 0.9760 0.0917
vn -0.1273 0.9912 0.0373
vn 0.2006 0.9621 0.1849
vn -0.0649 -0.3035 -0.9506
vn -0.0422 -0.3807 -0.9237
vn -0.0603 -0.1949 -0.9790
vn 0.4392 0.0938 -0.8935
vn 0.0622 -0.3731 -0.9257
vn -0.4794 -0.3756 -0.7931
vn 0.1498 -0.2372 -0.9598
vn -0.3849 -0.3751 -0.8433
vn -0.3729 -0.6406 0.6712
vn -0.8420 -0.1736 0.5108
vn 0.6840 0.7144 0.1474
vn 0.5735 0.7782 -0.2561
vn -0.0719 0.9848 0.1583
vn 0.4289 0.6536 0.6236
vn -0.1891 0.9512 -0.2438
vn 0.2753 0.6755 -0.6840
vn -0.3710 0.3307 -0.8677
vn -0.5868 0.8022 -0.1102
vn 0.7984 -0.1202 0.5900
vn 0.9795 0.1564 0.1267
vn 0.9130 0.3776 0.1543
vn 0.7587 0.1453 0.6351
vn 0.8735 0.2638 -0.4091
vn 0.8096 0.4729 -0.3477
vn 0.4622 0.3661 -0.8077
vn -0.1390 0.0367 -0.9896
vn -0.6029 -0.2534 -0.7565
vn -0.4666 -0.7888 0.4001
vn -0.3472 -0.7510 0.5616
vn 0.2717 -0.5053 0.8190
vn 0.1371 -0.3438 0.9290
vn 0.5393 -0.3297 0.7749
vn 0.4759 -0.1081 0.8728
vn 0.0927 0.4134 0.9058
vn -0.4077 0.8199 0.4019
vn -0.8461 0.0415 -0.5314
vn -0.7602 0.5578 0.3332
vn -0.3552 0.1585 0.9212
vn -0.8096 0.5869 -0.0071
vn -0.4937 0.6039 0.6258
vn -0.7774 0.6261 -0.0602
vn -0.8421 0.3630 0.3988
vn 0.4227 0.4380 -0.7934
vn 0.4773 0.3167 -0.8197
vn -0.0374 0.2379 -0.9706
vn -0.0909 0.3165 -0.9442
vn -0.5640 0.0066 -0.8258
vn -0.0058 0.0828 -0.9966
vn -0.4962 -0.1715 -0.8511
vn -0.7765 -0.4161 -0.4732
vn -0.4088 -0.3234 -0.8534
vn -0.6616 -0.5563 -0.5028
vn -0.6455 -0.7635 0.0225
vn -0.7684 -0.6351 0.0789
vn -0.2004 -0.1756 -0.9639
vn 0.5359 0.2145 -0.8166
vn 0.8478 0.4726 -0.2405
vn 0.9190 0.2959 -0.2604
vn 0.2073 0.9720 0.1106
vn 0.7110 0.6795 -0.1810
vn 0.2144 0.6671 -0.7135
vn -0.2116 0.5682 -0.7952
vn -0.5740 0.0921 -0.8137
vn -0.2895 -0.7463 0.5994
vn -0.3645 -0.6615 0.6554
vn 0.9500 0.1776 -0.2569
vn 0.8814 0.1129 0.4586
vn 0.8926 -0.0361 0.4495
vn 0.8291 0.3408 0.4432
vn 0.5596 0.0859 0.8243
vn 0.6283 0.6374 0.4461
vn -0.0130 0.8748 0.4844
vn 0.4589 0.4774 0.7493
vn -0.3479 0.9139 -0.2092
vn -0.5727 0.7971 -0.1912
vn -0.5843 0.3248 -0.7437
vn 0.2899 -0.3987 0.8701
vn 0.4178 -0.3739 0.8281
vn 0.3891 -0.3549 0.8501
vn 0.2938 -0.2703 0.9168
vn -0.1286 -0.4367 0.8903
vn 0.0291 -0.5083 0.8607
vn 0.1821 -0.1905 0.9646
vn 0.1414 0.2174 0.9658
vn -0.2438 0.7857 0.5686
vn -0.8512 0.4903 0.1871
vn -0.6660 0.7325 0.1411
vn -0.8829 0.3916 -0.2592
vn -0.9995 -0.0248 -0.0215
vn -0.5219 0.3690 0.7691
vn 0.0785 0.9567 0.2804
vn -0.2606 0.7786 -0.5708
vn -0.7520 0.5289 -0.3934
vn -0.5370 0.8430 -0.0317
vn -0.7135 0.0317 -0.6999
vn -0.6487 -0.0626 -0.7585
vn -0.7329 0.0798 -0.6756
vn -0.1585 0.2952 -0.9422
vn -0.7685 0.2217 -0.6002
vn -0.9221 0.0548 -0.3831
vn -0.9382 -0.3217 0.1278
vn -0.1101 0.7141 0.6914
vn 0.3311 0.3337 0.8826
vn 0.4665 0.0592 0.8825
vn -0.5494 -0.1744 -0.8171
vn -0.6951 -0.0654 -0.7160
vn -0.8732 -0.4744 -0.1116
vn -0.9136 -0.4050 -0.0366
vn -0.9599 -0.2800 0.0119
vn -0.6203 0.2313 -0.7495
vn -0.6736 0.0513 -0.7373
vn -0.3141 0.3798 -0.8701
vn 0.5379 0.4582 -0.7076
vn 0.6643 0.7468 -0.0316
vn 0.5661 0.6290 0.5328
vn 0.7267 0.3145 0.6107
vn 0.4794 -0.1115 0.8705
vn 0.7855 0.1284 0.6054
vn -0.4270 -0.6379 0.6409
vn -0.8233 -0.3801 -0.4215
vn -0.6823 -0.6734 0.2847
vn -0.3889 -0.6870 0.6139
vn -0.1112 -0.6049 0.7885
vn 0.4446 -0.3547 0.8225
vn 0.4610 -0.2655 0.8467
vn 0.8125 -0.1332 0.5675
vn 0.8117 -0.0360 0.5830
vn 0.8672 0.4927 0.0714
vn 0.7415 0.3416 0.5775
vn 0.8255 0.5487 -0.1324
vn 0.4198 0.7354 0.5319
vn -0.2760 0.8979 0.3430
vn -0.0739 0.9948 -0.0699
vn -0.5916 0.6251 -0.5092
vn -0.7196 0.6221 -0.3086
vn -0.8888 0.4180 -0.1879
vn 0.1310 -0.6177 0.7754
vn 0.1657 -0.4066 0.8984
vn 0.1160 -0.6841 0.7201
vn -0.5921 -0.7336 0.3335
vn 0.6283 -0.4371 0.6436
vn 0.6218 -0.3341 0.7083
vn -0.5802 0.3565 -0.7323
vn 0.1200 0.5750 -0.8093
vn 0.2924 0.4998 -0.8153
vn 0.2269 0.6131 0.7567
vn -0.6907 0.4386 0.5750
vn -0.0167 0.3939 0.9190
vn 0.1821 -0.0410 0.9824
vn 0.5050 0.1977 0.8402
vn 0.1894 -0.2199 0.9570
vn 0.5598 0.0476 0.8273
vn 0.8334 0.2458 0.4950
vn 0.5934 -0.1059 0.7979
vn 0.8958 0.1534 0.4171
vn 0.9016 0.3496 -0.2549
vn 0.8845 0.4297 -0.1818
vn 0.9542 -0.0156 0.2986
vn 0.9066 0.2306 -0.3535
vn 0.4319 0.3142 -0.8454
vn 0.3975 0.4418 -0.8043
vn 0.9059 0.1600 -0.3920
vn 0.4617 0.2101 -0.8618
vn -0.0177 0.5478 -0.8364
vn -0.0468 0.4150 -0.9086
vn -0.0470 0.4956 -0.8673
vn -0.3740 0.1758 -0.9106
vn 0.9690 -0.0998 0.2259
vn -0.7341 -0.4087 0.5423
vn 0.5609 0.4430 0.6994
vn 0.3001 0.4599 0.8357
vn 0.4315 0.1467 0.8901
vn 0.7091 0.3048 0.6358
vn 0.5433 -0.1566 -0.8248
vn 0.8532 0.3504 -0.3864
vn 0.6164 0.2802 -0.7359
vn -0.8829 0.0877 -0.4613
vn -0.8857 0.1374 0.4434
vn 0.8749 0.2483 0.4158
vn 0.9045 0.1952 0.3792
vn 0.8892 0.1659 0.4263
vn 0.8118 0.2230 0.5397
vn 0.4869 -0.0706 -0.8706
vn 0.5357 0.0545 0.8426
vn 0.7817 0.6139 -0.1099
vn -0.1247 -0.2770 0.9527
vn 0.1614 -0.0530 0.9855
vn 0.3189 -0.0665 0.9454
vn 0.2744 0.0776 0.9585
vn 0.1250 0.4173 0.9002
vn -0.3530 0.9100 0.2174
vn -0.0582 0.9815 0.1826
vn -0.6249 0.7245 0.2909
vn 0.0032 0.2644 0.9644
vn -0.6687 0.4084 -0.6213
vn -0.5420 0.5399 -0.6439
vn -0.4066 0.6324 -0.6593
vn 0.4715 0.8797 0.0613
vn 0.0011 0.7480 -0.6636
vn -0.1793 -0.0379 0.9831
vn -0.6454 -0.6184 -0.4484
vn -0.4152 -0.5034 -0.7578
vn 0.6420 -0.7554 -0.1316
vn 0.9029 -0.4214 0.0854
vn 0.6040 0.7228 -0.3357
vn 0.9320 -0.0927 0.3505
vn 0.7614 -0.1498 0.6307
vn 0.5607 -0.2592 0.7864
vn 0.3007 -0.4062 0.8629
vn 0.4299 -0.0494 0.9015
vn 0.2150 -0.1591 0.9636
vn -0.1532 -0.3312 0.9310
vn -0.0643 -0.5555 0.8290
vn -0.5714 -0.4649 0.6763
vn -0.4697 -0.6528 0.5944
vn -0.6301 -0.3139 0.7103
vn -0.8740 -0.3538 0.3332
vn -0.8174 -0.4932 0.2977
vn -0.8977 -0.4191 -0.1362
vn -0.9502 -0.2924 -0.1078
vn 0.4999 0.6054 -0.6194
vn 0.4573 0.1972 -0.8672
vn -0.0059 0.1018 -0.9948
vn -0.3507 0.0416 -0.9356
vn -0.2654 -0.0190 -0.9640
vn -0.8136 -0.5533 -0.1785
vn -0.7232 -0.6513 0.2297
vn -0.4147 -0.9057 0.0880
vn -0.2209 -0.9102 0.3504
vn 0.0989 -0.8607 0.4995
vn -0.6873 0.2832 -0.6689
vn 0.8089 -0.1060 -0.5783
vn 0.9436 -0.0855 -0.3199
vn 0.9975 -0.0671 -0.0235
vn 0.9927 0.0829 0.0879
vn 0.8551 0.0387 0.5171
vn 0.6126 0.0043 0.7904
vn 0.5152 0.0955 0.8517
vn 0.3521 0.0743 0.9330
vn 0.8486 0.5158 0.1174
vn 0.8050 0.5795 0.1271
vn 0.9308 0.3414 0.1304
vn 0.9712 0.2033 0.1242
vn 0.9280 0.2560 -0.2708
vn 0.7704 0.2579 -0.5831
vn 0.7991 0.0922 -0.5941
vn 0.5019 0.0647 -0.8625
vn 0.0764 0.0170 -0.9969
vn 0.2448 -0.1547 -0.9572
vn -0.0891 -0.1634 -0.9825
vn -0.3879 -0.6873 -0.6141
vn -0.4978 -0.8334 -0.2401
vn 0.6035 -0.4489 -0.6590
vn 0.5776 -0.1213 -0.8072
vn 0.9548 0.1018 -0.2793
vn 0.7930 0.1291 0.5954
vn 0.8524 -0.3840 -0.3548
vn 0.9038 -0.4230 -0.0652
vn 0.0970 -0.0322 0.9948
vn 0.2231 -0.1866 0.9568
vn 0.2553 -0.2637 0.9302
vn -0.0700 -0.0691 0.9952
vn -0.6019 -0.2585 0.7556
vn -0.4730 -0.2963 0.8297
vn 0.0841 -0.9409 0.3280
vn -0.2238 -0.6669 0.7107
vn 0.2968 0.3368 0.8936
vn 0.2759 0.5473 0.7901
vn -0.9341 -0.3313 0.1330
vn -0.9194 -0.2815 0.2746
vn -0.9887 -0.1392 -0.0549
vn 0.7236 0.0481 0.6885
vn 0.8425 0.0584 0.5355
vn 0.8459 0.0686 0.5288
vn -0.3355 -0.0137 -0.9419
vn -0.4534 -0.0461 -0.8901
vn -0.1025 0.0782 -0.9917
vn -0.0377 0.1802 -0.9829
vn -0.8393 -0.5137 0.1783
vn -0.6763 -0.5012 0.5399
vn -0.7972 -0.3812 0.4682
vn -0.3161 -0.3567 0.8791
vn 0.7474 -0.1784 0.6399
vn 0.7988 -0.5662 0.2030
vn 0.8512 -0.1249 0.5098
vn 0.8666 -0.4730 0.1588
vn -0.5336 -0.8182 0.2140
vn -0.6059 -0.7885 -0.1056
vn -0.5561 -0.6921 -0.4601
vn -0.2915 -0.5202 -0.8028
vn 0.0591 -0.3891 -0.9193
vn 0.3951 -0.3569 -0.8465
vn 0.6978 -0.3663 -0.6155
vn 0.6399 -0.0154 -0.7683
vn 0.9108 -0.0210 -0.4123
vn 0.9993 -0.0249 -0.0290
vn 0.9488 -0.0706 0.3079
vn 0.8938 0.0704 0.4428
vn 0.9873 0.1588 -0.0001
vn -0.4787 -0.1598 -0.8633
vn 0.7583 0.5318 -0.3770
vn 0.9195 0.3924 0.0220
vn 0.8203 0.2491 0.5149
vn 0.8243 0.5652 0.0337
vn 0.7406 0.4018 0.5386
vn 0.4771 0.3065 0.8237
vn 0.5295 0.2382 0.8142
vn 0.2564 0.2701 0.9281
vn 0.6497 0.6718 -0.3558
vn 0.3311 0.5812 -0.7433
vn 0.2195 0.6704 -0.7087
vn 0.0498 0.5112 -0.8580
vn -0.0337 0.6146 -0.7881
vn 0.0278 0.4384 -0.8984
vn -0.7750 -0.5485 0.3140
vn -0.8805 -0.4098 0.2383
vn -0.8255 -0.3028 -0.4763
vn -0.6773 -0.5769 -0.4566
vn -0.3246 -0.9458 -0.0076
vn 0.9407 -0.1374 -0.3102
vn 0.8596 -0.0577 0.5077
vn 0.7791 -0.6239 0.0609
vn -0.4411 -0.2083 -0.8729
vn 0.1566 -0.2790 -0.9474
vn -0.0826 -0.5398 -0.8377
vn -0.5817 -0.5891 0.5609
vn -0.3720 -0.5152 0.7722
vn -0.1735 -0.2671 0.9479
vn 0.1481 -0.7405 0.6556
vn 0.3350 -0.2292 0.9139
vn 0.4271 0.0347 0.9035
vn -0.1336 -0.1714 0.9761
vn -0.1081 -0.0880 0.9902
vn -0.9285 -0.3180 0.1920
vn -0.8477 -0.1611 -0.5054
vn 0.2995 -0.7512 -0.5882
vn 0.5518 -0.7704 -0.3195
vn -0.1223 -0.9557 0.2678
vn 0.9083 0.1924 0.3715
vn 0.8857 0.3099 0.3457
vn 0.4784 0.1359 0.8676
vn 0.4666 0.2728 0.8414
vn -0.1189 0.0674 0.9906
vn -0.5235 -0.0415 0.8510
vn -0.8138 -0.0636 0.5777
vn -0.9756 -0.0124 0.2193
vn -0.9725 -0.1582 0.1709
vn -0.4571 -0.0607 -0.8873
vn -0.0837 0.1302 -0.9880
vn 0.0528 -0.0917 -0.9944
vn 0.5075 0.1650 -0.8457
vn 0.5808 -0.1270 -0.8041
vn 0.5553 -0.3913 -0.7339
vn 0.8115 -0.0702 -0.5801
vn 0.7590 -0.3377 -0.5568
vn 0.9577 0.0699 -0.2793
vn 0.7882 0.2054 -0.5802
vn 0.9348 0.2848 -0.2123
vn 0.8330 0.4286 0.3499
vn 0.7883 0.5215 0.3266
vn 0.4449 0.4207 0.7906
vn -0.1377 0.2375 0.9616
vn -0.5386 0.1418 0.8305
vn -0.8296 0.1091 0.5477
vn -0.9159 0.0990 0.3889
vn -0.1861 0.3249 -0.9273
vn 0.4258 0.4093 -0.8070
vn 0.7221 0.4339 -0.5388
vn 0.8724 0.4678 -0.1415
vn 0.8174 0.5655 -0.1104
vn -0.2295 0.3983 -0.8881
vn 0.3803 0.5139 -0.7690
vn 0.6698 0.5460 -0.5032
vn -0.4439 0.1171 0.8884
vn -0.1057 -0.0636 0.9924
vn -0.0827 -0.1351 0.9874
vn -0.6040 0.0358 0.7962
vn -0.3572 0.0772 0.9308
vn -0.1236 -0.1346 0.9832
vn 0.2745 -0.8591 -0.4319
vn 0.1613 -0.5633 -0.8104
vn 0.2673 -0.6770 -0.6857
vn 0.0641 -0.9209 -0.3846
vn 0.3514 -0.8317 -0.4299
vn 0.0318 -0.6585 -0.7519
vn 0.2984 -0.9166 -0.2661
vn 0.9209 0.2955 -0.2543
vn 0.9941 0.1043 0.0307
vn 0.3340 0.2322 -0.9135
vn 0.6351 0.3848 -0.6697
vn 0.1914 0.3926 -0.8996
vn -0.0895 -0.3042 0.9484
vn -0.8002 -0.0594 0.5967
vn -0.7748 -0.2286 0.5895
vn -0.8480 0.0305 0.5290
vn -0.9961 0.0374 0.0803
vn -0.9927 0.1060 0.0581
vn -0.9936 -0.1005 0.0506
vn -0.7614 -0.3502 -0.5455
vn -0.8779 -0.4732 -0.0729
vn -0.3950 -0.1097 -0.9121
vn -0.0828 0.2747 -0.9580
vn -0.0144 0.0263 -0.9996
vn 0.4057 -0.0547 -0.9124
vn 0.5290 0.2150 0.8210
vn 0.2472 -0.9213 -0.3000
vn 0.2679 -0.1252 0.9553
vn 0.2740 -0.0915 0.9574
vn 0.0810 -0.1962 0.9772
vn 0.7760 0.2987 0.5555
vn 0.8090 0.1384 0.5714
vn -0.1062 0.3726 -0.9219
vn -0.1473 0.4391 -0.8863
vn 0.1839 0.4774 -0.8592
vn 0.5503 0.5439 -0.6334
vn -0.8669 0.3685 0.3357
vn -0.7679 -0.3366 0.5451
vn 0.0029 -0.2259 0.9742
vn -0.4209 0.4761 0.7721
vn 0.4508 0.2974 0.8416
vn 0.3700 0.8730 -0.3178
vn -0.1287 0.3523 0.9270
vn 0.1419 -0.2106 0.9672
vn 0.8866 0.3746 -0.2713
vn -0.7224 -0.5759 0.3828
vn -0.6767 -0.5777 0.4564
vn -0.6557 -0.5317 0.5360
vn -0.1491 -0.5855 0.7968
vn 0.3721 -0.3921 0.8413
vn 0.8691 -0.0977 0.4849
vn 0.8262 -0.0846 0.5570
vn 0.8832 0.3443 -0.3186
vn -0.8265 0.3607 0.4321
vn -0.6831 0.7171 0.1381
vn -0.9750 0.2214 -0.0191
vn 0.1426 0.1343 -0.9806
vn -0.5933 0.2410 -0.7681
vn -0.3892 0.7985 -0.4592
vn -0.0101 0.4785 -0.8780
vn 0.2224 -0.3715 0.9014
vn 0.4605 -0.3722 0.8059
vn 0.5888 0.1461 -0.7950
vn 0.4147 0.5738 -0.7063
vn 0.8274 0.4857 -0.2820
vn -0.5607 0.8104 -0.1698
vn 0.7631 0.3638 0.5342
vn -0.0975 0.4501 0.8876
vn -0.4894 -0.0544 0.8703
vn -0.4103 -0.1700 0.8960
vn -0.3765 -0.2876 0.8806
vn -0.8091 -0.1812 0.5590
vn -0.8151 -0.2610 0.5172
vn -0.8264 -0.0816 0.5572
vn -0.8997 -0.3009 0.3163
vn -0.5797 0.1241 0.8053
vn -0.8494 0.0690 0.5232
vn -0.5861 0.5285 0.6141
vn -0.8703 0.2772 -0.4071
vn 0.9966 -0.0774 -0.0274
vn -0.7889 0.4113 0.4566
vn -0.5591 0.4762 0.6787
vn -0.3642 0.9125 0.1865
vn -0.8257 0.1961 -0.5289
vn -0.9978 0.0396 -0.0538
vn -0.8261 0.5578 0.0800
vn -0.8073 0.5041 -0.3068
vn -0.1791 0.9632 0.2005
vn 0.0531 0.9902 0.1288
vn 0.9344 0.3026 0.1880
vn 0.9576 0.2882 0.0020
vn 0.8368 -0.0924 0.5396
vn 0.4866 -0.3904 0.7815
vn 0.1916 -0.4675 0.8630
vn 0.3446 -0.4926 0.7992
vn -0.0743 -0.0234 -0.9970
vn -0.1860 -0.0510 -0.9812
vn 0.0430 0.2284 -0.9726
vn 0.1007 0.1452 -0.9843
vn 0.3318 0.3408 -0.8797
vn 0.3393 0.2828 -0.8971
vn -0.0188 0.4905 -0.8712
vn 0.3482 0.5777 -0.7382
vn 0.6411 0.7012 -0.3118
vn 0.8087 0.5697 -0.1463
vn 0.6174 0.7391 0.2693
vn 0.4181 0.2491 0.8736
vn -0.0097 -0.1971 0.9803
vn 0.0764 -0.3952 0.9154
vn -0.4739 -0.3068 0.8254
vn -0.3337 -0.5570 0.7605
vn -0.2673 -0.6436 0.7171
vn -0.7916 -0.3560 0.4965
vn -0.6657 -0.6152 0.4223
vn -0.6098 -0.7056 0.3610
vn -0.9129 -0.3433 0.2207
vn -0.7700 -0.6228 0.1383
vn -0.6974 -0.7111 0.0886
vn -0.9580 -0.2603 -0.1203
vn -0.7778 -0.6019 -0.1813
vn -0.6794 -0.7030 -0.2104
vn -0.8148 -0.0688 -0.5757
vn -0.6318 -0.4416 -0.6371
vn -0.5212 -0.5393 -0.6615
vn -0.3084 0.2082 -0.9282
vn -0.2934 0.4032 -0.8668
vn -0.0765 0.8714 -0.4846
vn 0.2874 0.8850 -0.3663
vn 0.3416 0.9385 -0.0502
vn 0.3096 0.7633 0.5670
vn -0.1454 0.6240 0.7677
vn -0.0724 0.0853 0.9937
vn -0.5562 0.0013 0.8310
vn -0.8475 -0.0331 0.5297
vn -0.9648 -0.0169 0.2623
vn -0.3415 0.7843 -0.5180
vn -0.8342 0.4816 0.2685
vn 0.1463 -0.2055 -0.9677
vn -0.4687 -0.3277 -0.8203
vn 0.0571 -0.1403 -0.9885
vn 0.1941 -0.2710 -0.9428
vn 0.1216 -0.3455 -0.9305
vn 0.4860 0.0726 -0.8710
vn 0.4186 -0.0020 -0.9082
vn -0.0418 -0.3262 -0.9444
vn 0.8128 -0.0903 0.5755
vn 0.7355 0.5586 0.3834
vn -0.9588 -0.0483 0.2799
vn -0.6873 0.1354 0.7137
vn -0.6815 0.7018 0.2074
vn -0.9901 0.0524 -0.1300
vn -0.6344 0.7445 -0.2079
vn -0.2504 0.9584 -0.1373
vn -0.1296 0.4428 -0.8872
vn -0.7788 0.1862 -0.5990
vn -0.3392 -0.6481 0.6818
vn -0.5095 -0.4434 0.7374
vn -0.8478 -0.4397 0.2965
vn -0.7257 -0.6351 0.2645
vn -0.9207 -0.3302 -0.2080
vn -0.8106 -0.5179 -0.2732
vn -0.6791 -0.1635 -0.7156
vn -0.0701 0.0686 -0.9952
vn 0.4765 0.2476 -0.8436
vn 0.8658 -0.1879 0.4637
vn 0.9492 -0.1316 0.2858
vn 0.3190 -0.4833 0.8152
vn 0.2966 -0.2698 0.9161
vn -0.1055 -0.3780 0.9198
vn 0.0094 -0.5756 0.8176
vn -0.2535 0.2527 0.9337
vn -0.3102 0.8652 0.3941
vn 0.4369 0.6372 -0.6349
vn 0.1042 0.9590 0.2635
vn 0.2273 0.4290 0.8742
vn 0.0685 0.9946 -0.0780
vn 0.3131 0.8992 0.3056
vn -0.6528 -0.2078 -0.7285
vn -0.7066 -0.0863 -0.7023
vn 0.3337 0.2137 -0.9181
vn -0.1908 -0.0031 -0.9816
vn 0.7479 0.2915 -0.5963
vn 0.7774 0.1120 -0.6190
vn 0.3931 0.0490 -0.9182
vn 0.9822 0.1775 -0.0622
vn 0.9940 -0.0024 -0.1096
vn 0.1337 -0.0205 -0.9908
vn -0.6122 -0.3182 -0.7239
vn -0.9306 -0.3529 -0.0973
vn -0.8443 -0.5226 -0.1183
vn -0.8559 0.4785 0.1963
vn -0.7375 0.2252 -0.6366
vn -0.9928 -0.1112 -0.0438
vn 0.8211 -0.1111 0.5598
vn 0.8303 -0.2265 0.5092
vn -0.7738 -0.6224 -0.1176
vn -0.4813 -0.6740 0.5604
vn -0.5864 -0.5685 0.5770
vn -0.7283 -0.3821 0.5689
vn -0.3126 -0.3190 0.8947
vn -0.8254 -0.0374 0.5633
vn -0.5560 0.0062 0.8312
vn 0.1562 -0.2026 0.9667
vn -0.1277 0.0925 0.9875
vn 0.1940 0.9756 0.1031
vn 0.6525 0.7420 -0.1543
vn 0.2303 0.9084 -0.3489
vn -0.1138 0.9888 0.0966
vn 0.1534 0.6824 0.7146
vn 0.0250 0.8896 -0.4560
vn -0.5009 0.6671 -0.5515
vn -0.7398 0.5767 0.3465
vn -0.3028 0.9517 -0.0507
vn 0.3377 0.5197 -0.7848
vn 0.3604 0.4058 -0.8399
vn -0.2477 0.2538 -0.9350
vn 0.3167 0.5670 -0.7604
vn 0.2416 0.6905 -0.6818
vn 0.4949 0.7125 -0.4975
vn 0.8588 0.5121 -0.0168
vn -0.3811 0.5881 0.7133
vn -0.3479 0.0185 0.9374
vn -0.2255 -0.2619 0.9384
vn 0.3744 0.2547 -0.8916
vn -0.2036 0.4311 -0.8790
vn -0.7679 0.0098 0.6405
vn -0.6210 -0.3110 0.7195
vn -0.5179 -0.4765 0.7105
vn -0.1056 -0.3830 0.9177
vn 0.9835 0.0999 0.1506
vn 0.7573 0.3539 -0.5489
vn -0.2836 -0.6604 0.6953
vn 0.0200 -0.4702 0.8823
vn 0.0952 -0.5169 0.8507
vn -0.4126 -0.6043 0.6816
vn -0.3411 -0.6688 0.6605
vn -0.6555 -0.3067 0.6901
vn -0.7558 0.1898 0.6267
vn -0.4611 0.8119 0.3580
vn -0.0551 0.9304 -0.3623
vn -0.1654 0.8229 -0.5437
vn -0.7179 0.6959 -0.0179
vn 0.2236 0.9342 -0.2779
vn 0.3221 -0.3340 0.8858
vn 0.4883 -0.4519 0.7465
vn 0.5411 -0.4868 0.6857
vn 0.9784 -0.0044 0.2068
vn -0.0486 -0.6453 0.7624
vn 0.0173 -0.7209 0.6928
vn 0.0019 0.6266 -0.7793
vn -0.5103 0.2710 0.8162
vn -0.1673 0.3240 0.9311
vn 0.1826 0.8438 0.5047
vn -0.3609 -0.2042 0.9100
vn 0.0450 -0.1046 0.9935
vn -0.2833 -0.3438 0.8953
vn 0.1729 -0.2275 0.9583
vn -0.6519 -0.4437 0.6149
vn -0.1920 -0.4704 0.8613
vn -0.6318 -0.5557 0.5404
vn -0.7991 -0.5611 -0.2159
vn -0.5564 -0.7167 0.4204
vn -0.6254 -0.1766 -0.7601
vn -0.5675 -0.2677 -0.7786
vn -0.7503 -0.6086 -0.2583
vn -0.0157 0.3422 -0.9395
vn -0.5111 -0.7871 0.3453
vn 0.8496 0.3262 0.4145
vn 0.3142 -0.0991 -0.9442
vn -0.4701 -0.3917 -0.7909
vn -0.6151 -0.7348 -0.2858
vn -0.2222 -0.9553 0.1948
vn -0.0894 -0.1864 -0.9784
vn 0.9375 0.2661 0.2241
vn 0.9576 0.1862 0.2199
vn 0.2953 -0.8921 0.3420
vn -0.0312 -0.5202 0.8535
vn 0.2916 -0.7933 -0.5344
vn 0.4604 -0.8393 0.2891
vn 0.3534 -0.4125 0.8396
vn -0.0897 -0.3478 0.9333
vn -0.0971 -0.2916 0.9516
vn 0.3178 -0.2384 0.9177
vn 0.3233 -0.1747 0.9300
vn 0.9886 -0.0456 0.1432
vn 0.7373 -0.2835 0.6131
vn 0.6806 -0.0000 0.7327
vn 0.6902 -0.0706 0.7202
vt 0.833400 0.417800
vt 0.829700 0.414800
vt 0.826300 0.412100
vt 0.828000 0.409700
vt 0.835200 0.415100
vt 0.954000 0.647200
vt 0.957100 0.648300
vt 0.955400 0.649500
vt 0.959700 0.660000
vt 0.956500 0.663500
vt 0.954900 0.660800
vt 0.957500 0.658600
vt 0.951900 0.665500
vt 0.952300 0.661600
vt 0.962800 0.662400
vt 0.959500 0.666500
vt 0.963000 0.653100
vt 0.966900 0.656300
vt 0.990700 0.652100
vt 0.987800 0.655800
vt 0.980200 0.651000
vt 0.982800 0.646100
vt 0.691514 0.861130
vt 0.701853 0.871212
vt 0.695947 0.876768
vt 0.686080 0.865342
vt 0.955000 0.669100
vt 0.950600 0.672000
vt 0.948100 0.669400
vt 0.681188 0.851234
vt 0.679008 0.855038
vt 0.676773 0.853877
vt 0.678648 0.849719
vt 0.682229 0.847226
vt 0.682928 0.849242
vt 0.945100 0.672300
vt 0.946700 0.675300
vt 0.695132 0.857791
vt 0.697275 0.853427
vt 0.703807 0.858517
vt 0.709255 0.862836
vt 0.705688 0.866922
vt 0.965900 0.681200
vt 0.961400 0.685100
vt 0.956200 0.678800
vt 0.960900 0.675700
vt 0.956300 0.689200
vt 0.951200 0.682200
vt 0.938400 0.675600
vt 0.941900 0.674200
vt 0.942700 0.678000
vt 0.939300 0.679800
vt 0.970100 0.646100
vt 0.973700 0.647600
vt 0.971300 0.651100
vt 0.968100 0.649500
vt 0.975700 0.641700
vt 0.971700 0.641100
vt 0.951000 0.693200
vt 0.948300 0.695400
vt 0.943000 0.687500
vt 0.946200 0.685500
vt 0.953300 0.655800
vt 0.957900 0.653500
vt 0.948400 0.660400
vt 0.950600 0.659300
vt 0.947300 0.656900
vt 0.947300 0.653500
vt 0.949500 0.654100
vt 0.949700 0.656800
vt 0.951500 0.652100
vt 0.681505 0.869776
vt 0.690296 0.881932
vt 0.372300 0.427100
vt 0.371800 0.424700
vt 0.373200 0.424500
vt 0.374800 0.424400
vt 0.374900 0.427700
vt 0.374000 0.429000
vt 0.371300 0.427800
vt 0.370400 0.426800
vt 0.390700 0.434400
vt 0.392500 0.433600
vt 0.393200 0.435800
vt 0.390300 0.435800
vt 0.377800 0.424000
vt 0.374500 0.422400
vt 0.376500 0.421700
vt 0.393500 0.416400
vt 0.391600 0.418000
vt 0.387700 0.413500
vt 0.388700 0.409800
vt 0.391900 0.410800
vt 0.385500 0.416600
vt 0.383500 0.414800
vt 0.385900 0.411900
vt 0.389300 0.420500
vt 0.164500 0.206900
vt 0.162700 0.207600
vt 0.161500 0.202600
vt 0.166900 0.199800
vt 0.170500 0.200800
vt 0.166800 0.205900
vt 0.384800 0.425200
vt 0.380900 0.421000
vt 0.383100 0.418800
vt 0.387100 0.423000
vt 0.379300 0.419000
vt 0.381300 0.417000
vt 0.379600 0.422400
vt 0.378000 0.420400
vt 0.383200 0.426600
vt 0.078500 0.494100
vt 0.093000 0.484600
vt 0.106500 0.474200
vt 0.109700 0.478600
vt 0.096200 0.488900
vt 0.062200 0.507500
vt 0.058800 0.503700
vt 0.372500 0.430800
vt 0.369900 0.429500
vt 0.367000 0.428400
vt 0.368300 0.431600
vt 0.365800 0.429800
vt 0.389000 0.408300
vt 0.392300 0.408100
vt 0.395200 0.415300
vt 0.394600 0.410800
vt 0.398500 0.419900
vt 0.397200 0.420800
vt 0.395700 0.422300
vt 0.393600 0.424500
vt 0.391300 0.427200
vt 0.388900 0.429500
vt 0.387200 0.431100
vt 0.386000 0.432400
vt 0.387700 0.437700
vt 0.384700 0.434100
vt 0.384100 0.435300
vt 0.201200 0.392500
vt 0.189400 0.401300
vt 0.182800 0.393100
vt 0.194200 0.384400
vt 0.209600 0.371400
vt 0.219000 0.362800
vt 0.225900 0.371000
vt 0.216500 0.379600
vt 0.544500 0.602600
vt 0.546500 0.599500
vt 0.548600 0.605600
vt 0.850100 0.924200
vt 0.872000 0.925400
vt 0.870800 0.929200
vt 0.869400 0.932300
vt 0.860800 0.935000
vt 0.402100 0.424800
vt 0.400600 0.418600
vt 0.404100 0.424100
vt 0.400600 0.425000
vt 0.399300 0.426600
vt 0.397900 0.429100
vt 0.395600 0.432200
vt 0.396900 0.434000
vt 0.399600 0.430400
vt 0.407600 0.422200
vt 0.400200 0.428200
vt 0.240000 0.356800
vt 0.234100 0.362600
vt 0.227000 0.354900
vt 0.232700 0.349200
vt 0.242100 0.340400
vt 0.249100 0.348000
vt 0.387300 0.443600
vt 0.388000 0.440200
vt 0.720900 0.581300
vt 0.727300 0.595700
vt 0.718900 0.603300
vt 0.711700 0.609400
vt 0.707000 0.613500
vt 0.697200 0.594000
vt 0.373100 0.422600
vt 0.387100 0.408900
vt 0.806300 0.854700
vt 0.808100 0.852900
vt 0.814500 0.859100
vt 0.813800 0.861300
vt 0.806200 0.868200
vt 0.797700 0.853400
vt 0.822400 0.873900
vt 0.825100 0.864400
vt 0.826400 0.862500
vt 0.385300 0.341500
vt 0.374300 0.346600
vt 0.370700 0.341700
vt 0.381200 0.337000
vt 0.395000 0.338900
vt 0.392400 0.334100
vt 0.364000 0.331000
vt 0.377900 0.326700
vt 0.389600 0.324700
vt 0.362000 0.245500
vt 0.363321 0.250185
vt 0.356400 0.256600
vt 0.353200 0.252700
vt 0.831900 0.871300
vt 0.833200 0.878700
vt 0.823700 0.883600
vt 0.839400 0.868100
vt 0.841400 0.874300
vt 0.808800 0.889800
vt 0.807000 0.883300
vt 0.805100 0.879300
vt 0.476800 0.334000
vt 0.472900 0.343200
vt 0.467600 0.343500
vt 0.483000 0.335600
vt 0.474600 0.346900
vt 0.467200 0.348400
vt 0.126100 0.830100
vt 0.111300 0.836500
vt 0.095800 0.799100
vt 0.113100 0.797800
vt 0.500000 0.256500
vt 0.505100 0.252000
vt 0.509700 0.253300
vt 0.503900 0.260500
vt 0.497000 0.252200
vt 0.502400 0.248000
vt 0.507900 0.243600
vt 0.780600 0.826500
vt 0.778000 0.831500
vt 0.775800 0.830300
vt 0.779200 0.824600
vt 0.782800 0.828600
vt 0.782100 0.833300
vt 0.791600 0.823600
vt 0.790800 0.826200
vt 0.789800 0.829900
vt 0.462300 0.330200
vt 0.453200 0.328700
vt 0.454500 0.318200
vt 0.462300 0.316800
vt 0.469300 0.313800
vt 0.473600 0.321300
vt 0.801900 0.835500
vt 0.799300 0.836700
vt 0.888200 0.924400
vt 0.884700 0.927600
vt 0.872600 0.921100
vt 0.872900 0.916900
vt 0.880100 0.913600
vt 0.532600 0.711700
vt 0.530800 0.707300
vt 0.541000 0.706800
vt 0.550000 0.707000
vt 0.548200 0.714700
vt 0.540700 0.713100
vt 0.547500 0.162000
vt 0.551200 0.167400
vt 0.544500 0.165600
vt 0.540100 0.160500
vt 0.537200 0.156200
vt 0.539200 0.154500
vt 0.542700 0.157700
vt 0.023700 0.034800
vt 0.026600 0.035200
vt 0.021800 0.082000
vt 0.017700 0.083400
vt 0.941300 0.764600
vt 0.932700 0.760200
vt 0.937400 0.753700
vt 0.940200 0.755700
vt 0.943000 0.757600
vt 0.948700 0.758500
vt 0.948900 0.768500
vt 0.175100 0.565100
vt 0.177900 0.568100
vt 0.181700 0.564800
vt 0.178800 0.561700
vt 0.175000 0.557600
vt 0.171600 0.560500
vt 0.466700 0.332300
vt 0.474000 0.262600
vt 0.477700 0.268100
vt 0.471100 0.272000
vt 0.466400 0.265900
vt 0.464632 0.258282
vt 0.456332 0.260710
vt 0.455037 0.252322
vt 0.463308 0.250822
vt 0.472232 0.255798
vt 0.470966 0.248780
vt 0.546600 0.554900
vt 0.551800 0.551600
vt 0.553900 0.555000
vt 0.549600 0.557900
vt 0.546700 0.562100
vt 0.543200 0.559900
vt 0.785000 0.892100
vt 0.813700 0.899800
vt 0.782200 0.911500
vt 0.768000 0.904400
vt 0.779200 0.877300
vt 0.770200 0.873700
vt 0.776200 0.867500
vt 0.779700 0.860900
vt 0.777400 0.853200
vt 0.777400 0.840900
vt 0.777600 0.835800
vt 0.781400 0.836600
vt 0.786300 0.855900
vt 0.784600 0.868200
vt 0.774800 0.840000
vt 0.773000 0.854300
vt 0.854600 0.855100
vt 0.849800 0.856800
vt 0.850100 0.854400
vt 0.859700 0.853300
vt 0.857000 0.857000
vt 0.851300 0.861200
vt 0.834100 0.399600
vt 0.835700 0.395800
vt 0.843100 0.400800
vt 0.841100 0.404300
vt 0.541100 0.328300
vt 0.530800 0.326500
vt 0.541600 0.288500
vt 0.562100 0.297800
vt 0.551500 0.330500
vt 0.765100 0.919600
vt 0.757500 0.912800
vt 0.194800 0.893300
vt 0.212000 0.907900
vt 0.201400 0.919300
vt 0.182600 0.906200
vt 0.616300 0.585300
vt 0.607900 0.583900
vt 0.607900 0.580200
vt 0.616800 0.581500
vt 0.626100 0.583200
vt 0.625200 0.587100
vt 0.684200 0.579200
vt 0.686100 0.585500
vt 0.661300 0.593400
vt 0.655600 0.584900
vt 0.671200 0.580900
vt 0.825500 0.293400
vt 0.845300 0.303000
vt 0.840300 0.312600
vt 0.803000 0.301000
vt 0.805200 0.286700
vt 0.290100 0.385200
vt 0.281800 0.376300
vt 0.292700 0.370000
vt 0.300600 0.377600
vt 0.308800 0.358400
vt 0.315200 0.366200
vt 0.262300 0.607600
vt 0.235900 0.635700
vt 0.220800 0.623100
vt 0.259200 0.586700
vt 0.270500 0.600300
vt 0.276300 0.365400
vt 0.286000 0.359600
vt 0.477900 0.409000
vt 0.492600 0.399200
vt 0.502900 0.416500
vt 0.476500 0.436200
vt 0.463800 0.420000
vt 0.692500 0.651900
vt 0.699700 0.655500
vt 0.687800 0.669100
vt 0.680300 0.664700
vt 0.686500 0.658000
vt 0.746500 0.372300
vt 0.736800 0.372500
vt 0.738600 0.395100
vt 0.726900 0.394100
vt 0.726200 0.407800
vt 0.700700 0.405200
vt 0.692300 0.434800
vt 0.677000 0.431600
vt 0.686000 0.394000
vt 0.701700 0.393300
vt 0.700600 0.374900
vt 0.724800 0.372800
vt 0.721400 0.351600
vt 0.734000 0.350000
vt 0.758100 0.360300
vt 0.756800 0.375500
vt 0.269400 0.354400
vt 0.261400 0.363000
vt 0.257000 0.357900
vt 0.266300 0.349800
vt 0.279400 0.346200
vt 0.276800 0.341600
vt 0.252500 0.352300
vt 0.262300 0.344000
vt 0.273300 0.336000
vt 0.248400 0.366100
vt 0.243600 0.360900
vt 0.243100 0.372200
vt 0.235800 0.381000
vt 0.230000 0.375500
vt 0.238000 0.366900
vt 0.220800 0.384500
vt 0.617300 0.976100
vt 0.607600 0.976400
vt 0.607200 0.966500
vt 0.617500 0.966400
vt 0.665000 0.915500
vt 0.716100 0.916700
vt 0.718400 0.923000
vt 0.665500 0.922500
vt 0.606500 0.942100
vt 0.606500 0.930600
vt 0.616300 0.930300
vt 0.617200 0.942000
vt 0.606400 0.922300
vt 0.615800 0.922100
vt 0.277000 0.899200
vt 0.265500 0.888300
vt 0.285200 0.876500
vt 0.321100 0.866900
vt 0.324400 0.872800
vt 0.307100 0.880500
vt 0.292800 0.888400
vt 0.271900 0.421200
vt 0.262400 0.429600
vt 0.258400 0.425000
vt 0.268000 0.417200
vt 0.280400 0.414900
vt 0.275800 0.411100
vt 0.286600 0.410700
vt 0.281500 0.406700
vt 0.295200 0.403400
vt 0.290300 0.399900
vt 0.271300 0.397500
vt 0.280300 0.391500
vt 0.304000 0.395900
vt 0.299400 0.392600
vt 0.312900 0.388000
vt 0.309000 0.384500
vt 0.322100 0.373300
vt 0.336300 0.363100
vt 0.347900 0.356300
vt 0.355100 0.352400
vt 0.359000 0.355000
vt 0.330400 0.355700
vt 0.324900 0.347500
vt 0.337200 0.340900
vt 0.341900 0.349200
vt 0.303100 0.349600
vt 0.320500 0.339700
vt 0.497700 0.729800
vt 0.505800 0.726100
vt 0.515300 0.725500
vt 0.519100 0.733100
vt 0.494900 0.743100
vt 0.490500 0.732700
vt 0.292300 0.330800
vt 0.288200 0.325400
vt 0.284600 0.320900
vt 0.298900 0.310100
vt 0.302800 0.314300
vt 0.270100 0.331400
vt 0.259200 0.339600
vt 0.252400 0.331800
vt 0.263300 0.323500
vt 0.640600 0.994000
vt 0.634800 0.994500
vt 0.635000 0.984500
vt 0.640800 0.984200
vt 0.626300 0.995100
vt 0.626800 0.985000
vt 0.282100 0.351700
vt 0.635100 0.975300
vt 0.627200 0.975600
vt 0.627300 0.966600
vt 0.635100 0.966800
vt 0.640700 0.975200
vt 0.640800 0.966800
vt 0.616900 0.985700
vt 0.434900 0.919900
vt 0.436700 0.944100
vt 0.422400 0.947200
vt 0.410300 0.928900
vt 0.399100 0.926300
vt 0.388500 0.914300
vt 0.380600 0.907500
vt 0.387200 0.902900
vt 0.960300 0.841300
vt 0.964700 0.844700
vt 0.952700 0.851900
vt 0.947100 0.848400
vt 0.953200 0.844900
vt 0.634800 0.942000
vt 0.634700 0.930200
vt 0.640600 0.930200
vt 0.640800 0.942000
vt 0.626900 0.942100
vt 0.626300 0.930200
vt 0.634500 0.922400
vt 0.640500 0.922600
vt 0.625900 0.922200
vt 0.624100 0.519000
vt 0.616500 0.503500
vt 0.618500 0.501900
vt 0.628500 0.515700
vt 0.632900 0.520400
vt 0.627200 0.524800
vt 0.332400 0.594700
vt 0.336700 0.615100
vt 0.326000 0.614600
vt 0.309400 0.656600
vt 0.297600 0.674900
vt 0.276900 0.663600
vt 0.279300 0.623700
vt 0.840900 0.395600
vt 0.844600 0.398600
vt 0.837000 0.392600
vt 0.349200 0.346100
vt 0.691700 0.567100
vt 0.693400 0.551600
vt 0.698200 0.552400
vt 0.698300 0.561100
vt 0.698800 0.566100
vt 0.733400 0.913800
vt 0.735800 0.920000
vt 0.747300 0.907900
vt 0.755500 0.900300
vt 0.738900 0.926400
vt 0.073600 0.411800
vt 0.085000 0.386900
vt 0.100400 0.397900
vt 0.092800 0.409900
vt 0.083300 0.412800
vt 0.842300 0.890600
vt 0.824300 0.907800
vt 0.822500 0.900200
vt 0.837400 0.889600
vt 0.836600 0.885100
vt 0.847600 0.883600
vt 0.242300 0.471100
vt 0.247900 0.465700
vt 0.259300 0.464500
vt 0.256700 0.470300
vt 0.254100 0.475400
vt 0.245100 0.481400
vt 0.955100 0.836200
vt 0.952200 0.832900
vt 0.948100 0.828600
vt 0.956700 0.821600
vt 0.965200 0.828300
vt 0.901300 0.195700
vt 0.914100 0.214600
vt 0.902700 0.225000
vt 0.888300 0.207700
vt 0.847200 0.870900
vt 0.844800 0.865200
vt 0.853900 0.866500
vt 0.884600 0.901300
vt 0.873900 0.905700
vt 0.864700 0.895300
vt 0.877900 0.887800
vt 0.864700 0.858500
vt 0.513900 0.254600
vt 0.506900 0.264900
vt 0.870600 0.868600
vt 0.872500 0.874900
vt 0.864800 0.879800
vt 0.860600 0.874600
vt 0.634800 0.585800
vt 0.638600 0.572300
vt 0.649000 0.577700
vt 0.669700 0.573200
vt 0.647600 0.594500
vt 0.641900 0.589600
vt 0.477639 0.246722
vt 0.478636 0.253638
vt 0.490300 0.262300
vt 0.487500 0.257200
vt 0.493900 0.267300
vt 0.495800 0.271700
vt 0.483300 0.265400
vt 0.487200 0.270700
vt 0.481800 0.273400
vt 0.477200 0.037100
vt 0.478100 0.053400
vt 0.456600 0.053700
vt 0.435400 0.053400
vt 0.434400 0.035800
vt 0.478900 0.281200
vt 0.472800 0.285200
vt 0.470000 0.282900
vt 0.475700 0.277300
vt 0.832700 0.863600
vt 0.833300 0.860400
vt 0.839200 0.861500
vt 0.840200 0.858200
vt 0.844100 0.859500
vt 0.844300 0.856600
vt 0.468100 0.296600
vt 0.465000 0.295200
vt 0.459400 0.294600
vt 0.464900 0.278500
vt 0.459400 0.308100
vt 0.465200 0.305900
vt 0.469200 0.304700
vt 0.473700 0.311700
vt 0.932100 0.640400
vt 0.937700 0.645600
vt 0.935300 0.648300
vt 0.928900 0.642700
vt 0.635700 0.849600
vt 0.634900 0.859300
vt 0.631800 0.865800
vt 0.629400 0.871300
vt 0.618700 0.862800
vt 0.627900 0.852100
vt 0.442400 0.326900
vt 0.444600 0.336400
vt 0.432700 0.333900
vt 0.434300 0.325500
vt 0.443700 0.341500
vt 0.432200 0.337200
vt 0.457100 0.346200
vt 0.458500 0.341300
vt 0.462200 0.347300
vt 0.463300 0.342700
vt 0.424800 0.338100
vt 0.425200 0.333000
vt 0.350600 0.180500
vt 0.379600 0.176900
vt 0.380700 0.195000
vt 0.366000 0.197200
vt 0.351500 0.199500
vt 0.949500 0.509800
vt 0.948400 0.520400
vt 0.938200 0.520700
vt 0.935800 0.517000
vt 0.932700 0.512500
vt 0.946500 0.502000
vt 0.850200 0.914700
vt 0.855200 0.906200
vt 0.841000 0.442600
vt 0.844100 0.442700
vt 0.844700 0.452300
vt 0.841100 0.452400
vt 0.840800 0.446400
vt 0.930900 0.763000
vt 0.935200 0.765200
vt 0.933800 0.769600
vt 0.929300 0.767300
vt 0.924300 0.764900
vt 0.925900 0.760900
vt 0.408000 0.337800
vt 0.407000 0.332500
vt 0.406000 0.323600
vt 0.418100 0.323800
vt 0.417800 0.332500
vt 0.388000 0.315000
vt 0.375200 0.315700
vt 0.427100 0.316500
vt 0.386400 0.306900
vt 0.405100 0.307800
vt 0.405400 0.292200
vt 0.428600 0.294400
vt 0.429092 0.260170
vt 0.921000 0.663400
vt 0.917500 0.667000
vt 0.913000 0.664600
vt 0.911700 0.660500
vt 0.915200 0.657400
vt 0.647800 0.857900
vt 0.642000 0.874600
vt 0.276100 0.480300
vt 0.282300 0.484400
vt 0.276000 0.492900
vt 0.274800 0.488200
vt 0.832300 0.684000
vt 0.823900 0.659900
vt 0.832700 0.655500
vt 0.834700 0.665100
vt 0.838000 0.678200
vt 0.526400 0.152100
vt 0.504900 0.152400
vt 0.505900 0.118900
vt 0.527500 0.118400
vt 0.744500 0.595800
vt 0.762000 0.586300
vt 0.889200 0.855900
vt 0.876800 0.850400
vt 0.876500 0.847700
vt 0.892700 0.852800
vt 0.739800 0.606000
vt 0.735800 0.603100
vt 0.368200 0.243600
vt 0.368800 0.250600
vt 0.623000 0.527600
vt 0.620600 0.521100
vt 0.615800 0.506300
vt 0.376100 0.243600
vt 0.365600 0.232800
vt 0.374500 0.232300
vt 0.356900 0.236400
vt 0.390400 0.245300
vt 0.390000 0.234000
vt 0.801500 0.978300
vt 0.794700 0.976000
vt 0.797600 0.969200
vt 0.805800 0.971500
vt 0.793400 0.981000
vt 0.794000 0.984100
vt 0.802300 0.956400
vt 0.811100 0.957900
vt 0.879400 0.601500
vt 0.871400 0.599300
vt 0.877900 0.587800
vt 0.886100 0.576000
vt 0.894000 0.585400
vt 0.887000 0.593100
vt 0.958800 0.755600
vt 0.956900 0.736100
vt 0.961800 0.734900
vt 0.971100 0.749100
vt 0.983600 0.771800
vt 0.971200 0.775000
vt 0.184900 0.155500
vt 0.180200 0.152000
vt 0.178100 0.148700
vt 0.182100 0.149800
vt 0.186700 0.152000
vt 0.761600 0.973200
vt 0.761000 0.980100
vt 0.743000 0.980500
vt 0.742500 0.972600
vt 0.034200 0.036600
vt 0.033900 0.078900
vt 0.027400 0.080400
vt 0.030000 0.035800
vt 0.414200 0.981000
vt 0.389400 0.924200
vt 0.383200 0.916900
vt 0.422400 0.978200
vt 0.036900 0.693700
vt 0.058300 0.691200
vt 0.063000 0.718700
vt 0.041800 0.721100
vt 0.020400 0.724600
vt 0.015400 0.697100
vt 0.657700 0.930200
vt 0.657000 0.922700
vt 0.666300 0.930100
vt 0.649300 0.930200
vt 0.648800 0.922800
vt 0.649900 0.942000
vt 0.658900 0.941800
vt 0.668100 0.941700
vt 0.650000 0.954700
vt 0.659400 0.954100
vt 0.669300 0.953400
vt 0.681100 0.941600
vt 0.683300 0.952500
vt 0.717400 0.517100
vt 0.721200 0.509100
vt 0.724200 0.502000
vt 0.734100 0.504300
vt 0.724600 0.530500
vt 0.717100 0.526700
vt 0.053578 0.588892
vt 0.044798 0.618175
vt 0.037866 0.615729
vt 0.042309 0.604229
vt 0.045193 0.586800
vt 0.854000 0.166800
vt 0.839100 0.179400
vt 0.823000 0.188900
vt 0.813600 0.167500
vt 0.827400 0.160600
vt 0.839400 0.149100
vt 0.050200 0.369300
vt 0.050500 0.358900
vt 0.052800 0.358900
vt 0.052900 0.369300
vt 0.052400 0.378500
vt 0.049000 0.378700
vt 0.984900 0.659600
vt 0.979800 0.666000
vt 0.760700 0.985500
vt 0.743900 0.987400
vt 0.537600 0.665400
vt 0.545700 0.660000
vt 0.562200 0.647400
vt 0.567700 0.657800
vt 0.528300 0.675900
vt 0.525000 0.670700
vt 0.124000 0.459200
vt 0.127600 0.463700
vt 0.117000 0.472600
vt 0.624600 0.127300
vt 0.617500 0.119800
vt 0.619300 0.118200
vt 0.626800 0.125600
vt 0.484900 0.767700
vt 0.491300 0.761900
vt 0.509300 0.767400
vt 0.505000 0.780800
vt 0.479900 0.775300
vt 0.223200 0.897300
vt 0.235000 0.909800
vt 0.206500 0.940100
vt 0.171000 0.919300
vt 0.137700 0.277200
vt 0.141600 0.281300
vt 0.144100 0.284200
vt 0.142300 0.286000
vt 0.135600 0.279000
vt 0.132600 0.275800
vt 0.134500 0.274100
vt 0.650100 0.984000
vt 0.650400 0.993900
vt 0.659700 0.974600
vt 0.649900 0.974900
vt 0.649900 0.966600
vt 0.659500 0.966100
vt 0.660300 0.983600
vt 0.277900 0.312800
vt 0.117900 0.595400
vt 0.118000 0.603600
vt 0.118100 0.614500
vt 0.106500 0.615400
vt 0.109100 0.603800
vt 0.110100 0.586900
vt 0.118200 0.587200
vt 0.640800 0.955000
vt 0.052100 0.496600
vt 0.073300 0.486400
vt 0.722500 0.288700
vt 0.735400 0.286100
vt 0.739400 0.306200
vt 0.726900 0.308500
vt 0.701500 0.314200
vt 0.696500 0.295200
vt 0.252000 0.720800
vt 0.261000 0.693400
vt 0.284500 0.702500
vt 0.277600 0.728500
vt 0.345900 0.337100
vt 0.245600 0.566400
vt 0.279800 0.547600
vt 0.288800 0.568200
vt 0.226900 0.390400
vt 0.829900 0.510400
vt 0.835900 0.510700
vt 0.835800 0.516200
vt 0.829000 0.515900
vt 0.822200 0.513200
vt 0.824700 0.508800
vt 0.168200 0.581000
vt 0.165800 0.579300
vt 0.162700 0.576600
vt 0.164700 0.574500
vt 0.157200 0.565600
vt 0.159200 0.563700
vt 0.167000 0.572400
vt 0.170500 0.576600
vt 0.173500 0.576100
vt 0.172800 0.579100
vt 0.171000 0.582600
vt 0.135200 0.287600
vt 0.130900 0.283700
vt 0.133000 0.281300
vt 0.140100 0.288200
vt 0.138100 0.290200
vt 0.500019 0.245619
vt 0.500608 0.242908
vt 0.495096 0.247439
vt 0.494952 0.242364
vt 0.019000 0.398100
vt 0.026400 0.383300
vt 0.029200 0.385200
vt 0.032400 0.387000
vt 0.023000 0.407200
vt 0.775300 0.835200
vt 0.479300 0.319600
vt 0.212000 0.311900
vt 0.221700 0.322300
vt 0.219400 0.324800
vt 0.213600 0.318600
vt 0.209900 0.314000
vt 0.649500 0.337500
vt 0.657600 0.333700
vt 0.665300 0.329800
vt 0.670900 0.345900
vt 0.653800 0.351300
vt 0.783500 0.986200
vt 0.783700 0.980300
vt 0.248800 0.396000
vt 0.239600 0.404600
vt 0.241200 0.386400
vt 0.784800 0.974400
vt 0.786800 0.967500
vt 0.347200 0.244900
vt 0.670000 0.965400
vt 0.685200 0.964400
vt 0.552200 0.918200
vt 0.561100 0.918600
vt 0.569400 0.918200
vt 0.568700 0.924700
vt 0.560500 0.925100
vt 0.552000 0.925200
vt 0.489200 0.599100
vt 0.905200 0.955200
vt 0.920500 0.958000
vt 0.482000 0.612600
vt 0.479600 0.611800
vt 0.408100 0.864400
vt 0.414700 0.867500
vt 0.408900 0.877900
vt 0.401000 0.871300
vt 0.400200 0.869200
vt 0.406200 0.862600
vt 0.804800 0.844600
vt 0.393000 0.884300
vt 0.389700 0.875000
vt 0.388300 0.873100
vt 0.141500 0.549500
vt 0.137300 0.558700
vt 0.133000 0.555300
vt 0.137600 0.544700
vt 0.124100 0.551100
vt 0.128000 0.539800
vt 0.146100 0.531000
vt 0.136300 0.523400
vt 0.055500 0.512900
vt 0.050600 0.511300
vt 0.392100 0.894100
vt 0.378100 0.887600
vt 0.379500 0.880800
vt 0.408800 0.892900
vt 0.407300 0.899500
vt 0.410500 0.888900
vt 0.119000 0.638500
vt 0.130300 0.631100
vt 0.129200 0.636300
vt 0.132500 0.638500
vt 0.120000 0.645100
vt 0.135200 0.631500
vt 0.034100 0.653600
vt 0.037400 0.651200
vt 0.040200 0.655800
vt 0.034600 0.658300
vt 0.030600 0.650300
vt 0.033900 0.647500
vt 0.025300 0.655000
vt 0.432300 0.835000
vt 0.433700 0.833000
vt 0.437300 0.838500
vt 0.435100 0.839800
vt 0.430200 0.837200
vt 0.431200 0.841800
vt 0.054300 0.436700
vt 0.065200 0.441100
vt 0.063100 0.445200
vt 0.057000 0.442700
vt 0.053100 0.441700
vt 0.422100 0.835200
vt 0.421200 0.832600
vt 0.423300 0.838700
vt 0.118100 0.623700
vt 0.104800 0.621600
vt 0.107500 0.633400
vt 0.100800 0.628000
vt 0.342000 0.880000
vt 0.347100 0.882600
vt 0.341200 0.886700
vt 0.414200 0.846000
vt 0.411500 0.844900
vt 0.809400 0.264800
vt 0.813300 0.241200
vt 0.835800 0.250900
vt 0.851200 0.260000
vt 0.845300 0.275500
vt 0.831000 0.275200
vt 0.807100 0.552300
vt 0.804300 0.551300
vt 0.805500 0.547800
vt 0.808800 0.548900
vt 0.811900 0.551200
vt 0.809500 0.553600
vt 0.809800 0.476600
vt 0.809800 0.472800
vt 0.818100 0.476900
vt 0.822700 0.479300
vt 0.821600 0.481700
vt 0.817600 0.479800
vt 0.045603 0.569147
vt 0.054502 0.570732
vt 0.363000 0.028200
vt 0.391900 0.031600
vt 0.392200 0.049900
vt 0.377500 0.048400
vt 0.362700 0.046800
vt 0.119400 0.628500
vt 0.209200 0.054300
vt 0.204500 0.056400
vt 0.201500 0.051900
vt 0.198300 0.046500
vt 0.202600 0.044400
vt 0.579400 0.478000
vt 0.551300 0.443300
vt 0.566000 0.434700
vt 0.594400 0.468900
vt 0.289000 0.809000
vt 0.296600 0.838500
vt 0.286000 0.842800
vt 0.274600 0.811100
vt 0.439900 0.865500
vt 0.437500 0.857800
vt 0.435800 0.844000
vt 0.438100 0.843300
vt 0.438800 0.848100
vt 0.439900 0.857300
vt 0.442600 0.867200
vt 0.358200 0.869500
vt 0.358500 0.867300
vt 0.364700 0.868500
vt 0.363600 0.873300
vt 0.357100 0.864900
vt 0.364300 0.866200
vt 0.352200 0.866000
vt 0.608700 0.814500
vt 0.599700 0.817300
vt 0.599100 0.812900
vt 0.595700 0.807500
vt 0.606800 0.800900
vt 0.569300 0.840600
vt 0.559100 0.842200
vt 0.558700 0.838000
vt 0.579100 0.834200
vt 0.587600 0.832300
vt 0.595000 0.830500
vt 0.596900 0.837800
vt 0.448800 0.912100
vt 0.459700 0.920000
vt 0.452400 0.927200
vt 0.251600 0.278500
vt 0.253900 0.282700
vt 0.249700 0.285300
vt 0.243100 0.275400
vt 0.247600 0.273100
vt 0.476900 0.945100
vt 0.537400 0.945100
vt 0.535700 0.956100
vt 0.476800 0.958100
vt 0.438500 0.492800
vt 0.428200 0.484300
vt 0.451500 0.459400
vt 0.460800 0.468800
vt 0.618400 0.811200
vt 0.617500 0.794800
vt 0.616200 0.806100
vt 0.199600 0.462400
vt 0.190500 0.471600
vt 0.184200 0.462600
vt 0.192200 0.452800
vt 0.176900 0.484200
vt 0.170200 0.476700
vt 0.514900 0.625800
vt 0.513900 0.629700
vt 0.499000 0.625200
vt 0.497500 0.623200
vt 0.175000 0.454300
vt 0.182300 0.445700
vt 0.202600 0.057500
vt 0.199300 0.053200
vt 0.206400 0.059400
vt 0.204700 0.060200
vt 0.299000 0.341700
vt 0.172500 0.437100
vt 0.168400 0.433300
vt 0.177900 0.425400
vt 0.182200 0.430500
vt 0.162800 0.445600
vt 0.158600 0.442400
vt 0.466300 0.684400
vt 0.476600 0.693100
vt 0.476000 0.700500
vt 0.471500 0.694600
vt 0.465300 0.698400
vt 0.459300 0.689200
vt 0.163400 0.428400
vt 0.173100 0.420000
vt 0.153700 0.437900
vt 0.183000 0.412600
vt 0.187400 0.418100
vt 0.193100 0.405800
vt 0.197700 0.411900
vt 0.169400 0.416000
vt 0.179400 0.408400
vt 0.205200 0.397500
vt 0.520700 0.466300
vt 0.509500 0.476400
vt 0.497300 0.461800
vt 0.521300 0.442400
vt 0.532400 0.456300
vt 0.597900 0.976400
vt 0.597100 0.967100
vt 0.963600 0.337000
vt 0.928700 0.379700
vt 0.930900 0.379300
vt 0.969800 0.340900
vt 0.966300 0.342200
vt 0.596600 0.930800
vt 0.596300 0.942700
vt 0.596800 0.922700
vt 0.243000 0.446000
vt 0.233000 0.454900
vt 0.229900 0.450000
vt 0.239300 0.441400
vt 0.225300 0.463000
vt 0.222200 0.457300
vt 0.216700 0.470300
vt 0.214100 0.464900
vt 0.207400 0.453700
vt 0.214700 0.445700
vt 0.208000 0.477800
vt 0.205400 0.472800
vt 0.198800 0.485400
vt 0.195900 0.480900
vt 0.158800 0.525700
vt 0.157000 0.521400
vt 0.161900 0.515000
vt 0.170500 0.504500
vt 0.182800 0.492100
vt 0.164100 0.497500
vt 0.155900 0.507900
vt 0.148500 0.502000
vt 0.156900 0.490800
vt 0.236900 0.549800
vt 0.274400 0.531000
vt 0.149900 0.485200
vt 0.162400 0.469600
vt 0.454500 0.960500
vt 0.428800 0.963800
vt 0.433100 0.976100
vt 0.145500 0.456000
vt 0.140900 0.451000
vt 0.137000 0.446800
vt 0.149700 0.434000
vt 0.159400 0.424600
vt 0.152900 0.416700
vt 0.163000 0.407900
vt 0.143000 0.426200
vt 0.173100 0.400100
vt 0.580300 0.995400
vt 0.579700 0.985700
vt 0.588300 0.985700
vt 0.589200 0.995800
vt 0.598800 0.985900
vt 0.600000 0.995500
vt 0.579300 0.976700
vt 0.587600 0.976500
vt 0.578900 0.968300
vt 0.587200 0.967900
vt 0.195800 0.297400
vt 0.197400 0.296900
vt 0.197800 0.298300
vt 0.194600 0.299600
vt 0.193800 0.298400
vt 0.577200 0.931700
vt 0.586000 0.931300
vt 0.586400 0.943200
vt 0.577700 0.943500
vt 0.577000 0.924100
vt 0.585900 0.923400
vt 0.758300 0.733600
vt 0.757900 0.762800
vt 0.746600 0.763000
vt 0.740600 0.740400
vt 0.735100 0.723700
vt 0.748000 0.717300
vt 0.148900 0.279800
vt 0.144600 0.280100
vt 0.146000 0.276200
vt 0.124700 0.300000
vt 0.127000 0.298300
vt 0.128500 0.301800
vt 0.149900 0.537000
vt 0.556200 0.700500
vt 0.555000 0.707500
vt 0.540000 0.702200
vt 0.151600 0.514600
vt 0.485900 0.920300
vt 0.501200 0.921800
vt 0.499300 0.928200
vt 0.482000 0.925800
vt 0.461000 0.907400
vt 0.469600 0.914600
vt 0.517000 0.977400
vt 0.533600 0.977200
vt 0.533000 0.986400
vt 0.516200 0.986600
vt 0.477300 0.987000
vt 0.477400 0.979100
vt 0.458600 0.980500
vt 0.457200 0.972600
vt 0.518100 0.968000
vt 0.198500 0.952100
vt 0.181800 0.944200
vt 0.160400 0.932600
vt 0.376900 0.909700
vt 0.158100 0.335900
vt 0.155300 0.339200
vt 0.151900 0.336700
vt 0.145700 0.331500
vt 0.149300 0.327400
vt 0.367200 0.902400
vt 0.377000 0.899100
vt 0.367900 0.882400
vt 0.370000 0.876700
vt 0.361100 0.878400
vt 0.354800 0.886900
vt 0.352900 0.873000
vt 0.343487 0.876562
vt 0.346800 0.868900
vt 0.035300 0.662800
vt 0.025636 0.654862
vt 0.044100 0.659700
vt 0.711200 0.787800
vt 0.705900 0.794900
vt 0.693100 0.780700
vt 0.696900 0.774800
vt 0.704400 0.781000
vt 0.260400 0.509100
vt 0.250400 0.510000
vt 0.249900 0.500500
vt 0.263400 0.501100
vt 0.271700 0.502300
vt 0.029509 0.633008
vt 0.033138 0.625632
vt 0.039810 0.627715
vt 0.036051 0.634651
vt 0.026658 0.640029
vt 0.032203 0.641215
vt 0.041900 0.637100
vt 0.046500 0.640600
vt 0.041100 0.647300
vt 0.037100 0.643800
vt 0.030023 0.644779
vt 0.025624 0.644050
vt 0.050900 0.645000
vt 0.044900 0.651700
vt 0.771700 0.624200
vt 0.776600 0.635700
vt 0.762200 0.642600
vt 0.740000 0.630600
vt 0.754000 0.626800
vt 0.048900 0.655100
vt 0.050700 0.634200
vt 0.055300 0.638800
vt 0.056700 0.626100
vt 0.061300 0.631300
vt 0.064500 0.635000
vt 0.059300 0.641600
vt 0.072000 0.627000
vt 0.070200 0.623900
vt 0.378900 0.873600
vt 0.377900 0.870400
vt 0.370500 0.870900
vt 0.370200 0.868100
vt 0.083900 0.624200
vt 0.083100 0.620800
vt 0.066600 0.618100
vt 0.083400 0.615200
vt 0.096700 0.617400
vt 0.093600 0.622700
vt 0.091800 0.626600
vt 0.098000 0.632100
vt 0.579000 0.772000
vt 0.574700 0.771000
vt 0.584200 0.753600
vt 0.591700 0.745100
vt 0.985800 0.761800
vt 0.964500 0.734400
vt 0.426200 0.324500
vt 0.126800 0.602700
vt 0.128100 0.613000
vt 0.126400 0.595100
vt 0.131700 0.602200
vt 0.132700 0.612200
vt 0.134700 0.621200
vt 0.129600 0.621800
vt 0.130200 0.626800
vt 0.134900 0.626300
vt 0.861000 0.481200
vt 0.862000 0.483100
vt 0.862700 0.489400
vt 0.857200 0.490400
vt 0.854400 0.484300
vt 0.376800 0.121700
vt 0.376900 0.084700
vt 0.414000 0.086700
vt 0.413900 0.120900
vt 0.201300 0.605100
vt 0.438900 0.875500
vt 0.436000 0.867900
vt 0.927700 0.715400
vt 0.924600 0.711700
vt 0.927700 0.704500
vt 0.931600 0.707200
vt 0.937100 0.712000
vt 0.932300 0.716900
vt 0.134200 0.571300
vt 0.129200 0.569500
vt 0.120500 0.567100
vt 0.127400 0.580100
vt 0.118800 0.579100
vt 0.114900 0.548000
vt 0.117600 0.535500
vt 0.633600 0.589600
vt 0.640300 0.593200
vt 0.730700 0.328900
vt 0.664900 0.429600
vt 0.648100 0.426900
vt 0.655100 0.380500
vt 0.664900 0.379900
vt 0.665100 0.364400
vt 0.674200 0.362700
vt 0.635600 0.559500
vt 0.646400 0.551600
vt 0.651600 0.555600
vt 0.626200 0.573400
vt 0.622600 0.564000
vt 0.583100 0.706400
vt 0.564400 0.729000
vt 0.565600 0.718700
vt 0.572200 0.702600
vt 0.605000 0.776400
vt 0.610100 0.782100
vt 0.600600 0.789900
vt 0.597300 0.786500
vt 0.593700 0.783100
vt 0.971100 0.832900
vt 0.046300 0.524900
vt 0.047500 0.517100
vt 0.054300 0.518900
vt 0.053400 0.526500
vt 0.037300 0.512800
vt 0.041600 0.505700
vt 0.035300 0.521500
vt 0.045274 0.556205
vt 0.035600 0.584100
vt 0.425600 0.984900
vt 0.427700 0.990200
vt 0.424200 0.991800
vt 0.418900 0.987600
vt 0.228400 0.314900
vt 0.224900 0.318700
vt 0.219400 0.312300
vt 0.222100 0.308500
vt 0.944100 0.264300
vt 0.929800 0.253700
vt 0.948200 0.233400
vt 0.963400 0.241100
vt 0.955600 0.253600
vt 0.984500 0.590100
vt 0.987800 0.596900
vt 0.984200 0.600400
vt 0.974000 0.591100
vt 0.976900 0.588200
vt 0.838700 0.409000
vt 0.827400 0.400400
vt 0.829500 0.396700
vt 0.899700 0.719100
vt 0.902100 0.713200
vt 0.920000 0.719700
vt 0.918500 0.726800
vt 0.560200 0.932600
vt 0.551600 0.932900
vt 0.568600 0.932200
vt 0.568600 0.943900
vt 0.559500 0.944200
vt 0.550300 0.944500
vt 0.559600 0.956500
vt 0.549700 0.956300
vt 0.569000 0.956700
vt 0.193300 0.155300
vt 0.190700 0.154000
vt 0.192400 0.149900
vt 0.195000 0.151100
vt 0.197600 0.152400
vt 0.196300 0.156200
vt 0.167800 0.449200
vt 0.155300 0.464200
vt 0.380100 0.388000
vt 0.378100 0.384100
vt 0.381600 0.382300
vt 0.384100 0.386000
vt 0.385500 0.388700
vt 0.381400 0.390700
vt 0.972500 0.584200
vt 0.970400 0.581400
vt 0.972800 0.579100
vt 0.980400 0.584300
vt 0.968200 0.811700
vt 0.972100 0.813600
vt 0.962900 0.808900
vt 0.100000 0.466500
vt 0.117100 0.451200
vt 0.130100 0.438900
vt 0.303400 0.707800
vt 0.313900 0.682100
vt 0.090400 0.481600
vt 0.877000 0.475000
vt 0.872100 0.469700
vt 0.874200 0.466800
vt 0.879200 0.472500
vt 0.882800 0.476100
vt 0.880900 0.478400
vt 0.227200 0.710900
vt 0.232200 0.696300
vt 0.238200 0.681900
vt 0.057600 0.296100
vt 0.057900 0.290600
vt 0.063200 0.289600
vt 0.062500 0.296000
vt 0.061900 0.302600
vt 0.057200 0.302200
vt 0.570600 0.995900
vt 0.570400 0.985900
vt 0.569700 0.968500
vt 0.570200 0.976900
vt 0.560200 0.976900
vt 0.560100 0.968400
vt 0.560200 0.986000
vt 0.632200 0.447300
vt 0.637800 0.450300
vt 0.633500 0.455200
vt 0.620900 0.447100
vt 0.627400 0.443300
vt 0.578200 0.956500
vt 0.046000 0.630300
vt 0.150500 0.325900
vt 0.158900 0.334900
vt 0.143300 0.509800
vt 0.209900 0.404400
vt 0.202100 0.418300
vt 0.211300 0.427600
vt 0.203000 0.435100
vt 0.192000 0.424500
vt 0.025848 0.647747
vt 0.028628 0.647579
vt 0.615200 0.588300
vt 0.624400 0.589900
vt 0.620500 0.594600
vt 0.612300 0.594100
vt 0.608100 0.590400
vt 0.395800 0.211100
vt 0.367000 0.215700
vt 0.395400 0.192800
vt 0.104900 0.638900
vt 0.763000 0.888500
vt 0.893200 0.823400
vt 0.890600 0.821200
vt 0.887900 0.819100
vt 0.892900 0.812900
vt 0.899500 0.819900
vt 0.905400 0.826100
vt 0.895600 0.828700
vt 0.437200 0.994500
vt 0.436800 0.988700
vt 0.435400 0.982800
vt 0.549500 0.968300
vt 0.534400 0.968000
vt 0.845400 0.623900
vt 0.830100 0.614900
vt 0.834400 0.612000
vt 0.517400 0.644900
vt 0.513400 0.642100
vt 0.517800 0.636300
vt 0.977900 0.606300
vt 0.972600 0.611300
vt 0.963100 0.601200
vt 0.968100 0.596600
vt 0.589100 0.377600
vt 0.655500 0.365900
vt 0.645900 0.367100
vt 0.645300 0.380700
vt 0.630400 0.380600
vt 0.629100 0.401700
vt 0.610500 0.399300
vt 0.593000 0.397800
vt 0.656500 0.637900
vt 0.654300 0.633400
vt 0.651200 0.629000
vt 0.654500 0.624100
vt 0.656500 0.618600
vt 0.680400 0.642700
vt 0.673800 0.648700
vt 0.667400 0.655000
vt 0.660700 0.645700
vt 0.377800 0.433900
vt 0.400400 0.411200
vt 0.845300 0.713600
vt 0.848700 0.688500
vt 0.856200 0.687900
vt 0.857800 0.695900
vt 0.864700 0.712200
vt 0.476800 0.994000
vt 0.460000 0.992900
vt 0.459500 0.987400
vt 0.576400 0.541400
vt 0.917900 0.515100
vt 0.915700 0.517900
vt 0.578400 0.544900
vt 0.479000 0.932700
vt 0.637100 0.485100
vt 0.966000 0.502400
vt 0.958300 0.490300
vt 0.628600 0.487300
vt 0.629600 0.483700
vt 0.876100 0.446800
vt 0.880300 0.452300
vt 0.876300 0.452000
vt 0.873700 0.448300
vt 0.869800 0.444700
vt 0.871100 0.442900
vt 0.314100 0.447700
vt 0.312300 0.441000
vt 0.317700 0.444700
vt 0.322000 0.449500
vt 0.325200 0.453000
vt 0.323500 0.454900
vt 0.319200 0.452100
vt 0.415500 0.155100
vt 0.378500 0.158700
vt 0.432100 0.338700
vt 0.129400 0.595200
vt 0.131900 0.588100
vt 0.126700 0.587500
vt 0.205300 0.061200
vt 0.206900 0.061100
vt 0.204200 0.062100
vt 0.203500 0.061400
vt 0.205200 0.063200
vt 0.204000 0.063100
vt 0.203000 0.062600
vt 0.224833 0.049012
vt 0.223433 0.049112
vt 0.223700 0.047400
vt 0.225500 0.047600
vt 0.193613 0.076416
vt 0.195833 0.074312
vt 0.196733 0.075212
vt 0.194865 0.077373
vt 0.194933 0.073512
vt 0.192390 0.075584
vt 0.222300 0.047600
vt 0.221900 0.048600
vt 0.197900 0.035200
vt 0.199500 0.039200
vt 0.197300 0.040200
vt 0.196000 0.036000
vt 0.195900 0.048100
vt 0.192500 0.043500
vt 0.195300 0.041400
vt 0.808100 0.405100
vt 0.808300 0.406100
vt 0.804600 0.407200
vt 0.801900 0.403900
vt 0.803200 0.403300
vt 0.805200 0.405000
vt 0.191600 0.052100
vt 0.193300 0.050300
vt 0.197100 0.055000
vt 0.195700 0.056700
vt 0.188300 0.055500
vt 0.192700 0.060300
vt 0.202300 0.067100
vt 0.199500 0.070800
vt 0.203300 0.067800
vt 0.211100 0.057700
vt 0.211900 0.059300
vt 0.202000 0.037800
vt 0.205600 0.042500
vt 0.204700 0.035900
vt 0.208300 0.040500
vt 0.200100 0.033900
vt 0.202300 0.032400
vt 0.588000 0.341700
vt 0.617800 0.289000
vt 0.657700 0.287200
vt 0.668700 0.308000
vt 0.650300 0.319700
vt 0.608100 0.335600
vt 0.608400 0.346300
vt 0.215500 0.521700
vt 0.218800 0.525300
vt 0.215700 0.527400
vt 0.212500 0.524500
vt 0.208700 0.521100
vt 0.211800 0.518200
vt 0.185100 0.050100
vt 0.188100 0.047500
vt 0.185800 0.057700
vt 0.190100 0.063000
vt 0.186933 0.065612
vt 0.182633 0.059912
vt 0.220500 0.053900
vt 0.219100 0.052500
vt 0.216300 0.057100
vt 0.215300 0.055500
vt 0.200400 0.071600
vt 0.968500 0.526500
vt 0.959400 0.525000
vt 0.948300 0.525300
vt 0.958200 0.517600
vt 0.968100 0.517900
vt 0.978400 0.515900
vt 0.977600 0.529700
vt 0.850200 0.223500
vt 0.832500 0.205400
vt 0.848900 0.193100
vt 0.863900 0.209200
vt 0.377200 0.066500
vt 0.414000 0.052000
vt 0.414200 0.069500
vt 0.319700 0.796700
vt 0.312700 0.808900
vt 0.311700 0.822100
vt 0.313400 0.832700
vt 0.318800 0.846800
vt 0.310500 0.849900
vt 0.307000 0.842900
vt 0.300100 0.808200
vt 0.303000 0.793600
vt 0.308900 0.778800
vt 0.330800 0.784300
vt 0.182900 0.046400
vt 0.185500 0.044400
vt 0.182500 0.052100
vt 0.180400 0.048100
vt 0.180360 0.060952
vt 0.176917 0.054942
vt 0.179133 0.053912
vt 0.538900 0.588300
vt 0.542800 0.592900
vt 0.862900 0.941000
vt 0.865200 0.946700
vt 0.177333 0.049812
vt 0.175075 0.049896
vt 0.857400 0.325100
vt 0.854500 0.330400
vt 0.843600 0.323000
vt 0.847600 0.316600
vt 0.216300 0.049500
vt 0.219700 0.045800
vt 0.486072 0.250942
vt 0.200800 0.059000
vt 0.199900 0.060400
vt 0.860400 0.815200
vt 0.862100 0.821900
vt 0.856100 0.823700
vt 0.854100 0.818100
vt 0.851900 0.814100
vt 0.858300 0.810700
vt 0.188654 0.072310
vt 0.191233 0.070612
vt 0.222700 0.043800
vt 0.225000 0.043300
vt 0.220700 0.044800
vt 0.197400 0.064100
vt 0.194700 0.067500
vt 0.184381 0.067120
vt 0.219900 0.038900
vt 0.222700 0.037400
vt 0.217500 0.040600
vt 0.216200 0.041700
vt 0.215900 0.034200
vt 0.218600 0.032100
vt 0.213600 0.036000
vt 0.212200 0.037100
vt 0.126800 0.332300
vt 0.128500 0.333000
vt 0.127000 0.337400
vt 0.125700 0.338000
vt 0.121700 0.340800
vt 0.120800 0.339000
vt 0.125400 0.339100
vt 0.139306 0.318124
vt 0.137547 0.314380
vt 0.141412 0.313777
vt 0.139800 0.326200
vt 0.135600 0.322300
vt 0.139300 0.320200
vt 0.143300 0.322500
vt 0.144200 0.321100
vt 0.140000 0.340100
vt 0.147200 0.344200
vt 0.144200 0.349200
vt 0.137400 0.344700
vt 0.142700 0.351000
vt 0.136200 0.346200
vt 0.130000 0.341500
vt 0.130900 0.340200
vt 0.141000 0.352800
vt 0.134700 0.347900
vt 0.128800 0.342900
vt 0.130300 0.352100
vt 0.124800 0.345900
vt 0.120500 0.349600
vt 0.116800 0.344100
vt 0.115600 0.342600
vt 0.133200 0.335600
vt 0.149100 0.340500
vt 0.142500 0.335500
vt 0.152900 0.342400
vt 0.151300 0.345600
vt 0.143700 0.355700
vt 0.144900 0.354600
vt 0.141000 0.358900
vt 0.137400 0.356600
vt 0.127100 0.355400
vt 0.112500 0.348900
vt 0.116700 0.354000
vt 0.145306 0.317324
vt 0.145000 0.319500
vt 0.151900 0.324000
vt 0.131400 0.327200
vt 0.136000 0.330600
vt 0.129700 0.326300
vt 0.134500 0.320600
vt 0.111100 0.347600
vt 0.882300 0.248500
vt 0.860400 0.291200
vt 0.852500 0.285900
vt 0.864500 0.234500
vt 0.873500 0.241500
vt 0.140300 0.274100
vt 0.136900 0.271500
vt 0.138500 0.268900
vt 0.145700 0.273900
vt 0.124300 0.359700
vt 0.153306 0.321524
vt 0.158406 0.328624
vt 0.160358 0.325501
vt 0.163001 0.329277
vt 0.161006 0.332124
vt 0.154706 0.319082
vt 0.146650 0.314163
vt 0.949700 0.593900
vt 0.947300 0.590300
vt 0.951000 0.588200
vt 0.953000 0.592200
vt 0.949800 0.586000
vt 0.947200 0.585100
vt 0.989700 0.586800
vt 0.991900 0.593800
vt 0.814500 0.399500
vt 0.813500 0.401600
vt 0.812100 0.400900
vt 0.813500 0.397700
vt 0.814700 0.397500
vt 0.959600 0.604700
vt 0.954400 0.600400
vt 0.958400 0.597600
vt 0.955700 0.609100
vt 0.951000 0.604400
vt 0.948200 0.601500
vt 0.951200 0.597200
vt 0.946200 0.609000
vt 0.943600 0.605700
vt 0.942600 0.604300
vt 0.946900 0.600300
vt 0.939500 0.607100
vt 0.938700 0.605700
vt 0.861800 0.582000
vt 0.849600 0.575800
vt 0.854900 0.572000
vt 0.864900 0.570300
vt 0.954700 0.578800
vt 0.956700 0.579100
vt 0.958400 0.581100
vt 0.958300 0.587500
vt 0.951000 0.580800
vt 0.943100 0.747800
vt 0.949500 0.740700
vt 0.951700 0.746200
vt 0.945500 0.750800
vt 0.954900 0.594600
vt 0.960900 0.589300
vt 0.964000 0.592200
vt 0.969600 0.586000
vt 0.967600 0.583000
vt 0.966200 0.581500
vt 0.968900 0.579800
vt 0.984700 0.579000
vt 0.946800 0.615800
vt 0.950000 0.613400
vt 0.955700 0.620500
vt 0.952800 0.623500
vt 0.959900 0.624700
vt 0.957800 0.628200
vt 0.508400 0.845200
vt 0.513800 0.843700
vt 0.520500 0.842000
vt 0.521300 0.846500
vt 0.514600 0.848800
vt 0.508800 0.850900
vt 0.965000 0.609900
vt 0.960700 0.615000
vt 0.942000 0.610500
vt 0.975200 0.574500
vt 0.971200 0.577700
vt 0.973600 0.574000
vt 0.714300 0.804600
vt 0.709800 0.810100
vt 0.702400 0.818000
vt 0.695700 0.812900
vt 0.710100 0.800000
vt 0.969100 0.614700
vt 0.964700 0.619000
vt 0.537900 0.719400
vt 0.633800 0.891200
vt 0.623900 0.884000
vt 0.626600 0.878000
vt 0.623600 0.135200
vt 0.623100 0.132800
vt 0.625300 0.135700
vt 0.620600 0.112000
vt 0.618000 0.114600
vt 0.616300 0.111700
vt 0.622600 0.107600
vt 0.624100 0.113100
vt 0.626900 0.109800
vt 0.633900 0.116500
vt 0.637900 0.113700
vt 0.640300 0.118000
vt 0.635800 0.118100
vt 0.642000 0.115700
vt 0.645000 0.116100
vt 0.644700 0.118400
vt 0.632300 0.125400
vt 0.634600 0.121900
vt 0.637300 0.123300
vt 0.634600 0.127300
vt 0.629400 0.123000
vt 0.631600 0.120000
vt 0.180600 0.109000
vt 0.177300 0.111800
vt 0.170400 0.104300
vt 0.173900 0.102000
vt 0.891000 0.605200
vt 0.887100 0.614400
vt 0.882400 0.626800
vt 0.876400 0.625600
vt 0.887000 0.603900
vt 0.891400 0.597200
vt 0.894600 0.598000
vt 0.615700 0.116900
vt 0.612300 0.120100
vt 0.610200 0.117700
vt 0.613500 0.114600
vt 0.628500 0.101900
vt 0.632000 0.105100
vt 0.637300 0.108200
vt 0.640000 0.112900
vt 0.635000 0.109400
vt 0.510200 0.855600
vt 0.504200 0.858200
vt 0.503700 0.852900
vt 0.516300 0.853300
vt 0.622400 0.143400
vt 0.623500 0.138800
vt 0.625400 0.139300
vt 0.624100 0.144000
vt 0.648600 0.116400
vt 0.649000 0.118300
vt 0.630800 0.131200
vt 0.627100 0.133100
vt 0.626500 0.130200
vt 0.629200 0.128500
vt 0.623800 0.131100
vt 0.621700 0.129400
vt 0.631000 0.100000
vt 0.634400 0.103500
vt 0.640100 0.106900
vt 0.643300 0.111800
vt 0.613000 0.134800
vt 0.614400 0.131200
vt 0.619100 0.133700
vt 0.618200 0.137500
vt 0.620100 0.131300
vt 0.933500 0.833200
vt 0.936000 0.843300
vt 0.917700 0.837000
vt 0.917700 0.832300
vt 0.914000 0.824100
vt 0.238600 0.841200
vt 0.229100 0.818700
vt 0.252800 0.815100
vt 0.268000 0.849300
vt 0.247500 0.856800
vt 0.607900 0.120300
vt 0.610100 0.122900
vt 0.601800 0.130100
vt 0.604400 0.127900
vt 0.607700 0.132000
vt 0.636900 0.102000
vt 0.633100 0.098400
vt 0.629400 0.094600
vt 0.631100 0.093000
vt 0.606400 0.125000
vt 0.609600 0.128600
vt 0.616100 0.128400
vt 0.612000 0.125500
vt 0.602500 0.121700
vt 0.603600 0.119800
vt 0.600600 0.123800
vt 0.598300 0.125800
vt 0.272700 0.479300
vt 0.273000 0.486400
vt 0.271000 0.486100
vt 0.269600 0.479400
vt 0.138700 0.362200
vt 0.136900 0.366000
vt 0.132700 0.364300
vt 0.832100 0.727600
vt 0.802000 0.704900
vt 0.817500 0.700600
vt 0.630900 0.642700
vt 0.631900 0.641800
vt 0.633600 0.643500
vt 0.629300 0.644400
vt 0.178000 0.170300
vt 0.180400 0.168400
vt 0.182200 0.171000
vt 0.183700 0.173500
vt 0.181300 0.175200
vt 0.179600 0.172900
vt 0.624900 0.639100
vt 0.624500 0.634200
vt 0.628000 0.637700
vt 0.626900 0.638600
vt 0.631600 0.653000
vt 0.636000 0.646000
vt 0.640800 0.650200
vt 0.635300 0.654300
vt 0.490000 0.719000
vt 0.497200 0.714600
vt 0.613800 0.786200
vt 0.623100 0.778500
vt 0.627300 0.782200
vt 0.618900 0.774900
vt 0.482400 0.711600
vt 0.487900 0.708800
vt 0.469900 0.679700
vt 0.451300 0.668200
vt 0.455900 0.664100
vt 0.451600 0.676300
vt 0.906400 0.275500
vt 0.893300 0.290100
vt 0.882500 0.278400
vt 0.904300 0.248200
vt 0.934900 0.220000
vt 0.470800 0.706200
vt 0.480400 0.689700
vt 0.304000 0.853800
vt 0.300100 0.846500
vt 0.314300 0.859100
vt 0.278600 0.866300
vt 0.295100 0.859000
vt 0.290500 0.851300
vt 0.273300 0.858400
vt 0.838400 0.597700
vt 0.840900 0.601700
vt 0.831500 0.606600
vt 0.827600 0.601100
vt 0.845400 0.606600
vt 0.822000 0.611800
vt 0.812000 0.608300
vt 0.820200 0.598700
vt 0.826700 0.613800
vt 0.804200 0.632800
vt 0.821800 0.633600
vt 0.819900 0.652500
vt 0.801500 0.646900
vt 0.686400 0.973600
vt 0.828500 0.634000
vt 0.830300 0.647300
vt 0.511300 0.647600
vt 0.511400 0.651200
vt 0.462100 0.241300
vt 0.441837 0.252577
vt 0.440700 0.242700
vt 0.682900 0.573200
vt 0.669900 0.565100
vt 0.691800 0.572200
vt 0.589700 0.846200
vt 0.569500 0.845300
vt 0.603700 0.835900
vt 0.612200 0.831700
vt 0.620200 0.826700
vt 0.624400 0.833100
vt 0.603700 0.851200
vt 0.137500 0.823200
vt 0.148300 0.831900
vt 0.136800 0.843800
vt 0.529200 0.737100
vt 0.537200 0.730500
vt 0.541200 0.733100
vt 0.529400 0.753400
vt 0.524800 0.730100
vt 0.531700 0.725500
vt 0.546000 0.734700
vt 0.559300 0.738300
vt 0.549900 0.758600
vt 0.536200 0.754200
vt 0.613800 0.656400
vt 0.604600 0.654400
vt 0.611700 0.650400
vt 0.621700 0.648600
vt 0.755400 0.303600
vt 0.771100 0.301600
vt 0.772400 0.320600
vt 0.613600 0.644200
vt 0.621100 0.641000
vt 0.621800 0.645000
vt 0.854200 0.613600
vt 0.852100 0.601100
vt 0.859300 0.605700
vt 0.866600 0.609100
vt 0.861900 0.617800
vt 0.854600 0.621500
vt 0.520500 0.632000
vt 0.522300 0.627200
vt 0.529300 0.629100
vt 0.526200 0.634400
vt 0.522000 0.619800
vt 0.529300 0.620400
vt 0.480200 0.260100
vt 0.554900 0.678400
vt 0.528000 0.704500
vt 0.517100 0.688300
vt 0.532900 0.683600
vt 0.562900 0.678500
vt 0.491800 0.678000
vt 0.498300 0.682300
vt 0.497800 0.687200
vt 0.488800 0.686100
vt 0.473900 0.674700
vt 0.478300 0.668100
vt 0.918800 0.315600
vt 0.905500 0.300400
vt 0.919300 0.287100
vt 0.718100 0.694600
vt 0.730500 0.696300
vt 0.788200 0.649000
vt 0.779900 0.656100
vt 0.553700 0.631400
vt 0.554300 0.621500
vt 0.562900 0.624500
vt 0.563300 0.635000
vt 0.301700 0.899900
vt 0.313600 0.889700
vt 0.319500 0.896000
vt 0.309700 0.911600
vt 0.990000 0.771900
vt 0.619200 0.618800
vt 0.624500 0.621600
vt 0.622300 0.626700
vt 0.619500 0.624700
vt 0.616400 0.622000
vt 0.848100 0.633400
vt 0.828000 0.622900
vt 0.821700 0.621700
vt 0.803700 0.620900
vt 0.567900 0.784300
vt 0.566900 0.788800
vt 0.559400 0.787800
vt 0.561000 0.782400
vt 0.570600 0.769400
vt 0.899900 0.593600
vt 0.897200 0.599000
vt 0.644700 0.482900
vt 0.654300 0.492000
vt 0.650700 0.494700
vt 0.646600 0.495600
vt 0.642800 0.487900
vt 0.895100 0.810400
vt 0.898400 0.813900
vt 0.902200 0.818000
vt 0.549300 0.593600
vt 0.545000 0.586800
vt 0.552300 0.600900
vt 0.547600 0.574300
vt 0.551800 0.579000
vt 0.584600 0.619700
vt 0.580500 0.617300
vt 0.582500 0.608100
vt 0.323300 0.486900
vt 0.323700 0.482300
vt 0.327100 0.483400
vt 0.329700 0.484100
vt 0.330000 0.488300
vt 0.577600 0.615600
vt 0.577000 0.609200
vt 0.578100 0.624200
vt 0.335800 0.794600
vt 0.329300 0.802100
vt 0.994100 0.789400
vt 0.986600 0.795300
vt 0.980800 0.788000
vt 0.990300 0.782800
vt 0.997000 0.793400
vt 0.990100 0.799600
vt 0.637600 0.715500
vt 0.632800 0.721900
vt 0.626200 0.719800
vt 0.633700 0.710400
vt 0.962700 0.777400
vt 0.975000 0.800100
vt 0.980900 0.805900
vt 0.985700 0.810100
vt 0.575300 0.517700
vt 0.925300 0.502500
vt 0.920700 0.504400
vt 0.577300 0.527500
vt 0.573700 0.526500
vt 0.889100 0.627300
vt 0.883700 0.642700
vt 0.876400 0.641800
vt 0.675800 0.324400
vt 0.370700 0.637400
vt 0.370600 0.652400
vt 0.357000 0.652800
vt 0.355600 0.662500
vt 0.341100 0.660600
vt 0.368400 0.596200
vt 0.388600 0.600400
vt 0.389700 0.617900
vt 0.391900 0.636500
vt 0.623700 0.716500
vt 0.618100 0.722300
vt 0.615800 0.719700
vt 0.621400 0.713500
vt 0.620500 0.725100
vt 0.892100 0.930400
vt 0.884400 0.931700
vt 0.059400 0.084500
vt 0.059500 0.078700
vt 0.063100 0.079700
vt 0.063000 0.086200
vt 0.055700 0.082800
vt 0.055600 0.077900
vt 0.918100 0.778800
vt 0.911000 0.786700
vt 0.904400 0.781600
vt 0.910600 0.773800
vt 0.903200 0.770400
vt 0.898700 0.777100
vt 0.895200 0.774300
vt 0.898400 0.768900
vt 0.911000 0.892800
vt 0.918800 0.898200
vt 0.911700 0.906800
vt 0.903500 0.902100
vt 0.891300 0.892700
vt 0.892700 0.900000
vt 0.657500 0.547500
vt 0.663100 0.534900
vt 0.668400 0.538200
vt 0.961100 0.798500
vt 0.953100 0.802500
vt 0.955200 0.796400
vt 0.563800 0.566000
vt 0.576700 0.580000
vt 0.573300 0.582200
vt 0.557000 0.565400
vt 0.553800 0.562100
vt 0.557700 0.559300
vt 0.560800 0.562900
vt 0.938900 0.792000
vt 0.943000 0.786800
vt 0.947300 0.782700
vt 0.518500 0.767500
vt 0.524600 0.767900
vt 0.523000 0.772200
vt 0.517300 0.772500
vt 0.522900 0.778400
vt 0.515700 0.779600
vt 0.377200 0.392400
vt 0.376000 0.389700
vt 0.382300 0.393600
vt 0.378500 0.394900
vt 0.528200 0.772000
vt 0.529400 0.777200
vt 0.530500 0.768600
vt 0.540500 0.776200
vt 0.810300 0.394400
vt 0.807200 0.395300
vt 0.806700 0.393800
vt 0.810400 0.393300
vt 0.816200 0.394800
vt 0.814600 0.395500
vt 0.649700 0.455300
vt 0.655400 0.445000
vt 0.662800 0.446900
vt 0.660800 0.452300
vt 0.659900 0.461900
vt 0.431900 0.651200
vt 0.434100 0.646700
vt 0.436000 0.650500
vt 0.433300 0.653300
vt 0.960600 0.729900
vt 0.964700 0.730900
vt 0.571400 0.784000
vt 0.723800 0.751900
vt 0.713500 0.737700
vt 0.723500 0.726400
vt 0.729100 0.743500
vt 0.736900 0.764600
vt 0.069600 0.355800
vt 0.076200 0.374900
vt 0.066300 0.409600
vt 0.068700 0.400600
vt 0.070300 0.391200
vt 0.070200 0.384200
vt 0.065000 0.357000
vt 0.676300 0.498700
vt 0.676500 0.507300
vt 0.672200 0.507800
vt 0.668500 0.501500
vt 0.659200 0.488600
vt 0.666000 0.484200
vt 0.829800 0.590100
vt 0.834200 0.588400
vt 0.862900 0.678100
vt 0.866400 0.680600
vt 0.854800 0.685300
vt 0.859100 0.676200
vt 0.848900 0.685000
vt 0.849500 0.675000
vt 0.923500 0.742700
vt 0.932400 0.737300
vt 0.933300 0.741300
vt 0.927100 0.747000
vt 0.941600 0.737300
vt 0.937400 0.743500
vt 0.931400 0.749800
vt 0.568500 0.693200
vt 0.570500 0.680100
vt 0.574800 0.664600
vt 0.583200 0.670400
vt 0.574800 0.695200
vt 0.627300 0.471300
vt 0.616900 0.470800
vt 0.615100 0.463000
vt 0.621000 0.455800
vt 0.627400 0.459000
vt 0.630900 0.464500
vt 0.429100 0.671100
vt 0.419100 0.672700
vt 0.416700 0.655800
vt 0.426900 0.655500
vt 0.604200 0.465200
vt 0.598200 0.458200
vt 0.606400 0.455100
vt 0.614500 0.451400
vt 0.909100 0.946100
vt 0.924900 0.951600
vt 0.589700 0.497000
vt 0.602600 0.488100
vt 0.945100 0.482700
vt 0.951600 0.486400
vt 0.939100 0.495600
vt 0.075600 0.084000
vt 0.075500 0.066400
vt 0.085500 0.067300
vt 0.079000 0.087900
vt 0.083600 0.088200
vt 0.076200 0.092100
vt 0.074400 0.089600
vt 0.812300 0.663900
vt 0.803900 0.665300
vt 0.509400 0.680300
vt 0.505900 0.689200
vt 0.505100 0.684600
vt 0.951200 0.732100
vt 0.945900 0.725800
vt 0.951400 0.722100
vt 0.955400 0.730100
vt 0.872300 0.685000
vt 0.865500 0.697500
vt 0.158100 0.213800
vt 0.163000 0.212700
vt 0.164100 0.216600
vt 0.166500 0.222700
vt 0.162500 0.224800
vt 0.807200 0.683800
vt 0.824000 0.694400
vt 0.399700 0.754400
vt 0.413200 0.764500
vt 0.401400 0.768700
vt 0.389800 0.764500
vt 0.881700 0.418900
vt 0.883200 0.424500
vt 0.883400 0.428700
vt 0.879900 0.431400
vt 0.877000 0.427900
vt 0.873700 0.422300
vt 0.870600 0.416400
vt 0.877300 0.412000
vt 0.493400 0.855600
vt 0.490400 0.852000
vt 0.494300 0.845300
vt 0.499000 0.846600
vt 0.351500 0.782300
vt 0.343700 0.788500
vt 0.342600 0.780000
vt 0.355000 0.775800
vt 0.486500 0.860100
vt 0.360900 0.763900
vt 0.364100 0.771700
vt 0.346200 0.765000
vt 0.862200 0.734900
vt 0.870900 0.746300
vt 0.865400 0.752300
vt 0.854800 0.744300
vt 0.872200 0.749900
vt 0.868900 0.754600
vt 0.019800 0.091300
vt 0.013800 0.094500
vt 0.012100 0.085900
vt 0.019100 0.033800
vt 0.131400 0.187200
vt 0.125800 0.184500
vt 0.127200 0.178900
vt 0.132800 0.180600
vt 0.136900 0.182100
vt 0.134700 0.190000
vt 0.926000 0.728300
vt 0.933000 0.728100
vt 0.756400 0.392000
vt 0.757200 0.401900
vt 0.747000 0.411400
vt 0.947400 0.771100
vt 0.949300 0.777400
vt 0.939300 0.772400
vt 0.940100 0.767700
vt 0.456100 0.612600
vt 0.453400 0.623500
vt 0.446100 0.629200
vt 0.441900 0.622600
vt 0.445900 0.614600
vt 0.449300 0.606500
vt 0.562300 0.490400
vt 0.789500 0.237200
vt 0.780300 0.194600
vt 0.167000 0.843800
vt 0.176700 0.827800
vt 0.193100 0.837400
vt 0.180600 0.853800
vt 0.926500 0.519900
vt 0.938000 0.523500
vt 0.930500 0.525800
vt 0.399500 0.785100
vt 0.398700 0.780500
vt 0.411700 0.779000
vt 0.414700 0.784500
vt 0.400100 0.790000
vt 0.417600 0.790500
vt 0.499900 0.889200
vt 0.505100 0.882800
vt 0.509900 0.887600
vt 0.505500 0.896500
vt 0.891800 0.615300
vt 0.790500 0.955100
vt 0.764600 0.953000
vt 0.742200 0.951700
vt 0.741500 0.938700
vt 0.781600 0.935800
vt 0.796000 0.938200
vt 0.812700 0.928000
vt 0.500300 0.817500
vt 0.500700 0.820800
vt 0.493500 0.819000
vt 0.492400 0.814500
vt 0.500200 0.814100
vt 0.491400 0.810000
vt 0.932300 0.553800
vt 0.943900 0.553000
vt 0.943800 0.568100
vt 0.928600 0.567000
vt 0.287200 0.911600
vt 0.286400 0.939400
vt 0.273800 0.925100
vt 0.212200 0.957200
vt 0.219800 0.953500
vt 0.227400 0.968800
vt 0.219700 0.975600
vt 0.847500 0.597400
vt 0.844200 0.594000
vt 0.647800 0.916300
vt 0.656100 0.916200
vt 0.046700 0.188600
vt 0.054600 0.135000
vt 0.067600 0.137200
vt 0.065200 0.164600
vt 0.066100 0.186800
vt 0.334200 0.876200
vt 0.330900 0.880600
vt 0.327400 0.877400
vt 0.330100 0.874400
vt 0.329900 0.870900
vt 0.334900 0.870900
vt 0.996900 0.786600
vt 0.994500 0.781100
vt 0.998100 0.789900
vt 0.579500 0.591900
vt 0.580400 0.589600
vt 0.585200 0.594600
vt 0.581400 0.597400
vt 0.495400 0.862400
vt 0.497300 0.868500
vt 0.489800 0.872500
vt 0.486200 0.867200
vt 0.615400 0.870000
vt 0.600300 0.859100
vt 0.749800 0.522700
vt 0.747900 0.532900
vt 0.732200 0.533700
vt 0.739900 0.513900
vt 0.750900 0.505500
vt 0.587900 0.853000
vt 0.936200 0.636800
vt 0.941400 0.642200
vt 0.691100 0.597300
vt 0.668500 0.606800
vt 0.647900 0.707000
vt 0.644100 0.699600
vt 0.922500 0.929100
vt 0.930300 0.932000
vt 0.927200 0.942800
vt 0.079400 0.876900
vt 0.066700 0.855500
vt 0.081300 0.848500
vt 0.093700 0.868800
vt 0.103000 0.881100
vt 0.112600 0.892500
vt 0.099400 0.903700
vt 0.089400 0.890300
vt 0.554400 0.569100
vt 0.550500 0.565200
vt 0.640600 0.435000
vt 0.620600 0.434200
vt 0.613900 0.420500
vt 0.628500 0.422600
vt 0.640100 0.425200
vt 0.321700 0.882300
vt 0.731100 0.576000
vt 0.727800 0.565300
vt 0.749900 0.555600
vt 0.755500 0.562600
vt 0.757600 0.572500
vt 0.734900 0.584100
vt 0.627500 0.651300
vt 0.624000 0.649800
vt 0.618800 0.660800
vt 0.615700 0.658000
vt 0.623200 0.664100
vt 0.761800 0.674400
vt 0.743000 0.660200
vt 0.796200 0.667000
vt 0.798000 0.683100
vt 0.791300 0.680600
vt 0.788800 0.670900
vt 0.724000 0.646700
vt 0.733400 0.680500
vt 0.715900 0.676900
vt 0.715900 0.662400
vt 0.272500 0.952100
vt 0.261900 0.963700
vt 0.250800 0.949700
vt 0.260800 0.939200
vt 0.933500 0.274300
vt 0.262300 0.912200
vt 0.850700 0.661500
vt 0.035600 0.131100
vt 0.843000 0.773200
vt 0.833900 0.776300
vt 0.831300 0.764300
vt 0.021000 0.193800
vt 0.022000 0.184700
vt 0.029200 0.107400
vt 0.038000 0.109500
vt 0.428611 0.251332
vt 0.419913 0.249946
vt 0.419700 0.239500
vt 0.253300 0.866300
vt 0.461000 0.152400
vt 0.438300 0.153100
vt 0.437400 0.120400
vt 0.461200 0.119900
vt 0.877900 0.963400
vt 0.518100 0.581600
vt 0.525900 0.581800
vt 0.862900 0.967800
vt 0.873500 0.958700
vt 0.248800 0.794900
vt 0.272000 0.793300
vt 0.207700 0.880900
vt 0.215300 0.889000
vt 0.228700 0.878900
vt 0.235600 0.887700
vt 0.288300 0.793000
vt 0.322800 0.810800
vt 0.320500 0.820900
vt 0.872900 0.585100
vt 0.879800 0.571100
vt 0.862300 0.446000
vt 0.866100 0.442100
vt 0.867100 0.443700
vt 0.861700 0.452400
vt 0.859300 0.451900
vt 0.704200 0.982100
vt 0.687500 0.982700
vt 0.702900 0.972900
vt 0.701400 0.963500
vt 0.762600 0.965200
vt 0.557900 0.833900
vt 0.568500 0.831700
vt 0.578500 0.829300
vt 0.869200 0.622200
vt 0.874600 0.611500
vt 0.862700 0.629600
vt 0.894300 0.606300
vt 0.175100 0.166700
vt 0.170800 0.162600
vt 0.168500 0.160300
vt 0.169300 0.158900
vt 0.172500 0.160900
vt 0.177200 0.165000
vt 0.500300 0.875800
vt 0.494100 0.880200
vt 0.518100 0.872400
vt 0.512300 0.876500
vt 0.508300 0.870500
vt 0.514500 0.866700
vt 0.505800 0.863900
vt 0.512100 0.860800
vt 0.518600 0.858000
vt 0.520800 0.863200
vt 0.061500 0.318000
vt 0.067200 0.303400
vt 0.065900 0.318600
vt 0.851000 0.652400
vt 0.034600 0.592900
vt 0.033000 0.601600
vt 0.504100 0.846400
vt 0.514000 0.839400
vt 0.520300 0.838500
vt 0.509100 0.840000
vt 0.509800 0.836400
vt 0.514400 0.836400
vt 0.520500 0.836000
vt 0.501600 0.840200
vt 0.503000 0.835500
vt 0.506600 0.836200
vt 0.505600 0.840400
vt 0.515100 0.832100
vt 0.520900 0.832500
vt 0.510500 0.831300
vt 0.507000 0.830500
vt 0.502600 0.829200
vt 0.500800 0.834600
vt 0.498400 0.827500
vt 0.507200 0.825900
vt 0.507400 0.823200
vt 0.511800 0.824800
vt 0.511300 0.827200
vt 0.501500 0.824000
vt 0.495600 0.822100
vt 0.516000 0.828500
vt 0.521700 0.829300
vt 0.516700 0.826300
vt 0.522300 0.827300
vt 0.517100 0.824100
vt 0.517300 0.821900
vt 0.522200 0.824200
vt 0.522600 0.825400
vt 0.512100 0.822300
vt 0.512300 0.819500
vt 0.507500 0.820400
vt 0.507700 0.817500
vt 0.516300 0.880200
vt 0.521200 0.875900
vt 0.535600 0.860500
vt 0.536900 0.863200
vt 0.531100 0.866500
vt 0.529300 0.864200
vt 0.542700 0.859900
vt 0.542500 0.857600
vt 0.534100 0.856600
vt 0.541700 0.853700
vt 0.527200 0.859900
vt 0.523700 0.868200
vt 0.550100 0.851700
vt 0.559200 0.850500
vt 0.558900 0.854700
vt 0.550300 0.855700
vt 0.549700 0.847800
vt 0.559300 0.846300
vt 0.540800 0.849800
vt 0.532800 0.852500
vt 0.549300 0.843900
vt 0.539800 0.846000
vt 0.531000 0.848400
vt 0.548500 0.840000
vt 0.538800 0.842100
vt 0.529500 0.844300
vt 0.547700 0.836200
vt 0.537800 0.838300
vt 0.528600 0.840200
vt 0.547000 0.833300
vt 0.557200 0.831000
vt 0.882300 0.305700
vt 0.874800 0.318700
vt 0.868100 0.333900
vt 0.862000 0.330000
vt 0.862600 0.323100
vt 0.870500 0.298000
vt 0.537100 0.833500
vt 0.546600 0.831500
vt 0.537300 0.835400
vt 0.556700 0.829000
vt 0.528300 0.837100
vt 0.528200 0.835000
vt 0.546000 0.828700
vt 0.555800 0.826100
vt 0.536800 0.830700
vt 0.528300 0.832000
vt 0.545400 0.826000
vt 0.554800 0.823300
vt 0.536600 0.828000
vt 0.536500 0.826200
vt 0.545000 0.824200
vt 0.554000 0.821400
vt 0.528600 0.829100
vt 0.528900 0.827300
vt 0.544500 0.822300
vt 0.553200 0.819500
vt 0.536300 0.824400
vt 0.535700 0.823100
vt 0.544000 0.820500
vt 0.552300 0.817800
vt 0.528900 0.823700
vt 0.529000 0.825500
vt 0.563300 0.818000
vt 0.562200 0.816000
vt 0.561000 0.813900
vt 0.032300 0.373100
vt 0.037100 0.356600
vt 0.039300 0.357200
vt 0.034900 0.374400
vt 0.041600 0.357700
vt 0.037500 0.375700
vt 0.568200 0.854800
vt 0.567600 0.858300
vt 0.558500 0.857400
vt 0.550600 0.858700
vt 0.597300 0.865500
vt 0.595300 0.869400
vt 0.584200 0.862700
vt 0.585800 0.858700
vt 0.734300 0.785100
vt 0.728900 0.790200
vt 0.723600 0.783900
vt 0.716500 0.777700
vt 0.719800 0.770100
vt 0.733800 0.779100
vt 0.569000 0.850100
vt 0.612300 0.876400
vt 0.610100 0.881000
vt 0.622300 0.888400
vt 0.704700 0.551700
vt 0.127500 0.409300
vt 0.117300 0.401200
vt 0.122100 0.396900
vt 0.708200 0.541800
vt 0.711000 0.548900
vt 0.640200 0.879600
vt 0.637300 0.885500
vt 0.628100 0.842200
vt 0.376200 0.436200
vt 0.182900 0.785200
vt 0.155400 0.818200
vt 0.158100 0.778900
vt 0.156400 0.754600
vt 0.181300 0.760700
vt 0.510200 0.672600
vt 0.534300 0.660300
vt 0.522100 0.665900
vt 0.541700 0.654800
vt 0.508400 0.668600
vt 0.502000 0.664500
vt 0.507800 0.665400
vt 0.501300 0.667800
vt 0.501500 0.671700
vt 0.520700 0.661900
vt 0.531800 0.656500
vt 0.539100 0.652400
vt 0.901700 0.886600
vt 0.888200 0.886800
vt 0.070200 0.318700
vt 0.072800 0.304000
vt 0.071400 0.311100
vt 0.803800 0.401900
vt 0.802600 0.400900
vt 0.803900 0.397700
vt 0.805200 0.396300
vt 0.809200 0.398000
vt 0.806700 0.398500
vt 0.612500 0.562000
vt 0.604500 0.560300
vt 0.902900 0.547400
vt 0.922100 0.536800
vt 0.924500 0.540400
vt 0.872500 0.936300
vt 0.542000 0.550300
vt 0.538300 0.558600
vt 0.525800 0.556200
vt 0.510100 0.561100
vt 0.506100 0.555000
vt 0.519800 0.549000
vt 0.532700 0.541000
vt 0.473800 0.628500
vt 0.469300 0.627900
vt 0.471700 0.619000
vt 0.475500 0.610000
vt 0.485300 0.596200
vt 0.506700 0.579300
vt 0.509400 0.583700
vt 0.874300 0.941700
vt 0.883300 0.938600
vt 0.877700 0.946800
vt 0.874500 0.945200
vt 0.892200 0.942700
vt 0.882400 0.950500
vt 0.889800 0.954800
vt 0.884800 0.955100
vt 0.900600 0.924300
vt 0.902900 0.928700
vt 0.893600 0.932800
vt 0.894100 0.919800
vt 0.910800 0.919800
vt 0.905900 0.914500
vt 0.910100 0.915700
vt 0.915500 0.910300
vt 0.918300 0.914600
vt 0.899100 0.911000
vt 0.892800 0.907200
vt 0.888000 0.909900
vt 0.908200 0.936600
vt 0.575300 0.819300
vt 0.565800 0.823100
vt 0.564400 0.820000
vt 0.581300 0.811100
vt 0.583700 0.814800
vt 0.476600 0.637900
vt 0.473100 0.638700
vt 0.476600 0.629300
vt 0.468400 0.639200
vt 0.473900 0.646400
vt 0.469100 0.647500
vt 0.476700 0.652100
vt 0.472000 0.653800
vt 0.477600 0.645100
vt 0.484500 0.655700
vt 0.463400 0.649000
vt 0.461200 0.635900
vt 0.467000 0.656600
vt 0.481600 0.663300
vt 0.491500 0.669100
vt 0.484000 0.659700
vt 0.492500 0.665000
vt 0.496900 0.666600
vt 0.496300 0.670600
vt 0.497500 0.663200
vt 0.493000 0.661900
vt 0.141100 0.496800
vt 0.107100 0.545100
vt 0.103800 0.577300
vt 0.088700 0.575500
vt 0.087000 0.593600
vt 0.063100 0.591000
vt 0.064500 0.572500
vt 0.064700 0.558900
vt 0.054361 0.557540
vt 0.183800 0.436800
vt 0.186700 0.439800
vt 0.461100 0.660500
vt 0.646200 0.460700
vt 0.642900 0.467100
vt 0.450200 0.654500
vt 0.456600 0.651400
vt 0.444800 0.657900
vt 0.441600 0.669000
vt 0.445700 0.679900
vt 0.694500 0.468100
vt 0.690400 0.476300
vt 0.681100 0.470100
vt 0.668100 0.462300
vt 0.671800 0.456400
vt 0.685600 0.462900
vt 0.461900 0.710000
vt 0.457000 0.702600
vt 0.466700 0.717000
vt 0.476600 0.713700
vt 0.483400 0.721500
vt 0.490700 0.742100
vt 0.482200 0.745600
vt 0.478900 0.737200
vt 0.483700 0.750500
vt 0.474500 0.482700
vt 0.484900 0.446600
vt 0.581000 0.268400
vt 0.617900 0.230600
vt 0.630300 0.245800
vt 0.601800 0.271800
vt 0.594500 0.279900
vt 0.522400 0.740700
vt 0.522000 0.754600
vt 0.185100 0.562000
vt 0.182600 0.558300
vt 0.178800 0.553600
vt 0.177100 0.555300
vt 0.181000 0.559600
vt 0.183600 0.563100
vt 0.185000 0.565500
vt 0.186700 0.564400
vt 0.494600 0.750700
vt 0.511600 0.756700
vt 0.502300 0.758400
vt 0.495100 0.754500
vt 0.248800 0.433300
vt 0.222000 0.419300
vt 0.231200 0.412000
vt 0.520100 0.722900
vt 0.876300 0.842700
vt 0.895600 0.839200
vt 0.917700 0.845800
vt 0.918000 0.858700
vt 0.908900 0.634700
vt 0.906000 0.632900
vt 0.907400 0.630600
vt 0.911000 0.632600
vt 0.485100 0.754700
vt 0.477600 0.759800
vt 0.475500 0.755200
vt 0.469900 0.767100
vt 0.473300 0.750100
vt 0.469600 0.741300
vt 0.460500 0.746800
vt 0.454700 0.734100
vt 0.463700 0.728900
vt 0.472400 0.725200
vt 0.449700 0.724800
vt 0.458600 0.720200
vt 0.439000 0.742300
vt 0.445700 0.754400
vt 0.464700 0.756100
vt 0.450900 0.763500
vt 0.421300 0.748700
vt 0.418100 0.739800
vt 0.434700 0.732700
vt 0.430400 0.722100
vt 0.445000 0.715500
vt 0.350900 0.892200
vt 0.344700 0.888800
vt 0.454100 0.712400
vt 0.449600 0.704300
vt 0.444900 0.695200
vt 0.451900 0.693700
vt 0.440600 0.706200
vt 0.436400 0.696500
vt 0.439300 0.681800
vt 0.431600 0.682500
vt 0.436200 0.670800
vt 0.908700 0.661400
vt 0.902900 0.654100
vt 0.904700 0.651700
vt 0.908800 0.656100
vt 0.420900 0.684800
vt 0.423900 0.700000
vt 0.426700 0.711100
vt 0.364100 0.707700
vt 0.382400 0.708900
vt 0.383300 0.693300
vt 0.394200 0.708100
vt 0.398000 0.745300
vt 0.382900 0.745800
vt 0.382900 0.754400
vt 0.359600 0.753400
vt 0.339200 0.766600
vt 0.331000 0.765800
vt 0.340400 0.728100
vt 0.361300 0.731700
vt 0.803800 0.431200
vt 0.806600 0.428900
vt 0.809900 0.432600
vt 0.813100 0.436500
vt 0.811300 0.438000
vt 0.807500 0.434700
vt 0.812200 0.403200
vt 0.810500 0.404200
vt 0.810100 0.402700
vt 0.811500 0.402300
vt 0.292100 0.761500
vt 0.272200 0.758400
vt 0.274900 0.741300
vt 0.294800 0.745600
vt 0.246600 0.753900
vt 0.248900 0.734600
vt 0.271200 0.775700
vt 0.246800 0.774300
vt 0.600200 0.586700
vt 0.598100 0.596600
vt 0.588200 0.590700
vt 0.588500 0.585300
vt 0.587200 0.582100
vt 0.600300 0.582900
vt 0.223300 0.771200
vt 0.222500 0.748200
vt 0.561800 0.764500
vt 0.554600 0.779700
vt 0.572600 0.743900
vt 0.136400 0.775400
vt 0.134500 0.750400
vt 0.108700 0.772900
vt 0.106300 0.746600
vt 0.635100 0.687000
vt 0.611100 0.665000
vt 0.627600 0.666400
vt 0.635400 0.670600
vt 0.644600 0.677400
vt 0.090000 0.772400
vt 0.086800 0.745400
vt 0.078700 0.801300
vt 0.071400 0.773300
vt 0.061900 0.805300
vt 0.053000 0.776400
vt 0.797600 0.090500
vt 0.801800 0.073800
vt 0.844800 0.093800
vt 0.838500 0.108500
vt 0.795200 0.107600
vt 0.832400 0.123600
vt 0.825900 0.138300
vt 0.793700 0.124900
vt 0.096100 0.842300
vt 0.108000 0.861000
vt 0.122600 0.853000
vt 0.117000 0.872100
vt 0.126300 0.882300
vt 0.419100 0.518000
vt 0.408300 0.510600
vt 0.866800 0.153100
vt 0.848800 0.135100
vt 0.154300 0.858600
vt 0.167300 0.869200
vt 0.153800 0.883200
vt 0.140400 0.871200
vt 0.183100 0.883000
vt 0.170300 0.896900
vt 0.196500 0.868900
vt 0.915200 0.737700
vt 0.906900 0.733000
vt 0.897400 0.727800
vt 0.434500 0.663400
vt 0.914500 0.184200
vt 0.928000 0.173800
vt 0.939400 0.195300
vt 0.947100 0.212100
vt 0.191800 0.966400
vt 0.173200 0.958200
vt 0.941600 0.164200
vt 0.953300 0.186800
vt 0.150700 0.946200
vt 0.135400 0.936300
vt 0.146200 0.923100
vt 0.115200 0.919400
vt 0.127300 0.907400
vt 0.140300 0.895800
vt 0.157900 0.910200
vt 0.896800 0.691300
vt 0.902300 0.694100
vt 0.898700 0.697700
vt 0.895100 0.704900
vt 0.888500 0.703500
vt 0.892600 0.696000
vt 0.807300 0.057000
vt 0.851900 0.079200
vt 0.034500 0.781100
vt 0.026500 0.752400
vt 0.046700 0.748400
vt 0.687800 0.068900
vt 0.690500 0.047600
vt 0.694100 0.026100
vt 0.721500 0.031400
vt 0.717900 0.052700
vt 0.715200 0.073900
vt 0.770800 0.528400
vt 0.767300 0.534900
vt 0.763600 0.534700
vt 0.763900 0.528900
vt 0.764500 0.519400
vt 0.772300 0.516800
vt 0.910700 0.434600
vt 0.913200 0.433300
vt 0.918300 0.436100
vt 0.962400 0.399400
vt 0.955400 0.400600
vt 0.328600 0.163000
vt 0.300800 0.165000
vt 0.299800 0.144300
vt 0.299200 0.123400
vt 0.348100 0.122300
vt 0.349800 0.161200
vt 0.577400 0.806800
vt 0.579400 0.808900
vt 0.082000 0.306800
vt 0.078900 0.313000
vt 0.076200 0.311900
vt 0.078400 0.305300
vt 0.080900 0.298800
vt 0.085100 0.300700
vt 0.055000 0.647500
vt 0.525000 0.084800
vt 0.503400 0.085400
vt 0.437100 0.444900
vt 0.422100 0.429800
vt 0.451100 0.403300
vt 0.907100 0.526700
vt 0.906700 0.520500
vt 0.917000 0.521100
vt 0.917800 0.526800
vt 0.970000 0.677100
vt 0.974300 0.672700
vt 0.522900 0.531200
vt 0.511800 0.539800
vt 0.028700 0.613100
vt 0.020200 0.631800
vt 0.499800 0.547600
vt 0.497400 0.566500
vt 0.493300 0.561900
vt 0.548000 0.534200
vt 0.550500 0.546600
vt 0.540800 0.528200
vt 0.546700 0.514500
vt 0.552800 0.518500
vt 0.553400 0.501700
vt 0.486600 0.574700
vt 0.482200 0.571000
vt 0.501600 0.572000
vt 0.491300 0.578500
vt 0.474500 0.590900
vt 0.469700 0.588200
vt 0.478800 0.593200
vt 0.467500 0.606600
vt 0.463600 0.616200
vt 0.461200 0.625500
vt 0.134900 0.088300
vt 0.129100 0.010400
vt 0.137200 0.009300
vt 0.137100 0.033000
vt 0.143400 0.088100
vt 0.619100 0.479000
vt 0.619400 0.483600
vt 0.570800 0.515100
vt 0.587000 0.493300
vt 0.601000 0.484000
vt 0.610100 0.480800
vt 0.516500 0.576400
vt 0.525600 0.576100
vt 0.513200 0.567800
vt 0.524800 0.566600
vt 0.543500 0.570900
vt 0.540800 0.582400
vt 0.537600 0.579900
vt 0.539900 0.569000
vt 0.536100 0.585800
vt 0.532700 0.583700
vt 0.533600 0.577800
vt 0.057000 0.309300
vt 0.052400 0.309800
vt 0.052100 0.302900
vt 0.051800 0.297500
vt 0.051000 0.293600
vt 0.584900 0.551900
vt 0.580700 0.547800
vt 0.645000 0.266500
vt 0.594400 0.554100
vt 0.591200 0.555900
vt 0.907700 0.533000
vt 0.550100 0.613100
vt 0.548000 0.614100
vt 0.549500 0.644300
vt 0.547100 0.642400
vt 0.550800 0.630300
vt 0.551200 0.621300
vt 0.553800 0.611300
vt 0.460200 0.602900
vt 0.418900 0.588600
vt 0.393000 0.571900
vt 0.399500 0.554400
vt 0.413200 0.563700
vt 0.409300 0.571900
vt 0.422100 0.581600
vt 0.831300 0.420200
vt 0.829100 0.422500
vt 0.822900 0.416700
vt 0.824600 0.414400
vt 0.828000 0.417300
vt 0.437400 0.629000
vt 0.433400 0.635400
vt 0.424500 0.628500
vt 0.427400 0.619500
vt 0.437300 0.640300
vt 0.431100 0.643300
vt 0.440100 0.645900
vt 0.484100 0.119400
vt 0.481800 0.086400
vt 0.424900 0.648500
vt 0.430400 0.649000
vt 0.059600 0.610100
vt 0.051600 0.621100
vt 0.415100 0.647800
vt 0.892000 0.236200
vt 0.647600 0.437200
vt 0.663300 0.439700
vt 0.174500 0.264200
vt 0.178600 0.269700
vt 0.181600 0.273700
vt 0.177700 0.276200
vt 0.170100 0.266500
vt 0.172200 0.116600
vt 0.170600 0.118400
vt 0.163100 0.111300
vt 0.164800 0.109100
vt 0.251500 0.288300
vt 0.248900 0.289800
vt 0.246800 0.287200
vt 0.239100 0.277000
vt 0.236600 0.271700
vt 0.240800 0.270700
vt 0.584400 0.736600
vt 0.576400 0.746700
vt 0.687700 0.271600
vt 0.715200 0.263000
vt 0.676500 0.248700
vt 0.690900 0.242900
vt 0.705600 0.238000
vt 0.224000 0.726300
vt 0.199700 0.717500
vt 0.202700 0.700300
vt 0.198400 0.741200
vt 0.181300 0.710700
vt 0.184400 0.692400
vt 0.180100 0.735700
vt 0.168900 0.706400
vt 0.172100 0.687400
vt 0.156200 0.702200
vt 0.159500 0.682400
vt 0.701800 0.179700
vt 0.697700 0.167000
vt 0.724300 0.166400
vt 0.730900 0.191300
vt 0.705900 0.192200
vt 0.132900 0.695300
vt 0.135000 0.674100
vt 0.155300 0.728800
vt 0.133100 0.723300
vt 0.104100 0.718800
vt 0.101100 0.690300
vt 0.083800 0.718100
vt 0.079600 0.690100
vt 0.066800 0.745700
vt 0.054200 0.670100
vt 0.076000 0.669000
vt 0.033000 0.672500
vt 0.098700 0.669100
vt 0.237900 0.191000
vt 0.259000 0.188900
vt 0.259400 0.210600
vt 0.239400 0.213300
vt 0.260200 0.232400
vt 0.240500 0.235700
vt 0.279900 0.208400
vt 0.280500 0.229500
vt 0.301000 0.206300
vt 0.301600 0.226600
vt 0.165800 0.663100
vt 0.147100 0.653600
vt 0.156900 0.633600
vt 0.168700 0.614700
vt 0.184900 0.626800
vt 0.174300 0.644400
vt 0.187400 0.591200
vt 0.185800 0.651400
vt 0.178100 0.669100
vt 0.195600 0.634700
vt 0.206400 0.642500
vt 0.197500 0.658200
vt 0.190300 0.675000
vt 0.569600 0.499500
vt 0.563500 0.510000
vt 0.558000 0.505700
vt 0.565900 0.494800
vt 0.582200 0.486800
vt 0.597800 0.476100
vt 0.907900 0.664100
vt 0.898800 0.652600
vt 0.900500 0.651400
vt 0.223100 0.653900
vt 0.256400 0.650600
vt 0.576800 0.399100
vt 0.580800 0.427800
vt 0.564500 0.401800
vt 0.169800 0.569600
vt 0.165800 0.565600
vt 0.161400 0.561100
vt 0.932700 0.829100
vt 0.942400 0.830400
vt 0.945300 0.834700
vt 0.949900 0.842000
vt 0.327300 0.656100
vt 0.347800 0.615800
vt 0.344700 0.594000
vt 0.356500 0.594600
vt 0.968700 0.848000
vt 0.956400 0.854900
vt 0.950900 0.857600
vt 0.946600 0.857200
vt 0.975100 0.836000
vt 0.983000 0.820500
vt 0.991600 0.803600
vt 0.989700 0.813100
vt 0.987300 0.823400
vt 0.979100 0.839000
vt 0.639700 0.915600
vt 0.634000 0.914900
vt 0.370200 0.662200
vt 0.369400 0.671900
vt 0.354000 0.672100
vt 0.352100 0.681100
vt 0.335400 0.677600
vt 0.400600 0.619100
vt 0.403200 0.635900
vt 0.412700 0.636100
vt 0.554600 0.378400
vt 0.550700 0.363300
vt 0.566400 0.363500
vt 0.587600 0.365700
vt 0.601500 0.421400
vt 0.611700 0.436900
vt 0.340400 0.572600
vt 0.338300 0.556700
vt 0.354500 0.557700
vt 0.354500 0.573400
vt 0.325900 0.573700
vt 0.321700 0.558100
vt 0.297100 0.582800
vt 0.576600 0.306300
vt 0.912900 0.927000
vt 0.931900 0.919800
vt 0.525100 0.282900
vt 0.544400 0.245700
vt 0.560900 0.254600
vt 0.938400 0.634300
vt 0.942200 0.637000
vt 0.944100 0.640000
vt 0.931200 0.633500
vt 0.933200 0.630400
vt 0.348100 0.045200
vt 0.326200 0.042900
vt 0.326300 0.023600
vt 0.817100 0.526900
vt 0.819900 0.523300
vt 0.825900 0.526900
vt 0.832900 0.529500
vt 0.829600 0.534600
vt 0.823100 0.532200
vt 0.329300 0.182900
vt 0.329700 0.202700
vt 0.301200 0.185600
vt 0.330600 0.222000
vt 0.279800 0.166200
vt 0.258500 0.167500
vt 0.257800 0.146100
vt 0.278900 0.145200
vt 0.280100 0.187200
vt 0.348000 0.064200
vt 0.416500 0.172300
vt 0.438400 0.170000
vt 0.438300 0.187400
vt 0.417100 0.189800
vt 0.789300 0.260600
vt 0.768700 0.258300
vt 0.765900 0.234900
vt 0.317900 0.537200
vt 0.315900 0.521500
vt 0.337900 0.519700
vt 0.337800 0.535600
vt 0.337900 0.546100
vt 0.319600 0.547600
vt 0.502300 0.185100
vt 0.523300 0.184900
vt 0.522800 0.200600
vt 0.502000 0.201100
vt 0.480700 0.201900
vt 0.480900 0.185500
vt 0.361500 0.516800
vt 0.357000 0.536600
vt 0.534400 0.382800
vt 0.541300 0.398400
vt 0.524300 0.405300
vt 0.516100 0.388500
vt 0.509700 0.369700
vt 0.529600 0.365600
vt 0.188600 0.158000
vt 0.191300 0.159400
vt 0.438100 0.205100
vt 0.396900 0.531800
vt 0.407200 0.538300
vt 0.380100 0.523400
vt 0.391100 0.500100
vt 0.372700 0.490300
vt 0.389900 0.548800
vt 0.878800 0.331300
vt 0.873400 0.337400
vt 0.884300 0.325600
vt 0.707100 0.747500
vt 0.712700 0.754900
vt 0.700800 0.760400
vt 0.700600 0.756800
vt 0.703300 0.752200
vt 0.546800 0.408100
vt 0.421500 0.548600
vt 0.434100 0.529300
vt 0.448000 0.540700
vt 0.434800 0.559400
vt 0.528900 0.346300
vt 0.539400 0.346500
vt 0.549900 0.347100
vt 0.907400 0.824000
vt 0.401000 0.485500
vt 0.383400 0.474000
vt 0.395500 0.458600
vt 0.412100 0.471500
vt 0.525000 0.168600
vt 0.503500 0.168900
vt 0.482000 0.169000
vt 0.483200 0.152400
vt 0.460300 0.169200
vt 0.459500 0.186200
vt 0.487700 0.535600
vt 0.458000 0.528900
vt 0.468200 0.517800
vt 0.478300 0.507100
vt 0.498500 0.526300
vt 0.410900 0.621500
vt 0.412100 0.609200
vt 0.815600 0.786900
vt 0.810700 0.781700
vt 0.803600 0.775400
vt 0.813800 0.765400
vt 0.818600 0.773700
vt 0.822300 0.779900
vt 0.825700 0.786000
vt 0.819700 0.792100
vt 0.245300 0.668000
vt 0.208300 0.684200
vt 0.215100 0.668600
vt 0.237000 0.169100
vt 0.236400 0.147200
vt 0.877300 0.340800
vt 0.883700 0.335900
vt 0.835600 0.470600
vt 0.830000 0.476400
vt 0.827400 0.474300
vt 0.829600 0.471600
vt 0.832100 0.469100
vt 0.835100 0.466800
vt 0.839100 0.467300
vt 0.841600 0.469300
vt 0.842500 0.471500
vt 0.842400 0.473600
vt 0.842100 0.475000
vt 0.834200 0.478300
vt 0.460000 0.781100
vt 0.457100 0.775300
vt 0.298900 0.102500
vt 0.298900 0.081700
vt 0.326900 0.082500
vt 0.348100 0.083400
vt 0.454100 0.769500
vt 0.408600 0.774400
vt 0.420800 0.771400
vt 0.559700 0.707900
vt 0.561400 0.700700
vt 0.566500 0.701300
vt 0.561000 0.717700
vt 0.556700 0.716800
vt 0.562600 0.691800
vt 0.586500 0.700300
vt 0.640200 0.474100
vt 0.651800 0.471700
vt 0.647800 0.477700
vt 0.849800 0.938400
vt 0.074000 0.354000
vt 0.078300 0.351900
vt 0.087100 0.367600
vt 0.082200 0.371300
vt 0.909600 0.635600
vt 0.907400 0.637800
vt 0.904800 0.640000
vt 0.649400 0.682500
vt 0.639500 0.692100
vt 0.648900 0.655800
vt 0.657500 0.665000
vt 0.728800 0.490400
vt 0.737200 0.493700
vt 0.713000 0.494900
vt 0.716800 0.483800
vt 0.669500 0.676700
vt 0.654000 0.690600
vt 0.651700 0.686300
vt 0.666200 0.673600
vt 0.674800 0.681700
vt 0.658400 0.698100
vt 0.978500 0.817300
vt 0.975300 0.815200
vt 0.641900 0.695600
vt 0.631200 0.707300
vt 0.628800 0.704100
vt 0.617500 0.709700
vt 0.624600 0.699400
vt 0.612200 0.716500
vt 0.606300 0.712000
vt 0.611300 0.704300
vt 0.608200 0.720600
vt 0.602400 0.716400
vt 0.603700 0.725300
vt 0.598300 0.721100
vt 0.611600 0.723800
vt 0.607000 0.728600
vt 0.600200 0.736400
vt 0.597000 0.732700
vt 0.609200 0.730900
vt 0.602100 0.739100
vt 0.611500 0.733100
vt 0.604100 0.741900
vt 0.616200 0.728500
vt 0.613900 0.726100
vt 0.588700 0.741300
vt 0.594600 0.749100
vt 0.580900 0.750700
vt 0.592100 0.728200
vt 0.908600 0.628900
vt 0.913000 0.630900
vt 0.911900 0.633200
vt 0.240300 0.935300
vt 0.562700 0.725300
vt 0.552700 0.725100
vt 0.548500 0.723800
vt 0.552500 0.715800
vt 0.544300 0.722200
vt 0.526100 0.720200
vt 0.531400 0.716400
vt 0.614100 0.769900
vt 0.631200 0.895500
vt 0.374200 0.541600
vt 0.565600 0.766700
vt 0.566600 0.794300
vt 0.558400 0.794100
vt 0.947500 0.715600
vt 0.942800 0.719600
vt 0.941500 0.706800
vt 0.551300 0.791800
vt 0.552700 0.785600
vt 0.542300 0.786500
vt 0.543900 0.782100
vt 0.534900 0.783800
vt 0.528800 0.784400
vt 0.522100 0.785300
vt 0.917500 0.700400
vt 0.908200 0.698900
vt 0.910300 0.692400
vt 0.919600 0.693100
vt 0.923100 0.702100
vt 0.926200 0.694500
vt 0.914200 0.709900
vt 0.921500 0.713900
vt 0.904900 0.707200
vt 0.671500 0.983100
vt 0.672500 0.992900
vt 0.661100 0.993500
vt 0.669300 0.043400
vt 0.817500 0.324200
vt 0.840400 0.331200
vt 0.851800 0.337600
vt 0.849100 0.343100
vt 0.837900 0.338100
vt 0.816300 0.333100
vt 0.927000 0.721500
vt 0.933000 0.721800
vt 0.888200 0.724400
vt 0.889900 0.715600
vt 0.705300 0.991500
vt 0.688500 0.992000
vt 0.090500 0.090000
vt 0.090100 0.098200
vt 0.083200 0.096600
vt 0.074200 0.040700
vt 0.083700 0.040200
vt 0.067400 0.064800
vt 0.066800 0.040400
vt 0.072100 0.082100
vt 0.067900 0.081000
vt 0.058000 0.063100
vt 0.103300 0.175400
vt 0.114300 0.176100
vt 0.113500 0.180800
vt 0.103000 0.180200
vt 0.051600 0.082200
vt 0.051400 0.077400
vt 0.040400 0.077900
vt 0.041100 0.082600
vt 0.034800 0.083500
vt 0.885300 0.762000
vt 0.883100 0.764800
vt 0.878100 0.761100
vt 0.880200 0.758600
vt 0.436900 0.087800
vt 0.028800 0.086000
vt 0.876200 0.754200
vt 0.873300 0.757600
vt 0.891700 0.771500
vt 0.894400 0.767100
vt 0.855600 0.590500
vt 0.851300 0.587900
vt 0.843400 0.582300
vt 0.867700 0.583100
vt 0.860600 0.593200
vt 0.131900 0.133300
vt 0.129000 0.133700
vt 0.098400 0.100000
vt 0.098100 0.091600
vt 0.107700 0.091700
vt 0.117000 0.090500
vt 0.118000 0.100200
vt 0.108300 0.101000
vt 0.871200 0.725700
vt 0.877800 0.713500
vt 0.878900 0.723800
vt 0.883600 0.714200
vt 0.883300 0.723800
vt 0.510200 0.427300
vt 0.865900 0.706200
vt 0.879600 0.707700
vt 0.874700 0.699900
vt 0.886000 0.708900
vt 0.892500 0.710400
vt 0.881700 0.701800
vt 0.883000 0.406900
vt 0.890500 0.414100
vt 0.887400 0.420000
vt 0.880300 0.690200
vt 0.886600 0.693500
vt 0.878600 0.677700
vt 0.885900 0.684400
vt 0.891400 0.688500
vt 0.830300 0.503500
vt 0.839700 0.504700
vt 0.839700 0.507400
vt 0.830100 0.506800
vt 0.256800 0.102500
vt 0.278000 0.102500
vt 0.170200 0.123600
vt 0.160900 0.114200
vt 0.173500 0.120200
vt 0.102300 0.037800
vt 0.105700 0.066700
vt 0.081700 0.021600
vt 0.098800 0.020300
vt 0.072000 0.020600
vt 0.065700 0.020900
vt 0.058100 0.040300
vt 0.045000 0.810600
vt 0.126700 0.098400
vt 0.583700 0.626400
vt 0.585300 0.632600
vt 0.579800 0.633400
vt 0.135600 0.097200
vt 0.692200 0.804900
vt 0.690100 0.788700
vt 0.122500 0.099300
vt 0.117900 0.034800
vt 0.112500 0.035900
vt 0.108500 0.017100
vt 0.114800 0.014300
vt 0.121200 0.011500
vt 0.586800 0.638700
vt 0.591600 0.647000
vt 0.585500 0.647900
vt 0.582200 0.641300
vt 0.589400 0.653100
vt 0.593800 0.656800
vt 0.600500 0.659600
vt 0.608500 0.659200
vt 0.599900 0.661600
vt 0.609400 0.661200
vt 0.599200 0.665200
vt 0.592300 0.658500
vt 0.587400 0.654500
vt 0.590000 0.661200
vt 0.584400 0.656700
vt 0.579600 0.642600
vt 0.583200 0.649300
vt 0.579600 0.650900
vt 0.596300 0.677900
vt 0.577000 0.634200
vt 0.101500 0.228000
vt 0.098500 0.224800
vt 0.100700 0.221700
vt 0.104200 0.225000
vt 0.107800 0.228700
vt 0.104900 0.231800
vt 0.575200 0.625200
vt 0.573100 0.635000
vt 0.575700 0.643700
vt 0.571400 0.625700
vt 0.573900 0.616900
vt 0.573200 0.609300
vt 0.570200 0.616800
vt 0.569600 0.608500
vt 0.562300 0.614300
vt 0.561800 0.604900
vt 0.845900 0.893400
vt 0.830800 0.909800
vt 0.852200 0.888200
vt 0.574200 0.563700
vt 0.585500 0.578700
vt 0.575600 0.584600
vt 0.573800 0.587900
vt 0.571000 0.585500
vt 0.577600 0.586600
vt 0.576200 0.589800
vt 0.572800 0.596200
vt 0.569400 0.594400
vt 0.576000 0.597600
vt 0.027000 0.013100
vt 0.029800 0.014600
vt 0.022500 0.010900
vt 0.445100 0.881600
vt 0.436200 0.885600
vt 0.431200 0.900600
vt 0.430400 0.876700
vt 0.427000 0.859400
vt 0.432700 0.858800
vt 0.432000 0.845100
vt 0.033500 0.016600
vt 0.209100 0.332700
vt 0.205900 0.334400
vt 0.197300 0.323100
vt 0.200400 0.321400
vt 0.054900 0.432900
vt 0.060000 0.434300
vt 0.067200 0.437700
vt 0.590600 0.615000
vt 0.591600 0.606900
vt 0.596300 0.610400
vt 0.594400 0.616800
vt 0.469900 0.239400
vt 0.485800 0.234900
vt 0.496800 0.235400
vt 0.598000 0.607400
vt 0.610900 0.620600
vt 0.608700 0.622500
vt 0.594000 0.603400
vt 0.614400 0.624200
vt 0.612100 0.626200
vt 0.617300 0.627000
vt 0.614900 0.629200
vt 0.619800 0.629400
vt 0.617100 0.631900
vt 0.622000 0.631600
vt 0.618900 0.634500
vt 0.620200 0.637100
vt 0.613000 0.637100
vt 0.608600 0.629300
vt 0.610700 0.632600
vt 0.132500 0.270600
vt 0.133700 0.269000
vt 0.138800 0.276000
vt 0.135600 0.273100
vt 0.605300 0.626000
vt 0.058200 0.023000
vt 0.072000 0.088200
vt 0.068400 0.087300
vt 0.916800 0.770800
vt 0.922700 0.774500
vt 0.921500 0.768000
vt 0.926700 0.771000
vt 0.931200 0.773200
vt 0.936800 0.776100
vt 0.932800 0.780000
vt 0.927300 0.777000
vt 0.603300 0.490400
vt 0.620100 0.486500
vt 0.611700 0.488400
vt 0.557500 0.572300
vt 0.915400 0.790100
vt 0.805800 0.541700
vt 0.802600 0.533900
vt 0.800700 0.529900
vt 0.803100 0.528800
vt 0.805500 0.533400
vt 0.809600 0.541700
vt 0.927900 0.757800
vt 0.076100 0.096900
vt 0.074800 0.096000
vt 0.079200 0.096300
vt 0.491800 0.787600
vt 0.502500 0.786900
vt 0.514200 0.786100
vt 0.601100 0.605700
vt 0.612900 0.618500
vt 0.603900 0.793700
vt 0.591300 0.803400
vt 0.586100 0.798300
vt 0.583500 0.796000
vt 0.087000 0.476700
vt 0.593000 0.815400
vt 0.591800 0.811800
vt 0.932900 0.851500
vt 0.930500 0.862000
vt 0.930000 0.866600
vt 0.919800 0.864800
vt 0.593700 0.819400
vt 0.609700 0.820200
vt 0.600500 0.822800
vt 0.594200 0.824700
vt 0.619800 0.817800
vt 0.610100 0.825800
vt 0.601500 0.828700
vt 0.617800 0.823000
vt 0.062700 0.384400
vt 0.062400 0.376800
vt 0.061700 0.368200
vt 0.059400 0.347500
vt 0.063600 0.346800
vt 0.587000 0.826900
vt 0.055400 0.348000
vt 0.056900 0.369000
vt 0.056200 0.358800
vt 0.586300 0.822300
vt 0.577700 0.825500
vt 0.775100 0.546700
vt 0.777800 0.554100
vt 0.773300 0.555700
vt 0.776700 0.564600
vt 0.585600 0.819000
vt 0.567700 0.828400
vt 0.567000 0.826200
vt 0.576900 0.822900
vt 0.046300 0.368800
vt 0.047200 0.358600
vt 0.047300 0.348200
vt 0.050300 0.348200
vt 0.040200 0.376800
vt 0.043900 0.358100
vt 0.044400 0.378100
vt 0.588800 0.800800
vt 0.575500 0.804700
vt 0.390700 0.772800
vt 0.381400 0.769900
vt 0.396500 0.777100
vt 0.865800 0.596700
vt 0.125600 0.134300
vt 0.120800 0.177300
vt 0.118700 0.116800
vt 0.126200 0.113100
vt 0.872400 0.569600
vt 0.901300 0.585800
vt 0.906200 0.590700
vt 0.321700 0.830900
vt 0.329400 0.853200
vt 0.333400 0.862700
vt 0.328100 0.864500
vt 0.323500 0.855700
vt 0.837900 0.585600
vt 0.883800 0.228300
vt 0.875700 0.220600
vt 0.221800 0.869800
vt 0.210900 0.855300
vt 0.302300 0.925000
vt 0.785600 0.692000
vt 0.793500 0.698100
vt 0.554800 0.582600
vt 0.922200 0.902700
vt 0.925100 0.907700
vt 0.836600 0.319500
vt 0.802000 0.312100
vt 0.616700 0.522100
vt 0.613800 0.504800
vt 0.514400 0.620200
vt 0.390200 0.584200
vt 0.235400 0.102300
vt 0.325500 0.886200
vt 0.340600 0.270600
vt 0.864400 0.662300
vt 0.866600 0.652400
vt 0.870200 0.664500
vt 0.875500 0.667100
vt 0.443400 0.798200
vt 0.432800 0.790700
vt 0.446900 0.785600
vt 0.453400 0.794000
vt 0.799700 0.726400
vt 0.791900 0.737000
vt 0.777000 0.735300
vt 0.766500 0.735400
vt 0.767200 0.723200
vt 0.205700 0.029600
vt 0.123100 0.297100
vt 0.114300 0.284300
vt 0.117700 0.283100
vt 0.125500 0.295300
vt 0.522700 0.638800
vt 0.482100 0.705300
vt 0.496300 0.626000
vt 0.495000 0.624000
vt 0.464700 0.790000
vt 0.475800 0.786100
vt 0.936500 0.700500
vt 0.931300 0.697500
vt 0.484300 0.788600
vt 0.523300 0.614300
vt 0.526200 0.611800
vt 0.605800 0.598200
vt 0.011800 0.184400
vt 0.600000 0.210900
vt 0.632900 0.640800
vt 0.634600 0.639200
vt 0.629400 0.634600
vt 0.628900 0.636600
vt 0.643100 0.641600
vt 0.644400 0.645400
vt 0.710200 0.501500
vt 0.705600 0.508500
vt 0.027800 0.409300
vt 0.020900 0.426200
vt 0.016300 0.423300
vt 0.025700 0.429300
vt 0.036200 0.410200
vt 0.703000 0.494100
vt 0.699800 0.499800
vt 0.671300 0.480400
vt 0.655700 0.466400
vt 0.676300 0.477000
vt 0.698000 0.482100
vt 0.692800 0.487300
vt 0.686900 0.482500
vt 0.685700 0.487500
vt 0.681200 0.490800
vt 0.852900 0.307700
vt 0.766300 0.760900
vt 0.638300 0.518200
vt 0.642000 0.518300
vt 0.635800 0.524300
vt 0.511900 0.633300
vt 0.508700 0.637800
vt 0.494700 0.628000
vt 0.629800 0.529600
vt 0.818800 0.149700
vt 0.721900 0.548500
vt 0.717100 0.542900
vt 0.721600 0.536100
vt 0.728600 0.540500
vt 0.724500 0.552500
vt 0.746800 0.540200
vt 0.747400 0.546900
vt 0.726100 0.557300
vt 0.646800 0.624000
vt 0.638900 0.631700
vt 0.641000 0.621800
vt 0.314200 0.474000
vt 0.308400 0.476600
vt 0.309600 0.465300
vt 0.315000 0.459600
vt 0.325300 0.462400
vt 0.319300 0.471500
vt 0.737600 0.587900
vt 0.618200 0.529400
vt 0.625400 0.533300
vt 0.620200 0.536500
vt 0.611500 0.536500
vt 0.610800 0.529300
vt 0.057100 0.317800
vt 0.574300 0.534500
vt 0.895500 0.502500
vt 0.909000 0.506100
vt 0.920500 0.509600
vt 0.023100 0.088500
vt 0.676400 0.542400
vt 0.680900 0.526000
vt 0.695800 0.540400
vt 0.746400 0.703900
vt 0.751100 0.694000
vt 0.907100 0.555900
vt 0.926600 0.544100
vt 0.915300 0.561400
vt 0.953500 0.564600
vt 0.951700 0.550700
vt 0.953700 0.557900
vt 0.615700 0.573100
vt 0.612800 0.564700
vt 0.890600 0.331900
vt 0.893700 0.314700
vt 0.905300 0.322900
vt 0.909000 0.863500
vt 0.570700 0.560500
vt 0.585300 0.558500
vt 0.592400 0.561800
vt 0.596200 0.571400
vt 0.599600 0.579300
vt 0.730800 0.759900
vt 0.720100 0.757700
vt 0.721200 0.815800
vt 0.727300 0.822300
vt 0.722800 0.826300
vt 0.713400 0.823600
vt 0.845800 0.817300
vt 0.848400 0.820300
vt 0.851100 0.824300
vt 0.847700 0.830300
vt 0.841600 0.826400
vt 0.837900 0.823400
vt 0.578700 0.553900
vt 0.597200 0.558400
vt 0.566200 0.556200
vt 0.548900 0.986000
vt 0.559900 0.995900
vt 0.548500 0.995900
vt 0.606500 0.587500
vt 0.777800 0.342700
vt 0.790200 0.331600
vt 0.795500 0.341300
vt 0.787900 0.347700
vt 0.941500 0.855000
vt 0.942500 0.865700
vt 0.937900 0.864000
vt 0.705500 0.648700
vt 0.700500 0.644700
vt 0.710000 0.637300
vt 0.712000 0.643900
vt 0.747500 0.780700
vt 0.761400 0.786900
vt 0.772400 0.782000
vt 0.706700 0.634800
vt 0.712700 0.629300
vt 0.715300 0.631600
vt 0.703800 0.632300
vt 0.710100 0.626900
vt 0.937000 0.530700
vt 0.932500 0.529300
vt 0.532400 0.995800
vt 0.515600 0.996000
vt 0.091600 0.177500
vt 0.095200 0.176600
vt 0.095200 0.182300
vt 0.091500 0.184000
vt 0.099100 0.175800
vt 0.098900 0.180700
vt 0.906700 0.793800
vt 0.900000 0.788000
vt 0.894600 0.781800
vt 0.891800 0.777700
vt 0.965900 0.536300
vt 0.976000 0.541000
vt 0.971300 0.549200
vt 0.960600 0.544100
vt 0.066200 0.195000
vt 0.046000 0.197800
vt 0.935300 0.823700
vt 0.932500 0.825700
vt 0.939200 0.821000
vt 0.922400 0.813900
vt 0.925200 0.810200
vt 0.920200 0.817200
vt 0.918600 0.820700
vt 0.763400 0.539900
vt 0.766100 0.541000
vt 0.642500 0.446200
vt 0.638700 0.444200
vt 0.643300 0.442100
vt 0.645300 0.443600
vt 0.873500 0.851600
vt 0.871400 0.847900
vt 0.775000 0.583200
vt 0.762900 0.590800
vt 0.775300 0.579700
vt 0.710300 0.766000
vt 0.700400 0.764400
vt 0.320100 0.724400
vt 0.317600 0.737100
vt 0.297300 0.733100
vt 0.319400 0.671700
vt 0.800600 0.758700
vt 0.810200 0.758400
vt 0.797700 0.770800
vt 0.792900 0.766500
vt 0.788100 0.754300
vt 0.799000 0.752200
vt 0.873700 0.808500
vt 0.878700 0.810900
vt 0.874900 0.818400
vt 0.870800 0.818700
vt 0.878200 0.821900
vt 0.873400 0.827600
vt 0.882500 0.814300
vt 0.570200 0.542100
vt 0.572200 0.546200
vt 0.561100 0.548300
vt 0.558600 0.533300
vt 0.568300 0.534200
vt 0.079000 0.181600
vt 0.075500 0.185400
vt 0.079400 0.163900
vt 0.071400 0.164700
vt 0.071000 0.185600
vt 0.080100 0.187100
vt 0.078200 0.189600
vt 0.766300 0.714700
vt 0.677800 0.515300
vt 0.671600 0.519400
vt 0.674400 0.514600
vt 0.871000 0.838300
vt 0.870200 0.842900
vt 0.861500 0.841200
vt 0.863500 0.834900
vt 0.878800 0.834300
vt 0.949700 0.649500
vt 0.804000 0.718400
vt 0.785100 0.712900
vt 0.805700 0.712800
vt 0.761200 0.413200
vt 0.756800 0.424900
vt 0.055700 0.281800
vt 0.049000 0.289400
vt 0.046000 0.286100
vt 0.053400 0.278100
vt 0.773200 0.354700
vt 0.781700 0.355500
vt 0.775500 0.363300
vt 0.768800 0.367200
vt 0.060000 0.272100
vt 0.059400 0.278400
vt 0.759800 0.352300
vt 0.759200 0.343000
vt 0.862400 0.758000
vt 0.866200 0.758100
vt 0.846600 0.755100
vt 0.133600 0.109400
vt 0.142400 0.184700
vt 0.140600 0.193300
vt 0.129000 0.111600
vt 0.369600 0.561800
vt 0.906500 0.815900
vt 0.173400 0.573100
vt 0.149100 0.118400
vt 0.152900 0.117700
vt 0.155600 0.122900
vt 0.158400 0.128200
vt 0.188400 0.099000
vt 0.183400 0.095800
vt 0.178600 0.092600
vt 0.807400 0.749000
vt 0.828400 0.747100
vt 0.777700 0.411300
vt 0.776900 0.426600
vt 0.771400 0.423500
vt 0.773000 0.410500
vt 0.782500 0.411900
vt 0.782800 0.429500
vt 0.093000 0.286600
vt 0.087100 0.283300
vt 0.091700 0.276500
vt 0.100300 0.279800
vt 0.736700 0.803500
vt 0.747300 0.796400
vt 0.752300 0.806900
vt 0.741500 0.812800
vt 0.018100 0.290800
vt 0.023100 0.297400
vt 0.019900 0.298200
vt 0.013400 0.291100
vt 0.022700 0.290500
vt 0.026500 0.296900
vt 0.771000 0.541300
vt 0.952000 0.225900
vt 0.970300 0.233500
vt 0.708400 0.772600
vt 0.225300 0.794800
vt 0.887400 0.827700
vt 0.973100 0.266300
vt 0.958000 0.275700
vt 0.870400 0.340700
vt 0.873400 0.344300
vt 0.869700 0.347000
vt 0.867900 0.342900
vt 0.864400 0.347600
vt 0.864400 0.342600
vt 0.866100 0.337900
vt 0.935900 0.867400
vt 0.939400 0.867700
vt 0.582800 0.588700
vt 0.064800 0.279900
vt 0.066700 0.269700
vt 0.072800 0.271700
vt 0.071200 0.280000
vt 0.091600 0.381300
vt 0.106300 0.392700
vt 0.860200 0.334600
vt 0.966000 0.511600
vt 0.873200 0.092200
vt 0.864900 0.106400
vt 0.886400 0.102300
vt 0.877200 0.115800
vt 0.899700 0.112400
vt 0.888500 0.125600
vt 0.955700 0.343500
vt 0.961300 0.346000
vt 0.960100 0.349700
vt 0.955700 0.348400
vt 0.953700 0.347000
vt 0.782900 0.444700
vt 0.777600 0.458800
vt 0.771500 0.454800
vt 0.765800 0.797600
vt 0.732500 0.795800
vt 0.741500 0.788400
vt 0.640100 0.634100
vt 0.641500 0.637600
vt 0.648400 0.625900
vt 0.765900 0.706800
vt 0.767700 0.698600
vt 0.777800 0.698500
vt 0.781900 0.704300
vt 0.773700 0.683100
vt 0.459600 0.087400
vt 0.946200 0.286100
vt 0.933300 0.299900
vt 0.556000 0.421800
vt 0.540700 0.429900
vt 0.530600 0.415500
vt 0.922100 0.431000
vt 0.919700 0.425400
vt 0.923200 0.423400
vt 0.924500 0.425400
vt 0.925900 0.429800
vt 0.193700 0.243300
vt 0.203600 0.249800
vt 0.200900 0.254000
vt 0.196700 0.251800
vt 0.191300 0.247700
vt 0.771100 0.148100
vt 0.768900 0.120200
vt 0.821700 0.750300
vt 0.822100 0.754500
vt 0.616300 0.995100
vt 0.787400 0.314900
vt 0.786900 0.300200
vt 0.787400 0.283800
vt 0.804300 0.334800
vt 0.802600 0.324800
vt 0.719400 0.808500
vt 0.724200 0.802700
vt 0.720800 0.797400
vt 0.733500 0.817500
vt 0.728300 0.809400
vt 0.737700 0.775200
vt 0.079000 0.280800
vt 0.081500 0.273600
vt 0.076300 0.289900
vt 0.083100 0.292000
vt 0.074400 0.297000
vt 0.069200 0.289400
vt 0.068000 0.296400
vt 0.812800 0.425200
vt 0.819200 0.431600
vt 0.816900 0.433600
vt 0.813700 0.430200
vt 0.810600 0.426300
vt 0.048100 0.304300
vt 0.045300 0.305500
vt 0.043900 0.301200
vt 0.047100 0.299500
vt 0.049000 0.310700
vt 0.046700 0.311500
vt 0.041300 0.307400
vt 0.039300 0.303300
vt 0.043400 0.312900
vt 0.037500 0.300100
vt 0.035000 0.296300
vt 0.040800 0.295200
vt 0.042700 0.298200
vt 0.032200 0.292700
vt 0.039700 0.293100
vt 0.033100 0.301600
vt 0.035500 0.305200
vt 0.033400 0.306400
vt 0.030600 0.302600
vt 0.029700 0.296700
vt 0.026200 0.291600
vt 0.038100 0.309400
vt 0.040500 0.314600
vt 0.036300 0.310600
vt 0.038800 0.315700
vt 0.034300 0.311600
vt 0.037100 0.316500
vt 0.035900 0.316500
vt 0.032200 0.312400
vt 0.031100 0.307400
vt 0.028500 0.308300
vt 0.028000 0.303500
vt 0.025300 0.304500
vt 0.087800 0.294800
vt 0.077400 0.319500
vt 0.074400 0.318900
vt 0.075900 0.326000
vt 0.073600 0.326400
vt 0.069700 0.326700
vt 0.070100 0.335400
vt 0.074000 0.334500
vt 0.075600 0.343000
vt 0.071600 0.344500
vt 0.066300 0.336200
vt 0.065700 0.327000
vt 0.067600 0.345800
vt 0.062400 0.336800
vt 0.061700 0.327200
vt 0.058400 0.337200
vt 0.057600 0.327300
vt 0.054500 0.337500
vt 0.053800 0.327500
vt 0.053000 0.318100
vt 0.051700 0.337700
vt 0.049800 0.337900
vt 0.049000 0.328100
vt 0.050900 0.327800
vt 0.189000 0.240900
vt 0.189900 0.236700
vt 0.195200 0.239200
vt 0.205400 0.246900
vt 0.208000 0.249000
vt 0.206500 0.251600
vt 0.052300 0.348100
vt 0.049900 0.318700
vt 0.047900 0.319200
vt 0.047000 0.338100
vt 0.046200 0.328700
vt 0.045000 0.320100
vt 0.044200 0.338300
vt 0.042300 0.338400
vt 0.041800 0.329700
vt 0.043600 0.329300
vt 0.044300 0.348000
vt 0.042200 0.347900
vt 0.042400 0.321300
vt 0.040700 0.322100
vt 0.040400 0.338500
vt 0.038500 0.338500
vt 0.038700 0.329800
vt 0.040100 0.330000
vt 0.040100 0.347600
vt 0.038300 0.347200
vt 0.039000 0.322700
vt 0.037300 0.323200
vt 0.750100 0.167800
vt 0.755900 0.192800
vt 0.081500 0.350300
vt 0.078000 0.341800
vt 0.076900 0.333900
vt 0.090500 0.365000
vt 0.100100 0.373700
vt 0.096800 0.376700
vt 0.115400 0.384500
vt 0.111600 0.388000
vt 0.125900 0.394100
vt 0.122600 0.413800
vt 0.111600 0.405800
vt 0.853100 0.803400
vt 0.843900 0.792400
vt 0.851700 0.787900
vt 0.868400 0.804100
vt 0.118400 0.416900
vt 0.107000 0.409700
vt 0.092600 0.418000
vt 0.208100 0.027500
vt 0.210000 0.025700
vt 0.213500 0.028300
vt 0.699000 0.542600
vt 0.664800 0.520300
vt 0.652300 0.544200
vt 0.658200 0.532100
vt 0.660800 0.518500
vt 0.657000 0.511900
vt 0.659800 0.511300
vt 0.657800 0.517800
vt 0.663400 0.511500
vt 0.654200 0.530700
vt 0.644100 0.549000
vt 0.648500 0.541600
vt 0.965700 0.558800
vt 0.901200 0.397900
vt 0.904500 0.401600
vt 0.898600 0.406700
vt 0.890900 0.399400
vt 0.897200 0.394300
vt 0.934500 0.543900
vt 0.155200 0.567200
vt 0.158900 0.572200
vt 0.615900 0.915300
vt 0.625800 0.914500
vt 0.585900 0.915700
vt 0.596400 0.915500
vt 0.186800 0.043200
vt 0.187900 0.041900
vt 0.919300 0.533900
vt 0.916700 0.531700
vt 0.699100 0.570600
vt 0.707900 0.567800
vt 0.708800 0.572100
vt 0.692300 0.577400
vt 0.908700 0.499100
vt 0.944400 0.532200
vt 0.957300 0.531800
vt 0.960600 0.529000
vt 0.967800 0.531500
vt 0.952700 0.538000
vt 0.948700 0.544200
vt 0.943300 0.543800
vt 0.479300 0.620900
vt 0.630300 0.478800
vt 0.638500 0.480000
vt 0.635600 0.489000
vt 0.660400 0.501500
vt 0.656400 0.502800
vt 0.662100 0.506300
vt 0.658400 0.507000
vt 0.655300 0.507600
vt 0.653500 0.503300
vt 0.052000 0.023500
vt 0.873400 0.456900
vt 0.868900 0.460200
vt 0.867900 0.457200
vt 0.872100 0.454600
vt 0.577400 0.917100
vt 0.617500 0.141300
vt 0.701900 0.473100
vt 0.708700 0.478100
vt 0.705300 0.488100
vt 0.742200 0.506200
vt 0.611600 0.410200
vt 0.662400 0.255600
vt 0.714600 0.531600
vt 0.759300 0.496500
vt 0.766900 0.491700
vt 0.751500 0.489200
vt 0.758900 0.481600
vt 0.746300 0.496700
vt 0.742100 0.495300
vt 0.746900 0.487100
vt 0.741800 0.484800
vt 0.733000 0.481100
vt 0.720600 0.475100
vt 0.726000 0.466000
vt 0.738600 0.472100
vt 0.712000 0.469900
vt 0.716700 0.460900
vt 0.734300 0.450400
vt 0.746500 0.457300
vt 0.755500 0.462600
vt 0.747900 0.476300
vt 0.724800 0.446100
vt 0.707500 0.456100
vt 0.714200 0.441600
vt 0.704300 0.465300
vt 0.696300 0.460600
vt 0.687200 0.455800
vt 0.698300 0.451600
vt 0.688600 0.447400
vt 0.673800 0.450100
vt 0.674600 0.442400
vt 0.703300 0.437800
vt 0.325700 0.844400
vt 0.752500 0.283600
vt 0.729000 0.260000
vt 0.748400 0.258000
vt 0.769800 0.282800
vt 0.742900 0.233800
vt 0.823700 0.762400
vt 0.774300 0.169700
vt 0.746100 0.145800
vt 0.742600 0.117500
vt 0.741600 0.098000
vt 0.768700 0.101500
vt 0.769700 0.083000
vt 0.773000 0.064600
vt 0.266800 0.485800
vt 0.266000 0.483200
vt 0.264900 0.479800
vt 0.857000 0.120600
vt 0.868000 0.129700
vt 0.878000 0.139100
vt 0.878700 0.166700
vt 0.864600 0.180000
vt 0.565700 0.349300
vt 0.567100 0.334900
vt 0.587100 0.353900
vt 0.892100 0.183300
vt 0.878200 0.195900
vt 0.219000 0.397400
vt 0.961400 0.205600
vt 0.206700 0.028800
vt 0.918700 0.159500
vt 0.932000 0.148800
vt 0.903200 0.140400
vt 0.915400 0.128500
vt 0.905600 0.171000
vt 0.891400 0.153300
vt 0.777900 0.046300
vt 0.745100 0.058000
vt 0.749300 0.037900
vt 0.921200 0.656800
vt 0.918400 0.653900
vt 0.914400 0.650100
vt 0.916700 0.647800
vt 0.926400 0.657600
vt 0.924100 0.659600
vt 0.312700 0.764100
vt 0.900800 0.663000
vt 0.898300 0.664900
vt 0.895100 0.659100
vt 0.893600 0.655100
vt 0.896400 0.653800
vt 0.803400 0.524700
vt 0.802100 0.522000
vt 0.801400 0.517300
vt 0.804100 0.517300
vt 0.806000 0.521500
vt 0.453600 0.505400
vt 0.488400 0.496600
vt 0.531600 0.520200
vt 0.884600 0.834900
vt 0.883900 0.826200
vt 0.539300 0.508200
vt 0.607500 0.472700
vt 0.568400 0.524900
vt 0.559600 0.521700
vt 0.703500 0.543600
vt 0.706000 0.559200
vt 0.574600 0.549600
vt 0.562900 0.552000
vt 0.159900 0.333800
vt 0.605500 0.558300
vt 0.621500 0.561200
vt 0.633800 0.557000
vt 0.602600 0.563800
vt 0.167500 0.125900
vt 0.164900 0.123900
vt 0.161900 0.119900
vt 0.159000 0.115800
vt 0.573700 0.430900
vt 0.564200 0.418100
vt 0.426100 0.573900
vt 0.445000 0.641700
vt 0.635300 0.441200
vt 0.641100 0.440600
vt 0.498300 0.934900
vt 0.253900 0.371700
vt 0.262600 0.384200
vt 0.256600 0.388900
vt 0.905000 0.628200
vt 0.909100 0.627500
vt 0.721000 0.235000
vt 0.695200 0.213500
vt 0.712400 0.210700
vt 0.736200 0.209700
vt 0.687500 0.195100
vt 0.682600 0.182700
vt 0.677800 0.170000
vt 0.669900 0.145500
vt 0.691000 0.143600
vt 0.719100 0.144100
vt 0.686400 0.111700
vt 0.714800 0.115000
vt 0.686500 0.090300
vt 0.714300 0.094700
vt 0.742200 0.078100
vt 0.665300 0.086500
vt 0.666600 0.064700
vt 0.665200 0.109100
vt 0.255700 0.038000
vt 0.256200 0.059600
vt 0.235000 0.058500
vt 0.235500 0.036200
vt 0.235700 0.013700
vt 0.255500 0.016200
vt 0.275900 0.018200
vt 0.276300 0.039300
vt 0.297100 0.020200
vt 0.297400 0.040500
vt 0.658500 0.176000
vt 0.649200 0.157200
vt 0.629200 0.166800
vt 0.639700 0.184300
vt 0.621900 0.194700
vt 0.610000 0.178400
vt 0.586300 0.196800
vt 0.646500 0.196000
vt 0.653200 0.207700
vt 0.637300 0.216400
vt 0.629700 0.205500
vt 0.664300 0.188400
vt 0.670000 0.200700
vt 0.648600 0.233200
vt 0.323400 0.664100
vt 0.900900 0.631500
vt 0.899600 0.634400
vt 0.900100 0.635400
vt 0.899300 0.636400
vt 0.898700 0.634500
vt 0.899000 0.632900
vt 0.899700 0.631000
vt 0.608900 0.357400
vt 0.117300 0.225500
vt 0.113300 0.222400
vt 0.115600 0.218200
vt 0.119700 0.221200
vt 0.122800 0.223100
vt 0.121600 0.225600
vt 0.136700 0.263200
vt 0.148000 0.272600
vt 0.134800 0.266500
vt 0.628300 0.413100
vt 0.942100 0.630600
vt 0.946100 0.633300
vt 0.944100 0.635300
vt 0.939800 0.632900
vt 0.934700 0.628100
vt 0.936400 0.626000
vt 0.214000 0.566200
vt 0.326600 0.062600
vt 0.298500 0.061100
vt 0.277900 0.081500
vt 0.256600 0.081100
vt 0.277400 0.060400
vt 0.920500 0.794000
vt 0.436200 0.070900
vt 0.513000 0.346300
vt 0.515000 0.324300
vt 0.519100 0.036600
vt 0.520400 0.052200
vt 0.499500 0.052900
vt 0.498400 0.037000
vt 0.561000 0.223000
vt 0.483000 0.380800
vt 0.466600 0.391400
vt 0.522800 0.068300
vt 0.501300 0.069100
vt 0.479800 0.069900
vt 0.458100 0.070700
vt 0.527300 0.496100
vt 0.518000 0.506800
vt 0.498800 0.486500
vt 0.663400 0.225400
vt 0.679100 0.218900
vt 0.235100 0.080300
vt 0.485000 0.277100
vt 0.489300 0.274900
vt 0.767200 0.468900
vt 0.773000 0.471900
vt 0.454400 0.639300
vt 0.104100 0.427200
vt 0.101700 0.414500
vt 0.826700 0.479000
vt 0.834200 0.481000
vt 0.829500 0.480300
vt 0.693500 0.583000
vt 0.324200 0.493400
vt 0.323200 0.490100
vt 0.330300 0.490400
vt 0.332100 0.492100
vt 0.131300 0.595300
vt 0.678700 0.653300
vt 0.672300 0.659900
vt 0.685400 0.647100
vt 0.676100 0.662300
vt 0.688700 0.649600
vt 0.697400 0.642100
vt 0.694300 0.639600
vt 0.682300 0.655700
vt 0.689600 0.635400
vt 0.700000 0.628400
vt 0.694700 0.622200
vt 0.702400 0.617300
vt 0.706900 0.623200
vt 0.715800 0.614900
vt 0.711100 0.619200
vt 0.714200 0.622700
vt 0.719000 0.618200
vt 0.723300 0.608300
vt 0.726900 0.611500
vt 0.729600 0.613500
vt 0.721400 0.620500
vt 0.732400 0.615500
vt 0.723500 0.622700
vt 0.716500 0.625100
vt 0.718900 0.627400
vt 0.732100 0.600100
vt 0.741600 0.592400
vt 0.763600 0.432500
vt 0.066200 0.449800
vt 0.069300 0.451100
vt 0.068700 0.453300
vt 0.064300 0.454200
vt 0.059900 0.451800
vt 0.061800 0.447800
vt 0.717500 0.568300
vt 0.718600 0.572900
vt 0.709800 0.576800
vt 0.716400 0.563900
vt 0.715100 0.559600
vt 0.707100 0.563600
vt 0.713600 0.555500
vt 0.712000 0.537200
vt 0.013700 0.409600
vt 0.010000 0.420100
vt 0.131900 0.404300
vt 0.135300 0.400500
vt 0.759900 0.577000
vt 0.760400 0.582300
vt 0.778900 0.571400
vt 0.779800 0.578800
vt 0.785200 0.570400
vt 0.785300 0.578600
vt 0.854100 0.839300
vt 0.856600 0.833700
vt 0.844000 0.836000
vt 0.783000 0.563200
vt 0.761400 0.465800
vt 0.766800 0.420400
vt 0.777100 0.530000
vt 0.775700 0.540600
vt 0.821300 0.810100
vt 0.827000 0.806300
vt 0.832700 0.817200
vt 0.826300 0.821700
vt 0.834100 0.800800
vt 0.841100 0.811300
vt 0.839000 0.796400
vt 0.846900 0.807100
vt 0.837800 0.783900
vt 0.845600 0.779900
vt 0.036300 0.196900
vt 0.037400 0.187200
vt 0.896200 0.440900
vt 0.901100 0.443600
vt 0.904800 0.445900
vt 0.901500 0.450400
vt 0.892600 0.445600
vt 0.071200 0.194000
vt 0.073500 0.137800
vt 0.081200 0.138200
vt 0.088600 0.138000
vt 0.087600 0.162500
vt 0.082500 0.179800
vt 0.085200 0.179000
vt 0.088200 0.178300
vt 0.093500 0.161500
vt 0.101200 0.160600
vt 0.176700 0.098000
vt 0.180900 0.100900
vt 0.185200 0.103900
vt 0.119800 0.181900
vt 0.881400 0.767100
vt 0.876800 0.763200
vt 0.871500 0.760600
vt 0.888900 0.774400
vt 0.824600 0.465300
vt 0.819300 0.459300
vt 0.816900 0.452800
vt 0.822000 0.449500
vt 0.824600 0.456500
vt 0.828200 0.462500
vt 0.010700 0.192000
vt 0.292100 0.302000
vt 0.321900 0.276800
vt 0.333800 0.264300
vt 0.841900 0.765200
vt 0.829600 0.774800
vt 0.824600 0.770300
vt 0.827400 0.776200
vt 0.830300 0.782100
vt 0.833500 0.787900
vt 0.829000 0.792000
vt 0.684755 0.852681
vt 0.685461 0.849258
vt 0.687851 0.849940
vt 0.690104 0.851381
vt 0.689522 0.853858
vt 0.687633 0.856424
vt 0.882300 0.657100
vt 0.823100 0.797500
vt 0.820600 0.801900
vt 0.806600 0.788700
vt 0.798300 0.783400
vt 0.812100 0.792900
vt 0.681973 0.878089
vt 0.678390 0.872237
vt 0.686933 0.884879
vt 0.449100 0.635700
vt 0.058200 0.117400
vt 0.070200 0.119500
vt 0.075900 0.118900
vt 0.083600 0.118400
vt 0.090100 0.118500
vt 0.094800 0.119900
vt 0.094000 0.138200
vt 0.120100 0.282400
vt 0.122100 0.285300
vt 0.127600 0.293700
vt 0.047500 0.113900
vt 0.043000 0.132700
vt 0.629700 0.596700
vt 0.632300 0.592300
vt 0.638800 0.595500
vt 0.638300 0.602300
vt 0.643900 0.599500
vt 0.647500 0.603900
vt 0.650100 0.610600
vt 0.645500 0.611000
vt 0.650300 0.616800
vt 0.645700 0.616300
vt 0.649000 0.620500
vt 0.655800 0.609400
vt 0.652300 0.617400
vt 0.652100 0.610100
vt 0.650900 0.621800
vt 0.649200 0.602500
vt 0.652000 0.600200
vt 0.645400 0.597500
vt 0.918900 0.645700
vt 0.928500 0.655500
vt 0.525900 0.585600
vt 0.605500 0.572300
vt 0.578900 0.582900
vt 0.580700 0.585400
vt 0.607700 0.603600
vt 0.154200 0.214500
vt 0.159000 0.226800
vt 0.155600 0.219600
vt 0.624900 0.628400
vt 0.627500 0.629700
vt 0.630400 0.622900
vt 0.394600 0.370000
vt 0.396200 0.367700
vt 0.402100 0.373500
vt 0.400400 0.375000
vt 0.397900 0.373000
vt 0.180000 0.202000
vt 0.175400 0.200100
vt 0.177500 0.196700
vt 0.181900 0.198100
vt 0.187300 0.201000
vt 0.185700 0.204500
vt 0.616200 0.615100
vt 0.634900 0.623500
vt 0.631500 0.630800
vt 0.082500 0.185800
vt 0.084400 0.185200
vt 0.087900 0.184700
vt 0.899100 0.792500
vt 0.904800 0.797600
vt 0.898400 0.796900
vt 0.903100 0.801100
vt 0.901600 0.804200
vt 0.897400 0.800000
vt 0.898800 0.807700
vt 0.895200 0.803600
vt 0.905000 0.807900
vt 0.906500 0.804800
vt 0.910900 0.809200
vt 0.909400 0.812400
vt 0.902300 0.811400
vt 0.815900 0.483500
vt 0.809400 0.479600
vt 0.806100 0.482500
vt 0.801900 0.483900
vt 0.800200 0.478100
vt 0.803700 0.476900
vt 0.913200 0.805900
vt 0.946500 0.813900
vt 0.889400 0.809000
vt 0.891800 0.806200
vt 0.078500 0.192900
vt 0.079000 0.196500
vt 0.075200 0.193800
vt 0.779200 0.503600
vt 0.778500 0.514400
vt 0.336800 0.493300
vt 0.328300 0.499600
vt 0.035700 0.388600
vt 0.042300 0.389300
vt 0.816600 0.422600
vt 0.823000 0.428000
vt 0.047000 0.393400
vt 0.045700 0.407200
vt 0.047700 0.386900
vt 0.051400 0.392800
vt 0.056900 0.391900
vt 0.058000 0.405100
vt 0.051100 0.407300
vt 0.051700 0.386400
vt 0.056900 0.385400
vt 0.062800 0.391200
vt 0.062500 0.400300
vt 0.062000 0.408400
vt 0.057000 0.377800
vt 0.765500 0.402400
vt 0.762700 0.393400
vt 0.769600 0.408200
vt 0.716700 0.792600
vt 0.906000 0.666700
vt 0.715600 0.829700
vt 0.721700 0.833100
vt 0.858100 0.340700
vt 0.856200 0.346000
vt 0.698600 0.768700
vt 0.977200 0.535400
vt 0.042200 0.021000
vt 0.047300 0.023500
vt 0.497000 0.620800
vt 0.611100 0.521700
vt 0.810400 0.400900
vt 0.807800 0.403800
vt 0.896400 0.534700
vt 0.816300 0.797400
vt 0.775300 0.758400
vt 0.781400 0.776300
vt 0.787200 0.783300
vt 0.779300 0.792500
vt 0.790300 0.455400
vt 0.786000 0.465400
vt 0.696800 0.493700
vt 0.614500 0.502300
vt 0.781800 0.476600
vt 0.777800 0.487700
vt 0.836600 0.833000
vt 0.832200 0.828800
vt 0.780300 0.496100
vt 0.602900 0.533600
vt 0.605400 0.530700
vt 0.043900 0.293400
vt 0.045900 0.296500
vt 0.041900 0.290700
vt 0.762900 0.388400
vt 0.764100 0.379400
vt 0.378700 0.763700
vt 0.374300 0.770400
vt 0.498000 0.839200
vt 0.737900 0.409700
vt 0.195000 0.313700
vt 0.196900 0.317000
vt 0.193800 0.317600
vt 0.192300 0.314100
vt 0.170300 0.170100
vt 0.172600 0.168500
vt 0.175700 0.171800
vt 0.177700 0.174300
vt 0.176100 0.176000
vt 0.155200 0.112400
vt 0.154700 0.110600
vt 0.157600 0.112800
vt 0.178400 0.115300
vt 0.182800 0.113400
vt 0.178700 0.119600
vt 0.175700 0.117900
vt 0.172200 0.100100
vt 0.172400 0.095700
vt 0.174700 0.093900
vt 0.172000 0.091200
vt 0.174300 0.090900
vt 0.167100 0.098600
vt 0.168500 0.101300
vt 0.164900 0.103700
vt 0.163100 0.101300
vt 0.167400 0.106500
vt 0.846800 0.442700
vt 0.848000 0.452100
vt 0.175800 0.122400
vt 0.172700 0.125700
vt 0.188500 0.107400
vt 0.177500 0.095900
vt 0.182100 0.098700
vt 0.147000 0.113600
vt 0.146400 0.111800
vt 0.151100 0.110500
vt 0.151600 0.112400
vt 0.173900 0.087300
vt 0.172100 0.086900
vt 0.159200 0.105200
vt 0.161800 0.106700
vt 0.160200 0.109500
vt 0.157300 0.108800
vt 0.159300 0.112100
vt 0.190400 0.104900
vt 0.186900 0.101500
vt 0.156700 0.116900
vt 0.159200 0.121600
vt 0.170100 0.128100
vt 0.162500 0.131500
vt 0.194100 0.100400
vt 0.197400 0.104800
vt 0.195800 0.106500
vt 0.192000 0.102800
vt 0.161700 0.126300
vt 0.165400 0.129500
vt 0.170600 0.132300
vt 0.168700 0.133500
vt 0.166600 0.135300
vt 0.164600 0.137600
vt 0.160300 0.134100
vt 0.200600 0.303600
vt 0.199600 0.305800
vt 0.197800 0.306100
vt 0.197800 0.307800
vt 0.194600 0.309200
vt 0.194400 0.310400
vt 0.192400 0.310400
vt 0.191300 0.306100
vt 0.194800 0.304900
vt 0.195300 0.302400
vt 0.201900 0.300900
vt 0.201900 0.303800
vt 0.198500 0.309200
vt 0.196400 0.310200
vt 0.198800 0.299500
vt 0.200200 0.298900
vt 0.192100 0.303000
vt 0.193200 0.300900
vt 0.199200 0.307200
vt 0.201100 0.306300
vt 0.200100 0.307900
vt 0.802300 0.402000
vt 0.801300 0.401900
vt 0.801200 0.400600
vt 0.204100 0.300300
vt 0.202900 0.304000
vt 0.200800 0.297700
vt 0.802000 0.410900
vt 0.803400 0.412100
vt 0.801800 0.414100
vt 0.800400 0.412700
vt 0.805600 0.409100
vt 0.808900 0.407600
vt 0.811200 0.410700
vt 0.808200 0.412400
vt 0.811700 0.406600
vt 0.814100 0.409400
vt 0.814000 0.405300
vt 0.816400 0.407700
vt 0.820300 0.410900
vt 0.818300 0.413100
vt 0.818400 0.405500
vt 0.822200 0.408600
vt 0.820000 0.402900
vt 0.823900 0.406100
vt 0.196400 0.329800
vt 0.201200 0.336900
vt 0.197600 0.338800
vt 0.192600 0.331400
vt 0.228100 0.299600
vt 0.231500 0.303200
vt 0.234900 0.307000
vt 0.233400 0.308800
vt 0.229400 0.305600
vt 0.225700 0.302300
vt 0.846200 0.396600
vt 0.842600 0.393100
vt 0.838900 0.389900
vt 0.195400 0.340300
vt 0.192500 0.336600
vt 0.189500 0.332700
vt 0.831500 0.393000
vt 0.832700 0.389600
vt 0.821900 0.397000
vt 0.823900 0.393700
vt 0.821200 0.400000
vt 0.825600 0.403500
vt 0.817200 0.400800
vt 0.818000 0.398200
vt 0.815700 0.403300
vt 0.812800 0.404000
vt 0.814400 0.402200
vt 0.811000 0.405100
vt 0.796100 0.415300
vt 0.798000 0.414600
vt 0.798500 0.416500
vt 0.796400 0.417400
vt 0.799400 0.413700
vt 0.800300 0.415500
vt 0.804000 0.416900
vt 0.802200 0.418500
vt 0.806000 0.414900
vt 0.813100 0.417800
vt 0.809600 0.419800
vt 0.816200 0.415200
vt 0.217100 0.327000
vt 0.214100 0.323700
vt 0.211200 0.320300
vt 0.214600 0.329100
vt 0.211900 0.330900
vt 0.206500 0.323700
vt 0.208900 0.322000
vt 0.211700 0.325400
vt 0.223200 0.306300
vt 0.227100 0.309500
vt 0.230400 0.312600
vt 0.814900 0.435200
vt 0.811800 0.431300
vt 0.808800 0.427400
vt 0.802600 0.424200
vt 0.804800 0.422500
vt 0.800100 0.426100
vt 0.833800 0.386600
vt 0.828100 0.387600
vt 0.828900 0.384600
vt 0.826300 0.390700
vt 0.821200 0.392100
vt 0.823300 0.389200
vt 0.818300 0.395500
vt 0.816200 0.397500
vt 0.815500 0.400000
vt 0.190200 0.306100
vt 0.190600 0.302400
vt 0.191600 0.312000
vt 0.819700 0.391000
vt 0.804200 0.395100
vt 0.821700 0.388100
vt 0.822600 0.385800
vt 0.824500 0.386400
vt 0.825000 0.383900
vt 0.823000 0.383700
vt 0.800100 0.420000
vt 0.797500 0.421300
vt 0.807000 0.421100
vt 0.826600 0.424900
vt 0.802700 0.396900
vt 0.808800 0.509100
vt 0.807400 0.509400
vt 0.806500 0.507800
vt 0.808900 0.506900
vt 0.814800 0.548800
vt 0.813200 0.539600
vt 0.818700 0.546000
vt 0.805000 0.525800
vt 0.805800 0.528300
vt 0.803800 0.554700
vt 0.805900 0.555000
vt 0.819900 0.535300
vt 0.826500 0.538700
vt 0.823300 0.542900
vt 0.802800 0.542100
vt 0.799800 0.545400
vt 0.794600 0.538900
vt 0.798900 0.535600
vt 0.790900 0.545400
vt 0.798500 0.549600
vt 0.791100 0.549400
vt 0.836100 0.522700
vt 0.828100 0.521700
vt 0.840400 0.519600
vt 0.839700 0.515100
vt 0.802600 0.473600
vt 0.799200 0.475300
vt 0.797900 0.472900
vt 0.800200 0.470500
vt 0.813800 0.529700
vt 0.816600 0.537800
vt 0.810900 0.531500
vt 0.808200 0.532700
vt 0.799800 0.527600
vt 0.796900 0.532200
vt 0.795900 0.530500
vt 0.792600 0.534500
vt 0.791600 0.532300
vt 0.802800 0.512400
vt 0.804700 0.509300
vt 0.876100 0.381900
vt 0.880300 0.381100
vt 0.885600 0.386000
vt 0.879600 0.392700
vt 0.808100 0.524100
vt 0.810800 0.521900
vt 0.813100 0.523800
vt 0.810000 0.526000
vt 0.813300 0.519400
vt 0.815900 0.520900
vt 0.815600 0.516400
vt 0.817800 0.517100
vt 0.815100 0.512400
vt 0.818700 0.511200
vt 0.813100 0.509900
vt 0.814800 0.507800
vt 0.811600 0.506700
vt 0.810900 0.509000
vt 0.822800 0.504600
vt 0.822800 0.501900
vt 0.825500 0.502400
vt 0.825400 0.505600
vt 0.822800 0.499300
vt 0.825400 0.499300
vt 0.785800 0.533400
vt 0.788200 0.533200
vt 0.788600 0.535500
vt 0.785400 0.535900
vt 0.789600 0.540700
vt 0.786300 0.550400
vt 0.835600 0.453400
vt 0.835300 0.446600
vt 0.842700 0.457700
vt 0.838300 0.460200
vt 0.818600 0.511600
vt 0.822100 0.507700
vt 0.821400 0.518900
vt 0.840000 0.500900
vt 0.844200 0.501500
vt 0.843500 0.505000
vt 0.791300 0.553200
vt 0.787600 0.554400
vt 0.792200 0.557100
vt 0.789400 0.558000
vt 0.797600 0.553100
vt 0.797500 0.556600
vt 0.802900 0.557000
vt 0.847300 0.505800
vt 0.846500 0.508900
vt 0.843300 0.508200
vt 0.846600 0.512100
vt 0.843000 0.511400
vt 0.839700 0.510500
vt 0.842800 0.514400
vt 0.848100 0.502800
vt 0.101000 0.216600
vt 0.101900 0.214200
vt 0.105300 0.216000
vt 0.103500 0.218600
vt 0.098900 0.214700
vt 0.087300 0.232400
vt 0.085400 0.228000
vt 0.089900 0.230400
vt 0.106700 0.213500
vt 0.103000 0.211700
vt 0.107600 0.210800
vt 0.095100 0.223100
vt 0.097400 0.219500
vt 0.096000 0.226800
vt 0.092500 0.228100
vt 0.091800 0.222800
vt 0.098800 0.230500
vt 0.095800 0.232900
vt 0.102400 0.234200
vt 0.107200 0.221800
vt 0.109400 0.219100
vt 0.098400 0.212700
vt 0.094700 0.217900
vt 0.092000 0.216800
vt 0.088800 0.223000
vt 0.092900 0.235300
vt 0.099600 0.236700
vt 0.096500 0.239500
vt 0.105800 0.237900
vt 0.103200 0.240200
vt 0.108400 0.235300
vt 0.111000 0.232500
vt 0.111000 0.225400
vt 0.114600 0.229100
vt 0.111200 0.215400
vt 0.112100 0.211500
vt 0.117400 0.214400
vt 0.112800 0.208600
vt 0.118600 0.212100
vt 0.106600 0.207700
vt 0.106000 0.204700
vt 0.113300 0.206300
vt 0.101700 0.209100
vt 0.100700 0.205300
vt 0.081600 0.233300
vt 0.079700 0.228700
vt 0.084100 0.240100
vt 0.089100 0.237600
vt 0.092500 0.242400
vt 0.088300 0.245500
vt 0.100200 0.242700
vt 0.105500 0.242700
vt 0.102900 0.245000
vt 0.107900 0.240400
vt 0.110400 0.237800
vt 0.113000 0.235500
vt 0.115600 0.233500
vt 0.219300 0.506300
vt 0.222300 0.510300
vt 0.218100 0.512600
vt 0.215000 0.508600
vt 0.214900 0.504400
vt 0.217400 0.503100
vt 0.121500 0.217700
vt 0.122700 0.215900
vt 0.119700 0.210300
vt 0.124200 0.214500
vt 0.092900 0.248900
vt 0.096300 0.245800
vt 0.099300 0.248200
vt 0.124500 0.220400
vt 0.125600 0.219000
vt 0.126800 0.217900
vt 0.096500 0.251100
vt 0.493100 0.995200
vt 0.904600 0.627300
vt 0.906900 0.626100
vt 0.909600 0.626000
vt 0.915300 0.670000
vt 0.910700 0.668400
vt 0.920700 0.643500
vt 0.930700 0.653100
vt 0.922900 0.641200
vt 0.917100 0.639000
vt 0.919200 0.636300
vt 0.925300 0.638900
vt 0.921000 0.633600
vt 0.923300 0.631300
vt 0.928100 0.636400
vt 0.917800 0.630400
vt 0.920400 0.628400
vt 0.923700 0.626500
vt 0.926700 0.629200
vt 0.925800 0.624100
vt 0.928900 0.626700
vt 0.922400 0.625200
vt 0.924400 0.623000
vt 0.926800 0.621500
vt 0.925400 0.620500
vt 0.904200 0.626300
vt 0.906800 0.625000
vt 0.926300 0.617900
vt 0.927600 0.618700
vt 0.901800 0.628300
vt 0.902400 0.629200
vt 0.904900 0.641600
vt 0.901300 0.638500
vt 0.902000 0.637400
vt 0.908100 0.639000
vt 0.910700 0.636600
vt 0.912800 0.633900
vt 0.124100 0.284000
vt 0.130800 0.291800
vt 0.914500 0.631400
vt 0.916200 0.632800
vt 0.914200 0.635400
vt 0.915900 0.628800
vt 0.914100 0.628900
vt 0.919300 0.627000
vt 0.913000 0.626400
vt 0.911900 0.627300
vt 0.394500 0.377700
vt 0.391100 0.374600
vt 0.387000 0.369800
vt 0.385000 0.366600
vt 0.386400 0.365800
vt 0.388700 0.368200
vt 0.392800 0.372400
vt 0.396400 0.375300
vt 0.914900 0.641500
vt 0.912000 0.638100
vt 0.912200 0.643900
vt 0.909200 0.646000
vt 0.911700 0.653200
vt 0.101500 0.121400
vt 0.906600 0.648800
vt 0.906300 0.643200
vt 0.903600 0.646800
vt 0.909400 0.640900
vt 0.902100 0.645400
vt 0.902000 0.649600
vt 0.900400 0.648100
vt 0.904000 0.669200
vt 0.908800 0.671200
vt 0.948800 0.637000
vt 0.946400 0.638300
vt 0.913500 0.672300
vt 0.930100 0.624000
vt 0.931100 0.621300
vt 0.893200 0.653500
vt 0.896000 0.652200
vt 0.897600 0.651000
vt 0.899000 0.649900
vt 0.867100 0.393700
vt 0.868200 0.386800
vt 0.870600 0.389800
vt 0.886800 0.423800
vt 0.914900 0.385300
vt 0.916400 0.380800
vt 0.921300 0.385300
vt 0.916600 0.388200
vt 0.907300 0.384600
vt 0.909900 0.377700
vt 0.911600 0.390000
vt 0.907900 0.391800
vt 0.903900 0.388200
vt 0.924200 0.389400
vt 0.918700 0.391200
vt 0.892700 0.389500
vt 0.886000 0.394700
vt 0.878700 0.401700
vt 0.875800 0.435800
vt 0.872000 0.432400
vt 0.867400 0.426800
vt 0.863700 0.421200
vt 0.860900 0.415500
vt 0.867200 0.411300
vt 0.872300 0.407000
vt 0.900300 0.380500
vt 0.903900 0.374700
vt 0.898300 0.384200
vt 0.911100 0.395100
vt 0.914300 0.393300
vt 0.178000 0.572200
vt 0.180100 0.570100
vt 0.175200 0.571500
vt 0.181400 0.571700
vt 0.871000 0.398700
vt 0.930200 0.350000
vt 0.933000 0.348500
vt 0.934000 0.351400
vt 0.936400 0.354700
vt 0.933400 0.357900
vt 0.930900 0.354200
vt 0.186100 0.570600
vt 0.187800 0.567600
vt 0.186400 0.567600
vt 0.185000 0.569400
vt 0.183400 0.567100
vt 0.811800 0.515800
vt 0.184000 0.557300
vt 0.186500 0.561200
vt 0.180200 0.552300
vt 0.163800 0.558900
vt 0.168100 0.563200
vt 0.188100 0.563900
vt 0.189200 0.567100
vt 0.171800 0.567600
vt 0.167700 0.555900
vt 0.170800 0.553200
vt 0.172800 0.551000
vt 0.178000 0.574600
vt 0.182100 0.573600
vt 0.609000 0.605900
vt 0.613300 0.611500
vt 0.174500 0.549100
vt 0.176000 0.547600
vt 0.287300 0.489500
vt 0.270400 0.500100
vt 0.321500 0.477300
vt 0.320900 0.481400
vt 0.319000 0.478700
vt 0.314600 0.488300
vt 0.319200 0.489200
vt 0.319100 0.492500
vt 0.316400 0.491000
vt 0.578300 0.534400
vt 0.339300 0.477100
vt 0.345000 0.480700
vt 0.341100 0.481900
vt 0.339400 0.480900
vt 0.865200 0.493800
vt 0.866100 0.491000
vt 0.869100 0.493200
vt 0.868100 0.495800
vt 0.866800 0.500100
vt 0.862700 0.497100
vt 0.322800 0.507800
vt 0.319900 0.500400
vt 0.333400 0.504700
vt 0.318700 0.508300
vt 0.315900 0.499800
vt 0.316100 0.508500
vt 0.313100 0.499500
vt 0.316300 0.482400
vt 0.341200 0.460900
vt 0.353200 0.461100
vt 0.353400 0.463600
vt 0.342900 0.463200
vt 0.353900 0.467800
vt 0.344400 0.467200
vt 0.334600 0.467000
vt 0.331400 0.464700
vt 0.337900 0.471900
vt 0.334700 0.476700
vt 0.331100 0.473000
vt 0.336400 0.480200
vt 0.333100 0.480700
vt 0.331200 0.479200
vt 0.327800 0.477800
vt 0.332000 0.483000
vt 0.324100 0.477000
vt 0.326500 0.470900
vt 0.323100 0.470500
vt 0.319700 0.485500
vt 0.346200 0.489000
vt 0.344000 0.487800
vt 0.343700 0.484200
vt 0.941300 0.353500
vt 0.939500 0.350900
vt 0.942700 0.350500
vt 0.936100 0.362300
vt 0.935300 0.360000
vt 0.936100 0.358700
vt 0.939300 0.361200
vt 0.934900 0.345900
vt 0.938300 0.347800
vt 0.957500 0.342400
vt 0.961300 0.342300
vt 0.927700 0.374500
vt 0.907200 0.430100
vt 0.908200 0.426000
vt 0.914000 0.428800
vt 0.959100 0.337800
vt 0.966000 0.346200
vt 0.965700 0.349700
vt 0.965400 0.352700
vt 0.958700 0.354800
vt 0.939700 0.375000
vt 0.935500 0.377700
vt 0.932900 0.370300
vt 0.938300 0.369800
vt 0.932600 0.378500
vt 0.929500 0.372200
vt 0.926600 0.368400
vt 0.929800 0.365600
vt 0.924600 0.370000
vt 0.953300 0.333600
vt 0.956300 0.332000
vt 0.955000 0.338800
vt 0.952700 0.339600
vt 0.951000 0.344900
vt 0.953900 0.353300
vt 0.951300 0.351400
vt 0.952300 0.357300
vt 0.949800 0.355500
vt 0.956100 0.359800
vt 0.950300 0.360500
vt 0.948100 0.358600
vt 0.953600 0.363800
vt 0.947200 0.364000
vt 0.945100 0.361900
vt 0.950500 0.367700
vt 0.944200 0.366600
vt 0.942200 0.364400
vt 0.947300 0.370800
vt 0.941100 0.368600
vt 0.939100 0.365900
vt 0.943500 0.373100
vt 0.936400 0.366900
vt 0.933600 0.362900
vt 0.927800 0.363500
vt 0.924100 0.366300
vt 0.928300 0.351000
vt 0.929300 0.355700
vt 0.928300 0.348300
vt 0.930400 0.347600
vt 0.921900 0.368000
vt 0.948200 0.337100
vt 0.951400 0.334900
vt 0.949100 0.341900
vt 0.948400 0.349200
vt 0.944900 0.346600
vt 0.946800 0.352900
vt 0.945000 0.356100
vt 0.942200 0.359200
vt 0.932500 0.360100
vt 0.926100 0.399900
vt 0.930300 0.400600
vt 0.934100 0.403200
vt 0.930800 0.406100
vt 0.927500 0.403800
vt 0.924600 0.402700
vt 0.937400 0.343800
vt 0.938800 0.356500
vt 0.335000 0.446500
vt 0.331600 0.448200
vt 0.330000 0.445100
vt 0.334600 0.442100
vt 0.330100 0.449200
vt 0.326300 0.447200
vt 0.330800 0.450900
vt 0.328100 0.451200
vt 0.350500 0.411200
vt 0.347800 0.405900
vt 0.354000 0.408700
vt 0.333600 0.423700
vt 0.331400 0.426500
vt 0.329000 0.422500
vt 0.333800 0.420600
vt 0.324100 0.427800
vt 0.326600 0.430700
vt 0.321800 0.433400
vt 0.320500 0.426000
vt 0.348300 0.428500
vt 0.344300 0.431200
vt 0.339100 0.427100
vt 0.340100 0.424500
vt 0.341200 0.435500
vt 0.336600 0.431100
vt 0.331400 0.435900
vt 0.326200 0.439100
vt 0.322200 0.441400
vt 0.359900 0.419900
vt 0.355500 0.416500
vt 0.358000 0.413800
vt 0.361600 0.417500
vt 0.353200 0.419500
vt 0.346700 0.414000
vt 0.350300 0.424700
vt 0.342300 0.420100
vt 0.334300 0.413900
vt 0.326700 0.417700
vt 0.317400 0.437000
vt 0.307100 0.443400
vt 0.307600 0.438100
vt 0.303500 0.441500
vt 0.342000 0.408300
vt 0.323100 0.410100
vt 0.320700 0.415000
vt 0.317900 0.421700
vt 0.314000 0.434200
vt 0.048000 0.441300
vt 0.043000 0.440100
vt 0.047500 0.438500
vt 0.046200 0.457100
vt 0.049700 0.462300
vt 0.044900 0.464400
vt 0.042400 0.458700
vt 0.041400 0.465900
vt 0.047000 0.468500
vt 0.043800 0.469900
vt 0.038000 0.468000
vt 0.040700 0.471800
vt 0.045100 0.473200
vt 0.042700 0.474600
vt 0.071300 0.440500
vt 0.073800 0.443200
vt 0.072200 0.445600
vt 0.069300 0.443400
vt 0.046800 0.472700
vt 0.052400 0.466100
vt 0.049100 0.455400
vt 0.053700 0.459800
vt 0.045000 0.450200
vt 0.046000 0.452100
vt 0.043500 0.453500
vt 0.040500 0.454100
vt 0.034700 0.461700
vt 0.038500 0.460600
vt 0.070300 0.449000
vt 0.067400 0.447100
vt 0.056900 0.463000
vt 0.057000 0.456400
vt 0.060800 0.459100
vt 0.051500 0.452900
vt 0.054600 0.449200
vt 0.047200 0.451100
vt 0.046300 0.445400
vt 0.050400 0.447300
vt 0.041200 0.449200
vt 0.040200 0.445500
vt 0.037100 0.456100
vt 0.033500 0.457200
vt 0.033500 0.454500
vt 0.174600 0.228300
vt 0.172500 0.228900
vt 0.171100 0.225800
vt 0.169100 0.221400
vt 0.173200 0.219500
vt 0.175500 0.223900
vt 0.056200 0.445300
vt 0.052300 0.444100
vt 0.047400 0.443100
vt 0.052200 0.436200
vt 0.052300 0.432900
vt 0.384900 0.364000
vt 0.384100 0.361700
vt 0.386600 0.361800
vt 0.386800 0.364300
vt 0.384700 0.364900
vt 0.375600 0.370000
vt 0.372700 0.375000
vt 0.369000 0.373400
vt 0.371400 0.369600
vt 0.029700 0.195400
vt 0.371600 0.391700
vt 0.372600 0.394300
vt 0.369700 0.386500
vt 0.374100 0.385300
vt 0.392100 0.360500
vt 0.391100 0.363800
vt 0.386200 0.358300
vt 0.390200 0.366200
vt 0.383700 0.357800
vt 0.381200 0.364800
vt 0.381400 0.366100
vt 0.374300 0.369200
vt 0.382300 0.367900
vt 0.384600 0.371600
vt 0.401900 0.369000
vt 0.403700 0.371300
vt 0.398100 0.365000
vt 0.373800 0.396600
vt 0.268200 0.262700
vt 0.265600 0.266100
vt 0.261000 0.261500
vt 0.257700 0.258300
vt 0.259100 0.256200
vt 0.262900 0.258700
vt 0.372400 0.379300
vt 0.375900 0.379500
vt 0.368100 0.379100
vt 0.374800 0.375400
vt 0.377700 0.371200
vt 0.381200 0.374400
vt 0.388800 0.376600
vt 0.385200 0.379600
vt 0.399000 0.377000
vt 0.403800 0.375200
vt 0.402800 0.376700
vt 0.405300 0.373500
vt 0.401300 0.378700
vt 0.397100 0.379500
vt 0.394400 0.382100
vt 0.392200 0.380000
vt 0.390000 0.385700
vt 0.388000 0.383300
vt 0.378100 0.377600
vt 0.178700 0.255500
vt 0.176500 0.257800
vt 0.176300 0.254800
vt 0.165500 0.257400
vt 0.172500 0.255200
vt 0.170500 0.258000
vt 0.166100 0.259000
vt 0.186500 0.240000
vt 0.186700 0.235500
vt 0.197900 0.257700
vt 0.194200 0.254900
vt 0.200700 0.259700
vt 0.203600 0.255800
vt 0.196800 0.264200
vt 0.194200 0.261700
vt 0.167400 0.261500
vt 0.171900 0.260300
vt 0.174400 0.259200
vt 0.176900 0.263000
vt 0.176100 0.247900
vt 0.178900 0.249300
vt 0.184100 0.243000
vt 0.183100 0.244800
vt 0.185200 0.235000
vt 0.184900 0.240000
vt 0.185400 0.246900
vt 0.182000 0.251100
vt 0.189000 0.250300
vt 0.185700 0.254000
vt 0.182300 0.258200
vt 0.190900 0.258600
vt 0.187500 0.262400
vt 0.184300 0.265800
vt 0.179700 0.261100
vt 0.190800 0.265400
vt 0.187400 0.269200
vt 0.183900 0.272300
vt 0.180900 0.268300
vt 0.189600 0.271600
vt 0.185900 0.274700
vt 0.264100 0.256300
vt 0.266400 0.251900
vt 0.276100 0.259500
vt 0.273600 0.263400
vt 0.269600 0.260300
vt 0.183200 0.276500
vt 0.179800 0.278500
vt 0.193200 0.268100
vt 0.187500 0.244500
vt 0.122000 0.278400
vt 0.122300 0.276600
vt 0.125000 0.278000
vt 0.123100 0.280100
vt 0.130800 0.298800
vt 0.135000 0.293700
vt 0.134600 0.295700
vt 0.131700 0.267600
vt 0.130200 0.268100
vt 0.136300 0.291900
vt 0.133300 0.289600
vt 0.128900 0.285700
vt 0.125600 0.282700
vt 0.179000 0.088500
vt 0.128900 0.296800
vt 0.127600 0.280600
vt 0.121700 0.281100
vt 0.148800 0.275700
vt 0.131500 0.271600
vt 0.129500 0.272900
vt 0.129900 0.278200
vt 0.126700 0.275200
vt 0.124000 0.273100
vt 0.122600 0.272100
vt 0.120700 0.276100
vt 0.126300 0.269200
vt 0.127200 0.270700
vt 0.131500 0.264800
vt 0.132300 0.265100
vt 0.134400 0.261400
vt 0.113300 0.281600
vt 0.116800 0.280800
vt 0.113000 0.280700
vt 0.116800 0.279900
vt 0.133600 0.260900
vt 0.120500 0.278500
vt 0.118800 0.280800
vt 0.119000 0.279900
vt 0.129600 0.269900
vt 0.146200 0.282800
vt 0.148200 0.282400
vt 0.198900 0.298000
vt 0.198800 0.297000
vt 0.933200 0.650600
vt 0.207800 0.297700
vt 0.209500 0.296200
vt 0.210900 0.297500
vt 0.208900 0.299100
vt 0.205900 0.301400
vt 0.204500 0.304600
vt 0.209200 0.304000
vt 0.207600 0.306900
vt 0.206300 0.309800
vt 0.203500 0.307400
vt 0.204500 0.312100
vt 0.202100 0.309700
vt 0.207800 0.316000
vt 0.205500 0.317900
vt 0.202300 0.314100
vt 0.199700 0.315700
vt 0.202900 0.319600
vt 0.836900 0.412300
vt 0.193500 0.341900
vt 0.189900 0.338300
vt 0.186800 0.334600
vt 0.186500 0.328400
vt 0.189900 0.327200
vt 0.193600 0.325200
vt 0.190600 0.319600
vt 0.197700 0.312900
vt 0.200100 0.311500
vt 0.199100 0.310100
vt 0.200900 0.308600
vt 0.202000 0.306700
vt 0.801700 0.398900
vt 0.212200 0.291800
vt 0.214300 0.292100
vt 0.213300 0.294200
vt 0.211400 0.293700
vt 0.212300 0.296000
vt 0.210500 0.295100
vt 0.215300 0.297900
vt 0.213800 0.299700
vt 0.211700 0.301700
vt 0.216600 0.305300
vt 0.214700 0.308900
vt 0.228200 0.307600
vt 0.232100 0.310600
vt 0.224200 0.304500
vt 0.219300 0.300500
vt 0.221000 0.298300
vt 0.223000 0.295800
vt 0.183400 0.329500
vt 0.181500 0.324600
vt 0.184500 0.323800
vt 0.187600 0.322100
vt 0.186000 0.319000
vt 0.188900 0.316900
vt 0.194300 0.311900
vt 0.196800 0.311200
vt 0.187900 0.315400
vt 0.192000 0.300000
vt 0.185000 0.317400
vt 0.183300 0.320300
vt 0.182700 0.318400
vt 0.180700 0.320700
vt 0.180600 0.318700
vt 0.218100 0.293200
vt 0.216800 0.295800
vt 0.217900 0.302700
vt 0.979000 0.575900
vt 0.844600 0.473500
vt 0.843700 0.475900
vt 0.249700 0.490700
vt 0.254500 0.494000
vt 0.259700 0.495400
vt 0.802700 0.467600
vt 0.805500 0.463700
vt 0.811900 0.469200
vt 0.825700 0.477400
vt 0.823200 0.476600
vt 0.796800 0.478600
vt 0.796500 0.476500
vt 0.816200 0.462500
vt 0.808600 0.459100
vt 0.812800 0.455900
vt 0.812600 0.487800
vt 0.806100 0.491400
vt 0.802100 0.491300
vt 0.828800 0.446300
vt 0.829800 0.454300
vt 0.831900 0.442000
vt 0.836400 0.442700
vt 0.611300 0.504300
vt 0.821800 0.468600
vt 0.820000 0.471500
vt 0.813700 0.465800
vt 0.818800 0.474200
vt 0.823900 0.482500
vt 0.821000 0.486500
vt 0.819300 0.485500
vt 0.819200 0.490800
vt 0.817000 0.489800
vt 0.842200 0.477700
vt 0.839100 0.479600
vt 0.825500 0.472400
vt 0.827700 0.469300
vt 0.830600 0.466500
vt 0.834400 0.464600
vt 0.840300 0.463700
vt 0.843700 0.467600
vt 0.844800 0.470800
vt 0.846900 0.459600
vt 0.845900 0.457000
vt 0.849100 0.456800
vt 0.849600 0.459600
vt 0.852200 0.457000
vt 0.852200 0.459600
vt 0.818100 0.496600
vt 0.815600 0.497000
vt 0.816000 0.493800
vt 0.818300 0.494200
vt 0.810800 0.492800
vt 0.801100 0.496100
vt 0.843800 0.460300
vt 0.839900 0.463800
vt 0.832600 0.460900
vt 0.353000 0.477800
vt 0.850600 0.442400
vt 0.846500 0.438900
vt 0.850000 0.438200
vt 0.797100 0.494800
vt 0.798300 0.491100
vt 0.909800 0.624900
vt 0.793500 0.493000
vt 0.794400 0.490200
vt 0.794900 0.484900
vt 0.798400 0.484800
vt 0.794500 0.479500
vt 0.845700 0.435100
vt 0.843300 0.439100
vt 0.842600 0.435900
vt 0.840100 0.439300
vt 0.839400 0.435800
vt 0.837100 0.439600
vt 0.848700 0.434300
vt 0.223900 0.525000
vt 0.221900 0.522500
vt 0.224500 0.520700
vt 0.226300 0.524100
vt 0.225800 0.527000
vt 0.208100 0.538700
vt 0.210100 0.536100
vt 0.212500 0.540600
vt 0.227000 0.519200
vt 0.229700 0.518400
vt 0.228800 0.522900
vt 0.221000 0.528600
vt 0.217400 0.530900
vt 0.213700 0.529900
vt 0.217700 0.534100
vt 0.212400 0.533500
vt 0.207600 0.530100
vt 0.210000 0.527100
vt 0.206300 0.523500
vt 0.218700 0.518800
vt 0.221400 0.516600
vt 0.227800 0.527600
vt 0.223700 0.533900
vt 0.222600 0.531300
vt 0.217500 0.537200
vt 0.205200 0.533000
vt 0.201000 0.529500
vt 0.203800 0.526300
vt 0.200300 0.522700
vt 0.202600 0.520100
vt 0.205200 0.517600
vt 0.208000 0.515000
vt 0.211400 0.511400
vt 0.215100 0.514900
vt 0.225100 0.514800
vt 0.226100 0.508500
vt 0.229000 0.513800
vt 0.228400 0.507400
vt 0.231900 0.513200
vt 0.232800 0.519400
vt 0.234200 0.512700
vt 0.235800 0.519900
vt 0.235200 0.525300
vt 0.231400 0.524300
vt 0.207200 0.544300
vt 0.211800 0.546300
vt 0.200400 0.541800
vt 0.202900 0.536900
vt 0.195000 0.537700
vt 0.198100 0.533500
vt 0.197800 0.525700
vt 0.195500 0.523100
vt 0.197800 0.520400
vt 0.200100 0.518100
vt 0.202700 0.515600
vt 0.205000 0.513000
vt 0.207000 0.510400
vt 0.222800 0.504400
vt 0.224600 0.503300
vt 0.226000 0.501800
vt 0.230200 0.506300
vt 0.191600 0.533000
vt 0.194700 0.529700
vt 0.192300 0.526700
vt 0.220100 0.501400
vt 0.221500 0.500400
vt 0.222600 0.499200
vt 0.189400 0.529400
vt 0.898900 0.463200
vt 0.898300 0.458100
vt 0.901900 0.459000
vt 0.901200 0.462600
vt 0.895800 0.463300
vt 0.894300 0.456800
vt 0.864200 0.456700
vt 0.862400 0.458700
vt 0.861000 0.455400
vt 0.862900 0.455100
vt 0.866100 0.458200
vt 0.865800 0.460500
vt 0.865900 0.454900
vt 0.862600 0.492100
vt 0.859300 0.494000
vt 0.864600 0.478200
vt 0.867400 0.487500
vt 0.869200 0.483700
vt 0.888200 0.451900
vt 0.890500 0.461300
vt 0.884700 0.455800
vt 0.893200 0.464700
vt 0.883800 0.467600
vt 0.887000 0.471000
vt 0.878600 0.462500
vt 0.870400 0.463100
vt 0.875300 0.459200
vt 0.868200 0.466300
vt 0.868800 0.473900
vt 0.865500 0.470700
vt 0.861200 0.460100
vt 0.865600 0.462700
vt 0.858500 0.456100
vt 0.266800 0.366800
vt 0.869500 0.451600
vt 0.884400 0.448100
vt 0.888700 0.443000
vt 0.905300 0.452800
vt 0.908800 0.455700
vt 0.906100 0.459200
vt 0.911900 0.452600
vt 0.908500 0.448900
vt 0.911000 0.446700
vt 0.914500 0.450600
vt 0.903800 0.440300
vt 0.907300 0.443200
vt 0.898300 0.436800
vt 0.892300 0.438500
vt 0.647400 0.111400
vt 0.893600 0.434800
vt 0.852100 0.479700
vt 0.857900 0.476100
vt 0.861600 0.474100
vt 0.873500 0.479000
vt 0.877100 0.482200
vt 0.872500 0.486900
vt 0.870700 0.490100
vt 0.259900 0.477600
vt 0.261300 0.475100
vt 0.264000 0.477000
vt 0.275100 0.475200
vt 0.271800 0.475300
vt 0.270900 0.470700
vt 0.273600 0.472500
vt 0.263500 0.495500
vt 0.264500 0.497200
vt 0.290400 0.478900
vt 0.283100 0.476000
vt 0.282400 0.472000
vt 0.290900 0.474800
vt 0.282200 0.469200
vt 0.291100 0.472200
vt 0.265000 0.472400
vt 0.243500 0.497300
vt 0.245900 0.499000
vt 0.246200 0.509500
vt 0.243700 0.509300
vt 0.247400 0.487500
vt 0.255600 0.487200
vt 0.259300 0.490800
vt 0.262800 0.492500
vt 0.261800 0.487300
vt 0.263300 0.489200
vt 0.260400 0.483900
vt 0.265600 0.488100
vt 0.253600 0.482600
vt 0.259700 0.480200
vt 0.253200 0.479200
vt 0.268200 0.475800
vt 0.266800 0.499800
vt 0.929700 0.411000
vt 0.926600 0.412400
vt 0.927000 0.409200
vt 0.938500 0.405800
vt 0.937400 0.409000
vt 0.934900 0.405800
vt 0.936100 0.405000
vt 0.923900 0.408000
vt 0.922100 0.404600
vt 0.918600 0.427300
vt 0.918400 0.431000
vt 0.950700 0.397400
vt 0.955900 0.398400
vt 0.922300 0.435700
vt 0.925900 0.435400
vt 0.931000 0.428400
vt 0.928800 0.435100
vt 0.951100 0.409400
vt 0.946000 0.408100
vt 0.946400 0.402600
vt 0.953800 0.405200
vt 0.948400 0.399200
vt 0.954700 0.402300
vt 0.941800 0.399500
vt 0.944500 0.396300
vt 0.946100 0.394300
vt 0.909700 0.423000
vt 0.914900 0.424700
vt 0.915800 0.422400
vt 0.921000 0.420700
vt 0.927600 0.421100
vt 0.929400 0.423600
vt 0.931600 0.419500
vt 0.933500 0.422000
vt 0.935900 0.425800
vt 0.934800 0.417800
vt 0.936600 0.420000
vt 0.939900 0.423300
vt 0.938100 0.414800
vt 0.940100 0.417000
vt 0.943800 0.420200
vt 0.940500 0.411900
vt 0.942700 0.413900
vt 0.946900 0.417000
vt 0.942100 0.408800
vt 0.944700 0.410800
vt 0.949200 0.413200
vt 0.943100 0.406100
vt 0.939000 0.403300
vt 0.939700 0.397600
vt 0.942500 0.393800
vt 0.927100 0.398100
vt 0.931800 0.399000
vt 0.923700 0.400100
vt 0.924400 0.398000
vt 0.944200 0.391600
vt 0.913200 0.417900
vt 0.918100 0.418800
vt 0.911100 0.421100
vt 0.922700 0.414600
vt 0.925300 0.418100
vt 0.929100 0.416500
vt 0.932200 0.414700
vt 0.935400 0.411900
vt 0.936300 0.402200
vt 0.920000 0.407100
vt 0.932600 0.408500
vt 0.545700 0.144700
vt 0.550100 0.145100
vt 0.547100 0.149700
vt 0.543900 0.148100
vt 0.543000 0.149600
vt 0.544900 0.153400
vt 0.541000 0.151600
vt 0.541300 0.148900
vt 0.581000 0.129200
vt 0.583400 0.125700
vt 0.586300 0.131900
vt 0.568500 0.146100
vt 0.571600 0.145900
vt 0.569700 0.150700
vt 0.565700 0.148300
vt 0.564300 0.155600
vt 0.566200 0.159200
vt 0.558800 0.157900
vt 0.561500 0.153100
vt 0.563700 0.131400
vt 0.567700 0.139600
vt 0.565100 0.140600
vt 0.561000 0.135400
vt 0.561100 0.143100
vt 0.556700 0.138500
vt 0.556300 0.148300
vt 0.553000 0.153500
vt 0.550800 0.157500
vt 0.578400 0.121700
vt 0.575700 0.124200
vt 0.572300 0.119800
vt 0.574700 0.118100
vt 0.572600 0.126500
vt 0.578100 0.133000
vt 0.572100 0.137400
vt 0.567500 0.129400
vt 0.578200 0.145400
vt 0.574400 0.153000
vt 0.555200 0.162300
vt 0.548800 0.172600
vt 0.554100 0.172100
vt 0.550700 0.176200
vt 0.583900 0.137700
vt 0.582100 0.156600
vt 0.577100 0.159000
vt 0.570400 0.161800
vt 0.557900 0.165700
vt 0.159900 0.207100
vt 0.183700 0.209300
vt 0.178500 0.205800
vt 0.191200 0.203400
vt 0.189800 0.206600
vt 0.189300 0.197600
vt 0.193100 0.200300
vt 0.195900 0.202300
vt 0.194500 0.204700
vt 0.161900 0.230900
vt 0.164700 0.228900
vt 0.167000 0.231800
vt 0.164600 0.233400
vt 0.194000 0.206400
vt 0.187400 0.212000
vt 0.176800 0.208600
vt 0.181200 0.213200
vt 0.171600 0.204600
vt 0.174800 0.203100
vt 0.173500 0.205600
vt 0.183100 0.194300
vt 0.599300 0.620500
vt 0.596600 0.618200
vt 0.168400 0.227000
vt 0.170400 0.229900
vt 0.184300 0.216500
vt 0.180500 0.220400
vt 0.177800 0.216600
vt 0.174200 0.211100
vt 0.170500 0.214100
vt 0.172500 0.206800
vt 0.168700 0.210000
vt 0.178600 0.193100
vt 0.175800 0.193000
vt 0.166600 0.215800
vt 0.165500 0.211900
vt 0.157600 0.211800
vt 0.154200 0.211800
vt 0.166700 0.158800
vt 0.167000 0.160700
vt 0.164400 0.160500
vt 0.164400 0.158000
vt 0.167600 0.158600
vt 0.176000 0.142900
vt 0.177700 0.146600
vt 0.172600 0.149500
vt 0.172300 0.145300
vt 0.194300 0.145500
vt 0.197000 0.146500
vt 0.187900 0.148000
vt 0.189100 0.143600
vt 0.163100 0.166000
vt 0.161000 0.160100
vt 0.166400 0.165000
vt 0.168800 0.164100
vt 0.160500 0.157600
vt 0.168800 0.155300
vt 0.167500 0.155100
vt 0.171900 0.148200
vt 0.170500 0.156200
vt 0.174200 0.158500
vt 0.174000 0.177600
vt 0.171700 0.175800
vt 0.167600 0.172000
vt 0.199300 0.147700
vt 0.181900 0.146300
vt 0.181700 0.142000
vt 0.173800 0.151600
vt 0.177000 0.155100
vt 0.182200 0.159100
vt 0.179200 0.162700
vt 0.960400 0.331100
vt 0.964900 0.334600
vt 0.179400 0.176700
vt 0.177800 0.177700
vt 0.176200 0.179200
vt 0.399600 0.381000
vt 0.182700 0.166100
vt 0.184700 0.168300
vt 0.185900 0.161900
vt 0.188300 0.163900
vt 0.255400 0.260500
vt 0.254600 0.258100
vt 0.257300 0.247300
vt 0.258900 0.247900
vt 0.257900 0.252300
vt 0.255000 0.254300
vt 0.239900 0.268300
vt 0.235400 0.268500
vt 0.254700 0.276000
vt 0.257600 0.279600
vt 0.259600 0.282400
vt 0.255700 0.285400
vt 0.261600 0.276000
vt 0.264100 0.278600
vt 0.260200 0.253700
vt 0.261400 0.249100
vt 0.249100 0.260700
vt 0.247700 0.257900
vt 0.244700 0.264900
vt 0.242900 0.265900
vt 0.234900 0.267000
vt 0.239800 0.266700
vt 0.251000 0.263800
vt 0.246800 0.267200
vt 0.253900 0.267400
vt 0.250200 0.270800
vt 0.258000 0.264100
vt 0.258400 0.272700
vt 0.262300 0.269300
vt 0.269100 0.269100
vt 0.265300 0.272600
vt 0.272200 0.265700
vt 0.274600 0.267600
vt 0.271500 0.271300
vt 0.276400 0.265000
vt 0.278400 0.261600
vt 0.268000 0.274900
vt 0.244400 0.269300
vt 0.453000 0.896000
vt 0.409000 0.854300
vt 0.019300 0.645400
vt 0.018700 0.640100
vt 0.108500 0.121600
vt 0.113600 0.119200
vt 0.504800 0.239000
vt 0.021300 0.651300
vt 0.526100 0.871200
vt 0.677995 0.856701
vt 0.960600 0.652800
vt 0.689078 0.858388
vt 0.692143 0.855181
vt 0.693719 0.850762
vt 0.682847 0.861904
vt 0.683663 0.887819
vt 0.677564 0.880825
vt 0.697119 0.846969
vt 0.699703 0.849138
vt 0.682416 0.859683
vt 0.682899 0.857119
vt 0.699636 0.843986
vt 0.702537 0.845290
vt 0.706403 0.853935
vt 0.712611 0.858390
vt 0.709260 0.849054
vt 0.716115 0.853372
vt 0.702293 0.837525
vt 0.706269 0.838100
vt 0.704804 0.841386
vt 0.701207 0.840880
vt 0.676763 0.868972
vt 0.679810 0.866891
vt 0.673010 0.874476
vt 0.672197 0.870781
vt 0.719514 0.848173
vt 0.712025 0.844179
vt 0.713689 0.841067
vt 0.721397 0.845514
vt 0.820000 0.928800
vt 0.688738 0.847817
vt 0.685402 0.847012
s 1
usemtl Material.001
f 3897/1/1 3896/2/2 3851/3/3 3850/4/4 3899/5/5
f 4/6/6 5/7/7 6/8/8
f 8/9/9 10/10/10 2/11/11 1/12/12
f 10/10/10 11/13/13 12/14/14 2/11/11
f 13/15/15 14/16/16 10/10/10 8/9/9
f 13/15/15 8/9/9 7/17/17 15/18/18
f 19/19/19 17/20/20 16/21/21 20/22/22
f 5531/23/23 5551/24/24 5552/25/25 5533/26/26
f 21/27/27 11/13/13 10/10/10 14/16/16
f 11/13/13 21/27/27 22/28/28 23/29/29
f 5544/30/30 5524/31/31 5522/32/32 5543/33/33 5542/34/34 5545/35/35
f 28/36/36 23/29/29 22/28/28 29/37/37
f 5532/38/38 5539/39/39 5550/40/40 5549/41/41 5548/42/42
f 5531/23/23 5532/38/38 5548/42/42 5551/24/24
f 31/43/43 35/44/44 36/45/45 32/46/46
f 35/44/44 37/47/47 38/48/48 36/45/45
f 36/45/45 38/48/48 29/37/37 22/28/28
f 25/49/49 24/50/50 39/51/51 40/52/52
f 4/53/6 41/54/53 42/55/54 5/56/7
f 40/57/52 41/54/53 4/53/6 25/58/49
f 20/22/22 16/21/21 41/54/53 40/57/52
f 43/59/55 19/60/19 20/61/22 44/62/56
f 3/63/57 9/64/58 1/12/12
f 23/65/29 45/66/59 12/14/14 11/13/13
f 44/62/56 38/48/48 37/47/47 43/59/55
f 38/48/48 44/62/56 39/51/51 29/37/37
f 29/37/37 39/51/51 24/50/50 28/36/36
f 28/67/36 24/68/50 27/69/60 46/70/61
f 27/69/60 26/71/62 3/63/57 46/70/61
f 9/64/58 3/63/57 26/71/62 6/8/8
f 15/18/18 7/17/17 5/56/7 42/55/54
f 5560/72/63 5533/26/26 5552/25/25 5536/73/64
f 23/65/29 28/67/36 46/70/61 45/66/59
f 40/52/52 39/51/51 44/62/56 20/61/22
f 22/28/28 21/27/27 32/46/46 36/45/45
f 47/74/65 48/75/66 49/76/67 50/77/68
f 47/74/65 50/77/68 51/78/69
f 47/74/65 51/78/69 52/79/70 53/80/71
f 54/81/72 48/75/66 47/74/65 53/80/71
f 55/82/73 56/83/74 57/84/75 58/85/76
f 50/77/68 59/86/77 51/78/69
f 50/77/68 60/87/78 61/88/79 59/86/77
f 62/89/80 63/90/81 64/91/82 65/92/83
f 62/89/80 65/92/83 66/93/84
f 64/91/82 69/94/85 70/95/86 71/96/87
f 63/90/81 72/97/88 69/94/85 64/91/82
f 5368/98/89 5315/99/90 5317/100/91 5356/101/92 5354/102/93 5351/103/94
f 76/104/95 77/105/96 74/106/97 73/107/98
f 74/106/97 77/105/96 78/108/99 75/109/100
f 77/105/96 79/110/101 80/111/102 78/108/99
f 79/110/101 59/86/77 61/88/79 80/111/102
f 81/112/103 79/110/101 77/105/96 76/104/95
f 753/113/104 739/114/105 736/115/106 737/116/107 738/117/108 461/118/109 460/119/110
f 53/80/71 52/79/70 85/120/111 86/121/112
f 88/122/113 86/121/112 87/123/114 89/124/115
f 65/92/83 89/125/115 87/126/114 66/93/84
f 68/127/116 62/89/80 66/93/84 67/128/117
f 68/127/116 90/129/118 91/130/119 62/89/80
f 63/90/81 62/89/80 91/130/119 92/131/120
f 92/131/120 93/132/121 72/97/88 63/90/81
f 93/132/121 94/133/122 73/107/98 72/97/88
f 95/134/123 76/104/95 73/107/98 94/133/122
f 83/135/124 81/112/103 76/104/95 95/134/123
f 55/82/73 83/135/124 95/134/123 56/83/74
f 55/82/73 58/85/76 82/136/125 83/135/124
f 96/137/126 84/138/127 82/136/125 58/85/76
f 97/139/128 84/138/127 96/137/126
f 569/140/129 568/141/130 571/142/131 572/143/132 247/144/133 248/145/134 243/146/135 246/147/136
f 1926/148/137 1181/149/138 1184/150/139 1687/151/140 1688/152/141 1689/153/142 1690/154/143 1693/155/144
f 101/156/145 90/129/118 100/157/146 102/158/147
f 103/159/148 91/130/119 90/129/118 101/156/145
f 103/159/148 104/160/149 92/131/120 91/130/119
f 104/160/149 105/161/150 93/132/121 92/131/120
f 105/161/150 106/162/151 94/133/122 93/132/121
f 56/83/74 95/134/123 94/133/122 106/162/151
f 106/162/151 107/163/152 57/84/75 56/83/74
f 106/162/151 105/161/150 108/164/153 107/163/152
f 109/165/154 107/163/152 108/164/153 102/158/147
f 110/166/155 101/156/145 102/158/147 108/164/153
f 103/159/148 101/156/145 110/166/155
f 241/167/156 244/168/157 292/169/158 291/170/159 290/171/160 242/172/161
f 57/84/75 107/163/152 109/173/154 111/174/162
f 111/174/162 96/137/126 58/85/76 57/84/75
f 3509/175/163 3505/176/164 3508/177/165 3494/178/166 3493/179/167 3464/180/168
f 105/161/150 104/160/149 110/166/155 108/164/153
f 49/76/67 112/181/169 60/87/78 50/77/68
f 71/96/87 113/182/170 65/92/83 64/91/82
f 54/81/72 53/80/71 86/121/112 88/122/113
f 103/159/148 110/166/155 104/160/149
f 114/183/171 115/184/172 116/185/173 117/186/174
f 118/187/175 119/188/176 114/183/171 117/186/174
f 122/189/177 118/187/175 117/186/174 121/190/178
f 116/185/173 123/191/179 121/190/178 117/186/174
f 125/192/180 126/193/181 127/194/182 124/195/183
f 129/196/184 125/192/180 124/195/183 128/197/185
f 127/194/182 130/198/186 131/199/187 124/195/183
f 124/195/183 131/199/187 132/200/188 128/197/185
f 136/201/189 133/202/190 134/203/191 135/204/192
f 122/189/177 137/205/193 138/206/194 139/207/195
f 137/205/193 140/208/196 141/209/197 138/206/194
f 139/207/195 142/210/198 143/211/199 122/189/177
f 118/187/175 122/189/177 143/211/199 144/212/200
f 145/213/201 146/214/202 147/215/203
f 148/216/204 149/217/205 146/214/202 145/213/201
f 149/217/205 150/218/206 147/215/203 146/214/202
f 1104/219/207 1826/220/208 1820/221/209 1105/222/210
f 157/223/211 154/224/212 155/225/213 156/226/214
f 154/224/212 157/223/211 158/227/215 159/228/216
f 154/224/212 159/228/216 160/229/217 155/225/213
f 161/230/218 162/231/219 150/232/206 149/233/205
f 163/234/220 164/235/221 162/231/219 161/230/218
f 161/230/218 149/233/205 148/236/204 166/237/222
f 165/238/223 163/234/220 161/230/218 166/237/222
f 167/239/224 168/240/225 169/241/226 170/242/227
f 167/239/224 170/242/227 171/243/228 172/244/229
f 148/236/204 174/245/230 173/246/231 166/237/222
f 1227/247/232 1230/248/233 1688/152/141 1685/249/234 1684/250/235 1686/251/236
f 1660/252/237 1663/253/238 1668/254/239 2121/255/240 2187/256/241 2190/257/242
f 5311/258/243 5310/259/244 5278/260/245 5299/261/246 5302/262/247 5298/263/248 5297/264/249
f 2280/265/250 2279/266/251 1397/267/252 1396/268/253
f 1405/269/254 2355/270/255 1438/271/256 1436/272/257 1406/273/258 1407/274/259 1408/275/260
f 4302/276/261 4304/277/262 4305/278/263 4303/279/264 4299/280/265 4296/281/266
f 181/282/267 167/239/224 172/244/229 145/213/201
f 185/283/268 186/284/269 183/285/270 182/286/271
f 5496/287/272 5497/288/273 5512/289/274 5513/290/275
f 5495/291/276 5496/287/272 5513/290/275 5514/292/277
f 1921/293/278 3255/294/279 3254/295/280 1920/296/281 1919/297/282 1918/298/283
f 152/299/284 142/210/198 179/300/285 153/301/286 151/302/287 373/303/288 372/304/289 374/305/290 375/306/291 189/307/292 188/308/293 437/309/294 162/231/219 164/235/221 438/310/295 376/311/296 180/312/297
f 190/313/298 188/308/293 189/307/292 191/314/299
f 192/315/300 193/316/301 194/317/302 195/318/303
f 192/315/300 197/319/304 196/320/305 193/316/301
f 197/319/304 192/315/300 195/318/303
f 3854/321/306 3867/322/307 3858/323/308 3857/324/309
f 3410/325/310 3406/326/311 3378/327/312 3376/328/313 3373/329/314
f 151/302/287 153/301/286 201/330/315 202/331/316
f 1837/332/317 1840/333/318 1841/334/319 1838/335/320
f 3631/336/321 3635/337/322 3637/338/323 3632/339/324 3633/340/325 3630/341/326
f 3460/342/327 3466/343/328 2517/344/329 2519/345/330 2518/346/331
f 2879/347/332 2462/348/333 2460/349/334 2884/350/335 2880/351/336
f 212/352/337 213/353/338 214/354/339 215/355/340
f 216/356/341 217/357/342 215/355/340 214/354/339
f 2011/358/343 2009/359/344 2008/360/345 2046/361/346 2014/362/347
f 214/354/339 213/353/338 220/363/348 218/364/349
f 3435/365/350 3423/366/351 3422/367/352 3433/368/353 3434/369/354
f 2844/370/355 2807/371/356 3481/372/357 3480/373/358 3487/374/359
f 2747/375/360 2746/376/361 2744/377/362 3151/378/363 3148/379/364 3147/380/365 3146/381/366 3144/382/367 3291/383/368 3152/384/369 3153/385/370 3150/386/371 3154/387/372 3155/388/373 2751/389/374 2752/390/375
f 227/391/376 228/392/377 229/393/378 230/394/379
f 224/395/380 227/391/376 230/394/379 225/396/381
f 233/397/382 234/398/383 230/394/379 229/393/378
f 234/398/383 235/399/384 225/396/381 230/394/379
f 229/393/378 232/400/385 236/401/386 233/397/382
f 237/402/387 238/403/388 239/404/389 240/405/390
f 232/400/385 237/402/387 240/405/390 236/401/386
f 241/167/156 242/172/161 233/397/382 236/401/386
f 240/405/390 239/404/389 243/146/135 244/168/157
f 236/401/386 240/405/390 244/168/157 241/167/156
f 239/404/389 245/406/391 246/147/136 243/146/135
f 250/407/392 251/408/393 252/409/394 253/410/395
f 274/411/396 317/412/397 319/413/398 314/414/399
f 254/415/400 256/416/401 257/417/402 255/418/403
f 256/416/401 258/419/404 259/420/405 257/417/402
f 1506/421/406 1507/422/407 1063/423/408 1463/424/409 1448/425/410 1061/426/411 1062/427/412
f 263/428/413 260/429/414 262/430/415 264/431/416
f 266/432/417 263/428/413 264/431/416 265/433/418
f 268/434/419 266/432/417 265/433/418 267/435/420
f 270/436/421 268/434/419 267/435/420 269/437/422
f 267/435/420 210/438/423 211/439/424 269/437/422
f 272/440/425 270/436/421 269/437/422 271/441/426
f 274/442/396 272/440/425 271/441/426 273/443/427
f 271/441/426 212/352/337 215/355/340 273/443/427
f 269/437/422 211/439/424 212/352/337 271/441/426
f 274/442/396 273/443/427 275/444/428 277/445/429 315/446/430 316/447/431 317/448/397
f 273/443/427 215/355/340 217/357/342 275/444/428
f 276/449/432 277/445/429 275/444/428 217/357/342
f 276/449/432 278/450/433 279/451/434 280/452/435
f 276/449/432 217/357/342 216/356/341 278/450/433
f 278/450/433 216/356/341 219/453/436 281/454/437
f 1040/455/438 1039/456/439 1044/457/440 1754/458/441 1746/459/442 1742/460/443
f 226/461/444 225/396/381 235/399/384 283/462/445
f 284/463/446 285/464/447 282/465/448 283/462/445
f 283/462/445 235/399/384 286/466/449 284/463/446
f 234/398/383 233/397/382 242/172/161 287/467/450
f 235/399/384 234/398/383 287/467/450 286/466/449
f 286/466/449 287/467/450 288/468/451 289/469/452
f 287/467/450 242/172/161 290/171/160 288/468/451
f 244/168/157 243/146/135 248/145/134 292/169/158
f 291/470/159 292/471/158 293/472/453 294/473/454
f 292/471/158 248/474/134 295/475/455 293/472/453
f 220/363/348 227/391/376 224/395/380 221/476/456 218/364/349
f 296/477/457 297/478/458 298/479/459 299/480/460
f 300/481/461 296/477/457 299/480/460 301/482/462
f 294/473/454 293/472/453 296/477/457 300/481/461
f 293/472/453 295/475/455 297/478/458 296/477/457
f 297/478/458 250/407/392 253/410/395 298/479/459
f 295/475/455 249/483/463 250/407/392 297/478/458
f 475/484/464 635/485/465 636/486/466 505/487/467 503/488/468 639/489/469 641/490/470 529/491/471
f 3483/492/472 3482/493/473 2593/494/474 2592/495/475 3485/496/476
f 302/497/477 306/498/478 307/499/479 303/500/480
f 305/501/481 308/502/482 306/498/478 302/497/477
f 255/418/403 257/417/402 308/502/482 305/501/481
f 306/498/478 309/503/483 310/504/484 307/499/479
f 308/502/482 311/505/485 309/503/483 306/498/478
f 257/417/402 259/420/405 311/505/485 308/502/482
f 2484/506/486 3724/507/487 3721/508/488 2485/509/489 2482/510/490 2483/511/491
f 2041/512/492 2020/513/493 1141/514/494 2015/515/495 1960/516/496 2114/517/497 2013/518/498
f 3864/519/499 3863/520/500 3858/323/308 3867/322/307 3865/521/501
f 126/193/181 317/448/397 316/447/431 127/194/182
f 318/522/502 127/194/182 316/447/431
f 315/446/430 280/452/435 318/522/502 316/447/431
f 277/445/429 276/449/432 280/452/435 315/446/430
f 3456/523/503 3028/524/504 3029/525/505 3455/526/506 3457/527/507
f 317/412/397 126/528/181 320/529/508 319/413/398
f 126/528/181 125/530/180 202/331/316 320/529/508
f 125/530/180 129/531/184 151/302/287 202/331/316
f 202/331/316 201/330/315 321/532/509 320/529/508
f 2669/533/510 2826/534/511 2825/535/512 2674/536/513 2675/537/514
f 326/538/515 177/539/516 325/540/517 330/541/518 331/542/519 329/543/520
f 325/540/517 177/539/516 179/300/285
f 5172/544/521 5167/545/522 5166/546/523 5169/547/524 5170/548/525 5171/549/526
f 3484/550/527 2639/551/528 2638/552/529 1487/553/530 2156/554/531
f 331/542/519 138/206/194 141/209/197 329/543/520
f 3200/555/532 3203/556/533 3202/557/534 3199/558/535
f 332/559/536 141/209/197 140/208/196 335/560/537
f 333/561/538 332/559/536 335/560/537 196/320/305
f 1252/562/539 1683/563/540 1682/564/541 1681/565/542
f 333/561/538 196/320/305 197/319/304 336/566/543
f 195/318/303 336/566/543 197/319/304
f 160/229/217 336/567/543 155/225/213
f 336/567/543 195/568/303 156/226/214 155/225/213
f 337/569/544 339/570/545 338/571/546 334/572/547
f 3629/573/548 2523/574/549 2520/575/550 2521/576/551 2518/346/331 2519/345/330 3625/577/552 3628/578/553
f 5495/291/276 5514/292/277 5515/579/554 5494/580/555
f 157/223/211 342/581/556 341/582/557 158/227/215
f 342/581/556 157/223/211 156/226/214 343/583/558
f 195/568/303 194/584/302 343/583/558 156/226/214
f 344/585/559 342/581/556 343/583/558 345/586/560
f 186/284/269 344/585/559 345/586/560 346/587/561
f 3407/588/562 3415/589/563 3405/590/564 3402/591/565 3404/592/566
f 349/593/567 123/594/179 351/595/568 350/596/569
f 352/597/570 121/190/178 123/191/179 349/598/567
f 353/599/571 352/597/570 349/598/567 348/600/572
f 140/208/196 137/205/193 352/597/570 353/599/571
f 137/205/193 122/189/177 121/190/178 352/597/570
f 196/320/305 335/560/537 354/601/573 193/316/301
f 335/560/537 140/208/196 353/599/571 354/601/573
f 348/600/572 347/602/574 354/601/573 353/599/571
f 347/602/574 194/317/302 193/316/301 354/601/573
f 123/594/179 116/603/173 355/604/575 351/595/568
f 187/605/576 184/606/577 351/595/568 355/604/575
f 357/607/578 187/605/576 355/604/575 356/608/579
f 170/242/227 357/607/578 356/608/579 171/243/228
f 116/603/173 115/609/172 356/608/579 355/604/575
f 115/609/172 120/610/580 171/243/228 356/608/579
f 4209/611/581 4220/612/582 4207/613/583 4208/614/584
f 1350/615/585 1666/616/586 1664/617/587 1662/618/588 1455/619/589 1297/620/590
f 363/621/591 367/622/592 366/623/593 360/624/594
f 367/622/592 363/621/591 168/240/225
f 191/625/299 368/626/595 366/623/593 367/622/592
f 190/627/298 191/625/299 367/622/592 369/628/596
f 168/240/225 167/239/224 369/628/596 367/622/592
f 371/629/597 370/630/598 147/215/203 150/218/206
f 371/629/597 190/627/298 369/628/596 370/630/598
f 181/282/267 370/630/598 369/628/596 167/239/224
f 370/630/598 181/282/267 145/213/201 147/215/203
f 368/626/595 372/631/289 365/632/599 366/623/593
f 2054/633/600 2063/634/601 2051/635/602 2050/636/603 2049/637/604
f 3067/638/605 3064/639/606 3066/640/607 2630/641/608 2629/642/609 2710/643/610
f 1928/644/611 1929/645/612 1684/250/235 1685/249/234
f 4943/646/613 4927/647/614 4920/648/615 4922/649/616 4926/650/617
f 2345/651/618 2351/652/619 2350/653/620 2344/654/621 1345/655/622 1344/656/623
f 378/657/624 129/196/184 128/197/185 377/658/625
f 128/197/185 132/200/188 379/659/626 377/658/625
f 377/658/625 379/659/626 362/660/627 364/661/628
f 200/662/629 132/200/188 131/199/187 198/663/630
f 5497/288/273 5496/287/272 5495/291/276 185/283/268 182/286/271 183/285/270 184/606/577 187/605/576 357/607/578 170/242/227 169/241/226 359/664/631 200/662/629 199/665/632 381/666/633 380/667/634 358/668/635 5498/669/636
f 4131/670/637 4124/671/638 4118/672/639 4117/673/640 4186/674/641
f 1666/616/586 1350/615/585 1349/675/642 1665/676/643 1664/617/587
f 5190/677/644 5162/678/645 5140/679/646 5146/680/647
f 1419/681/648 1092/682/649 1091/683/650 2418/684/651 1428/685/652
f 2102/686/653 2104/687/654 1875/688/655 1876/689/656
f 2535/690/657 2536/691/658 2532/692/659 2668/693/660 2667/694/661 2533/695/662 2534/696/663 2537/697/664
f 133/202/190 136/201/189 386/698/665 385/699/666
f 2484/506/486 2483/511/491 2514/700/667 3723/701/668 3719/702/669 3724/507/487
f 384/703/670 386/698/665 387/704/671 388/705/672
f 386/698/665 136/201/189 389/706/673 387/704/671
f 382/707/674 384/703/670 388/705/672 383/708/675
f 387/709/671 390/710/676 391/711/677 388/712/672
f 392/713/678 390/710/676 387/709/671 389/714/673
f 393/715/679 383/716/675 388/712/672 391/711/677
f 1530/717/680 1531/718/681 1528/719/682 1200/720/683 1171/721/684 1173/722/685
f 1166/723/686 1356/724/687 1287/725/688 1149/726/689 1164/727/690 1165/728/691
f 5408/729/692 5376/730/693 5377/731/694 5375/732/695 5409/733/696
f 399/734/697 401/735/698 402/736/699 400/737/700
f 2277/738/701 2240/739/702 2245/740/703 2278/741/704
f 703/742/705 504/743/706 638/744/707 639/489/469 503/488/468 706/745/708
f 1863/746/709 1985/747/710 1984/748/711 1861/749/712 1860/750/713 1862/751/714
f 408/752/715 313/753/716 314/414/399 407/754/717
f 409/755/718 312/756/719 313/753/716 408/752/715
f 303/500/480 307/499/479 409/755/718 410/757/720
f 408/752/715 411/758/721 410/757/720 409/755/718
f 407/754/717 406/759/722 411/758/721 408/752/715
f 312/756/719 409/755/718 307/499/479 310/504/484
f 412/760/723 410/757/720 411/758/721 413/761/724
f 413/761/724 411/758/721 406/759/722 414/762/725
f 405/763/726 415/764/727 414/762/725 406/759/722
f 2434/765/728 2433/766/729 3106/767/730 3107/768/731 3114/769/732 2437/770/733
f 5484/771/734 5485/772/735 5504/773/736 5505/774/737 5506/775/738
f 3194/776/739 2786/777/740 2784/778/741 2487/779/742 2489/780/743 2492/781/744
f 3697/782/745 3700/783/746 3699/784/747 3698/785/748 3695/786/749 3696/787/750
f 15/18/18 42/55/54 18/788/751 34/789/752
f 424/790/753 425/791/754 402/736/699 401/735/698
f 1671/792/755 1139/793/756 1140/794/757 1138/795/758 1670/796/759 1672/797/760
f 602/798/761 600/799/762 599/800/763 737/116/107 736/115/106
f 980/801/764 983/802/765 964/803/766 979/804/767
f 1757/805/768 1755/806/769 1272/807/770 1271/808/771 1756/809/772
f 1838/335/320 1841/334/319 1840/333/318 1511/810/773 1510/811/774 1842/812/775 1855/813/776
f 4684/814/777 4669/815/778 4667/816/779 4668/817/780 4686/818/781 4699/819/782 4685/820/783
f 294/473/454 430/821/784 290/822/160 291/470/159
f 431/823/785 432/824/786 433/825/787 434/826/788
f 430/821/784 432/824/786 431/823/785 429/827/789
f 432/824/786 300/481/461 301/482/462 433/825/787
f 430/821/784 294/473/454 300/481/461 432/824/786
f 284/463/446 286/466/449 289/469/452 428/828/790
f 674/829/791 676/830/792 493/831/793 492/832/794 669/833/795 671/834/796 673/835/797
f 304/836/798 303/500/480 410/757/720 412/760/723
f 753/113/104 460/119/110 710/837/799 754/838/800
f 183/285/270 186/284/269 346/587/561 350/596/569
f 184/606/577 183/285/270 350/596/569 351/595/568
f 3159/839/801 3160/840/802 3157/841/803 3158/842/804 3296/843/805 3297/844/806
f 1965/845/807 1964/846/808 1963/847/809 1798/848/810
f 435/849/811 318/522/502 280/452/435 279/451/434
f 130/198/186 127/194/182 318/522/502 435/849/811
f 2045/850/812 2044/851/813 2043/852/814 2046/361/346
f 238/403/388 206/853/815 245/406/391 239/404/389
f 4012/854/816 4017/855/817 3971/856/818 3970/857/819 4014/858/820 4013/859/821
f 5103/860/822 5115/861/823 5114/862/824 5118/863/825 5120/864/826 5121/865/827 5127/866/828 5100/867/829 5099/868/830 5101/869/831 5102/870/832
f 4672/871/833 4674/872/834 4687/873/835 4670/874/836 4671/875/837
f 5491/876/838 5517/877/839 160/229/217
f 5492/878/840 5516/879/841 5517/877/839 5491/876/838
f 3016/880/842 3013/881/843 3679/882/844 3678/883/845 2439/884/846
f 190/313/298 371/885/597 437/309/294 188/308/293
f 437/309/294 371/885/597 150/232/206 162/231/219
f 174/886/230 148/216/204 145/213/201 172/244/229
f 120/610/580 174/886/230 172/244/229 171/243/228
f 4801/887/847 4839/888/848 4840/889/849 4802/890/850 4753/891/851
f 3352/892/852 3350/893/853 3351/894/854 3293/895/855 3353/896/856
f 392/713/678 389/714/673 397/897/857 396/898/858
f 207/899/859 203/900/860 206/853/815 238/403/388 436/901/861
f 391/711/677 390/710/676 394/902/862 395/903/863
f 390/710/676 392/713/678 396/898/858 394/902/862
f 136/201/189 135/204/192 397/904/857 389/706/673
f 433/825/787 301/482/462 304/836/798 412/760/723
f 434/826/788 433/825/787 412/760/723 413/761/724
f 418/905/864 434/826/788 413/761/724 414/762/725
f 418/905/864 414/762/725 415/764/727 416/906/865
f 589/907/866 587/908/867 585/909/868 623/910/869 624/911/870 625/912/871
f 1902/913/872 1330/914/873 1329/915/874 1333/916/875 1715/917/876
f 440/918/877 441/919/878 442/920/879 443/921/880
f 444/922/881 445/923/882 440/918/877 443/921/880
f 173/246/231 174/245/230 120/924/580 115/184/172 114/183/171
f 447/925/883 448/926/884 443/921/880 442/920/879
f 448/926/884 449/927/885 444/922/881 443/921/880
f 452/928/886 453/929/887 450/930/888 451/931/889
f 451/931/889 450/930/888 454/932/890 455/933/891
f 456/934/892 451/931/889 455/933/891 457/935/893
f 458/936/894 459/937/895 460/119/110 461/118/109
f 447/925/883 462/938/896 463/939/897 464/940/898
f 465/941/899 466/942/900 462/938/896 447/925/883
f 465/941/899 447/925/883 442/920/879 467/943/901
f 468/944/902 469/945/903 470/946/904
f 472/947/905 471/948/906 468/944/902 470/946/904
f 473/949/907 472/947/905 470/946/904 469/945/903
f 477/950/908 478/951/909 479/952/910 480/953/911
f 477/950/908 481/954/912 482/955/913 478/951/909
f 481/954/912 477/950/908 480/953/911 483/956/914
f 484/957/915 472/958/905 473/959/907 485/960/916
f 486/961/917 484/957/915 485/960/916 487/962/918
f 4524/963/919 4509/964/920 4525/965/921 4526/966/922 4534/967/923
f 484/957/915 489/968/924 471/969/906 472/958/905
f 486/961/917 488/970/925 489/968/924 484/957/915
f 490/971/926 491/972/927 492/832/794 493/831/793
f 491/972/927 490/971/926 494/973/928 495/974/929
f 497/975/930 498/976/931 500/977/932
f 501/978/933 502/979/934 471/969/906 489/968/924
f 2878/980/935 2782/981/936 2781/982/937 2875/983/938 2876/984/939 2877/985/940
f 3952/986/941 3951/987/942 3944/988/943 3938/989/944 3941/990/945 3976/991/946
f 4854/992/947 4850/993/948 4893/994/949 4857/995/950 4894/996/951 4895/997/952
f 5484/771/734 5506/775/738 5507/998/953 5483/999/954
f 3382/1000/955 3381/1001/956 3400/1002/957 3385/1003/958 3383/1004/959
f 490/971/926 507/1005/960 468/944/902 494/973/928
f 832/1006/961 833/1007/962 794/1008/963 780/1009/964 796/1010/965
f 3233/1011/966 3427/1012/967 3271/1013/968 3265/1014/969
f 1521/1015/970 2408/1016/971 1517/1017/972 1518/1018/973
f 691/1019/974 516/1020/975 751/1021/976 687/1022/977 517/1023/978 518/1024/979 682/1025/980
f 519/1026/981 520/1027/982 521/1028/983 522/1029/984
f 520/1027/982 523/1030/985 524/1031/986 521/1028/983
f 519/1026/981 525/1032/987 523/1030/985 520/1027/982
f 2369/1033/988 2367/1034/989 2364/1035/990 2362/1036/991 2361/1037/992
f 2394/1038/993 1609/1039/994 1613/1040/995 2378/1041/996 2377/1042/997 2376/1043/998 1460/1044/999
f 474/1045/1000 530/1046/1001 531/1047/1002 475/484/464
f 5443/1048/1003 5446/1049/1004 5452/1050/1005 5440/1051/1006 5442/1052/1007
f 713/1053/1008 715/1054/1009 725/1055/1010 714/1056/1011
f 2097/1057/1012 2099/1058/1013 1878/1059/1014 1879/1060/1015
f 2373/1061/1016 2369/1033/988 2361/1037/992 1042/1062/1017 1048/1063/1018
f 538/1064/1019 539/1065/1020 540/1066/1021 541/1067/1022
f 539/1065/1020 542/1068/1023 543/1069/1024 540/1066/1021
f 142/210/198 152/299/284 180/312/297 118/187/175 144/212/200 143/211/199
f 2413/1070/1025 2414/1071/1026 2410/1072/1027 2411/1073/1028
f 540/1066/1021 545/1074/1029 546/1075/1030 541/1067/1022
f 834/1076/1031 795/1077/1032 794/1008/963 833/1007/962 761/1078/1033 760/1079/1034
f 225/396/381 226/461/444 222/1080/1035 221/476/456 224/395/380
f 554/1081/1036 555/1082/1037 556/1083/1038 557/1084/1039
f 551/1085/1040 553/1086/1041 555/1082/1037 554/1081/1036
f 1050/1087/1042 1059/1088/1043 1057/1089/1044 1055/1090/1045 1056/1091/1046 1053/1092/1047
f 555/1082/1037 560/1093/1048 561/1094/1049 556/1083/1038
f 553/1086/1041 562/1095/1050 560/1093/1048 555/1082/1037
f 556/1083/1038 561/1094/1049 563/1096/1051 558/1097/1052
f 564/1098/1053 565/1099/1054 558/1097/1052 563/1096/1051
f 561/1094/1049 566/1100/1055 567/1101/1056 563/1096/1051
f 563/1096/1051 567/1101/1056 568/141/130 564/1098/1053
f 569/140/129 570/1102/1057 564/1098/1053 568/141/130
f 3430/1103/1058 3445/1104/1059 3431/1105/1060 3429/1106/1061 3428/1107/1062
f 574/1108/1063 575/1109/1064 252/409/394 251/408/393
f 4379/1110/1065 4368/1111/1066 4369/1112/1067 4367/1113/1068 4382/1114/1069
f 577/1115/1070 256/416/401 254/415/400 576/1116/1071
f 578/1117/1072 258/419/404 256/416/401 577/1115/1070
f 579/1118/1073 581/1119/1074 582/1120/1075 580/1121/1076
f 581/1119/1074 583/1122/1077 584/1123/1078 582/1120/1075
f 583/1122/1077 585/1124/868 586/1125/1079 584/1123/1078
f 584/1123/1078 586/1125/1079 537/1126/1080 535/1127/1081
f 585/1124/868 587/1128/867 588/1129/1082 586/1125/1079
f 587/1128/867 589/1130/866 590/1131/1083 588/1129/1082
f 588/1129/1082 590/1131/1083 539/1065/1020 538/1064/1019
f 586/1125/1079 588/1129/1082 538/1064/1019 537/1126/1080
f 589/1130/866 627/1132/1084 628/1133/1085 626/1134/1086 592/1135/1087 591/1136/1088 590/1131/1083
f 590/1131/1083 591/1136/1088 542/1068/1023 539/1065/1020
f 591/1136/1088 592/1135/1087 593/1137/1089 542/1068/1023
f 593/1137/1089 594/1138/1090 595/1139/1091 596/1140/1092
f 593/1137/1089 596/1140/1092 543/1069/1024 542/1068/1023
f 2044/851/813 2045/850/812 2047/1141/1093 2070/1142/1094
f 596/1140/1092 598/1143/1095 544/1144/1096 543/1069/1024
f 706/745/708 503/488/468 505/487/467 636/486/466 635/485/465 713/1053/1008 714/1056/1011 758/1145/1097 637/1146/1098 709/1147/1099
f 562/1095/1050 553/1086/1041 552/1148/1100 601/1149/1101
f 600/799/762 602/798/761 603/1150/1102 601/1149/1101
f 601/1149/1101 603/1150/1102 604/1151/1103 562/1095/1050
f 605/1152/1104 560/1093/1048 562/1095/1050 604/1151/1103
f 566/1100/1055 561/1094/1049 560/1093/1048 605/1152/1104
f 566/1100/1055 605/1152/1104 606/1153/1105 607/1154/1106
f 605/1152/1104 604/1151/1103 608/1155/1107 606/1153/1105
f 567/1101/1056 566/1100/1055 607/1154/1106 609/1156/1108
f 568/141/130 567/1101/1056 609/1156/1108 571/142/131
f 609/1157/1108 610/1158/1109 611/1159/1110 571/1160/131
f 571/1160/131 611/1159/1110 573/1161/1111 572/1162/132
f 610/1158/1109 612/1163/1112 613/1164/1113 611/1159/1110
f 612/1163/1112 614/1165/1114 615/1166/1115 613/1164/1113
f 611/1159/1110 613/1164/1113 574/1108/1063 573/1161/1111
f 613/1164/1113 615/1166/1115 575/1109/1064 574/1108/1063
f 4792/1167/1116 4737/1168/1117 4736/1169/1118 4723/1170/1119 4791/1171/1120
f 619/1172/1121 620/1173/1122 618/1174/1123 617/1175/1124
f 620/1173/1122 577/1115/1070 576/1116/1071 618/1174/1123
f 621/1176/1125 622/1177/1126 620/1173/1122 619/1172/1121
f 622/1177/1126 578/1117/1072 577/1115/1070 620/1173/1122
f 2474/1178/1127 2476/1179/1128 2477/1180/1129 2475/1181/1130 2472/1182/1131 2473/1183/1132
f 4681/1184/1133 4659/1185/1134 4662/1186/1135 4679/1187/1136 4677/1188/1137 4680/1189/1138
f 627/1132/1084 629/1190/1139 456/934/892 628/1133/1085
f 2122/1191/1140 2123/1192/1141 2121/255/240 1668/254/239 1667/1193/1142
f 626/1134/1086 628/1133/1085 630/1194/1143 594/1138/1090
f 594/1138/1090 593/1137/1089 592/1135/1087 626/1134/1086
f 629/1195/1139 627/1196/1084 631/1197/1144 632/1198/1145
f 453/1199/887 452/1200/886 530/1046/1001 474/1045/1000
f 731/1201/1146 726/1202/1147 730/1203/1148 732/1204/1149 712/1205/1150 711/1206/1151 756/1207/1152 757/1208/1153 733/1209/1154
f 1855/813/776 1842/812/775 1843/1210/1155 1844/1211/1156 1848/1212/1157
f 638/744/707 640/1213/1158 641/490/470 639/489/469
f 898/1214/1159 880/1215/1160 879/1216/1161 896/1217/1162 893/1218/1163
f 640/1213/1158 642/1219/1164 643/1220/1165 641/490/470
f 641/490/470 643/1220/1165 529/491/471
f 462/938/896 529/491/471 643/1220/1165 463/939/897
f 646/1221/1166 647/1222/1167 464/940/898 463/939/897
f 645/1223/1168 522/1029/984 647/1222/1167 646/1221/1166
f 644/1224/1169 498/976/931 648/1225/1170 645/1223/1168
f 645/1223/1168 648/1225/1170 519/1026/981 522/1029/984
f 498/976/931 5518/1226/1171 649/1227/1172 648/1225/1170
f 648/1225/1170 649/1227/1172 525/1032/987 519/1026/981
f 649/1228/1172 5518/1229/1171 483/956/914 480/953/911
f 525/1230/987 649/1228/1172 480/953/911 479/952/910
f 3714/1231/1173 3713/1232/1174 2611/1233/1175 2612/1234/1176 2613/1235/1177
f 5159/1236/1178 5160/1237/1179 5161/1238/1180 5157/1239/1181 5141/1240/1182
f 5502/1241/1183 5503/1242/1184 5486/1243/1185 5487/1244/1186
f 5486/1243/1185 5503/1242/1184 5504/773/736 5485/772/735
f 5501/1245/1187 5502/1241/1183 5487/1244/1186 5488/1246/1188
f 652/1247/1189 654/1248/1190 655/1249/1191 653/1250/1192
f 653/1250/1192 655/1249/1191 478/951/909 482/955/913
f 5501/1245/1187 5488/1246/1188 5489/1251/1193 5500/1252/1194
f 655/1249/1191 654/1248/1190 656/1253/1195 657/1254/1196
f 478/951/909 655/1249/1191 657/1254/1196 479/952/910
f 1144/1255/1197 1143/1256/1198 1147/1257/1199 1442/1258/1200 1501/1259/1201
f 523/1260/985 525/1230/987 479/952/910 657/1254/1196
f 654/1248/1190 658/1261/1202 659/1262/1203 656/1253/1195
f 658/1261/1202 509/1263/1204 660/1264/1205 659/1262/1203
f 662/1265/1206 661/1266/1207 659/1262/1203 660/1264/1205
f 449/1267/885 662/1265/1206 660/1264/1205 663/1268/1208
f 449/927/885 448/926/884 664/1269/1209 662/1270/1206
f 448/926/884 447/925/883 464/940/898 664/1269/1209
f 665/1271/1210 647/1222/1167 522/1029/984 521/1028/983
f 661/1272/1207 665/1271/1210 521/1028/983 524/1031/986
f 662/1270/1206 664/1269/1209 665/1271/1210 661/1272/1207
f 664/1269/1209 464/940/898 647/1222/1167 665/1271/1210
f 444/1273/881 449/1267/885 663/1268/1208 666/1274/1211
f 508/1275/1212 513/1276/1213 666/1274/1211 663/1268/1208
f 513/1276/1213 667/1277/1214 668/1278/1215 666/1274/1211
f 667/1277/1214 491/972/927 495/974/929 668/1278/1215
f 445/1279/882 444/1273/881 666/1274/1211 668/1278/1215
f 446/1280/1216 445/1279/882 668/1278/1215 495/974/929
f 1150/1281/1217 1151/1282/1218 1152/1283/1219 1153/1284/1220 1148/1285/1221 1149/726/689 1287/725/688 1290/1286/1222
f 366/623/593 365/632/599 364/661/628 362/660/627 361/1287/1223 360/624/594
f 676/830/792 680/1288/1224 681/1289/1225 493/831/793
f 674/829/791 678/1290/1226 680/1288/1224 676/830/792
f 682/1291/980 518/1292/979 681/1289/1225 680/1288/1224
f 518/1292/979 517/1293/978 685/1294/1227 681/1289/1225
f 685/1294/1227 490/971/926 493/831/793 681/1289/1225
f 686/1295/1228 687/1296/977 473/949/907 469/945/903
f 517/1293/978 687/1296/977 686/1295/1228 685/1294/1227
f 507/1005/960 490/971/926 685/1294/1227 686/1295/1228
f 507/1005/960 686/1295/1228 469/945/903 468/944/902
f 5044/1297/1229 5045/1298/1230 5039/1299/1231 5038/1300/1232 5043/1301/1233
f 1870/1302/1234 3397/1303/1235 3399/1304/1236 1871/1305/1237
f 2008/360/345 2001/1306/1238 2045/850/812 2046/361/346
f 682/1025/980 684/1307/1239 690/1308/1240 691/1019/974
f 1318/1309/1241 2214/1310/1242 2215/1311/1243 1319/1312/1244 1320/1313/1245 1317/1314/1246
f 453/929/887 693/1315/1247 692/1316/1248 450/930/888
f 694/1317/1249 454/932/890 450/930/888 692/1316/1248
f 692/1316/1248 679/1318/1250 675/1319/1251 694/1317/1249
f 528/1320/1252 527/1321/1253 455/933/891 454/932/890
f 3626/1322/1254 3630/341/326 3633/340/325 3629/573/548 3628/578/553 3627/1323/1255
f 3293/895/855 3156/1324/1256 3155/388/373 3154/387/372 3150/386/371 3153/385/370 3152/384/369 3291/383/368 3144/382/367 3145/1325/1257 3284/1326/1258 3289/1327/1259 3290/1328/1260 3447/1329/1261 3292/1330/1262
f 2539/1331/1263 2543/1332/1264 2524/1333/1265 2523/574/549 2540/1334/1266 2538/1335/1267
f 2132/1336/1268 2178/1337/1269 2180/1338/1270 2129/1339/1271
f 1658/1340/1272 1045/1341/1273 2357/1342/1274 2356/1343/1275 1656/1344/1276
f 3483/492/472 3484/550/527 2156/554/531 2153/1345/1277
f 697/1346/1278 699/1347/1279 700/1348/1280 698/1349/1281
f 459/937/895 458/936/894 700/1348/1280 699/1347/1279
f 459/937/895 699/1347/1279 701/1350/1282 702/1351/1283
f 699/1347/1279 697/1346/1278 703/1352/705 701/1350/1282
f 5508/1353/1284 5507/998/953 5506/775/738 504/1354/706 703/1352/705 697/1346/1278
f 704/1355/1285 705/1356/1286 702/1357/1283 701/1358/1282
f 706/745/708 704/1355/1285 701/1358/1282 703/742/705
f 4810/1359/1287 4838/1360/1288 4837/1361/1289 4836/1362/1290
f 336/567/543 160/229/217 337/569/544 334/572/547 333/561/538
f 2812/1363/1291 2813/1364/1292 2802/1365/1293 2803/1366/1294 2804/1367/1295
f 912/1368/1296 918/1369/1297 920/1370/1298 940/1371/1299 913/1372/1300
f 3854/321/306 3857/324/309 3855/1373/1301 3853/1374/1302 3870/1375/1303
f 2218/1376/1304 2216/1377/1305 2217/1378/1306 1401/1379/1307
f 625/912/871 624/911/870 718/1380/1308 717/1381/1309
f 624/911/870 623/910/869 719/1382/1310 718/1380/1308
f 617/1175/1124 720/1383/1311 719/1382/1310 619/1172/1121
f 721/1384/1312 716/1385/1313 717/1381/1309 718/1380/1308
f 720/1383/1311 721/1384/1312 718/1380/1308 719/1382/1310
f 623/910/869 621/1176/1125 619/1172/1121 719/1382/1310
f 722/1386/1314 723/1387/1315 716/1385/1313 721/1384/1312
f 724/1388/1316 722/1386/1314 721/1384/1312 720/1383/1311
f 723/1387/1315 725/1055/1010 715/1054/1009 716/1385/1313
f 758/1145/1097 757/1208/1153 709/1147/1099 637/1146/1098
f 5383/1389/1317 5387/1390/1318 5388/1391/1319 5384/1392/1320 5385/1393/1321 5386/1394/1322
f 552/1148/1100 553/1086/1041 551/1085/1040 549/1395/1323 548/1396/1324
f 4555/1397/1325 4575/1398/1326 4576/1399/1327 4574/1400/1328 4573/1401/1329 4550/1402/1330
f 913/1372/1300 941/1403/1331 945/1404/1332 946/1405/1333 911/1406/1334 912/1368/1296
f 1260/1407/1335 2157/1408/1336 2156/554/531 1487/553/530 1257/1409/1337
f 602/798/761 736/115/106 734/1410/1338 741/1411/1339 742/1412/1340 603/1150/1102
f 1962/1413/1341 1963/847/809 1960/516/496 1961/1414/1342
f 736/115/106 739/114/105 740/1415/1343 734/1410/1338
f 5090/1416/1344 5065/1417/1345 5063/1418/1346 5092/1419/1347 5093/1420/1348 5091/1421/1349
f 1964/846/808 1965/845/807 1966/1422/1350 1967/1423/1351 2116/1424/1352
f 2913/1425/1353 2915/1426/1354 2911/1427/1355 2910/1428/1356 2909/1429/1357 2912/1430/1358
f 610/1158/1109 609/1157/1108 607/1431/1106 744/1432/1359
f 747/1433/1360 748/1434/1361 745/1435/1362 746/1436/1363
f 744/1432/1359 743/1437/1364 745/1435/1362 748/1434/1361
f 748/1434/1361 747/1433/1360 614/1165/1114 612/1163/1112
f 744/1432/1359 748/1434/1361 612/1163/1112 610/1158/1109
f 604/1151/1103 603/1150/1102 742/1412/1340 608/1155/1107
f 3277/1438/1365 3279/1439/1366 3280/1440/1367 3275/1441/1368 3276/1442/1369
f 720/1383/1311 617/1175/1124 616/1443/1370 724/1388/1316
f 509/1263/1204 508/1275/1212 663/1268/1208 660/1264/1205
f 651/1444/1371 658/1261/1202 654/1248/1190 652/1247/1189
f 898/1214/1159 893/1218/1163 892/1445/1372 897/1446/1373
f 594/1138/1090 630/1194/1143 749/1447/1374 595/1139/1091
f 565/1099/1054 564/1098/1053 570/1102/1057 533/1448/1375
f 750/1449/1376 534/1450/1377 536/1451/1378 559/1452/1379
f 565/1099/1054 750/1449/1376 559/1452/1379 558/1097/1052
f 5499/1453/1380 5490/1454/1381 483/956/914
f 5490/1454/1381 5499/1453/1380 5500/1252/1194 5489/1251/1193
f 687/1022/977 751/1021/976 485/960/916 473/959/907
f 2572/1455/1382 3634/1456/1383 2573/1457/1384 2569/1458/1385 2568/1459/1386
f 2047/1460/1093 2048/1461/1387 2050/636/603 2051/635/602 2067/1462/1388
f 471/948/906 502/1463/934 494/973/928 468/944/902
f 502/1463/934 446/1280/1216 495/974/929 494/973/928
f 378/1464/624 372/304/289 373/303/288 151/302/287 129/531/184
f 2779/1465/1389 2808/1466/1390 2811/1467/1391 3674/1468/1392 2776/1469/1393 2777/1470/1394 2778/1471/1395
f 710/1472/799 702/1357/1283 705/1356/1286 707/1473/1396
f 708/1474/1397 707/1473/1396 705/1356/1286 704/1355/1285
f 709/1147/1099 708/1474/1397 704/1355/1285 706/745/708
f 747/1433/1360 724/1388/1316 616/1443/1370 614/1165/1114
f 746/1436/1363 722/1386/1314 724/1388/1316 747/1433/1360
f 728/1475/1398 723/1387/1315 722/1386/1314 746/1436/1363
f 728/1475/1398 727/1476/1399 725/1055/1010 723/1387/1315
f 1100/1477/1400 1082/1478/1401 1078/1479/1402 1096/1480/1403 1095/1481/1404 1099/1482/1405
f 919/1483/1406 952/1484/1407 921/1485/1408 922/1486/1409
f 3358/1487/1410 3353/896/856 3356/1488/1411 3357/1489/1412 3362/1490/1413 3361/1491/1414 3288/1492/1415 3363/1493/1416 3365/1494/1417
f 739/114/105 753/113/104 754/838/800 740/1415/1343
f 3475/1495/1418 2842/1496/1419 2841/1497/1420 2839/1498/1421 2840/1499/1422 3471/1500/1423 3472/1501/1424 3473/1502/1425 3474/1503/1426
f 100/157/146 67/128/117 85/120/111 98/1504/1427 99/1505/1428 109/165/154 102/158/147
f 1369/1506/1429 1309/1507/1430 1301/1508/1431 1304/1509/1432 2252/1510/1433
f 735/1511/1434 754/1512/800 755/1513/1435 712/1205/1150
f 712/1205/1150 755/1513/1435 756/1207/1152 711/1206/1151
f 3257/1514/1436 3057/1515/1437 3058/1516/1438 3258/1517/1439
f 634/1518/1440 531/1047/1002 530/1046/1001 632/1198/1145
f 452/1200/886 629/1195/1139 632/1198/1145 530/1046/1001
f 629/1190/1139 452/928/886 451/931/889 456/934/892
f 3083/1519/1441 2846/1520/1442 2709/1521/1443 3077/1522/1444 3080/1523/1445
f 5073/1524/1446 5072/1525/1447 5050/1526/1448 5084/1527/1449 5019/1528/1450 5018/1529/1451
f 4446/1530/1452 4478/1531/1453 4477/1532/1454 4465/1533/1455 4464/1534/1456 4469/1535/1457 4468/1536/1458
f 2064/1537/1459 2062/1538/1460 1870/1302/1234 1871/1305/1237
f 372/631/289 368/626/595 374/1539/290
f 683/1540/1461 682/1291/980 680/1288/1224 678/1290/1226
f 688/1541/1462 683/1540/1461 678/1290/1226 677/1542/1463
f 460/119/110 459/937/895 702/1351/1283 710/837/799
f 759/1543/1464 760/1079/1034 761/1078/1033 762/1544/1465
f 763/1545/1466 764/1546/1467 760/1079/1034 759/1543/1464
f 762/1547/1465 765/1548/1468 763/1545/1466 759/1543/1464
f 763/1545/1466 765/1548/1468 766/1549/1469 764/1546/1467
f 767/1550/1470 768/1551/1471 769/1552/1472 770/1553/1473
f 767/1554/1470 771/1555/1474 772/1556/1475 768/1557/1471
f 773/1558/1476 771/1555/1474 767/1554/1470 770/1559/1473
f 774/1560/1477 769/1552/1472 768/1551/1471 775/1561/1478
f 776/1562/1479 777/1563/1480 778/1564/1481 779/1565/1482
f 780/1009/964 781/1566/1483 782/1567/1484 783/1568/1485
f 3880/1569/1486 3836/1570/1487 3831/1571/1488 3830/1572/1489 3827/1573/1490 3832/1574/1491
f 785/1575/1492 784/1576/1493 786/1577/1494 787/1578/1495
f 788/1579/1496 785/1575/1492 787/1578/1495 789/1580/1497
f 765/1548/1468 790/1581/1498 791/1582/1499 771/1555/1474 773/1558/1476 766/1549/1469
f 762/1547/1465 792/1583/1500 790/1581/1498 765/1548/1468
f 762/1544/1465 761/1078/1033 793/1584/1501 792/1585/1500
f 781/1566/1483 780/1009/964 794/1008/963 795/1077/1032
f 778/1564/1481 777/1563/1480 796/1010/965
f 797/1586/1502 798/1587/1503 796/1010/965 777/1563/1480
f 799/1588/1504 800/1589/1505 798/1587/1503 797/1586/1502
f 801/1590/1506 802/1591/1507 799/1588/1504 797/1586/1502
f 797/1586/1502 777/1563/1480 776/1562/1479 801/1590/1506
f 3375/1592/1508 3347/1593/1509 3448/1594/1510 3295/1595/1511 3349/1596/1512 2525/1597/1513 3355/1598/1514
f 4969/1599/1515 4957/1600/1516 4956/1601/1517 4967/1602/1518 4966/1603/1519 4968/1604/1520
f 785/1575/1492 788/1579/1496 808/1605/1521 806/1606/1522
f 809/1607/1523 788/1579/1496 789/1580/1497 810/1608/1524
f 809/1607/1523 810/1608/1524 811/1609/1525 812/1610/1526
f 768/1551/1471 772/1611/1475 813/1612/1527 775/1561/1478
f 772/1611/1475 814/1613/1528 815/1614/1529 813/1612/1527
f 792/1585/1500 793/1584/1501 815/1614/1529 814/1613/1528
f 771/1555/1474 791/1582/1499 814/1615/1528 772/1556/1475
f 2849/1616/1530 3070/1617/1531 3065/1618/1532 3064/639/606 3076/1619/1533 2847/1620/1534 2555/1621/1535 2848/1622/1536
f 791/1582/1499 790/1581/1498 792/1583/1500 814/1615/1528
f 2789/1623/1537 2781/982/937 2782/981/936 2785/1624/1538 2787/1625/1539 2790/1626/1540
f 3396/1627/1541 3385/1003/958 3400/1002/957 3401/1628/1542 3398/1629/1543
f 1194/1630/1544 1524/1631/1545 1525/1632/1546 2404/1633/1547 2405/1634/1548 1067/1635/1549 1066/1636/1550 1522/1637/1551 1195/1638/1552 1196/1639/1553 1197/1640/1554
f 806/1606/1522 808/1605/1521 820/1641/1555 807/1642/1556
f 808/1605/1521 821/1643/1557 822/1644/1558 820/1641/1555
f 788/1579/1496 809/1607/1523 821/1643/1557 808/1605/1521
f 825/1645/1559 826/1646/1560 823/1647/1561 812/1610/1526
f 1922/1648/1562 1182/1649/1563 1692/1650/1564 1695/1651/1565
f 824/1652/1566 823/1647/1561 826/1646/1560 828/1653/1567
f 2834/1654/1568 2835/1655/1569 2458/1656/1570 2457/1657/1571
f 830/1658/1572 831/1659/1573 775/1561/1478 813/1612/1527
f 5515/579/554 5516/879/841 5492/878/840 5493/1660/1574 5494/580/555
f 832/1006/961 793/1584/1501 761/1078/1033 833/1007/962
f 812/1610/1526 823/1647/1561 824/1652/1566 822/1644/1558 821/1643/1557 809/1607/1523
f 764/1546/1467 835/1661/1575 834/1076/1031 760/1079/1034
f 764/1546/1467 766/1549/1469 836/1662/1576 835/1661/1575
f 2769/1663/1577 2768/1664/1578 3549/1665/1579 3548/1666/1580 3547/1667/1581 2771/1668/1582
f 770/1559/1473 840/1669/1583 839/1670/1584 773/1558/1476
f 769/1552/1472 841/1671/1585 840/1672/1583 770/1553/1473
f 774/1560/1477 842/1673/1586 841/1671/1585 769/1552/1472
f 831/1659/1573 842/1673/1586 774/1560/1477 775/1561/1478
f 835/1661/1575 836/1662/1576 787/1578/1495 786/1577/1494
f 789/1580/1497 787/1578/1495 836/1662/1576 837/1674/1587
f 837/1674/1587 838/1675/1588 810/1608/1524 789/1580/1497
f 838/1675/1588 839/1670/1584 811/1609/1525 810/1608/1524
f 811/1609/1525 839/1670/1584 840/1669/1583 843/1676/1589
f 841/1671/1585 844/1677/1590 843/1678/1589 840/1672/1583
f 842/1673/1586 845/1679/1591 844/1677/1590 841/1671/1585
f 842/1673/1586 831/1659/1573 829/1680/1592 845/1679/1591
f 795/1077/1032 834/1076/1031 835/1661/1575 786/1577/1494
f 795/1077/1032 786/1577/1494 784/1576/1493 781/1566/1483
f 812/1610/1526 811/1609/1525 843/1676/1589 825/1645/1559
f 844/1677/1590 827/1681/1593 825/1682/1559 843/1678/1589
f 845/1679/1591 817/1683/1594 827/1681/1593 844/1677/1590
f 845/1679/1591 829/1680/1592 816/1684/1595 817/1683/1594
f 780/1009/964 783/1568/1485 778/1564/1481 796/1010/965
f 846/1685/1596 847/1686/1597 848/1687/1598 849/1688/1599
f 850/1689/1600 846/1690/1596 849/1688/1599 851/1691/1601
f 852/1692/1602 853/1693/1603 854/1694/1604
f 855/1695/1605 856/1696/1606 857/1697/1607 858/1698/1608
f 859/1699/1609 858/1698/1608 857/1697/1607 852/1692/1602
f 860/1700/1610 861/1701/1611 862/1702/1612 863/1703/1613
f 864/1704/1614 865/1705/1615 863/1703/1613 862/1702/1612
f 866/1706/1616 867/1707/1617 863/1703/1613 865/1705/1615
f 868/1708/1618 869/1709/1619 865/1705/1615 864/1704/1614
f 866/1706/1616 865/1705/1615 869/1709/1619 870/1710/1620
f 871/1711/1621 872/1712/1622 870/1710/1620 869/1709/1619
f 851/1691/1601 870/1710/1620 872/1712/1622 850/1689/1600
f 873/1713/1623 874/1714/1624 850/1689/1600 872/1712/1622
f 874/1714/1624 875/1715/1625 846/1690/1596 850/1689/1600
f 876/1716/1626 867/1707/1617 848/1687/1598 847/1686/1597
f 866/1706/1616 849/1688/1599 848/1687/1598 867/1707/1617
f 851/1691/1601 849/1688/1599 866/1706/1616 870/1710/1620
f 860/1700/1610 863/1703/1613 867/1707/1617 876/1716/1626
f 877/1717/1627 861/1701/1611 860/1700/1610 878/1718/1628
f 879/1216/1161 880/1215/1160 881/1719/1629 877/1717/1627
f 877/1717/1627 881/1719/1629 882/1720/1630 861/1701/1611
f 883/1721/1631 868/1708/1618 864/1704/1614 884/1722/1632
f 885/1723/1633 886/1724/1634 868/1708/1618 883/1721/1631
f 886/1724/1634 871/1711/1621 869/1709/1619 868/1708/1618
f 887/1725/1635 873/1713/1623 872/1712/1622 871/1711/1621
f 854/1726/1604 874/1714/1624 873/1713/1623 888/1727/1636
f 852/1692/1602 889/1728/1637 890/1729/1638
f 891/1730/1639 892/1445/1372 859/1699/1609 890/1729/1638
f 893/1218/1163 858/1698/1608 859/1699/1609 892/1445/1372
f 894/1731/1640 856/1696/1606 855/1695/1605 895/1732/1641
f 875/1733/1625 853/1734/1603 856/1696/1606 894/1731/1640
f 894/1731/1640 847/1686/1597 846/1685/1596 875/1733/1625
f 853/1735/1603 875/1715/1625 874/1714/1624 854/1726/1604
f 895/1732/1641 876/1716/1626 847/1686/1597 894/1731/1640
f 878/1718/1628 860/1700/1610 876/1716/1626 895/1732/1641
f 895/1732/1641 855/1695/1605 896/1217/1162 878/1718/1628
f 879/1216/1161 877/1717/1627 878/1718/1628 896/1217/1162
f 2870/1736/1642 2463/1737/1643 2464/1738/1644 2876/984/939 2875/983/938 3718/1739/1645 2873/1740/1646
f 4661/1741/1647 4683/1742/1648 4696/1743/1649 4695/1744/1650 4662/1186/1135
f 281/454/437 198/663/630 131/199/187 130/198/186 435/849/811 279/451/434 278/450/433
f 902/1745/1651 888/1727/1636 873/1713/1623 887/1725/1635
f 890/1729/1638 889/1728/1637 903/1746/1652 891/1730/1639
f 904/1747/1653 900/1748/1654 901/1749/1655 905/1750/1656
f 859/1699/1609 852/1692/1602 890/1729/1638
f 900/1748/1654 904/1747/1653 903/1746/1652 902/1751/1651
f 889/1728/1637 888/1752/1636 902/1751/1651 903/1746/1652
f 888/1752/1636 889/1728/1637 852/1692/1602 854/1694/1604
f 853/1734/1603 852/1692/1602 857/1697/1607 856/1696/1606
f 896/1217/1162 855/1695/1605 858/1698/1608 893/1218/1163
f 907/1753/1657 908/1754/1658 909/1755/1659 910/1756/1660
f 914/1757/1661 909/1755/1659 908/1754/1658 915/1758/1662
f 912/1368/1296 916/1759/1663 917/1760/1664 918/1369/1297
f 3812/1761/1665 3821/1762/1666 3820/1763/1667 3809/1764/1668 3811/1765/1669
f 923/1766/1670 924/1767/1671 925/1768/1672 921/1485/1408
f 923/1766/1670 926/1769/1673 927/1770/1674 924/1767/1671
f 928/1771/1675 929/1772/1676 924/1767/1671 927/1770/1674
f 928/1771/1675 927/1770/1674 930/1773/1677 931/1774/1678
f 931/1774/1678 915/1775/1662 908/1776/1658 928/1771/1675
f 915/1775/1662 931/1774/1678 932/1777/1679 933/1778/1680
f 2402/1779/1681 1232/1780/1682 1231/1781/1683 2403/1782/1684
f 934/1783/1685 944/1784/1686 935/1785/1687 936/1786/1688 933/1787/1680
f 1439/1788/1689 1357/1789/1690 2417/1790/1691 1437/1791/1692 1436/272/257 1438/271/256
f 910/1756/1660 937/1792/1693 929/1772/1676 907/1753/1657
f 907/1753/1657 929/1772/1676 928/1771/1675 908/1776/1658
f 937/1792/1693 925/1768/1672 924/1767/1671 929/1772/1676
f 925/1768/1672 937/1792/1693 938/1793/1694 939/1794/1695
f 939/1794/1695 922/1486/1409 921/1485/1408 925/1768/1672
f 940/1371/1299 942/1795/1696 941/1403/1331 913/1372/1300
f 940/1371/1299 922/1486/1409 939/1794/1695 942/1795/1696
f 938/1793/1694 943/1796/1697 942/1795/1696 939/1794/1695
f 937/1792/1693 910/1756/1660 936/1786/1688 938/1793/1694
f 938/1793/1694 936/1786/1688 935/1797/1687 943/1796/1697
f 943/1796/1697 935/1797/1687 944/1798/1686 945/1404/1332
f 941/1403/1331 942/1795/1696 943/1796/1697 945/1404/1332
f 916/1759/1663 912/1368/1296 911/1406/1334 948/1799/1698
f 948/1800/1698 949/1801/1699 950/1802/1700 916/1803/1663
f 916/1803/1663 950/1802/1700 951/1804/1701 917/1805/1664
f 1555/1806/1702 1553/1807/1703 1554/1808/1704 1550/1809/1705 1549/1810/1706 1551/1811/1707
f 954/1812/1708 955/1813/1709 926/1769/1673 923/1766/1670
f 949/1801/1699 930/1773/1677 927/1770/1674 926/1769/1673
f 947/1814/1710 932/1777/1679 931/1774/1678 930/1773/1677
f 932/1815/1679 946/1405/1333 934/1816/1685 933/1817/1680
f 930/1773/1677 949/1801/1699 948/1800/1698 947/1814/1710
f 2892/1818/1711 2890/1819/1712 2581/1820/1713 2889/1821/1714 3711/1822/1715
f 955/1813/1709 954/1812/1708 953/1823/1716 956/1824/1717
f 944/1798/1686 934/1816/1685 946/1405/1333 945/1404/1332
f 1660/252/237 2190/257/242 2189/1825/1718 1661/1826/1719 1657/1827/1720 1659/1828/1721
f 957/1829/1722 958/1830/1723 959/1831/1724
f 960/1832/1725 961/1833/1726 962/1834/1727 963/1835/1728
f 965/1836/1729 960/1832/1725 963/1835/1728 966/1837/1730
f 967/1838/1731 969/1839/1732 970/1840/1733 971/1841/1734
f 972/1842/1735 973/1843/1736 974/1844/1737 970/1840/1733
f 975/1845/1738 976/1846/1739 974/1847/1737 977/1848/1740
f 974/1847/1737 976/1846/1739 971/1841/1734 970/1840/1733
f 976/1846/1739 975/1845/1738 978/1849/1741 968/1850/1742
f 968/1850/1742 967/1838/1731 971/1841/1734 976/1846/1739
f 3751/1851/1743 3750/1852/1744 3753/1853/1745 3752/1854/1746
f 1535/1855/1747 1425/1856/1748 1216/1857/1749 1215/1858/1750 1532/1859/1751 1530/717/680 1173/722/685 1172/1860/1752 1170/1861/1753
f 982/1862/1754 981/1863/1755 984/1864/1756 985/1865/1757
f 985/1865/1757 962/1834/1727 961/1833/1726 982/1862/1754
f 966/1837/1730 963/1835/1728 986/1866/1758 987/1867/1759
f 989/1868/1760 990/1869/1761 969/1839/1732 988/1870/1762
f 970/1840/1733 969/1839/1732 990/1869/1761 972/1842/1735
f 1547/1871/1763 1548/1872/1764 1552/1873/1765 1551/1811/1707 1549/1810/1706 1546/1874/1766
f 993/1875/1767 995/1876/1768 996/1877/1769 977/1878/1740
f 974/1844/1737 973/1843/1736 993/1879/1767 977/1880/1740
f 995/1876/1768 957/1829/1722 959/1831/1724 996/1877/1769
f 996/1881/1769 959/1882/1724 997/1883/1770 998/1884/1771
f 998/1884/1771 975/1845/1738 977/1848/1740 996/1881/1769
f 997/1883/1770 980/801/764 979/804/767 998/1884/1771
f 979/804/767 978/1849/1741 975/1845/1738 998/1884/1771
f 999/1885/1772 1000/1886/1773 980/801/764 997/1883/1770
f 1001/1887/1774 1002/1888/1775 987/1867/1759 986/1866/1758
f 1003/1889/1776 991/1890/1777 990/1869/1761 989/1868/1760
f 1004/1891/1778 1005/1892/1779 1006/1893/1780 994/1894/1781
f 957/1829/1722 995/1876/1768 994/1894/1781 1006/1893/1780
f 1006/1893/1780 1007/1895/1782 958/1830/1723 957/1829/1722
f 999/1885/1772 997/1883/1770 959/1882/1724 958/1830/1723
f 958/1830/1723 1007/1895/1782 1000/1886/1773 999/1885/1772
f 2633/1896/1783 2591/1897/1784 2590/1898/1785 2780/1899/1786 2643/1900/1787
f 1410/1901/1788 1409/1902/1789 1516/1903/1790 1518/1018/973 1517/1017/972 1515/1904/1791 1514/1905/1792
f 1011/1906/1793 984/1864/1756 981/1863/1755 1009/1907/1794
f 1015/1908/1795 1017/1909/1796 1018/1910/1797 1016/1911/1798 1012/1912/1799 1013/1913/1800 1014/1914/1801
f 1017/1909/1796 1019/1915/1802 1020/1916/1803 1018/1910/1797
f 1008/1917/1804 1007/1895/1782 1006/1893/1780 1005/1892/1779
f 1019/1915/1802 1009/1907/1794 1010/1918/1805 1020/1916/1803
f 1009/1907/1794 1019/1915/1802 1011/1906/1793
f 1021/1919/1806 1022/1920/1807 1011/1906/1793 1019/1915/1802
f 1023/1921/1808 1017/1909/1796 1015/1908/1795 1014/1922/1801
f 1023/1921/1808 1021/1919/1806 1019/1915/1802 1017/1909/1796
f 1012/1912/1799 1016/1911/1798 1002/1888/1775 1001/1887/1774
f 987/1867/1759 1002/1888/1775 989/1868/1760 988/1870/1762
f 1016/1911/1798 1003/1889/1776 989/1868/1760 1002/1888/1775
f 5188/1923/1809 5189/1924/1810 5152/1925/1811 5187/1926/1812
f 902/1745/1651 887/1725/1635 899/1927/1813 901/1928/1655 900/1929/1654
f 1018/1910/1797 1020/1916/1803 1005/1892/1779 1004/1891/1778
f 1010/1918/1805 1008/1917/1804 1005/1892/1779 1020/1916/1803
f 1024/1930/1814 1025/1931/1815 1026/1932/1816
f 899/1927/1813 887/1725/1635 871/1711/1621 886/1724/1634 885/1723/1633
f 1027/1933/1817 1028/1934/1818 1029/1935/1819 1030/1936/1820
f 5417/1937/1821 5425/1938/1822 5423/1939/1823 5424/1940/1824 5422/1941/1825 5418/1942/1826
f 1031/1943/1827 1032/1944/1828 1033/1945/1829 1034/1946/1830
f 1035/1947/1831 1036/1948/1832 1037/1949/1833 1038/1950/1834
f 1039/456/439 1040/455/438 1041/1951/1835 1042/1952/1017
f 1043/1953/1836 1044/1954/440 1039/1955/439 1042/1062/1017
f 1043/1953/1836 1045/1341/1273 1046/1956/1837 1044/1954/440
f 1041/1951/1835 1047/1957/1838 1048/1958/1018 1042/1952/1017
f 1049/1959/1839 1050/1087/1042 1051/1960/1840 1052/1961/1841
f 1050/1087/1042 1053/1092/1047 1054/1962/1842 1051/1960/1840
f 2813/1364/1292 2866/1963/1843 2868/1964/1844 2869/1965/1845 2872/1966/1846 3206/1967/1847 2802/1365/1293
f 1057/1089/1044 1058/1968/1848 1056/1091/1046 1055/1090/1045
f 1059/1088/1043 1050/1087/1042 1049/1959/1839 1060/1969/1849
f 1064/1970/1850 1065/1971/1851 1066/1636/1550 1067/1635/1549
f 1067/1635/1549 1068/1972/1852 1064/1970/1850
f 1463/424/409 1063/423/408 1071/1973/1853 1069/1974/1854 1064/1970/1850 1068/1972/1852
f 1069/1974/1854 1070/1975/1855 1065/1971/1851 1064/1970/1850
f 1071/1973/1853 1072/1976/1856 1070/1975/1855 1069/1974/1854
f 1073/1977/1857 1074/1978/1858 1075/1979/1859 1076/1980/1860
f 1074/1978/1858 1077/1981/1861 1078/1479/1402 1075/1979/1859
f 1079/1982/1862 1080/1983/1863 1081/1984/1864 1076/1980/1860
f 1078/1479/1402 1082/1478/1401 1083/1985/1865 1075/1979/1859
f 1075/1979/1859 1083/1985/1865 1079/1982/1862 1076/1980/1860
f 1084/1986/1866 1085/1987/1867 1086/1988/1868 1087/1989/1869
f 431/823/785 434/826/788 418/905/864 416/906/865 417/1990/1870
f 1085/1987/1867 1090/1991/1871 1089/1992/1872 1086/1988/1868
f 1091/683/650 1092/682/649 1086/1988/1868 1089/1992/1872
f 1094/1993/1873 1095/1481/1404 1096/1480/1403 1078/1994/1402
f 327/1995/1874 5513/290/275 5512/289/274 5511/1996/1875 178/1997/1876
f 3461/1998/1877 2521/576/551 2522/1999/1878 3456/523/503 3458/2000/1879
f 1462/2001/1880 2396/2002/1881 2394/1038/993 1460/1044/999 1459/2003/1882 1292/2004/1883 1060/2005/1849 1291/2006/1884 1456/2007/1885
f 1102/2008/1886 1103/2009/1887 1106/2010/1888 1104/219/207
f 1107/2011/1889 1108/2012/1890 1109/2013/1891 1110/2014/1892
f 1111/2015/1893 1112/2016/1894 1108/2012/1890 1107/2011/1889
f 1113/2017/1895 1114/2018/1896 1115/2019/1897 1116/2020/1898
f 1109/2013/1891 1113/2017/1895 1116/2020/1898 1110/2014/1892
f 1117/2021/1899 1118/2022/1900 1119/2023/1901 1120/2024/1902
f 3161/2025/1903 3167/2026/1904 2576/2027/1905 3156/1324/1256 3158/842/804 3157/841/803
f 1123/2028/1906 1122/2029/1907 1121/2030/1908
f 1124/2031/1909 1077/1981/1861 1125/2032/1910 1126/2033/1911
f 1126/2033/1911 1127/2034/1912 1128/2035/1913 1124/2031/1909
f 1129/2036/1914 1124/2031/1909 1128/2035/1913
f 1130/2037/1915 1131/2038/1916 1124/2039/1909 1129/2040/1914
f 1131/2038/1916 1095/2041/1404 1077/2042/1861 1124/2039/1909
f 186/284/269 185/283/268 340/2043/1917 341/582/557 342/581/556 344/585/559
f 829/1680/1592 831/1659/1573 830/1658/1572 800/1589/1505 816/1684/1595
f 1137/2044/1918 2122/1191/1140 1667/1193/1142 1665/2045/643 1349/2046/642 1669/2047/1919 1670/796/759 1138/795/758 1136/2048/1920
f 537/1126/1080 538/1064/1019 541/1067/1022 536/1451/1378 535/1127/1081
f 1295/2049/1921 1298/2050/1922 1296/2051/1923 1291/2052/1884 1293/2053/1924 1294/2054/1925
f 2526/2055/1926 2867/2056/1927 2865/2057/1928 2527/2058/1929 2528/2059/1930 2472/1182/1131
f 1145/2060/1931 1143/1256/1198 1084/1986/1866 1087/1989/1869
f 1146/2061/1932 1147/1257/1199 1143/1256/1198 1145/2060/1931
f 1154/2062/1933 1157/2063/1934 1158/2064/1935 1155/2065/1936
f 1161/2066/1937 1162/2067/1938 1081/2068/1864 1080/2069/1863
f 1148/1285/1221 1163/2070/1939 1164/727/690 1149/726/689
f 3657/2071/1940 3656/2072/1941 3653/2073/1942 3652/2074/1943 3651/2075/1944
f 1079/1982/1862 1083/1985/1865 1082/1478/1401 1100/1477/1400 1088/2076/1945 1090/1991/1871 1167/2077/1946 1160/2078/1947 1142/2079/1948 1080/1983/1863
f 1167/2077/1946 1090/1991/1871 1085/1987/1867 1160/2078/1947
f 1289/2080/1949 1288/2081/1950 2196/2082/1951 2195/2083/1952 2194/2084/1953 1151/1282/1218
f 1168/2085/1954 1169/2086/1955 1170/1861/1753 1171/721/684
f 1170/1861/1753 1172/1860/1752 1173/722/685 1171/721/684
f 3085/2087/1956 3088/2088/1957 2557/2089/1958 2555/2090/1535 2556/2091/1959
f 2776/1469/1393 3674/1468/1392 3666/2092/1960 3672/2093/1961 2774/2094/1962
f 1180/2095/1963 1181/149/138 1182/1649/1563 1183/2096/1964
f 1177/2097/1965 1184/150/139 1181/149/138 1180/2095/1963
f 1183/2096/1964 1186/2098/1966 1185/2099/1967 1180/2095/1963
f 1187/2100/1968 1188/2101/1969 1189/2102/1970
f 4354/2103/1971 4353/2104/1972 4318/2105/1973 4319/2106/1974 4320/2107/1975
f 1192/2108/1976 1193/2109/1977 1189/2102/1970 1188/2101/1969
f 1192/2108/1976 1188/2101/1969 1190/2110/1978
f 1197/1640/1554 1171/2111/684 1200/2112/683 1194/1630/1544
f 1201/2113/1979 1202/2114/1980 1203/2115/1981 1204/2116/1982
f 1205/2117/1983 1206/2118/1984 1202/2114/1980 1201/2113/1979
f 1207/2119/1985 1206/2120/1984 1205/2121/1983 1208/2122/1986
f 1209/2123/1987 1165/728/691 1203/2115/1981 1210/2124/1988
f 1202/2114/1980 1211/2125/1989 1210/2124/1988 1203/2115/1981
f 1206/2118/1984 1212/2126/1990 1211/2125/1989 1202/2114/1980
f 3241/2127/1991 3061/2128/1992 3062/2129/1993 3063/2130/1994 3243/2131/1995
f 1216/1857/1749 1217/2132/1996 1218/2133/1997 1219/2134/1998
f 3158/842/804 3156/1324/1256 3293/895/855 3351/894/854 3294/2135/1999 3296/843/805
f 2027/2136/2000 2028/2137/2001 2022/2138/2002 2023/2139/2003 2019/2140/2004 2025/2141/2005 2030/2142/2006 2029/2143/2007 1954/2144/2008
f 1222/2145/2009 1223/2146/2010 1224/2147/2011 1225/2148/2012
f 1205/2121/1983 1226/2149/2013 1223/2146/2010 1222/2145/2009
f 1227/247/232 1228/2150/2014 1229/2151/2015 1230/248/233
f 1235/2152/2016 1236/2153/2017 1237/2154/2018 1238/2155/2019
f 1239/2156/2020 1240/2157/2021 1236/2153/2017 1235/2152/2016
f 1241/2158/2022 1242/2159/2023 1243/2160/2024 1238/2161/2019
f 1235/2162/2016 1244/2163/2025 1245/2164/2026 1239/2165/2020
f 1238/2161/2019 1243/2160/2024 1244/2163/2025 1235/2162/2016
f 1246/2166/2027 1247/2167/2028 1248/2168/2029 1249/2169/2030
f 1250/2170/2031 1246/2166/2027 1249/2169/2030 1251/2171/2032
f 2520/575/550 2523/574/549 2524/1333/1265 3032/2172/2033 3033/2173/2034 3031/2174/2035
f 1256/2175/2036 1257/1409/1337 1258/2176/2037 1259/2177/2038
f 2855/2178/2039 3641/2179/2040 2312/2180/2041 1482/2181/2042 1485/2182/2043 3741/2183/2044 2854/2184/2045
f 1259/2177/2038 1258/2176/2037 1261/2185/2046 1262/2186/2047
f 1259/2177/2038 1262/2186/2047 1263/2187/2048 1256/2175/2036
f 1265/2188/2049 1266/2189/2050 1267/2190/2051 1268/2191/2052
f 1268/2191/2052 1267/2190/2051 1269/2192/2053 1270/2193/2054
f 4553/2194/2055 4554/2195/2056 4555/1397/1325 4550/1402/1330 4551/2196/2057 4552/2197/2058
f 1273/2198/2059 1274/2199/2060 1269/2192/2053 1267/2190/2051
f 1273/2198/2059 1267/2190/2051 1266/2189/2050 1275/2200/2061
f 1275/2200/2061 1276/2201/2062 1274/2199/2060 1273/2198/2059
f 3920/2202/2063 3815/2203/2064 3922/2204/2065 3921/2205/2066 3918/2206/2067 3810/2207/2068
f 2655/2208/2069 2657/2209/2070 2660/2210/2071 2656/2211/2072 2444/2212/2073
f 1283/2213/2074 1284/2214/2075 1285/2215/2076 1286/2216/2077
f 1287/725/688 1288/2217/1950 1289/2218/1949 1290/1286/1222
f 1290/2219/1222 1289/2080/1949 1151/1282/1218 1150/1281/1217
f 2471/2220/2078 2470/2221/2079 2526/2222/1926 2544/2223/2080 2486/2224/2081
f 3709/2225/2082 2832/2226/2083 2826/534/511 2669/533/510 2453/2227/2084 2670/2228/2085 2829/2229/2086 2830/2230/2087 3707/2231/2088
f 2669/2232/510 2675/2233/514 2676/2234/2089 2671/2235/2090 2672/2236/2091 2673/2237/2092
f 1299/2238/2093 1300/2239/2094 1073/1977/1857 1076/1980/1860
f 1301/1508/1431 1302/2240/2095 1303/2241/2096 1304/1509/1432
f 1305/2242/2097 1306/2243/2098 1302/2240/2095 1301/1508/1431
f 1305/2242/2097 1307/2244/2099 1308/2245/2100 1306/2243/2098
f 1305/2242/2097 1301/1508/1431 1309/1507/1430 1307/2244/2099
f 1310/2246/2101 1311/2247/2102 1312/2248/2103 1313/2249/2104
f 1311/2247/2102 1314/2250/2105 1315/2251/2106 1312/2248/2103
f 1312/2248/2103 1315/2251/2106 1316/2252/2107 1313/2249/2104
f 2127/2253/2108 1133/2254/2109 1134/2255/2110 1132/2256/2111 2130/2257/2112
f 2704/2258/2113 2705/2259/2114 2700/2260/2115 2701/2261/2116 2698/2262/2117 2699/2263/2118
f 1281/2264/2119 1786/2265/2120 1952/2266/2121 1282/2267/2122
f 3266/2268/2123 3267/2269/2124 2702/2270/2125 2703/2271/2126 2701/2261/2116 2700/2260/2115
f 1329/915/874 1330/914/873 1331/2272/2127 1332/2273/2128
f 3238/2274/2129 3079/2275/2130 2706/2276/2131 2707/2277/2132 2708/2278/2133
f 1339/2279/2134 1340/2280/2135 1341/2281/2136 1342/2282/2137
f 1341/2281/2136 1343/2283/2138 1342/2282/2137
f 1342/2282/2137 1344/2284/623 1345/2285/622 1339/2279/2134
f 1092/682/649 1346/2286/2139 1086/1988/1868
f 1087/1989/1869 1086/1988/1868 1346/2286/2139 1347/2287/2140
f 1348/2288/2141 1349/2046/642 1350/2289/585 1351/2290/2142
f 1351/2290/2142 1350/2289/585 1296/2051/1923 1298/2050/1922
f 1352/2291/2143 1353/2292/2144 1354/2293/2145 1355/2294/2146
f 1352/2291/2143 1355/2294/2146 1356/724/687 1357/1789/1690
f 1352/2291/2143 1357/1789/1690 1314/2250/2105 1353/2292/2144
f 1303/2241/2096 1362/2295/2147 1363/2296/2148 1304/1509/1432
f 5357/2297/2149 5366/2298/2150 5358/2299/2151 5359/2300/2152 5342/2301/2153
f 1025/1931/1815 1367/2302/2154 1026/1932/1816
f 1026/1932/1816 1368/2303/2155 1369/1506/1429 1024/1930/1814
f 1373/2304/2156 1375/2305/2157 1376/2306/2158 1377/2307/2159
f 4227/2308/2160 4226/2309/2161 4253/2310/2162 4254/2311/2163 4252/2312/2164 4251/2313/2165 4250/2314/2166 4239/2315/2167
f 1382/2316/2168 1383/2317/2169 1384/2318/2170 1385/2319/2171
f 1386/2320/2172 1387/2321/2173 1388/2322/2174 1383/2323/2169
f 1171/2111/684 1197/1640/1554 1388/2322/2174 1387/2321/2173
f 1386/2324/2172 1383/2317/2169 1382/2316/2168
f 1379/2325/2175 1384/2326/2170 1383/2323/2169 1378/2327/2176
f 1389/2328/2177 1390/2329/2178 1391/2330/2179 1392/2331/2180
f 1390/2329/2178 1393/2332/2181 1394/2333/2182 1391/2330/2179
f 1396/268/253 1390/2334/2178 1389/2335/2177 1395/2336/2183 2281/2337/2184 2280/265/250
f 2763/2338/2185 3574/2339/2186 3573/2340/2187 2767/2341/2188 2765/2342/2189 2762/2343/2190
f 1398/2344/2191 1399/2345/2192 1311/2247/2102 1310/2246/2101
f 2752/390/375 3737/2346/2193 2748/2347/2194 2745/2348/2195 2747/375/360
f 1402/2349/2196 1264/2350/2197 1403/2351/2198 1404/2352/2199
f 1932/2353/2200 1323/2354/2201 1322/2355/2202 1326/2356/2203 1325/2357/2204 1933/2358/2205
f 1404/2352/2199 1405/269/254 1408/275/260 1402/2349/2196
f 3233/1011/966 3229/2359/2206 3428/1107/1062 3427/1012/967
f 119/188/176 118/187/175 180/312/297 376/311/296 438/310/295 164/235/221 163/234/220 165/238/223
f 2783/2360/2207 2788/2361/2208 2784/778/741 2785/1624/1538 2782/981/936
f 1414/2362/2209 1412/2363/2210 1413/2364/2211 1415/2365/2212
f 2628/2366/2213 2630/641/608 3066/640/607 2607/2367/2214 2606/2368/2215
f 1420/2369/2216 1421/2370/2217 1365/2371/2218 1364/2372/2219
f 1217/2373/1996 1420/2369/2216 1364/2372/2219 1218/2374/1997
f 1422/2375/2220 1423/2376/2221 1424/2377/2222 1217/2378/1996
f 1217/2132/1996 1216/1857/1749 1425/1856/1748 1422/2379/2220
f 393/715/679 391/711/677 395/903/863 324/2380/2223 439/2381/2224 404/2382/2225 403/2383/2226 323/2384/2227 322/2385/2228 177/539/516 176/2386/2229
f 1426/2387/2230 1427/2388/2231 1421/2389/2217 1420/2390/2216
f 1424/2391/2222 1426/2387/2230 1420/2390/2216 1217/2392/1996
f 3044/2393/2232 2627/2394/2233 3041/2395/2234 3043/2396/2235
f 1275/2200/2061 1116/2020/1898 1115/2019/1897 1276/2201/2062
f 1110/2014/1892 1116/2020/1898 1275/2200/2061 1266/2189/2050
f 1505/2397/2236 1142/2079/1948 1084/1986/1866 1143/1256/1198 1144/2398/1197 1503/2399/2237
f 1431/2400/2238 1429/2401/2239 1430/2402/2240 1432/2403/2241
f 1077/1981/1861 1074/1978/1858 1433/2404/2242 1125/2032/1910
f 1074/1978/1858 1073/1977/1857 1434/2405/2243 1433/2404/2242
f 270/2406/421 272/2407/425 274/411/396 314/414/399 313/753/716 312/756/719
f 1406/273/258 1436/272/257 1437/1791/1692 1407/274/259
f 3554/2408/2244 3602/2409/2245 3557/2410/2246 3555/2411/2247 3556/2412/2248
f 1300/2413/2094 1299/2414/2093 1444/2415/2249 1445/2416/2250
f 1445/2416/2250 1446/2417/2251 1447/2418/2252 1300/2413/2094
f 1445/2416/2250 1444/2415/2249 1448/425/410 1446/2417/2251
f 1449/2419/2253 1201/2113/1979 1204/2116/1982 1450/2420/2254
f 1226/2421/2013 1205/2117/1983 1201/2113/1979 1449/2419/2253
f 1451/2422/2255 1452/2423/2256 1359/2424/2257 1358/2425/2258
f 1453/2426/2259 1454/2427/2260 1169/2428/1955 1168/2429/1954
f 1386/2324/2172 1382/2316/2168 1453/2426/2259 1168/2429/1954
f 1455/619/589 1457/2430/2261 1458/2431/2262 1456/2007/1885
f 2652/2432/2263 2651/2433/2264 3113/2434/2265 3111/2435/2266 3110/2436/2267
f 84/138/127 51/78/69 59/86/77 82/136/125
f 1461/2437/2268 1462/2001/1880 1456/2007/1885 1458/2431/2262
f 4211/2438/2269 4219/2439/2270 4220/612/582 4209/611/581
f 3466/343/328 3465/2440/2271 2516/2441/2272 2517/344/329
f 1435/2442/2273 1207/2119/1985 1208/2122/1986 1468/2443/2274
f 1470/2444/2275 1469/2445/2276 1471/2446/2277
f 1474/2447/2278 1475/2448/2279 1476/2449/2280 1477/2450/2281
f 1478/2451/2282 1479/2452/2283 1480/2453/2284 1481/2454/2285
f 1477/2450/2281 1478/2451/2282 1481/2454/2285 1474/2447/2278
f 1482/2181/2042 1483/2455/2286 1484/2456/2287 1485/2182/2043
f 3282/2457/2288 3278/2458/2289 3446/2459/2290 3286/2460/2291 3285/2461/2292
f 1448/425/410 1444/2415/2249 2416/2462/2293 1162/2067/1938 1061/426/411
f 3511/2463/2294 2502/2464/2295 2501/2465/2296 2801/2466/2297 3525/2467/2298 3510/2468/2299
f 981/1863/1755 982/1862/1754 983/802/765 980/801/764 1000/1886/1773
f 1030/1936/1820 1029/1935/1819 1496/2469/2300 1495/2470/2301
f 1036/1948/1832 1035/1947/1831 1496/2469/2300 1029/1935/1819
f 1465/2471/2302 1497/2472/2303 1495/2470/2301 1496/2469/2300
f 1497/2472/2303 1117/2021/1899 1120/2024/1902 1495/2470/2301
f 1035/1947/1831 1466/2473/2304 1465/2471/2302 1496/2469/2300
f 1498/2474/2305 1499/2475/2306 1147/1257/1199 1146/2061/1932
f 1087/1989/1869 1347/2287/2140 1500/2476/2307 1145/2060/1931
f 1494/2477/2308 1491/2478/2309 1490/2479/2310 1500/2476/2307
f 1500/2476/2307 1490/2479/2310 1146/2061/1932 1145/2060/1931
f 1442/1258/1200 1147/1257/1199 1499/2475/2306 1443/2480/2311
f 2531/2481/2312 2528/2059/1930 2527/2058/1929 2863/2482/2313 2814/2483/2314
f 1501/2484/1201 1442/2485/1200 1441/2486/2315 1502/2487/2316
f 1502/2487/2316 1503/2399/2237 1144/2398/1197 1501/2484/1201
f 2813/1364/1292 2812/1363/1291 2864/2488/2317 2865/2057/1928 2866/1963/1843
f 1504/2489/2318 1506/421/406 1505/2397/2236 1503/2399/2237
f 1062/427/412 1161/2066/1937 1505/2397/2236 1506/421/406
f 2418/684/651 2419/2490/2319 1308/2245/2100 1307/2244/2099 1309/1507/1430 1428/685/652
f 3600/2491/2320 3577/2492/2321 3579/2493/2322 3578/2494/2323 3576/2495/2324 3575/2496/2325 2569/2497/1385 2573/2498/1384
f 5511/1996/1875 5510/2499/2326 5509/2500/2327 175/2501/2328 178/1997/1876
f 1513/2502/2329 1514/1905/1792 1515/1904/1791 1072/1976/1856
f 2107/2503/2330 2110/2504/2331 1872/2505/2332 1873/2506/2333
f 1517/1017/972 1070/1975/1855 1072/1976/1856 1515/1904/1791
f 1702/2507/2334 1908/2508/2335 1910/2509/2336 1925/2510/2337 1699/2511/2338
f 1516/1903/1790 1519/2512/2339 1520/2513/2340 1518/1018/973
f 1511/810/773 1840/333/318 1837/332/317 1839/2514/2341 1512/2515/2342 1509/2516/2343 1508/2517/2344
f 1523/2518/2345 1195/1638/1552 1522/1637/1551 1521/1015/970
f 1518/1018/973 1520/2513/2340 1523/2518/2345 1521/1015/970
f 1526/2519/2346 1527/2520/2347 1525/1632/1546 1524/1631/1545
f 1194/1630/1544 1200/2112/683 1526/2519/2346 1524/1631/1545
f 1200/720/683 1528/719/682 1529/2521/2348 1526/2522/2346
f 5070/2523/2349 5017/2524/2350 5016/2525/2351 5028/2526/2352 5069/2527/2353
f 402/736/699 423/2528/2354 419/2529/2355 417/1990/1870 422/2530/2356 421/2531/2357 398/2532/2358 399/734/697 400/737/700
f 2378/1041/996 1613/1040/995 1617/2533/2359 2381/2534/2360 2380/2535/2361
f 1214/2536/2362 1128/2035/1913 1127/2034/1912 1533/2537/2363
f 1213/2538/2364 1129/2036/1914 1128/2035/1913 1214/2536/2362
f 1088/2076/1945 1100/1477/1400 1129/2036/1914 1213/2538/2364
f 1533/2537/2363 1127/2034/1912 1531/718/681 1530/717/680
f 1170/1861/1753 1169/2086/1955 1534/2539/2365 1535/1855/1747
f 5425/1938/1822 5417/1937/1821 5402/2540/2366 5401/2541/2367 5374/2542/2368 5382/2543/2369 5400/2544/2370 5415/2545/2371
f 1535/1855/1747 1534/2539/2365 1422/2379/2220 1425/1856/1748
f 1169/2428/1955 1454/2427/2260 1536/2546/2372 1534/2547/2365
f 1537/2548/2373 1538/2549/2374 1539/2550/2375 1540/2551/2376
f 1540/2551/2376 1539/2550/2375 1541/2552/2377 1542/2553/2378
f 1539/2550/2375 1536/2546/2372 1454/2427/2260 1541/2552/2377
f 1542/2553/2378 1543/2554/2379 1545/2555/2380 1540/2551/2376
f 2972/2556/2381 2909/1429/1357 2906/2557/2382 2968/2558/2383
f 1547/1871/1763 1546/1874/1766 1543/2554/2379 1542/2553/2378
f 1542/2553/2378 1541/2552/2377 1548/1872/1764 1547/1871/1763
f 1541/2552/2377 1454/2427/2260 1453/2426/2259 1548/1872/1764
f 1093/2559/2384 1091/683/650 1089/1992/1872 1090/1991/1871 1088/2076/1945
f 638/2560/707 504/1354/706 5506/775/738 5505/774/737 640/2561/1158
f 1453/2426/2259 1382/2316/2168 1552/1873/1765 1548/1872/1764
f 575/1109/1064 615/1166/1115 618/1174/1123 576/1116/1071
f 1551/1811/1707 1552/1873/1765 1556/2562/2385 1555/1806/1702
f 1552/1873/1765 1382/2316/2168 1385/2319/2171 1556/2562/2385
f 1557/2563/2386 1558/2564/2387 1554/1808/1704 1553/1807/1703
f 1559/2565/2388 1557/2563/2386 1553/1807/1703 1555/1806/1702
f 1560/2566/2389 1561/2567/2390 1557/2563/2386 1559/2565/2388
f 1561/2567/2390 1562/2568/2391 1558/2564/2387 1557/2563/2386
f 1563/2569/2392 1564/2570/2393 1565/2571/2394 1566/2572/2395
f 1559/2565/2388 1566/2572/2395 1565/2571/2394 1560/2566/2389
f 1555/1806/1702 1556/2562/2385 1566/2572/2395 1559/2565/2388
f 1556/2562/2385 1385/2319/2171 1563/2569/2392 1566/2572/2395
f 1567/2573/2396 1568/2574/2397 1562/2568/2391 1561/2567/2390
f 1569/2575/2398 1567/2573/2396 1561/2567/2390 1560/2566/2389
f 1565/2571/2394 1570/2576/2399 1569/2575/2398 1560/2566/2389
f 1564/2570/2393 1571/2577/2400 1570/2576/2399 1565/2571/2394
f 1571/2577/2400 1564/2570/2393 1572/2578/2401 1573/2579/2402
f 1574/2580/2403 1575/2581/2404 1576/2582/2405 1577/2583/2406
f 1570/2576/2399 1574/2580/2403 1577/2583/2406 1569/2575/2398
f 1571/2577/2400 1578/2584/2407 1574/2580/2403 1570/2576/2399
f 1578/2584/2407 1427/2388/2231 1575/2581/2404 1574/2580/2403
f 1573/2579/2402 1579/2585/2408 1578/2584/2407 1571/2577/2400
f 1579/2585/2408 1421/2389/2217 1427/2388/2231 1578/2584/2407
f 1580/2586/2409 1581/2587/2410 1568/2574/2397 1567/2573/2396
f 1580/2586/2409 1567/2573/2396 1569/2575/2398 1577/2583/2406
f 1582/2588/2411 1580/2586/2409 1577/2583/2406 1576/2582/2405
f 1582/2588/2411 1583/2589/2412 1581/2587/2410 1580/2586/2409
f 1584/2590/2413 1585/2591/2414 1586/2592/2415 1587/2593/2416
f 1582/2588/2411 1584/2590/2413 1587/2593/2416 1583/2589/2412
f 1576/2582/2405 1588/2594/2417 1584/2590/2413 1582/2588/2411
f 1588/2594/2417 1589/2595/2418 1585/2591/2414 1584/2590/2413
f 1590/2596/2419 1591/2597/2420 1589/2595/2418 1588/2594/2417
f 1575/2581/2404 1590/2596/2419 1588/2594/2417 1576/2582/2405
f 1427/2388/2231 1426/2387/2230 1590/2596/2419 1575/2581/2404
f 1426/2387/2230 1424/2391/2222 1591/2597/2420 1590/2596/2419
f 1591/2598/2420 1424/2377/2222 1423/2376/2221 1538/2549/2374
f 1537/2548/2373 1589/2599/2418 1591/2598/2420 1538/2549/2374
f 1594/2600/2421 1595/2601/2422 1586/2602/2415 1593/2603/2423
f 1596/2604/2424 1595/2601/2422 1594/2600/2421 1597/2605/2425
f 1598/2606/2426 1599/2607/2427 1597/2605/2425 1594/2600/2421
f 1544/2608/2428 1598/2606/2426 1594/2600/2421 1593/2603/2423
f 1592/2609/2429 1545/2555/2380 1544/2608/2428 1593/2603/2423
f 1537/2548/2373 1540/2551/2376 1545/2555/2380 1592/2609/2429
f 1600/2610/2430 1601/2611/2431 1602/2612/2432 1603/2613/2433
f 1599/2607/2427 1600/2610/2430 1603/2613/2433 1597/2605/2425
f 1604/2614/2434 1605/2615/2435 1601/2611/2431 1600/2610/2430
f 1606/2616/2436 1604/2614/2434 1600/2610/2430 1599/2607/2427
f 1599/2607/2427 1598/2606/2426 1607/2617/2437 1606/2616/2436
f 1608/2618/2438 1609/1039/994 1605/2615/2435 1604/2614/2434
f 1608/2618/2438 1604/2614/2434 1606/2616/2436 1610/2619/2439
f 1611/2620/2440 1610/2619/2439 1606/2616/2436 1607/2617/2437
f 1612/2621/2441 1613/1040/995 1609/1039/994 1608/2618/2438
f 1612/2621/2441 1608/2618/2438 1610/2619/2439 1614/2622/2442
f 1611/2620/2440 1615/2623/2443 1614/2622/2442 1610/2619/2439
f 1616/2624/2444 1617/2533/2359 1613/1040/995 1612/2621/2441
f 1618/2625/2445 1616/2624/2444 1612/2621/2441 1614/2622/2442
f 1614/2622/2442 1615/2623/2443 1619/2626/2446 1618/2625/2445
f 1615/2623/2443 1550/1809/1705 1554/1808/1704 1619/2626/2446
f 1620/2627/2447 1621/2628/2448 1617/2533/2359 1616/2624/2444
f 2868/1964/1844 2455/2629/2449 2456/2630/2450 2838/2631/2451 2836/2632/2452 2833/2633/2453 2454/2634/2454 2869/1965/1845
f 1623/2635/2455 1624/2636/2456 1620/2627/2447 1622/2637/2457
f 1624/2636/2456 1625/2638/2458 1621/2628/2448 1620/2627/2447
f 1626/2639/2459 1558/2564/2387 1562/2568/2391 1627/2640/2460
f 1622/2637/2457 1626/2639/2459 1627/2640/2460 1623/2635/2455
f 1619/2626/2446 1554/1808/1704 1558/2564/2387 1626/2639/2459
f 1628/2641/2461 1629/2642/2462 1625/2638/2458 1624/2636/2456
f 1630/2643/2463 1628/2641/2461 1624/2636/2456 1623/2635/2455
f 1623/2635/2455 1627/2640/2460 1631/2644/2464 1630/2643/2463
f 1627/2640/2460 1562/2568/2391 1568/2574/2397 1631/2644/2464
f 1632/2645/2465 1633/2646/2466 1629/2642/2462 1628/2641/2461
f 1634/2647/2467 1632/2645/2465 1628/2641/2461 1630/2643/2463
f 1635/2648/2468 1636/2649/2469 1632/2645/2465 1634/2647/2467
f 1636/2649/2469 1637/2650/2470 1633/2646/2466 1632/2645/2465
f 1638/2651/2471 1581/2587/2410 1583/2589/2412 1639/2652/2472
f 1634/2647/2467 1638/2651/2471 1639/2652/2472 1635/2648/2468
f 1630/2643/2463 1631/2644/2464 1638/2651/2471 1634/2647/2467
f 1631/2644/2464 1568/2574/2397 1581/2587/2410 1638/2651/2471
f 1640/2653/2473 1641/2654/2474 1637/2650/2470 1636/2649/2469
f 1642/2655/2475 1640/2653/2473 1636/2649/2469 1635/2648/2468
f 1596/2656/2424 1643/2657/2476 1640/2653/2473 1642/2655/2475
f 1643/2657/2476 1644/2658/2477 1641/2654/2474 1640/2653/2473
f 1595/2659/2422 1596/2656/2424 1642/2655/2475 1645/2660/2478
f 1645/2660/2478 1642/2655/2475 1635/2648/2468 1639/2652/2472
f 1583/2589/2412 1587/2593/2416 1645/2660/2478 1639/2652/2472
f 1587/2593/2416 1586/2592/2415 1595/2659/2422 1645/2660/2478
f 1646/2661/2479 1637/2650/2470 1641/2654/2474 1647/2662/2480
f 1647/2662/2480 1641/2654/2474 1644/2658/2477 1648/2663/2481
f 3011/2664/2482 3007/2665/2483 3008/2666/2484 3708/2667/2485
f 3708/2667/2485 3008/2666/2484 3009/2668/2486 3704/2669/2487
f 1602/2612/2432 1649/2670/2488 1648/2671/2481 1644/2672/2477
f 1644/2672/2477 1643/2673/2476 1603/2613/2433 1602/2612/2432
f 1643/2673/2476 1596/2604/2424 1597/2605/2425 1603/2613/2433
f 1652/2674/2489 1653/2675/2490 1650/2676/2491 1651/2677/2492
f 1458/2431/2262 1652/2674/2489 1651/2677/2492 1461/2437/2268
f 2511/2678/2493 2512/2679/2494 2508/2680/2495 2509/2681/2496 2466/2682/2497 2510/2683/2498
f 1649/2670/2488 1602/2612/2432 1601/2611/2431 1654/2684/2499
f 1655/2685/2500 1656/2686/1276 1653/2675/2490 1652/2674/2489
f 1652/2674/2489 1458/2431/2262 1457/2430/2261 1655/2685/2500
f 1657/1827/1720 1658/2687/1272 1656/2686/1276 1655/2685/2500
f 1655/2685/2500 1457/2430/2261 1659/1828/1721 1657/1827/1720
f 3521/2688/2501 3022/2689/2502 3020/2690/2503 3019/2691/2504 3021/2692/2505 3522/2693/2506
f 1659/1828/1721 1662/618/588 1663/2694/238 1660/2695/237
f 1457/2430/2261 1455/619/589 1662/618/588 1659/1828/1721
f 1662/618/588 1664/617/587 1665/676/643 1663/2694/238
f 1350/615/585 1297/620/590 1296/2696/1923
f 1667/1193/1142 1668/254/239 1663/253/238 1665/2045/643
f 99/2697/1428 98/1504/1427 111/174/162 109/173/154
f 1349/2046/642 1348/2288/2141 1670/796/759 1669/2047/1919
f 1416/2698/2507 1412/2363/2210 1101/2699/2508 1813/2700/2509 1811/2701/2510 1809/2702/2511
f 1673/2703/2512 1672/797/760 1670/796/759 1348/2288/2141
f 1674/2704/2513 1671/792/755 1672/797/760 1675/2705/2514
f 1674/2704/2513 1159/2706/2515 1139/793/756 1671/792/755
f 1673/2703/2512 1676/2707/2516 1675/2705/2514 1672/797/760
f 1247/2708/2028 1246/2709/2027 1676/2707/2516 1677/2710/2517
f 1676/2707/2516 1673/2703/2512 1678/2711/2518 1677/2710/2517
f 1246/2709/2027 1679/2712/2519 1675/2705/2514 1676/2707/2516
f 1680/2713/2520 1674/2704/2513 1675/2705/2514 1679/2712/2519
f 1681/2714/542 1159/2706/2515 1674/2704/2513 1680/2713/2520
f 1679/2715/2519 1246/2166/2027 1250/2170/2031 1680/2716/2520
f 2959/2717/2521 2968/2558/2383 2906/2557/2382 2907/2718/2522 2908/2719/2523
f 1682/564/541 1683/563/540 1686/251/236 1684/250/235 1929/645/612
f 3832/1574/1491 3827/1573/1490 3826/2720/2524 3825/2721/2525 3813/2722/2526 3814/2723/2527 3815/2203/2064 3920/2202/2063 3932/2724/2528 3816/2725/2529
f 1688/152/141 1230/248/233 1229/2151/2015 1689/153/142
f 3262/2726/2530 3261/2727/2531 3048/2728/2532 3049/2729/2533 3046/2730/2534
f 1690/154/143 1691/2731/2535 1692/1650/1564 1693/155/144
f 1335/2732/2536 1338/2733/2537 1336/2734/2538 1890/2735/2539 1887/2736/2540 1337/2737/2541 1334/2738/2542
f 1689/153/142 1229/2151/2015 1691/2731/2535 1690/154/143
f 1715/917/876 1716/2739/2543 1719/2740/2544 1903/2741/2545 1901/2742/2546 1899/2743/2547 1906/2744/2548 1905/2745/2549 1902/913/872
f 1694/2746/2550 1255/2747/2551 1696/2748/2552 1697/2749/2553
f 1419/681/648 1368/2303/2155 1346/2286/2139 1092/682/649
f 262/430/415 203/900/860 207/899/859 264/431/416
f 1255/2747/2551 1254/2750/2554 1698/2751/2555 1696/2748/2552
f 1698/2751/2555 1254/2750/2554 1700/2752/2556 1701/2753/2557
f 1701/2753/2557 1702/2507/2334 1699/2511/2338 1698/2751/2555
f 1228/2150/2014 1703/2754/2558 1704/2755/2559 1253/2756/2560
f 5135/279/2561 5138/278/2562 5137/277/2563 5136/276/2564 5130/281/2565 5134/280/2566
f 1227/247/232 1706/2757/2567 1703/2754/2558 1228/2150/2014
f 1707/2758/2568 1703/2754/2558 1708/2759/2569 1709/2760/2570
f 1709/2760/2570 1708/2759/2569 1248/2168/2029 1710/2761/2571
f 1709/2760/2570 1710/2761/2571 1472/2762/2572 1707/2758/2568
f 1249/2169/2030 1248/2168/2029 1708/2759/2569 1711/2763/2573
f 1706/2757/2567 1711/2763/2573 1708/2759/2569 1703/2754/2558
f 1712/2764/2574 1713/2765/2575 1252/562/539 1251/2171/2032
f 1712/2764/2574 1251/2171/2032 1249/2169/2030 1711/2763/2573
f 1711/2763/2573 1706/2757/2567 1713/2765/2575 1712/2764/2574
f 1252/562/539 1713/2765/2575 1686/251/236 1683/563/540
f 1706/2757/2567 1227/247/232 1686/251/236 1713/2765/2575
f 4285/863/2576 4281/862/2577 4282/861/2578 4270/860/2579 4269/870/2580 4268/869/2581 4266/868/2582 4265/867/2583 4293/866/2584 4288/865/2585 4286/864/2586
f 1471/2446/2277 1332/2273/2128 1331/2272/2127 1705/2766/2587
f 1331/2272/2127 1330/914/873 1700/2752/2556 1254/2750/2554
f 2389/2767/2588 2390/2768/2589 2393/2769/2590 2391/2770/2591 2388/2771/2592
f 1471/2772/2277 1717/2773/2593 1716/2739/2543 1332/2774/2128
f 1718/2775/2594 1719/2740/2544 1716/2739/2543 1717/2773/2593
f 1717/2773/2593 1720/2776/2595 1721/2777/2596 1718/2775/2594
f 1720/2776/2595 1174/2778/2597 1722/2779/2598 1721/2777/2596
f 1469/2780/2276 1720/2776/2595 1717/2773/2593 1471/2772/2277
f 1469/2780/2276 1175/2781/2599 1174/2778/2597 1720/2776/2595
f 1723/2782/2600 1327/2783/2601 1718/2775/2594 1721/2777/2596
f 1724/2784/2602 1723/2782/2600 1721/2777/2596 1722/2779/2598
f 1725/2785/2603 1294/2054/1925 1724/2784/2602 1722/2779/2598
f 1726/2786/2604 1295/2049/1921 1294/2054/1925 1725/2785/2603
f 1725/2785/2603 1176/2787/2605 1727/2788/2606 1726/2786/2604
f 1728/2789/2607 1729/2790/2608 1726/2786/2604 1727/2788/2606
f 1677/2710/2517 1678/2711/2518 1729/2790/2608 1728/2789/2607
f 1728/2789/2607 1730/2791/2609 1247/2708/2028 1677/2710/2517
f 1727/2788/2606 1473/2792/2610 1730/2791/2609 1728/2789/2607
f 1176/2787/2605 1175/2781/2599 1473/2792/2610 1727/2788/2606
f 698/1349/1281 700/1348/1280 458/936/894 461/118/109 738/117/108 737/116/107 599/800/763 597/2793/2611 527/1321/1253 528/1320/1252 526/2794/2612 670/2795/2613 672/2796/2614 514/2797/2615 512/2798/2616 696/2799/2617 695/2800/2618 5482/2801/2619
f 554/1081/1036 557/1084/1039 556/1083/1038 558/1097/1052 559/1452/1379 536/1451/1378 550/2802/2620 547/2803/2621 546/1075/1030
f 1294/2054/1925 1293/2053/1924 1731/2804/2622 1724/2784/2602
f 1293/2053/1924 1049/1959/1839 1052/1961/1841 1731/2804/2622
f 3280/1440/1367 3096/2805/2623 3095/2806/2624 2699/2263/2118 2698/2262/2117
f 1731/2804/2622 1052/1961/1841 1733/2807/2625 1732/2808/2626
f 1277/2809/2627 1733/2807/2625 1052/1961/1841 1051/1960/1840
f 3279/1439/1366 2655/2208/2069 3096/2805/2623 3280/1440/1367
f 1278/2810/2628 1051/1960/1840 1054/1962/1842 1734/2811/2629
f 3099/2812/2630 2451/2813/2631 2447/2814/2632 2446/2815/2633 3097/2816/2634 3098/2817/2635
f 1737/2818/2636 1736/2819/2637 1056/1091/1046 1058/1968/1848
f 1738/2820/2638 1737/2818/2636 1058/1968/1848 1739/2821/2639
f 1047/1957/1838 1041/1951/1835 1740/2822/2640 1739/2821/2639
f 1058/1968/1848 1057/1089/1044 1047/1957/1838 1739/2821/2639
f 1740/2822/2640 1041/1951/1835 1040/455/438 1742/460/443
f 1744/2823/2641 1745/2824/2642 1743/2825/2643 1742/460/443
f 1746/459/442 1747/2826/2644 1745/2824/2642 1744/2823/2641
f 1746/459/442 1744/2823/2641 1742/460/443
f 3431/1105/1060 1880/2827/2645 1879/1060/1015 3432/2828/2646
f 3380/2829/2647 3342/2830/2648 3344/2831/2649 3345/2832/2650 3348/2833/2651
f 1752/2834/2652 1107/2011/1889 1110/2014/1892 1753/2835/2653
f 4278/2836/2654 4279/2837/2655 4284/2838/2656 4300/2839/2657 4280/2840/2658 4277/2841/2659 4274/2842/2660 4276/2843/2661
f 1748/2844/2662 1752/2834/2652 1753/2835/2653 1751/2845/2663 1750/2846/2664 1749/2847/2665
f 1754/458/441 1111/2015/1893 1107/2011/1889 1752/2834/2652
f 261/2848/2666 580/1121/1076 532/2849/2667 204/2850/2668
f 1044/457/440 1046/2851/1837 1111/2015/1893 1754/458/441
f 1272/807/770 1755/806/769 1750/2846/2664 1751/2845/2663
f 2533/695/662 2667/694/661 2731/2852/2669 2549/2853/2670 2550/2854/2671 2547/2855/2672
f 4128/2856/2673 4129/2857/2674 4122/2858/2675 4173/2859/2676
f 1761/2860/2677 1758/2861/2678 1760/2862/2679 1747/2826/2644
f 1755/806/769 1757/805/768 1758/2861/2678 1761/2860/2677
f 1757/805/768 1756/809/772 1759/2863/2680 1758/2861/2678
f 1762/2864/2681 1745/2824/2642 1747/2826/2644 1760/2862/2679
f 1765/2865/2682 1743/2825/2643 1745/2824/2642 1762/2864/2681
f 1765/2865/2682 1764/2866/2683 1766/2867/2684 1767/2868/2685
f 1743/2825/2643 1765/2865/2682 1767/2868/2685 1741/2869/2686
f 1767/2868/2685 1766/2867/2684 1768/2870/2687 1769/2871/2688
f 1767/2868/2685 1769/2871/2688 1738/2820/2638 1741/2869/2686
f 1770/2872/2689 1766/2867/2684 1764/2866/2683 1771/2873/2690
f 407/754/717 321/532/509 201/330/315 153/301/286 323/2384/2227 403/2383/2226 405/763/726 406/759/722
f 1763/2874/2691 1772/2875/2692 1771/2873/2690 1764/2866/2683
f 1375/2305/2157 1373/2304/2156 1381/2876/2693 1380/2877/2694 1775/2878/2695 1768/2870/2687 1766/2867/2684 1770/2872/2689 1771/2873/2690
f 1746/459/442 1754/458/441 1752/2834/2652 1748/2844/2662
f 1768/2870/2687 1775/2878/2695 1776/2879/2696 1777/2880/2697
f 642/1219/1164 650/2881/2698 499/2882/2699 500/977/932 498/976/931 644/1224/1169 643/1220/1165
f 1769/2871/2688 1778/2883/2700 1737/2818/2636 1738/2820/2638
f 1777/2880/2697 1778/2883/2700 1769/2871/2688 1768/2870/2687
f 1779/2884/2701 1780/2885/2702 1735/2886/2703 1736/2819/2637
f 1778/2883/2700 1779/2884/2701 1736/2819/2637 1737/2818/2636
f 1777/2880/2697 1781/2887/2704 1779/2884/2701 1778/2883/2700
f 1781/2887/2704 1782/2888/2705 1780/2885/2702 1779/2884/2701
f 1780/2885/2702 1783/2889/2706 1734/2811/2629 1735/2886/2703
f 1782/2888/2705 1784/2890/2707 1783/2889/2706 1780/2885/2702
f 1280/2891/2708 1278/2810/2628 1734/2811/2629 1783/2889/2706
f 1784/2890/2707 1281/2264/2119 1280/2891/2708 1783/2889/2706
f 4115/2892/2709 4187/2893/2710 4188/2894/2711 4119/2895/2712 4117/673/640
f 1784/2890/2707 1785/2896/2713 1786/2265/2120 1281/2264/2119
f 1782/2888/2705 1787/2897/2714 1785/2896/2713 1784/2890/2707
f 1789/2898/2715 1781/2887/2704 1777/2880/2697 1776/2879/2696
f 1787/2897/2714 1782/2888/2705 1781/2887/2704 1789/2898/2715
f 966/1837/1730 987/1867/1759 988/1870/1762 969/1839/1732 967/1838/1731
f 1792/2899/2716 1790/2900/2717 1957/2901/2718 1785/2896/2713 1787/2897/2714 1788/2902/2719 1372/2903/2720 1371/2904/2721 1370/2905/2722 1374/2906/2723 1379/2325/2175 1378/2327/2176 3740/2907/2724 1199/2908/2725 1793/2909/2726 1791/2910/2727
f 1256/2175/2036 1263/2187/2048 1264/2350/2197 1209/2123/1987 1210/2124/1988
f 5508/1353/1284 697/1346/1278 698/1349/1281 5482/2801/2619 5483/999/954 5507/998/953
f 3866/2911/2728 3907/2912/2729 3862/2913/2730 3859/2914/2731 3860/2915/2732 3861/2916/2733
f 3822/2917/2734 3823/2918/2735 3818/2919/2736 3817/2920/2737 3820/1763/1667 3821/1762/1666
f 1800/2921/2738 1801/2922/2739 1797/2923/2740 1796/2924/2741
f 1802/2925/2742 1803/2926/2743 1797/2923/2740 1801/2922/2739
f 1801/2922/2739 1804/2927/2744 1805/2928/2745 1802/2925/2742
f 2575/2929/2746 2571/2930/2747 2733/2931/2748 3645/2932/2749 3644/2933/2750 3636/2934/2751
f 398/2532/2358 421/2531/2357 422/2530/2356 417/1990/1870 416/906/865 415/764/727 404/2382/2225 439/2381/2224
f 1804/2927/2744 1520/2513/2340 1519/2512/2339 1805/2928/2745
f 1806/2935/2752 1807/2936/2753 1802/2925/2742 1805/2928/2745
f 298/479/459 305/501/481 302/497/477 299/480/460
f 2192/2937/2754 2202/2938/2755 1276/2201/2062 1115/2019/1897 1114/2018/1896 2179/2939/2756
f 1814/2940/2757 1815/2941/2758 1811/2701/2510 1813/2700/2509
f 1816/2942/2759 1817/2943/2760 1815/2941/2758 1814/2940/2757
f 2137/2944/2761 1464/2945/2762 1465/2471/2302 1466/2473/2304 2140/2946/2763 2139/2947/2764 2138/2948/2765
f 1818/2949/2766 1819/2950/2767 1817/2943/2760 1816/2942/2759
f 1816/2942/2759 1105/222/210 1820/221/209 1818/2949/2766
f 1821/2951/2768 1822/2952/2769 1818/2949/2766 1820/221/209
f 1823/2953/2770 1824/2954/2771 1822/2952/2769 1821/2951/2768
f 3184/2955/2772 3186/2956/2773 2851/2957/2774 3187/2958/2775
f 3182/2959/2776 3184/2955/2772 3187/2958/2775 3188/2960/2777
f 3188/2960/2777 2490/2961/2778 2491/2962/2779 3182/2959/2776
f 1825/2963/2780 1827/2964/2781 1477/2450/2281 1476/2449/2280
f 1826/220/208 1828/2965/2782 1827/2964/2781 1825/2963/2780
f 1104/219/207 1106/2010/1888 1828/2965/2782 1826/220/208
f 1829/2966/2783 1830/2967/2784 1479/2452/2283 1478/2451/2282
f 1827/2964/2781 1829/2966/2783 1478/2451/2282 1477/2450/2281
f 2087/2968/2785 2086/2969/2786 2099/1058/1013 2097/1057/1012
f 3193/2970/2787 3194/776/739 2492/781/744 3190/2971/2788
f 1832/2972/2789 1833/2973/2790 1834/2974/2791 1831/2975/2792
f 1414/2362/2209 1415/2365/2212 1833/2973/2790 1832/2972/2789
f 1833/2973/2790 1835/2976/2793 1836/2977/2794 1834/2974/2791
f 1833/2973/2790 1415/2365/2212 1418/2978/2795 1835/2976/2793
f 1835/2976/2793 1837/332/317 1838/335/320 1836/2977/2794
f 1400/2979/2796 2224/2980/2797 2221/2981/2798 2218/1376/1304 1401/1379/1307 1398/2344/2191 1310/2246/2101
f 1835/2976/2793 1418/2978/2795 1839/2514/2341 1837/332/317
f 627/1196/1084 589/907/866 625/912/871 631/1197/1144
f 1278/2810/2628 1280/2891/2708 1279/2982/2799 1277/2809/2627 1051/1960/1840
f 3212/2983/2800 3207/2984/2801 3204/2985/2802 3205/2986/2803 3206/1967/1847
f 1842/812/775 1429/2401/2239 1431/2400/2238 1843/1210/1155
f 1845/2987/2804 1846/2988/2805 1844/1211/1156 1843/1210/1155
f 3207/2984/2801 1847/2989/2806 1846/2990/2805 3204/2985/2802
f 1847/2991/2806 1849/2992/2807 1850/2993/2808 1848/1212/1157
f 1849/2992/2807 1851/2994/2809 1852/2995/2810 1850/2993/2808
f 1851/2994/2809 1480/2453/2284 1479/2452/2283 1852/2995/2810
f 1853/2996/2811 1854/2997/2812 1850/2993/2808 1852/2995/2810
f 1834/2974/2791 1836/2977/2794 1854/2997/2812 1853/2996/2811
f 1853/2996/2811 1830/2967/2784 1831/2975/2792 1834/2974/2791
f 1852/2995/2810 1479/2452/2283 1830/2967/2784 1853/2996/2811
f 1854/2997/2812 1855/813/776 1848/1212/1157 1850/2993/2808
f 1836/2977/2794 1838/335/320 1855/813/776 1854/2997/2812
f 2423/2998/2813 2268/2999/2814 2267/3000/2815 2263/3001/2816 2262/3002/2817 2266/3003/2818
f 3186/2956/2773 1856/3004/2819 1475/3005/2279 2851/2957/2774
f 1857/3006/2820 1858/3007/2821 1859/3008/2822 1824/2954/2771
f 1858/3007/2821 1860/750/713 1861/749/712 1859/3008/2822
f 3318/3009/2823 3215/3010/2824 1862/3011/714 1860/3012/713 3214/3013/2825 3319/3014/2826
f 2647/3015/2827 2649/3016/2828 2650/3017/2829 2648/3018/2830 2645/3019/2831 2646/3020/2832
f 5202/3021/2833 5212/3022/2834 5215/3023/2835 5200/3024/2836 5201/3025/2837
f 1522/1637/1551 1066/1636/1550 1065/1971/1851 2408/1016/971 1521/1015/970
f 2057/3026/2838 2056/3027/2839 1868/3028/2840 1867/3029/2841 1869/3030/2842 2061/3031/2843
f 2395/3032/2844 2392/3033/2845 1646/2661/2479 1647/2662/2480
f 82/136/125 59/86/77 79/110/101 81/112/103 83/135/124
f 2948/3034/2846 2947/3035/2847 2954/3036/2848 2953/3037/2849 2902/3038/2850 2950/3039/2851
f 661/1266/1207 524/3040/986 523/1260/985 657/1254/1196 656/1253/1195 659/1262/1203
f 1751/2845/2663 1753/2835/2653 1110/2014/1892 1266/2189/2050 1265/2188/2049 1272/807/770
f 3436/3041/2852 1876/689/656 1875/688/655 3438/3042/2853
f 3434/369/354 1877/3043/2854 1876/3044/656 3436/3045/2852
f 3433/368/353 1878/1059/1014 1877/3043/2854 3434/369/354
f 3432/2828/2646 1879/1060/1015 1878/1059/1014 3433/368/353
f 3053/3046/2855 3056/3047/2856 3055/3048/2857 2628/2366/2213 2606/2368/2215 3054/3049/2858
f 30/3050/2859 14/16/16 13/15/15 33/3051/2860
f 1884/3052/2861 1334/2738/2542 1337/2737/2541 1885/3053/2862
f 642/3054/1164 5504/773/736 5503/1242/1184 5502/1241/1183 650/3055/2698
f 1885/3053/2862 1337/2737/2541 1887/2736/2540 1886/3056/2863
f 1887/2736/2540 1890/2735/2539 1891/3057/2864 1888/3058/2865
f 2711/3059/2866 2713/3060/2867 1335/2732/2536 1334/2738/2542 2712/3061/2868 3225/3062/2869 3228/3063/2870
f 3430/1103/1058 3428/1107/1062 3229/2359/2206 3224/3064/2871
f 1888/3058/2865 1891/3057/2864 1893/3065/2872 1892/3066/2873
f 1891/3057/2864 1894/3067/2874 1895/3068/2875 1893/3065/2872
f 1893/3065/2872 1896/3069/2876 1897/3070/2877 1892/3066/2873
f 1893/3065/2872 1895/3068/2875 1898/3071/2878 1896/3069/2876
f 1899/2743/2547 1898/3071/2878 1895/3068/2875
f 1896/3069/2876 1898/3071/2878 1900/3072/2879
f 1898/3071/2878 1899/2743/2547 1901/2742/2546 1900/3072/2879
f 1901/2742/2546 1903/2741/2545 1904/3073/2880 1900/3072/2879
f 1903/2741/2545 1719/2740/2544 1328/3074/2881 1904/3073/2880
f 2249/3075/2882 1187/3076/1968 2319/3077/2883 2281/3078/2184 1395/3079/2183
f 1719/2740/2544 1718/2775/2594 1327/2783/2601 1328/3074/2881
f 3081/3080/2884 3078/3081/2885 3079/2275/2130 3238/2274/2129 3241/2127/1991 3242/3082/2886 3235/3083/2887 3237/3084/2888 3239/3085/2889
f 1907/3086/2890 1908/2508/2335 1905/2745/2549 1906/2744/2548
f 1909/3087/2891 1910/2509/2336 1908/2508/2335 1907/3086/2890
f 1907/3086/2890 1911/3088/2892 1912/3089/2893 1909/3087/2891
f 1906/2744/2548 1894/3067/2874 1911/3088/2892 1907/3086/2890
f 1895/3068/2875 1894/3067/2874 1906/2744/2548 1899/2743/2547
f 1916/3090/2894 1917/3091/2895 1915/3092/2896 1914/3093/2897
f 1890/2735/2539 1336/2734/2538 1338/2733/2537 1918/298/283 1919/297/282 1916/3090/2894 1914/3093/2897 1912/3089/2893 1911/3088/2892 1894/3067/2874 1891/3057/2864
f 1484/2456/2287 1186/2098/1966 1916/3090/2894 1919/297/282
f 1919/297/282 1920/296/281 1485/2182/2043 1484/2456/2287
f 1335/2732/2536 1921/293/278 1918/298/283 1338/2733/2537
f 1186/2098/1966 1183/2096/1964 1917/3091/2895 1916/3090/2894
f 1183/2096/1964 1182/1649/1563 1922/1648/1562 1917/3091/2895
f 1915/3092/2896 1923/3094/2898 1924/3095/2899 1913/3096/2900
f 1917/3091/2895 1922/1648/1562 1923/3094/2898 1915/3092/2896
f 1846/2988/2805 1847/2991/2806 1848/1212/1157 1844/1211/1156
f 1697/2749/2553 1923/3094/2898 1922/1648/1562 1695/1651/1565 1694/2746/2550
f 1910/2509/2336 1909/3087/2891 1913/3096/2900 1924/3095/2899
f 2914/3097/2901 2918/3098/2902 2916/3099/2903 2917/3100/2904 2919/3101/2905 2915/1426/1354 2913/1425/1353 2912/1430/1358
f 2563/3102/2906 3256/3103/2907 3056/3047/2856 3053/3046/2855
f 3346/3104/2908 3448/1594/1510 3347/1593/1509 3345/2832/2650 3344/2831/2649
f 3260/3105/2909 2564/3106/2910 2563/3102/2906 3053/3046/2855 3052/3107/2911
f 1184/150/139 1927/3108/2912 1687/3109/140
f 1154/2062/1933 1156/3110/2913 1682/3111/541 1929/3112/612
f 1157/2063/1934 1154/2062/1933 1929/3112/612 1928/3113/611
f 1927/3108/2912 1930/3114/2914 1157/2063/1934 1928/3113/611
f 1184/150/139 1177/2097/1965 1930/3114/2914 1927/3108/2912
f 1931/3115/2915 1897/3070/2877 1896/3069/2876 1900/3072/2879
f 1900/3072/2879 1904/3073/2880 1932/2353/2200 1931/3115/2915
f 1904/3073/2880 1328/3074/2881 1323/2354/2201 1932/2353/2200
f 1936/3116/2916 2033/3117/2917 2091/3118/2918 1938/3119/2919 1937/3120/2920 1934/3121/2921
f 3898/3122/2922 3931/3123/2923 3893/3124/2924 3894/3125/2925 3895/3126/2926
f 1941/3127/2927 1942/3128/2928 1943/3129/2929 1940/3130/2930
f 1139/793/756 1159/2706/2515 1156/3110/2913 1154/2062/1933 1155/2065/1936 1140/794/757
f 1944/3131/2931 1284/2214/2075 1947/3132/2932 1942/3128/2928
f 1945/3133/2933 1285/2215/2076 1284/2214/2075 1944/3131/2931
f 3438/3042/2853 1875/688/655 1874/3134/2934 3440/3135/2935
f 1283/2213/2074 1286/2216/2077 1279/2982/2799 1280/2891/2708 1281/2264/2119 1282/2267/2122 1948/3136/2936 1943/3129/2929 1942/3128/2928 1947/3132/2932 1949/3137/2937
f 1949/3137/2937 1947/3132/2932 1284/2214/2075 1283/2213/2074
f 511/3138/2938 510/3139/2939 5485/772/735 5484/771/734 512/2798/2616
f 1952/2266/2121 1950/3140/2940 1948/3136/2936 1282/2267/2122
f 2463/1737/1643 2870/1736/1642 2871/3141/2941 2872/1966/1846 2869/1965/1845 2454/2634/2454
f 2114/517/497 1960/516/496 1963/847/809 1964/846/808
f 2658/3142/2942 3284/1326/1258 3145/1325/1257 2659/3143/2943
f 4621/3144/2944 4644/3145/2945 4645/3146/2946 4642/3147/2947 4607/3148/2948
f 3749/3149/2949 3766/3150/2950 3765/3151/2951 3764/3152/2952
f 914/1757/1661 915/1758/1662 933/1787/1680 936/1786/1688 910/1756/1660 909/1755/1659
f 3295/1595/1511 3297/844/806 3296/843/805 3294/2135/1999
f 5440/1051/1006 5452/1050/1005 5451/3153/2953 5475/3154/2954 5476/3155/2955 5441/3156/2956 5439/3157/2957 5438/3158/2958
f 2178/1337/1269 2176/3159/2959 2175/3160/2960 2179/2939/2756 1114/2018/1896
f 3448/1594/1510 3298/3161/2961 3297/844/806 3295/1595/1511
f 3299/3162/2962 3159/839/801 3297/844/806 3298/3161/2961
f 3298/3161/2961 3450/3163/2963 3300/3164/2964 3301/3165/2965 3299/3162/2962
f 1965/845/807 1803/2926/2743 1968/3166/2966 1966/1422/1350
f 1798/848/810 1797/2923/2740 1803/2926/2743 1965/845/807
f 1969/3167/2967 1970/3168/2968 1966/1422/1350 1968/3166/2966
f 1968/3166/2966 1807/2936/2753 1808/3169/2969 1969/3167/2967
f 1803/2926/2743 1802/2925/2742 1807/2936/2753 1968/3166/2966
f 1971/3170/2970 1972/3171/2971 1970/3168/2968 1969/3167/2967
f 1969/3167/2967 1808/3169/2969 1810/3172/2972 1971/3170/2970
f 1973/3173/2973 1974/3174/2974 1972/3171/2971 1971/3170/2970
f 1975/3175/2975 1976/3176/2976 1974/3174/2974 1973/3173/2973
f 3308/3177/2977 3310/3178/2978 3173/3179/2979 3171/3180/2980 3306/3181/2981
f 1977/3182/2982 1978/3183/2983 1976/3176/2976 1975/3175/2975
f 1975/3175/2975 1812/3184/2984 1979/3185/2985 1977/3182/2982
f 1980/3186/2986 1981/3187/2987 1977/3182/2982 1979/3185/2985
f 1979/3185/2985 1815/2941/2758 1817/2943/2760 1980/3186/2986
f 1812/3184/2984 1811/2701/2510 1815/2941/2758 1979/3185/2985
f 1982/3188/2988 1983/3189/2989 1981/3187/2987 1980/3186/2986
f 1980/3186/2986 1817/2943/2760 1819/2950/2767 1982/3188/2988
f 1984/748/711 1985/747/710 1983/3189/2989 1982/3188/2988
f 1984/748/711 1986/3190/2990 1859/3008/2822 1861/749/712
f 1982/3188/2988 1819/2950/2767 1986/3190/2990 1984/748/711
f 1985/747/710 1987/3191/2991 1988/3192/2992 1983/3189/2989
f 1863/746/709 1864/3193/2993 1987/3191/2991 1985/747/710
f 1983/3189/2989 1988/3192/2992 1989/3194/2994 1981/3187/2987
f 1988/3195/2992 1990/3196/2995 1991/3197/2996 1989/3198/2994
f 1978/3183/2983 1977/3182/2982 1981/3187/2987 1989/3194/2994
f 1989/3198/2994 1991/3197/2996 1992/3199/2997 1978/3200/2983
f 1991/3197/2996 1993/3201/2998 1994/3202/2999 1992/3199/2997
f 1993/3201/2998 1995/3203/3000 1996/3204/3001 1994/3202/2999
f 1997/3205/3002 1976/3176/2976 1978/3183/2983 1992/3206/2997
f 1994/3207/2999 1996/3208/3001 1998/3209/3003 1999/3210/3004
f 1992/3206/2997 1994/3207/2999 1999/3210/3004 1997/3205/3002
f 1996/3208/3001 2000/3211/3005 2001/1306/1238 1998/3209/3003
f 2002/3212/3006 2003/3213/3007 1997/3205/3002 1999/3210/3004
f 2004/3214/3008 2002/3212/3006 1999/3210/3004 1998/3209/3003
f 2005/3215/3009 2006/3216/3010 2002/3212/3006 2004/3214/3008
f 2006/3216/3010 2007/3217/3011 2003/3213/3007 2002/3212/3006
f 3231/3218/3012 3232/3219/3013 3227/3220/3014 3230/3221/3015 3234/3222/3016 3236/3223/3017 3237/3084/2888 3235/3083/2887
f 4187/2893/2710 4115/2892/2709 4116/3224/3018 4195/3225/3019 4194/3226/3020
f 2009/359/344 2010/3227/3021 2005/3215/3009 2008/360/345
f 2013/518/498 2114/517/497 2012/3228/3022 2009/359/344 2011/358/343
f 3366/3229/3023 2703/2271/2126 2702/2270/2125 3270/3230/3024 3367/3231/3025
f 4288/865/2585 4293/866/2584 4294/3232/3026 4289/3233/3027 4290/3234/3028
f 5484/771/734 5483/999/954 696/2799/2617 512/2798/2616
f 3295/1595/1511 3294/2135/1999 3351/894/854 3350/893/853 3349/1596/1512
f 2591/1897/1784 2633/1896/1783 2634/3235/3029 2631/3236/3030 2632/3237/3031 3486/3238/3032
f 2025/2141/2005 2019/2140/2004 2018/3239/3033 2020/513/493 2021/3240/3034 2026/3241/3035 2024/3242/3036
f 2355/270/255 1405/269/254 1404/2352/2199 2351/652/619 2345/651/618
f 2464/1738/1644 2462/348/333 2879/347/332 2877/985/940 2876/984/939
f 3481/3243/357 2807/3244/356 2588/3245/3037 2583/3246/3038 2593/494/474 3482/493/473 2151/3247/3039 2152/3248/3040 1212/2126/1990 1206/2118/1984 1207/3249/1985 1435/3250/2273 2150/3251/3041 2149/3252/3042
f 268/3253/419 270/2406/421 312/756/719 310/504/484 309/503/483 266/3254/417
f 1956/3255/3043 1955/3256/3044 2113/3257/3045 1958/3258/3046 1959/3259/3047 2019/2140/2004 2023/2139/2003 2022/2138/2002 2028/2137/2001 2027/2136/2000 1954/2144/2008 2029/2143/2007 2031/3260/3048 1953/3261/3049 1951/3262/3050 1950/3140/2940 1952/2266/2121
f 3366/3229/3023 3367/3231/3025 3368/3263/3051 3369/3264/3052 3370/3265/3053
f 3366/3229/3023 3370/3265/3053 3359/3266/3054 3358/1487/1410 3365/1494/1417 3273/3267/3055 3274/3268/3056 3275/1441/1368 3280/1440/1367 2698/2262/2117 2701/2261/2116 2703/2271/2126
f 2037/3269/3057 2038/3270/3058 2036/3271/3059 2035/3272/3060
f 2039/3273/3061 2040/3274/3062 2038/3270/3058 2037/3269/3057
f 2041/512/492 2013/518/498 2011/358/343 2014/362/347 2042/3275/3063 2039/3273/3061
f 3348/2833/2651 3377/3276/3064 3376/328/313 3380/2829/2647
f 1470/2444/2275 1714/3277/3065 1175/3278/2599 1469/2445/2276
f 3378/327/312 3404/3279/566 3381/3280/956 3379/3281/3066
f 4216/3282/3067 4217/3283/3068 4218/3284/3069 4219/2439/2270 4211/2438/2269 4210/3285/3070 4212/3286/3071
f 3384/3287/3072 3386/3288/3073 3335/3289/3074 3382/1000/955 3383/1004/959
f 440/918/877 501/978/933 489/968/924 488/970/925 441/919/878
f 3980/3290/3075 4016/3291/3076 3975/3292/3077 3974/3293/3078 3977/3294/3079 3978/3295/3080
f 2053/3296/3081 2054/633/600 2049/637/604 2052/3297/3082
f 2052/3297/3082 1995/3203/3000 2055/3298/3083 2053/3296/3081
f 2000/3299/3005 1996/3204/3001 1995/3203/3000 2052/3297/3082
f 2056/3027/2839 2057/3026/2838 2053/3296/3081 2055/3298/3083
f 2058/3300/3084 2059/3301/3085 1865/3302/3086 1866/3303/3087
f 2056/3027/2839 2058/3300/3084 1866/3303/3087 1868/3028/2840
f 2055/3298/3083 2060/3304/3088 2058/3300/3084 2056/3027/2839
f 2060/3304/3088 1990/3196/2995 2059/3301/3085 2058/3300/3084
f 1995/3203/3000 1993/3201/2998 2060/3304/3088 2055/3298/3083
f 1993/3201/2998 1991/3197/2996 1990/3196/2995 2060/3304/3088
f 372/631/289 378/657/624 377/658/625 364/661/628 365/632/599
f 1869/3030/2842 1870/1302/1234 2062/1538/1460 2061/3031/2843
f 3387/3305/3089 3384/3287/3072 3383/1004/959 3385/1003/958 3396/1627/1541
f 3398/1629/1543 3399/1304/1236 3397/1303/1235 3396/1627/1541
f 2062/1538/1460 2064/1537/1459 2065/3306/3090 2063/634/601
f 2065/3306/3090 2068/3307/3091 2069/3308/3092 2066/3309/3093
f 3404/592/566 3402/591/565 3401/1628/1542 3400/1002/957 3381/1001/956
f 282/465/448 281/454/437 219/453/436 222/1080/1035 226/461/444 283/462/445
f 2783/2360/2207 2782/981/936 2878/980/935 2882/3310/3094 3165/3311/3095 3169/3312/3096
f 2072/3313/3097 2073/3314/3098 2074/3315/3099 2075/3316/3100
f 512/2798/2616 514/2797/2615 672/2796/2614 670/2795/2613 526/2794/2612 528/1320/1252 671/834/796 669/833/795 492/832/794 491/972/927 667/1277/1214 513/1276/1213 508/1275/1212 511/3138/2938
f 2075/3316/3100 2077/3317/3101 2076/3318/3102 2072/3313/3097
f 2077/3317/3101 2038/3270/3058 2040/3274/3062 2076/3318/3102
f 2078/3319/3103 2079/3320/3104 2080/3321/3105 2074/3322/3099
f 2073/3323/3098 2081/3324/3106 2078/3319/3103 2074/3322/3099
f 2080/3325/3105 2082/3326/3107 2075/3316/3100 2074/3315/3099
f 3417/3327/3108 3424/3328/3109 3419/3329/3110 3418/3330/3111 3412/3331/3112 3416/3332/3113
f 5407/3333/3114 5408/729/692 5409/733/696 5387/1390/1318 5383/1389/1317 5406/3334/3115
f 2066/3309/3093 2069/3308/3092 2070/3335/1094 2047/1460/1093 2067/1462/1388
f 2085/3336/3116 2086/2969/2786 2087/2968/2785 2088/3337/3117
f 2083/3338/3118 2089/3339/3119 2086/2969/2786 2085/3336/3116
f 2080/3325/3105 2079/3340/3104 2089/3339/3119 2083/3338/3118
f 2088/3337/3117 2091/3118/2918 2090/3341/3120 2085/3336/3116
f 3725/3342/3121 3726/3343/3122 2838/2631/2451 2456/2630/2450 2545/3344/3123
f 2469/3345/3124 2468/3346/3125 2677/3347/3126 2679/3348/3127 3727/3349/3128
f 3368/3263/3051 3367/3231/3025 3425/3350/3129 3424/3328/3109 3417/3327/3108
f 2092/3351/3130 2095/3352/3131 2094/3353/3132 2093/3354/3133
f 2088/3337/3117 2087/2968/2785 2095/3352/3131 2092/3351/3130
f 3416/3332/3113 3408/3355/3134 3411/3356/3135 3371/3357/3136 3369/3264/3052
f 1550/1809/1705 1615/2623/2443 1611/2620/2440 1546/1874/1766 1549/1810/1706
f 2643/1900/1787 2780/1899/1786 2590/1898/1785 2550/2854/2671 2549/2853/2670 2778/1471/1395 2777/1470/1394 2773/3358/3137
f 2101/3359/3138 2103/3360/3139 2102/3361/653 2100/3362/3140
f 2089/3339/3119 2079/3340/3104 2103/3360/3139 2101/3359/3138
f 2103/3363/3139 2105/3364/3141 2104/687/654 2102/686/653
f 2079/3320/3104 2078/3319/3103 2105/3364/3141 2103/3363/3139
f 2105/3364/3141 2108/3365/3142 2106/3366/3143 2104/687/654
f 2108/3365/3142 2109/3367/3144 2107/2503/2330 2106/3366/3143
f 2078/3319/3103 2081/3324/3106 2108/3365/3142 2105/3364/3141
f 2081/3324/3106 2071/3368/3145 2109/3367/3144 2108/3365/3142
f 2109/3367/3144 2068/3307/3091 2110/2504/2331 2107/2503/2330
f 2071/3368/3145 2069/3308/3092 2068/3307/3091 2109/3367/3144
f 1889/3369/3146 1886/3056/2863 1887/2736/2540 1888/3058/2865 2096/3370/3147 2111/3371/3148 1881/3372/3149 1883/3373/3150
f 2068/3307/3091 2065/3306/3090 2064/1537/1459 2110/2504/2331
f 2112/3374/3151 1939/3375/3152 1940/3130/2930 1943/3129/2929
f 2112/3374/3151 1951/3262/3050 1953/3261/3049 2031/3260/3048
f 2026/3241/3035 2021/3240/3034 2020/513/493 2041/512/492
f 253/410/395 255/418/403 305/501/481 298/479/459
f 3592/3376/3153 3591/3377/3154 2735/3378/3155 2734/3379/3156 3585/3380/3157 3586/3381/3158 3588/3382/3159 3593/3383/3160
f 2009/359/344 2012/3228/3022 2115/3384/3161 2010/3227/3021
f 2116/1424/1352 1967/1423/1351 2117/3385/3162 2118/3386/3163
f 2115/3384/3161 2116/1424/1352 2118/3386/3163 2010/3227/3021
f 2007/3217/3011 2006/3216/3010 2118/3386/3163 2117/3385/3162
f 2006/3216/3010 2005/3215/3009 2010/3227/3021 2118/3386/3163
f 2117/3385/3162 1970/3168/2968 1972/3171/2971 2007/3217/3011
f 1967/1423/1351 1966/1422/1350 1970/3168/2968 2117/3385/3162
f 2003/3213/3007 1974/3174/2974 1976/3176/2976 1997/3205/3002
f 2007/3217/3011 1972/3171/2971 1974/3174/2974 2003/3213/3007
f 2059/3301/3085 1987/3387/2991 1864/3388/2993 1865/3302/3086
f 1990/3196/2995 1988/3195/2992 1987/3387/2991 2059/3301/3085
f 2679/3389/3127 3726/3343/3122 3725/3342/3121 3727/3390/3128
f 1986/3190/2990 1822/2952/2769 1824/2954/2771 1859/3008/2822
f 1819/2950/2767 1818/2949/2766 1822/2952/2769 1986/3190/2990
f 1748/2844/2662 1761/2860/2677 1747/2826/2644 1746/459/442
f 1749/2847/2665 1755/806/769 1761/2860/2677 1748/2844/2662
f 4876/3391/3164 4902/3392/3165 4903/3393/3166 4904/3394/3167 4908/3395/3168 4910/3396/3169 4875/3397/3170 4874/3398/3171 4873/3399/3172 4845/3400/3173 4842/3401/3174 4901/3402/3175
f 1759/2863/2680 1756/809/772 2120/3403/3176 2119/3404/3177
f 1749/2847/2665 1750/2846/2664 1755/806/769
f 1867/3029/2841 3219/3405/3178 3391/3406/3179 3390/3407/3180 3395/3408/3181 1869/3030/2842
f 1682/3111/541 1156/3110/2913 1159/2706/2515 1681/2714/542
f 1772/2875/2692 1763/2874/2691 1764/2866/2683 1765/2865/2682 1762/2864/2681 1760/2862/2679 1758/2861/2678 1759/2863/2680 2119/3404/3177 1773/3409/3182 1365/2371/2218 2397/3410/3183 1774/3411/3184
f 2124/3412/3185 2123/1192/1141 2122/1191/1140 2125/3413/3186
f 2128/3414/3187 2182/3415/3188 2185/3416/3189 2124/3412/3185 2125/3413/3186
f 2127/2253/2108 2128/3414/3187 2125/3413/3186 2126/3417/3190
f 533/1448/1375 532/2849/2667 534/1450/1377 750/1449/1376 565/1099/1054
f 2126/3417/3190 1136/2048/1920 1133/2254/2109 2127/2253/2108
f 2130/2257/2112 2129/1339/1271 2128/3414/3187 2127/2253/2108
f 2131/3418/3191 2132/1336/1268 2129/1339/1271 2130/2257/2112
f 2014/362/347 2046/361/346 2043/852/814 2042/3275/3063
f 3086/3419/3192 2704/2258/2113 2699/2263/2118 3095/2806/2624 3094/3420/3193 3087/3421/3194
f 1182/1649/1563 1181/149/138 1926/3422/137 1693/155/144 1692/1650/1564
f 3015/3423/3195 3010/3424/3196 3012/3425/3197 2831/3426/3198
f 4169/3427/3199 4167/3428/3200 4164/3429/3201 4129/2857/2674 4128/2856/2673
f 2141/3430/3202 2142/3431/3203 2137/2944/2761 2138/2948/2765
f 2139/2947/2764 2144/3432/3204 2143/3433/3205 2138/2948/2765
f 3105/3434/3206 3108/3435/3207 3107/768/731 3106/767/730 3104/3436/3208 3103/3437/3209
f 2147/3438/3210 2148/3439/3211 2146/3440/3212 2145/3441/3213
f 2148/3439/3211 2147/3438/3210 2149/3442/3042 2150/3443/3041
f 2153/1345/1277 2154/3444/3214 2152/3248/3040 2151/3247/3039
f 2154/3444/3214 1211/2125/1989 1212/2126/1990 2152/3248/3040
f 2155/3445/3215 1210/2124/1988 1211/2125/1989 2154/3444/3214
f 2150/3443/3041 1435/2442/2273 1468/2443/2274 2148/3439/3211
f 2158/3446/3216 2159/3447/3217 2160/3448/3218 2142/3431/3203
f 1468/2443/2274 1208/2122/1986 2159/3447/3217 2158/3446/3216
f 2158/3446/3216 2146/3440/3212 2148/3439/3211 1468/2443/2274
f 2142/3431/3203 2141/3430/3202 2146/3440/3212 2158/3446/3216
f 2160/3448/3218 1225/2148/2012 2136/3449/3219 2135/3450/3220
f 2159/3447/3217 1222/2145/2009 1225/2148/2012 2160/3448/3218
f 1208/2122/1986 1205/2121/1983 1222/2145/2009 2159/3447/3217
f 2135/3450/3220 2137/2944/2761 2142/3431/3203 2160/3448/3218
f 2136/3449/3219 2161/3451/3221 2134/3452/3222 2133/3453/3223
f 1225/2148/2012 1224/2147/2011 2161/3451/3221 2136/3449/3219
f 2162/3454/3224 2163/3455/3225 2134/3452/3222 2161/3451/3221
f 2164/3456/3226 2165/3457/3227 2163/3455/3225 2162/3454/3224
f 1224/2147/2011 2166/3458/3228 2162/3454/3224 2161/3451/3221
f 2166/3458/3228 2167/3459/3229 2164/3456/3226 2162/3454/3224
f 2167/3459/3229 2168/3460/3230 2169/3461/3231 2164/3456/3226
f 2170/3462/3232 2171/3463/3233 2168/3460/3230 2167/3459/3229
f 1450/3464/2254 1163/3465/1939 2171/3463/3233 2170/3462/3232
f 1449/3466/2253 1450/3464/2254 2170/3462/3232 2172/3467/3234
f 2172/3467/3234 2170/3462/3232 2167/3459/3229 2166/3458/3228
f 1223/2146/2010 2172/3467/3234 2166/3458/3228 1224/2147/2011
f 1226/2149/2013 1449/3466/2253 2172/3467/3234 1223/2146/2010
f 2168/3460/3230 1153/1284/1220 2173/3468/3235 2169/3461/3231
f 2171/3463/3233 1148/3469/1221 1153/1284/1220 2168/3460/3230
f 1148/3469/1221 2171/3463/3233 1163/3465/1939
f 2173/3468/3235 2174/3470/3236 2175/3160/2960 2176/3159/2959
f 1153/1284/1220 1152/1283/1219 2174/3470/3236 2173/3468/3235
f 2176/3159/2959 2177/3471/3237 2169/3461/3231 2173/3468/3235
f 2164/3456/3226 2169/3461/3231 2177/3471/3237 2165/3457/3227
f 4173/2859/2676 4122/2858/2675 4121/3472/3238 4109/3473/3239 4171/3474/3240
f 1510/811/774 1507/422/407 1506/421/406 1504/2489/2318 1440/3475/3241 1429/2401/2239 1842/812/775
f 2180/1338/1270 2181/3476/3242 2178/1337/1269 2182/3415/3188
f 2178/1337/1269 2181/3476/3242 2180/1338/1270
f 1114/2018/1896 1113/2017/1895 2183/3477/3243 2178/1337/1269
f 1113/2017/1895 1109/2013/1891 2184/3478/3244 2183/3477/3243
f 2183/3477/3243 2185/3416/3189 2182/3415/3188 2178/1337/1269
f 2184/3478/3244 2186/3479/3245 2185/3416/3189 2183/3477/3243
f 2187/256/241 2188/3480/3246 2189/1825/1718 2190/257/242
f 2186/3479/3245 2184/3478/3244 2188/3480/3246 2187/256/241
f 2124/3412/3185 2185/3416/3189 2186/3479/3245 2123/1192/1141
f 2187/256/241 2121/255/240 2123/1192/1141 2186/3479/3245
f 2189/1825/1718 1112/2016/1894 2191/3481/3247 1661/3482/1719
f 2188/3480/3246 1108/2012/1890 1112/2016/1894 2189/1825/1718
f 2184/3478/3244 1109/2013/1891 1108/2012/1890 2188/3480/3246
f 2191/3483/3247 1046/1956/1837 1045/1341/1273 1658/1340/1272
f 1112/2016/1894 1111/2015/1893 1046/2851/1837 2191/3481/3247
f 1658/2687/1272 1657/1827/1720 1661/1826/1719 2191/3484/3247
f 2085/3336/3116 2090/3341/3120 2084/3485/3248 2082/3326/3107 2080/3325/3105 2083/3338/3118
f 2175/3160/2960 2193/3486/3249 2192/2937/2754 2179/2939/2756
f 2193/3486/3249 2175/3160/2960 2174/3470/3236 2194/2084/1953
f 2194/2084/1953 2174/3470/3236 1152/1283/1219 1151/1282/1218
f 2193/3486/3249 2194/2084/1953 2195/2083/1952
f 1502/2487/2316 1441/2486/2315 1440/3475/3241 1504/2489/2318 1503/2399/2237
f 2196/2082/1951 1288/2081/1950 1355/3487/2146 1354/3488/2145
f 2197/3489/3250 2198/3490/3251 1320/1313/1245 2199/3491/3252
f 1354/2293/2145 1353/2292/2144 2198/3490/3251 2197/3489/3250
f 2197/3492/3250 2200/3493/3253 2196/2082/1951 1354/3488/2145
f 2199/3494/3252 2201/3495/3254 2200/3493/3253 2197/3492/3250
f 2200/3493/3253 2202/2938/2755 2195/2083/1952 2196/2082/1951
f 2201/3495/3254 1276/2201/2062 2202/2938/2755 2200/3493/3253
f 2202/2938/2755 2192/2937/2754 2193/3486/3249 2195/2083/1952
f 2203/3496/3255 1276/2201/2062 2201/3495/3254 2199/3494/3252
f 2204/3497/3256 2205/3498/3257 1269/2192/2053 1274/2199/2060
f 2203/3496/3255 2204/3497/3256 1274/2199/2060 1276/2201/2062
f 2206/3499/3258 2207/3500/3259 2208/3501/3260 2209/3502/3261
f 2210/3503/3262 2206/3499/3258 2209/3502/3261 2205/3504/3257
f 2211/3505/3263 2206/3499/3258 2210/3503/3262 2212/3506/3264
f 2211/3505/3263 2213/3507/3265 2207/3500/3259 2206/3499/3258
f 2214/1310/1242 2212/3506/3264 2210/3503/3262 2215/1311/1243
f 290/822/160 430/821/784 429/827/789 420/3508/3266 289/3509/452 288/3510/451
f 1862/3011/714 3215/3010/2824 3216/3511/3267 1864/3193/2993 1863/746/709
f 2886/3512/3268 3715/3513/3269 3716/3514/3270 2611/3515/1175 2610/3516/3271 2888/3517/3272
f 1971/3170/2970 1810/3172/2972 1812/3184/2984 1975/3175/2975 1973/3173/2973
f 2219/3518/3273 1318/1309/1241 1317/1314/1246 2220/3519/3274
f 1399/2345/2192 2220/3519/3274 2198/3490/3251 1353/2292/2144
f 2220/3519/3274 1317/1314/1246 1320/1313/1245 2198/3490/3251
f 2221/2981/2798 2222/3520/3275 2223/3521/3276 2218/1376/1304
f 419/2529/2355 423/2528/2354 427/3522/3277 428/3523/790 289/3509/452 420/3508/3266
f 1341/2281/2136 2228/3524/3278 1343/2283/2138
f 2228/3524/3278 1400/3525/2796 1310/3526/2101 1343/2283/2138
f 1340/2280/2135 2230/3527/3279 2231/3528/3280 1341/2281/2136
f 2232/3529/3281 2233/3530/3282 2230/3527/3279 1340/2280/2135
f 2234/3531/3283 2235/3532/3284 2232/3529/3281
f 1340/2280/2135 1339/2279/2134 2234/3531/3283 2232/3529/3281
f 2235/3532/3284 1237/2154/2018 2232/3529/3281
f 1236/2153/2017 1240/2157/2021 2236/3533/3285
f 2232/3529/3281 1237/2154/2018 1236/2153/2017 2236/3533/3285
f 119/188/176 165/238/223 166/237/222 173/246/231 114/183/171
f 3567/3534/3286 3570/3535/3287 3571/3536/3288 3568/3537/3289
f 1240/2157/2021 1239/2156/2020 2238/3538/3290 2237/3539/3291
f 1678/2711/2518 1673/2703/2512 1348/2288/2141 1295/2049/1921 1726/2786/2604 1729/2790/2608
f 2239/3540/3292 2241/3541/3293 2242/3542/3294 2240/739/702
f 2241/3543/3293 2243/3544/3295 2244/3545/3296 2242/3546/3294
f 3444/3547/3297 1872/2505/2332 1871/1305/1237 3399/1304/1236
f 2245/740/703 2240/739/702 2242/3542/3294 2246/3548/3298
f 2246/3549/3298 2247/3550/3299 1394/2333/2182 1393/2332/2181
f 2242/3546/3294 2244/3545/3296 2247/3550/3299 2246/3549/3298
f 2248/3551/3300 2238/3552/3290 1239/2165/2020 1245/2164/2026
f 2401/3553/3301 1233/3554/3302 1234/3555/3303 1232/1780/1682 2402/1779/1681 2400/3556/3304 2399/3557/3305
f 3610/3558/3306 2765/2342/2189 2767/2341/2188 3609/3559/3307
f 2224/3560/2797 2227/3561/3308 2225/3562/3309 2226/3563/3310 2222/3564/3275 2221/3565/2798
f 2250/3566/3311 2252/1510/1433 2253/3567/3312 2251/3568/3313
f 2253/3567/3312 2254/3569/3314 2255/3570/3315 2251/3568/3313
f 2254/3569/3314 2223/3521/3276 2222/3520/3275 2255/3570/3315
f 3431/1105/1060 3432/2828/2646 3421/3571/3316 3429/1106/1061
f 2259/3572/3317 2258/3573/3318 2253/3567/3312 2252/1510/1433
f 2256/3574/3319 2259/3572/3317 1363/2296/2148
f 2260/3575/3320 2261/3576/3321 2223/3521/3276 2254/3569/3314
f 2258/3573/3318 2260/3575/3320 2254/3569/3314 2253/3567/3312
f 2257/3577/3322 2262/3002/2817 2260/3575/3320 2258/3573/3318
f 2262/3002/2817 2263/3001/2816 2261/3576/3321 2260/3575/3320
f 2261/3576/3321 2216/1377/1305 2218/1376/1304 2223/3521/3276
f 2263/3001/2816 2213/3507/3265 2216/1377/1305 2261/3576/3321
f 4240/3578/3323 4241/3579/3324 4224/3580/3325 4227/2308/2160 4239/2315/2167
f 2256/3574/3319 1363/2296/2148 1362/2295/2147 2264/3581/3326 2265/3582/3327 2266/3003/2818 2262/3002/2817 2257/3577/3322 2258/3573/3318 2259/3572/3317
f 2267/3000/2815 2207/3500/3259 2213/3507/3265 2263/3001/2816
f 2207/3500/3259 2267/3000/2815 2268/2999/2814 2208/3501/3260
f 2264/3581/3326 1362/2295/2147 2269/3583/3328 2270/3584/3329
f 2265/3582/3327 2264/3581/3326 2270/3584/3329 2271/3585/3330
f 1304/1509/1432 1363/2296/2148 2259/3572/3317 2252/1510/1433
f 4010/3586/3331 4018/3587/3332 4019/3588/3333 4011/3589/3334
f 1865/3302/3086 3217/3590/3335 3218/3591/3336 1866/3303/3087
f 3768/3592/3337 3785/3593/3338 3765/3151/2951 3766/3150/2950 3767/3594/3339
f 1341/2281/2136 2231/3528/3280 2274/3595/3340 2229/3596/3341
f 2231/3528/3280 1118/3597/1900 2275/3598/3342 2274/3595/3340
f 2230/3527/3279 1119/3599/1901 1118/3597/1900 2231/3528/3280
f 2233/3530/3282 1123/3600/1906 1119/3599/1901 2230/3527/3279
f 2233/3530/3282 2232/3529/3281 2236/3533/3285 2276/3601/3343
f 1823/2953/2770 1476/2449/2280 1475/2448/2279 1856/3602/2819
f 2251/3603/3313 1191/3604/3344 2283/3605/3345 2301/3606/3346 1190/2110/1978 1188/2101/1969 1187/3076/1968 2249/3075/2882 2250/3607/3311
f 3713/1232/1174 2888/3608/3272 2610/3609/3271 2611/1233/1175
f 2255/3610/3315 2273/3611/3347 2272/3612/3348 2282/3613/3349 2283/3614/3345 1191/3615/3344 2251/3603/3313
f 1789/2898/2715 1776/2879/2696 1775/2878/2695 1380/2877/2694 1381/2876/2693 1373/2304/2156 1370/2905/2722 1371/2904/2721 1372/2903/2720 1788/2902/2719 1787/2897/2714
f 2282/3616/3349 2275/3617/3342 2284/3618/3350 2285/3619/3351
f 2284/3618/3350 2275/3617/3342 2286/3620/3352
f 2275/3617/3342 1118/2022/1900 2287/3621/3353 2286/3620/3352
f 2287/3621/3353 1118/2022/1900 2288/3622/3354
f 2288/3622/3354 1118/2022/1900 2289/3623/3355
f 2289/3623/3355 1118/2022/1900 1117/2021/1899
f 2290/3624/3356 2288/3622/3354 2289/3623/3355 2291/3625/3357
f 1467/3626/3358 2290/3624/3356 2291/3625/3357 1464/2945/2762
f 1117/2021/1899 1497/2472/2303 2291/3625/3357 2289/3623/3355
f 1497/2472/2303 1465/2471/2302 1464/2945/2762 2291/3625/3357
f 2292/3627/3359 2293/3628/3360 2286/3620/3352 2287/3621/3353
f 2290/3624/3356 2292/3627/3359 2287/3621/3353 2288/3622/3354
f 1467/3626/3358 2294/3629/3361 2292/3627/3359 2290/3624/3356
f 2294/3629/3361 2295/3630/3362 2293/3628/3360 2292/3627/3359
f 2296/3631/3363 2285/3619/3351 2284/3618/3350 2297/3632/3364
f 2293/3628/3360 2297/3632/3364 2284/3618/3350 2286/3620/3352
f 2295/3630/3362 2298/3633/3365 2297/3632/3364 2293/3628/3360
f 1467/3626/3358 1135/3634/3366 1132/2256/2111 2294/3629/3361
f 2295/3630/3362 2294/3629/3361 1132/2256/2111 1134/2255/2110
f 2300/3635/3367 2301/3606/3346 2285/3619/3351 2296/3631/3363
f 4056/3636/3368 4047/3637/3369 4050/3638/3370 4059/3639/3371 4060/3640/3372 4057/3641/3373
f 2304/3642/3374 1190/2110/1978 2301/3606/3346 2300/3635/3367
f 1155/2065/1936 2302/3643/3375 2299/3644/3376 1140/794/757
f 1155/2065/1936 1158/2064/1935 2303/3645/3377 2302/3643/3375
f 2305/3646/3378 2306/3647/3379 1193/2109/1977 1192/2108/1976
f 2305/3646/3378 1192/2108/1976 1190/2110/1978 2304/3642/3374
f 2307/3648/3380 2308/3649/3381 2306/3647/3379 2305/3646/3378
f 1158/2064/1935 2309/3650/3382 2307/3648/3380 2303/3645/3377
f 2309/3650/3382 1179/3651/3383 2308/3649/3381 2307/3648/3380
f 327/3652/1874 178/3653/1876 177/539/516 326/538/515 329/543/520 328/3654/3384
f 2855/2178/2039 2560/3655/3385 3640/3656/3386 3641/2179/2040
f 2313/3657/3387 2314/3658/3388 2311/3659/3389 2312/2180/2041
f 2315/3660/3390 2316/3661/3391 2314/3658/3388 2313/3657/3387
f 1452/2423/2256 1451/2422/2255 2316/3661/3391 2315/3660/3390
f 2314/3658/3388 2317/3662/3392 2310/3663/3393 2311/3659/3389
f 2316/3661/3391 2318/3664/3394 2317/3662/3392 2314/3658/3388
f 1451/2422/2255 1358/2425/2258 2318/3664/3394 2316/3661/3391
f 2317/3662/3392 2306/3647/3379 2308/3649/3381 2310/3663/3393
f 2318/3664/3394 1193/2109/1977 2306/3647/3379 2317/3662/3392
f 1358/2425/2258 1189/2102/1970 1193/2109/1977 2318/3664/3394
f 2285/3619/3351 2301/3606/3346 2283/3605/3345 2282/3616/3349
f 2280/265/250 2320/3665/3395 2321/3666/3396 2279/266/251
f 2281/2337/2184 2319/3667/2883 2320/3665/3395 2280/265/250
f 690/1308/1240 684/1307/1239 688/3668/1462 689/3669/3397 474/1045/1000 475/484/464 529/491/471 462/938/896 466/942/900 476/3670/3398 506/3671/3399 496/3672/3400 515/3673/3401 752/3674/3402 487/962/918 485/960/916 751/1021/976 516/1020/975 691/1019/974
f 2279/266/251 2321/3666/3396 2322/3675/3403 2278/741/704
f 4764/3676/3404 4765/3677/3405 4762/3678/3406 4761/3679/3407
f 4523/3680/3408 4508/3681/3409 4493/3682/3410 4509/964/920 4524/963/919
f 2319/3683/2883 1361/3684/3411 2323/3685/3412 2320/3686/3395
f 5515/579/554 5514/292/277 5513/290/275 327/1995/1874 328/3687/3384 338/3688/546 339/3689/545 5516/879/841
f 2324/3690/3413 2325/3691/3414 2326/3692/3415 2323/3685/3412 1361/3684/3411 1360/3693/3416
f 2327/3694/3417 2328/3695/3418 2326/3692/3415 2325/3691/3414
f 2329/3696/3419 2330/3697/3420 2328/3695/3418 2327/3694/3417
f 2329/3696/3419 2331/3698/3421 2332/3699/3422 2330/3697/3420
f 2331/3698/3421 2333/3700/3423 2334/3701/3424 2332/3699/3422
f 2333/3700/3423 1032/1944/1828 2335/3702/3425 2334/3701/3424
f 2335/3702/3425 1123/2028/1906 2336/3703/3426 2334/3701/3424
f 2336/3703/3426 2332/3699/3422 2334/3701/3424
f 2337/3704/3427 2328/3695/3418 2330/3697/3420 2338/3705/3428
f 2338/3705/3428 2330/3697/3420 2332/3699/3422 2336/3703/3426
f 4665/3706/3429 4664/3707/3430 4683/1742/1648 4661/1741/1647 4660/3708/3431 4682/3709/3432
f 1908/2508/2335 1702/2507/2334 1701/2753/2557 1700/2752/2556 1905/2745/2549
f 2339/3710/3433 2326/3692/3415 2328/3695/3418 2337/3704/3427
f 2233/3530/3282 2276/3601/3343 2336/3711/3426 1123/3600/1906
f 1123/2028/1906 2335/3702/3425 1122/2029/1907
f 2234/3531/3283 2340/3712/3434 2341/3713/3435 2235/3532/3284
f 1339/2279/2134 1345/2285/622 2340/3712/3434 2234/3531/3283
f 2235/3532/3284 2341/3713/3435 1238/2155/2019 1237/2154/2018
f 2341/3714/3435 2342/3715/3436 1241/2158/2022 1238/2161/2019
f 2340/3716/3434 2343/3717/3437 2342/3715/3436 2341/3714/3435
f 1345/655/622 2344/654/621 2343/3717/3437 2340/3716/3434
f 2346/3718/3438 2347/3719/3439 2348/3720/3440 2349/3721/3441
f 2706/3722/2131 3079/2275/2130 3078/3081/2885 2709/3723/1443 2707/3724/2132
f 2344/654/621 2350/653/620 2346/3718/3438 2343/3717/3437
f 2350/653/620 1403/2351/2198 2347/3719/3439 2346/3718/3438
f 2350/653/620 2351/652/619 1404/2352/2199 1403/2351/2198
f 1482/2181/2042 2312/2180/2041 2311/3659/3389 1486/3725/3442 1483/2455/2286
f 2352/3726/3443 1242/2159/2023 1241/2158/2022 2342/3715/3436 2343/3717/3437 2346/3718/3438 2349/3721/3441
f 3945/3727/3444 3985/3728/3445 3986/3729/3446 3948/3730/3447 3984/3731/3448 3939/3732/3449
f 2347/3719/3439 1263/2187/2048 1262/2186/2047 2348/3720/3440
f 1264/2350/2197 1263/2187/2048 2347/3719/3439 1403/2351/2198
f 2354/3733/3450 1316/2252/2107 1438/271/256 2355/270/255
f 2345/651/618 1344/656/623 2354/3733/3450 2355/270/255
f 1538/2549/2374 1423/2376/2221 1422/2375/2220 1534/2547/2365 1536/2546/2372 1539/2550/2375
f 1316/3734/2107 2354/3735/3450 1344/2284/623
f 1344/2284/623 1342/2282/2137 1313/3736/2104 1316/3734/2107
f 2268/3737/2814 1756/809/772 1271/808/771 2208/3738/3260
f 2209/3739/3261 2208/3738/3260 1271/808/771 1270/2193/2054
f 2205/3498/3257 2209/3739/3261 1270/2193/2054 1269/2192/2053
f 2324/3690/3413 3649/3740/3451 3650/3741/3452 2325/3691/3414
f 67/128/117 66/93/84 87/123/114 86/121/112 85/120/111
f 2358/3742/3453 2361/1037/992 2362/1036/991 2359/3743/3454
f 1045/1341/1273 1043/1953/1836 2358/3742/3453 2357/1342/1274
f 1043/1953/1836 1042/1062/1017 2361/1037/992 2358/3742/3453
f 2363/3744/3455 1653/3745/2490 1656/1344/1276 2356/1343/1275
f 740/1415/1343 754/838/800 735/3746/1434 734/1410/1338
f 2364/1035/990 2365/3747/3456 2366/3748/3457 2362/1036/991
f 2547/2855/2672 2550/2854/2671 2586/3749/3458 2587/3750/3459 2821/3751/3460 2548/3752/3461
f 2367/1034/989 2368/3753/3462 2365/3747/3456 2364/1035/990
f 2370/3754/3463 2371/3755/3464 2367/1034/989 2369/1033/988
f 2371/3755/3464 2372/3756/3465 2368/3753/3462 2367/1034/989
f 1057/3757/1044 2370/3754/3463 2369/1033/988 2373/1061/1016
f 2374/3758/3466 2375/3759/3467 2371/3755/3464 2370/3754/3463
f 2375/3759/3467 2376/1043/998 2372/3756/3465 2371/3755/3464
f 2370/3754/3463 1057/3757/1044 1059/3760/1043 2374/3758/3466
f 1292/2004/1883 1459/2003/1882 2375/3759/3467 2374/3758/3466
f 1460/1044/999 2376/1043/998 2375/3759/3467 1459/2003/1882
f 2374/3758/3466 1059/3760/1043 1060/2005/1849 1292/2004/1883
f 3707/2231/2088 2830/2230/2087 3689/3761/3468 3690/3762/3469 3691/3763/3470 2975/3764/3471 2971/3765/3472
f 2376/1043/998 2377/1042/997 2379/3766/3473 2372/3756/3465
f 2377/1042/997 2378/1041/996 2380/2535/2361 2379/3766/3473
f 2979/3767/3474 2975/3764/3471 3691/3763/3470 3693/3768/3475 3694/3769/3476
f 2382/3770/3477 2368/3753/3462 2372/3756/3465 2379/3766/3473
f 2383/3771/3478 2382/3770/3477 2379/3766/3473 2380/2535/2361
f 2801/2466/2297 3534/3772/3479 3531/3773/3480 3533/3774/3481 3532/3775/3482 3525/2467/2298
f 2385/3776/3483 2365/3747/3456 2368/3753/3462 2382/3770/3477
f 2386/3777/3484 1621/2628/2448 1625/2638/2458 2387/3778/3485
f 2380/2535/2361 2381/2534/2360 2386/3777/3484 2383/3771/3478
f 2381/2534/2360 1617/2533/2359 1621/2628/2448 2386/3777/3484
f 2388/2771/2592 2366/3748/3457 2365/3747/3456 2385/3776/3483
f 2389/2767/2588 2388/2771/2592 2385/3776/3483 2384/3779/3486
f 2366/3748/3457 2388/2771/2592 2362/1036/991
f 3697/782/745 3702/3780/3487 3703/3781/3488 2991/3782/3489 2986/3783/3490 3700/783/746
f 2359/3743/3454 2362/1036/991 2388/2771/2592 2391/2770/2591
f 3705/3784/3491 3706/3785/3492 3703/3781/3488 3702/3780/3487 3701/3786/3493
f 3009/2668/2486 3706/3785/3492 3705/3784/3491 3704/2669/2487
f 2360/3787/3494 2359/3743/3454 2391/2770/2591 2392/3033/2845
f 2393/2769/2590 1633/2646/2466 1637/2650/2470 1646/2661/2479
f 2390/2768/2589 1629/2642/2462 1633/2646/2466 2393/2769/2590
f 2395/3032/2844 1650/3788/2491 1653/3745/2490 2363/3744/3455
f 2392/3033/2845 2395/3032/2844 2363/3744/3455 2360/3787/3494
f 2394/1038/993 2396/2002/1881 1605/2615/2435 1609/1039/994
f 1654/2684/2499 1601/2611/2431 1605/2615/2435 2396/2002/1881
f 1573/3789/2402 1572/3790/2401 1377/2307/2159 1376/2306/2158
f 1376/2306/2158 2397/3410/3183 1579/3791/2408 1573/3789/2402
f 2397/3410/3183 1365/2371/2218 1421/2370/2217 1579/3791/2408
f 1531/718/681 2398/3792/3495 1529/2521/2348 1528/719/682
f 1127/2034/1912 1126/2033/1911 2398/3792/3495 1531/718/681
f 3609/3559/3307 3608/3793/3496 3573/2340/2187 3569/3794/3497 3648/3795/3498 3647/3796/3499
f 1126/2033/1911 1125/2032/1910 2399/3557/3305 2398/3792/3495
f 1125/2032/1910 1433/2404/2242 2401/3553/3301 2399/3557/3305
f 1433/2404/2242 1434/2405/2243 1233/3554/3302 2401/3553/3301
f 2400/3556/3304 2402/1779/1681 2403/1782/1684 1527/3797/2347
f 1387/3798/2173 1386/3799/2172 1168/2085/1954 1171/721/684
f 2404/1633/1547 1525/1632/1546 1527/2520/2347 2403/3800/1684
f 1232/3801/1682 1234/3802/3303 2407/3803/3500 2406/3804/3501
f 1447/2418/2252 1446/2417/2251 2407/3803/3500 1234/3802/3303
f 1234/3555/3303 1233/3554/3302 1434/2405/2243 1447/3805/2252
f 1434/2405/2243 1073/1977/1857 1300/2239/2094 1447/3805/2252
f 1463/424/409 1068/1972/1852 2406/3804/3501 2407/3803/3500
f 2407/3803/3500 1446/2417/2251 1448/425/410 1463/424/409
f 3202/557/534 2871/3141/2941 2870/1736/1642 2873/1740/1646 2874/3806/3502 3201/3807/3503 3199/558/535
f 1068/1972/1852 1067/1635/1549 2405/1634/1548 2406/3804/3501
f 2408/1016/971 1065/1971/1851 1070/1975/1855 1517/1017/972
f 1203/2115/1981 1165/728/691 1164/727/690 1163/2070/1939 1450/2420/2254 1204/2116/1982
f 1512/2515/2342 1839/2514/2341 2409/3808/3504 1509/2516/2343
f 1418/2978/2795 1417/3809/3505 2409/3808/3504 1839/2514/2341
f 1080/2069/1863 1142/3810/1948 1505/2397/2236 1161/2066/1937
f 1492/3811/3506 1491/2478/2309 1494/2477/2308 1493/3812/3507
f 1483/2455/2286 1185/2099/1967 1186/2098/1966 1484/2456/2287
f 1486/3725/3442 1178/3813/3508 1185/2099/1967 1483/2455/2286
f 1710/2761/2571 1730/3814/2609 1473/3815/2610 1472/2762/2572
f 1248/2168/2029 1247/2167/2028 1730/3814/2609 1710/2761/2571
f 2884/350/335 2460/349/334 2459/3816/3509 2883/3817/3510
f 3719/702/669 3723/701/668 3722/3818/3511 3720/3819/3512
f 5110/2841/3513 5112/2840/3514 5113/2837/3515 5111/2836/3516 5109/2843/3517 5108/2842/3518
f 2413/1070/1025 1131/2038/1916 1130/2037/1915 2414/1071/1026
f 2413/1070/1025 1097/3820/3519 1095/2041/1404 1131/2038/1916
f 1326/2356/2203 2032/3821/3520 2033/3117/2917 1936/3116/2916 1325/2357/2204
f 1832/2972/2789 1106/2010/1888 1103/2009/1887 1101/2699/2508 1412/2363/2210 1414/2362/2209
f 3217/3590/3335 1865/3302/3086 1864/3388/2993 3216/3822/3267
f 1122/2029/1907 2335/3702/3425 1032/1944/1828 1031/1943/1827
f 1081/2068/1864 1162/2067/1938 2416/2462/2293 1076/3823/1860
f 2416/2462/2293 1444/2415/2249 1299/2414/2093 1076/3823/1860
f 1138/795/758 1140/794/757 2299/3644/3376 2298/3633/3365 2295/3630/3362 1134/2255/2110 1133/2254/2109 1136/2048/1920
f 1438/271/256 1316/2252/2107 1315/2251/2106 1439/1788/1689
f 1439/1788/1689 1315/2251/2106 1314/2250/2105 1357/1789/1690
f 2417/1790/1691 1166/723/686 1407/274/259 1437/1791/1692
f 2417/1790/1691 1357/1789/1690 1356/724/687 1166/723/686
f 134/203/191 282/465/448 285/464/447 426/3824/3521 135/204/192
f 2419/2490/2319 2418/684/651 1091/683/650 1093/2559/2384
f 2419/2490/2319 2420/3825/3522 1306/2243/2098 1308/2245/2100
f 1093/2559/2384 1220/3826/3523 2420/3825/3522 2419/2490/2319
f 2420/3825/3522 2421/3827/3524 1302/2240/2095 1306/2243/2098
f 2422/3828/3525 1303/2241/2096 1302/2240/2095 2421/3827/3524
f 2269/3583/3328 1362/2295/2147 1303/2241/2096 2422/3828/3525
f 2422/3829/3525 1221/3830/3526 1366/3831/3527 2269/3832/3328
f 2741/3833/3528 2791/3834/3529 3730/3835/3530 2479/3836/3531 2721/3837/3532
f 1392/2331/2180 1024/1930/1814 1369/1506/1429 1389/2328/2177
f 816/1684/1595 800/1589/1505 799/1588/1504 802/1591/1507 803/3838/3533
f 1313/3736/2104 1342/2282/2137 1343/2283/2138 1310/3526/2101
f 1399/2345/2192 1353/2292/2144 1314/2250/2105 1311/2247/2102
f 1375/2305/2157 1774/3411/3184 2397/3410/3183 1376/2306/2158
f 1187/2100/1968 1189/2102/1970 2319/3683/2883
f 1189/2102/1970 1361/3684/3411 2319/3683/2883
f 1356/724/687 1355/2294/2146 1288/2217/1950 1287/725/688
f 4694/3839/3534 4709/3840/3535 4712/3841/3536 4678/3842/3537
f 2309/3650/3382 1158/2064/1935 1157/2063/1934 1930/3114/2914
f 1179/3651/3383 2309/3650/3382 1930/3114/2914 1177/2097/1965
f 1084/1986/1866 1142/2079/1948 1160/2078/1947 1085/1987/1867
f 1161/2066/1937 1062/427/412 1061/426/411 1162/2067/1938
f 1130/2037/1915 1129/2040/1914 1100/3843/1400 1099/1482/1405
f 1047/1957/1838 1057/1089/1044 2373/3844/1016 1048/1958/1018
f 2411/1073/1028 2410/1072/1027 2415/3845/3538 2412/3846/3539
f 2120/3403/3176 2270/3847/3329 2269/3832/3328 1366/3831/3527
f 2271/3848/3330 2270/3847/3329 2120/3403/3176 1756/809/772
f 1038/1950/1834 2144/3432/3204 2139/2947/2764 2140/2946/2763
f 1038/1950/1834 2140/2946/2763 1466/2473/2304 1035/1947/1831
f 397/897/857 424/790/753 401/735/698 396/898/858
f 1293/2053/1924 1291/2052/1884 1060/1969/1849 1049/1959/1839
f 2199/3491/3252 1320/1313/1245 1319/1312/1244 2203/3849/3255
f 2215/1311/1243 2210/3503/3262 2205/3504/3257 2204/3850/3256
f 1319/1312/1244 2215/1311/1243 2204/3850/3256 2203/3849/3255
f 2271/3585/3330 2423/2998/2813 2266/3003/2818 2265/3582/3327
f 2271/3848/3330 1756/809/772 2268/3737/2814 2423/3851/2813
f 1077/2042/1861 1095/2041/1404 1094/3852/1873 1078/3853/1402
f 2570/3854/3540 2571/2930/2747 2568/1459/1386 2569/2497/1385 3575/2496/2325 2766/3855/3541
f 3379/3281/3066 3334/3856/3542 3342/2830/2648 3380/2829/2647
f 2426/3857/3543 2427/3858/3544 1029/1935/1819 1028/1934/1818
f 1033/1945/1829 1032/1944/1828 2428/3859/3545 2429/3860/3546
f 1037/1949/1833 1036/1948/1832 2430/3861/3547 2431/3862/3548
f 2432/3863/3549 2433/766/729 2434/765/728 2435/3864/3550
f 2436/3865/3551 2437/3866/733 2438/3867/3552 2439/884/846
f 2434/3868/728 2437/3866/733 2436/3865/3551 2435/3869/3550
f 2440/3870/3553 2432/3863/3549 2435/3864/3550 2441/3871/3554
f 2442/3872/3555 2443/3873/3556 2444/2212/2073 2445/3874/3557
f 2445/3874/3557 2444/2212/2073 2446/2815/2633 2447/2814/2632
f 2448/3875/3558 2449/3876/3559 2450/3877/3560 2451/2813/2631
f 2447/2814/2632 2451/2813/2631 2450/3877/3560 2445/3874/3557
f 2442/3872/3555 2445/3874/3557 2452/3878/3561 2453/3879/2084
f 2457/1657/1571 2458/1656/1570 2459/3816/3509 2460/349/334
f 2461/3880/3562 2457/1657/1571 2460/349/334 2462/348/333
f 2461/3880/3562 2463/1737/1643 2454/2634/2454 2833/2633/2453 2834/1654/1568 2457/1657/1571
f 3433/368/353 3422/367/352 3421/3571/3316 3432/2828/2646
f 2462/348/333 2464/1738/1644 2463/1737/1643 2461/3880/3562
f 1722/2779/2598 1174/2778/2597 1175/2781/2599 1176/2787/2605 1725/2785/2603
f 2478/3881/3563 2476/1179/1128 2474/1178/1127 2479/3836/3531
f 2480/3882/3564 2465/3883/3565 2481/3884/3566 2482/510/490
f 2415/3845/3538 1098/3885/3567 1099/1482/1405 1095/1481/1404 1097/3886/3519 2412/3887/3539
f 2481/3884/3566 2486/3888/2081 2483/511/491 2482/510/490
f 1813/2700/2509 1101/2699/2508 1103/2009/1887 1102/2008/1886 1814/2940/2757
f 2488/3889/3568 2490/2961/2778 2492/781/744 2489/780/743
f 2493/3890/3569 2494/3891/3570 2495/3892/3571 2496/3893/3572
f 2497/3894/3573 2493/3890/3569 2496/3893/3572 2498/3895/3574
f 2499/3896/3575 2500/3897/3576 2497/3894/3573 2498/3895/3574
f 2501/2465/2296 2502/2464/2295 2500/3897/3576 2499/3896/3575
f 2503/3898/3577 2504/3899/3578 2505/3900/3579
f 4335/3901/3580 4334/3902/3581 4333/3903/3582 4339/3904/3583 4338/3905/3584 4337/3906/3585
f 3509/175/163 3511/2463/2294 3510/2468/2299 3506/3907/3586 3505/176/164
f 2513/3908/3587 2514/700/667 2515/3909/3588 2510/3910/2498
f 2466/3911/2497 2482/3912/490 2513/3908/3587 2510/3910/2498
f 2976/3913/3589 2914/3097/2901 2912/1430/1358 2909/1429/1357 2972/2556/2381
f 3057/1515/1437 3257/1514/1436 3245/3914/3590 3259/3915/3591 3060/3916/3592 3059/3917/3593
f 1397/267/252 2245/740/703 2246/3548/3298 1393/3918/2181 1390/2334/2178 1396/268/253
f 2520/575/550 3031/2174/2035 3030/3919/3594 2724/3920/3595 3026/3921/3596 3028/524/504 3456/523/503 2522/1999/1878 2521/576/551
f 800/1589/1505 830/1658/1572 832/1006/961 796/1010/965 798/1587/1503
f 429/827/789 431/823/785 417/1990/1870 419/2529/2355 420/3508/3266
f 2529/3922/3597 2473/1183/1132 2472/1182/1131 2528/2059/1930
f 2530/3923/3598 2529/3922/3597 2528/2059/1930 2531/2481/2312
f 3262/3924/2530 3046/2730/2534 3045/3925/3599 3263/3926/3600
f 3042/3927/3601 3041/2395/2234 2627/2394/2233 2626/3928/3602 2625/3929/3603
f 2541/3930/3604 2542/3931/3605 2538/1335/1267 2540/1334/1266
f 2469/3932/3124 2545/3344/3123 2546/3933/3606 2470/3934/2079
f 2547/2855/2672 2548/3752/3461 2534/3935/663 2533/695/662
f 2560/3655/3385 2566/3936/3607 2561/3937/3608 2558/3938/3609 2559/3939/3610 3638/3940/3611 3640/3656/3386
f 2471/2220/2078 2486/2224/2081 2481/3941/3566 2465/3942/3565
f 2486/2224/2081 2544/2223/2080 2475/1181/1130 2477/1180/1129
f 2551/3943/3612 2552/3944/3613 2553/3945/3614 2554/3946/3615
f 3542/3947/3616 2697/3948/3617 2694/3949/3618 2695/3950/3619 2696/3951/3620 3543/3952/3621
f 2561/3937/3608 2562/3953/3622 2563/3102/2906 2564/3106/2910
f 2558/3938/3609 2561/3937/3608 2564/3106/2910 2565/3954/3623
f 2566/3936/3607 2567/3955/3624 2562/3953/3622 2561/3937/3608
f 1648/2663/2481 1650/3788/2491 2395/3032/2844 1647/2662/2480
f 729/3956/3625 743/1437/1364 744/1432/1359 607/1431/1106 606/3957/1105 608/3958/1107
f 2574/3959/3626 2572/1455/1382 2568/1459/1386
f 2568/1459/1386 2571/2930/2747 2575/2929/2746 2574/3959/3626
f 923/1766/1670 921/1485/1408 952/1484/1407 953/1823/1716 954/1812/1708
f 2579/3960/3627 2578/3961/3628 2581/3962/1713 2554/3963/3615
f 2582/3964/3629 2583/3246/3038 2584/3965/3630 2585/3966/3631
f 2586/3749/3458 2582/3964/3629 2585/3966/3631 2587/3750/3459
f 2588/3967/3037 2589/3968/3632 2584/3969/3630 2583/3970/3038
f 2550/2854/2671 2590/1898/1785 2591/1897/1784 2586/3749/3458
f 2591/1897/1784 2592/495/475 2582/3964/3629 2586/3749/3458
f 2592/495/475 2593/494/474 2583/3246/3038 2582/3964/3629
f 2600/3971/3633 2477/1180/1129 2476/1179/1128 2597/3972/3634
f 2476/1179/1128 2478/3881/3563 2598/3973/3635 2597/3972/3634
f 2584/3969/3630 2601/3974/3636 2602/3975/3637 2603/3976/3638
f 2601/3974/3636 2604/3977/3639 2605/3978/3640 2602/3975/3637
f 2606/2368/2215 2607/2367/2214 2608/3979/3641 2609/3980/3642
f 742/3981/1340 741/3982/1339 732/1204/1149 730/1203/1148 729/3956/3625 608/3958/1107
f 2182/3415/3188 2128/3414/3187 2129/1339/1271 2180/1338/1270
f 2614/3983/3643 2615/3984/3644 2616/3985/3645 2617/3986/3646
f 2615/3984/3644 2618/3987/3647 2619/3988/3648 2616/3985/3645
f 1243/2160/2024 1242/2159/2023 2620/3989/3649 2617/3990/3646
f 2617/3990/3646 2616/3991/3645 1244/2163/2025 1243/2160/2024
f 2616/3991/3645 2619/3992/3648 1245/2164/2026 1244/2163/2025
f 2621/3993/3650 2622/3994/3651 2623/3995/3652 2624/3996/3653
f 2625/3929/3603 2626/3928/3602 2624/3996/3653 2623/3995/3652
f 2628/2366/2213 2629/642/609 2630/641/608
f 3554/2408/2244 3556/2412/2248 2770/3997/3654 3552/3998/3655
f 2635/3999/3656 2631/3236/3030 2634/3235/3029 2636/4000/3657
f 2637/4001/3658 2638/552/529 2631/3236/3030 2635/3999/3656
f 2638/552/529 2639/551/528 2632/3237/3031 2631/3236/3030
f 2635/3999/3656 2640/4002/3659 2641/4003/3660 2637/4001/3658
f 2636/4000/3657 2642/4004/3661 2640/4002/3659 2635/3999/3656
f 2633/1896/1783 2643/1900/1787 2644/4005/3662 2634/3235/3029
f 2636/4000/3657 2634/3235/3029 2644/4005/3662 2642/4004/3661
f 2651/2433/2264 2648/3018/2830 2650/3017/2829 2498/3895/3574
f 2652/2432/2263 2645/3019/2831 2648/3018/2830 2651/2433/2264
f 2653/4006/3663 2650/3017/2829 2649/3016/2828 2654/4007/3664
f 2654/4007/3664 2501/2465/2296 2499/3896/3575 2653/4006/3663
f 2653/4006/3663 2499/3896/3575 2498/3895/3574 2650/3017/2829
f 1820/221/209 1826/220/208 1825/2963/2780 1821/2951/2768
f 2661/4008/3665 2662/4009/3666 2663/4010/3667 2664/4011/3668
f 2665/4012/3669 2666/4013/3670 2667/694/661 2668/693/660
f 2668/4014/660 2532/4015/659 2536/691/658 2665/4016/3669
f 2106/3366/3143 2107/2503/2330 1873/2506/2333 1874/3134/2934
f 1742/460/443 1743/2825/2643 1741/2869/2686 1738/2820/2638 1739/2821/2639 1740/2822/2640
f 1527/3797/2347 1526/2522/2346 1529/2521/2348 2398/3792/3495 2399/3557/3305 2400/3556/3304
f 2832/2226/2083 3709/2225/2082 3015/3423/3195 2831/3426/3198
f 2677/3347/3126 2468/3346/3125 2467/4017/3671 2678/4018/3672
f 1795/4019/3673 1794/4020/3674 1799/4021/3675 1962/1413/1341 1961/1414/1342 2017/4022/3676 1959/3259/3047
f 2680/4023/3677 2681/4024/3678 2682/4025/3679 2683/4026/3680
f 2680/4023/3677 2683/4026/3680 2684/4027/3681 2685/4028/3682
f 2086/2969/2786 2089/3339/3119 2101/3359/3138 2100/3362/3140 2099/1058/1013
f 2687/4029/3683 2688/4030/3684 2689/4031/3685 2690/4032/3686
f 2691/4033/3687 2692/4034/3688 2690/4032/3686 2689/4031/3685
f 2689/4031/3685 2688/4030/3684 2693/4035/3689 2691/4033/3687
f 2387/3778/3485 1625/2638/2458 1629/2642/2462 2390/2768/2589 2389/2767/2588 2384/3779/3486
f 506/3671/3399 476/3670/3398 466/942/900 465/941/899 467/943/901 442/920/879
f 3249/4036/3690 3250/4037/3691 3251/4038/3692 3248/4039/3693 3246/4040/3694
f 2707/2277/2132 2709/1521/1443 2710/643/610 2708/2278/2133
f 2714/4041/3695 2715/4042/3696 2716/4043/3697
f 2717/4044/3698 2716/4043/3697 2715/4042/3696 2718/4045/3699
f 2715/4042/3696 2714/4041/3695 2719/4046/3700 2720/4047/3701
f 2479/3836/3531 2474/1178/1127 2721/3837/3532
f 2473/1183/1132 2722/4048/3702 2721/3837/3532 2474/1178/1127
f 2723/4049/3703 2724/3920/3595 2725/4050/3704 2726/4051/3705
f 2726/4051/3705 2676/2234/2089 2675/2233/514 2723/4049/3703
f 2727/4052/3706 2728/4053/3707 2729/4054/3708 2730/4055/3709
f 2731/2852/2669 2728/4053/3707 2727/4052/3706 2732/4056/3710
f 2727/4052/3706 2730/4055/3709 2692/4034/3688 2732/4056/3710
f 1359/2424/2257 2733/2931/2748 2571/2930/2747 1360/3693/3416
f 2163/3455/3225 2132/1336/1268 2131/3418/3191 2134/3452/3222
f 25/4057/49 4/6/6 6/8/8 26/71/62 27/69/60 24/68/50
f 2424/4058/3711 2740/4059/3712 1025/1931/1815 2425/4060/3713
f 1367/2302/2154 1347/2287/2140 1346/2286/2139 1368/2303/2155 1026/1932/1816
f 2745/2348/2195 2748/2347/2194 2749/4061/3714 2750/4062/3715
f 2753/4063/3716 2754/4064/3717 2755/4065/3718 2756/4066/3719
f 2757/4067/3720 2758/4068/3721 2759/4069/3722 2756/4070/3719
f 2554/3963/3615 2758/4068/3721 2757/4067/3720 2579/3960/3627
f 2756/4066/3719 2759/4071/3722 2760/4072/3723 2753/4063/3716
f 2757/4067/3720 2761/4073/3724 2580/4074/3725 2579/3960/3627
f 2751/389/374 2761/4073/3724 2757/4067/3720 2756/4070/3719
f 2762/4075/2190 1391/2330/2179 1394/2333/2182 2763/4076/2185
f 1392/2331/2180 1391/2330/2179 2762/4075/2190 2764/4077/3726
f 2570/4078/3540 2766/4079/3541 2764/4080/3726 2762/2343/2190 2765/2342/2189 3610/3558/3306 3646/4081/3727
f 2690/4032/3686 2768/1664/1578 2769/1663/1577 2687/4029/3683
f 2034/4082/3728 2033/3117/2917 2032/3821/3520 2035/3272/3060 2036/3271/3059
f 2773/3358/3137 2774/2094/1962 2775/4083/3729 2643/1900/1787
f 4294/3232/3026 4293/866/2584 4265/867/2583 4266/868/2582 4267/4084/3730
f 2774/2094/1962 2773/3358/3137 2777/1470/1394 2776/1469/1393
f 3777/4085/3731 3780/4086/3732 3789/4087/3733 3802/4088/3734 3801/4089/3735 3788/4090/3736 3776/4091/3737
f 2786/777/740 2787/1625/1539 2785/1624/1538 2784/778/741
f 1413/2364/2211 1409/1902/1789 1410/1901/1788 1417/3809/3505 1418/2978/2795 1415/2365/2212
f 2686/4092/3738 2791/3834/3529 2741/3833/3528 2742/4093/3739
f 2792/4094/3740 2736/4095/3741 2737/4096/3742 2793/4097/3743
f 2595/4098/3744 2594/4099/3745 2736/4095/3741 2792/4094/3740
f 2794/4100/3746 2795/4101/3747 2796/4102/3748 2595/4103/3744
f 2797/4104/3749 2596/4105/3750 2595/4106/3744 2796/4107/3748
f 2792/4108/3740 2798/4109/3751 2794/4110/3746 2595/4111/3744
f 2793/4112/3743 2799/4113/3752 2798/4109/3751 2792/4108/3740
f 2685/4028/3682 2684/4027/3681 2791/3834/3529 2686/4092/3738
f 2654/4007/3664 2800/4114/3753 2801/2466/2297 2501/2465/2296
f 2649/3016/2828 2647/3015/2827 2800/4114/3753 2654/4007/3664
f 1440/3475/3241 1441/2486/2315 1430/2402/2240 1429/2401/2239
f 2805/4115/3754 1432/4116/2241 2803/1366/1294 2802/1365/1293
f 2466/2682/2497 2509/2681/2496 2806/4117/3755 2467/4017/3671
f 1412/2363/2210 1416/2698/2507 1411/4118/3756 1409/1902/1789 1413/2364/2211
f 2779/1465/1389 2778/1471/1395 2809/4119/3757 2808/1466/1390
f 2804/1367/1295 1443/4120/2311 2814/4121/2314 2812/1363/1291
f 2815/4122/3758 2677/4123/3126 2678/4124/3672 2816/4125/3759
f 2816/4125/3759 2678/4124/3672 2817/4126/3760 2818/4127/3761
f 2816/4125/3759 2818/4127/3761 2819/4128/3762 2815/4122/3758
f 2820/4129/3763 2821/3751/3460 2587/3750/3459 2585/3966/3631
f 2603/4130/3638 2820/4129/3763 2585/3966/3631 2584/3965/3630
f 2822/4131/3764 2733/2931/2748 1359/2424/2257 1452/2423/2256
f 2823/4132/3765 2553/4133/3614 2552/4134/3613 2824/4135/3766
f 2823/4132/3765 2760/4072/3723 2759/4071/3722 2553/4133/3614
f 2753/4063/3716 2760/4072/3723 2915/1426/1354
f 2827/4136/3767 2828/4137/3768 2825/535/512 2826/534/511
f 2831/3426/3198 2827/4136/3767 2826/534/511 2832/2226/2083
f 1461/2437/2268 1654/2684/2499 2396/2002/1881 1462/2001/1880
f 2211/3505/3263 2212/3506/3264 2217/1378/1306 2216/1377/1305 2213/3507/3265
f 2833/2633/2453 2836/2632/2452 2834/1654/1568
f 2836/2632/2452 2837/4138/3769 2835/1655/1569 2834/1654/1568
f 2838/2631/2451 2819/4128/3762 2837/4138/3769 2836/2632/2452
f 2807/371/356 2844/370/355 2589/3968/3632 2588/3967/3037
f 2845/4139/3770 2846/1520/1442 2555/1621/1535 2847/1620/1534
f 1474/4140/2278 2850/4141/3771 2851/2957/2774 1475/3005/2279
f 1481/4142/2285 2852/4143/3772 2850/4141/3771 1474/4140/2278
f 1480/4144/2284 2853/4145/3773 2852/4143/3772 1481/4142/2285
f 4377/4146/3774 4376/4147/3775 4385/4148/3776 4401/4149/3777 4399/4150/3778
f 2600/3971/3633 2597/3972/3634 2598/3973/3635 2599/4151/3779 2739/4152/3780 2738/4153/3781 2736/4095/3741 2594/4154/3745 2595/4106/3744 2596/4105/3750 2797/4104/3749 2897/4155/3782 2898/4156/3783
f 2427/3858/3544 2859/4157/3784 2860/4158/3785 1029/1935/1819
f 2860/4158/3785 2430/3861/3547 1036/1948/1832 1029/1935/1819
f 2859/4157/3784 2861/4159/3786 2841/1497/1420 2860/4158/3785
f 2504/3899/3578 2503/3898/3577 2861/4159/3786 2859/4157/3784
f 2841/1497/1420 2842/1496/1419 2430/3861/3547 2860/4158/3785
f 1498/2474/2305 2530/3923/3598 2531/2481/2312 1499/2475/2306
f 2473/1183/1132 2529/3922/3597 2862/4160/3787 2722/4048/3702
f 2857/4161/3788 2856/4162/3789 2858/4163/3790 2862/4160/3787
f 2862/4160/3787 2529/3922/3597 2530/3923/3598 2857/4161/3788
f 1498/2474/2305 1489/4164/3791 2857/4161/3788 2530/3923/3598
f 2814/2483/2314 1443/2480/2311 1499/2475/2306 2531/2481/2312
f 3440/3135/2935 1874/3134/2934 1873/2506/2333 3441/4165/3792
f 2863/4166/2313 2864/2488/2317 2812/1363/1291 2814/4121/2314
f 2527/4167/1929 2865/2057/1928 2864/2488/2317 2863/4166/2313
f 3272/4168/3793 3271/1013/968 3427/1012/967 3426/4169/3794 3420/4170/3795 3425/3350/3129
f 2867/2056/1927 2868/1964/1844 2866/1963/1843 2865/2057/1928
f 2867/2056/1927 2546/3933/3606 2455/2629/2449 2868/1964/1844
f 5209/4171/3796 5208/4172/3797 5232/4173/3798 5234/4174/3799 5217/4175/3800
f 4608/4176/3801 4618/4177/3802 4611/4178/3803 4610/4179/3804 4609/4180/3805
f 2409/3808/3504 1417/3809/3505 1410/1901/1788 1514/1905/1792
f 1509/2516/2343 1513/2502/2329 1072/1976/1856 1071/1973/1853 1508/2517/2344
f 1508/2517/2344 1071/1973/1853 1063/423/408 1507/422/407 1510/811/774 1511/810/773
f 2491/2962/2779 2490/2961/2778 2488/3889/3568 3177/4181/3806 3179/4182/3807
f 2686/4092/3738 3599/4183/3808 3580/4184/3809 2681/4024/3678 2680/4023/3677 2685/4028/3682
f 572/1162/132 573/1161/1111 249/483/463 295/475/455 248/474/134 247/4185/133
f 2883/3817/3510 2577/4186/3810 2885/4187/3811 2884/350/335
f 2880/351/336 2884/350/335 2885/4187/3811 2881/4188/3812
f 2886/3512/3268 2888/3517/3272 2889/4189/1714 2887/4190/3813
f 2889/4189/1714 2581/3962/1713 2578/3961/3628 2887/4190/3813
f 679/1318/1250 677/1542/1463 678/1290/1226 674/829/791 673/835/797 675/1319/1251
f 2890/1819/1712 2551/3943/3612 2554/3946/3615 2581/1820/1713
f 2891/4191/3814 2551/3943/3612 2890/1819/1712 2892/1818/1711
f 2893/4192/3815 2891/4191/3814 2892/1818/1711 2894/4193/3816
f 2895/4194/3817 2552/3944/3613 2551/3943/3612 2896/4195/3818
f 2796/4107/3748 2895/4194/3817 2896/4195/3818 2797/4104/3749
f 2897/4155/3782 2512/2679/2494 2511/2678/2493 2898/4156/3783
f 2510/2683/2498 2515/4196/3588 2600/3971/3633 2898/4156/3783
f 2898/4156/3783 2511/2678/2493 2510/2683/2498
f 2515/4196/3588 2486/2224/2081 2477/1180/1129 2600/3971/3633
f 2897/4155/3782 2893/4192/3815 2894/4193/3816 2512/2679/2494
f 2899/4197/3819 2824/4135/3766 2552/4134/3613 2895/4198/3817
f 2900/4199/3820 2901/4200/3821 2902/3038/2850 2903/4201/3822
f 2904/4202/3823 2900/4199/3820 2903/4201/3822 2905/4203/3824
f 2824/4135/3766 2899/4197/3819 2900/4199/3820 2904/4202/3823
f 1598/2606/2426 1544/2608/2428 1545/2555/2380 1543/2554/2379 1607/2617/2437
f 2905/4203/3824 2903/4201/3822 2907/2718/2522 2906/2557/2382
f 2906/2557/2382 2909/1429/1357 2910/1428/1356 2905/4203/3824
f 2904/4202/3823 2911/1427/1355 2823/4132/3765 2824/4135/3766
f 2905/4203/3824 2910/1428/1356 2911/1427/1355 2904/4202/3823
f 3927/4204/3825 3902/4205/3826 3900/4206/3827 3901/4207/3828 3906/4208/3829
f 2915/1426/1354 2919/3101/2905 2754/4064/3717 2753/4063/3716
f 2920/4209/3830 2921/4210/3831 2922/4211/3832 2923/4212/3833
f 2916/3099/2903 2920/4209/3830 2923/4212/3833 2917/3100/2904
f 2918/3098/2902 2924/4213/3834 2920/4209/3830 2916/3099/2903
f 2924/4213/3834 2925/4214/3835 2921/4210/3831 2920/4209/3830
f 2922/4211/3832 2921/4210/3831 2926/4215/3836 2927/4216/3837
f 2925/4214/3835 2928/4217/3838 2926/4215/3836 2921/4210/3831
f 2929/4218/3839 2930/4219/3840 2931/4220/3841 2932/4221/3842
f 2927/4216/3837 2929/4218/3839 2932/4221/3842 2922/4211/3832
f 2930/4219/3840 2933/4222/3843 2934/4223/3844 2931/4220/3841
f 2935/4224/3845 2936/4225/3846 2937/4226/3847 2938/4227/3848
f 2939/4228/3849 2935/4224/3845 2938/4227/3848 2799/4113/3752
f 2930/4219/3840 2929/4218/3839 2935/4224/3845 2939/4228/3849
f 2929/4218/3839 2927/4216/3837 2936/4225/3846 2935/4224/3845
f 2939/4228/3849 2940/4229/3850 2933/4222/3843 2930/4219/3840
f 2799/4113/3752 2793/4112/3743 2940/4229/3850 2939/4228/3849
f 2941/4230/3851 2926/4215/3836 2928/4217/3838 2942/4231/3852
f 2943/4232/3853 2941/4230/3851 2942/4231/3852 2944/4233/3854
f 2936/4225/3846 2941/4230/3851 2943/4232/3853 2937/4226/3847
f 2927/4216/3837 2926/4215/3836 2941/4230/3851 2936/4225/3846
f 2945/4234/3855 2946/4235/3856 2947/4236/2847 2948/4237/2846
f 2949/4238/3857 2945/4234/3855 2948/4237/2846 2950/4239/2851
f 2937/4226/3847 2943/4232/3853 2945/4234/3855 2949/4238/3857
f 2943/4232/3853 2944/4233/3854 2946/4235/3856 2945/4234/3855
f 2951/4240/3858 2798/4109/3751 2799/4113/3752 2938/4227/3848
f 2949/4238/3857 2951/4240/3858 2938/4227/3848 2937/4226/3847
f 2950/4239/2851 2952/4241/3859 2951/4240/3858 2949/4238/3857
f 2952/4241/3859 2794/4110/3746 2798/4109/3751 2951/4240/3858
f 3441/4165/3792 1873/2506/2333 1872/2505/2332 3444/3547/3297
f 2952/4242/3859 2901/4200/3821 2795/4101/3747 2794/4100/3746
f 2952/4242/3859 2950/3039/2851 2902/3038/2850 2901/4200/3821
f 2947/3035/2847 2955/4243/3860 2956/4244/3861 2954/3036/2848
f 2957/4245/3862 2958/4246/3863 2956/4244/3861 2955/4243/3860
f 2956/4244/3861 2959/2717/2521 2908/2719/2523 2954/3036/2848
f 2958/4246/3863 2960/4247/3864 2959/2717/2521 2956/4244/3861
f 2907/2718/2522 2903/4201/3822 2902/3038/2850 2953/3037/2849
f 2908/2719/2523 2907/2718/2522 2953/3037/2849 2954/3036/2848
f 2961/4248/3865 2962/4249/3866 2963/4250/3867 2964/4251/3868
f 2960/4247/3864 2958/4246/3863 2962/4249/3866 2961/4248/3865
f 2961/4248/3865 2965/4252/3869 2966/4253/3870 2960/4247/3864
f 2964/4251/3868 2967/4254/3871 2965/4252/3869 2961/4248/3865
f 2960/4247/3864 2966/4253/3870 2968/2558/2383 2959/2717/2521
f 2969/4255/3872 2970/4256/3873 2966/4253/3870 2965/4252/3869
f 2967/4254/3871 2971/3765/3472 2969/4255/3872 2965/4252/3869
f 2972/2556/2381 2968/2558/2383 2966/4253/3870 2970/4256/3873
f 2973/4257/3874 2974/4258/3875 2970/4256/3873 2969/4255/3872
f 2971/3765/3472 2975/3764/3471 2973/4257/3874 2969/4255/3872
f 2974/4258/3875 2976/3913/3589 2972/2556/2381 2970/4256/3873
f 2973/4257/3874 2977/4259/3876 2978/4260/3877 2974/4258/3875
f 2975/3764/3471 2979/3767/3474 2977/4259/3876 2973/4257/3874
f 2976/3913/3589 2980/4261/3878 2918/3098/2902 2914/3097/2901
f 2974/4258/3875 2978/4260/3877 2980/4261/3878 2976/3913/3589
f 2981/4262/3879 2982/4263/3880 2983/4264/3881 2984/4265/3882
f 4618/4177/3802 4608/4176/3801 4606/4266/3883 4605/4267/3884 4607/4268/2948 4642/4269/2947 4643/4270/3885 4619/4271/3886
f 2979/3767/3474 2985/4272/3887 2981/4262/3879 2977/4259/3876
f 2985/4272/3887 2986/3783/3490 2982/4263/3880 2981/4262/3879
f 2987/4273/3888 2988/4274/3889 2925/4214/3835 2924/4213/3834
f 2980/4261/3878 2987/4273/3888 2924/4213/3834 2918/3098/2902
f 2984/4265/3882 2983/4264/3881 2988/4274/3889 2987/4273/3888
f 2982/4263/3880 2989/4275/3890 2990/4276/3891 2983/4264/3881
f 2986/3783/3490 2991/3782/3489 2989/4275/3890 2982/4263/3880
f 2988/4274/3889 2992/4277/3892 2928/4217/3838 2925/4214/3835
f 2983/4264/3881 2990/4276/3891 2992/4277/3892 2988/4274/3889
f 2993/4278/3893 2994/4279/3894 2995/4280/3895 2996/4281/3896
f 2989/4275/3890 2993/4278/3893 2996/4281/3896 2990/4276/3891
f 2991/3782/3489 2997/4282/3897 2993/4278/3893 2989/4275/3890
f 2997/4282/3897 2998/4283/3898 2994/4279/3894 2993/4278/3893
f 2999/4284/3899 3000/4285/3900 2944/4233/3854 2942/4231/3852
f 2992/4277/3892 2999/4284/3899 2942/4231/3852 2928/4217/3838
f 2990/4276/3891 2996/4281/3896 2999/4284/3899 2992/4277/3892
f 2996/4281/3896 2995/4280/3895 3000/4285/3900 2999/4284/3899
f 3001/4286/3901 3002/4287/3902 2957/4288/3862 3003/4289/3903
f 2994/4279/3894 3001/4286/3901 3003/4289/3903 2995/4280/3895
f 2998/4283/3898 3004/4290/3904 3001/4286/3901 2994/4279/3894
f 3004/4290/3904 3005/4291/3905 3002/4287/3902 3001/4286/3901
f 3006/4292/3906 2946/4235/3856 2944/4233/3854 3000/4285/3900
f 3006/4292/3906 3000/4285/3900 2995/4280/3895 3003/4289/3903
f 2955/4293/3860 3006/4292/3906 3003/4289/3903 2957/4288/3862
f 2955/4293/3860 2947/4236/2847 2946/4235/3856 3006/4292/3906
f 3173/3179/2979 3174/4294/3907 3172/4295/3908 3171/3180/2980
f 3008/2666/2484 3007/2665/2483 3005/4291/3905 3004/4290/3904
f 3009/2668/2486 3008/2666/2484 3004/4290/3904 2998/4283/3898
f 2130/2257/2112 1132/2256/2111 1135/3634/3366 2131/3418/3191
f 3007/4296/2483 3010/3424/3196 2963/4250/3867 3005/4297/3905
f 646/1221/1166 463/939/897 643/1220/1165 644/1224/1169 645/1223/1168
f 3002/4298/3902 2962/4249/3866 2958/4246/3863 2957/4245/3862
f 3005/4297/3905 2963/4250/3867 2962/4249/3866 3002/4298/3902
f 3011/4299/2482 3013/4300/843 3014/4301/3909 3012/3425/3197
f 1649/2670/2488 1654/2684/2499 1461/2437/2268 1651/2677/2492
f 2827/4136/3767 2831/3426/3198 3012/3425/3197 3014/4301/3909
f 3010/3424/3196 3015/3423/3195 2964/4251/3868 2963/4250/3867
f 3013/4300/843 3016/4302/842 3017/4303/3910 3014/4301/3909
f 3014/4301/3909 3017/4303/3910 2828/4137/3768 2827/4136/3767
f 3016/4302/842 3018/4304/3911 3019/2691/2504 3017/4303/3910
f 3017/4303/3910 3019/2691/2504 3020/2690/2503 2828/4137/3768
f 3020/2690/2503 3022/2689/2502 3023/4305/3912 3024/4306/3913
f 3024/4306/3913 2825/535/512 2828/4137/3768 3020/2690/2503
f 2769/1663/1577 2771/1668/1582 2772/4307/3914 3546/4308/3915 3552/4309/3655 2770/4310/3654 2687/4029/3683
f 3024/4306/3913 3023/4305/3912 3026/4311/3596 3025/4312/3916
f 2674/536/513 2723/4313/3703 2675/537/514
f 819/4314/3917 828/4315/1567 826/4316/1560 825/1682/1559 827/1681/1593
f 3023/4317/3912 3029/525/505 3028/524/504 3026/3921/3596
f 965/1836/1729 968/1850/1742 978/1849/1741 961/1833/1726 960/1832/1725
f 3031/2174/2035 2725/4050/3704 2724/3920/3595 3030/3919/3594
f 709/1147/1099 757/1208/1153 756/1207/1152 708/1474/1397
f 3034/4318/3918 2725/4050/3704 3031/2174/2035 3033/2173/2034
f 3035/4319/3919 3036/4320/3920 3033/2173/2034 3032/2172/2033
f 2524/1333/1265 2543/1332/1264 3035/4319/3919 3032/2172/2033
f 3036/4320/3920 3037/4321/3921 3034/4318/3918 3033/2173/2034
f 2622/4322/3651 3038/4323/3922 3037/4321/3921 2623/4324/3652
f 3037/4321/3921 3038/4323/3922 3039/4325/3923 3034/4318/3918
f 3036/4320/3920 3040/4326/3924 2623/4324/3652 3037/4321/3921
f 3035/4319/3919 2543/1332/1264 3041/4327/2234 3042/4328/3601
f 3036/4320/3920 3035/4319/3919 3042/4328/3601 3040/4326/3924
f 3040/4329/3924 3042/3927/3601 2625/3929/3603 2623/3995/3652
f 4256/4330/3925 4258/4331/3926 4260/4332/3927 4242/4333/3928 4244/4334/3929
f 3043/2396/2235 3263/3926/3600 3045/3925/3599 3047/4335/3930 3044/2393/2232
f 4285/863/2576 4286/864/2586 4287/4336/3931 4283/4337/3932 4281/862/2577
f 260/4338/414 263/4339/413 266/3254/417 309/503/483 311/505/485 259/420/405 258/419/404 578/1117/1072 622/1177/1126 581/4340/1074 579/4341/1073
f 784/1576/1493 804/4342/3933 805/4343/3934 782/1567/1484 781/1566/1483
f 2606/2368/2215 2609/3980/3642 3049/2729/2533 3050/4344/3935
f 3051/4345/3936 3052/3107/2911 3053/3046/2855 3054/3049/2858
f 3054/3049/2858 2606/2368/2215 3050/4344/3935 3051/4345/3936
f 3462/4346/3937 3518/4347/3938 3512/4348/3939 3459/4349/3940 3458/2000/1879
f 3057/1515/1437 2628/2366/2213 3055/3048/2857 3058/1516/1438
f 1696/2748/2552 1924/3095/2899 1923/3094/2898 1697/2749/2553
f 2628/2366/2213 3057/1515/1437 3059/3917/3593 2629/642/609
f 3061/2128/1992 2629/642/609 3059/3917/3593 3062/2129/1993
f 3062/2129/1993 3059/3917/3593 3060/3916/3592 3063/4350/1994
f 3064/639/606 3065/1618/1532 2607/2367/2214 3066/640/607
f 3065/1618/1532 3068/4351/3941 2608/3979/3641 2607/2367/2214
f 3069/4352/3942 3065/1618/1532 3070/1617/1531 3071/4353/3943
f 3071/4353/3943 3070/1617/1531 2849/1616/1530 3072/4354/3944
f 3071/4353/3943 3072/4354/3944 2621/3993/3650 3069/4352/3942
f 3069/4352/3942 3073/4355/3945 3068/4351/3941 3065/1618/1532
f 2624/3996/3653 3073/4355/3945 3069/4352/3942 2621/3993/3650
f 3074/4356/3946 2626/3928/3602 2627/2394/2233 3075/4357/3947
f 3075/4357/3947 3068/4351/3941 3073/4355/3945 3074/4356/3946
f 3074/4356/3946 3073/4355/3945 2624/3996/3653 2626/3928/3602
f 3047/4335/3930 3075/4357/3947 2627/2394/2233 3044/2393/2232
f 3068/4351/3941 3075/4357/3947 3047/4335/3930 2608/3979/3641
f 749/1447/1374 457/935/893 455/933/891 527/1321/1253 597/2793/2611 598/1143/1095 596/1140/1092 595/1139/1091
f 2710/643/610 2709/1521/1443 2846/1520/1442 3067/638/605
f 1902/913/872 1905/2745/2549 1700/2752/2556 1330/914/873
f 3061/2128/1992 2708/2278/2133 2710/643/610 2629/642/609
f 1329/4358/874 1332/2774/2128 1716/2739/2543 1715/917/876 1333/916/875
f 3078/3081/2885 3080/1523/1445 3077/1522/1444 2709/3723/1443
f 3078/3081/2885 3081/3080/2884 3082/4359/3948 3080/1523/1445
f 3083/1519/1441 3084/4360/3949 3085/2087/1956 2556/2091/1959
f 3080/1523/1445 3082/4359/3948 3084/4360/3949 3083/1519/1441
f 2555/2090/1535 2846/4361/1442 3083/1519/1441 2556/2091/1959
f 3084/4360/3949 3086/3419/3192 3087/3421/3194 3085/2087/1956
f 3082/4359/3948 2704/2258/2113 3086/3419/3192 3084/4360/3949
f 3087/3421/3194 2672/2236/2091 3088/2088/1957 3085/2087/1956
f 2672/2236/2091 2671/2235/2090 3089/4362/3950 3088/2088/1957
f 3088/2088/1957 3089/4362/3950 3090/4363/3951 2557/2089/1958
f 3091/4364/3952 3039/4325/3923 3038/4323/3922 3092/4365/3953
f 3089/4362/3950 3091/4364/3952 3092/4365/3953 3090/4363/3951
f 3092/4365/3953 3038/4323/3922 2622/4322/3651 3093/4366/3954
f 3090/4363/3951 3092/4365/3953 3093/4366/3954 2848/4367/1536
f 2848/4367/1536 2555/2090/1535 2557/2089/1958 3090/4363/3951
f 752/3674/3402 515/3673/3401 496/3672/3400 506/3671/3399 442/920/879 441/919/878 488/970/925 486/961/917 487/962/918
f 2276/3601/3343 2236/3533/3285 1240/2157/2021 2237/3539/3291 2338/4368/3428 2336/3711/3426
f 3094/3420/3193 2673/2237/2092 2672/2236/2091 3087/3421/3194
f 2443/3873/3556 2442/3872/3555 2673/2237/2092 3094/3420/3193
f 3094/3420/3193 3095/2806/2624 3096/2805/2623 2443/3873/3556
f 5051/4369/3955 5034/4370/3956 5033/4371/3957 5049/4372/3958 5050/1526/1448
f 2655/2208/2069 2444/2212/2073 2443/3873/3556 3096/2805/2623
f 585/909/868 583/4373/1077 581/4340/1074 622/1177/1126 621/1176/1125 623/910/869
f 2656/2211/2072 3097/2816/2634 2446/2815/2633 2444/2212/2073
f 993/1879/1767 973/1843/1736 972/1842/1735 990/1869/1761 991/1890/1777 992/4374/3959 994/1894/1781 995/1876/1768
f 3100/4375/3960 2448/3875/3558 2451/2813/2631 3099/2812/2630
f 3101/4376/3961 3102/4377/3962 2448/3875/3558 3100/4375/3960
f 3103/3437/3209 3104/3436/3208 3102/4377/3962 3101/4376/3961
f 3104/3436/3208 2432/3863/3549 2440/3870/3553 3102/4377/3962
f 2440/3870/3553 2449/3876/3559 2448/3875/3558 3102/4377/3962
f 3104/3436/3208 3106/767/730 2433/766/729 2432/3863/3549
f 3110/2436/2267 3111/2435/2266 3112/4378/3963
f 3111/2435/2266 3113/2434/2265 3114/769/732 3107/768/731 3112/4378/3963
f 3364/4379/3964 3446/2459/2290 3273/3267/3055 3365/1494/1417 3363/1493/1416
f 3113/2434/2265 2651/2433/2264 2498/3895/3574 2496/3893/3572
f 3114/769/732 3113/2434/2265 2496/3893/3572 2495/3892/3571
f 815/1614/1529 793/1584/1501 832/1006/961 830/1658/1572 813/1612/1527
f 3450/3163/2963 3298/3161/2961 3448/1594/1510 3346/3104/2908 3449/4380/3965
f 2495/3892/3571 2438/4381/3552 2437/770/733 3114/769/732
f 2645/3019/2831 2652/2432/2263 3110/2436/2267 3115/4382/3966
f 2646/3020/2832 2645/3019/2831 3115/4382/3966 3116/4383/3967
f 3115/4382/3966 3117/4384/3968 3119/4385/3969 3116/4383/3967
f 3120/4386/3970 3117/4384/3968 3115/4382/3966 3110/2436/2267
f 3120/4386/3970 3109/4387/3971 3118/4388/3972 3117/4384/3968
f 838/1675/1588 837/1674/1587 836/1662/1576 766/1549/1469 773/1558/1476 839/1670/1584
f 3109/4387/3971 3108/3435/3207 3121/4389/3973 3118/4388/3972
f 3108/3435/3207 3105/3434/3206 3122/4390/3974 3121/4389/3973
f 3125/4391/3975 3122/4390/3974 3105/3434/3206 3103/3437/3209
f 3126/4392/3976 3123/4393/3977 3122/4390/3974 3125/4391/3975
f 3125/4391/3975 3127/4394/3978 3128/4395/3979 3126/4392/3976
f 3101/4376/3961 3127/4394/3978 3125/4391/3975 3103/3437/3209
f 3129/4396/3980 3130/4397/3981 3123/4393/3977 3126/4392/3976
f 3130/4397/3981 3131/4398/3982 3124/4399/3983 3123/4393/3977
f 3126/4392/3976 3128/4395/3979 3134/4400/3984 3129/4396/3980
f 3128/4395/3979 3136/4401/3985 3135/4402/3986 3134/4400/3984
f 3136/4401/3985 3128/4395/3979 3127/4394/3978 3137/4403/3987
f 3100/4375/3960 3137/4403/3987 3127/4394/3978 3101/4376/3961
f 3138/4404/3988 3099/2812/2630 3098/2817/2635 3139/4405/3989
f 3140/4406/3990 3138/4404/3988 3139/4405/3989 3141/4407/3991
f 3136/4401/3985 3137/4403/3987 3138/4404/3988 3140/4406/3990
f 3137/4403/3987 3100/4375/3960 3099/2812/2630 3138/4404/3988
f 3139/4405/3989 3098/2817/2635 3097/2816/2634 3142/4408/3992
f 3141/4407/3991 3139/4405/3989 3142/4408/3992 3143/4409/3993
f 2660/2210/2071 3142/4408/3992 3097/2816/2634 2656/2211/2072
f 2660/2210/2071 2659/3143/2943 3143/4409/3993 3142/4408/3992
f 3143/4409/3993 2659/3143/2943 3145/1325/1257 3144/382/367
f 3144/382/367 3146/381/366 3141/4407/3991 3143/4409/3993
f 2858/4163/3790 2856/4162/3789 2857/4161/3788 1489/4164/3791 1492/3811/3506 1493/3812/3507
f 3149/4410/3994 3135/4402/3986 3136/4401/3985 3140/4406/3990
f 3146/381/366 3149/4410/3994 3140/4406/3990 3141/4407/3991
f 1231/4411/1683 1232/3801/1682 2406/3804/3501 2405/1634/1548 2404/1633/1547 2403/3800/1684
f 1962/1413/1341 1799/4021/3675 1796/2924/2741 1797/2923/2740 1798/848/810 1963/847/809
f 2302/3643/3375 2300/3635/3367 2296/3631/3363 2297/3632/3364 2298/3633/3365 2299/3644/3376
f 3160/840/802 3162/4412/3995 3161/2025/1903 3157/841/803
f 3160/840/802 3163/4413/3996 3164/4414/3997 3162/4412/3995
f 3162/4412/3995 3164/4414/3997 3165/3311/3095 3166/4415/3998
f 1523/2518/2345 1520/2513/2340 1804/2927/2744 1801/2922/2739 1800/2921/2738
f 3166/4415/3998 3165/3311/3095 2882/3310/3094 2881/4188/3812
f 3167/2026/1904 2885/4187/3811 2577/4186/3810 2576/2027/1905
f 3164/4414/3997 3168/4416/3999 3169/3312/3096 3165/3311/3095
f 1519/2512/2339 1516/1903/1790 1409/1902/1789 1411/4118/3756 1806/2935/2752 1805/2928/2745
f 3580/4184/3809 3581/4417/4000 2734/3379/3156 2735/3378/3155 2682/4025/3679 2681/4024/3678
f 2176/3159/2959 2178/1337/1269 2132/1336/1268 2163/3455/3225 2165/3457/3227 2177/3471/3237
f 1811/2701/2510 1812/3184/2984 1810/3172/2972 1809/2702/2511
f 2784/778/741 2788/2361/2208 3172/4295/3908 3174/4294/3907 3175/4418/4001 2487/779/742
f 3174/4294/3907 3176/4419/4002 3177/4181/3806 3175/4418/4001
f 1297/620/590 1455/619/589 1456/2007/1885 1291/2006/1884 1296/2696/1923
f 3176/4419/4002 3178/4420/4003 3179/4182/3807 3177/4181/3806
f 1104/219/207 1105/222/210 1816/2942/2759 1814/2940/2757 1102/2008/1886
f 3178/4420/4003 3180/4421/4004 3181/4422/4005 3179/4182/3807
f 3179/4182/3807 3181/4422/4005 3182/2959/2776 2491/2962/2779
f 3181/4422/4005 3183/4423/4006 3184/2955/2772 3182/2959/2776
f 3183/4423/4006 3185/4424/4007 3186/2956/2773 3184/2955/2772
f 5187/1926/1812 5152/1925/1811 5153/4425/4008 5151/4426/4009 5186/4427/4010
f 5117/4337/4011 5119/4336/4012 5120/864/826 5118/863/825 5114/862/824
f 1137/2044/1918 1136/2048/1920 2126/3417/3190 2125/3413/3186 2122/1191/1140
f 3187/2958/2775 2851/2957/2774 2850/4141/3771 3189/4428/4013
f 3188/2960/2777 3187/2958/2775 3189/4428/4013 3190/2971/2788
f 3190/2971/2788 2492/781/744 2490/2961/2778 3188/2960/2777
f 3191/4429/4014 2852/4143/3772 2853/4145/3773 3192/4430/4015
f 1828/2965/2782 1831/2975/2792 1830/2967/2784 1829/2966/2783 1827/2964/2781
f 3189/4428/4013 2850/4141/3771 2852/4143/3772 3191/4429/4014
f 1033/1945/1829 2429/3860/3546 2426/3857/3543 1028/1934/1818
f 3194/776/739 3193/2970/2787 3195/4431/4016 3196/4432/4017
f 3196/4432/4017 2787/1625/1539 2786/777/740 3194/776/739
f 3372/4433/4018 3374/4434/4019 3375/1592/1508 3360/4435/4020 3359/3266/3054 3370/3265/3053
f 3196/4432/4017 3195/4431/4016 3197/4436/4021 3198/4437/4022
f 3196/4432/4017 3198/4437/4022 2790/1626/1540 2787/1625/1539
f 205/4438/4023 206/853/815 203/900/860 204/2850/2668
f 3198/4437/4022 3197/4436/4021 3200/555/532 3199/558/535
f 3198/4437/4022 3199/558/535 3201/3807/3503 2790/1626/1540
f 3200/555/532 3212/2983/2800 3206/1967/1847 2872/1966/1846 2871/3141/2941 3202/557/534 3203/556/533
f 2676/2234/2089 2726/4051/3705 2725/4050/3704 2671/2235/2090
f 2048/1461/1387 2000/3299/3005 2052/3297/3082 2049/637/604 2050/636/603
f 3206/1967/1847 3205/2986/2803 2805/4115/3754 2802/1365/1293
f 3204/2985/2802 1846/2990/2805 1845/4439/2804 3205/2986/2803
f 817/1683/1594 818/4440/4024 819/4314/3917 827/1681/1593
f 1847/2989/2806 3207/2984/2801 3208/4441/4025 1849/4442/2807
f 1849/4442/2807 3208/4441/4025 3209/4443/4026 1851/4444/2809
f 1851/4444/2809 3209/4443/4026 2853/4145/3773 1480/4144/2284
f 3210/4445/4027 3197/4436/4021 3195/4431/4016 3211/4446/4028
f 3208/4441/4025 3210/4445/4027 3211/4446/4028 3209/4443/4026
f 3211/4446/4028 3195/4431/4016 3193/2970/2787 3192/4430/4015
f 3209/4443/4026 3211/4446/4028 3192/4430/4015 2853/4145/3773
f 3212/2983/2800 3200/555/532 3197/4436/4021 3210/4445/4027
f 3207/2984/2801 3212/2983/2800 3210/4445/4027 3208/4441/4025
f 1857/4447/2820 3185/4424/4007 3213/4448/4029 1858/4449/2821
f 1858/4449/2821 3213/4448/4029 3214/3013/2825 1860/3012/713
f 4132/4450/4030 4134/4451/4031 4183/4452/4032 4136/4453/4033 4133/4454/4034 4130/4455/4035
f 3377/3276/3064 3348/2833/2651 3345/2832/2650 3347/1593/1509 3375/1592/1508 3374/4434/4019
f 153/301/286 179/300/285 177/539/516 322/2385/2228 323/2384/2227
f 1318/1309/1241 2219/3518/3273 2217/1378/1306 2212/3506/3264 2214/1310/1242
f 1196/1639/1553 1195/1638/1552 1523/2518/2345 1800/2921/2738 1198/4456/4036
f 2110/2504/2331 2064/1537/1459 1871/1305/1237 1872/2505/2332
f 3369/3264/3052 3368/3263/3051 3417/3327/3108 3416/3332/3113
f 2104/687/654 2106/3366/3143 1874/3134/2934 1875/688/655
f 4196/4457/4037 4198/4458/4038 4214/4459/4039 4159/4460/4040 4215/4461/4041
f 3949/4462/4042 3987/4463/4043 3989/4464/4044 3992/4465/4045 3993/4466/4046
f 221/476/456 222/1080/1035 219/453/436 216/356/341 214/354/339 218/364/349
f 1880/2827/2645 2098/4467/4047 2097/1057/1012 1879/1060/1015
f 1881/3372/3149 2111/3371/3148 2098/4467/4047 1880/2827/2645 1882/4468/4048
f 1884/3052/2861 3222/4469/4049 2712/3061/2868 1334/2738/2542
f 2809/4119/3757 3728/4470/4050 2732/4056/3710 2810/4471/4051 2811/1467/1391 2808/1466/1390
f 3222/4469/4049 3223/4472/4052 3225/3062/2869 2712/3061/2868
f 2576/2027/1905 2579/3960/3627 2580/4074/3725 2761/4073/3724 2751/389/374 3155/388/373 3156/1324/1256
f 3227/3220/3014 3228/3063/2870 3225/3062/2869 3224/3064/2871
f 743/1437/1364 729/3956/3625 730/1203/1148 726/1202/1147 745/1435/1362
f 3224/3064/2871 3229/2359/2206 3230/3221/3015 3227/3220/3014
f 3229/2359/2206 3233/1011/966 3234/3222/3016 3230/3221/3015
f 1509/2516/2343 2409/3808/3504 1514/1905/1792 1513/2502/2329
f 3185/4424/4007 1857/3006/2820 1824/2954/2771 1823/2953/2770 1856/3004/2819 3186/2956/2773
f 3239/3085/2889 3240/4473/4053 2705/2259/2114 3081/3080/2884
f 3237/3084/2888 3236/3223/3017 3240/4473/4053 3239/3085/2889
f 2704/2258/2113 3082/4359/3948 3081/3080/2884 2705/2259/2114
f 3241/2127/1991 3243/2131/1995 3244/4474/4054 3242/3082/2886
f 3243/2131/1995 3245/3914/3590 3246/4040/3694 3244/4474/4054
f 3242/3082/2886 3244/4474/4054 3247/4475/4055 3232/3219/3013
f 3244/4474/4054 3246/4040/3694 3248/4039/3693 3247/4475/4055
f 3231/3218/3012 3235/3083/2887 3242/3082/2886 3232/3219/3013
f 1680/2716/2520 1250/2170/2031 1251/2171/2032 1252/562/539 1681/565/542
f 260/429/414 579/1118/1073 580/1121/1076 261/2848/2666 262/430/415
f 3029/525/505 3023/4317/3912 3022/4476/2502 3521/2688/2501 3520/4477/4056 3455/526/506
f 3250/4037/3691 3252/4478/4057 3253/4479/4058 3251/4038/3692
f 3247/4475/4055 3248/4039/3693 3251/4038/3692 3253/4479/4058 3254/295/280 3255/294/279 2713/3060/2867 2711/3059/2866 3228/3063/2870 3227/3220/3014 3232/3219/3013
f 1335/2732/2536 2713/3060/2867 3255/294/279 1921/293/278
f 3252/4478/4057 2562/3953/3622 2567/3955/3624 3253/4479/4058
f 3256/3103/2907 2563/3102/2906 2562/3953/3622 3252/4478/4057
f 3250/4037/3691 3249/4036/3690 3257/1514/1436 3258/1517/1439
f 3252/4478/4057 3250/4037/3691 3258/1517/1439 3256/3103/2907
f 3258/1517/1439 3058/1516/1438 3055/3048/2857 3056/3047/2856 3256/3103/2907
f 3249/4036/3690 3246/4040/3694 3245/3914/3590 3257/1514/1436
f 2393/2769/2590 1646/2661/2479 2392/3033/2845 2391/2770/2591
f 906/4480/4059 897/1446/1373 892/1445/1372 891/1730/1639
f 2565/3954/3623 3048/4481/2532 3261/2727/2531
f 3263/4482/3600 2538/1335/1267 2542/3931/3605 3262/2726/2530
f 3043/4483/2235 2539/1331/1263 2538/1335/1267 3263/4482/3600
f 3264/4484/4060 2558/3938/3609 2565/3954/3623 3261/2727/2531
f 2542/3931/3605 3264/4484/4060 3261/2727/2531 3262/2726/2530
f 3236/3223/3017 3234/3222/3016 3233/1011/966 3265/1014/969
f 3240/4473/4053 3266/2268/2123 2700/2260/2115 2705/2259/2114
f 3236/3223/3017 3265/1014/969 3266/2268/2123 3240/4473/4053
f 3768/3592/3337 3794/4485/4061 3795/4486/4062 3793/4487/4063 3792/4488/4064 3785/3593/3338
f 3367/3231/3025 3270/3230/3024 3268/4489/4065 3269/4490/4066 3272/4168/3793 3425/3350/3129
f 1936/3116/2916 1934/3121/2921 1937/3120/2920 1938/3119/2919 1935/4491/4067 1931/3115/2915 1932/2353/2200 1933/2358/2205 1325/2357/2204
f 1941/3127/2927 1946/4492/4068 1945/3133/2933 1944/3131/2931 1942/3128/2928
f 3278/2458/2289 3276/1442/1369 3275/1441/1368 3274/3268/3056
f 3277/1438/1365 3276/1442/1369 3281/4493/4069 2662/4009/3666
f 1286/2216/2077 1285/2215/2076 1945/3133/2933 1277/2809/2627 1279/2982/2799
f 2662/4009/3666 2661/4008/3665 3279/1439/1366 3277/1438/1365
f 2658/3142/2942 2659/3143/2943 2660/2210/2071 2657/2209/2070 2664/4011/3668 2663/4010/3667 3283/4494/4070 3281/4493/4069 3276/1442/1369 3278/2458/2289 3282/2457/2288
f 3283/4494/4070 2663/4010/3667 2662/4009/3666 3281/4493/4069
f 3282/2457/2288 3285/2461/2292 3284/1326/1258 2658/3142/2942
f 1943/3129/2929 1948/3136/2936 1950/3140/2940 1951/3262/3050 2112/3374/3151
f 1271/808/771 1272/807/770 1265/2188/2049 1268/2191/2052 1270/2193/2054
f 631/1197/1144 625/912/871 717/1381/1309 633/4495/4071 634/1518/1440 632/1198/1145
f 3352/892/852 3355/1598/1514 2525/1597/1513 3349/1596/1512 3350/893/853
f 1958/3258/3046 2113/3257/3045 1955/3256/3044 1956/3255/3043 1952/2266/2121 1786/2265/2120 1785/2896/2713 1957/2901/2718 1790/2900/2717 1792/2899/2716 1791/2910/2727 1793/2909/2726 1795/4019/3673 1959/3259/3047
f 436/901/861 231/4496/4072 209/4497/4073 208/4498/4074 207/899/859
f 4120/4499/4075 4123/4500/4076 4121/3472/3238 4122/2858/2675
f 3299/3162/2962 3301/3165/2965 3302/4501/4077 3163/4413/3996
f 3163/4413/3996 3160/840/802 3159/839/801 3299/3162/2962
f 3301/3165/2965 3303/4502/4078 3304/4503/4079 3302/4501/4077
f 3302/4501/4077 3304/4503/4079 3170/4504/4080 3168/4416/3999
f 3168/4416/3999 3164/4414/3997 3163/4413/3996 3302/4501/4077
f 3303/4502/4078 3305/4505/4081 3306/3181/2981 3304/4503/4079
f 3304/4503/4079 3306/3181/2981 3171/3180/2980 3170/4504/4080
f 3305/4505/4081 3307/4506/4082 3308/3177/2977 3306/3181/2981
f 3307/4506/4082 3309/4507/4083 3310/3178/2978 3308/3177/2977
f 2252/1510/1433 2250/3607/3311 2249/3075/2882 1395/3079/2183 1389/2328/2177 1369/1506/1429
f 3309/4507/4083 3311/4508/4084 3312/4509/4085 3310/3178/2978
f 3310/3178/2978 3312/4509/4085 3313/4510/4086 3173/3179/2979
f 3312/4509/4085 3314/4511/4087 3315/4512/4088 3313/4510/4086
f 3313/4510/4086 3315/4512/4088 3178/4420/4003 3176/4419/4002
f 3176/4419/4002 3174/4294/3907 3173/3179/2979 3313/4510/4086
f 3314/4511/4087 3316/4513/4089 3317/4514/4090 3315/4512/4088
f 3315/4512/4088 3317/4514/4090 3180/4421/4004 3178/4420/4003
f 3316/4513/4089 3318/3009/2823 3319/3014/2826 3317/4514/4090
f 3317/4514/4090 3319/3014/2826 3320/4515/4091 3180/4421/4004
f 3319/3014/2826 3214/3013/2825 3213/4448/4029 3320/4515/4091
f 3321/4516/4092 3322/4517/4093 3318/3009/2823 3316/4513/4089
f 3322/4517/4093 3216/3511/3267 3215/3010/2824 3318/3009/2823
f 3316/4513/4089 3314/4511/4087 3323/4518/4094 3321/4516/4092
f 3324/4519/4095 3325/4520/4096 3321/4521/4092 3323/4522/4094
f 3314/4511/4087 3312/4509/4085 3311/4508/4084 3323/4518/4094
f 3323/4522/4094 3311/4523/4084 3326/4524/4097 3324/4519/4095
f 3327/4525/4098 3328/4526/4099 3324/4519/4095 3326/4524/4097
f 3329/4527/4100 3330/4528/4101 3328/4526/4099 3327/4525/4098
f 3311/4508/4084 3309/4507/4083 3331/4529/4102 3326/4530/4097
f 3327/4531/4098 3332/4532/4103 3333/4533/4104 3329/4534/4100
f 3326/4530/4097 3331/4529/4102 3332/4532/4103 3327/4531/4098
f 3334/3856/3542 3335/4535/3074 3329/4534/4100 3333/4533/4104
f 3336/4536/4105 3337/4537/4106 3338/4538/4107 3339/4539/4108
f 3332/4532/4103 3336/4536/4105 3339/4539/4108 3333/4533/4104
f 3331/4529/4102 3340/4540/4109 3336/4536/4105 3332/4532/4103
f 3340/4540/4109 3341/4541/4110 3337/4537/4106 3336/4536/4105
f 1998/3209/3003 2001/1306/1238 2008/360/345 2005/3215/3009 2004/3214/3008
f 237/402/387 232/400/385 231/4496/4072 436/901/861 238/403/388
f 3338/4538/4107 3343/4542/4111 3344/2831/2649 3342/2830/2648
f 597/2793/2611 599/800/763 600/799/762 598/1143/1095
f 2018/3239/3033 2019/2140/2004 1959/3259/3047 2017/4022/3676 2016/4543/4112
f 2020/513/493 2018/3239/3033 2016/4543/4112 2015/515/495 1141/514/494
f 4161/4544/4113 4111/4545/4114 4112/4546/4115 4113/4547/4116 4110/4548/4117 4114/4549/4118 4162/4550/4119
f 3353/896/856 3358/1487/1410 3359/3266/3054 3360/4435/4020 3354/4551/4120 3355/1598/1514 3352/892/852
f 4095/4552/4121 4075/4553/4122 4076/4554/4123 4096/4555/4124 4097/4556/4125 4098/4557/4126
f 4709/4558/3535 4694/4559/3534 4695/1744/1650 4696/1743/1649 4697/4560/4127
f 2030/2142/2006 1939/3375/3152 2112/3374/3151 2031/3260/3048 2029/2143/2007
f 3447/1329/1261 3290/1328/1260 3289/1327/1259 3284/1326/1258 3285/2461/2292 3286/2460/2291 3287/4561/4128 3364/4379/3964 3363/1493/1416 3288/1492/1415 3361/1491/1414 3362/1490/1413 3357/1489/1412 3356/1488/1411 3353/896/856 3293/895/855 3292/1330/1262
f 4197/4562/4129 4201/4563/4130 4202/4564/4131 4199/4565/4132 4200/4566/4133 4198/4567/4038
f 3369/3264/3052 3371/3357/3136 3372/4433/4018 3370/3265/3053
f 2026/3241/3035 2041/512/492 2039/3273/3061 2037/3269/3057 2035/3272/3060 2024/3242/3036
f 3371/3357/3136 3373/329/314 3374/4434/4019 3372/4433/4018
f 2042/3275/3063 2043/852/814 2040/3274/3062 2039/3273/3061
f 1255/2747/2551 1229/2151/2015 1228/2150/2014 1253/2756/2560 1254/2750/2554
f 395/903/863 398/2532/2358 439/2381/2224 324/2380/2223
f 328/3654/3384 329/543/520 334/572/547 338/571/546
f 1546/1874/1766 1611/2620/2440 1607/2617/2437 1543/2554/2379
f 1707/2758/2568 1472/2762/2572 1473/3815/2610 1175/3278/2599 1714/3277/3065 1704/2755/2559 1703/2754/2558
f 2099/1058/1013 2100/3362/3140 1877/3043/2854 1878/1059/1014
f 329/543/520 141/209/197 332/559/536 333/561/538 334/572/547
f 2045/850/812 2001/1306/1238 2000/3211/3005 2048/4568/1387 2047/1141/1093
f 3384/3287/3072 3387/3305/3089 3388/4569/4134 3386/3288/3073
f 3386/3288/3073 3388/4569/4134 3389/4570/4135 3330/4528/4101
f 3330/4528/4101 3329/4527/4100 3335/3289/3074 3386/3288/3073
f 3388/4569/4134 3390/3407/3180 3391/3406/3179 3389/4570/4135
f 3392/4571/4136 3218/3591/3336 3217/3590/3335 3393/4572/4137
f 3394/4573/4138 3392/4571/4136 3393/4572/4137 3325/4520/4096
f 3389/4570/4135 3391/3406/3179 3392/4571/4136 3394/4573/4138
f 3391/3406/3179 3219/3405/3178 3218/3591/3336 3392/4571/4136
f 3394/4573/4138 3328/4526/4099 3330/4528/4101 3389/4570/4135
f 3325/4520/4096 3324/4519/4095 3328/4526/4099 3394/4573/4138
f 2061/3031/2843 2062/1538/1460 2063/634/601 2054/633/600 2053/3296/3081 2057/3026/2838
f 2353/4574/4139 2352/3726/3443 2349/3721/3441 2348/3720/3440
f 2063/634/601 2065/3306/3090 2066/3309/3093 2067/1462/1388 2051/635/602
f 3402/591/565 3403/4575/4140 3398/1629/1543 3401/1628/1542
f 2881/4188/3812 2885/4187/3811 3167/2026/1904 3161/2025/1903 3162/4412/3995 3166/4415/3998
f 2073/3323/3098 2070/3335/1094 2069/3308/3092 2071/3368/3145 2081/3324/3106
f 2070/1142/1094 2073/3314/3098 2072/3313/3097 2044/851/813
f 3406/326/311 3408/3355/3134 3409/4576/4141 3407/4577/562
f 3410/325/310 3411/3356/3135 3408/3355/3134 3406/326/311
f 3373/329/314 3371/3357/3136 3411/3356/3135 3410/325/310
f 3412/4578/3112 3413/4579/4142 3414/4580/4143 3409/4581/4141
f 3414/4580/4143 3415/589/563 3407/588/562 3409/4581/4141
f 3408/3355/3134 3416/3332/3113 3412/3331/3112 3409/4576/4141
f 3382/4582/955 3335/4535/3074 3334/3856/3542 3379/3281/3066 3381/3280/956
f 2036/3271/3059 2038/3270/3058 2077/3317/3101 2075/3316/3100 2082/3326/3107
f 2084/3485/3248 2034/4082/3728 2036/3271/3059 2082/3326/3107
f 3419/3329/3110 3420/4170/3795 3421/3571/3316 3422/367/352
f 3418/3330/3111 3419/3329/3110 3422/367/352 3423/366/351
f 3423/366/351 3413/4583/4142 3412/3331/3112 3418/3330/3111
f 3424/3328/3109 3425/3350/3129 3420/4170/3795 3419/3329/3110
f 2093/3354/3133 1935/4491/4067 1938/3119/2919 2091/3118/2918 2088/3337/3117 2092/3351/3130
f 2238/3552/3290 2248/3551/3300 2243/3544/3295 2241/3543/3293
f 3426/4169/3794 3427/1012/967 3428/1107/1062 3429/1106/1061
f 3429/1106/1061 3421/3571/3316 3420/4170/3795 3426/4169/3794
f 1897/3070/2877 1931/3115/2915 1935/4491/4067 2093/3354/3133
f 2098/4467/4047 2111/3371/3148 2096/3370/3147 2094/3353/3132 2095/3352/3131
f 2097/1057/1012 2098/4467/4047 2095/3352/3131 2087/2968/2785
f 2881/4188/3812 2882/3310/3094 2878/980/935 2877/985/940 2879/347/332 2880/351/336
f 3190/2971/2788 3189/4428/4013 3191/4429/4014 3192/4430/4015 3193/2970/2787
f 3435/365/350 3434/369/354 3436/3045/2852 3437/4584/4144
f 3437/4584/4144 3413/4583/4142 3423/366/351 3435/365/350
f 3437/4585/4144 3436/3041/2852 3438/3042/2853 3439/4586/4145
f 3439/4586/4145 3414/4580/4143 3413/4579/4142 3437/4585/4144
f 3442/4587/4146 3440/3135/2935 3441/4165/3792 3443/4588/4147
f 3439/4586/4145 3438/3042/2853 3440/3135/2935 3442/4587/4146
f 3442/4587/4146 3415/589/563 3414/4580/4143 3439/4586/4145
f 3443/4588/4147 3405/590/564 3415/589/563 3442/4587/4146
f 3443/4588/4147 3441/4165/3792 3444/3547/3297 3403/4575/4140
f 3403/4575/4140 3402/591/565 3405/590/564 3443/4588/4147
f 3445/1104/1059 3430/1103/1058 3224/3064/2871 3225/3062/2869 3223/4472/4052 3226/4589/4148 3220/4590/4149 3221/4591/4150
f 3403/4575/4140 3444/3547/3297 3399/1304/1236 3398/1629/1543
f 3446/2459/2290 3278/2458/2289 3274/3268/3056 3273/3267/3055
f 3287/4561/4128 3286/2460/2291 3446/2459/2290 3364/4379/3964
f 3360/4435/4020 3375/1592/1508 3355/1598/1514 3354/4551/4120
f 615/1166/1115 614/1165/1114 616/1443/1370 617/1175/1124 618/1174/1123
f 3344/2831/2649 3343/4542/4111 3449/4380/3965 3346/3104/2908
f 3450/3163/2963 3451/4592/4151 3452/4593/4152 3300/3164/2964
f 3449/4380/3965 3343/4542/4111 3451/4592/4151 3450/3163/2963
f 3451/4592/4151 3337/4537/4106 3341/4541/4110 3452/4593/4152
f 3343/4542/4111 3338/4538/4107 3337/4537/4106 3451/4592/4151
f 3452/4593/4152 3341/4541/4110 3305/4505/4081 3303/4502/4078
f 3303/4502/4078 3301/3165/2965 3300/3164/2964 3452/4593/4152
f 3340/4540/4109 3331/4529/4102 3309/4507/4083 3307/4506/4082
f 3341/4541/4110 3340/4540/4109 3307/4506/4082 3305/4505/4081
f 3393/4572/4137 3217/3590/3335 3216/3822/3267 3322/4594/4093
f 3325/4520/4096 3393/4572/4137 3322/4594/4093 3321/4521/4092
f 1892/3066/2873 1897/3070/2877 2093/3354/3133 2094/3353/3132
f 3183/4423/4006 3181/4422/4005 3180/4421/4004 3320/4515/4091
f 3185/4424/4007 3183/4423/4006 3320/4515/4091 3213/4448/4029
f 3120/4386/3970 3110/2436/2267 3112/4378/3963
f 348/4595/572 349/593/567 350/596/569 346/587/561 345/586/560 343/583/558 194/584/302 347/4596/574
f 3119/4385/3969 3453/4597/4153 3454/4598/4154 3116/4383/3967
f 2072/3313/3097 2076/3318/3102 2040/3274/3062 2043/852/814 2044/851/813
f 1324/4599/4155 1327/2783/2601 1723/2782/2600 1724/2784/2602 1731/2804/2622 1732/2808/2626
f 3043/4483/2235 3041/4327/2234 2543/1332/1264 2539/1331/1263
f 2724/4600/3595 2723/4313/3703 3027/4601/4156 3025/4312/3916 3026/4311/3596
f 3458/2000/1879 3459/4349/3940 3460/342/327 3461/1998/1877
f 254/415/400 252/409/394 575/1109/1064 576/1116/1071
f 3462/4346/3937 3458/2000/1879 3456/523/503 3457/527/507
f 4856/4602/4157 4902/3392/3165 4901/3402/3175 4897/4603/4158 4896/4604/4159
f 3461/1998/1877 3460/342/327 2518/346/331 2521/576/551
f 3463/4605/4160 3464/180/168 3465/2440/2271 3466/343/328
f 3459/4349/3940 3463/4605/4160 3466/343/328 3460/342/327
f 4357/4606/4161 4355/4607/4162 4356/4608/4163 4313/4609/4164
f 544/1144/1096 548/1396/1324 549/1395/1323 545/1074/1029 540/1066/1021 543/1069/1024
f 2238/3538/3290 2241/3541/3293 2239/3540/3292 2237/3539/3291
f 688/1541/1462 684/4610/1239 682/1291/980 683/1540/1461
f 693/1315/1247 688/1541/1462 677/1542/1463 679/1318/1250 692/1316/1248
f 3472/1501/1424 3476/4611/4165 3477/4612/4166 3473/1502/1425
f 3471/1500/1423 3478/4613/4167 3476/4611/4165 3472/1501/1424
f 2143/3433/3205 2144/3432/3204 3474/1503/1426 3473/1502/1425
f 3479/4614/4168 3480/373/358 2147/3438/3210 2145/3441/3213
f 3480/373/358 3481/372/357 2149/3442/3042 2147/3438/3210
f 2671/2235/2090 2725/4050/3704 3034/4318/3918 3039/4325/3923 3091/4364/3952 3089/4362/3950
f 3482/493/473 3483/492/472 2153/1345/1277 2151/3247/3039
f 2033/3117/2917 2034/4082/3728 2084/3485/3248 2090/3341/3120 2091/3118/2918
f 3486/3238/3032 3485/496/476 2592/495/475 2591/1897/1784
f 3486/3238/3032 2632/3237/3031 2639/551/528 3484/550/527 3483/492/472 3485/496/476
f 803/3838/3533 818/4440/4024 817/1683/1594 816/1684/1595
f 1220/3826/3523 1093/2559/2384 1088/2076/1945 1213/2538/2364
f 2844/370/355 3488/4615/4169 3489/4616/4170 2589/3968/3632
f 3488/4615/4169 3478/4613/4167 3490/4617/4171 3489/4616/4170
f 3491/4618/4172 3476/4611/4165 3478/4613/4167 3488/4615/4169
f 3487/374/359 3491/4618/4172 3488/4615/4169 2844/370/355
f 3480/373/358 3479/4614/4168 3491/4618/4172 3487/374/359
f 3479/4614/4168 3477/4612/4166 3476/4611/4165 3491/4618/4172
f 3490/4617/4171 3470/4619/4173 3469/4620/4174 2604/3977/3639
f 2601/3974/3636 2584/3969/3630 2589/3968/3632 3489/4616/4170
f 2604/3977/3639 2601/3974/3636 3489/4616/4170 3490/4617/4171
f 3478/4613/4167 3471/1500/1423 3470/4619/4173 3490/4617/4171
f 3469/4620/4174 3468/4621/4175 3467/4622/4176 3492/4623/4177
f 3492/4623/4177 2605/3978/3640 2604/3977/3639 3469/4620/4174
f 3493/179/167 3494/178/166 3495/4624/4178 3496/4625/4179
f 3467/4622/4176 3493/179/167 3496/4625/4179 3492/4623/4177
f 3496/4625/4179 3497/4626/4180 2605/3978/3640 3492/4623/4177
f 3495/4624/4178 3498/4627/4181 3497/4626/4180 3496/4625/4179
f 3498/4627/4181 3495/4624/4178 3499/4628/4182 3500/4629/4183
f 3500/4629/4183 3501/4630/4184 3502/4631/4185 3498/4627/4181
f 3501/4630/4184 2548/4632/3461 2821/4633/3460 3502/4631/4185
f 2602/3975/3637 2605/3978/3640 3497/4626/4180 3503/4634/4186
f 3503/4634/4186 3497/4626/4180 3498/4627/4181 3502/4631/4185
f 2820/4635/3763 3503/4634/4186 3502/4631/4185 2821/4633/3460
f 2603/3976/3638 2602/3975/3637 3503/4634/4186 2820/4635/3763
f 3500/4629/4183 3499/4628/4182 3504/4636/4187 2537/697/664
f 2537/697/664 2534/696/663 3501/4630/4184 3500/4629/4183
f 2548/4632/3461 3501/4630/4184 2534/696/663
f 3504/4636/4187 3505/176/164 3506/3907/3586 3507/4637/4188
f 3507/4637/4188 2535/690/657 2537/697/664 3504/4636/4187
f 3499/4628/4182 3508/177/165 3505/176/164 3504/4636/4187
f 3495/4624/4178 3494/178/166 3508/177/165 3499/4628/4182
f 2750/4062/3715 3133/4638/4189 3131/4398/3982 3130/4397/3981
f 4527/4639/4190 4529/4640/4191 4531/4641/4192 4530/4642/4193 4517/4643/4194 4528/4644/4195
f 3512/4348/3939 3513/4645/4196 3514/4646/4197 3515/4647/4198
f 3516/4648/4199 2500/3897/3576 2502/2464/2295 3513/4645/4196
f 3517/4649/4200 2497/3894/3573 2500/3897/3576 3516/4648/4199
f 3514/4646/4197 2502/2464/2295 3511/2463/2294 3509/175/163
f 2502/2464/2295 3514/4646/4197 3513/4645/4196
f 3518/4347/3938 3519/4650/4201 3517/4649/4200 3516/4648/4199
f 3518/4347/3938 3516/4648/4199 3513/4645/4196 3512/4348/3939
f 3520/4477/4056 3521/2688/2501 3522/2693/2506 3523/4651/4202
f 3519/4650/4201 3520/4477/4056 3523/4651/4202 3517/4649/4200
f 3462/4346/3937 3457/527/507 3519/4650/4201 3518/4347/3938
f 3457/527/507 3455/526/506 3520/4477/4056 3519/4650/4201
f 3522/2693/2506 3021/2692/2505 3524/4652/4203 2494/3891/3570
f 2494/3891/3570 2493/3890/3569 3523/4651/4202 3522/2693/2506
f 2493/3890/3569 2497/3894/3573 3517/4649/4200 3523/4651/4202
f 3018/4653/3911 2439/884/846 2438/3867/3552 3524/4654/4203
f 2438/4381/3552 2495/3892/3571 2494/3891/3570 3524/4652/4203
f 3021/4655/2505 3019/2691/2504 3018/4304/3911 3524/4656/4203
f 3525/2467/2298 3526/4657/4204 3506/3907/3586 3510/2468/2299
f 3527/4658/4205 3507/4637/4188 3506/3907/3586 3526/4657/4204
f 3527/4658/4205 2536/691/658 2535/690/657 3507/4637/4188
f 3526/4657/4204 2665/4016/3669 2536/691/658 3527/4658/4205
f 3528/4659/4206 2666/4660/3670 2665/4016/3669 3526/4657/4204
f 2729/4661/3708 2728/4662/3707 2666/4660/3670 3528/4659/4206
f 2729/4054/3708 3529/4663/4207 3530/4664/4208 2730/4055/3709
f 3529/4663/4207 3531/4665/3480 2695/3950/3619 3530/4664/4208
f 3528/4659/4206 3532/3775/3482 3529/4666/4207 2729/4661/3708
f 3532/3775/3482 3533/3774/3481 3531/3773/3480 3529/4666/4207
f 3532/3775/3482 3528/4659/4206 3526/4657/4204 3525/2467/2298
f 3132/4667/4209 3453/4597/4153 3119/4385/3969 3117/4384/3968 3118/4388/3972 3121/4389/3973 3122/4390/3974 3123/4393/3977 3124/4399/3983 3131/4398/3982 3133/4638/4189 3710/4668/4210 2737/4096/3742
f 2800/4114/3753 2647/3015/2827 3535/4669/4211 3536/4670/4212
f 3534/3772/3479 2801/2466/2297 2800/4114/3753 3536/4670/4212
f 3537/4671/4213 3538/4672/4214 3539/4673/4215 3535/4674/4211
f 3538/4672/4214 3540/4675/4216 3541/4676/4217 3539/4673/4215
f 3541/4676/4217 3542/3947/3616 3543/3952/3621 3539/4673/4215
f 3540/4675/4216 3544/4677/4218 3545/4678/4219 3541/4676/4217
f 3544/4677/4218 3546/4308/3915 2772/4307/3914 3545/4678/4219
f 3547/1667/1581 3548/1666/1580 2697/3948/3617 3542/3947/3616
f 3545/4678/4219 3547/1667/1581 3542/3947/3616 3541/4676/4217
f 2772/4307/3914 2771/1668/1582 3547/1667/1581 3545/4678/4219
f 3493/179/167 3467/4622/4176 3465/2440/2271 3464/180/168
f 3548/1666/1580 3549/1665/1579 2694/3949/3618 2697/3948/3617
f 3549/1665/1579 3530/4664/4208 2695/3950/3619 2694/3949/3618
f 2768/1664/1578 2730/4055/3709 3530/4664/4208 3549/1665/1579
f 3550/4679/4220 3551/4680/4221 3552/4309/3655 3546/4308/3915
f 3551/4681/4221 3553/4682/4222 3554/2408/2244 3552/3998/3655
f 5083/4683/4223 5082/4684/4224 5081/4685/4225 5075/4686/4226 5074/4687/4227
f 3555/2411/2247 2717/4044/3698 2718/4045/3699 3556/2412/2248
f 3556/2412/2248 2718/4045/3699 2687/4688/3683 2770/3997/3654
f 3557/2410/2246 3558/4689/4228 2717/4044/3698 3555/2411/2247
f 3558/4689/4228 3559/4690/4229 2716/4043/3697 2717/4044/3698
f 3559/4690/4229 3560/4691/4230 3561/4692/4231 2716/4043/3697
f 2714/4041/3695 2716/4043/3697 3562/4693/4232
f 3563/4694/4233 3562/4693/4232 2716/4043/3697 3561/4692/4231
f 3563/4694/4233 3561/4692/4231 3564/4695/4234
f 2614/3983/3643 3564/4695/4234 3561/4692/4231 3565/4696/4235
f 2614/3983/3643 3565/4696/4235 2615/3984/3644
f 2618/3987/3647 2615/3984/3644 3565/4696/4235 3566/4697/4236
f 2618/3987/3647 3566/4697/4236 3567/3534/3286
f 5510/2499/2326 5511/1996/1875 5512/289/274 5497/288/273 5498/669/636
f 3568/3537/3289 2619/3988/3648 2618/3987/3647 3567/3534/3286
f 1178/3813/3508 1486/3725/3442 2311/3659/3389 2310/3663/3393
f 2891/4191/3814 2893/4192/3815 2897/4155/3782 2797/4104/3749 2896/4195/3818 2551/3943/3612
f 3751/1851/1743 3752/1854/1746 3756/4698/4237 3773/4699/4238 3771/4700/4239
f 3570/3535/3287 3569/3794/3497 3572/4701/4240 3571/3536/3288
f 2100/3362/3140 2102/3361/653 1876/3044/656 1877/3043/2854
f 2244/3545/3296 2243/3544/3295 3571/4702/3288 3572/4703/4240
f 3573/2340/2187 3574/2339/2186 3572/4701/4240 3569/3794/3497
f 3572/4703/4240 3574/4704/2186 2247/3550/3299 2244/3545/3296
f 3574/4704/2186 2763/4076/2185 1394/2333/2182 2247/3550/3299
f 2248/3551/3300 1245/2164/2026 2619/3992/3648 3568/4705/3289
f 2278/741/704 2245/740/703 1397/267/252 2279/266/251
f 5509/2500/2327 382/707/674 383/708/675 175/2501/2328
f 4888/4706/4241 4887/4707/4242 4886/4708/4243 4884/4709/4244 4883/4710/4245 4925/4711/4246
f 1914/3093/2897 1915/3092/2896 1913/3096/2900 1909/3087/2891 1912/3089/2893
f 3575/2496/2325 3576/2495/2324 2764/4712/3726 2766/3855/3541
f 285/464/447 284/463/446 428/828/790 427/4713/3277 425/4714/754 424/4715/753 397/904/857 135/204/192 426/3824/3521
f 3551/4680/4221 3550/4679/4220 3579/2493/2322 3577/2492/2321
f 3580/4184/3809 2742/4093/3739 3578/2494/2323 3581/4417/4000
f 3578/2494/2323 2742/4093/3739 2764/4077/3726 3576/4716/2324
f 3582/4717/4247 3581/4417/4000 3578/2494/2323 3579/2493/2322
f 3583/4718/4248 3581/4417/4000 3582/4717/4247 3584/4719/4249
f 3585/3380/3157 3583/4718/4248 3584/4719/4249 3586/3381/3158
f 3585/3380/3157 2734/3379/3156 3581/4417/4000 3583/4718/4248
f 3587/4720/4250 3588/3382/3159 3586/3381/3158 3584/4719/4249
f 3579/2493/2322 3587/4720/4250 3584/4719/4249 3582/4717/4247
f 3550/4679/4220 3589/4721/4251 3587/4720/4250 3579/2493/2322
f 3589/4721/4251 3590/4722/4252 3588/3382/3159 3587/4720/4250
f 3590/4722/4252 3589/4721/4251 3544/4677/4218 3540/4675/4216
f 3589/4721/4251 3550/4679/4220 3546/4308/3915 3544/4677/4218
f 5521/4723/4253 5564/4724/4254 5563/4725/4255 5530/4726/4256 5520/4727/4257 5519/4728/4258
f 1218/2374/1997 1364/2372/2219 1365/2371/2218 1773/3409/3182 2119/3404/3177 2120/3403/3176 1366/3831/3527 1221/4729/3526 1220/3826/3523 1213/2538/2364 1214/2536/2362 1533/2537/2363 1530/717/680 1532/1859/1751 1215/1858/1750 1216/1857/1749 1219/2134/1998
f 1687/3109/140 1927/3108/2912 1928/3113/611 1685/249/234 1688/152/141
f 3594/4730/4259 3590/4722/4252 3540/4675/4216 3538/4672/4214
f 3538/4672/4214 3537/4671/4213 3595/4731/4260 3594/4730/4259
f 3591/3377/3154 3596/4732/4261 3597/4733/4262 2735/3378/3155
f 3592/3376/3153 3598/4734/4263 3596/4732/4261 3591/3377/3154
f 2742/4093/3739 3580/4184/3809 3599/4183/3808
f 2742/4093/3739 3599/4183/3808 2686/4092/3738
f 4242/4333/3928 4260/4332/3927 4241/3579/3324 4240/3578/3323
f 5534/4735/4264 5559/4736/4265 5560/72/63 5536/73/64 5535/4737/4266
f 1327/2783/2601 1324/4599/4155 1321/4738/4267 1322/2355/2202 1323/2354/2201 1328/3074/2881
f 3603/4739/4268 3604/4740/4269 3557/2410/2246 3602/2409/2245
f 3604/4740/4269 3605/4741/4270 3558/4689/4228 3557/2410/2246
f 3605/4741/4270 2505/4742/3579 3559/4690/4229 3558/4689/4228
f 2505/4742/3579 2507/4743/4271 3560/4691/4230 3559/4690/4229
f 3560/4691/4230 2507/4743/4271 3606/4744/4272 3607/4745/4273
f 3565/4696/4235 3561/4692/4231 3560/4691/4230 3607/4745/4273
f 4678/3842/3537 4712/3841/3536 4693/4746/4274 4692/4747/4275 4675/4748/4276
f 3600/2491/2320 2573/2498/1384 3611/4749/4277 3601/4750/4278
f 3611/4751/4277 3612/4752/4279 3613/4753/4280 3603/4754/4268
f 3613/4753/4280 3614/4755/4281 3603/4754/4268
f 3615/4756/4282 3616/4757/4283 3604/4758/4269 3603/4754/4268
f 3603/4754/4268 3614/4755/4281 3615/4756/4282
f 3616/4757/4283 3617/4759/4284 3605/4760/4270 3604/4758/4269
f 3605/4760/4270 3617/4759/4284 3618/4761/4285
f 2843/4762/4286 2840/1499/1422 3619/4763/4287 3620/4764/4288
f 3620/4764/4288 3619/4763/4287 3617/4759/4284 3616/4757/4283
f 3619/4763/4287 3621/4765/4289 3618/4761/4285 3617/4759/4284
f 2840/1499/1422 2839/1498/1421 3621/4765/4289 3619/4763/4287
f 2839/1498/1421 2841/1497/1420 2861/4159/3786 3621/4765/4289
f 3622/4766/4290 3623/4767/4291 2843/4762/4286 3620/4764/4288
f 3615/4756/4282 3622/4766/4290 3620/4764/4288 3616/4757/4283
f 3614/4755/4281 3624/4768/4292 3622/4766/4290 3615/4756/4282
f 3624/4768/4292 3625/577/552 3623/4767/4291 3622/4766/4290
f 3613/4753/4280 3612/4752/4279 3626/1322/1254 3627/1323/1255
f 4133/4454/4034 4136/4453/4033 4137/4769/4293 4135/4770/4294
f 3625/577/552 3624/4768/4292 3627/1323/1255 3628/578/553
f 3624/4768/4292 3614/4755/4281 3613/4753/4280 3627/1323/1255
f 1946/4492/4068 1321/4738/4267 1324/4599/4155 1732/2808/2626 1733/2807/2625
f 2517/344/329 2516/2441/2272 2843/4762/4286 3623/4767/4291
f 3625/577/552 2519/345/330 2517/344/329 3623/4767/4291
f 1924/3095/2899 1696/2748/2552 1698/2751/2555 1699/2511/2338 1925/4771/2337 1910/2509/2336
f 3612/4752/4279 3634/1456/1383 3630/341/326 3626/1322/1254
f 3634/1456/1383 2572/1455/1382 3631/336/321 3630/341/326
f 2540/1334/1266 2523/574/549 3629/573/548 3633/340/325
f 3632/339/324 2541/3930/3604 2540/1334/1266 3633/340/325
f 3635/337/322 2574/3959/3626 2575/2929/2746 3636/2934/2751
f 3637/338/323 3635/337/322 3636/2934/2751 3638/3940/3611
f 2572/1455/1382 2574/3959/3626 3635/337/322 3631/336/321
f 3637/338/323 3639/4772/4295 2541/3930/3604 3632/339/324
f 3638/3940/3611 2559/3939/3610 3639/4772/4295 3637/338/323
f 1180/2095/1963 1185/2099/1967 1178/3813/3508 2310/3663/3393 2308/3649/3381 1179/3651/3383 1177/2097/1965
f 3642/4773/4296 3643/4774/4297 2315/3660/3390 2313/3657/3387
f 3641/2179/2040 3642/4773/4296 2313/3657/3387 2312/2180/2041
f 3643/4774/4297 2822/4131/3764 1452/2423/2256 2315/3660/3390
f 3643/4774/4297 3642/4773/4296 3644/2933/2750 3645/2932/2749
f 3642/4773/4296 3641/2179/2040 3640/3656/3386 3644/2933/2750
f 3645/2932/2749 2733/2931/2748 2822/4131/3764 3643/4774/4297
f 3644/2933/2750 3640/3656/3386 3638/3940/3611 3636/2934/2751
f 2229/3596/3341 2274/3595/3340 2275/3598/3342 2282/3613/3349 2272/3612/3348 2273/3611/3347 2255/3610/3315 2222/3564/3275 2226/3563/3310 2225/3562/3309
f 3611/4751/4277 2573/1457/1384 3634/1456/1383 3612/4752/4279
f 3715/3513/3269 2458/1656/1570 2835/1655/1569 3716/3514/3270
f 3647/3796/3499 3646/4081/3727 3610/3558/3306 3609/3559/3307
f 1809/2702/2511 1810/3172/2972 1808/3169/2969 1807/2936/2753 1806/2935/2752 1411/4118/3756 1416/2698/2507
f 3649/3740/3451 2571/2930/2747 2570/3854/3540 3646/4775/3727
f 5355/4776/4298 5357/2297/2149 5342/2301/2153 5326/4777/4299 5341/4778/4300
f 1360/3693/3416 2571/2930/2747 3649/3740/3451 2324/3690/3413
f 3650/3741/3452 3651/2075/1944 2327/3694/3417 2325/3691/3414
f 3396/1627/1541 3397/1303/1235 3395/3408/3181 3390/3407/3180 3388/4569/4134 3387/3305/3089
f 2329/3696/3419 3652/2074/1943 3653/2073/1942 2331/3698/3421
f 3651/2075/1944 3652/2074/1943 2329/3696/3419 2327/3694/3417
f 2333/3700/3423 3654/4779/4301 3655/4780/4302 1032/1944/1828
f 2331/3698/3421 3653/2073/1942 3654/4779/4301 2333/3700/3423
f 3606/4781/4272 3655/4780/4302 3654/4779/4301
f 3653/2073/1942 3656/2072/1941 3606/4781/4272 3654/4779/4301
f 4569/4782/4303 4562/4783/4304 4571/4784/4305 4585/4785/4306 4583/4786/4307
f 5321/4787/4308 5339/4788/4309 5340/4789/4310 5322/4790/4311 5323/4791/4312 5318/4792/4313
f 3651/2075/1944 3650/3741/3452 3658/4793/4314 3657/2071/1940
f 2507/4794/4271 2506/4795/4315 3655/4780/4302 3606/4781/4272
f 3659/4796/4316 2719/4046/3700 2714/4041/3695 3562/4693/4232
f 3660/4797/4317 3659/4796/4316 3562/4693/4232 3563/4694/4233
f 3563/4694/4233 3564/4695/4234 3661/4798/4318 3660/4797/4317
f 3564/4695/4234 2614/3983/3643 2617/3986/3646 3661/4798/4318
f 3661/4799/4318 2617/3990/3646 2620/3989/3649 3662/4800/4319
f 3660/4801/4317 3661/4799/4318 3662/4800/4319 3663/4802/4320
f 3663/4802/4320 3664/4803/4321 3659/4804/4316 3660/4801/4317
f 3664/4803/4321 3665/4805/4322 2719/4806/3700 3659/4804/4316
f 2745/2348/2195 2750/4062/3715 3130/4397/3981 3129/4396/3980
f 3667/4807/4323 3668/4808/4324 3669/4809/4325 3670/4810/4326
f 3671/4811/4327 3667/4807/4323 3670/4810/4326 2775/4083/3729
f 3665/4805/4322 3664/4803/4321 3667/4807/4323 3671/4811/4327
f 3664/4803/4321 3663/4802/4320 3668/4808/4324 3667/4807/4323
f 3671/4811/4327 2775/4083/3729 2774/2094/1962 3672/2093/1961
f 1866/3303/3087 3218/3591/3336 3219/3405/3178 1867/3029/2841 1868/3028/2840
f 4895/997/952 4867/4812/4328 4866/4813/4329 4869/4814/4330 4872/4815/4331 4862/4816/4332 4853/4817/4333 4854/992/947
f 3662/4800/4319 2620/3989/3649 1242/2159/2023 2352/3726/3443 3668/4808/4324 3663/4802/4320
f 3669/4809/4325 3673/4818/4334 2640/4002/3659 2642/4004/3661
f 3673/4818/4334 2353/4574/4139 1488/4819/4335 2637/4001/3658 2641/4003/3660 2640/4002/3659
f 2643/1900/1787 2775/4083/3729 3670/4810/4326 2644/4005/3662
f 2642/4004/3661 2644/4005/3662 3670/4810/4326 3669/4809/4325
f 3666/2092/1960 3674/1468/1392 3675/4820/4336 2720/4821/3701
f 3674/1468/1392 2811/1467/1391 2693/4035/3689 3675/4820/4336
f 3675/4822/4336 2693/4823/3689 2688/4824/3684
f 2715/4042/3696 2720/4047/3701 3675/4822/4336 2688/4824/3684
f 2646/3020/2832 3116/4383/3967 3595/4825/4260 3537/4826/4213
f 3535/4669/4211 2647/3015/2827 2646/3020/2832 3537/4826/4213
f 745/1435/1362 726/1202/1147 727/1476/1399 728/1475/1398 746/1436/1363
f 4357/4606/4161 4313/4609/4164 4307/4827/4337 4330/4828/4338
f 2439/884/846 3018/4653/3911 3016/880/842
f 3676/4829/4339 3677/4830/4340 2435/3869/3550 2436/3865/3551
f 2439/884/846 3678/883/845 3676/4829/4339 2436/3865/3551
f 3928/4831/4341 3930/4832/4342 3902/4205/3826 3927/4204/3825
f 3677/4830/4340 3680/4833/4343 2441/4834/3554 2435/3869/3550
f 3680/4833/4343 3677/4830/4340 3681/4835/4344
f 3682/4836/4345 3683/4837/4346 2449/4838/3559 3684/4839/4347
f 3680/4833/4343 3682/4836/4345 3684/4839/4347 2441/4834/3554
f 3681/4835/4344 3685/4840/4348 3682/4836/4345 3680/4833/4343
f 3685/4840/4348 3686/4841/4349 3683/4837/4346 3682/4836/4345
f 3683/4837/4346 3687/4842/4350 3688/4843/4351 2449/4838/3559
f 3686/4841/4349 3689/3761/3468 3687/4842/4350 3683/4837/4346
f 2452/4844/3561 2449/4838/3559 3688/4843/4351
f 3687/4842/4350 2829/2229/2086 2670/2228/2085 3688/4843/4351
f 2830/2230/2087 2829/2229/2086 3687/4842/4350 3689/3761/3468
f 3688/4843/4351 2670/2228/2085 2453/2227/2084 2452/4844/3561
f 1443/4120/2311 2804/1367/1295 2803/1366/1294 1432/2403/2241 1430/2402/2240 1441/2486/2315 1442/2485/1200
f 3690/3762/3469 3692/4845/4352 3693/3768/3475 3691/3763/3470
f 3689/3761/3468 3686/4841/4349 3692/4845/4352 3690/3762/3469
f 3175/4418/4001 3177/4181/3806 2488/3889/3568 2489/780/743 2487/779/742
f 2383/3771/3478 2386/3777/3484 2387/3778/3485 2384/3779/3486 2385/3776/3483 2382/3770/3477
f 3692/4845/4352 3695/786/749 3698/785/748 3693/3768/3475
f 3686/4841/4349 3685/4840/4348 3695/786/749 3692/4845/4352
f 3685/4840/4348 3681/4835/4344 3696/787/750 3695/786/749
f 3699/784/747 3700/783/746 2986/3783/3490 2985/4272/3887
f 3694/3769/3476 3699/784/747 2985/4272/3887 2979/3767/3474
f 3693/3768/3475 3698/785/748 3699/784/747 3694/3769/3476
f 3696/787/750 3701/3786/3493 3702/3780/3487 3697/782/745
f 3681/4835/4344 3677/4830/4340 3701/3786/3493 3696/787/750
f 3621/4765/4289 2861/4159/3786 2503/3898/3577 2505/3900/3579 3605/4760/4270 3618/4761/4285
f 1821/2951/2768 1825/2963/2780 1476/2449/2280 1823/2953/2770
f 940/1371/1299 920/1370/1298 919/1483/1406 922/1486/1409
f 3677/4830/4340 3676/4829/4339 3705/3784/3491 3701/3786/3493
f 3678/883/845 3704/2669/2487 3705/3784/3491 3676/4829/4339
f 3706/3785/3492 3009/2668/2486 2998/4283/3898 2997/4282/3897
f 3703/3781/3488 3706/3785/3492 2997/4282/3897 2991/3782/3489
f 3679/882/844 3708/2667/2485 3704/2669/2487 3678/883/845
f 3013/881/843 3011/2664/2482 3708/2667/2485 3679/882/844
f 2967/4254/3871 3709/2225/2082 3707/2231/2088 2971/3765/3472
f 3015/3423/3195 3709/2225/2082 2967/4254/3871 2964/4251/3868
f 2933/4846/3843 2749/4061/3714 2748/2347/2194 2934/4847/3844
f 2940/4848/3850 3710/4668/4210 2749/4061/3714 2933/4846/3843
f 2793/4097/3743 2737/4096/3742 3710/4668/4210 2940/4848/3850
f 2894/4193/3816 2892/1818/1711 3711/1822/1715 3712/4849/4353
f 3712/4849/4353 2508/2680/2495 2512/2679/2494 2894/4193/3816
f 3711/1822/1715 2889/1821/1714 2888/3608/3272 3713/1232/1174 3714/1231/1173 3712/4849/4353
f 3714/1231/1173 2509/2681/2496 2508/2680/2495 3712/4849/4353
f 2613/1235/1177 2806/4117/3755 2509/2681/2496 3714/1231/1173
f 4215/4461/4041 4195/3225/3019 4116/3224/3018 4127/4850/4354 4196/4457/4037
f 2758/4851/3721 2554/3946/3615 2553/3945/3614 2759/4852/3722
f 261/2848/2666 204/2850/2668 203/900/860 262/430/415
f 3268/4489/4065 3270/3230/3024 2702/2270/2125 3267/2269/2124 3266/2268/2123 3265/1014/969 3271/1013/968 3272/4168/3793 3269/4490/4066
f 2611/3515/1175 3716/3514/3270 3717/4853/4355 2612/4854/1176
f 1618/2625/2445 1619/2626/2446 1626/2639/2459 1622/2637/2457 1620/2627/2447 1616/2624/2444
f 3717/4853/4355 2818/4127/3761 2817/4126/3760 2612/4854/1176
f 2806/4117/3755 2613/1235/1177 2612/1234/1176 2817/4855/3760
f 2678/4018/3672 2467/4017/3671 2806/4117/3755 2817/4855/3760
f 3716/3514/3270 2835/1655/1569 2837/4138/3769 3717/4853/4355
f 299/480/460 302/497/477 303/500/480 304/836/798 301/482/462
f 3717/4853/4355 2837/4138/3769 2819/4128/3762 2818/4127/3761
f 3718/1739/1645 2789/1623/1537 2790/1626/1540 3201/3807/3503
f 2874/3806/3502 2873/1740/1646 3718/1739/1645 3201/3807/3503
f 2470/3934/2079 2546/3933/3606 2867/2056/1927 2526/2055/1926
f 2855/2178/2039 2854/2184/2045 2566/3936/3607 2560/3655/3385
f 2848/1622/1536 3093/4856/3954 3072/4354/3944 2849/1616/1530
f 3093/4856/3954 2622/3994/3651 2621/3993/3650 3072/4354/3944
f 2339/4857/3433 2337/4858/3427 2338/4368/3428 2237/3539/3291 2239/3540/3292 2240/739/702 2277/738/701 2278/741/704 2322/3675/3403
f 1097/3820/3519 2413/1070/1025 2411/1073/1028 2412/4859/3539
f 1772/2875/2692 1774/3411/3184 1375/2305/2157 1771/2873/2690
f 3722/3818/3511 3723/701/668 2514/700/667 2513/3908/3587
f 3722/3818/3511 2513/3908/3587 2482/3912/490 2485/4860/489
f 3819/4861/4356 3818/2919/2736 3881/4862/4357 3880/1569/1486 3832/1574/1491 3816/2725/2529 3932/2724/2528 3920/2202/2063 3810/2207/2068 3811/1765/1669 3809/1764/1668 3820/1763/1667
f 2410/1072/1027 2414/1071/1026 1130/2037/1915 1099/1482/1405 1098/3885/3567 2415/3845/3538
f 90/129/118 68/127/116 67/128/117 100/157/146
f 2506/4795/4315 2428/3859/3545 1032/1944/1828 3655/4780/4302
f 3602/2409/2245 3554/2408/2244 3553/4682/4222 3601/4750/4278 3611/4749/4277 3603/4739/4268
f 264/431/416 207/899/859 208/4498/4074 265/433/418
f 2815/4122/3758 2819/4128/3762 2838/2631/2451 3726/3343/3122
f 2545/3344/3123 2469/3932/3124 3727/3390/3128 3725/3342/3121
f 3726/3343/3122 2679/3389/3127 2677/4123/3126 2815/4122/3758
f 2565/3954/3623 2564/3106/2910 3260/4863/2909 3052/3107/2911 3051/4345/3936 3050/4344/3935 3049/2729/2533 3048/2728/2532
f 2811/1467/1391 2810/4471/4051 2691/4033/3687 2693/4035/3689
f 2810/4471/4051 2732/4056/3710 2692/4034/3688 2691/4033/3687
f 2778/1471/1395 2549/2853/2670 3728/4470/4050 2809/4119/3757
f 3728/4470/4050 2549/2853/2670 2731/2852/2669 2732/4056/3710
f 3733/4864/4358 3593/3383/3160 3588/3382/3159 3590/4722/4252 3594/4730/4259 3595/4731/4260
f 2684/4027/3681 3729/4865/4359 3730/3835/3530 2791/3834/3529
f 3729/4865/4359 2478/3881/3563 2479/3836/3531 3730/3835/3530
f 3729/4865/4359 2684/4027/3681 2683/4026/3680 3731/4866/4360
f 3731/4866/4360 2598/3973/3635 2478/3881/3563 3729/4865/4359
f 3731/4866/4360 2683/4026/3680 2682/4025/3679 3732/4867/4361
f 3732/4867/4361 2599/4868/3779 2598/3973/3635 3731/4866/4360
f 2682/4025/3679 2735/3378/3155 3597/4733/4262 3732/4867/4361
f 3732/4869/4361 3597/4870/4262 2739/4152/3780 2599/4151/3779
f 1392/2331/2180 2764/4077/3726 2742/4093/3739 1024/1930/1814
f 2688/4824/3684 2687/4688/3683 2718/4045/3699 2715/4042/3696
f 2768/1664/1578 2690/4032/3686 2692/4034/3688 2730/4055/3709
f 404/2382/2225 415/764/727 405/763/726 403/2383/2226
f 2750/4062/3715 2749/4061/3714 3710/4668/4210 3133/4638/4189
f 2731/2852/2669 2667/694/661 2666/4013/3670 2728/4053/3707
f 2741/3833/3528 2721/3837/3532 2722/4048/3702 2740/4059/3712 2424/4058/3711
f 5126/3232/4362 5127/866/828 5121/865/827 5122/3234/4363 5123/3233/4364
f 3639/4772/4295 3264/4484/4060 2542/3931/3605 2541/3930/3604
f 2559/3939/3610 2558/3938/3609 3264/4484/4060 3639/4772/4295
f 2544/2223/2080 2526/2222/1926 2472/1182/1131 2475/1181/1130
f 2546/3933/3606 2545/3344/3123 2456/2630/2450 2455/2629/2449
f 2514/700/667 2483/511/491 2486/3888/2081 2515/3909/3588
f 2440/3870/3553 2441/3871/3554 3684/4871/4347 2449/3876/3559
f 3720/3819/3512 3721/4872/488 3724/507/487 3719/702/669
f 3454/4598/4154 3596/4873/4261 3598/4874/4263 3116/4383/3967
f 3454/4598/4154 2739/4152/3780 3597/4870/4262 3596/4873/4261
f 3475/1495/1418 3474/1503/1426 2144/3432/3204 2431/3862/3548
f 2842/1496/1419 3475/1495/1418 2431/3862/3548 2430/3861/3547
f 2450/3877/3560 2449/3876/3559 2452/3878/3561 2445/3874/3557
f 2453/3879/2084 2669/2232/510 2673/2237/2092 2442/3872/3555
f 2696/3951/3620 2695/3950/3619 3531/4665/3480 3534/4875/3479
f 2696/3951/3620 3534/4875/3479 3536/4876/4212 3543/3952/3621
f 3543/3952/3621 3536/4876/4212 3535/4674/4211 3539/4673/4215
f 3598/4734/4263 3592/3376/3153 3593/3383/3160 3733/4864/4358
f 3595/4825/4260 3116/4383/3967 3598/4874/4263 3733/4877/4358
f 2466/3911/2497 2465/4878/3565 2480/4879/3564 2482/3912/490
f 2932/4221/3842 2931/4220/3841 3734/4880/4365 3735/4881/4366
f 3735/4881/4366 3734/4880/4365 2754/4064/3717 2919/3101/2905
f 2917/3100/2904 2923/4212/3833 3735/4881/4366 2919/3101/2905
f 2922/4211/3832 2932/4221/3842 3735/4881/4366 2923/4212/3833
f 2931/4220/3841 2934/4223/3844 3736/4882/4367 3734/4880/4365
f 3734/4880/4365 3736/4882/4367 2755/4065/3718 2754/4064/3717
f 3736/4883/4367 3737/2346/2193 2752/390/375 2755/4884/3718
f 2934/4847/3844 2748/2347/2194 3737/2346/2193 3736/4883/4367
f 2352/3726/3443 2353/4574/4139 3673/4818/4334 3669/4809/4325 3668/4808/4324
f 1379/2325/2175 3738/4885/4368 3739/4886/4369 1384/2326/2170
f 3738/4885/4368 1377/2307/2159 1572/3790/2401 3739/4886/4369
f 3739/4887/4369 1563/2569/2392 1385/2319/2171 1384/2318/2170
f 1564/2570/2393 1563/2569/2392 3739/4887/4369 1572/2578/2401
f 1198/4456/4036 1794/4020/3674 1795/4019/3673 1793/2909/2726 1199/2908/2725 3740/2907/2724 1388/2322/2174 1197/1640/1554 1196/1639/1553
f 1388/2322/2174 3740/2907/2724 1378/2327/2176 1383/2323/2169
f 4686/818/781 4668/817/780 4670/874/836 4687/873/835
f 2756/4070/3719 2755/4884/3718 2752/390/375 2751/389/374
f 3129/4396/3980 3134/4400/3984 2743/4888/4370 2745/2348/2195
f 2144/3432/3204 1037/1949/1833 2431/3862/3548
f 2144/3432/3204 1038/1950/1834 1037/1949/1833
f 3254/295/280 3741/2183/2044 1485/2182/2043 1920/296/281
f 4783/4889/4371 4782/4890/4372 4761/3679/3407 4762/3678/3406 4781/4891/4373 4825/4892/4374
f 3253/4479/4058 2567/3955/3624 3741/2183/2044 3254/295/280
f 2854/2184/2045 3741/2183/2044 2567/3955/3624 2566/3936/3607
f 3076/1619/1533 2845/4139/3770 2847/1620/1534
f 5394/4893/4375 5403/4894/4376 5416/4895/4377 5419/4896/4378 5404/4897/4379
f 3742/4898/4380 3743/4899/4381 3744/4900/4382
f 3745/4901/4383 3746/4902/4384 3747/4903/4385 3748/4904/4386
f 3750/1852/1744 3751/1851/1743 3746/4902/4384 3745/4901/4383
f 965/1836/1729 966/1837/1730 967/1838/1731 968/1850/1742
f 3752/1854/1746 3754/4905/4387 3755/4906/4388 3756/4698/4237
f 3757/4907/4389 3755/4906/4388 3758/4908/4390 3759/4909/4391
f 3758/4910/4390 3760/4911/4392 3761/4912/4393 3762/4913/4394
f 3758/4910/4390 3755/4906/4388 3754/4905/4387 3760/4911/4392
f 3760/4911/4392 3753/1853/1745 3763/4914/4395 3761/4912/4393
f 3753/1853/1745 3760/4911/4392 3754/4905/4387 3752/1854/1746
f 2156/554/531 2157/1408/1336 2155/3445/3215 2154/3444/3214 2153/1345/1277
f 1347/2287/2140 1367/2302/2154 1025/1931/1815 1493/3812/3507 1494/2477/2308 1500/2476/2307
f 4920/648/615 4927/647/614 4928/4915/4396 4919/4916/4397
f 3767/3594/3339 3769/4917/4398 3770/4918/4399 3768/3592/3337
f 3769/4917/4398 3767/3594/3339 3748/4904/4386 3747/4903/4385
f 3751/1851/1743 3771/4700/4239 3772/4919/4400 3746/4902/4384
f 3756/4698/4237 3774/4920/4401 3775/4921/4402 3773/4699/4238
f 3774/4920/4401 3756/4698/4237 3755/4906/4388 3757/4907/4389
f 1736/2819/2637 1735/2886/2703 1734/2811/2629 1054/1962/1842 1053/1092/1047 1056/1091/1046
f 3778/4922/4403 3762/4923/4394 3781/4924/4404 3779/4925/4405
f 3778/4926/4403 3759/4909/4391 3758/4908/4390 3762/4927/4394
f 3779/4925/4405 3781/4924/4404 3743/4899/4381 3742/4898/4380
f 3781/4928/4404 3782/4929/4406 3783/4930/4407 3743/4931/4381
f 3782/4929/4406 3781/4928/4404 3762/4913/4394 3761/4912/4393
f 3783/4930/4407 3782/4929/4406 3764/3152/2952 3765/3151/2951
f 3764/3152/2952 3782/4929/4406 3761/4912/4393 3763/4914/4395
f 3784/4932/4408 3783/4930/4407 3765/3151/2951 3785/3593/3338
f 3786/4933/4409 3772/4919/4400 3771/4700/4239 3787/4934/4410
f 3788/4090/3736 3775/4921/4402 3774/4920/4401 3776/4091/3737
f 2795/4101/3747 2901/4200/3821 2900/4199/3820 2899/4197/3819 2895/4198/3817 2796/4102/3748
f 3789/4087/3733 3780/4086/3732 3790/4935/4411 3791/4936/4412
f 3742/4898/4380 3790/4935/4411 3780/4086/3732 3779/4925/4405
f 3790/4935/4411 3742/4898/4380 3744/4900/4382 3792/4488/4064
f 3784/4932/4408 3744/4900/4382 3743/4931/4381 3783/4930/4407
f 3744/4900/4382 3784/4932/4408 3785/3593/3338 3792/4488/4064
f 3796/4937/4413 3794/4485/4061 3768/3592/3337 3770/4918/4399
f 3801/4089/3735 3802/4088/3734 3803/4938/4414 3798/4939/4415 3799/4940/4416 3800/4941/4417 3797/4942/4418
f 3803/4938/4414 3802/4088/3734 3804/4943/4419 3805/4944/4420
f 3793/4487/4063 3791/4936/4412 3790/4935/4411 3792/4488/4064
f 3805/4944/4420 3804/4943/4419 3795/4486/4062 3794/4485/4061
f 3794/4485/4061 3796/4937/4413 3805/4944/4420
f 3796/4937/4413 3806/4945/4421 3807/4946/4422 3805/4944/4420
f 3808/4947/4423 3799/4948/4416 3798/4949/4415 3803/4938/4414
f 3808/4947/4423 3803/4938/4414 3805/4944/4420 3807/4946/4422
f 3797/4942/4418 3786/4933/4409 3787/4934/4410 3801/4089/3735
f 3771/4700/4239 3773/4699/4238 3775/4921/4402 3787/4934/4410
f 3775/4921/4402 3788/4090/3736 3801/4089/3735 3787/4934/4410
f 4354/2103/1971 4320/2107/1975 4356/4608/4163 4355/4607/4162
f 3802/4088/3734 3789/4087/3733 3791/4936/4412 3804/4943/4419
f 3791/4936/4412 3793/4487/4063 3795/4486/4062 3804/4943/4419
f 4790/4950/4424 4729/4951/4425 4728/4952/4426 4727/4953/4427 4718/4954/4428 4719/4955/4429 4720/4956/4430 4829/4957/4431 4841/4958/4432 4725/4959/4433 4741/4960/4434 4789/4961/4435
f 4727/4953/4427 4731/4962/4436 4721/4963/4437 4719/4955/4429 4718/4954/4428
f 4735/4964/4438 4734/4965/4439 4741/4960/4434 4725/4959/4433 4841/4958/4432 4829/4957/4431 4724/4966/4440 4722/4967/4441 4723/1170/1119 4736/1169/1118
f 3817/2920/2737 3818/2919/2736 3819/4861/4356 3820/1763/1667
f 4726/4968/4442 4729/4951/4425 4732/4969/4443 4730/4970/4444 4731/4962/4436 4727/4953/4427
f 3824/4971/4445 3825/2721/2525 3826/2720/2524 3827/1573/1490
f 3825/2721/2525 3824/4971/4445 3828/4972/4446 3829/4973/4447
f 3824/4971/4445 3827/1573/1490 3830/1572/1489 3828/4972/4446
f 4740/4974/4448 4746/4975/4449 4789/4961/4435 4741/4960/4434 4734/4965/4439 4739/4976/4450
f 3830/4977/1489 3833/4978/4451 3834/4979/4452 3828/4980/4446
f 3833/4978/4451 3830/4977/1489 3831/1571/1488 3835/4981/4453
f 3835/4981/4453 3831/1571/1488 3836/1570/1487 3837/4982/4454
f 3837/4982/4454 3838/4983/4455 3839/4984/4456 3835/4981/4453
f 3838/4983/4455 3837/4982/4454 3840/4985/4457 3841/4986/4458
f 3841/4986/4458 3840/4985/4457 3842/4987/4459 3843/4988/4460
f 3843/4988/4460 3844/4989/4461 3845/4990/4462 3841/4986/4458
f 3844/4989/4461 3843/4988/4460 3846/4991/4463 3847/4992/4464
f 3847/4992/4464 3846/4991/4463 3848/4993/4465 3849/4994/4466
f 3847/4992/4464 3849/4994/4466 3850/4/4 3851/3/3
f 2243/3544/3295 2248/3551/3300 3568/4705/3289 3571/4702/3288
f 5188/1923/1809 5190/677/644 5146/680/647 5189/1924/1810
f 4763/4995/4467 4766/4996/4468 4767/4997/4469 4776/4998/4470
f 4774/4999/4471 4770/5000/4472 4771/5001/4473 4768/5002/4474 4769/5003/4475 4816/5004/4476
f 3860/5005/2732 3863/520/500 3864/519/499 3861/5006/2733
f 3861/5006/2733 3864/519/499 3865/521/501 3866/5007/2728
f 4767/4997/4469 4773/5008/4477 4772/5009/4478 4775/5010/4479 4776/4998/4470
f 3865/521/501 3867/322/307 3868/5011/4480 3869/5012/4481
f 3867/322/307 3854/321/306 3870/1375/1303 3868/5011/4480
f 1377/2307/2159 3738/4885/4368 1379/2325/2175 1374/2906/2723 1370/2905/2722 1373/2304/2156
f 3853/1374/1302 3871/5013/4482 3872/5014/4483 3870/1375/1303
f 3848/4993/4465 3873/5015/4484 3852/5016/4485 3849/4994/4466
f 3873/5015/4484 3848/4993/4465 3874/5017/4486 3875/5018/4487
f 3848/4993/4465 3846/4991/4463 3876/5019/4488 3874/5017/4486
f 3842/4987/4459 3876/5019/4488 3846/4991/4463 3843/4988/4460
f 3876/5019/4488 3842/4987/4459 3877/5020/4489 3878/5021/4490
f 3877/5020/4489 3842/4987/4459 3840/4985/4457 3879/5022/4491
f 3879/5022/4491 3823/2918/2735 3822/2917/2734 3877/5020/4489
f 3823/2918/2735 3879/5022/4491 3836/1570/1487 3880/1569/1486
f 3879/5022/4491 3840/4985/4457 3837/4982/4454 3836/1570/1487
f 3880/1569/1486 3881/4862/4357 3818/2919/2736 3823/2918/2735
f 1964/846/808 2116/1424/1352 2115/3384/3161 2012/3228/3022 2114/517/497
f 3883/5023/4492 3882/5024/4493 3884/5025/4494 3885/5026/4495
f 3882/5024/4493 3829/5027/4447 3886/5028/4496 3884/5025/4494
f 3886/5028/4496 3829/5027/4447 3828/4980/4446 3834/4979/4452
f 3834/4979/4452 3887/5029/4497 3888/5030/4498 3886/5028/4496
f 3834/4979/4452 3833/4978/4451 3889/5031/4499 3887/5029/4497
f 3839/4984/4456 3889/5031/4499 3833/4978/4451 3835/4981/4453
f 3890/5032/4500 3891/5033/4501 3889/5031/4499 3839/4984/4456
f 3890/5032/4500 3839/4984/4456 3838/4983/4455 3892/5034/4502
f 3892/5034/4502 3838/4983/4455 3841/4986/4458 3845/4990/4462
f 330/541/518 325/540/517 179/300/285 331/542/519
f 3845/4990/4462 3844/4989/4461 3894/3125/2925 3893/3124/2924
f 3851/3/3 3894/3125/2925 3844/4989/4461 3847/4992/4464
f 4806/5035/4503 4804/5036/4504 4803/5037/4505 4802/890/850 4840/889/849
f 3894/3125/2925 3851/3/3 3896/2/2 3895/3126/2926
f 4807/5038/4506 4808/5039/4507 4760/5040/4508 4759/5041/4509 4805/5042/4510
f 3895/3126/2926 3896/2/2 3897/1/1 3898/3122/2922
f 4836/1362/1290 4814/5043/4511 4811/5044/4512 4809/5045/4513 4810/1359/1287
f 3901/4207/3828 3900/4206/3827 3903/5046/4514 3904/5047/4515
f 3904/5047/4515 3905/5048/4516 3906/4208/3829 3901/4207/3828
f 3904/5047/4515 3862/2913/2730 3907/2912/2729 3905/5048/4516
f 3862/2913/2730 3904/5047/4515 3903/5046/4514 3859/2914/2731
f 3907/2912/2729 3908/5049/4517 3909/5050/4518 3905/5048/4516
f 3907/2912/2729 3866/2911/2728 3910/5051/4519 3908/5049/4517
f 3869/5012/4481 3910/5052/4519 3866/5007/2728 3865/521/501
f 3910/5052/4519 3869/5012/4481 3911/5053/4520 3912/5054/4521
f 3911/5053/4520 3869/5012/4481 3868/5011/4480 3913/5055/4522
f 3913/5055/4522 3868/5011/4480 3870/1375/1303 3872/5014/4483
f 3872/5014/4483 3914/5056/4523 3915/5057/4524 3913/5055/4522
f 3872/5014/4483 3871/5013/4482 3916/5058/4525 3914/5056/4523
f 3916/5058/4525 3875/5018/4487 3917/5059/4526 3918/2206/2067
f 3875/5018/4487 3874/5017/4486 3919/5060/4527 3917/5059/4526
f 3917/5059/4526 3919/5060/4527 3812/1761/1665 3811/1765/1669
f 3919/5060/4527 3878/5021/4490 3821/1762/1666 3812/1761/1665
f 3878/5021/4490 3919/5060/4527 3874/5017/4486 3876/5019/4488
f 3918/2206/2067 3917/5059/4526 3811/1765/1669 3810/2207/2068
f 4830/5061/4528 4831/5062/4529 4724/4966/4440 4829/4957/4431 4720/4956/4430 4826/5063/4530
f 3918/2206/2067 3921/5064/2066 3914/5056/4523 3916/5058/4525
f 3922/2204/2065 3815/2203/2064 3814/2723/2527 3923/5065/4531
f 3921/5064/2066 3922/5066/2065 3915/5057/4524 3914/5056/4523
f 3922/5066/2065 3923/5067/4531 3924/5068/4532 3915/5057/4524
f 3885/5069/4495 3924/5068/4532 3923/5067/4531 3883/5070/4492
f 3924/5068/4532 3885/5069/4495 3912/5054/4521 3911/5053/4520
f 3885/5026/4495 3884/5025/4494 3925/5071/4533 3912/5072/4521
f 3884/5025/4494 3886/5028/4496 3888/5030/4498 3925/5071/4533
f 3925/5071/4533 3888/5030/4498 3909/5050/4518 3908/5049/4517
f 3888/5030/4498 3887/5029/4497 3926/5073/4534 3909/5050/4518
f 3887/5029/4497 3889/5031/4499 3891/5033/4501 3926/5073/4534
f 3926/5073/4534 3891/5033/4501 3927/4204/3825 3906/4208/3829
f 3891/5033/4501 3890/5032/4500 3928/4831/4341 3927/4204/3825
f 3892/5034/4502 3929/5074/4535 3930/4832/4342 3928/4831/4341 3890/5032/4500
f 708/1474/1397 756/1207/1152 755/1513/1435 707/1473/1396
f 3926/5073/4534 3906/4208/3829 3905/5048/4516 3909/5050/4518
f 3912/5072/4521 3925/5071/4533 3908/5049/4517 3910/5051/4519
f 3924/5068/4532 3911/5053/4520 3913/5055/4522 3915/5057/4524
f 3883/5075/4492 3923/5065/4531 3814/2723/2527 3813/2722/2526
f 3878/5021/4490 3877/5020/4489 3822/2917/2734 3821/1762/1666
f 3936/5076/4536 3933/5077/4537 3935/5078/4538 3937/5079/4539
f 3938/989/944 3939/3732/3449 3940/5080/4540 3941/990/945
f 3940/5080/4540 3939/3732/3449 3942/5081/4541 3943/5082/4542
f 3939/3732/3449 3938/989/944 3944/988/943 3945/3727/3444
f 3946/5083/4543 3947/5084/4544 3948/3730/3447 3949/4462/4042
f 3950/5085/4545 3951/987/942 3952/986/941 3953/5086/4546
f 3954/5087/4547 3955/5088/4548 3956/5089/4549
f 3957/5090/4550 3958/5091/4551 3959/5092/4552 3960/5093/4553
f 3961/5094/4554 3958/5091/4551 3962/5095/4555 3963/5096/4556
f 4902/3392/3165 4876/3391/3164 4901/3402/3175
f 3968/5097/4557 3969/5098/4558 3970/857/819 3971/856/818
f 3972/5099/4559 3968/5097/4557 3971/856/818 3973/5100/4560
f 3969/5098/4558 3968/5097/4557 3974/3293/3078 3975/3292/3077
f 4847/5101/4561 4853/4817/4333 4862/4816/4332 4861/5102/4562 4885/5103/4563 4848/5104/4564
f 3978/3295/3080 3977/3294/3079 3955/5088/4548 3954/5087/4547
f 3954/5087/4547 3979/5105/4565 3980/3290/3075 3978/3295/3080
f 3979/5105/4565 3954/5087/4547 3981/5106/4566 3982/5107/4567
f 3982/5107/4567 3981/5106/4566 3942/5081/4541 3983/5108/4568
f 3982/5107/4567 3983/5108/4568 3947/5084/4544
f 3947/5084/4544 3983/5108/4568 3984/3731/3448 3948/3730/3447
f 3986/3729/3446 3987/5109/4043 3949/4462/4042 3948/3730/3447
f 3986/3729/3446 3988/5110/4569 3989/5111/4044 3987/5109/4043
f 3988/5110/4569 3990/5112/4570 3991/5113/4571 3989/5111/4044
f 3991/5114/4571 3934/5115/4572 3935/5078/4538 3933/5077/4537 3992/4465/4045 3989/4464/4044
f 4248/5116/4573 4247/5117/4574 4243/5118/4575 4246/5119/4576
f 3993/4466/4046 3994/5120/4577 3946/5083/4543 3949/4462/4042
f 74/106/97 75/109/100 70/95/86 69/94/85 72/97/88 73/107/98
f 3995/5121/4578 3996/5122/4579 3997/5123/4580 3994/5120/4577
f 3996/5122/4579 3995/5121/4578 3998/5124/4581 3999/5125/4582
f 3999/5125/4582 3998/5124/4581 4000/5126/4583 4001/5127/4584
f 4000/5126/4583 3966/5128/4585 4002/5129/4586 4001/5127/4584
f 4002/5129/4586 3966/5128/4585 3965/5130/4587 4003/5131/4588
f 4004/5132/4589 4003/5131/4588 3965/5130/4587 3964/5133/4590
f 3937/5079/4539 4004/5132/4589 3964/5133/4590 3936/5076/4536
f 4004/5134/4589 3937/5135/4539 4005/5136/4591 4006/5137/4592
f 3937/5135/4539 3935/5138/4538 4007/5139/4593 4005/5136/4591
f 3935/5140/4538 3934/5141/4572 4008/5142/4594 4007/5143/4593
f 4008/5142/4594 3934/5141/4572 3991/5113/4571 3990/5112/4570
f 3990/5112/4570 3959/5092/4552 4009/5144/4595 4008/5142/4594
f 3990/5112/4570 3988/5110/4569 3960/5093/4553 3959/5092/4552
f 3960/5093/4553 3988/5110/4569 3986/3729/3446 3985/3728/3445
f 4007/5143/4593 4008/5142/4594 4009/5144/4595 3961/5094/4554 3963/5096/4556 4020/5145/4596
f 3961/5094/4554 4009/5144/4595 3959/5092/4552 3958/5091/4551
f 4006/5137/4592 4005/5136/4591 4010/3586/3331 4011/3589/3334
f 4011/3589/3334 4012/854/816 4013/859/821 4006/5137/4592
f 4879/5146/4597 4878/5147/4598 4926/650/617 4922/649/616 4921/5148/4599 4923/5149/4600
f 4014/858/820 4002/5150/4586 4003/5151/4588 4013/859/821
f 4014/858/820 4015/5152/4601 4001/5127/4584 4002/5150/4586
f 4015/5152/4601 3969/5098/4558 3975/3292/3077 4016/3291/3076
f 4015/5152/4601 4014/858/820 3970/857/819 3969/5098/4558
f 3999/5125/4582 4001/5127/4584 4015/5152/4601 4016/3291/3076
f 3999/5125/4582 4016/3291/3076 3980/3290/3075 3996/5122/4579
f 3996/5122/4579 3980/3290/3075 3979/5105/4565 3997/5123/4580
f 4006/5137/4592 4013/859/821 4003/5151/4588 4004/5134/4589
f 3763/4914/4395 3748/4904/4386 3767/3594/3339 3766/3150/2950 3749/3149/2949 3764/3152/2952
f 4010/3586/3331 4005/5136/4591 4007/5139/4593 4020/5153/4596 4018/3587/3332
f 4020/5153/4596 4021/5154/4602 4022/5155/4603 4018/3587/3332
f 4020/5145/4596 3963/5096/4556 4023/5156/4604 4021/5157/4602
f 4021/5157/4602 4023/5156/4604 4024/5158/4605 4025/5159/4606
f 4026/5160/4607 4027/5161/4608 4024/5158/4605 4023/5156/4604
f 4026/5160/4607 4023/5156/4604 3963/5096/4556 3962/5095/4555
f 4027/5161/4608 4026/5160/4607 3950/5085/4545 4028/5162/4609
f 4026/5160/4607 3962/5095/4555 3951/987/942 3950/5085/4545
f 4029/5163/4610 4030/5164/4611 4031/5165/4612 4022/5155/4603
f 4030/5164/4611 4032/5166/4613 4033/5167/4614 4031/5165/4612
f 4022/5155/4603 4031/5165/4612 4019/3588/3333 4018/3587/3332
f 4031/5165/4612 4033/5167/4614 4034/5168/4615 4019/3588/3333
f 3973/5100/4560 4034/5168/4615 4033/5167/4614 4035/5169/4616
f 4017/855/817 4034/5168/4615 3973/5100/4560 3971/856/818
f 4029/5163/4610 4022/5155/4603 4021/5154/4602 4025/5170/4606
f 3994/5120/4577 3997/5123/4580 3947/5084/4544 3946/5083/4543
f 3939/3732/3449 3984/3731/3448 3983/5108/4568 3942/5081/4541
f 694/1317/1249 675/1319/1251 673/835/797 671/834/796 528/1320/1252 454/932/890
f 3981/5106/4566 3956/5089/4549 3943/5082/4542 3942/5081/4541
f 3982/5107/4567 3997/5123/4580 3979/5105/4565
f 3997/5123/4580 3982/5107/4567 3947/5084/4544
f 3954/5087/4547 3956/5089/4549 3981/5106/4566
f 4036/5171/4617 4037/5172/4618 4038/5173/4619 4039/5174/4620
f 4036/5171/4617 4040/5175/4621 4037/5172/4618
f 4041/5176/4622 4042/5177/4623 4043/5178/4624
f 4044/5179/4625 4045/5180/4626 4046/5181/4627
f 4047/3637/3369 4048/5182/4628 4049/5183/4629 4050/3638/3370
f 4051/5184/4630 4048/5182/4628 4047/3637/3369
f 4052/5185/4631 4053/5186/4632 4048/5182/4628 4051/5184/4630
f 4051/5184/4630 4054/5187/4633 4055/5188/4634 4052/5185/4631
f 4054/5187/4633 4056/3636/3368 4057/3641/3373 4058/5189/4635
f 4056/3636/3368 4054/5187/4633 4051/5184/4630 4047/3637/3369
f 550/2802/2620 536/1451/1378 541/1067/1022 546/1075/1030 547/2803/2621
f 4059/3639/3371 4050/3638/3370 4039/5174/4620 4061/5190/4636
f 4039/5174/4620 4038/5173/4619 4062/5191/4637 4061/5190/4636
f 4038/5173/4619 4037/5172/4618 4045/5180/4626 4044/5179/4625
f 4063/5192/4638 4045/5180/4626 4037/5172/4618 4040/5175/4621
f 4063/5192/4638 4040/5175/4621 4064/5193/4639 4065/5194/4640
f 4049/5183/4629 4064/5193/4639 4040/5175/4621 4036/5171/4617
f 4064/5193/4639 4049/5183/4629 4048/5182/4628 4053/5186/4632
f 4053/5186/4632 4042/5195/4623 4065/5194/4640 4064/5193/4639
f 4042/5195/4623 4053/5186/4632 4052/5185/4631 4043/5178/4624
f 4043/5178/4624 4052/5185/4631 4055/5188/4634 4066/5196/4641
f 4055/5188/4634 4067/5197/4642 4068/5198/4643 4066/5196/4641
f 4067/5197/4642 4055/5188/4634 4054/5187/4633 4058/5189/4635
f 4058/5189/4635 4069/5199/4644 4070/5200/4645 4067/5197/4642
f 4058/5189/4635 4057/3641/3373 4071/5201/4646 4069/5199/4644
f 4057/3641/3373 4060/3640/3372 4072/5202/4647 4071/5201/4646
f 4060/3640/3372 4073/5203/4648 4074/5204/4649 4072/5202/4647
f 4073/5203/4648 4060/3640/3372 4059/3639/3371 4061/5190/4636
f 4075/4553/4122 4073/5203/4648 4061/5190/4636 4062/5191/4637
f 4076/4554/4123 4075/4553/4122 4062/5191/4637 4077/5205/4650
f 4077/5205/4650 4062/5191/4637 4038/5173/4619 4044/5179/4625
f 4077/5205/4650 4078/5206/4651 4079/5207/4652 4076/4554/4123
f 4077/5205/4650 4044/5179/4625 4046/5181/4627 4078/5206/4651
f 4078/5206/4651 4080/5208/4653 4081/5209/4654 4079/5207/4652
f 4080/5208/4653 4078/5206/4651 4046/5181/4627 4082/5210/4655
f 4082/5210/4655 4083/5211/4656 4084/5212/4657 4080/5208/4653
f 4082/5210/4655 4063/5213/4638 4065/5214/4640 4083/5211/4656
f 4083/5215/4656 4065/5216/4640 4042/5177/4623 4041/5176/4622
f 4084/5217/4657 4083/5215/4656 4041/5176/4622 4085/5218/4658
f 4085/5218/4658 4086/5219/4659 4087/5220/4660 4084/5217/4657
f 4066/5196/4641 4068/5198/4643 4086/5219/4659 4085/5218/4658
f 4066/5196/4641 4085/5218/4658 4041/5176/4622 4043/5178/4624
f 4088/5221/4661 4068/5198/4643 4067/5197/4642 4070/5200/4645
f 4070/5200/4645 4089/5222/4662 4090/5223/4663 4088/5221/4661
f 4091/5224/4664 4089/5222/4662 4070/5200/4645 4069/5199/4644
f 4092/5225/4665 4091/5224/4664 4069/5199/4644 4071/5201/4646
f 4093/5226/4666 4092/5225/4665 4071/5201/4646 4072/5202/4647
f 4072/5202/4647 4074/5204/4649 4094/5227/4667 4093/5226/4666
f 4095/4552/4121 4074/5204/4649 4073/5203/4648 4075/4553/4122
f 5007/5228/4668 4985/5229/4669 4984/5230/4670 5004/5231/4671 5005/5232/4672 5006/5233/4673
f 4076/4554/4123 4079/5207/4652 4099/5234/4674 4096/4555/4124
f 4079/5207/4652 4081/5209/4654 4100/5235/4675 4099/5234/4674
f 4100/5235/4675 4081/5209/4654 4087/5236/4660 4101/5237/4676
f 4087/5236/4660 4081/5209/4654 4080/5208/4653 4084/5212/4657
f 4101/5238/4676 4087/5220/4660 4086/5219/4659 4102/5239/4677
f 4103/5240/4678 4102/5239/4677 4088/5221/4661 4090/5223/4663
f 4102/5239/4677 4086/5219/4659 4068/5198/4643 4088/5221/4661
f 4104/5241/4679 4097/4556/4125 4096/4555/4124 4099/5234/4674
f 4105/5242/4680 4104/5241/4679 4099/5234/4674 4100/5235/4675
f 4105/5242/4680 4100/5235/4675 4101/5237/4676 4106/5243/4681
f 4106/5244/4681 4101/5238/4676 4102/5239/4677 4103/5240/4678
f 4082/5210/4655 4046/5181/4627 4045/5180/4626 4063/5213/4638
f 4050/3638/3370 4049/5183/4629 4036/5171/4617 4039/5174/4620
f 2303/3645/3377 2307/3648/3380 2305/3646/3378 2304/3642/3374 2300/3635/3367 2302/3643/3375
f 2143/3433/3205 3473/1502/1425 3477/4612/4166 2141/3430/3202 2138/2948/2765
f 4116/3224/3018 4115/2892/2709 4117/673/640 4118/672/639
f 741/3982/1339 734/5245/1338 735/1511/1434 712/1205/1150 732/1204/1149
f 2219/3518/3273 2220/3519/3274 1399/2345/2192 1398/2344/2191 1401/1379/1307 2217/1378/1306
f 4157/5246/4682 4156/5247/4683 4179/5248/4684 4123/4500/4076 4120/4499/4075
f 4118/672/639 4124/671/638 4125/5249/4685 4126/5250/4686
f 4116/3224/3018 4118/672/639 4126/5250/4686 4127/4850/4354
f 1256/2175/2036 1210/2124/1988 2155/3445/3215 2157/1408/1336 1260/1407/1335 1257/1409/1337
f 15/18/18 34/789/752 33/3051/2860 13/15/15
f 3515/4647/4198 3514/4646/4197 3509/175/163 3464/180/168 3463/4605/4160
f 1030/1936/1820 1495/2470/2301 1120/2024/1902 1119/2023/1901 1123/2028/1906 1121/2030/1908 1122/2029/1907 1031/1943/1827 1034/1946/1830 1027/1933/1817
f 4135/4770/4294 4137/4769/4293 4138/5251/4687 4205/5252/4688
f 549/1395/1323 551/1085/1040 554/1081/1036 546/1075/1030 545/1074/1029
f 4139/5253/4689 4138/5251/4687 4140/5254/4690 4141/5255/4691
f 4142/5256/4692 4139/5253/4689 4141/5255/4691 4143/5257/4693
f 4143/5257/4693 4144/5258/4694 4145/5259/4695 4142/5256/4692
f 4144/5258/4694 4143/5257/4693 4146/5260/4696 4147/5261/4697
f 4144/5258/4694 4147/5261/4697 4148/5262/4698 4149/5263/4699
f 4148/5262/4698 4150/5264/4700 4151/5265/4701 4149/5263/4699
f 4150/5264/4700 4148/5262/4698 4152/5266/4702 4153/5267/4703
f 4154/5268/4704 4150/5264/4700 4153/5267/4703 4155/5269/4705
f 4155/5270/4705 4153/5271/4703 4156/5247/4683 4157/5246/4682
f 4155/5269/4705 4158/5272/4706 4159/5273/4040 4154/5268/4704
f 4158/5274/4706 4155/5270/4705 4157/5246/4682 4160/5275/4707
f 4160/5275/4707 4157/5246/4682 4120/4499/4075 4122/2858/2675 4129/2857/2674
f 4160/5275/4707 4161/4544/4113 4162/4550/4119 4158/5274/4706
f 3665/4805/4322 3671/4811/4327 3672/2093/1961 3666/2092/1960 2720/4821/3701 2719/4806/3700
f 3112/4378/3963 3107/768/731 3108/3435/3207 3109/4387/3971 3120/4386/3970
f 1209/2123/1987 1264/2350/2197 1402/2349/2196 1408/275/260 1407/274/259 1166/723/686 1165/728/691
f 4164/3429/3201 4165/5276/4708 4166/5277/4709 4163/5278/4710
f 4164/3429/3201 4167/3428/3200 4168/5279/4711 4165/5276/4708
f 4167/3428/3200 4169/3427/3199 4170/5280/4712 4168/5279/4711
f 4169/3427/3199 4171/3474/3240 4172/5281/4713 4170/5280/4712
f 4169/3427/3199 4128/2856/2673 4173/2859/2676 4171/3474/3240
f 4690/5282/4714 4654/5283/4715 4675/4748/4276 4692/4747/4275
f 4171/3474/3240 4109/3473/3239 4174/5284/4716 4172/5281/4713
f 4172/5281/4713 4174/5284/4716 4175/5285/4717 4176/5286/4718
f 4174/5284/4716 4177/5287/4719 4146/5260/4696 4175/5285/4717
f 4174/5284/4716 4109/3473/3239 4108/5288/4720 4177/5287/4719
f 4177/5287/4719 4178/5289/4721 4147/5261/4697 4146/5260/4696
f 4178/5290/4721 4177/5287/4719 4108/5288/4720 4107/5291/4722
f 4147/5261/4697 4178/5289/4721 4152/5266/4702 4148/5262/4698
f 1470/2444/2275 1471/2446/2277 1705/2766/2587 1704/2755/2559 1714/3277/3065
f 4592/5292/4723 4582/5293/4724 4566/5294/4725 4549/5295/4726 4540/5296/4727 4568/5297/4728 4570/5298/4729 4584/5299/4730
f 252/409/394 254/415/400 255/418/403 253/410/395
f 4176/5286/4718 4175/5285/4717 4141/5255/4691 4140/5254/4690
f 4175/5285/4717 4146/5260/4696 4143/5257/4693 4141/5255/4691
f 4140/5254/4690 4180/5300/4731 4181/5301/4732 4176/5286/4718
f 4182/5302/4733 4180/5300/4731 4137/4769/4293 4136/4453/4033
f 4180/5300/4731 4140/5254/4690 4138/5251/4687 4137/4769/4293
f 4182/5302/4733 4136/4453/4033 4183/4452/4032 4184/5303/4734
f 4185/5304/4735 4183/4452/4032 4134/4451/4031 4186/674/641
f 573/1161/1111 574/1108/1063 251/408/393 250/407/392 249/483/463
f 4186/674/641 4117/673/640 4119/2895/2712 4185/5304/4735
f 3607/4745/4273 3606/4744/4272 3656/5305/1941 3566/4697/4236 3565/4696/4235
f 4185/5304/4735 4119/2895/2712 4188/2894/2711 4189/5306/4736
f 4185/5304/4735 4189/5306/4736 4184/5303/4734 4183/4452/4032
f 4190/5307/4737 4184/5303/4734 4189/5306/4736 4191/5308/4738
f 4184/5303/4734 4190/5307/4737 4192/5309/4739 4182/5302/4733
f 4192/5309/4739 4181/5301/4732 4180/5300/4731 4182/5302/4733
f 4181/5301/4732 4192/5309/4739 4168/5279/4711 4170/5280/4712
f 4176/5286/4718 4181/5301/4732 4170/5280/4712 4172/5281/4713
f 4191/5308/4738 4166/5310/4709 4165/5276/4708 4190/5307/4737
f 4192/5309/4739 4190/5307/4737 4165/5276/4708 4168/5279/4711
f 4191/5308/4738 4193/5311/4740 4113/5312/4116 4166/5310/4709
f 4194/3226/3020 4193/5311/4740 4188/2894/2711 4187/2893/2710
f 4188/2894/2711 4193/5311/4740 4191/5308/4738 4189/5306/4736
f 4196/4457/4037 4127/4850/4354 4197/5313/4129 4198/4458/4038
f 4161/4544/4113 4160/5275/4707 4129/2857/2674 4164/3429/3201 4163/5278/4710 4166/5277/4709 4113/4547/4116 4112/4546/4115 4111/4545/4114
f 2743/4888/4370 3134/4400/3984 3135/4402/3986 3149/4410/3994 3146/381/366 3147/380/365 3148/379/364 3151/378/363 2744/377/362 2746/376/361 2747/375/360 2745/2348/2195
f 4201/5314/4130 4197/5313/4129 4127/4850/4354 4126/5250/4686
f 4201/4563/4130 4203/5315/4741 4204/5316/4742 4202/4564/4131
f 4203/5317/4741 4201/5314/4130 4126/5250/4686 4125/5249/4685
f 570/1102/1057 569/140/129 246/147/136 245/406/391
f 3333/4533/4104 3339/4539/4108 3338/4538/4107 3342/2830/2648 3334/3856/3542
f 4208/614/584 4142/5256/4692 4145/5259/4695 4209/611/581
f 4209/611/581 4145/5259/4695 4210/3285/3070 4211/2438/2269
f 4149/5263/4699 4210/3285/3070 4145/5259/4695 4144/5258/4694
f 4212/3286/3071 4210/3285/3070 4149/5263/4699 4151/5265/4701
f 4151/5265/4701 4213/5318/4743 4200/4566/4133 4212/3286/3071
f 4213/5318/4743 4151/5265/4701 4150/5264/4700 4154/5268/4704
f 4214/5319/4039 4213/5318/4743 4154/5268/4704 4159/5273/4040
f 3875/5018/4487 3916/5058/4525 3871/5013/4482 3853/1374/1302 3852/5016/4485 3873/5015/4484
f 4215/4461/4041 4159/4460/4040 4158/5320/4706 4162/5321/4119
f 4215/4461/4041 4162/5321/4119 4114/5322/4118 4195/3225/3019
f 4195/3225/3019 4114/5322/4118 4110/5323/4117 4194/3226/3020
f 4213/5318/4743 4214/5319/4039 4198/4567/4038 4200/4566/4133
f 4216/3282/3067 4212/3286/3071 4200/4566/4133 4199/4565/4132
f 4217/3283/3068 4216/3282/3067 4199/4565/4132 4202/4564/4131
f 4217/3283/3068 4202/4564/4131 4204/5316/4742 4218/3284/3069
f 4193/5311/4740 4194/3226/3020 4110/5323/4117 4113/5312/4116
f 784/1576/1493 785/1575/1492 806/1606/1522 807/1642/1556 804/4342/3933
f 651/1444/1371 510/3139/2939 511/3138/2938 508/1275/1212 509/1263/1204 658/1261/1202
f 4221/5324/4744 4222/5325/4745 4223/5326/4746
f 4224/3580/3325 4225/5327/4747 4226/2309/2161 4227/2308/2160
f 4228/5328/4748 4229/5329/4749 4230/5330/4750 4231/5331/4751
f 4228/5328/4748 4232/5332/4752 4233/5333/4753 4229/5329/4749
f 4232/5332/4752 4234/5334/4754 4235/5335/4755 4236/5336/4756
f 4234/5334/4754 4232/5332/4752 4228/5328/4748 4231/5331/4751
f 4230/5330/4750 4237/5337/4757 4238/5338/4758 4231/5331/4751
f 4243/5339/4575 4244/4334/3929 4242/4333/3928 4245/5340/4759
f 4223/5326/4746 4222/5325/4745 4248/5116/4573 4246/5119/4576
f 4243/5118/4575 4245/5340/4759 4246/5119/4576
f 4246/5119/4576 4245/5340/4759 4249/5341/4760
f 4240/3578/3323 4249/5341/4760 4245/5340/4759 4242/4333/3928
f 1704/2755/2559 1705/2766/2587 1331/2272/2127 1254/2750/2554 1253/2756/2560
f 4237/5342/4757 4230/5343/4750 4252/2312/2164 4254/2311/2163
f 4252/2312/2164 4230/5343/4750 4229/5344/4749 4251/2313/2165
f 4251/2313/2165 4229/5344/4749 4233/5345/4753 4250/2314/2166
f 4250/2314/2166 4233/5345/4753 4222/5346/4745 4221/5347/4744
f 4255/5348/4761 4239/2315/2167 4250/2314/2166 4221/5347/4744
f 2228/3524/3278 1341/2281/2136 2229/3596/3341 2225/3562/3309 2227/3561/3308 2224/3560/2797 1400/3525/2796
f 4240/3578/3323 4239/2315/2167 4255/5348/4761 4249/5341/4760
f 4248/5349/4573 4222/5350/4745 4233/5333/4753 4232/5332/4752
f 4236/5336/4756 4247/5351/4574 4248/5349/4573 4232/5332/4752
f 4244/4334/3929 4243/5339/4575 4247/5351/4574 4236/5336/4756
f 4256/4330/3925 4244/4334/3929 4236/5336/4756 4235/5335/4755
f 4256/4330/3925 4235/5335/4755 4257/5352/4762 4258/4331/3926
f 4257/5352/4762 4235/5335/4755 4234/5334/4754 4259/5353/4763
f 4259/5353/4763 4234/5334/4754 4231/5331/4751 4238/5338/4758
f 4261/5354/4764 4262/5355/4765 4263/5356/4766
f 4264/5357/4767 4262/5355/4765 4261/5354/4764
f 4246/5119/4576 4249/5341/4760 4255/5358/4761 4221/5324/4744 4223/5326/4746
f 4423/5359/4768 4370/5360/4769 4373/5361/4770 4434/5362/4771 4433/5363/4772 4424/5364/4773
f 4269/5365/2580 4271/5366/4774 4272/5367/4775 4273/5368/4776
f 4272/5367/4775 4274/2842/2660 4275/5369/4777 4273/5368/4776
f 4274/2842/2660 4272/5367/4775 4271/5366/4774 4276/2843/2661
f 3966/5128/4585 4000/5126/4583 3998/5124/4581 3995/5121/4578 3994/5120/4577 3993/4466/4046 3967/5370/4778 3992/4465/4045 3933/5077/4537 3936/5076/4536 3964/5133/4590 3965/5130/4587
f 4281/5371/2577 4279/2837/2655 4278/2836/2654 4282/5372/2578
f 4281/5371/2577 4283/5373/3932 4284/2838/2656 4279/2837/2655
f 2032/3821/3520 1326/2356/2203 1322/2355/2202 1321/4738/4267 1946/4492/4068 1941/3127/2927 1940/3130/2930 1939/3375/3152 2030/2142/2006 2025/2141/2005 2024/3242/3036 2035/3272/3060
f 2096/3370/3147 1888/3058/2865 1892/3066/2873 2094/3353/3132
f 4291/5374/4779 4290/3234/3028 4289/3233/3027 4292/5375/4780
f 3406/326/311 3407/4577/562 3404/3279/566 3378/327/312
f 4270/5376/2579 4276/2843/2661 4271/5366/4774 4269/5377/2580
f 4276/2843/2661 4270/5376/2579 4282/5372/2578 4278/2836/2654
f 4295/5378/4781 4294/3232/3026 4267/4084/3730 4263/5356/4766
f 4292/5375/4780 4289/3233/3027 4294/3232/3026 4295/5378/4781
f 4292/5375/4780 4296/281/266 4297/5379/4782 4291/5374/4779
f 4298/5380/4783 4299/280/265 4300/2839/2657 4301/5381/4784
f 4299/280/265 4298/5380/4783 4297/5379/4782 4296/281/266
f 4186/674/641 4134/4451/4031 4132/4450/4030 4130/4455/4035 4131/670/637
f 4295/5378/4781 4302/276/261 4296/281/266 4292/5375/4780
f 4295/5378/4781 4263/5356/4766 4304/277/262 4302/276/261
f 4264/5357/4767 4261/5354/4764 4266/5382/2582 4268/5383/2581
f 4266/5382/2582 4261/5354/4764 4263/5356/4766 4267/4084/3730
f 4273/5368/4776 4264/5357/4767 4268/5383/2581 4269/5365/2580
f 4305/278/263 4304/277/262 4262/5355/4765 4275/5369/4777
f 4303/279/264 4305/278/263 4277/2841/2659 4280/2840/2658
f 4280/2840/2658 4300/2839/2657 4299/280/265 4303/279/264
f 3650/3741/3452 3649/3740/3451 3646/4775/3727 3647/5384/3499 3648/5385/3498 3658/4793/4314
f 4284/2838/2656 4306/5386/4785 4301/5381/4784 4300/2839/2657
f 4306/5386/4785 4284/2838/2656 4283/5373/3932 4287/5387/3931
f 4275/5369/4777 4262/5355/4765 4264/5357/4767 4273/5368/4776
f 4305/278/263 4275/5369/4777 4274/2842/2660 4277/2841/2659
f 4262/5355/4765 4304/277/262 4263/5356/4766
f 5159/5388/1178 5141/1240/1182 5142/5389/4786 5140/679/646 5162/678/645
f 4310/5390/4787 4311/5391/4788 4312/5392/4789
f 4314/5393/4790 4315/5394/4791 4316/5395/4792 4317/5396/4793
f 3063/4350/1994 3060/3916/3592 3259/5397/3591 3245/3914/3590 3243/2131/1995
f 4321/5398/4794 4322/5399/4795 4323/5400/4796 4324/5401/4797
f 5041/5402/4798 5040/5403/4799 5089/5404/4800 5052/5405/4801 5053/5406/4802 5042/5407/4803
f 1489/4164/3791 1498/2474/2305 1146/2061/1932 1490/2479/2310 1491/2478/2309 1492/3811/3506
f 4328/5408/4804 4329/5409/4805 4330/4828/4338 4326/5410/4806
f 4329/5409/4805 4328/5408/4804 4331/5411/4807 4332/5412/4808
f 4332/5412/4808 4331/5411/4807 4333/5413/3582 4334/5414/3581
f 4332/5412/4808 4334/5414/3581 4314/5393/4790 4317/5396/4793
f 4335/3901/3580 4336/5415/4809 4314/5393/4790 4334/3902/3581
f 4335/3901/3580 4337/3906/3585 4312/5392/4789 4336/5415/4809
f 2470/2221/2079 2471/2220/2078 2465/3942/3565 2466/2682/2497 2467/4017/3671 2468/3346/3125 2469/3345/3124
f 4339/5416/3583 4333/5417/3582 4331/5418/4807 4340/5419/4810
f 4340/5419/4810 4331/5418/4807 4328/5420/4804 4327/5421/4811
f 4340/5419/4810 4327/5421/4811 4341/5422/4812 4342/5423/4813
f 4325/5424/4814 4321/5398/4794 4343/5425/4815 4344/5426/4816
f 4321/5398/4794 4324/5401/4797 4345/5427/4817 4343/5425/4815
f 4345/5427/4817 4346/5428/4818 4347/5429/4819 4343/5425/4815
f 4347/5429/4819 4319/2106/1974 4318/2105/1973 4348/5430/4820
f 4319/2106/1974 4347/5429/4819 4346/5428/4818 4349/5431/4821
f 4348/5430/4820 4344/5426/4816 4343/5425/4815 4347/5429/4819
f 4344/5426/4816 4348/5430/4820 4350/5432/4822 4351/5433/4823
f 4344/5426/4816 4351/5433/4823 4341/5422/4812 4325/5424/4814
f 4351/5433/4823 4352/5434/4824 4342/5423/4813 4341/5422/4812
f 4338/3905/3584 4342/5423/4813 4352/5434/4824 4337/3906/3585
f 4337/3906/3585 4352/5434/4824 4310/5390/4787 4312/5392/4789
f 4352/5434/4824 4351/5433/4823 4350/5432/4822 4310/5390/4787
f 4348/5430/4820 4318/2105/1973 4353/2104/1972 4350/5432/4822
f 427/3522/3277 423/2528/2354 402/736/699 425/791/754
f 1309/1507/1430 1369/1506/1429 1368/2303/2155 1419/681/648 1428/685/652
f 4357/4606/4161 4316/5395/4792 4315/5394/4791 4355/4607/4162
f 4355/4607/4162 4315/5394/4791 4358/5435/4825 4354/2103/1971
f 4358/5435/4825 4315/5394/4791 4314/5393/4790 4336/5415/4809
f 4354/2103/1971 4358/5435/4825 4311/5391/4788 4353/2104/1972
f 4336/5415/4809 4312/5392/4789 4311/5391/4788 4358/5435/4825
f 4330/4828/4338 4329/5409/4805 4316/5395/4792 4357/4606/4161
f 4342/5423/4813 4338/3905/3584 4339/5416/3583 4340/5419/4810
f 4329/5409/4805 4332/5412/4808 4317/5396/4793 4316/5395/4792
f 4322/5399/4795 4309/5436/4826 4308/5437/4827 4359/5438/4828
f 4311/5391/4788 4310/5390/4787 4350/5432/4822 4353/2104/1972
f 209/4497/4073 213/353/338 212/352/337 211/439/424 210/438/423
f 4360/5439/4829 4361/5440/4830 4362/5441/4831
f 4363/5442/4832 4364/5443/4833 4365/5444/4834 4366/5445/4835
f 368/626/595 191/314/299 189/307/292 375/306/291 374/1539/290
f 4370/5360/4769 4371/5446/4836 4372/5447/4837 4373/5361/4770
f 4374/5448/4838 4375/5449/4839 4376/4147/3775 4377/4146/3774
f 4369/1112/1067 4368/1111/1066 4378/5450/4840
f 5211/5451/4841 5213/5452/4842 5214/5453/4843 5212/3022/2834 5202/3021/2833
f 4379/1110/1065 4382/1114/1069 4375/5449/4839 4380/5454/4844
f 4375/5449/4839 4382/1114/1069 4383/5455/4845 4376/4147/3775
f 4376/4147/3775 4383/5455/4845 4384/5456/4846 4385/4148/3776
f 4385/4148/3776 4384/5456/4846 4386/5457/4847 4387/5458/4848
f 4388/5459/4849 4389/5460/4850 4390/5461/4851 4391/5462/4852
f 4389/5460/4850 4392/5463/4853 4393/5464/4854 4390/5461/4851
f 4392/5463/4853 4369/1112/1067 4378/5450/4840 4393/5464/4854
f 4393/5464/4854 4394/5465/4855 4395/5466/4856 4390/5461/4851
f 4394/5465/4855 4393/5464/4854 4378/5450/4840 4381/5467/4857
f 4396/5468/4858 4381/5469/4857 4380/5454/4844 4397/5470/4859
f 4380/5454/4844 4375/5449/4839 4374/5448/4838 4397/5470/4859
f 4397/5470/4859 4374/5448/4838 4377/4146/3774 4398/5471/4860
f 4399/4150/3778 4400/5472/4861 4377/4146/3774
f 98/1504/1427 85/120/111 52/79/70 97/139/128 96/137/126 111/174/162
f 4401/4149/3777 4402/5473/4862 4403/5474/4863 4399/4150/3778
f 4401/4149/3777 4385/4148/3776 4387/5458/4848 4402/5473/4862
f 4402/5473/4862 4404/5475/4864 4405/5476/4865 4403/5474/4863
f 4402/5473/4862 4387/5458/4848 4406/5477/4866 4404/5475/4864
f 4404/5475/4864 4407/5478/4867 4408/5479/4868 4405/5476/4865
f 4407/5478/4867 4404/5475/4864 4406/5477/4866 4409/5480/4869
f 4407/5478/4867 4410/5481/4870 4411/5482/4871 4408/5479/4868
f 4410/5481/4870 4407/5478/4867 4409/5480/4869 4412/5483/4872
f 4411/5482/4871 4410/5481/4870 4413/5484/4873 4414/5485/4874
f 4412/5483/4872 4415/5486/4875 4413/5484/4873 4410/5481/4870
f 4414/5485/4874 4413/5484/4873 4416/5487/4876 4417/5488/4877
f 4416/5487/4876 4413/5484/4873 4415/5486/4875 4418/5489/4878
f 4417/5488/4877 4416/5487/4876 4391/5462/4852 4419/5490/4879
f 4391/5462/4852 4416/5487/4876 4418/5489/4878 4388/5459/4849
f 4419/5490/4879 4420/5491/4880 4363/5442/4832 4417/5488/4877
f 4420/5491/4880 4419/5490/4879 4390/5461/4851 4395/5466/4856
f 4390/5461/4851 4419/5490/4879 4391/5462/4852
f 4421/5492/4881 4395/5466/4856 4394/5465/4855 4422/5493/4882
f 4422/5494/4882 4423/5359/4768 4424/5364/4773 4421/5495/4881
f 4423/5359/4768 4422/5494/4882 4396/5496/4858 4425/5497/4883
f 4422/5493/4882 4394/5465/4855 4381/5467/4857 4396/5498/4858
f 4425/5497/4883 4371/5446/4836 4370/5360/4769 4423/5359/4768
f 4371/5499/4836 4425/5500/4883 4398/5471/4860 4426/5501/4884
f 4425/5500/4883 4396/5468/4858 4397/5470/4859 4398/5471/4860
f 4398/5471/4860 4377/4146/3774 4400/5472/4861 4426/5501/4884
f 4400/5472/4861 4427/5502/4885 4428/5503/4886 4426/5501/4884
f 4427/5502/4885 4400/5472/4861 4399/4150/3778 4403/5474/4863
f 4429/5504/4887 4427/5502/4885 4403/5474/4863 4405/5476/4865
f 4430/5505/4888 4429/5504/4887 4405/5476/4865 4408/5479/4868
f 4430/5505/4888 4408/5479/4868 4411/5482/4871 4431/5506/4889
f 4431/5506/4889 4411/5482/4871 4414/5485/4874 4366/5445/4835
f 4366/5445/4835 4414/5485/4874 4417/5488/4877 4363/5442/4832
f 4420/5491/4880 4432/5507/4890 4364/5443/4833 4363/5442/4832
f 4433/5363/4772 4432/5507/4890 4421/5495/4881 4424/5364/4773
f 4432/5507/4890 4420/5491/4880 4395/5466/4856 4421/5492/4881
f 5257/5508/4891 5256/5509/4892 5266/5510/4893 5267/5511/4894 5206/5512/4895 5205/5513/4896
f 4373/5361/4770 4372/5447/4837 4361/5440/4830 4434/5362/4771
f 4372/5447/4837 4371/5446/4836 4426/5514/4884 4428/5503/4886
f 4362/5441/4831 4428/5503/4886 4427/5502/4885 4429/5504/4887
f 4360/5439/4829 4362/5441/4831 4429/5504/4887 4430/5505/4888
f 4360/5439/4829 4430/5505/4888 4431/5506/4889 4435/5515/4897
f 4435/5515/4897 4431/5506/4889 4366/5445/4835 4365/5444/4834
f 4365/5444/4834 4433/5363/4772 4434/5362/4771 4435/5515/4897
f 4433/5363/4772 4365/5444/4834 4364/5443/4833 4432/5507/4890
f 4434/5362/4771 4361/5440/4830 4360/5439/4829 4435/5515/4897
f 4372/5447/4837 4428/5503/4886 4362/5441/4831 4361/5440/4830
f 4436/5516/4898 4437/5517/4899 4438/5518/4900 4439/5519/4901
f 4440/5520/4902 4441/5521/4903 4438/5518/4900 4437/5517/4899
f 4440/5520/4902 4442/5522/4904 4443/5523/4905 4441/5521/4903
f 4444/5524/4906 4445/5525/4907 4446/5526/1452
f 4447/5527/4908 4448/5528/4909 4449/5529/4910 4450/5530/4911
f 4451/5531/4912 4452/5532/4913 4453/5533/4914 4454/5534/4915
f 4455/5535/4916 4456/5536/4917 4457/5537/4918 4458/5538/4919
f 4456/5536/4917 4459/5539/4920 4460/5540/4921 4457/5537/4918
f 4459/5539/4920 4439/5519/4901 4461/5541/4922 4460/5540/4921
f 4439/5519/4901 4438/5518/4900 4462/5542/4923 4461/5541/4922
f 4438/5518/4900 4441/5521/4903 4463/5543/4924 4462/5542/4923
f 4441/5521/4903 4443/5523/4905 4464/1534/1456 4465/1533/1455
f 4466/5544/4925 4467/5545/4926 4468/5546/1458 4469/5547/1457
f 4470/5548/4927 4471/5549/4928 4444/5524/4906 4467/5545/4926
f 4470/5548/4927 4472/5550/4929 4473/5551/4930 4471/5549/4928
f 4473/5551/4930 4472/5550/4929 4455/5535/4916 4458/5538/4919
f 4473/5551/4930 4458/5538/4919 4450/5530/4911 4474/5552/4931
f 4458/5538/4919 4457/5537/4918 4447/5527/4908 4450/5530/4911
f 4475/5553/4932 4474/5552/4931 4450/5530/4911 4449/5529/4910
f 4449/5529/4910 4451/5531/4912 4454/5534/4915 4475/5553/4932
f 4451/5531/4912 4449/5529/4910 4448/5528/4909 4452/5532/4913
f 4448/5528/4909 4460/5540/4921 4461/5541/4922 4452/5532/4913
f 4452/5532/4913 4461/5541/4922 4462/5542/4923 4453/5533/4914
f 4453/5533/4914 4462/5542/4923 4463/5543/4924 4476/5554/4933
f 4476/5554/4933 4463/5543/4924 4477/1532/1454 4478/1531/1453
f 4465/1533/1455 4477/1532/1454 4463/5543/4924 4441/5521/4903
f 4446/5526/1452 4468/5546/1458 4467/5545/4926 4444/5524/4906
f 4446/1530/1452 4445/5555/4907 4478/1531/1453
f 4479/5556/4934 4478/1531/1453 4445/5555/4907 4480/5557/4935
f 4471/5549/4928 4480/5558/4935 4445/5525/4907 4444/5524/4906
f 4471/5549/4928 4473/5551/4930 4474/5552/4931 4480/5558/4935
f 4480/5559/4935 4474/5552/4931 4475/5553/4932 4479/5560/4934
f 4475/5553/4932 4454/5534/4915 4481/5561/4936 4479/5560/4934
f 4478/1531/1453 4479/5556/4934 4481/5562/4936 4476/5554/4933
f 4476/5554/4933 4481/5562/4936 4454/5534/4915 4453/5533/4914
f 4460/5540/4921 4448/5528/4909 4447/5527/4908 4457/5537/4918
f 4482/5563/4937 4483/5564/4938 4484/5565/4939
f 4485/5566/4940 4486/5567/4941 4487/5568/4942 4488/5569/4943
f 2609/3980/3642 2608/3979/3641 3047/4335/3930 3045/3925/3599 3046/2730/2534 3049/2729/2533
f 4489/5570/4944 4487/5568/4942 4491/5571/4945 4492/5572/4946
f 4493/5573/3410 4489/5570/4944 4492/5572/4946 4494/5574/4947
f 4494/5574/4947 4492/5572/4946 4495/5575/4948 4496/5576/4949
f 4494/5577/4947 4496/5578/4949 4497/5579/4950 4498/5580/4951
f 4499/5581/4952 4495/5575/4948 4492/5572/4946 4491/5571/4945
f 4491/5571/4945 4487/5568/4942 4486/5567/4941 4500/5582/4953
f 4486/5567/4941 4485/5566/4940 4501/5583/4954 4502/5584/4955
f 4503/5585/4956 4504/5586/4957 4505/5587/4958
f 4488/5569/4943 4506/5588/4959 4505/5587/4958 4485/5566/4940
f 4493/5573/3410 4508/5589/3409 4490/5590/4960 4489/5570/4944
f 1220/3826/3523 1221/4729/3526 2422/3828/3525 2421/3827/3524 2420/3825/3522
f 4498/5580/4951 4509/964/920 4493/3682/3410 4494/5577/4947
f 4497/5579/4950 4510/5591/4961 4511/5592/4962 4498/5580/4951
f 4502/5584/4955 4512/5593/4963 4500/5582/4953 4486/5567/4941
f 4512/5593/4963 4502/5584/4955 4513/5594/4964 4514/5595/4965
f 4515/5596/4966 4513/5594/4964 4502/5584/4955 4501/5583/4954
f 4513/5594/4964 4515/5596/4966 4516/5597/4967 4517/4643/4194
f 4518/5598/4968 4503/5585/4956 4519/5599/4969 4520/5600/4970
f 4519/5599/4969 4503/5585/4956 4521/5601/4971
f 4522/5602/4972 4507/5603/4973 4523/5604/3408 4483/5605/4938
f 4507/5603/4973 4490/5590/4960 4508/5589/3409 4523/5604/3408
f 4511/5592/4962 4525/965/921 4509/964/920 4498/5580/4951
f 4525/965/921 4511/5592/4962 4527/4639/4190 4528/4644/4195
f 4527/4639/4190 4511/5592/4962 4510/5591/4961 4529/4640/4191
f 5364/5606/4974 5362/5607/4975 5361/5608/4976 5360/5609/4977 5349/5610/4978 5363/5611/4979
f 4513/5594/4964 4517/4643/4194 4530/4642/4193 4514/5595/4965
f 4517/4643/4194 4516/5597/4967 4532/5612/4980 4528/4644/4195
f 4528/4644/4195 4532/5612/4980 4526/966/922 4525/965/921
f 4532/5612/4980 4533/5613/4981 4534/967/923 4526/966/922
f 4533/5613/4981 4532/5612/4980 4516/5597/4967 4520/5600/4970
f 4533/5613/4981 4535/5614/4982 4482/5563/4937 4534/967/923
f 4535/5614/4982 4533/5613/4981 4520/5600/4970 4519/5599/4969
f 4484/5615/4939 4483/5616/4938 4523/3680/3408 4524/963/919
f 4524/963/919 4534/967/923 4482/5563/4937 4484/5565/4939
f 4522/5602/4972 4521/5601/4971 4506/5588/4959 4507/5603/4973
f 4505/5587/4958 4506/5588/4959 4521/5601/4971 4503/5585/4956
f 4504/5586/4957 4501/5583/4954 4485/5566/4940 4505/5587/4958
f 4520/5600/4970 4516/5597/4967 4515/5596/4966 4518/5598/4968
f 4518/5598/4968 4515/5596/4966 4501/5583/4954 4504/5586/4957
f 4503/5585/4956 4518/5598/4968 4504/5586/4957
f 4536/5617/4983 4537/5618/4984 4538/5619/4985 4539/5620/4986
f 4536/5617/4983 4539/5620/4986 4540/5296/4727 4541/5621/4987
f 4545/5622/4988 4546/5623/4989 4547/5624/4990 4548/5625/4991
f 4541/5621/4987 4540/5296/4727 4549/5295/4726
f 3577/5626/2321 3600/2491/2320 3601/4750/4278 3553/4682/4222 3551/4681/4221
f 4556/5627/4992 4554/2195/2056 4553/2194/2055 4557/5628/4993
f 4554/2195/2056 4556/5627/4992 4558/5629/4994 4559/5630/4995
f 4561/5631/4996 4560/5632/4997 4538/5619/4985 4547/5633/4990
f 4539/5620/4986 4538/5619/4985 4560/5632/4997 4563/5634/4998
f 4547/5633/4990 4538/5619/4985 4537/5618/4984 4548/5635/4991
f 4537/5636/4984 4564/5637/4999 4545/5622/4988 4548/5638/4991
f 4564/5637/4999 4541/5621/4987 4549/5295/4726 4565/5639/5000
f 4541/5621/4987 4564/5637/4999 4537/5636/4984 4536/5617/4983
f 4565/5639/5000 4549/5295/4726 4566/5294/4725 4567/5640/5001
f 4563/5634/4998 4568/5297/4728 4540/5296/4727 4539/5620/4986
f 4568/5297/4728 4563/5634/4998 4569/4782/4303 4570/5298/4729
f 4563/5634/4998 4560/5632/4997 4562/4783/4304 4569/4782/4303
f 4556/5641/4992 4557/5642/4993 4571/4784/4305 4562/4783/4304 4560/5632/4997 4561/5631/4996 4558/5643/4994
f 4572/5644/5002 4557/5628/4993 4553/2194/2055 4552/2197/2058
f 5471/5645/5003 5468/5646/5004 5457/5647/5005 5432/5648/5006 5456/5649/5007 5455/5650/5008
f 4559/5630/4995 4575/1398/1326 4555/1397/1325 4554/2195/2056
f 4559/5630/4995 4577/5651/5009 4542/5652/5010 4575/1398/1326
f 4577/5651/5009 4559/5630/4995 4558/5629/4994 4561/5653/4996
f 4561/5653/4996 4547/5624/4990 4546/5623/4989 4577/5651/5009
f 4577/5651/5009 4546/5623/4989 4543/5654/5011
f 4543/5654/5011 4546/5623/4989 4545/5622/4988 4578/5655/5012
f 4578/5655/5012 4545/5622/4988 4564/5637/4999 4565/5639/5000
f 4578/5655/5012 4565/5639/5000 4567/5640/5001 4579/5656/5013
f 4579/5656/5013 4567/5640/5001 4580/5657/5014 4581/5658/5015
f 4567/5640/5001 4566/5294/4725 4582/5293/4724 4580/5657/5014
f 3376/328/313 3377/3276/3064 3374/4434/4019 3373/329/314
f 4570/5298/4729 4569/4782/4303 4583/4786/4307 4584/5299/4730
f 4583/4786/4307 4585/4785/4306 4586/5659/5016 4584/5299/4730
f 362/660/627 379/659/626 132/200/188 200/662/629 359/664/631 361/1287/1223
f 4571/4784/4305 4587/5660/5017 4588/5661/5018 4585/4785/4306
f 4572/5662/5002 4587/5660/5017 4571/4784/4305 4557/5642/4993
f 4586/5659/5016 4585/4785/4306 4588/5661/5018 4589/5663/5019
f 4592/5292/4723 4590/5664/5020 4593/5665/5021 4594/5666/5022
f 4582/5293/4724 4592/5292/4723 4594/5666/5022 4580/5657/5014
f 4594/5666/5022 4593/5665/5021 4595/5667/5023 4596/5668/5024
f 4580/5657/5014 4594/5666/5022 4596/5668/5024 4581/5658/5015
f 4544/5669/5025 4579/5656/5013 4581/5658/5015 4576/1399/1327
f 4544/5669/5025 4543/5654/5011 4578/5655/5012 4579/5656/5013
f 4576/1399/1327 4581/5658/5015 4596/5668/5024 4574/1400/1328
f 4596/5668/5024 4595/5667/5023 4573/1401/1329 4574/1400/1328
f 4542/5652/5010 4577/5651/5009 4543/5654/5011
f 4597/5670/5026 4598/5671/5027 4599/5672/5028
f 4600/5673/5029 4601/5674/5030 4602/5675/5031 4603/5676/5032
f 4604/5677/5033 4603/5678/5032 4605/4267/3884 4606/4266/3883
f 407/754/717 314/414/399 319/413/398 320/529/508 321/532/509
f 532/2849/2667 533/1448/1375 205/4438/4023 204/2850/2668
f 4610/4179/3804 4611/4178/3803 4612/5679/5034 4613/5680/5035
f 4614/5681/5036 4612/5679/5034 4611/4178/3803 4615/5682/5037
f 4612/5679/5034 4614/5681/5036 4616/5683/5038 4617/5684/5039
f 4615/5682/5037 4611/4178/3803 4618/4177/3802 4619/4271/3886
f 4607/3148/2948 4605/5685/3884 4620/5686/5040 4621/3144/2944
f 4621/3144/2944 4620/5686/5040 4622/5687/5041 4623/5688/5042
f 4620/5686/5040 4602/5675/5031 4601/5674/5030 4622/5687/5041
f 4602/5675/5031 4620/5686/5040 4605/5685/3884 4603/5676/5032
f 552/1148/1100 548/1396/1324 544/1144/1096 598/1143/1095 600/799/762 601/1149/1101
f 4601/5674/5030 4598/5671/5027 4622/5687/5041
f 4599/5672/5028 4601/5674/5030 4600/5689/5029 4625/5690/5043
f 4600/5689/5029 4626/5691/5044 4627/5692/5045 4625/5690/5043
f 4600/5693/5029 4603/5678/5032 4604/5677/5033 4626/5694/5044
f 4627/5692/5045 4628/5695/5046 4629/5696/5047 4625/5690/5043
f 4629/5696/5047 4628/5695/5046 4630/5697/5048 4631/5698/5049
f 4631/5698/5049 4632/5699/5050 4597/5670/5026 4629/5696/5047
f 4632/5699/5050 4631/5698/5049 4633/5700/5051 4634/5701/5052
f 4634/5701/5052 4635/5702/5053 4624/5703/5054 4632/5699/5050
f 4635/5702/5053 4634/5701/5052 4636/5704/5055 4637/5705/5056
f 4637/5705/5056 4638/5706/5057 4639/5707/5058 4635/5702/5053
f 4638/5706/5057 4637/5705/5056 4640/5708/5059 4641/5709/5060
f 3170/4504/4080 3171/3180/2980 3172/4295/3908 2788/2361/2208 2783/2360/2207 3169/3312/3096 3168/4416/3999
f 5453/5710/5061 5441/5711/2956 5476/5712/2955 5477/5713/5062 5478/5714/5063
f 4644/3145/2945 4621/3144/2944 4623/5688/5042 4639/5707/5058
f 4624/5703/5054 4598/5671/5027 4597/5670/5026 4632/5699/5050
f 4639/5707/5058 4638/5706/5057 4645/3146/2946 4644/3145/2945
f 4645/3146/2946 4638/5706/5057 4641/5709/5060 4646/5715/5064
f 4645/3146/2946 4646/5715/5064 4643/5716/3885 4642/3147/2947
f 4647/5717/5065 4640/5708/5059 4637/5705/5056 4636/5704/5055
f 4636/5704/5055 4617/5684/5039 4616/5683/5038 4647/5717/5065
f 4617/5684/5039 4636/5704/5055 4634/5701/5052 4633/5700/5051
f 4631/5698/5049 4630/5697/5048 4613/5680/5035 4633/5700/5051
f 4609/4180/3805 4630/5697/5048 4628/5695/5046 4648/5718/5066
f 4648/5718/5066 4628/5695/5046 4627/5692/5045 4626/5691/5044
f 4648/5718/5066 4606/4266/3883 4608/4176/3801 4609/4180/3805
f 4606/4266/3883 4648/5718/5066 4626/5691/5044 4604/5677/5033
f 4613/5680/5035 4630/5697/5048 4609/4180/3805 4610/4179/3804
f 4617/5684/5039 4633/5700/5051 4613/5680/5035 4612/5679/5034
f 4597/5670/5026 4599/5672/5028 4625/5690/5043 4629/5696/5047
f 4601/5674/5030 4599/5672/5028 4598/5671/5027
f 4649/5719/5067 4650/5720/5068 4651/5721/5069 4652/5722/5070
f 4653/5723/5071 4654/5283/4715 4655/5724/5072 4656/5725/5073
f 134/203/191 133/202/190 385/699/666 5498/669/636 358/668/635 380/667/634 381/666/633 199/665/632 200/662/629 198/663/630 281/454/437 282/465/448
f 4659/1185/1134 4660/3708/3431 4661/1741/1647 4662/1186/1135
f 4663/5726/5074 4664/3707/3430 4665/3706/3429 4666/5727/5075
f 3608/3793/3496 3609/3559/3307 2767/2341/2188 3573/2340/2187
f 1033/1945/1829 1028/1934/1818 1027/1933/1817 1034/1946/1830
f 4672/871/833 4671/875/837 4658/5728/5076 4657/5729/5077
f 4672/871/833 4657/5729/5077 4673/5730/5078 4674/872/834
f 4690/5282/4714 4688/5731/5079 4673/5730/5078 4657/5729/5077 4658/5728/5076 4655/5724/5072 4654/5283/4715
f 3777/5732/3731 3776/4091/3737 3774/4920/4401 3757/4907/4389 3759/4909/4391 3778/4922/4403 3779/4925/4405 3780/4086/3732
f 4676/5733/5080 4677/1188/1137 4678/3842/3537 4675/4748/4276
f 2887/4190/3813 2578/3961/3628 2579/3960/3627 2576/2027/1905 2577/4186/3810 2883/3817/3510 2459/3816/3509 2458/1656/1570 3715/3513/3269 2886/3512/3268
f 4682/3709/3432 4660/3708/3431 4684/814/777 4685/820/783
f 4669/815/778 4684/814/777 4660/3708/3431 4659/1185/1134
f 4674/872/834 4673/5730/5078 4688/5731/5079 4689/5734/5081
f 4689/5734/5081 4688/5731/5079 4652/5722/5070 4651/5721/5069
f 4688/5731/5079 4690/5282/4714 4691/5735/5082 4652/5722/5070
f 4692/4747/4275 4693/4746/4274 4691/5735/5082 4690/5282/4714
f 5509/2500/2327 5510/2499/2326 5498/669/636 385/699/666 386/698/665 384/703/670 382/707/674
f 4694/3839/3534 4678/3842/3537 4677/1188/1137 4679/1187/1136
f 4679/5736/1136 4662/1186/1135 4695/1744/1650 4694/4559/3534
f 3027/4601/4156 2723/4313/3703 2674/536/513 2825/535/512 3024/4306/3913 3025/4312/3916
f 4696/1743/1649 4683/1742/1648 4664/3707/3430 4697/4560/4127
f 4665/3706/3429 4682/3709/3432 4685/820/783 4698/5737/5083
f 4698/5737/5083 4685/820/783 4699/819/782 4700/5738/5084
f 2664/4011/3668 2657/2209/2070 2655/2208/2069 3279/1439/1366 2661/4008/3665
f 4700/5738/5084 4699/819/782 4701/5739/5085 4702/5740/5086
f 4699/819/782 4686/818/781 4687/873/835 4701/5739/5085
f 4701/5739/5085 4689/5734/5081 4651/5721/5069 4702/5740/5086
f 4689/5734/5081 4701/5739/5085 4687/873/835 4674/872/834
f 4702/5740/5086 4651/5721/5069 4650/5720/5068 4703/5741/5087
f 4704/5742/5088 4703/5741/5087 4650/5720/5068 4705/5743/5089
f 4703/5741/5087 4704/5742/5088 4706/5744/5090 4707/5745/5091
f 4666/5727/5075 4706/5746/5090 4708/5747/5092 4663/5726/5074
f 4663/5726/5074 4708/5747/5092 4697/4560/4127 4664/3707/3430
f 4709/4558/3535 4697/4560/4127 4708/5747/5092 4710/5748/5093
f 4709/3840/3535 4710/5749/5093 4711/5750/5094 4712/3841/3536
f 4710/5749/5093 4704/5751/5088 4705/5752/5089 4711/5750/5094
f 4710/5748/5093 4708/5747/5092 4706/5746/5090 4704/5753/5088
f 4713/5754/5095 4705/5743/5089 4650/5720/5068 4649/5719/5067
f 4649/5719/5067 4652/5722/5070 4691/5735/5082 4713/5754/5095
f 4691/5735/5082 4693/4746/4274 4714/5755/5096 4713/5756/5095
f 4705/5752/5089 4713/5756/5095 4714/5755/5096 4711/5750/5094
f 4712/3841/3536 4711/5750/5094 4714/5755/5096 4693/4746/4274
f 633/4495/4071 717/1381/1309 716/1385/1313 715/1054/1009 713/1053/1008 635/485/465 475/484/464 531/1047/1002 634/1518/1440
f 4707/5745/5091 4706/5744/5090 4666/5727/5075 4715/5757/5097
f 4700/5738/5084 4707/5745/5091 4715/5757/5097 4698/5737/5083
f 4707/5745/5091 4700/5738/5084 4702/5740/5086 4703/5741/5087
f 4715/5757/5097 4666/5727/5075 4665/3706/3429 4698/5737/5083
f 4653/5723/5071 4680/1189/1138 4677/1188/1137 4676/5733/5080
f 4676/5733/5080 4675/4748/4276 4654/5283/4715 4653/5723/5071
f 4667/816/779 4669/815/778 4659/1185/1134 4716/5758/5098
f 4716/5758/5098 4659/1185/1134 4681/1184/1133 4717/5759/5099
f 456/934/892 457/935/893 749/1447/1374 630/1194/1143 628/1133/1085
f 4726/4968/4442 4727/4953/4427 4728/4952/4426 4729/4951/4425
f 4733/5760/5100 4734/4965/4439 4735/4964/4438 4736/1169/1118
f 4736/1169/1118 4737/1168/1117 4738/5761/5101 4733/5760/5100
f 4733/5760/5100 4738/5761/5101 4739/4976/4450 4734/4965/4439
f 4206/5762/5102 4139/5253/4689 4142/5256/4692 4208/614/584 4207/613/583
f 4739/5763/4450 4738/5764/5101 4742/5765/5103 4743/5766/5104
f 4743/5766/5104 4744/5767/5105 4740/4974/4448 4739/5763/4450
f 4744/5767/5105 4745/5768/5106 4746/4975/4449 4740/4974/4448
f 4745/5768/5106 4744/5767/5105 4747/5769/5107 4748/5770/5108
f 4748/5770/5108 4749/5771/5109 4750/5772/5110 4745/5768/5106
f 4749/5771/5109 4751/5773/5111 4752/5774/5112 4750/5772/5110
f 4751/5773/5111 4749/5771/5109 4753/891/851 4754/5775/5113
f 4754/5775/5113 4755/5776/5114 4756/5777/5115 4751/5773/5111
f 4757/5778/5116 4756/5777/5115 4755/5776/5114 4758/5779/5117
f 4755/5776/5114 4759/5041/4509 4760/5040/4508 4758/5779/5117
f 3899/5/5 3850/4/4 3849/4994/4466 3852/5016/4485 3856/5780/5118
f 3855/1373/1301 3856/5780/5118 3852/5016/4485 3853/1374/1302
f 265/433/418 208/4498/4074 209/4497/4073 210/438/423 267/435/420
f 1945/3133/2933 1946/4492/4068 1733/2807/2625 1277/2809/2627
f 4771/5781/4473 4770/5782/4472 4772/5009/4478 4773/5008/4477
f 4770/5782/4472 4774/5783/4471 4775/5010/4479 4772/5009/4478
f 4775/5010/4479 4777/5784/5119 4778/5785/5120 4776/4998/4470
f 4776/4998/4470 4778/5785/5120 4779/5786/5121 4763/4995/4467
f 4762/3678/3406 4779/5786/5121 4780/5787/5122 4781/4891/4373
f 1832/2972/2789 1831/2975/2792 1828/2965/2782 1106/2010/1888
f 4757/5778/5116 4758/5779/5117 4761/3679/3407 4782/4890/4372
f 4782/4890/4372 4783/4889/4371 4784/5788/5123 4757/5778/5116
f 4757/5778/5116 4784/5788/5123 4785/5789/5124 4756/5777/5115
f 4752/5774/5112 4751/5773/5111 4756/5777/5115 4785/5789/5124
f 4785/5789/5124 4786/5790/5125 4787/5791/5126 4752/5774/5112
f 4787/5791/5126 4788/5792/5127 4750/5772/5110 4752/5774/5112
f 4788/5792/5127 4787/5791/5126 4730/4970/4444 4732/4969/4443
f 4732/4969/4443 4789/4961/4435 4746/4975/4449 4788/5792/5127
f 4788/5792/5127 4746/4975/4449 4745/5768/5106 4750/5772/5110
f 4789/4961/4435 4732/4969/4443 4729/4951/4425 4790/4950/4424
f 3471/1500/1423 2840/1499/1422 2843/4762/4286 2516/2441/2272 3470/4619/4173
f 169/241/226 168/240/225 363/621/591 360/624/594 361/1287/1223 359/664/631
f 5126/3232/4362 5098/4084/5128 5099/868/830 5100/867/829 5127/866/828
f 3813/2722/2526 3825/2721/2525 3829/4973/4447 3882/5793/4493 3883/5075/4492
f 4791/5794/1120 4793/5795/5129 4794/5796/5130 4792/5797/1116
f 4792/5797/1116 4794/5796/5130 4795/5798/5131 4737/5799/1117
f 4795/5798/5131 4742/5765/5103 4738/5764/5101 4737/5799/1117
f 4796/5800/5132 4797/5801/5133 4742/5765/5103 4795/5798/5131
f 4742/5765/5103 4797/5801/5133 4798/5802/5134 4743/5766/5104
f 4747/5769/5107 4744/5767/5105 4743/5766/5104 4798/5802/5134
f 4798/5802/5134 4799/5803/5135 4800/5804/5136 4747/5769/5107
f 4800/5804/5136 4801/887/847 4748/5770/5108 4747/5769/5107
f 4801/887/847 4753/891/851 4749/5771/5109 4748/5770/5108
f 3931/3123/2923 3929/5074/4535 3892/5034/4502 3845/4990/4462 3893/3124/2924
f 4753/891/851 4802/890/850 4803/5037/4505 4754/5775/5113
f 4759/5041/4509 4755/5776/5114 4754/5775/5113 4803/5037/4505
f 2017/4022/3676 1961/1414/1342 1960/516/496 2015/515/495 2016/4543/4112
f 4803/5037/4505 4804/5036/4504 4805/5042/4510 4759/5041/4509
f 2722/4048/3702 2862/4160/3787 2858/4163/3790 1493/3812/3507 1025/1931/1815 2740/4059/3712
f 4804/5036/4504 4806/5035/4503 4807/5038/4506 4805/5042/4510
f 1870/1302/1234 1869/3030/2842 3395/3408/3181 3397/1303/1235
f 4811/5044/4512 4812/5805/5137 4813/5806/5138 4809/5045/4513
f 4812/5805/5137 4811/5044/4512 4814/5043/4511 4815/5807/5139
f 4812/5805/5137 4815/5807/5139 4816/5004/4476 4769/5003/4475
f 4769/5003/4475 4768/5002/4474 4813/5806/5138 4812/5805/5137
f 4816/5004/4476 4815/5807/5139 4817/5808/5140 4818/5809/5141
f 4816/5004/4476 4818/5809/5141 4819/5810/5142 4774/4999/4471
f 4777/5784/5119 4775/5010/4479 4774/5783/4471 4819/5811/5142
f 4819/5811/5142 4820/5812/5143 4821/5813/5144 4777/5784/5119
f 4821/5813/5144 4822/5814/5145 4778/5785/5120 4777/5784/5119
f 4822/5814/5145 4780/5787/5122 4779/5786/5121 4778/5785/5120
f 4780/5787/5122 4822/5814/5145 4823/5815/5146 4824/5816/5147
f 4780/5787/5122 4824/5816/5147 4825/4892/4374 4781/4891/4373
f 4825/4892/4374 4826/5063/4530 4827/5817/5148 4783/4889/4371
f 4783/4889/4371 4827/5817/5148 4828/5818/5149 4784/5788/5123
f 4827/5817/5148 4719/4955/4429 4721/4963/4437 4828/5818/5149
f 4828/5818/5149 4721/4963/4437 4731/4962/4436 4786/5790/5125
f 4786/5790/5125 4785/5789/5124 4784/5788/5123 4828/5818/5149
f 4826/5063/4530 4720/4956/4430 4719/4955/4429 4827/5817/5148
f 956/1824/1717 951/1804/1701 950/1802/1700 949/1801/1699 926/1769/1673 955/1813/1709
f 4826/5063/4530 4825/4892/4374 4824/5816/5147 4830/5819/4528
f 4831/5062/4529 4832/5820/5150 4722/4967/4441 4724/4966/4440
f 4830/5819/4528 4824/5816/5147 4823/5815/5146 4831/5821/4529
f 4831/5821/4529 4823/5815/5146 4833/5822/5151 4832/5823/5150
f 4793/5824/5129 4791/5825/1120 4832/5823/5150 4833/5822/5151
f 4833/5822/5151 4821/5813/5144 4820/5812/5143 4793/5824/5129
f 4793/5795/5129 4820/5826/5143 4834/5827/5152 4794/5796/5130
f 4796/5800/5132 4795/5798/5131 4794/5796/5130 4834/5827/5152
f 4834/5827/5152 4818/5809/5141 4817/5808/5140 4796/5800/5132
f 4796/5800/5132 4817/5808/5140 4835/5828/5153 4797/5801/5133
f 4799/5803/5135 4798/5802/5134 4797/5801/5133 4835/5828/5153
f 4835/5828/5153 4814/5043/4511 4836/1362/1290 4799/5803/5135
f 4799/5803/5135 4836/1362/1290 4837/1361/1289 4800/5804/5136
f 4837/1361/1289 4838/1360/1288 4839/888/848 4801/887/847 4800/5804/5136
f 911/1406/1334 946/1405/1333 932/1815/1679 947/5829/1710 948/1799/1698
f 32/46/46 21/27/27 14/16/16 30/3050/2859 31/43/43
f 4835/5828/5153 4817/5808/5140 4815/5807/5139 4814/5043/4511
f 4820/5826/5143 4819/5810/5142 4818/5809/5141 4834/5827/5152
f 4833/5822/5151 4823/5815/5146 4822/5814/5145 4821/5813/5144
f 4791/1171/1120 4723/1170/1119 4722/4967/4441 4832/5820/5150
f 3445/1104/1059 3221/4591/4150 1882/4468/4048 1880/2827/2645 3431/1105/1060
f 4786/5790/5125 4731/4962/4436 4730/4970/4444 4787/5791/5126
f 4845/3400/3173 4846/5830/5154 4843/5831/5155 4842/3401/3174
f 5161/1238/1180 5175/5832/5156 5158/5833/5157 5154/5834/5158 5157/1239/1181
f 4847/5101/4561 4848/5104/4564 4849/5835/5159 4850/993/948
f 4849/5835/5159 4851/5836/5160 4852/5837/5161 4850/993/948
f 4853/4817/4333 4847/5101/4561 4850/993/948 4854/992/947
f 4855/5838/5162 4856/4602/4157 4857/995/950 4858/5839/5163
f 4859/5840/5164 4860/5841/5165 4861/5102/4562 4862/4816/4332
f 4863/5842/5166 4864/5843/5167 4865/5844/5168
f 4866/4813/4329 4867/4812/4328 4868/5845/5169 4869/4814/4330
f 4870/5846/5170 4871/5847/5171 4872/4815/4331 4869/4814/4330
f 582/1120/1075 584/1123/1078 535/1127/1081 536/1451/1378 534/1450/1377
f 4877/5848/5172 4878/5147/4598 4879/5146/4597 4880/5849/5173
f 4881/5850/5174 4882/5851/5175 4878/5147/4598 4877/5848/5172
f 4880/5849/5173 4883/4710/4245 4884/4709/4244 4877/5848/5172
f 3720/3819/3512 3722/3818/3511 2485/4860/489 3721/5852/488
f 4887/4707/4242 4863/5842/5166 4865/5844/5168 4886/4708/4243
f 4888/4706/4241 4889/5853/5176 4863/5842/5166 4887/4707/4242
f 4889/5853/5176 4890/5854/5177 4891/5855/5178 4863/5842/5166
f 4890/5854/5177 4892/5856/5179 4852/5837/5161 4891/5855/5178
f 4890/5854/5177 4858/5839/5163 4892/5856/5179
f 4858/5839/5163 4857/995/950 4893/994/949 4892/5856/5179
f 1261/2185/2046 1258/2176/2037 1488/4819/4335 2353/4574/4139 2348/3720/3440 1262/2186/2047
f 4856/4602/4157 4896/5857/4159 4894/996/951 4857/995/950
f 4894/996/951 4896/5857/4159 4897/5858/4158 4898/5859/5180
f 4899/5860/5181 4900/5861/5182 4898/5859/5180 4897/5858/4158
f 4844/5862/5183 4899/5863/5181 4897/4603/4158 4901/3402/3175 4842/3401/3174 4843/5831/5155
f 1692/1650/1564 1691/2731/2535 1229/2151/2015 1255/2747/2551 1694/2746/2550 1695/1651/1565
f 4902/3392/3165 4856/4602/4157 4855/5838/5162 4903/3393/3166
f 4766/4996/4468 4763/4995/4467 4779/5786/5121 4762/3678/3406 4765/3677/3405
f 4904/3394/3167 4903/3393/3166 4905/5864/5184 4906/5865/5185
f 4906/5865/5185 4907/5866/5186 4908/3395/3168 4904/3394/3167
f 4907/5866/5186 4909/5867/5187 4910/3396/3169 4908/3395/3168
f 4576/1399/1327 4575/1398/1326 4542/5652/5010 4543/5654/5011 4544/5669/5025
f 4911/5868/5188 4875/3397/3170 4910/3396/3169 4909/5867/5187
f 4874/3398/3171 4875/3397/3170 4911/5868/5188 4912/5869/5189
f 4913/5870/5190 4873/3399/3172 4874/3398/3171 4912/5869/5189
f 4846/5830/5154 4845/3400/3173 4873/3399/3172 4913/5870/5190
f 4913/5871/5190 4914/5872/5191 4915/5873/5192 4846/5874/5154
f 4846/5874/5154 4915/5873/5192 4916/5875/5193 4843/5876/5155
f 4843/5877/5155 4916/5878/5193 4917/5879/5194 4844/5880/5183
f 4917/5879/5194 4900/5861/5182 4899/5860/5181 4844/5880/5183
f 4900/5861/5182 4917/5879/5194 4918/5881/5195 4868/5845/5169
f 4900/5861/5182 4868/5845/5169 4867/4812/4328 4898/5859/5180
f 4867/4812/4328 4895/997/952 4894/996/951 4898/5859/5180
f 4918/5881/5195 4917/5879/5194 4916/5878/5193 4929/5882/5196 4871/5847/5171 4870/5846/5170
f 4870/5846/5170 4869/4814/4330 4868/5845/5169 4918/5881/5195
f 4914/5872/5191 4920/648/615 4919/4916/4397 4915/5873/5192
f 4920/648/615 4914/5872/5191 4921/5148/4599 4922/649/616
f 3061/2128/1992 3241/2127/1991 3238/2274/2129 2708/2278/2133
f 4912/5883/5189 4911/5884/5188 4923/5149/4600 4921/5148/4599
f 4923/5149/4600 4911/5884/5188 4909/5867/5187 4924/5885/5197
f 4883/4710/4245 4880/5849/5173 4924/5885/5197 4925/4711/4246
f 4924/5885/5197 4880/5849/5173 4879/5146/4597 4923/5149/4600
f 4924/5885/5197 4909/5867/5187 4907/5866/5186 4925/4711/4246
f 4907/5866/5186 4906/5865/5185 4888/4706/4241 4925/4711/4246
f 4906/5865/5185 4905/5864/5184 4889/5853/5176 4888/4706/4241
f 4914/5872/5191 4913/5871/5190 4912/5883/5189 4921/5148/4599
f 4034/5168/4615 4017/855/817 4012/854/816 4011/3589/3334 4019/3588/3333
f 4322/5399/4795 4327/5421/4811 4328/5420/4804 4326/5886/4806 4309/5436/4826
f 4916/5875/5193 4915/5873/5192 4919/4916/4397 4928/4915/4396 4929/5887/5196
f 4929/5887/5196 4928/4915/4396 4930/5888/5198 4931/5889/5199
f 4929/5882/5196 4931/5890/5199 4932/5891/5200 4871/5847/5171
f 4179/5248/4684 4156/5247/4683 4153/5271/4703 4152/5892/4702 4178/5290/4721 4107/5291/4722
f 4931/5890/5199 4933/5893/5201 4934/5894/5202 4932/5891/5200
f 4934/5894/5202 4935/5895/5203 4936/5896/5204 4932/5891/5200
f 4936/5896/5204 4872/4815/4331 4871/5847/5171 4932/5891/5200
f 4935/5895/5203 4937/5897/5205 4859/5840/5164 4936/5896/5204
f 4936/5896/5204 4859/5840/5164 4862/4816/4332 4872/4815/4331
f 4938/5898/5206 4930/5888/5198 4939/5899/5207 4940/5900/5208
f 4940/5900/5208 4939/5899/5207 4941/5901/5209 4942/5902/5210
f 4930/5888/5198 4928/4915/4396 4927/647/614 4939/5899/5207
f 4939/5899/5207 4927/647/614 4943/646/613 4941/5901/5209
f 4882/5851/5175 4944/5903/5211 4941/5901/5209 4943/646/613
f 4926/650/617 4878/5147/4598 4882/5851/5175 4943/646/613
f 4938/5898/5206 4933/5904/5201 4931/5889/5199 4930/5888/5198
f 4903/3393/3166 4855/5838/5162 4858/5839/5163 4905/5864/5184
f 4850/993/948 4852/5837/5161 4892/5856/5179 4893/994/949
f 3753/1853/1745 3750/1852/1744 3745/4901/4383 3748/4904/4386 3763/4914/4395
f 3985/3728/3445 3945/3727/3444 3944/988/943 3951/987/942 3962/5095/4555 3958/5091/4551 3957/5090/4550 3960/5093/4553
f 4891/5855/5178 4852/5837/5161 4851/5836/5160 4864/5843/5167
f 4890/5854/5177 4889/5853/5176 4905/5864/5184
f 4905/5864/5184 4858/5839/5163 4890/5854/5177
f 4863/5842/5166 4891/5855/5178 4864/5843/5167
f 4945/5905/5212 4946/5906/5213 4947/5907/5214 4948/5908/5215
f 4945/5905/5212 4948/5908/5215 4949/5909/5216
f 4950/5910/5217 4951/5911/5218 4952/5912/5219
f 4953/5913/5220 4954/5914/5221 4955/5915/5222
f 4956/1601/1517 4957/1600/1516 4958/5916/5223 4959/5917/5224
f 4960/5918/5225 4956/1601/1517 4959/5917/5224
f 4959/5917/5224 4961/5919/5226 4962/5920/5227 4960/5918/5225
f 4960/5918/5225 4962/5920/5227 4963/5921/5228 4964/5922/5229
f 4964/5922/5229 4965/5923/5230 4966/1603/1519 4967/1602/1518
f 4967/1602/1518 4956/1601/1517 4960/5918/5225 4964/5922/5229
f 4121/3472/3238 4123/4500/4076 4179/5248/4684 4107/5291/4722 4108/5288/4720 4109/3473/3239
f 4969/1599/1515 4970/5924/5231 4946/5906/5213 4957/1600/1516
f 4946/5906/5213 4970/5924/5231 4971/5925/5232 4947/5907/5214
f 4955/5915/5222 4948/5908/5215 4947/5907/5214 4953/5913/5220
f 4972/5926/5233 4949/5909/5216 4948/5908/5215 4955/5915/5222
f 4972/5926/5233 4973/5927/5234 4974/5928/5235 4949/5909/5216
f 4958/5916/5223 4945/5905/5212 4949/5909/5216 4974/5928/5235
f 4974/5928/5235 4961/5919/5226 4959/5917/5224 4958/5916/5223
f 4961/5919/5226 4974/5928/5235 4973/5927/5234 4952/5929/5219
f 4952/5929/5219 4951/5911/5218 4962/5920/5227 4961/5919/5226
f 4951/5911/5218 4975/5930/5236 4963/5921/5228 4962/5920/5227
f 4963/5921/5228 4975/5930/5236 4976/5931/5237 4977/5932/5238
f 4977/5932/5238 4965/5923/5230 4964/5922/5229 4963/5921/5228
f 4965/5923/5230 4977/5932/5238 4978/5933/5239 4979/5934/5240
f 4965/5923/5230 4979/5934/5240 4980/5935/5241 4966/1603/1519
f 4966/1603/1519 4980/5935/5241 4981/5936/5242 4968/1604/1520
f 4968/1604/1520 4981/5936/5242 4982/5937/5243 4983/5938/5244
f 4969/1599/1515 4968/1604/1520 4983/5938/5244 4970/5924/5231
f 4984/5230/4670 4971/5925/5232 4970/5924/5231 4983/5938/5244
f 4985/5229/4669 4986/5939/5245 4971/5925/5232 4984/5230/4670
f 4986/5939/5245 4953/5913/5220 4947/5907/5214 4971/5925/5232
f 4986/5939/5245 4985/5229/4669 4987/5940/5246 4988/5941/5247
f 4954/5914/5221 4953/5913/5220 4986/5939/5245 4988/5941/5247
f 4988/5941/5247 4987/5940/5246 4989/5942/5248 4990/5943/5249
f 4990/5943/5249 4991/5944/5250 4954/5914/5221 4988/5941/5247
f 4991/5944/5250 4990/5943/5249 4992/5945/5251 4993/5946/5252
f 4973/5947/5234 4972/5948/5233 4991/5944/5250 4993/5946/5252
f 4993/5949/5252 4950/5910/5217 4952/5912/5219 4973/5950/5234
f 4992/5951/5251 4994/5952/5253 4950/5910/5217 4993/5949/5252
f 4994/5952/5253 4992/5951/5251 4995/5953/5254 4996/5954/5255
f 4996/5954/5255 4976/5931/5237 4975/5930/5236 4994/5952/5253
f 4975/5930/5236 4951/5911/5218 4950/5910/5217 4994/5952/5253
f 4997/5955/5256 4978/5933/5239 4977/5932/5238 4976/5931/5237
f 4978/5933/5239 4997/5955/5256 4998/5956/5257 4999/5957/5258
f 5000/5958/5259 4979/5934/5240 4978/5933/5239 4999/5957/5258
f 5001/5959/5260 4980/5935/5241 4979/5934/5240 5000/5958/5259
f 5002/5960/5261 4981/5936/5242 4980/5935/5241 5001/5959/5260
f 5003/5961/5262 4982/5937/5243 4981/5936/5242 5002/5960/5261
f 5004/5231/4671 4984/5230/4670 4983/5938/5244 4982/5937/5243
f 4985/5229/4669 5007/5228/4668 5008/5962/5263 4987/5940/5246
f 4987/5940/5246 5008/5962/5263 5009/5963/5264 4989/5942/5248
f 5009/5963/5264 5010/5964/5265 4995/5965/5254 4989/5942/5248
f 4995/5965/5254 4992/5945/5251 4990/5943/5249 4989/5942/5248
f 5010/5966/5265 5011/5967/5266 4996/5954/5255 4995/5953/5254
f 5012/5968/5267 4998/5956/5257 4997/5955/5256 5011/5967/5266
f 5011/5967/5266 4997/5955/5256 4976/5931/5237 4996/5954/5255
f 5013/5969/5268 5008/5962/5263 5007/5228/4668 5006/5233/4673
f 5014/5970/5269 5009/5963/5264 5008/5962/5263 5013/5969/5268
f 5010/5964/5265 5009/5963/5264 5014/5970/5269 5015/5971/5270
f 5015/5972/5270 5012/5968/5267 5011/5967/5266 5010/5966/5265
f 4991/5944/5250 4972/5948/5233 4955/5915/5222 4954/5914/5221
f 4957/1600/1516 4946/5906/5213 4945/5905/5212 4958/5916/5223
f 5016/2525/2351 5017/2524/2350 5018/1529/1451 5019/1528/1450
f 5020/5973/5271 5021/5974/5272 5022/5975/5273 5023/5976/5274
f 5024/5977/5275 5025/5978/5276 5021/5974/5272 5020/5973/5271
f 5029/5979/5277 5030/5980/5278 5027/5981/5279 5026/5982/5280
f 5030/5980/5278 5029/5979/5277 5031/5983/5281 5032/5984/5282
f 5031/5983/5281 5033/4371/3957 5034/4370/3956 5032/5984/5282
f 5031/5983/5281 5029/5979/5277 5035/5985/5283 5033/4371/3957
f 5036/5986/5284 5037/5987/5285 5038/1300/1232 5039/1299/1231
f 5036/5986/5284 5039/1299/1231 5040/5403/4799 5041/5402/4798
f 5036/5986/5284 5041/5402/4798 5042/5407/4803 5037/5987/5285
f 5045/1298/1230 5044/1297/1229 5046/5988/5286 5047/5989/5287
f 5046/5988/5286 5048/5990/5288 5047/5989/5287
f 5047/5989/5287 5040/5403/4799 5039/1299/1231 5045/1298/1230
f 4326/5410/4806 4330/4828/4338 4307/4827/4337 4308/5437/4827 4309/5436/4826
f 961/1833/1726 978/1849/1741 979/804/767 964/803/766 983/802/765 982/1862/1754
f 5054/5991/5289 5025/5978/5276 5055/5992/5290 5056/5993/5291
f 5024/5977/5275 5057/5994/5292 5055/5992/5290 5025/5978/5276
f 5058/5995/5293 5055/5992/5290 5057/5994/5292 5059/5996/5294
f 5056/5993/5291 5055/5992/5290 5058/5995/5293 5060/5997/5295
f 5061/5998/5296 5062/5999/5297 5060/5997/5295 5063/1418/1346
f 5064/6000/5298 5061/5998/5296 5063/1418/1346 5065/1417/1345
f 5065/1417/1345 5066/6001/5299 5067/6002/5300 5064/6000/5298
f 5067/6003/5300 5030/5980/5278 5032/5984/5282 5064/6004/5298
f 5030/5980/5278 5067/6003/5300 5068/6005/5301 5027/5981/5279
f 5027/5981/5279 5068/6005/5301 5069/2527/2353 5028/2526/2352
f 3378/327/312 3379/3281/3066 3380/2829/2647 3376/328/313
f 4808/5039/4507 4764/3676/3404 4761/3679/3407 4758/5779/5117 4760/5040/4508
f 223/6006/5302 209/4497/4073 231/4496/4072 232/400/385 229/393/378 228/392/377 227/391/376 220/363/348
f 5071/6007/5303 5049/4372/3958 5033/4371/3957 5035/5985/5283
f 5051/4369/3955 5062/5999/5297 5061/5998/5296 5034/4370/3956
f 5064/6004/5298 5032/5984/5282 5034/4370/3956 5061/5998/5296
f 5060/5997/5295 5062/5999/5297 5072/1525/1447 5056/5993/5291
f 5073/6008/1446 5054/5991/5289 5056/5993/5291 5072/1525/1447
f 5073/6008/1446 5018/6009/1451 5074/4687/4227 5054/5991/5289
f 1487/553/530 2638/552/529 2637/4001/3658 1488/4819/4335 1258/2176/2037 1257/1409/1337
f 5075/4686/4226 5076/6010/5304 5077/6011/5305 5078/6012/5306 5022/5975/5273 5021/5974/5272 5025/5978/5276 5054/5991/5289 5074/4687/4227
f 5079/6013/5307 5080/6014/5308 5042/6015/4803 5053/6016/4802
f 5079/6013/5307 5077/6011/5305 5076/6010/5304 5080/6014/5308
f 5076/6010/5304 5075/4686/4226 5081/4685/4225 5080/6014/5308
f 5081/4685/4225 5082/4684/4224 5038/6017/1232 5037/6018/5285
f 5037/6018/5285 5042/6015/4803 5080/6014/5308 5081/4685/4225
f 1024/1930/1814 2742/4093/3739 2741/3833/3528 2424/4058/3711 2425/4060/3713 1025/1931/1815
f 5043/6019/1233 5038/6017/1232 5082/4684/4224 5083/4683/4223
f 5017/6020/2350 5083/4683/4223 5074/4687/4227 5018/6009/1451
f 994/1894/1781 992/6021/3959 991/1890/1777 1003/1889/1776 1016/1911/1798 1018/1910/1797 1004/1891/1778
f 5062/5999/5297 5051/4369/3955 5050/1526/1448 5072/1525/1447
f 904/1747/1653 905/1750/1656 906/4480/4059 891/1730/1639 903/1746/1652
f 5049/4372/3958 5071/6007/5303 5084/1527/1449 5050/1526/1448
f 5043/6019/1233 5083/4683/4223 5017/6020/2350 5070/6022/2349
f 5043/1301/1233 5070/6023/2349 5069/6024/2353 5044/1297/1229
f 5046/5988/5286 5044/1297/1229 5069/6024/2353 5068/6025/5301
f 5066/6001/5299 5046/5988/5286 5068/6025/5301 5067/6002/5300
f 5085/6026/5309 5086/6027/5310 5087/6028/5311 5048/5990/5288
f 5087/6028/5311 5088/6029/5312 5047/5989/5287 5048/5990/5288
f 5088/6029/5312 5089/5404/4800 5040/5403/4799 5047/5989/5287
f 5066/6001/5299 5065/1417/1345 5090/1416/1344 5085/6026/5309
f 5090/1416/1344 5091/1421/1349 5086/6027/5310 5085/6026/5309
f 5035/5985/5283 5029/5979/5277 5026/5982/5280 5027/5981/5279 5028/2526/2352 5016/2525/2351 5019/1528/1450 5084/1527/1449 5071/6007/5303
f 5092/1419/1347 5058/5995/5293 5059/5996/5294 5093/1420/1348
f 5058/5995/5293 5092/1419/1347 5063/1418/1346 5060/5997/5295
f 5085/6026/5309 5048/5990/5288 5046/5988/5286 5066/6001/5299
f 3477/4612/4166 3479/4614/4168 2145/3441/3213 2146/3440/3212 2141/3430/3202
f 5094/5354/5313 5095/5356/5314 5096/5355/5315
f 5097/5357/5316 5094/5354/5313 5096/5355/5315
f 2360/3787/3494 2363/3744/3455 2356/1343/1275 2357/1342/1274 2358/3742/3453 2359/3743/3454
f 755/1513/1435 754/1512/800 710/1472/799 707/1473/1396
f 5104/5367/5317 5105/5366/5318 5102/5365/832 5106/5368/5319
f 5104/5367/5317 5106/5368/5319 5107/5369/5320 5108/2842/3518
f 5105/5366/5318 5104/5367/5317 5108/2842/3518 5109/2843/3517
f 1198/4456/4036 1800/2921/2738 1796/2924/2741 1799/4021/3675 1794/4020/3674
f 5114/5371/824 5115/5372/823 5111/2836/3516 5113/2837/3515
f 5116/2838/5321 5117/5373/4011 5114/5371/824 5113/2837/3515
f 1189/2102/1970 1358/2425/2258 1359/2424/2257 1360/3693/3416 1361/3684/3411
f 5124/5374/5322 5125/5375/5323 5123/3233/4364 5122/3234/4363
f 5103/5376/822 5102/5377/832 5105/5366/5318 5109/2843/3517
f 5109/2843/3517 5111/2836/3516 5115/5372/823 5103/5376/822
f 5128/5378/5324 5095/5356/5314 5098/4084/5128 5126/3232/4362
f 5126/3232/4362 5123/3233/4364 5125/5375/5323 5128/5378/5324
f 5125/5375/5323 5124/5374/5322 5129/5379/5325 5130/281/2565
f 5131/5380/5326 5132/5381/5327 5133/2839/5328 5134/280/2566
f 5130/281/2565 5129/5379/5325 5131/5380/5326 5134/280/2566
f 5128/5378/5324 5125/5375/5323 5130/281/2565 5136/276/2564
f 5128/5378/5324 5136/276/2564 5137/277/2563 5095/5356/5314
f 5097/5357/5316 5101/5383/831 5099/5382/830 5094/5354/5313
f 5098/4084/5128 5095/5356/5314 5094/5354/5313 5099/5382/830
f 5106/5368/5319 5102/5365/832 5101/5383/831 5097/5357/5316
f 5138/278/2562 5107/5369/5320 5096/5355/5315 5137/277/2563
f 5135/279/2561 5112/2840/3514 5110/2841/3513 5138/278/2562
f 5112/2840/3514 5135/279/2561 5134/280/2566 5133/2839/5328
f 5133/2839/5328 5116/2838/5321 5113/2837/3515 5112/2840/3514
f 5116/2838/5321 5133/2839/5328 5132/5381/5327 5139/5386/5329
f 5139/5386/5329 5119/5387/4012 5117/5373/4011 5116/2838/5321
f 5107/5369/5320 5106/5368/5319 5097/5357/5316 5096/5355/5315
f 5138/278/2562 5110/2841/3513 5108/2842/3518 5107/5369/5320
f 5096/5355/5315 5095/5356/5314 5137/277/2563
f 3718/1739/1645 2875/983/938 2781/982/937 2789/1623/1537
f 5143/6030/5330 5144/6031/5331 5145/6032/5332
f 5147/6033/5333 5148/6034/5334 5149/6035/5335 5150/6036/5336
f 5154/5834/5158 5155/6037/5337 5156/6038/5338 5157/1239/1181
f 4327/5421/4811 4322/5399/4795 4321/5398/4794 4325/5424/4814 4341/5422/4812
f 1295/2049/1921 1348/2288/2141 1351/2290/2142 1298/2050/1922
f 5160/6039/1179 5159/5388/1178 5162/678/645 5163/6040/5339
f 5163/6040/5339 5164/6041/5340 5165/6042/5341 5160/6039/1179
f 5164/6041/5340 5166/6043/523 5167/6044/522 5165/6042/5341
f 5164/6041/5340 5150/6036/5336 5149/6035/5335 5166/6043/523
f 5149/6035/5335 5168/6045/5342 5169/547/524 5166/546/523
f 5169/547/524 5168/6045/5342 5144/6031/5331 5170/548/525
f 2506/4795/4315 2507/4794/4271 2505/3900/3579 2504/3899/3578 2859/4157/3784 2427/3858/3544 2426/3857/3543 2429/3860/3546 2428/3859/3545
f 5172/6046/521 5173/6047/5343 5165/6048/5341 5167/6049/522
f 5173/6047/5343 5161/1238/1180 5160/1237/1179 5165/6048/5341
f 5173/6047/5343 5174/6050/5344 5175/5832/5156 5161/1238/1180
f 5158/5833/5157 5176/6051/5345 5177/6052/5346 5154/5834/5158
f 5154/5834/5158 5177/6052/5346 5178/6053/5347 5155/6037/5337
f 5178/6053/5347 5177/6052/5346 5179/6054/5348 5180/6055/5349
f 5179/6054/5348 5181/6056/5350 5151/4426/4009 5153/4425/4008
f 5153/4425/4008 5182/6057/5351 5180/6055/5349 5179/6054/5348
f 5181/6056/5350 5179/6054/5348 5177/6052/5346 5176/6051/5345
f 5176/6051/5345 5183/6058/5352 5184/6059/5353 5181/6056/5350
f 5176/6051/5345 5158/5833/5157 5175/5832/5156 5183/6058/5352
f 5183/6058/5352 5175/5832/5156 5174/6050/5344 5185/6060/5354
f 5171/549/526 5170/548/525 5185/6060/5354 5174/6050/5344
f 5170/548/525 5144/6031/5331 5143/6030/5330 5185/6060/5354
f 5185/6060/5354 5143/6030/5330 5184/6059/5353 5183/6058/5352
f 5181/6056/5350 5184/6059/5353 5186/4427/4010 5151/4426/4009
f 3459/4349/3940 3512/4348/3939 3515/4647/4198 3463/4605/4160
f 5190/677/644 5188/1923/1809 5148/6034/5334 5147/6033/5333
f 5191/6061/5355 5148/6034/5334 5188/1923/1809 5187/1926/1812
f 5149/6035/5335 5148/6034/5334 5191/6061/5355 5168/6045/5342
f 5187/1926/1812 5186/4427/4010 5145/6032/5332 5191/6061/5355
f 5145/6032/5332 5144/6031/5331 5168/6045/5342 5191/6061/5355
f 5162/678/645 5190/677/644 5147/6033/5333 5163/6040/5339
f 5174/6050/5344 5173/6047/5343 5172/6046/521 5171/549/526
f 5163/6040/5339 5147/6033/5333 5150/6036/5336 5164/6041/5340
f 5157/1239/1181 5192/6062/5356 5142/5389/4786 5141/1240/1182
f 5184/6059/5353 5143/6030/5330 5145/6032/5332 5186/4427/4010
f 5193/6063/5357 5194/6064/5358 5195/6065/5359
f 5196/6066/5360 5197/6067/5361 5198/6068/5362 5199/6069/5363
f 580/1121/1076 582/1120/1075 534/1450/1377 532/2849/2667
f 5203/6070/5364 5204/6071/5365 5205/5513/4896 5206/5512/4895
f 5207/6072/5366 5208/4172/3797 5209/4171/3796 5210/6073/5367
f 5201/3025/2837 5211/6074/4841 5202/6075/2833
f 1008/1917/1804 1010/1918/1805 1009/1907/1794 981/1863/1755 1000/1886/1773 1007/1895/1782
f 5212/3022/2834 5214/5453/4843 5210/6073/5367 5215/3023/2835
f 5210/6073/5367 5209/4171/3796 5216/6076/5368 5215/3023/2835
f 5209/4171/3796 5217/4175/3800 5218/6077/5369 5216/6076/5368
f 5217/4175/3800 5219/6078/5370 5220/6079/5371 5218/6077/5369
f 5221/6080/5372 5222/6081/5373 5223/6082/5374 5224/6083/5375
f 5224/6083/5375 5223/6082/5374 5225/6084/5376 5226/6085/5377
f 5226/6085/5377 5225/6084/5376 5211/6074/4841 5201/3025/2837
f 5227/6086/5378 5228/6087/5379 5225/6084/5376 5223/6082/5374
f 5228/6087/5379 5213/6088/4842 5211/6074/4841 5225/6084/5376
f 5229/6089/5380 5230/6090/5381 5214/5453/4843 5213/5452/4842
f 5214/5453/4843 5230/6090/5381 5207/6072/5366 5210/6073/5367
f 5230/6090/5381 5231/6091/5382 5208/4172/3797 5207/6072/5366
f 5232/4173/3798 5208/4172/3797 5233/6092/5383
f 396/898/858 401/735/698 399/734/697 394/902/862
f 5234/4174/3799 5232/4173/3798 5235/6093/5384 5236/6094/5385
f 5234/4174/3799 5236/6094/5385 5219/6078/5370 5217/4175/3800
f 5236/6094/5385 5235/6093/5384 5237/6095/5386 5238/6096/5387
f 5239/6097/5388 5219/6078/5370 5236/6094/5385 5238/6096/5387
f 5238/6096/5387 5237/6095/5386 5240/6098/5389 5241/6099/5390
f 5241/6099/5390 5242/6100/5391 5239/6097/5388 5238/6096/5387
f 5241/6099/5390 5240/6098/5389 5243/6101/5392 5244/6102/5393
f 5244/6102/5393 5245/6103/5394 5242/6100/5391 5241/6099/5390
f 5243/6101/5392 5246/6104/5395 5247/6105/5396 5244/6102/5393
f 5247/6105/5396 5248/6106/5397 5245/6103/5394 5244/6102/5393
f 5246/6104/5395 5249/6107/5398 5250/6108/5399 5247/6105/5396
f 5250/6108/5399 5251/6109/5400 5248/6106/5397 5247/6105/5396
f 5249/6107/5398 5252/6110/5401 5222/6081/5373 5250/6108/5399
f 5222/6081/5373 5221/6080/5372 5251/6109/5400 5250/6108/5399
f 5252/6110/5401 5249/6107/5398 5196/6066/5360 5253/6111/5402
f 5253/6111/5402 5227/6086/5378 5223/6082/5374 5252/6110/5401
f 5223/6082/5374 5222/6081/5373 5252/6110/5401
f 5254/6112/5403 5255/6113/5404 5228/6087/5379 5227/6086/5378
f 5255/6114/5404 5254/6115/5403 5256/5509/4892 5257/5508/4891
f 5257/5508/4891 5258/6116/5405 5229/6117/5380 5255/6114/5404
f 5255/6113/5404 5229/6118/5380 5213/6088/4842 5228/6087/5379
f 5258/6116/5405 5257/5508/4891 5205/5513/4896 5204/6071/5365
f 5204/6119/5365 5259/6120/5406 5231/6091/5382 5258/6121/5405
f 5258/6121/5405 5231/6091/5382 5230/6090/5381 5229/6089/5380
f 5233/6092/5383 5208/4172/3797 5231/6091/5382 5259/6120/5406
f 5233/6092/5383 5259/6120/5406 5260/6122/5407 5261/6123/5408
f 5261/6123/5408 5235/6093/5384 5232/4173/3798 5233/6092/5383
f 5262/6124/5409 5237/6095/5386 5235/6093/5384 5261/6123/5408
f 5263/6125/5410 5240/6098/5389 5237/6095/5386 5262/6124/5409
f 5243/6101/5392 5240/6098/5389 5263/6125/5410 5264/6126/5411
f 5264/6126/5411 5197/6067/5361 5246/6104/5395 5243/6101/5392
f 5197/6067/5361 5196/6066/5360 5249/6107/5398 5246/6104/5395
f 5199/6069/5363 5265/6127/5412 5253/6111/5402 5196/6066/5360
f 5266/5510/4893 5256/5509/4892 5254/6115/5403 5265/6127/5412
f 5265/6127/5412 5254/6112/5403 5227/6086/5378 5253/6111/5402
f 5206/5512/4895 5267/5511/4894 5195/6065/5359 5203/6070/5364
f 5203/6070/5364 5260/6122/5407 5259/6128/5406 5204/6071/5365
f 5194/6064/5358 5262/6124/5409 5261/6123/5408 5260/6122/5407
f 5193/6063/5357 5263/6125/5410 5262/6124/5409 5194/6064/5358
f 5193/6063/5357 5268/6129/5413 5264/6126/5411 5263/6125/5410
f 5268/6129/5413 5198/6068/5362 5197/6067/5361 5264/6126/5411
f 5198/6068/5362 5268/6129/5413 5267/5511/4894 5266/5510/4893
f 5266/5510/4893 5265/6127/5412 5199/6069/5363 5198/6068/5362
f 5267/5511/4894 5268/6129/5413 5193/6063/5357 5195/6065/5359
f 5203/6070/5364 5195/6065/5359 5194/6064/5358 5260/6122/5407
f 5269/6130/5414 5270/6131/5415 5271/6132/5416 5272/6133/5417
f 5273/6134/5418 5272/6133/5417 5271/6132/5416 5274/6135/5419
f 5273/6134/5418 5274/6135/5419 5275/6136/5420 5276/6137/5421
f 5277/6138/5422 5278/6139/245 5279/6140/5423
f 5280/6141/5424 5281/6142/5425 5282/6143/5426 5283/6144/5427
f 5284/6145/5428 5285/6146/5429 5286/6147/5430 5287/6148/5431
f 5288/6149/5432 5289/6150/5433 5290/6151/5434 5291/6152/5435
f 5291/6152/5435 5290/6151/5434 5292/6153/5436 5293/6154/5437
f 5294/6155/5438 5270/6131/5415 5293/6154/5437 5292/6153/5436
f 5270/6131/5415 5294/6155/5438 5295/6156/5439 5271/6132/5416
f 5296/6157/5440 5274/6135/5419 5271/6132/5416 5295/6156/5439
f 5274/6135/5419 5297/264/249 5298/263/248 5275/6136/5420
f 5299/6158/246 5300/6159/5441 5301/6160/5442 5302/6161/247
f 5303/6162/5443 5300/6159/5441 5277/6138/5422 5304/6163/5444
f 5303/6162/5443 5304/6163/5444 5305/6164/5445 5306/6165/5446
f 5305/6164/5445 5289/6150/5433 5288/6149/5432 5306/6165/5446
f 5305/6164/5445 5307/6166/5447 5281/6142/5425 5289/6150/5433
f 5289/6150/5433 5281/6142/5425 5280/6141/5424 5290/6151/5434
f 5308/6167/5448 5282/6143/5426 5281/6142/5425 5307/6166/5447
f 5282/6143/5426 5308/6167/5448 5285/6146/5429 5284/6145/5428
f 5284/6145/5428 5287/6148/5431 5283/6144/5427 5282/6143/5426
f 5283/6144/5427 5287/6148/5431 5294/6155/5438 5292/6153/5436
f 5287/6148/5431 5286/6147/5430 5295/6156/5439 5294/6155/5438
f 5286/6147/5430 5309/6168/5449 5296/6157/5440 5295/6156/5439
f 5309/6168/5449 5310/259/244 5311/258/243 5296/6157/5440
f 5297/264/249 5274/6135/5419 5296/6157/5440 5311/258/243
f 3993/4466/4046 3992/4465/4045 3967/5370/4778
f 5278/6139/245 5277/6138/5422 5300/6159/5441 5299/6158/246
f 5278/260/245 5310/259/244 5279/6169/5423
f 5312/6170/5450 5313/6171/5451 5279/6169/5423 5310/259/244
f 5304/6163/5444 5277/6138/5422 5279/6140/5423 5313/6172/5451
f 5304/6163/5444 5313/6172/5451 5307/6166/5447 5305/6164/5445
f 5313/6173/5451 5312/6174/5450 5308/6167/5448 5307/6166/5447
f 5314/6175/5452 5285/6146/5429 5308/6167/5448 5312/6174/5450
f 5310/259/244 5309/6168/5449 5314/6176/5452 5312/6170/5450
f 5309/6168/5449 5286/6147/5430 5285/6146/5429 5314/6176/5452
f 5280/6141/5424 5283/6144/5427 5292/6153/5436 5290/6151/5434
f 5315/99/90 5316/6177/5453 5317/100/91
f 5318/4792/4313 5319/6178/5454 5320/6179/5455 5321/4787/4308
f 4490/5590/4960 4507/5603/4973 4506/5588/4959 4488/5569/4943 4487/5568/4942 4489/5570/4944
f 5323/4791/4312 5324/6180/5456 5325/6181/5457 5318/4792/4313
f 5326/6182/4299 5327/6183/5458 5324/6180/5456 5323/4791/4312
f 5327/6183/5458 5328/6184/5459 5329/6185/5460 5324/6180/5456
f 5327/6186/5458 5330/6187/5461 5331/6188/5462 5328/6189/5459
f 5324/6180/5456 5329/6185/5460 5332/6190/5463 5325/6181/5457
f 5325/6181/5457 5333/6191/5464 5319/6178/5454 5318/4792/4313
f 5334/6192/5465 5320/6179/5455 5319/6178/5454 5335/6193/5466
f 5336/6194/5467 5337/6195/5468 5338/6196/5469
f 5321/4787/4308 5320/6179/5455 5337/6195/5468 5339/4788/4309
f 5326/6182/4299 5323/4791/4312 5322/4790/4311 5341/6197/4300
f 2326/3692/3415 2339/3710/3433 2322/6198/3403 2321/6199/3396 2320/3686/3395 2323/3685/3412
f 5330/6187/5461 5327/6186/5458 5326/4777/4299 5342/2301/2153
f 5331/6188/5462 5330/6187/5461 5343/6200/5470 5344/6201/5471
f 5335/6193/5466 5319/6178/5454 5333/6191/5464 5345/6202/5472
f 5345/6202/5472 5346/6203/5473 5347/6204/5474 5335/6193/5466
f 5348/6205/5475 5334/6192/5465 5335/6193/5466 5347/6204/5474
f 5347/6204/5474 5349/5610/4978 5350/6206/5476 5348/6205/5475
f 5351/103/94 5336/6194/5467 5352/6207/5477 5353/6208/5478
f 5351/103/94 5354/102/93 5336/6194/5467
f 5355/6209/4298 5340/4789/4310 5356/101/92 5317/6210/91
f 5341/6197/4300 5322/4790/4311 5340/4789/4310 5355/6209/4298
f 84/138/127 97/139/128 52/79/70 51/78/69
f 5343/6200/5470 5330/6187/5461 5342/2301/2153 5359/2300/2152
f 5359/2300/2152 5360/5609/4977 5361/5608/4976 5343/6200/5470
f 5361/5608/4976 5362/5607/4975 5344/6201/5471 5343/6200/5470
f 3064/639/606 3067/638/605 2846/1520/1442 2845/4139/3770 3076/1619/1533
f 5363/5611/4979 5349/5610/4978 5347/6204/5474 5346/6203/5473
f 5349/5610/4978 5360/5609/4977 5365/6211/5479 5350/6206/5476
f 5360/5609/4977 5359/2300/2152 5358/2299/2151 5365/6211/5479
f 5365/6211/5479 5358/2299/2151 5366/2298/2150 5367/6212/5480
f 5367/6212/5480 5353/6208/5478 5350/6206/5476 5365/6211/5479
f 5367/6212/5480 5366/2298/2150 5315/99/90 5368/98/89
f 5368/98/89 5351/103/94 5353/6208/5478 5367/6212/5480
f 5316/6213/5453 5357/2297/2149 5355/4776/4298 5317/6214/91
f 5315/99/90 5366/2298/2150 5357/2297/2149 5316/6177/5453
f 4522/5602/4972 4483/5564/4938 4482/5563/4937 4535/5614/4982 4519/5599/4969 4521/5601/4971
f 5356/101/92 5340/4789/4310 5339/4788/4309 5354/102/93
f 5354/102/93 5339/4788/4309 5337/6195/5468 5336/6194/5467
f 5320/6179/5455 5334/6192/5465 5338/6196/5469 5337/6195/5468
f 5353/6208/5478 5352/6207/5477 5348/6205/5475 5350/6206/5476
f 5352/6207/5477 5338/6196/5469 5334/6192/5465 5348/6205/5475
f 5336/6194/5467 5338/6196/5469 5352/6207/5477
f 5369/6215/5481 5370/6216/5482 5371/6217/5483 5372/6218/5484
f 5369/6215/5481 5373/6219/5485 5374/2542/2368 5370/6216/5482
f 3132/4667/4209 2737/4096/3742 2736/4095/3741 2738/4153/3781 2739/4152/3780 3454/4598/4154 3453/4597/4153
f 5378/6220/5486 5379/6221/5487 5380/6222/5488 5381/6223/5489
f 5373/6219/5485 5382/2543/2369 5374/2542/2368
f 205/4438/4023 533/1448/1375 570/1102/1057 245/406/391 206/853/815
f 5389/6224/5490 5390/6225/5491 5384/1392/1320 5388/1391/1319
f 5388/1391/1319 5391/6226/5492 5392/6227/5493 5389/6224/5490
f 5395/6228/5494 5378/6229/5486 5371/6217/5483 5393/6230/5495
f 5370/6216/5482 5396/6231/5496 5393/6230/5495 5371/6217/5483
f 5378/6229/5486 5381/6232/5489 5372/6218/5484 5371/6217/5483
f 5380/6222/5488 5397/6233/5497 5372/6234/5484 5381/6235/5489
f 5397/6233/5497 5398/6236/5498 5382/2543/2369 5373/6219/5485
f 5373/6219/5485 5369/6215/5481 5372/6234/5484 5397/6233/5497
f 5398/6236/5498 5399/6237/5499 5400/2544/2370 5382/2543/2369
f 5396/6231/5496 5370/6216/5482 5374/2542/2368 5401/2541/2367
f 5401/2541/2367 5402/2540/2366 5403/4894/4376 5396/6231/5496
f 5396/6231/5496 5403/4894/4376 5394/4893/4375 5393/6230/5495
f 5394/4893/4375 5404/4897/4379 5390/6238/5491 5389/6239/5490 5392/6240/5493 5395/6228/5494 5393/6230/5495
f 5405/6241/5500 5385/1393/1321 5384/1392/1320 5390/6225/5491
f 2137/2944/2761 2135/3450/3220 1135/3634/3366 1467/3626/3358 1464/2945/2762
f 5391/6226/5492 5388/1391/1319 5387/1390/1318 5409/733/696
f 5391/6226/5492 5409/733/696 5375/732/695 5410/6242/5501
f 5410/6242/5501 5395/6243/5494 5392/6227/5493 5391/6226/5492
f 5379/6221/5487 5378/6220/5486 5395/6243/5494 5410/6242/5501
f 5410/6242/5501 5377/731/694 5379/6221/5487
f 5377/731/694 5411/6244/5502 5380/6222/5488 5379/6221/5487
f 5411/6244/5502 5398/6236/5498 5397/6233/5497 5380/6222/5488
f 5399/6237/5499 5398/6236/5498 5411/6244/5502 5412/6245/5503
f 5412/6245/5503 5413/6246/5504 5414/6247/5505 5399/6237/5499
f 5415/2545/2371 5400/2544/2370 5399/6237/5499 5414/6247/5505
f 4379/1110/1065 4380/5454/4844 4381/5469/4857 4378/6248/4840 4368/6249/1066
f 5416/4895/4377 5403/4894/4376 5402/2540/2366 5417/1937/1821
f 5416/4895/4377 5417/1937/1821 5418/1942/1826 5419/4896/4378
f 5404/4897/4379 5419/4896/4378 5420/6250/5506 5421/6251/5507
f 5405/6252/5500 5390/6238/5491 5404/4897/4379 5421/6251/5507
f 5420/6250/5506 5419/4896/4378 5418/1942/1826 5422/1941/1825
f 4584/5299/4730 4586/5659/5016 4589/5663/5019 4591/6253/5508 4590/5664/5020 4592/5292/4723
f 5425/1938/1822 5426/6254/5509 5427/6255/5510 5423/1939/1823
f 5415/2545/2371 5414/6247/5505 5426/6254/5509 5425/1938/1822
f 5426/6254/5509 5428/6256/5511 5429/6257/5512 5427/6255/5510
f 5414/6247/5505 5413/6246/5504 5428/6256/5511 5426/6254/5509
f 5376/730/693 5408/729/692 5413/6246/5504 5412/6245/5503
f 5376/730/693 5412/6245/5503 5411/6244/5502 5377/731/694
f 5428/6256/5511 5413/6246/5504 5408/729/692 5407/3333/3114
f 5406/3334/3115 5429/6257/5512 5428/6256/5511 5407/3333/3114
f 5375/732/695 5377/731/694 5410/6242/5501
f 5430/6258/5513 5431/6259/5514 5432/5648/5006
f 5433/6260/5515 5434/6261/5516 5435/6262/5517 5436/6263/5518
f 5437/6264/5519 5438/3158/2958 5439/3157/2957 5434/6265/5516
f 2984/4265/3882 2987/4273/3888 2980/4261/3878 2978/4260/3877 2977/4259/3876 2981/4262/3879
f 209/4497/4073 223/6006/5302 220/363/348 213/353/338
f 5443/1048/1003 5444/6266/5520 5445/6267/5521 5446/1049/1004
f 5447/6268/5522 5448/6269/5523 5446/1049/1004 5445/6267/5521
f 5445/6267/5521 5449/6270/5524 5450/6271/5525 5447/6268/5522
f 5448/6269/5523 5451/3153/2953 5452/1050/1005 5446/1049/1004
f 5441/5711/2956 5453/5710/5061 5454/6272/5526 5439/6273/2957
f 5453/5710/5061 5455/5650/5008 5456/5649/5007 5454/6272/5526
f 5454/6272/5526 5456/5649/5007 5436/6263/5518 5435/6262/5517
f 5435/6262/5517 5434/6261/5516 5439/6273/2957 5454/6272/5526
f 4639/5707/5058 4623/5688/5042 4622/5687/5041 4598/5671/5027 4624/5703/5054 4635/5702/5053
f 5436/6263/5518 5456/5649/5007 5432/5648/5006
f 5431/6259/5514 5458/6274/5527 5433/6275/5515 5436/6263/5518
f 5433/6275/5515 5458/6274/5527 5459/6276/5528 5460/6277/5529
f 5437/6264/5519 5434/6265/5516 5433/6278/5515 5460/6279/5529
f 5461/6280/5530 5462/6281/5531 5459/6276/5528 5458/6274/5527
f 5461/6280/5530 5463/6282/5532 5464/6283/5533 5462/6281/5531
f 5430/6258/5513 5465/6284/5534 5463/6282/5532 5461/6280/5530
f 5466/6285/5535 5463/6282/5532 5465/6284/5534 5467/6286/5536
f 5457/5647/5005 5468/5646/5004 5467/6286/5536 5465/6284/5534
f 5468/5646/5004 5469/6287/5537 5470/6288/5538 5467/6286/5536
f 5469/6287/5537 5468/5646/5004 5471/5645/5003 5472/6289/5539
f 5472/6289/5539 5473/6290/5540 5474/6291/5541 5469/6287/5537
f 4139/5253/4689 4206/5762/5102 4205/5252/4688 4138/5251/4687
f 1432/4116/2241 2805/4115/3754 3205/2986/2803 1845/2987/2804 1843/1210/1155 1431/2400/2238
f 5478/5714/5063 5471/5645/5003 5455/5650/5008 5453/5710/5061
f 5457/5647/5005 5465/6284/5534 5430/6258/5513 5432/5648/5006
f 5477/5713/5062 5472/6289/5539 5471/5645/5003 5478/5714/5063
f 5477/5713/5062 5479/6292/5542 5473/6290/5540 5472/6289/5539
f 5475/6293/2954 5479/6292/5542 5477/5713/5062 5476/5712/2955
f 5480/6294/5543 5470/6288/5538 5469/6287/5537 5474/6291/5541
f 5470/6288/5538 5480/6294/5543 5450/6271/5525 5449/6270/5524
f 5449/6270/5524 5466/6285/5535 5467/6286/5536 5470/6288/5538
f 5444/6266/5520 5464/6283/5533 5463/6282/5532 5466/6285/5535
f 5442/1052/1007 5481/6295/5544 5462/6281/5531 5464/6283/5533
f 5459/6276/5528 5462/6281/5531 5481/6295/5544 5460/6277/5529
f 5481/6295/5544 5442/1052/1007 5440/1051/1006 5438/3158/2958
f 5438/3158/2958 5437/6264/5519 5460/6277/5529 5481/6295/5544
f 5444/6266/5520 5443/1048/1003 5442/1052/1007 5464/6283/5533
f 5449/6270/5524 5445/6267/5521 5444/6266/5520 5466/6285/5535
f 5458/6274/5527 5431/6259/5514 5430/6258/5513 5461/6280/5530
f 5436/6263/5518 5432/5648/5006 5431/6259/5514
f 2915/1426/1354 2760/4072/3723 2823/4132/3765 2911/1427/1355
f 5483/999/954 5482/2801/2619 695/2800/2618 696/2799/2617
f 688/3668/1462 693/6296/1247 453/1199/887 474/1045/1000 689/3669/3397
f 501/978/933 440/918/877 445/923/882 446/6297/1216 502/979/934
f 5486/1243/1185 5485/772/735 510/3139/2939 651/1444/1371
f 5487/1244/1186 5486/1243/1185 651/1444/1371 652/1247/1189
f 5488/1246/1188 5487/1244/1186 652/1247/1189 653/1250/1192
f 482/955/913 5489/1251/1193 5488/1246/1188 653/1250/1192
f 5490/1454/1381 5489/1251/1193 482/955/913 481/954/912
f 160/229/217 159/228/216 5491/876/838
f 5492/878/840 5491/876/838 159/228/216 158/227/215
f 5493/1660/1574 5492/878/840 158/227/215 341/582/557
f 341/582/557 340/2043/1917 5494/580/555 5493/1660/1574
f 340/2043/1917 185/283/268 5495/291/276 5494/580/555
f 1650/2676/2491 1648/2671/2481 1649/2670/2488 1651/2677/2492
f 5500/1252/1194 5499/1453/1380 500/6298/932
f 5501/1245/1187 5500/1252/1194 500/6298/932 499/6299/2699
f 650/3055/2698 5502/1241/1183 5501/1245/1187 499/6299/2699
f 642/3054/1164 640/2561/1158 5505/774/737 5504/773/736
f 3220/4590/4149 3226/4589/4148 3223/4472/4052 3222/4469/4049 1884/3052/2861 1885/3053/2862 1886/3056/2863 1889/3369/3146 1883/3373/3150 1881/3372/3149 1882/4468/4048 3221/4591/4150
f 2133/3453/3223 2134/3452/3222 2131/3418/3191 1135/3634/3366 2135/3450/3220 2136/3449/3219
f 3570/3535/3287 3567/3534/3286 3566/4697/4236 3656/5305/1941 3657/6300/1940 3658/6301/4314 3648/3795/3498 3569/3794/3497
f 3465/2440/2271 3467/4622/4176 3468/4621/4175 3469/4620/4174 3470/4619/4173 2516/2441/2272
f 714/1056/1011 725/1055/1010 727/1476/1399 726/1202/1147 731/1201/1146 733/1209/1154 757/1208/1153 758/1145/1097
f 139/207/195 138/206/194 331/542/519 179/300/285 142/210/198
f 5517/877/839 5516/879/841 339/3689/545
f 160/229/217 5517/877/839 337/6302/544
f 5490/1454/1381 481/954/912 483/956/914
f 483/956/914 497/6303/930 5499/1453/1380
f 5517/877/839 339/3689/545 337/6302/544
f 500/6298/932 5499/1453/1380 497/6303/930
f 498/976/931 497/975/930 5518/1226/1171
f 483/956/914 5518/1229/1171 497/6303/930
f 1589/2599/2418 1537/2548/2373 1592/2609/2429 1593/2603/2423 1586/2602/2415 1585/6304/2414
f 45/66/59 46/70/61 3/63/57 1/12/12 2/11/11 12/14/14
f 5522/32/32 5524/31/31 5523/6305/5545
f 9/64/58 6/8/8 5/7/7 7/6306/17 8/9/9 1/12/12
f 5526/6307/5546 5519/4728/4258 5520/4727/4257 5528/6308/5547
f 5528/6308/5547 5520/4727/4257 5530/4726/4256 5529/6309/5548
f 5531/23/23 5526/6307/5546 5528/6308/5547 5532/38/38
f 5531/23/23 5533/26/26 5525/6310/5549 5526/6307/5546
f 18/788/751 42/55/54 41/54/53 16/21/21 17/20/20
f 5537/6311/5550 5538/6312/5551 5534/4735/4264 5535/4737/4266
f 5539/39/39 5532/38/38 5528/6308/5547 5529/6309/5548
f 5529/6309/5548 5541/6313/5552 5540/6314/5553 5539/39/39
f 5525/6315/5549 5523/6305/5545 5524/31/31 5527/6316/5554 5519/4728/4258 5526/6307/5546
f 5546/6317/5555 5547/6318/5556 5540/6314/5553 5541/6313/5552
f 394/902/862 399/734/697 398/2532/2358 395/903/863
f 3011/4299/2482 3012/3425/3197 3010/3424/3196 3007/4296/2483
f 5549/41/41 5550/40/40 5554/6319/5557 5553/6320/5558
f 5553/6320/5558 5554/6319/5557 5556/6321/5559 5555/6322/5560
f 5554/6319/5557 5540/6314/5553 5547/6318/5556 5556/6321/5559
f 5543/6323/33 5558/6324/5561 5557/6325/5562 5542/6326/34
f 5522/6327/32 5523/6328/5545 5560/72/63 5559/4736/4265
f 5558/6329/5561 5543/6330/33 5522/6327/32 5559/4736/4265
f 5538/6312/5551 5558/6329/5561 5559/4736/4265 5534/4735/4264
f 5561/6331/5563 5562/6332/5564 5538/6333/5551 5537/6334/5550
f 5521/4723/4253 5519/4728/4258 5527/6316/5554
f 177/539/516 178/3653/1876 175/6335/2328 383/716/675 393/715/679 176/2386/2229
f 5541/6336/5552 5529/6309/5548 5530/4726/4256 5563/4725/4255
f 5562/6332/5564 5561/6331/5563 5555/6322/5560 5556/6321/5559
f 5556/6321/5559 5547/6318/5556 5557/6325/5562 5562/6332/5564
f 5547/6318/5556 5546/6317/5555 5542/6326/34 5557/6325/5562
f 5546/6337/5555 5564/4724/4254 5545/35/35 5542/34/34
f 5545/35/35 5564/4724/4254 5521/4723/4253 5544/30/30
f 5527/6316/5554 5524/31/31 5544/30/30 5521/4723/4253
f 5533/26/26 5560/72/63 5523/6328/5545 5525/6310/5549
f 5541/6336/5552 5563/4725/4255 5564/4724/4254 5546/6337/5555
f 5558/6324/5561 5538/6333/5551 5562/6332/5564 5557/6325/5562
f 5540/6314/5553 5554/6319/5557 5550/40/40 5539/39/39
