# Blender 4.2.1 LTS
# www.blender.org
mtllib goldskull.1.mtl
o human_skull_1111
v 26.258736 2.685553 2.557167
v 26.719650 2.674940 2.698177
v 26.222095 2.621407 3.309836
v 25.102657 2.261677 3.828142
v 24.973858 2.415012 3.351280
v 25.335831 2.315426 3.425099
v 25.365931 2.690264 2.731189
v 26.226620 2.906296 2.241407
v 25.599457 2.575661 2.916530
v 26.987408 2.930922 2.416201
v 27.363493 2.776699 3.027683
v 26.939470 2.609869 3.034094
v 26.131176 3.440233 2.288405
v 26.983055 3.550667 2.491943
v 25.202505 3.086369 2.781448
v 24.648335 3.507505 4.596936
v 24.483521 4.685169 5.011119
v 24.391968 4.816280 4.430992
v 24.959312 4.667620 5.441078
v 25.278931 3.442579 5.100648
v 27.530693 3.350319 3.100403
v 27.355579 3.056030 3.817252
v 27.170410 2.659567 3.650883
v 26.432775 2.344032 4.239841
v 25.765251 2.250837 4.215778
v 25.944740 2.381594 3.750452
v 26.344257 2.394053 3.836772
v 26.838541 2.551188 4.043904
v 26.908203 2.836973 4.373606
v 26.257336 5.385481 3.566988
v 26.715946 5.357630 4.007302
v 27.138842 4.443823 3.619454
v 25.572756 5.312063 3.376170
v 24.803028 5.072309 3.728698
v 26.648882 5.188564 4.615344
v 27.044895 4.150654 4.272283
v 26.229355 4.969582 5.130437
v 26.610462 3.858713 4.810035
v 26.345499 2.602823 4.704675
v 25.612249 2.506155 4.655021
v 24.810356 2.565779 4.161399
v 24.692995 2.775532 3.549179
v 25.554758 4.753531 5.473889
v 25.956533 3.592896 5.159070
v 26.807781 2.596148 3.393685
v 26.607498 2.560381 3.678109
v 29.017300 -1.778191 19.693941
v 29.262379 -1.950983 19.903646
v 29.146891 -1.906507 20.012659
v 29.125340 -1.791937 20.178207
v 28.840797 -1.513403 19.944914
v 28.852222 -1.434757 19.727936
v 29.143417 -1.716063 19.592051
v 29.293589 -1.786573 19.682858
v 28.917381 0.771835 21.022583
v 29.106728 0.941612 20.939978
v 28.878464 1.122549 20.868330
v 28.725216 0.802761 20.976280
v 29.255630 -1.531477 20.458660
v 29.316334 -1.988049 20.256948
v 29.434486 -1.848050 20.454365
v 30.301987 -0.286194 19.522495
v 30.456234 -0.317016 19.820629
v 30.472370 -1.165531 19.697056
v 30.119759 -1.407518 19.592491
v 29.962078 -1.070963 19.358910
v 29.699356 -0.826334 19.359173
v 30.031845 -0.262636 19.462914
v 30.437065 -1.146459 20.097433
v 30.448372 -1.517784 20.028648
v 30.457720 -1.500652 19.747803
v 30.321327 -0.368315 20.254398
v 29.978857 -0.468452 20.587614
v 30.118486 -1.257195 20.374168
v 30.161654 -1.613963 20.288357
v 29.593052 -0.615812 20.780470
v 29.775967 -1.368613 20.563686
v 29.882328 -1.709469 20.496452
v 29.527140 -1.442186 20.599222
v 29.656147 -1.769696 20.571011
v 29.300312 -0.727728 20.819077
v 28.809603 0.045679 20.924437
v 29.048437 0.090445 21.004318
v 28.594475 0.061174 20.697332
v 29.068295 -1.274847 19.530682
v 29.388607 -1.523037 19.496904
v 29.669861 -1.295210 19.439949
v 29.761568 -1.667326 19.684401
v 29.947670 -1.492006 19.673258
v 30.026129 0.524683 19.696100
v 30.246769 0.526144 19.736790
v 30.354389 0.507610 19.989010
v 30.174471 0.452787 20.371052
v 29.791924 0.348694 20.708578
v 29.369530 0.200558 20.929127
v 28.596863 0.736732 20.700115
v 28.595530 0.131540 20.533154
v 28.848763 -0.535209 19.952761
v 29.157820 -0.402702 19.755936
v 29.692188 0.497837 19.795872
v 29.924158 1.339436 19.955910
v 29.662689 1.361090 20.089430
v 30.114109 1.271086 19.917208
v 30.156906 1.268316 20.143013
v 29.889122 1.302427 20.428894
v 29.445835 1.235910 20.719122
v 29.271969 1.428423 20.627581
v 29.771580 1.529860 20.331711
v 29.178066 1.266500 20.378218
v 30.033096 1.474653 20.180897
v 28.794407 1.025454 20.590744
v 29.342678 -2.049726 20.093378
v 30.135578 -1.590716 19.744013
v 24.144146 13.938030 -5.378846
v 24.263136 14.159771 -5.584574
v 23.743835 13.447144 -6.662678
v 23.609055 13.192448 -6.446465
v 23.841671 12.107065 -5.558064
v 24.374722 13.922741 -4.177280
v 24.368313 15.244776 -4.886813
v 22.565752 13.001247 -7.787086
v 22.421461 11.740469 -7.416604
v 22.729397 13.250999 -8.055370
v 29.510139 5.020424 0.341608
v 28.215004 4.912561 -0.230312
v 29.124844 3.653008 1.319785
v 30.210392 3.961378 1.307179
v 28.862297 6.373201 -0.263703
v 27.602434 6.277639 -0.897423
v 31.603569 3.867535 0.653296
v 30.494019 5.023542 -0.417241
v 29.727200 6.247625 -1.046505
v 29.122429 -1.250987 -9.018888
v 29.863245 -1.652272 -7.982606
v 29.801933 -2.318371 -8.179373
v 28.718975 -1.871224 -9.426264
v 21.503054 12.326578 -8.215397
v 21.108387 11.400324 -8.305511
v 22.023907 10.472483 -7.631232
v 20.751247 12.948053 -8.776473
v 20.282114 12.246428 -8.798414
v 23.299589 9.234669 -6.293171
v 23.539999 10.067259 -5.939691
v 23.743595 10.562305 -5.646867
v 25.491579 17.338343 -2.971978
v 25.913666 17.345827 -1.701817
v 26.072382 16.684050 -1.501538
v 24.846348 17.652941 -2.782494
v 25.520798 17.384409 -1.406403
v 25.698372 16.614164 -1.136511
v 26.412363 6.158537 -2.183013
v 25.108257 8.307550 -3.651992
v 25.312712 5.596539 -4.017437
v 18.354761 15.970272 -12.466206
v 18.171097 15.828741 -11.621567
v 19.207489 15.526106 -11.463549
v 19.380936 15.571297 -12.345600
v 19.256136 15.092489 -13.002517
v 18.160490 15.479094 -13.112930
v 17.395191 15.178347 -12.190196
v 25.269791 17.251844 -1.413654
v 25.450962 16.536928 -1.208489
v 25.019209 17.014700 -1.638992
v 25.101225 16.346918 -1.662885
v 24.583065 16.985723 -2.530587
v 24.642218 17.490454 -2.631240
v 26.183975 15.423386 -2.961363
v 26.526289 14.194839 -2.764365
v 26.086679 13.783577 -4.102631
v 25.625296 14.666027 -4.581210
v 24.915657 15.189438 -4.977252
v 25.079550 16.187994 -4.313788
v 24.341015 16.258516 -3.971621
v 24.461950 16.385019 -4.232941
v 23.532209 4.719353 -9.825236
v 23.450802 4.236744 -8.283680
v 22.162975 7.312918 -8.718596
v 22.261677 7.575792 -10.189319
v 22.825571 8.015537 -7.148291
v 25.264967 11.587576 -2.949910
v 26.095236 16.124899 -2.898098
v 22.657322 12.018305 -10.493127
v 22.647869 12.904083 -9.949514
v 23.429459 12.598850 -9.008227
v 21.954273 12.720451 -11.159796
v 21.954073 13.407030 -10.605610
v 24.619751 12.946852 -6.984317
v 25.541595 15.214417 -1.332099
v 25.689823 13.502342 -1.688704
v 25.810055 15.272629 -1.172341
v 26.094561 13.358515 -1.383878
v 19.572803 14.831421 -10.323832
v 20.064381 14.462471 -10.020961
v 20.168287 14.607952 -10.313354
v 19.128925 15.199968 -10.738453
v 19.605515 14.177336 -9.651155
v 19.166067 14.843084 -10.207473
v 30.593706 4.230677 -1.630399
v 29.505102 4.928858 -3.032415
v 29.751461 5.634209 -2.167329
v 26.426350 4.042902 -2.243456
v 27.100899 4.709145 -1.218089
v 33.908066 -4.387550 17.218609
v 32.950298 -4.820427 18.328957
v 34.150013 -7.122914 18.477135
v 35.193207 -6.660720 17.359674
v 34.746971 -3.996129 15.774154
v 35.289787 -3.629642 14.458684
v 35.576828 -3.281191 13.501696
v 35.172852 -1.303822 14.402182
v 35.469036 -0.673653 13.092634
v 35.611053 0.022314 11.667294
v 35.900223 -1.595876 11.199632
v 35.949768 -0.752332 9.652301
v 35.531536 0.681610 10.003909
v 35.679184 0.264309 7.071126
v 35.003017 1.343222 7.588717
v 36.491528 -2.240885 8.893166
v 36.198547 -0.945396 6.372068
v 36.443901 -2.990570 10.338930
v 36.911346 -3.209693 8.239785
v 36.422798 -1.982336 5.697722
v 36.607323 -3.978741 11.271496
v 37.162277 -3.896675 7.785789
v 37.330456 -4.523127 7.419782
v 36.605484 -3.560084 4.835552
v 37.277191 -4.463442 9.636456
v 37.050117 -4.792944 11.333693
v 37.516998 -5.602733 11.179542
v 37.572994 -5.132538 9.343000
v 36.619732 -5.051386 12.978804
v 37.237839 -5.979807 12.954384
v 37.827385 -6.529532 10.908168
v 37.773636 -6.015574 8.965303
v 37.418373 -5.348530 7.014299
v 37.586929 -6.884562 12.801208
v 36.890858 -6.123810 14.134614
v 36.214912 -6.310158 15.739795
v 36.531746 -7.365739 15.667651
v 37.247688 -7.082119 14.029777
v 37.561737 -7.564116 12.597651
v 37.761871 -7.185385 10.674627
v 36.522629 -8.141161 15.416526
v 37.247074 -7.805433 13.820303
v 35.442673 -7.770392 17.247944
v 35.396851 -8.560438 16.928473
v 34.656971 -9.176594 16.054543
v 35.626816 -8.702433 14.704272
v 33.299786 -8.227482 15.180344
v 32.618553 -7.075460 15.019382
v 31.766750 -7.508471 15.987220
v 31.303375 -6.213662 16.132578
v 32.189411 -5.803084 15.128826
v 30.737083 -2.951019 17.028164
v 31.620749 -2.533957 15.997162
v 30.709820 -1.472866 17.613337
v 31.539921 -1.058291 16.636639
v 31.021729 -0.656500 18.275442
v 31.889486 -0.236153 17.276512
v 32.539543 -0.096111 17.764090
v 32.099438 -1.282221 19.129137
v 33.176903 -0.771595 17.945028
v 33.398243 0.361609 16.515930
v 34.092827 -0.252016 16.712473
v 34.615814 0.181265 15.597238
v 33.843422 0.722612 15.348826
v 34.848091 0.489946 14.724208
v 34.006790 0.954041 14.458455
v 34.998772 0.944700 13.317986
v 34.079426 1.231985 13.099331
v 34.975288 1.401329 11.820042
v 34.019688 1.517860 11.729313
v 34.756744 1.825808 10.190392
v 33.795662 1.811314 10.295338
v 34.117462 2.215555 7.977829
v 33.934437 1.815077 5.328011
v 32.925377 2.369532 5.878131
v 34.867214 1.195604 4.647556
v 33.932892 1.974854 3.114096
v 32.978676 2.246344 3.848816
v 35.280666 0.262415 3.927001
v 35.647640 -3.657701 2.017003
v 36.670616 -4.440012 4.478421
v 36.513779 -5.154189 4.280356
v 35.550457 -4.398321 1.853180
v 37.259197 -6.021935 6.762405
v 37.656113 -6.672482 8.702812
v 36.556541 -7.147311 8.707802
v 36.196945 -6.602540 6.847826
v 36.647377 -7.609431 10.539776
v 36.482208 -8.011985 12.266777
v 36.228291 -8.298747 13.327476
v 34.524860 -7.226942 12.933309
v 34.766842 -6.938428 12.127286
v 34.045563 -7.666084 14.000922
v 33.757088 -6.225334 12.938847
v 33.313866 -6.602077 13.903325
v 32.876019 -5.449728 14.051824
v 33.290268 -5.165203 13.118029
v 33.989140 -5.966282 12.211508
v 33.495358 -4.949003 12.397735
v 32.588909 -1.901420 13.972580
v 32.753731 -1.691302 13.217155
v 33.068100 -3.404876 12.760946
v 32.240303 -2.187703 14.931439
v 32.585579 -0.371641 14.457648
v 32.763222 -0.176365 13.680012
v 32.195530 -0.664553 15.498237
v 33.053120 0.451826 14.888474
v 33.254185 0.632948 14.035934
v 32.611065 0.164278 16.045303
v 33.344349 0.876677 12.803495
v 33.281853 1.118904 11.594898
v 33.014759 1.355417 10.352037
v 31.849432 2.519520 4.323417
v 31.189991 2.696175 3.376067
v 30.242350 2.682798 3.412472
v 32.315475 2.590305 3.050140
v 29.449730 2.292015 3.407963
v 28.413673 3.111275 1.247410
v 27.856627 2.442232 0.901187
v 24.873602 2.439896 -6.731641
v 25.741644 2.375683 -4.876008
v 25.883854 0.134178 -6.834229
v 22.105724 8.229143 -8.133315
v 20.455076 10.277271 -9.830050
v 20.745724 10.246712 -10.933515
v 20.127022 11.105499 -11.283352
v 19.869774 11.379181 -9.909603
v 20.766365 10.143068 -9.220284
v 20.785059 10.695810 -8.876307
v 19.667374 12.888494 -9.117251
v 18.995161 13.724356 -9.492188
v 18.455078 13.022053 -10.479964
v 20.216431 13.472008 -9.177704
v 18.255405 15.077766 -10.516138
v 17.532026 14.296661 -12.136825
v 18.729235 12.613712 -12.048443
v 17.788105 13.483976 -12.646897
v 21.381582 13.323475 -11.708370
v 20.641556 14.094566 -12.355705
v 20.667681 14.543600 -11.694780
v 20.385519 14.727949 -10.931252
v 21.377388 13.871614 -11.106833
v 21.085007 14.238871 -10.414368
v 21.658451 13.890284 -9.951978
v 20.793949 14.202017 -9.850878
v 21.320213 13.894835 -9.414492
v 21.990465 13.515226 -8.819567
v 22.347544 13.488758 -9.337417
v 23.096428 13.223076 -8.523395
v 21.815536 13.267511 -8.537303
v 21.146549 13.660557 -9.130666
v 20.638132 14.008093 -9.565527
v 24.146917 13.449223 -6.950847
v 24.731899 14.176432 -5.730999
v 25.334362 13.781420 -5.455424
v 26.379156 9.208744 -5.883090
v 27.590351 10.385271 -3.305929
v 27.433317 11.714046 -2.447140
v 27.841011 10.666780 -2.269358
v 28.244114 9.636553 -2.051973
v 27.025719 12.766430 -2.574689
v 27.763613 9.696012 -1.122216
v 27.430485 10.678446 -1.313601
v 27.095661 11.686110 -1.463653
v 26.659748 13.346870 -1.569922
v 26.493237 11.676733 -1.430027
v 26.232288 15.381647 -1.457074
v 26.144173 16.085749 -1.456906
v 25.749428 15.994604 -1.121594
v 26.462135 10.449711 -1.640542
v 25.673206 10.196739 -2.593890
v 25.909126 11.502705 -2.046848
v 25.605291 12.470804 -2.188557
v 25.043743 13.309574 -2.810243
v 28.209904 8.271780 -0.818791
v 27.069309 8.177832 -1.348957
v 28.840595 8.148224 -1.668170
v 27.715160 6.308147 -5.390237
v 28.418482 7.205080 -3.549102
v 26.414799 1.648945 -10.128717
v 25.451176 0.867968 -10.010332
v 27.471186 -0.183484 -9.992630
v 28.745060 -0.522368 -9.297345
v 28.111961 -1.160683 -9.784597
v 27.125011 -1.996524 -9.758795
v 26.475733 -1.005479 -9.965169
v 27.912560 -2.761303 -9.315484
v 26.677917 -2.317696 -8.358921
v 26.139927 -1.422452 -8.382032
v 27.150925 -2.866011 -8.489807
v 25.307449 0.330769 -8.384696
v 27.232761 -2.349859 -7.056618
v 26.678753 -1.518299 -6.944097
v 27.809780 -2.926332 -7.288370
v 28.984943 -3.154655 -7.970349
v 28.259396 -1.685330 -3.881322
v 28.941769 -2.515951 -4.209697
v 30.080376 -2.836628 -1.712213
v 29.608339 -3.115122 -4.568631
v 30.768213 -3.524394 -2.244370
v 27.907612 0.945568 0.167387
v 28.542961 -0.618519 -0.542775
v 31.622742 -0.606283 7.984729
v 32.376598 -0.875906 9.621416
v 32.448704 0.536663 10.210114
v 32.759525 0.324903 11.363487
v 32.844501 0.085680 12.512436
v 32.828629 -1.396151 12.026478
v 32.725204 -1.115801 10.822811
v 33.134254 -3.075647 11.556776
v 33.014469 -2.721436 10.313237
v 32.677025 -2.370024 9.021198
v 31.965052 -1.937510 7.215569
v 32.583847 -3.319397 6.435363
v 33.190067 -4.321964 5.848093
v 33.222000 -3.844930 8.462266
v 33.942390 -5.198288 5.262722
v 34.579544 -5.738182 7.569957
v 31.695284 -2.814655 4.280639
v 32.325943 -3.807011 3.595338
v 33.069462 -4.670345 2.937493
v 30.755503 -3.270092 -5.191233
v 32.045662 -3.802592 -3.015473
v 31.445324 -2.484070 -5.436131
v 34.593952 -5.227874 2.018950
v 35.497414 -5.875764 4.421170
v 34.888885 -6.145548 9.235153
v 34.947247 -6.543846 10.753936
v 34.097275 -5.218149 9.581161
v 34.155544 -5.591732 10.967308
v 33.610977 -4.594967 11.193946
v 33.524986 -4.228427 9.888593
v 33.193375 2.543026 2.208237
v 35.657921 -5.416094 15.663112
v 25.495049 15.933746 -1.238652
v 25.173752 15.878729 -1.670921
v 27.407646 -0.244515 -3.523291
v 3.255199 4.295284 16.778646
v 4.239649 4.066856 16.696354
v 3.771789 2.842417 15.730626
v 2.503544 3.449734 15.940744
v 2.226311 3.514233 16.161568
v 2.998201 4.343464 16.971739
v 3.218081 5.481417 17.547834
v 2.024864 2.324999 14.218640
v 1.211790 3.143841 14.863661
v 0.893438 3.171093 15.106646
v 11.560232 -1.616100 18.076365
v 12.733490 -2.727948 18.115309
v 12.071468 -2.542587 16.875847
v 10.842382 -1.460484 16.871735
v 11.025644 -2.387035 18.780418
v 12.187456 -3.430465 18.982567
v 14.656072 -3.755724 18.523018
v 14.212229 -4.580287 19.720577
v 6.692024 -11.591896 14.829486
v 6.468197 -12.079213 14.316477
v 7.981421 -12.391146 14.966259
v 7.926030 -11.778919 15.286816
v 2.273424 1.354898 13.318808
v 0.712416 2.598936 12.644603
v 0.504213 3.117203 13.379459
v 4.187309 1.133680 14.588250
v 4.160568 0.399723 14.008127
v 4.286971 1.580746 14.991321
v 4.251874 7.502817 19.473335
v 5.967714 7.403343 19.824047
v 5.501747 7.923285 19.949678
v 4.245608 8.143236 19.069292
v 5.697707 8.233683 19.620506
v 6.272392 7.646753 19.469173
v 9.554073 -1.623940 15.697868
v 7.953016 -2.417034 14.396481
v 7.184579 0.033628 15.360157
v -4.814964 5.274673 12.110575
v -4.621662 4.883673 12.621036
v -3.790787 5.244902 12.502702
v -4.019316 5.585211 11.916430
v -5.121151 4.772739 11.694745
v -4.955795 4.328953 12.315127
v -4.477764 4.984411 11.020008
v 5.707161 8.221354 19.336977
v 6.201794 7.651134 19.209644
v 5.560104 8.031998 19.001831
v 5.813822 7.443846 18.795662
v 4.699522 7.807089 18.560448
v 4.417465 8.154316 18.821724
v 5.157141 5.716988 19.342392
v 3.905696 4.639835 18.457382
v 4.553283 4.026346 18.475042
v 5.870476 4.659714 19.145836
v 3.468441 6.211882 18.609724
v 3.237049 5.182171 18.017853
v 5.707806 5.184240 17.629747
v -4.225124 4.412582 10.631548
v -2.792473 4.482193 10.740915
v -3.729223 3.270672 10.739942
v -4.125050 3.753229 10.583629
v 3.644205 6.704466 17.982067
v 3.374659 6.650715 18.134943
v 3.438704 -2.925521 12.091330
v 1.509926 -2.714144 12.248980
v 4.943426 -3.358610 12.489870
v 6.548366 2.956623 16.905523
v 4.924713 6.352173 19.558069
v 0.387686 1.962318 15.432830
v -1.147120 2.331461 14.594268
v -1.221573 1.607666 14.288708
v 0.285095 0.618711 14.881918
v 2.025110 -1.436750 15.050452
v 2.258595 2.624876 16.734648
v 4.250267 0.326315 16.786356
v 6.434081 5.257229 17.965111
v 6.988972 5.350117 18.357964
v 6.785737 6.490631 19.007286
v 7.177709 5.329891 18.633892
v -2.102062 4.934877 12.481094
v -2.319386 4.864182 12.701388
v -1.753769 4.390785 13.122167
v -1.334373 4.476357 12.595440
v -2.699324 4.869627 12.774588
v -2.061466 4.346264 13.266370
v -2.963619 5.255667 12.336066
v 9.716533 -4.206295 17.957140
v 11.416262 -4.624326 18.698055
v 10.257062 -3.365438 18.506788
v 1.816648 0.417484 12.409489
v 11.097662 -2.680292 15.746798
v 10.334856 -3.386261 14.819927
v 31.774534 -5.384300 19.250719
v 32.956230 -7.744559 19.549368
v 30.224688 -6.024015 20.063841
v 28.800209 -4.251808 21.124701
v 28.818171 -6.409404 20.623468
v 27.404282 -4.403771 21.605579
v 25.853535 -4.490526 21.967964
v 24.069242 -4.619501 22.105040
v 24.372692 -6.108459 21.864992
v 26.104279 -6.128777 21.527456
v 21.537403 -4.884031 21.807892
v 21.590267 -6.251333 21.948200
v 21.508106 -7.739016 21.885551
v 24.349445 -7.857818 21.703842
v 25.952244 -7.844986 21.403540
v 26.973618 -7.862464 21.161243
v 21.339094 -8.956827 21.630726
v 24.200504 -9.089190 21.655092
v 27.057709 -8.440076 21.228300
v 24.096611 -9.939604 21.578646
v 21.207935 -10.679167 21.105305
v 24.036816 -10.671304 21.455776
v 26.016569 -9.672766 21.515825
v 26.058184 -10.458901 21.494080
v 27.904846 -10.049843 21.319080
v 27.657429 -9.138744 21.240438
v 29.624771 -9.503380 20.976231
v 29.189787 -8.491091 20.803591
v 26.093410 -11.418352 21.292303
v 28.069252 -11.043970 21.202091
v 24.007631 -11.550450 21.174826
v 29.896168 -10.443048 20.911694
v 31.566727 -9.701951 20.351425
v 31.204203 -8.713470 20.452156
v 28.107647 -11.651874 20.860090
v 29.977018 -11.073297 20.597713
v 31.661732 -10.403616 20.035225
v 33.403408 -9.524035 18.959660
v 33.359608 -8.774696 19.334383
v 31.207428 -10.678536 18.910400
v 32.781013 -10.030567 17.944796
v 31.427904 -8.993255 17.012419
v 30.754341 -7.872739 16.836761
v 30.318125 -6.660039 16.965139
v 29.729342 -3.389490 17.824709
v 29.692549 -1.871212 18.409231
v 29.976765 -1.090776 19.128633
v 30.445719 -1.044702 19.877407
v 30.952765 -1.767282 20.213026
v 29.076252 -1.542789 20.658875
v 29.618114 -2.202280 21.104519
v 27.795334 -1.916506 21.020685
v 28.342796 -2.516268 21.601204
v 26.461643 -2.289515 21.149580
v 26.907513 -2.795019 21.872965
v 25.094410 -2.608477 21.159924
v 25.361855 -3.042374 21.982677
v 23.641682 -2.884260 21.020830
v 23.680716 -3.294735 21.896309
v 21.421406 -3.655150 21.388994
v 19.282331 -3.938307 20.292028
v 19.147415 -5.021144 20.953712
v 17.499435 -4.908415 20.214977
v 17.078945 -5.814198 20.940529
v 18.909172 -6.181173 21.514511
v 16.742207 -6.993768 20.866892
v 18.684114 -7.409176 21.472145
v 16.587589 -11.555044 19.402443
v 18.555513 -11.557014 20.095764
v 21.241316 -11.573079 20.783348
v 18.684929 -12.192710 19.691013
v 21.321781 -12.177358 20.335629
v 24.022820 -12.143011 20.740036
v 26.097210 -12.019194 20.900223
v 26.132393 -11.969238 19.706882
v 27.992945 -11.613420 19.668312
v 24.176794 -12.161880 19.537455
v 29.698990 -11.150894 19.420071
v 28.901815 -9.652446 18.310181
v 30.085106 -9.358559 17.819309
v 28.482307 -8.515015 18.015360
v 29.545208 -8.236269 17.557755
v 28.178234 -7.409792 18.000648
v 29.205650 -7.092402 17.606276
v 27.835796 -5.826820 18.272694
v 27.527861 -4.110333 18.722542
v 28.608179 -3.793135 18.388456
v 27.351738 -2.680353 19.384197
v 28.465137 -2.319979 19.037561
v 27.428947 -2.059977 20.186106
v 28.633263 -1.621772 19.813459
v 26.224823 -2.415408 20.319744
v 25.019890 -2.702912 20.313772
v 23.756535 -2.927597 20.118952
v 17.659710 -4.039673 19.323832
v 16.539093 -3.650831 17.903521
v 16.636795 -4.030149 18.766169
v 14.399802 -3.367928 17.311014
v 16.545433 -4.698105 19.730247
v 16.575590 -3.658205 17.021919
v 14.191401 -3.422901 16.395981
v 16.720200 -4.048691 16.223392
v 14.030550 -3.957797 15.559265
v 8.507830 -5.579783 13.404385
v 6.673313 -5.961714 12.573915
v 7.636773 -8.289030 12.520963
v 0.751066 -1.643396 12.200817
v 1.988415 -1.134953 12.022692
v -0.042364 -0.622882 12.094549
v 0.958532 -0.051711 11.866402
v -1.183939 0.695663 11.837694
v 0.567043 1.195618 11.973975
v -1.834270 3.656094 11.041518
v -1.137249 4.430841 11.862824
v -0.369797 3.638945 12.136741
v -0.575619 3.873993 12.877008
v -2.228176 5.290550 11.670901
v -3.158180 5.548954 11.729404
v -2.986898 2.569511 11.100855
v -2.494196 2.380241 13.832014
v -3.539383 3.032227 13.469174
v -4.538061 3.815720 12.873498
v -3.217169 3.517885 13.640553
v -4.177248 4.303875 13.137285
v -2.638037 4.099829 13.490479
v -3.422493 4.744413 12.969381
v -2.315859 2.934669 14.025139
v -1.874777 3.640184 13.939722
v -0.826805 3.150679 14.571360
v -1.391083 3.960974 13.681410
v -0.404339 3.521879 14.282280
v 0.532923 2.807320 15.410350
v -0.077660 3.512329 14.033855
v -1.078157 3.983431 13.469549
v 2.022343 3.236088 16.517311
v 3.419727 3.665197 17.790047
v 2.926584 4.110674 17.398512
v 5.704203 2.834433 18.528822
v 7.109951 -0.595963 17.925350
v 7.037229 0.897549 18.495344
v 5.715935 -1.734594 16.817562
v 7.902805 1.462915 18.879658
v 7.269022 2.405815 18.941694
v 8.565126 0.552347 18.822083
v 6.678811 3.373901 19.007847
v 8.705961 2.034842 18.548027
v 8.123520 2.928198 18.660633
v 9.315701 1.180094 18.446003
v 7.609797 3.860662 18.813517
v 7.007414 5.172674 19.102306
v 7.671568 4.112938 18.353539
v 8.142658 3.151819 18.084095
v 7.519867 3.024576 17.506851
v 6.545434 6.293810 19.425327
v 6.254831 6.904440 19.640278
v 6.537943 7.126205 19.256569
v 8.359573 2.093212 17.561357
v 7.480370 1.798573 16.703762
v 7.058601 4.042992 17.735640
v 7.470854 4.312513 18.133873
v 10.217035 -0.034431 18.264690
v 9.608728 0.117321 17.171234
v 9.586826 -0.740055 18.753670
v 4.398724 -5.259622 15.179502
v 3.435679 -3.604794 15.145568
v 5.009503 -10.552235 13.833109
v 5.332695 -10.102600 14.693683
v 5.676781 -11.517200 14.013029
v 5.947343 -11.045031 14.746613
v 6.004182 -11.746311 12.644665
v 6.793105 -12.350775 13.022676
v 5.331710 -10.765972 12.462890
v 7.336411 -11.246114 12.157160
v 7.579585 -11.972515 12.395702
v 6.884138 -10.311302 12.043127
v 8.711755 -11.742355 12.969444
v 8.610935 -10.946058 12.696077
v 8.304548 -10.000193 12.545939
v 8.353026 -12.678431 13.914380
v 14.045330 -10.245977 15.253725
v 13.929476 -11.313803 15.579356
v 13.960712 -5.504642 14.944851
v 14.015967 -7.329115 14.840536
v 22.180840 -4.974434 17.943974
v 23.882097 -4.806732 18.577488
v 23.869102 -3.433451 19.256897
v 25.046154 -3.244376 19.496340
v 26.197521 -2.990269 19.519432
v 26.339031 -4.399494 18.865669
v 25.118607 -4.636092 18.840317
v 25.331816 -6.277151 18.410667
v 23.970127 -6.398886 18.200806
v 26.619762 -6.090842 18.421196
v 22.057869 -6.520807 17.667612
v 21.935585 -9.527515 17.728498
v 21.984940 -8.222004 17.620697
v 24.123940 -8.054721 18.056049
v 24.257671 -10.512896 18.460548
v 21.859119 -10.786416 18.021803
v 19.565168 -9.706869 17.077942
v 19.417574 -10.981631 17.367113
v 19.703419 -8.359932 16.946465
v 15.766588 -12.442565 17.437115
v 13.483630 -12.359182 16.531971
v 15.392817 -12.155914 18.564995
v 15.268151 -11.519304 18.874212
v 12.984022 -11.413579 17.857656
v 13.052353 -12.052759 17.595985
v 13.164360 -12.359282 17.193026
v 19.024914 -12.423786 18.482445
v 21.587629 -12.307043 19.116808
v 25.975466 -10.270065 18.634832
v 27.522728 -9.979437 18.582890
v 25.809391 -9.053604 18.318953
v 25.615295 -7.888628 18.226721
v 26.960032 -7.673164 18.204437
v 27.225657 -8.798988 18.271151
v 15.928370 -5.434770 20.476889
v 30.716764 -7.751734 20.285198
v 6.418968 7.127853 18.995880
v 6.002020 7.028685 18.665075
v 10.743546 -12.040417 16.522829
v 11.175645 -12.308895 15.576056
v 11.511844 -11.469831 14.621512
v 11.504097 -10.566530 14.280730
v 11.375937 -9.480030 14.022539
v 11.008486 -7.815702 13.866442
v 32.992569 3.375937 17.081083
v 32.935249 3.507776 17.041517
v 33.028782 3.523382 17.275694
v 33.031197 3.290115 17.208855
v 32.867115 3.283089 17.037876
v 32.777771 3.367304 16.973864
v 32.845474 3.189051 17.134462
v 32.708641 3.250370 17.075048
v 31.479815 2.371223 19.034557
v 31.567211 2.461239 19.221844
v 31.335995 2.544420 19.244076
v 31.328636 2.448809 18.992430
v 31.982040 2.459757 18.596792
v 32.126938 2.555532 18.753164
v 31.839531 2.513126 18.510313
v 31.452682 2.700974 19.340515
v 31.610617 2.703318 19.292353
v 30.968426 6.303900 17.995153
v 31.382252 5.876656 18.008121
v 31.427689 5.945215 17.721155
v 31.014332 6.341290 17.725639
v 31.959492 5.381176 17.300207
v 31.774977 5.289030 16.947865
v 31.230848 5.861103 17.158506
v 31.392532 5.952349 17.470219
v 31.443981 5.030437 16.719078
v 31.167120 4.789043 16.693487
v 31.960657 4.335037 16.670778
v 31.727291 4.102610 16.675034
v 30.707397 4.403421 17.020126
v 31.310692 3.711260 17.109659
v 32.679173 2.942472 17.617041
v 32.381111 2.674852 18.098600
v 32.844231 3.023823 17.767431
v 32.847389 3.259203 17.875126
v 32.441139 4.657902 17.202194
v 32.275291 4.579927 16.861294
v 31.884850 5.214018 17.971766
v 31.222782 5.761343 18.331549
v 31.639570 5.039989 18.393658
v 30.942980 5.631006 18.647263
v 31.335258 4.911337 18.752722
v 30.826887 6.217888 18.284336
v 30.621864 6.129148 18.542147
v 30.155771 5.954172 18.777367
v 30.626450 6.089462 17.080135
v 30.797045 6.202250 17.178228
v 30.710443 5.476721 16.909092
v 30.437740 5.971088 17.041489
v 30.332235 5.204897 17.103321
v 30.445459 4.227102 17.394283
v 31.024912 3.507322 17.541517
v 30.723858 3.382069 18.001884
v 30.201836 4.123941 17.862272
v 32.133759 2.804478 18.850594
v 32.529873 2.768553 18.255892
v 32.525063 2.997879 18.370329
v 30.743151 4.716909 19.138166
v 30.513451 4.619537 19.149429
v 30.002254 5.887892 18.773575
v 29.807423 5.771013 18.641722
v 30.117134 5.771278 17.189007
v 30.083092 5.046968 17.430912
v 29.880083 5.638214 17.481310
v 29.871925 4.975958 17.884157
v 29.688383 5.576450 17.883913
v 30.022928 4.248611 18.549755
v 29.809658 5.072701 18.460878
v 30.216190 4.437859 18.946667
v 29.653101 5.647938 18.373302
v 31.085953 3.915510 19.275972
v 31.965580 3.351223 18.878864
v 31.399921 3.184271 19.321737
v 32.658329 3.745077 17.938919
v 32.816689 3.976765 17.238363
v 32.688324 3.917768 16.951557
v 32.449310 3.720749 16.822592
v 32.304153 3.547651 16.872843
v 31.981493 3.242603 17.342308
v 31.680132 3.001602 17.829149
v 31.328806 2.833990 18.307665
v 30.918865 2.816591 18.883015
v 30.981377 2.957161 19.192526
v 31.200169 3.121439 19.351622
v 30.403141 3.453314 18.693993
v 30.554008 3.635925 19.087757
v 30.853041 3.823175 19.296898
v 29.720573 1.646149 20.922987
v 29.737217 1.876179 21.066168
v 29.134529 1.783720 21.170643
v 29.119221 1.659771 21.043852
v 29.523853 1.668934 20.620565
v 29.067581 1.666084 20.907091
v 31.202229 2.469807 19.347467
v 31.021723 2.085699 19.840324
v 30.793943 2.075176 19.593624
v 30.723808 3.073944 20.089952
v 31.033543 2.325323 19.995001
v 31.281664 2.622028 19.521919
v 31.006233 3.263956 19.446690
v 30.937614 3.215836 19.217745
v 29.015257 3.593643 21.016129
v 28.670763 4.650681 20.764803
v 28.098837 4.434717 20.643713
v 28.251129 3.357674 20.989929
v 27.961830 4.337852 20.462353
v 28.083246 3.243092 20.763992
v 28.635033 2.264872 20.936520
v 28.765961 2.355520 21.119940
v 27.880928 4.240330 20.196226
v 28.022823 3.119175 20.440876
v 28.609169 2.172392 20.679289
v 28.374952 2.980419 19.598392
v 29.020466 2.133709 20.111851
v 29.670992 2.306042 19.629925
v 30.182430 1.780220 20.181276
v 30.400579 1.793482 20.453411
v 29.476822 2.579962 21.098207
v 29.125027 4.792978 20.556696
v 29.677067 3.789526 20.650478
v 29.517387 4.987604 20.105797
v 29.162050 5.466885 20.035975
v 28.844402 5.303429 20.386944
v 28.443861 5.149237 20.562477
v 27.782305 4.776548 20.096998
v 27.850277 4.842333 20.303804
v 27.871960 4.747835 19.596245
v 28.031998 4.165800 19.568672
v 28.892189 3.120287 19.154221
v 30.253834 2.619267 19.162392
v 30.612379 2.915874 18.973192
v 30.793425 3.088881 19.043449
v 30.150650 4.049080 18.923805
v 30.342175 4.190475 19.179134
v 30.421913 4.246138 19.442377
v 30.439318 2.035057 20.582739
v 30.163759 2.776350 20.658798
v 30.145432 4.048569 20.141811
v 29.244778 5.524477 19.360872
v 29.299137 5.563320 19.519390
v 28.211525 4.867975 19.251194
v 28.961960 4.590034 18.959599
v 28.679762 5.132273 19.050936
v 29.463337 3.464241 18.818195
v 29.899719 3.848387 18.762377
v 29.309237 4.841696 18.991690
v 28.980005 5.337223 19.087273
v 29.149967 5.454329 19.216770
v 20.334993 -1.776858 19.744087
v 20.565407 -1.620806 19.340973
v 20.963360 -1.647020 19.755394
v 20.524658 -1.837593 20.243778
v 22.047035 0.342516 19.006241
v 21.864058 1.282545 18.910116
v 22.077309 0.523321 19.722759
v 21.169851 -1.559380 19.462433
v 21.153709 -1.519533 19.073423
v 21.436090 1.221340 18.197506
v 21.253580 2.134920 18.372822
v 21.355015 2.190563 19.002464
v 20.487009 2.130314 20.173386
v 21.148769 2.190857 19.584030
v 19.971142 0.052799 20.614920
v 20.843166 0.343094 20.962276
v 19.764898 -0.061234 19.889359
v 19.870605 -0.971584 19.864393
v 20.077593 -0.851266 20.582897
v 20.007923 -0.043189 19.028683
v 20.150040 -0.913731 19.117897
v 20.334373 -1.405106 19.201517
v 20.038963 -1.541988 19.810020
v 20.884533 -0.847231 18.553146
v 21.066334 -1.316645 18.814178
v 21.820988 -1.163706 19.023054
v 21.811047 -1.336697 19.294390
v 22.177633 -1.107916 19.606739
v 22.082447 -1.115643 20.174049
v 21.342567 -1.469764 20.645515
v 20.254242 -1.549929 20.448118
v 21.229914 -1.155349 20.906624
v 21.065884 -0.531834 20.992756
v 21.794666 0.537998 20.273705
v 22.267244 -0.257871 19.895479
v 22.057274 -0.322430 20.351749
v 22.206680 -0.783474 20.284199
v 22.246643 -1.062983 19.862959
v 22.369349 -0.725920 19.892105
v 22.302019 -0.822006 19.448624
v 21.667694 -0.725370 18.740232
v 21.434952 0.017406 18.363480
v 20.702515 -0.115593 18.296497
v 20.706161 1.110514 18.070885
v 20.646912 1.929989 18.133415
v 19.863098 1.937674 19.904816
v 19.692736 1.805376 19.424660
v 19.752190 0.960754 19.665379
v 20.055088 1.005024 18.829662
v 19.979137 1.786175 18.754799
v 28.640028 1.406309 20.906239
v 28.824074 1.705980 20.877903
v 28.753361 1.312105 21.170160
v 26.618893 3.362783 21.728968
v 27.103041 3.523813 21.603281
v 26.821438 3.893412 21.518730
v 26.004618 3.399395 21.614889
v 27.503647 3.186918 21.563238
v 26.505699 2.864384 21.844866
v 25.912945 2.717770 21.737516
v 26.346418 1.409096 21.916210
v 26.966656 1.521128 22.033051
v 26.040684 1.137547 21.377905
v 26.447674 0.782419 21.642645
v 26.562241 1.068291 21.901989
v 26.641293 0.860615 21.406460
v 27.104984 0.854145 21.417253
v 27.105495 0.723539 21.753855
v 27.701649 1.164133 21.875965
v 27.059511 1.047260 21.974155
v 27.759789 0.831171 21.674057
v 27.556065 1.659807 21.916546
v 28.089676 1.843653 21.704113
v 28.434114 2.018370 21.487362
v 27.860722 3.875250 20.923334
v 27.509987 3.704531 21.429358
v 27.789841 3.324429 21.399981
v 27.547394 4.213783 20.961029
v 27.262518 4.048244 21.341528
v 25.433311 3.167534 20.918335
v 25.509111 2.482264 20.947615
v 25.777359 1.803551 21.164825
v 25.991802 1.777266 20.874966
v 26.289471 1.125471 21.160835
v 26.761126 1.221329 21.008245
v 27.387356 1.286873 20.912428
v 27.653126 0.875055 21.391781
v 27.868816 1.555147 20.698526
v 28.272388 1.105326 21.131971
v 28.404716 1.044893 21.414351
v 28.649092 1.592508 21.424829
v 28.301950 1.362650 21.646986
v 28.758415 1.806787 21.172506
v 28.691101 2.176394 21.039415
v 25.582993 3.141462 20.558844
v 25.699530 2.445852 20.579123
v 26.419386 1.846060 20.700539
v 27.461370 2.168600 20.392426
v 27.953568 2.493092 20.308043
v 28.348911 1.876745 20.561308
v 28.613878 2.087118 20.700018
v 28.279026 2.719578 20.544109
v 27.772762 3.793390 20.453362
v 27.938065 3.363504 20.385603
v 27.478691 4.157440 20.594704
v 25.903378 3.183317 20.382084
v 25.786442 3.935024 20.402271
v 26.106073 4.002815 20.325085
v 26.349945 3.295368 20.257160
v 26.091816 2.492289 20.378124
v 26.829815 3.473440 20.143986
v 27.068542 2.803698 20.070734
v 27.261372 3.748556 20.186325
v 27.558552 3.124285 20.046940
v 26.849783 4.337843 20.360996
v 27.059597 4.467960 20.548336
v 26.515085 4.163889 20.279194
v 12.695191 9.313480 5.110598
v 11.037454 5.677023 2.015873
v 12.395164 7.270243 1.553409
v 26.895168 12.549406 19.403360
v 26.799685 12.509329 19.526382
v 27.074894 12.263813 19.678988
v 26.993111 12.383244 19.035898
v 25.948902 12.172407 18.098461
v 25.270813 12.193674 17.947668
v 25.909607 12.260237 18.578859
v 25.993336 12.273573 18.444527
v 27.823826 11.265751 18.530840
v 27.316402 11.661686 19.644630
v 27.423717 10.398165 19.277624
v 27.882677 10.674925 18.645939
v 27.665741 15.424105 4.091572
v 26.630545 16.008825 4.363687
v 27.552046 17.599752 3.452478
v 28.518051 17.122854 2.896434
v 29.451717 15.656958 2.774491
v 28.684814 14.769770 3.875736
v 29.976540 15.085836 2.644650
v 29.303745 14.331121 3.796878
v 27.907845 18.905184 2.713896
v 28.571629 18.511633 2.223663
v 29.524380 23.289774 1.100535
v 28.774162 23.041571 0.894543
v 28.064657 26.195921 1.206814
v 28.790211 26.323252 1.565151
v 27.673466 23.147230 1.453232
v 27.608929 25.215334 1.193856
v 28.566820 21.430040 1.121856
v 27.664160 21.672956 1.794165
v 28.594830 20.409899 1.325921
v 27.493961 20.470976 2.286757
v 29.370749 21.078127 0.572835
v 30.216648 21.142115 0.654680
v 15.558071 6.629534 -14.677742
v 13.672317 5.599413 -15.243455
v 13.544954 6.284664 -17.062511
v 16.340204 9.123428 -17.011486
v 16.028496 9.942337 -17.742643
v 16.769960 10.506016 -17.225054
v 17.083427 9.711359 -16.598522
v 17.330034 8.706091 -15.726416
v 15.241277 8.360479 -17.524694
v 14.881134 9.222622 -18.356634
v 13.148355 7.268671 -18.417532
v 12.703353 8.210947 -19.286385
v 16.667797 9.226385 -11.451248
v 16.496864 9.600948 -10.993447
v 15.482094 8.702757 -10.679714
v 15.648865 8.109156 -11.340368
v 16.744949 10.107244 -10.280450
v 15.477125 9.002653 -9.864269
v 14.422688 7.745481 -10.290012
v 13.409972 6.007364 -11.178730
v 15.293583 7.234972 -11.884594
v 14.929916 8.660456 -9.691123
v 14.695480 8.297688 -9.934917
v 12.460668 5.801195 -7.703026
v 13.721853 7.729927 -7.373392
v 13.604696 7.111668 -4.805484
v 12.574615 4.938509 -5.799493
v 15.452158 10.874292 -7.113966
v 14.061760 8.593075 -5.447775
v 14.106734 8.546824 -7.246988
v 14.054337 8.823593 -4.338511
v 13.618486 7.613558 -3.787689
v 15.660977 10.813610 -4.552440
v 16.108986 9.242329 -9.832903
v 16.719452 9.416231 -9.311779
v 15.631763 9.312443 -8.842932
v 17.192171 8.653675 -8.841991
v 17.206520 8.811232 -8.273376
v 16.730015 9.562849 -8.367206
v 15.845209 10.343742 -8.166423
v -2.650890 14.545366 -25.085865
v -5.242294 14.051031 -24.796154
v -3.825706 12.674969 -24.757811
v -6.914459 13.226591 -24.368147
v -8.410612 17.916418 -24.521763
v -5.605944 11.156420 -24.294245
v 27.675167 12.216970 4.877200
v 28.793463 12.004839 5.239902
v 28.672735 11.420839 5.417331
v 26.095076 10.700500 4.645401
v 28.317020 13.175814 4.646771
v 29.267754 12.829046 4.826229
v 28.767595 10.819239 5.607329
v 29.487280 9.278383 5.970777
v 27.420628 8.225077 4.496933
v 26.575682 9.966471 4.607443
v 27.547493 11.602198 16.152098
v 26.986839 11.884495 14.794805
v 26.523830 11.184040 15.749448
v 26.982954 11.838350 17.521317
v 26.518013 11.886744 17.581446
v 25.975191 11.976130 17.468700
v 25.697632 11.461809 16.191807
v 17.062002 11.166805 -9.265767
v 16.953609 10.955435 -11.005764
v 17.104406 11.881294 -10.413208
v 17.232187 12.887836 -10.032701
v 16.995899 12.310310 -8.861479
v 16.669559 11.332325 -8.318198
v 17.161921 9.899305 -8.566662
v 17.293747 9.882635 -9.136516
v 28.771759 13.658148 12.978891
v 29.151266 13.981941 10.997515
v 28.397669 14.866013 12.702772
v 29.547468 11.983276 13.599722
v 29.202255 14.867813 10.406949
v 29.520044 15.662258 9.667112
v 28.106506 16.071840 12.656385
v 29.158361 18.179884 10.541361
v 27.582659 17.386854 13.122752
v 17.039963 38.502754 -6.602583
v 12.135033 5.086218 -10.292811
v 10.048501 3.112381 -7.669030
v 9.776966 2.648867 -10.149950
v 11.335737 3.733438 -5.704167
v 10.066378 3.666309 -4.879469
v 8.448920 2.068895 -6.923336
v 30.772610 5.747213 7.840606
v 27.950033 4.742733 6.550280
v 28.092541 4.807844 5.718927
v 28.173237 4.955919 5.160244
v 30.480509 5.780943 6.477250
v 31.478077 6.041397 7.671167
v 26.398342 19.350248 13.681295
v 26.631071 18.151308 14.325048
v 27.674240 18.879908 12.229054
v 25.544714 19.977156 14.543206
v 25.932884 18.933577 15.241371
v 28.825077 18.922396 10.553942
v 13.968027 7.802160 -8.979286
v 13.615799 5.568466 -13.241353
v 15.392502 6.581835 -13.180978
v 31.304743 5.718199 9.317295
v 30.416658 5.661142 9.401338
v 28.737299 5.576345 10.035372
v 26.502697 4.790424 7.649207
v 14.406260 8.497425 -8.713577
v 19.748934 16.140444 -12.701203
v 19.909935 15.544241 -12.011555
v 19.439354 15.422445 -12.093333
v 18.675957 15.894279 -13.542390
v 19.033176 15.220133 -12.114749
v 18.344528 14.987402 -12.535733
v 28.401070 25.241209 4.075988
v 27.802811 24.187597 4.210881
v 28.980148 23.742239 3.975965
v 24.071373 21.681898 16.140215
v 23.266129 22.852152 18.245829
v 24.775793 20.531408 16.930716
v 23.535023 22.503508 16.472715
v 23.527348 22.224298 15.542536
v 23.042164 23.120989 15.775215
v 23.037418 23.433458 16.673475
v 24.014393 21.548410 15.228337
v 22.925922 23.371569 18.218691
v 22.531693 24.094381 18.210430
v 23.910492 17.541964 15.918001
v 24.579639 17.923845 16.755194
v 23.967215 18.568995 17.639296
v 25.372570 17.341906 16.396921
v 24.760679 16.799223 15.451078
v 24.920261 18.170626 17.086040
v 24.739811 18.788515 17.674995
v 17.632420 16.251951 -16.468590
v 16.626902 16.856821 -18.400188
v 17.117449 18.747931 -17.553787
v 18.478840 17.552984 -15.091196
v 17.459139 20.611986 -16.784189
v 18.610668 19.877104 -14.685261
v 17.589199 15.240488 -14.739637
v 32.133232 6.028873 11.949612
v 31.113138 5.682064 12.872528
v 30.261303 5.760069 11.823636
v 31.532873 5.938848 10.981610
v 32.556286 6.186579 12.941479
v 31.626507 5.629019 13.581247
v 32.050385 5.801676 14.252703
v 32.611549 6.356632 14.469643
v 27.615162 5.784254 10.428484
v 29.425756 5.737951 13.611341
v 30.224228 5.476994 14.419399
v 30.871792 5.279322 15.009130
v 16.734594 12.465046 -7.411142
v 17.343870 13.191814 -8.337843
v 18.104954 13.765430 -7.905143
v 18.828701 14.155037 -7.788081
v 19.656355 14.564461 -7.782135
v 19.096588 13.966345 -5.534642
v 18.294695 13.353106 -5.657485
v 17.263815 12.235426 -4.325331
v 18.961735 13.461704 -3.444224
v 32.833248 6.648260 13.053448
v 32.855484 6.521049 12.023187
v 32.970345 6.960299 12.039206
v 32.922585 7.132158 13.125534
v 32.673683 6.232317 11.917372
v 21.835739 21.142019 7.822912
v 21.028557 22.240835 7.274057
v 20.994366 21.905252 8.747942
v 21.304081 21.278120 8.468519
v 17.871490 10.984741 -14.835430
v 18.065149 10.405958 -14.133424
v 17.494816 10.766336 -12.644864
v 18.042345 9.637287 -13.046311
v 20.287472 7.945045 10.393851
v 20.669321 8.472429 10.842781
v 21.027542 8.131651 10.643337
v 20.880430 7.312494 10.165957
v 19.925278 8.462881 10.562087
v 20.318901 8.913666 10.963680
v 21.841972 6.248228 10.419885
v 20.852381 5.787722 11.212543
v 20.097927 6.515928 10.787156
v 19.611162 7.403311 10.656934
v 19.389479 8.012451 10.672414
v 28.687710 20.365019 5.934663
v 28.492781 21.155195 4.913154
v 26.674564 21.177561 5.343340
v 26.745819 20.276205 6.363262
v 27.824669 19.528006 8.250954
v 26.538799 19.671640 7.804522
v 26.126911 19.510950 8.887543
v 20.970226 22.846994 7.178900
v 21.162601 24.457041 8.413734
v 20.956669 23.072622 9.444068
v 27.517447 6.319311 13.410294
v 27.666164 6.035130 14.896884
v 26.347301 6.257795 13.959916
v 26.695232 6.424311 13.109863
v 28.391226 5.778719 15.280354
v 24.487089 6.166227 12.369907
v 25.070242 6.391157 11.725954
v 25.654213 6.411608 11.188210
v 25.883289 6.253286 10.462181
v 24.018013 10.469639 4.352134
v 24.519720 9.854280 4.156600
v 24.201487 9.752497 3.743374
v 23.723372 10.304342 3.806174
v 23.914043 9.440983 3.003648
v 23.332348 10.074318 2.930323
v 22.411247 10.882124 2.942474
v 23.142885 11.317039 4.639361
v 24.617022 9.237921 3.693480
v 24.421822 8.815090 3.125996
v 24.997633 9.245918 3.948526
v 25.304619 7.671371 3.268373
v 27.763115 27.815012 1.682831
v 26.802044 26.665670 1.383821
v 26.078661 27.584314 1.651600
v 25.983723 26.665319 1.417284
v 25.205368 26.947920 1.041978
v 25.439194 28.840460 1.639218
v 26.166653 29.085798 2.153852
v 26.612263 29.535135 2.389775
v 26.770813 29.017515 2.225444
v 26.303703 28.779501 2.104576
v 26.089983 4.153048 4.947202
v 25.746063 4.255705 4.347257
v 26.358425 4.472387 4.410478
v 26.517664 4.331066 4.887493
v 31.159765 20.701975 1.737912
v 30.509012 20.041822 -0.062892
v 29.981905 23.484377 1.875789
v 30.071667 23.726633 3.019711
v 31.050365 21.350832 2.981017
v 31.837570 19.535185 2.293586
v 32.237617 17.852304 2.050173
v 31.672779 20.211016 3.033422
v 16.987738 7.957762 -12.150814
v 17.464375 8.450947 -12.188322
v 14.908953 11.828999 0.168458
v 16.111223 12.093550 -0.957160
v 16.505674 12.240623 -0.550037
v 15.048712 11.734322 1.294580
v 14.803897 11.728188 -0.212698
v 15.697966 11.817202 -1.299980
v 14.070103 11.256323 -0.386440
v 14.653208 11.000458 -1.639937
v 13.982943 11.249561 0.092099
v 21.872742 6.782873 6.664804
v 22.248363 5.421104 5.903258
v 22.575474 5.473883 6.376551
v 22.351023 6.455009 7.104918
v 23.339048 4.600094 5.726215
v 23.220268 5.275928 6.498930
v 22.937769 6.235477 7.285955
v 22.756559 6.510233 4.125249
v 22.423103 7.136621 4.177957
v 23.375410 7.595551 3.619196
v 23.564804 6.583704 3.680073
v 28.421944 29.723471 4.046367
v 28.046911 30.577192 4.479205
v 28.287251 30.327784 5.812634
v 28.763266 28.844275 4.102826
v 27.392469 31.829416 6.006408
v 27.499802 31.529676 4.787321
v 28.941294 28.369791 5.099282
v 28.739483 29.314795 6.320253
v 26.140059 27.416277 7.866649
v 23.701641 26.745485 8.587082
v 23.651707 25.891657 7.243309
v 26.335556 27.020781 6.938656
v 25.972614 27.719122 8.798567
v 20.434580 27.871141 20.211012
v 20.933462 26.228415 19.966433
v 22.358261 27.785402 18.617657
v 21.854647 28.942739 18.807192
v 21.933533 26.177092 19.115633
v 22.310827 7.814646 9.367480
v 23.255327 8.990118 11.101263
v 23.342991 9.905231 10.331170
v 22.379429 7.773916 8.673239
v 22.240984 8.248634 8.302500
v 22.746679 7.198853 8.513619
v 22.543915 7.234247 9.038438
v 13.451637 5.870327 -3.255928
v 13.074341 4.681505 -3.090228
v 31.684246 19.621519 4.679004
v 31.999104 17.966829 4.862284
v 32.219856 18.685583 3.194760
v 32.021721 19.416044 3.626627
v 24.473017 4.005739 4.831500
v 23.660271 4.451519 4.202235
v 24.651039 4.491682 3.655859
v 25.052795 4.019707 4.496468
v 25.464420 3.970217 5.223087
v 24.633030 4.365982 5.927784
v 23.956926 19.449453 19.019581
v 23.642895 19.183393 19.454819
v 23.533632 17.457506 18.600718
v 23.552761 17.539816 18.084532
v 17.223049 12.145538 0.184381
v 16.027822 11.753735 1.637785
v 19.814651 14.564240 -5.609784
v 20.403215 15.144079 -5.789764
v 19.568188 13.502403 -1.487408
v 12.518770 5.540173 -0.563986
v 12.837971 8.008684 0.733627
v 13.937685 10.555731 3.535591
v 20.953074 19.192129 -8.200575
v 21.138687 20.279699 -7.849399
v 21.679434 19.648542 -6.015979
v 21.467215 18.453329 -6.196276
v 20.085758 20.315699 -10.917144
v 21.311775 16.672087 -4.978857
v 21.116108 16.622602 -6.620231
v 21.071918 17.622026 -7.838036
v 19.411367 19.414217 -12.881771
v 20.073872 18.934542 -11.146499
v 22.478130 19.424921 -3.343503
v 22.222706 18.191645 -3.322775
v 20.841545 17.221281 -12.309822
v 20.114502 17.807795 -12.673365
v 20.562290 17.994204 -11.186549
v 21.327663 17.608877 -11.182645
v 20.046169 16.910105 -12.937221
v 19.348991 16.728582 -13.495484
v 19.342573 17.749628 -13.765515
v 15.715391 12.070599 6.935555
v 16.903198 12.319063 8.771867
v 16.114983 11.389172 9.125650
v 14.912786 10.977633 7.833264
v 17.252729 12.043756 9.214797
v 16.581253 11.277227 9.489125
v 17.249994 13.616640 8.737471
v 17.476395 13.101202 9.334520
v 17.733330 12.690657 9.690173
v 21.478821 6.232901 4.877039
v 22.087193 5.407866 4.725959
v 21.096880 7.761024 6.194284
v 20.876879 7.191050 4.836075
v 25.562544 6.085957 9.629666
v 24.608784 6.452847 9.811193
v 24.669987 6.369677 9.179132
v 24.746132 6.229841 8.766982
v 24.713036 5.832460 7.871401
v 25.368128 5.425920 8.016319
v 25.694706 5.900198 9.295524
v 7.537043 13.859856 -23.076427
v 8.472335 10.618994 -21.966148
v 7.348113 17.350485 -23.601662
v 0.232052 12.943483 -24.663862
v 2.386789 11.424902 -23.989822
v -1.347996 10.766214 -24.350719
v 0.407434 9.217354 -23.775579
v 1.606979 19.062517 -25.123550
v 4.544054 8.803732 -22.701530
v 2.344715 7.023951 -22.629009
v 13.111547 9.105782 -0.661480
v 20.271336 14.935432 -7.582664
v 20.732632 15.342020 -7.527640
v 19.802889 14.857862 -9.632169
v 20.888531 14.934738 -9.912018
v 21.076509 15.050009 -9.078538
v 19.129002 14.725414 -9.595333
v 21.300182 15.299582 -8.762251
v 21.514637 15.641703 -8.622043
v 13.444958 9.855591 -1.406473
v 2.552309 -1.412741 -13.687184
v 2.582312 -1.956793 -11.350789
v 1.480015 -1.764271 -13.692732
v 1.368896 -2.375603 -10.926251
v 16.939899 10.360249 -11.483089
v 17.138493 9.897835 -11.832556
v 31.626293 5.542208 15.746300
v 24.335121 5.985723 7.632024
v 24.670105 5.258097 7.079388
v 23.931723 6.092037 7.429431
v 24.230698 5.242826 6.760725
v 5.750425 0.395819 -14.421240
v 6.264015 -0.309998 -12.052594
v 6.724293 -0.491477 -9.336697
v 4.225670 -1.753341 -7.393100
v 17.658270 7.457926 -12.973492
v 18.058954 7.779896 -12.938042
v 18.269171 8.026180 -13.255663
v 17.837627 8.931738 -12.493902
v 17.863688 7.529165 -13.677148
v 32.498451 6.147261 11.543097
v 32.106560 6.021822 10.704182
v 24.028454 20.035776 19.723724
v 23.891350 20.056948 20.069210
v 21.015526 16.361010 -12.298832
v 21.004597 15.673710 -11.879833
v 32.405949 16.142080 0.927869
v 31.474712 17.404650 -1.200175
v 32.281876 15.117554 0.606926
v 31.556702 16.336817 -1.686627
v 30.559620 19.229891 -1.039891
v 30.355568 18.932276 -1.874314
v 30.570166 17.124311 -3.335553
v 30.399364 17.992220 -2.976930
v 17.823952 8.003372 -14.521897
v 28.596996 11.733362 15.743143
v 28.269430 11.464314 16.650379
v 28.659351 10.854925 16.859119
v 28.526958 12.660772 14.784084
v 32.146805 6.267151 16.316545
v 26.997120 25.344263 4.907649
v 25.970892 24.504034 5.149545
v 26.468327 26.300920 5.964174
v 26.401392 22.457331 4.769206
v 27.987850 22.421362 4.317251
v -13.205982 8.072361 -20.119837
v -14.443859 10.924101 -20.045792
v -12.840195 11.528919 -21.512070
v -11.578983 8.706047 -21.575287
v -10.577719 6.971931 -21.429832
v -9.503098 5.370373 -21.158445
v -11.169128 4.632502 -19.696592
v -12.226480 6.287409 -19.973209
v 21.965755 23.789064 19.878044
v 22.327404 23.828352 19.389008
v 21.947462 24.440619 19.288601
v 21.578764 24.254839 19.709061
v 22.660378 23.369642 19.484577
v 26.606207 5.388018 16.580301
v 25.302074 5.627546 15.429058
v 8.329685 3.946476 -1.303682
v 10.904079 4.245396 -2.657011
v 10.853875 4.564356 -1.281227
v 9.679349 4.439745 0.137737
v 10.520907 4.780548 1.081712
v 11.679593 4.678530 -0.748842
v 27.295572 11.936991 17.882694
v 27.636227 11.821564 18.301033
v 27.847059 11.676399 16.407017
v 7.132728 3.086903 -2.750054
v 5.770764 0.958828 -4.964272
v 12.173428 4.079329 -2.967522
v 8.152240 0.814833 -9.833617
v 7.756419 0.872845 -12.455763
v 9.677143 2.501003 -12.947760
v 9.240340 2.834612 -15.311523
v 11.658676 4.076002 -13.268644
v 11.470921 4.274307 -15.495750
v 10.771049 4.816319 -17.548561
v 7.088646 4.604853 -19.531662
v 6.424156 5.657385 -20.563560
v 6.218943 2.365002 -17.520887
v 5.182817 3.522120 -19.376101
v 4.389023 4.478958 -20.440559
v 9.961347 7.194641 -20.065475
v 9.394073 8.446657 -20.879204
v 12.170797 9.401358 -20.039425
v 10.686605 14.235630 -21.950890
v 14.456692 10.307858 -19.055347
v 13.452085 14.682341 -20.664574
v 10.436668 17.163485 -22.430779
v 13.354880 17.222727 -21.032179
v 15.159006 14.889662 -19.660704
v 16.301859 14.938074 -18.694113
v 15.237720 17.121618 -19.806370
v 17.105392 14.808680 -17.250332
v 16.977480 13.199692 -17.177055
v 17.203527 14.371847 -15.349808
v 17.201828 13.321655 -15.465234
v 17.189032 14.271549 -13.054390
v 16.917080 13.641483 -13.363619
v 17.854359 14.319830 -11.223157
v 17.138910 13.502827 -11.391974
v 18.774160 14.885019 -11.069401
v 17.720982 13.822750 -9.799417
v 19.851122 15.129108 -10.972029
v 19.310781 15.065634 -10.999261
v 20.898384 15.137524 -11.011610
v 23.203463 15.303823 -9.980604
v 22.249168 15.044907 -10.065084
v 22.315317 15.256979 -10.987986
v 23.320776 15.547266 -10.807390
v 22.338543 15.933699 -11.628200
v 23.232994 16.268377 -11.303824
v 23.989553 16.756010 -10.804184
v 24.777500 16.754469 -9.847056
v 24.095612 16.100206 -10.397650
v 23.702068 17.408396 -10.988918
v 23.011423 16.989332 -11.469602
v 22.257030 16.669973 -11.867493
v 23.347925 17.917471 -10.911837
v 24.031307 18.369032 -10.314780
v 22.729418 17.545351 -11.356110
v 22.112488 17.293955 -11.699803
v 23.035391 18.055643 -10.415654
v 23.710035 18.429934 -9.893320
v 22.462681 17.771246 -10.774011
v 21.970942 17.616304 -11.021602
v 22.937805 17.896521 -9.904167
v 23.602760 18.213911 -9.499257
v 22.390877 17.669909 -10.134117
v 22.432507 17.458586 -9.723595
v 22.963924 17.679674 -9.585522
v 23.614120 17.988348 -9.263123
v 21.457138 17.512812 -10.266268
v 21.565823 17.278715 -9.629006
v 22.030457 17.341963 -9.750832
v 21.967232 17.556505 -10.256992
v 23.100033 17.254625 -9.249222
v 23.720472 17.608473 -8.998657
v 22.580795 16.978281 -9.314512
v 22.159985 16.817289 -9.258261
v 21.664360 16.682161 -8.953215
v 21.128832 17.325209 -9.095169
v 21.214430 16.581892 -8.124849
v 22.264854 16.282549 -9.041594
v 22.294378 15.950342 -9.063860
v 22.878237 16.229506 -9.155495
v 22.763899 16.516733 -9.134179
v 21.638680 16.035234 -8.620915
v 21.040379 15.807110 -7.601045
v 23.317953 16.859701 -9.084201
v 23.934072 17.259398 -8.854729
v 23.480206 16.620749 -9.091365
v 24.110277 17.055529 -8.854008
v 23.612095 16.360819 -9.180098
v 23.740143 16.109179 -9.347799
v 24.400791 16.680185 -9.075729
v 24.258312 16.859449 -8.933048
v 22.964354 15.907978 -9.260785
v 23.047766 15.599670 -9.465108
v 22.284105 15.610773 -9.187548
v 22.259171 15.307652 -9.435163
v 23.955765 15.853666 -9.744979
v 24.629171 16.503584 -9.379072
v 25.345600 17.062559 -8.902652
v 25.094933 17.156111 -8.640944
v 25.829361 17.471231 -8.040079
v 26.101587 17.455446 -8.287783
v 25.504404 17.349741 -9.244555
v 26.272495 17.796186 -8.531984
v 27.078066 18.004831 -7.652066
v 27.933353 18.003866 -6.648543
v 27.738144 17.546019 -6.590492
v 26.894323 17.606699 -7.505187
v 27.048874 18.547949 -7.646781
v 27.901043 18.572100 -6.542164
v 26.224037 18.330511 -8.639054
v 25.440453 17.882902 -9.468514
v 26.904335 19.083445 -7.576928
v 27.746361 19.120054 -6.396582
v 26.047564 18.871561 -8.667633
v 25.201843 18.431524 -9.605318
v 26.588531 19.473700 -7.385337
v 27.433128 19.526320 -6.156349
v 25.717422 19.266554 -8.528116
v 24.843204 18.858526 -9.512512
v 26.213812 19.408365 -7.097499
v 27.040358 19.450842 -5.878991
v 25.364273 19.217009 -8.214442
v 24.507906 18.853815 -9.152912
v 26.053013 19.101046 -6.932370
v 26.876427 19.110888 -5.763878
v 25.216002 18.935640 -7.986501
v 25.194904 18.690882 -7.876496
v 26.030924 18.836542 -6.877532
v 26.863575 18.819368 -5.755445
v 24.380619 18.600382 -8.851044
v 24.373449 18.366713 -8.682460
v 26.074406 18.445688 -6.862869
v 26.917015 18.397142 -5.809855
v 25.242147 18.320505 -7.778177
v 24.445793 18.002710 -8.499283
v 26.179144 18.069586 -6.912743
v 27.016748 17.993597 -5.921114
v 25.369450 17.965773 -7.758229
v 25.500448 17.757513 -7.804774
v 26.289398 17.847364 -6.993596
v 27.118427 17.754972 -6.036814
v 24.619680 17.661860 -8.409294
v 24.778984 17.464064 -8.425062
v 26.435476 17.667440 -7.117652
v 27.260349 17.559542 -6.191166
v 25.654606 17.587324 -7.902376
v 26.610960 17.560186 -7.269991
v 27.438335 17.451468 -6.363412
v 24.934143 17.293135 -8.507435
v 27.959208 17.502638 -4.978824
v 28.113461 17.289389 -5.161708
v 28.310246 17.175413 -5.353488
v 28.648031 17.303759 -5.577520
v 29.881870 16.347513 -3.235816
v 30.312647 16.487993 -3.456815
v 31.181404 15.649811 -1.825056
v 30.667492 15.606905 -1.606654
v 28.849791 17.821642 -5.565392
v 31.705528 14.541660 0.524933
v 31.087551 14.701262 0.694106
v 31.578766 13.983538 2.358728
v 30.696474 14.397339 2.466934
v 32.259163 14.344439 2.442964
v 31.761890 13.765369 4.078085
v 31.055807 13.462271 3.840980
v 32.533211 15.258606 2.641395
v 32.109875 14.529451 4.315589
v 32.488312 16.070936 2.832096
v 32.160057 15.235970 4.443995
v 32.391060 17.037851 3.101419
v 31.167263 14.374853 6.418902
v 31.111965 13.734629 6.157522
v 31.044819 17.208075 7.098777
v 31.008993 18.505739 7.337641
v 29.940512 18.589510 9.281348
v 30.717848 19.359499 7.455250
v 30.918427 20.397558 5.543917
v 29.486286 19.221273 9.269545
v 30.119705 19.864367 7.397680
v 30.267414 20.725531 5.529762
v 30.009539 21.309671 4.749925
v 30.673456 21.138140 4.628452
v 29.178301 19.905432 7.212645
v 28.681030 19.482954 8.857952
v 28.237564 19.289209 10.183434
v 27.256920 19.236067 11.906192
v 25.475109 19.536879 10.434892
v 23.648176 20.072477 10.532536
v 23.069342 20.417150 10.632033
v 23.960213 19.988054 9.346381
v 24.261784 20.775160 14.167987
v 22.539761 20.807634 10.830303
v 22.229132 21.194910 11.193887
v 22.039619 21.534170 11.586863
v 21.660667 22.179430 11.263050
v 22.175274 22.497587 13.139464
v 22.609385 21.748739 13.142962
v 21.436504 23.060095 11.296230
v 21.930943 23.317030 13.133381
v 21.401163 24.006708 11.129475
v 21.429173 23.570929 11.509348
v 21.488256 24.894129 10.756180
v 22.140842 25.339003 12.826953
v 21.953800 25.984781 10.131651
v 21.786638 25.699823 10.865990
v 22.510427 26.136412 12.644747
v 22.833273 22.215261 6.234145
v 22.637930 23.065016 6.083427
v 23.546471 24.531607 6.490143
v 22.966822 21.117777 7.032100
v 24.799568 22.484426 5.398156
v 24.940151 21.512854 5.834913
v 25.199936 21.930605 5.395380
v 26.578720 21.792669 4.952456
v 24.922972 20.674498 6.675650
v 25.180990 19.957651 7.546199
v 24.605610 19.964376 8.167764
v 24.469589 23.604956 5.470194
v 27.639240 28.571440 9.303498
v 28.108101 27.685995 6.778791
v 28.136250 26.852694 5.417150
v 28.709700 27.245508 5.220943
v 28.616095 28.140276 6.657614
v 28.172041 26.076345 4.497355
v 28.793736 26.453039 4.305381
v 29.034420 25.618509 3.901201
v 29.106617 26.978956 3.780879
v 29.360764 25.940222 3.269031
v 29.657391 23.796461 3.763573
v 30.207296 22.279211 3.965825
v 29.465601 22.360342 4.169057
v 29.743931 21.797518 4.406956
v 30.448948 21.683226 4.230931
v 28.248032 21.753622 4.530262
v 29.236248 26.203123 2.326787
v 29.001245 27.525740 2.919070
v 28.513121 27.840288 2.104238
v 26.683458 25.175428 1.475579
v 26.534782 23.224379 1.798025
v 26.418728 21.922586 2.044012
v 26.223356 20.840162 2.351308
v 25.912920 19.839903 2.766619
v 27.185581 19.319910 2.930016
v 26.730042 18.073980 3.626018
v 25.379745 18.676603 3.306273
v 25.714725 16.518492 4.484288
v 24.293056 17.128225 4.037823
v 24.372250 15.725414 4.955164
v 23.345024 16.133776 4.465229
v 24.518021 15.204939 5.056399
v 22.753220 15.570868 4.645418
v 23.419020 14.539997 5.293650
v 22.921799 14.106232 5.372293
v 23.150734 12.901217 5.248553
v 24.229204 12.147537 4.961963
v 26.826111 12.592859 4.800792
v 25.368538 11.322300 4.723057
v 27.586987 13.524385 4.628697
v 21.805187 13.659452 4.944867
v 20.861988 13.062719 2.624402
v 21.221142 13.572235 3.862938
v 21.658045 14.962137 3.619128
v 21.228323 14.455719 2.147913
v 22.107668 15.546406 3.537830
v 22.252895 15.047991 4.743056
v 22.615477 16.177954 3.399607
v 22.180202 15.787840 1.971035
v 22.897596 16.949213 1.763500
v 23.432663 17.255217 3.104415
v 23.684877 18.614973 1.406865
v 24.419405 18.843351 2.594425
v 24.136282 19.883303 1.075896
v 24.948318 20.010290 2.169636
v 22.891529 18.233534 -0.853438
v 22.332195 16.543852 -0.480351
v 21.718763 15.369720 -0.184468
v 21.204449 14.667923 -0.025445
v 20.952238 15.591921 -4.326959
v 23.223755 19.557581 -1.011909
v 23.502636 21.019964 -1.104334
v 24.483456 21.148584 0.825615
v 25.299324 21.067701 1.846651
v 25.538822 22.189245 1.616234
v 25.677097 23.449842 1.470027
v 24.743149 22.408590 0.667194
v 24.906860 23.713537 0.614927
v 25.832096 25.261492 1.359411
v 25.068943 25.545458 0.741168
v 24.276192 25.828695 -0.535129
v 24.381687 27.306372 -0.061877
v 24.028854 23.912451 -0.946392
v 22.383003 24.407141 -4.838109
v 23.774979 22.483027 -1.097195
v 21.753515 24.875101 -6.273057
v 20.460472 23.010286 -9.868616
v 20.784660 25.892279 -8.393660
v 19.467196 24.365751 -12.240636
v 17.949205 24.027792 -15.312587
v 18.158062 25.608370 -14.469366
v 16.112785 23.549746 -18.162426
v 14.051640 24.533888 -19.879461
v 14.330975 26.252195 -19.098808
v 16.327446 25.179895 -17.400784
v 15.799538 21.425085 -18.934647
v 13.689560 22.183996 -20.625957
v 10.599161 23.127256 -22.345749
v 10.965609 25.853739 -21.643471
v 13.425925 19.740049 -20.985580
v 10.422695 20.177988 -22.597105
v 7.367443 20.812628 -23.806042
v 7.476846 24.164137 -23.593012
v 4.220648 25.341417 -24.453098
v 1.631035 22.631521 -25.183403
v 1.671120 26.237890 -24.873238
v -1.897457 23.677279 -25.446007
v -1.865540 27.327662 -24.989752
v -1.878122 20.173227 -25.482651
v -4.948135 20.852312 -25.305103
v -5.020142 24.418039 -25.151155
v -8.834934 21.445818 -24.491682
v -8.943810 25.138617 -24.131899
v -11.298103 21.659311 -23.454021
v -11.455963 25.392946 -22.901291
v -10.721115 17.923422 -23.643175
v -12.879055 17.792540 -22.503687
v -13.595570 21.652777 -22.135914
v -14.788986 17.411860 -21.062014
v -15.638336 21.269468 -20.510717
v -11.029840 12.041399 -22.754759
v -8.993855 12.574696 -23.681206
v -9.733633 9.341345 -22.774893
v -7.684479 10.123308 -23.643688
v -8.698956 7.718958 -22.624165
v -7.594997 6.226629 -22.357452
v -5.495804 7.371847 -23.238689
v -3.364649 8.847261 -23.900909
v -1.705944 7.214176 -23.354572
v -3.833191 5.560446 -22.677729
v 0.232491 5.226969 -22.280571
v -1.830139 3.601374 -21.636448
v 1.548618 3.983419 -21.050184
v -0.426926 2.559912 -20.420856
v 3.593412 5.453312 -21.419241
v 3.373163 2.388983 -18.966049
v 1.630531 1.230206 -18.359753
v 1.555775 -0.693651 -15.973189
v 0.041340 -1.547076 -14.955888
v -1.752195 -0.894197 -16.488125
v -1.443716 -2.274691 -13.533923
v -3.348164 -1.727009 -15.090991
v -5.761444 -0.687492 -16.913721
v -4.124895 0.124989 -18.415169
v -7.391272 0.352434 -17.997671
v -5.719757 1.123064 -19.538223
v -9.537643 2.495945 -19.088322
v -7.859774 3.269938 -20.569847
v -5.936232 4.235048 -21.782232
v -3.853031 2.176636 -20.769325
v -2.342100 1.213472 -19.594734
v -16.502575 16.799654 -19.429653
v -17.485756 20.591089 -18.706545
v -18.034927 24.246351 -17.633539
v -16.045715 24.970594 -19.573435
v -18.200169 27.756807 -16.261604
v -16.121197 28.507277 -18.303541
v -18.009575 31.186140 -14.589505
v -15.938675 31.977278 -16.655127
v -15.559441 34.524330 -15.152637
v -14.750237 36.826416 -13.387918
v -13.687454 38.882736 -11.489258
v -14.396950 39.832726 -7.420790
v -12.394783 40.637718 -9.459833
v -10.681267 43.123978 -2.485512
v -8.166550 44.530006 0.497128
v -4.632210 45.735672 4.353819
v -2.266367 46.118355 6.750751
v 0.257305 45.945343 9.054646
v 2.717453 45.439552 11.153836
v 5.049903 44.619774 12.995987
v 7.324882 43.567879 14.682943
v 9.548585 42.211548 16.189074
v 11.650459 40.660393 17.495565
v 12.947440 39.504753 18.215364
v 14.737637 37.576851 19.064068
v 17.773603 36.045296 18.173079
v 16.387974 35.451385 19.694933
v 19.785042 32.721146 18.709892
v 19.733734 29.596926 20.301338
v 21.076935 30.414618 18.885704
v 22.327141 31.359884 17.418751
v 23.083813 30.208406 17.448429
v 24.141550 31.222002 15.856688
v 21.055964 33.405945 17.147285
v 23.566256 29.323072 17.242750
v 24.501583 30.423220 15.792803
v 25.162437 31.796133 14.021612
v 25.448362 31.012369 14.088367
v 24.652905 29.468966 15.483667
v 25.535030 30.148108 14.047710
v 26.891811 30.987661 11.350464
v 26.556404 31.689589 11.128418
v 27.046698 30.296373 11.513748
v 26.914801 29.281851 11.663068
v 28.094765 30.363417 9.064189
v 28.085716 29.104834 9.346338
v 26.561092 28.715384 11.457335
v 28.434429 28.687857 7.953732
v 28.493729 29.910566 7.617998
v 24.367321 27.738554 14.449050
v 24.601387 28.311293 14.909381
v 23.807787 27.423536 15.768421
v 23.630699 26.911955 15.160223
v 23.239294 26.405855 16.353210
v 23.121420 25.970808 15.616441
v 23.818729 28.438231 16.690872
v 23.131435 27.170034 17.519253
v 22.906208 25.364428 16.684071
v 22.434708 25.286428 18.142118
v 22.800598 24.746679 16.737379
v 22.355015 24.755571 18.179174
v 22.796499 24.193815 16.725220
v 21.746460 25.529108 19.242373
v 21.740891 25.018248 19.238434
v 21.286060 24.953314 19.743933
v 21.138702 25.449614 19.820995
v 22.806622 23.916700 15.875257
v 22.765793 24.447306 15.908851
v 22.820322 25.015024 15.878717
v 22.803711 25.723150 14.789255
v 23.265568 22.002760 14.778990
v 24.595356 20.833864 14.734382
v 25.279512 20.164175 14.091608
v 26.075762 19.623678 13.330962
v 24.778629 20.768042 15.369602
v 27.513798 31.424589 8.702175
v 27.923882 30.998903 7.265058
v 27.121878 32.173119 7.183369
v 23.909237 36.609718 6.567378
v 23.591169 36.881248 7.696921
v 24.166304 36.313896 5.568289
v 22.485809 38.368942 5.942663
v 22.136906 38.714653 7.095958
v 24.446133 34.871857 3.072244
v 26.080223 32.867813 3.723293
v 27.254704 31.292219 3.766490
v 26.780022 30.863291 2.955236
v 25.774879 32.088593 2.810156
v 27.212414 30.135450 2.807887
v 27.478867 29.385962 2.483261
v 28.133667 29.521215 3.084132
v 26.299782 30.065985 2.447607
v 25.381233 29.744646 1.855300
v 26.028625 29.407225 2.204685
v 24.420341 30.338503 0.992444
v 24.332405 31.795256 1.438077
v 24.475611 29.350313 0.663332
v 23.552353 32.341827 0.433036
v 22.727283 32.897995 -0.899173
v 21.399694 29.988211 -5.837355
v 21.428242 31.103159 -5.142666
v 22.078825 26.733641 -5.398530
v 20.324402 29.742407 -8.434046
v 19.193775 30.939775 -10.199726
v 15.903505 32.695244 -14.126382
v 17.513186 31.251928 -12.896503
v 16.768387 28.332407 -15.507257
v 14.899178 29.550535 -17.124531
v 12.216221 31.261690 -18.665945
v 11.346128 27.731325 -20.849174
v 8.189552 29.408133 -22.061560
v 8.740629 31.332094 -20.962151
v 7.780626 27.290777 -22.894331
v 4.495455 28.713659 -23.694931
v 4.898656 31.064203 -22.799850
v 1.939754 29.735064 -24.016773
v 2.353855 32.209114 -23.057669
v 0.184177 30.344648 -24.080265
v 0.614979 32.873138 -23.075329
v -1.603050 30.923315 -23.992620
v -1.156570 33.478264 -22.933552
v -4.781544 31.851744 -23.330521
v -4.345440 34.394196 -22.137884
v -5.008640 28.169889 -24.523483
v -8.955204 28.937693 -23.286644
v -8.845881 32.650536 -21.840254
v -11.468403 29.089388 -21.899956
v -11.379036 32.716957 -20.356600
v -13.879192 28.975992 -20.226313
v -13.748013 32.513519 -18.617449
v -13.856930 25.385695 -21.374372
v -13.411880 35.090324 -17.107052
v -11.054686 35.288719 -18.879581
v -8.489273 35.197365 -20.451384
v -10.304998 37.622002 -17.200750
v -7.797710 37.477005 -18.865295
v -3.716206 36.695297 -20.669220
v -6.857613 39.541672 -17.074564
v -2.924961 38.776917 -18.943436
v -5.699089 41.333061 -15.022491
v -1.965027 40.578819 -16.917011
v -0.538353 35.814415 -21.556318
v 1.021206 39.669579 -17.911753
v 0.184835 37.903969 -19.885767
v -0.507881 42.598053 -13.940687
v 2.300804 41.610741 -15.076092
v 1.932884 37.238426 -20.172749
v 1.242489 35.176605 -21.765181
v 2.714155 38.970451 -18.281729
v 4.389626 38.159409 -18.519726
v 3.654408 36.461571 -20.307270
v 2.989162 34.448196 -21.810627
v 5.560736 40.012215 -15.921997
v 7.906533 38.597168 -16.166061
v 6.857089 36.746239 -18.568392
v 10.026775 41.098007 -11.719249
v 10.788987 36.562370 -15.892302
v 12.534059 39.034760 -11.742192
v 10.674007 41.661835 -10.412324
v 16.682606 34.469337 -11.598399
v 18.131142 33.079300 -10.693503
v 17.904552 32.327988 -11.640734
v 18.302860 33.859497 -9.685022
v 19.457268 32.728539 -8.443540
v 18.067627 38.033638 -5.540336
v 19.082726 37.476959 -4.415314
v 20.489811 32.865623 -6.073207
v 20.480410 31.799147 -6.876621
v 19.339325 39.398735 -1.892564
v 20.417347 38.636925 -0.715338
v 18.231678 39.995811 -3.085433
v 21.264763 33.923370 -3.426388
v 21.416813 32.223480 -4.462332
v 22.461292 35.109138 0.112640
v 22.234829 37.130753 1.206121
v 23.400785 34.395111 1.216120
v 21.852158 38.652695 2.670598
v 21.390636 39.507980 4.058147
v 18.947874 41.697166 2.277567
v 18.338181 41.555092 -0.374051
v 17.408401 42.791290 1.021699
v 16.935053 42.247475 -1.720942
v 15.797631 43.583038 -0.454426
v 15.514948 42.662560 -3.194932
v 14.169034 44.051544 -2.093508
v 17.073792 40.414688 -4.381762
v 12.861691 42.685623 -6.580786
v 11.155010 44.103210 -5.830763
v 8.835426 45.632576 -4.347054
v 5.911538 44.598068 -8.634965
v 8.678154 43.024406 -9.900439
v 3.533643 45.621452 -7.028444
v 1.610641 44.502373 -10.070472
v -2.609770 44.608696 -9.589616
v -1.612356 45.318336 -7.953448
v -0.551664 45.927971 -6.311189
v -3.994427 43.355072 -12.002845
v -6.211075 43.412392 -10.307832
v -4.729828 44.633400 -7.955109
v -8.025713 41.463165 -13.272150
v -10.272947 41.243111 -11.412222
v -8.363873 43.172913 -8.490103
v -11.559628 39.503929 -13.470657
v -12.624979 37.429764 -15.366262
v -9.273174 39.706642 -15.339039
v -6.789360 44.377228 -6.195006
v -4.477133 45.708023 -3.051719
v -2.536942 45.963921 -4.714506
v -1.242605 46.776581 1.047760
v 0.539528 46.996262 -0.592678
v 2.354969 46.956924 -2.280205
v 0.575613 46.431145 -4.669831
v 2.533165 47.276848 1.774961
v 4.227228 47.230751 -0.015332
v 6.813250 46.556435 -2.602761
v 6.306612 47.147148 2.068358
v 12.339295 45.475349 -0.313972
v 10.677977 46.261177 1.507356
v 12.727638 45.626183 3.394722
v 14.229210 44.911034 1.514254
v 13.258869 44.823608 -1.243635
v 15.024514 44.308060 0.500978
v 10.693016 46.092766 5.962027
v 12.833994 45.134384 7.747279
v 14.726892 44.699966 5.138865
v 8.494554 46.786751 4.062741
v 16.082458 44.009834 3.176368
v 16.661404 43.465111 6.601396
v 17.854092 42.803749 4.530721
v 18.528194 42.035240 7.830777
v 16.939156 42.329056 10.607872
v 18.207209 41.184143 11.339301
v 19.707201 40.962090 8.506294
v 14.919471 43.846222 9.290138
v 19.552910 41.428253 5.670595
v 20.627022 40.408432 6.307400
v 21.340122 39.176292 9.326069
v 22.849419 37.258324 9.934814
v 21.461891 37.310951 12.887743
v 19.923183 39.301552 12.231770
v 20.323227 37.001694 14.781366
v 15.740537 40.617935 14.891397
v 17.511383 38.666306 15.828818
v 14.444315 41.800560 14.151190
v 12.368828 43.368111 12.849785
v 13.672704 43.702301 11.084883
v 10.203386 44.708778 11.340193
v 11.539749 45.024887 9.552407
v 7.971087 45.740341 9.578736
v 9.334351 46.022865 7.770665
v 5.650570 46.513138 7.723281
v 3.250755 46.956474 5.712212
v 7.062208 46.753860 5.891964
v 4.760738 47.155258 3.904241
v 0.888790 47.098648 3.499878
v 19.099398 36.571556 16.555786
v 24.353230 33.571365 2.107427
v 20.434307 30.740393 -7.677964
v 13.470964 34.601440 -15.202161
v 9.907579 34.733887 -18.129189
v 9.314506 33.129356 -19.655865
v 5.522722 33.175056 -21.616018
v 6.173203 35.091888 -20.211494
v 20.655005 14.036367 0.106383
v 20.109774 13.411943 0.234793
v 30.406044 13.131449 7.106685
v 30.012716 13.335003 8.109222
v 30.093761 12.699194 7.562065
v 29.928156 12.273464 7.982853
v 29.846382 12.877718 8.601851
v 29.629652 13.646116 9.342133
v 29.669270 12.989962 9.808647
v 29.865345 12.370157 9.051949
v 30.063873 11.783369 9.490804
v 29.912722 12.269896 10.252394
v 30.731676 10.930998 10.930589
v 30.827639 10.614172 10.161154
v 32.144218 8.737457 12.967569
v 32.483002 8.469961 11.805460
v 32.397720 8.142298 14.701948
v 32.719532 7.800810 13.101414
v 31.451828 8.163519 16.636337
v 30.528837 7.961061 18.110228
v 29.577145 9.258963 17.594383
v 28.958969 10.265413 17.114601
v 31.073746 7.104786 18.206568
v 31.965250 7.358824 16.675692
v 29.048904 7.328308 19.754021
v 27.895718 8.788166 19.345074
v 29.802994 5.758118 19.807159
v 31.332127 6.533094 18.069006
v 29.857597 5.174562 19.622934
v 31.407801 5.960672 17.786718
v 29.608511 4.438538 19.062323
v 31.022972 5.182350 17.145449
v 29.031986 4.155893 18.385759
v 30.321630 4.870863 16.409405
v 28.514341 4.373144 17.990015
v 29.755001 5.101042 15.972649
v 29.340990 5.342335 15.720209
v 27.740376 4.847490 17.451727
v 28.917391 5.559404 15.522583
v 32.159973 6.812422 16.556213
v 32.795139 6.844765 14.597286
v 32.782974 7.364962 14.684412
v 32.882118 7.581196 11.974308
v 32.955891 7.475508 11.190495
v 32.572441 8.359211 11.016413
v 32.770027 7.281925 10.362809
v 32.392265 8.133537 10.223480
v 32.999817 6.858072 11.266249
v 32.791840 6.671236 10.433435
v 32.210552 6.317907 9.166182
v 32.264896 6.925741 9.111345
v 32.581535 6.315067 10.519226
v 31.957211 5.980621 9.244720
v 32.830894 6.476465 11.321106
v 31.683807 6.603083 7.566903
v 30.695202 6.232077 6.205531
v 30.654421 7.007841 6.104429
v 31.576387 7.467932 7.576383
v 31.990122 7.764112 9.058327
v 30.129248 9.765095 6.923810
v 30.428337 7.617485 6.119633
v 30.049820 10.646479 7.799349
v 30.021421 10.249617 7.093719
v 29.938091 11.147648 7.495430
v 29.653996 11.121052 6.411394
v 29.674406 11.594414 6.148293
v 29.944469 11.601837 7.189303
v 30.061893 12.030996 6.861050
v 30.287703 12.459215 6.493083
v 29.803474 12.059879 5.853661
v 30.236809 12.705538 5.215963
v 30.850159 13.051645 5.706126
v 30.120495 13.797855 3.754713
v 28.074162 6.544096 4.348185
v 28.213827 5.965780 4.392937
v 28.250383 5.296030 4.710080
v 26.229538 5.016552 3.626225
v 25.487844 4.759544 3.509784
v 24.479294 5.326012 3.271023
v 23.568634 5.224144 3.776157
v 24.380058 6.726574 3.089149
v 25.317551 5.580309 3.089834
v 25.014652 6.865280 3.044922
v 26.118116 5.861006 3.263870
v 24.136349 7.774132 2.853405
v 23.787748 8.417645 2.704862
v 23.316910 9.079693 2.584239
v 22.299017 9.540892 3.403102
v 21.318672 10.405075 3.205025
v 21.852064 10.565205 2.510149
v 22.763815 9.742928 2.518028
v 22.800758 8.876997 3.471728
v 21.380432 8.985216 4.054696
v 21.889898 7.898386 4.168357
v 20.460497 9.958746 3.772665
v 22.421730 7.858507 4.169516
v 23.147161 8.223021 3.551118
v 19.692307 9.435829 3.764719
v 21.253536 7.405165 4.206792
v 19.247639 9.380413 4.307670
v 21.823204 6.531008 4.257080
v 22.394663 5.886339 4.181639
v 19.473766 9.950815 5.454597
v 18.680864 11.058599 5.291875
v 18.387608 10.392860 4.104526
v 20.334702 8.783134 5.812387
v 20.431446 10.884817 7.113061
v 19.732552 12.018263 7.131828
v 21.164005 9.759867 7.349254
v 21.766584 8.941809 7.767160
v 22.243839 12.280466 9.764520
v 25.144775 10.320444 13.724369
v 25.445311 11.222443 13.071665
v 22.532822 9.054535 11.860709
v 24.374346 10.481939 14.297866
v 22.026131 7.801624 9.838716
v 21.569616 7.878901 10.251162
v 21.663998 9.781752 12.344382
v 19.972748 9.417532 10.982129
v 19.588070 9.002268 10.595301
v 19.088264 10.685932 10.761439
v 18.573406 11.405285 10.506049
v 18.734520 10.265182 10.377195
v 18.212105 10.946129 10.114855
v 18.251528 9.845844 10.378778
v 17.716358 10.475504 10.155571
v 18.110271 12.099596 10.114635
v 17.703922 11.562567 9.695003
v 17.137512 10.962782 9.845656
v 19.094976 8.587456 10.629951
v 18.031084 13.769592 7.615775
v 16.844536 12.674667 5.760509
v 17.777847 12.069347 5.399350
v 15.831829 11.718702 3.653126
v 17.276344 11.382650 3.949962
v 17.827053 10.946642 4.011490
v 18.210562 11.624422 5.312897
v 17.146812 11.594898 2.144825
v 17.949879 11.390831 2.567106
v 17.482906 11.157965 3.172916
v 15.970257 11.538088 2.818702
v 18.133217 10.775755 3.349928
v 18.763803 10.298500 3.516732
v 18.693775 11.113604 2.970229
v 19.408236 10.741735 3.336818
v 18.169931 11.831758 1.078788
v 18.889511 11.563646 1.722642
v 19.559746 11.325466 2.315659
v 20.233002 11.046503 2.798388
v 20.963268 11.116959 2.399334
v 18.627176 12.727568 -0.817693
v 19.351580 12.451099 0.478808
v 20.202339 12.096943 1.533842
v 24.004135 14.900949 12.872060
v 23.590218 15.527925 13.024425
v 24.691656 13.614214 12.750299
v 26.338860 14.226549 14.335550
v 23.483849 11.199085 14.575536
v 21.864456 14.167631 14.657481
v 21.639990 14.731144 14.628575
v 21.493540 15.178680 14.562958
v 21.402153 15.572515 14.470202
v 21.424194 16.181334 14.220578
v 25.698025 15.454905 14.689053
v 25.218151 16.199354 15.082750
v 27.006565 14.878923 14.804861
v 26.573162 15.675713 15.157891
v 27.338522 14.124319 14.633326
v 27.595806 13.433464 14.635473
v 27.815029 12.609819 14.902675
v 27.796436 11.893190 15.538099
v 28.104523 12.704872 14.950423
v 28.095163 11.948807 15.692860
v 27.874731 13.577511 14.622011
v 27.620993 14.295252 14.585161
v 28.203135 13.706549 14.349268
v 27.917307 14.522766 14.269341
v 26.904869 15.885944 15.065992
v 27.311872 15.070908 14.724859
v 27.586613 15.386782 14.387903
v 27.176760 16.264509 14.731727
v 26.357754 16.722193 15.635239
v 26.011679 16.492819 15.699783
v 26.652908 17.121435 15.328251
v 26.116224 17.956518 16.048763
v 25.821424 17.552919 16.314939
v 25.446320 18.351397 16.985638
v 25.187664 19.079603 17.649281
v 25.666826 18.768942 16.763203
v 25.305422 19.522593 17.466560
v 25.300404 19.752485 16.112354
v 24.765621 20.756826 18.916931
v 24.292488 21.288847 20.067047
v 23.930954 21.233419 20.618536
v 24.175474 20.782904 20.652998
v 24.471493 20.788382 20.119780
v 24.192356 20.438635 20.519093
v 24.403030 20.399614 20.023884
v 24.816025 20.240713 19.031019
v 24.580280 19.838343 18.991940
v 22.968937 17.159632 16.658979
v 22.955404 16.446478 16.686378
v 23.030228 15.980474 16.626682
v 23.145584 15.456606 16.537119
v 23.582657 16.693941 17.855503
v 23.605219 16.665640 18.323591
v 23.953243 14.115311 17.541811
v 23.983681 14.219151 17.137388
v 24.091339 13.457769 17.385845
v 24.164440 13.529406 16.988918
v 24.295464 12.957479 17.360561
v 24.409037 12.991022 16.980192
v 24.554485 12.591608 17.445528
v 24.708652 12.591337 17.065437
v 24.856739 12.336926 17.619642
v 25.056263 12.317553 17.198692
v 25.426224 12.136562 17.335440
v 24.720743 12.111509 16.215372
v 23.799877 13.404537 16.146811
v 24.153446 12.781935 16.143921
v 23.521473 14.128616 16.261530
v 22.185938 7.150099 9.439299
v 21.603352 7.143457 9.785823
v 22.473618 6.538643 10.040009
v 23.026470 6.757822 9.680816
v 23.388222 6.884714 9.232282
v 23.587500 6.896404 8.666249
v 23.588463 6.611906 9.936730
v 24.289558 6.480038 10.300690
v 23.757195 6.348467 10.760229
v 23.059931 6.407524 10.341265
v 23.938560 6.673168 9.478319
v 24.094395 6.651506 8.890585
v 21.423254 5.535788 11.658436
v 22.078705 5.450670 12.257575
v 23.095840 6.885443 8.129509
v 23.728119 6.745218 8.272062
v 30.698093 15.098978 0.873821
v 30.327351 15.620081 1.063258
v 29.959688 16.176115 1.231095
v 29.953316 16.657545 -0.937754
v 30.158833 16.248739 -1.141897
v 29.549944 17.173719 1.181290
v 29.725430 17.344320 -0.547931
v 30.388601 15.866562 -1.378222
v 29.531757 18.153021 -0.403675
v 29.388275 18.108084 -1.254965
v 29.521549 17.631441 -1.246840
v 29.422070 18.693876 -0.568368
v 29.277267 18.598154 -1.362220
v 29.204678 19.033873 0.564937
v 29.232153 19.808191 0.224050
v 29.425182 19.322683 -0.827136
v 29.282961 19.189947 -1.589936
v 28.558495 19.300512 1.852654
v 29.711012 20.223459 -0.119566
v 29.811771 19.647703 -1.068815
v 29.667284 19.449762 -1.841134
v 29.370945 19.375895 -2.724975
v 28.899641 19.393984 -3.741963
v 28.979120 19.176550 -2.458643
v 28.498837 19.247103 -3.463550
v 27.827301 19.367819 -4.635593
v 28.917339 18.651415 -2.307281
v 28.371586 18.797556 -3.379803
v 28.404852 18.428808 -3.402119
v 28.994207 18.223379 -2.274128
v 27.670172 18.980188 -4.555812
v 27.674721 18.655462 -4.579654
v 29.146343 17.630011 -2.372958
v 28.502399 17.912718 -3.513307
v 27.742634 18.193922 -4.676326
v 29.323078 17.093290 -2.583226
v 29.467957 16.779684 -2.780286
v 27.850998 17.759199 -4.832270
v 28.547544 19.035463 -5.189734
v 29.648998 16.505003 -3.010744
v 28.767710 18.439585 -5.374763
v 20.818094 15.702091 -5.981876
v 16.935133 12.751579 -11.682823
v 17.005724 12.035469 -12.131017
v 17.051033 12.911398 -13.587009
v 17.220661 11.368021 -12.423775
v 17.342592 12.105864 -13.638058
v 17.423578 12.299788 -15.252247
v 17.149818 11.923719 -16.765701
v 17.716444 10.341831 -15.813630
v 18.126545 9.420256 -14.945395
v 18.362249 8.571495 -13.937413
v 15.705307 10.928370 -18.352106
v 5.732061 6.819538 -21.492542
v 18.369675 7.091433 -7.903347
v 18.414234 6.986914 -8.034616
v 18.283360 6.813950 -7.976774
v 17.616522 8.955193 -8.814581
v 17.546751 9.033388 -8.408642
v 18.253378 6.931847 -7.832787
v 16.761648 7.067139 -13.118041
v 25.174091 4.486282 6.569179
v 13.824941 9.179415 -3.089148
v 15.361735 10.832506 -3.360374
v 16.818615 12.014544 -3.011923
v 17.452143 12.458153 -2.611375
v 17.984108 12.737694 -2.053476
v 20.427273 11.365126 2.084632
v 10.477949 6.385218 3.587052
v 10.963043 6.312027 2.997949
v 26.685976 12.452522 19.624941
v 26.432175 12.123941 19.630156
v 25.513910 11.971611 18.559427
v 25.794575 12.181822 18.655357
v 26.535801 10.669062 19.896591
v 26.882345 10.210712 19.707088
v 10.313915 9.642317 21.735245
v 11.634911 9.086580 20.266449
v 11.768645 8.085724 20.950542
v 9.424296 8.096056 22.837887
v 9.974666 6.808355 22.929623
v 11.978191 7.057703 21.592510
v 12.169372 6.421598 21.967379
v 10.126759 6.109119 23.092747
v 9.180237 10.260164 22.577473
v 8.438125 8.946180 23.266701
v 6.219666 12.531862 25.820503
v 5.337253 15.496910 26.442366
v 4.957458 15.529186 25.717270
v 6.022248 12.538843 25.028139
v 5.266957 14.901846 24.892612
v 6.328200 13.293839 24.094755
v 8.115187 11.525354 22.842369
v 6.873384 9.910540 24.056444
v 6.834799 11.398113 24.173622
v 7.218287 12.234743 23.481678
v 6.591919 10.562973 24.734982
v 6.763275 10.315580 25.532333
v -5.856594 -2.671471 3.517259
v -3.917194 -2.520250 3.414235
v -3.598236 -2.201975 5.409307
v -6.526825 -1.432438 7.244215
v -6.276779 -1.072169 8.180304
v -7.204332 -0.560986 8.205154
v -7.558628 -0.945938 7.276883
v -6.850170 -1.837366 5.908326
v -7.997490 -1.338597 5.911368
v -7.531891 -2.277735 3.518587
v -8.756615 -1.695395 3.476807
v -0.429745 1.508608 6.603740
v -0.849575 1.931065 8.226974
v -1.475346 0.851156 7.793695
v -1.005028 0.628586 6.357993
v -1.240164 -0.360152 5.573673
v -0.428343 -0.380674 3.499959
v 0.037643 1.658831 5.859213
v 2.669209 1.281267 2.683051
v 4.753373 1.328070 2.496718
v 4.946174 3.114723 4.378855
v 2.389170 2.498539 4.647506
v 3.079699 4.892693 7.503317
v 1.714294 4.263172 7.239210
v 4.149693 5.289978 7.486905
v 5.673433 3.945967 4.639853
v -0.094172 1.762634 7.354240
v 0.707302 2.423019 6.987863
v 0.398285 1.882059 8.000546
v 1.198919 2.393393 8.107064
v 1.649752 1.629923 8.228127
v 1.193987 1.268600 8.127733
v 0.933083 3.351561 7.496185
v -18.740589 7.118048 -8.019071
v -18.657413 7.858351 -10.566359
v -17.874374 6.189829 -9.855991
v -18.185448 8.023684 -12.412695
v -20.392998 12.385117 -11.811710
v -17.111717 5.845129 -12.089748
v 14.333486 5.329885 20.571831
v 13.694501 5.640179 21.339481
v 13.253909 6.222429 20.619785
v 13.751418 5.789543 19.641218
v 14.714837 4.977655 20.216692
v 13.846735 5.038328 17.333019
v 14.155475 4.248068 17.460447
v 15.149040 4.532701 20.046740
v 14.576020 3.122202 17.475117
v 15.816513 3.754080 19.992111
v 24.203777 10.057631 19.696640
v 25.271751 11.047375 19.335531
v 23.808044 9.972134 18.584873
v 25.023434 11.536791 18.476931
v 24.057131 10.682653 17.964638
v -1.518663 3.284523 9.340805
v -1.744869 2.225130 8.755055
v -0.097923 3.780794 9.187425
v -0.597012 4.292027 9.632664
v -1.552376 4.216515 9.892613
v 0.456213 2.110102 8.723531
v 0.947586 2.414450 8.632339
v 0.535971 3.884747 8.795154
v 22.036163 8.515907 21.567617
v 20.688675 9.926882 21.547993
v 18.819298 9.212555 21.951191
v 19.907124 10.946653 21.704079
v 19.346809 12.028233 21.943193
v 17.939423 9.668720 22.348019
v 17.000463 9.883028 22.941250
v 19.175133 13.505816 22.036442
v 16.747875 12.450998 23.701103
v -8.581974 26.675165 20.575329
v 0.554726 -0.259477 1.990747
v 1.305611 -1.261675 -1.164144
v 3.412786 0.049206 -0.630339
v 5.136467 0.871733 0.871573
v 5.727592 1.663441 -0.277198
v 4.269972 0.139811 -2.490608
v 17.570715 -0.049185 16.873991
v 18.337748 0.305565 16.740570
v 19.583900 0.582338 19.703053
v 18.271713 0.145184 19.420849
v 17.009995 -0.197203 16.995678
v 19.421375 0.475798 20.459167
v 18.735943 15.813160 21.805927
v 17.788216 14.316359 22.711468
v 19.826874 15.010389 21.538925
v 20.248775 16.309702 21.268023
v 19.147135 17.023932 21.326653
v 16.417902 13.195038 23.710169
v 0.939249 1.787821 4.840705
v -2.191364 -1.516702 5.299547
v -2.096664 -1.684715 3.425302
v 20.979561 1.304863 19.403593
v 21.021357 0.971191 20.224731
v 19.084221 1.365953 15.513340
v 21.313457 2.149408 17.903873
v -4.336651 4.465395 12.058245
v -4.052717 4.488478 13.251048
v -4.915131 4.772482 13.453864
v -5.753054 4.662010 12.430996
v 8.438114 15.248474 24.751560
v 7.986253 15.817331 25.730556
v 8.571129 14.321039 25.624386
v 19.710451 19.668825 20.764641
v 20.983826 18.780973 20.951639
v 21.042706 21.825781 20.603838
v 19.610332 20.691805 20.634859
v 19.353317 21.732817 20.580427
v 18.662596 21.099298 20.420301
v 18.875530 20.076933 20.475973
v 18.927582 19.200251 20.622738
v 20.763781 22.373487 20.511694
v 20.413860 23.116755 20.456432
v 21.825785 16.652624 19.674963
v 21.085064 15.976622 19.010155
v 21.574310 16.738325 18.168968
v 22.660219 17.546923 19.027958
v 21.845005 15.713526 20.136950
v 21.096668 14.702528 19.393564
v 22.077793 16.858496 20.099806
v 22.342068 17.681681 20.217022
v -10.699991 5.906973 11.939722
v -10.798792 4.196585 10.691018
v -8.661993 4.113935 11.422634
v -7.786743 5.424490 12.766087
v -8.244238 7.455631 13.807929
v -6.680092 4.035500 11.088583
v 24.180769 2.484016 20.225962
v 24.905231 2.529150 20.711800
v 24.254990 2.355907 21.748121
v 23.378677 1.987953 21.237873
v 23.087498 2.447523 19.429960
v 22.463970 1.752451 20.603020
v 25.492195 2.777771 21.210878
v 25.544792 3.097586 21.967861
v 21.398975 2.914782 17.017756
v 23.610723 3.233568 18.635515
v 25.055420 3.116680 19.587902
v 25.789465 2.973660 20.147850
v 2.370970 6.242712 12.201175
v 0.167097 5.545284 12.844514
v 0.115957 5.340897 11.320817
v 2.355257 5.855547 10.643653
v 3.984316 6.225161 10.362725
v 4.448874 6.762283 11.949975
v 0.913269 5.148663 9.342624
v 24.209698 2.668509 22.202477
v 23.351770 2.133923 22.107132
v 23.347202 1.927010 21.812876
v 24.091400 3.056505 22.494392
v 23.205549 2.452652 22.400084
v 12.470433 17.970449 17.788633
v 11.005839 17.614157 17.904999
v 12.054232 16.626692 18.197552
v 12.509337 17.218302 17.796469
v -5.065933 0.396378 9.494942
v -3.874641 0.065388 9.424270
v -2.885937 -0.023617 9.152907
v -3.046711 1.283968 9.144111
v 19.633331 7.488062 12.121337
v 19.627911 7.991703 11.946554
v 19.373802 7.523279 11.362570
v 19.502167 6.676271 11.626598
v 19.512892 8.541597 11.818197
v 19.269581 8.160202 11.257162
v 20.292065 5.532766 12.063034
v 10.490469 13.706671 22.509382
v 10.372008 12.790300 24.133484
v 11.638607 12.494831 24.017365
v 11.781631 13.368456 22.234432
v 13.944995 13.120905 22.969986
v 13.297631 13.559282 21.847153
v 14.284111 14.044104 21.446888
v 12.635840 19.231573 18.269766
v 11.184391 19.850901 18.997904
v 10.902706 18.885469 18.506168
v 24.486773 4.722572 17.539886
v 24.877190 4.381903 18.076893
v 23.299128 4.146412 17.543255
v 23.201050 4.506023 17.083347
v 23.602081 5.015427 16.531158
v 23.202002 4.776430 16.684824
v 24.173077 5.247168 16.268013
v 25.307383 4.937145 17.405100
v 25.864264 4.602079 17.969124
v 22.075155 5.051256 14.908708
v 22.485788 5.240328 14.491789
v 21.740009 4.806326 15.249255
v 20.954281 3.977995 15.686548
v 21.509033 4.496012 15.582423
v 12.653083 6.423059 14.765207
v 11.759569 5.965128 14.237922
v 12.265806 4.852163 14.783523
v 12.960929 5.336220 15.218666
v 12.815750 4.364658 15.213051
v 13.190808 4.669786 15.418741
v 13.574706 5.855419 16.957958
v 13.304503 7.065243 16.307804
v 13.408624 4.063944 15.578132
v 13.214976 3.733530 15.411518
v 4.706435 17.171598 26.139700
v 4.749933 16.485983 24.775112
v 4.525523 17.634966 24.513618
v 3.925808 18.909460 24.459072
v 4.097374 17.204054 23.431824
v 4.662061 16.822824 24.033772
v 4.580400 18.773985 25.763439
v 4.502180 19.328691 25.842560
v 4.401092 19.038389 25.241198
v 4.497147 18.713167 25.235405
v 16.216301 -0.209374 15.163657
v 16.147427 -0.175175 14.524396
v 16.791559 -0.139245 14.805449
v 16.735382 -0.184584 15.258983
v 8.056294 10.036957 26.244415
v 6.588965 8.999863 25.309776
v 8.912126 11.131388 26.463673
v 7.867587 13.476795 26.572201
v 6.912389 12.835035 26.346275
v 9.620292 7.411713 26.040123
v 9.119195 9.047943 26.391605
v 9.499756 9.975515 26.552971
v -1.558712 -0.567513 7.598840
v -1.722679 -0.406174 8.163927
v -1.553204 -0.787572 7.139950
v 7.624266 8.440248 7.648952
v 8.864349 8.879498 7.854508
v 7.201593 7.945679 9.319064
v 6.702468 7.707520 8.632594
v 6.547319 7.161524 6.856700
v 7.598495 8.285292 6.671352
v 8.809175 8.641539 6.583498
v 16.677666 4.384748 12.172721
v 17.275616 4.112125 12.485896
v 17.034437 2.916059 12.250998
v 16.578545 2.803833 11.914307
v 17.318975 2.551802 12.755509
v 16.900902 1.628149 12.551810
v 17.595421 3.697521 12.944239
v 14.608854 2.749121 12.764663
v 14.292456 2.303442 13.511545
v 13.810505 3.180235 13.761433
v 14.361113 3.415075 12.726448
v 6.192605 19.461973 27.625652
v 6.640348 18.631903 27.569229
v 7.537026 20.749071 27.822983
v 6.193978 20.489447 27.659229
v 6.990489 22.411463 27.647362
v 6.018303 21.613394 27.573353
v 7.757521 18.590948 27.569508
v 8.462972 19.954763 27.828119
v 10.941319 20.780382 24.742683
v 10.239599 20.076315 24.732712
v 10.805370 20.792315 22.266518
v 9.582082 19.287050 24.709538
v 9.916087 19.551027 21.813068
v 19.301069 26.374140 21.860506
v 18.943213 27.598768 21.895432
v 20.326469 25.435240 20.820292
v 18.785957 6.187515 13.104204
v 18.181885 5.836271 13.123047
v 20.013630 7.546759 14.509910
v 19.145519 7.661570 14.969175
v 17.637848 6.123764 13.182087
v 18.750311 5.483068 13.059775
v 18.317875 5.154457 13.208290
v 6.820064 2.809063 3.778371
v 7.385223 2.055296 2.944379
v 10.327182 8.579504 26.416054
v 12.091767 8.777225 25.977234
v 11.226789 10.177965 26.377918
v 10.402128 9.436018 26.558693
v 16.491573 0.321381 13.294113
v 16.268867 -0.035088 13.809417
v 15.255709 0.154648 13.617781
v 15.622099 0.740973 12.725023
v 17.016521 0.070539 14.179600
v 17.374380 1.015282 13.623271
v 23.187983 19.094503 19.834341
v 9.309504 8.652430 8.763656
v 8.009039 7.892174 9.957501
v 2.172134 6.420109 13.104129
v 1.865032 6.586493 13.874208
v 5.865334 7.470945 13.437198
v 6.295929 7.375668 12.590852
v 9.257849 4.034866 2.894965
v 9.506655 6.470884 4.267247
v 11.514990 9.783756 7.226720
v 0.092188 9.668272 16.914070
v -1.821075 9.619797 16.630507
v 0.366020 8.700533 16.214352
v -4.817947 9.883909 16.270599
v -4.724911 8.784893 15.586563
v -0.822142 7.490395 15.450701
v 0.630896 7.166227 15.109009
v 2.128860 7.816879 15.368998
v -6.084753 7.511000 14.512373
v -4.171148 7.574644 15.018738
v -4.700268 5.570065 15.099340
v -3.558222 6.026867 15.575186
v -3.713869 6.628717 15.074231
v -5.384594 6.000542 14.476770
v -6.506618 5.799410 13.692008
v -5.904411 5.071117 13.291511
v -5.368727 5.178089 14.021075
v -4.885035 5.197060 14.697101
v -7.053492 7.365755 14.149285
v 15.685585 11.756992 10.062981
v 16.246716 11.579365 10.281463
v 13.518736 11.287304 9.148008
v 15.970167 12.405901 10.931778
v 14.784137 12.642019 11.040059
v 16.492115 12.117693 11.006322
v 15.492306 2.363565 11.718252
v 15.215818 3.341799 11.517735
v 15.996136 5.000780 11.933851
v 14.917965 4.001860 11.429256
v 14.238350 5.058407 11.221878
v 20.215519 3.617697 15.297440
v 19.548836 4.005684 14.607751
v 20.078535 4.361624 14.613029
v 19.242374 3.689234 14.601003
v 20.008549 3.275394 15.322579
v 18.980097 2.477119 14.787872
v 18.580290 3.001505 14.372169
v 21.393362 3.381542 16.600368
v -12.750774 0.821993 0.545802
v -15.173050 3.376434 1.012804
v -17.055172 6.085451 2.283589
v -17.308186 4.846567 -6.058439
v -15.785343 3.036295 -4.714130
v -16.392956 3.821169 -8.392107
v -15.005646 2.102375 -7.426491
v -19.942432 9.114887 -2.265485
v -13.269478 0.580656 -3.806216
v -12.819088 0.024042 -6.544338
v 7.847281 6.675694 4.922475
v 0.301661 5.717041 13.599731
v 0.257772 5.890425 14.190619
v -0.984299 4.866308 14.321979
v -1.722181 4.497192 14.071800
v -1.587574 4.929340 12.987452
v -1.591936 4.909300 11.671601
v -0.763521 5.114546 14.641340
v -0.740372 5.368353 14.984473
v 12.850077 3.381351 14.994112
v 14.828835 2.009579 17.158512
v -1.345060 -3.211843 -9.553134
v 0.993881 -2.690042 -9.665895
v 0.892221 -2.908978 -7.692314
v -1.366407 -3.078236 -10.673452
v -2.018333 1.054668 8.487627
v 26.442085 3.176126 20.977644
v 18.241497 3.172823 14.091732
v 18.079372 2.215719 14.066393
v 17.725267 2.239828 13.657248
v 17.951553 3.331505 13.769237
v 0.239489 -3.091038 -5.662210
v -2.262539 -3.303122 -5.921664
v 2.841829 -2.283698 -5.218458
v -2.002354 -1.618156 7.999908
v -2.051926 -1.503676 8.394133
v -2.135653 -0.288639 8.692446
v -2.406933 -1.518314 8.676062
v -2.613667 -1.930411 8.194114
v 23.022915 1.773153 21.595829
v 22.268269 1.480253 21.142578
v 23.606087 19.840803 20.171741
v -4.432495 4.613707 14.694601
v -3.782547 4.231480 14.412586
v 9.301660 5.476696 25.434355
v 6.738086 5.985739 25.038658
v 6.730220 4.876429 24.647518
v 9.397054 4.553480 24.880621
v 6.030454 7.906748 24.978886
v 5.361384 7.394472 24.637722
v 4.780523 5.219309 24.020245
v 4.738504 6.146667 24.242271
v -4.418280 -2.070424 6.876874
v -4.767014 -1.909803 7.504329
v -4.563026 -1.691645 8.284492
v -3.815557 -2.008595 7.692894
v -3.572098 -1.872024 8.324146
v -2.809242 -2.014595 7.583790
v 24.236546 9.606085 20.572983
v 23.629570 9.551558 20.804476
v 24.815393 9.867065 20.312624
v 25.302895 9.300325 20.419231
v 22.685106 9.964098 20.976292
v 26.708458 3.738298 21.807047
v 8.899810 16.622629 23.256853
v 8.834548 17.620306 24.172623
v 8.963272 15.692148 23.076504
v 9.258775 13.775658 24.183708
v 9.425138 14.620760 22.776394
v -14.541351 7.338560 -18.433022
v -15.781029 10.171375 -18.392645
v -13.579838 5.586094 -18.245401
v -12.545795 3.965805 -17.930969
v 21.558662 23.473486 20.203993
v 21.874855 23.007032 20.317801
v 8.751565 3.593889 0.948753
v 7.636532 2.737034 0.808968
v 9.308955 3.584196 1.765761
v 25.605900 11.155952 19.674068
v 26.080544 11.101736 19.950529
v 24.449236 10.106485 20.009096
v 7.603997 1.969992 1.879402
v 2.081749 -1.987426 -3.394478
v -0.377457 -2.881911 -3.827932
v -1.188868 -2.514961 -1.421876
v -3.528393 -3.059687 -1.767369
v -1.815243 -2.143824 1.023522
v -3.941330 -2.840291 0.852459
v -6.119074 -2.980493 0.367268
v -8.367500 -2.530005 -3.136892
v -8.074537 -2.597734 -5.313653
v -5.784561 -3.176048 -4.788434
v -9.815439 -1.839128 -3.337766
v -9.532936 -1.947689 -5.673145
v -10.773535 -0.863104 0.513144
v -10.203230 -0.853884 2.768587
v -11.413794 0.481146 3.732692
v -13.844635 2.911531 4.070085
v -10.414026 0.581053 6.148141
v -12.453915 2.723625 6.814650
v -13.804558 4.685400 7.776600
v -15.472233 5.203430 5.051519
v -10.354879 2.632801 9.581438
v -11.378061 2.639631 8.487909
v -12.380110 4.372688 9.488640
v -8.034472 1.422636 9.472433
v -8.877626 2.814407 10.310589
v -6.538832 2.161854 9.809849
v -6.966625 3.214430 10.288157
v -5.271362 4.086569 10.602337
v -4.039118 4.444988 11.065639
v -4.340382 4.141747 10.290468
v -3.074030 4.571814 10.758227
v -3.038044 4.188602 10.027048
v -2.910883 4.590710 13.062593
v -3.019432 4.635122 11.823072
v -1.621056 4.758343 10.542427
v -0.153545 5.040567 10.073448
v -2.798473 4.198593 14.124313
v -2.619238 3.746702 15.460800
v -1.707733 3.985931 15.346677
v -1.595274 3.856241 16.324114
v -2.424561 3.662714 16.501413
v -3.463936 4.022768 15.741218
v -3.172394 4.079132 16.705114
v -2.802177 4.388424 17.614557
v -2.159050 3.980545 17.451408
v -1.819195 4.476915 18.364807
v -3.268961 4.958042 17.620010
v -3.639517 4.686735 16.799801
v -3.983551 4.556812 15.966631
v -3.451258 5.546444 17.514811
v -3.793020 5.300978 16.781372
v -2.988997 5.895929 18.346416
v -4.084011 5.197178 16.104052
v -3.100842 5.990644 17.307785
v -3.359528 5.840767 16.658207
v -2.677132 6.249102 18.096291
v -3.482777 5.824242 16.145061
v -2.588066 6.113281 17.171843
v -2.209560 6.059101 17.116701
v -2.317112 6.031536 16.537329
v -2.756834 6.052940 16.573891
v -2.249826 6.279852 17.923306
v -1.944876 6.189816 17.848026
v -1.716925 5.798630 17.074821
v -1.742157 5.750328 16.485529
v -1.539557 5.947952 17.795366
v -1.688427 5.808397 16.038422
v -1.430002 6.021353 15.543625
v -2.231041 6.274588 15.685028
v -2.331394 6.087391 16.124180
v -0.703930 6.463949 15.124573
v -1.816561 6.705976 15.333375
v -1.265539 5.420460 15.917757
v -1.369820 5.376137 16.465132
v -1.259207 5.087191 16.447771
v -1.150299 5.127821 15.804569
v -0.876791 5.641655 15.261878
v 0.052053 6.118488 14.661862
v -1.379747 5.458761 17.113344
v -1.240240 5.638443 17.848373
v -1.268427 5.196295 17.160204
v -1.133602 5.402462 17.922886
v -1.227222 4.894508 17.167665
v -1.106482 5.150564 17.972101
v -1.144541 4.887959 18.020924
v -1.261496 4.567936 17.172142
v -1.215328 4.746166 16.387283
v -1.266768 4.375233 16.326145
v -1.129930 4.802397 15.648378
v -1.238512 4.460663 15.489489
v -1.489773 4.107508 17.245819
v -1.316994 4.526329 18.142757
v -0.837570 5.185160 18.866392
v -1.001816 4.900076 19.044796
v -0.310600 5.404518 19.687311
v -0.489727 5.180376 19.918371
v -1.402443 4.929012 19.296293
v -0.821106 5.289251 20.206959
v 0.011383 5.510323 21.058327
v 0.275267 5.318823 20.730396
v 1.251181 5.319122 21.504974
v 1.045973 5.592125 21.871660
v -0.202492 5.968185 21.259506
v -1.136230 5.700474 20.382751
v 0.913452 6.114098 22.084333
v -1.825407 5.296450 19.453148
v -0.371458 6.492403 21.355274
v -1.401320 6.200623 20.448170
v 0.806805 6.684229 22.178965
v -2.200661 5.781996 19.461290
v -0.397406 7.016468 21.239405
v -1.478455 6.712408 20.319315
v 0.819042 7.240736 22.073961
v -2.336937 6.311642 19.318228
v -0.164661 7.231548 20.882887
v -1.225382 6.942703 19.989952
v 1.043673 7.450262 21.696426
v -2.057320 6.590790 19.025570
v 0.083246 7.112890 20.614496
v 0.234240 6.928289 20.485735
v -0.735531 6.720886 19.628645
v -0.928925 6.866632 19.746159
v 1.258629 7.285212 21.409641
v 1.379524 7.055433 21.276203
v -1.701662 6.559975 18.815292
v -1.457603 6.442596 18.717262
v 0.408161 6.597647 20.362040
v -0.493252 6.440546 19.520084
v 1.504602 6.666277 21.145805
v -1.137218 6.193092 18.637341
v 0.526562 6.227854 20.297672
v 0.556896 5.968739 20.301592
v -0.257725 5.867037 19.517643
v -0.316673 6.108555 19.487762
v 1.577423 6.250309 21.063095
v 1.581379 5.966572 21.051054
v -0.895838 5.883398 18.655735
v -0.809002 5.652151 18.716831
v 0.536514 5.711975 20.354105
v 0.466032 5.491179 20.462669
v -0.256779 5.626122 19.582560
v 1.539030 5.686079 21.092161
v 1.451172 5.455288 21.201902
v -0.793800 5.416613 18.782921
v 2.602589 5.308256 21.915344
v 2.703119 5.559479 21.791756
v 2.762535 5.871363 21.747997
v 2.397512 5.186008 22.267143
v 5.078165 4.897638 23.074173
v 4.884501 4.749863 23.515537
v 6.962354 4.664148 23.538052
v 6.821597 4.404850 24.014076
v 2.233219 5.534914 22.667553
v 9.441980 4.998039 23.535477
v 9.466277 4.275602 24.112968
v 11.138450 5.369005 23.209152
v 11.331290 4.636936 23.832268
v 11.364042 4.698866 24.604359
v 12.806517 5.038084 23.193665
v 13.004498 5.106621 23.971050
v 12.968609 5.693485 24.617065
v 11.223166 5.421488 25.243793
v 11.069148 6.183443 25.550682
v 12.813401 6.305197 24.963326
v 10.917655 7.125319 25.877544
v 14.802048 6.820385 23.773975
v 14.812602 6.210566 23.441864
v 14.281857 9.469984 24.877075
v 13.981219 10.645407 25.397274
v 15.556483 11.949593 24.535362
v 13.708906 11.507856 25.495346
v 11.594121 11.477091 26.040428
v 15.230421 12.640520 24.387173
v 13.370607 12.132675 25.161713
v 11.357611 11.996407 25.586601
v 10.382325 12.249372 25.568180
v 10.436083 11.796173 26.094364
v 13.050133 12.460375 24.317600
v 15.852124 13.571882 23.317049
v 14.637380 13.000162 23.750919
v 17.294495 14.637247 22.470093
v 15.583477 14.970732 20.924576
v 15.196720 16.171137 19.495468
v 15.067369 16.723299 19.118626
v 14.198807 15.482019 19.698376
v 18.306435 18.026072 20.483229
v 15.016472 17.334749 18.809143
v 15.148499 17.926363 18.703190
v 15.343673 18.443201 18.688118
v 16.753403 19.045511 19.353683
v 16.391756 19.827810 19.273319
v 14.740688 18.985041 18.602827
v 14.390642 19.807592 18.769533
v 16.027542 20.591909 19.394844
v 13.860670 20.525869 19.127886
v 14.381241 20.317469 18.984846
v 13.184052 21.061113 19.564537
v 14.981722 22.034212 20.420834
v 12.254266 21.507288 20.420219
v 13.008858 21.647829 20.176828
v 14.808223 22.598051 21.238358
v 9.833173 17.154089 19.665794
v 10.333495 16.445124 19.492569
v 10.671927 18.093096 18.102596
v 9.768901 18.337233 21.233707
v 11.509923 15.829058 19.183872
v 10.553186 14.871557 21.094690
v 9.753366 15.538805 21.358086
v 10.027236 14.926596 21.489048
v 9.878966 14.084066 22.665348
v 11.644110 14.544733 20.759146
v 12.754115 14.221186 20.725529
v 13.232166 14.714193 20.229687
v 9.328561 16.615561 21.530708
v 8.830586 18.039587 25.169674
v 9.430786 19.064184 26.590345
v 11.303991 21.030767 26.630756
v 8.528484 17.801363 26.215658
v 9.214959 19.184336 27.236944
v 8.278318 17.813982 26.893084
v 8.005677 16.767157 25.888386
v 7.772698 16.749311 26.602985
v 7.770314 15.802584 26.456636
v 7.134547 16.835897 27.087399
v 7.116933 15.672035 26.863689
v 8.454866 14.009283 26.253563
v 9.317109 12.635897 26.124634
v 9.362177 13.080210 25.493324
v 9.827916 12.164158 26.104240
v 9.840509 12.609709 25.519075
v 9.753327 13.216105 24.148115
v 6.140229 15.541552 26.825382
v 6.121377 16.963949 27.188389
v 5.187284 17.072626 26.846607
v 5.404446 15.352619 24.046829
v 6.445850 13.950935 23.106920
v 7.166248 13.035267 22.465660
v 7.844184 12.355976 21.846615
v 8.570829 11.834457 21.161423
v 9.108082 10.974991 22.104446
v 9.442244 11.319553 20.210304
v 10.165214 10.427351 21.194592
v 10.559543 10.788588 18.602699
v 11.410815 9.915556 19.653761
v 12.116072 9.773682 18.080332
v 11.202839 10.528730 17.342140
v 11.502976 10.377560 16.576223
v 12.524987 9.135830 15.416998
v 12.834274 8.618235 17.369164
v 12.594052 9.543013 16.772470
v 13.407953 6.398819 19.028957
v 12.994068 6.788054 20.102962
v 11.360768 9.020514 14.319910
v 10.386486 8.227037 13.734300
v 10.653828 9.882769 15.289260
v 10.414554 10.148653 15.938843
v 9.457348 9.022018 14.632395
v 11.725846 10.188519 15.907191
v 10.113238 10.406694 16.658876
v 9.538470 10.841402 17.840611
v 8.365702 10.241011 17.177008
v 8.908583 9.661409 16.047295
v 8.591835 11.537046 19.382290
v 7.498698 11.143120 18.576000
v 7.822582 12.104715 20.335386
v 6.762920 11.863422 19.504311
v 5.483799 10.197788 17.611431
v 6.408546 9.193188 16.410309
v 7.051662 8.599104 15.372898
v 7.398646 8.294897 14.618319
v 3.094812 7.348585 14.614917
v 4.865284 11.082952 18.461435
v 4.244359 12.129967 19.323463
v 6.086473 12.656179 20.339809
v 7.162805 12.695530 21.084568
v 6.545559 13.421583 21.762922
v 5.935169 14.336584 22.410847
v 5.482803 13.517637 21.097187
v 4.943810 14.498207 21.790297
v 5.141911 15.710503 23.306072
v 4.358349 15.985369 22.709354
v 2.973989 15.995184 22.060715
v 2.835175 17.360083 22.793114
v 3.321692 14.353624 21.018276
v -0.642622 13.778061 19.585819
v -0.216219 10.964603 17.745647
v 3.712551 13.221815 20.183588
v -4.884747 11.281397 17.074120
v -2.027939 10.948452 17.429939
v -2.220364 13.808292 19.156712
v -4.686136 14.134457 18.623932
v -7.754553 11.793673 16.645802
v -7.821993 10.291115 15.778168
v -10.637585 10.831572 15.010226
v -13.300102 9.972179 13.036653
v -13.221794 11.539707 13.942806
v -15.474468 12.493420 12.516665
v -15.544689 10.871641 11.514196
v -13.207134 8.035040 11.833547
v -15.346512 8.780378 10.173422
v -18.112701 12.430624 9.200707
v -17.726341 10.051651 7.699908
v -16.815418 7.604342 6.295128
v -14.745949 6.735357 8.897121
v -12.897369 6.203564 10.634352
v -19.719032 11.609991 5.254419
v -18.604813 8.823326 3.743461
v -21.435246 13.498156 2.760829
v -22.539204 15.061932 0.807332
v -21.402454 11.998808 -0.751130
v -23.586796 17.300707 -1.949404
v -22.564037 14.137178 -3.524384
v -21.210934 11.248827 -4.975795
v -23.040718 16.099390 -6.036222
v -21.762070 13.090670 -7.470093
v -22.967926 18.664488 -9.255996
v -21.820648 15.451359 -10.717371
v -22.315350 20.380045 -11.382435
v -21.319794 17.033106 -12.823730
v -19.932854 13.671103 -13.872023
v -20.453648 18.486952 -14.861355
v -19.159485 14.893368 -15.841857
v -19.123413 19.661058 -16.814138
v -17.977440 15.940004 -17.679928
v -16.848980 9.355173 -16.582233
v -17.605587 8.599354 -14.546499
v -15.613644 6.627016 -16.537800
v -16.414223 6.093489 -14.383801
v -14.686630 4.954931 -16.272871
v -13.695717 3.410418 -15.886249
v -14.643776 3.148966 -13.535179
v -15.518879 3.236631 -11.008576
v -13.179092 1.246195 -12.764265
v -14.138439 1.475094 -10.167076
v -11.171074 -0.710586 -11.728255
v -12.098969 -0.465471 -9.200245
v -10.301258 -1.486716 -8.480686
v -9.453983 -1.607157 -10.845600
v -10.920809 -1.246416 -6.023722
v -7.516865 -2.638068 -7.414690
v -6.761322 -2.643639 -9.458279
v -4.713734 -2.261301 -13.346739
v -2.806324 -2.861613 -11.935290
v -3.847210 -3.187773 -10.242092
v -7.207760 -1.298122 -15.145087
v -8.851486 -0.322603 -16.216312
v -10.944708 1.845873 -17.297571
v -10.114414 -0.713741 -14.127700
v -12.147511 1.367800 -15.193754
v -8.449858 -1.605989 -13.116064
v -19.793186 23.240690 -15.598386
v -20.048382 26.694410 -14.137866
v -19.896503 30.150267 -12.456947
v -19.484138 32.712608 -10.989597
v -18.674942 35.014694 -9.224878
v -17.610497 37.071785 -7.327975
v -16.275177 38.846451 -5.343791
v 17.063675 31.464911 21.596523
v 14.973146 34.752548 21.143604
v 18.320784 29.142324 21.809231
v 16.797447 28.807272 23.284254
v 15.697111 27.323885 24.813942
v 17.388485 27.579332 23.489624
v 15.559397 30.868620 22.977650
v 16.006624 26.501780 24.803644
v 17.621233 26.578733 23.548803
v 13.953150 26.621710 25.911619
v 14.364542 25.895861 25.845287
v 14.681442 25.137877 25.560417
v 16.124819 25.532236 24.529648
v 11.571899 24.772451 27.022903
v 12.621004 23.897017 26.826332
v 13.059509 22.885977 26.359766
v 10.445349 22.215731 27.785566
v 11.196836 21.308599 27.260849
v 13.045349 22.476252 25.793863
v 10.148425 20.246679 27.350210
v 9.369615 21.082502 27.903482
v 15.828054 23.796659 23.506889
v 16.053425 24.365385 23.976444
v 16.693115 23.709433 22.519114
v 17.068548 24.312574 22.916920
v 17.404974 23.331984 21.680037
v 17.918512 23.949682 21.996672
v 17.506414 25.524343 23.386522
v 18.659174 25.105928 22.262959
v 18.581915 23.368250 21.270969
v 18.858521 22.926947 20.917973
v 19.867380 24.101301 20.865355
v 19.065392 22.471468 20.682470
v 20.099079 23.714190 20.572109
v 20.867584 24.615110 20.164774
v 20.670250 25.032312 20.383936
v 18.405109 21.884882 20.543625
v 17.976768 22.779146 21.016413
v 18.220179 22.348967 20.730072
v 16.706306 22.908468 21.256945
v 18.232178 19.679258 20.116732
v 18.845392 18.179586 20.831764
v 18.625402 17.092524 21.147608
v 18.263466 16.017397 21.614595
v 19.474220 18.319441 20.994371
v 9.613721 23.161566 27.689291
v 8.537240 22.049650 27.829014
v 7.883478 23.292299 27.590080
v 5.108112 27.930746 26.510262
v 3.640788 29.669714 25.932106
v 4.355638 27.168909 26.582022
v 5.979709 28.751455 26.377892
v 4.500187 30.573198 25.803722
v 2.700861 24.833818 26.138065
v 4.319217 22.822512 26.805807
v 5.150417 21.088446 27.213127
v 4.515073 20.585352 26.572296
v 4.731312 19.757734 26.654224
v 3.754239 21.923433 26.168068
v 4.771258 18.903685 26.569859
v 5.357738 19.007399 27.243202
v 4.299848 19.910383 25.783558
v 3.756461 19.762228 24.793304
v 4.300330 19.377020 25.252501
v 2.699696 19.298124 23.761658
v 2.600121 20.265863 24.137768
v 2.416529 21.678457 24.684864
v 1.176014 22.012476 24.168247
v -0.371634 22.235086 23.602497
v -3.700935 19.503038 21.512560
v -3.895117 18.311628 20.993565
v -2.113691 15.565903 20.263153
v -6.309563 17.447653 19.817348
v -8.547867 18.133692 19.226614
v -11.360979 17.923048 17.731134
v -13.279568 19.223772 16.828922
v -12.684669 14.736301 15.734429
v -14.903366 15.793098 14.487864
v -17.365616 17.606134 12.712339
v -18.078354 14.148409 10.362201
v -19.979496 18.074327 9.502093
v -20.297028 16.258169 8.154957
v -20.275719 14.339424 6.865824
v -22.096802 18.602571 5.834992
v -22.039127 16.464781 4.451048
v -23.150894 20.435621 3.995939
v -23.104118 18.174318 2.547969
v -23.680645 21.657808 2.695723
v -23.656364 19.339384 1.208071
v -24.047203 22.911497 1.347185
v -24.063862 20.554968 -0.167805
v -24.148239 25.252840 -1.132498
v -24.289513 22.846479 -2.637867
v -23.950970 19.425741 -4.430821
v -23.840736 25.728617 -5.934788
v -23.702850 22.129892 -7.643399
v -22.887295 27.404520 -8.149467
v -22.868168 23.827036 -9.807903
v -21.571739 28.901934 -10.318602
v -21.653645 25.387156 -11.979734
v -21.274441 21.961630 -13.506412
v -22.515739 29.998079 -6.722521
v -21.170181 31.508940 -8.877603
v -23.534645 28.252127 -4.492332
v -22.895672 30.507490 -2.850461
v -21.805389 32.313194 -5.001964
v -23.633289 27.501184 0.457393
v -22.774967 29.613771 2.112023
v -21.950191 32.574638 -1.065441
v -21.509026 31.556932 3.813855
v -20.628105 34.441536 0.813136
v -23.630646 25.154566 2.938326
v -22.835403 27.277376 4.532450
v -21.620560 29.217695 6.105005
v -19.629150 31.487440 8.185629
v -19.395138 33.879326 6.093557
v -22.580132 25.922739 5.828898
v -22.146420 24.551405 7.060390
v -21.088631 26.398146 8.505774
v -21.435295 27.822596 7.334272
v -23.310696 23.842375 4.279074
v -22.811661 22.538031 5.557033
v -19.293903 28.538828 10.442017
v -20.217873 24.247911 10.150784
v -18.617283 26.353254 11.968497
v -15.263481 29.423532 15.106837
v -17.148518 23.665873 13.741795
v -14.106945 26.736750 16.516670
v -14.206722 30.176409 15.979363
v -11.573744 21.425650 18.373905
v -9.994356 20.096014 19.140003
v -10.589895 19.174395 18.584129
v -9.362591 21.088583 19.660498
v -7.622665 20.227915 20.280907
v -5.896965 25.945848 22.081348
v -7.284325 26.330683 21.351194
v -5.686050 19.720198 20.878880
v -5.376852 20.925062 21.364288
v -2.804968 27.917051 23.917225
v -4.329788 28.472612 23.213932
v -5.808041 28.898603 22.414173
v -3.280968 22.592585 22.609961
v -3.527683 20.708609 21.996998
v -0.365156 24.572004 24.325296
v 1.053848 24.079332 24.920145
v -0.204037 26.772532 25.007658
v 0.468380 28.781523 25.352970
v 1.322823 30.244287 25.344643
v -1.510422 32.253220 23.978256
v -3.304554 33.229782 22.992516
v -3.948301 31.267218 23.265846
v -5.189451 33.894989 21.807161
v -5.646673 31.823309 22.232130
v -7.097143 34.234665 20.464125
v -7.353325 32.106117 21.062088
v -7.317074 29.155390 21.490313
v -10.944307 33.901733 17.610603
v -10.818188 31.754534 18.537127
v -10.537552 36.689629 16.202410
v -14.442410 35.202286 12.955039
v -14.569004 32.293060 14.758477
v -13.732880 37.650887 11.286647
v -16.329185 36.220993 8.958810
v -15.196838 39.047478 6.455993
v -16.545399 38.175735 5.192294
v -13.794113 39.815002 7.735445
v -18.440205 36.686623 3.320198
v -15.378857 39.717598 3.340618
v -17.245617 38.318634 1.396819
v -19.427963 36.199661 -1.177462
v -15.813267 39.734123 -0.588322
v -17.978661 37.686005 -3.238556
v -19.345875 35.909645 -5.212009
v -20.400673 33.840355 -7.118367
v -20.790127 34.390190 -3.122682
v -13.978706 41.058487 1.430938
v -12.646833 41.296997 6.009339
v -11.317820 42.550224 4.204391
v -8.869732 42.652763 9.387989
v -7.552435 43.863838 7.740776
v -12.340536 40.468796 9.030689
v -10.122662 41.197006 10.955169
v -7.905056 41.630249 12.853724
v -6.543999 43.086655 11.403362
v -9.612272 38.974091 14.820251
v -5.680742 41.613548 14.783682
v -6.309448 36.866722 19.467278
v -5.207573 38.928093 18.357609
v -4.154516 36.424744 21.014391
v -2.947971 38.390015 20.022282
v -6.762568 35.581322 19.993666
v -4.720728 35.193268 21.445312
v -0.710619 37.573708 21.513868
v 1.210623 39.768806 20.076517
v -1.097233 40.650154 18.468277
v -3.412468 41.290237 16.692854
v -2.022591 35.652191 22.380905
v -0.061306 34.533653 23.534088
v 1.383728 36.412636 22.806856
v 3.333753 35.021187 23.947950
v 4.540915 33.961037 24.593601
v 6.806612 35.921402 23.432232
v 5.507385 37.052246 22.733749
v 3.420737 38.538185 21.487169
v 1.761736 33.215500 24.542194
v 2.897549 32.224159 25.113552
v 6.226008 32.199326 25.358032
v 7.753941 30.289957 25.947012
v 10.211609 32.117599 24.821234
v 8.607892 34.078194 24.234219
v 11.887068 33.107399 23.729837
v 11.773403 36.017540 21.915255
v 9.896138 37.920044 21.090715
v 8.570101 39.088905 20.382133
v 6.470184 40.645180 19.106644
v 4.925706 39.664139 20.363214
v 4.257952 41.964249 17.646683
v 2.704414 40.946320 18.924297
v 1.929583 42.951462 15.987129
v 0.374786 41.886955 17.274326
v -0.394661 43.722542 14.135627
v -2.741333 44.190033 12.068333
v -1.947042 42.595016 15.448332
v -4.241890 42.999474 13.453581
v -5.146503 44.312637 9.901682
v 13.489647 33.982353 22.506063
v 2.325550 23.402952 25.472805
v -6.001724 18.537001 20.363476
v -15.360138 21.292440 15.379798
v -18.583416 21.581518 12.092157
v -19.420937 19.864508 10.824630
v -21.154354 22.476954 8.775615
v -21.765911 20.578085 7.329800
v 7.688136 8.050611 13.860262
v 7.972121 7.808975 13.108662
v 15.817494 6.397144 22.574997
v 16.587959 7.137930 22.342627
v 16.362381 6.360582 22.120274
v 17.197620 7.038858 22.012131
v 17.817429 6.808666 21.824457
v 18.219490 7.704576 21.947136
v 17.524164 8.058041 22.176590
v 16.895950 6.257601 21.799864
v 18.488218 6.439884 21.762367
v 19.698925 5.476963 21.963043
v 20.245609 6.090435 22.052134
v 18.953213 7.210825 21.871277
v 22.312408 3.774994 22.596340
v 23.186493 4.602381 22.471046
v 23.770657 3.670513 22.595226
v 25.002802 4.732821 22.548721
v 26.144110 5.632721 22.067038
v 27.011694 6.215879 21.558229
v 27.852680 6.726336 20.954369
v 26.735683 7.937862 20.612953
v 25.812176 8.805511 20.454451
v 27.466488 5.369940 21.698711
v 28.356291 5.854492 21.094910
v 26.549515 4.794531 22.180304
v 28.496239 5.229183 21.083879
v 28.480030 4.613586 20.901106
v 28.158112 3.861513 20.196838
v 27.521511 3.579874 19.396530
v 26.953140 3.809328 18.952797
v 26.247040 4.317947 18.363791
v 25.933750 3.476297 19.289055
v 25.490910 3.724384 18.915182
v 27.590302 4.198078 21.441458
v 26.691980 4.244371 22.091619
v 25.489244 3.475327 22.349157
v 25.355904 3.940275 22.564997
v 27.601948 4.774019 21.666113
v 22.883778 2.965738 22.582912
v 21.668236 3.325554 22.589869
v 21.024689 2.885977 22.288883
v 21.552166 2.103487 22.268087
v 22.239918 2.528765 22.562080
v 22.563562 2.040457 22.340687
v 21.865707 1.627470 22.028828
v 20.496908 1.493345 21.601036
v 20.783363 1.042835 21.293940
v 20.951780 0.900248 20.924225
v 22.055416 1.455959 21.689873
v 22.742058 1.819223 22.027029
v 19.131849 0.808853 20.881119
v 18.773502 1.557878 21.155876
v 17.463196 0.918562 20.091000
v 17.874588 0.313887 19.798542
v 20.066250 2.259771 21.712049
v 17.541639 3.248560 20.919256
v 17.194267 1.508436 20.150768
v 16.640419 2.561752 20.064203
v 16.920177 5.138386 21.296839
v 16.330166 4.442287 20.866682
v 16.771900 4.047985 20.817612
v 17.423218 4.817856 21.185684
v 15.896934 4.770582 20.997280
v 15.464129 5.034729 21.214918
v 16.453251 5.374084 21.493202
v 15.993448 5.536789 21.776791
v 15.515512 5.640139 22.155745
v 14.639009 5.568312 22.896015
v 14.242024 5.322086 22.175907
v 15.023001 5.236982 21.525108
v 12.459820 5.645382 22.483479
v 15.470420 0.764872 17.282377
v 15.858674 0.231848 17.136665
v 16.472439 -0.140848 17.197105
v 15.143023 -0.015789 14.478418
v 14.551033 0.742970 13.798237
v 14.917200 1.230505 12.949447
v 13.817835 1.850882 14.288826
v 14.410072 0.545563 14.655167
v 13.816189 1.695885 14.919479
v 13.155071 2.704994 14.497585
v 12.076540 4.350008 14.177984
v 12.715786 3.306646 14.445234
v 11.411771 5.745787 13.581816
v 12.028292 6.116480 13.056946
v 12.889325 4.749470 13.681337
v 12.595599 6.328175 12.112978
v 13.579401 4.931931 12.620401
v 14.113537 3.957039 12.729815
v 13.467768 3.754860 13.814354
v 12.683739 6.200556 11.196700
v 13.683196 4.788624 11.646337
v 13.134109 6.558304 10.790699
v 14.301067 3.783236 11.831461
v 14.585445 3.189941 11.931727
v 14.854007 2.405453 12.177137
v 12.425632 7.640711 10.426795
v 13.282459 8.566607 11.016352
v 13.981993 7.415726 11.277671
v 14.724841 9.706627 12.441441
v 15.256447 8.495956 12.600124
v 18.542488 8.217358 15.068820
v 17.041145 6.470055 13.087901
v 20.851326 9.617599 17.723404
v 21.391750 9.049561 17.496424
v 22.135620 8.986824 16.891575
v 22.536167 9.601879 16.274460
v 20.624077 8.130461 13.910902
v 19.177662 6.486732 12.858401
v 19.374073 6.736439 12.622814
v 19.537399 7.069710 12.361826
v 20.703562 8.848394 13.571232
v 20.426884 9.828394 13.353051
v 19.280609 9.098032 11.715858
v 19.037962 8.748335 11.178371
v 17.861393 11.076609 11.260860
v 18.451754 10.391741 11.436309
v 18.217953 10.026728 10.924689
v 17.635698 10.680050 10.726266
v 17.165129 11.663303 11.116735
v 16.937662 11.208853 10.507354
v 14.238366 11.740831 11.829778
v 12.763371 10.573721 10.232537
v 12.930281 9.509264 10.726257
v 11.526514 9.591944 9.170477
v 11.931481 8.483639 10.032480
v 10.500345 9.459595 7.746113
v 10.641247 9.162235 8.625368
v 11.415437 8.443382 9.795454
v 10.768049 8.638964 9.374303
v 11.147828 8.233578 9.891829
v 9.993917 8.292990 9.731222
v 10.573790 7.985891 10.390249
v 11.553213 7.738310 10.328199
v 11.156206 7.634129 10.963777
v 11.984211 7.168919 10.706713
v 11.738987 7.201475 11.470041
v 9.081249 7.636625 10.718824
v 9.875303 7.402519 11.283385
v 10.603934 7.191303 11.813576
v 11.249245 6.899445 12.325505
v 10.965004 6.501585 13.002569
v 8.463220 7.424829 12.027515
v 7.073370 7.394106 11.437754
v 9.682941 7.240999 12.690297
v 10.540026 9.480816 7.251012
v 19.200834 13.809933 17.563770
v 19.412582 12.781418 17.740246
v 19.990707 11.241247 17.815361
v 21.416325 11.753170 19.621298
v 22.256737 10.147177 19.490589
v 22.963264 9.709696 19.237411
v 23.849146 11.250702 17.549330
v 22.477833 10.253376 15.924273
v 20.732115 14.312057 15.591144
v 20.474689 14.708363 15.643241
v 20.221809 15.027649 15.721786
v 21.087223 13.326492 19.577213
v 21.551601 13.357693 20.480875
v 21.608261 12.387367 20.526882
v 21.798740 11.567081 20.505562
v 22.110481 10.901369 20.449501
v 22.710037 10.253288 20.313717
v 23.354176 9.951124 20.119030
v 23.780169 9.930426 19.922417
v 23.488174 9.929161 20.418358
v 22.757704 10.236712 20.617977
v 23.970081 9.936855 20.224285
v 22.081739 10.903393 20.762388
v 21.830837 10.765009 21.104130
v 21.728409 11.575153 20.831623
v 21.394699 11.511841 21.183649
v 21.433195 13.360144 20.866423
v 21.503977 12.389910 20.881052
v 21.113279 12.398603 21.249939
v 21.019573 13.422266 21.258856
v 21.540876 14.498281 20.742134
v 21.751833 15.674337 20.629025
v 21.393620 15.776495 21.055517
v 21.147066 14.579857 21.165363
v 21.639803 14.474699 20.334507
v 21.991417 16.756559 20.649027
v 22.268387 17.732019 20.744072
v 21.656233 16.917597 21.015144
v 21.944929 17.971334 21.029802
v 20.624374 17.593958 21.070141
v 22.695621 19.801279 21.111755
v 23.460808 20.904928 20.948799
v 23.732151 20.447092 20.903584
v 23.788742 20.116049 20.675035
v 23.010208 19.407122 20.945614
v 23.099728 19.154894 20.561968
v 22.111927 16.057123 17.580200
v 22.252989 15.621687 17.451120
v 22.548695 14.497814 17.219803
v 23.166086 16.501646 18.297371
v 23.549517 14.018736 17.597477
v 23.713299 13.321157 17.467016
v 23.953342 12.780668 17.463118
v 24.231838 12.371235 17.570766
v 24.511122 12.065908 17.776489
v 24.760174 11.829103 18.041494
v 23.388420 12.091797 17.182991
v 22.945829 13.010298 17.052275
v 22.723745 13.760370 17.107262
v 19.095444 5.723484 12.715267
v 19.259148 5.930405 12.382304
v 19.397488 6.256508 12.012490
v 20.039738 5.419386 12.533435
v 19.808285 5.304022 12.952819
v 19.593113 5.172937 13.320468
v 19.190887 4.947170 13.681421
v 18.703407 4.641838 13.843856
v 19.968567 4.940914 13.773809
v 20.187752 5.098684 13.424753
v 20.676394 4.929071 14.027483
v 20.459929 4.712229 14.360241
v 19.583050 4.662605 14.095245
v 19.083065 4.338526 14.202590
v 21.013416 5.079477 13.666736
v 18.427052 4.298172 13.891528
v 18.042435 4.779833 13.187216
v 7.051090 6.085432 23.355282
v 6.712143 6.911581 23.405313
v 7.057017 5.584488 23.362848
v 7.026741 5.082272 23.402363
v 6.884194 7.698462 23.619232
v 6.108816 7.361830 23.438211
v 6.505351 8.115067 23.740040
v 6.022742 8.519657 23.996490
v 7.852639 9.459663 23.514631
v 5.801946 7.761488 23.538712
v 5.362499 8.147795 23.783173
v 5.730938 8.531839 24.474277
v 6.350392 9.439741 24.659700
v 5.087597 8.103300 24.231232
v 4.271998 7.789730 23.898186
v 3.273975 7.564678 23.439899
v 4.535669 7.892975 23.469213
v 3.526595 7.719427 23.025208
v 2.318411 7.592413 22.422407
v 4.871407 7.551342 23.198914
v 5.081613 7.184856 23.090633
v 3.891835 7.113121 22.599529
v 3.761670 7.437140 22.724627
v 2.521118 7.370893 22.120499
v 2.628361 7.093573 21.987724
v 5.248240 6.598181 22.976429
v 4.008842 6.606012 22.467697
v 2.732712 6.648849 21.852402
v 5.260945 5.605257 22.896770
v 5.294955 6.001436 22.904083
v 2.778549 6.185265 21.762781
v 2.051058 6.804167 22.915833
v 5.186499 5.212633 22.937317
v 2.150311 6.152472 22.859060
v 1.530418 6.798523 14.477104
v -4.410484 3.600357 9.688004
v -3.038683 3.531277 9.503965
v -4.320417 2.722807 9.511503
v -3.139837 2.597609 9.237326
v -5.722023 -0.477821 9.048211
v -4.134064 -1.166679 9.063860
v -3.227327 -1.394676 8.963258
v -11.217278 -1.004608 -3.513903
v 2.832783 -0.080702 8.577072
v 2.761398 -0.238741 8.568789
v 2.863239 -0.304278 8.379782
v 1.161188 1.359089 8.640055
v 1.488523 1.620596 8.624771
v 2.942987 -0.135728 8.407373
v -2.174534 -1.587364 6.343049
v -2.056051 -1.667211 7.413122
v -1.516098 -0.663360 6.382365
v 17.998676 1.174011 14.175931
v 5.180573 5.974062 7.297364
v 6.655828 4.991468 4.680099
v 5.242435 6.746334 9.803530
v 5.855137 7.138725 10.812064
v 10.504159 6.784437 12.608593
v -2.732246 6.271355 15.680288
v -2.795681 6.091629 16.143349
v -2.521154 6.725365 15.293694
v -2.076775 7.565237 15.391261
v 20.759111 18.205244 -9.091776
v 20.926582 17.658762 -9.938006
v 19.076807 19.505625 -13.736567
v 21.167187 23.965578 20.092443
v 32.812557 3.332430 16.480318
v 33.105602 3.321184 16.553614
v 32.695148 3.492945 16.771744
v 32.493935 6.074820 15.497147
v 32.287327 6.299616 14.950644
v 32.122971 6.340704 15.895245
v 32.386562 5.962790 15.998902
v 32.541203 5.512350 16.219763
v 32.779713 5.760592 15.189844
v 32.654251 5.829689 14.586821
v 33.396011 4.663326 14.438507
v 33.547504 4.558977 15.052558
v 33.548893 4.293467 14.491049
v 33.409897 3.996317 14.257620
v 32.970402 4.336439 14.027360
v 33.192741 3.884892 14.457153
v 33.628994 3.734915 14.834196
v 33.272163 3.701036 14.875554
v 33.694397 4.110054 14.936342
v 33.652260 3.911053 15.563984
v 33.608952 3.531258 15.469687
v 33.472305 4.390860 15.641020
v 33.283958 4.241434 16.194389
v 33.068142 4.157530 16.571918
v 32.379974 5.443325 16.531094
v 32.216064 5.876951 16.437487
v 31.740494 5.666227 16.807951
v 31.965076 6.219038 16.353392
v 31.595699 6.082560 16.666878
v 31.972361 5.465826 14.091864
v 31.664051 6.043766 14.309214
v 32.476017 4.895782 14.059371
v 32.814209 4.137419 14.239858
v 32.254635 4.668312 14.231804
v 32.706356 3.965763 14.701974
v 32.684128 3.731966 15.293993
v 33.320087 3.491037 15.380673
v 33.082817 3.325912 16.029415
v 32.453773 3.671654 15.835132
v 33.382229 3.342609 16.134563
v 33.452965 3.740458 16.183161
v 33.210861 3.698311 16.586033
v 32.913139 3.724691 16.765474
v 32.636711 3.997765 16.854195
v 31.369835 5.812780 14.420578
v 31.679749 5.206438 14.235736
v 32.130863 4.482592 14.642214
v 31.874691 4.205875 15.711093
v 32.271748 3.687605 16.400246
v 31.741413 4.241634 16.290169
v 32.352859 3.813105 16.733973
v 31.913246 4.397203 16.689190
v 31.333481 5.437086 16.676407
v 31.465862 4.992004 16.643566
v 31.275438 5.910093 16.567387
v 31.239487 5.646570 14.721922
v 31.146500 5.509552 15.169317
v 30.893520 6.212795 15.246906
v 30.943874 6.315796 14.931639
v 31.536003 5.005430 14.603324
v 31.275442 4.745684 15.608357
v 31.042923 5.418295 15.675022
v 31.197948 4.804300 16.186531
v 31.034931 5.490505 16.183605
v 31.050344 6.310167 16.315239
v 30.901192 6.208052 16.063551
v 30.847452 6.163794 15.683731
v 32.838161 3.722898 9.915580
v 32.548328 3.713160 9.789170
v 32.853420 3.759655 9.763858
v 33.159805 3.843821 9.826904
v 32.065872 3.402716 10.916662
v 32.014076 3.428930 10.684814
v 32.071148 3.491884 10.409567
v 32.392235 3.549278 10.680653
v 33.359108 3.770695 10.417005
v 33.276695 3.696894 10.621654
v 33.069870 3.696615 10.445257
v 33.228386 3.767035 10.234669
v 33.418739 3.889025 10.102097
v 33.538109 3.873528 10.421022
v 33.500828 3.775190 10.715046
v 32.373329 3.436674 11.373727
v 32.288498 3.417873 11.275990
v 32.486546 3.473356 11.203877
v 32.561783 3.471357 11.352895
v 32.284073 3.452250 11.487594
v 32.134674 3.423414 11.392618
v 32.522739 3.512175 11.541054
v 32.931618 3.593258 11.456120
v 32.878265 3.552151 11.250557
v 32.522278 3.695366 11.705687
v 32.197456 3.619944 11.677447
v 32.973808 3.780846 11.577073
v 33.371296 3.715830 11.160413
v 33.417213 3.925301 11.276148
v 33.345795 4.475817 11.391350
v 32.908390 4.277082 11.685720
v 33.681602 4.119528 10.890644
v 33.616802 4.688643 11.004204
v 33.735802 4.253748 10.467081
v 33.659874 4.824736 10.542669
v 33.384869 5.587053 10.631588
v 33.324612 5.517731 11.069929
v 33.486519 4.845148 10.088722
v 33.234806 5.590826 10.187340
v 33.141640 4.793627 9.710589
v 32.921017 5.534382 9.827702
v 32.579758 6.243666 10.049703
v 32.845722 6.329395 10.346875
v 32.477661 5.417959 9.666220
v 31.960493 5.198530 9.754073
v 31.132437 5.584799 10.171618
v 31.252144 6.925316 10.293703
v 31.588791 7.128408 10.285507
v 30.742126 6.639383 10.492167
v 30.376919 6.446409 10.769934
v 30.275654 6.362047 11.679712
v 30.178749 6.312426 11.389676
v 30.387678 5.670309 11.381138
v 30.519974 5.715862 11.784006
v 30.203596 6.346310 11.062272
v 30.371092 5.717506 10.971632
v 30.575283 5.117739 10.883949
v 30.611040 5.076059 11.339032
v 30.738556 5.302437 10.487055
v 31.006733 4.689009 10.384378
v 30.858662 4.489790 10.839034
v 31.418390 4.941732 10.011644
v 32.240650 4.426384 9.631043
v 31.773882 4.211142 9.900131
v 32.677181 4.654428 9.546681
v 33.224968 4.246452 9.671510
v 32.794739 4.138393 9.512350
v 33.570061 4.282394 10.023438
v 33.659492 3.998196 10.428603
v 33.528625 4.015022 10.042362
v 33.620747 3.872967 10.787582
v 33.272938 3.650023 11.057304
v 33.138718 3.625072 10.939535
v 31.996723 3.403448 11.227404
v 31.870621 3.408663 10.983912
v 31.780037 3.533823 11.333618
v 31.634743 3.530737 11.046970
v 31.960720 3.567789 11.550688
v 32.036400 4.020329 11.876481
v 31.732744 3.930586 11.755623
v 32.428108 4.146267 11.855127
v 32.562157 5.170153 11.777632
v 32.094246 4.851803 12.015374
v 33.050797 5.390949 11.446236
v 32.890862 6.280159 11.120604
v 32.959602 6.339640 10.736643
v 32.590820 6.871441 10.834913
v 32.477406 6.854673 10.505732
v 32.072189 7.349966 10.668779
v 32.187931 7.361841 10.968364
v 31.863838 7.270729 10.426467
v 30.728222 6.580303 11.997799
v 30.933960 5.978056 12.115875
v 31.069504 6.697376 11.970688
v 30.449673 6.457661 11.893137
v 30.690607 5.834318 12.030193
v 31.023296 5.218109 12.089361
v 31.255234 5.356104 12.199207
v 30.785936 5.114979 11.799713
v 31.130959 4.389946 11.668883
v 31.417328 4.458689 11.944586
v 30.928936 4.399319 11.273933
v 31.232409 3.935244 10.736910
v 31.283913 3.868029 11.155107
v 31.379623 4.046892 10.277569
v 31.940809 3.819750 9.922316
v 31.658545 3.677759 10.291336
v 32.387032 3.995947 9.599067
v 32.845184 3.868103 9.572807
v 32.471653 3.777552 9.664580
v 33.233467 3.963566 9.718433
v 32.202515 3.611120 10.087827
v 32.073654 3.654646 10.008104
v 31.858803 3.513361 10.357469
v 31.811544 3.438335 10.695589
v 31.577858 3.584219 10.690292
v 31.466900 3.876150 11.505495
v 31.734638 4.603874 12.070498
v 31.544321 5.536200 12.117908
v 32.055099 5.838310 11.861481
v 31.993450 7.113916 11.536067
v 31.610748 6.894484 11.788564
v 32.168575 7.280890 11.274983
v 32.559387 3.646358 10.408112
v 29.653458 2.749426 7.249916
v 29.716999 2.834288 7.586819
v 29.467785 2.730871 7.437397
v 29.557961 2.725752 7.085232
v 29.264679 2.673798 7.193697
v 30.120588 6.176260 8.221370
v 30.920244 5.617308 7.843385
v 30.425220 6.746233 7.834228
v 30.067293 6.693081 8.113074
v 31.167751 5.762932 7.328619
v 30.569454 6.810068 7.316582
v 30.005360 5.746708 8.344319
v 30.666067 5.225565 8.060369
v 31.681427 3.579266 7.085753
v 31.749300 3.918509 7.164107
v 31.600479 3.800865 7.558626
v 31.507553 3.442896 7.246776
v 29.151064 6.190264 8.444403
v 29.553537 5.937319 8.475056
v 29.651501 6.296398 8.363126
v 29.276598 6.387779 8.285870
v 30.772278 5.729261 6.378852
v 29.917538 6.340590 6.504064
v 30.248600 6.705128 6.813707
v 30.361160 4.962757 8.196184
v 29.771187 4.957012 8.452158
v 29.874868 3.850079 8.271730
v 30.616518 3.981350 8.060938
v 28.881788 4.137236 8.509733
v 29.247669 5.214369 8.689487
v 28.525488 4.529266 8.707735
v 29.451618 2.710707 6.840142
v 29.447098 2.754045 6.538000
v 29.664757 2.893600 6.173646
v 30.256378 3.090546 6.305024
v 28.342773 5.462626 6.134363
v 29.123783 4.707903 5.757661
v 28.653702 4.197550 6.187746
v 28.056448 4.814936 6.575227
v 27.819164 5.577095 6.565919
v 27.687984 5.090403 6.880355
v 29.032021 5.903214 5.865015
v 29.755165 5.133265 5.673132
v 29.657444 6.658445 8.275270
v 29.568872 6.211979 6.117108
v 30.336761 5.535254 6.001135
v 31.381052 4.652769 6.276175
v 30.927788 4.515596 5.786883
v 31.069460 5.806351 6.817166
v 31.593807 4.681292 6.785365
v 31.600834 4.617876 7.251369
v 31.445948 4.448114 7.605164
v 31.139282 4.212046 7.847716
v 31.297029 3.652119 7.756406
v 31.232327 3.352484 7.442239
v 30.706738 3.463863 7.930371
v 30.728045 3.232399 7.646630
v 30.035872 3.260618 7.990817
v 30.126854 3.017916 7.672940
v 30.682533 3.160089 7.280160
v 31.168970 3.332151 6.884858
v 31.505796 3.544542 6.580569
v 31.143700 3.439846 6.177665
v 31.183994 3.789917 5.902016
v 31.569416 3.888685 6.400093
v 30.678335 3.287577 5.879424
v 30.608133 3.624594 5.552344
v 30.097618 3.132118 5.775466
v 29.950218 3.359217 5.560537
v 29.322592 3.006021 5.978038
v 29.086662 2.787928 6.471725
v 29.111908 2.689837 6.874093
v 28.839733 2.876011 7.351626
v 28.665787 2.942757 6.935088
v 29.123528 2.915716 7.673879
v 29.501919 3.042351 7.878053
v 29.162901 3.593641 8.202730
v 28.369505 3.342995 7.510439
v 28.204052 3.436193 7.091055
v 28.270668 3.716858 6.691355
v 28.675285 3.117731 6.486661
v 29.096601 3.385714 5.942547
v 29.674606 3.867151 5.500757
v 30.298767 4.266146 5.474624
v 27.791981 4.317541 7.057834
v 27.564621 4.306768 8.012205
v 27.443775 4.438168 7.678427
v 27.952080 4.318094 8.398384
v 27.719795 4.801329 8.602379
v 27.396505 4.787546 8.232723
v 28.174622 4.922451 8.855222
v 27.931026 5.427153 8.874879
v 27.600288 5.334669 8.661573
v 28.831007 5.483776 8.819207
v 28.474998 5.831369 8.833384
v 28.862591 6.331594 8.514635
v 27.350338 5.328503 8.321932
v 27.285725 5.387842 7.925827
v 27.309280 4.929035 7.810894
v 27.482126 5.604324 7.596817
v 27.414894 5.138371 7.453427
v 27.496649 4.680689 7.315804
v 27.535837 5.364347 7.143670
v 33.602154 4.436876 11.896770
v 33.405422 4.274086 11.671949
v 33.105820 4.724455 11.630678
v 33.435402 4.872473 11.909510
v 33.623245 4.060110 11.925667
v 32.888523 3.965761 13.672927
v 33.472710 3.683344 13.521595
v 33.171593 4.121073 13.974066
v 32.747925 4.487494 11.672106
v 33.105583 4.073347 11.726366
v 32.562046 4.229856 11.928319
v 33.720867 4.891893 13.048763
v 33.865417 4.361769 13.122744
v 33.831985 4.328041 12.504219
v 33.670498 4.879229 12.491901
v 33.693985 4.736622 13.479334
v 33.548832 4.366083 13.854881
v 33.862633 3.951696 13.335986
v 33.400616 5.295725 13.682951
v 33.103661 5.024887 14.074243
v 33.496830 5.459333 13.187185
v 33.190521 6.090059 13.353636
v 33.062294 5.936541 13.822238
v 33.429283 5.520887 12.586641
v 33.131474 6.164110 12.757871
v 33.169403 5.520109 11.990788
v 32.761292 5.368073 11.723347
v 33.322590 3.844700 11.983881
v 33.848686 3.881565 12.570748
v 33.513710 3.598652 12.734734
v 32.645840 4.724304 14.076385
v 32.749439 5.687311 14.176910
v 32.236267 5.376064 14.129990
v 32.676910 6.532200 13.908920
v 32.390991 6.317278 14.195293
v 32.815346 6.670309 13.461947
v 32.785034 6.728636 12.973600
v 32.855556 6.174774 12.164655
v 32.470612 6.702040 12.466615
v 32.428333 6.000494 11.905575
v 31.888102 5.604280 11.983290
v 32.291389 4.998297 11.778919
v 32.032726 4.574306 12.074400
v 31.520761 5.223455 12.253058
v 32.002922 4.371080 12.434793
v 31.441977 5.044497 12.549999
v 32.702518 3.948866 12.266615
v 32.887859 3.796247 12.881530
v 32.083656 4.293821 12.930941
v 32.272434 4.431103 13.672065
v 31.754169 5.070417 13.728233
v 31.509163 4.960131 13.036672
v 31.958599 6.031952 14.131292
v 32.101681 6.696987 14.107874
v 31.770754 6.477835 14.059703
v 32.348328 6.854898 13.889739
v 32.475197 6.972815 13.528957
v 32.415512 7.024389 13.123623
v 32.216385 7.023706 12.761256
v 32.090843 6.534023 12.235826
v 31.615515 6.181879 12.298979
v 31.444773 6.597195 12.556993
v 31.750187 6.824936 12.486266
v 31.266125 5.873260 12.510296
v 31.181147 5.726425 12.748745
v 31.234428 5.635080 13.192801
v 31.473911 5.727615 13.766912
v 31.346861 6.252790 13.739225
v 31.159288 6.376143 12.742071
v 31.082146 6.270054 12.934439
v 31.125935 6.195864 13.272040
v 31.526407 3.410753 7.883585
v 31.786871 3.467369 7.727044
v 32.106468 3.483639 7.815898
v 31.639139 3.362150 9.775139
v 31.684822 3.350113 9.658703
v 31.822664 3.416243 9.663172
v 31.877239 3.466383 9.814028
v 31.484344 3.272112 9.639313
v 30.333462 4.869465 10.275000
v 29.948048 4.841848 10.147000
v 30.545250 5.242496 10.283752
v 29.966682 5.522234 10.316446
v 31.110098 4.786411 10.195152
v 31.367128 3.152445 8.676205
v 31.618530 3.345125 8.311100
v 31.791168 3.361689 8.513468
v 31.443756 3.328997 8.190888
v 29.739700 6.179537 10.152552
v 29.312178 5.994429 10.121696
v 29.388115 5.326235 10.151232
v 29.610874 4.764809 9.859499
v 32.434738 3.565996 8.502145
v 31.968493 3.428072 8.778446
v 30.648546 6.754662 9.713832
v 30.249969 6.483080 9.984810
v 31.057043 6.341585 9.698278
v 30.774626 6.919884 9.462347
v 31.494963 5.966219 9.669369
v 30.760143 6.978172 9.160515
v 32.249725 5.597876 9.171816
v 32.203625 5.649008 8.689189
v 32.036308 5.597212 8.262455
v 31.670845 5.445749 7.951950
v 32.364948 4.783745 8.016995
v 31.982399 4.632362 7.687222
v 31.203873 5.219812 7.845596
v 31.532379 4.403957 7.587560
v 31.091143 4.153749 7.694809
v 30.693113 4.965515 7.922492
v 31.714664 3.839296 7.518238
v 31.324146 3.687349 7.670880
v 30.954990 3.528189 7.970595
v 30.623466 3.961891 7.983716
v 30.814730 3.332323 8.330471
v 30.394878 3.714020 8.333529
v 31.131994 3.360186 8.004108
v 31.028795 3.205944 8.347208
v 30.860947 3.185648 8.697693
v 31.083660 3.083183 8.688264
v 31.170149 3.198792 8.370104
v 31.224649 3.098680 8.685072
v 31.198452 3.066948 9.054586
v 30.997484 3.142698 9.071977
v 31.338484 3.090153 9.036046
v 31.483551 3.201029 9.341547
v 31.335217 3.167734 9.447821
v 32.132042 3.561434 9.541998
v 32.509277 3.739630 9.350830
v 32.587738 3.850513 9.430157
v 32.199577 3.629234 9.689941
v 32.624809 3.717670 8.900688
v 32.776363 3.859213 8.934017
v 32.607933 3.635426 8.447813
v 32.777992 3.824865 8.380682
v 32.448212 3.554674 7.989624
v 32.534382 3.700077 7.903656
v 32.308197 3.497971 8.110437
v 32.160786 3.622238 7.612505
v 32.140854 3.956800 7.582768
v 32.521332 4.045233 7.891863
v 31.759674 3.563040 7.579649
v 31.436262 3.483866 7.732296
v 31.263586 3.332964 8.070679
v 32.578758 4.840694 8.507145
v 32.767799 4.144377 8.387352
v 32.634323 4.806818 9.058231
v 32.023365 5.410830 9.593105
v 32.409958 4.585812 9.531435
v 31.577433 5.118357 9.961411
v 31.034323 5.647911 10.042233
v 31.192343 3.919058 10.079151
v 31.582752 4.124931 10.072190
v 32.001270 4.326391 9.871193
v 32.555836 4.093880 9.478149
v 32.128883 3.855982 9.826489
v 32.800430 4.212397 8.972117
v 31.765970 3.691132 9.984022
v 31.480427 3.534800 9.956232
v 31.290560 3.389965 9.779468
v 30.052841 4.096209 9.557549
v 29.378635 4.741657 9.474394
v 29.888374 4.044119 9.153913
v 29.316273 4.845495 9.041818
v 29.839193 4.110203 8.790813
v 29.100510 5.244463 9.792019
v 28.997396 5.327475 9.432907
v 29.025230 5.855757 9.905840
v 28.912588 5.842340 9.549179
v 30.610603 6.933130 8.843845
v 30.360302 6.813154 8.585787
v 30.072186 6.638504 8.488720
v 30.805151 5.784710 8.133602
v 30.303982 5.559530 8.239056
v 30.174793 4.653538 8.165231
v 29.703270 5.213213 8.547092
v 29.901949 4.299883 8.464256
v 30.406761 3.526739 8.705936
v 30.534815 3.467295 9.090603
v 31.129629 3.233999 9.480006
v 29.416771 4.973146 8.816956
v 29.096237 5.447622 9.107372
v 28.991352 5.927719 9.184109
v 29.265327 6.105143 8.869244
v 29.729134 6.404415 8.569581
v 29.616713 2.987406 5.397861
v 28.718409 2.526680 5.378749
v 29.063271 2.723360 4.898115
v 28.628708 5.665010 5.609784
v 28.346113 5.708242 6.032632
v 28.560083 5.419291 6.353688
v 29.085827 5.070063 5.853928
v 26.985809 3.681486 6.188510
v 27.899929 3.546076 6.607535
v 27.487450 4.276987 7.032862
v 26.778051 4.111977 6.216504
v 27.092545 3.160252 5.231653
v 28.301958 2.950233 6.015260
v 26.598566 3.946768 5.529953
v 26.622900 3.997169 4.960515
v 26.919836 3.415405 4.592031
v 27.255333 4.943453 7.107725
v 26.695543 4.619406 6.265076
v 29.812607 4.374138 5.292407
v 29.656149 4.798792 4.306921
v 28.767849 5.778490 4.917713
v 28.438576 4.626696 3.407749
v 27.842495 3.406597 3.297899
v 27.441277 4.133522 3.645849
v 28.845781 3.861023 3.070944
v 29.027016 3.341978 3.732920
v 27.464005 2.816639 4.058552
v 27.745369 2.576616 4.495470
v 30.015894 4.036779 3.879502
v 29.354441 3.538893 5.976624
v 28.810728 4.118589 6.488999
v 28.263371 4.725039 6.937015
v 28.238476 5.619614 6.749247
v 27.944786 5.253813 7.121916
v 30.019400 3.585588 4.832470
v 27.131464 4.680929 4.057526
v 26.459478 4.573164 5.225072
v 26.951265 5.224291 4.444961
v 26.456053 4.512630 5.693886
v 27.747272 5.640827 4.268534
v 32.379929 2.575422 18.203003
v 32.247166 2.368748 18.555656
v 32.529739 2.296204 17.906437
v 32.104004 2.602987 18.622122
v 31.904400 2.073250 18.288757
v 32.097137 2.425333 18.155416
v 32.294563 2.226997 17.827585
v 31.873224 2.501907 18.516657
v 31.577272 2.427977 18.974506
v 31.523703 1.992968 18.860657
v 31.471073 2.274038 19.206284
v 31.604465 2.263489 19.284550
v 31.772352 2.437807 19.082369
v 31.685429 1.919182 19.213776
v 31.911024 2.079865 19.026293
v 31.470127 1.905060 19.108259
v 31.756544 1.544025 19.105234
v 31.516636 1.529892 19.001614
v 31.578117 0.964098 18.809694
v 31.835938 0.977610 18.916237
v 31.535194 1.065468 18.549089
v 31.514261 1.614656 18.759686
v 31.586105 0.340343 18.192520
v 31.666475 0.207045 18.480925
v 31.724155 1.226677 18.231913
v 31.817274 -0.242624 17.464397
v 31.692951 -0.409733 17.743647
v 32.027172 -0.104534 17.175152
v 32.362663 0.829063 17.256945
v 32.354485 -0.020769 16.899477
v 32.658436 -0.057629 17.124800
v 32.685555 0.769121 17.451284
v 31.973450 1.395712 17.915686
v 32.348583 1.578554 17.569386
v 32.650505 1.574953 17.700018
v 32.705288 0.622644 18.014067
v 32.745388 -0.206370 17.730797
v 32.450397 -0.401262 18.125048
v 32.338318 0.400562 18.467371
v 31.961138 0.224396 18.623415
v 32.099564 -0.551535 18.235046
v 32.580154 1.443708 18.221928
v 32.167847 1.153009 18.731787
v 32.423435 2.009523 18.408503
v 32.017082 1.709354 18.920767
v 31.805443 -0.548603 18.062641
v 29.975868 1.018644 2.548841
v 30.696846 0.629601 3.584091
v 30.121597 1.021309 3.741664
v 30.055408 3.854443 2.934190
v 29.862988 3.689743 2.399056
v 29.623190 3.947376 2.849672
v 29.995497 1.492918 1.898372
v 28.644436 3.355232 2.535044
v 29.013977 3.101866 2.062552
v 28.688923 2.812080 2.336960
v 28.577541 3.093021 2.471968
v 30.728708 2.801792 2.170202
v 31.104399 2.284561 2.108971
v 30.522118 2.093538 1.704637
v 31.317280 1.980757 4.191538
v 30.746155 1.274530 4.306942
v 31.384741 1.242386 3.858954
v 31.555813 1.581621 3.758933
v 30.841606 2.571398 4.667849
v 29.345215 1.588039 4.155017
v 29.697006 2.400393 5.271039
v 28.733984 2.217617 4.571596
v 28.347250 2.512016 3.357059
v 28.916664 1.856760 3.076551
v 28.546528 2.623053 4.700929
v 28.198397 2.936516 3.460342
v 28.585644 2.912840 4.660365
v 28.280167 3.255648 3.543960
v 28.905636 3.688719 3.696366
v 29.093510 3.792482 2.665370
v 29.532572 3.946119 3.792418
v 29.643631 3.602964 4.787455
v 29.324921 3.092516 5.267101
v 29.470242 2.811678 5.438427
v 30.439280 3.168047 4.994571
v 30.089928 3.530067 5.013086
v 31.454395 2.532108 3.708652
v 30.963472 3.167088 3.928366
v 31.733341 2.056496 3.422345
v 31.628765 2.192532 2.805612
v 31.374218 2.607424 2.906394
v 30.941156 3.176336 2.948351
v 31.413305 1.881060 2.280272
v 30.442064 3.639593 2.956016
v 30.447874 3.703201 3.973168
v 30.028168 3.927404 3.906915
v 30.283024 3.332796 2.237618
v 29.801037 2.970432 1.894348
v 29.403015 2.661135 1.892934
v 30.188843 1.825171 1.681671
v 29.085287 2.318258 2.142015
v 29.413305 3.445869 2.097643
v 31.075930 0.726919 3.920840
v 33.389626 3.986721 8.394257
v 33.050713 3.949450 8.713461
v 33.432594 3.972738 8.917028
v 32.536583 3.504524 7.091306
v 32.490391 3.784811 7.344537
v 32.637489 3.891565 7.510958
v 33.041595 3.579615 7.182936
v 32.810875 0.672224 8.835611
v 32.198303 1.489599 8.571834
v 32.152679 1.394587 8.255627
v 32.293427 3.400806 8.955615
v 32.415222 3.417494 9.332827
v 32.831703 3.779701 9.125931
v 32.420502 3.575602 8.576880
v 32.742958 2.192633 9.870027
v 32.720268 1.674519 9.651907
v 33.200581 1.658777 9.715408
v 32.915634 2.453619 9.942385
v 31.907581 2.148321 8.405063
v 32.318317 1.557501 8.960985
v 32.285011 2.088064 9.345781
v 31.833939 2.601374 8.739548
v 32.765106 1.047407 9.299408
v 33.202652 1.038336 9.443700
v 33.587166 1.079140 9.290426
v 33.646851 1.806719 9.520933
v 33.824722 1.170595 9.016088
v 34.124249 1.939402 9.068937
v 32.679287 1.642649 7.129375
v 32.343773 1.412619 7.613891
v 32.056728 2.431976 7.488412
v 32.586723 2.373898 6.892991
v 32.155499 1.395786 7.985420
v 31.835651 2.276571 7.984588
v 31.659401 2.825693 8.233114
v 31.827698 3.083412 7.731251
v 31.931452 2.925051 9.032585
v 32.299255 2.590530 9.685132
v 32.403271 2.903465 9.839052
v 33.447987 2.729437 9.788414
v 33.188797 3.097336 9.905442
v 33.574020 2.426582 9.697387
v 34.138489 2.633724 9.205618
v 34.004955 3.034868 9.316374
v 34.353127 2.720640 8.580919
v 34.230484 3.140003 8.681574
v 34.340038 2.071325 8.485907
v 34.262199 2.749804 8.013151
v 34.157143 3.153423 8.082914
v 34.256454 2.087214 7.948492
v 33.900166 2.697716 7.406829
v 33.782761 3.118994 7.437949
v 33.942131 2.006449 7.480554
v 33.479195 2.613338 6.958632
v 33.343063 3.044024 6.976648
v 33.561012 1.873110 7.150400
v 32.984474 2.474440 6.754007
v 32.826115 2.939678 6.794402
v 33.110058 1.754078 6.973772
v 32.438324 2.833019 6.953807
v 32.201454 3.379810 7.237734
v 31.847258 3.372530 7.986419
v 31.754211 3.152466 8.553703
v 31.967686 3.281063 8.740179
v 32.018482 3.493608 8.206009
v 32.092648 3.123312 9.201920
v 32.798981 3.360952 9.861240
v 33.753448 3.443424 9.468378
v 33.344540 3.800583 9.502566
v 33.963814 3.601471 8.837746
v 33.897228 3.648397 8.213485
v 33.517052 3.632170 7.569608
v 32.171982 3.653351 7.495573
v 32.295776 3.784800 7.726082
v 32.705116 3.878525 8.128128
v 33.045326 3.974342 7.856620
v 31.618719 0.781069 4.939901
v 31.418329 0.772020 5.346756
v 31.055712 1.079185 5.185582
v 31.508350 1.310896 4.763837
v 31.301720 0.679628 5.508333
v 30.806129 0.924164 5.673308
v 31.477419 0.516794 5.599002
v 31.173540 0.444508 5.737917
v 31.461477 1.807487 7.577393
v 30.948845 2.417831 7.745384
v 30.958916 1.656527 7.230965
v 32.081070 3.476774 5.658041
v 31.663548 3.415564 5.249649
v 31.469929 3.815363 5.825294
v 32.193398 3.609955 6.097105
v 30.588968 3.490068 5.320101
v 30.784166 3.125105 4.940925
v 30.146996 2.792389 5.336435
v 30.350210 3.355824 5.816575
v 32.724594 1.485365 5.723036
v 32.655220 1.579922 5.309929
v 32.574631 2.709446 5.448021
v 32.725445 2.734232 5.884871
v 32.267899 1.506422 4.885871
v 32.119411 2.581913 4.913618
v 31.208832 2.258188 4.642699
v 30.505293 1.917356 5.086207
v 30.260979 1.755493 5.706909
v 31.111385 0.359665 6.179580
v 30.806484 0.914785 6.326775
v 31.809883 0.367819 6.530827
v 31.733212 0.980627 7.036499
v 31.254330 0.925068 6.894023
v 31.429089 0.325605 6.522690
v 32.155807 1.150202 6.836423
v 32.013908 2.158070 7.467588
v 32.588329 1.362228 6.236990
v 32.607876 2.568293 6.621460
v 32.095436 3.520119 6.930941
v 31.344210 3.640026 6.614921
v 29.954779 2.529135 6.106805
v 30.423832 1.674330 6.524776
v 30.252718 2.407068 7.026464
v 30.796970 3.158598 7.173346
v 31.496120 2.991297 7.753273
v 30.176025 3.147844 6.407101
v 33.264900 3.581200 11.514511
v 32.680618 3.446154 11.159579
v 32.908646 3.425821 11.570169
v 33.520325 2.814335 9.745682
v 33.687599 1.945103 9.634635
v 33.067253 1.837034 9.889101
v 32.979446 2.679304 10.002632
v 32.794304 1.707394 10.322027
v 32.628204 2.493147 10.502369
v 33.250717 1.225456 9.885818
v 33.012268 1.102726 10.233789
v 32.821911 1.564814 10.882515
v 33.020081 1.000187 10.721386
v 33.300865 0.699286 10.220755
v 33.290897 0.625755 10.600613
v 33.558628 0.567997 11.026867
v 33.340370 0.944380 11.296627
v 33.416531 0.755911 10.007576
v 33.825500 1.325991 9.682333
v 34.005466 2.930246 9.822199
v 34.263020 2.026964 9.774137
v 33.541298 3.731012 10.233304
v 33.712509 3.485594 10.040543
v 33.295341 3.398001 9.883886
v 32.890137 3.309919 10.158644
v 32.557613 3.098988 10.603632
v 32.606071 2.433962 11.074169
v 33.196716 1.531332 11.530273
v 33.992405 0.658009 11.135424
v 33.845268 1.057480 11.406515
v 34.349823 1.385393 9.825047
v 34.617561 2.065609 10.299545
v 34.629929 1.384712 10.282334
v 34.330135 2.994841 10.286008
v 34.341640 2.849176 11.051329
v 34.501709 1.986399 11.017531
v 33.892868 3.487133 10.328997
v 33.517487 3.804922 10.959564
v 34.073807 3.470469 11.024483
v 33.018875 3.653860 10.471229
v 32.754227 3.515791 10.781885
v 32.501740 3.019341 11.139280
v 32.852486 3.047312 11.737247
v 33.771988 1.692608 11.639393
v 33.652229 2.615013 11.783688
v 34.164455 1.170559 11.251407
v 34.113174 1.827927 11.467237
v 34.242165 0.749655 11.027847
v 34.515541 1.299711 10.865456
v 34.460434 0.824030 10.836060
v 33.992729 2.704317 11.593143
v 33.874516 3.302704 11.593323
v 33.587387 3.178877 11.859324
v 33.407581 3.686468 11.307810
v 33.501228 3.458818 13.653864
v 33.603470 3.676987 13.385151
v 33.361282 3.464895 13.311895
v 33.386631 3.256556 13.648125
v 33.596836 3.212450 13.787849
v 33.612034 3.460821 13.753723
v 33.843918 2.949108 11.785756
v 33.797020 3.544741 11.939143
v 34.216705 3.114122 11.956169
v 33.768311 3.929480 12.629471
v 33.464226 3.614605 12.007690
v 33.365921 3.665977 12.610098
v 33.584301 3.883667 12.642807
v 33.816990 3.333395 13.770541
v 34.141598 1.184393 11.663525
v 34.224113 0.774614 11.689862
v 33.755020 0.697510 11.819254
v 33.595078 1.069231 11.782317
v 33.498100 1.468660 11.754726
v 34.073395 1.590855 11.647409
v 33.258152 1.377926 12.343863
v 33.304688 0.993589 12.365610
v 33.183140 2.085550 12.382109
v 33.417233 2.152670 11.808208
v 33.222591 2.846495 13.231956
v 33.150551 3.015152 12.514507
v 33.277763 1.998285 13.103331
v 33.406971 2.743624 13.553157
v 33.784775 3.722670 13.446341
v 34.016327 3.571409 13.434957
v 34.071022 2.891706 13.602852
v 34.309887 3.052050 13.267987
v 33.739326 2.780367 13.670706
v 33.534348 1.970423 13.390606
v 33.937996 1.988085 13.496317
v 33.359371 0.879629 12.963623
v 33.426701 0.658535 12.365402
v 34.623192 1.230146 11.794244
v 34.610935 1.672491 11.793549
v 33.970116 2.218033 11.674202
v 34.503586 2.309952 11.828276
v 33.367077 3.028517 11.933512
v 34.074722 3.782764 12.629488
v 34.452972 3.210913 12.592998
v 34.556618 2.160704 13.077549
v 34.747093 2.307116 12.427207
v 34.295959 2.044737 13.413000
v 33.577583 1.354378 13.314337
v 33.941601 1.337070 13.379791
v 33.589085 0.895704 13.197222
v 33.913750 0.920748 13.217538
v 33.470375 0.576872 12.836565
v 33.647728 0.527258 12.986279
v 33.957653 0.551668 13.032131
v 34.300812 0.972868 13.133208
v 34.327034 0.608809 12.968458
v 34.322174 1.379824 13.279335
v 34.605999 1.079506 12.868992
v 34.613594 1.494522 12.969593
v 34.833462 1.196716 12.304709
v 34.839546 1.645702 12.341537
v 34.063019 3.150705 14.330090
v 33.845581 3.170010 13.869246
v 33.849472 3.432997 14.313234
v 33.440441 3.531843 15.072383
v 33.470016 3.506853 14.173854
v 33.311920 3.378321 14.339466
v 33.207336 3.425316 14.996582
v 33.057175 3.033083 15.804783
v 33.138676 3.066229 14.879183
v 33.021641 2.775003 15.703237
v 33.074711 2.354242 14.669227
v 33.038998 2.088224 15.501503
v 33.545433 2.002609 15.925711
v 33.654461 1.075113 15.650873
v 33.564316 0.445417 15.323341
v 34.149002 0.587873 15.209964
v 34.163574 1.209269 15.475872
v 34.103546 0.145157 14.966688
v 33.582737 0.045439 15.049347
v 34.483086 0.324118 14.491863
v 34.573544 0.812233 14.691439
v 33.056313 0.539865 14.959920
v 33.117531 0.119947 14.692490
v 33.282944 3.046867 14.182054
v 33.284393 2.449797 13.952334
v 33.495182 3.094105 13.840871
v 33.546322 2.481325 13.679001
v 34.011299 2.507364 13.737097
v 33.752182 3.467613 15.174477
v 33.221443 3.101196 16.033556
v 33.511646 3.125923 15.896649
v 33.681526 2.807467 15.880335
v 34.018402 3.029594 15.181435
v 33.953487 2.164583 15.727787
v 34.279846 2.406336 15.096430
v 34.309006 2.518183 14.268469
v 34.554337 1.429983 14.899725
v 34.573120 1.568596 14.130684
v 34.156857 1.569281 13.579266
v 34.594604 0.926222 14.030210
v 34.158463 0.908842 13.527951
v 33.571095 0.839487 13.407727
v 33.584805 1.551664 13.464506
v 34.148094 0.459311 13.532034
v 33.630680 0.389578 13.459793
v 33.091881 0.772415 14.248949
v 33.113071 0.355738 14.159245
v 33.301918 1.529860 13.718664
v 33.305256 0.829872 13.628492
v 33.325951 0.371836 13.671390
v 34.500580 0.434540 13.938905
v 33.337124 2.657946 16.079330
v 33.209236 2.928968 16.457804
v 33.067123 3.010630 16.661045
v 33.253563 2.625456 16.744949
v 33.327766 2.695742 16.359882
v 33.221073 0.047209 15.723276
v 33.511856 0.776415 15.650244
v 33.799797 0.223921 15.755647
v 33.651688 0.032000 15.658917
v 33.778214 0.778595 16.020504
v 33.932785 0.271584 15.995329
v 32.866184 0.136030 16.936668
v 32.624058 0.980509 17.430990
v 32.426239 1.041225 17.184204
v 32.535740 0.395487 16.582882
v 32.208832 2.472677 17.682528
v 32.248062 2.158426 17.582294
v 32.376152 2.108541 17.791334
v 32.294998 2.558693 17.790697
v 33.262001 -0.182053 17.038130
v 33.482944 -0.061255 16.878197
v 33.051773 0.305759 17.216076
v 33.714668 0.081892 16.587536
v 33.901180 0.201424 16.301945
v 33.780533 0.730547 16.389719
v 33.656761 1.589657 16.138027
v 33.636059 1.539190 16.544727
v 33.034630 0.794012 15.491871
v 32.965736 0.296877 15.493086
v 32.767677 0.285360 15.781486
v 32.761955 0.734135 15.704397
v 32.643875 0.314827 16.181915
v 33.061131 -0.009062 16.109829
v 32.996834 0.053316 16.382603
v 32.500359 1.566320 17.639145
v 32.336994 1.607302 17.417620
v 32.847908 1.041430 17.477768
v 32.697723 1.632864 17.655636
v 33.158134 1.217257 17.310940
v 33.454609 1.418392 16.958229
v 33.514805 2.225817 16.234955
v 33.465195 2.146910 16.653143
v 33.371990 2.244761 15.976658
v 33.227943 2.736217 16.142363
v 33.051167 2.231962 15.906872
v 32.969688 2.696215 16.101471
v 32.585934 0.694798 16.105986
v 32.479622 0.678509 16.482906
v 32.366302 1.787971 17.027769
v 32.307861 2.355726 17.267679
v 32.562756 2.175186 17.755281
v 32.975700 1.801603 17.468103
v 32.764477 2.366570 17.551805
v 33.267700 2.008892 17.090120
v 33.018421 2.590168 17.160109
v 32.787804 3.018864 17.120586
v 32.612381 3.084307 17.018829
v 32.900108 3.105005 16.541929
v 32.361294 2.849503 17.529747
v 32.563484 2.776880 17.575113
v 32.282066 2.719067 17.415632
v 32.500011 2.578653 16.812870
v 32.529667 2.951033 16.933510
v 32.770294 2.984898 16.485937
v 32.737106 2.680376 16.371416
v 33.079685 3.016525 16.315815
v 32.919743 2.948641 16.241829
v 32.452869 2.526861 17.791952
v 33.110794 -0.198082 16.809645
v 33.207859 -0.116827 16.553141
v 22.564087 -1.019814 20.813581
v 22.414125 -1.059329 20.837112
v 22.411316 -0.966284 20.541786
v 22.482414 -1.085073 21.152718
v 23.258865 -0.612645 19.971712
v 23.487064 -0.557431 20.016449
v 22.992537 -0.698980 20.039505
v 23.262276 -0.665290 20.365057
v 23.075508 -0.976416 21.325108
v 22.892612 -1.004162 21.198116
v 23.088552 -0.910957 21.032722
v 23.278402 -0.918513 21.227127
v 23.064445 -0.961321 21.530733
v 22.751698 -1.035089 21.416929
v 23.364643 -0.903872 21.466784
v 23.932821 -0.459629 20.326809
v 23.927486 -0.514402 20.511538
v 23.780611 -0.545473 20.438507
v 23.839298 -0.482443 20.238297
v 23.920673 -0.368328 20.105442
v 24.017071 -0.363960 20.256638
v 24.076435 -0.386805 20.500286
v 24.026508 -0.517515 20.902021
v 23.848515 -0.616158 20.828667
v 24.110579 -0.113117 20.255426
v 24.153406 -0.167870 20.582783
v 24.068283 -0.330118 21.023413
v 23.802359 -0.513103 21.474894
v 23.773420 -0.714738 21.341148
v 23.961250 0.146908 21.176203
v 23.678974 0.013424 21.645218
v 23.282890 -0.081693 21.965673
v 23.413944 -0.620222 21.781837
v 22.816849 -0.180618 22.044174
v 22.984703 -0.709172 21.871078
v 22.972893 0.739176 22.050285
v 22.556746 0.588579 22.117283
v 22.130281 0.464760 21.966221
v 22.371643 -0.285696 21.878584
v 21.999229 -0.349930 21.529659
v 21.781086 0.391972 21.644136
v 21.927330 1.289251 21.928322
v 21.653086 1.199697 21.639935
v 21.616411 0.404196 21.187052
v 21.707951 0.465757 20.629234
v 21.814484 1.283449 20.055431
v 21.374344 2.413221 21.120260
v 21.413273 2.383501 20.730072
v 21.632458 2.434181 20.155048
v 21.907841 2.536915 19.753323
v 22.751934 2.888950 19.660336
v 23.137043 2.307756 19.615292
v 22.770372 2.154013 19.461027
v 22.494362 2.765162 19.540722
v 22.377796 2.027645 19.450344
v 22.187527 2.645935 19.565144
v 22.999119 1.562246 19.413212
v 22.564596 1.419847 19.381109
v 22.155190 1.340187 19.591673
v 22.812572 0.775558 19.373749
v 22.343033 0.689676 19.574207
v 21.964409 0.577589 20.039747
v 22.203129 -0.206905 20.052097
v 21.941523 -0.327896 20.555618
v 21.838085 -0.349110 21.044014
v 22.027695 -0.831884 20.933256
v 22.191669 -0.846735 21.374844
v 22.546906 -0.806108 21.716011
v 22.663651 -1.000463 21.567148
v 23.039658 -0.904129 21.693363
v 23.409195 -0.840884 21.619261
v 23.691628 -0.772898 21.220472
v 23.575211 -0.789629 21.083815
v 23.517487 -0.447307 19.844318
v 23.758703 -0.399384 19.965702
v 23.492378 -0.227938 19.683807
v 23.772041 -0.162824 19.827923
v 23.981712 -0.115478 20.014246
v 23.991421 0.357038 19.967062
v 24.109566 0.361147 20.284697
v 24.097128 0.300524 20.692034
v 23.915855 1.076498 20.690424
v 23.642141 1.052498 21.239346
v 23.324970 0.901318 21.762693
v 22.655293 1.555222 21.977757
v 22.293388 1.415907 22.050596
v 22.119225 2.037546 21.942429
v 21.810776 1.930750 21.820126
v 21.988392 2.653532 21.787304
v 21.704529 2.564053 21.666046
v 21.485828 2.480036 21.434715
v 23.019817 3.021952 20.174320
v 22.998363 2.971579 20.531975
v 23.394503 2.497694 20.113190
v 23.338318 2.440355 19.828976
v 22.932991 2.987814 19.866295
v 23.762154 1.897154 20.147327
v 23.683430 1.829882 19.874966
v 23.427021 1.717958 19.605522
v 23.908928 0.992664 19.908958
v 23.644297 0.933956 19.610195
v 23.253040 0.855974 19.415974
v 23.406357 0.231594 19.511055
v 22.992939 0.131742 19.476746
v 22.553396 -0.027467 19.639795
v 22.751984 -0.433683 19.738773
v 22.402149 -0.583483 20.040241
v 22.103848 -0.750971 20.506731
v 22.261761 -0.935535 20.494501
v 22.196774 -1.047411 20.867874
v 22.347376 -1.061668 21.265619
v 22.672550 -0.788098 20.196529
v 22.564392 -0.735016 20.094845
v 22.906073 -0.619394 19.853882
v 23.235632 -0.520473 19.792301
v 23.139215 -0.311224 19.641399
v 23.747522 0.312735 19.693657
v 24.011536 1.038738 20.262611
v 23.659103 1.896229 20.481979
v 23.381046 1.834200 21.062290
v 22.833591 2.842775 21.098743
v 22.573219 2.765354 21.528372
v 22.295748 2.723398 21.747370
v 23.000851 -0.766048 20.547121
v 20.168945 -1.566031 17.285940
v 20.302315 -1.406290 17.122919
v 20.438091 -1.366362 17.397003
v 20.016117 -1.621757 17.184246
v 20.073330 -1.478081 16.907749
v 19.592060 1.277351 19.404371
v 19.257332 1.636751 19.605316
v 19.064342 1.381857 19.931782
v 19.675270 0.317608 19.813643
v 18.614128 1.113821 20.067078
v 19.212772 0.066471 20.078892
v 19.866261 1.065233 19.099564
v 19.985798 0.241610 19.410170
v 20.075596 -1.921917 19.452385
v 20.240788 -1.868937 19.240955
v 20.372950 -1.488709 19.509571
v 20.007410 -1.658676 19.680201
v 19.580463 1.826662 18.575020
v 19.380589 1.842255 18.774014
v 19.565712 1.644802 19.059771
v 19.802418 1.472614 18.804077
v 18.317827 -0.246230 19.677814
v 18.156130 0.931953 19.714981
v 17.979519 0.653662 19.235682
v 20.158157 0.245508 19.021660
v 20.528173 -0.671793 18.760435
v 20.617334 -0.338627 18.058430
v 20.262123 0.627775 18.515177
v 20.492783 0.434160 17.342155
v 20.418236 0.983444 17.230696
v 20.247219 1.169399 18.193724
v 19.787092 -1.705298 17.073914
v 19.503300 -1.818067 17.078598
v 19.168594 -1.987230 17.321095
v 19.317780 -2.037720 17.938608
v 17.721973 0.512083 17.418762
v 18.334776 0.367020 16.871769
v 18.393847 -0.551155 17.075554
v 17.889385 -0.585853 17.716286
v 17.939682 1.040955 17.035847
v 18.402794 0.886482 16.697344
v 17.757034 -0.587315 18.470812
v 17.433779 0.406281 18.223307
v 19.329664 1.871788 19.237700
v 17.627247 0.523067 18.852676
v 17.984554 -0.382988 19.187725
v 18.372011 -1.516407 19.197119
v 18.831367 -1.376106 19.679825
v 19.306660 -1.200960 19.900623
v 18.727119 -0.106588 19.993000
v 19.742624 -1.024174 19.895199
v 20.094404 -0.910892 19.692404
v 20.548836 -1.369793 19.180830
v 20.347591 -0.833771 19.319767
v 20.394644 -1.719463 18.964987
v 20.522263 -1.486453 18.475178
v 20.662458 -1.164421 18.581366
v 20.516275 -1.367971 17.847454
v 20.667055 -0.990255 17.899765
v 20.225082 -1.698986 18.385031
v 19.904552 -1.978231 18.876406
v 19.614189 -2.116068 19.261051
v 19.234505 -2.230582 18.877460
v 19.317207 -1.973978 19.476944
v 18.847191 -2.119779 19.071707
v 18.496861 -2.159019 18.474247
v 18.946211 -2.284088 18.384764
v 18.486271 -2.062799 17.771339
v 18.804853 -2.194166 17.798178
v 18.877598 -1.846290 17.069298
v 19.356281 -1.665075 16.777922
v 19.755827 -1.553779 16.768995
v 19.604816 -1.136059 16.505825
v 20.033691 -1.060387 16.642311
v 20.355598 -0.999254 16.922646
v 20.555607 -0.972360 17.322811
v 20.524347 -0.249371 17.309494
v 19.868113 -0.423132 16.466425
v 19.426994 -0.484054 16.349918
v 19.138065 -1.227269 16.580626
v 18.967503 -0.497117 16.528097
v 18.631472 -1.477967 17.055973
v 18.151670 -1.587677 17.776306
v 18.080648 -1.577270 18.513947
v 18.922014 0.345411 16.418751
v 19.337975 0.893011 16.199852
v 19.712280 0.903410 16.255116
v 20.123875 0.928326 16.614738
v 19.656548 1.447237 16.352070
v 20.039465 1.494080 16.656321
v 20.300076 1.506765 17.122496
v 19.829849 1.977095 16.814501
v 20.043144 2.003878 17.156857
v 19.939724 2.046091 17.826679
v 20.154705 1.620203 17.967236
v 19.519588 2.095030 18.395269
v 19.484730 1.917955 16.579330
v 19.207775 1.386557 16.327492
v 19.099762 1.798027 16.535261
v 18.825027 1.322729 16.506641
v 18.757137 1.713379 16.798397
v 18.924847 0.875462 16.349047
v 18.479507 1.287996 16.709358
v 24.190201 0.092134 21.880291
v 24.005648 0.519514 21.911917
v 23.763435 0.411827 21.540407
v 24.022043 -0.057465 21.625162
v 24.368029 -0.212281 21.742939
v 25.884270 0.732462 21.102535
v 26.137321 0.873915 21.435518
v 25.943192 0.207571 21.508368
v 23.842606 0.376627 21.118225
v 24.150110 0.346743 20.851095
v 24.107304 -0.080436 21.271093
v 25.072697 0.899729 22.222120
v 24.565384 0.676130 22.149952
v 24.817554 0.166805 22.066078
v 25.370253 0.440235 22.133804
v 25.520767 0.963707 22.148893
v 25.725029 0.195219 21.967772
v 25.986807 0.875307 21.876133
v 25.861515 1.681772 21.756187
v 25.442520 1.622112 22.124329
v 25.266930 2.338051 22.090998
v 24.799706 2.216696 22.254009
v 24.942036 1.510273 22.261497
v 24.221395 2.051044 22.209042
v 24.363094 1.335758 22.203403
v 23.784988 1.188082 21.945099
v 23.543339 1.112886 21.501087
v 24.462406 -0.245333 21.382126
v 25.268444 -0.207524 21.480719
v 25.056412 -0.177120 21.896959
v 25.915920 1.617641 21.215002
v 25.647757 2.334679 21.118608
v 25.641872 2.406321 21.716106
v 25.357960 3.070692 21.655426
v 25.054638 3.013609 21.994081
v 24.614597 2.884682 22.160715
v 24.144112 2.739817 22.139271
v 23.648941 2.629784 21.824009
v 23.639053 1.920256 21.940859
v 23.411007 1.837919 21.470507
v 23.559813 1.759779 20.817341
v 23.671789 1.019323 20.921970
v 23.901592 1.706301 20.334925
v 24.070076 0.898590 20.520609
v 24.230267 1.715431 20.199661
v 24.472988 0.895117 20.422005
v 24.588310 0.203188 20.873583
v 24.965115 1.007763 20.481777
v 25.233288 0.262747 21.000950
v 25.610630 1.355885 20.738426
v 24.714851 1.823744 20.243587
v 25.334194 2.106831 20.538084
v 25.350006 2.981295 21.141214
v 25.081829 3.390097 21.154835
v 25.086664 3.458717 21.548901
v 24.862082 3.399099 21.830612
v 24.506748 3.294422 21.981316
v 24.109791 3.190304 21.933735
v 23.752689 3.116697 21.738935
v 23.451160 2.545778 21.400181
v 23.514238 3.023062 21.222368
v 23.623945 2.986948 20.852766
v 23.578533 2.471853 20.824030
v 23.841576 2.445944 20.385723
v 24.103809 2.459387 20.255877
v 24.550472 2.549635 20.282661
v 25.069462 2.771196 20.560291
v 24.818394 3.239122 20.664156
v 23.837847 2.996424 20.508129
v 24.043320 3.020792 20.400723
v 24.385248 3.084230 20.422077
v 18.408237 -2.375242 16.644440
v 18.708363 -2.151007 16.537533
v 18.472996 -2.178721 17.226875
v 18.212330 -2.383859 16.991352
v 17.365562 0.505356 17.511583
v 17.911636 0.123701 17.678654
v 18.026653 0.589310 17.514147
v 17.575369 0.747805 17.452965
v 17.197224 0.267776 17.812227
v 17.785892 -0.418768 17.891792
v 16.951244 -2.311950 15.819155
v 16.952839 -2.296021 15.547363
v 17.347198 -2.320692 15.720827
v 16.720142 -2.307934 15.963131
v 16.496086 -2.225840 15.685852
v 16.486013 -2.454933 16.169064
v 16.188656 -2.425960 16.071117
v 16.570076 -2.499985 16.452797
v 16.163544 -2.505372 16.503969
v 16.909832 -2.331923 16.239687
v 18.434248 0.029411 15.362711
v 18.836891 -0.079220 15.712369
v 18.739780 -0.626656 15.670567
v 18.226040 -0.257435 15.220955
v 17.978931 0.215017 15.212313
v 18.267918 0.418905 15.424697
v 18.726578 0.540300 15.771641
v 18.488640 -1.515100 15.703917
v 17.669132 -1.323777 15.130972
v 17.743492 -1.017019 15.094509
v 17.009949 -1.310714 15.065628
v 17.559290 -0.059944 15.053481
v 17.043573 -0.307309 15.075779
v 16.787720 -2.503225 17.111599
v 17.082380 -2.515635 17.716246
v 16.421427 -2.534693 17.261009
v 18.047579 0.832640 15.607883
v 18.428600 1.165747 15.935885
v 17.818501 -1.500338 18.052006
v 17.025028 -0.447632 18.076090
v 17.073238 -1.550862 18.264408
v 16.885262 0.117373 17.922762
v 16.092920 -0.604952 17.380817
v 16.239799 0.087151 17.199326
v 16.009769 -1.647775 17.490749
v 15.837261 -2.276847 16.567375
v 16.095161 -2.318771 17.456781
v 15.708546 -1.594265 16.613008
v 15.873215 -2.185538 16.050884
v 15.760101 -1.498014 16.101509
v 16.242722 -1.371025 15.497238
v 16.314453 -2.000099 15.528421
v 16.942825 -2.006675 15.205620
v 17.487593 -2.101433 15.353915
v 18.247919 -2.132318 15.898445
v 17.256870 -2.333197 16.812757
v 17.104797 -2.269133 18.147707
v 17.795742 -2.175308 17.844517
v 18.653774 -1.564831 17.295237
v 18.792152 -0.160922 17.052212
v 18.783144 0.475355 16.943634
v 18.648081 1.105228 16.927486
v 18.220152 1.073381 17.345406
v 18.838364 1.167660 16.412022
v 19.089245 0.506582 16.333916
v 19.123795 -0.176497 16.361313
v 19.061249 -0.785360 16.431248
v 18.937965 -1.548668 16.517281
v 17.628258 -2.377426 17.432991
v 16.276825 -0.407999 15.535450
v 16.304241 0.248625 15.657192
v 16.988792 0.328945 15.221157
v 17.425024 0.510368 15.208416
v 17.804234 0.689476 15.378235
v 15.832726 -0.488607 16.090794
v 15.932637 0.210535 16.209473
v 15.789773 -0.548937 16.553467
v 15.891427 0.165741 16.580599
v 30.492531 1.704161 20.205023
v 30.353722 1.291712 20.214602
v 30.882547 1.738813 20.003145
v 30.827583 2.013767 19.976055
v 30.275072 1.294760 19.969719
v 30.469780 1.674114 19.881598
v 30.709349 1.521591 19.556379
v 30.739252 1.978445 19.719494
v 31.145796 2.228798 19.432186
v 31.211897 1.849031 19.191397
v 31.498461 2.214556 19.396992
v 31.403784 2.242975 19.277660
v 31.268204 2.205082 19.617134
v 31.383272 1.836245 19.586094
v 31.585632 1.873114 19.319630
v 31.464331 1.902384 19.114408
v 31.647018 1.493467 19.221411
v 31.523884 1.533237 18.993927
v 31.710676 0.919786 19.049105
v 31.582258 0.966009 18.805302
v 31.298752 0.956322 18.799891
v 31.270157 1.501974 19.018612
v 31.589041 0.171301 18.563061
v 31.262289 0.190865 18.535999
v 30.970728 0.878880 19.031096
v 31.150087 -0.660332 18.319479
v 30.846865 -0.690582 18.493736
v 30.556549 -0.783401 18.735085
v 30.315529 -0.961990 19.062254
v 30.315220 -0.116077 19.428726
v 30.577864 -1.018062 19.331720
v 30.561916 -0.211191 19.703884
v 30.304657 0.635038 19.737434
v 30.647135 0.783459 19.322544
v 30.469311 0.568071 20.013672
v 31.206854 -0.916588 19.362762
v 31.143150 -0.098469 19.671070
v 31.603180 -0.792355 19.023716
v 31.712185 -0.730354 18.645948
v 31.754301 0.128916 18.842812
v 31.596485 0.058117 19.254253
v 31.520634 0.854242 19.418306
v 30.995039 0.711985 19.903307
v 30.918236 1.314693 20.005112
v 31.450821 1.447958 19.521418
v 31.511648 -0.684223 18.374277
v 16.569653 -5.169929 16.769192
v 17.671917 -4.725706 16.947390
v 17.766827 -5.339149 17.299326
v 15.810877 -2.721113 18.043766
v 15.635184 -2.509760 17.687143
v 15.362550 -3.003942 17.780079
v 15.795064 -5.062279 16.961170
v 15.482917 -3.284071 16.344944
v 15.166759 -3.290281 16.750687
v 15.441949 -2.739294 16.539293
v 15.478577 -2.953718 16.366409
v 15.630954 -4.167627 18.184814
v 15.458111 -4.860302 17.683453
v 15.833971 -4.764567 18.306744
v 17.874004 -4.224924 18.451200
v 17.673813 -4.826582 18.483961
v 17.873760 -4.994547 18.190432
v 18.175148 -4.528492 17.641361
v 18.004343 -3.354534 18.284695
v 17.710869 -3.782602 16.495895
v 17.751614 -2.852058 16.220903
v 18.453350 -2.789900 17.197502
v 16.564295 -3.845336 16.179058
v 16.477703 -2.967199 15.947420
v 16.382061 -2.518136 15.994263
v 17.681965 -2.392241 16.225275
v 16.343954 -2.254342 16.205038
v 17.536400 -2.187706 16.380610
v 15.452507 -2.504470 17.134766
v 16.401711 -2.083338 16.959633
v 16.477707 -2.080261 17.640079
v 17.532257 -1.987882 17.634329
v 18.122673 -2.078662 17.149641
v 18.410233 -2.293839 17.170092
v 17.830105 -2.129307 18.017426
v 18.006783 -2.571034 18.182070
v 17.115841 -3.225250 18.616938
v 17.238228 -4.030352 18.788141
v 17.206402 -4.649424 18.831478
v 16.468805 -4.273207 18.716984
v 16.578215 -4.755096 18.770153
v 16.219807 -3.619328 18.563704
v 16.193394 -5.144749 18.424458
v 16.870018 -2.564602 18.375582
v 15.971648 -3.040234 18.305195
v 16.660875 -2.243199 18.085979
v 15.417985 -3.529197 18.005383
v 15.179895 -3.778973 17.403404
v 15.242955 -3.875424 16.912907
v 15.495234 -4.957686 17.267595
v 15.558571 -3.925937 16.490183
v 15.120325 -3.152050 17.258610
v 18.088562 -5.268305 17.696909
v 21.159409 -1.658985 21.367189
v 21.645245 -1.468534 21.420204
v 21.414505 -1.422052 21.056316
v 20.044046 -2.262276 20.342493
v 20.170586 -2.361897 20.835579
v 20.286774 -1.809764 20.611708
v 20.156654 -1.908684 20.427279
v 22.784838 -3.955992 19.470514
v 21.878193 -3.348318 19.154068
v 22.133959 -3.156298 19.247364
v 21.824284 -1.301539 20.801811
v 22.094769 -1.346628 20.280022
v 21.741497 -1.470169 20.148342
v 21.347240 -1.536034 20.322599
v 23.113201 -2.252652 20.084583
v 23.100574 -2.077206 20.353498
v 23.249905 -2.934649 20.270370
v 23.116596 -2.758724 19.838791
v 21.680504 -2.572699 19.253212
v 22.477581 -2.985174 19.399330
v 21.794441 -2.033055 19.388725
v 22.612396 -2.377005 19.605799
v 23.050873 -3.436872 19.603569
v 23.248455 -3.556715 20.002396
v 23.079601 -3.071329 20.729912
v 23.149111 -3.739271 20.362364
v 22.686178 -3.340635 21.201620
v 22.898254 -3.873276 20.606100
v 20.834381 -3.825193 19.693604
v 20.317997 -3.289585 19.906773
v 20.758411 -2.783548 19.472855
v 21.316475 -3.677797 19.310856
v 21.237968 -2.615526 19.225849
v 21.632971 -3.461618 19.146961
v 20.688599 -2.058614 19.546808
v 21.221348 -1.992716 19.305052
v 21.946821 -1.684051 19.623564
v 22.723949 -1.829618 19.841930
v 22.755291 -1.550230 20.072935
v 22.929188 -2.126247 20.946001
v 22.852402 -1.674147 20.869549
v 22.984203 -2.461884 20.930302
v 22.460880 -2.294103 21.561499
v 22.538097 -2.721243 21.510479
v 21.876045 -2.563047 21.786276
v 21.968044 -2.996555 21.718124
v 22.136120 -3.562243 21.430948
v 21.316772 -2.773943 21.703056
v 21.428041 -3.174696 21.626703
v 21.630371 -3.741232 21.341331
v 20.691248 -2.924305 21.324484
v 20.846336 -3.328188 21.253395
v 21.192030 -3.879246 21.004942
v 20.238506 -3.005297 20.877020
v 20.411905 -3.418777 20.819471
v 20.890003 -3.976074 20.590895
v 20.039577 -2.962837 20.357443
v 20.209530 -3.422724 20.304750
v 20.711517 -3.969331 20.125252
v 20.170429 -2.830082 19.966709
v 20.177872 -2.170511 19.991489
v 20.808575 -1.723143 19.695461
v 21.396698 -1.628765 19.540211
v 20.984974 -1.599675 19.909561
v 21.545986 -1.529797 19.794765
v 22.045490 -1.514652 19.859222
v 22.651821 -1.323174 20.624619
v 22.231941 -1.329208 21.290012
v 22.400887 -1.797140 21.510359
v 21.796749 -2.015085 21.743696
v 21.202408 -2.211779 21.679235
v 20.569431 -2.344704 21.303511
v 20.299328 -1.827297 20.089230
v 20.474472 -1.672148 20.265274
v 20.861656 -1.588648 20.690819
v 20.626495 -1.758432 21.029623
v 19.034668 -5.027975 18.288158
v 18.649761 -4.624879 18.403305
v 19.058628 -4.458902 17.911228
v 19.378593 -4.785757 18.117641
v 19.544598 -4.747690 17.979443
v 19.526241 -4.282853 17.638203
v 19.827396 -4.793095 17.773090
v 19.716570 -4.912243 18.074066
v 20.999613 -3.021913 18.674587
v 20.672417 -3.091923 18.142143
v 20.836884 -2.250048 18.471426
v 18.688725 -2.705393 19.863678
v 19.050747 -2.456949 20.037886
v 18.618378 -2.117164 19.457294
v 18.282177 -2.761540 19.443647
v 18.161236 -2.246817 18.502548
v 18.629940 -2.054482 18.248594
v 18.387596 -2.635981 17.809963
v 17.989552 -2.781137 18.512531
v 19.627079 -4.560704 19.615940
v 19.281134 -3.471926 20.145632
v 18.872755 -3.615606 19.981985
v 19.204903 -4.629007 19.577059
v 18.372196 -3.764071 19.495676
v 18.793152 -4.713785 19.178917
v 18.122496 -3.782720 18.523745
v 18.557898 -3.597795 17.759144
v 19.149414 -3.373821 17.493256
v 20.122671 -4.017072 17.659397
v 20.252621 -4.652953 17.697777
v 20.698053 -3.947916 18.091362
v 20.874863 -4.031801 18.554256
v 20.668919 -4.775067 18.348360
v 20.623327 -4.662546 17.984665
v 20.687302 -4.143885 19.001389
v 20.841682 -2.999249 19.318283
v 19.997944 -3.252697 19.997169
v 20.122292 -4.392337 19.460066
v 19.828577 -2.142504 19.942745
v 19.385841 -1.880190 19.299498
v 19.162682 -2.452707 17.554285
v 20.088375 -2.284992 17.808069
v 19.947269 -3.161856 17.637562
v 20.003632 -1.823818 18.622145
v 20.696983 -1.993795 19.208221
v 19.222641 -1.908450 18.025663
v 24.132458 -0.634515 21.201551
v 24.192772 -0.597597 20.815342
v 23.779232 -0.662899 20.601528
v 23.317616 -2.663589 20.230816
v 23.134014 -2.926638 20.829117
v 22.867359 -2.103283 21.045580
v 23.075562 -1.892522 20.507961
v 23.551455 -1.696857 20.130331
v 23.722317 -2.480412 19.944939
v 23.912334 -3.097982 19.886349
v 23.582657 -3.237511 20.141005
v 24.291134 -2.373160 19.931351
v 24.396339 -2.980700 19.868830
v 24.473988 -3.444302 19.952957
v 24.101549 -3.547298 19.978729
v 24.986824 -2.911783 20.157471
v 24.922258 -3.418720 20.187708
v 23.902508 -3.635948 20.099367
v 23.441486 -3.467474 20.696951
v 22.960985 -2.168102 21.537392
v 23.311501 -3.028473 21.390722
v 22.950863 -1.157741 21.466879
v 22.729748 -1.479284 21.091106
v 22.897640 -1.506762 21.512180
v 22.954988 -1.276338 20.697134
v 23.393908 -1.131159 20.323833
v 24.090618 -1.496938 20.106752
v 24.946066 -2.277329 20.281969
v 25.114695 -2.972723 20.667280
v 25.047749 -3.471019 20.623272
v 23.623356 -3.566153 21.202908
v 24.079245 -3.485691 21.473743
v 23.824017 -2.916903 21.748564
v 23.403252 -2.049221 21.876459
v 24.489954 -2.635221 21.637280
v 24.157007 -1.852250 21.854456
v 23.576954 -0.783821 21.503763
v 23.184626 -1.456001 21.687532
v 23.848387 -1.249786 21.870876
v 23.121620 -0.914907 20.969528
v 23.903259 -0.949886 20.259930
v 23.419708 -0.793204 20.683270
v 24.485687 -0.814966 20.612148
v 24.813992 -1.464890 21.158653
v 25.064604 -2.326891 20.875561
v 24.904541 -2.422958 21.235094
v 24.975491 -3.071247 20.998402
v 24.950090 -3.539748 20.884211
v 24.625320 -3.265807 21.356289
v 24.778290 -3.645435 21.106178
v 24.655106 -1.606112 21.497822
v 24.650600 -0.946520 21.338827
v 24.401901 -1.070041 21.641191
v 23.923786 -0.691437 21.367538
v 26.155769 0.068010 21.445398
v 26.214054 -0.054445 21.256279
v 25.823069 -0.014893 21.307892
v 25.840616 0.093500 21.619431
v 26.261608 0.067720 21.550529
v 26.388439 -0.115087 21.433998
v 24.711891 -1.266415 21.472357
v 24.855276 -1.207298 21.886105
v 24.609089 -0.696587 21.685040
v 25.107613 -0.146220 21.369919
v 24.595558 -0.479345 21.414940
v 25.079353 -0.081514 21.846092
v 25.082716 -0.040831 21.660677
v 26.357037 -0.110266 21.683523
v 25.340630 -2.878305 20.998959
v 25.415031 -2.706839 20.459124
v 25.618454 -3.058489 20.449940
v 25.538469 -3.234850 20.902969
v 25.155861 -2.525652 21.106487
v 25.218052 -2.353571 20.537607
v 25.753685 -2.086283 20.304062
v 25.931900 -2.409834 20.186134
v 24.985008 -1.739809 20.752506
v 25.498131 -1.461999 20.533813
v 25.974651 -0.499296 20.920052
v 26.200840 -1.268560 20.610022
v 25.246700 -0.633421 20.898346
v 26.333359 -0.521692 21.056335
v 25.904530 0.084993 21.805143
v 25.987419 -0.134892 21.951443
v 26.083462 -0.745430 21.993988
v 26.415829 -0.642079 21.722931
v 26.473373 -0.573740 21.377907
v 26.656719 -1.373095 21.219770
v 26.509392 -1.272434 20.842175
v 26.527378 -2.274153 20.210510
v 26.081657 -2.732080 20.156496
v 25.511040 -2.976200 21.459761
v 25.333977 -2.609934 21.633881
v 25.098259 -2.031731 21.804768
v 24.917385 -1.960885 21.276688
v 24.745409 -0.951414 21.078758
v 25.181622 -0.322466 22.062651
v 25.429022 -0.954720 22.164959
v 25.677799 -1.879448 22.047264
v 26.298103 -1.651587 21.837589
v 26.610744 -1.502907 21.564924
v 26.689690 -1.825209 20.620520
v 26.808567 -1.955677 20.945999
v 26.821709 -2.353075 20.740261
v 26.766201 -2.253872 20.434446
v 26.728779 -2.666665 20.325405
v 26.547907 -2.618677 20.179424
v 26.805573 -2.749871 20.618544
v 26.780611 -2.498605 21.110098
v 26.778675 -2.875663 20.975216
v 26.755596 -2.113057 21.305420
v 26.471436 -2.264057 21.606209
v 26.543137 -2.642468 21.421495
v 25.874599 -2.492691 21.850906
v 26.017588 -2.872864 21.655956
v 26.972431 -0.122449 21.851276
v 26.814785 0.185648 21.775126
v 26.515236 -0.213820 21.644749
v 27.405354 0.745928 21.473969
v 27.344925 0.719112 21.215008
v 26.782415 0.364172 21.265495
v 26.604277 0.337494 21.456537
v 28.211344 0.796152 20.944895
v 28.215767 0.556520 20.800962
v 27.370052 0.403320 20.998121
v 28.306417 -0.096429 20.521484
v 27.451433 -0.241573 20.633995
v 28.798359 -0.188732 20.961065
v 28.931198 -1.105236 20.660971
v 28.792889 -1.269945 21.172709
v 28.795088 -1.883598 20.889011
v 28.869417 -1.721838 20.303352
v 28.742594 -2.329565 20.653202
v 28.781418 -2.170944 20.142241
v 28.297253 -2.085026 21.348877
v 28.296032 -2.531946 21.054647
v 28.361139 -2.075697 19.737726
v 28.428911 -1.596235 19.868336
v 26.793610 -0.546476 20.837296
v 26.766071 0.038551 21.094685
v 26.571262 -0.738499 21.077642
v 26.468569 -0.149517 21.294197
v 26.680746 -0.876560 21.512819
v 27.568439 0.613077 21.733746
v 28.323572 0.731007 21.399786
v 28.415775 0.882807 21.131062
v 27.786007 0.152597 21.792315
v 28.459084 0.396685 21.419928
v 27.992998 -0.495798 21.765068
v 28.613859 -0.300295 21.391682
v 27.201853 -0.762619 21.807224
v 28.239742 -1.484956 21.597792
v 27.489986 -1.701118 21.643965
v 26.929207 -1.767145 21.245838
v 27.143652 -2.329332 20.968758
v 27.655365 -2.277068 21.390858
v 26.749084 -1.603838 20.715345
v 26.976994 -2.204479 20.402275
v 27.210289 -2.574201 20.270084
v 27.323143 -2.691222 20.771454
v 27.783381 -2.104551 19.812599
v 27.697180 -1.717885 19.971262
v 27.142426 -2.015011 20.165581
v 26.947369 -1.403526 20.459116
v 27.365192 -2.379766 19.994133
v 27.753269 -2.680151 21.095968
v 28.649055 0.493841 21.052094
v 3.337475 -6.063208 14.337896
v 2.596865 -4.352351 14.297276
v 1.374538 -2.144181 14.184824
v -1.422024 1.084156 13.684711
v -2.582714 2.037313 13.325605
v -3.584322 2.762121 12.934807
v -4.480608 3.489986 12.379478
v -4.858206 3.992317 11.972426
v -5.044855 4.356474 11.577147
v 18.192141 14.961655 -13.386150
v 19.100437 14.705509 -13.201262
v 20.381439 13.767658 -12.583691
v 21.141588 12.976242 -12.051548
v 21.753651 12.280846 -11.599255
v 22.382761 11.517513 -11.094769
v 23.035831 10.597149 -10.650539
v 24.777660 7.278193 -9.864877
v -4.828913 4.179344 11.225026
v -4.670784 3.748474 11.407724
v -4.305075 3.225945 11.696653
v -3.504223 2.502855 12.171950
v -2.619169 1.703232 12.548604
v -1.502306 0.686590 12.916449
v -0.317656 -0.565841 13.152528
v 1.196337 -2.545506 13.335312
v 2.367502 -4.750830 13.482758
v 3.038544 -6.400613 13.545681
v 24.645046 5.532976 -10.147682
v 24.117506 6.661049 -10.243435
v 23.298517 8.340546 -10.527923
v 22.428696 9.954319 -10.934208
v 21.809380 10.973701 -11.247380
v 21.209175 11.785799 -11.650094
v 20.586517 12.516720 -12.031773
v 18.683201 14.235422 -13.053682
v 18.025492 14.602644 -13.130509
v -3.773829 4.895645 10.822444
v 15.204315 -2.417383 14.282901
v 15.403116 -2.548995 14.701944
v 15.907232 -2.140137 14.251102
v 16.357590 -1.775217 13.104280
v 15.845762 -1.798695 13.033707
v 16.004421 -1.992136 13.323190
v 15.231195 -1.988129 13.481389
v 14.826025 -2.356441 14.334339
v 15.478384 -2.096424 13.652235
v 15.084943 -2.563491 15.041481
v 15.755027 -2.581994 15.341108
v 15.765381 -2.548309 14.886765
v 14.644037 -1.862454 14.473137
v 14.908330 -2.023262 15.299944
v 15.096754 -1.578644 13.500902
v 16.497478 -0.255089 13.242777
v 16.384426 0.946470 13.602055
v 15.793073 0.846863 13.552080
v 16.850281 0.924332 14.042556
v 17.071346 -0.346203 13.806664
v 15.618702 -2.148489 15.735786
v 16.359959 -2.019762 15.480616
v 16.338768 -2.340529 15.140309
v 16.891010 -2.060632 14.361061
v 16.809414 -1.883352 13.715486
v 16.361567 -2.042187 13.915596
v 16.492756 -2.153592 14.286538
v 16.690140 -2.133512 14.808598
v 16.886511 -1.789236 15.003897
v 15.054261 0.213923 15.450406
v 15.531090 0.194483 15.871395
v 15.601185 -0.882184 15.857771
v 14.811095 0.344271 14.791368
v 15.114262 0.599783 14.005846
v 16.139812 0.337372 15.762609
v 16.295658 -0.811405 15.674303
v 16.632929 0.539684 15.309637
v 16.835979 -0.653379 15.178103
v 17.197941 -1.619867 14.407746
v 17.084991 -1.430193 13.700123
v 16.497595 -1.271554 12.978979
v 15.842337 -1.310104 12.937321
v 16.932262 0.773218 14.620014
v 17.163017 -0.466362 14.486599
v 16.078003 -2.356928 14.775063
v 16.321207 -2.187973 14.589067
vn 0.6059 0.6456 -0.4648
vn 0.6362 0.6175 -0.4624
vn 0.7073 0.5360 -0.4609
vn 0.4071 0.4726 -0.7816
vn 0.3466 0.5455 -0.7631
vn -0.3453 -0.9299 0.1264
vn -0.6776 -0.5858 -0.4446
vn 0.1074 -0.9467 -0.3038
vn -0.0974 -0.2438 -0.9649
vn 0.5147 -0.2217 -0.8282
vn 0.1509 -0.9188 -0.3648
vn 0.0315 -0.9108 -0.4117
vn 0.8333 -0.4617 -0.3039
vn 0.1798 -0.9650 -0.1911
vn -0.1867 0.3304 -0.9252
vn 0.4796 0.4253 -0.7675
vn -0.4953 -0.4037 -0.7692
vn -0.6716 0.1090 -0.7328
vn -0.3685 -0.3300 0.8691
vn -0.8194 -0.2931 0.4926
vn -0.8009 -0.3440 0.4901
vn -0.3266 -0.3999 0.8564
vn -0.9969 -0.0436 -0.0658
vn -0.9954 0.0734 -0.0615
vn -0.7803 0.1686 -0.6022
vn -0.8051 0.0474 -0.5913
vn 0.9462 0.2380 -0.2193
vn 0.9171 -0.0560 0.3947
vn 0.7000 -0.6944 0.1668
vn 0.1670 -0.9569 -0.2375
vn 0.1137 -0.9438 -0.3105
vn 0.4320 -0.5712 -0.6980
vn 0.6141 -0.6623 -0.4291
vn 0.6597 -0.7468 -0.0840
vn 0.1372 -0.9689 -0.2058
vn 0.5699 -0.7795 0.2599
vn 0.6965 -0.2282 0.6803
vn -0.7950 -0.1630 0.5844
vn -0.1561 -0.2708 0.9499
vn -0.1836 -0.0651 0.9808
vn -0.2124 -0.0323 0.9767
vn -0.8281 -0.0105 0.5606
vn 0.8681 0.4665 -0.1695
vn 0.8574 0.1783 0.4827
vn 0.8792 0.1282 0.4589
vn 0.8891 0.4300 -0.1570
vn 0.6127 -0.0125 0.7902
vn 0.6481 -0.0577 0.7593
vn -0.0390 -0.9638 0.2637
vn 0.3141 -0.9063 0.2827
vn 0.3213 -0.4566 0.8296
vn -0.2379 -0.6073 0.7580
vn -0.7277 -0.5288 0.4368
vn -0.9371 -0.1496 -0.3155
vn 0.2368 -0.1823 0.9543
vn 0.2709 -0.2420 0.9317
vn 0.1539 -0.9568 -0.2468
vn 0.0551 -0.9185 -0.3915
vn 0.1110 -0.9907 -0.0787
vn 0.2156 -0.9327 -0.2891
vn 0.2107 -0.9522 -0.2211
vn 0.1865 -0.9479 -0.2582
vn -0.3627 0.1156 -0.9247
vn -0.3208 0.2615 -0.9103
vn -0.6894 -0.6438 -0.3321
vn -0.5397 -0.8114 -0.2243
vn -0.7246 -0.6797 0.1139
vn -0.7434 -0.4652 0.4806
vn -0.8721 -0.3738 0.3157
vn -0.8585 -0.0541 -0.5100
vn -0.2907 -0.4716 -0.8325
vn 0.0960 -0.6815 -0.7255
vn 0.0290 0.0690 0.9972
vn 0.3165 0.2184 0.9231
vn -0.4731 0.7491 0.4638
vn -0.6722 0.1490 0.7253
vn -0.5930 -0.3812 0.7093
vn -0.6857 -0.4830 0.5446
vn -0.5354 -0.3118 0.7850
vn 0.5677 0.1154 -0.8151
vn 0.9886 0.0723 -0.1321
vn 0.9098 -0.0291 -0.4141
vn 0.4553 -0.2944 -0.8402
vn 0.3298 -0.1633 -0.9298
vn 0.8776 -0.0204 0.4789
vn 0.8813 -0.0652 0.4680
vn 0.8565 -0.2059 -0.4734
vn 0.8377 0.0233 0.5457
vn -0.0450 0.8945 0.4448
vn 0.2032 0.9444 0.2584
vn -0.1627 0.9077 -0.3869
vn -0.4362 0.8539 -0.2839
vn -0.6066 0.7876 -0.1078
vn -0.2436 0.7828 0.5726
vn 0.3779 -0.1174 0.9184
vn 0.4020 -0.1417 0.9046
vn 0.6076 -0.0930 0.7888
vn 0.5868 -0.0428 0.8086
vn 0.4447 -0.0611 0.8936
vn 0.6210 -0.0848 0.7792
vn -0.0942 -0.2748 0.9569
vn -0.0879 -0.1532 0.9843
vn -0.0507 -0.2693 0.9617
vn -0.2841 -0.7447 0.6039
vn -0.2885 -0.7379 0.6101
vn -0.2273 -0.8070 0.5450
vn -0.3862 -0.3125 0.8679
vn -0.4185 -0.2542 0.8719
vn -0.3915 -0.3576 0.8479
vn -0.2427 -0.8774 0.4139
vn -0.5748 0.0901 -0.8133
vn -0.0498 -0.3596 -0.9318
vn 0.2604 -0.5075 -0.8213
vn 0.0346 -0.3500 -0.9361
vn 0.2001 -0.5427 -0.8158
vn -0.0004 0.2310 -0.9730
vn -0.1791 0.1667 -0.9696
vn -0.1279 0.2835 -0.9504
vn 0.6552 0.2753 -0.7035
vn 0.9740 0.1718 0.1480
vn 0.7513 0.1164 0.6496
vn 0.5427 0.0889 0.8352
vn 0.3746 0.0199 0.9270
vn -0.0078 -0.1422 0.9898
vn -0.5796 -0.2532 0.7746
vn -0.9796 0.1897 -0.0671
vn -0.8579 -0.2253 0.4618
vn -0.9155 0.0788 -0.3945
vn 0.6204 -0.6745 0.4002
vn 0.5152 -0.7498 0.4152
vn 0.1328 -0.9038 -0.4068
vn 0.1427 -0.9334 -0.3293
vn 0.1144 -0.9520 -0.2840
vn 0.0597 -0.9596 -0.2749
vn 0.7293 -0.6353 0.2539
vn 0.6933 -0.6371 0.3369
vn 0.7358 0.5549 -0.3882
vn 0.7784 0.5641 -0.2757
vn 0.6915 0.6732 -0.2620
vn 0.5338 0.7773 -0.3329
vn 0.5925 0.7885 -0.1649
vn 0.7421 0.6174 -0.2609
vn 0.8033 0.5167 -0.2961
vn 0.7625 0.5376 -0.3601
vn -0.2279 0.4123 -0.8821
vn -0.4052 0.2893 -0.8673
vn -0.4343 0.4580 -0.7757
vn 0.5851 0.3610 -0.7262
vn 0.9070 0.2530 0.3366
vn 0.6230 0.2605 0.7376
vn 0.4395 0.2890 0.8505
vn -0.2287 0.9307 0.2857
vn 0.0277 0.9909 0.1315
vn -0.5607 0.4747 -0.6784
vn 0.4207 0.8999 0.1145
vn 0.7388 -0.6735 -0.0224
vn 0.7512 -0.6485 0.1231
vn -0.0220 -0.9587 -0.2837
vn -0.1107 -0.9589 -0.2614
vn -0.1575 -0.9574 -0.2422
vn 0.7128 -0.6869 -0.1416
vn -0.7160 0.4343 -0.5465
vn -0.4258 -0.2072 0.8808
vn -0.3637 -0.3357 0.8689
vn -0.3403 -0.2359 0.9102
vn -0.3716 -0.1920 0.9083
vn -0.1979 -0.0554 0.9787
vn -0.2710 -0.0468 0.9614
vn -0.6951 -0.6710 0.2582
vn 0.3119 -0.3448 -0.8854
vn -0.9644 0.1575 0.2124
vn -0.5510 0.6899 -0.4694
vn -0.4155 0.9080 -0.0532
vn -0.8511 0.2935 0.4354
vn -0.8736 0.0521 0.4838
vn -0.9381 -0.0396 0.3440
vn -0.7219 0.1511 0.6753
vn -0.6748 0.4042 0.6175
vn -0.1565 0.9733 0.1681
vn -0.5395 0.3574 0.7624
vn -0.3859 0.6695 0.6348
vn 0.0982 0.8334 0.5439
vn 0.0617 0.6534 0.7545
vn -0.6070 0.0721 0.7915
vn 0.0904 0.4033 0.9106
vn 0.6220 0.7798 0.0703
vn 0.7438 0.6588 0.1129
vn 0.8514 0.5009 0.1557
vn 0.5164 -0.3470 -0.7829
vn 0.7792 0.1483 -0.6090
vn 0.8493 0.2177 -0.4809
vn 0.7015 -0.4363 -0.5634
vn -0.5018 0.2494 0.8282
vn -0.6598 -0.0695 0.7483
vn -0.7266 -0.0462 0.6855
vn -0.3358 0.3546 0.8727
vn -0.6486 -0.1396 0.7482
vn -0.7921 -0.0777 0.6055
vn -0.7905 0.0071 0.6125
vn -0.8296 -0.0029 0.5583
vn 0.6017 0.6481 -0.4668
vn 0.6632 0.7466 0.0530
vn 0.9386 0.3325 0.0918
vn -0.0874 0.9357 -0.3418
vn 0.2097 0.8905 0.4038
vn 0.3521 0.2269 0.9080
vn -0.2275 -0.1410 -0.9635
vn -0.3264 -0.1529 -0.9328
vn -0.4165 -0.0498 -0.9078
vn -0.2666 -0.0482 -0.9626
vn 0.5389 0.8051 -0.2477
vn -0.1005 0.9640 -0.2462
vn -0.2784 0.9222 0.2685
vn 0.3690 0.8916 0.2624
vn 0.5143 0.5278 -0.6759
vn -0.2089 0.7430 -0.6358
vn -0.9351 0.3513 0.0470
vn -0.6128 0.4641 0.6396
vn -0.5879 0.0027 0.8089
vn -0.8669 0.0097 0.4984
vn -0.8692 -0.1295 0.4773
vn -0.8892 0.4292 0.1583
vn -0.9516 -0.0184 0.3067
vn 0.9241 0.2517 -0.2876
vn 0.9508 0.2497 -0.1835
vn 0.8783 0.2312 -0.4184
vn 0.8044 0.3080 -0.5080
vn 0.5162 0.4756 -0.7122
vn 0.5578 0.4921 -0.6683
vn -0.2336 0.6804 -0.6946
vn -0.9916 0.1185 0.0522
vn 0.4772 0.8078 0.3459
vn 0.6622 0.7493 -0.0024
vn 0.4738 0.8785 -0.0614
vn 0.3930 0.9186 -0.0416
vn 0.3451 0.9319 0.1117
vn 0.7528 -0.6561 0.0541
vn 0.9257 -0.2864 0.2471
vn 0.8696 -0.3511 0.3471
vn 0.8710 -0.3356 0.3589
vn 0.8373 -0.5422 0.0697
vn 0.7523 -0.6522 0.0932
vn 0.3276 0.0578 -0.9430
vn 0.3498 0.5495 -0.7588
vn 0.7228 0.0640 -0.6881
vn 0.7652 0.0200 -0.6434
vn 0.8016 -0.0205 -0.5976
vn 0.3558 -0.0313 -0.9340
vn 0.3595 0.0002 -0.9332
vn 0.8308 -0.1058 -0.5464
vn 0.7752 0.0958 -0.6244
vn 0.7731 -0.0225 -0.6339
vn 0.8113 -0.2026 -0.5484
vn -0.5116 -0.7903 0.3372
vn -0.3542 -0.8135 0.4613
vn -0.3002 -0.7095 0.6376
vn -0.5126 -0.7082 0.4855
vn -0.5404 -0.7229 0.4305
vn -0.3225 -0.8358 0.4443
vn -0.3242 -0.8773 0.3538
vn 0.9129 0.0437 0.4059
vn 0.8743 0.0971 0.4755
vn 0.7251 -0.0183 0.6884
vn 0.7052 -0.0807 0.7044
vn 0.6879 -0.1593 0.7081
vn 0.9461 -0.0172 0.3233
vn 0.8954 0.2762 -0.3493
vn 0.7840 0.3163 -0.5341
vn 0.7544 0.5426 -0.3695
vn 0.7596 0.4702 -0.4494
vn 0.7875 0.2966 -0.5402
vn 0.6441 0.0800 -0.7608
vn 0.6906 0.1632 -0.7046
vn 0.1466 -0.1968 -0.9694
vn 0.1408 -0.2930 -0.9457
vn 0.5782 -0.0278 -0.8155
vn 0.1185 -0.3804 -0.9172
vn 0.7207 0.0304 0.6926
vn 0.7125 -0.0736 0.6978
vn 0.5850 0.0180 0.8109
vn 0.6835 0.1375 0.7169
vn 0.8134 0.1308 0.5668
vn 0.7653 -0.0493 0.6418
vn -0.8320 -0.1125 0.5432
vn -0.8217 -0.1740 0.5427
vn -0.8559 -0.1787 0.4852
vn -0.7965 -0.0469 0.6029
vn -0.7803 -0.1038 0.6168
vn -0.5869 -0.0666 0.8069
vn -0.7695 -0.1393 0.6233
vn -0.7936 -0.1794 0.5814
vn -0.7484 -0.1978 0.6331
vn -0.7085 -0.1813 0.6820
vn -0.6670 -0.1159 0.7359
vn -0.8696 -0.1274 0.4770
vn -0.8578 -0.1617 0.4879
vn -0.8427 -0.1171 0.5255
vn 0.0884 -0.0718 0.9935
vn -0.1406 -0.0854 0.9864
vn 0.2229 0.7788 0.5864
vn 0.1333 0.7355 0.6643
vn 0.3504 0.8602 0.3706
vn 0.2194 0.8630 0.4551
vn -0.0774 0.6262 0.7758
vn -0.0764 0.5517 0.8306
vn -0.5098 0.0308 -0.8598
vn -0.7343 -0.1530 -0.6614
vn -0.7252 -0.0543 -0.6864
vn -0.4985 0.0658 -0.8644
vn -0.5053 0.4367 0.7443
vn -0.4533 0.5547 0.6978
vn -0.5877 0.5422 0.6005
vn -0.6209 0.3290 0.7115
vn -0.5348 0.3348 0.7758
vn -0.9024 -0.1266 0.4119
vn -0.7871 0.1508 0.5981
vn 0.2395 -0.5835 -0.7760
vn 0.2665 -0.6978 -0.6649
vn 0.2309 -0.7277 -0.6459
vn 0.2031 -0.6610 -0.7224
vn 0.8796 -0.1473 0.4524
vn 0.8667 -0.2237 0.4459
vn 0.2722 -0.0147 0.9621
vn 0.3774 0.0176 0.9259
vn 0.4240 0.0622 0.9035
vn 0.8560 -0.0693 0.5123
vn 0.1812 -0.1177 0.9764
vn -0.0000 0.0242 0.9997
vn 0.2017 0.1076 0.9735
vn 0.3133 -0.0097 0.9496
vn 0.2652 -0.0550 0.9626
vn -0.6071 -0.7295 0.3150
vn -0.5231 -0.7935 0.3108
vn -0.4898 -0.7705 0.4081
vn -0.6004 -0.6641 0.4454
vn -0.6639 -0.6705 0.3312
vn 0.9541 0.2706 0.1281
vn 0.9670 0.1927 0.1665
vn 0.9485 0.3092 0.0690
vn 0.8975 0.4404 0.0218
vn 0.8831 0.4683 -0.0281
vn 0.7624 0.6436 -0.0677
vn 0.4603 0.7000 -0.5460
vn 0.4258 0.6412 -0.6384
vn 0.3157 0.7171 -0.6213
vn 0.3604 0.7951 -0.4878
vn 0.4787 0.7129 -0.5125
vn 0.9344 0.2942 0.2006
vn 0.9446 0.3169 0.0849
vn 0.0386 0.7236 0.6892
vn -0.0603 0.6445 0.7622
vn 0.0046 0.5979 0.8015
vn 0.1699 0.7125 0.6808
vn 0.1016 0.7630 0.6384
vn 0.5024 -0.6629 0.5551
vn 0.4441 -0.8753 0.1913
vn 0.5137 -0.8176 0.2602
vn 0.6533 -0.5004 0.5681
vn 0.5681 -0.5879 0.5759
vn -0.1801 -0.5096 0.8414
vn -0.1803 -0.5158 0.8376
vn -0.1328 -0.5395 0.8315
vn -0.1582 -0.5150 0.8425
vn -0.1314 -0.5614 0.8170
vn -0.2132 -0.5436 0.8118
vn -0.2514 -0.5888 0.7682
vn -0.3019 -0.5255 0.7954
vn -0.2661 -0.4718 0.8406
vn -0.2371 -0.5013 0.8321
vn -0.2503 -0.4552 0.8545
vn -0.1918 -0.4840 0.8538
vn -0.2711 -0.4485 0.8517
vn -0.2639 -0.4891 0.8314
vn -0.2720 -0.3988 0.8758
vn -0.2047 -0.3408 0.9176
vn 0.9133 0.3889 0.1210
vn 0.8597 0.4499 0.2420
vn 0.9176 0.3583 0.1718
vn 0.9564 0.2900 0.0342
vn 0.9528 0.2986 -0.0548
vn 0.9642 0.2331 -0.1263
vn 0.9909 0.1089 0.0793
vn 0.9943 0.0772 -0.0731
vn 0.9749 0.0590 -0.2145
vn 0.8776 0.4021 0.2612
vn 0.9694 0.1331 0.2065
vn 0.8415 0.4003 0.3628
vn 0.8030 0.3469 0.4846
vn 0.8679 0.0458 0.4946
vn 0.9270 0.1103 0.3583
vn 0.7884 -0.0270 0.6146
vn -0.6780 -0.3326 -0.6555
vn -0.6029 -0.2918 -0.7425
vn -0.6885 -0.0460 -0.7238
vn -0.7787 -0.0920 -0.6207
vn -0.1922 0.9530 0.2342
vn -0.2592 0.8462 0.4655
vn -0.6110 0.6182 0.4946
vn -0.6337 0.7029 0.3231
vn -0.7226 0.1650 -0.6713
vn -0.7217 0.4031 -0.5626
vn -0.8194 0.3572 -0.4484
vn -0.8266 0.1102 -0.5519
vn -0.5376 0.8247 -0.1757
vn -0.5800 0.8066 -0.1138
vn 0.5233 -0.8127 -0.2563
vn 0.4543 -0.7376 -0.4996
vn 0.5123 -0.7060 -0.4890
vn 0.7053 -0.5240 -0.4775
vn 0.6158 -0.7586 -0.2128
vn 0.4954 -0.8472 -0.1919
vn 0.5310 -0.8207 -0.2110
vn 0.1206 0.9112 0.3939
vn 0.1392 0.8724 0.4685
vn 0.7162 0.2136 0.6644
vn 0.7836 0.2570 0.5656
vn 0.0602 0.9505 0.3050
vn 0.8333 0.3324 0.4417
vn 0.0068 0.9692 0.2461
vn 0.8472 0.4299 0.3121
vn -0.0845 0.9693 0.2308
vn 0.7959 0.5537 0.2449
vn 0.9560 0.0998 0.2760
vn 0.9655 0.1612 0.2045
vn -0.1566 0.9584 0.2385
vn 0.6999 0.6912 0.1797
vn 0.5739 0.8149 0.0811
vn 0.4221 0.9064 -0.0137
vn 0.2556 0.9666 -0.0201
vn 0.1432 0.9867 0.0762
vn 0.0526 0.9313 0.3604
vn 0.5473 0.8346 -0.0634
vn 0.7659 0.6360 -0.0942
vn 0.6587 0.7478 -0.0827
vn 0.3656 0.9285 0.0647
vn 0.9344 0.3503 -0.0648
vn 0.8905 0.3897 -0.2349
vn -0.3470 -0.2307 -0.9090
vn -0.4115 -0.2714 -0.8701
vn -0.4194 -0.3549 -0.8356
vn -0.1990 -0.2240 -0.9541
vn -0.1019 -0.2069 -0.9730
vn -0.1054 -0.3853 -0.9167
vn 0.9392 0.2291 -0.2556
vn 0.9476 0.0790 -0.3095
vn 0.7231 -0.5469 -0.4218
vn 0.7364 -0.4960 -0.4600
vn 0.9160 0.1313 -0.3792
vn 0.7053 -0.6018 -0.3747
vn 0.7002 -0.6581 -0.2768
vn -0.1662 -0.9557 -0.2429
vn -0.1294 -0.9597 -0.2495
vn -0.5170 -0.7318 -0.4440
vn -0.5866 -0.7445 -0.3188
vn -0.4534 -0.7184 -0.5276
vn 0.9475 0.3188 0.0238
vn -0.7774 -0.4281 -0.4608
vn -0.7364 -0.3807 -0.5592
vn -0.8497 -0.1476 -0.5061
vn -0.8959 -0.2091 -0.3921
vn -0.8156 -0.4889 -0.3094
vn -0.9267 -0.2919 -0.2367
vn -0.3906 -0.6959 -0.6025
vn 0.3869 0.3951 -0.8332
vn 0.3526 0.2601 -0.8989
vn 0.3613 0.2132 -0.9078
vn 0.3802 0.3130 -0.8703
vn 0.1867 0.1694 -0.9677
vn 0.1592 0.0617 -0.9853
vn 0.0931 -0.0135 -0.9956
vn 0.4967 0.3738 -0.7833
vn 0.0125 -0.8360 -0.5486
vn 0.2428 -0.9501 -0.1959
vn 0.2930 -0.9203 -0.2593
vn 0.2565 -0.8276 -0.4993
vn 0.1470 -0.8222 -0.5499
vn -0.9557 -0.0019 -0.2945
vn -0.9343 0.2812 -0.2190
vn -0.9664 0.2464 -0.0735
vn -0.9890 -0.0518 -0.1385
vn -0.9050 0.0491 -0.4226
vn -0.8884 0.3168 -0.3324
vn -0.6415 0.7671 -0.0042
vn -0.6730 0.7363 0.0704
vn -0.6057 0.7938 -0.0542
vn 0.6293 0.3284 -0.7044
vn 0.6464 0.1948 -0.7377
vn -0.1813 -0.6019 -0.7777
vn -0.3404 -0.5456 -0.7658
vn 0.1254 -0.9723 0.1973
vn 0.9772 0.0816 -0.1959
vn 0.6674 0.5998 -0.4413
vn 0.7356 0.4985 -0.4587
vn 0.6990 0.5286 -0.4815
vn 0.6956 0.5034 -0.5125
vn 0.6845 0.4278 -0.5904
vn 0.5985 0.5084 -0.6191
vn 0.5709 0.6183 -0.5402
vn -0.9327 -0.2498 -0.2601
vn -0.9327 -0.2161 -0.2887
vn -0.9138 -0.3364 -0.2274
vn 0.2819 0.9094 0.3057
vn 0.5096 -0.3106 0.8024
vn 0.5847 -0.2734 0.7638
vn 0.5805 -0.4867 0.6529
vn 0.5856 -0.4707 0.6599
vn 0.4634 -0.4445 0.7666
vn -0.6924 0.4442 0.5686
vn -0.9156 -0.0331 0.4008
vn -0.3306 -0.1479 0.9321
vn -0.2846 -0.2772 0.9177
vn -0.0839 -0.4019 0.9118
vn -0.1312 -0.2599 0.9567
vn -0.2155 -0.1887 0.9581
vn -0.8612 -0.5071 0.0347
vn -0.9122 -0.3805 0.1519
vn -0.8232 -0.2936 0.4860
vn -0.8230 -0.3394 0.4554
vn -0.7658 -0.2636 0.5866
vn -0.8210 -0.4992 0.2770
vn 0.4028 0.9050 -0.1370
vn 0.1369 0.8967 -0.4210
vn -0.2391 0.8752 -0.4206
vn -0.2266 0.9665 -0.1205
vn -0.2382 0.9523 0.1905
vn 0.0436 0.9882 0.1468
vn -0.0007 -0.7971 -0.6039
vn 0.0201 -0.8316 -0.5551
vn 0.0839 -0.9030 -0.4214
vn 0.0294 -0.9255 -0.3776
vn -0.1314 -0.8576 -0.4972
vn -0.3651 -0.9233 -0.1197
vn -0.2653 -0.9567 -0.1196
vn -0.2892 -0.9543 -0.0754
vn -0.4390 -0.8967 -0.0563
vn -0.6106 -0.1599 0.7756
vn -0.1616 0.4579 0.8742
vn -0.7124 -0.0038 0.7018
vn 0.1411 0.9846 0.1029
vn 0.1990 0.9800 0.0009
vn 0.3380 0.9307 0.1396
vn 0.2042 0.9599 0.1922
vn -0.7704 0.2046 0.6039
vn -0.9338 -0.2826 0.2192
vn -0.6377 -0.6630 -0.3921
vn -0.5377 -0.7195 -0.4396
vn -0.8612 -0.3574 0.3615
vn 0.4328 0.0462 0.9003
vn 0.4630 0.0639 0.8841
vn 0.4624 -0.0580 0.8848
vn 0.4466 -0.1660 0.8792
vn 0.3949 0.0732 0.9158
vn 0.4241 0.0189 0.9054
vn 0.0798 -0.4290 -0.8998
vn 0.4786 -0.1305 -0.8683
vn 0.6931 0.6851 -0.2241
vn 0.6996 0.4057 -0.5883
vn 0.5240 0.8367 0.1593
vn 0.7502 0.6028 -0.2718
vn 0.5597 0.8274 0.0473
vn 0.5695 0.8205 -0.0499
vn -0.3885 0.6597 0.6433
vn -0.3168 0.7467 0.5849
vn -0.3965 0.7524 0.5260
vn -0.4760 0.7472 0.4638
vn -0.5395 0.6514 0.5335
vn 0.1192 0.9364 0.3301
vn 0.4724 0.8255 -0.3088
vn 0.5570 0.8184 -0.1417
vn -0.3835 0.5267 0.7586
vn -0.1923 0.6173 0.7629
vn 0.2192 0.9044 0.3660
vn -0.0087 0.6862 0.7273
vn 0.2841 0.8844 0.3704
vn 0.3818 0.7976 -0.4670
vn 0.7606 0.3789 -0.5272
vn 0.7686 0.4003 -0.4991
vn 0.7651 0.3225 -0.5574
vn 0.3737 0.6245 -0.6858
vn -0.4595 0.5092 -0.7278
vn -0.4202 0.1583 -0.8935
vn -0.4449 0.0472 -0.8944
vn -0.1528 0.2666 -0.9516
vn -0.1441 0.3491 -0.9259
vn 0.9825 0.1640 0.0881
vn 0.9910 0.0744 0.1114
vn 0.9953 0.0545 0.0804
vn 0.9909 -0.1324 0.0259
vn 0.9738 0.0865 -0.2102
vn 0.9516 0.2400 -0.1920
vn 0.9428 0.3140 -0.1122
vn 0.8161 0.2160 0.5361
vn 0.6469 0.2438 0.7226
vn 0.9404 0.3387 -0.0303
vn -0.2607 -0.0531 0.9640
vn 0.9363 0.1581 0.3136
vn 0.3051 0.0143 0.9522
vn 0.9667 0.2225 0.1266
vn 0.4387 0.2723 0.8564
vn -0.2720 0.9220 -0.2754
vn -0.2068 0.9612 -0.1825
vn -0.0623 0.9553 -0.2891
vn -0.0862 0.9406 -0.3284
vn -0.1184 0.9188 -0.3766
vn 0.9205 -0.3067 0.2423
vn 0.9243 -0.0348 0.3802
vn 0.7465 -0.2534 0.6152
vn 0.7614 -0.4063 0.5052
vn 0.6651 -0.5740 0.4776
vn 0.8458 -0.4960 0.1965
vn 0.5387 0.8291 -0.1496
vn 0.4459 0.8949 0.0185
vn -0.4790 -0.0073 -0.8778
vn -0.1099 0.0474 -0.9928
vn -0.0537 -0.1666 -0.9846
vn -0.5433 -0.1759 -0.8209
vn -0.5308 -0.1513 -0.8339
vn -0.3726 -0.9261 0.0601
vn -0.4266 -0.9035 0.0417
vn -0.2720 -0.9539 -0.1271
vn -0.2885 -0.9289 -0.2324
vn -0.6138 -0.7106 -0.3439
vn -0.5531 -0.7714 0.3147
vn -0.6120 -0.0036 0.7909
vn 0.1537 0.3166 0.9360
vn 0.8980 0.4199 0.1314
vn 0.9246 0.3760 0.0606
vn 0.2853 0.2906 0.9133
vn 0.8654 0.3496 -0.3589
vn 0.8251 0.3964 -0.4027
vn 0.8634 0.2873 -0.4147
vn 0.8305 0.3070 -0.4648
vn 0.8323 0.2898 -0.4726
vn 0.8334 0.3213 -0.4497
vn 0.8249 0.2970 -0.4810
vn 0.6807 0.2290 -0.6958
vn 0.2542 0.3210 0.9123
vn 0.0015 0.2074 0.9783
vn -0.0500 0.0614 0.9969
vn 0.1610 0.1107 0.9807
vn 0.3447 0.2961 0.8908
vn 0.9470 0.0611 0.3153
vn 0.9434 -0.0575 0.3267
vn -0.4259 -0.3352 -0.8404
vn 0.0534 -0.3375 -0.9398
vn 0.1241 -0.4269 -0.8957
vn -0.4078 -0.4226 -0.8094
vn 0.9684 -0.2426 0.0577
vn 0.9745 -0.1473 0.1693
vn 0.8612 -0.4861 0.1486
vn 0.8288 -0.4698 0.3041
vn 0.8613 -0.4414 0.2516
vn 0.2077 0.9035 0.3749
vn 0.1296 0.9430 0.3065
vn 0.0365 0.9033 0.4275
vn 0.1164 0.8659 0.4866
vn 0.0804 -0.9838 0.1599
vn -0.0065 -0.9969 0.0784
vn 0.3213 -0.9459 -0.0465
vn 0.2681 -0.9606 -0.0730
vn 0.4979 -0.8426 -0.2055
vn 0.5258 -0.8221 -0.2183
vn 0.3868 -0.9154 -0.1109
vn 0.0803 -0.9342 0.3476
vn 0.3168 -0.0908 -0.9441
vn 0.7331 0.2807 -0.6194
vn 0.7095 0.1867 0.6795
vn 0.4927 0.3309 0.8048
vn 0.5765 0.2329 0.7832
vn 0.2159 0.0239 -0.9761
vn -0.3607 -0.4907 -0.7932
vn -0.5685 -0.3779 -0.7307
vn 0.0711 -0.7924 -0.6059
vn 0.1384 0.0612 -0.9885
vn -0.6495 -0.3264 -0.6867
vn -0.7770 -0.6279 -0.0455
vn -0.8749 -0.4842 -0.0142
vn -0.4319 -0.8942 -0.1177
vn -0.8979 -0.4396 0.0245
vn 0.6661 -0.7178 -0.2027
vn 0.8749 -0.4465 -0.1877
vn 0.8082 -0.5604 -0.1809
vn 0.8687 -0.4324 -0.2416
vn 0.7439 -0.5257 -0.4126
vn 0.6121 -0.7358 -0.2898
vn -0.0110 -0.9527 0.3039
vn 0.0886 -0.9780 0.1887
vn 0.2240 -0.9698 0.0960
vn 0.2089 -0.9697 0.1268
vn 0.1686 -0.9812 0.0936
vn 0.0259 -0.9843 0.1744
vn -0.6144 -0.3482 0.7080
vn -0.5919 -0.1787 0.7859
vn -0.7512 0.0921 0.6536
vn -0.9657 -0.2577 0.0308
vn -0.9464 -0.3227 0.0163
vn -0.6533 -0.7178 0.2408
vn -0.3785 -0.9233 0.0658
vn -0.4334 -0.9010 0.0178
vn -0.6777 -0.7103 0.1903
vn 0.6811 0.2654 -0.6824
vn 0.6904 0.1690 -0.7034
vn 0.7441 0.0652 -0.6648
vn 0.7291 0.1880 -0.6580
vn -0.5991 -0.3795 -0.7050
vn -0.4809 -0.3422 -0.8072
vn -0.4605 -0.4125 -0.7860
vn 0.0464 -0.0493 -0.9977
vn -0.6928 0.3834 -0.6108
vn -0.6120 0.3969 -0.6840
vn -0.6067 0.2936 -0.7387
vn -0.6920 0.2849 -0.6633
vn -0.7565 0.2648 -0.5980
vn -0.7515 0.3645 -0.5499
vn -0.9632 0.1847 0.1955
vn -0.6815 0.6942 0.2316
vn -0.9182 0.1672 0.3592
vn -0.9760 0.2133 0.0449
vn -0.6941 0.7062 0.1399
vn -0.9959 -0.0893 -0.0111
vn -0.9796 -0.1386 0.1458
vn -0.9307 -0.2058 0.3025
vn -0.9728 -0.2262 -0.0510
vn -0.9549 -0.2829 0.0897
vn -0.9057 -0.3671 0.2121
vn -0.8854 -0.2718 0.3771
vn -0.8489 -0.4571 0.2654
vn -0.7005 -0.3877 -0.5991
vn -0.7703 -0.3998 -0.4967
vn -0.6999 -0.6557 -0.2832
vn -0.7369 -0.6430 -0.2088
vn -0.8059 -0.5043 -0.3102
vn -0.6095 -0.4676 -0.6402
vn -0.6764 -0.4169 0.6072
vn -0.6494 -0.5571 0.5176
vn -0.7141 -0.6969 0.0665
vn -0.7556 -0.6481 0.0951
vn -0.8412 -0.5315 0.0995
vn -0.7539 -0.6340 -0.1720
vn -0.7751 -0.6281 -0.0688
vn -0.7937 -0.6081 0.0150
vn -0.8589 -0.5008 -0.1076
vn -0.8382 -0.5168 -0.1741
vn -0.8267 -0.4967 -0.2644
vn 0.3688 0.3732 -0.8513
vn 0.4127 0.4261 -0.8051
vn 0.2771 0.7280 -0.6271
vn 0.2644 0.6533 -0.7094
vn 0.2092 0.5728 -0.7926
vn 0.2858 0.3426 -0.8950
vn -0.9756 -0.0407 -0.2158
vn -0.7258 0.1937 -0.6600
vn 0.1770 -0.9474 -0.2667
vn 0.1158 -0.9436 -0.3101
vn 0.8106 0.2725 0.5183
vn 0.8248 0.1770 0.5371
vn 0.8437 0.2399 0.4802
vn 0.8925 0.1408 0.4286
vn 0.9098 0.1278 0.3949
vn 0.7912 0.4378 0.4270
vn -0.1153 -0.8892 0.4428
vn -0.2624 -0.4128 0.8722
vn -0.3282 -0.3713 0.8686
vn 0.6045 0.2936 0.7405
vn 0.6048 0.3563 0.7122
vn 0.3198 0.2339 0.9181
vn 0.3683 0.1636 0.9152
vn 0.9050 0.1441 -0.4004
vn 0.7355 0.1432 -0.6622
vn 0.4562 0.4748 -0.7526
vn 0.6318 0.4682 -0.6178
vn 0.8968 -0.0139 -0.4421
vn 0.2984 -0.6676 -0.6821
vn 0.3831 -0.7592 -0.5262
vn 0.2492 -0.8256 -0.5062
vn 0.1225 -0.7386 -0.6630
vn 0.2361 -0.2667 0.9344
vn 0.0867 -0.3615 0.9283
vn 0.0375 -0.4010 0.9153
vn 0.6917 -0.0783 0.7179
vn 0.6720 -0.0324 0.7398
vn 0.6846 0.0780 0.7247
vn 0.3943 -0.1160 0.9116
vn -0.6192 -0.7539 -0.2194
vn -0.8187 -0.5723 -0.0466
vn -0.8275 -0.5325 -0.1783
vn -0.9297 -0.3521 -0.1080
vn -0.9119 -0.4098 0.0243
vn -0.6238 -0.7710 -0.1281
vn -0.0591 -0.9659 -0.2521
vn -0.0407 -0.1037 0.9938
vn -0.0891 -0.1682 0.9817
vn -0.1215 -0.2386 0.9635
vn -0.3448 -0.3361 0.8765
vn -0.3584 -0.3011 0.8837
vn -0.3648 -0.2797 0.8881
vn -0.0049 -0.0685 0.9976
vn -0.9677 -0.1781 -0.1785
vn 0.1061 -0.9745 -0.1976
vn 0.1697 -0.9398 -0.2965
vn -0.6737 -0.3461 0.6529
vn -0.6940 -0.4076 0.5936
vn -0.5375 -0.4444 0.7167
vn -0.5278 -0.3919 0.7535
vn -0.5102 -0.3264 0.7957
vn -0.6393 -0.2650 0.7219
vn 0.5247 0.2807 -0.8037
vn 0.5713 0.3976 -0.7180
vn 0.6671 0.3380 -0.6639
vn 0.6316 0.2564 -0.7317
vn 0.6028 0.7978 0.0100
vn 0.1722 0.8992 -0.4023
vn 0.2457 0.9269 -0.2836
vn 0.4258 0.8122 -0.3988
vn 0.7302 0.2683 0.6284
vn -0.7499 -0.2913 -0.5940
vn -0.7696 -0.2847 -0.5716
vn -0.6727 -0.2059 -0.7107
vn -0.6403 -0.1685 -0.7494
vn -0.5825 -0.2401 -0.7766
vn -0.7105 -0.4239 -0.5617
vn -0.5539 0.3238 -0.7670
vn -0.4391 0.3135 -0.8419
vn -0.3461 0.3221 -0.8812
vn -0.6397 0.2896 -0.7120
vn -0.6106 0.2887 -0.7375
vn -0.7679 0.2555 -0.5874
vn -0.7463 0.2498 -0.6169
vn -0.7111 0.2613 -0.6527
vn -0.8304 0.4595 -0.3151
vn -0.6968 0.6231 -0.3552
vn -0.5628 0.6763 -0.4752
vn 0.9534 0.1279 0.2731
vn 0.9496 0.1546 0.2728
vn 0.8342 0.0780 0.5459
vn 0.8284 0.0080 0.5601
vn 0.9354 0.1476 0.3212
vn -0.1510 0.0928 -0.9842
vn -0.5302 -0.2594 -0.8072
vn 0.2843 -0.0648 -0.9566
vn 0.0404 -0.4636 -0.8851
vn 0.0033 -0.5101 -0.8601
vn 0.0507 -0.7029 -0.7095
vn 0.0851 -0.2762 -0.9573
vn 0.0451 -0.1874 -0.9812
vn -0.2041 -0.3500 -0.9142
vn 0.6903 0.2683 0.6719
vn 0.6894 0.3538 0.6321
vn 0.3497 0.3023 0.8868
vn 0.3575 0.2432 0.9017
vn 0.3852 0.1357 0.9128
vn -0.4600 -0.1436 0.8762
vn -0.4688 -0.1896 0.8627
vn -0.4789 -0.2488 0.8419
vn -0.3803 -0.3489 0.8565
vn -0.3815 -0.2301 0.8953
vn 0.2189 -0.9310 -0.2920
vn -0.3412 -0.9318 0.1240
vn 0.8342 0.2504 0.4914
vn 0.7514 0.2328 0.6174
vn 0.7577 0.4605 0.4625
vn -0.6947 -0.6376 0.3330
vn -0.8109 -0.4815 0.3325
vn -0.8729 -0.4708 0.1282
vn -0.8243 -0.5351 0.1848
vn -0.1936 0.9533 0.2319
vn -0.1872 0.9455 0.2664
vn -0.1879 0.9226 0.3369
vn -0.2528 0.9099 -0.3290
vn -0.1633 0.9334 -0.3196
vn -0.0768 0.9601 -0.2690
vn 0.5545 -0.8045 0.2128
vn 0.5032 -0.8154 0.2864
vn 0.3592 -0.8473 0.3912
vn 0.3627 -0.8882 0.2821
vn 0.4878 -0.8114 0.3220
vn 0.0078 0.5823 -0.8129
vn 0.1847 0.5033 -0.8441
vn 0.3051 0.6020 -0.7379
vn 0.1762 0.7656 -0.6187
vn -0.4669 0.8843 0.0013
vn -0.7781 0.5851 -0.2286
vn 0.4709 0.6996 -0.5374
vn 0.3289 0.8677 -0.3726
vn -0.2104 0.9248 0.3170
vn 0.4658 0.8385 -0.2828
vn 0.6027 0.6295 -0.4904
vn 0.6827 0.6731 0.2843
vn 0.4133 0.8338 0.3660
vn 0.0704 0.1381 0.9879
vn -0.0504 0.3208 0.9458
vn 0.1669 0.8596 0.4830
vn -0.1514 0.4207 0.8945
vn -0.4239 -0.4163 0.8044
vn -0.4512 -0.8446 0.2883
vn 0.5383 0.5142 -0.6677
vn 0.6223 0.4685 -0.6270
vn 0.5883 0.7673 -0.2552
vn 0.4386 0.5744 -0.6912
vn 0.4640 0.4997 -0.7315
vn 0.3877 0.5590 -0.7329
vn -0.6015 0.0890 0.7939
vn 0.0792 -0.0545 0.9954
vn -0.1693 0.3452 0.9231
vn 0.0273 0.8017 0.5971
vn -0.6791 0.6649 0.3111
vn 0.7852 0.4269 0.4486
vn -0.6143 0.7784 0.1296
vn -0.5122 0.4853 0.7086
vn -0.0600 0.7634 0.6431
vn -0.1876 0.9778 -0.0936
vn -0.8567 0.4959 -0.1424
vn -0.8924 -0.0577 0.4476
vn -0.3592 0.7439 -0.5636
vn 0.3084 0.8894 -0.3375
vn 0.6478 0.5732 -0.5018
vn 0.3229 0.5590 -0.7637
vn 0.3584 0.4372 -0.8249
vn -0.5512 0.0303 0.8338
vn -0.5323 -0.3229 0.7826
vn 0.1160 -0.2127 0.9702
vn 0.1126 -0.1192 0.9865
vn 0.1210 0.2035 0.9716
vn -0.1545 0.7684 -0.6211
vn 0.1478 0.4892 -0.8595
vn -0.2413 -0.2866 0.9272
vn -0.4686 -0.2772 0.8388
vn -0.7196 -0.0991 0.6873
vn -0.7593 -0.1132 0.6408
vn -0.2881 0.1628 -0.9437
vn 0.3239 0.2825 -0.9029
vn -0.3701 -0.3895 -0.8434
vn -0.1446 0.5114 -0.8471
vn -0.9324 0.3593 0.0393
vn -0.7007 -0.6684 0.2494
vn -0.7363 -0.6555 0.1679
vn -0.6850 -0.7114 0.1572
vn -0.6117 -0.7782 0.1419
vn -0.6070 -0.7725 0.1867
vn -0.6465 -0.7227 0.2444
vn 0.2736 0.2574 0.9268
vn 0.3093 0.1871 0.9324
vn 0.4172 0.0918 0.9042
vn 0.4853 0.2041 0.8502
vn 0.5020 0.2384 0.8313
vn 0.3379 0.2223 0.9146
vn 0.8340 0.2589 0.4872
vn 0.5918 0.1926 0.7828
vn 0.6421 0.1125 0.7583
vn 0.7455 -0.1308 0.6535
vn 0.9466 -0.0588 0.3169
vn 0.8592 0.2255 0.4592
vn -0.9069 -0.4098 0.0981
vn -0.6620 -0.3103 0.6822
vn -0.7232 0.5598 0.4045
vn -0.6564 0.6053 0.4502
vn -0.6008 0.7086 0.3700
vn -0.6485 0.6847 0.3327
vn -0.6818 0.6657 0.3034
vn -0.2938 -0.2689 0.9173
vn 0.8103 0.3525 0.4681
vn 0.8918 0.4409 0.1018
vn 0.8604 0.5094 0.0102
vn 0.7907 0.6084 -0.0678
vn 0.7812 0.4891 0.3879
vn 0.2157 0.2203 0.9513
vn 0.1033 0.3168 0.9429
vn -0.0091 0.2510 0.9679
vn 0.0989 0.1883 0.9771
vn 0.5801 -0.1142 -0.8065
vn 0.5962 -0.2185 -0.7725
vn 0.4995 -0.2575 -0.8271
vn 0.4679 -0.1430 -0.8721
vn 0.6250 0.3990 -0.6710
vn 0.5835 0.4198 -0.6952
vn 0.6170 0.4768 -0.6261
vn 0.9025 0.2900 0.3186
vn 0.9392 0.2993 0.1682
vn 0.9327 0.3488 0.0921
vn 0.9029 0.4187 -0.0971
vn 0.4277 0.8448 0.3214
vn 0.2381 0.7968 0.5553
vn 0.3284 0.8242 0.4613
vn 0.5430 0.8105 0.2198
vn 0.0875 0.7304 0.6773
vn 0.0510 0.7203 0.6917
vn 0.1775 0.8605 0.4775
vn -0.9304 -0.1741 -0.3227
vn -0.9939 -0.1027 -0.0392
vn -0.9732 -0.2226 -0.0571
vn -0.9483 -0.3171 -0.0128
vn -0.8816 -0.3286 -0.3388
vn 0.7158 0.5585 -0.4192
vn 0.6960 0.5379 -0.4757
vn 0.2968 0.9355 -0.1916
vn 0.3351 0.9333 -0.1294
vn 0.3025 0.9405 -0.1547
vn 0.2122 0.9495 -0.2313
vn 0.7587 0.5407 -0.3633
vn 0.4504 0.5286 -0.7195
vn 0.3663 0.6847 -0.6302
vn 0.2921 0.4261 -0.8562
vn 0.9494 0.1817 -0.2560
vn 0.9278 0.0795 -0.3644
vn 0.2825 0.3405 -0.8968
vn 0.1851 0.3985 -0.8983
vn 0.9349 0.2654 -0.2358
vn 0.2552 0.2110 -0.9436
vn 0.3212 0.2855 -0.9030
vn 0.2983 0.0728 -0.9517
vn 0.3004 0.0123 -0.9537
vn 0.4486 0.7215 0.5275
vn 0.3609 0.8006 0.4782
vn 0.2663 0.7664 0.5846
vn 0.3583 0.6840 0.6355
vn -0.8162 -0.2479 -0.5220
vn -0.6650 -0.3292 -0.6704
vn -0.7810 -0.2710 -0.5627
vn 0.1451 -0.1072 0.9836
vn -0.0257 0.0105 0.9996
vn 0.0768 -0.0946 0.9925
vn 0.2129 -0.1534 0.9650
vn -0.2054 0.1942 0.9592
vn -0.0821 0.0214 0.9964
vn 0.7761 0.0337 -0.6297
vn 0.6708 0.4132 0.6159
vn 0.7020 0.2909 0.6500
vn 0.6140 -0.2549 -0.7470
vn 0.0880 -0.0782 0.9930
vn 0.2000 -0.0416 0.9789
vn 0.6387 0.2622 -0.7234
vn 0.5591 0.3709 -0.7415
vn 0.9401 0.2778 0.1975
vn 0.7006 0.2073 -0.6827
vn 0.9469 0.2787 -0.1605
vn 0.0851 0.0047 0.9964
vn 0.0536 -0.1259 0.9906
vn 0.1453 0.0031 0.9894
vn 0.1681 0.1289 0.9773
vn -0.0299 -0.1542 0.9876
vn -0.0671 -0.2424 0.9679
vn -0.1031 0.0722 -0.9920
vn -0.3000 0.2291 -0.9260
vn -0.7236 -0.1508 -0.6735
vn -0.5866 -0.1267 -0.7999
vn -0.4239 -0.1986 -0.8837
vn -0.3503 -0.1131 -0.9298
vn 0.0462 -0.3600 0.9318
vn 0.1703 -0.2687 0.9481
vn -0.0768 -0.4263 0.9013
vn 0.2992 -0.1780 0.9374
vn 0.2197 0.0995 0.9705
vn 0.4595 -0.1218 0.8798
vn 0.3285 0.1492 0.9327
vn 0.2459 -0.9025 0.3535
vn 0.3742 -0.8393 0.3945
vn 0.6106 -0.0881 0.7870
vn 0.3471 0.4449 0.8256
vn 0.4189 0.4683 0.7779
vn 0.3250 0.5667 0.7572
vn 0.1557 0.4596 0.8744
vn 0.2250 0.3869 0.8942
vn -0.5018 -0.2628 -0.8241
vn -0.5702 -0.0071 -0.8215
vn -0.8258 -0.4055 0.3919
vn -0.8437 -0.4429 0.3033
vn -0.9169 -0.3797 0.1227
vn -0.8059 -0.4967 0.3222
vn -0.6704 -0.4746 0.5704
vn -0.5991 0.4568 -0.6576
vn -0.5853 0.2086 -0.7835
vn -0.4712 0.8577 -0.2058
vn 0.0555 0.8563 0.5135
vn -0.0574 0.8717 0.4867
vn 0.4335 0.1243 0.8925
vn 0.5677 0.1456 0.8102
vn -0.1534 0.8937 0.4217
vn 0.2605 0.1465 0.9543
vn 0.1170 0.2364 0.9646
vn 0.2593 -0.1683 0.9510
vn 0.3709 -0.1794 0.9112
vn -0.0109 0.3593 0.9332
vn -0.1674 0.4702 0.8665
vn 0.0176 0.9833 0.1810
vn -0.0729 0.8813 0.4670
vn -0.2984 0.7820 0.5472
vn -0.3625 0.6804 0.6369
vn -0.3101 0.5669 0.7632
vn -0.3068 0.4390 0.8445
vn -0.2530 0.6420 0.7237
vn -0.2728 0.3168 0.9084
vn -0.2242 0.1778 0.9582
vn 0.0745 0.9427 -0.3251
vn 0.1487 0.9691 -0.1966
vn -0.2367 -0.1313 0.9627
vn -0.0612 -0.1096 0.9921
vn 0.3159 0.0726 -0.9460
vn 0.3361 0.1398 -0.9314
vn 0.3718 0.0669 -0.9259
vn -0.1858 -0.2900 0.9388
vn -0.1743 -0.4389 0.8814
vn -0.0623 -0.9096 0.4108
vn -0.0003 -0.9277 0.3733
vn 0.1102 -0.9308 0.3486
vn 0.1343 -0.8165 -0.5616
vn 0.1377 -0.8206 -0.5547
vn 0.1340 -0.8376 -0.5297
vn 0.1262 -0.8575 -0.4989
vn -0.0965 -0.5207 -0.8483
vn -0.2057 -0.5927 -0.7787
vn -0.2865 -0.6459 -0.7077
vn -0.2294 -0.2110 -0.9502
vn -0.3877 -0.2390 -0.8903
vn -0.2599 0.0269 -0.9653
vn -0.4348 0.0158 -0.9004
vn 0.5295 -0.5892 -0.6103
vn 0.6801 -0.5184 -0.5183
vn 0.4124 -0.8654 -0.2845
vn 0.3306 -0.8748 -0.3541
vn 0.3694 -0.6292 -0.6838
vn -0.3286 0.5454 -0.7711
vn -0.4770 0.4990 -0.7235
vn -0.4399 0.2448 -0.8640
vn -0.2735 0.2849 -0.9187
vn -0.3395 0.8930 -0.2956
vn -0.4159 0.8754 -0.2462
vn 0.2248 -0.7426 0.6309
vn 0.2769 -0.8299 0.4844
vn 0.3778 -0.7682 0.5169
vn 0.3312 -0.7577 0.5623
vn 0.3079 -0.8241 0.4755
vn 0.1544 -0.8694 0.4694
vn -0.6337 -0.7705 -0.0688
vn -0.6844 -0.6174 0.3879
vn -0.8435 -0.5196 0.1362
vn -0.8047 -0.5716 -0.1605
vn -0.7701 -0.4915 -0.4066
vn -0.5701 -0.8043 -0.1675
vn 0.2561 0.9666 0.0072
vn 0.9249 -0.1135 0.3628
vn 0.9400 -0.2174 0.2628
vn 0.8860 -0.1330 0.4443
vn -0.0580 0.7653 0.6410
vn 0.1169 0.9547 -0.2736
vn 0.2488 0.8719 -0.4218
vn 0.2944 -0.1820 -0.9382
vn 0.2401 -0.1667 -0.9563
vn 0.2243 -0.4632 -0.8574
vn 0.2663 -0.4872 -0.8317
vn 0.3075 -0.5549 -0.7730
vn 0.3525 -0.2336 -0.9062
vn 0.4044 -0.2282 -0.8857
vn 0.3724 -0.0766 -0.9249
vn 0.3109 -0.0812 -0.9470
vn 0.1394 -0.9059 -0.3998
vn 0.0820 -0.8576 -0.5077
vn -0.0077 -0.8141 -0.5807
vn -0.4480 -0.4551 -0.7696
vn 0.7542 0.6349 0.1675
vn 0.6469 0.5686 0.5082
vn 0.6642 0.5090 0.5475
vn 0.6864 0.4302 0.5864
vn 0.8060 0.5438 0.2336
vn -0.2729 -0.4893 -0.8283
vn 0.3607 0.1276 -0.9239
vn 0.6567 0.4418 -0.6112
vn 0.5919 0.8058 0.0195
vn 0.6483 0.5422 -0.5345
vn 0.3891 0.0617 -0.9191
vn 0.4663 0.7437 -0.4791
vn 0.0549 0.7108 -0.7013
vn 0.1558 0.9298 -0.3335
vn 0.2271 -0.2174 0.9493
vn 0.1996 -0.1119 0.9735
vn 0.1524 -0.1416 0.9781
vn 0.3726 -0.0620 0.9259
vn 0.3732 -0.0370 0.9270
vn 0.5398 -0.3125 -0.7817
vn 0.5369 -0.1313 -0.8333
vn 0.9874 -0.0285 -0.1554
vn 0.9718 -0.1891 -0.1407
vn 0.5414 -0.3599 -0.7598
vn -0.6394 -0.7632 -0.0937
vn -0.6693 -0.7429 -0.0127
vn -0.6436 -0.6415 0.4176
vn -0.6749 -0.6770 0.2936
vn -0.6586 -0.7321 -0.1737
vn -0.7526 -0.6298 0.1922
vn -0.6055 -0.3749 0.7020
vn -0.3271 0.1951 0.9246
vn -0.3873 0.3003 0.8717
vn -0.7376 -0.2634 0.6218
vn -0.8729 -0.4835 0.0653
vn -0.7518 -0.6037 -0.2651
vn -0.1109 0.5233 0.8449
vn -0.0712 0.5943 0.8011
vn 0.6998 -0.7115 0.0631
vn 0.6673 -0.7417 0.0673
vn 0.5698 -0.7637 0.3036
vn 0.5662 -0.8132 0.1350
vn 0.6785 -0.7342 0.0218
vn -0.3923 0.0695 0.9172
vn -0.2252 0.4612 0.8583
vn -0.4815 -0.0716 0.8735
vn -0.3391 0.4132 0.8451
vn -0.0375 0.8390 0.5429
vn 0.0145 0.7723 0.6351
vn -0.5048 0.3687 0.7805
vn 0.4182 0.9082 -0.0179
vn 0.3913 0.8837 0.2567
vn -0.6834 0.3059 0.6629
vn -0.5019 -0.1763 0.8468
vn -0.5178 -0.2111 0.8290
vn -0.5273 -0.2680 0.8063
vn -0.8148 0.0759 0.5747
vn -0.9279 0.2929 -0.2309
vn 0.3769 -0.9200 -0.1079
vn 0.4539 -0.8002 -0.3920
vn 0.5389 -0.7691 -0.3435
vn 0.6950 -0.6477 -0.3122
vn 0.3183 -0.9473 -0.0362
vn 0.3502 -0.9225 -0.1622
vn 0.9315 0.3637 0.0044
vn 0.4659 0.1000 0.8791
vn 0.3727 -0.0330 0.9273
vn 0.6397 0.2482 0.7274
vn 0.3124 -0.1410 0.9394
vn 0.1622 -0.1416 0.9766
vn 0.3659 -0.2365 -0.9001
vn 0.1460 -0.0530 -0.9879
vn 0.4642 -0.0755 -0.8825
vn 0.7294 -0.1891 -0.6574
vn 0.6695 -0.2963 -0.6812
vn -0.4182 0.9083 0.0011
vn -0.5210 0.8438 0.1285
vn -0.4259 0.8748 0.2309
vn -0.3234 0.9405 0.1044
vn 0.1107 0.8190 -0.5631
vn 0.4967 0.4437 -0.7459
vn 0.4749 0.3920 -0.7879
vn -0.2793 -0.0935 -0.9556
vn -0.3729 -0.2916 -0.8809
vn -0.5548 -0.3972 -0.7311
vn -0.5688 -0.2346 -0.7883
vn -0.5043 -0.1218 -0.8549
vn -0.3594 -0.0488 -0.9319
vn 0.6309 0.5697 -0.5267
vn 0.7479 0.5885 0.3070
vn 0.0855 0.0434 0.9954
vn 0.7555 0.5071 0.4149
vn 0.0406 -0.0324 0.9987
vn -0.3327 -0.2039 0.9207
vn -0.3962 -0.1554 0.9049
vn 0.8262 0.0178 0.5631
vn 0.8174 0.1230 0.5628
vn -0.3803 -0.4461 0.8102
vn -0.3584 -0.4688 0.8073
vn -0.4474 -0.3942 0.8028
vn -0.3133 -0.3230 0.8930
vn -0.2987 -0.3567 0.8852
vn -0.3221 -0.3291 0.8877
vn -0.3174 -0.3995 0.8601
vn 0.3503 0.3110 0.8835
vn 0.3123 0.4116 0.8562
vn 0.5368 0.0440 0.8426
vn 0.3564 0.1377 0.9241
vn 0.2539 0.2796 0.9260
vn 0.8396 0.4970 -0.2192
vn 0.8027 0.3011 -0.5148
vn 0.9272 0.3090 -0.2116
vn 0.9110 0.3810 -0.1581
vn -0.5150 -0.7424 -0.4285
vn -0.6634 -0.5512 -0.5060
vn -0.8172 -0.5345 -0.2157
vn -0.7792 -0.5977 -0.1887
vn -0.4595 -0.8465 -0.2688
vn -0.0877 -0.8815 -0.4640
vn -0.8742 -0.4722 0.1134
vn -0.7415 -0.6486 0.1714
vn -0.5109 -0.3223 0.7969
vn -0.5688 -0.2485 0.7840
vn -0.5523 -0.6199 -0.5574
vn -0.2456 -0.9271 -0.2832
vn -0.9124 -0.3988 0.0917
vn 0.0939 -0.2335 -0.9678
vn 0.1908 -0.6360 -0.7477
vn 0.8251 0.4802 0.2978
vn 0.7944 0.4061 0.4517
vn 0.7816 0.3966 0.4814
vn 0.8479 0.4064 0.3405
vn 0.2125 -0.9742 0.0758
vn 0.0366 -0.9988 0.0319
vn 0.1017 -0.9915 -0.0812
vn 0.2824 -0.9540 -0.1007
vn 0.2590 -0.9648 -0.0447
vn 0.9291 0.2991 -0.2173
vn 0.8894 0.4565 -0.0224
vn 0.7058 0.4984 0.5034
vn 0.6436 0.3698 0.6701
vn 0.9134 0.3545 0.2001
vn -0.3189 0.1624 -0.9338
vn -0.3377 0.0753 -0.9382
vn -0.5197 -0.0652 -0.8519
vn -0.7849 -0.6094 0.1121
vn -0.2136 -0.4533 -0.8654
vn -0.3411 -0.3244 -0.8823
vn -0.8376 -0.5416 0.0709
vn -0.0341 0.6137 -0.7888
vn 0.1273 0.6496 -0.7495
vn -0.1833 0.5794 -0.7941
vn -0.1165 0.3163 -0.9415
vn 0.0467 0.3349 -0.9411
vn 0.2215 0.3261 -0.9190
vn 0.0569 0.1835 -0.9814
vn 0.2069 0.1465 -0.9673
vn -0.0949 0.1783 -0.9794
vn -0.8798 -0.4637 -0.1047
vn -0.9121 -0.4098 -0.0103
vn -0.7488 -0.1244 -0.6510
vn -0.6975 -0.2584 -0.6684
vn -0.6950 -0.3332 -0.6371
vn -0.8512 -0.4398 -0.2864
vn 0.0326 -0.1028 0.9942
vn -0.1180 -0.2126 0.9700
vn 0.0205 0.0207 -0.9996
vn 0.0051 0.1166 -0.9932
vn 0.6911 0.2543 -0.6766
vn 0.6855 0.1016 -0.7209
vn 0.6834 0.0159 -0.7299
vn -0.0393 -0.0756 -0.9964
vn 0.9549 0.2450 0.1675
vn 0.9913 0.0154 0.1303
vn 0.8822 -0.1601 -0.4429
vn 0.8725 0.0325 -0.4875
vn -0.1894 -0.9288 -0.3186
vn -0.2497 -0.9147 -0.3176
vn -0.0348 -0.9528 -0.3015
vn 0.1375 -0.9140 -0.3818
vn 0.1465 -0.8996 -0.4115
vn 0.1434 -0.8719 -0.4683
vn 0.7771 0.2679 -0.5696
vn 0.7912 0.3060 -0.5295
vn -0.1306 -0.9610 0.2437
vn -0.8998 0.1025 -0.4242
vn -0.9115 -0.0163 -0.4109
vn -0.9826 -0.0148 0.1852
vn -0.9697 0.1279 0.2081
vn -0.9511 0.1887 0.2446
vn -0.9042 0.1714 -0.3913
vn 0.4134 0.3112 -0.8557
vn 0.4467 0.3843 -0.8079
vn 0.4767 0.4576 -0.7506
vn -0.9128 0.2038 0.3538
vn -0.8696 0.1456 0.4719
vn -0.7516 -0.5947 0.2852
vn -0.7772 -0.4658 0.4231
vn -0.7553 -0.3953 0.5227
vn -0.8979 0.2314 0.3744
vn 0.0122 -0.4623 -0.8867
vn -0.0903 0.0348 -0.9953
vn -0.0677 -0.1820 -0.9810
vn 0.0671 -0.1633 -0.9843
vn 0.0540 0.0358 -0.9979
vn 0.0997 -0.4368 -0.8940
vn -0.8012 -0.1224 0.5858
vn -0.8584 -0.0763 0.5073
vn -0.5095 -0.1127 0.8530
vn -0.5164 -0.0461 0.8551
vn -0.7366 -0.1971 0.6470
vn -0.2574 0.1582 -0.9533
vn -0.5527 -0.4139 0.7233
vn 0.6757 0.4952 -0.5461
vn 0.6273 0.5836 -0.5156
vn -0.2277 0.4152 0.8808
vn 0.4801 0.1785 0.8589
vn 0.2861 0.2293 0.9303
vn 0.4050 0.0360 0.9136
vn 0.3203 -0.0280 0.9469
vn 0.2136 0.1771 0.9607
vn -0.8419 -0.2037 -0.4997
vn -0.9454 -0.2432 -0.2171
vn 0.9136 -0.2144 -0.3454
vn 0.9533 -0.1303 -0.2725
vn 0.7569 -0.1352 -0.6394
vn 0.7480 -0.4967 -0.4402
vn 0.8079 -0.5333 -0.2509
vn 0.0414 0.9127 -0.4064
vn -0.0309 0.9716 -0.2345
vn 0.5847 -0.1860 -0.7896
vn 0.6343 -0.1644 -0.7554
vn 0.8053 -0.1892 -0.5619
vn 0.6936 -0.3149 -0.6479
vn 0.5334 -0.2900 -0.7946
vn 0.6133 -0.4278 -0.6639
vn 0.6760 -0.3584 -0.6438
vn 0.4245 -0.5793 -0.6958
vn 0.4535 -0.1073 -0.8848
vn 0.1765 0.0136 -0.9842
vn 0.2595 -0.0345 -0.9651
vn 0.6535 -0.5358 0.5346
vn 0.6492 -0.6881 0.3242
vn 0.4908 -0.8230 0.2858
vn 0.0236 -0.8594 0.5108
vn 0.4014 -0.8683 -0.2914
vn -0.0684 -0.4250 0.9026
vn 0.1224 0.4573 0.8809
vn -0.7216 0.1836 0.6675
vn -0.6835 0.0553 0.7278
vn 0.0873 0.2581 0.9622
vn -0.4225 -0.0750 0.9033
vn -0.3351 -0.2873 0.8973
vn -0.3596 -0.2377 0.9023
vn -0.3330 -0.2743 0.9022
vn -0.3584 -0.2237 0.9064
vn -0.3690 -0.2882 0.8836
vn -0.4218 -0.2568 0.8696
vn -0.4200 -0.1246 0.8989
vn 0.3830 0.3343 0.8612
vn 0.2588 0.2619 0.9298
vn 0.0243 0.4154 0.9093
vn 0.2166 0.5316 0.8188
vn 0.2503 0.4390 0.8629
vn 0.2133 0.3306 0.9194
vn 0.3043 0.4145 0.8577
vn 0.4207 0.4852 0.7665
vn 0.3914 0.4614 0.7962
vn -0.6979 0.2124 -0.6840
vn -0.5036 0.2805 -0.8171
vn 0.7543 -0.6565 0.0008
vn 0.8275 -0.5615 0.0075
vn 0.3801 -0.9240 -0.0422
vn 0.4005 -0.9025 -0.1584
vn 0.3734 -0.9215 0.1068
vn 0.2148 -0.8088 -0.5474
vn 0.3652 -0.5745 -0.7325
vn 0.1284 -0.6283 0.7673
vn 0.0385 -0.5974 0.8011
vn -0.0822 -0.5033 0.8602
vn 0.0138 -0.4770 0.8788
vn 0.2435 0.5020 -0.8299
vn 0.9154 -0.2163 0.3395
vn 0.9405 -0.2601 0.2187
vn 0.8533 -0.5175 0.0639
vn 0.8553 -0.5057 0.1129
vn 0.8299 -0.5298 0.1748
vn 0.4963 -0.4780 0.7247
vn -0.1926 -0.4189 0.8874
vn 0.0414 -0.9621 0.2697
vn 0.2050 -0.9710 0.1231
vn 0.1747 -0.9765 0.1259
vn 0.6962 -0.4856 0.5287
vn -0.5451 -0.5212 0.6567
vn -0.8548 -0.0066 0.5190
vn -0.8311 -0.4769 0.2860
vn -0.7947 -0.5326 0.2911
vn -0.7835 -0.5576 0.2743
vn -0.4180 -0.5837 0.6961
vn -0.4810 -0.5552 0.6785
vn -0.1976 0.9802 -0.0113
vn -0.2918 0.9496 -0.1146
vn 0.8493 0.4669 -0.2463
vn 0.6747 0.5088 -0.5347
vn 0.7328 0.3977 0.5521
vn 0.8099 -0.1130 -0.5756
vn 0.9114 -0.4115 -0.0018
vn 0.3737 -0.5086 -0.7757
vn 0.2498 -0.2288 -0.9409
vn 0.3202 -0.8620 -0.3929
vn -0.1558 -0.7566 -0.6351
vn 0.0290 -0.9988 0.0388
vn 0.4297 -0.6669 0.6088
vn -0.5425 -0.5558 0.6299
vn -0.5078 -0.8286 -0.2357
vn 0.2289 -0.9698 -0.0845
vn 0.6497 -0.6216 0.4376
vn -0.2956 -0.8312 -0.4709
vn -0.1256 -0.1863 0.9744
vn 0.5672 0.0041 0.8236
vn 0.6532 0.6454 0.3959
vn 0.6938 0.5627 0.4495
vn 0.7543 0.6298 0.1857
vn 0.6830 0.6887 0.2432
vn 0.4575 0.5255 -0.7174
vn 0.3728 0.5837 -0.7213
vn 0.7158 0.6868 -0.1262
vn 0.3679 -0.9294 0.0287
vn 0.6555 -0.6430 0.3960
vn 0.4148 -0.7419 0.5268
vn 0.2160 -0.7805 0.5866
vn 0.2344 -0.9696 0.0709
vn 0.2571 -0.9650 0.0517
vn -0.3158 -0.1248 -0.9406
vn 0.1411 0.3018 -0.9429
vn 0.2253 0.1124 -0.9678
vn -0.2396 -0.3849 -0.8914
vn -0.5283 -0.3432 -0.7766
vn -0.3883 -0.5859 -0.7113
vn 0.3436 -0.8888 -0.3033
vn 0.3194 -0.9219 -0.2191
vn 0.8478 -0.5089 0.1491
vn 0.8732 0.1477 0.4644
vn 0.6274 0.4862 0.6083
vn 0.6697 0.3980 0.6269
vn 0.4506 0.4155 0.7901
vn 0.5185 0.3602 0.7755
vn 0.5827 0.5576 0.5912
vn 0.4042 0.4490 0.7969
vn -0.5407 0.0421 0.8402
vn -0.6516 0.0539 0.7566
vn -0.6759 -0.0799 0.7327
vn -0.6055 -0.1677 0.7780
vn -0.5631 -0.0776 0.8227
vn -0.5445 -0.0454 0.8375
vn -0.5066 -0.0749 0.8589
vn -0.2465 -0.0931 0.9647
vn -0.2055 -0.1787 0.9622
vn 0.0292 -0.0920 0.9953
vn 0.0677 -0.0004 0.9977
vn 0.0899 0.0942 0.9915
vn -0.2837 0.0187 0.9587
vn -0.5908 -0.1492 -0.7929
vn -0.3350 0.0501 -0.9409
vn -0.6827 -0.4544 -0.5723
vn -0.4758 -0.6756 -0.5632
vn -0.6367 -0.6624 -0.3947
vn -0.8235 -0.4592 -0.3330
vn 0.7001 0.0254 0.7136
vn 0.7657 -0.5805 0.2769
vn 0.7927 0.0572 0.6069
vn 0.8421 0.3805 0.3823
vn 0.8075 0.4004 0.4331
vn 0.6278 0.5352 0.5652
vn 0.9499 0.0331 0.3109
vn 0.9316 0.1772 0.3173
vn 0.9298 0.1781 0.3222
vn 0.8297 0.4605 0.3156
vn -0.6793 -0.7302 0.0735
vn -0.7428 -0.6665 0.0637
vn -0.7225 -0.6911 -0.0222
vn -0.6411 -0.7675 0.0037
vn -0.5750 0.7912 0.2081
vn -0.5502 0.7296 0.4061
vn -0.4750 0.8258 0.3040
vn 0.9008 -0.1562 -0.4052
vn 0.9257 -0.1179 -0.3595
vn 0.9364 -0.0389 -0.3489
vn 0.9247 0.0426 -0.3783
vn 0.9017 -0.0133 -0.4321
vn 0.7640 -0.2312 -0.6024
vn 0.7553 -0.1668 -0.6338
vn 0.7626 -0.0854 -0.6412
vn 0.7993 -0.0085 -0.6009
vn 0.8309 0.0335 -0.5555
vn 0.8784 -0.1063 -0.4660
vn -0.5852 -0.0969 -0.8051
vn -0.2895 0.0909 -0.9529
vn -0.7863 -0.2758 -0.5529
vn -0.8050 -0.2274 -0.5480
vn -0.9250 -0.3701 0.0857
vn -0.9544 -0.2498 0.1634
vn -0.9145 -0.3057 -0.2649
vn 0.9565 0.2148 -0.1974
vn 0.8728 0.4188 -0.2506
vn 0.8688 0.3573 -0.3429
vn 0.9274 0.1958 -0.3187
vn -0.9331 -0.2770 -0.2295
vn -0.9506 -0.2328 0.2051
vn -0.2059 -0.9420 0.2652
vn -0.2213 -0.8409 0.4939
vn -0.3621 -0.7489 0.5550
vn -0.3284 -0.8752 0.3553
vn 0.6272 0.2378 0.7417
vn 0.4719 0.2040 0.8577
vn 0.3826 -0.1491 -0.9118
vn 0.2750 -0.0689 -0.9590
vn -0.1819 -0.6097 -0.7715
vn 0.1235 -0.0626 -0.9904
vn 0.0312 -0.3404 -0.9398
vn -0.7112 -0.3850 -0.5882
vn -0.7325 -0.3977 -0.5526
vn -0.7280 -0.4825 -0.4871
vn 0.1566 -0.0764 -0.9847
vn -0.6773 -0.7259 -0.1197
vn -0.4523 -0.7728 -0.4452
vn -0.6574 -0.3890 0.6454
vn -0.2578 -0.0921 0.9618
vn -0.2658 -0.7389 -0.6192
vn -0.3090 -0.7834 -0.5393
vn -0.8233 -0.5676 -0.0066
vn -0.6997 -0.2591 0.6658
vn -0.3229 -0.0196 0.9462
vn 0.3947 0.2605 0.8811
vn -0.7278 -0.1423 0.6708
vn -0.3666 0.0589 0.9285
vn 0.3211 0.3157 0.8929
vn 0.2995 -0.8841 0.3587
vn 0.4048 -0.0462 0.9132
vn -0.0688 -0.1617 0.9844
vn -0.3267 -0.8216 0.4672
vn -0.2071 -0.8878 -0.4110
vn -0.4935 -0.8386 -0.2305
vn 0.4948 -0.4932 -0.7155
vn 0.6526 -0.7514 0.0971
vn 0.0087 -0.7889 -0.6145
vn 0.7091 0.3250 0.6258
vn 0.7812 0.0654 0.6209
vn 0.9349 0.2197 0.2788
vn 0.8586 0.4399 0.2631
vn 0.7516 0.3608 -0.5522
vn 0.1452 0.2178 0.9651
vn 0.1122 0.3023 0.9466
vn -0.3629 0.1968 0.9108
vn -0.3260 0.0860 0.9414
vn -0.9154 -0.0132 0.4022
vn -0.8779 -0.1838 0.4422
vn -0.7855 -0.4124 0.4615
vn -0.1912 -0.0250 0.9812
vn -0.9758 -0.1894 -0.1094
vn -0.9068 -0.3955 -0.1458
vn -0.7282 -0.6563 -0.1975
vn -0.6895 -0.4846 -0.5382
vn -0.4564 -0.7306 -0.5078
vn -0.2362 -0.7053 -0.6684
vn -0.0735 -0.8794 -0.4705
vn 0.4761 -0.8475 0.2348
vn 0.2763 0.1501 0.9493
vn 0.4534 0.3893 0.8018
vn 0.5068 0.3124 0.8035
vn 0.4034 0.4818 0.7779
vn 0.2368 0.4388 0.8668
vn -0.9790 -0.2013 -0.0306
vn -0.9372 -0.1070 0.3320
vn -0.8607 -0.2073 -0.4650
vn -0.8319 -0.2242 -0.5076
vn -0.3963 -0.4402 -0.8057
vn -0.1112 -0.5824 -0.8053
vn 0.1263 -0.3067 -0.9434
vn 0.5285 0.1805 -0.8295
vn 0.4608 0.3462 -0.8172
vn 0.6392 -0.0097 0.7690
vn 0.5589 0.2220 0.7990
vn -0.3312 -0.9435 0.0038
vn -0.3135 -0.9333 0.1751
vn -0.5238 -0.8207 0.2284
vn -0.5704 -0.8200 0.0478
vn -0.4670 -0.8841 0.0154
vn -0.9123 -0.3233 0.2513
vn -0.9689 -0.1968 0.1500
vn -0.9723 -0.0025 -0.2336
vn -0.9838 -0.0659 -0.1667
vn -0.2238 -0.2828 -0.9327
vn 0.0756 0.0263 -0.9968
vn 0.0782 0.2447 -0.9664
vn -0.2715 0.0065 -0.9624
vn -0.2337 0.0475 -0.9712
vn 0.1402 0.2723 -0.9519
vn -0.2579 -0.9462 -0.1956
vn -0.1272 -0.8951 -0.4273
vn 0.2931 -0.9531 -0.0757
vn -0.0363 -0.9399 0.3394
vn 0.2666 -0.9611 -0.0724
vn 0.1571 -0.8943 -0.4189
vn 0.5734 0.0766 -0.8157
vn 0.6648 0.3231 -0.6736
vn 0.4114 -0.8303 -0.3759
vn 0.5232 -0.7972 -0.3013
vn 0.2997 -0.9320 -0.2038
vn 0.1882 -0.9698 -0.1550
vn 0.2251 -0.8921 -0.3917
vn -0.9980 -0.0618 -0.0124
vn -0.9777 -0.2084 -0.0255
vn -0.6461 -0.1808 0.7416
vn -0.8456 -0.1381 -0.5156
vn -0.7761 -0.2807 -0.5647
vn -0.6014 -0.5014 -0.6221
vn -0.8786 -0.4748 -0.0520
vn -0.2353 -0.3863 -0.8919
vn -0.0359 -0.5672 -0.8228
vn 0.5541 -0.4337 -0.7105
vn 0.4887 -0.8256 -0.2821
vn 0.9395 0.2997 0.1657
vn 0.9688 0.2422 0.0526
vn 0.9573 0.2568 -0.1329
vn 0.9727 0.2233 -0.0626
vn 0.6947 -0.7048 -0.1440
vn 0.7287 -0.6768 0.1041
vn 0.6330 -0.6451 0.4280
vn 0.3389 -0.7646 0.5482
vn -0.2936 -0.7009 0.6501
vn -0.2382 -0.8950 0.3771
vn -0.2355 -0.8660 0.4411
vn -0.4183 -0.7207 0.5527
vn -0.5263 -0.4642 0.7124
vn 0.1270 -0.2808 0.9513
vn 0.1098 0.0008 0.9939
vn 0.6383 0.1736 0.7500
vn 0.6857 -0.0799 0.7235
vn 0.4805 -0.1561 -0.8630
vn -0.3777 -0.2271 -0.8976
vn -0.3403 -0.0742 -0.9374
vn -0.2904 0.0547 -0.9553
vn -0.2671 0.9417 -0.2045
vn -0.3674 0.9166 -0.1574
vn -0.4201 0.9037 -0.0830
vn 0.1301 0.7516 -0.6466
vn 0.1263 0.6988 -0.7041
vn 0.1470 0.6574 -0.7391
vn -0.9985 -0.0234 -0.0499
vn -0.8331 -0.0960 -0.5447
vn 0.5266 -0.2468 -0.8135
vn 0.1840 -0.8574 0.4807
vn 0.1567 -0.8942 0.4194
vn 0.0515 -0.8034 0.5932
vn 0.1469 -0.5648 0.8120
vn 0.1779 -0.4868 0.8552
vn -0.9925 -0.0822 -0.0902
vn -0.8210 -0.1033 -0.5614
vn 0.3366 -0.8372 -0.4310
vn 0.1505 -0.9172 -0.3688
vn 0.1085 -0.9436 -0.3129
vn 0.8361 -0.5401 -0.0961
vn 0.2709 -0.5937 -0.7577
vn 0.8780 -0.0658 -0.4741
vn 0.8182 -0.5487 0.1715
vn -0.0242 0.2889 0.9571
vn 0.1623 0.3105 0.9366
vn 0.0614 0.3827 0.9218
vn -0.5650 0.1798 0.8053
vn -0.0651 0.1674 0.9837
vn -0.6739 0.0123 0.7387
vn -0.5590 -0.1371 0.8177
vn -0.8684 -0.4587 0.1883
vn -0.4788 -0.8150 0.3263
vn -0.3662 -0.3863 0.8466
vn -0.1034 -0.8370 -0.5374
vn 0.0021 -0.8417 -0.5400
vn 0.0468 -0.8942 0.4453
vn 0.3073 -0.2260 0.9244
vn 0.0408 -0.3263 0.9444
vn 0.3267 -0.8308 0.4507
vn 0.2429 0.1114 0.9636
vn 0.0084 0.0421 0.9991
vn 0.5678 0.5855 -0.5786
vn 0.8170 0.5747 0.0481
vn 0.8910 0.4495 0.0629
vn 0.7151 0.4510 -0.5341
vn 0.2732 -0.9355 -0.2239
vn 0.3394 -0.9196 -0.1977
vn 0.4907 -0.8531 -0.1775
vn 0.5890 -0.7869 -0.1840
vn 0.4849 -0.8537 -0.1900
vn 0.4741 -0.8179 -0.3259
vn 0.4237 -0.7923 -0.4391
vn 0.4938 0.4061 0.7690
vn 0.8038 0.5534 0.2183
vn 0.7006 0.6469 0.3012
vn 0.4229 0.4702 0.7746
vn -0.9550 0.0111 0.2963
vn -0.9612 -0.1705 0.2169
vn -0.4780 -0.5213 -0.7069
vn -0.3331 -0.6290 -0.7024
vn -0.9197 -0.3279 0.2159
vn 0.4579 0.1010 -0.8833
vn 0.3760 -0.0575 -0.9248
vn 0.2483 0.5982 -0.7619
vn 0.5216 0.1936 -0.8309
vn 0.0671 -0.8425 -0.5346
vn 0.1420 -0.7696 -0.6225
vn 0.5454 -0.7668 0.3384
vn 0.7235 0.0052 0.6903
vn 0.4856 -0.1551 0.8603
vn 0.9132 0.2224 0.3415
vn 0.8870 0.4091 0.2142
vn -0.7231 -0.1330 -0.6778
vn -0.6259 -0.3501 -0.6969
vn -0.1797 -0.5075 -0.8427
vn -0.0978 -0.6013 -0.7930
vn 0.0014 -0.4365 -0.8997
vn 0.3103 -0.1952 -0.9304
vn 0.2431 -0.3410 -0.9081
vn 0.0143 -0.5562 -0.8309
vn 0.7570 0.1434 -0.6375
vn 0.4650 -0.6153 -0.6366
vn 0.4137 -0.7235 -0.5526
vn 0.6112 -0.5510 -0.5681
vn 0.5741 -0.5260 -0.6275
vn 0.5240 -0.5959 -0.6085
vn 0.3232 -0.2481 -0.9132
vn 0.3028 -0.1736 -0.9371
vn 0.3875 -0.1613 -0.9077
vn 0.4162 -0.2959 -0.8598
vn 0.3512 -0.3334 -0.8749
vn 0.5446 0.6028 -0.5832
vn 0.6563 0.4851 -0.5778
vn -0.2477 -0.0028 -0.9688
vn -0.1327 0.1027 -0.9858
vn -0.0599 -0.2258 -0.9723
vn -0.2830 -0.3305 -0.9004
vn -0.3292 -0.0581 -0.9425
vn -0.2541 -0.0044 -0.9672
vn -0.2251 0.0311 -0.9738
vn 0.1794 0.3089 -0.9340
vn 0.2588 0.0164 -0.9658
vn 0.7653 0.2389 -0.5977
vn 0.7126 0.3097 -0.6295
vn 0.2077 0.3724 -0.9045
vn 0.4240 0.4992 -0.7557
vn -0.0970 0.1511 -0.9838
vn -0.9082 -0.2613 -0.3270
vn -0.8944 -0.3192 -0.3134
vn -0.9289 -0.1664 0.3308
vn -0.9670 -0.1385 0.2138
vn -0.5175 -0.0937 -0.8505
vn 0.6171 -0.7378 0.2737
vn 0.6978 -0.6016 0.3887
vn 0.8341 -0.4864 0.2603
vn 0.5408 0.8411 0.0086
vn 0.2723 0.7611 0.5888
vn 0.5500 0.4391 0.7104
vn 0.5088 0.8495 -0.1397
vn 0.9812 0.1923 -0.0170
vn 0.8975 -0.0288 0.4402
vn 0.9585 -0.0867 0.2716
vn 0.9960 -0.0482 0.0752
vn 0.9979 -0.0278 -0.0589
vn 0.9978 0.0398 -0.0524
vn 0.1368 0.9562 -0.2588
vn -0.1326 0.9484 0.2879
vn -0.3207 0.9411 0.1073
vn 0.0118 0.9739 -0.2269
vn 0.8724 0.3353 0.3557
vn 0.6885 0.1506 0.7095
vn 0.7109 0.0681 0.7000
vn 0.7743 0.3178 0.5473
vn -0.4638 -0.2962 -0.8350
vn -0.6626 -0.4271 -0.6153
vn -0.3862 -0.5116 -0.7676
vn -0.5645 -0.3273 -0.7578
vn 0.5861 0.2918 -0.7559
vn 0.1066 0.1730 -0.9791
vn 0.6166 0.2902 -0.7318
vn -0.2811 -0.0498 -0.9584
vn 0.1052 -0.9886 0.1078
vn 0.1641 -0.9785 0.1248
vn -0.0964 -0.9918 0.0845
vn -0.1222 -0.9925 0.0098
vn -0.0973 -0.9855 -0.1388
vn -0.3964 -0.3377 -0.8537
vn 0.6112 0.4244 -0.6680
vn 0.6184 -0.4659 -0.6329
vn 0.6230 -0.3082 -0.7190
vn 0.6915 -0.4435 -0.5701
vn 0.4834 -0.5666 -0.6673
vn 0.5712 -0.5196 -0.6354
vn 0.5379 -0.3671 -0.7589
vn 0.4446 -0.4097 -0.7965
vn 0.6127 -0.3006 0.7309
vn 0.7683 -0.5185 0.3752
vn 0.6651 -0.5950 0.4513
vn 0.5360 -0.5934 0.6005
vn 0.9168 -0.3864 -0.1006
vn 0.6826 -0.6049 0.4101
vn 0.6401 -0.7136 0.2845
vn 0.5224 -0.7183 0.4595
vn 0.7135 -0.6013 0.3597
vn 0.8014 -0.5963 -0.0479
vn 0.8752 -0.4835 -0.0150
vn 0.9259 -0.3637 -0.1025
vn 0.7915 -0.5753 -0.2064
vn -0.7670 -0.6317 0.1124
vn 0.8598 -0.5003 0.1021
vn 0.8840 -0.4675 0.0070
vn 0.3876 -0.9004 -0.1977
vn -0.5036 -0.5505 -0.6658
vn 0.1273 -0.1447 -0.9813
vn -0.6153 -0.4485 -0.6482
vn 0.3617 -0.2077 0.9089
vn 0.5468 -0.2211 0.8076
vn 0.3110 -0.2929 0.9041
vn 0.8277 0.3907 -0.4029
vn 0.7815 0.3547 -0.5133
vn 0.7207 0.5550 -0.4155
vn 0.6483 0.5641 -0.5113
vn 0.8563 0.4000 -0.3268
vn 0.9009 0.2700 -0.3398
vn -0.1470 -0.1257 -0.9811
vn -0.0752 -0.1645 -0.9835
vn -0.1634 -0.1905 -0.9680
vn 0.1631 -0.1868 -0.9688
vn 0.3057 -0.4059 -0.8613
vn 0.3971 -0.1713 -0.9016
vn 0.1802 0.1329 -0.9746
vn -0.1082 -0.4052 -0.9078
vn 0.0146 -0.6388 -0.7692
vn 0.4992 0.0847 -0.8623
vn 0.5694 0.2117 -0.7943
vn 0.4399 0.2279 -0.8686
vn 0.3659 0.2057 -0.9077
vn -0.3338 0.9424 0.0223
vn -0.7284 0.2762 0.6271
vn -0.3536 0.9315 -0.0852
vn -0.0417 0.9671 -0.2509
vn -0.5539 -0.4907 0.6726
vn -0.5849 -0.5258 0.6176
vn -0.3909 -0.5249 0.7561
vn 0.2064 0.8464 -0.4909
vn 0.2260 0.9171 -0.3283
vn 0.1134 0.9270 -0.3576
vn 0.9975 -0.0465 0.0529
vn 0.9925 -0.1186 0.0281
vn 0.9946 -0.0984 -0.0342
vn 0.9513 -0.3014 -0.0642
vn 0.9544 -0.2697 0.1280
vn 0.7975 -0.2914 0.5283
vn 0.6937 0.1883 0.6952
vn 0.9676 0.0213 -0.2516
vn 0.7797 0.3347 -0.5292
vn 0.8991 -0.0576 0.4339
vn 0.9092 -0.0217 0.4157
vn 0.9276 0.0576 0.3691
vn 0.9073 0.4196 -0.0268
vn 0.8999 0.4319 -0.0598
vn 0.9126 0.3321 -0.2385
vn 0.8799 0.3451 -0.3265
vn 0.9353 0.3397 0.0996
vn 0.4813 -0.7986 0.3614
vn 0.4032 -0.8838 0.2371
vn 0.3169 -0.9152 0.2491
vn 0.4394 -0.8318 0.3393
vn 0.4506 -0.8418 0.2973
vn 0.5399 -0.8383 -0.0763
vn 0.3654 -0.8941 0.2588
vn 0.7662 0.5164 0.3824
vn 0.7919 0.5810 0.1881
vn 0.8595 0.4297 0.2768
vn 0.8355 0.3591 0.4160
vn 0.5658 -0.8180 0.1036
vn 0.4801 -0.8524 0.2072
vn 0.2600 -0.9654 0.0192
vn -0.6165 -0.2256 0.7543
vn -0.6625 -0.1262 0.7383
vn -0.3409 0.1995 0.9187
vn -0.2563 -0.0208 0.9664
vn -0.2675 -0.1479 0.9521
vn 0.8011 -0.5877 0.1132
vn 0.7720 -0.5724 0.2764
vn 0.7947 -0.5826 0.1704
vn 0.7128 -0.6917 0.1158
vn 0.3835 -0.7851 -0.4863
vn 0.2521 -0.8491 -0.4642
vn 0.1795 -0.6138 -0.7688
vn 0.4216 -0.4742 -0.7729
vn 0.5376 -0.4976 -0.6807
vn 0.4886 -0.5204 -0.7004
vn 0.2546 -0.7896 -0.5583
vn 0.7295 0.0696 0.6804
vn 0.6248 0.2235 0.7481
vn 0.8675 0.4120 0.2787
vn 0.9265 0.0608 0.3715
vn 0.3662 -0.5783 -0.7290
vn 0.3290 -0.5446 -0.7715
vn 0.4449 -0.5033 -0.7408
vn 0.8481 0.5285 -0.0363
vn 0.9120 0.4090 0.0300
vn 0.8230 0.5675 -0.0258
vn 0.8946 0.3920 0.2148
vn 0.8509 0.5129 0.1140
vn 0.0806 -0.9158 0.3934
vn -0.1847 -0.7748 0.6047
vn 0.6218 -0.6752 0.3969
vn 0.1087 0.3582 -0.9273
vn 0.4541 0.5988 -0.6597
vn 0.5498 0.5342 -0.6421
vn 0.6269 0.5096 -0.5893
vn 0.2315 0.3691 -0.9001
vn 0.1964 -0.6455 0.7381
vn 0.3450 -0.6933 0.6326
vn -0.0875 -0.6820 0.7261
vn 0.2302 -0.9698 -0.0810
vn 0.0727 -0.9897 -0.1235
vn 0.0286 -0.9995 0.0095
vn 0.1316 -0.9911 0.0199
vn 0.6013 -0.7983 -0.0328
vn 0.2849 -0.9523 -0.1090
vn 0.5657 -0.8243 0.0224
vn 0.8076 -0.5781 0.1162
vn -0.1798 -0.9516 0.2492
vn -0.1490 -0.9881 -0.0376
vn -0.0953 -0.9770 -0.1909
vn 0.1880 -0.9708 -0.1494
vn 0.4992 -0.8241 0.2677
vn 0.5368 -0.8021 0.2616
vn 0.2102 -0.8139 0.5417
vn 0.2176 -0.8689 0.4446
vn 0.3083 -0.8193 0.4835
vn 0.4618 -0.8834 -0.0803
vn 0.5908 -0.7968 -0.1266
vn 0.5863 -0.7940 -0.1610
vn -0.4867 -0.2839 0.8261
vn 0.8588 0.3382 -0.3848
vn 0.8787 0.2850 -0.3831
vn 0.8605 0.3254 -0.3919
vn 0.8791 0.2732 -0.3906
vn 0.8479 0.3375 -0.4089
vn 0.7880 0.4839 -0.3807
vn 0.8040 0.4404 -0.3995
vn 0.8293 0.3207 -0.4576
vn 0.8621 0.2801 -0.4222
vn 0.9446 -0.3222 0.0623
vn 0.9084 -0.4153 0.0493
vn 0.9985 -0.0002 0.0541
vn 0.9882 0.1388 0.0652
vn 0.6164 -0.7873 0.0139
vn 0.8111 0.3125 0.4945
vn 0.9110 0.3976 -0.1097
vn -0.1538 0.1124 -0.9817
vn 0.2291 0.6122 -0.7568
vn 0.0788 0.6650 -0.7427
vn -0.3079 -0.2198 -0.9257
vn 0.0793 0.2036 -0.9758
vn 0.4655 0.4294 -0.7739
vn -0.1656 -0.7086 -0.6858
vn -0.2879 -0.7502 -0.5952
vn -0.4832 -0.5391 -0.6899
vn -0.6409 -0.2631 -0.7212
vn -0.6681 -0.1929 -0.7187
vn 0.0131 0.8743 0.4852
vn 0.0866 0.7161 0.6926
vn 0.2206 0.6917 0.6877
vn 0.1341 0.8477 0.5132
vn 0.0012 0.9647 0.2634
vn 0.0863 0.9437 0.3193
vn 0.4803 0.1201 0.8689
vn 0.3293 0.2246 0.9171
vn 0.4397 -0.0894 0.8937
vn -0.1730 -0.9849 -0.0029
vn 0.1560 -0.9574 -0.2431
vn 0.0334 -0.9958 -0.0854
vn 0.0929 0.3186 0.9433
vn 0.0959 0.2350 0.9673
vn 0.5095 0.5019 0.6989
vn 0.4723 0.5322 0.7027
vn 0.5683 0.3759 0.7320
vn 0.3583 0.2029 0.9113
vn 0.1789 0.3029 0.9361
vn 0.2435 -0.9462 -0.2131
vn 0.1081 -0.9878 -0.1118
vn -0.1343 -0.9881 0.0747
vn 0.2025 0.4416 -0.8740
vn 0.2337 0.3765 -0.8965
vn 0.6266 0.5710 -0.5304
vn 0.5903 0.6607 -0.4637
vn 0.5787 0.4063 -0.7071
vn 0.5422 0.5503 -0.6350
vn -0.6052 -0.2158 -0.7662
vn -0.6500 -0.0788 -0.7558
vn -0.2093 -0.1432 -0.9673
vn -0.5470 -0.2648 -0.7942
vn 0.6127 0.4870 -0.6225
vn 0.5389 0.3126 -0.7822
vn 0.3469 0.3492 -0.8705
vn 0.3821 0.2381 -0.8929
vn 0.0490 -0.9495 -0.3100
vn 0.0763 -0.9588 -0.2736
vn -0.3409 -0.8542 -0.3926
vn -0.3046 -0.7463 -0.5919
vn -0.2040 -0.6137 -0.7627
vn 0.0531 -0.9368 -0.3458
vn -0.9398 -0.1573 0.3033
vn -0.9054 -0.2872 0.3128
vn -0.8528 -0.4420 0.2780
vn -0.9597 -0.2797 -0.0273
vn -0.9412 -0.3107 0.1324
vn 0.3922 0.2726 -0.8786
vn 0.2277 0.3457 -0.9103
vn 0.0927 0.3983 -0.9126
vn 0.2699 0.3169 -0.9092
vn 0.6549 -0.6670 0.3553
vn 0.6286 -0.7180 0.2988
vn 0.5272 -0.7066 0.4720
vn 0.7449 -0.5250 0.4117
vn -0.4927 -0.2335 0.8383
vn -0.4001 -0.1761 0.8994
vn -0.6852 -0.1741 0.7072
vn -0.5929 -0.0088 0.8052
vn -0.4919 -0.0048 0.8707
vn -0.4334 -0.0096 0.9012
vn -0.4973 -0.0015 0.8676
vn -0.0944 -0.0272 0.9952
vn -0.0587 -0.0264 0.9979
vn 0.0915 -0.0498 0.9946
vn -0.3052 -0.2020 0.9306
vn 0.3677 -0.5747 0.7311
vn 0.5808 -0.2440 0.7766
vn 0.3579 -0.9294 0.0902
vn 0.2096 -0.9716 -0.1102
vn 0.4584 -0.8459 0.2726
vn 0.5010 -0.8222 0.2701
vn 0.6367 -0.6909 0.3426
vn 0.6269 -0.6975 0.3470
vn -0.8231 -0.3982 0.4049
vn -0.7065 -0.6695 0.2296
vn -0.5298 -0.6334 0.5640
vn -0.7094 -0.5012 0.4955
vn -0.4333 -0.8656 0.2508
vn -0.2807 -0.7021 0.6544
vn -0.3496 -0.6854 0.6388
vn 0.9554 0.2522 0.1539
vn 0.9321 0.2573 0.2548
vn 0.9104 0.2668 0.3162
vn 0.8679 0.4190 0.2667
vn 0.8893 0.4542 0.0535
vn 0.1546 -0.2765 0.9485
vn 0.1188 -0.2027 0.9720
vn -0.0776 -0.0053 0.9970
vn -0.2078 -0.0053 0.9781
vn -0.2055 -0.0874 0.9747
vn -0.1016 -0.1724 0.9798
vn 0.7253 0.1010 -0.6810
vn 0.8658 0.0963 -0.4911
vn 0.8193 0.1906 -0.5408
vn 0.6786 0.2104 -0.7037
vn -0.0444 0.0966 0.9943
vn -0.0595 0.1642 0.9846
vn -0.1237 0.1118 0.9860
vn -0.2571 0.0555 0.9648
vn 0.5047 -0.6499 0.5682
vn 0.3837 -0.7394 0.5533
vn 0.5909 -0.7877 0.1742
vn 0.6831 -0.7213 0.1149
vn 0.6591 -0.7514 -0.0323
vn 0.7415 -0.6708 -0.0142
vn 0.6545 -0.7455 0.1258
vn -0.8766 0.4757 -0.0732
vn -0.6890 0.7247 0.0145
vn -0.8129 -0.0342 0.5815
vn -0.9488 -0.0960 0.3008
vn -0.8491 -0.2103 0.4845
vn 0.9680 -0.2490 0.0324
vn 0.8261 -0.5620 0.0409
vn 0.9099 0.2890 0.2976
vn 0.9466 0.2959 0.1283
vn -0.2660 -0.9639 0.0156
vn -0.4779 -0.8189 -0.3180
vn -0.1491 -0.6994 -0.6990
vn -0.0130 -0.9608 -0.2768
vn 0.1134 -0.9595 -0.2579
vn -0.0125 -0.9824 -0.1863
vn 0.6649 0.5915 -0.4561
vn 0.8187 0.5255 0.2317
vn 0.9582 0.2719 0.0894
vn 0.9810 0.1866 0.0526
vn 0.7607 0.2739 -0.5885
vn 0.7912 -0.5015 0.3499
vn 0.9302 -0.3481 0.1167
vn 0.9582 -0.1582 -0.2382
vn 0.9314 -0.3035 -0.2012
vn 0.9819 -0.1784 -0.0639
vn 0.9908 0.0195 -0.1337
vn 0.7796 0.4024 0.4799
vn 0.7537 0.3217 0.5732
vn 0.7546 0.1548 0.6377
vn 0.4372 -0.0196 0.8992
vn 0.5141 -0.0751 0.8544
vn 0.5888 -0.1168 0.7998
vn 0.6437 -0.2325 0.7291
vn 0.8768 0.3048 0.3718
vn 0.5176 0.4493 -0.7281
vn 0.8315 0.3411 -0.4385
vn 0.7964 0.5640 -0.2182
vn 0.3222 0.9211 -0.2187
vn 0.6340 -0.1507 -0.7585
vn 0.7208 -0.3090 -0.6205
vn 0.8361 -0.0046 -0.5485
vn 0.9387 0.1880 -0.2890
vn 0.9152 0.1481 -0.3748
vn 0.6382 -0.7692 -0.0310
vn 0.7410 -0.4574 -0.4917
vn 0.3252 -0.9450 -0.0351
vn 0.4784 -0.8708 0.1136
vn 0.5749 -0.3277 -0.7497
vn -0.0292 -0.9077 -0.4186
vn 0.6518 -0.7558 -0.0632
vn 0.6428 -0.7562 -0.1222
vn -0.4752 -0.7704 0.4249
vn -0.5818 -0.6998 0.4144
vn -0.5213 -0.5190 0.6774
vn -0.4544 -0.5892 0.6681
vn -0.1757 -0.7879 0.5902
vn -0.0862 -0.8699 0.4857
vn -0.8542 -0.5174 0.0520
vn -0.7135 -0.6845 -0.1494
vn -0.1246 -0.3635 0.9232
vn 0.0248 -0.4397 0.8978
vn -0.0117 -0.6094 0.7927
vn -0.3164 -0.9098 0.2687
vn -0.2436 -0.9528 0.1811
vn -0.2401 -0.9671 0.0841
vn -0.3931 -0.9045 0.1653
vn 0.8576 0.5129 0.0376
vn 0.8954 0.4439 -0.0351
vn 0.8595 0.4874 -0.1540
vn 0.8162 0.5509 -0.1738
vn 0.8326 0.5532 -0.0283
vn 0.8199 0.5701 0.0518
vn 0.3255 0.2575 0.9098
vn -0.7809 -0.5913 0.2012
vn -0.8471 -0.5238 0.0894
vn 0.0735 -0.2363 -0.9689
vn 0.1390 -0.1777 -0.9742
vn 0.2135 -0.2251 -0.9507
vn 0.1482 -0.2892 -0.9457
vn 0.0003 -0.4568 0.8895
vn 0.4609 0.2369 0.8553
vn -0.1246 -0.0806 0.9889
vn 0.6081 -0.7901 0.0768
vn 0.7509 -0.6400 0.1632
vn 0.7406 -0.6705 -0.0439
vn 0.6396 -0.7639 -0.0858
vn 0.1795 -0.9733 -0.1433
vn 0.1077 -0.9905 -0.0859
vn 0.2750 -0.9556 0.1060
vn -0.8501 -0.4084 0.3324
vn -0.8406 -0.4616 0.2834
vn -0.8261 -0.5078 0.2444
vn -0.9017 -0.3243 0.2860
vn -0.8672 -0.3030 0.3952
vn -0.8552 -0.3469 0.3850
vn -0.9127 -0.4016 0.0756
vn 0.5397 -0.7552 0.3719
vn 0.6947 -0.4815 0.5343
vn -0.3573 0.7231 0.5911
vn -0.2749 0.7925 0.5444
vn -0.1750 0.7848 0.5946
vn -0.1919 0.6860 0.7018
vn 0.6225 -0.7826 0.0046
vn 0.6332 -0.7691 -0.0864
vn 0.2063 -0.9358 -0.2858
vn 0.3326 -0.8849 -0.3260
vn 0.3258 -0.9343 -0.1446
vn 0.2597 -0.9509 -0.1683
vn 0.9507 -0.0789 0.2999
vn 0.7971 0.0633 0.6005
vn 0.6156 0.2312 -0.7534
vn 0.6648 0.2886 -0.6890
vn 0.5704 0.4581 -0.6818
vn 0.5432 0.4181 -0.7281
vn 0.4785 0.3669 -0.7978
vn 0.4127 -0.7940 0.4463
vn 0.7071 -0.4208 0.5682
vn 0.9561 -0.2058 0.2088
vn 0.8269 0.0652 0.5585
vn 0.4177 -0.9081 -0.0295
vn 0.3084 -0.9510 0.0238
vn 0.6009 -0.6716 0.4335
vn 0.6649 -0.6666 0.3370
vn 0.7177 -0.4374 0.5419
vn 0.6716 -0.5924 0.4449
vn 0.3652 -0.2666 -0.8920
vn 0.2069 -0.7032 -0.6802
vn 0.9102 -0.2819 -0.3034
vn 0.9024 -0.0501 -0.4281
vn -0.9371 -0.2129 0.2766
vn -0.9595 -0.2293 0.1635
vn -0.9229 -0.3814 -0.0529
vn -0.9430 -0.3246 -0.0737
vn -0.7927 -0.3566 0.4945
vn 0.8528 0.0979 -0.5129
vn -0.5911 0.0212 -0.8063
vn -0.6031 -0.0365 -0.7968
vn -0.0762 0.1258 0.9891
vn 0.1134 0.2219 0.9685
vn 0.6044 -0.7944 0.0611
vn 0.8399 -0.4825 0.2484
vn 0.4259 -0.3949 0.8140
vn 0.4811 -0.4021 0.7790
vn 0.4239 -0.6005 0.6780
vn -0.6198 -0.3119 -0.7201
vn -0.6563 -0.2296 -0.7187
vn -0.5691 -0.1991 -0.7978
vn -0.5218 -0.2773 -0.8068
vn -0.4510 -0.3850 -0.8052
vn -0.3843 -0.4705 -0.7943
vn -0.4976 -0.5191 -0.6950
vn -0.5585 -0.4259 -0.7118
vn 0.7686 0.5483 0.3297
vn 0.7959 0.4002 0.4544
vn -0.6465 -0.3837 0.6594
vn -0.6532 -0.2571 0.7122
vn -0.5510 -0.2832 0.7849
vn -0.5496 -0.3630 0.7524
vn -0.4927 -0.3693 0.7879
vn 0.3590 -0.8724 0.3318
vn -0.6991 -0.3524 0.6222
vn -0.7137 -0.4383 0.5463
vn -0.7928 -0.3567 0.4942
vn -0.7878 -0.3795 0.4851
vn -0.7501 -0.4735 0.4617
vn -0.6780 -0.3594 0.6412
vn 0.7596 0.6349 0.1409
vn 0.3135 0.9396 -0.1371
vn 0.6546 0.7060 0.2703
vn 0.1602 0.9860 0.0472
vn 0.7568 0.5200 0.3959
vn 0.5566 -0.8133 0.1693
vn 0.6333 -0.7190 0.2861
vn 0.4066 -0.9053 0.1228
vn 0.4297 -0.8469 0.3133
vn 0.1498 -0.9731 0.1751
vn 0.1717 -0.9645 0.2007
vn 0.5442 -0.8243 0.1561
vn 0.6624 -0.7226 0.1977
vn 0.4078 -0.8592 0.3089
vn 0.5222 -0.8339 0.1787
vn 0.4789 -0.8537 -0.2048
vn 0.6050 -0.7748 -0.1837
vn 0.2268 -0.9493 0.2175
vn 0.5034 -0.8048 -0.3146
vn 0.6643 -0.6984 0.2662
vn 0.7383 -0.0640 -0.6714
vn 0.7107 -0.1001 -0.6963
vn 0.6020 -0.2388 -0.7620
vn 0.6710 -0.6707 -0.3161
vn 0.7691 -0.5486 -0.3279
vn 0.8001 -0.4493 -0.3976
vn 0.0896 -0.0902 -0.9919
vn 0.0905 -0.0045 -0.9959
vn -0.6800 -0.3200 -0.6597
vn 0.3690 -0.4465 -0.8152
vn -0.0214 0.9868 0.1605
vn -0.1139 0.9909 0.0712
vn -0.2333 0.9527 0.1946
vn -0.1298 0.9481 0.2902
vn 0.8079 -0.5620 -0.1775
vn 0.8114 -0.5845 -0.0065
vn 0.9139 -0.4012 -0.0623
vn 0.8875 -0.4051 -0.2197
vn 0.9089 -0.3468 -0.2315
vn 0.3914 -0.0795 -0.9168
vn 0.4837 -0.0514 -0.8737
vn 0.2646 -0.4937 -0.8284
vn 0.2692 -0.5864 -0.7640
vn 0.2956 -0.5321 -0.7934
vn 0.3281 -0.6392 -0.6955
vn 0.6262 -0.0070 -0.7797
vn 0.9803 -0.1891 -0.0566
vn 0.9969 0.0728 -0.0294
vn 0.9886 -0.1498 0.0176
vn 0.5492 -0.5790 -0.6026
vn 0.8263 -0.5425 -0.1516
vn 0.2780 -0.9556 -0.0974
vn 0.1349 -0.9475 -0.2898
vn 0.3319 -0.5367 -0.7758
vn -0.5232 -0.8522 0.0079
vn -0.5621 -0.8268 -0.0222
vn -0.7364 -0.6582 0.1567
vn -0.7817 -0.5860 0.2133
vn -0.7537 -0.5979 0.2729
vn -0.4247 0.8558 0.2955
vn -0.4773 0.8036 0.3555
vn -0.5799 0.7276 0.3665
vn 0.7734 -0.6304 -0.0668
vn 0.7515 -0.6453 -0.1368
vn 0.7618 -0.6479 -0.0032
vn 0.0909 -0.9546 -0.2838
vn 0.9690 0.2465 -0.0195
vn 0.9673 0.2392 -0.0840
vn 0.9322 0.3140 -0.1803
vn 0.7392 0.2841 0.6106
vn 0.8008 0.1105 0.5887
vn 0.8406 0.0545 0.5390
vn 0.0823 -0.9297 -0.3589
vn 0.4195 -0.9053 0.0672
vn 0.1785 -0.9838 -0.0173
vn 0.2135 -0.8678 -0.4487
vn 0.5047 -0.7134 -0.4862
vn 0.3167 -0.5380 -0.7812
vn 0.5226 -0.3068 -0.7955
vn 0.6619 -0.1517 -0.7341
vn 0.7208 -0.5377 -0.4374
vn -0.7240 -0.2641 0.6372
vn -0.5104 -0.6929 0.5094
vn -0.5287 -0.5866 0.6134
vn 0.7307 -0.6801 0.0592
vn -0.0337 0.9733 -0.2272
vn -0.5304 0.7919 0.3026
vn -0.6195 0.6948 0.3655
vn -0.4051 0.8805 0.2461
vn -0.3483 0.6786 0.6467
vn -0.5041 0.5575 0.6596
vn -0.6225 0.4293 0.6544
vn 0.2392 0.9573 0.1622
vn 0.3467 0.8278 0.4412
vn -0.0725 0.8068 0.5863
vn -0.1693 0.9635 0.2074
vn -0.4169 0.3387 0.8435
vn -0.5583 0.2085 0.8030
vn -0.2237 0.4549 0.8620
vn 0.1158 0.5761 0.8092
vn 0.5904 0.5312 0.6076
vn 0.8772 0.4633 0.1261
vn 0.9726 0.1189 0.1998
vn 0.3259 0.2233 0.9187
vn 0.4222 -0.2522 0.8707
vn 0.1221 -0.1906 0.9740
vn -0.0533 0.1664 0.9846
vn 0.7701 0.0471 0.6362
vn 0.9343 -0.2918 0.2047
vn -0.2707 0.0646 0.9605
vn -0.4277 -0.0711 0.9011
vn -0.0672 -0.2476 0.9665
vn -0.2225 -0.3679 0.9028
vn 0.0961 -0.4329 0.8963
vn 0.2988 -0.6454 0.7030
vn 0.1949 -0.7010 0.6860
vn -0.0429 -0.5388 0.8413
vn 0.2219 -0.4259 0.8771
vn 0.3038 -0.7243 0.6189
vn 0.3904 -0.5663 0.7259
vn 0.2600 -0.8733 0.4121
vn 0.5377 -0.8422 0.0382
vn 0.0841 -0.8302 0.5511
vn 0.6027 -0.7799 0.1691
vn -0.0086 -0.9480 0.3181
vn 0.4893 -0.8516 -0.1883
vn 0.7527 -0.4043 -0.5196
vn 0.7442 -0.3022 -0.5957
vn 0.7721 -0.4584 -0.4402
vn 0.5999 -0.7844 0.1574
vn 0.7513 -0.1862 -0.6332
vn 0.7624 -0.0661 -0.6437
vn 0.4846 -0.6923 -0.5347
vn 0.4726 -0.7878 -0.3950
vn 0.7593 0.1803 -0.6253
vn 0.7740 0.2732 -0.5712
vn 0.7324 0.0837 -0.6757
vn 0.7117 -0.0140 -0.7023
vn 0.6653 0.4991 -0.5553
vn 0.6180 0.4314 -0.6572
vn 0.5777 0.3368 -0.7435
vn 0.2480 0.9268 -0.2819
vn 0.1880 0.8893 -0.4170
vn 0.1446 0.8192 -0.5549
vn -0.4132 0.8858 0.2112
vn -0.4265 0.8979 0.1089
vn -0.4406 0.8977 0.0064
vn -0.7390 0.4409 0.5094
vn -0.7762 0.3304 0.5370
vn 0.2089 -0.9686 0.1345
vn 0.2306 -0.9672 0.1065
vn 0.1944 -0.9794 0.0550
vn -0.0823 -0.9769 0.1974
vn -0.0526 -0.9877 0.1473
vn -0.0892 -0.9847 0.1500
vn -0.7472 0.1860 0.6380
vn -0.7867 0.0452 0.6157
vn -0.7045 0.5367 0.4644
vn -0.8147 -0.0738 0.5752
vn -0.6737 0.6107 0.4161
vn -0.6987 0.3096 0.6450
vn -0.7540 -0.1687 0.6348
vn -0.7873 -0.2510 0.5632
vn -0.7086 -0.0496 0.7038
vn -0.6485 0.0780 0.7572
vn -0.6931 -0.3780 0.6137
vn -0.7425 -0.4163 0.5247
vn -0.6230 -0.3090 0.7186
vn -0.4734 -0.5901 0.6539
vn -0.5778 -0.6267 0.5229
vn -0.6492 -0.6311 0.4245
vn -0.5350 -0.2044 0.8198
vn -0.3495 -0.4985 0.7933
vn -0.4220 -0.8224 0.3817
vn -0.5027 -0.8213 0.2697
vn -0.3077 -0.7812 0.5432
vn -0.0736 -0.9942 0.0785
vn -0.1089 -0.9898 -0.0919
vn -0.1743 -0.6761 0.7159
vn -0.6946 -0.6297 0.3478
vn -0.5564 -0.8085 0.1915
vn -0.1319 -0.9713 -0.1979
vn 0.0750 -0.7801 -0.6212
vn 0.1849 -0.8251 -0.5338
vn 0.4125 -0.3612 -0.8363
vn 0.2580 -0.2816 -0.9242
vn 0.4637 -0.0950 -0.8809
vn 0.2952 -0.0768 -0.9523
vn 0.5075 -0.6105 -0.6081
vn 0.4887 -0.6939 -0.5288
vn -0.3862 -0.8794 -0.2786
vn -0.2447 -0.9277 -0.2820
vn 0.5502 -0.5712 -0.6091
vn 0.2642 -0.5694 0.7785
vn 0.1780 -0.6416 0.7461
vn 0.1910 -0.4970 0.8465
vn 0.3138 -0.3951 0.8634
vn 0.3201 -0.6331 0.7048
vn 0.3210 -0.4501 0.8333
vn 0.7802 0.0396 -0.6243
vn 0.3138 -0.8620 -0.3982
vn 0.4521 -0.7919 0.4106
vn 0.4177 -0.8112 0.4093
vn 0.2472 -0.8122 0.5284
vn 0.0866 -0.9342 -0.3461
vn 0.0501 -0.9641 -0.2608
vn -0.0083 -0.9981 -0.0609
vn 0.1655 -0.0564 -0.9846
vn -0.0241 -0.1154 -0.9930
vn -0.0191 -0.0160 -0.9997
vn -0.0301 0.0755 -0.9967
vn 0.1646 0.0328 -0.9858
vn 0.7516 0.5466 0.3694
vn 0.4501 0.7824 0.4304
vn 0.2721 0.8640 0.4236
vn 0.6593 0.5721 0.4879
vn 0.1466 0.8483 0.5089
vn 0.0949 0.7379 0.6682
vn 0.6747 0.6290 0.3862
vn -0.0341 0.9428 0.3317
vn 0.0486 0.9657 0.2549
vn -0.2029 -0.8455 0.4940
vn -0.0803 -0.9075 0.4123
vn -0.1067 -0.8641 0.4919
vn 0.2307 -0.9617 -0.1482
vn 0.1432 -0.9897 0.0011
vn 0.0720 -0.9942 -0.0798
vn 0.0351 -0.9847 -0.1707
vn 0.1836 -0.9732 -0.1387
vn 0.2524 -0.9510 -0.1785
vn -0.3852 0.4024 0.8304
vn -0.4207 0.2716 0.8656
vn -0.5317 0.2853 0.7974
vn -0.3751 0.3419 0.8616
vn -0.3340 0.5055 0.7956
vn 0.8989 0.3415 -0.2746
vn 0.6986 0.1110 0.7069
vn 0.7446 -0.0296 0.6668
vn 0.7010 0.0659 0.7101
vn 0.7588 0.0735 0.6472
vn 0.6285 0.3062 0.7150
vn 0.6178 0.2096 0.7579
vn 0.6707 0.1928 0.7162
vn 0.4621 -0.7609 0.4554
vn 0.9187 -0.2882 0.2700
vn 0.9377 -0.2146 0.2733
vn 0.9057 -0.1831 0.3824
vn 0.8491 -0.2859 0.4442
vn 0.8345 -0.3485 0.4269
vn 0.6384 -0.7589 0.1286
vn 0.9495 0.1679 -0.2649
vn 0.9903 -0.0086 -0.1385
vn 0.9682 -0.1682 -0.1851
vn 0.9673 -0.0187 -0.2530
vn 0.7683 -0.5034 0.3953
vn 0.9473 -0.2898 -0.1363
vn 0.6310 -0.7586 0.1626
vn 0.8464 -0.5173 -0.1267
vn 0.3922 0.4267 0.8149
vn 0.4666 -0.1283 0.8751
vn 0.8091 -0.2564 0.5289
vn 0.7730 -0.0498 0.6324
vn 0.7368 -0.0129 0.6760
vn 0.5253 -0.0659 0.8484
vn 0.4901 -0.1509 0.8585
vn 0.4449 -0.2445 0.8616
vn 0.8051 -0.1073 0.5834
vn 0.3653 0.7609 0.5363
vn 0.3517 0.1902 0.9166
vn 0.3145 0.6071 0.7297
vn 0.3363 0.4315 0.8371
vn 0.2717 0.4577 0.8466
vn 0.3184 0.1389 0.9377
vn 0.2889 0.7506 0.5942
vn 0.2388 0.8842 0.4014
vn 0.2913 0.9197 0.2634
vn -0.8543 0.1913 -0.4833
vn -0.9777 0.0327 -0.2076
vn -0.9523 0.0751 -0.2959
vn -0.9050 0.1587 -0.3947
vn -0.7813 0.5751 -0.2426
vn -0.6689 0.6358 -0.3850
vn -0.5836 0.5734 -0.5751
vn -0.7991 0.2200 -0.5594
vn -0.7663 0.2407 -0.5957
vn -0.7457 0.2655 -0.6110
vn -0.8739 0.1709 -0.4551
vn 0.4834 -0.5074 0.7134
vn -0.8416 -0.3281 0.4290
vn -0.8157 -0.2982 0.4957
vn -0.7775 -0.4403 0.4491
vn -0.8513 -0.4548 0.2617
vn -0.8808 -0.3551 0.3131
vn 0.4875 -0.6675 0.5628
vn 0.8616 -0.3606 0.3572
vn 0.5004 -0.4580 0.7348
vn 0.8030 -0.2805 0.5259
vn 0.3947 -0.1395 0.9082
vn 0.6954 0.0538 0.7166
vn 0.3242 -0.0435 0.9450
vn 0.9904 0.0820 0.1115
vn 0.9921 0.1101 0.0601
vn 0.9635 0.2381 0.1223
vn 0.6809 0.2494 0.6886
vn 0.7262 0.3925 0.5644
vn 0.2157 0.1111 0.9701
vn 0.1885 0.2565 0.9480
vn 0.1324 0.5168 0.8458
vn 0.6602 0.5919 0.4624
vn 0.1540 0.4750 0.8664
vn 0.2246 0.1812 0.9575
vn -0.3601 -0.1341 0.9232
vn -0.4212 -0.2716 0.8654
vn -0.4362 -0.3074 0.8457
vn -0.4267 -0.2696 0.8633
vn -0.4308 -0.3063 0.8489
vn -0.4727 -0.3126 0.8239
vn -0.4568 -0.2571 0.8516
vn -0.4335 -0.2332 0.8705
vn -0.6302 -0.2736 0.7266
vn 0.1990 0.1049 0.9744
vn 0.2615 -0.0058 0.9652
vn 0.9093 0.2924 -0.2960
vn -0.5886 -0.2004 0.7832
vn -0.1690 -0.2204 0.9607
vn 0.7046 0.3965 -0.5884
vn 0.9342 0.2888 -0.2095
vn 0.2014 0.3695 -0.9072
vn -0.0531 0.1388 -0.9889
vn -0.0791 -0.0832 -0.9934
vn -0.7769 -0.6164 -0.1284
vn -0.7929 -0.3075 -0.5261
vn -0.8496 -0.3436 -0.4002
vn -0.8905 -0.3311 -0.3120
vn -0.8799 -0.4529 -0.1439
vn -0.8364 -0.5293 -0.1423
vn 0.0756 -0.3729 -0.9248
vn 0.0145 -0.2511 -0.9678
vn 0.1385 -0.4613 -0.8763
vn -0.2771 -0.4063 -0.8707
vn -0.1488 -0.4112 -0.8993
vn 0.0961 -0.4483 -0.8887
vn 0.3805 -0.5933 -0.7094
vn 0.2709 -0.5724 -0.7739
vn 0.4070 -0.5688 -0.7147
vn 0.4253 0.6116 0.6671
vn 0.2586 0.6337 0.7291
vn -0.7043 0.3036 0.6417
vn -0.8012 0.2015 0.5634
vn -0.7708 0.0888 0.6308
vn -0.7052 0.1620 0.6903
vn -0.6772 0.1794 0.7136
vn -0.0448 0.0081 -0.9990
vn 0.0093 0.1885 -0.9820
vn -0.8129 -0.2395 0.5309
vn -0.7653 -0.2987 0.5703
vn -0.7516 -0.3708 0.5455
vn 0.1186 -0.3804 0.9172
vn 0.1874 -0.2962 0.9366
vn 0.2446 -0.2347 0.9408
vn 0.2725 -0.1429 0.9515
vn -0.9258 -0.1211 0.3580
vn 0.0513 -0.2263 -0.9727
vn -0.0098 0.2209 -0.9753
vn 0.0837 0.2430 -0.9664
vn 0.1694 -0.1132 -0.9790
vn 0.6555 0.1852 0.7321
vn 0.5077 0.1075 0.8548
vn 0.6353 0.1844 0.7499
vn 0.5654 -0.7555 -0.3310
vn 0.6457 -0.6429 -0.4120
vn 0.5711 -0.7205 -0.3935
vn 0.4973 -0.8275 -0.2608
vn 0.3536 -0.9308 0.0930
vn 0.3855 -0.9217 0.0423
vn 0.3172 -0.9467 -0.0566
vn 0.2902 -0.9569 -0.0142
vn 0.5936 -0.4600 -0.6603
vn 0.8638 -0.4404 -0.2448
vn 0.7434 -0.6392 -0.1970
vn 0.8630 -0.4812 -0.1540
vn 0.7189 -0.6383 -0.2752
vn 0.6906 -0.5943 -0.4122
vn 0.8538 -0.4867 -0.1845
vn 0.8604 -0.4204 -0.2882
vn 0.6493 -0.5352 -0.5404
vn 0.2029 -0.5158 -0.8324
vn 0.8510 -0.3357 -0.4038
vn 0.6155 -0.4469 -0.6492
vn 0.9124 -0.3306 -0.2412
vn 0.8883 -0.4218 -0.1818
vn 0.8232 -0.5600 -0.0935
vn 0.8336 -0.5377 -0.1264
vn 0.9321 -0.2569 -0.2552
vn 0.9427 -0.1595 -0.2929
vn 0.9174 -0.2425 -0.3154
vn 0.9083 -0.1849 -0.3751
vn 0.8352 -0.2559 -0.4868
vn -0.1629 -0.5410 -0.8251
vn -0.1862 -0.5322 -0.8259
vn 0.5979 -0.3395 -0.7261
vn 0.5817 -0.2192 -0.7833
vn 0.5238 -0.1245 -0.8427
vn -0.0411 -0.1621 -0.9859
vn 0.8237 -0.1712 -0.5405
vn 0.8096 -0.0742 -0.5822
vn 0.4364 -0.0499 -0.8984
vn 0.7805 0.0087 -0.6251
vn 0.3034 0.0917 -0.9484
vn -0.1116 -0.2374 0.9650
vn -0.1002 -0.3097 0.9455
vn 0.2747 -0.0157 0.9614
vn 0.2538 0.0532 0.9658
vn 0.8855 0.0225 -0.4641
vn 0.8931 -0.0605 -0.4458
vn 0.8974 -0.1387 -0.4188
vn 0.9188 0.0845 -0.3856
vn 0.9186 0.0322 -0.3938
vn 0.9105 0.0714 -0.4074
vn 0.9204 -0.0205 -0.3905
vn 0.9488 -0.1046 -0.2981
vn 0.9477 -0.0409 -0.3166
vn 0.9570 -0.0162 -0.2897
vn 0.9410 0.0156 -0.3381
vn 0.8853 0.1022 -0.4537
vn 0.8859 0.0571 -0.4603
vn 0.9101 0.0982 -0.4026
vn 0.9381 0.0372 -0.3445
vn -0.8918 -0.4011 0.2091
vn -0.7551 -0.3973 0.5216
vn -0.8194 -0.2946 0.4917
vn -0.8456 -0.2392 0.4771
vn -0.9445 -0.2909 0.1524
vn -0.9283 -0.3274 0.1764
vn 0.5927 -0.7746 -0.2207
vn 0.5210 -0.8491 -0.0868
vn 0.2613 -0.9525 -0.1565
vn 0.3730 -0.9026 -0.2148
vn 0.7211 0.1014 -0.6854
vn 0.5630 0.1115 -0.8189
vn 0.5991 0.1893 -0.7780
vn 0.7467 0.1520 -0.6475
vn 0.4510 0.1088 -0.8859
vn 0.4866 0.2003 -0.8504
vn 0.5208 0.0308 -0.8531
vn 0.4152 0.0058 -0.9097
vn 0.8721 -0.4422 0.2095
vn 0.5701 -0.6504 0.5020
vn 0.7385 -0.5076 0.4438
vn 0.8360 -0.4797 0.2665
vn 0.5317 -0.3143 0.7865
vn 0.7388 -0.3373 0.5834
vn 0.3181 -0.0001 -0.9481
vn 0.3443 0.1135 -0.9320
vn 0.4828 0.1686 -0.8593
vn 0.4154 0.0736 -0.9067
vn 0.6090 0.2591 -0.7497
vn -0.1465 0.0080 -0.9892
vn -0.1633 0.1099 -0.9804
vn -0.2868 0.0299 -0.9575
vn -0.3092 0.1429 -0.9402
vn 0.7028 0.5712 0.4240
vn 0.6462 0.6261 0.4364
vn 0.6964 0.4852 0.5288
vn 0.5999 0.5524 0.5788
vn 0.5747 0.5518 0.6043
vn -0.4483 0.0478 -0.8926
vn -0.4774 0.1703 -0.8620
vn -0.5351 -0.0545 -0.8430
vn -0.5666 0.0525 -0.8223
vn -0.6367 -0.0685 -0.7681
vn -0.6654 0.0395 -0.7454
vn -0.8208 -0.1864 -0.5400
vn -0.7619 -0.1263 -0.6352
vn -0.7275 -0.2723 -0.6297
vn -0.7914 -0.3295 -0.5149
vn -0.8642 -0.2564 -0.4329
vn -0.8332 -0.3868 -0.3953
vn -0.8514 -0.4290 -0.3017
vn -0.8929 -0.3373 -0.2982
vn -0.4515 -0.1726 -0.8754
vn -0.3946 -0.2420 -0.8864
vn -0.2661 -0.2099 -0.9408
vn -0.3191 -0.3393 -0.8849
vn -0.2504 -0.4128 -0.8757
vn 0.5758 0.7460 0.3346
vn 0.4918 0.8228 0.2848
vn -0.7212 -0.6282 -0.2921
vn -0.8092 -0.4606 -0.3647
vn -0.0148 -0.2928 -0.9561
vn 0.0626 -0.3555 -0.9326
vn -0.0402 -0.4227 -0.9054
vn -0.1213 -0.3513 -0.9284
vn 0.1536 -0.4555 -0.8769
vn 0.0751 -0.5332 -0.8426
vn 0.2136 -0.3729 -0.9030
vn -0.8015 -0.3906 0.4529
vn -0.7687 -0.3989 0.4999
vn -0.7302 -0.4304 0.5306
vn 0.2662 0.2536 -0.9299
vn -0.2922 -0.9300 -0.2231
vn -0.2065 -0.9059 -0.3698
vn -0.1102 -0.9463 -0.3039
vn 0.0151 -0.9633 -0.2679
vn 0.0958 -0.9426 -0.3199
vn -0.0079 -0.9142 -0.4052
vn -0.1204 -0.8637 -0.4894
vn -0.2896 -0.7472 -0.5982
vn -0.1808 -0.6943 -0.6966
vn -0.4150 -0.6235 -0.6626
vn -0.3047 -0.5687 -0.7641
vn -0.1683 -0.4952 -0.8523
vn -0.0407 -0.6138 -0.7884
vn 0.4883 -0.4524 -0.7463
vn 0.2998 -0.2122 -0.9301
vn -0.1689 -0.7813 -0.6009
vn -0.0520 -0.6174 -0.7849
vn -0.0859 -0.8344 -0.5444
vn -0.0384 -0.8496 -0.5260
vn -0.7050 -0.0894 -0.7036
vn -0.7313 0.0173 -0.6819
vn -0.7510 0.1483 -0.6435
vn -0.6841 0.1711 -0.7091
vn -0.8658 0.2799 -0.4148
vn -0.8058 0.3312 -0.4910
vn -0.8145 0.2284 -0.5334
vn -0.8739 0.1704 -0.4553
vn -0.7522 -0.0723 0.6550
vn -0.6252 -0.0746 0.7769
vn -0.8591 -0.1583 0.4867
vn -0.8466 -0.0245 0.5317
vn -0.7200 -0.0888 0.6883
vn -0.6638 -0.1339 0.7359
vn 0.3281 0.0984 -0.9395
vn 0.3960 0.1588 -0.9044
vn 0.6078 0.1156 -0.7856
vn 0.3717 0.0473 -0.9272
vn 0.1288 0.1033 -0.9863
vn -0.4011 0.8770 -0.2645
vn -0.4464 0.8312 -0.3313
vn -0.5290 0.8067 -0.2633
vn -0.5853 0.7828 -0.2111
vn -0.4903 0.8674 -0.0848
vn -0.3591 0.9107 -0.2041
vn -0.6900 -0.7192 0.0814
vn -0.7910 -0.5783 0.1998
vn 0.9359 -0.3513 0.0273
vn 0.9274 -0.3628 -0.0910
vn 0.5485 -0.8048 0.2265
vn 0.5393 -0.8124 0.2217
vn 0.4790 -0.8778 0.0039
vn 0.8915 -0.4531 -0.0044
vn 0.0134 0.8138 0.5810
vn -0.0755 0.8483 0.5242
vn 0.1987 0.8162 0.5425
vn -0.3264 -0.1947 0.9250
vn -0.2323 -0.3396 0.9114
vn -0.1693 -0.3487 0.9218
vn -0.2539 -0.1908 0.9482
vn 0.3929 0.5531 -0.7346
vn -0.2288 0.4273 -0.8747
vn 0.6161 0.3196 0.7199
vn 0.5866 0.3428 0.7337
vn 0.5915 0.4244 0.6856
vn 0.8084 0.1470 0.5700
vn 0.6837 0.4065 0.6061
vn 0.7197 0.0745 0.6903
vn 0.7244 -0.0390 0.6883
vn 0.6942 0.2448 0.6768
vn 0.6188 0.3017 0.7253
vn 0.6679 0.0315 0.7435
vn 0.4883 0.3163 0.8134
vn 0.8373 0.2603 0.4809
vn 0.7619 0.4758 0.4394
vn 0.8568 -0.1451 0.4949
vn 0.8582 -0.0721 0.5082
vn 0.8423 0.3793 0.3829
vn 0.7962 0.5182 0.3123
vn 0.8863 0.0903 0.4543
vn 0.9181 0.2801 0.2806
vn 0.9585 0.2550 0.1272
vn 0.9791 0.1944 0.0594
vn 0.1485 -0.9010 0.4077
vn 0.7433 -0.6614 -0.1003
vn 0.4917 -0.4854 0.7230
vn 0.7765 -0.6182 0.1217
vn 0.6456 -0.4356 0.6272
vn 0.6275 -0.3545 0.6932
vn 0.5483 -0.3240 0.7710
vn 0.4684 -0.4313 0.7711
vn 0.8825 -0.3643 0.2975
vn 0.9255 -0.3072 0.2215
vn 0.8613 -0.1787 0.4757
vn 0.8760 -0.1772 0.4485
vn 0.9290 0.1249 0.3484
vn 0.9765 0.1739 0.1272
vn 0.9757 -0.1069 0.1911
vn 0.8991 -0.1243 0.4196
vn 0.9877 -0.0274 -0.1542
vn 0.9628 -0.2430 -0.1179
vn 0.9532 -0.2320 0.1938
vn -0.8645 0.2925 0.4088
vn -0.4928 0.8701 -0.0058
vn -0.5607 0.8271 0.0388
vn -0.5988 0.7935 0.1085
vn -0.5442 0.7658 0.3427
vn -0.2664 -0.1072 0.9579
vn -0.1256 -0.2847 0.9504
vn -0.7271 -0.0045 0.6866
vn -0.4649 0.0006 0.8854
vn -0.3602 0.0383 0.9321
vn -0.4286 -0.0123 0.9034
vn 0.6171 0.7508 -0.2353
vn 0.7293 0.4862 0.4814
vn 0.8069 0.5884 0.0519
vn 0.8197 0.5432 0.1818
vn 0.7959 0.6037 -0.0444
vn 0.7479 0.6564 -0.0987
vn 0.6992 0.7112 0.0730
vn 0.7411 0.6642 0.0980
vn 0.7587 0.6514 0.0108
vn 0.7876 0.6142 0.0498
vn 0.7692 0.6382 -0.0311
vn 0.7358 0.4805 0.4772
vn 0.7739 0.4353 0.4600
vn 0.8482 0.5289 -0.0284
vn 0.7937 0.6075 -0.0309
vn 0.7193 0.5244 -0.4557
vn 0.5583 0.4006 -0.7265
vn 0.6532 0.3459 -0.6736
vn 0.7468 0.4886 -0.4511
vn 0.4639 0.4615 -0.7561
vn 0.4336 0.2634 -0.8617
vn 0.3662 0.4890 -0.7917
vn -0.0434 0.9304 0.3640
vn -0.1612 0.8699 0.4661
vn 0.6563 0.2177 -0.7224
vn 0.4523 0.2265 -0.8626
vn -0.4944 -0.3571 0.7925
vn -0.5525 -0.3783 0.7427
vn 0.7894 0.2225 -0.5721
vn -0.3121 -0.9494 -0.0346
vn -0.6234 -0.3906 0.6774
vn -0.5528 -0.4891 0.6747
vn -0.9058 0.1120 -0.4087
vn -0.8815 0.0836 -0.4647
vn -0.8565 0.0132 -0.5160
vn -0.9853 0.0029 -0.1709
vn -0.9884 0.0495 -0.1439
vn 0.7869 0.4496 0.4227
vn 0.5930 0.3508 0.7248
vn 0.6433 0.3115 0.6994
vn 0.8190 0.3717 0.4372
vn 0.2612 0.2422 -0.9344
vn -0.2993 0.2609 -0.9178
vn -0.2988 0.3199 -0.8991
vn -0.2930 0.3705 -0.8814
vn -0.3150 0.4348 -0.8437
vn 0.0460 0.4446 -0.8945
vn 0.8587 0.2499 -0.4475
vn 0.6791 0.0523 -0.7322
vn -0.7258 -0.2011 0.6579
vn -0.7641 -0.3142 0.5634
vn -0.7927 -0.1284 0.5960
vn -0.8201 -0.2005 0.5359
vn -0.8395 -0.2672 0.4731
vn 0.3748 0.2161 -0.9015
vn 0.2786 0.2397 -0.9300
vn 0.3127 0.3439 -0.8854
vn 0.2559 0.1306 -0.9578
vn 0.1878 0.2666 -0.9453
vn 0.2148 0.3767 -0.9011
vn 0.1736 0.1530 -0.9729
vn 0.0947 0.2925 -0.9516
vn 0.1141 0.4106 -0.9047
vn -0.0395 0.3301 -0.9431
vn -0.0272 0.4581 -0.8885
vn -0.9651 -0.1967 0.1726
vn -0.9917 -0.1095 0.0670
vn -0.9739 -0.2265 0.0151
vn -0.9180 -0.3509 0.1850
vn -0.9358 -0.2521 0.2465
vn -0.1798 0.3752 -0.9093
vn -0.1671 0.5075 -0.8453
vn -0.0378 0.2057 -0.9779
vn -0.1759 0.2454 -0.9533
vn -0.3260 0.2768 -0.9039
vn -0.3308 0.4053 -0.8522
vn -0.4996 0.2901 -0.8162
vn -0.5049 0.4065 -0.7615
vn -0.5904 0.1812 -0.7865
vn -0.5928 0.5354 -0.6016
vn -0.4822 0.5465 -0.6847
vn -0.6751 0.5188 -0.5245
vn -0.3122 0.5408 -0.7811
vn -0.4452 0.6621 -0.6028
vn -0.2839 0.6480 -0.7067
vn -0.1448 0.6162 -0.7742
vn -0.2443 0.7452 -0.6204
vn -0.1075 0.7171 -0.6887
vn -0.1924 0.8322 -0.5200
vn -0.0555 0.8067 -0.5883
vn -0.0053 0.5718 -0.8203
vn 0.0784 0.7712 -0.6318
vn 0.0304 0.6794 -0.7331
vn -0.0180 0.8570 -0.5150
vn 0.1690 0.6297 -0.7582
vn 0.1385 0.5200 -0.8429
vn 0.2032 0.7244 -0.6588
vn 0.3048 0.6678 -0.6791
vn 0.2789 0.5750 -0.7691
vn 0.2467 0.4740 -0.8453
vn 0.6295 -0.2151 0.7466
vn 0.6302 -0.2497 0.7352
vn 0.5759 0.0398 0.8165
vn 0.4440 0.0826 0.8922
vn 0.3976 0.0388 0.9167
vn 0.2944 0.0017 0.9557
vn -0.3372 -0.4196 0.8427
vn -0.3201 -0.6615 0.6782
vn -0.0611 -0.4547 0.8886
vn 0.4126 0.5962 -0.6887
vn 0.5195 0.5710 -0.6357
vn -0.3336 0.0675 0.9403
vn -0.1635 0.1608 0.9734
vn -0.2406 0.2001 0.9498
vn -0.3199 0.3420 -0.8836
vn -0.2028 0.3725 -0.9056
vn -0.1714 0.3807 -0.9087
vn 0.4373 -0.6983 -0.5667
vn 0.2329 -0.8083 -0.5407
vn 0.2347 -0.7198 -0.6533
vn 0.2021 -0.7539 -0.6251
vn 0.7851 0.4312 -0.4445
vn 0.7724 0.4616 -0.4363
vn 0.7110 0.5656 -0.4178
vn 0.7556 0.5244 -0.3925
vn 0.4199 -0.8933 0.1602
vn 0.3321 -0.9353 -0.1218
vn 0.2649 -0.9506 -0.1618
vn 0.2342 -0.9554 -0.1797
vn 0.6262 -0.7673 0.1383
vn 0.5927 -0.7743 0.2217
vn 0.8926 0.2333 -0.3859
vn 0.9007 0.1970 -0.3871
vn 0.8887 0.2298 -0.3967
vn 0.8921 0.1589 -0.4229
vn 0.8599 0.2236 -0.4590
vn 0.8095 0.3031 -0.5028
vn 0.8407 0.2539 -0.4782
vn 0.7465 0.2353 -0.6224
vn -0.3191 0.2641 0.9102
vn -0.3829 0.3002 0.8737
vn -0.4336 0.1477 0.8889
vn -0.4538 -0.0339 0.8904
vn -0.4557 -0.1150 0.8827
vn -0.4942 -0.0842 0.8653
vn 0.6291 0.6971 -0.3439
vn 0.5526 0.7941 -0.2530
vn 0.6188 0.7625 -0.1888
vn 0.6855 0.6643 -0.2981
vn 0.5779 0.7190 -0.3862
vn 0.4943 0.8099 -0.3158
vn 0.5186 0.7301 -0.4449
vn -0.6169 0.2059 0.7596
vn 0.4065 -0.2552 0.8773
vn -0.6951 0.4988 0.5177
vn -0.7563 -0.1825 -0.6283
vn -0.8219 -0.1323 -0.5540
vn -0.8327 -0.0975 -0.5451
vn -0.5592 -0.0280 -0.8285
vn -0.7147 -0.3106 -0.6267
vn -0.7216 0.6403 0.2632
vn -0.7741 0.5967 0.2117
vn -0.8082 0.4922 0.3233
vn 0.4951 0.2836 -0.8212
vn 0.1395 0.1702 -0.9755
vn 0.0144 0.2588 -0.9658
vn -0.0965 0.2106 -0.9728
vn 0.2786 0.4896 -0.8262
vn 0.3693 0.4567 -0.8093
vn -0.3081 0.8881 -0.3412
vn -0.1555 0.8822 -0.4444
vn -0.3454 0.8422 -0.4139
vn -0.5078 0.7497 -0.4243
vn -0.5551 0.6552 -0.5125
vn -0.6388 0.6367 -0.4319
vn -0.5926 0.7259 -0.3492
vn -0.4002 0.7593 -0.5132
vn -0.6533 0.7460 0.1290
vn -0.1190 0.9902 -0.0737
vn -0.0447 0.9990 0.0036
vn 0.0569 0.9932 -0.1015
vn 0.0008 0.9840 -0.1783
vn -0.7437 -0.6036 0.2873
vn -0.7676 -0.5402 0.3450
vn -0.8141 -0.5228 0.2529
vn 0.3485 0.9248 -0.1527
vn 0.2670 0.9623 -0.0520
vn 0.3423 0.9394 0.0212
vn 0.4222 0.9032 -0.0772
vn 0.4969 0.8499 -0.1753
vn 0.4297 0.8684 -0.2475
vn 0.2647 0.9571 0.1182
vn 0.3460 0.9198 0.1851
vn 0.4257 0.9009 0.0847
vn 0.1900 0.9806 0.0473
vn 0.5048 0.8631 -0.0137
vn -0.2160 0.4477 0.8677
vn -0.1755 0.4006 0.8993
vn -0.0911 0.5048 0.8584
vn -0.1436 0.5525 0.8211
vn -0.2173 0.6041 0.7667
vn -0.2802 0.5008 0.8190
vn -0.5952 -0.4895 0.6373
vn -0.5698 -0.5624 0.5992
vn 0.5664 0.8083 0.1610
vn 0.6447 0.7373 0.2020
vn 0.5060 0.8524 0.1320
vn 0.4284 0.8701 0.2439
vn 0.6324 0.7735 0.0424
vn 0.6042 -0.7947 -0.0585
vn 0.6976 -0.7163 -0.0172
vn 0.5706 -0.8151 0.1002
vn 0.7575 -0.6132 0.2240
vn 0.8184 -0.4790 0.3175
vn 0.9477 -0.2063 0.2436
vn 0.9155 -0.3998 0.0456
vn 0.8612 -0.5077 0.0236
vn -0.1135 0.3361 0.9350
vn 0.6974 0.6789 0.2299
vn 0.6343 0.6806 0.3666
vn 0.6911 0.6021 0.3999
vn 0.7453 0.6132 0.2618
vn -0.3656 0.5396 0.7584
vn -0.4228 0.4253 0.8002
vn -0.4632 0.3252 0.8244
vn 0.5527 -0.4927 -0.6721
vn 0.3453 0.8650 0.3639
vn 0.2616 0.9175 0.2996
vn 0.2925 0.8512 0.4358
vn 0.1818 0.9562 0.2294
vn 0.1086 0.9814 0.1584
vn 0.0561 0.9702 0.2357
vn 0.0361 0.9957 0.0852
vn 0.1229 0.9921 -0.0249
vn 0.6016 0.4767 0.6410
vn 0.6236 0.5726 0.5323
vn 0.5815 0.5434 0.6055
vn 0.5445 0.5150 0.6621
vn 0.5770 0.4302 0.6943
vn 0.7443 0.3147 -0.5891
vn 0.7804 0.4556 -0.4284
vn -0.0531 -0.9411 -0.3339
vn 0.0474 -0.9431 -0.3292
vn 0.1613 -0.9374 -0.3087
vn 0.2137 -0.8923 -0.3976
vn 0.1293 -0.8656 -0.4837
vn 0.0120 -0.8669 -0.4983
vn -0.1771 -0.8763 -0.4480
vn -0.1476 -0.8998 -0.4106
vn 0.5028 0.5302 -0.6827
vn 0.3497 0.4285 -0.8331
vn 0.3849 0.5144 -0.7663
vn 0.3794 -0.9086 -0.1748
vn 0.4205 -0.8964 -0.1399
vn 0.1598 -0.9293 0.3331
vn 0.0586 -0.9876 0.1457
vn -0.0181 -0.9994 -0.0280
vn -0.0381 -0.9671 -0.2515
vn 0.1129 -0.9341 -0.3386
vn 0.1807 -0.8848 -0.4295
vn 0.3633 -0.8806 -0.3042
vn 0.4296 -0.8769 -0.2155
vn 0.5344 -0.8281 -0.1694
vn 0.5117 -0.8409 -0.1762
vn 0.7511 -0.5786 -0.3178
vn 0.7715 -0.6081 -0.1871
vn -0.6340 0.7583 -0.1520
vn -0.6933 0.7173 -0.0694
vn -0.6442 0.7648 -0.0065
vn -0.5967 0.8010 0.0480
vn 0.7661 -0.6330 -0.1113
vn 0.8971 -0.4406 -0.0328
vn 0.8504 -0.4964 -0.1746
vn 0.9910 -0.0596 0.1201
vn 0.9806 0.0280 0.1940
vn 0.9817 0.1900 0.0161
vn 0.9830 0.1131 -0.1449
vn 0.9937 -0.0429 -0.1032
vn 0.9583 0.0739 0.2761
vn 0.8255 0.5636 0.0305
vn 0.2121 -0.2773 0.9371
vn -0.2525 -0.2439 0.9364
vn 0.1563 -0.1345 0.9785
vn -0.4691 -0.5372 0.7009
vn -0.2372 -0.9543 0.1819
vn -0.2476 -0.9394 0.2370
vn -0.3806 -0.4716 0.7954
vn 0.6185 -0.7858 0.0014
vn 0.5818 -0.8015 0.1384
vn 0.5445 -0.8178 0.1864
vn 0.6881 0.3593 0.6304
vn 0.8189 0.3739 0.4355
vn 0.5162 0.4810 0.7087
vn 0.4972 0.5208 0.6940
vn -0.4546 -0.8903 -0.0254
vn -0.3513 -0.9351 0.0469
vn -0.6754 -0.6539 -0.3409
vn -0.5225 -0.8503 -0.0632
vn 0.7393 -0.4507 0.5003
vn 0.8056 -0.4351 0.4021
vn 0.8058 0.0226 0.5918
vn 0.7305 -0.0096 0.6828
vn -0.1460 -0.9264 -0.3472
vn -0.2330 -0.9146 -0.3306
vn 0.9174 -0.0092 0.3979
vn 0.9666 -0.1516 0.2066
vn 0.9243 0.2920 0.2457
vn 0.8850 0.4594 0.0761
vn 0.8014 0.5449 0.2468
vn 0.9346 0.3500 0.0630
vn 0.8536 0.5162 0.0698
vn 0.8103 0.5778 0.0983
vn 0.9579 0.2623 -0.1165
vn 0.8751 0.4600 -0.1504
vn 0.9198 0.1773 -0.3501
vn 0.8420 0.3916 -0.3710
vn 0.9895 -0.1150 -0.0878
vn 0.9298 -0.2336 -0.2843
vn 0.8389 -0.4505 -0.3054
vn 0.9233 0.0745 -0.3767
vn 0.6528 -0.7492 -0.1123
vn 0.5178 -0.8460 -0.1276
vn 0.7952 -0.6020 -0.0728
vn 0.8879 -0.0734 -0.4540
vn 0.6898 -0.2972 -0.6602
vn 0.8637 0.3423 -0.3699
vn 0.2384 -0.9580 -0.1597
vn 0.2930 -0.8776 -0.3796
vn 0.5428 -0.8054 -0.2380
vn 0.4287 -0.8178 -0.3839
vn 0.9822 0.1695 -0.0815
vn 0.8294 0.0091 -0.5586
vn 0.7442 -0.3860 -0.5451
vn 0.9421 -0.3354 -0.0016
vn 0.5764 -0.6461 -0.5004
vn -0.2828 -0.7139 -0.6406
vn 0.5792 0.8148 0.0242
vn 0.5408 -0.1145 -0.8333
vn -0.3199 -0.2651 -0.9096
vn -0.4840 -0.3001 -0.8220
vn -0.3210 -0.1282 -0.9384
vn 0.1027 -0.1758 -0.9791
vn 0.1506 0.0096 -0.9885
vn -0.1276 -0.1161 -0.9850
vn -0.1123 -0.1730 -0.9785
vn -0.2199 -0.2526 -0.9423
vn -0.4572 -0.5209 -0.7209
vn -0.3255 -0.6472 -0.6894
vn 0.0422 -0.1847 -0.9819
vn -0.2030 -0.2389 -0.9496
vn -0.5132 -0.4506 -0.7304
vn -0.1596 -0.3085 -0.9377
vn -0.1332 -0.1999 -0.9707
vn -0.0807 -0.4446 -0.8921
vn -0.6004 -0.7972 -0.0627
vn -0.7785 0.4708 -0.4149
vn -0.1879 -0.5329 0.8251
vn -0.2757 -0.5160 0.8110
vn -0.0466 -0.5062 0.8611
vn -0.1155 -0.2411 0.9636
vn 0.0475 -0.3226 0.9454
vn -0.4448 -0.2854 -0.8489
vn -0.4843 -0.2805 -0.8287
vn -0.6752 -0.4858 0.5551
vn -0.7359 -0.6366 0.2306
vn 0.0037 -0.9662 -0.2578
vn -0.7865 -0.2763 0.5523
vn -0.5595 0.8286 0.0179
vn -0.7853 0.0690 0.6153
vn 0.0166 0.8307 -0.5564
vn 0.1292 0.8265 -0.5479
vn -0.4619 0.7406 -0.4879
vn -0.2709 0.6958 -0.6652
vn 0.3895 0.5840 -0.7122
vn -0.7427 -0.2684 0.6135
vn -0.6740 -0.3501 0.6505
vn -0.7684 -0.4974 0.4027
vn -0.8626 -0.3871 0.3256
vn 0.2637 0.1182 -0.9574
vn 0.5456 0.3478 -0.7625
vn 0.6309 0.2523 -0.7337
vn 0.3999 0.0205 -0.9163
vn 0.4638 -0.0925 -0.8811
vn -0.4620 -0.5663 -0.6826
vn -0.3342 -0.7067 -0.6236
vn -0.3431 0.8851 0.3145
vn 0.5174 -0.2260 -0.8254
vn -0.1860 -0.8249 -0.5338
vn -0.5946 -0.3587 -0.7196
vn 0.9424 0.1902 0.2751
vn 0.8848 0.2525 0.3916
vn 0.9317 0.1994 0.3035
vn 0.9794 0.1615 0.1211
vn 0.9912 0.0991 0.0872
vn -0.2133 -0.7431 0.6343
vn -0.4922 -0.4892 0.7200
vn -0.7490 -0.2833 0.5990
vn -0.7059 -0.3417 0.6205
vn -0.6312 -0.4418 0.6375
vn 0.2695 -0.9090 0.3180
vn -0.3699 -0.8365 0.4043
vn -0.3831 -0.7341 0.5606
vn -0.6316 -0.7050 0.3227
vn -0.5822 -0.5834 0.5663
vn 0.0923 0.5228 0.8475
vn -0.1784 -0.9836 -0.0270
vn -0.2548 -0.9532 -0.1630
vn -0.0692 -0.9536 -0.2932
vn -0.3570 -0.8149 -0.4566
vn -0.2974 -0.6158 -0.7296
vn -0.1029 -0.9229 -0.3711
vn 0.6833 0.6421 -0.3476
vn 0.5827 0.7555 -0.2994
vn 0.7157 0.6528 0.2484
vn 0.0808 -0.9277 -0.3645
vn 0.0613 -0.8885 -0.4547
vn 0.3701 -0.8883 -0.2720
vn 0.4810 -0.7578 -0.4409
vn 0.6461 -0.4874 -0.5874
vn -0.6298 -0.7072 0.3214
vn -0.7201 -0.5864 0.3709
vn -0.9096 -0.3995 -0.1142
vn -0.7959 -0.5812 -0.1693
vn -0.7355 0.5920 -0.3294
vn -0.6891 0.6813 -0.2468
vn 0.0958 0.2265 0.9693
vn 0.1610 0.0740 0.9842
vn 0.6087 0.4592 0.6470
vn -0.6809 -0.2449 0.6902
vn -0.7006 -0.2859 0.6538
vn -0.5916 -0.2147 0.7771
vn 0.4368 0.5850 -0.6834
vn -0.3679 -0.7316 0.5740
vn -0.4258 -0.6441 0.6354
vn -0.0803 -0.6132 0.7858
vn -0.5168 -0.5714 0.6375
vn -0.5763 -0.4567 0.6777
vn -0.4760 -0.5131 0.7143
vn -0.1136 -0.3636 0.9246
vn -0.0953 -0.4807 0.8717
vn -0.1226 0.0319 0.9919
vn -0.1643 0.1217 0.9789
vn -0.3739 0.4131 0.8304
vn -0.4108 0.7784 0.4747
vn 0.1404 0.5761 0.8052
vn 0.0709 0.8244 0.5615
vn 0.7221 0.5333 0.4407
vn 0.3091 0.3127 0.8982
vn 0.4798 0.1221 0.8688
vn 0.7992 0.4183 0.4316
vn 0.8590 0.2874 0.4236
vn 0.6229 -0.0756 0.7786
vn 0.5800 0.0135 0.8145
vn 0.8753 0.2272 0.4270
vn 0.7967 0.5500 0.2506
vn 0.6156 -0.1801 0.7672
vn 0.9152 0.3908 0.0987
vn 0.9436 0.3300 0.0255
vn 0.9138 0.3381 -0.2251
vn 0.8763 0.4252 -0.2264
vn 0.8214 0.5289 -0.2137
vn 0.8754 0.4567 0.1584
vn 0.5955 -0.2785 0.7535
vn 0.8563 0.2619 0.4451
vn 0.8610 0.2441 0.4462
vn 0.8875 0.2531 0.3850
vn 0.6178 -0.3384 0.7098
vn 0.7692 -0.3233 0.5512
vn 0.9180 0.2836 0.2773
vn 0.9296 0.3529 0.1067
vn 0.8658 0.4798 0.1422
vn 0.8537 0.5207 0.0058
vn -0.5091 -0.6434 -0.5718
vn -0.0699 0.1667 0.9835
vn -0.0082 0.0445 0.9990
vn 0.6900 0.1374 0.7107
vn 0.9287 0.1112 0.3538
vn 0.7985 0.5596 0.2220
vn 0.7300 -0.4919 0.4745
vn 0.7156 -0.5513 0.4289
vn 0.9145 -0.1376 0.3805
vn 0.8875 0.4581 0.0489
vn 0.4971 -0.6656 0.5567
vn 0.8530 0.0092 -0.5218
vn 0.7847 0.1950 -0.5884
vn 0.4877 0.4798 -0.7294
vn 0.4169 0.4640 -0.7816
vn 0.4035 0.4548 -0.7939
vn 0.3132 0.4131 -0.8551
vn 0.3932 0.4077 -0.8241
vn 0.3574 0.4390 -0.8244
vn 0.7502 0.2597 -0.6080
vn -0.9891 -0.1012 0.1071
vn -0.9575 -0.1323 -0.2565
vn -0.9298 -0.1980 -0.3102
vn -0.9729 -0.2207 0.0692
vn -0.9677 0.0114 0.2517
vn -0.9300 -0.2402 0.2782
vn -0.9127 -0.3131 0.2625
vn 0.9740 -0.2150 -0.0714
vn 0.9315 0.1059 -0.3481
vn 0.6988 -0.2401 0.6739
vn 0.7321 -0.0232 0.6808
vn 0.9005 0.2982 -0.3165
vn 0.7186 -0.3632 0.5930
vn 0.6932 0.1270 0.7095
vn 0.8899 0.3698 -0.2672
vn 0.5805 0.3870 0.7164
vn 0.8285 0.5145 -0.2213
vn 0.3917 0.6489 0.6523
vn 0.7396 0.6485 -0.1803
vn 0.1445 0.8500 0.5066
vn 0.5207 0.8214 -0.2327
vn 0.4037 0.8733 -0.2726
vn 0.5043 0.6210 -0.6001
vn 0.6928 0.3649 -0.6220
vn 0.6589 0.4291 -0.6179
vn -0.4611 -0.2483 0.8519
vn -0.9867 -0.1417 0.0795
vn -0.6020 -0.4647 0.6493
vn -0.4956 -0.3412 0.7987
vn 0.7070 0.3366 -0.6219
vn -0.5020 -0.4712 -0.7253
vn -0.4339 -0.2664 -0.8607
vn -0.1528 -0.7678 -0.6223
vn -0.1648 -0.8633 -0.4771
vn -0.0561 -0.9494 -0.3089
vn -0.0429 -0.9962 -0.0761
vn 0.1488 -0.9627 -0.2258
vn 0.1000 -0.9012 -0.4218
vn 0.7435 0.6188 0.2533
vn 0.0527 -0.9328 -0.3566
vn 0.4820 0.0621 0.8740
vn 0.4776 0.0121 0.8785
vn 0.4975 -0.3099 0.8102
vn 0.7817 -0.1107 0.6137
vn 0.7438 0.1694 0.6466
vn 0.7192 0.2638 0.6427
vn -0.2280 -0.8171 0.5295
vn -0.0879 -0.5519 0.8293
vn -0.2748 -0.2443 0.9300
vn -0.8481 -0.4372 -0.2992
vn -0.9020 -0.4301 0.0380
vn -0.7702 -0.6364 -0.0424
vn -0.9422 -0.2192 0.2534
vn -0.9464 -0.1981 0.2552
vn 0.4230 -0.8147 -0.3967
vn 0.4321 -0.8513 -0.2976
vn 0.4429 -0.8887 -0.1183
vn 0.4370 -0.8832 -0.1703
vn -0.9648 -0.0155 0.2625
vn -0.8866 0.0928 -0.4531
vn -0.9399 0.2995 -0.1637
vn -0.8513 0.4937 0.1774
vn -0.2937 0.6286 -0.7202
vn -0.0000 0.8845 -0.4665
vn -0.5541 0.5957 0.5815
vn -0.4680 0.5848 0.6625
vn -0.4375 0.5766 0.6900
vn -0.5003 0.5675 0.6539
vn -0.5433 -0.0341 0.8389
vn -0.7159 0.6237 0.3137
vn -0.1308 0.9913 -0.0155
vn -0.0386 0.9775 -0.2076
vn -0.0638 0.9945 -0.0831
vn -0.9150 0.0539 0.3999
vn -0.8634 0.1327 0.4868
vn -0.8543 -0.5192 -0.0243
vn -0.8910 -0.3866 -0.2379
vn -0.8476 -0.4424 0.2930
vn -0.7852 -0.5795 0.2183
vn -0.9006 -0.2158 0.3772
vn -0.8163 0.2233 0.5327
vn -0.8390 -0.1517 0.5226
vn -0.8664 -0.1970 0.4589
vn 0.3971 0.2437 -0.8849
vn 0.4496 0.2858 -0.8463
vn 0.4962 0.3415 -0.7982
vn 0.4331 0.5022 -0.7485
vn 0.2985 0.0855 -0.9506
vn 0.4689 0.1351 -0.8729
vn 0.2929 0.2122 -0.9323
vn -0.8486 -0.5289 0.0097
vn 0.9943 -0.0761 -0.0751
vn -0.5658 -0.4099 0.7155
vn -0.6051 -0.4290 0.6707
vn -0.5763 -0.2949 0.7622
vn -0.4973 -0.3967 0.7715
vn 0.9902 -0.0927 -0.1044
vn 0.9465 -0.0623 -0.3165
vn -0.4227 -0.9058 -0.0302
vn -0.5184 -0.8551 0.0021
vn 0.2846 -0.4252 -0.8592
vn 0.2568 -0.2981 -0.9194
vn 0.3836 -0.9228 -0.0365
vn 0.5871 -0.7801 0.2161
vn 0.8164 0.5759 0.0436
vn -0.4142 -0.6914 0.5920
vn -0.4388 -0.6411 0.6297
vn -0.4723 -0.5426 0.6946
vn -0.4882 -0.7638 0.4221
vn 0.9813 0.1062 0.1608
vn 0.9941 0.0714 0.0811
vn 0.5238 0.2899 -0.8010
vn 0.4569 0.3495 -0.8180
vn 0.2353 0.4243 -0.8744
vn 0.9579 0.1785 0.2248
vn -0.5287 -0.6325 -0.5661
vn 0.7782 0.5807 -0.2392
vn 0.7741 -0.3401 -0.5340
vn 0.5682 -0.8051 0.1705
vn 0.6437 -0.7639 -0.0455
vn 0.4936 -0.8676 0.0604
vn 0.4119 -0.9048 -0.1078
vn 0.5812 -0.8015 -0.1403
vn 0.5731 -0.7905 -0.2161
vn 0.3619 -0.6310 0.6862
vn 0.3713 -0.5791 0.7258
vn 0.4932 -0.4816 0.7245
vn 0.4350 -0.5750 0.6929
vn 0.2677 -0.5722 0.7752
vn 0.2106 0.3686 0.9054
vn -0.9376 0.0048 -0.3477
vn -0.9116 0.1339 -0.3887
vn -0.8374 0.1928 -0.5115
vn -0.8037 0.0895 -0.5883
vn -0.6527 -0.4049 0.6403
vn -0.4942 -0.7463 -0.4458
vn 0.3777 -0.8959 0.2340
vn 0.4441 -0.8779 0.1792
vn -0.8182 0.3902 0.4223
vn -0.2465 0.4771 0.8436
vn -0.3886 0.4346 0.8125
vn -0.5927 0.6192 0.5150
vn -0.5887 0.6966 0.4101
vn 0.3061 0.0841 0.9483
vn 0.4576 0.1735 0.8721
vn -0.6797 -0.3271 -0.6565
vn -0.4518 -0.1732 -0.8751
vn -0.3354 -0.2829 -0.8986
vn -0.4920 -0.5879 -0.6421
vn -0.5907 -0.2661 -0.7618
vn -0.4482 0.0046 -0.8939
vn -0.7163 -0.3094 0.6255
vn -0.6894 -0.3127 0.6534
vn -0.9460 -0.3101 -0.0943
vn -0.6840 -0.3908 -0.6159
vn -0.6283 0.0342 -0.7772
vn -0.7834 -0.1184 -0.6101
vn -0.9854 -0.1226 -0.1179
vn -0.2983 -0.9138 0.2756
vn 0.4403 -0.7762 0.4513
vn 0.3377 -0.9399 0.0511
vn 0.7204 -0.6520 0.2365
vn 0.7849 -0.5833 -0.2089
vn -0.6778 -0.2750 0.6819
vn -0.8618 -0.4557 -0.2229
vn -0.5724 -0.8158 0.0829
vn -0.4400 -0.8523 -0.2829
vn -0.6776 -0.6705 -0.3021
vn -0.7799 -0.6240 0.0499
vn -0.6862 -0.6786 0.2619
vn -0.8931 -0.3757 0.2473
vn -0.8368 -0.3848 0.3894
vn -0.7351 -0.5309 0.4217
vn -0.4760 0.8673 0.1459
vn -0.6368 0.6800 0.3634
vn -0.5519 0.8245 0.1252
vn -0.5237 0.8294 0.1947
vn -0.7617 0.6340 0.1337
vn -0.7162 0.5029 0.4839
vn -0.4234 0.5234 0.7394
vn -0.2506 0.8524 0.4590
vn -0.2376 0.9526 0.1900
vn -0.5735 -0.5421 0.6142
vn -0.1147 -0.4600 0.8805
vn 0.7167 -0.3278 0.6155
vn -0.8061 0.3803 0.4535
vn 0.2110 -0.7434 0.6347
vn 0.0961 -0.7830 0.6145
vn 0.0489 -0.7256 0.6864
vn 0.1275 -0.6703 0.7311
vn 0.5177 -0.2028 0.8312
vn 0.3993 -0.1920 0.8965
vn 0.4560 -0.2831 0.8437
vn 0.3399 -0.9306 0.1359
vn 0.6456 -0.7616 -0.0565
vn -0.3435 0.5784 0.7399
vn -0.2721 0.5633 0.7802
vn -0.1428 0.8774 0.4581
vn -0.0702 0.8713 0.4857
vn -0.1416 0.8987 0.4151
vn 0.2057 0.1277 0.9702
vn 0.0558 0.2409 0.9689
vn 0.4968 -0.8485 0.1821
vn 0.0213 0.1342 0.9907
vn -0.1189 0.0820 0.9895
vn -0.1285 0.1282 0.9834
vn -0.0770 0.0909 0.9929
vn 0.0918 -0.0341 0.9952
vn 0.0409 -0.9874 0.1529
vn -0.1100 -0.9932 -0.0387
vn -0.3279 -0.9283 0.1752
vn -0.0900 -0.8917 0.4436
vn -0.8151 -0.4712 -0.3369
vn -0.8532 -0.3745 -0.3629
vn -0.8781 -0.2882 -0.3819
vn -0.8004 -0.2584 -0.5409
vn -0.7032 -0.3270 -0.6314
vn -0.5995 -0.4187 -0.6821
vn -0.0023 -0.0131 0.9999
vn -0.4034 0.1676 0.8995
vn 0.1746 0.0594 0.9828
vn 0.1714 -0.4405 -0.8813
vn 0.9199 -0.3807 0.0939
vn -0.2571 -0.6088 0.7505
vn -0.1808 -0.6473 0.7405
vn 0.3097 -0.8871 -0.3423
vn 0.3685 -0.9055 0.2103
vn 0.3460 -0.9168 -0.1996
vn 0.4225 -0.7695 0.4789
vn 0.3428 -0.8517 0.3964
vn 0.2695 -0.9244 0.2699
vn 0.3547 -0.8974 0.2626
vn 0.3074 -0.6210 0.7210
vn 0.3306 -0.6863 0.6478
vn 0.4091 -0.8834 0.2286
vn 0.1309 -0.2659 0.9551
vn 0.1816 -0.3867 0.9041
vn 0.0640 0.6169 0.7844
vn -0.2022 0.3503 0.9146
vn -0.9156 0.2156 0.3394
vn -0.8637 -0.0213 0.5036
vn -0.9738 -0.2243 -0.0374
vn -0.8338 -0.4347 -0.3404
vn -0.8190 -0.1233 0.5604
vn -0.9460 -0.2525 0.2034
vn -0.3930 -0.8035 -0.4471
vn 0.3830 0.7665 0.5156
vn 0.3585 0.8414 0.4044
vn 0.0972 0.9130 0.3962
vn 0.1506 0.8552 0.4960
vn 0.4423 0.1849 -0.8776
vn 0.5371 0.1630 -0.8276
vn 0.2586 -0.9011 -0.3480
vn 0.3696 -0.8186 -0.4397
vn 0.1679 -0.9521 -0.2556
vn 0.2585 -0.9314 -0.2563
vn 0.2003 -0.9654 -0.1672
vn 0.3497 -0.8548 -0.3834
vn 0.4604 -0.7117 -0.5305
vn -0.8640 -0.2017 0.4613
vn -0.8059 -0.1938 0.5595
vn -0.9718 -0.0931 0.2166
vn -0.9295 -0.1884 0.3171
vn -0.8480 -0.2999 0.4370
vn -0.9110 -0.2282 0.3434
vn -0.1776 -0.9810 0.0783
vn -0.1260 -0.9914 -0.0354
vn 0.8078 -0.3365 0.4840
vn 0.8767 -0.0906 0.4725
vn 0.8554 0.1682 -0.4898
vn 0.8557 0.1265 -0.5017
vn 0.7620 0.2039 -0.6147
vn 0.7927 0.3382 -0.5072
vn 0.5291 -0.8480 0.0300
vn 0.3220 -0.9387 -0.1231
vn 0.3569 -0.9156 -0.1851
vn 0.6080 -0.7901 0.0778
vn 0.6450 -0.6332 0.4278
vn 0.5289 -0.7170 0.4541
vn 0.3967 0.1687 -0.9023
vn 0.5375 0.1024 -0.8370
vn 0.6867 -0.0712 -0.7235
vn 0.3700 -0.1721 -0.9130
vn 0.8262 -0.1856 -0.5319
vn 0.5025 -0.4305 -0.7498
vn 0.8292 -0.1641 -0.5343
vn 0.4054 -0.4850 0.7749
vn 0.3567 -0.3928 0.8477
vn 0.5599 -0.2810 0.7795
vn 0.6036 -0.3029 0.7375
vn 0.4562 -0.5238 0.7194
vn -0.5930 0.5947 -0.5428
vn 0.0904 0.5115 -0.8545
vn -0.4249 0.8680 -0.2569
vn 0.1561 0.7406 -0.6536
vn 0.2897 0.4919 -0.8210
vn -0.1202 -0.4801 -0.8689
vn 0.4579 -0.3509 -0.8168
vn 0.3785 -0.7686 0.5157
vn 0.1575 -0.2171 0.9634
vn 0.2879 0.0016 0.9577
vn 0.1367 -0.0782 0.9875
vn 0.3525 -0.6747 -0.6485
vn 0.1239 -0.8962 -0.4259
vn -0.3794 -0.8065 -0.4535
vn -0.0363 -0.6131 -0.7892
vn 0.6537 -0.4776 -0.5869
vn 0.5361 -0.6372 0.5537
vn 0.6277 -0.5722 0.5278
vn 0.6182 -0.6104 0.4953
vn 0.1584 -0.5624 0.8116
vn 0.0734 -0.7008 0.7096
vn -0.6219 0.3265 0.7118
vn -0.4399 0.6322 0.6378
vn -0.2957 0.1137 0.9485
vn -0.4273 -0.1912 0.8837
vn -0.3903 -0.5187 0.7607
vn -0.3502 -0.7766 0.5237
vn -0.5535 -0.6627 0.5045
vn -0.7627 -0.4847 0.4281
vn -0.3313 -0.4507 0.8289
vn -0.3036 -0.4995 0.8114
vn 0.4044 -0.8875 0.2211
vn -0.2283 -0.6744 0.7021
vn 0.6753 0.7232 -0.1447
vn 0.4213 -0.6516 -0.6308
vn -0.3693 0.4069 -0.8355
vn -0.4561 -0.8264 -0.3303
vn -0.5322 -0.8085 -0.2512
vn -0.6438 -0.7343 -0.2151
vn -0.8017 -0.5682 -0.1856
vn -0.7274 -0.5356 -0.4290
vn -0.5901 -0.6970 -0.4073
vn -0.4962 -0.7853 -0.3703
vn 0.2341 -0.7520 0.6162
vn 0.3621 -0.8394 0.4052
vn 0.4711 -0.8521 0.2281
vn 0.3182 -0.9117 0.2598
vn 0.3320 -0.8591 0.3896
vn 0.5094 -0.7515 0.4194
vn 0.3467 -0.9314 0.1108
vn 0.2914 -0.9334 0.2096
vn 0.5192 -0.8460 -0.1210
vn 0.3343 -0.8972 -0.2886
vn 0.2900 -0.9522 -0.0956
vn 0.2447 -0.9668 0.0737
vn 0.2850 -0.9461 0.1536
vn 0.7128 -0.6752 0.1897
vn 0.7754 -0.4443 0.4487
vn -0.7996 -0.4045 0.4440
vn 0.1400 -0.9664 -0.2155
vn 0.5517 -0.1385 0.8225
vn 0.3031 -0.0909 -0.9486
vn 0.7119 -0.1850 -0.6774
vn 0.7904 -0.5865 0.1768
vn 0.7805 -0.3408 0.5241
vn 0.6006 -0.0394 0.7986
vn 0.4185 -0.4112 0.8098
vn 0.1845 -0.9229 0.3379
vn 0.3919 -0.9200 -0.0023
vn 0.7452 -0.6050 0.2803
vn -0.6436 -0.7450 0.1752
vn -0.3052 -0.9448 -0.1194
vn -0.2380 -0.5765 0.7816
vn -0.0322 -0.7170 0.6963
vn -0.0776 -0.8851 0.4589
vn 0.9616 -0.1260 0.2438
vn -0.6980 -0.3586 -0.6199
vn -0.6437 -0.4740 -0.6008
vn -0.5905 -0.5657 -0.5756
vn 0.0165 -0.1199 0.9927
vn 0.1943 -0.3138 0.9294
vn 0.5803 -0.2206 0.7840
vn 0.5597 -0.1112 0.8212
vn 0.5499 0.0302 0.8347
vn 0.2814 -0.9401 0.1926
vn 0.1990 -0.9632 0.1807
vn 0.2212 -0.9331 0.2836
vn 0.2207 -0.9222 0.3175
vn 0.3211 -0.8822 0.3445
vn -0.4497 0.5865 0.6737
vn -0.0132 0.2777 0.9606
vn -0.3731 0.7336 0.5680
vn 0.5277 -0.8494 -0.0056
vn 0.5927 -0.7579 -0.2725
vn 0.5788 -0.7570 -0.3032
vn 0.6933 -0.7199 0.0345
vn 0.4400 -0.8977 0.0248
vn -0.2471 0.8826 0.3999
vn -0.0661 0.2916 0.9543
vn 0.0414 0.3761 0.9257
vn -0.0146 0.4330 0.9013
vn 0.9952 0.0560 0.0799
vn 0.9503 0.3112 0.0023
vn 0.8250 0.1572 0.5428
vn 0.8700 0.0321 0.4921
vn 0.8823 -0.0811 0.4636
vn -0.9456 -0.1234 0.3011
vn -0.9072 -0.2087 0.3653
vn -0.2276 -0.4540 0.8614
vn -0.1666 -0.3336 0.9279
vn -0.1835 -0.2509 0.9505
vn -0.9218 -0.3499 -0.1668
vn -0.9221 -0.2633 -0.2837
vn 0.3453 -0.9241 0.1639
vn 0.3513 -0.9272 -0.1303
vn -0.4254 -0.5710 0.7021
vn -0.6137 -0.5790 0.5368
vn -0.7024 -0.5990 0.3845
vn -0.1517 -0.6081 0.7792
vn 0.1778 -0.9667 0.1840
vn 0.1568 -0.9514 0.2649
vn 0.1081 -0.7417 0.6620
vn 0.1419 -0.9782 -0.1518
vn 0.1627 -0.9864 0.0229
vn 0.0566 -0.9518 -0.3014
vn -0.0336 -0.9819 -0.1866
vn 0.3984 -0.8822 -0.2508
vn -0.0864 -0.9862 0.1409
vn -0.4505 -0.8922 0.0326
vn -0.5250 -0.7904 0.3157
vn 0.2711 0.1402 0.9523
vn 0.2000 0.1916 0.9609
vn -0.1427 0.1298 0.9812
vn -0.1285 0.0964 0.9870
vn -0.0380 -0.0626 0.9973
vn -0.1166 0.9834 -0.1389
vn 0.3084 0.9305 -0.1977
vn 0.2844 0.9587 0.0007
vn -0.1901 0.9818 0.0029
vn -0.0323 0.9658 -0.2573
vn 0.3341 0.8709 -0.3604
vn 0.5723 0.7943 -0.2040
vn 0.5758 0.8172 0.0242
vn 0.5655 0.7272 -0.3890
vn 0.5384 0.7499 0.3845
vn 0.4445 0.4350 0.7831
vn 0.1828 0.6942 0.6962
vn 0.2480 0.9171 0.3121
vn 0.2842 -0.2120 0.9350
vn 0.0904 0.0588 0.9942
vn 0.7925 0.4387 0.4237
vn 0.8200 0.5695 0.0584
vn 0.9767 0.2038 0.0676
vn 0.9506 -0.0083 0.3102
vn 0.6700 0.0009 0.7423
vn 0.4361 -0.5218 0.7332
vn 0.8067 0.5620 -0.1825
vn 0.7838 0.4881 -0.3840
vn 0.9650 0.2288 -0.1283
vn 0.9322 0.1651 -0.3221
vn 0.9980 -0.0165 -0.0604
vn 0.9699 -0.0713 -0.2330
vn 0.9961 -0.0684 0.0560
vn 0.9387 -0.3131 0.1443
vn 0.7563 -0.6442 -0.1144
vn 0.8400 -0.4812 -0.2506
vn 0.4450 -0.8851 0.1366
vn 0.6617 -0.6386 -0.3929
vn 0.2361 -0.9684 0.0802
vn -0.3135 -0.7904 0.5262
vn -0.3923 -0.7141 0.5798
vn 0.0210 -0.9962 0.0840
vn -0.1417 -0.9814 0.1296
vn -0.4476 -0.6247 0.6399
vn -0.5287 -0.4143 0.7409
vn -0.5402 -0.5038 0.6741
vn -0.5141 -0.3214 0.7952
vn -0.6047 -0.0872 0.7917
vn -0.6775 -0.1664 0.7165
vn -0.5858 0.5419 0.6026
vn -0.7023 0.4783 0.5273
vn -0.2179 0.9760 0.0041
vn -0.3175 0.9482 -0.0070
vn -0.4123 0.9107 -0.0236
vn 0.1812 0.8657 -0.4666
vn 0.4269 0.6055 -0.6717
vn 0.3973 0.7144 -0.5760
vn 0.1075 0.9115 -0.3969
vn -0.9804 -0.0291 0.1946
vn -0.9827 0.1267 -0.1354
vn -0.9790 -0.0530 -0.1968
vn -0.9056 -0.2966 0.3032
vn 0.2445 0.8015 -0.5457
vn 0.0390 0.9397 -0.3399
vn 0.3618 0.7993 -0.4799
vn 0.5335 0.4256 -0.7309
vn 0.5556 0.5341 -0.6373
vn 0.5624 0.6370 -0.5272
vn 0.6058 0.2216 -0.7641
vn 0.6383 -0.0653 -0.7670
vn 0.7578 -0.0218 -0.6521
vn 0.6839 0.2943 -0.6676
vn 0.5330 0.1726 -0.8283
vn 0.5404 -0.0819 -0.8374
vn 0.7471 0.3874 -0.5402
vn 0.8661 0.0626 -0.4960
vn 0.6099 -0.3460 -0.7129
vn 0.4531 -0.7511 -0.4802
vn 0.7568 -0.2898 -0.5859
vn 0.4963 -0.3602 -0.7899
vn 0.2917 -0.8049 -0.5168
vn 0.8912 -0.1843 -0.4144
vn -0.9384 -0.3439 -0.0332
vn -0.8836 -0.4510 0.1260
vn -0.1237 -0.9894 0.0755
vn 0.0222 -0.9833 -0.1806
vn -0.1787 -0.6243 -0.7604
vn 0.4719 -0.4969 0.7283
vn 0.2194 -0.4888 0.8443
vn 0.1574 -0.1207 -0.9801
vn 0.2234 -0.1363 -0.9652
vn 0.1955 -0.3148 0.9288
vn -0.7297 -0.0666 0.6805
vn 0.2283 0.3049 0.9246
vn 0.1470 0.6425 0.7520
vn 0.0828 0.7766 0.6245
vn 0.1482 0.8489 0.5073
vn 0.3291 0.8457 0.4201
vn 0.2000 0.4097 0.8900
vn -0.0761 0.9234 0.3763
vn -0.6975 0.1747 -0.6949
vn -0.7001 0.2243 -0.6779
vn -0.0037 0.6260 -0.7798
vn 0.0850 0.5583 -0.8253
vn -0.6385 0.0916 -0.7641
vn -0.2166 0.6725 0.7077
vn -0.9897 -0.0613 -0.1294
vn -0.9898 -0.0335 -0.1386
vn 0.1467 0.3656 -0.9192
vn 0.2761 0.4370 -0.8560
vn -0.3731 0.1025 0.9221
vn -0.3564 -0.0188 0.9341
vn 0.2827 -0.4008 0.8714
vn 0.1461 -0.5365 0.8312
vn 0.0012 -0.4055 0.9141
vn 0.0890 -0.2429 0.9659
vn 0.2392 0.7024 0.6704
vn 0.4682 0.6777 0.5671
vn 0.6381 0.5704 0.5172
vn 0.6270 0.6213 0.4699
vn 0.2848 0.7485 0.5989
vn 0.0498 0.7968 0.6022
vn -0.0818 0.7473 0.6595
vn 0.5911 -0.4855 0.6441
vn 0.7041 -0.3262 0.6307
vn 0.4622 0.2706 0.8445
vn 0.7861 0.5324 0.3141
vn 0.2815 0.4170 0.8642
vn 0.5828 0.7244 0.3683
vn 0.6211 0.6903 0.3711
vn -0.2803 -0.9320 0.2299
vn -0.3455 -0.9383 -0.0169
vn 0.1716 -0.9776 -0.1217
vn 0.1700 -0.9793 -0.1099
vn -0.0393 -0.6340 -0.7724
vn -0.6810 -0.7220 -0.1223
vn -0.5932 -0.7988 -0.1005
vn -0.6528 -0.5484 -0.5227
vn -0.8167 -0.5763 -0.0312
vn -0.4587 -0.2824 0.8425
vn -0.7560 -0.0509 0.6526
vn -0.4485 -0.4086 0.7949
vn -0.2658 -0.5507 0.7913
vn 0.0006 -0.7977 0.6030
vn 0.1752 -0.7987 0.5757
vn -0.3904 -0.8388 0.3795
vn -0.3484 -0.9305 0.1127
vn 0.1813 -0.8987 0.3993
vn 0.1063 -0.9211 0.3746
vn -0.0394 -0.9313 0.3622
vn -0.1851 -0.9203 0.3446
vn 0.0291 -0.8042 0.5937
vn 0.1484 -0.8124 0.5639
vn -0.3236 -0.8804 0.3468
vn -0.1108 -0.7797 0.6163
vn 0.0437 -0.7316 0.6803
vn 0.1301 -0.7718 0.6224
vn 0.2182 -0.8218 0.5263
vn 0.2555 -0.8221 0.5088
vn -0.0577 -0.6927 0.7190
vn -0.2198 -0.7429 0.6323
vn -0.1360 -0.6669 0.7326
vn -0.4383 -0.8178 0.3730
vn -0.5400 -0.7370 0.4064
vn -0.6396 -0.6615 0.3914
vn -0.3037 -0.6916 0.6554
vn -0.3819 -0.6242 0.6816
vn -0.7323 -0.5893 0.3413
vn -0.4577 -0.5629 0.6883
vn -0.1954 -0.6432 0.7404
vn -0.7056 -0.4740 0.5267
vn -0.7802 -0.3845 0.4934
vn -0.7814 -0.4601 0.4215
vn -0.7109 -0.5378 0.4532
vn -0.8406 -0.4334 0.3248
vn 0.3437 -0.8542 -0.3901
vn -0.9035 -0.4242 -0.0616
vn -0.9565 -0.2563 -0.1390
vn -0.9542 -0.1549 -0.2561
vn -0.9184 -0.0333 -0.3943
vn -0.8936 -0.1578 -0.4203
vn -0.8488 -0.0777 -0.5230
vn -0.7882 -0.0172 -0.6152
vn -0.6453 -0.0776 0.7600
vn -0.7140 -0.0491 0.6984
vn -0.7692 0.0339 0.6381
vn -0.2592 0.2938 -0.9201
vn -0.2460 0.2714 -0.9305
vn -0.7658 -0.4134 -0.4926
vn -0.7152 -0.5221 -0.4647
vn -0.6678 -0.6055 -0.4330
vn -0.6604 -0.7090 -0.2475
vn -0.6967 -0.7060 -0.1271
vn -0.4963 0.1776 0.8498
vn -0.5507 0.1980 0.8109
vn -0.4995 0.0068 0.8663
vn -0.5431 -0.8186 -0.1869
vn -0.5935 -0.8004 -0.0844
vn 0.6308 0.2071 0.7478
vn -0.4035 0.1153 0.9077
vn -0.3840 -0.7881 -0.4810
vn -0.5127 -0.6647 -0.5434
vn -0.4788 -0.8161 -0.3236
vn -0.6021 -0.6955 -0.3922
vn -0.8098 0.1131 -0.5757
vn 0.4493 0.4550 0.7688
vn 0.5051 0.4405 0.7422
vn 0.6223 0.3359 0.7071
vn 0.8154 0.5082 0.2774
vn 0.6568 0.6525 0.3778
vn 0.4461 0.4304 0.7847
vn 0.8451 0.0694 -0.5300
vn -0.5730 -0.6552 0.4923
vn -0.7099 -0.6783 0.1894
vn -0.6097 -0.7595 0.2266
vn -0.4955 -0.8377 0.2294
vn -0.4308 -0.7766 0.4596
vn 0.6235 -0.7600 0.1837
vn 0.4285 -0.8379 0.3381
vn 0.3495 -0.8493 0.3956
vn 0.3251 -0.9452 0.0291
vn 0.3624 -0.9289 -0.0759
vn 0.5102 0.6521 0.5607
vn 0.5138 0.4958 0.7001
vn 0.6152 0.3560 0.7034
vn 0.6973 -0.4264 -0.5761
vn 0.8159 -0.1800 -0.5495
vn 0.5401 0.4006 0.7401
vn 0.1534 -0.1167 0.9813
vn 0.5415 -0.5218 0.6592
vn 0.6267 -0.2871 0.7244
vn 0.4013 -0.7465 0.5307
vn 0.1881 -0.1902 0.9636
vn 0.4075 -0.1192 0.9054
vn 0.4482 0.4677 -0.7618
vn -0.0685 0.1840 0.9805
vn -0.6205 -0.1045 0.7772
vn -0.5901 -0.2918 0.7527
vn -0.5258 -0.3571 0.7720
vn -0.5255 -0.4486 0.7229
vn -0.0834 0.2121 0.9737
vn -0.1377 0.2376 0.9616
vn 0.7777 0.6143 0.1334
vn 0.7447 0.4663 -0.4774
vn -0.8231 -0.3167 0.4713
vn -0.8066 -0.3547 0.4728
vn 0.2378 0.5710 -0.7857
vn 0.8362 0.4626 0.2947
vn 0.9223 0.2446 0.2993
vn 0.8848 0.2512 0.3925
vn 0.3899 -0.9021 -0.1851
vn 0.1942 -0.9501 -0.2441
vn -0.8491 -0.3488 0.3967
vn -0.8939 -0.2131 0.3944
vn -0.8981 -0.3035 0.3182
vn -0.8835 -0.3955 0.2509
vn -0.9352 -0.1541 0.3187
vn -0.9664 -0.0883 0.2415
vn -0.9909 0.0132 0.1337
vn -0.9915 0.1269 0.0291
vn -0.9992 -0.0030 -0.0402
vn -0.9873 -0.1292 -0.0926
vn -0.9811 0.1051 -0.1625
vn -0.9766 -0.0235 -0.2138
vn -0.9244 0.2128 -0.3165
vn -0.9274 0.0927 -0.3625
vn -0.8705 0.0519 -0.4894
vn -0.9067 0.3506 -0.2344
vn -0.8430 0.4199 -0.3362
vn -0.9674 0.2383 -0.0862
vn -0.9381 0.3461 -0.0128
vn -0.8728 0.4647 -0.1493
vn -0.9666 0.2369 0.0977
vn -0.9235 0.3404 0.1769
vn -0.8925 0.4460 0.0671
vn -0.8604 0.4352 0.2653
vn -0.8283 0.5387 0.1544
vn -0.9708 0.1261 0.2039
vn -0.9290 0.2365 0.2846
vn -0.8664 0.3351 0.3703
vn -0.9121 0.1307 0.3886
vn -0.8845 0.0380 0.4649
vn -0.8357 0.1413 0.5307
vn -0.8543 0.2362 0.4630
vn -0.9500 0.0176 0.3116
vn -0.9184 -0.0638 0.3906
vn -0.8006 0.0362 0.5981
vn 0.7898 0.3913 -0.4723
vn 0.3945 -0.9072 0.1462
vn 0.3904 -0.9066 0.1605
vn 0.4465 -0.8872 0.1161
vn 0.4255 -0.6086 0.6697
vn 0.1392 -0.7480 0.6489
vn 0.0323 -0.8696 0.4926
vn -0.0371 -0.9314 0.3621
vn -0.4663 -0.1104 0.8777
vn -0.1615 0.4482 -0.8792
vn -0.0344 0.3794 -0.9246
vn -0.4493 0.1053 -0.8872
vn -0.4969 0.2391 -0.8342
vn -0.5163 0.2736 -0.8116
vn -0.3937 0.3321 -0.8572
vn -0.9573 0.0400 -0.2862
vn -0.4125 -0.3246 0.8512
vn -0.7586 -0.6089 0.2318
vn -0.8015 -0.4195 0.4262
vn -0.9410 -0.3347 -0.0495
vn -0.8560 -0.4716 -0.2118
vn -0.7829 -0.5897 -0.1983
vn -0.7048 0.7050 0.0796
vn -0.7581 0.6517 0.0238
vn -0.7545 0.6360 -0.1622
vn -0.8039 0.5403 -0.2485
vn -0.8234 0.5639 -0.0639
vn 0.2112 -0.9532 -0.2165
vn -0.3976 0.8360 0.3780
vn -0.3021 0.6419 0.7048
vn -0.1452 0.6931 0.7061
vn -0.2323 0.7276 0.6455
vn -0.0526 0.7724 0.6330
vn -0.1431 0.8063 0.5740
vn -0.2281 0.8260 0.5155
vn -0.3106 0.8357 0.4530
vn 0.4804 0.4207 0.7696
vn 0.5435 0.4147 0.7298
vn 0.4761 0.4834 0.7346
vn -0.8427 -0.0522 0.5358
vn -0.8745 -0.1366 0.4654
vn 0.1819 -0.8802 0.4383
vn 0.0488 -0.9028 0.4272
vn 0.9423 0.3095 -0.1276
vn 0.2151 -0.2839 0.9344
vn 0.6257 -0.7587 0.1812
vn 0.7939 -0.6009 -0.0927
vn 0.7550 -0.6554 -0.0207
vn -0.1550 -0.1410 0.9778
vn -0.6928 -0.4567 -0.5580
vn -0.3250 0.0080 -0.9457
vn -0.2876 -0.0392 -0.9570
vn -0.6265 -0.5236 -0.5773
vn 0.4047 0.2271 0.8858
vn 0.5423 0.2950 0.7867
vn 0.3149 0.1207 0.9414
vn 0.6536 -0.0429 0.7556
vn 0.4488 -0.2590 0.8553
vn 0.3462 -0.4673 0.8135
vn 0.1935 -0.0715 0.9785
vn 0.5347 -0.1248 0.8358
vn 0.0771 0.1927 0.9782
vn 0.0003 0.0400 0.9992
vn -0.0336 0.1754 0.9839
vn -0.0253 0.0952 0.9951
vn 0.0432 -0.0745 0.9963
vn -0.2586 -0.3831 0.8868
vn -0.0794 -0.2321 0.9694
vn 0.0986 -0.5345 0.8394
vn -0.0368 -0.6861 0.7265
vn -0.2332 -0.4746 0.8487
vn 0.0236 -0.8310 0.5558
vn 0.2931 -0.9497 0.1100
vn 0.2844 -0.9192 0.2725
vn 0.2788 -0.8412 0.4634
vn -0.2389 -0.6076 0.7574
vn -0.3767 -0.7853 0.4913
vn 0.1606 -0.8148 0.5570
vn 0.6529 -0.2069 0.7287
vn 0.6402 -0.2456 0.7279
vn 0.7311 -0.1681 0.6612
vn 0.8920 -0.0833 0.4443
vn 0.9229 0.0761 0.3775
vn 0.6771 -0.0651 0.7330
vn -0.3094 -0.5450 0.7793
vn -0.3876 -0.3207 0.8642
vn -0.1945 -0.2320 0.9531
vn -0.3024 -0.6798 0.6682
vn -0.2171 -0.8448 0.4890
vn 0.2743 -0.6523 0.7066
vn -0.1055 -0.9670 0.2318
vn -0.3168 -0.7443 -0.5880
vn -0.5890 -0.7263 0.3544
vn -0.4013 -0.8705 0.2848
vn -0.4894 -0.8689 0.0736
vn -0.7668 -0.4722 -0.4348
vn -0.6972 -0.3986 -0.5959
vn 0.2598 -0.8667 0.4258
vn 0.2741 -0.7280 0.6283
vn -0.7783 -0.5122 -0.3632
vn -0.8159 -0.5494 -0.1801
vn -0.8059 -0.5772 -0.1317
vn -0.4432 -0.6613 -0.6053
vn -0.5174 -0.5253 -0.6756
vn -0.6659 -0.6839 -0.2981
vn -0.7558 -0.5726 -0.3177
vn -0.6443 -0.6362 -0.4244
vn -0.7104 -0.5737 -0.4077
vn 0.3729 -0.1396 -0.9173
vn 0.6104 0.0798 -0.7880
vn 0.6688 0.1399 -0.7301
vn 0.9630 -0.2570 -0.0817
vn 0.9885 -0.1423 -0.0518
vn 1.0000 0.0014 -0.0028
vn 0.7603 0.0899 0.6433
vn 0.7758 -0.0893 0.6246
vn 0.0786 0.8643 -0.4967
vn -0.4847 0.8726 -0.0598
vn -0.7821 0.5095 0.3588
vn -0.7968 0.5464 0.2581
vn -0.7742 0.6061 -0.1823
vn -0.8216 0.5661 -0.0665
vn -0.9228 0.3391 0.1830
vn -0.8302 0.0739 0.5526
vn -0.7500 -0.1763 0.6375
vn 0.2262 0.0467 -0.9730
vn 0.1923 0.1854 -0.9637
vn 0.1251 0.3310 -0.9353
vn -0.6861 -0.5964 0.4165
vn -0.7400 -0.4066 0.5358
vn -0.8324 -0.2149 0.5109
vn -0.8804 -0.1581 0.4470
vn -0.9618 -0.2729 -0.0223
vn -0.9542 -0.2825 0.0983
vn -0.8975 -0.4094 0.1639
vn 0.4465 -0.5210 -0.7274
vn 0.1622 -0.8166 -0.5540
vn 0.0402 -0.7972 -0.6024
vn -0.1596 -0.7229 -0.6722
vn -0.4510 -0.6893 -0.5670
vn -0.4759 -0.8130 -0.3355
vn 0.1761 -0.9465 -0.2704
vn 0.2059 -0.9545 -0.2160
vn 0.3358 -0.8869 -0.3172
vn 0.2336 -0.9401 -0.2482
vn 0.0537 -0.9637 -0.2617
vn -0.0094 -0.9296 -0.3683
vn -0.2612 -0.8237 -0.5032
vn -0.7168 -0.6814 0.1479
vn -0.0313 -0.9943 0.1024
vn 0.1575 -0.9864 -0.0465
vn -0.2470 -0.8997 0.3599
vn 0.4647 0.2401 -0.8523
vn 0.4998 0.0379 -0.8653
vn 0.4441 0.2902 -0.8477
vn 0.8892 0.4179 -0.1864
vn 0.7345 0.2971 -0.6102
vn 0.6019 0.5653 -0.5640
vn -0.0065 0.9473 -0.3201
vn -0.7391 0.4807 0.4719
vn -0.7271 0.1000 0.6792
vn -0.7948 0.0447 0.6053
vn -0.3876 0.3484 -0.8535
vn -0.2419 0.2941 -0.9247
vn -0.0526 0.1113 -0.9924
vn 0.7789 0.0594 -0.6243
vn 0.7127 0.1273 -0.6899
vn 0.9640 0.0122 -0.2658
vn 0.9653 0.1453 -0.2168
vn 0.9329 0.3444 -0.1055
vn 0.8030 0.5496 -0.2303
vn 0.6218 0.7340 -0.2731
vn 0.2636 0.9335 -0.2431
vn -0.2233 0.9747 0.0046
vn 0.2937 0.3296 0.8973
vn 0.3262 0.8444 0.4248
vn 0.5729 0.7163 0.3984
vn 0.0168 0.8815 0.4719
vn 0.7361 0.5098 0.4454
vn 0.3420 0.2067 0.9167
vn 0.8093 0.2742 0.5194
vn 0.7860 0.5865 -0.1954
vn 0.6480 0.7450 -0.1581
vn 0.0647 0.1097 0.9919
vn 0.4112 -0.1277 0.9026
vn 0.7102 -0.5538 0.4347
vn 0.0837 0.4968 -0.8638
vn 0.2298 0.2143 -0.9493
vn 0.2127 0.2874 -0.9339
vn -0.4049 0.3194 0.8567
vn -0.5617 0.4541 0.6916
vn -0.5328 -0.1980 0.8227
vn -0.9568 -0.1129 0.2679
vn -0.9246 -0.2404 0.2956
vn -0.3924 -0.3560 0.8481
vn -0.4599 -0.1877 0.8679
vn -0.7998 -0.0398 -0.5989
vn -0.8207 0.2624 -0.5076
vn -0.4911 0.3449 -0.7999
vn -0.3897 0.1522 -0.9083
vn -0.3456 0.0819 -0.9348
vn -0.7858 -0.1374 -0.6031
vn -0.5950 -0.2643 0.7590
vn -0.6457 0.5278 0.5518
vn -0.5273 -0.4646 -0.7114
vn -0.7008 -0.4315 -0.5680
vn -0.7808 -0.3754 -0.4995
vn -0.3134 -0.8156 -0.4865
vn -0.2262 -0.8502 -0.4754
vn -0.0865 -0.8329 -0.5466
vn 0.1134 -0.7403 -0.6626
vn 0.1131 -0.8589 -0.4995
vn 0.0146 -0.9396 -0.3418
vn 0.2318 -0.9105 -0.3425
vn 0.3466 -0.7907 -0.5047
vn 0.2206 -0.7207 -0.6572
vn 0.9363 0.2164 0.2765
vn 0.9010 0.2590 0.3481
vn 0.9368 0.2397 0.2549
vn 0.9233 0.2846 0.2578
vn 0.7939 0.4579 0.4000
vn 0.8339 0.3246 0.4464
vn 0.1660 -0.9616 -0.2185
vn 0.1653 -0.9512 -0.2606
vn 0.7092 -0.2436 -0.6615
vn -0.6261 -0.7733 -0.1000
vn -0.7117 -0.6907 -0.1283
vn -0.0382 -0.0647 -0.9972
vn -0.0805 0.0636 -0.9947
vn 0.3933 0.2173 0.8934
vn 0.3644 0.2076 0.9078
vn -0.2684 0.1880 -0.9448
vn 0.1891 0.3189 -0.9287
vn -0.2435 0.2331 -0.9415
vn -0.4631 0.4615 -0.7567
vn -0.4215 0.0092 -0.9068
vn 0.1047 0.4783 -0.8720
vn -0.1571 0.8141 -0.5590
vn -0.7870 0.5133 0.3424
vn -0.9327 0.3420 0.1143
vn -0.0652 0.9241 -0.3765
vn 0.1032 -0.4750 0.8739
vn -0.5438 -0.5704 0.6156
vn 0.1558 -0.4557 0.8764
vn 0.1430 -0.9775 -0.1551
vn 0.1982 -0.9728 -0.1198
vn -0.4280 -0.8752 0.2254
vn 0.6068 -0.6776 0.4155
vn 0.5344 -0.8271 0.1741
vn 0.3486 -0.9372 0.0134
vn -0.9811 0.0428 -0.1889
vn -0.9994 0.0112 -0.0321
vn -0.9974 0.0179 -0.0697
vn -0.1914 0.7566 0.6253
vn -0.2240 0.9437 0.2435
vn -0.1554 0.1588 0.9750
vn 0.9620 0.1504 -0.2279
vn 0.7871 0.6159 -0.0340
vn -0.0900 -0.5849 0.8061
vn -0.8843 -0.4652 0.0408
vn -0.9444 -0.3254 0.0460
vn -0.8925 -0.2729 -0.3592
vn -0.8080 -0.4124 -0.4207
vn 0.1492 0.3976 -0.9054
vn 0.7480 0.3929 -0.5350
vn 0.7952 0.3915 -0.4629
vn 0.8534 0.2189 -0.4730
vn 0.2293 0.2922 -0.9285
vn -0.4140 -0.9098 -0.0312
vn 0.4907 -0.6998 0.5191
vn -0.2772 -0.5990 0.7512
vn 0.7507 0.6467 0.1350
vn 0.5779 0.7074 -0.4070
vn 0.6942 0.6747 0.2507
vn 0.7506 0.5821 0.3126
vn 0.8677 0.1831 -0.4622
vn 0.5487 -0.3405 -0.7635
vn -0.1720 -0.8686 -0.4646
vn 0.7638 -0.5632 -0.3153
vn -0.1573 -0.9152 -0.3709
vn 0.9916 0.1125 -0.0642
vn 0.9724 0.0811 0.2189
vn 0.7842 -0.6195 -0.0347
vn 0.8654 0.3988 0.3033
vn 0.4352 0.0593 -0.8984
vn 0.4644 -0.0958 -0.8804
vn 0.5784 0.5420 0.6097
vn 0.1192 0.3785 0.9179
vn 0.1261 0.5102 -0.8508
vn -0.4372 -0.6771 -0.5920
vn -0.5047 -0.5336 -0.6787
vn -0.1427 -0.9393 -0.3121
vn 0.6887 -0.7007 0.1863
vn -0.2404 -0.9461 -0.2169
vn 0.9120 0.0418 0.4080
vn 0.7290 0.0078 0.6845
vn 0.3541 -0.0357 0.9345
vn -0.6671 -0.1070 -0.7373
vn -0.5846 -0.3310 -0.7407
vn -0.6541 -0.7552 0.0437
vn -0.7221 -0.6719 0.1649
vn -0.6881 0.0339 0.7248
vn -0.9542 -0.2765 -0.1147
vn -0.9138 -0.3105 -0.2618
vn -0.9284 -0.2936 -0.2278
vn -0.9125 -0.3085 -0.2686
vn -0.8798 -0.3123 -0.3584
vn -0.8453 -0.4933 0.2053
vn -0.9435 -0.2094 0.2567
vn -0.8213 -0.0754 0.5655
vn -0.9378 -0.1562 0.3102
vn -0.9662 -0.2502 -0.0620
vn 0.3040 -0.9239 -0.2322
vn 0.2719 -0.9476 -0.1677
vn 0.2659 -0.9208 -0.2855
vn 0.2265 -0.9658 -0.1261
vn 0.2695 -0.9323 -0.2413
vn 0.0294 -0.9825 -0.1842
vn 0.0638 -0.9318 -0.3572
vn 0.1008 -0.9256 -0.3648
vn 0.2849 -0.9264 -0.2462
vn 0.2500 -0.9521 -0.1761
vn 0.4651 -0.8690 -0.1689
vn 0.4463 -0.8932 -0.0543
vn 0.1170 -0.9847 0.1294
vn 0.0463 -0.9989 0.0113
vn 0.2786 -0.9396 -0.1990
vn 0.4810 -0.8557 -0.1908
vn 0.1413 -0.9288 -0.3427
vn 0.2390 -0.8906 -0.3870
vn 0.2155 -0.9753 -0.0477
vn 0.3319 -0.9364 0.1138
vn 0.1915 -0.9598 0.2050
vn 0.1693 -0.9772 0.1281
vn 0.0002 -0.8353 0.5499
vn -0.1668 -0.9097 0.3802
vn 0.8309 -0.5498 0.0854
vn 0.7080 -0.6188 0.3403
vn 0.8717 -0.4779 -0.1088
vn 0.2371 -0.3727 0.8972
vn -0.0485 -0.5348 0.8436
vn 0.4854 -0.2698 0.8316
vn 0.7273 -0.1826 0.6615
vn 0.6645 0.0781 0.7432
vn 0.4730 -0.0018 0.8811
vn 0.9359 -0.0681 0.3455
vn 0.8902 0.1791 0.4189
vn 0.9923 0.0407 -0.1169
vn 0.9616 0.2636 -0.0764
vn 0.9073 0.4175 -0.0493
vn 0.8303 0.3411 0.4407
vn 0.8189 0.2714 -0.5057
vn 0.7724 0.4164 -0.4796
vn 0.5120 0.2274 -0.8283
vn 0.4678 0.3587 -0.8078
vn -0.8660 -0.1336 -0.4819
vn -0.8823 -0.1113 -0.4572
vn -0.7062 -0.0457 -0.7065
vn -0.6458 -0.1122 -0.7552
vn 0.2191 0.1115 -0.9693
vn 0.1550 0.1727 -0.9727
vn 0.1165 0.1989 -0.9731
vn 0.4050 0.3381 -0.8495
vn 0.4439 0.2885 -0.8484
vn 0.5209 0.1916 -0.8319
vn -0.3114 0.0706 -0.9476
vn -0.2722 0.0551 -0.9607
vn -0.2055 -0.0096 -0.9786
vn -0.7247 -0.2605 -0.6380
vn -0.8721 -0.4429 -0.2080
vn -0.3473 -0.0212 -0.9375
vn -0.5303 -0.1708 -0.8304
vn 0.0336 0.1259 -0.9915
vn 0.0092 0.2325 -0.9725
vn 0.5404 0.0665 -0.8388
vn 0.0927 -0.0140 -0.9956
vn 0.8421 0.0788 -0.5335
vn 0.9068 -0.3784 -0.1857
vn 0.8007 -0.3414 -0.4923
vn 0.8562 -0.4953 0.1469
vn -0.3184 -0.9469 0.0458
vn -0.2443 -0.9466 0.2104
vn -0.5028 -0.7631 0.4060
vn -0.6115 -0.7795 0.1357
vn -0.3375 -0.6843 0.6464
vn 0.0044 -0.3381 0.9411
vn -0.3598 -0.5386 0.7619
vn 0.2973 -0.1170 0.9476
vn 0.4419 0.1444 0.8854
vn 0.3143 0.0290 0.9489
vn 0.6035 0.2282 0.7640
vn -0.1689 0.2051 0.9640
vn -0.1531 0.1705 0.9734
vn -0.1119 0.0857 0.9900
vn -0.5890 0.0940 0.8027
vn -0.8576 -0.0104 0.5142
vn -0.8369 -0.1016 0.5378
vn -0.5275 -0.0339 0.8489
vn -0.5714 0.0601 0.8185
vn 0.9241 0.3814 -0.0232
vn 0.8389 0.5429 -0.0392
vn 0.8184 0.5734 -0.0382
vn -0.5885 -0.0601 0.8062
vn -0.5694 -0.1354 0.8108
vn -0.4774 -0.3046 0.8242
vn -0.6871 -0.4976 0.5294
vn -0.4064 -0.4286 0.8069
vn -0.8379 -0.5022 0.2136
vn -0.7990 -0.5622 -0.2135
vn -0.7476 -0.6401 0.1769
vn -0.7011 -0.3724 -0.6081
vn -0.5132 -0.3891 -0.7650
vn -0.6245 -0.5853 -0.5172
vn -0.3358 -0.1942 -0.9217
vn 0.1825 -0.4422 -0.8782
vn 0.5662 -0.3488 -0.7469
vn -0.2864 -0.7379 -0.6112
vn -0.0682 -0.7282 -0.6820
vn -0.4791 -0.7408 -0.4709
vn -0.3663 -0.9167 -0.1598
vn -0.6687 -0.7215 -0.1796
vn -0.6020 -0.6254 0.4964
vn 0.0202 -0.2092 0.9777
vn 0.5336 0.2818 0.7974
vn 0.2899 -0.9551 -0.0618
vn 0.3298 -0.9424 0.0549
vn -0.0135 -0.9219 0.3871
vn -0.2159 -0.9608 0.1740
vn 0.7228 0.3476 0.5972
vn 0.8897 0.4335 0.1432
vn 0.8524 0.5224 0.0238
vn 0.8445 -0.5314 -0.0670
vn 0.9959 -0.0130 0.0899
vn 0.2670 0.3067 0.9136
vn 0.0588 0.4171 0.9070
vn 0.5907 0.4977 -0.6351
vn 0.3496 0.5910 -0.7269
vn 0.6448 0.5669 -0.5126
vn 0.3744 -0.0353 0.9266
vn 0.3090 -0.1111 0.9445
vn 0.2077 -0.2438 0.9473
vn 0.3382 -0.1178 0.9337
vn 0.0651 -0.3735 0.9253
vn 0.2889 -0.0700 0.9548
vn 0.0526 -0.3718 0.9268
vn -0.5117 -0.0952 -0.8539
vn -0.4206 -0.0144 -0.9071
vn -0.6765 -0.2192 -0.7031
vn -0.7605 -0.1985 -0.6183
vn 0.7510 0.3526 0.5583
vn 0.7506 0.5238 0.4028
vn 0.7687 0.4630 0.4413
vn 0.7228 0.3618 0.5888
vn 0.7195 0.3330 -0.6095
vn 0.8057 0.4852 -0.3398
vn 0.9008 0.3500 -0.2572
vn 0.9182 0.3023 0.2558
vn 0.3261 -0.4180 0.8479
vn 0.1730 -0.5024 0.8471
vn 0.2929 -0.8450 0.4474
vn 0.1792 -0.8499 0.4955
vn -0.2213 -0.9730 -0.0651
vn -0.6114 -0.6062 -0.5087
vn -0.4319 -0.2611 -0.8633
vn 0.3988 -0.7805 -0.4815
vn 0.7359 -0.6071 -0.2997
vn 0.5774 -0.6976 -0.4242
vn 0.6553 -0.0994 -0.7488
vn 0.8649 -0.0590 -0.4984
vn 0.4153 -0.7572 -0.5042
vn 0.3406 -0.1961 -0.9195
vn 0.2019 -0.8329 -0.5152
vn -0.0816 -0.3930 -0.9159
vn 0.1426 -0.9176 -0.3711
vn -0.3516 -0.5986 -0.7197
vn 0.0551 -0.9549 -0.2918
vn -0.4244 -0.7903 -0.4419
vn -0.3544 -0.9303 -0.0944
vn 0.2004 -0.9717 -0.1250
vn -0.5230 -0.7959 0.3049
vn -0.6817 -0.7237 -0.1070
vn -0.2940 -0.7292 0.6179
vn -0.0260 -0.6066 0.7946
vn -0.0191 -0.4340 0.9007
vn -0.3992 -0.5967 0.6961
vn -0.7108 -0.2079 -0.6720
vn -0.6672 -0.2028 -0.7167
vn -0.4483 -0.2773 -0.8498
vn -0.6909 -0.3007 -0.6575
vn -0.3168 -0.0582 -0.9467
vn -0.5269 -0.3963 0.7519
vn -0.8389 -0.3330 0.4306
vn -0.0743 -0.2464 0.9663
vn -0.1414 -0.0872 0.9861
vn -0.6112 -0.2177 0.7609
vn 0.2151 0.0541 0.9751
vn 0.1893 0.1369 0.9723
vn 0.3478 0.3055 0.8864
vn -0.8904 -0.1621 0.4253
vn -0.9958 0.0190 -0.0900
vn -0.9892 -0.1269 -0.0734
vn -0.9351 0.1356 -0.3273
vn -0.9337 -0.0116 -0.3579
vn -0.8610 -0.2209 -0.4581
vn -0.9031 -0.0554 -0.4257
vn 0.8502 0.2113 -0.4822
vn 0.3212 -0.1299 -0.9381
vn 0.1837 0.1487 -0.9717
vn 0.7482 0.3497 -0.5639
vn 0.7302 -0.4590 -0.5061
vn -0.4615 -0.7940 0.3956
vn 0.1610 -0.9070 0.3890
vn 0.0593 -0.4114 0.9095
vn -0.2821 -0.1615 -0.9457
vn -0.1741 -0.6074 -0.7751
vn -0.5047 -0.6132 -0.6077
vn 0.9848 0.1349 0.1091
vn 0.9697 0.1442 -0.1972
vn 0.8671 0.2423 0.4352
vn 0.6332 -0.0634 0.7714
vn 0.8634 -0.3898 0.3203
vn 0.8088 0.2936 0.5096
vn 0.4206 0.0594 0.9053
vn 0.7545 0.3406 0.5610
vn 0.6753 0.4281 -0.6006
vn 0.0804 0.2517 -0.9645
vn -0.0110 -0.9122 -0.4096
vn 0.8453 -0.5005 -0.1870
vn 0.0873 -0.9942 -0.0634
vn -0.2117 -0.3133 0.9258
vn 0.3120 0.0857 0.9462
vn -0.2973 -0.2255 0.9278
vn 0.6575 0.4561 0.5997
vn 0.2098 0.1800 0.9610
vn 0.7841 0.5882 0.1979
vn 0.7235 0.6638 -0.1896
vn 0.5734 0.5606 -0.5975
vn 0.5115 0.6809 -0.5242
vn -0.3819 -0.0533 -0.9227
vn -0.6198 -0.4326 -0.6547
vn -0.7101 -0.1893 -0.6782
vn -0.6642 -0.7263 -0.1773
vn -0.8552 -0.4900 -0.1688
vn -0.4361 -0.8711 -0.2258
vn -0.4281 -0.9025 0.0475
vn -0.6371 -0.7567 0.1467
vn -0.5823 -0.6495 0.4890
vn -0.6695 -0.4622 0.5815
vn -0.8083 -0.5492 0.2122
vn -0.3525 -0.1079 0.9296
vn 0.0875 0.2796 0.9561
vn -0.4120 -0.0232 0.9109
vn 0.5342 0.5769 0.6179
vn 0.6565 0.7190 0.2280
vn 0.5968 0.7843 -0.1694
vn 0.5298 0.7782 -0.3374
vn -0.9232 0.0423 -0.3820
vn -0.9115 -0.1081 -0.3969
vn -0.9937 -0.0633 0.0929
vn -0.9980 0.0619 0.0082
vn -0.9658 0.0680 -0.2500
vn -0.9192 0.0877 -0.3840
vn -0.7591 0.0318 -0.6502
vn -0.9587 -0.2546 -0.1265
vn -0.9055 -0.3338 0.2621
vn -0.7189 -0.2711 0.6400
vn -0.7413 -0.1579 0.6524
vn -0.7649 0.1237 -0.6321
vn -0.9849 -0.1402 -0.1013
vn -0.9357 -0.2108 0.2831
vn 0.2116 -0.9561 -0.2027
vn 0.1240 -0.9280 -0.3513
vn 0.0692 -0.9303 -0.3603
vn -0.3889 0.0182 0.9211
vn -0.4660 -0.2506 0.8486
vn 0.5874 0.5766 -0.5680
vn 0.4849 0.6884 -0.5395
vn 0.2426 0.4826 -0.8416
vn 0.6971 0.3734 -0.6121
vn 0.3187 0.3185 -0.8927
vn -0.1253 0.3078 -0.9432
vn -0.0982 0.1839 -0.9780
vn -0.3795 -0.0103 -0.9251
vn -0.3904 0.1353 -0.9106
vn -0.0582 -0.0013 -0.9983
vn -0.3794 -0.2241 -0.8977
vn -0.5162 -0.4460 -0.7312
vn -0.5393 -0.2119 -0.8150
vn -0.5751 -0.6836 -0.4493
vn -0.6614 -0.5023 -0.5570
vn -0.3309 -0.7277 -0.6008
vn -0.3236 -0.8606 -0.3933
vn -0.5580 -0.8258 -0.0811
vn -0.2479 -0.9597 -0.1324
vn -0.1299 -0.9801 0.1501
vn 0.3215 -0.9464 0.0307
vn 0.8083 -0.2897 0.5126
vn 0.6130 -0.4676 0.6368
vn 0.4826 -0.8670 0.1241
vn 0.9483 -0.2735 0.1612
vn 0.9481 -0.2442 -0.2038
vn 0.7805 -0.2736 -0.5621
vn 0.5544 0.3300 -0.7640
vn 0.5246 0.1383 -0.8400
vn 0.4237 -0.3358 -0.8413
vn 0.3950 0.1357 -0.9086
vn 0.7492 0.1898 -0.6346
vn -0.0090 -0.4627 -0.8865
vn 0.0863 -0.9002 -0.4268
vn -0.2622 -0.6115 -0.7465
vn 0.0321 -0.9377 -0.3459
vn 0.5405 -0.1935 0.8188
vn 0.5891 -0.0615 0.8057
vn 0.6062 0.0207 0.7950
vn 0.5488 0.1964 0.8126
vn -0.1530 -0.1868 0.9704
vn -0.0307 -0.2214 0.9747
vn 0.0253 -0.1891 0.9816
vn 0.0507 -0.2373 0.9701
vn 0.8935 0.3763 -0.2450
vn 0.9410 0.1952 -0.2764
vn 0.9142 0.3351 0.2280
vn 0.7026 0.2142 0.6786
vn 0.4400 0.2145 0.8720
vn 0.4972 0.1230 0.8589
vn 0.7767 0.0690 0.6260
vn 0.5416 -0.0475 0.8393
vn 0.9721 0.1665 0.1655
vn 0.2979 -0.2046 0.9324
vn -0.8037 -0.1557 0.5744
vn -0.9853 -0.1682 0.0291
vn -0.6768 -0.7239 -0.1339
vn 0.7429 -0.6172 0.2592
vn 0.0443 -0.9701 0.2384
vn 0.3980 -0.8386 -0.3720
vn 0.6644 0.6892 0.2890
vn -0.5445 -0.6799 0.4912
vn -0.0515 -0.6428 0.7643
vn -0.1882 -0.3816 0.9050
vn -0.7387 -0.4210 0.5265
vn -0.5611 -0.7815 0.2728
vn -0.0743 -0.7886 0.6104
vn -0.8907 -0.4319 0.1419
vn -0.9154 -0.1870 -0.3564
vn -0.8636 -0.3495 -0.3635
vn -0.3282 -0.2327 0.9155
vn -0.7861 -0.2637 0.5591
vn 0.2233 0.2157 -0.9506
vn 0.8142 0.2265 -0.5345
vn 0.9541 -0.2995 -0.0022
vn -0.9265 -0.0594 -0.3716
vn -0.9462 -0.2567 0.1969
vn 0.2970 0.9162 -0.2689
vn 0.7939 0.1713 0.5834
vn 0.8545 0.4377 -0.2797
vn 0.3589 0.8584 0.3664
vn -0.6307 0.7088 0.3158
vn -0.5743 0.7855 0.2305
vn -0.5026 0.8376 0.2143
vn -0.3591 0.9231 0.1376
vn -0.4699 0.8775 0.0954
vn -0.5501 0.8083 0.2100
vn -0.9175 0.2584 0.3024
vn 0.1977 0.1993 0.9598
vn 0.4322 0.6407 0.6346
vn 0.7276 0.0901 0.6801
vn 0.3288 -0.9368 -0.1192
vn 0.8906 0.1693 -0.4221
vn 0.9228 0.1693 -0.3462
vn 0.9372 0.2235 -0.2676
vn 0.9669 -0.0527 0.2497
vn 0.6735 -0.2241 0.7044
vn 0.0563 -0.4370 0.8977
vn -0.7628 -0.4008 0.5075
vn 0.6008 -0.2962 -0.7425
vn 0.3550 0.9192 -0.1701
vn 0.2006 0.7634 -0.6139
vn -0.1248 0.9787 -0.1632
vn -0.6824 0.6487 -0.3369
vn -0.4493 0.2837 -0.8472
vn -0.7910 -0.3268 -0.5173
vn -0.8910 0.0448 -0.4518
vn 0.6957 -0.0317 0.7176
vn 0.0875 -0.5973 0.7972
vn 0.6086 -0.2790 0.7428
vn 0.7589 -0.0961 0.6440
vn 0.4501 0.3778 -0.8091
vn 0.2780 0.2272 -0.9333
vn 0.2743 0.4098 -0.8700
vn 0.3820 0.4650 -0.7987
vn 0.6168 0.4428 -0.6507
vn 0.7016 0.3231 -0.6352
vn -0.6266 -0.6684 0.4009
vn -0.8390 -0.5374 -0.0850
vn -0.5077 -0.7961 0.3294
vn -0.8073 -0.2775 0.5208
vn -0.9949 -0.0987 -0.0184
vn -0.4351 0.8628 -0.2574
vn -0.1623 -0.0467 0.9856
vn 0.0131 -0.4784 0.8781
vn 0.6459 0.2516 0.7208
vn 0.3318 0.6753 0.6587
vn 0.6750 0.0515 0.7360
vn 0.8562 0.4420 0.2673
vn 0.7929 0.5642 0.2302
vn 0.9102 0.3334 0.2456
vn 0.8124 0.5064 -0.2891
vn 0.7862 0.5722 -0.2336
vn 0.7263 0.6521 -0.2172
vn 0.7360 0.4643 -0.4927
vn 0.6140 0.7606 -0.2111
vn 0.6665 0.7239 0.1779
vn 0.2784 0.9461 0.1652
vn -0.1316 0.6056 -0.7848
vn -0.4689 -0.8263 0.3120
vn -0.4700 -0.7904 0.3930
vn -0.3337 -0.6920 0.6402
vn 0.3246 0.9391 -0.1131
vn -0.3372 0.9302 0.1449
vn 0.3456 0.9143 0.2114
vn -0.1759 0.4797 -0.8596
vn -0.2359 0.7581 -0.6080
vn -0.0072 0.9379 -0.3468
vn 0.3045 0.6390 -0.7064
vn -0.5792 0.7019 0.4145
vn -0.4288 0.8536 0.2957
vn -0.4150 -0.3148 0.8536
vn -0.5376 -0.4021 0.7411
vn -0.9203 -0.3312 0.2084
vn 0.1867 0.1798 -0.9658
vn 0.2568 0.3025 -0.9179
vn 0.4368 0.2607 -0.8610
vn -0.8208 -0.3198 0.4733
vn 0.1113 -0.4105 0.9051
vn 0.5948 -0.3162 0.7391
vn 0.7251 -0.2921 0.6236
vn 0.8073 -0.1566 0.5689
vn -0.6195 -0.3057 -0.7231
vn -0.7850 -0.2939 -0.5453
vn -0.8104 -0.1955 -0.5523
vn -0.5499 -0.2492 -0.7972
vn -0.9044 -0.3191 -0.2834
vn -0.9279 -0.2677 -0.2596
vn -0.9943 -0.0648 -0.0842
vn -0.8912 0.0609 -0.4496
vn -0.9151 -0.2383 0.3251
vn -0.8991 -0.0193 0.4373
vn -0.7650 -0.1613 0.6235
vn -0.5295 0.2178 0.8199
vn 0.2642 0.2048 0.9425
vn 0.8373 -0.0157 0.5466
vn 0.7829 0.1990 0.5895
vn 0.9903 0.0777 0.1148
vn 0.9218 0.3629 0.1363
vn 0.9936 -0.0394 0.1059
vn 0.9255 0.1325 -0.3548
vn 0.8521 0.4181 -0.3149
vn 0.9231 0.0134 -0.3842
vn 0.7802 0.0972 -0.6180
vn 0.7051 0.4105 -0.5782
vn 0.7780 -0.0272 -0.6277
vn 0.5570 0.0089 -0.8305
vn 0.4411 0.3819 -0.8122
vn 0.5675 -0.1337 -0.8125
vn 0.0967 -0.1248 -0.9875
vn -0.0382 0.2719 -0.9616
vn 0.1035 -0.2711 -0.9570
vn -0.6388 0.0272 -0.7689
vn -0.7306 0.1746 -0.6601
vn -0.8615 0.4937 -0.1186
vn -0.9253 0.3135 0.2133
vn -0.7701 0.4235 0.4771
vn -0.2346 0.5293 0.8153
vn 0.6308 0.4403 0.6390
vn 0.1565 0.7867 0.5971
vn 0.7550 0.6320 0.1749
vn 0.6842 0.6901 -0.2356
vn 0.5391 0.6853 -0.4897
vn -0.7297 0.5888 -0.3477
vn -0.0847 0.9609 -0.2636
vn -0.2082 0.9661 -0.1527
vn -0.3280 0.9431 -0.0552
vn -0.2916 0.9543 0.0660
vn -0.2090 0.9731 -0.0972
vn -0.1841 0.9656 -0.1835
vn 0.1704 0.9534 -0.2490
vn -0.5623 -0.5621 -0.6065
vn -0.5207 -0.6297 -0.5765
vn -0.5858 -0.4674 -0.6621
vn -0.1590 -0.2098 -0.9647
vn -0.4373 -0.6318 -0.6400
vn -0.8038 -0.5496 -0.2278
vn -0.3991 -0.5199 -0.7553
vn -0.7552 -0.5718 -0.3206
vn 0.1427 -0.3818 0.9132
vn -0.3792 0.0557 0.9236
vn 0.5691 0.6656 -0.4828
vn 0.2429 0.6174 -0.7482
vn -0.0695 0.9903 -0.1202
vn 0.6377 0.7689 0.0465
vn -0.3903 0.8504 -0.3527
vn -0.2332 0.4195 -0.8773
vn -0.8300 0.0921 -0.5501
vn -0.6238 0.7813 0.0201
vn 0.9995 -0.0092 0.0318
vn 0.8556 0.1031 -0.5072
vn 0.7944 0.3275 -0.5116
vn 0.9654 0.2603 0.0129
vn 0.4535 0.0573 -0.8894
vn 0.4148 0.2799 -0.8658
vn -0.1194 0.0728 -0.9902
vn -0.6798 -0.2433 -0.6919
vn -0.8963 -0.4119 -0.1642
vn -0.0727 -0.5944 0.8008
vn 0.1128 -0.5212 0.8459
vn 0.7391 -0.2642 0.6196
vn 0.6752 -0.0668 0.7346
vn 0.9145 -0.1326 0.3822
vn 0.8957 0.1125 0.4301
vn 0.5483 0.6513 0.5245
vn -0.1883 0.9331 0.3063
vn -0.9970 -0.0446 0.0630
vn -0.4882 0.6932 0.5302
vn 0.2175 0.4511 0.8656
vn -0.7250 0.6254 0.2884
vn -0.1091 0.8003 0.5896
vn -0.7329 0.6445 0.2180
vn -0.4979 0.5339 0.6834
vn -0.1509 0.1487 -0.9773
vn -0.1088 0.0209 -0.9938
vn -0.6066 -0.0548 -0.7931
vn -0.6434 0.0324 -0.7649
vn -0.9305 -0.1880 -0.3144
vn -0.5797 -0.2128 -0.7865
vn -0.8713 -0.3707 -0.3215
vn -0.8603 -0.4692 0.1995
vn -0.7858 -0.5234 -0.3295
vn -0.7690 -0.6211 0.1514
vn -0.4360 -0.6658 0.6055
vn -0.5174 -0.5166 0.6822
vn -0.6935 -0.4327 -0.5760
vn -0.0487 -0.0805 -0.9956
vn 0.5070 0.3078 -0.8051
vn 0.5719 0.1277 -0.8104
vn 0.1326 0.9405 -0.3128
vn 0.4080 0.5338 -0.7407
vn -0.2989 0.4080 -0.8627
vn -0.6829 0.3260 -0.6537
vn -0.9405 -0.1022 -0.3240
vn 0.1808 -0.5105 0.8406
vn 0.1428 -0.4070 0.9022
vn 0.6113 0.0134 -0.7913
vn 0.9687 0.1672 -0.1835
vn 0.9878 0.0217 -0.1541
vn 0.8939 0.3842 -0.2310
vn 0.9166 0.2760 0.2892
vn 0.7012 0.6845 -0.1993
vn 0.1752 0.9761 0.1284
vn 0.7518 0.6354 0.1766
vn -0.4965 0.8385 -0.2247
vn -0.6578 0.7516 -0.0488
vn -0.9330 0.1409 -0.3312
vn 0.7721 -0.1492 0.6177
vn 0.8500 -0.1487 0.5053
vn 0.8372 -0.1218 0.5331
vn 0.7887 -0.0136 0.6146
vn 0.4459 -0.1441 0.8834
vn 0.5651 -0.2343 0.7911
vn 0.7165 0.0859 0.6922
vn 0.6423 0.4781 0.5991
vn 0.0438 0.9355 0.3505
vn -0.6386 0.5939 0.4893
vn -0.5384 0.7953 0.2785
vn -0.9081 0.3718 0.1926
vn -0.8255 0.0548 0.5617
vn -0.0265 0.6210 0.7834
vn 0.1256 0.9866 -0.1043
vn -0.6169 0.5963 -0.5137
vn -0.8916 0.4521 -0.0247
vn -0.5426 0.8390 0.0402
vn -0.9836 -0.1145 -0.1395
vn -0.9543 -0.2270 -0.1944
vn -0.9905 -0.0599 -0.1235
vn -0.6952 0.0184 -0.7186
vn -0.9912 0.1003 -0.0860
vn -0.9761 0.0181 0.2166
vn -0.6602 -0.1894 0.7268
vn 0.2301 0.8920 0.3891
vn 0.7379 0.5485 0.3933
vn 0.8765 0.2755 0.3948
vn -0.8952 -0.3590 -0.2641
vn -0.9677 -0.2132 -0.1344
vn -0.7277 -0.4105 0.5495
vn -0.7251 -0.3191 0.6103
vn -0.7482 -0.1818 0.6381
vn -0.9561 0.0531 -0.2881
vn -0.9743 -0.1101 -0.1966
vn -0.7899 0.1333 -0.5985
vn -0.0101 0.1834 -0.9830
vn 0.4479 0.6457 -0.6185
vn 0.7006 0.7072 -0.0946
vn 0.9082 0.4169 -0.0362
vn 0.8976 0.1084 0.4272
vn 0.9722 0.2332 -0.0203
vn 0.0811 -0.3834 0.9200
vn -0.8728 -0.4158 0.2556
vn -0.3262 -0.5001 0.8022
vn 0.1018 -0.4414 0.8915
vn 0.4194 -0.3355 0.8435
vn 0.8668 -0.1344 0.4802
vn 0.8849 -0.0437 0.4638
vn 0.9995 -0.0294 0.0103
vn 0.9977 0.0678 -0.0053
vn 0.6981 0.4167 -0.5823
vn 0.8986 0.4318 -0.0780
vn 0.5424 0.4138 -0.7311
vn 0.5698 0.8207 -0.0424
vn -0.1222 0.9790 0.1634
vn -0.2019 0.9332 -0.2974
vn -0.8364 0.4962 -0.2330
vn -0.8265 0.5629 -0.0048
vn -0.8751 0.4183 0.2433
vn 0.6110 -0.3721 0.6987
vn 0.6876 -0.1380 0.7129
vn 0.5741 -0.4503 0.6838
vn -0.2186 -0.5507 0.8055
vn 0.9235 -0.2808 0.2614
vn 0.9445 -0.1633 0.2852
vn -0.9264 0.1740 -0.3339
vn -0.4209 0.3002 -0.8560
vn -0.2759 0.2123 -0.9375
vn 0.5527 0.7864 0.2759
vn -0.2818 0.6447 0.7106
vn 0.4685 0.6459 0.6028
vn 0.7113 0.2335 0.6630
vn 0.8696 0.3917 0.3005
vn 0.7211 0.0550 0.6906
vn 0.9224 0.2403 0.3024
vn 0.9365 0.3086 -0.1663
vn 0.9488 0.0828 0.3047
vn 0.9527 0.1924 -0.2354
vn 0.5553 0.1818 -0.8116
vn 0.5747 0.2810 -0.7686
vn 0.9503 -0.0081 -0.3112
vn 0.5155 0.0392 -0.8560
vn -0.1602 0.0148 -0.9870
vn -0.1780 0.1513 -0.9723
vn 0.5003 -0.0393 -0.8650
vn -0.1345 -0.0916 -0.9867
vn -0.5460 0.2781 -0.7903
vn -0.5972 0.1329 -0.7910
vn -0.5821 0.2218 -0.7823
vn -0.8410 -0.0678 -0.5368
vn 0.9296 -0.1110 -0.3514
vn -0.2491 -0.1681 0.9538
vn 0.8101 0.5793 0.0899
vn 0.6730 0.6575 0.3388
vn 0.8432 0.3640 0.3956
vn 0.9091 0.4166 -0.0040
vn -0.0094 -0.4369 -0.8995
vn 0.4410 0.1482 -0.8852
vn 0.0562 -0.0011 -0.9984
vn -0.9919 0.0231 0.1247
vn -0.4850 0.3358 0.8074
vn 0.9251 0.2842 -0.2517
vn 0.9339 0.2204 -0.2815
vn 0.9513 0.2076 -0.2281
vn 0.9467 0.3018 -0.1130
vn -0.0902 -0.3636 -0.9272
vn 0.9108 0.2535 0.3260
vn 0.5128 0.4862 -0.7076
vn 0.4681 0.0260 0.8833
vn 0.6974 0.2247 0.6805
vn 0.8046 0.1867 0.5637
vn 0.7610 0.3315 0.5577
vn 0.5710 0.6506 0.5006
vn -0.2577 0.9603 0.1073
vn -0.0441 0.9931 -0.1085
vn -0.4188 0.8281 0.3725
vn 0.5239 0.5342 0.6635
vn -0.9409 0.2635 -0.2129
vn -0.8638 0.3714 -0.3405
vn -0.7714 0.4435 -0.4563
vn 0.3297 0.8158 -0.4752
vn -0.4530 0.5178 -0.7258
vn 0.4164 0.2672 0.8690
vn -0.7185 -0.6657 0.2018
vn -0.7182 -0.6663 -0.2006
vn 0.5265 -0.8123 -0.2509
vn 0.8287 -0.4527 -0.3292
vn 0.2282 0.5388 -0.8109
vn 0.9695 -0.0645 -0.2365
vn 0.9954 -0.0223 0.0928
vn 0.9313 -0.0639 0.3587
vn 0.7776 -0.1594 0.6083
vn 0.8685 0.1808 0.4616
vn 0.7396 0.1127 0.6635
vn 0.4381 -0.0296 0.8984
vn 0.4757 -0.2806 0.8336
vn -0.0344 -0.1962 0.9800
vn 0.0213 -0.4077 0.9129
vn -0.0784 -0.0374 0.9962
vn -0.4878 -0.1652 0.8572
vn -0.4475 -0.3132 0.8376
vn -0.7673 -0.3630 0.5286
vn -0.8070 -0.2296 0.5441
vn -0.0060 0.3527 -0.9357
vn -0.1399 -0.1051 -0.9846
vn -0.5807 -0.1941 -0.7906
vn -0.8224 -0.2049 -0.5308
vn -0.7627 -0.2781 -0.5839
vn -0.7090 -0.5103 0.4867
vn -0.3931 -0.4917 0.7770
vn -0.1958 -0.8016 0.5649
vn 0.1120 -0.7454 0.6572
vn 0.4528 -0.6816 0.5748
vn -0.9703 0.1319 -0.2028
vn 0.3424 -0.3389 -0.8763
vn 0.5971 -0.2551 -0.7605
vn 0.8078 -0.1553 -0.5687
vn 0.8518 0.0207 -0.5234
vn 0.9880 0.1160 -0.1022
vn 0.9489 0.1839 0.2564
vn 0.8950 0.2970 0.3329
vn 0.8102 0.3143 0.4947
vn 0.7067 0.4537 -0.5429
vn 0.6701 0.5209 -0.5288
vn 0.7990 0.2845 -0.5297
vn 0.8426 0.1478 -0.5179
vn 0.5773 0.0858 -0.8120
vn 0.2710 0.0095 -0.9625
vn 0.3051 -0.1540 -0.9398
vn -0.0873 -0.2336 -0.9684
vn -0.5061 -0.2825 -0.8149
vn -0.3285 -0.4485 -0.8312
vn -0.6146 -0.4360 -0.6574
vn -0.5955 -0.8016 -0.0529
vn -0.4576 -0.8219 0.3393
vn 0.1639 -0.6718 -0.7224
vn 0.0250 -0.4010 -0.9157
vn 0.6102 -0.0658 -0.7895
vn 0.9726 0.2303 -0.0325
vn 0.5335 -0.5419 -0.6494
vn 0.7439 -0.4985 -0.4450
vn 0.6480 0.2526 0.7186
vn 0.7451 0.0838 0.6616
vn 0.7642 -0.0001 0.6450
vn 0.5156 0.2318 0.8249
vn -0.0353 0.0262 0.9990
vn 0.1159 0.0010 0.9933
vn 0.3514 -0.8070 0.4745
vn 0.2896 -0.4078 0.8659
vn 0.7158 0.5575 0.4205
vn 0.6184 0.7294 0.2925
vn -0.6530 -0.1974 0.7312
vn -0.5656 -0.1097 0.8174
vn -0.8241 -0.0649 0.5627
vn 0.9772 0.1863 0.1020
vn 0.9862 0.1412 -0.0865
vn 0.9842 0.1487 -0.0966
vn -0.8080 -0.2607 -0.5284
vn -0.8714 -0.2663 -0.4120
vn -0.6554 -0.2074 -0.7262
vn -0.6080 -0.1133 -0.7858
vn -0.5311 -0.3658 0.7642
vn -0.1939 -0.2618 0.9455
vn -0.3456 -0.1582 0.9249
vn 0.2782 -0.0553 0.9589
vn 0.9922 -0.0457 0.1162
vn 0.8255 -0.5474 -0.1376
vn 0.9974 -0.0417 -0.0585
vn 0.8461 -0.4773 -0.2372
vn -0.2302 -0.6713 0.7046
vn -0.4740 -0.7305 0.4916
vn -0.6447 -0.7469 0.1630
vn -0.6411 -0.7060 -0.3010
vn -0.4345 -0.6450 -0.6286
vn -0.1222 -0.6214 -0.7739
vn 0.2572 -0.5884 -0.7666
vn 0.0872 -0.2941 -0.9518
vn 0.5113 -0.2180 -0.8313
vn 0.8018 -0.1168 -0.5861
vn 0.9568 -0.0574 -0.2851
vn 0.9742 0.1212 -0.1906
vn 0.7896 0.0676 -0.6098
vn -0.8652 -0.3646 -0.3442
vn 0.3503 0.3318 -0.8759
vn 0.7229 0.3023 -0.6213
vn 0.9368 0.3187 -0.1445
vn 0.6342 0.4783 -0.6075
vn 0.8696 0.4778 -0.1246
vn 0.8263 0.4929 0.2725
vn 0.8707 0.4206 0.2549
vn 0.7092 0.5075 0.4893
vn 0.2593 0.4805 -0.8378
vn -0.2118 0.3076 -0.9276
vn -0.2923 0.4122 -0.8629
vn -0.4994 0.2312 -0.8350
vn -0.5385 0.3572 -0.7632
vn -0.5329 0.1518 -0.8325
vn -0.3980 -0.3647 0.8418
vn -0.5413 -0.2458 0.8041
vn -0.9136 -0.3581 0.1925
vn -0.7534 -0.6259 0.2018
vn -0.1725 -0.8755 0.4514
vn 0.6056 -0.3014 -0.7365
vn 0.9962 0.0210 -0.0843
vn 0.7345 -0.6423 -0.2190
vn -0.8350 -0.4169 -0.3591
vn -0.3822 -0.5566 -0.7376
vn -0.4884 -0.7526 -0.4416
vn -0.0957 -0.3473 0.9329
vn 0.1881 -0.2328 0.9542
vn 0.4246 0.0382 0.9046
vn 0.5694 -0.5256 0.6321
vn 0.8165 0.0212 0.5770
vn 0.8588 0.2617 0.4405
vn 0.4634 0.1342 0.8759
vn 0.4837 0.2156 0.8483
vn -0.6162 -0.1679 0.7695
vn -0.9628 -0.2298 0.1422
vn -0.0130 -0.9132 -0.4074
vn 0.3476 -0.8740 -0.3394
vn 0.1502 -0.8213 0.5504
vn 0.9329 0.2151 -0.2887
vn 0.8878 0.3214 -0.3294
vn 0.8698 0.3432 0.3545
vn 0.8313 0.4668 0.3018
vn 0.4592 0.3645 0.8101
vn 0.0608 0.2542 0.9652
vn -0.3293 0.1777 0.9273
vn -0.6704 0.1351 0.7296
vn -0.6805 -0.0182 0.7325
vn -0.8714 -0.2792 -0.4035
vn -0.6433 -0.1585 -0.7490
vn -0.5128 -0.3832 -0.7682
vn -0.0834 -0.1338 -0.9875
vn 0.0299 -0.4058 -0.9135
vn 0.0761 -0.6347 -0.7690
vn 0.3398 -0.3056 -0.8894
vn 0.3376 -0.5490 -0.7646
vn 0.6158 -0.0964 -0.7820
vn 0.2925 -0.0411 -0.9554
vn 0.6132 0.1298 -0.7792
vn 0.8350 0.4402 -0.3302
vn 0.7758 0.5256 -0.3492
vn 0.7696 0.5946 0.2326
vn 0.4100 0.5196 0.7496
vn 0.0180 0.4241 0.9054
vn -0.3770 0.3346 0.8637
vn -0.5367 0.2859 0.7939
vn -0.7123 0.0534 -0.6999
vn -0.1531 0.1172 -0.9812
vn 0.2387 0.1942 -0.9515
vn 0.5838 0.3301 -0.7417
vn 0.5466 0.4369 -0.7144
vn -0.7330 0.1384 -0.6660
vn -0.1794 0.2318 -0.9561
vn 0.2048 0.3158 -0.9265
vn 0.1307 0.4094 0.9029
vn 0.4844 0.2393 0.8415
vn 0.5077 0.1677 0.8451
vn -0.0441 0.3186 0.9469
vn 0.2297 0.3766 0.8974
vn 0.4718 0.1704 0.8651
vn 0.0665 -0.9680 -0.2420
vn -0.2714 -0.7876 -0.5532
vn -0.1023 -0.8683 -0.4853
vn -0.0720 -0.9951 -0.0676
vn 0.1275 -0.9478 -0.2923
vn -0.3341 -0.8502 -0.4070
vn 0.1861 -0.9762 -0.1116
vn 0.5769 0.1289 -0.8066
vn 0.8182 0.0241 -0.5744
vn -0.2704 -0.0748 -0.9598
vn 0.0983 0.1164 -0.9883
vn -0.3954 0.0940 -0.9137
vn 0.4972 -0.0041 0.8676
vn -0.3079 0.1861 0.9330
vn -0.2740 0.0207 0.9615
vn -0.3946 0.2559 0.8825
vn -0.7713 0.1435 0.6201
vn -0.7882 0.2020 0.5814
vn -0.7720 0.0033 0.6356
vn -0.8958 -0.4289 0.1164
vn -0.7097 -0.3976 0.5816
vn -0.8297 -0.3383 -0.4439
vn -0.6403 -0.0122 -0.7680
vn -0.5827 -0.2667 -0.7677
vn -0.1819 -0.3538 -0.9174
vn 0.8765 0.4006 0.2670
vn 0.1255 -0.9863 -0.1071
vn 0.7746 0.1381 0.6172
vn 0.7773 0.1702 0.6057
vn 0.6417 0.0927 0.7613
vn 0.9187 0.3815 -0.1022
vn 0.9710 0.2307 -0.0628
vn -0.6489 0.0937 -0.7551
vn -0.6690 0.1709 -0.7233
vn -0.3872 0.1873 -0.9028
vn 0.0335 0.2857 -0.9577
vn -0.5545 0.5228 0.6475
vn -0.2825 -0.0957 0.9545
vn 0.5793 0.0702 0.8121
vn 0.0466 0.7154 0.6972
vn 0.8160 0.4917 0.3039
vn 0.0320 0.7069 -0.7066
vn 0.3859 0.6181 0.6849
vn 0.6872 0.0709 0.7230
vn 0.5312 0.2022 -0.8228
vn -0.3131 -0.3751 0.8725
vn -0.2339 -0.3591 0.9035
vn -0.1761 -0.2937 0.9395
vn 0.3912 -0.3114 0.8660
vn 0.8221 -0.1583 0.5468
vn 0.9951 -0.0246 -0.0958
vn 0.9997 0.0127 -0.0196
vn 0.5046 0.1597 -0.8485
vn -0.4660 0.5402 0.7008
vn -0.5525 0.7813 0.2904
vn -0.8294 0.2878 0.4788
vn -0.4548 -0.1716 -0.8739
vn -0.9456 0.0547 -0.3207
vn -0.6605 0.6588 -0.3601
vn -0.5564 0.1992 -0.8067
vn 0.7320 -0.1084 0.6726
vn 0.8721 -0.1572 0.4633
vn 0.0137 -0.1437 -0.9895
vn -0.1217 0.3043 -0.9448
vn 0.4654 0.3098 -0.8291
vn -0.6372 0.7695 -0.0431
vn 0.8894 0.4384 -0.1299
vn 0.3789 0.6970 0.6087
vn 0.1008 0.2447 0.9643
vn 0.1918 0.1354 0.9720
vn 0.2227 0.0161 0.9747
vn -0.3242 0.0598 0.9441
vn -0.3447 -0.0279 0.9383
vn -0.3495 0.1555 0.9239
vn -0.5238 -0.1176 0.8437
vn -0.0281 0.4033 0.9146
vn -0.4030 0.2910 0.8677
vn -0.1834 0.7330 0.6551
vn -0.9702 0.2184 0.1047
vn 0.8059 -0.1662 -0.5683
vn -0.4265 0.5924 0.6835
vn -0.1193 0.6997 0.7044
vn -0.2846 0.9545 0.0892
vn -0.9948 0.1017 0.0088
vn -0.8491 0.1064 0.5174
vn -0.6860 0.6247 0.3732
vn -0.8850 0.4586 0.0806
vn -0.1308 0.9912 -0.0204
vn 0.0152 0.9763 -0.2159
vn 0.8387 0.2641 -0.4763
vn 0.7533 0.1939 -0.6284
vn 0.9993 -0.0007 -0.0368
vn 0.8815 -0.1840 0.4350
vn 0.6948 -0.2085 0.6883
vn 0.7860 -0.2640 0.5590
vn -0.6250 -0.3082 -0.7172
vn -0.7044 -0.3204 -0.6333
vn -0.5412 -0.0712 -0.8379
vn -0.4922 -0.1587 -0.8559
vn -0.2641 0.0386 -0.9637
vn -0.2619 -0.0223 -0.9648
vn -0.5608 0.2134 -0.8000
vn -0.1946 0.3043 -0.9325
vn 0.2743 0.5221 -0.8075
vn 0.5187 0.4311 -0.7383
vn 0.5814 0.7305 -0.3582
vn 0.8124 0.4579 0.3610
vn 0.5696 0.1004 0.8158
vn 0.6232 -0.1145 0.7736
vn 0.1138 -0.0102 0.9935
vn 0.2169 -0.2793 0.9354
vn 0.2554 -0.3801 0.8890
vn -0.3275 -0.1265 0.9363
vn -0.2404 -0.4057 0.8818
vn -0.2203 -0.5145 0.8287
vn -0.5846 -0.1849 0.7900
vn -0.4862 -0.4874 0.7253
vn -0.4462 -0.5922 0.6710
vn -0.8238 -0.2020 0.5297
vn -0.6763 -0.5604 0.4780
vn -0.6023 -0.6736 0.4285
vn -0.9853 -0.1653 0.0428
vn -0.8327 -0.5538 -0.0018
vn -0.7463 -0.6633 -0.0557
vn -0.8008 -0.0477 -0.5971
vn -0.7735 0.1548 -0.6146
vn -0.4272 0.6943 -0.5792
vn -0.0642 0.7111 -0.7002
vn 0.1543 0.8501 -0.5035
vn 0.4969 0.8669 0.0396
vn 0.2539 0.8316 0.4939
vn 0.4971 0.3786 0.7808
vn 0.0183 0.2919 0.9563
vn -0.3873 0.1955 0.9010
vn -0.6368 0.1425 0.7578
vn -0.6535 0.6240 -0.4284
vn -0.5777 0.6080 0.5446
vn -0.4097 -0.4917 -0.7684
vn -0.8154 -0.5128 -0.2686
vn -0.5009 -0.4282 -0.7522
vn -0.3498 -0.5508 -0.7578
vn -0.3944 -0.6120 -0.6855
vn -0.1059 -0.2273 -0.9681
vn -0.1744 -0.3036 -0.9367
vn -0.5376 -0.5839 -0.6083
vn 0.9999 0.0139 0.0040
vn 0.7612 0.5820 -0.2861
vn -0.6186 0.1173 0.7769
vn -0.1692 0.3963 0.9024
vn -0.5102 0.7869 0.3472
vn -0.8875 0.0957 0.4507
vn -0.7123 0.7018 -0.0113
vn -0.3805 0.8936 -0.2379
vn -0.6555 0.1726 -0.7352
vn -0.9953 0.0678 -0.0690
vn 0.1770 -0.3887 0.9042
vn 0.0487 -0.1630 0.9854
vn -0.4785 -0.2600 0.8387
vn -0.3770 -0.4658 0.8005
vn -0.8360 -0.2974 0.4611
vn -0.7640 -0.5046 0.4021
vn -0.9444 -0.3080 -0.1151
vn -0.6300 -0.2203 -0.7447
vn -0.1160 -0.0518 -0.9919
vn 0.9896 -0.1164 -0.0842
vn 0.9508 -0.1220 -0.2848
vn 0.7733 -0.2484 0.5833
vn 0.7905 -0.0135 0.6123
vn 0.4754 -0.0815 0.8760
vn 0.5314 -0.3094 0.7886
vn 0.2980 0.5358 0.7900
vn -0.1177 0.9657 0.2315
vn -0.0695 0.3837 -0.9208
vn 0.1367 0.9817 -0.1326
vn 0.6387 0.6455 0.4189
vn -0.0902 0.9185 -0.3849
vn 0.3373 0.9194 -0.2024
vn -0.9257 -0.3561 -0.1273
vn -0.9672 -0.2281 -0.1113
vn -0.2714 -0.0939 -0.9579
vn -0.7135 -0.2745 -0.6447
vn 0.2417 0.0395 -0.9696
vn 0.2712 -0.1406 -0.9522
vn -0.2061 -0.2557 -0.9445
vn 0.7482 0.0676 -0.6600
vn 0.7493 -0.1186 -0.6515
vn -0.4520 -0.3212 -0.8321
vn -0.8787 -0.4633 -0.1152
vn -0.7788 -0.2857 0.5584
vn -0.7030 -0.4608 0.5417
vn -0.6360 0.5857 0.5024
vn -0.9870 0.0904 -0.1327
vn -0.8240 -0.0346 0.5656
vn 0.9999 -0.0113 -0.0069
vn 0.9904 -0.1368 -0.0179
vn -0.6348 -0.5617 0.5306
vn -0.0053 -0.4369 0.8995
vn -0.0924 -0.3227 0.9420
vn -0.2320 -0.1355 0.9632
vn 0.2861 -0.0151 0.9581
vn -0.3498 0.1994 0.9154
vn 0.0180 0.2966 0.9548
vn 0.6978 0.0772 0.7121
vn 0.4477 0.3883 0.8055
vn 0.1171 0.9428 -0.3120
vn 0.3690 0.6061 -0.7046
vn -0.1033 0.7434 -0.6608
vn -0.1392 0.9796 -0.1449
vn 0.4617 0.8464 0.2656
vn -0.3299 0.7114 -0.6205
vn -0.7906 0.5161 -0.3295
vn -0.4659 0.7135 0.5233
vn -0.3734 0.9171 -0.1395
vn -0.2236 0.2363 -0.9456
vn -0.2248 0.1097 -0.9682
vn -0.7597 -0.0114 -0.6502
vn -0.2317 0.2903 -0.9284
vn -0.2611 0.4373 -0.8606
vn 0.0482 0.4908 -0.8699
vn 0.6391 0.4100 -0.6508
vn 0.0342 0.8014 0.5971
vn 0.2470 0.3218 0.9140
vn 0.3762 0.0447 0.9255
vn -0.2273 -0.0505 -0.9725
vn -0.7100 0.1702 -0.6833
vn -0.2637 0.2621 0.9283
vn -0.0661 -0.0328 0.9973
vn 0.0299 -0.2017 0.9790
vn 0.4747 -0.0868 0.8759
vn 0.8782 0.0560 -0.4749
vn 0.2699 0.1120 -0.9564
vn 0.2314 -0.4012 0.8863
vn 0.5660 -0.1909 0.8020
vn 0.6142 -0.2510 0.7482
vn 0.1126 -0.3408 0.9334
vn 0.1655 -0.4145 0.8949
vn -0.1113 -0.0343 0.9932
vn -0.2801 0.4284 0.8591
vn -0.2560 0.9172 0.3053
vn -0.3462 0.7845 -0.5144
vn -0.5283 0.6383 -0.5599
vn -0.6675 0.7183 0.1965
vn -0.0710 0.7893 -0.6099
vn 0.8007 -0.0858 0.5929
vn 0.8693 -0.2529 0.4247
vn 0.8813 -0.3085 0.3579
vn 0.9167 -0.0264 -0.3988
vn 0.4598 -0.3870 0.7993
vn 0.4817 -0.4849 0.7299
vn -0.5056 0.3682 -0.7802
vn 0.0197 0.5405 0.8411
vn 0.3596 0.5956 0.7182
vn 0.3496 0.9360 0.0411
vn 0.2436 0.1028 0.9644
vn 0.6122 0.1877 0.7681
vn 0.3129 -0.0411 0.9489
vn 0.7092 0.0495 0.7033
vn -0.1372 -0.1871 0.9727
vn 0.3810 -0.1793 0.9070
vn -0.1517 -0.3173 0.9361
vn -0.7176 -0.5299 0.4519
vn -0.1418 -0.5122 0.8471
vn -0.9245 -0.3380 -0.1762
vn -0.8785 -0.4351 -0.1973
vn -0.6970 -0.5917 0.4051
vn -0.5819 0.0519 -0.8116
vn -0.1403 -0.6051 0.7837
vn 0.8958 0.3602 -0.2605
vn -0.2701 -0.3977 -0.8769
vn -0.7933 -0.5650 -0.2268
vn -0.5894 -0.7314 0.3430
vn 0.0271 -0.8339 0.5513
vn -0.6101 -0.4567 -0.6474
vn 0.8655 0.2396 -0.4399
vn 0.8876 0.1607 -0.4316
vn 0.5268 -0.7743 0.3505
vn 0.5129 -0.2426 0.8234
vn 0.0155 -0.9368 -0.3494
vn 0.6261 -0.7536 0.2004
vn 0.8080 -0.1767 0.5620
vn 0.4929 -0.0501 0.8686
vn 0.4916 0.0094 0.8708
vn 0.8055 0.0150 0.5924
vn 0.8105 0.0788 0.5804
vn 0.8931 -0.0852 -0.4417
vn 0.9795 -0.1528 0.1315
vn 0.9721 0.1571 0.1744
vn 0.9800 0.0854 0.1795
vt 0.833400 0.417800
vt 0.829700 0.414800
vt 0.826300 0.412100
vt 0.828000 0.409700
vt 0.835200 0.415100
vt 0.954000 0.647200
vt 0.957100 0.648300
vt 0.955400 0.649500
vt 0.959700 0.660000
vt 0.956500 0.663500
vt 0.954900 0.660800
vt 0.957500 0.658600
vt 0.951900 0.665500
vt 0.952300 0.661600
vt 0.962800 0.662400
vt 0.959500 0.666500
vt 0.963000 0.653100
vt 0.966900 0.656300
vt 0.990700 0.652100
vt 0.987800 0.655800
vt 0.980200 0.651000
vt 0.982800 0.646100
vt 0.691514 0.861130
vt 0.701853 0.871212
vt 0.695947 0.876768
vt 0.686080 0.865342
vt 0.955000 0.669100
vt 0.950600 0.672000
vt 0.948100 0.669400
vt 0.681188 0.851234
vt 0.679008 0.855038
vt 0.676773 0.853877
vt 0.678648 0.849719
vt 0.682229 0.847226
vt 0.682928 0.849242
vt 0.945100 0.672300
vt 0.946700 0.675300
vt 0.695132 0.857791
vt 0.697275 0.853427
vt 0.703807 0.858517
vt 0.709255 0.862836
vt 0.705688 0.866922
vt 0.965900 0.681200
vt 0.961400 0.685100
vt 0.956200 0.678800
vt 0.960900 0.675700
vt 0.956300 0.689200
vt 0.951200 0.682200
vt 0.938400 0.675600
vt 0.941900 0.674200
vt 0.942700 0.678000
vt 0.939300 0.679800
vt 0.970100 0.646100
vt 0.973700 0.647600
vt 0.971300 0.651100
vt 0.968100 0.649500
vt 0.975700 0.641700
vt 0.971700 0.641100
vt 0.951000 0.693200
vt 0.948300 0.695400
vt 0.943000 0.687500
vt 0.946200 0.685500
vt 0.953300 0.655800
vt 0.957900 0.653500
vt 0.948400 0.660400
vt 0.950600 0.659300
vt 0.947300 0.656900
vt 0.947300 0.653500
vt 0.949500 0.654100
vt 0.949700 0.656800
vt 0.951500 0.652100
vt 0.681505 0.869776
vt 0.690296 0.881932
vt 0.372300 0.427100
vt 0.371800 0.424700
vt 0.373200 0.424500
vt 0.374800 0.424400
vt 0.374900 0.427700
vt 0.374000 0.429000
vt 0.371300 0.427800
vt 0.370400 0.426800
vt 0.390700 0.434400
vt 0.392500 0.433600
vt 0.393200 0.435800
vt 0.390300 0.435800
vt 0.377800 0.424000
vt 0.374500 0.422400
vt 0.376500 0.421700
vt 0.393500 0.416400
vt 0.391600 0.418000
vt 0.387700 0.413500
vt 0.388700 0.409800
vt 0.391900 0.410800
vt 0.385500 0.416600
vt 0.383500 0.414800
vt 0.385900 0.411900
vt 0.389300 0.420500
vt 0.164500 0.206900
vt 0.162700 0.207600
vt 0.161500 0.202600
vt 0.166900 0.199800
vt 0.170500 0.200800
vt 0.166800 0.205900
vt 0.384800 0.425200
vt 0.380900 0.421000
vt 0.383100 0.418800
vt 0.387100 0.423000
vt 0.379300 0.419000
vt 0.381300 0.417000
vt 0.379600 0.422400
vt 0.378000 0.420400
vt 0.383200 0.426600
vt 0.078500 0.494100
vt 0.093000 0.484600
vt 0.106500 0.474200
vt 0.109700 0.478600
vt 0.096200 0.488900
vt 0.062200 0.507500
vt 0.058800 0.503700
vt 0.372500 0.430800
vt 0.369900 0.429500
vt 0.367000 0.428400
vt 0.368300 0.431600
vt 0.365800 0.429800
vt 0.389000 0.408300
vt 0.392300 0.408100
vt 0.395200 0.415300
vt 0.394600 0.410800
vt 0.398500 0.419900
vt 0.397200 0.420800
vt 0.395700 0.422300
vt 0.393600 0.424500
vt 0.391300 0.427200
vt 0.388900 0.429500
vt 0.387200 0.431100
vt 0.386000 0.432400
vt 0.387700 0.437700
vt 0.384700 0.434100
vt 0.384100 0.435300
vt 0.201200 0.392500
vt 0.189400 0.401300
vt 0.182800 0.393100
vt 0.194200 0.384400
vt 0.209600 0.371400
vt 0.219000 0.362800
vt 0.225900 0.371000
vt 0.216500 0.379600
vt 0.544500 0.602600
vt 0.546500 0.599500
vt 0.548600 0.605600
vt 0.850100 0.924200
vt 0.872000 0.925400
vt 0.870800 0.929200
vt 0.869400 0.932300
vt 0.860800 0.935000
vt 0.402100 0.424800
vt 0.400600 0.418600
vt 0.404100 0.424100
vt 0.400600 0.425000
vt 0.399300 0.426600
vt 0.397900 0.429100
vt 0.395600 0.432200
vt 0.396900 0.434000
vt 0.399600 0.430400
vt 0.407600 0.422200
vt 0.400200 0.428200
vt 0.240000 0.356800
vt 0.234100 0.362600
vt 0.227000 0.354900
vt 0.232700 0.349200
vt 0.242100 0.340400
vt 0.249100 0.348000
vt 0.387300 0.443600
vt 0.388000 0.440200
vt 0.720900 0.581300
vt 0.727300 0.595700
vt 0.718900 0.603300
vt 0.711700 0.609400
vt 0.707000 0.613500
vt 0.697200 0.594000
vt 0.373100 0.422600
vt 0.387100 0.408900
vt 0.806300 0.854700
vt 0.808100 0.852900
vt 0.814500 0.859100
vt 0.813800 0.861300
vt 0.806200 0.868200
vt 0.797700 0.853400
vt 0.822400 0.873900
vt 0.825100 0.864400
vt 0.826400 0.862500
vt 0.385300 0.341500
vt 0.374300 0.346600
vt 0.370700 0.341700
vt 0.381200 0.337000
vt 0.395000 0.338900
vt 0.392400 0.334100
vt 0.364000 0.331000
vt 0.377900 0.326700
vt 0.389600 0.324700
vt 0.362000 0.245500
vt 0.363321 0.250185
vt 0.356400 0.256600
vt 0.353200 0.252700
vt 0.831900 0.871300
vt 0.833200 0.878700
vt 0.823700 0.883600
vt 0.839400 0.868100
vt 0.841400 0.874300
vt 0.808800 0.889800
vt 0.807000 0.883300
vt 0.805100 0.879300
vt 0.476800 0.334000
vt 0.472900 0.343200
vt 0.467600 0.343500
vt 0.483000 0.335600
vt 0.474600 0.346900
vt 0.467200 0.348400
vt 0.126100 0.830100
vt 0.111300 0.836500
vt 0.095800 0.799100
vt 0.113100 0.797800
vt 0.500000 0.256500
vt 0.505100 0.252000
vt 0.509700 0.253300
vt 0.503900 0.260500
vt 0.497000 0.252200
vt 0.502400 0.248000
vt 0.507900 0.243600
vt 0.780600 0.826500
vt 0.778000 0.831500
vt 0.775800 0.830300
vt 0.779200 0.824600
vt 0.782800 0.828600
vt 0.782100 0.833300
vt 0.791600 0.823600
vt 0.790800 0.826200
vt 0.789800 0.829900
vt 0.462300 0.330200
vt 0.453200 0.328700
vt 0.454500 0.318200
vt 0.462300 0.316800
vt 0.469300 0.313800
vt 0.473600 0.321300
vt 0.801900 0.835500
vt 0.799300 0.836700
vt 0.888200 0.924400
vt 0.884700 0.927600
vt 0.872600 0.921100
vt 0.872900 0.916900
vt 0.880100 0.913600
vt 0.532600 0.711700
vt 0.530800 0.707300
vt 0.541000 0.706800
vt 0.550000 0.707000
vt 0.548200 0.714700
vt 0.540700 0.713100
vt 0.547500 0.162000
vt 0.551200 0.167400
vt 0.544500 0.165600
vt 0.540100 0.160500
vt 0.537200 0.156200
vt 0.539200 0.154500
vt 0.542700 0.157700
vt 0.023700 0.034800
vt 0.026600 0.035200
vt 0.021800 0.082000
vt 0.017700 0.083400
vt 0.941300 0.764600
vt 0.932700 0.760200
vt 0.937400 0.753700
vt 0.940200 0.755700
vt 0.943000 0.757600
vt 0.948700 0.758500
vt 0.948900 0.768500
vt 0.175100 0.565100
vt 0.177900 0.568100
vt 0.181700 0.564800
vt 0.178800 0.561700
vt 0.175000 0.557600
vt 0.171600 0.560500
vt 0.466700 0.332300
vt 0.474000 0.262600
vt 0.477700 0.268100
vt 0.471100 0.272000
vt 0.466400 0.265900
vt 0.464632 0.258282
vt 0.456332 0.260710
vt 0.455037 0.252322
vt 0.463308 0.250822
vt 0.472232 0.255798
vt 0.470966 0.248780
vt 0.546600 0.554900
vt 0.551800 0.551600
vt 0.553900 0.555000
vt 0.549600 0.557900
vt 0.546700 0.562100
vt 0.543200 0.559900
vt 0.785000 0.892100
vt 0.813700 0.899800
vt 0.782200 0.911500
vt 0.768000 0.904400
vt 0.779200 0.877300
vt 0.770200 0.873700
vt 0.776200 0.867500
vt 0.779700 0.860900
vt 0.777400 0.853200
vt 0.777400 0.840900
vt 0.777600 0.835800
vt 0.781400 0.836600
vt 0.786300 0.855900
vt 0.784600 0.868200
vt 0.774800 0.840000
vt 0.773000 0.854300
vt 0.854600 0.855100
vt 0.849800 0.856800
vt 0.850100 0.854400
vt 0.859700 0.853300
vt 0.857000 0.857000
vt 0.851300 0.861200
vt 0.834100 0.399600
vt 0.835700 0.395800
vt 0.843100 0.400800
vt 0.841100 0.404300
vt 0.541100 0.328300
vt 0.530800 0.326500
vt 0.541600 0.288500
vt 0.562100 0.297800
vt 0.551500 0.330500
vt 0.765100 0.919600
vt 0.757500 0.912800
vt 0.194800 0.893300
vt 0.212000 0.907900
vt 0.201400 0.919300
vt 0.182600 0.906200
vt 0.616300 0.585300
vt 0.607900 0.583900
vt 0.607900 0.580200
vt 0.616800 0.581500
vt 0.626100 0.583200
vt 0.625200 0.587100
vt 0.684200 0.579200
vt 0.686100 0.585500
vt 0.661300 0.593400
vt 0.655600 0.584900
vt 0.671200 0.580900
vt 0.825500 0.293400
vt 0.845300 0.303000
vt 0.840300 0.312600
vt 0.803000 0.301000
vt 0.805200 0.286700
vt 0.290100 0.385200
vt 0.281800 0.376300
vt 0.292700 0.370000
vt 0.300600 0.377600
vt 0.308800 0.358400
vt 0.315200 0.366200
vt 0.262300 0.607600
vt 0.235900 0.635700
vt 0.220800 0.623100
vt 0.259200 0.586700
vt 0.270500 0.600300
vt 0.276300 0.365400
vt 0.286000 0.359600
vt 0.477900 0.409000
vt 0.492600 0.399200
vt 0.502900 0.416500
vt 0.476500 0.436200
vt 0.463800 0.420000
vt 0.692500 0.651900
vt 0.699700 0.655500
vt 0.687800 0.669100
vt 0.680300 0.664700
vt 0.686500 0.658000
vt 0.746500 0.372300
vt 0.736800 0.372500
vt 0.738600 0.395100
vt 0.726900 0.394100
vt 0.726200 0.407800
vt 0.700700 0.405200
vt 0.692300 0.434800
vt 0.677000 0.431600
vt 0.686000 0.394000
vt 0.701700 0.393300
vt 0.700600 0.374900
vt 0.724800 0.372800
vt 0.721400 0.351600
vt 0.734000 0.350000
vt 0.758100 0.360300
vt 0.756800 0.375500
vt 0.269400 0.354400
vt 0.261400 0.363000
vt 0.257000 0.357900
vt 0.266300 0.349800
vt 0.279400 0.346200
vt 0.276800 0.341600
vt 0.252500 0.352300
vt 0.262300 0.344000
vt 0.273300 0.336000
vt 0.248400 0.366100
vt 0.243600 0.360900
vt 0.243100 0.372200
vt 0.235800 0.381000
vt 0.230000 0.375500
vt 0.238000 0.366900
vt 0.220800 0.384500
vt 0.617300 0.976100
vt 0.607600 0.976400
vt 0.607200 0.966500
vt 0.617500 0.966400
vt 0.665000 0.915500
vt 0.716100 0.916700
vt 0.718400 0.923000
vt 0.665500 0.922500
vt 0.606500 0.942100
vt 0.606500 0.930600
vt 0.616300 0.930300
vt 0.617200 0.942000
vt 0.606400 0.922300
vt 0.615800 0.922100
vt 0.277000 0.899200
vt 0.265500 0.888300
vt 0.285200 0.876500
vt 0.321100 0.866900
vt 0.324400 0.872800
vt 0.307100 0.880500
vt 0.292800 0.888400
vt 0.271900 0.421200
vt 0.262400 0.429600
vt 0.258400 0.425000
vt 0.268000 0.417200
vt 0.280400 0.414900
vt 0.275800 0.411100
vt 0.286600 0.410700
vt 0.281500 0.406700
vt 0.295200 0.403400
vt 0.290300 0.399900
vt 0.271300 0.397500
vt 0.280300 0.391500
vt 0.304000 0.395900
vt 0.299400 0.392600
vt 0.312900 0.388000
vt 0.309000 0.384500
vt 0.322100 0.373300
vt 0.336300 0.363100
vt 0.347900 0.356300
vt 0.355100 0.352400
vt 0.359000 0.355000
vt 0.330400 0.355700
vt 0.324900 0.347500
vt 0.337200 0.340900
vt 0.341900 0.349200
vt 0.303100 0.349600
vt 0.320500 0.339700
vt 0.497700 0.729800
vt 0.505800 0.726100
vt 0.515300 0.725500
vt 0.519100 0.733100
vt 0.494900 0.743100
vt 0.490500 0.732700
vt 0.292300 0.330800
vt 0.288200 0.325400
vt 0.284600 0.320900
vt 0.298900 0.310100
vt 0.302800 0.314300
vt 0.270100 0.331400
vt 0.259200 0.339600
vt 0.252400 0.331800
vt 0.263300 0.323500
vt 0.640600 0.994000
vt 0.634800 0.994500
vt 0.635000 0.984500
vt 0.640800 0.984200
vt 0.626300 0.995100
vt 0.626800 0.985000
vt 0.282100 0.351700
vt 0.635100 0.975300
vt 0.627200 0.975600
vt 0.627300 0.966600
vt 0.635100 0.966800
vt 0.640700 0.975200
vt 0.640800 0.966800
vt 0.616900 0.985700
vt 0.434900 0.919900
vt 0.436700 0.944100
vt 0.422400 0.947200
vt 0.410300 0.928900
vt 0.399100 0.926300
vt 0.388500 0.914300
vt 0.380600 0.907500
vt 0.387200 0.902900
vt 0.960300 0.841300
vt 0.964700 0.844700
vt 0.952700 0.851900
vt 0.947100 0.848400
vt 0.953200 0.844900
vt 0.634800 0.942000
vt 0.634700 0.930200
vt 0.640600 0.930200
vt 0.640800 0.942000
vt 0.626900 0.942100
vt 0.626300 0.930200
vt 0.634500 0.922400
vt 0.640500 0.922600
vt 0.625900 0.922200
vt 0.624100 0.519000
vt 0.616500 0.503500
vt 0.618500 0.501900
vt 0.628500 0.515700
vt 0.632900 0.520400
vt 0.627200 0.524800
vt 0.332400 0.594700
vt 0.336700 0.615100
vt 0.326000 0.614600
vt 0.309400 0.656600
vt 0.297600 0.674900
vt 0.276900 0.663600
vt 0.279300 0.623700
vt 0.840900 0.395600
vt 0.844600 0.398600
vt 0.837000 0.392600
vt 0.349200 0.346100
vt 0.691700 0.567100
vt 0.693400 0.551600
vt 0.698200 0.552400
vt 0.698300 0.561100
vt 0.698800 0.566100
vt 0.733400 0.913800
vt 0.735800 0.920000
vt 0.747300 0.907900
vt 0.755500 0.900300
vt 0.738900 0.926400
vt 0.073600 0.411800
vt 0.085000 0.386900
vt 0.100400 0.397900
vt 0.092800 0.409900
vt 0.083300 0.412800
vt 0.842300 0.890600
vt 0.824300 0.907800
vt 0.822500 0.900200
vt 0.837400 0.889600
vt 0.836600 0.885100
vt 0.847600 0.883600
vt 0.242300 0.471100
vt 0.247900 0.465700
vt 0.259300 0.464500
vt 0.256700 0.470300
vt 0.254100 0.475400
vt 0.245100 0.481400
vt 0.955100 0.836200
vt 0.952200 0.832900
vt 0.948100 0.828600
vt 0.956700 0.821600
vt 0.965200 0.828300
vt 0.901300 0.195700
vt 0.914100 0.214600
vt 0.902700 0.225000
vt 0.888300 0.207700
vt 0.847200 0.870900
vt 0.844800 0.865200
vt 0.853900 0.866500
vt 0.884600 0.901300
vt 0.873900 0.905700
vt 0.864700 0.895300
vt 0.877900 0.887800
vt 0.864700 0.858500
vt 0.513900 0.254600
vt 0.506900 0.264900
vt 0.870600 0.868600
vt 0.872500 0.874900
vt 0.864800 0.879800
vt 0.860600 0.874600
vt 0.634800 0.585800
vt 0.638600 0.572300
vt 0.649000 0.577700
vt 0.669700 0.573200
vt 0.647600 0.594500
vt 0.641900 0.589600
vt 0.477639 0.246722
vt 0.478636 0.253638
vt 0.490300 0.262300
vt 0.487500 0.257200
vt 0.493900 0.267300
vt 0.495800 0.271700
vt 0.483300 0.265400
vt 0.487200 0.270700
vt 0.481800 0.273400
vt 0.477200 0.037100
vt 0.478100 0.053400
vt 0.456600 0.053700
vt 0.435400 0.053400
vt 0.434400 0.035800
vt 0.478900 0.281200
vt 0.472800 0.285200
vt 0.470000 0.282900
vt 0.475700 0.277300
vt 0.832700 0.863600
vt 0.833300 0.860400
vt 0.839200 0.861500
vt 0.840200 0.858200
vt 0.844100 0.859500
vt 0.844300 0.856600
vt 0.468100 0.296600
vt 0.465000 0.295200
vt 0.459400 0.294600
vt 0.464900 0.278500
vt 0.459400 0.308100
vt 0.465200 0.305900
vt 0.469200 0.304700
vt 0.473700 0.311700
vt 0.932100 0.640400
vt 0.937700 0.645600
vt 0.935300 0.648300
vt 0.928900 0.642700
vt 0.635700 0.849600
vt 0.634900 0.859300
vt 0.631800 0.865800
vt 0.629400 0.871300
vt 0.618700 0.862800
vt 0.627900 0.852100
vt 0.442400 0.326900
vt 0.444600 0.336400
vt 0.432700 0.333900
vt 0.434300 0.325500
vt 0.443700 0.341500
vt 0.432200 0.337200
vt 0.457100 0.346200
vt 0.458500 0.341300
vt 0.462200 0.347300
vt 0.463300 0.342700
vt 0.424800 0.338100
vt 0.425200 0.333000
vt 0.350600 0.180500
vt 0.379600 0.176900
vt 0.380700 0.195000
vt 0.366000 0.197200
vt 0.351500 0.199500
vt 0.949500 0.509800
vt 0.948400 0.520400
vt 0.938200 0.520700
vt 0.935800 0.517000
vt 0.932700 0.512500
vt 0.946500 0.502000
vt 0.850200 0.914700
vt 0.855200 0.906200
vt 0.841000 0.442600
vt 0.844100 0.442700
vt 0.844700 0.452300
vt 0.841100 0.452400
vt 0.840800 0.446400
vt 0.930900 0.763000
vt 0.935200 0.765200
vt 0.933800 0.769600
vt 0.929300 0.767300
vt 0.924300 0.764900
vt 0.925900 0.760900
vt 0.408000 0.337800
vt 0.407000 0.332500
vt 0.406000 0.323600
vt 0.418100 0.323800
vt 0.417800 0.332500
vt 0.388000 0.315000
vt 0.375200 0.315700
vt 0.427100 0.316500
vt 0.386400 0.306900
vt 0.405100 0.307800
vt 0.405400 0.292200
vt 0.428600 0.294400
vt 0.429092 0.260170
vt 0.921000 0.663400
vt 0.917500 0.667000
vt 0.913000 0.664600
vt 0.911700 0.660500
vt 0.915200 0.657400
vt 0.647800 0.857900
vt 0.642000 0.874600
vt 0.276100 0.480300
vt 0.282300 0.484400
vt 0.276000 0.492900
vt 0.274800 0.488200
vt 0.832300 0.684000
vt 0.823900 0.659900
vt 0.832700 0.655500
vt 0.834700 0.665100
vt 0.838000 0.678200
vt 0.526400 0.152100
vt 0.504900 0.152400
vt 0.505900 0.118900
vt 0.527500 0.118400
vt 0.744500 0.595800
vt 0.762000 0.586300
vt 0.889200 0.855900
vt 0.876800 0.850400
vt 0.876500 0.847700
vt 0.892700 0.852800
vt 0.739800 0.606000
vt 0.735800 0.603100
vt 0.368200 0.243600
vt 0.368800 0.250600
vt 0.623000 0.527600
vt 0.620600 0.521100
vt 0.615800 0.506300
vt 0.376100 0.243600
vt 0.365600 0.232800
vt 0.374500 0.232300
vt 0.356900 0.236400
vt 0.390400 0.245300
vt 0.390000 0.234000
vt 0.801500 0.978300
vt 0.794700 0.976000
vt 0.797600 0.969200
vt 0.805800 0.971500
vt 0.793400 0.981000
vt 0.794000 0.984100
vt 0.802300 0.956400
vt 0.811100 0.957900
vt 0.879400 0.601500
vt 0.871400 0.599300
vt 0.877900 0.587800
vt 0.886100 0.576000
vt 0.894000 0.585400
vt 0.887000 0.593100
vt 0.958800 0.755600
vt 0.956900 0.736100
vt 0.961800 0.734900
vt 0.971100 0.749100
vt 0.983600 0.771800
vt 0.971200 0.775000
vt 0.184900 0.155500
vt 0.180200 0.152000
vt 0.178100 0.148700
vt 0.182100 0.149800
vt 0.186700 0.152000
vt 0.761600 0.973200
vt 0.761000 0.980100
vt 0.743000 0.980500
vt 0.742500 0.972600
vt 0.034200 0.036600
vt 0.033900 0.078900
vt 0.027400 0.080400
vt 0.030000 0.035800
vt 0.414200 0.981000
vt 0.389400 0.924200
vt 0.383200 0.916900
vt 0.422400 0.978200
vt 0.036900 0.693700
vt 0.058300 0.691200
vt 0.063000 0.718700
vt 0.041800 0.721100
vt 0.020400 0.724600
vt 0.015400 0.697100
vt 0.657700 0.930200
vt 0.657000 0.922700
vt 0.666300 0.930100
vt 0.649300 0.930200
vt 0.648800 0.922800
vt 0.649900 0.942000
vt 0.658900 0.941800
vt 0.668100 0.941700
vt 0.650000 0.954700
vt 0.659400 0.954100
vt 0.669300 0.953400
vt 0.681100 0.941600
vt 0.683300 0.952500
vt 0.717400 0.517100
vt 0.721200 0.509100
vt 0.724200 0.502000
vt 0.734100 0.504300
vt 0.724600 0.530500
vt 0.717100 0.526700
vt 0.053578 0.588892
vt 0.044798 0.618175
vt 0.037866 0.615729
vt 0.042309 0.604229
vt 0.045193 0.586800
vt 0.854000 0.166800
vt 0.839100 0.179400
vt 0.823000 0.188900
vt 0.813600 0.167500
vt 0.827400 0.160600
vt 0.839400 0.149100
vt 0.050200 0.369300
vt 0.050500 0.358900
vt 0.052800 0.358900
vt 0.052900 0.369300
vt 0.052400 0.378500
vt 0.049000 0.378700
vt 0.984900 0.659600
vt 0.979800 0.666000
vt 0.760700 0.985500
vt 0.743900 0.987400
vt 0.537600 0.665400
vt 0.545700 0.660000
vt 0.562200 0.647400
vt 0.567700 0.657800
vt 0.528300 0.675900
vt 0.525000 0.670700
vt 0.124000 0.459200
vt 0.127600 0.463700
vt 0.117000 0.472600
vt 0.624600 0.127300
vt 0.617500 0.119800
vt 0.619300 0.118200
vt 0.626800 0.125600
vt 0.484900 0.767700
vt 0.491300 0.761900
vt 0.509300 0.767400
vt 0.505000 0.780800
vt 0.479900 0.775300
vt 0.223200 0.897300
vt 0.235000 0.909800
vt 0.206500 0.940100
vt 0.171000 0.919300
vt 0.137700 0.277200
vt 0.141600 0.281300
vt 0.144100 0.284200
vt 0.142300 0.286000
vt 0.135600 0.279000
vt 0.132600 0.275800
vt 0.134500 0.274100
vt 0.650100 0.984000
vt 0.650400 0.993900
vt 0.659700 0.974600
vt 0.649900 0.974900
vt 0.649900 0.966600
vt 0.659500 0.966100
vt 0.660300 0.983600
vt 0.277900 0.312800
vt 0.117900 0.595400
vt 0.118000 0.603600
vt 0.118100 0.614500
vt 0.106500 0.615400
vt 0.109100 0.603800
vt 0.110100 0.586900
vt 0.118200 0.587200
vt 0.640800 0.955000
vt 0.052100 0.496600
vt 0.073300 0.486400
vt 0.722500 0.288700
vt 0.735400 0.286100
vt 0.739400 0.306200
vt 0.726900 0.308500
vt 0.701500 0.314200
vt 0.696500 0.295200
vt 0.252000 0.720800
vt 0.261000 0.693400
vt 0.284500 0.702500
vt 0.277600 0.728500
vt 0.345900 0.337100
vt 0.245600 0.566400
vt 0.279800 0.547600
vt 0.288800 0.568200
vt 0.226900 0.390400
vt 0.829900 0.510400
vt 0.835900 0.510700
vt 0.835800 0.516200
vt 0.829000 0.515900
vt 0.822200 0.513200
vt 0.824700 0.508800
vt 0.168200 0.581000
vt 0.165800 0.579300
vt 0.162700 0.576600
vt 0.164700 0.574500
vt 0.157200 0.565600
vt 0.159200 0.563700
vt 0.167000 0.572400
vt 0.170500 0.576600
vt 0.173500 0.576100
vt 0.172800 0.579100
vt 0.171000 0.582600
vt 0.135200 0.287600
vt 0.130900 0.283700
vt 0.133000 0.281300
vt 0.140100 0.288200
vt 0.138100 0.290200
vt 0.500019 0.245619
vt 0.500608 0.242908
vt 0.495096 0.247439
vt 0.494952 0.242364
vt 0.019000 0.398100
vt 0.026400 0.383300
vt 0.029200 0.385200
vt 0.032400 0.387000
vt 0.023000 0.407200
vt 0.775300 0.835200
vt 0.479300 0.319600
vt 0.212000 0.311900
vt 0.221700 0.322300
vt 0.219400 0.324800
vt 0.213600 0.318600
vt 0.209900 0.314000
vt 0.649500 0.337500
vt 0.657600 0.333700
vt 0.665300 0.329800
vt 0.670900 0.345900
vt 0.653800 0.351300
vt 0.783500 0.986200
vt 0.783700 0.980300
vt 0.248800 0.396000
vt 0.239600 0.404600
vt 0.241200 0.386400
vt 0.784800 0.974400
vt 0.786800 0.967500
vt 0.347200 0.244900
vt 0.670000 0.965400
vt 0.685200 0.964400
vt 0.552200 0.918200
vt 0.561100 0.918600
vt 0.569400 0.918200
vt 0.568700 0.924700
vt 0.560500 0.925100
vt 0.552000 0.925200
vt 0.489200 0.599100
vt 0.905200 0.955200
vt 0.920500 0.958000
vt 0.482000 0.612600
vt 0.479600 0.611800
vt 0.408100 0.864400
vt 0.414700 0.867500
vt 0.408900 0.877900
vt 0.401000 0.871300
vt 0.400200 0.869200
vt 0.406200 0.862600
vt 0.804800 0.844600
vt 0.393000 0.884300
vt 0.389700 0.875000
vt 0.388300 0.873100
vt 0.141500 0.549500
vt 0.137300 0.558700
vt 0.133000 0.555300
vt 0.137600 0.544700
vt 0.124100 0.551100
vt 0.128000 0.539800
vt 0.146100 0.531000
vt 0.136300 0.523400
vt 0.055500 0.512900
vt 0.050600 0.511300
vt 0.392100 0.894100
vt 0.378100 0.887600
vt 0.379500 0.880800
vt 0.408800 0.892900
vt 0.407300 0.899500
vt 0.410500 0.888900
vt 0.119000 0.638500
vt 0.130300 0.631100
vt 0.129200 0.636300
vt 0.132500 0.638500
vt 0.120000 0.645100
vt 0.135200 0.631500
vt 0.034100 0.653600
vt 0.037400 0.651200
vt 0.040200 0.655800
vt 0.034600 0.658300
vt 0.030600 0.650300
vt 0.033900 0.647500
vt 0.025300 0.655000
vt 0.432300 0.835000
vt 0.433700 0.833000
vt 0.437300 0.838500
vt 0.435100 0.839800
vt 0.430200 0.837200
vt 0.431200 0.841800
vt 0.054300 0.436700
vt 0.065200 0.441100
vt 0.063100 0.445200
vt 0.057000 0.442700
vt 0.053100 0.441700
vt 0.422100 0.835200
vt 0.421200 0.832600
vt 0.423300 0.838700
vt 0.118100 0.623700
vt 0.104800 0.621600
vt 0.107500 0.633400
vt 0.100800 0.628000
vt 0.342000 0.880000
vt 0.347100 0.882600
vt 0.341200 0.886700
vt 0.414200 0.846000
vt 0.411500 0.844900
vt 0.809400 0.264800
vt 0.813300 0.241200
vt 0.835800 0.250900
vt 0.851200 0.260000
vt 0.845300 0.275500
vt 0.831000 0.275200
vt 0.807100 0.552300
vt 0.804300 0.551300
vt 0.805500 0.547800
vt 0.808800 0.548900
vt 0.811900 0.551200
vt 0.809500 0.553600
vt 0.809800 0.476600
vt 0.809800 0.472800
vt 0.818100 0.476900
vt 0.822700 0.479300
vt 0.821600 0.481700
vt 0.817600 0.479800
vt 0.045603 0.569147
vt 0.054502 0.570732
vt 0.363000 0.028200
vt 0.391900 0.031600
vt 0.392200 0.049900
vt 0.377500 0.048400
vt 0.362700 0.046800
vt 0.119400 0.628500
vt 0.209200 0.054300
vt 0.204500 0.056400
vt 0.201500 0.051900
vt 0.198300 0.046500
vt 0.202600 0.044400
vt 0.579400 0.478000
vt 0.551300 0.443300
vt 0.566000 0.434700
vt 0.594400 0.468900
vt 0.289000 0.809000
vt 0.296600 0.838500
vt 0.286000 0.842800
vt 0.274600 0.811100
vt 0.439900 0.865500
vt 0.437500 0.857800
vt 0.435800 0.844000
vt 0.438100 0.843300
vt 0.438800 0.848100
vt 0.439900 0.857300
vt 0.442600 0.867200
vt 0.358200 0.869500
vt 0.358500 0.867300
vt 0.364700 0.868500
vt 0.363600 0.873300
vt 0.357100 0.864900
vt 0.364300 0.866200
vt 0.352200 0.866000
vt 0.608700 0.814500
vt 0.599700 0.817300
vt 0.599100 0.812900
vt 0.595700 0.807500
vt 0.606800 0.800900
vt 0.569300 0.840600
vt 0.559100 0.842200
vt 0.558700 0.838000
vt 0.579100 0.834200
vt 0.587600 0.832300
vt 0.595000 0.830500
vt 0.596900 0.837800
vt 0.448800 0.912100
vt 0.459700 0.920000
vt 0.452400 0.927200
vt 0.251600 0.278500
vt 0.253900 0.282700
vt 0.249700 0.285300
vt 0.243100 0.275400
vt 0.247600 0.273100
vt 0.476900 0.945100
vt 0.537400 0.945100
vt 0.535700 0.956100
vt 0.476800 0.958100
vt 0.438500 0.492800
vt 0.428200 0.484300
vt 0.451500 0.459400
vt 0.460800 0.468800
vt 0.618400 0.811200
vt 0.617500 0.794800
vt 0.616200 0.806100
vt 0.199600 0.462400
vt 0.190500 0.471600
vt 0.184200 0.462600
vt 0.192200 0.452800
vt 0.176900 0.484200
vt 0.170200 0.476700
vt 0.514900 0.625800
vt 0.513900 0.629700
vt 0.499000 0.625200
vt 0.497500 0.623200
vt 0.175000 0.454300
vt 0.182300 0.445700
vt 0.202600 0.057500
vt 0.199300 0.053200
vt 0.206400 0.059400
vt 0.204700 0.060200
vt 0.299000 0.341700
vt 0.172500 0.437100
vt 0.168400 0.433300
vt 0.177900 0.425400
vt 0.182200 0.430500
vt 0.162800 0.445600
vt 0.158600 0.442400
vt 0.466300 0.684400
vt 0.476600 0.693100
vt 0.476000 0.700500
vt 0.471500 0.694600
vt 0.465300 0.698400
vt 0.459300 0.689200
vt 0.163400 0.428400
vt 0.173100 0.420000
vt 0.153700 0.437900
vt 0.183000 0.412600
vt 0.187400 0.418100
vt 0.193100 0.405800
vt 0.197700 0.411900
vt 0.169400 0.416000
vt 0.179400 0.408400
vt 0.205200 0.397500
vt 0.520700 0.466300
vt 0.509500 0.476400
vt 0.497300 0.461800
vt 0.521300 0.442400
vt 0.532400 0.456300
vt 0.597900 0.976400
vt 0.597100 0.967100
vt 0.963600 0.337000
vt 0.928700 0.379700
vt 0.930900 0.379300
vt 0.969800 0.340900
vt 0.966300 0.342200
vt 0.596600 0.930800
vt 0.596300 0.942700
vt 0.596800 0.922700
vt 0.243000 0.446000
vt 0.233000 0.454900
vt 0.229900 0.450000
vt 0.239300 0.441400
vt 0.225300 0.463000
vt 0.222200 0.457300
vt 0.216700 0.470300
vt 0.214100 0.464900
vt 0.207400 0.453700
vt 0.214700 0.445700
vt 0.208000 0.477800
vt 0.205400 0.472800
vt 0.198800 0.485400
vt 0.195900 0.480900
vt 0.158800 0.525700
vt 0.157000 0.521400
vt 0.161900 0.515000
vt 0.170500 0.504500
vt 0.182800 0.492100
vt 0.164100 0.497500
vt 0.155900 0.507900
vt 0.148500 0.502000
vt 0.156900 0.490800
vt 0.236900 0.549800
vt 0.274400 0.531000
vt 0.149900 0.485200
vt 0.162400 0.469600
vt 0.454500 0.960500
vt 0.428800 0.963800
vt 0.433100 0.976100
vt 0.145500 0.456000
vt 0.140900 0.451000
vt 0.137000 0.446800
vt 0.149700 0.434000
vt 0.159400 0.424600
vt 0.152900 0.416700
vt 0.163000 0.407900
vt 0.143000 0.426200
vt 0.173100 0.400100
vt 0.580300 0.995400
vt 0.579700 0.985700
vt 0.588300 0.985700
vt 0.589200 0.995800
vt 0.598800 0.985900
vt 0.600000 0.995500
vt 0.579300 0.976700
vt 0.587600 0.976500
vt 0.578900 0.968300
vt 0.587200 0.967900
vt 0.195800 0.297400
vt 0.197400 0.296900
vt 0.197800 0.298300
vt 0.194600 0.299600
vt 0.193800 0.298400
vt 0.577200 0.931700
vt 0.586000 0.931300
vt 0.586400 0.943200
vt 0.577700 0.943500
vt 0.577000 0.924100
vt 0.585900 0.923400
vt 0.758300 0.733600
vt 0.757900 0.762800
vt 0.746600 0.763000
vt 0.740600 0.740400
vt 0.735100 0.723700
vt 0.748000 0.717300
vt 0.148900 0.279800
vt 0.144600 0.280100
vt 0.146000 0.276200
vt 0.124700 0.300000
vt 0.127000 0.298300
vt 0.128500 0.301800
vt 0.149900 0.537000
vt 0.556200 0.700500
vt 0.555000 0.707500
vt 0.540000 0.702200
vt 0.151600 0.514600
vt 0.485900 0.920300
vt 0.501200 0.921800
vt 0.499300 0.928200
vt 0.482000 0.925800
vt 0.461000 0.907400
vt 0.469600 0.914600
vt 0.517000 0.977400
vt 0.533600 0.977200
vt 0.533000 0.986400
vt 0.516200 0.986600
vt 0.477300 0.987000
vt 0.477400 0.979100
vt 0.458600 0.980500
vt 0.457200 0.972600
vt 0.518100 0.968000
vt 0.198500 0.952100
vt 0.181800 0.944200
vt 0.160400 0.932600
vt 0.376900 0.909700
vt 0.158100 0.335900
vt 0.155300 0.339200
vt 0.151900 0.336700
vt 0.145700 0.331500
vt 0.149300 0.327400
vt 0.367200 0.902400
vt 0.377000 0.899100
vt 0.367900 0.882400
vt 0.370000 0.876700
vt 0.361100 0.878400
vt 0.354800 0.886900
vt 0.352900 0.873000
vt 0.343487 0.876562
vt 0.346800 0.868900
vt 0.035300 0.662800
vt 0.025636 0.654862
vt 0.044100 0.659700
vt 0.711200 0.787800
vt 0.705900 0.794900
vt 0.693100 0.780700
vt 0.696900 0.774800
vt 0.704400 0.781000
vt 0.260400 0.509100
vt 0.250400 0.510000
vt 0.249900 0.500500
vt 0.263400 0.501100
vt 0.271700 0.502300
vt 0.029509 0.633008
vt 0.033138 0.625632
vt 0.039810 0.627715
vt 0.036051 0.634651
vt 0.026658 0.640029
vt 0.032203 0.641215
vt 0.041900 0.637100
vt 0.046500 0.640600
vt 0.041100 0.647300
vt 0.037100 0.643800
vt 0.030023 0.644779
vt 0.025624 0.644050
vt 0.050900 0.645000
vt 0.044900 0.651700
vt 0.771700 0.624200
vt 0.776600 0.635700
vt 0.762200 0.642600
vt 0.740000 0.630600
vt 0.754000 0.626800
vt 0.048900 0.655100
vt 0.050700 0.634200
vt 0.055300 0.638800
vt 0.056700 0.626100
vt 0.061300 0.631300
vt 0.064500 0.635000
vt 0.059300 0.641600
vt 0.072000 0.627000
vt 0.070200 0.623900
vt 0.378900 0.873600
vt 0.377900 0.870400
vt 0.370500 0.870900
vt 0.370200 0.868100
vt 0.083900 0.624200
vt 0.083100 0.620800
vt 0.066600 0.618100
vt 0.083400 0.615200
vt 0.096700 0.617400
vt 0.093600 0.622700
vt 0.091800 0.626600
vt 0.098000 0.632100
vt 0.579000 0.772000
vt 0.574700 0.771000
vt 0.584200 0.753600
vt 0.591700 0.745100
vt 0.985800 0.761800
vt 0.964500 0.734400
vt 0.426200 0.324500
vt 0.126800 0.602700
vt 0.128100 0.613000
vt 0.126400 0.595100
vt 0.131700 0.602200
vt 0.132700 0.612200
vt 0.134700 0.621200
vt 0.129600 0.621800
vt 0.130200 0.626800
vt 0.134900 0.626300
vt 0.861000 0.481200
vt 0.862000 0.483100
vt 0.862700 0.489400
vt 0.857200 0.490400
vt 0.854400 0.484300
vt 0.376800 0.121700
vt 0.376900 0.084700
vt 0.414000 0.086700
vt 0.413900 0.120900
vt 0.201300 0.605100
vt 0.438900 0.875500
vt 0.436000 0.867900
vt 0.927700 0.715400
vt 0.924600 0.711700
vt 0.927700 0.704500
vt 0.931600 0.707200
vt 0.937100 0.712000
vt 0.932300 0.716900
vt 0.134200 0.571300
vt 0.129200 0.569500
vt 0.120500 0.567100
vt 0.127400 0.580100
vt 0.118800 0.579100
vt 0.114900 0.548000
vt 0.117600 0.535500
vt 0.633600 0.589600
vt 0.640300 0.593200
vt 0.730700 0.328900
vt 0.664900 0.429600
vt 0.648100 0.426900
vt 0.655100 0.380500
vt 0.664900 0.379900
vt 0.665100 0.364400
vt 0.674200 0.362700
vt 0.635600 0.559500
vt 0.646400 0.551600
vt 0.651600 0.555600
vt 0.626200 0.573400
vt 0.622600 0.564000
vt 0.583100 0.706400
vt 0.564400 0.729000
vt 0.565600 0.718700
vt 0.572200 0.702600
vt 0.605000 0.776400
vt 0.610100 0.782100
vt 0.600600 0.789900
vt 0.597300 0.786500
vt 0.593700 0.783100
vt 0.971100 0.832900
vt 0.046300 0.524900
vt 0.047500 0.517100
vt 0.054300 0.518900
vt 0.053400 0.526500
vt 0.037300 0.512800
vt 0.041600 0.505700
vt 0.035300 0.521500
vt 0.045274 0.556205
vt 0.035600 0.584100
vt 0.425600 0.984900
vt 0.427700 0.990200
vt 0.424200 0.991800
vt 0.418900 0.987600
vt 0.228400 0.314900
vt 0.224900 0.318700
vt 0.219400 0.312300
vt 0.222100 0.308500
vt 0.944100 0.264300
vt 0.929800 0.253700
vt 0.948200 0.233400
vt 0.963400 0.241100
vt 0.955600 0.253600
vt 0.984500 0.590100
vt 0.987800 0.596900
vt 0.984200 0.600400
vt 0.974000 0.591100
vt 0.976900 0.588200
vt 0.838700 0.409000
vt 0.827400 0.400400
vt 0.829500 0.396700
vt 0.899700 0.719100
vt 0.902100 0.713200
vt 0.920000 0.719700
vt 0.918500 0.726800
vt 0.560200 0.932600
vt 0.551600 0.932900
vt 0.568600 0.932200
vt 0.568600 0.943900
vt 0.559500 0.944200
vt 0.550300 0.944500
vt 0.559600 0.956500
vt 0.549700 0.956300
vt 0.569000 0.956700
vt 0.193300 0.155300
vt 0.190700 0.154000
vt 0.192400 0.149900
vt 0.195000 0.151100
vt 0.197600 0.152400
vt 0.196300 0.156200
vt 0.167800 0.449200
vt 0.155300 0.464200
vt 0.380100 0.388000
vt 0.378100 0.384100
vt 0.381600 0.382300
vt 0.384100 0.386000
vt 0.385500 0.388700
vt 0.381400 0.390700
vt 0.972500 0.584200
vt 0.970400 0.581400
vt 0.972800 0.579100
vt 0.980400 0.584300
vt 0.968200 0.811700
vt 0.972100 0.813600
vt 0.962900 0.808900
vt 0.100000 0.466500
vt 0.117100 0.451200
vt 0.130100 0.438900
vt 0.303400 0.707800
vt 0.313900 0.682100
vt 0.090400 0.481600
vt 0.877000 0.475000
vt 0.872100 0.469700
vt 0.874200 0.466800
vt 0.879200 0.472500
vt 0.882800 0.476100
vt 0.880900 0.478400
vt 0.227200 0.710900
vt 0.232200 0.696300
vt 0.238200 0.681900
vt 0.057600 0.296100
vt 0.057900 0.290600
vt 0.063200 0.289600
vt 0.062500 0.296000
vt 0.061900 0.302600
vt 0.057200 0.302200
vt 0.570600 0.995900
vt 0.570400 0.985900
vt 0.569700 0.968500
vt 0.570200 0.976900
vt 0.560200 0.976900
vt 0.560100 0.968400
vt 0.560200 0.986000
vt 0.632200 0.447300
vt 0.637800 0.450300
vt 0.633500 0.455200
vt 0.620900 0.447100
vt 0.627400 0.443300
vt 0.578200 0.956500
vt 0.046000 0.630300
vt 0.150500 0.325900
vt 0.158900 0.334900
vt 0.143300 0.509800
vt 0.209900 0.404400
vt 0.202100 0.418300
vt 0.211300 0.427600
vt 0.203000 0.435100
vt 0.192000 0.424500
vt 0.025848 0.647747
vt 0.028628 0.647579
vt 0.615200 0.588300
vt 0.624400 0.589900
vt 0.620500 0.594600
vt 0.612300 0.594100
vt 0.608100 0.590400
vt 0.395800 0.211100
vt 0.367000 0.215700
vt 0.395400 0.192800
vt 0.104900 0.638900
vt 0.763000 0.888500
vt 0.893200 0.823400
vt 0.890600 0.821200
vt 0.887900 0.819100
vt 0.892900 0.812900
vt 0.899500 0.819900
vt 0.905400 0.826100
vt 0.895600 0.828700
vt 0.437200 0.994500
vt 0.436800 0.988700
vt 0.435400 0.982800
vt 0.549500 0.968300
vt 0.534400 0.968000
vt 0.845400 0.623900
vt 0.830100 0.614900
vt 0.834400 0.612000
vt 0.517400 0.644900
vt 0.513400 0.642100
vt 0.517800 0.636300
vt 0.977900 0.606300
vt 0.972600 0.611300
vt 0.963100 0.601200
vt 0.968100 0.596600
vt 0.589100 0.377600
vt 0.655500 0.365900
vt 0.645900 0.367100
vt 0.645300 0.380700
vt 0.630400 0.380600
vt 0.629100 0.401700
vt 0.610500 0.399300
vt 0.593000 0.397800
vt 0.656500 0.637900
vt 0.654300 0.633400
vt 0.651200 0.629000
vt 0.654500 0.624100
vt 0.656500 0.618600
vt 0.680400 0.642700
vt 0.673800 0.648700
vt 0.667400 0.655000
vt 0.660700 0.645700
vt 0.377800 0.433900
vt 0.400400 0.411200
vt 0.845300 0.713600
vt 0.848700 0.688500
vt 0.856200 0.687900
vt 0.857800 0.695900
vt 0.864700 0.712200
vt 0.476800 0.994000
vt 0.460000 0.992900
vt 0.459500 0.987400
vt 0.576400 0.541400
vt 0.917900 0.515100
vt 0.915700 0.517900
vt 0.578400 0.544900
vt 0.479000 0.932700
vt 0.637100 0.485100
vt 0.966000 0.502400
vt 0.958300 0.490300
vt 0.628600 0.487300
vt 0.629600 0.483700
vt 0.876100 0.446800
vt 0.880300 0.452300
vt 0.876300 0.452000
vt 0.873700 0.448300
vt 0.869800 0.444700
vt 0.871100 0.442900
vt 0.314100 0.447700
vt 0.312300 0.441000
vt 0.317700 0.444700
vt 0.322000 0.449500
vt 0.325200 0.453000
vt 0.323500 0.454900
vt 0.319200 0.452100
vt 0.415500 0.155100
vt 0.378500 0.158700
vt 0.432100 0.338700
vt 0.129400 0.595200
vt 0.131900 0.588100
vt 0.126700 0.587500
vt 0.205300 0.061200
vt 0.206900 0.061100
vt 0.204200 0.062100
vt 0.203500 0.061400
vt 0.205200 0.063200
vt 0.204000 0.063100
vt 0.203000 0.062600
vt 0.224833 0.049012
vt 0.223433 0.049112
vt 0.223700 0.047400
vt 0.225500 0.047600
vt 0.193613 0.076416
vt 0.195833 0.074312
vt 0.196733 0.075212
vt 0.194865 0.077373
vt 0.194933 0.073512
vt 0.192390 0.075584
vt 0.222300 0.047600
vt 0.221900 0.048600
vt 0.197900 0.035200
vt 0.199500 0.039200
vt 0.197300 0.040200
vt 0.196000 0.036000
vt 0.195900 0.048100
vt 0.192500 0.043500
vt 0.195300 0.041400
vt 0.808100 0.405100
vt 0.808300 0.406100
vt 0.804600 0.407200
vt 0.801900 0.403900
vt 0.803200 0.403300
vt 0.805200 0.405000
vt 0.191600 0.052100
vt 0.193300 0.050300
vt 0.197100 0.055000
vt 0.195700 0.056700
vt 0.188300 0.055500
vt 0.192700 0.060300
vt 0.202300 0.067100
vt 0.199500 0.070800
vt 0.203300 0.067800
vt 0.211100 0.057700
vt 0.211900 0.059300
vt 0.202000 0.037800
vt 0.205600 0.042500
vt 0.204700 0.035900
vt 0.208300 0.040500
vt 0.200100 0.033900
vt 0.202300 0.032400
vt 0.588000 0.341700
vt 0.617800 0.289000
vt 0.657700 0.287200
vt 0.668700 0.308000
vt 0.650300 0.319700
vt 0.608100 0.335600
vt 0.608400 0.346300
vt 0.215500 0.521700
vt 0.218800 0.525300
vt 0.215700 0.527400
vt 0.212500 0.524500
vt 0.208700 0.521100
vt 0.211800 0.518200
vt 0.185100 0.050100
vt 0.188100 0.047500
vt 0.185800 0.057700
vt 0.190100 0.063000
vt 0.186933 0.065612
vt 0.182633 0.059912
vt 0.220500 0.053900
vt 0.219100 0.052500
vt 0.216300 0.057100
vt 0.215300 0.055500
vt 0.200400 0.071600
vt 0.968500 0.526500
vt 0.959400 0.525000
vt 0.948300 0.525300
vt 0.958200 0.517600
vt 0.968100 0.517900
vt 0.978400 0.515900
vt 0.977600 0.529700
vt 0.850200 0.223500
vt 0.832500 0.205400
vt 0.848900 0.193100
vt 0.863900 0.209200
vt 0.377200 0.066500
vt 0.414000 0.052000
vt 0.414200 0.069500
vt 0.319700 0.796700
vt 0.312700 0.808900
vt 0.311700 0.822100
vt 0.313400 0.832700
vt 0.318800 0.846800
vt 0.310500 0.849900
vt 0.307000 0.842900
vt 0.300100 0.808200
vt 0.303000 0.793600
vt 0.308900 0.778800
vt 0.330800 0.784300
vt 0.182900 0.046400
vt 0.185500 0.044400
vt 0.182500 0.052100
vt 0.180400 0.048100
vt 0.180360 0.060952
vt 0.176917 0.054942
vt 0.179133 0.053912
vt 0.538900 0.588300
vt 0.542800 0.592900
vt 0.862900 0.941000
vt 0.865200 0.946700
vt 0.177333 0.049812
vt 0.175075 0.049896
vt 0.857400 0.325100
vt 0.854500 0.330400
vt 0.843600 0.323000
vt 0.847600 0.316600
vt 0.216300 0.049500
vt 0.219700 0.045800
vt 0.486072 0.250942
vt 0.200800 0.059000
vt 0.199900 0.060400
vt 0.860400 0.815200
vt 0.862100 0.821900
vt 0.856100 0.823700
vt 0.854100 0.818100
vt 0.851900 0.814100
vt 0.858300 0.810700
vt 0.188654 0.072310
vt 0.191233 0.070612
vt 0.222700 0.043800
vt 0.225000 0.043300
vt 0.220700 0.044800
vt 0.197400 0.064100
vt 0.194700 0.067500
vt 0.184381 0.067120
vt 0.219900 0.038900
vt 0.222700 0.037400
vt 0.217500 0.040600
vt 0.216200 0.041700
vt 0.215900 0.034200
vt 0.218600 0.032100
vt 0.213600 0.036000
vt 0.212200 0.037100
vt 0.126800 0.332300
vt 0.128500 0.333000
vt 0.127000 0.337400
vt 0.125700 0.338000
vt 0.121700 0.340800
vt 0.120800 0.339000
vt 0.125400 0.339100
vt 0.139306 0.318124
vt 0.137547 0.314380
vt 0.141412 0.313777
vt 0.139800 0.326200
vt 0.135600 0.322300
vt 0.139300 0.320200
vt 0.143300 0.322500
vt 0.144200 0.321100
vt 0.140000 0.340100
vt 0.147200 0.344200
vt 0.144200 0.349200
vt 0.137400 0.344700
vt 0.142700 0.351000
vt 0.136200 0.346200
vt 0.130000 0.341500
vt 0.130900 0.340200
vt 0.141000 0.352800
vt 0.134700 0.347900
vt 0.128800 0.342900
vt 0.130300 0.352100
vt 0.124800 0.345900
vt 0.120500 0.349600
vt 0.116800 0.344100
vt 0.115600 0.342600
vt 0.133200 0.335600
vt 0.149100 0.340500
vt 0.142500 0.335500
vt 0.152900 0.342400
vt 0.151300 0.345600
vt 0.143700 0.355700
vt 0.144900 0.354600
vt 0.141000 0.358900
vt 0.137400 0.356600
vt 0.127100 0.355400
vt 0.112500 0.348900
vt 0.116700 0.354000
vt 0.145306 0.317324
vt 0.145000 0.319500
vt 0.151900 0.324000
vt 0.131400 0.327200
vt 0.136000 0.330600
vt 0.129700 0.326300
vt 0.134500 0.320600
vt 0.111100 0.347600
vt 0.882300 0.248500
vt 0.860400 0.291200
vt 0.852500 0.285900
vt 0.864500 0.234500
vt 0.873500 0.241500
vt 0.140300 0.274100
vt 0.136900 0.271500
vt 0.138500 0.268900
vt 0.145700 0.273900
vt 0.124300 0.359700
vt 0.153306 0.321524
vt 0.158406 0.328624
vt 0.160358 0.325501
vt 0.163001 0.329277
vt 0.161006 0.332124
vt 0.154706 0.319082
vt 0.146650 0.314163
vt 0.949700 0.593900
vt 0.947300 0.590300
vt 0.951000 0.588200
vt 0.953000 0.592200
vt 0.949800 0.586000
vt 0.947200 0.585100
vt 0.989700 0.586800
vt 0.991900 0.593800
vt 0.814500 0.399500
vt 0.813500 0.401600
vt 0.812100 0.400900
vt 0.813500 0.397700
vt 0.814700 0.397500
vt 0.959600 0.604700
vt 0.954400 0.600400
vt 0.958400 0.597600
vt 0.955700 0.609100
vt 0.951000 0.604400
vt 0.948200 0.601500
vt 0.951200 0.597200
vt 0.946200 0.609000
vt 0.943600 0.605700
vt 0.942600 0.604300
vt 0.946900 0.600300
vt 0.939500 0.607100
vt 0.938700 0.605700
vt 0.861800 0.582000
vt 0.849600 0.575800
vt 0.854900 0.572000
vt 0.864900 0.570300
vt 0.954700 0.578800
vt 0.956700 0.579100
vt 0.958400 0.581100
vt 0.958300 0.587500
vt 0.951000 0.580800
vt 0.943100 0.747800
vt 0.949500 0.740700
vt 0.951700 0.746200
vt 0.945500 0.750800
vt 0.954900 0.594600
vt 0.960900 0.589300
vt 0.964000 0.592200
vt 0.969600 0.586000
vt 0.967600 0.583000
vt 0.966200 0.581500
vt 0.968900 0.579800
vt 0.984700 0.579000
vt 0.946800 0.615800
vt 0.950000 0.613400
vt 0.955700 0.620500
vt 0.952800 0.623500
vt 0.959900 0.624700
vt 0.957800 0.628200
vt 0.508400 0.845200
vt 0.513800 0.843700
vt 0.520500 0.842000
vt 0.521300 0.846500
vt 0.514600 0.848800
vt 0.508800 0.850900
vt 0.965000 0.609900
vt 0.960700 0.615000
vt 0.942000 0.610500
vt 0.975200 0.574500
vt 0.971200 0.577700
vt 0.973600 0.574000
vt 0.714300 0.804600
vt 0.709800 0.810100
vt 0.702400 0.818000
vt 0.695700 0.812900
vt 0.710100 0.800000
vt 0.969100 0.614700
vt 0.964700 0.619000
vt 0.537900 0.719400
vt 0.633800 0.891200
vt 0.623900 0.884000
vt 0.626600 0.878000
vt 0.623600 0.135200
vt 0.623100 0.132800
vt 0.625300 0.135700
vt 0.620600 0.112000
vt 0.618000 0.114600
vt 0.616300 0.111700
vt 0.622600 0.107600
vt 0.624100 0.113100
vt 0.626900 0.109800
vt 0.633900 0.116500
vt 0.637900 0.113700
vt 0.640300 0.118000
vt 0.635800 0.118100
vt 0.642000 0.115700
vt 0.645000 0.116100
vt 0.644700 0.118400
vt 0.632300 0.125400
vt 0.634600 0.121900
vt 0.637300 0.123300
vt 0.634600 0.127300
vt 0.629400 0.123000
vt 0.631600 0.120000
vt 0.180600 0.109000
vt 0.177300 0.111800
vt 0.170400 0.104300
vt 0.173900 0.102000
vt 0.891000 0.605200
vt 0.887100 0.614400
vt 0.882400 0.626800
vt 0.876400 0.625600
vt 0.887000 0.603900
vt 0.891400 0.597200
vt 0.894600 0.598000
vt 0.615700 0.116900
vt 0.612300 0.120100
vt 0.610200 0.117700
vt 0.613500 0.114600
vt 0.628500 0.101900
vt 0.632000 0.105100
vt 0.637300 0.108200
vt 0.640000 0.112900
vt 0.635000 0.109400
vt 0.510200 0.855600
vt 0.504200 0.858200
vt 0.503700 0.852900
vt 0.516300 0.853300
vt 0.622400 0.143400
vt 0.623500 0.138800
vt 0.625400 0.139300
vt 0.624100 0.144000
vt 0.648600 0.116400
vt 0.649000 0.118300
vt 0.630800 0.131200
vt 0.627100 0.133100
vt 0.626500 0.130200
vt 0.629200 0.128500
vt 0.623800 0.131100
vt 0.621700 0.129400
vt 0.631000 0.100000
vt 0.634400 0.103500
vt 0.640100 0.106900
vt 0.643300 0.111800
vt 0.613000 0.134800
vt 0.614400 0.131200
vt 0.619100 0.133700
vt 0.618200 0.137500
vt 0.620100 0.131300
vt 0.933500 0.833200
vt 0.936000 0.843300
vt 0.917700 0.837000
vt 0.917700 0.832300
vt 0.914000 0.824100
vt 0.238600 0.841200
vt 0.229100 0.818700
vt 0.252800 0.815100
vt 0.268000 0.849300
vt 0.247500 0.856800
vt 0.607900 0.120300
vt 0.610100 0.122900
vt 0.601800 0.130100
vt 0.604400 0.127900
vt 0.607700 0.132000
vt 0.636900 0.102000
vt 0.633100 0.098400
vt 0.629400 0.094600
vt 0.631100 0.093000
vt 0.606400 0.125000
vt 0.609600 0.128600
vt 0.616100 0.128400
vt 0.612000 0.125500
vt 0.602500 0.121700
vt 0.603600 0.119800
vt 0.600600 0.123800
vt 0.598300 0.125800
vt 0.272700 0.479300
vt 0.273000 0.486400
vt 0.271000 0.486100
vt 0.269600 0.479400
vt 0.138700 0.362200
vt 0.136900 0.366000
vt 0.132700 0.364300
vt 0.832100 0.727600
vt 0.802000 0.704900
vt 0.817500 0.700600
vt 0.630900 0.642700
vt 0.631900 0.641800
vt 0.633600 0.643500
vt 0.629300 0.644400
vt 0.178000 0.170300
vt 0.180400 0.168400
vt 0.182200 0.171000
vt 0.183700 0.173500
vt 0.181300 0.175200
vt 0.179600 0.172900
vt 0.624900 0.639100
vt 0.624500 0.634200
vt 0.628000 0.637700
vt 0.626900 0.638600
vt 0.631600 0.653000
vt 0.636000 0.646000
vt 0.640800 0.650200
vt 0.635300 0.654300
vt 0.490000 0.719000
vt 0.497200 0.714600
vt 0.613800 0.786200
vt 0.623100 0.778500
vt 0.627300 0.782200
vt 0.618900 0.774900
vt 0.482400 0.711600
vt 0.487900 0.708800
vt 0.469900 0.679700
vt 0.451300 0.668200
vt 0.455900 0.664100
vt 0.451600 0.676300
vt 0.906400 0.275500
vt 0.893300 0.290100
vt 0.882500 0.278400
vt 0.904300 0.248200
vt 0.934900 0.220000
vt 0.470800 0.706200
vt 0.480400 0.689700
vt 0.304000 0.853800
vt 0.300100 0.846500
vt 0.314300 0.859100
vt 0.278600 0.866300
vt 0.295100 0.859000
vt 0.290500 0.851300
vt 0.273300 0.858400
vt 0.838400 0.597700
vt 0.840900 0.601700
vt 0.831500 0.606600
vt 0.827600 0.601100
vt 0.845400 0.606600
vt 0.822000 0.611800
vt 0.812000 0.608300
vt 0.820200 0.598700
vt 0.826700 0.613800
vt 0.804200 0.632800
vt 0.821800 0.633600
vt 0.819900 0.652500
vt 0.801500 0.646900
vt 0.686400 0.973600
vt 0.828500 0.634000
vt 0.830300 0.647300
vt 0.511300 0.647600
vt 0.511400 0.651200
vt 0.462100 0.241300
vt 0.441837 0.252577
vt 0.440700 0.242700
vt 0.682900 0.573200
vt 0.669900 0.565100
vt 0.691800 0.572200
vt 0.589700 0.846200
vt 0.569500 0.845300
vt 0.603700 0.835900
vt 0.612200 0.831700
vt 0.620200 0.826700
vt 0.624400 0.833100
vt 0.603700 0.851200
vt 0.137500 0.823200
vt 0.148300 0.831900
vt 0.136800 0.843800
vt 0.529200 0.737100
vt 0.537200 0.730500
vt 0.541200 0.733100
vt 0.529400 0.753400
vt 0.524800 0.730100
vt 0.531700 0.725500
vt 0.546000 0.734700
vt 0.559300 0.738300
vt 0.549900 0.758600
vt 0.536200 0.754200
vt 0.613800 0.656400
vt 0.604600 0.654400
vt 0.611700 0.650400
vt 0.621700 0.648600
vt 0.755400 0.303600
vt 0.771100 0.301600
vt 0.772400 0.320600
vt 0.613600 0.644200
vt 0.621100 0.641000
vt 0.621800 0.645000
vt 0.854200 0.613600
vt 0.852100 0.601100
vt 0.859300 0.605700
vt 0.866600 0.609100
vt 0.861900 0.617800
vt 0.854600 0.621500
vt 0.520500 0.632000
vt 0.522300 0.627200
vt 0.529300 0.629100
vt 0.526200 0.634400
vt 0.522000 0.619800
vt 0.529300 0.620400
vt 0.480200 0.260100
vt 0.554900 0.678400
vt 0.528000 0.704500
vt 0.517100 0.688300
vt 0.532900 0.683600
vt 0.562900 0.678500
vt 0.491800 0.678000
vt 0.498300 0.682300
vt 0.497800 0.687200
vt 0.488800 0.686100
vt 0.473900 0.674700
vt 0.478300 0.668100
vt 0.918800 0.315600
vt 0.905500 0.300400
vt 0.919300 0.287100
vt 0.718100 0.694600
vt 0.730500 0.696300
vt 0.788200 0.649000
vt 0.779900 0.656100
vt 0.553700 0.631400
vt 0.554300 0.621500
vt 0.562900 0.624500
vt 0.563300 0.635000
vt 0.301700 0.899900
vt 0.313600 0.889700
vt 0.319500 0.896000
vt 0.309700 0.911600
vt 0.990000 0.771900
vt 0.619200 0.618800
vt 0.624500 0.621600
vt 0.622300 0.626700
vt 0.619500 0.624700
vt 0.616400 0.622000
vt 0.848100 0.633400
vt 0.828000 0.622900
vt 0.821700 0.621700
vt 0.803700 0.620900
vt 0.567900 0.784300
vt 0.566900 0.788800
vt 0.559400 0.787800
vt 0.561000 0.782400
vt 0.570600 0.769400
vt 0.899900 0.593600
vt 0.897200 0.599000
vt 0.644700 0.482900
vt 0.654300 0.492000
vt 0.650700 0.494700
vt 0.646600 0.495600
vt 0.642800 0.487900
vt 0.895100 0.810400
vt 0.898400 0.813900
vt 0.902200 0.818000
vt 0.549300 0.593600
vt 0.545000 0.586800
vt 0.552300 0.600900
vt 0.547600 0.574300
vt 0.551800 0.579000
vt 0.584600 0.619700
vt 0.580500 0.617300
vt 0.582500 0.608100
vt 0.323300 0.486900
vt 0.323700 0.482300
vt 0.327100 0.483400
vt 0.329700 0.484100
vt 0.330000 0.488300
vt 0.577600 0.615600
vt 0.577000 0.609200
vt 0.578100 0.624200
vt 0.335800 0.794600
vt 0.329300 0.802100
vt 0.994100 0.789400
vt 0.986600 0.795300
vt 0.980800 0.788000
vt 0.990300 0.782800
vt 0.997000 0.793400
vt 0.990100 0.799600
vt 0.637600 0.715500
vt 0.632800 0.721900
vt 0.626200 0.719800
vt 0.633700 0.710400
vt 0.962700 0.777400
vt 0.975000 0.800100
vt 0.980900 0.805900
vt 0.985700 0.810100
vt 0.575300 0.517700
vt 0.925300 0.502500
vt 0.920700 0.504400
vt 0.577300 0.527500
vt 0.573700 0.526500
vt 0.889100 0.627300
vt 0.883700 0.642700
vt 0.876400 0.641800
vt 0.675800 0.324400
vt 0.370700 0.637400
vt 0.370600 0.652400
vt 0.357000 0.652800
vt 0.355600 0.662500
vt 0.341100 0.660600
vt 0.368400 0.596200
vt 0.388600 0.600400
vt 0.389700 0.617900
vt 0.391900 0.636500
vt 0.623700 0.716500
vt 0.618100 0.722300
vt 0.615800 0.719700
vt 0.621400 0.713500
vt 0.620500 0.725100
vt 0.892100 0.930400
vt 0.884400 0.931700
vt 0.059400 0.084500
vt 0.059500 0.078700
vt 0.063100 0.079700
vt 0.063000 0.086200
vt 0.055700 0.082800
vt 0.055600 0.077900
vt 0.918100 0.778800
vt 0.911000 0.786700
vt 0.904400 0.781600
vt 0.910600 0.773800
vt 0.903200 0.770400
vt 0.898700 0.777100
vt 0.895200 0.774300
vt 0.898400 0.768900
vt 0.911000 0.892800
vt 0.918800 0.898200
vt 0.911700 0.906800
vt 0.903500 0.902100
vt 0.891300 0.892700
vt 0.892700 0.900000
vt 0.657500 0.547500
vt 0.663100 0.534900
vt 0.668400 0.538200
vt 0.961100 0.798500
vt 0.953100 0.802500
vt 0.955200 0.796400
vt 0.563800 0.566000
vt 0.576700 0.580000
vt 0.573300 0.582200
vt 0.557000 0.565400
vt 0.553800 0.562100
vt 0.557700 0.559300
vt 0.560800 0.562900
vt 0.938900 0.792000
vt 0.943000 0.786800
vt 0.947300 0.782700
vt 0.518500 0.767500
vt 0.524600 0.767900
vt 0.523000 0.772200
vt 0.517300 0.772500
vt 0.522900 0.778400
vt 0.515700 0.779600
vt 0.377200 0.392400
vt 0.376000 0.389700
vt 0.382300 0.393600
vt 0.378500 0.394900
vt 0.528200 0.772000
vt 0.529400 0.777200
vt 0.530500 0.768600
vt 0.540500 0.776200
vt 0.810300 0.394400
vt 0.807200 0.395300
vt 0.806700 0.393800
vt 0.810400 0.393300
vt 0.816200 0.394800
vt 0.814600 0.395500
vt 0.649700 0.455300
vt 0.655400 0.445000
vt 0.662800 0.446900
vt 0.660800 0.452300
vt 0.659900 0.461900
vt 0.431900 0.651200
vt 0.434100 0.646700
vt 0.436000 0.650500
vt 0.433300 0.653300
vt 0.960600 0.729900
vt 0.964700 0.730900
vt 0.571400 0.784000
vt 0.723800 0.751900
vt 0.713500 0.737700
vt 0.723500 0.726400
vt 0.729100 0.743500
vt 0.736900 0.764600
vt 0.069600 0.355800
vt 0.076200 0.374900
vt 0.066300 0.409600
vt 0.068700 0.400600
vt 0.070300 0.391200
vt 0.070200 0.384200
vt 0.065000 0.357000
vt 0.676300 0.498700
vt 0.676500 0.507300
vt 0.672200 0.507800
vt 0.668500 0.501500
vt 0.659200 0.488600
vt 0.666000 0.484200
vt 0.829800 0.590100
vt 0.834200 0.588400
vt 0.862900 0.678100
vt 0.866400 0.680600
vt 0.854800 0.685300
vt 0.859100 0.676200
vt 0.848900 0.685000
vt 0.849500 0.675000
vt 0.923500 0.742700
vt 0.932400 0.737300
vt 0.933300 0.741300
vt 0.927100 0.747000
vt 0.941600 0.737300
vt 0.937400 0.743500
vt 0.931400 0.749800
vt 0.568500 0.693200
vt 0.570500 0.680100
vt 0.574800 0.664600
vt 0.583200 0.670400
vt 0.574800 0.695200
vt 0.627300 0.471300
vt 0.616900 0.470800
vt 0.615100 0.463000
vt 0.621000 0.455800
vt 0.627400 0.459000
vt 0.630900 0.464500
vt 0.429100 0.671100
vt 0.419100 0.672700
vt 0.416700 0.655800
vt 0.426900 0.655500
vt 0.604200 0.465200
vt 0.598200 0.458200
vt 0.606400 0.455100
vt 0.614500 0.451400
vt 0.909100 0.946100
vt 0.924900 0.951600
vt 0.589700 0.497000
vt 0.602600 0.488100
vt 0.945100 0.482700
vt 0.951600 0.486400
vt 0.939100 0.495600
vt 0.075600 0.084000
vt 0.075500 0.066400
vt 0.085500 0.067300
vt 0.079000 0.087900
vt 0.083600 0.088200
vt 0.076200 0.092100
vt 0.074400 0.089600
vt 0.812300 0.663900
vt 0.803900 0.665300
vt 0.509400 0.680300
vt 0.505900 0.689200
vt 0.505100 0.684600
vt 0.951200 0.732100
vt 0.945900 0.725800
vt 0.951400 0.722100
vt 0.955400 0.730100
vt 0.872300 0.685000
vt 0.865500 0.697500
vt 0.158100 0.213800
vt 0.163000 0.212700
vt 0.164100 0.216600
vt 0.166500 0.222700
vt 0.162500 0.224800
vt 0.807200 0.683800
vt 0.824000 0.694400
vt 0.399700 0.754400
vt 0.413200 0.764500
vt 0.401400 0.768700
vt 0.389800 0.764500
vt 0.881700 0.418900
vt 0.883200 0.424500
vt 0.883400 0.428700
vt 0.879900 0.431400
vt 0.877000 0.427900
vt 0.873700 0.422300
vt 0.870600 0.416400
vt 0.877300 0.412000
vt 0.493400 0.855600
vt 0.490400 0.852000
vt 0.494300 0.845300
vt 0.499000 0.846600
vt 0.351500 0.782300
vt 0.343700 0.788500
vt 0.342600 0.780000
vt 0.355000 0.775800
vt 0.486500 0.860100
vt 0.360900 0.763900
vt 0.364100 0.771700
vt 0.346200 0.765000
vt 0.862200 0.734900
vt 0.870900 0.746300
vt 0.865400 0.752300
vt 0.854800 0.744300
vt 0.872200 0.749900
vt 0.868900 0.754600
vt 0.019800 0.091300
vt 0.013800 0.094500
vt 0.012100 0.085900
vt 0.019100 0.033800
vt 0.131400 0.187200
vt 0.125800 0.184500
vt 0.127200 0.178900
vt 0.132800 0.180600
vt 0.136900 0.182100
vt 0.134700 0.190000
vt 0.926000 0.728300
vt 0.933000 0.728100
vt 0.756400 0.392000
vt 0.757200 0.401900
vt 0.747000 0.411400
vt 0.947400 0.771100
vt 0.949300 0.777400
vt 0.939300 0.772400
vt 0.940100 0.767700
vt 0.456100 0.612600
vt 0.453400 0.623500
vt 0.446100 0.629200
vt 0.441900 0.622600
vt 0.445900 0.614600
vt 0.449300 0.606500
vt 0.562300 0.490400
vt 0.789500 0.237200
vt 0.780300 0.194600
vt 0.167000 0.843800
vt 0.176700 0.827800
vt 0.193100 0.837400
vt 0.180600 0.853800
vt 0.926500 0.519900
vt 0.938000 0.523500
vt 0.930500 0.525800
vt 0.399500 0.785100
vt 0.398700 0.780500
vt 0.411700 0.779000
vt 0.414700 0.784500
vt 0.400100 0.790000
vt 0.417600 0.790500
vt 0.499900 0.889200
vt 0.505100 0.882800
vt 0.509900 0.887600
vt 0.505500 0.896500
vt 0.891800 0.615300
vt 0.790500 0.955100
vt 0.764600 0.953000
vt 0.742200 0.951700
vt 0.741500 0.938700
vt 0.781600 0.935800
vt 0.796000 0.938200
vt 0.812700 0.928000
vt 0.500300 0.817500
vt 0.500700 0.820800
vt 0.493500 0.819000
vt 0.492400 0.814500
vt 0.500200 0.814100
vt 0.491400 0.810000
vt 0.932300 0.553800
vt 0.943900 0.553000
vt 0.943800 0.568100
vt 0.928600 0.567000
vt 0.287200 0.911600
vt 0.286400 0.939400
vt 0.273800 0.925100
vt 0.212200 0.957200
vt 0.219800 0.953500
vt 0.227400 0.968800
vt 0.219700 0.975600
vt 0.847500 0.597400
vt 0.844200 0.594000
vt 0.647800 0.916300
vt 0.656100 0.916200
vt 0.046700 0.188600
vt 0.054600 0.135000
vt 0.067600 0.137200
vt 0.065200 0.164600
vt 0.066100 0.186800
vt 0.334200 0.876200
vt 0.330900 0.880600
vt 0.327400 0.877400
vt 0.330100 0.874400
vt 0.329900 0.870900
vt 0.334900 0.870900
vt 0.996900 0.786600
vt 0.994500 0.781100
vt 0.998100 0.789900
vt 0.579500 0.591900
vt 0.580400 0.589600
vt 0.585200 0.594600
vt 0.581400 0.597400
vt 0.495400 0.862400
vt 0.497300 0.868500
vt 0.489800 0.872500
vt 0.486200 0.867200
vt 0.615400 0.870000
vt 0.600300 0.859100
vt 0.749800 0.522700
vt 0.747900 0.532900
vt 0.732200 0.533700
vt 0.739900 0.513900
vt 0.750900 0.505500
vt 0.587900 0.853000
vt 0.936200 0.636800
vt 0.941400 0.642200
vt 0.691100 0.597300
vt 0.668500 0.606800
vt 0.647900 0.707000
vt 0.644100 0.699600
vt 0.922500 0.929100
vt 0.930300 0.932000
vt 0.927200 0.942800
vt 0.079400 0.876900
vt 0.066700 0.855500
vt 0.081300 0.848500
vt 0.093700 0.868800
vt 0.103000 0.881100
vt 0.112600 0.892500
vt 0.099400 0.903700
vt 0.089400 0.890300
vt 0.554400 0.569100
vt 0.550500 0.565200
vt 0.640600 0.435000
vt 0.620600 0.434200
vt 0.613900 0.420500
vt 0.628500 0.422600
vt 0.640100 0.425200
vt 0.321700 0.882300
vt 0.731100 0.576000
vt 0.727800 0.565300
vt 0.749900 0.555600
vt 0.755500 0.562600
vt 0.757600 0.572500
vt 0.734900 0.584100
vt 0.627500 0.651300
vt 0.624000 0.649800
vt 0.618800 0.660800
vt 0.615700 0.658000
vt 0.623200 0.664100
vt 0.761800 0.674400
vt 0.743000 0.660200
vt 0.796200 0.667000
vt 0.798000 0.683100
vt 0.791300 0.680600
vt 0.788800 0.670900
vt 0.724000 0.646700
vt 0.733400 0.680500
vt 0.715900 0.676900
vt 0.715900 0.662400
vt 0.272500 0.952100
vt 0.261900 0.963700
vt 0.250800 0.949700
vt 0.260800 0.939200
vt 0.933500 0.274300
vt 0.262300 0.912200
vt 0.850700 0.661500
vt 0.035600 0.131100
vt 0.843000 0.773200
vt 0.833900 0.776300
vt 0.831300 0.764300
vt 0.021000 0.193800
vt 0.022000 0.184700
vt 0.029200 0.107400
vt 0.038000 0.109500
vt 0.428611 0.251332
vt 0.419913 0.249946
vt 0.419700 0.239500
vt 0.253300 0.866300
vt 0.461000 0.152400
vt 0.438300 0.153100
vt 0.437400 0.120400
vt 0.461200 0.119900
vt 0.877900 0.963400
vt 0.518100 0.581600
vt 0.525900 0.581800
vt 0.862900 0.967800
vt 0.873500 0.958700
vt 0.248800 0.794900
vt 0.272000 0.793300
vt 0.207700 0.880900
vt 0.215300 0.889000
vt 0.228700 0.878900
vt 0.235600 0.887700
vt 0.288300 0.793000
vt 0.322800 0.810800
vt 0.320500 0.820900
vt 0.872900 0.585100
vt 0.879800 0.571100
vt 0.862300 0.446000
vt 0.866100 0.442100
vt 0.867100 0.443700
vt 0.861700 0.452400
vt 0.859300 0.451900
vt 0.704200 0.982100
vt 0.687500 0.982700
vt 0.702900 0.972900
vt 0.701400 0.963500
vt 0.762600 0.965200
vt 0.557900 0.833900
vt 0.568500 0.831700
vt 0.578500 0.829300
vt 0.869200 0.622200
vt 0.874600 0.611500
vt 0.862700 0.629600
vt 0.894300 0.606300
vt 0.175100 0.166700
vt 0.170800 0.162600
vt 0.168500 0.160300
vt 0.169300 0.158900
vt 0.172500 0.160900
vt 0.177200 0.165000
vt 0.500300 0.875800
vt 0.494100 0.880200
vt 0.518100 0.872400
vt 0.512300 0.876500
vt 0.508300 0.870500
vt 0.514500 0.866700
vt 0.505800 0.863900
vt 0.512100 0.860800
vt 0.518600 0.858000
vt 0.520800 0.863200
vt 0.061500 0.318000
vt 0.067200 0.303400
vt 0.065900 0.318600
vt 0.851000 0.652400
vt 0.034600 0.592900
vt 0.033000 0.601600
vt 0.504100 0.846400
vt 0.514000 0.839400
vt 0.520300 0.838500
vt 0.509100 0.840000
vt 0.509800 0.836400
vt 0.514400 0.836400
vt 0.520500 0.836000
vt 0.501600 0.840200
vt 0.503000 0.835500
vt 0.506600 0.836200
vt 0.505600 0.840400
vt 0.515100 0.832100
vt 0.520900 0.832500
vt 0.510500 0.831300
vt 0.507000 0.830500
vt 0.502600 0.829200
vt 0.500800 0.834600
vt 0.498400 0.827500
vt 0.507200 0.825900
vt 0.507400 0.823200
vt 0.511800 0.824800
vt 0.511300 0.827200
vt 0.501500 0.824000
vt 0.495600 0.822100
vt 0.516000 0.828500
vt 0.521700 0.829300
vt 0.516700 0.826300
vt 0.522300 0.827300
vt 0.517100 0.824100
vt 0.517300 0.821900
vt 0.522200 0.824200
vt 0.522600 0.825400
vt 0.512100 0.822300
vt 0.512300 0.819500
vt 0.507500 0.820400
vt 0.507700 0.817500
vt 0.516300 0.880200
vt 0.521200 0.875900
vt 0.535600 0.860500
vt 0.536900 0.863200
vt 0.531100 0.866500
vt 0.529300 0.864200
vt 0.542700 0.859900
vt 0.542500 0.857600
vt 0.534100 0.856600
vt 0.541700 0.853700
vt 0.527200 0.859900
vt 0.523700 0.868200
vt 0.550100 0.851700
vt 0.559200 0.850500
vt 0.558900 0.854700
vt 0.550300 0.855700
vt 0.549700 0.847800
vt 0.559300 0.846300
vt 0.540800 0.849800
vt 0.532800 0.852500
vt 0.549300 0.843900
vt 0.539800 0.846000
vt 0.531000 0.848400
vt 0.548500 0.840000
vt 0.538800 0.842100
vt 0.529500 0.844300
vt 0.547700 0.836200
vt 0.537800 0.838300
vt 0.528600 0.840200
vt 0.547000 0.833300
vt 0.557200 0.831000
vt 0.882300 0.305700
vt 0.874800 0.318700
vt 0.868100 0.333900
vt 0.862000 0.330000
vt 0.862600 0.323100
vt 0.870500 0.298000
vt 0.537100 0.833500
vt 0.546600 0.831500
vt 0.537300 0.835400
vt 0.556700 0.829000
vt 0.528300 0.837100
vt 0.528200 0.835000
vt 0.546000 0.828700
vt 0.555800 0.826100
vt 0.536800 0.830700
vt 0.528300 0.832000
vt 0.545400 0.826000
vt 0.554800 0.823300
vt 0.536600 0.828000
vt 0.536500 0.826200
vt 0.545000 0.824200
vt 0.554000 0.821400
vt 0.528600 0.829100
vt 0.528900 0.827300
vt 0.544500 0.822300
vt 0.553200 0.819500
vt 0.536300 0.824400
vt 0.535700 0.823100
vt 0.544000 0.820500
vt 0.552300 0.817800
vt 0.528900 0.823700
vt 0.529000 0.825500
vt 0.563300 0.818000
vt 0.562200 0.816000
vt 0.561000 0.813900
vt 0.032300 0.373100
vt 0.037100 0.356600
vt 0.039300 0.357200
vt 0.034900 0.374400
vt 0.041600 0.357700
vt 0.037500 0.375700
vt 0.568200 0.854800
vt 0.567600 0.858300
vt 0.558500 0.857400
vt 0.550600 0.858700
vt 0.597300 0.865500
vt 0.595300 0.869400
vt 0.584200 0.862700
vt 0.585800 0.858700
vt 0.734300 0.785100
vt 0.728900 0.790200
vt 0.723600 0.783900
vt 0.716500 0.777700
vt 0.719800 0.770100
vt 0.733800 0.779100
vt 0.569000 0.850100
vt 0.612300 0.876400
vt 0.610100 0.881000
vt 0.622300 0.888400
vt 0.704700 0.551700
vt 0.127500 0.409300
vt 0.117300 0.401200
vt 0.122100 0.396900
vt 0.708200 0.541800
vt 0.711000 0.548900
vt 0.640200 0.879600
vt 0.637300 0.885500
vt 0.628100 0.842200
vt 0.376200 0.436200
vt 0.182900 0.785200
vt 0.155400 0.818200
vt 0.158100 0.778900
vt 0.156400 0.754600
vt 0.181300 0.760700
vt 0.510200 0.672600
vt 0.534300 0.660300
vt 0.522100 0.665900
vt 0.541700 0.654800
vt 0.508400 0.668600
vt 0.502000 0.664500
vt 0.507800 0.665400
vt 0.501300 0.667800
vt 0.501500 0.671700
vt 0.520700 0.661900
vt 0.531800 0.656500
vt 0.539100 0.652400
vt 0.901700 0.886600
vt 0.888200 0.886800
vt 0.070200 0.318700
vt 0.072800 0.304000
vt 0.071400 0.311100
vt 0.803800 0.401900
vt 0.802600 0.400900
vt 0.803900 0.397700
vt 0.805200 0.396300
vt 0.809200 0.398000
vt 0.806700 0.398500
vt 0.612500 0.562000
vt 0.604500 0.560300
vt 0.902900 0.547400
vt 0.922100 0.536800
vt 0.924500 0.540400
vt 0.872500 0.936300
vt 0.542000 0.550300
vt 0.538300 0.558600
vt 0.525800 0.556200
vt 0.510100 0.561100
vt 0.506100 0.555000
vt 0.519800 0.549000
vt 0.532700 0.541000
vt 0.473800 0.628500
vt 0.469300 0.627900
vt 0.471700 0.619000
vt 0.475500 0.610000
vt 0.485300 0.596200
vt 0.506700 0.579300
vt 0.509400 0.583700
vt 0.874300 0.941700
vt 0.883300 0.938600
vt 0.877700 0.946800
vt 0.874500 0.945200
vt 0.892200 0.942700
vt 0.882400 0.950500
vt 0.889800 0.954800
vt 0.884800 0.955100
vt 0.900600 0.924300
vt 0.902900 0.928700
vt 0.893600 0.932800
vt 0.894100 0.919800
vt 0.910800 0.919800
vt 0.905900 0.914500
vt 0.910100 0.915700
vt 0.915500 0.910300
vt 0.918300 0.914600
vt 0.899100 0.911000
vt 0.892800 0.907200
vt 0.888000 0.909900
vt 0.908200 0.936600
vt 0.575300 0.819300
vt 0.565800 0.823100
vt 0.564400 0.820000
vt 0.581300 0.811100
vt 0.583700 0.814800
vt 0.476600 0.637900
vt 0.473100 0.638700
vt 0.476600 0.629300
vt 0.468400 0.639200
vt 0.473900 0.646400
vt 0.469100 0.647500
vt 0.476700 0.652100
vt 0.472000 0.653800
vt 0.477600 0.645100
vt 0.484500 0.655700
vt 0.463400 0.649000
vt 0.461200 0.635900
vt 0.467000 0.656600
vt 0.481600 0.663300
vt 0.491500 0.669100
vt 0.484000 0.659700
vt 0.492500 0.665000
vt 0.496900 0.666600
vt 0.496300 0.670600
vt 0.497500 0.663200
vt 0.493000 0.661900
vt 0.141100 0.496800
vt 0.107100 0.545100
vt 0.103800 0.577300
vt 0.088700 0.575500
vt 0.087000 0.593600
vt 0.063100 0.591000
vt 0.064500 0.572500
vt 0.064700 0.558900
vt 0.054361 0.557540
vt 0.183800 0.436800
vt 0.186700 0.439800
vt 0.461100 0.660500
vt 0.646200 0.460700
vt 0.642900 0.467100
vt 0.450200 0.654500
vt 0.456600 0.651400
vt 0.444800 0.657900
vt 0.441600 0.669000
vt 0.445700 0.679900
vt 0.694500 0.468100
vt 0.690400 0.476300
vt 0.681100 0.470100
vt 0.668100 0.462300
vt 0.671800 0.456400
vt 0.685600 0.462900
vt 0.461900 0.710000
vt 0.457000 0.702600
vt 0.466700 0.717000
vt 0.476600 0.713700
vt 0.483400 0.721500
vt 0.490700 0.742100
vt 0.482200 0.745600
vt 0.478900 0.737200
vt 0.483700 0.750500
vt 0.474500 0.482700
vt 0.484900 0.446600
vt 0.581000 0.268400
vt 0.617900 0.230600
vt 0.630300 0.245800
vt 0.601800 0.271800
vt 0.594500 0.279900
vt 0.522400 0.740700
vt 0.522000 0.754600
vt 0.185100 0.562000
vt 0.182600 0.558300
vt 0.178800 0.553600
vt 0.177100 0.555300
vt 0.181000 0.559600
vt 0.183600 0.563100
vt 0.185000 0.565500
vt 0.186700 0.564400
vt 0.494600 0.750700
vt 0.511600 0.756700
vt 0.502300 0.758400
vt 0.495100 0.754500
vt 0.248800 0.433300
vt 0.222000 0.419300
vt 0.231200 0.412000
vt 0.520100 0.722900
vt 0.876300 0.842700
vt 0.895600 0.839200
vt 0.917700 0.845800
vt 0.918000 0.858700
vt 0.908900 0.634700
vt 0.906000 0.632900
vt 0.907400 0.630600
vt 0.911000 0.632600
vt 0.485100 0.754700
vt 0.477600 0.759800
vt 0.475500 0.755200
vt 0.469900 0.767100
vt 0.473300 0.750100
vt 0.469600 0.741300
vt 0.460500 0.746800
vt 0.454700 0.734100
vt 0.463700 0.728900
vt 0.472400 0.725200
vt 0.449700 0.724800
vt 0.458600 0.720200
vt 0.439000 0.742300
vt 0.445700 0.754400
vt 0.464700 0.756100
vt 0.450900 0.763500
vt 0.421300 0.748700
vt 0.418100 0.739800
vt 0.434700 0.732700
vt 0.430400 0.722100
vt 0.445000 0.715500
vt 0.350900 0.892200
vt 0.344700 0.888800
vt 0.454100 0.712400
vt 0.449600 0.704300
vt 0.444900 0.695200
vt 0.451900 0.693700
vt 0.440600 0.706200
vt 0.436400 0.696500
vt 0.439300 0.681800
vt 0.431600 0.682500
vt 0.436200 0.670800
vt 0.908700 0.661400
vt 0.902900 0.654100
vt 0.904700 0.651700
vt 0.908800 0.656100
vt 0.420900 0.684800
vt 0.423900 0.700000
vt 0.426700 0.711100
vt 0.364100 0.707700
vt 0.382400 0.708900
vt 0.383300 0.693300
vt 0.394200 0.708100
vt 0.398000 0.745300
vt 0.382900 0.745800
vt 0.382900 0.754400
vt 0.359600 0.753400
vt 0.339200 0.766600
vt 0.331000 0.765800
vt 0.340400 0.728100
vt 0.361300 0.731700
vt 0.803800 0.431200
vt 0.806600 0.428900
vt 0.809900 0.432600
vt 0.813100 0.436500
vt 0.811300 0.438000
vt 0.807500 0.434700
vt 0.812200 0.403200
vt 0.810500 0.404200
vt 0.810100 0.402700
vt 0.811500 0.402300
vt 0.292100 0.761500
vt 0.272200 0.758400
vt 0.274900 0.741300
vt 0.294800 0.745600
vt 0.246600 0.753900
vt 0.248900 0.734600
vt 0.271200 0.775700
vt 0.246800 0.774300
vt 0.600200 0.586700
vt 0.598100 0.596600
vt 0.588200 0.590700
vt 0.588500 0.585300
vt 0.587200 0.582100
vt 0.600300 0.582900
vt 0.223300 0.771200
vt 0.222500 0.748200
vt 0.561800 0.764500
vt 0.554600 0.779700
vt 0.572600 0.743900
vt 0.136400 0.775400
vt 0.134500 0.750400
vt 0.108700 0.772900
vt 0.106300 0.746600
vt 0.635100 0.687000
vt 0.611100 0.665000
vt 0.627600 0.666400
vt 0.635400 0.670600
vt 0.644600 0.677400
vt 0.090000 0.772400
vt 0.086800 0.745400
vt 0.078700 0.801300
vt 0.071400 0.773300
vt 0.061900 0.805300
vt 0.053000 0.776400
vt 0.797600 0.090500
vt 0.801800 0.073800
vt 0.844800 0.093800
vt 0.838500 0.108500
vt 0.795200 0.107600
vt 0.832400 0.123600
vt 0.825900 0.138300
vt 0.793700 0.124900
vt 0.096100 0.842300
vt 0.108000 0.861000
vt 0.122600 0.853000
vt 0.117000 0.872100
vt 0.126300 0.882300
vt 0.419100 0.518000
vt 0.408300 0.510600
vt 0.866800 0.153100
vt 0.848800 0.135100
vt 0.154300 0.858600
vt 0.167300 0.869200
vt 0.153800 0.883200
vt 0.140400 0.871200
vt 0.183100 0.883000
vt 0.170300 0.896900
vt 0.196500 0.868900
vt 0.915200 0.737700
vt 0.906900 0.733000
vt 0.897400 0.727800
vt 0.434500 0.663400
vt 0.914500 0.184200
vt 0.928000 0.173800
vt 0.939400 0.195300
vt 0.947100 0.212100
vt 0.191800 0.966400
vt 0.173200 0.958200
vt 0.941600 0.164200
vt 0.953300 0.186800
vt 0.150700 0.946200
vt 0.135400 0.936300
vt 0.146200 0.923100
vt 0.115200 0.919400
vt 0.127300 0.907400
vt 0.140300 0.895800
vt 0.157900 0.910200
vt 0.896800 0.691300
vt 0.902300 0.694100
vt 0.898700 0.697700
vt 0.895100 0.704900
vt 0.888500 0.703500
vt 0.892600 0.696000
vt 0.807300 0.057000
vt 0.851900 0.079200
vt 0.034500 0.781100
vt 0.026500 0.752400
vt 0.046700 0.748400
vt 0.687800 0.068900
vt 0.690500 0.047600
vt 0.694100 0.026100
vt 0.721500 0.031400
vt 0.717900 0.052700
vt 0.715200 0.073900
vt 0.770800 0.528400
vt 0.767300 0.534900
vt 0.763600 0.534700
vt 0.763900 0.528900
vt 0.764500 0.519400
vt 0.772300 0.516800
vt 0.910700 0.434600
vt 0.913200 0.433300
vt 0.918300 0.436100
vt 0.962400 0.399400
vt 0.955400 0.400600
vt 0.328600 0.163000
vt 0.300800 0.165000
vt 0.299800 0.144300
vt 0.299200 0.123400
vt 0.348100 0.122300
vt 0.349800 0.161200
vt 0.577400 0.806800
vt 0.579400 0.808900
vt 0.082000 0.306800
vt 0.078900 0.313000
vt 0.076200 0.311900
vt 0.078400 0.305300
vt 0.080900 0.298800
vt 0.085100 0.300700
vt 0.055000 0.647500
vt 0.525000 0.084800
vt 0.503400 0.085400
vt 0.437100 0.444900
vt 0.422100 0.429800
vt 0.451100 0.403300
vt 0.907100 0.526700
vt 0.906700 0.520500
vt 0.917000 0.521100
vt 0.917800 0.526800
vt 0.970000 0.677100
vt 0.974300 0.672700
vt 0.522900 0.531200
vt 0.511800 0.539800
vt 0.028700 0.613100
vt 0.020200 0.631800
vt 0.499800 0.547600
vt 0.497400 0.566500
vt 0.493300 0.561900
vt 0.548000 0.534200
vt 0.550500 0.546600
vt 0.540800 0.528200
vt 0.546700 0.514500
vt 0.552800 0.518500
vt 0.553400 0.501700
vt 0.486600 0.574700
vt 0.482200 0.571000
vt 0.501600 0.572000
vt 0.491300 0.578500
vt 0.474500 0.590900
vt 0.469700 0.588200
vt 0.478800 0.593200
vt 0.467500 0.606600
vt 0.463600 0.616200
vt 0.461200 0.625500
vt 0.134900 0.088300
vt 0.129100 0.010400
vt 0.137200 0.009300
vt 0.137100 0.033000
vt 0.143400 0.088100
vt 0.619100 0.479000
vt 0.619400 0.483600
vt 0.570800 0.515100
vt 0.587000 0.493300
vt 0.601000 0.484000
vt 0.610100 0.480800
vt 0.516500 0.576400
vt 0.525600 0.576100
vt 0.513200 0.567800
vt 0.524800 0.566600
vt 0.543500 0.570900
vt 0.540800 0.582400
vt 0.537600 0.579900
vt 0.539900 0.569000
vt 0.536100 0.585800
vt 0.532700 0.583700
vt 0.533600 0.577800
vt 0.057000 0.309300
vt 0.052400 0.309800
vt 0.052100 0.302900
vt 0.051800 0.297500
vt 0.051000 0.293600
vt 0.584900 0.551900
vt 0.580700 0.547800
vt 0.645000 0.266500
vt 0.594400 0.554100
vt 0.591200 0.555900
vt 0.907700 0.533000
vt 0.550100 0.613100
vt 0.548000 0.614100
vt 0.549500 0.644300
vt 0.547100 0.642400
vt 0.550800 0.630300
vt 0.551200 0.621300
vt 0.553800 0.611300
vt 0.460200 0.602900
vt 0.418900 0.588600
vt 0.393000 0.571900
vt 0.399500 0.554400
vt 0.413200 0.563700
vt 0.409300 0.571900
vt 0.422100 0.581600
vt 0.831300 0.420200
vt 0.829100 0.422500
vt 0.822900 0.416700
vt 0.824600 0.414400
vt 0.828000 0.417300
vt 0.437400 0.629000
vt 0.433400 0.635400
vt 0.424500 0.628500
vt 0.427400 0.619500
vt 0.437300 0.640300
vt 0.431100 0.643300
vt 0.440100 0.645900
vt 0.484100 0.119400
vt 0.481800 0.086400
vt 0.424900 0.648500
vt 0.430400 0.649000
vt 0.059600 0.610100
vt 0.051600 0.621100
vt 0.415100 0.647800
vt 0.892000 0.236200
vt 0.647600 0.437200
vt 0.663300 0.439700
vt 0.174500 0.264200
vt 0.178600 0.269700
vt 0.181600 0.273700
vt 0.177700 0.276200
vt 0.170100 0.266500
vt 0.172200 0.116600
vt 0.170600 0.118400
vt 0.163100 0.111300
vt 0.164800 0.109100
vt 0.251500 0.288300
vt 0.248900 0.289800
vt 0.246800 0.287200
vt 0.239100 0.277000
vt 0.236600 0.271700
vt 0.240800 0.270700
vt 0.584400 0.736600
vt 0.576400 0.746700
vt 0.687700 0.271600
vt 0.715200 0.263000
vt 0.676500 0.248700
vt 0.690900 0.242900
vt 0.705600 0.238000
vt 0.224000 0.726300
vt 0.199700 0.717500
vt 0.202700 0.700300
vt 0.198400 0.741200
vt 0.181300 0.710700
vt 0.184400 0.692400
vt 0.180100 0.735700
vt 0.168900 0.706400
vt 0.172100 0.687400
vt 0.156200 0.702200
vt 0.159500 0.682400
vt 0.701800 0.179700
vt 0.697700 0.167000
vt 0.724300 0.166400
vt 0.730900 0.191300
vt 0.705900 0.192200
vt 0.132900 0.695300
vt 0.135000 0.674100
vt 0.155300 0.728800
vt 0.133100 0.723300
vt 0.104100 0.718800
vt 0.101100 0.690300
vt 0.083800 0.718100
vt 0.079600 0.690100
vt 0.066800 0.745700
vt 0.054200 0.670100
vt 0.076000 0.669000
vt 0.033000 0.672500
vt 0.098700 0.669100
vt 0.237900 0.191000
vt 0.259000 0.188900
vt 0.259400 0.210600
vt 0.239400 0.213300
vt 0.260200 0.232400
vt 0.240500 0.235700
vt 0.279900 0.208400
vt 0.280500 0.229500
vt 0.301000 0.206300
vt 0.301600 0.226600
vt 0.165800 0.663100
vt 0.147100 0.653600
vt 0.156900 0.633600
vt 0.168700 0.614700
vt 0.184900 0.626800
vt 0.174300 0.644400
vt 0.187400 0.591200
vt 0.185800 0.651400
vt 0.178100 0.669100
vt 0.195600 0.634700
vt 0.206400 0.642500
vt 0.197500 0.658200
vt 0.190300 0.675000
vt 0.569600 0.499500
vt 0.563500 0.510000
vt 0.558000 0.505700
vt 0.565900 0.494800
vt 0.582200 0.486800
vt 0.597800 0.476100
vt 0.907900 0.664100
vt 0.898800 0.652600
vt 0.900500 0.651400
vt 0.223100 0.653900
vt 0.256400 0.650600
vt 0.576800 0.399100
vt 0.580800 0.427800
vt 0.564500 0.401800
vt 0.169800 0.569600
vt 0.165800 0.565600
vt 0.161400 0.561100
vt 0.932700 0.829100
vt 0.942400 0.830400
vt 0.945300 0.834700
vt 0.949900 0.842000
vt 0.327300 0.656100
vt 0.347800 0.615800
vt 0.344700 0.594000
vt 0.356500 0.594600
vt 0.968700 0.848000
vt 0.956400 0.854900
vt 0.950900 0.857600
vt 0.946600 0.857200
vt 0.975100 0.836000
vt 0.983000 0.820500
vt 0.991600 0.803600
vt 0.989700 0.813100
vt 0.987300 0.823400
vt 0.979100 0.839000
vt 0.639700 0.915600
vt 0.634000 0.914900
vt 0.370200 0.662200
vt 0.369400 0.671900
vt 0.354000 0.672100
vt 0.352100 0.681100
vt 0.335400 0.677600
vt 0.400600 0.619100
vt 0.403200 0.635900
vt 0.412700 0.636100
vt 0.554600 0.378400
vt 0.550700 0.363300
vt 0.566400 0.363500
vt 0.587600 0.365700
vt 0.601500 0.421400
vt 0.611700 0.436900
vt 0.340400 0.572600
vt 0.338300 0.556700
vt 0.354500 0.557700
vt 0.354500 0.573400
vt 0.325900 0.573700
vt 0.321700 0.558100
vt 0.297100 0.582800
vt 0.576600 0.306300
vt 0.912900 0.927000
vt 0.931900 0.919800
vt 0.525100 0.282900
vt 0.544400 0.245700
vt 0.560900 0.254600
vt 0.938400 0.634300
vt 0.942200 0.637000
vt 0.944100 0.640000
vt 0.931200 0.633500
vt 0.933200 0.630400
vt 0.348100 0.045200
vt 0.326200 0.042900
vt 0.326300 0.023600
vt 0.817100 0.526900
vt 0.819900 0.523300
vt 0.825900 0.526900
vt 0.832900 0.529500
vt 0.829600 0.534600
vt 0.823100 0.532200
vt 0.329300 0.182900
vt 0.329700 0.202700
vt 0.301200 0.185600
vt 0.330600 0.222000
vt 0.279800 0.166200
vt 0.258500 0.167500
vt 0.257800 0.146100
vt 0.278900 0.145200
vt 0.280100 0.187200
vt 0.348000 0.064200
vt 0.416500 0.172300
vt 0.438400 0.170000
vt 0.438300 0.187400
vt 0.417100 0.189800
vt 0.789300 0.260600
vt 0.768700 0.258300
vt 0.765900 0.234900
vt 0.317900 0.537200
vt 0.315900 0.521500
vt 0.337900 0.519700
vt 0.337800 0.535600
vt 0.337900 0.546100
vt 0.319600 0.547600
vt 0.502300 0.185100
vt 0.523300 0.184900
vt 0.522800 0.200600
vt 0.502000 0.201100
vt 0.480700 0.201900
vt 0.480900 0.185500
vt 0.361500 0.516800
vt 0.357000 0.536600
vt 0.534400 0.382800
vt 0.541300 0.398400
vt 0.524300 0.405300
vt 0.516100 0.388500
vt 0.509700 0.369700
vt 0.529600 0.365600
vt 0.188600 0.158000
vt 0.191300 0.159400
vt 0.438100 0.205100
vt 0.396900 0.531800
vt 0.407200 0.538300
vt 0.380100 0.523400
vt 0.391100 0.500100
vt 0.372700 0.490300
vt 0.389900 0.548800
vt 0.878800 0.331300
vt 0.873400 0.337400
vt 0.884300 0.325600
vt 0.707100 0.747500
vt 0.712700 0.754900
vt 0.700800 0.760400
vt 0.700600 0.756800
vt 0.703300 0.752200
vt 0.546800 0.408100
vt 0.421500 0.548600
vt 0.434100 0.529300
vt 0.448000 0.540700
vt 0.434800 0.559400
vt 0.528900 0.346300
vt 0.539400 0.346500
vt 0.549900 0.347100
vt 0.907400 0.824000
vt 0.401000 0.485500
vt 0.383400 0.474000
vt 0.395500 0.458600
vt 0.412100 0.471500
vt 0.525000 0.168600
vt 0.503500 0.168900
vt 0.482000 0.169000
vt 0.483200 0.152400
vt 0.460300 0.169200
vt 0.459500 0.186200
vt 0.487700 0.535600
vt 0.458000 0.528900
vt 0.468200 0.517800
vt 0.478300 0.507100
vt 0.498500 0.526300
vt 0.410900 0.621500
vt 0.412100 0.609200
vt 0.815600 0.786900
vt 0.810700 0.781700
vt 0.803600 0.775400
vt 0.813800 0.765400
vt 0.818600 0.773700
vt 0.822300 0.779900
vt 0.825700 0.786000
vt 0.819700 0.792100
vt 0.245300 0.668000
vt 0.208300 0.684200
vt 0.215100 0.668600
vt 0.237000 0.169100
vt 0.236400 0.147200
vt 0.877300 0.340800
vt 0.883700 0.335900
vt 0.835600 0.470600
vt 0.830000 0.476400
vt 0.827400 0.474300
vt 0.829600 0.471600
vt 0.832100 0.469100
vt 0.835100 0.466800
vt 0.839100 0.467300
vt 0.841600 0.469300
vt 0.842500 0.471500
vt 0.842400 0.473600
vt 0.842100 0.475000
vt 0.834200 0.478300
vt 0.460000 0.781100
vt 0.457100 0.775300
vt 0.298900 0.102500
vt 0.298900 0.081700
vt 0.326900 0.082500
vt 0.348100 0.083400
vt 0.454100 0.769500
vt 0.408600 0.774400
vt 0.420800 0.771400
vt 0.559700 0.707900
vt 0.561400 0.700700
vt 0.566500 0.701300
vt 0.561000 0.717700
vt 0.556700 0.716800
vt 0.562600 0.691800
vt 0.586500 0.700300
vt 0.640200 0.474100
vt 0.651800 0.471700
vt 0.647800 0.477700
vt 0.849800 0.938400
vt 0.074000 0.354000
vt 0.078300 0.351900
vt 0.087100 0.367600
vt 0.082200 0.371300
vt 0.909600 0.635600
vt 0.907400 0.637800
vt 0.904800 0.640000
vt 0.649400 0.682500
vt 0.639500 0.692100
vt 0.648900 0.655800
vt 0.657500 0.665000
vt 0.728800 0.490400
vt 0.737200 0.493700
vt 0.713000 0.494900
vt 0.716800 0.483800
vt 0.669500 0.676700
vt 0.654000 0.690600
vt 0.651700 0.686300
vt 0.666200 0.673600
vt 0.674800 0.681700
vt 0.658400 0.698100
vt 0.978500 0.817300
vt 0.975300 0.815200
vt 0.641900 0.695600
vt 0.631200 0.707300
vt 0.628800 0.704100
vt 0.617500 0.709700
vt 0.624600 0.699400
vt 0.612200 0.716500
vt 0.606300 0.712000
vt 0.611300 0.704300
vt 0.608200 0.720600
vt 0.602400 0.716400
vt 0.603700 0.725300
vt 0.598300 0.721100
vt 0.611600 0.723800
vt 0.607000 0.728600
vt 0.600200 0.736400
vt 0.597000 0.732700
vt 0.609200 0.730900
vt 0.602100 0.739100
vt 0.611500 0.733100
vt 0.604100 0.741900
vt 0.616200 0.728500
vt 0.613900 0.726100
vt 0.588700 0.741300
vt 0.594600 0.749100
vt 0.580900 0.750700
vt 0.592100 0.728200
vt 0.908600 0.628900
vt 0.913000 0.630900
vt 0.911900 0.633200
vt 0.240300 0.935300
vt 0.562700 0.725300
vt 0.552700 0.725100
vt 0.548500 0.723800
vt 0.552500 0.715800
vt 0.544300 0.722200
vt 0.526100 0.720200
vt 0.531400 0.716400
vt 0.614100 0.769900
vt 0.631200 0.895500
vt 0.374200 0.541600
vt 0.565600 0.766700
vt 0.566600 0.794300
vt 0.558400 0.794100
vt 0.947500 0.715600
vt 0.942800 0.719600
vt 0.941500 0.706800
vt 0.551300 0.791800
vt 0.552700 0.785600
vt 0.542300 0.786500
vt 0.543900 0.782100
vt 0.534900 0.783800
vt 0.528800 0.784400
vt 0.522100 0.785300
vt 0.917500 0.700400
vt 0.908200 0.698900
vt 0.910300 0.692400
vt 0.919600 0.693100
vt 0.923100 0.702100
vt 0.926200 0.694500
vt 0.914200 0.709900
vt 0.921500 0.713900
vt 0.904900 0.707200
vt 0.671500 0.983100
vt 0.672500 0.992900
vt 0.661100 0.993500
vt 0.669300 0.043400
vt 0.817500 0.324200
vt 0.840400 0.331200
vt 0.851800 0.337600
vt 0.849100 0.343100
vt 0.837900 0.338100
vt 0.816300 0.333100
vt 0.927000 0.721500
vt 0.933000 0.721800
vt 0.888200 0.724400
vt 0.889900 0.715600
vt 0.705300 0.991500
vt 0.688500 0.992000
vt 0.090500 0.090000
vt 0.090100 0.098200
vt 0.083200 0.096600
vt 0.074200 0.040700
vt 0.083700 0.040200
vt 0.067400 0.064800
vt 0.066800 0.040400
vt 0.072100 0.082100
vt 0.067900 0.081000
vt 0.058000 0.063100
vt 0.103300 0.175400
vt 0.114300 0.176100
vt 0.113500 0.180800
vt 0.103000 0.180200
vt 0.051600 0.082200
vt 0.051400 0.077400
vt 0.040400 0.077900
vt 0.041100 0.082600
vt 0.034800 0.083500
vt 0.885300 0.762000
vt 0.883100 0.764800
vt 0.878100 0.761100
vt 0.880200 0.758600
vt 0.436900 0.087800
vt 0.028800 0.086000
vt 0.876200 0.754200
vt 0.873300 0.757600
vt 0.891700 0.771500
vt 0.894400 0.767100
vt 0.855600 0.590500
vt 0.851300 0.587900
vt 0.843400 0.582300
vt 0.867700 0.583100
vt 0.860600 0.593200
vt 0.131900 0.133300
vt 0.129000 0.133700
vt 0.098400 0.100000
vt 0.098100 0.091600
vt 0.107700 0.091700
vt 0.117000 0.090500
vt 0.118000 0.100200
vt 0.108300 0.101000
vt 0.871200 0.725700
vt 0.877800 0.713500
vt 0.878900 0.723800
vt 0.883600 0.714200
vt 0.883300 0.723800
vt 0.510200 0.427300
vt 0.865900 0.706200
vt 0.879600 0.707700
vt 0.874700 0.699900
vt 0.886000 0.708900
vt 0.892500 0.710400
vt 0.881700 0.701800
vt 0.883000 0.406900
vt 0.890500 0.414100
vt 0.887400 0.420000
vt 0.880300 0.690200
vt 0.886600 0.693500
vt 0.878600 0.677700
vt 0.885900 0.684400
vt 0.891400 0.688500
vt 0.830300 0.503500
vt 0.839700 0.504700
vt 0.839700 0.507400
vt 0.830100 0.506800
vt 0.256800 0.102500
vt 0.278000 0.102500
vt 0.170200 0.123600
vt 0.160900 0.114200
vt 0.173500 0.120200
vt 0.102300 0.037800
vt 0.105700 0.066700
vt 0.081700 0.021600
vt 0.098800 0.020300
vt 0.072000 0.020600
vt 0.065700 0.020900
vt 0.058100 0.040300
vt 0.045000 0.810600
vt 0.126700 0.098400
vt 0.583700 0.626400
vt 0.585300 0.632600
vt 0.579800 0.633400
vt 0.135600 0.097200
vt 0.692200 0.804900
vt 0.690100 0.788700
vt 0.122500 0.099300
vt 0.117900 0.034800
vt 0.112500 0.035900
vt 0.108500 0.017100
vt 0.114800 0.014300
vt 0.121200 0.011500
vt 0.586800 0.638700
vt 0.591600 0.647000
vt 0.585500 0.647900
vt 0.582200 0.641300
vt 0.589400 0.653100
vt 0.593800 0.656800
vt 0.600500 0.659600
vt 0.608500 0.659200
vt 0.599900 0.661600
vt 0.609400 0.661200
vt 0.599200 0.665200
vt 0.592300 0.658500
vt 0.587400 0.654500
vt 0.590000 0.661200
vt 0.584400 0.656700
vt 0.579600 0.642600
vt 0.583200 0.649300
vt 0.579600 0.650900
vt 0.596300 0.677900
vt 0.577000 0.634200
vt 0.101500 0.228000
vt 0.098500 0.224800
vt 0.100700 0.221700
vt 0.104200 0.225000
vt 0.107800 0.228700
vt 0.104900 0.231800
vt 0.575200 0.625200
vt 0.573100 0.635000
vt 0.575700 0.643700
vt 0.571400 0.625700
vt 0.573900 0.616900
vt 0.573200 0.609300
vt 0.570200 0.616800
vt 0.569600 0.608500
vt 0.562300 0.614300
vt 0.561800 0.604900
vt 0.845900 0.893400
vt 0.830800 0.909800
vt 0.852200 0.888200
vt 0.574200 0.563700
vt 0.585500 0.578700
vt 0.575600 0.584600
vt 0.573800 0.587900
vt 0.571000 0.585500
vt 0.577600 0.586600
vt 0.576200 0.589800
vt 0.572800 0.596200
vt 0.569400 0.594400
vt 0.576000 0.597600
vt 0.027000 0.013100
vt 0.029800 0.014600
vt 0.022500 0.010900
vt 0.445100 0.881600
vt 0.436200 0.885600
vt 0.431200 0.900600
vt 0.430400 0.876700
vt 0.427000 0.859400
vt 0.432700 0.858800
vt 0.432000 0.845100
vt 0.033500 0.016600
vt 0.209100 0.332700
vt 0.205900 0.334400
vt 0.197300 0.323100
vt 0.200400 0.321400
vt 0.054900 0.432900
vt 0.060000 0.434300
vt 0.067200 0.437700
vt 0.590600 0.615000
vt 0.591600 0.606900
vt 0.596300 0.610400
vt 0.594400 0.616800
vt 0.469900 0.239400
vt 0.485800 0.234900
vt 0.496800 0.235400
vt 0.598000 0.607400
vt 0.610900 0.620600
vt 0.608700 0.622500
vt 0.594000 0.603400
vt 0.614400 0.624200
vt 0.612100 0.626200
vt 0.617300 0.627000
vt 0.614900 0.629200
vt 0.619800 0.629400
vt 0.617100 0.631900
vt 0.622000 0.631600
vt 0.618900 0.634500
vt 0.620200 0.637100
vt 0.613000 0.637100
vt 0.608600 0.629300
vt 0.610700 0.632600
vt 0.132500 0.270600
vt 0.133700 0.269000
vt 0.138800 0.276000
vt 0.135600 0.273100
vt 0.605300 0.626000
vt 0.058200 0.023000
vt 0.072000 0.088200
vt 0.068400 0.087300
vt 0.916800 0.770800
vt 0.922700 0.774500
vt 0.921500 0.768000
vt 0.926700 0.771000
vt 0.931200 0.773200
vt 0.936800 0.776100
vt 0.932800 0.780000
vt 0.927300 0.777000
vt 0.603300 0.490400
vt 0.620100 0.486500
vt 0.611700 0.488400
vt 0.557500 0.572300
vt 0.915400 0.790100
vt 0.805800 0.541700
vt 0.802600 0.533900
vt 0.800700 0.529900
vt 0.803100 0.528800
vt 0.805500 0.533400
vt 0.809600 0.541700
vt 0.927900 0.757800
vt 0.076100 0.096900
vt 0.074800 0.096000
vt 0.079200 0.096300
vt 0.491800 0.787600
vt 0.502500 0.786900
vt 0.514200 0.786100
vt 0.601100 0.605700
vt 0.612900 0.618500
vt 0.603900 0.793700
vt 0.591300 0.803400
vt 0.586100 0.798300
vt 0.583500 0.796000
vt 0.087000 0.476700
vt 0.593000 0.815400
vt 0.591800 0.811800
vt 0.932900 0.851500
vt 0.930500 0.862000
vt 0.930000 0.866600
vt 0.919800 0.864800
vt 0.593700 0.819400
vt 0.609700 0.820200
vt 0.600500 0.822800
vt 0.594200 0.824700
vt 0.619800 0.817800
vt 0.610100 0.825800
vt 0.601500 0.828700
vt 0.617800 0.823000
vt 0.062700 0.384400
vt 0.062400 0.376800
vt 0.061700 0.368200
vt 0.059400 0.347500
vt 0.063600 0.346800
vt 0.587000 0.826900
vt 0.055400 0.348000
vt 0.056900 0.369000
vt 0.056200 0.358800
vt 0.586300 0.822300
vt 0.577700 0.825500
vt 0.775100 0.546700
vt 0.777800 0.554100
vt 0.773300 0.555700
vt 0.776700 0.564600
vt 0.585600 0.819000
vt 0.567700 0.828400
vt 0.567000 0.826200
vt 0.576900 0.822900
vt 0.046300 0.368800
vt 0.047200 0.358600
vt 0.047300 0.348200
vt 0.050300 0.348200
vt 0.040200 0.376800
vt 0.043900 0.358100
vt 0.044400 0.378100
vt 0.588800 0.800800
vt 0.575500 0.804700
vt 0.390700 0.772800
vt 0.381400 0.769900
vt 0.396500 0.777100
vt 0.865800 0.596700
vt 0.125600 0.134300
vt 0.120800 0.177300
vt 0.118700 0.116800
vt 0.126200 0.113100
vt 0.872400 0.569600
vt 0.901300 0.585800
vt 0.906200 0.590700
vt 0.321700 0.830900
vt 0.329400 0.853200
vt 0.333400 0.862700
vt 0.328100 0.864500
vt 0.323500 0.855700
vt 0.837900 0.585600
vt 0.883800 0.228300
vt 0.875700 0.220600
vt 0.221800 0.869800
vt 0.210900 0.855300
vt 0.302300 0.925000
vt 0.785600 0.692000
vt 0.793500 0.698100
vt 0.554800 0.582600
vt 0.922200 0.902700
vt 0.925100 0.907700
vt 0.836600 0.319500
vt 0.802000 0.312100
vt 0.616700 0.522100
vt 0.613800 0.504800
vt 0.514400 0.620200
vt 0.390200 0.584200
vt 0.235400 0.102300
vt 0.325500 0.886200
vt 0.340600 0.270600
vt 0.864400 0.662300
vt 0.866600 0.652400
vt 0.870200 0.664500
vt 0.875500 0.667100
vt 0.443400 0.798200
vt 0.432800 0.790700
vt 0.446900 0.785600
vt 0.453400 0.794000
vt 0.799700 0.726400
vt 0.791900 0.737000
vt 0.777000 0.735300
vt 0.766500 0.735400
vt 0.767200 0.723200
vt 0.205700 0.029600
vt 0.123100 0.297100
vt 0.114300 0.284300
vt 0.117700 0.283100
vt 0.125500 0.295300
vt 0.522700 0.638800
vt 0.482100 0.705300
vt 0.496300 0.626000
vt 0.495000 0.624000
vt 0.464700 0.790000
vt 0.475800 0.786100
vt 0.936500 0.700500
vt 0.931300 0.697500
vt 0.484300 0.788600
vt 0.523300 0.614300
vt 0.526200 0.611800
vt 0.605800 0.598200
vt 0.011800 0.184400
vt 0.600000 0.210900
vt 0.632900 0.640800
vt 0.634600 0.639200
vt 0.629400 0.634600
vt 0.628900 0.636600
vt 0.643100 0.641600
vt 0.644400 0.645400
vt 0.710200 0.501500
vt 0.705600 0.508500
vt 0.027800 0.409300
vt 0.020900 0.426200
vt 0.016300 0.423300
vt 0.025700 0.429300
vt 0.036200 0.410200
vt 0.703000 0.494100
vt 0.699800 0.499800
vt 0.671300 0.480400
vt 0.655700 0.466400
vt 0.676300 0.477000
vt 0.698000 0.482100
vt 0.692800 0.487300
vt 0.686900 0.482500
vt 0.685700 0.487500
vt 0.681200 0.490800
vt 0.852900 0.307700
vt 0.766300 0.760900
vt 0.638300 0.518200
vt 0.642000 0.518300
vt 0.635800 0.524300
vt 0.511900 0.633300
vt 0.508700 0.637800
vt 0.494700 0.628000
vt 0.629800 0.529600
vt 0.818800 0.149700
vt 0.721900 0.548500
vt 0.717100 0.542900
vt 0.721600 0.536100
vt 0.728600 0.540500
vt 0.724500 0.552500
vt 0.746800 0.540200
vt 0.747400 0.546900
vt 0.726100 0.557300
vt 0.646800 0.624000
vt 0.638900 0.631700
vt 0.641000 0.621800
vt 0.314200 0.474000
vt 0.308400 0.476600
vt 0.309600 0.465300
vt 0.315000 0.459600
vt 0.325300 0.462400
vt 0.319300 0.471500
vt 0.737600 0.587900
vt 0.618200 0.529400
vt 0.625400 0.533300
vt 0.620200 0.536500
vt 0.611500 0.536500
vt 0.610800 0.529300
vt 0.057100 0.317800
vt 0.574300 0.534500
vt 0.895500 0.502500
vt 0.909000 0.506100
vt 0.920500 0.509600
vt 0.023100 0.088500
vt 0.676400 0.542400
vt 0.680900 0.526000
vt 0.695800 0.540400
vt 0.746400 0.703900
vt 0.751100 0.694000
vt 0.907100 0.555900
vt 0.926600 0.544100
vt 0.915300 0.561400
vt 0.953500 0.564600
vt 0.951700 0.550700
vt 0.953700 0.557900
vt 0.615700 0.573100
vt 0.612800 0.564700
vt 0.890600 0.331900
vt 0.893700 0.314700
vt 0.905300 0.322900
vt 0.909000 0.863500
vt 0.570700 0.560500
vt 0.585300 0.558500
vt 0.592400 0.561800
vt 0.596200 0.571400
vt 0.599600 0.579300
vt 0.730800 0.759900
vt 0.720100 0.757700
vt 0.721200 0.815800
vt 0.727300 0.822300
vt 0.722800 0.826300
vt 0.713400 0.823600
vt 0.845800 0.817300
vt 0.848400 0.820300
vt 0.851100 0.824300
vt 0.847700 0.830300
vt 0.841600 0.826400
vt 0.837900 0.823400
vt 0.578700 0.553900
vt 0.597200 0.558400
vt 0.566200 0.556200
vt 0.548900 0.986000
vt 0.559900 0.995900
vt 0.548500 0.995900
vt 0.606500 0.587500
vt 0.777800 0.342700
vt 0.790200 0.331600
vt 0.795500 0.341300
vt 0.787900 0.347700
vt 0.941500 0.855000
vt 0.942500 0.865700
vt 0.937900 0.864000
vt 0.705500 0.648700
vt 0.700500 0.644700
vt 0.710000 0.637300
vt 0.712000 0.643900
vt 0.747500 0.780700
vt 0.761400 0.786900
vt 0.772400 0.782000
vt 0.706700 0.634800
vt 0.712700 0.629300
vt 0.715300 0.631600
vt 0.703800 0.632300
vt 0.710100 0.626900
vt 0.937000 0.530700
vt 0.932500 0.529300
vt 0.532400 0.995800
vt 0.515600 0.996000
vt 0.091600 0.177500
vt 0.095200 0.176600
vt 0.095200 0.182300
vt 0.091500 0.184000
vt 0.099100 0.175800
vt 0.098900 0.180700
vt 0.906700 0.793800
vt 0.900000 0.788000
vt 0.894600 0.781800
vt 0.891800 0.777700
vt 0.965900 0.536300
vt 0.976000 0.541000
vt 0.971300 0.549200
vt 0.960600 0.544100
vt 0.066200 0.195000
vt 0.046000 0.197800
vt 0.935300 0.823700
vt 0.932500 0.825700
vt 0.939200 0.821000
vt 0.922400 0.813900
vt 0.925200 0.810200
vt 0.920200 0.817200
vt 0.918600 0.820700
vt 0.763400 0.539900
vt 0.766100 0.541000
vt 0.642500 0.446200
vt 0.638700 0.444200
vt 0.643300 0.442100
vt 0.645300 0.443600
vt 0.873500 0.851600
vt 0.871400 0.847900
vt 0.775000 0.583200
vt 0.762900 0.590800
vt 0.775300 0.579700
vt 0.710300 0.766000
vt 0.700400 0.764400
vt 0.320100 0.724400
vt 0.317600 0.737100
vt 0.297300 0.733100
vt 0.319400 0.671700
vt 0.800600 0.758700
vt 0.810200 0.758400
vt 0.797700 0.770800
vt 0.792900 0.766500
vt 0.788100 0.754300
vt 0.799000 0.752200
vt 0.873700 0.808500
vt 0.878700 0.810900
vt 0.874900 0.818400
vt 0.870800 0.818700
vt 0.878200 0.821900
vt 0.873400 0.827600
vt 0.882500 0.814300
vt 0.570200 0.542100
vt 0.572200 0.546200
vt 0.561100 0.548300
vt 0.558600 0.533300
vt 0.568300 0.534200
vt 0.079000 0.181600
vt 0.075500 0.185400
vt 0.079400 0.163900
vt 0.071400 0.164700
vt 0.071000 0.185600
vt 0.080100 0.187100
vt 0.078200 0.189600
vt 0.766300 0.714700
vt 0.677800 0.515300
vt 0.671600 0.519400
vt 0.674400 0.514600
vt 0.871000 0.838300
vt 0.870200 0.842900
vt 0.861500 0.841200
vt 0.863500 0.834900
vt 0.878800 0.834300
vt 0.949700 0.649500
vt 0.804000 0.718400
vt 0.785100 0.712900
vt 0.805700 0.712800
vt 0.761200 0.413200
vt 0.756800 0.424900
vt 0.055700 0.281800
vt 0.049000 0.289400
vt 0.046000 0.286100
vt 0.053400 0.278100
vt 0.773200 0.354700
vt 0.781700 0.355500
vt 0.775500 0.363300
vt 0.768800 0.367200
vt 0.060000 0.272100
vt 0.059400 0.278400
vt 0.759800 0.352300
vt 0.759200 0.343000
vt 0.862400 0.758000
vt 0.866200 0.758100
vt 0.846600 0.755100
vt 0.133600 0.109400
vt 0.142400 0.184700
vt 0.140600 0.193300
vt 0.129000 0.111600
vt 0.369600 0.561800
vt 0.906500 0.815900
vt 0.173400 0.573100
vt 0.149100 0.118400
vt 0.152900 0.117700
vt 0.155600 0.122900
vt 0.158400 0.128200
vt 0.188400 0.099000
vt 0.183400 0.095800
vt 0.178600 0.092600
vt 0.807400 0.749000
vt 0.828400 0.747100
vt 0.777700 0.411300
vt 0.776900 0.426600
vt 0.771400 0.423500
vt 0.773000 0.410500
vt 0.782500 0.411900
vt 0.782800 0.429500
vt 0.093000 0.286600
vt 0.087100 0.283300
vt 0.091700 0.276500
vt 0.100300 0.279800
vt 0.736700 0.803500
vt 0.747300 0.796400
vt 0.752300 0.806900
vt 0.741500 0.812800
vt 0.018100 0.290800
vt 0.023100 0.297400
vt 0.019900 0.298200
vt 0.013400 0.291100
vt 0.022700 0.290500
vt 0.026500 0.296900
vt 0.771000 0.541300
vt 0.952000 0.225900
vt 0.970300 0.233500
vt 0.708400 0.772600
vt 0.225300 0.794800
vt 0.887400 0.827700
vt 0.973100 0.266300
vt 0.958000 0.275700
vt 0.870400 0.340700
vt 0.873400 0.344300
vt 0.869700 0.347000
vt 0.867900 0.342900
vt 0.864400 0.347600
vt 0.864400 0.342600
vt 0.866100 0.337900
vt 0.935900 0.867400
vt 0.939400 0.867700
vt 0.582800 0.588700
vt 0.064800 0.279900
vt 0.066700 0.269700
vt 0.072800 0.271700
vt 0.071200 0.280000
vt 0.091600 0.381300
vt 0.106300 0.392700
vt 0.860200 0.334600
vt 0.966000 0.511600
vt 0.873200 0.092200
vt 0.864900 0.106400
vt 0.886400 0.102300
vt 0.877200 0.115800
vt 0.899700 0.112400
vt 0.888500 0.125600
vt 0.955700 0.343500
vt 0.961300 0.346000
vt 0.960100 0.349700
vt 0.955700 0.348400
vt 0.953700 0.347000
vt 0.782900 0.444700
vt 0.777600 0.458800
vt 0.771500 0.454800
vt 0.765800 0.797600
vt 0.732500 0.795800
vt 0.741500 0.788400
vt 0.640100 0.634100
vt 0.641500 0.637600
vt 0.648400 0.625900
vt 0.765900 0.706800
vt 0.767700 0.698600
vt 0.777800 0.698500
vt 0.781900 0.704300
vt 0.773700 0.683100
vt 0.459600 0.087400
vt 0.946200 0.286100
vt 0.933300 0.299900
vt 0.556000 0.421800
vt 0.540700 0.429900
vt 0.530600 0.415500
vt 0.922100 0.431000
vt 0.919700 0.425400
vt 0.923200 0.423400
vt 0.924500 0.425400
vt 0.925900 0.429800
vt 0.193700 0.243300
vt 0.203600 0.249800
vt 0.200900 0.254000
vt 0.196700 0.251800
vt 0.191300 0.247700
vt 0.771100 0.148100
vt 0.768900 0.120200
vt 0.821700 0.750300
vt 0.822100 0.754500
vt 0.616300 0.995100
vt 0.787400 0.314900
vt 0.786900 0.300200
vt 0.787400 0.283800
vt 0.804300 0.334800
vt 0.802600 0.324800
vt 0.719400 0.808500
vt 0.724200 0.802700
vt 0.720800 0.797400
vt 0.733500 0.817500
vt 0.728300 0.809400
vt 0.737700 0.775200
vt 0.079000 0.280800
vt 0.081500 0.273600
vt 0.076300 0.289900
vt 0.083100 0.292000
vt 0.074400 0.297000
vt 0.069200 0.289400
vt 0.068000 0.296400
vt 0.812800 0.425200
vt 0.819200 0.431600
vt 0.816900 0.433600
vt 0.813700 0.430200
vt 0.810600 0.426300
vt 0.048100 0.304300
vt 0.045300 0.305500
vt 0.043900 0.301200
vt 0.047100 0.299500
vt 0.049000 0.310700
vt 0.046700 0.311500
vt 0.041300 0.307400
vt 0.039300 0.303300
vt 0.043400 0.312900
vt 0.037500 0.300100
vt 0.035000 0.296300
vt 0.040800 0.295200
vt 0.042700 0.298200
vt 0.032200 0.292700
vt 0.039700 0.293100
vt 0.033100 0.301600
vt 0.035500 0.305200
vt 0.033400 0.306400
vt 0.030600 0.302600
vt 0.029700 0.296700
vt 0.026200 0.291600
vt 0.038100 0.309400
vt 0.040500 0.314600
vt 0.036300 0.310600
vt 0.038800 0.315700
vt 0.034300 0.311600
vt 0.037100 0.316500
vt 0.035900 0.316500
vt 0.032200 0.312400
vt 0.031100 0.307400
vt 0.028500 0.308300
vt 0.028000 0.303500
vt 0.025300 0.304500
vt 0.087800 0.294800
vt 0.077400 0.319500
vt 0.074400 0.318900
vt 0.075900 0.326000
vt 0.073600 0.326400
vt 0.069700 0.326700
vt 0.070100 0.335400
vt 0.074000 0.334500
vt 0.075600 0.343000
vt 0.071600 0.344500
vt 0.066300 0.336200
vt 0.065700 0.327000
vt 0.067600 0.345800
vt 0.062400 0.336800
vt 0.061700 0.327200
vt 0.058400 0.337200
vt 0.057600 0.327300
vt 0.054500 0.337500
vt 0.053800 0.327500
vt 0.053000 0.318100
vt 0.051700 0.337700
vt 0.049800 0.337900
vt 0.049000 0.328100
vt 0.050900 0.327800
vt 0.189000 0.240900
vt 0.189900 0.236700
vt 0.195200 0.239200
vt 0.205400 0.246900
vt 0.208000 0.249000
vt 0.206500 0.251600
vt 0.052300 0.348100
vt 0.049900 0.318700
vt 0.047900 0.319200
vt 0.047000 0.338100
vt 0.046200 0.328700
vt 0.045000 0.320100
vt 0.044200 0.338300
vt 0.042300 0.338400
vt 0.041800 0.329700
vt 0.043600 0.329300
vt 0.044300 0.348000
vt 0.042200 0.347900
vt 0.042400 0.321300
vt 0.040700 0.322100
vt 0.040400 0.338500
vt 0.038500 0.338500
vt 0.038700 0.329800
vt 0.040100 0.330000
vt 0.040100 0.347600
vt 0.038300 0.347200
vt 0.039000 0.322700
vt 0.037300 0.323200
vt 0.750100 0.167800
vt 0.755900 0.192800
vt 0.081500 0.350300
vt 0.078000 0.341800
vt 0.076900 0.333900
vt 0.090500 0.365000
vt 0.100100 0.373700
vt 0.096800 0.376700
vt 0.115400 0.384500
vt 0.111600 0.388000
vt 0.125900 0.394100
vt 0.122600 0.413800
vt 0.111600 0.405800
vt 0.853100 0.803400
vt 0.843900 0.792400
vt 0.851700 0.787900
vt 0.868400 0.804100
vt 0.118400 0.416900
vt 0.107000 0.409700
vt 0.092600 0.418000
vt 0.208100 0.027500
vt 0.210000 0.025700
vt 0.213500 0.028300
vt 0.699000 0.542600
vt 0.664800 0.520300
vt 0.652300 0.544200
vt 0.658200 0.532100
vt 0.660800 0.518500
vt 0.657000 0.511900
vt 0.659800 0.511300
vt 0.657800 0.517800
vt 0.663400 0.511500
vt 0.654200 0.530700
vt 0.644100 0.549000
vt 0.648500 0.541600
vt 0.965700 0.558800
vt 0.901200 0.397900
vt 0.904500 0.401600
vt 0.898600 0.406700
vt 0.890900 0.399400
vt 0.897200 0.394300
vt 0.934500 0.543900
vt 0.155200 0.567200
vt 0.158900 0.572200
vt 0.615900 0.915300
vt 0.625800 0.914500
vt 0.585900 0.915700
vt 0.596400 0.915500
vt 0.186800 0.043200
vt 0.187900 0.041900
vt 0.919300 0.533900
vt 0.916700 0.531700
vt 0.699100 0.570600
vt 0.707900 0.567800
vt 0.708800 0.572100
vt 0.692300 0.577400
vt 0.908700 0.499100
vt 0.944400 0.532200
vt 0.957300 0.531800
vt 0.960600 0.529000
vt 0.967800 0.531500
vt 0.952700 0.538000
vt 0.948700 0.544200
vt 0.943300 0.543800
vt 0.479300 0.620900
vt 0.630300 0.478800
vt 0.638500 0.480000
vt 0.635600 0.489000
vt 0.660400 0.501500
vt 0.656400 0.502800
vt 0.662100 0.506300
vt 0.658400 0.507000
vt 0.655300 0.507600
vt 0.653500 0.503300
vt 0.052000 0.023500
vt 0.873400 0.456900
vt 0.868900 0.460200
vt 0.867900 0.457200
vt 0.872100 0.454600
vt 0.577400 0.917100
vt 0.617500 0.141300
vt 0.701900 0.473100
vt 0.708700 0.478100
vt 0.705300 0.488100
vt 0.742200 0.506200
vt 0.611600 0.410200
vt 0.662400 0.255600
vt 0.714600 0.531600
vt 0.759300 0.496500
vt 0.766900 0.491700
vt 0.751500 0.489200
vt 0.758900 0.481600
vt 0.746300 0.496700
vt 0.742100 0.495300
vt 0.746900 0.487100
vt 0.741800 0.484800
vt 0.733000 0.481100
vt 0.720600 0.475100
vt 0.726000 0.466000
vt 0.738600 0.472100
vt 0.712000 0.469900
vt 0.716700 0.460900
vt 0.734300 0.450400
vt 0.746500 0.457300
vt 0.755500 0.462600
vt 0.747900 0.476300
vt 0.724800 0.446100
vt 0.707500 0.456100
vt 0.714200 0.441600
vt 0.704300 0.465300
vt 0.696300 0.460600
vt 0.687200 0.455800
vt 0.698300 0.451600
vt 0.688600 0.447400
vt 0.673800 0.450100
vt 0.674600 0.442400
vt 0.703300 0.437800
vt 0.325700 0.844400
vt 0.752500 0.283600
vt 0.729000 0.260000
vt 0.748400 0.258000
vt 0.769800 0.282800
vt 0.742900 0.233800
vt 0.823700 0.762400
vt 0.774300 0.169700
vt 0.746100 0.145800
vt 0.742600 0.117500
vt 0.741600 0.098000
vt 0.768700 0.101500
vt 0.769700 0.083000
vt 0.773000 0.064600
vt 0.266800 0.485800
vt 0.266000 0.483200
vt 0.264900 0.479800
vt 0.857000 0.120600
vt 0.868000 0.129700
vt 0.878000 0.139100
vt 0.878700 0.166700
vt 0.864600 0.180000
vt 0.565700 0.349300
vt 0.567100 0.334900
vt 0.587100 0.353900
vt 0.892100 0.183300
vt 0.878200 0.195900
vt 0.219000 0.397400
vt 0.961400 0.205600
vt 0.206700 0.028800
vt 0.918700 0.159500
vt 0.932000 0.148800
vt 0.903200 0.140400
vt 0.915400 0.128500
vt 0.905600 0.171000
vt 0.891400 0.153300
vt 0.777900 0.046300
vt 0.745100 0.058000
vt 0.749300 0.037900
vt 0.921200 0.656800
vt 0.918400 0.653900
vt 0.914400 0.650100
vt 0.916700 0.647800
vt 0.926400 0.657600
vt 0.924100 0.659600
vt 0.312700 0.764100
vt 0.900800 0.663000
vt 0.898300 0.664900
vt 0.895100 0.659100
vt 0.893600 0.655100
vt 0.896400 0.653800
vt 0.803400 0.524700
vt 0.802100 0.522000
vt 0.801400 0.517300
vt 0.804100 0.517300
vt 0.806000 0.521500
vt 0.453600 0.505400
vt 0.488400 0.496600
vt 0.531600 0.520200
vt 0.884600 0.834900
vt 0.883900 0.826200
vt 0.539300 0.508200
vt 0.607500 0.472700
vt 0.568400 0.524900
vt 0.559600 0.521700
vt 0.703500 0.543600
vt 0.706000 0.559200
vt 0.574600 0.549600
vt 0.562900 0.552000
vt 0.159900 0.333800
vt 0.605500 0.558300
vt 0.621500 0.561200
vt 0.633800 0.557000
vt 0.602600 0.563800
vt 0.167500 0.125900
vt 0.164900 0.123900
vt 0.161900 0.119900
vt 0.159000 0.115800
vt 0.573700 0.430900
vt 0.564200 0.418100
vt 0.426100 0.573900
vt 0.445000 0.641700
vt 0.635300 0.441200
vt 0.641100 0.440600
vt 0.498300 0.934900
vt 0.253900 0.371700
vt 0.262600 0.384200
vt 0.256600 0.388900
vt 0.905000 0.628200
vt 0.909100 0.627500
vt 0.721000 0.235000
vt 0.695200 0.213500
vt 0.712400 0.210700
vt 0.736200 0.209700
vt 0.687500 0.195100
vt 0.682600 0.182700
vt 0.677800 0.170000
vt 0.669900 0.145500
vt 0.691000 0.143600
vt 0.719100 0.144100
vt 0.686400 0.111700
vt 0.714800 0.115000
vt 0.686500 0.090300
vt 0.714300 0.094700
vt 0.742200 0.078100
vt 0.665300 0.086500
vt 0.666600 0.064700
vt 0.665200 0.109100
vt 0.255700 0.038000
vt 0.256200 0.059600
vt 0.235000 0.058500
vt 0.235500 0.036200
vt 0.235700 0.013700
vt 0.255500 0.016200
vt 0.275900 0.018200
vt 0.276300 0.039300
vt 0.297100 0.020200
vt 0.297400 0.040500
vt 0.658500 0.176000
vt 0.649200 0.157200
vt 0.629200 0.166800
vt 0.639700 0.184300
vt 0.621900 0.194700
vt 0.610000 0.178400
vt 0.586300 0.196800
vt 0.646500 0.196000
vt 0.653200 0.207700
vt 0.637300 0.216400
vt 0.629700 0.205500
vt 0.664300 0.188400
vt 0.670000 0.200700
vt 0.648600 0.233200
vt 0.323400 0.664100
vt 0.900900 0.631500
vt 0.899600 0.634400
vt 0.900100 0.635400
vt 0.899300 0.636400
vt 0.898700 0.634500
vt 0.899000 0.632900
vt 0.899700 0.631000
vt 0.608900 0.357400
vt 0.117300 0.225500
vt 0.113300 0.222400
vt 0.115600 0.218200
vt 0.119700 0.221200
vt 0.122800 0.223100
vt 0.121600 0.225600
vt 0.136700 0.263200
vt 0.148000 0.272600
vt 0.134800 0.266500
vt 0.628300 0.413100
vt 0.942100 0.630600
vt 0.946100 0.633300
vt 0.944100 0.635300
vt 0.939800 0.632900
vt 0.934700 0.628100
vt 0.936400 0.626000
vt 0.214000 0.566200
vt 0.326600 0.062600
vt 0.298500 0.061100
vt 0.277900 0.081500
vt 0.256600 0.081100
vt 0.277400 0.060400
vt 0.920500 0.794000
vt 0.436200 0.070900
vt 0.513000 0.346300
vt 0.515000 0.324300
vt 0.519100 0.036600
vt 0.520400 0.052200
vt 0.499500 0.052900
vt 0.498400 0.037000
vt 0.561000 0.223000
vt 0.483000 0.380800
vt 0.466600 0.391400
vt 0.522800 0.068300
vt 0.501300 0.069100
vt 0.479800 0.069900
vt 0.458100 0.070700
vt 0.527300 0.496100
vt 0.518000 0.506800
vt 0.498800 0.486500
vt 0.663400 0.225400
vt 0.679100 0.218900
vt 0.235100 0.080300
vt 0.485000 0.277100
vt 0.489300 0.274900
vt 0.767200 0.468900
vt 0.773000 0.471900
vt 0.454400 0.639300
vt 0.104100 0.427200
vt 0.101700 0.414500
vt 0.826700 0.479000
vt 0.834200 0.481000
vt 0.829500 0.480300
vt 0.693500 0.583000
vt 0.324200 0.493400
vt 0.323200 0.490100
vt 0.330300 0.490400
vt 0.332100 0.492100
vt 0.131300 0.595300
vt 0.678700 0.653300
vt 0.672300 0.659900
vt 0.685400 0.647100
vt 0.676100 0.662300
vt 0.688700 0.649600
vt 0.697400 0.642100
vt 0.694300 0.639600
vt 0.682300 0.655700
vt 0.689600 0.635400
vt 0.700000 0.628400
vt 0.694700 0.622200
vt 0.702400 0.617300
vt 0.706900 0.623200
vt 0.715800 0.614900
vt 0.711100 0.619200
vt 0.714200 0.622700
vt 0.719000 0.618200
vt 0.723300 0.608300
vt 0.726900 0.611500
vt 0.729600 0.613500
vt 0.721400 0.620500
vt 0.732400 0.615500
vt 0.723500 0.622700
vt 0.716500 0.625100
vt 0.718900 0.627400
vt 0.732100 0.600100
vt 0.741600 0.592400
vt 0.763600 0.432500
vt 0.066200 0.449800
vt 0.069300 0.451100
vt 0.068700 0.453300
vt 0.064300 0.454200
vt 0.059900 0.451800
vt 0.061800 0.447800
vt 0.717500 0.568300
vt 0.718600 0.572900
vt 0.709800 0.576800
vt 0.716400 0.563900
vt 0.715100 0.559600
vt 0.707100 0.563600
vt 0.713600 0.555500
vt 0.712000 0.537200
vt 0.013700 0.409600
vt 0.010000 0.420100
vt 0.131900 0.404300
vt 0.135300 0.400500
vt 0.759900 0.577000
vt 0.760400 0.582300
vt 0.778900 0.571400
vt 0.779800 0.578800
vt 0.785200 0.570400
vt 0.785300 0.578600
vt 0.854100 0.839300
vt 0.856600 0.833700
vt 0.844000 0.836000
vt 0.783000 0.563200
vt 0.761400 0.465800
vt 0.766800 0.420400
vt 0.777100 0.530000
vt 0.775700 0.540600
vt 0.821300 0.810100
vt 0.827000 0.806300
vt 0.832700 0.817200
vt 0.826300 0.821700
vt 0.834100 0.800800
vt 0.841100 0.811300
vt 0.839000 0.796400
vt 0.846900 0.807100
vt 0.837800 0.783900
vt 0.845600 0.779900
vt 0.036300 0.196900
vt 0.037400 0.187200
vt 0.896200 0.440900
vt 0.901100 0.443600
vt 0.904800 0.445900
vt 0.901500 0.450400
vt 0.892600 0.445600
vt 0.071200 0.194000
vt 0.073500 0.137800
vt 0.081200 0.138200
vt 0.088600 0.138000
vt 0.087600 0.162500
vt 0.082500 0.179800
vt 0.085200 0.179000
vt 0.088200 0.178300
vt 0.093500 0.161500
vt 0.101200 0.160600
vt 0.176700 0.098000
vt 0.180900 0.100900
vt 0.185200 0.103900
vt 0.119800 0.181900
vt 0.881400 0.767100
vt 0.876800 0.763200
vt 0.871500 0.760600
vt 0.888900 0.774400
vt 0.824600 0.465300
vt 0.819300 0.459300
vt 0.816900 0.452800
vt 0.822000 0.449500
vt 0.824600 0.456500
vt 0.828200 0.462500
vt 0.010700 0.192000
vt 0.292100 0.302000
vt 0.321900 0.276800
vt 0.333800 0.264300
vt 0.841900 0.765200
vt 0.829600 0.774800
vt 0.824600 0.770300
vt 0.827400 0.776200
vt 0.830300 0.782100
vt 0.833500 0.787900
vt 0.829000 0.792000
vt 0.684755 0.852681
vt 0.685461 0.849258
vt 0.687851 0.849940
vt 0.690104 0.851381
vt 0.689522 0.853858
vt 0.687633 0.856424
vt 0.882300 0.657100
vt 0.823100 0.797500
vt 0.820600 0.801900
vt 0.806600 0.788700
vt 0.798300 0.783400
vt 0.812100 0.792900
vt 0.681973 0.878089
vt 0.678390 0.872237
vt 0.686933 0.884879
vt 0.449100 0.635700
vt 0.058200 0.117400
vt 0.070200 0.119500
vt 0.075900 0.118900
vt 0.083600 0.118400
vt 0.090100 0.118500
vt 0.094800 0.119900
vt 0.094000 0.138200
vt 0.120100 0.282400
vt 0.122100 0.285300
vt 0.127600 0.293700
vt 0.047500 0.113900
vt 0.043000 0.132700
vt 0.629700 0.596700
vt 0.632300 0.592300
vt 0.638800 0.595500
vt 0.638300 0.602300
vt 0.643900 0.599500
vt 0.647500 0.603900
vt 0.650100 0.610600
vt 0.645500 0.611000
vt 0.650300 0.616800
vt 0.645700 0.616300
vt 0.649000 0.620500
vt 0.655800 0.609400
vt 0.652300 0.617400
vt 0.652100 0.610100
vt 0.650900 0.621800
vt 0.649200 0.602500
vt 0.652000 0.600200
vt 0.645400 0.597500
vt 0.918900 0.645700
vt 0.928500 0.655500
vt 0.525900 0.585600
vt 0.605500 0.572300
vt 0.578900 0.582900
vt 0.580700 0.585400
vt 0.607700 0.603600
vt 0.154200 0.214500
vt 0.159000 0.226800
vt 0.155600 0.219600
vt 0.624900 0.628400
vt 0.627500 0.629700
vt 0.630400 0.622900
vt 0.394600 0.370000
vt 0.396200 0.367700
vt 0.402100 0.373500
vt 0.400400 0.375000
vt 0.397900 0.373000
vt 0.180000 0.202000
vt 0.175400 0.200100
vt 0.177500 0.196700
vt 0.181900 0.198100
vt 0.187300 0.201000
vt 0.185700 0.204500
vt 0.616200 0.615100
vt 0.634900 0.623500
vt 0.631500 0.630800
vt 0.082500 0.185800
vt 0.084400 0.185200
vt 0.087900 0.184700
vt 0.899100 0.792500
vt 0.904800 0.797600
vt 0.898400 0.796900
vt 0.903100 0.801100
vt 0.901600 0.804200
vt 0.897400 0.800000
vt 0.898800 0.807700
vt 0.895200 0.803600
vt 0.905000 0.807900
vt 0.906500 0.804800
vt 0.910900 0.809200
vt 0.909400 0.812400
vt 0.902300 0.811400
vt 0.815900 0.483500
vt 0.809400 0.479600
vt 0.806100 0.482500
vt 0.801900 0.483900
vt 0.800200 0.478100
vt 0.803700 0.476900
vt 0.913200 0.805900
vt 0.946500 0.813900
vt 0.889400 0.809000
vt 0.891800 0.806200
vt 0.078500 0.192900
vt 0.079000 0.196500
vt 0.075200 0.193800
vt 0.779200 0.503600
vt 0.778500 0.514400
vt 0.336800 0.493300
vt 0.328300 0.499600
vt 0.035700 0.388600
vt 0.042300 0.389300
vt 0.816600 0.422600
vt 0.823000 0.428000
vt 0.047000 0.393400
vt 0.045700 0.407200
vt 0.047700 0.386900
vt 0.051400 0.392800
vt 0.056900 0.391900
vt 0.058000 0.405100
vt 0.051100 0.407300
vt 0.051700 0.386400
vt 0.056900 0.385400
vt 0.062800 0.391200
vt 0.062500 0.400300
vt 0.062000 0.408400
vt 0.057000 0.377800
vt 0.765500 0.402400
vt 0.762700 0.393400
vt 0.769600 0.408200
vt 0.716700 0.792600
vt 0.906000 0.666700
vt 0.715600 0.829700
vt 0.721700 0.833100
vt 0.858100 0.340700
vt 0.856200 0.346000
vt 0.698600 0.768700
vt 0.977200 0.535400
vt 0.042200 0.021000
vt 0.047300 0.023500
vt 0.497000 0.620800
vt 0.611100 0.521700
vt 0.810400 0.400900
vt 0.807800 0.403800
vt 0.896400 0.534700
vt 0.816300 0.797400
vt 0.775300 0.758400
vt 0.781400 0.776300
vt 0.787200 0.783300
vt 0.779300 0.792500
vt 0.790300 0.455400
vt 0.786000 0.465400
vt 0.696800 0.493700
vt 0.614500 0.502300
vt 0.781800 0.476600
vt 0.777800 0.487700
vt 0.836600 0.833000
vt 0.832200 0.828800
vt 0.780300 0.496100
vt 0.602900 0.533600
vt 0.605400 0.530700
vt 0.043900 0.293400
vt 0.045900 0.296500
vt 0.041900 0.290700
vt 0.762900 0.388400
vt 0.764100 0.379400
vt 0.378700 0.763700
vt 0.374300 0.770400
vt 0.498000 0.839200
vt 0.737900 0.409700
vt 0.195000 0.313700
vt 0.196900 0.317000
vt 0.193800 0.317600
vt 0.192300 0.314100
vt 0.170300 0.170100
vt 0.172600 0.168500
vt 0.175700 0.171800
vt 0.177700 0.174300
vt 0.176100 0.176000
vt 0.155200 0.112400
vt 0.154700 0.110600
vt 0.157600 0.112800
vt 0.178400 0.115300
vt 0.182800 0.113400
vt 0.178700 0.119600
vt 0.175700 0.117900
vt 0.172200 0.100100
vt 0.172400 0.095700
vt 0.174700 0.093900
vt 0.172000 0.091200
vt 0.174300 0.090900
vt 0.167100 0.098600
vt 0.168500 0.101300
vt 0.164900 0.103700
vt 0.163100 0.101300
vt 0.167400 0.106500
vt 0.846800 0.442700
vt 0.848000 0.452100
vt 0.175800 0.122400
vt 0.172700 0.125700
vt 0.188500 0.107400
vt 0.177500 0.095900
vt 0.182100 0.098700
vt 0.147000 0.113600
vt 0.146400 0.111800
vt 0.151100 0.110500
vt 0.151600 0.112400
vt 0.173900 0.087300
vt 0.172100 0.086900
vt 0.159200 0.105200
vt 0.161800 0.106700
vt 0.160200 0.109500
vt 0.157300 0.108800
vt 0.159300 0.112100
vt 0.190400 0.104900
vt 0.186900 0.101500
vt 0.156700 0.116900
vt 0.159200 0.121600
vt 0.170100 0.128100
vt 0.162500 0.131500
vt 0.194100 0.100400
vt 0.197400 0.104800
vt 0.195800 0.106500
vt 0.192000 0.102800
vt 0.161700 0.126300
vt 0.165400 0.129500
vt 0.170600 0.132300
vt 0.168700 0.133500
vt 0.166600 0.135300
vt 0.164600 0.137600
vt 0.160300 0.134100
vt 0.200600 0.303600
vt 0.199600 0.305800
vt 0.197800 0.306100
vt 0.197800 0.307800
vt 0.194600 0.309200
vt 0.194400 0.310400
vt 0.192400 0.310400
vt 0.191300 0.306100
vt 0.194800 0.304900
vt 0.195300 0.302400
vt 0.201900 0.300900
vt 0.201900 0.303800
vt 0.198500 0.309200
vt 0.196400 0.310200
vt 0.198800 0.299500
vt 0.200200 0.298900
vt 0.192100 0.303000
vt 0.193200 0.300900
vt 0.199200 0.307200
vt 0.201100 0.306300
vt 0.200100 0.307900
vt 0.802300 0.402000
vt 0.801300 0.401900
vt 0.801200 0.400600
vt 0.204100 0.300300
vt 0.202900 0.304000
vt 0.200800 0.297700
vt 0.802000 0.410900
vt 0.803400 0.412100
vt 0.801800 0.414100
vt 0.800400 0.412700
vt 0.805600 0.409100
vt 0.808900 0.407600
vt 0.811200 0.410700
vt 0.808200 0.412400
vt 0.811700 0.406600
vt 0.814100 0.409400
vt 0.814000 0.405300
vt 0.816400 0.407700
vt 0.820300 0.410900
vt 0.818300 0.413100
vt 0.818400 0.405500
vt 0.822200 0.408600
vt 0.820000 0.402900
vt 0.823900 0.406100
vt 0.196400 0.329800
vt 0.201200 0.336900
vt 0.197600 0.338800
vt 0.192600 0.331400
vt 0.228100 0.299600
vt 0.231500 0.303200
vt 0.234900 0.307000
vt 0.233400 0.308800
vt 0.229400 0.305600
vt 0.225700 0.302300
vt 0.846200 0.396600
vt 0.842600 0.393100
vt 0.838900 0.389900
vt 0.195400 0.340300
vt 0.192500 0.336600
vt 0.189500 0.332700
vt 0.831500 0.393000
vt 0.832700 0.389600
vt 0.821900 0.397000
vt 0.823900 0.393700
vt 0.821200 0.400000
vt 0.825600 0.403500
vt 0.817200 0.400800
vt 0.818000 0.398200
vt 0.815700 0.403300
vt 0.812800 0.404000
vt 0.814400 0.402200
vt 0.811000 0.405100
vt 0.796100 0.415300
vt 0.798000 0.414600
vt 0.798500 0.416500
vt 0.796400 0.417400
vt 0.799400 0.413700
vt 0.800300 0.415500
vt 0.804000 0.416900
vt 0.802200 0.418500
vt 0.806000 0.414900
vt 0.813100 0.417800
vt 0.809600 0.419800
vt 0.816200 0.415200
vt 0.217100 0.327000
vt 0.214100 0.323700
vt 0.211200 0.320300
vt 0.214600 0.329100
vt 0.211900 0.330900
vt 0.206500 0.323700
vt 0.208900 0.322000
vt 0.211700 0.325400
vt 0.223200 0.306300
vt 0.227100 0.309500
vt 0.230400 0.312600
vt 0.814900 0.435200
vt 0.811800 0.431300
vt 0.808800 0.427400
vt 0.802600 0.424200
vt 0.804800 0.422500
vt 0.800100 0.426100
vt 0.833800 0.386600
vt 0.828100 0.387600
vt 0.828900 0.384600
vt 0.826300 0.390700
vt 0.821200 0.392100
vt 0.823300 0.389200
vt 0.818300 0.395500
vt 0.816200 0.397500
vt 0.815500 0.400000
vt 0.190200 0.306100
vt 0.190600 0.302400
vt 0.191600 0.312000
vt 0.819700 0.391000
vt 0.804200 0.395100
vt 0.821700 0.388100
vt 0.822600 0.385800
vt 0.824500 0.386400
vt 0.825000 0.383900
vt 0.823000 0.383700
vt 0.800100 0.420000
vt 0.797500 0.421300
vt 0.807000 0.421100
vt 0.826600 0.424900
vt 0.802700 0.396900
vt 0.808800 0.509100
vt 0.807400 0.509400
vt 0.806500 0.507800
vt 0.808900 0.506900
vt 0.814800 0.548800
vt 0.813200 0.539600
vt 0.818700 0.546000
vt 0.805000 0.525800
vt 0.805800 0.528300
vt 0.803800 0.554700
vt 0.805900 0.555000
vt 0.819900 0.535300
vt 0.826500 0.538700
vt 0.823300 0.542900
vt 0.802800 0.542100
vt 0.799800 0.545400
vt 0.794600 0.538900
vt 0.798900 0.535600
vt 0.790900 0.545400
vt 0.798500 0.549600
vt 0.791100 0.549400
vt 0.836100 0.522700
vt 0.828100 0.521700
vt 0.840400 0.519600
vt 0.839700 0.515100
vt 0.802600 0.473600
vt 0.799200 0.475300
vt 0.797900 0.472900
vt 0.800200 0.470500
vt 0.813800 0.529700
vt 0.816600 0.537800
vt 0.810900 0.531500
vt 0.808200 0.532700
vt 0.799800 0.527600
vt 0.796900 0.532200
vt 0.795900 0.530500
vt 0.792600 0.534500
vt 0.791600 0.532300
vt 0.802800 0.512400
vt 0.804700 0.509300
vt 0.876100 0.381900
vt 0.880300 0.381100
vt 0.885600 0.386000
vt 0.879600 0.392700
vt 0.808100 0.524100
vt 0.810800 0.521900
vt 0.813100 0.523800
vt 0.810000 0.526000
vt 0.813300 0.519400
vt 0.815900 0.520900
vt 0.815600 0.516400
vt 0.817800 0.517100
vt 0.815100 0.512400
vt 0.818700 0.511200
vt 0.813100 0.509900
vt 0.814800 0.507800
vt 0.811600 0.506700
vt 0.810900 0.509000
vt 0.822800 0.504600
vt 0.822800 0.501900
vt 0.825500 0.502400
vt 0.825400 0.505600
vt 0.822800 0.499300
vt 0.825400 0.499300
vt 0.785800 0.533400
vt 0.788200 0.533200
vt 0.788600 0.535500
vt 0.785400 0.535900
vt 0.789600 0.540700
vt 0.786300 0.550400
vt 0.835600 0.453400
vt 0.835300 0.446600
vt 0.842700 0.457700
vt 0.838300 0.460200
vt 0.818600 0.511600
vt 0.822100 0.507700
vt 0.821400 0.518900
vt 0.840000 0.500900
vt 0.844200 0.501500
vt 0.843500 0.505000
vt 0.791300 0.553200
vt 0.787600 0.554400
vt 0.792200 0.557100
vt 0.789400 0.558000
vt 0.797600 0.553100
vt 0.797500 0.556600
vt 0.802900 0.557000
vt 0.847300 0.505800
vt 0.846500 0.508900
vt 0.843300 0.508200
vt 0.846600 0.512100
vt 0.843000 0.511400
vt 0.839700 0.510500
vt 0.842800 0.514400
vt 0.848100 0.502800
vt 0.101000 0.216600
vt 0.101900 0.214200
vt 0.105300 0.216000
vt 0.103500 0.218600
vt 0.098900 0.214700
vt 0.087300 0.232400
vt 0.085400 0.228000
vt 0.089900 0.230400
vt 0.106700 0.213500
vt 0.103000 0.211700
vt 0.107600 0.210800
vt 0.095100 0.223100
vt 0.097400 0.219500
vt 0.096000 0.226800
vt 0.092500 0.228100
vt 0.091800 0.222800
vt 0.098800 0.230500
vt 0.095800 0.232900
vt 0.102400 0.234200
vt 0.107200 0.221800
vt 0.109400 0.219100
vt 0.098400 0.212700
vt 0.094700 0.217900
vt 0.092000 0.216800
vt 0.088800 0.223000
vt 0.092900 0.235300
vt 0.099600 0.236700
vt 0.096500 0.239500
vt 0.105800 0.237900
vt 0.103200 0.240200
vt 0.108400 0.235300
vt 0.111000 0.232500
vt 0.111000 0.225400
vt 0.114600 0.229100
vt 0.111200 0.215400
vt 0.112100 0.211500
vt 0.117400 0.214400
vt 0.112800 0.208600
vt 0.118600 0.212100
vt 0.106600 0.207700
vt 0.106000 0.204700
vt 0.113300 0.206300
vt 0.101700 0.209100
vt 0.100700 0.205300
vt 0.081600 0.233300
vt 0.079700 0.228700
vt 0.084100 0.240100
vt 0.089100 0.237600
vt 0.092500 0.242400
vt 0.088300 0.245500
vt 0.100200 0.242700
vt 0.105500 0.242700
vt 0.102900 0.245000
vt 0.107900 0.240400
vt 0.110400 0.237800
vt 0.113000 0.235500
vt 0.115600 0.233500
vt 0.219300 0.506300
vt 0.222300 0.510300
vt 0.218100 0.512600
vt 0.215000 0.508600
vt 0.214900 0.504400
vt 0.217400 0.503100
vt 0.121500 0.217700
vt 0.122700 0.215900
vt 0.119700 0.210300
vt 0.124200 0.214500
vt 0.092900 0.248900
vt 0.096300 0.245800
vt 0.099300 0.248200
vt 0.124500 0.220400
vt 0.125600 0.219000
vt 0.126800 0.217900
vt 0.096500 0.251100
vt 0.493100 0.995200
vt 0.904600 0.627300
vt 0.906900 0.626100
vt 0.909600 0.626000
vt 0.915300 0.670000
vt 0.910700 0.668400
vt 0.920700 0.643500
vt 0.930700 0.653100
vt 0.922900 0.641200
vt 0.917100 0.639000
vt 0.919200 0.636300
vt 0.925300 0.638900
vt 0.921000 0.633600
vt 0.923300 0.631300
vt 0.928100 0.636400
vt 0.917800 0.630400
vt 0.920400 0.628400
vt 0.923700 0.626500
vt 0.926700 0.629200
vt 0.925800 0.624100
vt 0.928900 0.626700
vt 0.922400 0.625200
vt 0.924400 0.623000
vt 0.926800 0.621500
vt 0.925400 0.620500
vt 0.904200 0.626300
vt 0.906800 0.625000
vt 0.926300 0.617900
vt 0.927600 0.618700
vt 0.901800 0.628300
vt 0.902400 0.629200
vt 0.904900 0.641600
vt 0.901300 0.638500
vt 0.902000 0.637400
vt 0.908100 0.639000
vt 0.910700 0.636600
vt 0.912800 0.633900
vt 0.124100 0.284000
vt 0.130800 0.291800
vt 0.914500 0.631400
vt 0.916200 0.632800
vt 0.914200 0.635400
vt 0.915900 0.628800
vt 0.914100 0.628900
vt 0.919300 0.627000
vt 0.913000 0.626400
vt 0.911900 0.627300
vt 0.394500 0.377700
vt 0.391100 0.374600
vt 0.387000 0.369800
vt 0.385000 0.366600
vt 0.386400 0.365800
vt 0.388700 0.368200
vt 0.392800 0.372400
vt 0.396400 0.375300
vt 0.914900 0.641500
vt 0.912000 0.638100
vt 0.912200 0.643900
vt 0.909200 0.646000
vt 0.911700 0.653200
vt 0.101500 0.121400
vt 0.906600 0.648800
vt 0.906300 0.643200
vt 0.903600 0.646800
vt 0.909400 0.640900
vt 0.902100 0.645400
vt 0.902000 0.649600
vt 0.900400 0.648100
vt 0.904000 0.669200
vt 0.908800 0.671200
vt 0.948800 0.637000
vt 0.946400 0.638300
vt 0.913500 0.672300
vt 0.930100 0.624000
vt 0.931100 0.621300
vt 0.893200 0.653500
vt 0.896000 0.652200
vt 0.897600 0.651000
vt 0.899000 0.649900
vt 0.867100 0.393700
vt 0.868200 0.386800
vt 0.870600 0.389800
vt 0.886800 0.423800
vt 0.914900 0.385300
vt 0.916400 0.380800
vt 0.921300 0.385300
vt 0.916600 0.388200
vt 0.907300 0.384600
vt 0.909900 0.377700
vt 0.911600 0.390000
vt 0.907900 0.391800
vt 0.903900 0.388200
vt 0.924200 0.389400
vt 0.918700 0.391200
vt 0.892700 0.389500
vt 0.886000 0.394700
vt 0.878700 0.401700
vt 0.875800 0.435800
vt 0.872000 0.432400
vt 0.867400 0.426800
vt 0.863700 0.421200
vt 0.860900 0.415500
vt 0.867200 0.411300
vt 0.872300 0.407000
vt 0.900300 0.380500
vt 0.903900 0.374700
vt 0.898300 0.384200
vt 0.911100 0.395100
vt 0.914300 0.393300
vt 0.178000 0.572200
vt 0.180100 0.570100
vt 0.175200 0.571500
vt 0.181400 0.571700
vt 0.871000 0.398700
vt 0.930200 0.350000
vt 0.933000 0.348500
vt 0.934000 0.351400
vt 0.936400 0.354700
vt 0.933400 0.357900
vt 0.930900 0.354200
vt 0.186100 0.570600
vt 0.187800 0.567600
vt 0.186400 0.567600
vt 0.185000 0.569400
vt 0.183400 0.567100
vt 0.811800 0.515800
vt 0.184000 0.557300
vt 0.186500 0.561200
vt 0.180200 0.552300
vt 0.163800 0.558900
vt 0.168100 0.563200
vt 0.188100 0.563900
vt 0.189200 0.567100
vt 0.171800 0.567600
vt 0.167700 0.555900
vt 0.170800 0.553200
vt 0.172800 0.551000
vt 0.178000 0.574600
vt 0.182100 0.573600
vt 0.609000 0.605900
vt 0.613300 0.611500
vt 0.174500 0.549100
vt 0.176000 0.547600
vt 0.287300 0.489500
vt 0.270400 0.500100
vt 0.321500 0.477300
vt 0.320900 0.481400
vt 0.319000 0.478700
vt 0.314600 0.488300
vt 0.319200 0.489200
vt 0.319100 0.492500
vt 0.316400 0.491000
vt 0.578300 0.534400
vt 0.339300 0.477100
vt 0.345000 0.480700
vt 0.341100 0.481900
vt 0.339400 0.480900
vt 0.865200 0.493800
vt 0.866100 0.491000
vt 0.869100 0.493200
vt 0.868100 0.495800
vt 0.866800 0.500100
vt 0.862700 0.497100
vt 0.322800 0.507800
vt 0.319900 0.500400
vt 0.333400 0.504700
vt 0.318700 0.508300
vt 0.315900 0.499800
vt 0.316100 0.508500
vt 0.313100 0.499500
vt 0.316300 0.482400
vt 0.341200 0.460900
vt 0.353200 0.461100
vt 0.353400 0.463600
vt 0.342900 0.463200
vt 0.353900 0.467800
vt 0.344400 0.467200
vt 0.334600 0.467000
vt 0.331400 0.464700
vt 0.337900 0.471900
vt 0.334700 0.476700
vt 0.331100 0.473000
vt 0.336400 0.480200
vt 0.333100 0.480700
vt 0.331200 0.479200
vt 0.327800 0.477800
vt 0.332000 0.483000
vt 0.324100 0.477000
vt 0.326500 0.470900
vt 0.323100 0.470500
vt 0.319700 0.485500
vt 0.346200 0.489000
vt 0.344000 0.487800
vt 0.343700 0.484200
vt 0.941300 0.353500
vt 0.939500 0.350900
vt 0.942700 0.350500
vt 0.936100 0.362300
vt 0.935300 0.360000
vt 0.936100 0.358700
vt 0.939300 0.361200
vt 0.934900 0.345900
vt 0.938300 0.347800
vt 0.957500 0.342400
vt 0.961300 0.342300
vt 0.927700 0.374500
vt 0.907200 0.430100
vt 0.908200 0.426000
vt 0.914000 0.428800
vt 0.959100 0.337800
vt 0.966000 0.346200
vt 0.965700 0.349700
vt 0.965400 0.352700
vt 0.958700 0.354800
vt 0.939700 0.375000
vt 0.935500 0.377700
vt 0.932900 0.370300
vt 0.938300 0.369800
vt 0.932600 0.378500
vt 0.929500 0.372200
vt 0.926600 0.368400
vt 0.929800 0.365600
vt 0.924600 0.370000
vt 0.953300 0.333600
vt 0.956300 0.332000
vt 0.955000 0.338800
vt 0.952700 0.339600
vt 0.951000 0.344900
vt 0.953900 0.353300
vt 0.951300 0.351400
vt 0.952300 0.357300
vt 0.949800 0.355500
vt 0.956100 0.359800
vt 0.950300 0.360500
vt 0.948100 0.358600
vt 0.953600 0.363800
vt 0.947200 0.364000
vt 0.945100 0.361900
vt 0.950500 0.367700
vt 0.944200 0.366600
vt 0.942200 0.364400
vt 0.947300 0.370800
vt 0.941100 0.368600
vt 0.939100 0.365900
vt 0.943500 0.373100
vt 0.936400 0.366900
vt 0.933600 0.362900
vt 0.927800 0.363500
vt 0.924100 0.366300
vt 0.928300 0.351000
vt 0.929300 0.355700
vt 0.928300 0.348300
vt 0.930400 0.347600
vt 0.921900 0.368000
vt 0.948200 0.337100
vt 0.951400 0.334900
vt 0.949100 0.341900
vt 0.948400 0.349200
vt 0.944900 0.346600
vt 0.946800 0.352900
vt 0.945000 0.356100
vt 0.942200 0.359200
vt 0.932500 0.360100
vt 0.926100 0.399900
vt 0.930300 0.400600
vt 0.934100 0.403200
vt 0.930800 0.406100
vt 0.927500 0.403800
vt 0.924600 0.402700
vt 0.937400 0.343800
vt 0.938800 0.356500
vt 0.335000 0.446500
vt 0.331600 0.448200
vt 0.330000 0.445100
vt 0.334600 0.442100
vt 0.330100 0.449200
vt 0.326300 0.447200
vt 0.330800 0.450900
vt 0.328100 0.451200
vt 0.350500 0.411200
vt 0.347800 0.405900
vt 0.354000 0.408700
vt 0.333600 0.423700
vt 0.331400 0.426500
vt 0.329000 0.422500
vt 0.333800 0.420600
vt 0.324100 0.427800
vt 0.326600 0.430700
vt 0.321800 0.433400
vt 0.320500 0.426000
vt 0.348300 0.428500
vt 0.344300 0.431200
vt 0.339100 0.427100
vt 0.340100 0.424500
vt 0.341200 0.435500
vt 0.336600 0.431100
vt 0.331400 0.435900
vt 0.326200 0.439100
vt 0.322200 0.441400
vt 0.359900 0.419900
vt 0.355500 0.416500
vt 0.358000 0.413800
vt 0.361600 0.417500
vt 0.353200 0.419500
vt 0.346700 0.414000
vt 0.350300 0.424700
vt 0.342300 0.420100
vt 0.334300 0.413900
vt 0.326700 0.417700
vt 0.317400 0.437000
vt 0.307100 0.443400
vt 0.307600 0.438100
vt 0.303500 0.441500
vt 0.342000 0.408300
vt 0.323100 0.410100
vt 0.320700 0.415000
vt 0.317900 0.421700
vt 0.314000 0.434200
vt 0.048000 0.441300
vt 0.043000 0.440100
vt 0.047500 0.438500
vt 0.046200 0.457100
vt 0.049700 0.462300
vt 0.044900 0.464400
vt 0.042400 0.458700
vt 0.041400 0.465900
vt 0.047000 0.468500
vt 0.043800 0.469900
vt 0.038000 0.468000
vt 0.040700 0.471800
vt 0.045100 0.473200
vt 0.042700 0.474600
vt 0.071300 0.440500
vt 0.073800 0.443200
vt 0.072200 0.445600
vt 0.069300 0.443400
vt 0.046800 0.472700
vt 0.052400 0.466100
vt 0.049100 0.455400
vt 0.053700 0.459800
vt 0.045000 0.450200
vt 0.046000 0.452100
vt 0.043500 0.453500
vt 0.040500 0.454100
vt 0.034700 0.461700
vt 0.038500 0.460600
vt 0.070300 0.449000
vt 0.067400 0.447100
vt 0.056900 0.463000
vt 0.057000 0.456400
vt 0.060800 0.459100
vt 0.051500 0.452900
vt 0.054600 0.449200
vt 0.047200 0.451100
vt 0.046300 0.445400
vt 0.050400 0.447300
vt 0.041200 0.449200
vt 0.040200 0.445500
vt 0.037100 0.456100
vt 0.033500 0.457200
vt 0.033500 0.454500
vt 0.174600 0.228300
vt 0.172500 0.228900
vt 0.171100 0.225800
vt 0.169100 0.221400
vt 0.173200 0.219500
vt 0.175500 0.223900
vt 0.056200 0.445300
vt 0.052300 0.444100
vt 0.047400 0.443100
vt 0.052200 0.436200
vt 0.052300 0.432900
vt 0.384900 0.364000
vt 0.384100 0.361700
vt 0.386600 0.361800
vt 0.386800 0.364300
vt 0.384700 0.364900
vt 0.375600 0.370000
vt 0.372700 0.375000
vt 0.369000 0.373400
vt 0.371400 0.369600
vt 0.029700 0.195400
vt 0.371600 0.391700
vt 0.372600 0.394300
vt 0.369700 0.386500
vt 0.374100 0.385300
vt 0.392100 0.360500
vt 0.391100 0.363800
vt 0.386200 0.358300
vt 0.390200 0.366200
vt 0.383700 0.357800
vt 0.381200 0.364800
vt 0.381400 0.366100
vt 0.374300 0.369200
vt 0.382300 0.367900
vt 0.384600 0.371600
vt 0.401900 0.369000
vt 0.403700 0.371300
vt 0.398100 0.365000
vt 0.373800 0.396600
vt 0.268200 0.262700
vt 0.265600 0.266100
vt 0.261000 0.261500
vt 0.257700 0.258300
vt 0.259100 0.256200
vt 0.262900 0.258700
vt 0.372400 0.379300
vt 0.375900 0.379500
vt 0.368100 0.379100
vt 0.374800 0.375400
vt 0.377700 0.371200
vt 0.381200 0.374400
vt 0.388800 0.376600
vt 0.385200 0.379600
vt 0.399000 0.377000
vt 0.403800 0.375200
vt 0.402800 0.376700
vt 0.405300 0.373500
vt 0.401300 0.378700
vt 0.397100 0.379500
vt 0.394400 0.382100
vt 0.392200 0.380000
vt 0.390000 0.385700
vt 0.388000 0.383300
vt 0.378100 0.377600
vt 0.178700 0.255500
vt 0.176500 0.257800
vt 0.176300 0.254800
vt 0.165500 0.257400
vt 0.172500 0.255200
vt 0.170500 0.258000
vt 0.166100 0.259000
vt 0.186500 0.240000
vt 0.186700 0.235500
vt 0.197900 0.257700
vt 0.194200 0.254900
vt 0.200700 0.259700
vt 0.203600 0.255800
vt 0.196800 0.264200
vt 0.194200 0.261700
vt 0.167400 0.261500
vt 0.171900 0.260300
vt 0.174400 0.259200
vt 0.176900 0.263000
vt 0.176100 0.247900
vt 0.178900 0.249300
vt 0.184100 0.243000
vt 0.183100 0.244800
vt 0.185200 0.235000
vt 0.184900 0.240000
vt 0.185400 0.246900
vt 0.182000 0.251100
vt 0.189000 0.250300
vt 0.185700 0.254000
vt 0.182300 0.258200
vt 0.190900 0.258600
vt 0.187500 0.262400
vt 0.184300 0.265800
vt 0.179700 0.261100
vt 0.190800 0.265400
vt 0.187400 0.269200
vt 0.183900 0.272300
vt 0.180900 0.268300
vt 0.189600 0.271600
vt 0.185900 0.274700
vt 0.264100 0.256300
vt 0.266400 0.251900
vt 0.276100 0.259500
vt 0.273600 0.263400
vt 0.269600 0.260300
vt 0.183200 0.276500
vt 0.179800 0.278500
vt 0.193200 0.268100
vt 0.187500 0.244500
vt 0.122000 0.278400
vt 0.122300 0.276600
vt 0.125000 0.278000
vt 0.123100 0.280100
vt 0.130800 0.298800
vt 0.135000 0.293700
vt 0.134600 0.295700
vt 0.131700 0.267600
vt 0.130200 0.268100
vt 0.136300 0.291900
vt 0.133300 0.289600
vt 0.128900 0.285700
vt 0.125600 0.282700
vt 0.179000 0.088500
vt 0.128900 0.296800
vt 0.127600 0.280600
vt 0.121700 0.281100
vt 0.148800 0.275700
vt 0.131500 0.271600
vt 0.129500 0.272900
vt 0.129900 0.278200
vt 0.126700 0.275200
vt 0.124000 0.273100
vt 0.122600 0.272100
vt 0.120700 0.276100
vt 0.126300 0.269200
vt 0.127200 0.270700
vt 0.131500 0.264800
vt 0.132300 0.265100
vt 0.134400 0.261400
vt 0.113300 0.281600
vt 0.116800 0.280800
vt 0.113000 0.280700
vt 0.116800 0.279900
vt 0.133600 0.260900
vt 0.120500 0.278500
vt 0.118800 0.280800
vt 0.119000 0.279900
vt 0.129600 0.269900
vt 0.146200 0.282800
vt 0.148200 0.282400
vt 0.198900 0.298000
vt 0.198800 0.297000
vt 0.933200 0.650600
vt 0.207800 0.297700
vt 0.209500 0.296200
vt 0.210900 0.297500
vt 0.208900 0.299100
vt 0.205900 0.301400
vt 0.204500 0.304600
vt 0.209200 0.304000
vt 0.207600 0.306900
vt 0.206300 0.309800
vt 0.203500 0.307400
vt 0.204500 0.312100
vt 0.202100 0.309700
vt 0.207800 0.316000
vt 0.205500 0.317900
vt 0.202300 0.314100
vt 0.199700 0.315700
vt 0.202900 0.319600
vt 0.836900 0.412300
vt 0.193500 0.341900
vt 0.189900 0.338300
vt 0.186800 0.334600
vt 0.186500 0.328400
vt 0.189900 0.327200
vt 0.193600 0.325200
vt 0.190600 0.319600
vt 0.197700 0.312900
vt 0.200100 0.311500
vt 0.199100 0.310100
vt 0.200900 0.308600
vt 0.202000 0.306700
vt 0.801700 0.398900
vt 0.212200 0.291800
vt 0.214300 0.292100
vt 0.213300 0.294200
vt 0.211400 0.293700
vt 0.212300 0.296000
vt 0.210500 0.295100
vt 0.215300 0.297900
vt 0.213800 0.299700
vt 0.211700 0.301700
vt 0.216600 0.305300
vt 0.214700 0.308900
vt 0.228200 0.307600
vt 0.232100 0.310600
vt 0.224200 0.304500
vt 0.219300 0.300500
vt 0.221000 0.298300
vt 0.223000 0.295800
vt 0.183400 0.329500
vt 0.181500 0.324600
vt 0.184500 0.323800
vt 0.187600 0.322100
vt 0.186000 0.319000
vt 0.188900 0.316900
vt 0.194300 0.311900
vt 0.196800 0.311200
vt 0.187900 0.315400
vt 0.192000 0.300000
vt 0.185000 0.317400
vt 0.183300 0.320300
vt 0.182700 0.318400
vt 0.180700 0.320700
vt 0.180600 0.318700
vt 0.218100 0.293200
vt 0.216800 0.295800
vt 0.217900 0.302700
vt 0.979000 0.575900
vt 0.844600 0.473500
vt 0.843700 0.475900
vt 0.249700 0.490700
vt 0.254500 0.494000
vt 0.259700 0.495400
vt 0.802700 0.467600
vt 0.805500 0.463700
vt 0.811900 0.469200
vt 0.825700 0.477400
vt 0.823200 0.476600
vt 0.796800 0.478600
vt 0.796500 0.476500
vt 0.816200 0.462500
vt 0.808600 0.459100
vt 0.812800 0.455900
vt 0.812600 0.487800
vt 0.806100 0.491400
vt 0.802100 0.491300
vt 0.828800 0.446300
vt 0.829800 0.454300
vt 0.831900 0.442000
vt 0.836400 0.442700
vt 0.611300 0.504300
vt 0.821800 0.468600
vt 0.820000 0.471500
vt 0.813700 0.465800
vt 0.818800 0.474200
vt 0.823900 0.482500
vt 0.821000 0.486500
vt 0.819300 0.485500
vt 0.819200 0.490800
vt 0.817000 0.489800
vt 0.842200 0.477700
vt 0.839100 0.479600
vt 0.825500 0.472400
vt 0.827700 0.469300
vt 0.830600 0.466500
vt 0.834400 0.464600
vt 0.840300 0.463700
vt 0.843700 0.467600
vt 0.844800 0.470800
vt 0.846900 0.459600
vt 0.845900 0.457000
vt 0.849100 0.456800
vt 0.849600 0.459600
vt 0.852200 0.457000
vt 0.852200 0.459600
vt 0.818100 0.496600
vt 0.815600 0.497000
vt 0.816000 0.493800
vt 0.818300 0.494200
vt 0.810800 0.492800
vt 0.801100 0.496100
vt 0.843800 0.460300
vt 0.839900 0.463800
vt 0.832600 0.460900
vt 0.353000 0.477800
vt 0.850600 0.442400
vt 0.846500 0.438900
vt 0.850000 0.438200
vt 0.797100 0.494800
vt 0.798300 0.491100
vt 0.909800 0.624900
vt 0.793500 0.493000
vt 0.794400 0.490200
vt 0.794900 0.484900
vt 0.798400 0.484800
vt 0.794500 0.479500
vt 0.845700 0.435100
vt 0.843300 0.439100
vt 0.842600 0.435900
vt 0.840100 0.439300
vt 0.839400 0.435800
vt 0.837100 0.439600
vt 0.848700 0.434300
vt 0.223900 0.525000
vt 0.221900 0.522500
vt 0.224500 0.520700
vt 0.226300 0.524100
vt 0.225800 0.527000
vt 0.208100 0.538700
vt 0.210100 0.536100
vt 0.212500 0.540600
vt 0.227000 0.519200
vt 0.229700 0.518400
vt 0.228800 0.522900
vt 0.221000 0.528600
vt 0.217400 0.530900
vt 0.213700 0.529900
vt 0.217700 0.534100
vt 0.212400 0.533500
vt 0.207600 0.530100
vt 0.210000 0.527100
vt 0.206300 0.523500
vt 0.218700 0.518800
vt 0.221400 0.516600
vt 0.227800 0.527600
vt 0.223700 0.533900
vt 0.222600 0.531300
vt 0.217500 0.537200
vt 0.205200 0.533000
vt 0.201000 0.529500
vt 0.203800 0.526300
vt 0.200300 0.522700
vt 0.202600 0.520100
vt 0.205200 0.517600
vt 0.208000 0.515000
vt 0.211400 0.511400
vt 0.215100 0.514900
vt 0.225100 0.514800
vt 0.226100 0.508500
vt 0.229000 0.513800
vt 0.228400 0.507400
vt 0.231900 0.513200
vt 0.232800 0.519400
vt 0.234200 0.512700
vt 0.235800 0.519900
vt 0.235200 0.525300
vt 0.231400 0.524300
vt 0.207200 0.544300
vt 0.211800 0.546300
vt 0.200400 0.541800
vt 0.202900 0.536900
vt 0.195000 0.537700
vt 0.198100 0.533500
vt 0.197800 0.525700
vt 0.195500 0.523100
vt 0.197800 0.520400
vt 0.200100 0.518100
vt 0.202700 0.515600
vt 0.205000 0.513000
vt 0.207000 0.510400
vt 0.222800 0.504400
vt 0.224600 0.503300
vt 0.226000 0.501800
vt 0.230200 0.506300
vt 0.191600 0.533000
vt 0.194700 0.529700
vt 0.192300 0.526700
vt 0.220100 0.501400
vt 0.221500 0.500400
vt 0.222600 0.499200
vt 0.189400 0.529400
vt 0.898900 0.463200
vt 0.898300 0.458100
vt 0.901900 0.459000
vt 0.901200 0.462600
vt 0.895800 0.463300
vt 0.894300 0.456800
vt 0.864200 0.456700
vt 0.862400 0.458700
vt 0.861000 0.455400
vt 0.862900 0.455100
vt 0.866100 0.458200
vt 0.865800 0.460500
vt 0.865900 0.454900
vt 0.862600 0.492100
vt 0.859300 0.494000
vt 0.864600 0.478200
vt 0.867400 0.487500
vt 0.869200 0.483700
vt 0.888200 0.451900
vt 0.890500 0.461300
vt 0.884700 0.455800
vt 0.893200 0.464700
vt 0.883800 0.467600
vt 0.887000 0.471000
vt 0.878600 0.462500
vt 0.870400 0.463100
vt 0.875300 0.459200
vt 0.868200 0.466300
vt 0.868800 0.473900
vt 0.865500 0.470700
vt 0.861200 0.460100
vt 0.865600 0.462700
vt 0.858500 0.456100
vt 0.266800 0.366800
vt 0.869500 0.451600
vt 0.884400 0.448100
vt 0.888700 0.443000
vt 0.905300 0.452800
vt 0.908800 0.455700
vt 0.906100 0.459200
vt 0.911900 0.452600
vt 0.908500 0.448900
vt 0.911000 0.446700
vt 0.914500 0.450600
vt 0.903800 0.440300
vt 0.907300 0.443200
vt 0.898300 0.436800
vt 0.892300 0.438500
vt 0.647400 0.111400
vt 0.893600 0.434800
vt 0.852100 0.479700
vt 0.857900 0.476100
vt 0.861600 0.474100
vt 0.873500 0.479000
vt 0.877100 0.482200
vt 0.872500 0.486900
vt 0.870700 0.490100
vt 0.259900 0.477600
vt 0.261300 0.475100
vt 0.264000 0.477000
vt 0.275100 0.475200
vt 0.271800 0.475300
vt 0.270900 0.470700
vt 0.273600 0.472500
vt 0.263500 0.495500
vt 0.264500 0.497200
vt 0.290400 0.478900
vt 0.283100 0.476000
vt 0.282400 0.472000
vt 0.290900 0.474800
vt 0.282200 0.469200
vt 0.291100 0.472200
vt 0.265000 0.472400
vt 0.243500 0.497300
vt 0.245900 0.499000
vt 0.246200 0.509500
vt 0.243700 0.509300
vt 0.247400 0.487500
vt 0.255600 0.487200
vt 0.259300 0.490800
vt 0.262800 0.492500
vt 0.261800 0.487300
vt 0.263300 0.489200
vt 0.260400 0.483900
vt 0.265600 0.488100
vt 0.253600 0.482600
vt 0.259700 0.480200
vt 0.253200 0.479200
vt 0.268200 0.475800
vt 0.266800 0.499800
vt 0.929700 0.411000
vt 0.926600 0.412400
vt 0.927000 0.409200
vt 0.938500 0.405800
vt 0.937400 0.409000
vt 0.934900 0.405800
vt 0.936100 0.405000
vt 0.923900 0.408000
vt 0.922100 0.404600
vt 0.918600 0.427300
vt 0.918400 0.431000
vt 0.950700 0.397400
vt 0.955900 0.398400
vt 0.922300 0.435700
vt 0.925900 0.435400
vt 0.931000 0.428400
vt 0.928800 0.435100
vt 0.951100 0.409400
vt 0.946000 0.408100
vt 0.946400 0.402600
vt 0.953800 0.405200
vt 0.948400 0.399200
vt 0.954700 0.402300
vt 0.941800 0.399500
vt 0.944500 0.396300
vt 0.946100 0.394300
vt 0.909700 0.423000
vt 0.914900 0.424700
vt 0.915800 0.422400
vt 0.921000 0.420700
vt 0.927600 0.421100
vt 0.929400 0.423600
vt 0.931600 0.419500
vt 0.933500 0.422000
vt 0.935900 0.425800
vt 0.934800 0.417800
vt 0.936600 0.420000
vt 0.939900 0.423300
vt 0.938100 0.414800
vt 0.940100 0.417000
vt 0.943800 0.420200
vt 0.940500 0.411900
vt 0.942700 0.413900
vt 0.946900 0.417000
vt 0.942100 0.408800
vt 0.944700 0.410800
vt 0.949200 0.413200
vt 0.943100 0.406100
vt 0.939000 0.403300
vt 0.939700 0.397600
vt 0.942500 0.393800
vt 0.927100 0.398100
vt 0.931800 0.399000
vt 0.923700 0.400100
vt 0.924400 0.398000
vt 0.944200 0.391600
vt 0.913200 0.417900
vt 0.918100 0.418800
vt 0.911100 0.421100
vt 0.922700 0.414600
vt 0.925300 0.418100
vt 0.929100 0.416500
vt 0.932200 0.414700
vt 0.935400 0.411900
vt 0.936300 0.402200
vt 0.920000 0.407100
vt 0.932600 0.408500
vt 0.545700 0.144700
vt 0.550100 0.145100
vt 0.547100 0.149700
vt 0.543900 0.148100
vt 0.543000 0.149600
vt 0.544900 0.153400
vt 0.541000 0.151600
vt 0.541300 0.148900
vt 0.581000 0.129200
vt 0.583400 0.125700
vt 0.586300 0.131900
vt 0.568500 0.146100
vt 0.571600 0.145900
vt 0.569700 0.150700
vt 0.565700 0.148300
vt 0.564300 0.155600
vt 0.566200 0.159200
vt 0.558800 0.157900
vt 0.561500 0.153100
vt 0.563700 0.131400
vt 0.567700 0.139600
vt 0.565100 0.140600
vt 0.561000 0.135400
vt 0.561100 0.143100
vt 0.556700 0.138500
vt 0.556300 0.148300
vt 0.553000 0.153500
vt 0.550800 0.157500
vt 0.578400 0.121700
vt 0.575700 0.124200
vt 0.572300 0.119800
vt 0.574700 0.118100
vt 0.572600 0.126500
vt 0.578100 0.133000
vt 0.572100 0.137400
vt 0.567500 0.129400
vt 0.578200 0.145400
vt 0.574400 0.153000
vt 0.555200 0.162300
vt 0.548800 0.172600
vt 0.554100 0.172100
vt 0.550700 0.176200
vt 0.583900 0.137700
vt 0.582100 0.156600
vt 0.577100 0.159000
vt 0.570400 0.161800
vt 0.557900 0.165700
vt 0.159900 0.207100
vt 0.183700 0.209300
vt 0.178500 0.205800
vt 0.191200 0.203400
vt 0.189800 0.206600
vt 0.189300 0.197600
vt 0.193100 0.200300
vt 0.195900 0.202300
vt 0.194500 0.204700
vt 0.161900 0.230900
vt 0.164700 0.228900
vt 0.167000 0.231800
vt 0.164600 0.233400
vt 0.194000 0.206400
vt 0.187400 0.212000
vt 0.176800 0.208600
vt 0.181200 0.213200
vt 0.171600 0.204600
vt 0.174800 0.203100
vt 0.173500 0.205600
vt 0.183100 0.194300
vt 0.599300 0.620500
vt 0.596600 0.618200
vt 0.168400 0.227000
vt 0.170400 0.229900
vt 0.184300 0.216500
vt 0.180500 0.220400
vt 0.177800 0.216600
vt 0.174200 0.211100
vt 0.170500 0.214100
vt 0.172500 0.206800
vt 0.168700 0.210000
vt 0.178600 0.193100
vt 0.175800 0.193000
vt 0.166600 0.215800
vt 0.165500 0.211900
vt 0.157600 0.211800
vt 0.154200 0.211800
vt 0.166700 0.158800
vt 0.167000 0.160700
vt 0.164400 0.160500
vt 0.164400 0.158000
vt 0.167600 0.158600
vt 0.176000 0.142900
vt 0.177700 0.146600
vt 0.172600 0.149500
vt 0.172300 0.145300
vt 0.194300 0.145500
vt 0.197000 0.146500
vt 0.187900 0.148000
vt 0.189100 0.143600
vt 0.163100 0.166000
vt 0.161000 0.160100
vt 0.166400 0.165000
vt 0.168800 0.164100
vt 0.160500 0.157600
vt 0.168800 0.155300
vt 0.167500 0.155100
vt 0.171900 0.148200
vt 0.170500 0.156200
vt 0.174200 0.158500
vt 0.174000 0.177600
vt 0.171700 0.175800
vt 0.167600 0.172000
vt 0.199300 0.147700
vt 0.181900 0.146300
vt 0.181700 0.142000
vt 0.173800 0.151600
vt 0.177000 0.155100
vt 0.182200 0.159100
vt 0.179200 0.162700
vt 0.960400 0.331100
vt 0.964900 0.334600
vt 0.179400 0.176700
vt 0.177800 0.177700
vt 0.176200 0.179200
vt 0.399600 0.381000
vt 0.182700 0.166100
vt 0.184700 0.168300
vt 0.185900 0.161900
vt 0.188300 0.163900
vt 0.255400 0.260500
vt 0.254600 0.258100
vt 0.257300 0.247300
vt 0.258900 0.247900
vt 0.257900 0.252300
vt 0.255000 0.254300
vt 0.239900 0.268300
vt 0.235400 0.268500
vt 0.254700 0.276000
vt 0.257600 0.279600
vt 0.259600 0.282400
vt 0.255700 0.285400
vt 0.261600 0.276000
vt 0.264100 0.278600
vt 0.260200 0.253700
vt 0.261400 0.249100
vt 0.249100 0.260700
vt 0.247700 0.257900
vt 0.244700 0.264900
vt 0.242900 0.265900
vt 0.234900 0.267000
vt 0.239800 0.266700
vt 0.251000 0.263800
vt 0.246800 0.267200
vt 0.253900 0.267400
vt 0.250200 0.270800
vt 0.258000 0.264100
vt 0.258400 0.272700
vt 0.262300 0.269300
vt 0.269100 0.269100
vt 0.265300 0.272600
vt 0.272200 0.265700
vt 0.274600 0.267600
vt 0.271500 0.271300
vt 0.276400 0.265000
vt 0.278400 0.261600
vt 0.268000 0.274900
vt 0.244400 0.269300
vt 0.453000 0.896000
vt 0.409000 0.854300
vt 0.019300 0.645400
vt 0.018700 0.640100
vt 0.108500 0.121600
vt 0.113600 0.119200
vt 0.504800 0.239000
vt 0.021300 0.651300
vt 0.526100 0.871200
vt 0.677995 0.856701
vt 0.960600 0.652800
vt 0.689078 0.858388
vt 0.692143 0.855181
vt 0.693719 0.850762
vt 0.682847 0.861904
vt 0.683663 0.887819
vt 0.677564 0.880825
vt 0.697119 0.846969
vt 0.699703 0.849138
vt 0.682416 0.859683
vt 0.682899 0.857119
vt 0.699636 0.843986
vt 0.702537 0.845290
vt 0.706403 0.853935
vt 0.712611 0.858390
vt 0.709260 0.849054
vt 0.716115 0.853372
vt 0.702293 0.837525
vt 0.706269 0.838100
vt 0.704804 0.841386
vt 0.701207 0.840880
vt 0.676763 0.868972
vt 0.679810 0.866891
vt 0.673010 0.874476
vt 0.672197 0.870781
vt 0.719514 0.848173
vt 0.712025 0.844179
vt 0.713689 0.841067
vt 0.721397 0.845514
vt 0.820000 0.928800
vt 0.688738 0.847817
vt 0.685402 0.847012
s 1
usemtl Material.001
f 3897/1/1 3896/2/2 3851/3/3 3850/4/4 3899/5/5
f 4/6/6 5/7/7 6/8/8
f 8/9/9 10/10/10 2/11/11 1/12/12
f 10/10/10 11/13/13 12/14/14 2/11/11
f 13/15/15 14/16/16 10/10/10 8/9/9
f 13/15/15 8/9/9 7/17/17 15/18/18
f 19/19/19 17/20/20 16/21/21 20/22/22
f 5531/23/23 5551/24/24 5552/25/25 5533/26/26
f 21/27/27 11/13/13 10/10/10 14/16/16
f 11/13/13 21/27/27 22/28/28 23/29/29
f 5544/30/30 5524/31/31 5522/32/32 5543/33/33 5542/34/34 5545/35/35
f 28/36/36 23/29/29 22/28/28 29/37/37
f 5532/38/38 5539/39/39 5550/40/40 5549/41/41 5548/42/42
f 5531/23/23 5532/38/38 5548/42/42 5551/24/24
f 31/43/43 35/44/44 36/45/45 32/46/46
f 35/44/44 37/47/47 38/48/48 36/45/45
f 36/45/45 38/48/48 29/37/37 22/28/28
f 25/49/49 24/50/50 39/51/51 40/52/52
f 4/53/6 41/54/53 42/55/54 5/56/7
f 40/57/52 41/54/53 4/53/6 25/58/49
f 20/22/22 16/21/21 41/54/53 40/57/52
f 43/59/55 19/60/19 20/61/22 44/62/56
f 3/63/57 9/64/58 1/12/12
f 23/65/29 45/66/59 12/14/14 11/13/13
f 44/62/56 38/48/48 37/47/47 43/59/55
f 38/48/48 44/62/56 39/51/51 29/37/37
f 29/37/37 39/51/51 24/50/50 28/36/36
f 28/67/36 24/68/50 27/69/60 46/70/61
f 27/69/60 26/71/62 3/63/57 46/70/61
f 9/64/58 3/63/57 26/71/62 6/8/8
f 15/18/18 7/17/17 5/56/7 42/55/54
f 5560/72/63 5533/26/26 5552/25/25 5536/73/64
f 23/65/29 28/67/36 46/70/61 45/66/59
f 40/52/52 39/51/51 44/62/56 20/61/22
f 22/28/28 21/27/27 32/46/46 36/45/45
f 47/74/65 48/75/66 49/76/67 50/77/68
f 47/74/65 50/77/68 51/78/69
f 47/74/65 51/78/69 52/79/70 53/80/71
f 54/81/72 48/75/66 47/74/65 53/80/71
f 55/82/73 56/83/74 57/84/75 58/85/76
f 50/77/68 59/86/77 51/78/69
f 50/77/68 60/87/78 61/88/79 59/86/77
f 62/89/80 63/90/81 64/91/82 65/92/83
f 62/89/80 65/92/83 66/93/84
f 64/91/82 69/94/85 70/95/86 71/96/87
f 63/90/81 72/97/88 69/94/85 64/91/82
f 5368/98/89 5315/99/90 5317/100/91 5356/101/92 5354/102/93 5351/103/94
f 76/104/95 77/105/96 74/106/97 73/107/98
f 74/106/97 77/105/96 78/108/99 75/109/100
f 77/105/96 79/110/101 80/111/102 78/108/99
f 79/110/101 59/86/77 61/88/79 80/111/102
f 81/112/103 79/110/101 77/105/96 76/104/95
f 753/113/104 739/114/105 736/115/106 737/116/107 738/117/108 461/118/109 460/119/110
f 53/80/71 52/79/70 85/120/111 86/121/112
f 88/122/113 86/121/112 87/123/114 89/124/115
f 65/92/83 89/125/115 87/126/114 66/93/84
f 68/127/116 62/89/80 66/93/84 67/128/117
f 68/127/116 90/129/118 91/130/119 62/89/80
f 63/90/81 62/89/80 91/130/119 92/131/120
f 92/131/120 93/132/121 72/97/88 63/90/81
f 93/132/121 94/133/122 73/107/98 72/97/88
f 95/134/123 76/104/95 73/107/98 94/133/122
f 83/135/124 81/112/103 76/104/95 95/134/123
f 55/82/73 83/135/124 95/134/123 56/83/74
f 55/82/73 58/85/76 82/136/125 83/135/124
f 96/137/126 84/138/127 82/136/125 58/85/76
f 97/139/128 84/138/127 96/137/126
f 569/140/129 568/141/130 571/142/131 572/143/132 247/144/133 248/145/134 243/146/135 246/147/136
f 1926/148/137 1181/149/138 1184/150/139 1687/151/140 1688/152/141 1689/153/142 1690/154/143 1693/155/144
f 101/156/145 90/129/118 100/157/146 102/158/147
f 103/159/148 91/130/119 90/129/118 101/156/145
f 103/159/148 104/160/149 92/131/120 91/130/119
f 104/160/149 105/161/150 93/132/121 92/131/120
f 105/161/150 106/162/151 94/133/122 93/132/121
f 56/83/74 95/134/123 94/133/122 106/162/151
f 106/162/151 107/163/152 57/84/75 56/83/74
f 106/162/151 105/161/150 108/164/153 107/163/152
f 109/165/154 107/163/152 108/164/153 102/158/147
f 110/166/155 101/156/145 102/158/147 108/164/153
f 103/159/148 101/156/145 110/166/155
f 241/167/156 244/168/157 292/169/158 291/170/159 290/171/160 242/172/161
f 57/84/75 107/163/152 109/173/154 111/174/162
f 111/174/162 96/137/126 58/85/76 57/84/75
f 3509/175/163 3505/176/164 3508/177/165 3494/178/166 3493/179/167 3464/180/168
f 105/161/150 104/160/149 110/166/155 108/164/153
f 49/76/67 112/181/169 60/87/78 50/77/68
f 71/96/87 113/182/170 65/92/83 64/91/82
f 54/81/72 53/80/71 86/121/112 88/122/113
f 103/159/148 110/166/155 104/160/149
f 114/183/171 115/184/172 116/185/173 117/186/174
f 118/187/175 119/188/176 114/183/171 117/186/174
f 122/189/177 118/187/175 117/186/174 121/190/178
f 116/185/173 123/191/179 121/190/178 117/186/174
f 125/192/180 126/193/181 127/194/182 124/195/183
f 129/196/184 125/192/180 124/195/183 128/197/185
f 127/194/182 130/198/186 131/199/187 124/195/183
f 124/195/183 131/199/187 132/200/188 128/197/185
f 136/201/189 133/202/190 134/203/191 135/204/192
f 122/189/177 137/205/193 138/206/194 139/207/195
f 137/205/193 140/208/196 141/209/197 138/206/194
f 139/207/195 142/210/198 143/211/199 122/189/177
f 118/187/175 122/189/177 143/211/199 144/212/200
f 145/213/201 146/214/202 147/215/203
f 148/216/204 149/217/205 146/214/202 145/213/201
f 149/217/205 150/218/206 147/215/203 146/214/202
f 1104/219/207 1826/220/208 1820/221/209 1105/222/210
f 157/223/211 154/224/212 155/225/213 156/226/214
f 154/224/212 157/223/211 158/227/215 159/228/216
f 154/224/212 159/228/216 160/229/217 155/225/213
f 161/230/218 162/231/219 150/232/206 149/233/205
f 163/234/220 164/235/221 162/231/219 161/230/218
f 161/230/218 149/233/205 148/236/204 166/237/222
f 165/238/223 163/234/220 161/230/218 166/237/222
f 167/239/224 168/240/225 169/241/226 170/242/227
f 167/239/224 170/242/227 171/243/228 172/244/229
f 148/236/204 174/245/230 173/246/231 166/237/222
f 1227/247/232 1230/248/233 1688/152/141 1685/249/234 1684/250/235 1686/251/236
f 1660/252/237 1663/253/238 1668/254/239 2121/255/240 2187/256/241 2190/257/242
f 5311/258/243 5310/259/244 5278/260/245 5299/261/246 5302/262/247 5298/263/248 5297/264/249
f 2280/265/250 2279/266/251 1397/267/252 1396/268/253
f 1405/269/254 2355/270/255 1438/271/256 1436/272/257 1406/273/258 1407/274/259 1408/275/260
f 4302/276/261 4304/277/262 4305/278/263 4303/279/264 4299/280/265 4296/281/266
f 181/282/267 167/239/224 172/244/229 145/213/201
f 185/283/268 186/284/269 183/285/270 182/286/271
f 5496/287/272 5497/288/273 5512/289/274 5513/290/275
f 5495/291/276 5496/287/272 5513/290/275 5514/292/277
f 1921/293/278 3255/294/279 3254/295/280 1920/296/281 1919/297/282 1918/298/283
f 152/299/284 142/210/198 179/300/285 153/301/286 151/302/287 373/303/288 372/304/289 374/305/290 375/306/291 189/307/292 188/308/293 437/309/294 162/231/219 164/235/221 438/310/295 376/311/296 180/312/297
f 190/313/298 188/308/293 189/307/292 191/314/299
f 192/315/300 193/316/301 194/317/302 195/318/303
f 192/315/300 197/319/304 196/320/305 193/316/301
f 197/319/304 192/315/300 195/318/303
f 3854/321/306 3867/322/307 3858/323/308 3857/324/309
f 3410/325/310 3406/326/311 3378/327/312 3376/328/313 3373/329/314
f 151/302/287 153/301/286 201/330/315 202/331/316
f 1837/332/317 1840/333/318 1841/334/319 1838/335/320
f 3631/336/321 3635/337/322 3637/338/323 3632/339/324 3633/340/325 3630/341/326
f 3460/342/327 3466/343/328 2517/344/329 2519/345/330 2518/346/331
f 2879/347/332 2462/348/333 2460/349/334 2884/350/335 2880/351/336
f 212/352/337 213/353/338 214/354/339 215/355/340
f 216/356/341 217/357/342 215/355/340 214/354/339
f 2011/358/343 2009/359/344 2008/360/345 2046/361/346 2014/362/347
f 214/354/339 213/353/338 220/363/348 218/364/349
f 3435/365/350 3423/366/351 3422/367/352 3433/368/353 3434/369/354
f 2844/370/355 2807/371/356 3481/372/357 3480/373/358 3487/374/359
f 2747/375/360 2746/376/361 2744/377/362 3151/378/363 3148/379/364 3147/380/365 3146/381/366 3144/382/367 3291/383/368 3152/384/369 3153/385/370 3150/386/371 3154/387/372 3155/388/373 2751/389/374 2752/390/375
f 227/391/376 228/392/377 229/393/378 230/394/379
f 224/395/380 227/391/376 230/394/379 225/396/381
f 233/397/382 234/398/383 230/394/379 229/393/378
f 234/398/383 235/399/384 225/396/381 230/394/379
f 229/393/378 232/400/385 236/401/386 233/397/382
f 237/402/387 238/403/388 239/404/389 240/405/390
f 232/400/385 237/402/387 240/405/390 236/401/386
f 241/167/156 242/172/161 233/397/382 236/401/386
f 240/405/390 239/404/389 243/146/135 244/168/157
f 236/401/386 240/405/390 244/168/157 241/167/156
f 239/404/389 245/406/391 246/147/136 243/146/135
f 250/407/392 251/408/393 252/409/394 253/410/395
f 274/411/396 317/412/397 319/413/398 314/414/399
f 254/415/400 256/416/401 257/417/402 255/418/403
f 256/416/401 258/419/404 259/420/405 257/417/402
f 1506/421/406 1507/422/407 1063/423/408 1463/424/409 1448/425/410 1061/426/411 1062/427/412
f 263/428/413 260/429/414 262/430/415 264/431/416
f 266/432/417 263/428/413 264/431/416 265/433/418
f 268/434/419 266/432/417 265/433/418 267/435/420
f 270/436/421 268/434/419 267/435/420 269/437/422
f 267/435/420 210/438/423 211/439/424 269/437/422
f 272/440/425 270/436/421 269/437/422 271/441/426
f 274/442/396 272/440/425 271/441/426 273/443/427
f 271/441/426 212/352/337 215/355/340 273/443/427
f 269/437/422 211/439/424 212/352/337 271/441/426
f 274/442/396 273/443/427 275/444/428 277/445/429 315/446/430 316/447/431 317/448/397
f 273/443/427 215/355/340 217/357/342 275/444/428
f 276/449/432 277/445/429 275/444/428 217/357/342
f 276/449/432 278/450/433 279/451/434 280/452/435
f 276/449/432 217/357/342 216/356/341 278/450/433
f 278/450/433 216/356/341 219/453/436 281/454/437
f 1040/455/438 1039/456/439 1044/457/440 1754/458/441 1746/459/442 1742/460/443
f 226/461/444 225/396/381 235/399/384 283/462/445
f 284/463/446 285/464/447 282/465/448 283/462/445
f 283/462/445 235/399/384 286/466/449 284/463/446
f 234/398/383 233/397/382 242/172/161 287/467/450
f 235/399/384 234/398/383 287/467/450 286/466/449
f 286/466/449 287/467/450 288/468/451 289/469/452
f 287/467/450 242/172/161 290/171/160 288/468/451
f 244/168/157 243/146/135 248/145/134 292/169/158
f 291/470/159 292/471/158 293/472/453 294/473/454
f 292/471/158 248/474/134 295/475/455 293/472/453
f 220/363/348 227/391/376 224/395/380 221/476/456 218/364/349
f 296/477/457 297/478/458 298/479/459 299/480/460
f 300/481/461 296/477/457 299/480/460 301/482/462
f 294/473/454 293/472/453 296/477/457 300/481/461
f 293/472/453 295/475/455 297/478/458 296/477/457
f 297/478/458 250/407/392 253/410/395 298/479/459
f 295/475/455 249/483/463 250/407/392 297/478/458
f 475/484/464 635/485/465 636/486/466 505/487/467 503/488/468 639/489/469 641/490/470 529/491/471
f 3483/492/472 3482/493/473 2593/494/474 2592/495/475 3485/496/476
f 302/497/477 306/498/478 307/499/479 303/500/480
f 305/501/481 308/502/482 306/498/478 302/497/477
f 255/418/403 257/417/402 308/502/482 305/501/481
f 306/498/478 309/503/483 310/504/484 307/499/479
f 308/502/482 311/505/485 309/503/483 306/498/478
f 257/417/402 259/420/405 311/505/485 308/502/482
f 2484/506/486 3724/507/487 3721/508/488 2485/509/489 2482/510/490 2483/511/491
f 2041/512/492 2020/513/493 1141/514/494 2015/515/495 1960/516/496 2114/517/497 2013/518/498
f 3864/519/499 3863/520/500 3858/323/308 3867/322/307 3865/521/501
f 126/193/181 317/448/397 316/447/431 127/194/182
f 318/522/502 127/194/182 316/447/431
f 315/446/430 280/452/435 318/522/502 316/447/431
f 277/445/429 276/449/432 280/452/435 315/446/430
f 3456/523/503 3028/524/504 3029/525/505 3455/526/506 3457/527/507
f 317/412/397 126/528/181 320/529/508 319/413/398
f 126/528/181 125/530/180 202/331/316 320/529/508
f 125/530/180 129/531/184 151/302/287 202/331/316
f 202/331/316 201/330/315 321/532/509 320/529/508
f 2669/533/510 2826/534/511 2825/535/512 2674/536/513 2675/537/514
f 326/538/515 177/539/516 325/540/517 330/541/518 331/542/519 329/543/520
f 325/540/517 177/539/516 179/300/285
f 5172/544/521 5167/545/522 5166/546/523 5169/547/524 5170/548/525 5171/549/526
f 3484/550/527 2639/551/528 2638/552/529 1487/553/530 2156/554/531
f 331/542/519 138/206/194 141/209/197 329/543/520
f 3200/555/532 3203/556/533 3202/557/534 3199/558/535
f 332/559/536 141/209/197 140/208/196 335/560/537
f 333/561/538 332/559/536 335/560/537 196/320/305
f 1252/562/539 1683/563/540 1682/564/541 1681/565/542
f 333/561/538 196/320/305 197/319/304 336/566/543
f 195/318/303 336/566/543 197/319/304
f 160/229/217 336/567/543 155/225/213
f 336/567/543 195/568/303 156/226/214 155/225/213
f 337/569/544 339/570/545 338/571/546 334/572/547
f 3629/573/548 2523/574/549 2520/575/550 2521/576/551 2518/346/331 2519/345/330 3625/577/552 3628/578/553
f 5495/291/276 5514/292/277 5515/579/554 5494/580/555
f 157/223/211 342/581/556 341/582/557 158/227/215
f 342/581/556 157/223/211 156/226/214 343/583/558
f 195/568/303 194/584/302 343/583/558 156/226/214
f 344/585/559 342/581/556 343/583/558 345/586/560
f 186/284/269 344/585/559 345/586/560 346/587/561
f 3407/588/562 3415/589/563 3405/590/564 3402/591/565 3404/592/566
f 349/593/567 123/594/179 351/595/568 350/596/569
f 352/597/570 121/190/178 123/191/179 349/598/567
f 353/599/571 352/597/570 349/598/567 348/600/572
f 140/208/196 137/205/193 352/597/570 353/599/571
f 137/205/193 122/189/177 121/190/178 352/597/570
f 196/320/305 335/560/537 354/601/573 193/316/301
f 335/560/537 140/208/196 353/599/571 354/601/573
f 348/600/572 347/602/574 354/601/573 353/599/571
f 347/602/574 194/317/302 193/316/301 354/601/573
f 123/594/179 116/603/173 355/604/575 351/595/568
f 187/605/576 184/606/577 351/595/568 355/604/575
f 357/607/578 187/605/576 355/604/575 356/608/579
f 170/242/227 357/607/578 356/608/579 171/243/228
f 116/603/173 115/609/172 356/608/579 355/604/575
f 115/609/172 120/610/580 171/243/228 356/608/579
f 4209/611/581 4220/612/582 4207/613/583 4208/614/584
f 1350/615/585 1666/616/586 1664/617/587 1662/618/588 1455/619/589 1297/620/590
f 363/621/591 367/622/592 366/623/593 360/624/594
f 367/622/592 363/621/591 168/240/225
f 191/625/299 368/626/595 366/623/593 367/622/592
f 190/627/298 191/625/299 367/622/592 369/628/596
f 168/240/225 167/239/224 369/628/596 367/622/592
f 371/629/597 370/630/598 147/215/203 150/218/206
f 371/629/597 190/627/298 369/628/596 370/630/598
f 181/282/267 370/630/598 369/628/596 167/239/224
f 370/630/598 181/282/267 145/213/201 147/215/203
f 368/626/595 372/631/289 365/632/599 366/623/593
f 2054/633/600 2063/634/601 2051/635/602 2050/636/603 2049/637/604
f 3067/638/605 3064/639/606 3066/640/607 2630/641/608 2629/642/609 2710/643/610
f 1928/644/611 1929/645/612 1684/250/235 1685/249/234
f 4943/646/613 4927/647/614 4920/648/615 4922/649/616 4926/650/617
f 2345/651/618 2351/652/619 2350/653/620 2344/654/621 1345/655/622 1344/656/623
f 378/657/624 129/196/184 128/197/185 377/658/625
f 128/197/185 132/200/188 379/659/626 377/658/625
f 377/658/625 379/659/626 362/660/627 364/661/628
f 200/662/629 132/200/188 131/199/187 198/663/630
f 5497/288/273 5496/287/272 5495/291/276 185/283/268 182/286/271 183/285/270 184/606/577 187/605/576 357/607/578 170/242/227 169/241/226 359/664/631 200/662/629 199/665/632 381/666/633 380/667/634 358/668/635 5498/669/636
f 4131/670/637 4124/671/638 4118/672/639 4117/673/640 4186/674/641
f 1666/616/586 1350/615/585 1349/675/642 1665/676/643 1664/617/587
f 5190/677/644 5162/678/645 5140/679/646 5146/680/647
f 1419/681/648 1092/682/649 1091/683/650 2418/684/651 1428/685/652
f 2102/686/653 2104/687/654 1875/688/655 1876/689/656
f 2535/690/657 2536/691/658 2532/692/659 2668/693/660 2667/694/661 2533/695/662 2534/696/663 2537/697/664
f 133/202/190 136/201/189 386/698/665 385/699/666
f 2484/506/486 2483/511/491 2514/700/667 3723/701/668 3719/702/669 3724/507/487
f 384/703/670 386/698/665 387/704/671 388/705/672
f 386/698/665 136/201/189 389/706/673 387/704/671
f 382/707/674 384/703/670 388/705/672 383/708/675
f 387/709/671 390/710/676 391/711/677 388/712/672
f 392/713/678 390/710/676 387/709/671 389/714/673
f 393/715/679 383/716/675 388/712/672 391/711/677
f 1530/717/680 1531/718/681 1528/719/682 1200/720/683 1171/721/684 1173/722/685
f 1166/723/686 1356/724/687 1287/725/688 1149/726/689 1164/727/690 1165/728/691
f 5408/729/692 5376/730/693 5377/731/694 5375/732/695 5409/733/696
f 399/734/697 401/735/698 402/736/699 400/737/700
f 2277/738/701 2240/739/702 2245/740/703 2278/741/704
f 703/742/705 504/743/706 638/744/707 639/489/469 503/488/468 706/745/708
f 1863/746/709 1985/747/710 1984/748/711 1861/749/712 1860/750/713 1862/751/714
f 408/752/715 313/753/716 314/414/399 407/754/717
f 409/755/718 312/756/719 313/753/716 408/752/715
f 303/500/480 307/499/479 409/755/718 410/757/720
f 408/752/715 411/758/721 410/757/720 409/755/718
f 407/754/717 406/759/722 411/758/721 408/752/715
f 312/756/719 409/755/718 307/499/479 310/504/484
f 412/760/723 410/757/720 411/758/721 413/761/724
f 413/761/724 411/758/721 406/759/722 414/762/725
f 405/763/726 415/764/727 414/762/725 406/759/722
f 2434/765/728 2433/766/729 3106/767/730 3107/768/731 3114/769/732 2437/770/733
f 5484/771/734 5485/772/735 5504/773/736 5505/774/737 5506/775/738
f 3194/776/739 2786/777/740 2784/778/741 2487/779/742 2489/780/743 2492/781/744
f 3697/782/745 3700/783/746 3699/784/747 3698/785/748 3695/786/749 3696/787/750
f 15/18/18 42/55/54 18/788/751 34/789/752
f 424/790/753 425/791/754 402/736/699 401/735/698
f 1671/792/755 1139/793/756 1140/794/757 1138/795/758 1670/796/759 1672/797/760
f 602/798/761 600/799/762 599/800/763 737/116/107 736/115/106
f 980/801/764 983/802/765 964/803/766 979/804/767
f 1757/805/768 1755/806/769 1272/807/770 1271/808/771 1756/809/772
f 1838/335/320 1841/334/319 1840/333/318 1511/810/773 1510/811/774 1842/812/775 1855/813/776
f 4684/814/777 4669/815/778 4667/816/779 4668/817/780 4686/818/781 4699/819/782 4685/820/783
f 294/473/454 430/821/784 290/822/160 291/470/159
f 431/823/785 432/824/786 433/825/787 434/826/788
f 430/821/784 432/824/786 431/823/785 429/827/789
f 432/824/786 300/481/461 301/482/462 433/825/787
f 430/821/784 294/473/454 300/481/461 432/824/786
f 284/463/446 286/466/449 289/469/452 428/828/790
f 674/829/791 676/830/792 493/831/793 492/832/794 669/833/795 671/834/796 673/835/797
f 304/836/798 303/500/480 410/757/720 412/760/723
f 753/113/104 460/119/110 710/837/799 754/838/800
f 183/285/270 186/284/269 346/587/561 350/596/569
f 184/606/577 183/285/270 350/596/569 351/595/568
f 3159/839/801 3160/840/802 3157/841/803 3158/842/804 3296/843/805 3297/844/806
f 1965/845/807 1964/846/808 1963/847/809 1798/848/810
f 435/849/811 318/522/502 280/452/435 279/451/434
f 130/198/186 127/194/182 318/522/502 435/849/811
f 2045/850/812 2044/851/813 2043/852/814 2046/361/346
f 238/403/388 206/853/815 245/406/391 239/404/389
f 4012/854/816 4017/855/817 3971/856/818 3970/857/819 4014/858/820 4013/859/821
f 5103/860/822 5115/861/823 5114/862/824 5118/863/825 5120/864/826 5121/865/827 5127/866/828 5100/867/829 5099/868/830 5101/869/831 5102/870/832
f 4672/871/833 4674/872/834 4687/873/835 4670/874/836 4671/875/837
f 5491/876/838 5517/877/839 160/229/217
f 5492/878/840 5516/879/841 5517/877/839 5491/876/838
f 3016/880/842 3013/881/843 3679/882/844 3678/883/845 2439/884/846
f 190/313/298 371/885/597 437/309/294 188/308/293
f 437/309/294 371/885/597 150/232/206 162/231/219
f 174/886/230 148/216/204 145/213/201 172/244/229
f 120/610/580 174/886/230 172/244/229 171/243/228
f 4801/887/847 4839/888/848 4840/889/849 4802/890/850 4753/891/851
f 3352/892/852 3350/893/853 3351/894/854 3293/895/855 3353/896/856
f 392/713/678 389/714/673 397/897/857 396/898/858
f 207/899/859 203/900/860 206/853/815 238/403/388 436/901/861
f 391/711/677 390/710/676 394/902/862 395/903/863
f 390/710/676 392/713/678 396/898/858 394/902/862
f 136/201/189 135/204/192 397/904/857 389/706/673
f 433/825/787 301/482/462 304/836/798 412/760/723
f 434/826/788 433/825/787 412/760/723 413/761/724
f 418/905/864 434/826/788 413/761/724 414/762/725
f 418/905/864 414/762/725 415/764/727 416/906/865
f 589/907/866 587/908/867 585/909/868 623/910/869 624/911/870 625/912/871
f 1902/913/872 1330/914/873 1329/915/874 1333/916/875 1715/917/876
f 440/918/877 441/919/878 442/920/879 443/921/880
f 444/922/881 445/923/882 440/918/877 443/921/880
f 173/246/231 174/245/230 120/924/580 115/184/172 114/183/171
f 447/925/883 448/926/884 443/921/880 442/920/879
f 448/926/884 449/927/885 444/922/881 443/921/880
f 452/928/886 453/929/887 450/930/888 451/931/889
f 451/931/889 450/930/888 454/932/890 455/933/891
f 456/934/892 451/931/889 455/933/891 457/935/893
f 458/936/894 459/937/895 460/119/110 461/118/109
f 447/925/883 462/938/896 463/939/897 464/940/898
f 465/941/899 466/942/900 462/938/896 447/925/883
f 465/941/899 447/925/883 442/920/879 467/943/901
f 468/944/902 469/945/903 470/946/904
f 472/947/905 471/948/906 468/944/902 470/946/904
f 473/949/907 472/947/905 470/946/904 469/945/903
f 477/950/908 478/951/909 479/952/910 480/953/911
f 477/950/908 481/954/912 482/955/913 478/951/909
f 481/954/912 477/950/908 480/953/911 483/956/914
f 484/957/915 472/958/905 473/959/907 485/960/916
f 486/961/917 484/957/915 485/960/916 487/962/918
f 4524/963/919 4509/964/920 4525/965/921 4526/966/922 4534/967/923
f 484/957/915 489/968/924 471/969/906 472/958/905
f 486/961/917 488/970/925 489/968/924 484/957/915
f 490/971/926 491/972/927 492/832/794 493/831/793
f 491/972/927 490/971/926 494/973/928 495/974/929
f 497/975/930 498/976/931 500/977/932
f 501/978/933 502/979/934 471/969/906 489/968/924
f 2878/980/935 2782/981/936 2781/982/937 2875/983/938 2876/984/939 2877/985/940
f 3952/986/941 3951/987/942 3944/988/943 3938/989/944 3941/990/945 3976/991/946
f 4854/992/947 4850/993/948 4893/994/949 4857/995/950 4894/996/951 4895/997/952
f 5484/771/734 5506/775/738 5507/998/953 5483/999/954
f 3382/1000/955 3381/1001/956 3400/1002/957 3385/1003/958 3383/1004/959
f 490/971/926 507/1005/960 468/944/902 494/973/928
f 832/1006/961 833/1007/962 794/1008/963 780/1009/964 796/1010/965
f 3233/1011/966 3427/1012/967 3271/1013/968 3265/1014/969
f 1521/1015/970 2408/1016/971 1517/1017/972 1518/1018/973
f 691/1019/974 516/1020/975 751/1021/976 687/1022/977 517/1023/978 518/1024/979 682/1025/980
f 519/1026/981 520/1027/982 521/1028/983 522/1029/984
f 520/1027/982 523/1030/985 524/1031/986 521/1028/983
f 519/1026/981 525/1032/987 523/1030/985 520/1027/982
f 2369/1033/988 2367/1034/989 2364/1035/990 2362/1036/991 2361/1037/992
f 2394/1038/993 1609/1039/994 1613/1040/995 2378/1041/996 2377/1042/997 2376/1043/998 1460/1044/999
f 474/1045/1000 530/1046/1001 531/1047/1002 475/484/464
f 5443/1048/1003 5446/1049/1004 5452/1050/1005 5440/1051/1006 5442/1052/1007
f 713/1053/1008 715/1054/1009 725/1055/1010 714/1056/1011
f 2097/1057/1012 2099/1058/1013 1878/1059/1014 1879/1060/1015
f 2373/1061/1016 2369/1033/988 2361/1037/992 1042/1062/1017 1048/1063/1018
f 538/1064/1019 539/1065/1020 540/1066/1021 541/1067/1022
f 539/1065/1020 542/1068/1023 543/1069/1024 540/1066/1021
f 142/210/198 152/299/284 180/312/297 118/187/175 144/212/200 143/211/199
f 2413/1070/1025 2414/1071/1026 2410/1072/1027 2411/1073/1028
f 540/1066/1021 545/1074/1029 546/1075/1030 541/1067/1022
f 834/1076/1031 795/1077/1032 794/1008/963 833/1007/962 761/1078/1033 760/1079/1034
f 225/396/381 226/461/444 222/1080/1035 221/476/456 224/395/380
f 554/1081/1036 555/1082/1037 556/1083/1038 557/1084/1039
f 551/1085/1040 553/1086/1041 555/1082/1037 554/1081/1036
f 1050/1087/1042 1059/1088/1043 1057/1089/1044 1055/1090/1045 1056/1091/1046 1053/1092/1047
f 555/1082/1037 560/1093/1048 561/1094/1049 556/1083/1038
f 553/1086/1041 562/1095/1050 560/1093/1048 555/1082/1037
f 556/1083/1038 561/1094/1049 563/1096/1051 558/1097/1052
f 564/1098/1053 565/1099/1054 558/1097/1052 563/1096/1051
f 561/1094/1049 566/1100/1055 567/1101/1056 563/1096/1051
f 563/1096/1051 567/1101/1056 568/141/130 564/1098/1053
f 569/140/129 570/1102/1057 564/1098/1053 568/141/130
f 3430/1103/1058 3445/1104/1059 3431/1105/1060 3429/1106/1061 3428/1107/1062
f 574/1108/1063 575/1109/1064 252/409/394 251/408/393
f 4379/1110/1065 4368/1111/1066 4369/1112/1067 4367/1113/1068 4382/1114/1069
f 577/1115/1070 256/416/401 254/415/400 576/1116/1071
f 578/1117/1072 258/419/404 256/416/401 577/1115/1070
f 579/1118/1073 581/1119/1074 582/1120/1075 580/1121/1076
f 581/1119/1074 583/1122/1077 584/1123/1078 582/1120/1075
f 583/1122/1077 585/1124/868 586/1125/1079 584/1123/1078
f 584/1123/1078 586/1125/1079 537/1126/1080 535/1127/1081
f 585/1124/868 587/1128/867 588/1129/1082 586/1125/1079
f 587/1128/867 589/1130/866 590/1131/1083 588/1129/1082
f 588/1129/1082 590/1131/1083 539/1065/1020 538/1064/1019
f 586/1125/1079 588/1129/1082 538/1064/1019 537/1126/1080
f 589/1130/866 627/1132/1084 628/1133/1085 626/1134/1086 592/1135/1087 591/1136/1088 590/1131/1083
f 590/1131/1083 591/1136/1088 542/1068/1023 539/1065/1020
f 591/1136/1088 592/1135/1087 593/1137/1089 542/1068/1023
f 593/1137/1089 594/1138/1090 595/1139/1091 596/1140/1092
f 593/1137/1089 596/1140/1092 543/1069/1024 542/1068/1023
f 2044/851/813 2045/850/812 2047/1141/1093 2070/1142/1094
f 596/1140/1092 598/1143/1095 544/1144/1096 543/1069/1024
f 706/745/708 503/488/468 505/487/467 636/486/466 635/485/465 713/1053/1008 714/1056/1011 758/1145/1097 637/1146/1098 709/1147/1099
f 562/1095/1050 553/1086/1041 552/1148/1100 601/1149/1101
f 600/799/762 602/798/761 603/1150/1102 601/1149/1101
f 601/1149/1101 603/1150/1102 604/1151/1103 562/1095/1050
f 605/1152/1104 560/1093/1048 562/1095/1050 604/1151/1103
f 566/1100/1055 561/1094/1049 560/1093/1048 605/1152/1104
f 566/1100/1055 605/1152/1104 606/1153/1105 607/1154/1106
f 605/1152/1104 604/1151/1103 608/1155/1107 606/1153/1105
f 567/1101/1056 566/1100/1055 607/1154/1106 609/1156/1108
f 568/141/130 567/1101/1056 609/1156/1108 571/142/131
f 609/1157/1108 610/1158/1109 611/1159/1110 571/1160/131
f 571/1160/131 611/1159/1110 573/1161/1111 572/1162/132
f 610/1158/1109 612/1163/1112 613/1164/1113 611/1159/1110
f 612/1163/1112 614/1165/1114 615/1166/1115 613/1164/1113
f 611/1159/1110 613/1164/1113 574/1108/1063 573/1161/1111
f 613/1164/1113 615/1166/1115 575/1109/1064 574/1108/1063
f 4792/1167/1116 4737/1168/1117 4736/1169/1118 4723/1170/1119 4791/1171/1120
f 619/1172/1121 620/1173/1122 618/1174/1123 617/1175/1124
f 620/1173/1122 577/1115/1070 576/1116/1071 618/1174/1123
f 621/1176/1125 622/1177/1126 620/1173/1122 619/1172/1121
f 622/1177/1126 578/1117/1072 577/1115/1070 620/1173/1122
f 2474/1178/1127 2476/1179/1128 2477/1180/1129 2475/1181/1130 2472/1182/1131 2473/1183/1132
f 4681/1184/1133 4659/1185/1134 4662/1186/1135 4679/1187/1136 4677/1188/1137 4680/1189/1138
f 627/1132/1084 629/1190/1139 456/934/892 628/1133/1085
f 2122/1191/1140 2123/1192/1141 2121/255/240 1668/254/239 1667/1193/1142
f 626/1134/1086 628/1133/1085 630/1194/1143 594/1138/1090
f 594/1138/1090 593/1137/1089 592/1135/1087 626/1134/1086
f 629/1195/1139 627/1196/1084 631/1197/1144 632/1198/1145
f 453/1199/887 452/1200/886 530/1046/1001 474/1045/1000
f 731/1201/1146 726/1202/1147 730/1203/1148 732/1204/1149 712/1205/1150 711/1206/1151 756/1207/1152 757/1208/1153 733/1209/1154
f 1855/813/776 1842/812/775 1843/1210/1155 1844/1211/1156 1848/1212/1157
f 638/744/707 640/1213/1158 641/490/470 639/489/469
f 898/1214/1159 880/1215/1160 879/1216/1161 896/1217/1162 893/1218/1163
f 640/1213/1158 642/1219/1164 643/1220/1165 641/490/470
f 641/490/470 643/1220/1165 529/491/471
f 462/938/896 529/491/471 643/1220/1165 463/939/897
f 646/1221/1166 647/1222/1167 464/940/898 463/939/897
f 645/1223/1168 522/1029/984 647/1222/1167 646/1221/1166
f 644/1224/1169 498/976/931 648/1225/1170 645/1223/1168
f 645/1223/1168 648/1225/1170 519/1026/981 522/1029/984
f 498/976/931 5518/1226/1171 649/1227/1172 648/1225/1170
f 648/1225/1170 649/1227/1172 525/1032/987 519/1026/981
f 649/1228/1172 5518/1229/1171 483/956/914 480/953/911
f 525/1230/987 649/1228/1172 480/953/911 479/952/910
f 3714/1231/1173 3713/1232/1174 2611/1233/1175 2612/1234/1176 2613/1235/1177
f 5159/1236/1178 5160/1237/1179 5161/1238/1180 5157/1239/1181 5141/1240/1182
f 5502/1241/1183 5503/1242/1184 5486/1243/1185 5487/1244/1186
f 5486/1243/1185 5503/1242/1184 5504/773/736 5485/772/735
f 5501/1245/1187 5502/1241/1183 5487/1244/1186 5488/1246/1188
f 652/1247/1189 654/1248/1190 655/1249/1191 653/1250/1192
f 653/1250/1192 655/1249/1191 478/951/909 482/955/913
f 5501/1245/1187 5488/1246/1188 5489/1251/1193 5500/1252/1194
f 655/1249/1191 654/1248/1190 656/1253/1195 657/1254/1196
f 478/951/909 655/1249/1191 657/1254/1196 479/952/910
f 1144/1255/1197 1143/1256/1198 1147/1257/1199 1442/1258/1200 1501/1259/1201
f 523/1260/985 525/1230/987 479/952/910 657/1254/1196
f 654/1248/1190 658/1261/1202 659/1262/1203 656/1253/1195
f 658/1261/1202 509/1263/1204 660/1264/1205 659/1262/1203
f 662/1265/1206 661/1266/1207 659/1262/1203 660/1264/1205
f 449/1267/885 662/1265/1206 660/1264/1205 663/1268/1208
f 449/927/885 448/926/884 664/1269/1209 662/1270/1206
f 448/926/884 447/925/883 464/940/898 664/1269/1209
f 665/1271/1210 647/1222/1167 522/1029/984 521/1028/983
f 661/1272/1207 665/1271/1210 521/1028/983 524/1031/986
f 662/1270/1206 664/1269/1209 665/1271/1210 661/1272/1207
f 664/1269/1209 464/940/898 647/1222/1167 665/1271/1210
f 444/1273/881 449/1267/885 663/1268/1208 666/1274/1211
f 508/1275/1212 513/1276/1213 666/1274/1211 663/1268/1208
f 513/1276/1213 667/1277/1214 668/1278/1215 666/1274/1211
f 667/1277/1214 491/972/927 495/974/929 668/1278/1215
f 445/1279/882 444/1273/881 666/1274/1211 668/1278/1215
f 446/1280/1216 445/1279/882 668/1278/1215 495/974/929
f 1150/1281/1217 1151/1282/1218 1152/1283/1219 1153/1284/1220 1148/1285/1221 1149/726/689 1287/725/688 1290/1286/1222
f 366/623/593 365/632/599 364/661/628 362/660/627 361/1287/1223 360/624/594
f 676/830/792 680/1288/1224 681/1289/1225 493/831/793
f 674/829/791 678/1290/1226 680/1288/1224 676/830/792
f 682/1291/980 518/1292/979 681/1289/1225 680/1288/1224
f 518/1292/979 517/1293/978 685/1294/1227 681/1289/1225
f 685/1294/1227 490/971/926 493/831/793 681/1289/1225
f 686/1295/1228 687/1296/977 473/949/907 469/945/903
f 517/1293/978 687/1296/977 686/1295/1228 685/1294/1227
f 507/1005/960 490/971/926 685/1294/1227 686/1295/1228
f 507/1005/960 686/1295/1228 469/945/903 468/944/902
f 5044/1297/1229 5045/1298/1230 5039/1299/1231 5038/1300/1232 5043/1301/1233
f 1870/1302/1234 3397/1303/1235 3399/1304/1236 1871/1305/1237
f 2008/360/345 2001/1306/1238 2045/850/812 2046/361/346
f 682/1025/980 684/1307/1239 690/1308/1240 691/1019/974
f 1318/1309/1241 2214/1310/1242 2215/1311/1243 1319/1312/1244 1320/1313/1245 1317/1314/1246
f 453/929/887 693/1315/1247 692/1316/1248 450/930/888
f 694/1317/1249 454/932/890 450/930/888 692/1316/1248
f 692/1316/1248 679/1318/1250 675/1319/1251 694/1317/1249
f 528/1320/1252 527/1321/1253 455/933/891 454/932/890
f 3626/1322/1254 3630/341/326 3633/340/325 3629/573/548 3628/578/553 3627/1323/1255
f 3293/895/855 3156/1324/1256 3155/388/373 3154/387/372 3150/386/371 3153/385/370 3152/384/369 3291/383/368 3144/382/367 3145/1325/1257 3284/1326/1258 3289/1327/1259 3290/1328/1260 3447/1329/1261 3292/1330/1262
f 2539/1331/1263 2543/1332/1264 2524/1333/1265 2523/574/549 2540/1334/1266 2538/1335/1267
f 2132/1336/1268 2178/1337/1269 2180/1338/1270 2129/1339/1271
f 1658/1340/1272 1045/1341/1273 2357/1342/1274 2356/1343/1275 1656/1344/1276
f 3483/492/472 3484/550/527 2156/554/531 2153/1345/1277
f 697/1346/1278 699/1347/1279 700/1348/1280 698/1349/1281
f 459/937/895 458/936/894 700/1348/1280 699/1347/1279
f 459/937/895 699/1347/1279 701/1350/1282 702/1351/1283
f 699/1347/1279 697/1346/1278 703/1352/705 701/1350/1282
f 5508/1353/1284 5507/998/953 5506/775/738 504/1354/706 703/1352/705 697/1346/1278
f 704/1355/1285 705/1356/1286 702/1357/1283 701/1358/1282
f 706/745/708 704/1355/1285 701/1358/1282 703/742/705
f 4810/1359/1287 4838/1360/1288 4837/1361/1289 4836/1362/1290
f 336/567/543 160/229/217 337/569/544 334/572/547 333/561/538
f 2812/1363/1291 2813/1364/1292 2802/1365/1293 2803/1366/1294 2804/1367/1295
f 912/1368/1296 918/1369/1297 920/1370/1298 940/1371/1299 913/1372/1300
f 3854/321/306 3857/324/309 3855/1373/1301 3853/1374/1302 3870/1375/1303
f 2218/1376/1304 2216/1377/1305 2217/1378/1306 1401/1379/1307
f 625/912/871 624/911/870 718/1380/1308 717/1381/1309
f 624/911/870 623/910/869 719/1382/1310 718/1380/1308
f 617/1175/1124 720/1383/1311 719/1382/1310 619/1172/1121
f 721/1384/1312 716/1385/1313 717/1381/1309 718/1380/1308
f 720/1383/1311 721/1384/1312 718/1380/1308 719/1382/1310
f 623/910/869 621/1176/1125 619/1172/1121 719/1382/1310
f 722/1386/1314 723/1387/1315 716/1385/1313 721/1384/1312
f 724/1388/1316 722/1386/1314 721/1384/1312 720/1383/1311
f 723/1387/1315 725/1055/1010 715/1054/1009 716/1385/1313
f 758/1145/1097 757/1208/1153 709/1147/1099 637/1146/1098
f 5383/1389/1317 5387/1390/1318 5388/1391/1319 5384/1392/1320 5385/1393/1321 5386/1394/1322
f 552/1148/1100 553/1086/1041 551/1085/1040 549/1395/1323 548/1396/1324
f 4555/1397/1325 4575/1398/1326 4576/1399/1327 4574/1400/1328 4573/1401/1329 4550/1402/1330
f 913/1372/1300 941/1403/1331 945/1404/1332 946/1405/1333 911/1406/1334 912/1368/1296
f 1260/1407/1335 2157/1408/1336 2156/554/531 1487/553/530 1257/1409/1337
f 602/798/761 736/115/106 734/1410/1338 741/1411/1339 742/1412/1340 603/1150/1102
f 1962/1413/1341 1963/847/809 1960/516/496 1961/1414/1342
f 736/115/106 739/114/105 740/1415/1343 734/1410/1338
f 5090/1416/1344 5065/1417/1345 5063/1418/1346 5092/1419/1347 5093/1420/1348 5091/1421/1349
f 1964/846/808 1965/845/807 1966/1422/1350 1967/1423/1351 2116/1424/1352
f 2913/1425/1353 2915/1426/1354 2911/1427/1355 2910/1428/1356 2909/1429/1357 2912/1430/1358
f 610/1158/1109 609/1157/1108 607/1431/1106 744/1432/1359
f 747/1433/1360 748/1434/1361 745/1435/1362 746/1436/1363
f 744/1432/1359 743/1437/1364 745/1435/1362 748/1434/1361
f 748/1434/1361 747/1433/1360 614/1165/1114 612/1163/1112
f 744/1432/1359 748/1434/1361 612/1163/1112 610/1158/1109
f 604/1151/1103 603/1150/1102 742/1412/1340 608/1155/1107
f 3277/1438/1365 3279/1439/1366 3280/1440/1367 3275/1441/1368 3276/1442/1369
f 720/1383/1311 617/1175/1124 616/1443/1370 724/1388/1316
f 509/1263/1204 508/1275/1212 663/1268/1208 660/1264/1205
f 651/1444/1371 658/1261/1202 654/1248/1190 652/1247/1189
f 898/1214/1159 893/1218/1163 892/1445/1372 897/1446/1373
f 594/1138/1090 630/1194/1143 749/1447/1374 595/1139/1091
f 565/1099/1054 564/1098/1053 570/1102/1057 533/1448/1375
f 750/1449/1376 534/1450/1377 536/1451/1378 559/1452/1379
f 565/1099/1054 750/1449/1376 559/1452/1379 558/1097/1052
f 5499/1453/1380 5490/1454/1381 483/956/914
f 5490/1454/1381 5499/1453/1380 5500/1252/1194 5489/1251/1193
f 687/1022/977 751/1021/976 485/960/916 473/959/907
f 2572/1455/1382 3634/1456/1383 2573/1457/1384 2569/1458/1385 2568/1459/1386
f 2047/1460/1093 2048/1461/1387 2050/636/603 2051/635/602 2067/1462/1388
f 471/948/906 502/1463/934 494/973/928 468/944/902
f 502/1463/934 446/1280/1216 495/974/929 494/973/928
f 378/1464/624 372/304/289 373/303/288 151/302/287 129/531/184
f 2779/1465/1389 2808/1466/1390 2811/1467/1391 3674/1468/1392 2776/1469/1393 2777/1470/1394 2778/1471/1395
f 710/1472/799 702/1357/1283 705/1356/1286 707/1473/1396
f 708/1474/1397 707/1473/1396 705/1356/1286 704/1355/1285
f 709/1147/1099 708/1474/1397 704/1355/1285 706/745/708
f 747/1433/1360 724/1388/1316 616/1443/1370 614/1165/1114
f 746/1436/1363 722/1386/1314 724/1388/1316 747/1433/1360
f 728/1475/1398 723/1387/1315 722/1386/1314 746/1436/1363
f 728/1475/1398 727/1476/1399 725/1055/1010 723/1387/1315
f 1100/1477/1400 1082/1478/1401 1078/1479/1402 1096/1480/1403 1095/1481/1404 1099/1482/1405
f 919/1483/1406 952/1484/1407 921/1485/1408 922/1486/1409
f 3358/1487/1410 3353/896/856 3356/1488/1411 3357/1489/1412 3362/1490/1413 3361/1491/1414 3288/1492/1415 3363/1493/1416 3365/1494/1417
f 739/114/105 753/113/104 754/838/800 740/1415/1343
f 3475/1495/1418 2842/1496/1419 2841/1497/1420 2839/1498/1421 2840/1499/1422 3471/1500/1423 3472/1501/1424 3473/1502/1425 3474/1503/1426
f 100/157/146 67/128/117 85/120/111 98/1504/1427 99/1505/1428 109/165/154 102/158/147
f 1369/1506/1429 1309/1507/1430 1301/1508/1431 1304/1509/1432 2252/1510/1433
f 735/1511/1434 754/1512/800 755/1513/1435 712/1205/1150
f 712/1205/1150 755/1513/1435 756/1207/1152 711/1206/1151
f 3257/1514/1436 3057/1515/1437 3058/1516/1438 3258/1517/1439
f 634/1518/1440 531/1047/1002 530/1046/1001 632/1198/1145
f 452/1200/886 629/1195/1139 632/1198/1145 530/1046/1001
f 629/1190/1139 452/928/886 451/931/889 456/934/892
f 3083/1519/1441 2846/1520/1442 2709/1521/1443 3077/1522/1444 3080/1523/1445
f 5073/1524/1446 5072/1525/1447 5050/1526/1448 5084/1527/1449 5019/1528/1450 5018/1529/1451
f 4446/1530/1452 4478/1531/1453 4477/1532/1454 4465/1533/1455 4464/1534/1456 4469/1535/1457 4468/1536/1458
f 2064/1537/1459 2062/1538/1460 1870/1302/1234 1871/1305/1237
f 372/631/289 368/626/595 374/1539/290
f 683/1540/1461 682/1291/980 680/1288/1224 678/1290/1226
f 688/1541/1462 683/1540/1461 678/1290/1226 677/1542/1463
f 460/119/110 459/937/895 702/1351/1283 710/837/799
f 759/1543/1464 760/1079/1034 761/1078/1033 762/1544/1465
f 763/1545/1466 764/1546/1467 760/1079/1034 759/1543/1464
f 762/1547/1465 765/1548/1468 763/1545/1466 759/1543/1464
f 763/1545/1466 765/1548/1468 766/1549/1469 764/1546/1467
f 767/1550/1470 768/1551/1471 769/1552/1472 770/1553/1473
f 767/1554/1470 771/1555/1474 772/1556/1475 768/1557/1471
f 773/1558/1476 771/1555/1474 767/1554/1470 770/1559/1473
f 774/1560/1477 769/1552/1472 768/1551/1471 775/1561/1478
f 776/1562/1479 777/1563/1480 778/1564/1481 779/1565/1482
f 780/1009/964 781/1566/1483 782/1567/1484 783/1568/1485
f 3880/1569/1486 3836/1570/1487 3831/1571/1488 3830/1572/1489 3827/1573/1490 3832/1574/1491
f 785/1575/1492 784/1576/1493 786/1577/1494 787/1578/1495
f 788/1579/1496 785/1575/1492 787/1578/1495 789/1580/1497
f 765/1548/1468 790/1581/1498 791/1582/1499 771/1555/1474 773/1558/1476 766/1549/1469
f 762/1547/1465 792/1583/1500 790/1581/1498 765/1548/1468
f 762/1544/1465 761/1078/1033 793/1584/1501 792/1585/1500
f 781/1566/1483 780/1009/964 794/1008/963 795/1077/1032
f 778/1564/1481 777/1563/1480 796/1010/965
f 797/1586/1502 798/1587/1503 796/1010/965 777/1563/1480
f 799/1588/1504 800/1589/1505 798/1587/1503 797/1586/1502
f 801/1590/1506 802/1591/1507 799/1588/1504 797/1586/1502
f 797/1586/1502 777/1563/1480 776/1562/1479 801/1590/1506
f 3375/1592/1508 3347/1593/1509 3448/1594/1510 3295/1595/1511 3349/1596/1512 2525/1597/1513 3355/1598/1514
f 4969/1599/1515 4957/1600/1516 4956/1601/1517 4967/1602/1518 4966/1603/1519 4968/1604/1520
f 785/1575/1492 788/1579/1496 808/1605/1521 806/1606/1522
f 809/1607/1523 788/1579/1496 789/1580/1497 810/1608/1524
f 809/1607/1523 810/1608/1524 811/1609/1525 812/1610/1526
f 768/1551/1471 772/1611/1475 813/1612/1527 775/1561/1478
f 772/1611/1475 814/1613/1528 815/1614/1529 813/1612/1527
f 792/1585/1500 793/1584/1501 815/1614/1529 814/1613/1528
f 771/1555/1474 791/1582/1499 814/1615/1528 772/1556/1475
f 2849/1616/1530 3070/1617/1531 3065/1618/1532 3064/639/606 3076/1619/1533 2847/1620/1534 2555/1621/1535 2848/1622/1536
f 791/1582/1499 790/1581/1498 792/1583/1500 814/1615/1528
f 2789/1623/1537 2781/982/937 2782/981/936 2785/1624/1538 2787/1625/1539 2790/1626/1540
f 3396/1627/1541 3385/1003/958 3400/1002/957 3401/1628/1542 3398/1629/1543
f 1194/1630/1544 1524/1631/1545 1525/1632/1546 2404/1633/1547 2405/1634/1548 1067/1635/1549 1066/1636/1550 1522/1637/1551 1195/1638/1552 1196/1639/1553 1197/1640/1554
f 806/1606/1522 808/1605/1521 820/1641/1555 807/1642/1556
f 808/1605/1521 821/1643/1557 822/1644/1558 820/1641/1555
f 788/1579/1496 809/1607/1523 821/1643/1557 808/1605/1521
f 825/1645/1559 826/1646/1560 823/1647/1561 812/1610/1526
f 1922/1648/1562 1182/1649/1563 1692/1650/1564 1695/1651/1565
f 824/1652/1566 823/1647/1561 826/1646/1560 828/1653/1567
f 2834/1654/1568 2835/1655/1569 2458/1656/1570 2457/1657/1571
f 830/1658/1572 831/1659/1573 775/1561/1478 813/1612/1527
f 5515/579/554 5516/879/841 5492/878/840 5493/1660/1574 5494/580/555
f 832/1006/961 793/1584/1501 761/1078/1033 833/1007/962
f 812/1610/1526 823/1647/1561 824/1652/1566 822/1644/1558 821/1643/1557 809/1607/1523
f 764/1546/1467 835/1661/1575 834/1076/1031 760/1079/1034
f 764/1546/1467 766/1549/1469 836/1662/1576 835/1661/1575
f 2769/1663/1577 2768/1664/1578 3549/1665/1579 3548/1666/1580 3547/1667/1581 2771/1668/1582
f 770/1559/1473 840/1669/1583 839/1670/1584 773/1558/1476
f 769/1552/1472 841/1671/1585 840/1672/1583 770/1553/1473
f 774/1560/1477 842/1673/1586 841/1671/1585 769/1552/1472
f 831/1659/1573 842/1673/1586 774/1560/1477 775/1561/1478
f 835/1661/1575 836/1662/1576 787/1578/1495 786/1577/1494
f 789/1580/1497 787/1578/1495 836/1662/1576 837/1674/1587
f 837/1674/1587 838/1675/1588 810/1608/1524 789/1580/1497
f 838/1675/1588 839/1670/1584 811/1609/1525 810/1608/1524
f 811/1609/1525 839/1670/1584 840/1669/1583 843/1676/1589
f 841/1671/1585 844/1677/1590 843/1678/1589 840/1672/1583
f 842/1673/1586 845/1679/1591 844/1677/1590 841/1671/1585
f 842/1673/1586 831/1659/1573 829/1680/1592 845/1679/1591
f 795/1077/1032 834/1076/1031 835/1661/1575 786/1577/1494
f 795/1077/1032 786/1577/1494 784/1576/1493 781/1566/1483
f 812/1610/1526 811/1609/1525 843/1676/1589 825/1645/1559
f 844/1677/1590 827/1681/1593 825/1682/1559 843/1678/1589
f 845/1679/1591 817/1683/1594 827/1681/1593 844/1677/1590
f 845/1679/1591 829/1680/1592 816/1684/1595 817/1683/1594
f 780/1009/964 783/1568/1485 778/1564/1481 796/1010/965
f 846/1685/1596 847/1686/1597 848/1687/1598 849/1688/1599
f 850/1689/1600 846/1690/1596 849/1688/1599 851/1691/1601
f 852/1692/1602 853/1693/1603 854/1694/1604
f 855/1695/1605 856/1696/1606 857/1697/1607 858/1698/1608
f 859/1699/1609 858/1698/1608 857/1697/1607 852/1692/1602
f 860/1700/1610 861/1701/1611 862/1702/1612 863/1703/1613
f 864/1704/1614 865/1705/1615 863/1703/1613 862/1702/1612
f 866/1706/1616 867/1707/1617 863/1703/1613 865/1705/1615
f 868/1708/1618 869/1709/1619 865/1705/1615 864/1704/1614
f 866/1706/1616 865/1705/1615 869/1709/1619 870/1710/1620
f 871/1711/1621 872/1712/1622 870/1710/1620 869/1709/1619
f 851/1691/1601 870/1710/1620 872/1712/1622 850/1689/1600
f 873/1713/1623 874/1714/1624 850/1689/1600 872/1712/1622
f 874/1714/1624 875/1715/1625 846/1690/1596 850/1689/1600
f 876/1716/1626 867/1707/1617 848/1687/1598 847/1686/1597
f 866/1706/1616 849/1688/1599 848/1687/1598 867/1707/1617
f 851/1691/1601 849/1688/1599 866/1706/1616 870/1710/1620
f 860/1700/1610 863/1703/1613 867/1707/1617 876/1716/1626
f 877/1717/1627 861/1701/1611 860/1700/1610 878/1718/1628
f 879/1216/1161 880/1215/1160 881/1719/1629 877/1717/1627
f 877/1717/1627 881/1719/1629 882/1720/1630 861/1701/1611
f 883/1721/1631 868/1708/1618 864/1704/1614 884/1722/1632
f 885/1723/1633 886/1724/1634 868/1708/1618 883/1721/1631
f 886/1724/1634 871/1711/1621 869/1709/1619 868/1708/1618
f 887/1725/1635 873/1713/1623 872/1712/1622 871/1711/1621
f 854/1726/1604 874/1714/1624 873/1713/1623 888/1727/1636
f 852/1692/1602 889/1728/1637 890/1729/1638
f 891/1730/1639 892/1445/1372 859/1699/1609 890/1729/1638
f 893/1218/1163 858/1698/1608 859/1699/1609 892/1445/1372
f 894/1731/1640 856/1696/1606 855/1695/1605 895/1732/1641
f 875/1733/1625 853/1734/1603 856/1696/1606 894/1731/1640
f 894/1731/1640 847/1686/1597 846/1685/1596 875/1733/1625
f 853/1735/1603 875/1715/1625 874/1714/1624 854/1726/1604
f 895/1732/1641 876/1716/1626 847/1686/1597 894/1731/1640
f 878/1718/1628 860/1700/1610 876/1716/1626 895/1732/1641
f 895/1732/1641 855/1695/1605 896/1217/1162 878/1718/1628
f 879/1216/1161 877/1717/1627 878/1718/1628 896/1217/1162
f 2870/1736/1642 2463/1737/1643 2464/1738/1644 2876/984/939 2875/983/938 3718/1739/1645 2873/1740/1646
f 4661/1741/1647 4683/1742/1648 4696/1743/1649 4695/1744/1650 4662/1186/1135
f 281/454/437 198/663/630 131/199/187 130/198/186 435/849/811 279/451/434 278/450/433
f 902/1745/1651 888/1727/1636 873/1713/1623 887/1725/1635
f 890/1729/1638 889/1728/1637 903/1746/1652 891/1730/1639
f 904/1747/1653 900/1748/1654 901/1749/1655 905/1750/1656
f 859/1699/1609 852/1692/1602 890/1729/1638
f 900/1748/1654 904/1747/1653 903/1746/1652 902/1751/1651
f 889/1728/1637 888/1752/1636 902/1751/1651 903/1746/1652
f 888/1752/1636 889/1728/1637 852/1692/1602 854/1694/1604
f 853/1734/1603 852/1692/1602 857/1697/1607 856/1696/1606
f 896/1217/1162 855/1695/1605 858/1698/1608 893/1218/1163
f 907/1753/1657 908/1754/1658 909/1755/1659 910/1756/1660
f 914/1757/1661 909/1755/1659 908/1754/1658 915/1758/1662
f 912/1368/1296 916/1759/1663 917/1760/1664 918/1369/1297
f 3812/1761/1665 3821/1762/1666 3820/1763/1667 3809/1764/1668 3811/1765/1669
f 923/1766/1670 924/1767/1671 925/1768/1672 921/1485/1408
f 923/1766/1670 926/1769/1673 927/1770/1674 924/1767/1671
f 928/1771/1675 929/1772/1676 924/1767/1671 927/1770/1674
f 928/1771/1675 927/1770/1674 930/1773/1677 931/1774/1678
f 931/1774/1678 915/1775/1662 908/1776/1658 928/1771/1675
f 915/1775/1662 931/1774/1678 932/1777/1679 933/1778/1680
f 2402/1779/1681 1232/1780/1682 1231/1781/1683 2403/1782/1684
f 934/1783/1685 944/1784/1686 935/1785/1687 936/1786/1688 933/1787/1680
f 1439/1788/1689 1357/1789/1690 2417/1790/1691 1437/1791/1692 1436/272/257 1438/271/256
f 910/1756/1660 937/1792/1693 929/1772/1676 907/1753/1657
f 907/1753/1657 929/1772/1676 928/1771/1675 908/1776/1658
f 937/1792/1693 925/1768/1672 924/1767/1671 929/1772/1676
f 925/1768/1672 937/1792/1693 938/1793/1694 939/1794/1695
f 939/1794/1695 922/1486/1409 921/1485/1408 925/1768/1672
f 940/1371/1299 942/1795/1696 941/1403/1331 913/1372/1300
f 940/1371/1299 922/1486/1409 939/1794/1695 942/1795/1696
f 938/1793/1694 943/1796/1697 942/1795/1696 939/1794/1695
f 937/1792/1693 910/1756/1660 936/1786/1688 938/1793/1694
f 938/1793/1694 936/1786/1688 935/1797/1687 943/1796/1697
f 943/1796/1697 935/1797/1687 944/1798/1686 945/1404/1332
f 941/1403/1331 942/1795/1696 943/1796/1697 945/1404/1332
f 916/1759/1663 912/1368/1296 911/1406/1334 948/1799/1698
f 948/1800/1698 949/1801/1699 950/1802/1700 916/1803/1663
f 916/1803/1663 950/1802/1700 951/1804/1701 917/1805/1664
f 1555/1806/1702 1553/1807/1703 1554/1808/1704 1550/1809/1705 1549/1810/1706 1551/1811/1707
f 954/1812/1708 955/1813/1709 926/1769/1673 923/1766/1670
f 949/1801/1699 930/1773/1677 927/1770/1674 926/1769/1673
f 947/1814/1710 932/1777/1679 931/1774/1678 930/1773/1677
f 932/1815/1679 946/1405/1333 934/1816/1685 933/1817/1680
f 930/1773/1677 949/1801/1699 948/1800/1698 947/1814/1710
f 2892/1818/1711 2890/1819/1712 2581/1820/1713 2889/1821/1714 3711/1822/1715
f 955/1813/1709 954/1812/1708 953/1823/1716 956/1824/1717
f 944/1798/1686 934/1816/1685 946/1405/1333 945/1404/1332
f 1660/252/237 2190/257/242 2189/1825/1718 1661/1826/1719 1657/1827/1720 1659/1828/1721
f 957/1829/1722 958/1830/1723 959/1831/1724
f 960/1832/1725 961/1833/1726 962/1834/1727 963/1835/1728
f 965/1836/1729 960/1832/1725 963/1835/1728 966/1837/1730
f 967/1838/1731 969/1839/1732 970/1840/1733 971/1841/1734
f 972/1842/1735 973/1843/1736 974/1844/1737 970/1840/1733
f 975/1845/1738 976/1846/1739 974/1847/1737 977/1848/1740
f 974/1847/1737 976/1846/1739 971/1841/1734 970/1840/1733
f 976/1846/1739 975/1845/1738 978/1849/1741 968/1850/1742
f 968/1850/1742 967/1838/1731 971/1841/1734 976/1846/1739
f 3751/1851/1743 3750/1852/1744 3753/1853/1745 3752/1854/1746
f 1535/1855/1747 1425/1856/1748 1216/1857/1749 1215/1858/1750 1532/1859/1751 1530/717/680 1173/722/685 1172/1860/1752 1170/1861/1753
f 982/1862/1754 981/1863/1755 984/1864/1756 985/1865/1757
f 985/1865/1757 962/1834/1727 961/1833/1726 982/1862/1754
f 966/1837/1730 963/1835/1728 986/1866/1758 987/1867/1759
f 989/1868/1760 990/1869/1761 969/1839/1732 988/1870/1762
f 970/1840/1733 969/1839/1732 990/1869/1761 972/1842/1735
f 1547/1871/1763 1548/1872/1764 1552/1873/1765 1551/1811/1707 1549/1810/1706 1546/1874/1766
f 993/1875/1767 995/1876/1768 996/1877/1769 977/1878/1740
f 974/1844/1737 973/1843/1736 993/1879/1767 977/1880/1740
f 995/1876/1768 957/1829/1722 959/1831/1724 996/1877/1769
f 996/1881/1769 959/1882/1724 997/1883/1770 998/1884/1771
f 998/1884/1771 975/1845/1738 977/1848/1740 996/1881/1769
f 997/1883/1770 980/801/764 979/804/767 998/1884/1771
f 979/804/767 978/1849/1741 975/1845/1738 998/1884/1771
f 999/1885/1772 1000/1886/1773 980/801/764 997/1883/1770
f 1001/1887/1774 1002/1888/1775 987/1867/1759 986/1866/1758
f 1003/1889/1776 991/1890/1777 990/1869/1761 989/1868/1760
f 1004/1891/1778 1005/1892/1779 1006/1893/1780 994/1894/1781
f 957/1829/1722 995/1876/1768 994/1894/1781 1006/1893/1780
f 1006/1893/1780 1007/1895/1782 958/1830/1723 957/1829/1722
f 999/1885/1772 997/1883/1770 959/1882/1724 958/1830/1723
f 958/1830/1723 1007/1895/1782 1000/1886/1773 999/1885/1772
f 2633/1896/1783 2591/1897/1784 2590/1898/1785 2780/1899/1786 2643/1900/1787
f 1410/1901/1788 1409/1902/1789 1516/1903/1790 1518/1018/973 1517/1017/972 1515/1904/1791 1514/1905/1792
f 1011/1906/1793 984/1864/1756 981/1863/1755 1009/1907/1794
f 1015/1908/1795 1017/1909/1796 1018/1910/1797 1016/1911/1798 1012/1912/1799 1013/1913/1800 1014/1914/1801
f 1017/1909/1796 1019/1915/1802 1020/1916/1803 1018/1910/1797
f 1008/1917/1804 1007/1895/1782 1006/1893/1780 1005/1892/1779
f 1019/1915/1802 1009/1907/1794 1010/1918/1805 1020/1916/1803
f 1009/1907/1794 1019/1915/1802 1011/1906/1793
f 1021/1919/1806 1022/1920/1807 1011/1906/1793 1019/1915/1802
f 1023/1921/1808 1017/1909/1796 1015/1908/1795 1014/1922/1801
f 1023/1921/1808 1021/1919/1806 1019/1915/1802 1017/1909/1796
f 1012/1912/1799 1016/1911/1798 1002/1888/1775 1001/1887/1774
f 987/1867/1759 1002/1888/1775 989/1868/1760 988/1870/1762
f 1016/1911/1798 1003/1889/1776 989/1868/1760 1002/1888/1775
f 5188/1923/1809 5189/1924/1810 5152/1925/1811 5187/1926/1812
f 902/1745/1651 887/1725/1635 899/1927/1813 901/1928/1655 900/1929/1654
f 1018/1910/1797 1020/1916/1803 1005/1892/1779 1004/1891/1778
f 1010/1918/1805 1008/1917/1804 1005/1892/1779 1020/1916/1803
f 1024/1930/1814 1025/1931/1815 1026/1932/1816
f 899/1927/1813 887/1725/1635 871/1711/1621 886/1724/1634 885/1723/1633
f 1027/1933/1817 1028/1934/1818 1029/1935/1819 1030/1936/1820
f 5417/1937/1821 5425/1938/1822 5423/1939/1823 5424/1940/1824 5422/1941/1825 5418/1942/1826
f 1031/1943/1827 1032/1944/1828 1033/1945/1829 1034/1946/1830
f 1035/1947/1831 1036/1948/1832 1037/1949/1833 1038/1950/1834
f 1039/456/439 1040/455/438 1041/1951/1835 1042/1952/1017
f 1043/1953/1836 1044/1954/440 1039/1955/439 1042/1062/1017
f 1043/1953/1836 1045/1341/1273 1046/1956/1837 1044/1954/440
f 1041/1951/1835 1047/1957/1838 1048/1958/1018 1042/1952/1017
f 1049/1959/1839 1050/1087/1042 1051/1960/1840 1052/1961/1841
f 1050/1087/1042 1053/1092/1047 1054/1962/1842 1051/1960/1840
f 2813/1364/1292 2866/1963/1843 2868/1964/1844 2869/1965/1845 2872/1966/1846 3206/1967/1847 2802/1365/1293
f 1057/1089/1044 1058/1968/1848 1056/1091/1046 1055/1090/1045
f 1059/1088/1043 1050/1087/1042 1049/1959/1839 1060/1969/1849
f 1064/1970/1850 1065/1971/1851 1066/1636/1550 1067/1635/1549
f 1067/1635/1549 1068/1972/1852 1064/1970/1850
f 1463/424/409 1063/423/408 1071/1973/1853 1069/1974/1854 1064/1970/1850 1068/1972/1852
f 1069/1974/1854 1070/1975/1855 1065/1971/1851 1064/1970/1850
f 1071/1973/1853 1072/1976/1856 1070/1975/1855 1069/1974/1854
f 1073/1977/1857 1074/1978/1858 1075/1979/1859 1076/1980/1860
f 1074/1978/1858 1077/1981/1861 1078/1479/1402 1075/1979/1859
f 1079/1982/1862 1080/1983/1863 1081/1984/1864 1076/1980/1860
f 1078/1479/1402 1082/1478/1401 1083/1985/1865 1075/1979/1859
f 1075/1979/1859 1083/1985/1865 1079/1982/1862 1076/1980/1860
f 1084/1986/1866 1085/1987/1867 1086/1988/1868 1087/1989/1869
f 431/823/785 434/826/788 418/905/864 416/906/865 417/1990/1870
f 1085/1987/1867 1090/1991/1871 1089/1992/1872 1086/1988/1868
f 1091/683/650 1092/682/649 1086/1988/1868 1089/1992/1872
f 1094/1993/1873 1095/1481/1404 1096/1480/1403 1078/1994/1402
f 327/1995/1874 5513/290/275 5512/289/274 5511/1996/1875 178/1997/1876
f 3461/1998/1877 2521/576/551 2522/1999/1878 3456/523/503 3458/2000/1879
f 1462/2001/1880 2396/2002/1881 2394/1038/993 1460/1044/999 1459/2003/1882 1292/2004/1883 1060/2005/1849 1291/2006/1884 1456/2007/1885
f 1102/2008/1886 1103/2009/1887 1106/2010/1888 1104/219/207
f 1107/2011/1889 1108/2012/1890 1109/2013/1891 1110/2014/1892
f 1111/2015/1893 1112/2016/1894 1108/2012/1890 1107/2011/1889
f 1113/2017/1895 1114/2018/1896 1115/2019/1897 1116/2020/1898
f 1109/2013/1891 1113/2017/1895 1116/2020/1898 1110/2014/1892
f 1117/2021/1899 1118/2022/1900 1119/2023/1901 1120/2024/1902
f 3161/2025/1903 3167/2026/1904 2576/2027/1905 3156/1324/1256 3158/842/804 3157/841/803
f 1123/2028/1906 1122/2029/1907 1121/2030/1908
f 1124/2031/1909 1077/1981/1861 1125/2032/1910 1126/2033/1911
f 1126/2033/1911 1127/2034/1912 1128/2035/1913 1124/2031/1909
f 1129/2036/1914 1124/2031/1909 1128/2035/1913
f 1130/2037/1915 1131/2038/1916 1124/2039/1909 1129/2040/1914
f 1131/2038/1916 1095/2041/1404 1077/2042/1861 1124/2039/1909
f 186/284/269 185/283/268 340/2043/1917 341/582/557 342/581/556 344/585/559
f 829/1680/1592 831/1659/1573 830/1658/1572 800/1589/1505 816/1684/1595
f 1137/2044/1918 2122/1191/1140 1667/1193/1142 1665/2045/643 1349/2046/642 1669/2047/1919 1670/796/759 1138/795/758 1136/2048/1920
f 537/1126/1080 538/1064/1019 541/1067/1022 536/1451/1378 535/1127/1081
f 1295/2049/1921 1298/2050/1922 1296/2051/1923 1291/2052/1884 1293/2053/1924 1294/2054/1925
f 2526/2055/1926 2867/2056/1927 2865/2057/1928 2527/2058/1929 2528/2059/1930 2472/1182/1131
f 1145/2060/1931 1143/1256/1198 1084/1986/1866 1087/1989/1869
f 1146/2061/1932 1147/1257/1199 1143/1256/1198 1145/2060/1931
f 1154/2062/1933 1157/2063/1934 1158/2064/1935 1155/2065/1936
f 1161/2066/1937 1162/2067/1938 1081/2068/1864 1080/2069/1863
f 1148/1285/1221 1163/2070/1939 1164/727/690 1149/726/689
f 3657/2071/1940 3656/2072/1941 3653/2073/1942 3652/2074/1943 3651/2075/1944
f 1079/1982/1862 1083/1985/1865 1082/1478/1401 1100/1477/1400 1088/2076/1945 1090/1991/1871 1167/2077/1946 1160/2078/1947 1142/2079/1948 1080/1983/1863
f 1167/2077/1946 1090/1991/1871 1085/1987/1867 1160/2078/1947
f 1289/2080/1949 1288/2081/1950 2196/2082/1951 2195/2083/1952 2194/2084/1953 1151/1282/1218
f 1168/2085/1954 1169/2086/1955 1170/1861/1753 1171/721/684
f 1170/1861/1753 1172/1860/1752 1173/722/685 1171/721/684
f 3085/2087/1956 3088/2088/1957 2557/2089/1958 2555/2090/1535 2556/2091/1959
f 2776/1469/1393 3674/1468/1392 3666/2092/1960 3672/2093/1961 2774/2094/1962
f 1180/2095/1963 1181/149/138 1182/1649/1563 1183/2096/1964
f 1177/2097/1965 1184/150/139 1181/149/138 1180/2095/1963
f 1183/2096/1964 1186/2098/1966 1185/2099/1967 1180/2095/1963
f 1187/2100/1968 1188/2101/1969 1189/2102/1970
f 4354/2103/1971 4353/2104/1972 4318/2105/1973 4319/2106/1974 4320/2107/1975
f 1192/2108/1976 1193/2109/1977 1189/2102/1970 1188/2101/1969
f 1192/2108/1976 1188/2101/1969 1190/2110/1978
f 1197/1640/1554 1171/2111/684 1200/2112/683 1194/1630/1544
f 1201/2113/1979 1202/2114/1980 1203/2115/1981 1204/2116/1982
f 1205/2117/1983 1206/2118/1984 1202/2114/1980 1201/2113/1979
f 1207/2119/1985 1206/2120/1984 1205/2121/1983 1208/2122/1986
f 1209/2123/1987 1165/728/691 1203/2115/1981 1210/2124/1988
f 1202/2114/1980 1211/2125/1989 1210/2124/1988 1203/2115/1981
f 1206/2118/1984 1212/2126/1990 1211/2125/1989 1202/2114/1980
f 3241/2127/1991 3061/2128/1992 3062/2129/1993 3063/2130/1994 3243/2131/1995
f 1216/1857/1749 1217/2132/1996 1218/2133/1997 1219/2134/1998
f 3158/842/804 3156/1324/1256 3293/895/855 3351/894/854 3294/2135/1999 3296/843/805
f 2027/2136/2000 2028/2137/2001 2022/2138/2002 2023/2139/2003 2019/2140/2004 2025/2141/2005 2030/2142/2006 2029/2143/2007 1954/2144/2008
f 1222/2145/2009 1223/2146/2010 1224/2147/2011 1225/2148/2012
f 1205/2121/1983 1226/2149/2013 1223/2146/2010 1222/2145/2009
f 1227/247/232 1228/2150/2014 1229/2151/2015 1230/248/233
f 1235/2152/2016 1236/2153/2017 1237/2154/2018 1238/2155/2019
f 1239/2156/2020 1240/2157/2021 1236/2153/2017 1235/2152/2016
f 1241/2158/2022 1242/2159/2023 1243/2160/2024 1238/2161/2019
f 1235/2162/2016 1244/2163/2025 1245/2164/2026 1239/2165/2020
f 1238/2161/2019 1243/2160/2024 1244/2163/2025 1235/2162/2016
f 1246/2166/2027 1247/2167/2028 1248/2168/2029 1249/2169/2030
f 1250/2170/2031 1246/2166/2027 1249/2169/2030 1251/2171/2032
f 2520/575/550 2523/574/549 2524/1333/1265 3032/2172/2033 3033/2173/2034 3031/2174/2035
f 1256/2175/2036 1257/1409/1337 1258/2176/2037 1259/2177/2038
f 2855/2178/2039 3641/2179/2040 2312/2180/2041 1482/2181/2042 1485/2182/2043 3741/2183/2044 2854/2184/2045
f 1259/2177/2038 1258/2176/2037 1261/2185/2046 1262/2186/2047
f 1259/2177/2038 1262/2186/2047 1263/2187/2048 1256/2175/2036
f 1265/2188/2049 1266/2189/2050 1267/2190/2051 1268/2191/2052
f 1268/2191/2052 1267/2190/2051 1269/2192/2053 1270/2193/2054
f 4553/2194/2055 4554/2195/2056 4555/1397/1325 4550/1402/1330 4551/2196/2057 4552/2197/2058
f 1273/2198/2059 1274/2199/2060 1269/2192/2053 1267/2190/2051
f 1273/2198/2059 1267/2190/2051 1266/2189/2050 1275/2200/2061
f 1275/2200/2061 1276/2201/2062 1274/2199/2060 1273/2198/2059
f 3920/2202/2063 3815/2203/2064 3922/2204/2065 3921/2205/2066 3918/2206/2067 3810/2207/2068
f 2655/2208/2069 2657/2209/2070 2660/2210/2071 2656/2211/2072 2444/2212/2073
f 1283/2213/2074 1284/2214/2075 1285/2215/2076 1286/2216/2077
f 1287/725/688 1288/2217/1950 1289/2218/1949 1290/1286/1222
f 1290/2219/1222 1289/2080/1949 1151/1282/1218 1150/1281/1217
f 2471/2220/2078 2470/2221/2079 2526/2222/1926 2544/2223/2080 2486/2224/2081
f 3709/2225/2082 2832/2226/2083 2826/534/511 2669/533/510 2453/2227/2084 2670/2228/2085 2829/2229/2086 2830/2230/2087 3707/2231/2088
f 2669/2232/510 2675/2233/514 2676/2234/2089 2671/2235/2090 2672/2236/2091 2673/2237/2092
f 1299/2238/2093 1300/2239/2094 1073/1977/1857 1076/1980/1860
f 1301/1508/1431 1302/2240/2095 1303/2241/2096 1304/1509/1432
f 1305/2242/2097 1306/2243/2098 1302/2240/2095 1301/1508/1431
f 1305/2242/2097 1307/2244/2099 1308/2245/2100 1306/2243/2098
f 1305/2242/2097 1301/1508/1431 1309/1507/1430 1307/2244/2099
f 1310/2246/2101 1311/2247/2102 1312/2248/2103 1313/2249/2104
f 1311/2247/2102 1314/2250/2105 1315/2251/2106 1312/2248/2103
f 1312/2248/2103 1315/2251/2106 1316/2252/2107 1313/2249/2104
f 2127/2253/2108 1133/2254/2109 1134/2255/2110 1132/2256/2111 2130/2257/2112
f 2704/2258/2113 2705/2259/2114 2700/2260/2115 2701/2261/2116 2698/2262/2117 2699/2263/2118
f 1281/2264/2119 1786/2265/2120 1952/2266/2121 1282/2267/2122
f 3266/2268/2123 3267/2269/2124 2702/2270/2125 2703/2271/2126 2701/2261/2116 2700/2260/2115
f 1329/915/874 1330/914/873 1331/2272/2127 1332/2273/2128
f 3238/2274/2129 3079/2275/2130 2706/2276/2131 2707/2277/2132 2708/2278/2133
f 1339/2279/2134 1340/2280/2135 1341/2281/2136 1342/2282/2137
f 1341/2281/2136 1343/2283/2138 1342/2282/2137
f 1342/2282/2137 1344/2284/623 1345/2285/622 1339/2279/2134
f 1092/682/649 1346/2286/2139 1086/1988/1868
f 1087/1989/1869 1086/1988/1868 1346/2286/2139 1347/2287/2140
f 1348/2288/2141 1349/2046/642 1350/2289/585 1351/2290/2142
f 1351/2290/2142 1350/2289/585 1296/2051/1923 1298/2050/1922
f 1352/2291/2143 1353/2292/2144 1354/2293/2145 1355/2294/2146
f 1352/2291/2143 1355/2294/2146 1356/724/687 1357/1789/1690
f 1352/2291/2143 1357/1789/1690 1314/2250/2105 1353/2292/2144
f 1303/2241/2096 1362/2295/2147 1363/2296/2148 1304/1509/1432
f 5357/2297/2149 5366/2298/2150 5358/2299/2151 5359/2300/2152 5342/2301/2153
f 1025/1931/1815 1367/2302/2154 1026/1932/1816
f 1026/1932/1816 1368/2303/2155 1369/1506/1429 1024/1930/1814
f 1373/2304/2156 1375/2305/2157 1376/2306/2158 1377/2307/2159
f 4227/2308/2160 4226/2309/2161 4253/2310/2162 4254/2311/2163 4252/2312/2164 4251/2313/2165 4250/2314/2166 4239/2315/2167
f 1382/2316/2168 1383/2317/2169 1384/2318/2170 1385/2319/2171
f 1386/2320/2172 1387/2321/2173 1388/2322/2174 1383/2323/2169
f 1171/2111/684 1197/1640/1554 1388/2322/2174 1387/2321/2173
f 1386/2324/2172 1383/2317/2169 1382/2316/2168
f 1379/2325/2175 1384/2326/2170 1383/2323/2169 1378/2327/2176
f 1389/2328/2177 1390/2329/2178 1391/2330/2179 1392/2331/2180
f 1390/2329/2178 1393/2332/2181 1394/2333/2182 1391/2330/2179
f 1396/268/253 1390/2334/2178 1389/2335/2177 1395/2336/2183 2281/2337/2184 2280/265/250
f 2763/2338/2185 3574/2339/2186 3573/2340/2187 2767/2341/2188 2765/2342/2189 2762/2343/2190
f 1398/2344/2191 1399/2345/2192 1311/2247/2102 1310/2246/2101
f 2752/390/375 3737/2346/2193 2748/2347/2194 2745/2348/2195 2747/375/360
f 1402/2349/2196 1264/2350/2197 1403/2351/2198 1404/2352/2199
f 1932/2353/2200 1323/2354/2201 1322/2355/2202 1326/2356/2203 1325/2357/2204 1933/2358/2205
f 1404/2352/2199 1405/269/254 1408/275/260 1402/2349/2196
f 3233/1011/966 3229/2359/2206 3428/1107/1062 3427/1012/967
f 119/188/176 118/187/175 180/312/297 376/311/296 438/310/295 164/235/221 163/234/220 165/238/223
f 2783/2360/2207 2788/2361/2208 2784/778/741 2785/1624/1538 2782/981/936
f 1414/2362/2209 1412/2363/2210 1413/2364/2211 1415/2365/2212
f 2628/2366/2213 2630/641/608 3066/640/607 2607/2367/2214 2606/2368/2215
f 1420/2369/2216 1421/2370/2217 1365/2371/2218 1364/2372/2219
f 1217/2373/1996 1420/2369/2216 1364/2372/2219 1218/2374/1997
f 1422/2375/2220 1423/2376/2221 1424/2377/2222 1217/2378/1996
f 1217/2132/1996 1216/1857/1749 1425/1856/1748 1422/2379/2220
f 393/715/679 391/711/677 395/903/863 324/2380/2223 439/2381/2224 404/2382/2225 403/2383/2226 323/2384/2227 322/2385/2228 177/539/516 176/2386/2229
f 1426/2387/2230 1427/2388/2231 1421/2389/2217 1420/2390/2216
f 1424/2391/2222 1426/2387/2230 1420/2390/2216 1217/2392/1996
f 3044/2393/2232 2627/2394/2233 3041/2395/2234 3043/2396/2235
f 1275/2200/2061 1116/2020/1898 1115/2019/1897 1276/2201/2062
f 1110/2014/1892 1116/2020/1898 1275/2200/2061 1266/2189/2050
f 1505/2397/2236 1142/2079/1948 1084/1986/1866 1143/1256/1198 1144/2398/1197 1503/2399/2237
f 1431/2400/2238 1429/2401/2239 1430/2402/2240 1432/2403/2241
f 1077/1981/1861 1074/1978/1858 1433/2404/2242 1125/2032/1910
f 1074/1978/1858 1073/1977/1857 1434/2405/2243 1433/2404/2242
f 270/2406/421 272/2407/425 274/411/396 314/414/399 313/753/716 312/756/719
f 1406/273/258 1436/272/257 1437/1791/1692 1407/274/259
f 3554/2408/2244 3602/2409/2245 3557/2410/2246 3555/2411/2247 3556/2412/2248
f 1300/2413/2094 1299/2414/2093 1444/2415/2249 1445/2416/2250
f 1445/2416/2250 1446/2417/2251 1447/2418/2252 1300/2413/2094
f 1445/2416/2250 1444/2415/2249 1448/425/410 1446/2417/2251
f 1449/2419/2253 1201/2113/1979 1204/2116/1982 1450/2420/2254
f 1226/2421/2013 1205/2117/1983 1201/2113/1979 1449/2419/2253
f 1451/2422/2255 1452/2423/2256 1359/2424/2257 1358/2425/2258
f 1453/2426/2259 1454/2427/2260 1169/2428/1955 1168/2429/1954
f 1386/2324/2172 1382/2316/2168 1453/2426/2259 1168/2429/1954
f 1455/619/589 1457/2430/2261 1458/2431/2262 1456/2007/1885
f 2652/2432/2263 2651/2433/2264 3113/2434/2265 3111/2435/2266 3110/2436/2267
f 84/138/127 51/78/69 59/86/77 82/136/125
f 1461/2437/2268 1462/2001/1880 1456/2007/1885 1458/2431/2262
f 4211/2438/2269 4219/2439/2270 4220/612/582 4209/611/581
f 3466/343/328 3465/2440/2271 2516/2441/2272 2517/344/329
f 1435/2442/2273 1207/2119/1985 1208/2122/1986 1468/2443/2274
f 1470/2444/2275 1469/2445/2276 1471/2446/2277
f 1474/2447/2278 1475/2448/2279 1476/2449/2280 1477/2450/2281
f 1478/2451/2282 1479/2452/2283 1480/2453/2284 1481/2454/2285
f 1477/2450/2281 1478/2451/2282 1481/2454/2285 1474/2447/2278
f 1482/2181/2042 1483/2455/2286 1484/2456/2287 1485/2182/2043
f 3282/2457/2288 3278/2458/2289 3446/2459/2290 3286/2460/2291 3285/2461/2292
f 1448/425/410 1444/2415/2249 2416/2462/2293 1162/2067/1938 1061/426/411
f 3511/2463/2294 2502/2464/2295 2501/2465/2296 2801/2466/2297 3525/2467/2298 3510/2468/2299
f 981/1863/1755 982/1862/1754 983/802/765 980/801/764 1000/1886/1773
f 1030/1936/1820 1029/1935/1819 1496/2469/2300 1495/2470/2301
f 1036/1948/1832 1035/1947/1831 1496/2469/2300 1029/1935/1819
f 1465/2471/2302 1497/2472/2303 1495/2470/2301 1496/2469/2300
f 1497/2472/2303 1117/2021/1899 1120/2024/1902 1495/2470/2301
f 1035/1947/1831 1466/2473/2304 1465/2471/2302 1496/2469/2300
f 1498/2474/2305 1499/2475/2306 1147/1257/1199 1146/2061/1932
f 1087/1989/1869 1347/2287/2140 1500/2476/2307 1145/2060/1931
f 1494/2477/2308 1491/2478/2309 1490/2479/2310 1500/2476/2307
f 1500/2476/2307 1490/2479/2310 1146/2061/1932 1145/2060/1931
f 1442/1258/1200 1147/1257/1199 1499/2475/2306 1443/2480/2311
f 2531/2481/2312 2528/2059/1930 2527/2058/1929 2863/2482/2313 2814/2483/2314
f 1501/2484/1201 1442/2485/1200 1441/2486/2315 1502/2487/2316
f 1502/2487/2316 1503/2399/2237 1144/2398/1197 1501/2484/1201
f 2813/1364/1292 2812/1363/1291 2864/2488/2317 2865/2057/1928 2866/1963/1843
f 1504/2489/2318 1506/421/406 1505/2397/2236 1503/2399/2237
f 1062/427/412 1161/2066/1937 1505/2397/2236 1506/421/406
f 2418/684/651 2419/2490/2319 1308/2245/2100 1307/2244/2099 1309/1507/1430 1428/685/652
f 3600/2491/2320 3577/2492/2321 3579/2493/2322 3578/2494/2323 3576/2495/2324 3575/2496/2325 2569/2497/1385 2573/2498/1384
f 5511/1996/1875 5510/2499/2326 5509/2500/2327 175/2501/2328 178/1997/1876
f 1513/2502/2329 1514/1905/1792 1515/1904/1791 1072/1976/1856
f 2107/2503/2330 2110/2504/2331 1872/2505/2332 1873/2506/2333
f 1517/1017/972 1070/1975/1855 1072/1976/1856 1515/1904/1791
f 1702/2507/2334 1908/2508/2335 1910/2509/2336 1925/2510/2337 1699/2511/2338
f 1516/1903/1790 1519/2512/2339 1520/2513/2340 1518/1018/973
f 1511/810/773 1840/333/318 1837/332/317 1839/2514/2341 1512/2515/2342 1509/2516/2343 1508/2517/2344
f 1523/2518/2345 1195/1638/1552 1522/1637/1551 1521/1015/970
f 1518/1018/973 1520/2513/2340 1523/2518/2345 1521/1015/970
f 1526/2519/2346 1527/2520/2347 1525/1632/1546 1524/1631/1545
f 1194/1630/1544 1200/2112/683 1526/2519/2346 1524/1631/1545
f 1200/720/683 1528/719/682 1529/2521/2348 1526/2522/2346
f 5070/2523/2349 5017/2524/2350 5016/2525/2351 5028/2526/2352 5069/2527/2353
f 402/736/699 423/2528/2354 419/2529/2355 417/1990/1870 422/2530/2356 421/2531/2357 398/2532/2358 399/734/697 400/737/700
f 2378/1041/996 1613/1040/995 1617/2533/2359 2381/2534/2360 2380/2535/2361
f 1214/2536/2362 1128/2035/1913 1127/2034/1912 1533/2537/2363
f 1213/2538/2364 1129/2036/1914 1128/2035/1913 1214/2536/2362
f 1088/2076/1945 1100/1477/1400 1129/2036/1914 1213/2538/2364
f 1533/2537/2363 1127/2034/1912 1531/718/681 1530/717/680
f 1170/1861/1753 1169/2086/1955 1534/2539/2365 1535/1855/1747
f 5425/1938/1822 5417/1937/1821 5402/2540/2366 5401/2541/2367 5374/2542/2368 5382/2543/2369 5400/2544/2370 5415/2545/2371
f 1535/1855/1747 1534/2539/2365 1422/2379/2220 1425/1856/1748
f 1169/2428/1955 1454/2427/2260 1536/2546/2372 1534/2547/2365
f 1537/2548/2373 1538/2549/2374 1539/2550/2375 1540/2551/2376
f 1540/2551/2376 1539/2550/2375 1541/2552/2377 1542/2553/2378
f 1539/2550/2375 1536/2546/2372 1454/2427/2260 1541/2552/2377
f 1542/2553/2378 1543/2554/2379 1545/2555/2380 1540/2551/2376
f 2972/2556/2381 2909/1429/1357 2906/2557/2382 2968/2558/2383
f 1547/1871/1763 1546/1874/1766 1543/2554/2379 1542/2553/2378
f 1542/2553/2378 1541/2552/2377 1548/1872/1764 1547/1871/1763
f 1541/2552/2377 1454/2427/2260 1453/2426/2259 1548/1872/1764
f 1093/2559/2384 1091/683/650 1089/1992/1872 1090/1991/1871 1088/2076/1945
f 638/2560/707 504/1354/706 5506/775/738 5505/774/737 640/2561/1158
f 1453/2426/2259 1382/2316/2168 1552/1873/1765 1548/1872/1764
f 575/1109/1064 615/1166/1115 618/1174/1123 576/1116/1071
f 1551/1811/1707 1552/1873/1765 1556/2562/2385 1555/1806/1702
f 1552/1873/1765 1382/2316/2168 1385/2319/2171 1556/2562/2385
f 1557/2563/2386 1558/2564/2387 1554/1808/1704 1553/1807/1703
f 1559/2565/2388 1557/2563/2386 1553/1807/1703 1555/1806/1702
f 1560/2566/2389 1561/2567/2390 1557/2563/2386 1559/2565/2388
f 1561/2567/2390 1562/2568/2391 1558/2564/2387 1557/2563/2386
f 1563/2569/2392 1564/2570/2393 1565/2571/2394 1566/2572/2395
f 1559/2565/2388 1566/2572/2395 1565/2571/2394 1560/2566/2389
f 1555/1806/1702 1556/2562/2385 1566/2572/2395 1559/2565/2388
f 1556/2562/2385 1385/2319/2171 1563/2569/2392 1566/2572/2395
f 1567/2573/2396 1568/2574/2397 1562/2568/2391 1561/2567/2390
f 1569/2575/2398 1567/2573/2396 1561/2567/2390 1560/2566/2389
f 1565/2571/2394 1570/2576/2399 1569/2575/2398 1560/2566/2389
f 1564/2570/2393 1571/2577/2400 1570/2576/2399 1565/2571/2394
f 1571/2577/2400 1564/2570/2393 1572/2578/2401 1573/2579/2402
f 1574/2580/2403 1575/2581/2404 1576/2582/2405 1577/2583/2406
f 1570/2576/2399 1574/2580/2403 1577/2583/2406 1569/2575/2398
f 1571/2577/2400 1578/2584/2407 1574/2580/2403 1570/2576/2399
f 1578/2584/2407 1427/2388/2231 1575/2581/2404 1574/2580/2403
f 1573/2579/2402 1579/2585/2408 1578/2584/2407 1571/2577/2400
f 1579/2585/2408 1421/2389/2217 1427/2388/2231 1578/2584/2407
f 1580/2586/2409 1581/2587/2410 1568/2574/2397 1567/2573/2396
f 1580/2586/2409 1567/2573/2396 1569/2575/2398 1577/2583/2406
f 1582/2588/2411 1580/2586/2409 1577/2583/2406 1576/2582/2405
f 1582/2588/2411 1583/2589/2412 1581/2587/2410 1580/2586/2409
f 1584/2590/2413 1585/2591/2414 1586/2592/2415 1587/2593/2416
f 1582/2588/2411 1584/2590/2413 1587/2593/2416 1583/2589/2412
f 1576/2582/2405 1588/2594/2417 1584/2590/2413 1582/2588/2411
f 1588/2594/2417 1589/2595/2418 1585/2591/2414 1584/2590/2413
f 1590/2596/2419 1591/2597/2420 1589/2595/2418 1588/2594/2417
f 1575/2581/2404 1590/2596/2419 1588/2594/2417 1576/2582/2405
f 1427/2388/2231 1426/2387/2230 1590/2596/2419 1575/2581/2404
f 1426/2387/2230 1424/2391/2222 1591/2597/2420 1590/2596/2419
f 1591/2598/2420 1424/2377/2222 1423/2376/2221 1538/2549/2374
f 1537/2548/2373 1589/2599/2418 1591/2598/2420 1538/2549/2374
f 1594/2600/2421 1595/2601/2422 1586/2602/2415 1593/2603/2423
f 1596/2604/2424 1595/2601/2422 1594/2600/2421 1597/2605/2425
f 1598/2606/2426 1599/2607/2427 1597/2605/2425 1594/2600/2421
f 1544/2608/2428 1598/2606/2426 1594/2600/2421 1593/2603/2423
f 1592/2609/2429 1545/2555/2380 1544/2608/2428 1593/2603/2423
f 1537/2548/2373 1540/2551/2376 1545/2555/2380 1592/2609/2429
f 1600/2610/2430 1601/2611/2431 1602/2612/2432 1603/2613/2433
f 1599/2607/2427 1600/2610/2430 1603/2613/2433 1597/2605/2425
f 1604/2614/2434 1605/2615/2435 1601/2611/2431 1600/2610/2430
f 1606/2616/2436 1604/2614/2434 1600/2610/2430 1599/2607/2427
f 1599/2607/2427 1598/2606/2426 1607/2617/2437 1606/2616/2436
f 1608/2618/2438 1609/1039/994 1605/2615/2435 1604/2614/2434
f 1608/2618/2438 1604/2614/2434 1606/2616/2436 1610/2619/2439
f 1611/2620/2440 1610/2619/2439 1606/2616/2436 1607/2617/2437
f 1612/2621/2441 1613/1040/995 1609/1039/994 1608/2618/2438
f 1612/2621/2441 1608/2618/2438 1610/2619/2439 1614/2622/2442
f 1611/2620/2440 1615/2623/2443 1614/2622/2442 1610/2619/2439
f 1616/2624/2444 1617/2533/2359 1613/1040/995 1612/2621/2441
f 1618/2625/2445 1616/2624/2444 1612/2621/2441 1614/2622/2442
f 1614/2622/2442 1615/2623/2443 1619/2626/2446 1618/2625/2445
f 1615/2623/2443 1550/1809/1705 1554/1808/1704 1619/2626/2446
f 1620/2627/2447 1621/2628/2448 1617/2533/2359 1616/2624/2444
f 2868/1964/1844 2455/2629/2449 2456/2630/2450 2838/2631/2451 2836/2632/2452 2833/2633/2453 2454/2634/2454 2869/1965/1845
f 1623/2635/2455 1624/2636/2456 1620/2627/2447 1622/2637/2457
f 1624/2636/2456 1625/2638/2458 1621/2628/2448 1620/2627/2447
f 1626/2639/2459 1558/2564/2387 1562/2568/2391 1627/2640/2460
f 1622/2637/2457 1626/2639/2459 1627/2640/2460 1623/2635/2455
f 1619/2626/2446 1554/1808/1704 1558/2564/2387 1626/2639/2459
f 1628/2641/2461 1629/2642/2462 1625/2638/2458 1624/2636/2456
f 1630/2643/2463 1628/2641/2461 1624/2636/2456 1623/2635/2455
f 1623/2635/2455 1627/2640/2460 1631/2644/2464 1630/2643/2463
f 1627/2640/2460 1562/2568/2391 1568/2574/2397 1631/2644/2464
f 1632/2645/2465 1633/2646/2466 1629/2642/2462 1628/2641/2461
f 1634/2647/2467 1632/2645/2465 1628/2641/2461 1630/2643/2463
f 1635/2648/2468 1636/2649/2469 1632/2645/2465 1634/2647/2467
f 1636/2649/2469 1637/2650/2470 1633/2646/2466 1632/2645/2465
f 1638/2651/2471 1581/2587/2410 1583/2589/2412 1639/2652/2472
f 1634/2647/2467 1638/2651/2471 1639/2652/2472 1635/2648/2468
f 1630/2643/2463 1631/2644/2464 1638/2651/2471 1634/2647/2467
f 1631/2644/2464 1568/2574/2397 1581/2587/2410 1638/2651/2471
f 1640/2653/2473 1641/2654/2474 1637/2650/2470 1636/2649/2469
f 1642/2655/2475 1640/2653/2473 1636/2649/2469 1635/2648/2468
f 1596/2656/2424 1643/2657/2476 1640/2653/2473 1642/2655/2475
f 1643/2657/2476 1644/2658/2477 1641/2654/2474 1640/2653/2473
f 1595/2659/2422 1596/2656/2424 1642/2655/2475 1645/2660/2478
f 1645/2660/2478 1642/2655/2475 1635/2648/2468 1639/2652/2472
f 1583/2589/2412 1587/2593/2416 1645/2660/2478 1639/2652/2472
f 1587/2593/2416 1586/2592/2415 1595/2659/2422 1645/2660/2478
f 1646/2661/2479 1637/2650/2470 1641/2654/2474 1647/2662/2480
f 1647/2662/2480 1641/2654/2474 1644/2658/2477 1648/2663/2481
f 3011/2664/2482 3007/2665/2483 3008/2666/2484 3708/2667/2485
f 3708/2667/2485 3008/2666/2484 3009/2668/2486 3704/2669/2487
f 1602/2612/2432 1649/2670/2488 1648/2671/2481 1644/2672/2477
f 1644/2672/2477 1643/2673/2476 1603/2613/2433 1602/2612/2432
f 1643/2673/2476 1596/2604/2424 1597/2605/2425 1603/2613/2433
f 1652/2674/2489 1653/2675/2490 1650/2676/2491 1651/2677/2492
f 1458/2431/2262 1652/2674/2489 1651/2677/2492 1461/2437/2268
f 2511/2678/2493 2512/2679/2494 2508/2680/2495 2509/2681/2496 2466/2682/2497 2510/2683/2498
f 1649/2670/2488 1602/2612/2432 1601/2611/2431 1654/2684/2499
f 1655/2685/2500 1656/2686/1276 1653/2675/2490 1652/2674/2489
f 1652/2674/2489 1458/2431/2262 1457/2430/2261 1655/2685/2500
f 1657/1827/1720 1658/2687/1272 1656/2686/1276 1655/2685/2500
f 1655/2685/2500 1457/2430/2261 1659/1828/1721 1657/1827/1720
f 3521/2688/2501 3022/2689/2502 3020/2690/2503 3019/2691/2504 3021/2692/2505 3522/2693/2506
f 1659/1828/1721 1662/618/588 1663/2694/238 1660/2695/237
f 1457/2430/2261 1455/619/589 1662/618/588 1659/1828/1721
f 1662/618/588 1664/617/587 1665/676/643 1663/2694/238
f 1350/615/585 1297/620/590 1296/2696/1923
f 1667/1193/1142 1668/254/239 1663/253/238 1665/2045/643
f 99/2697/1428 98/1504/1427 111/174/162 109/173/154
f 1349/2046/642 1348/2288/2141 1670/796/759 1669/2047/1919
f 1416/2698/2507 1412/2363/2210 1101/2699/2508 1813/2700/2509 1811/2701/2510 1809/2702/2511
f 1673/2703/2512 1672/797/760 1670/796/759 1348/2288/2141
f 1674/2704/2513 1671/792/755 1672/797/760 1675/2705/2514
f 1674/2704/2513 1159/2706/2515 1139/793/756 1671/792/755
f 1673/2703/2512 1676/2707/2516 1675/2705/2514 1672/797/760
f 1247/2708/2028 1246/2709/2027 1676/2707/2516 1677/2710/2517
f 1676/2707/2516 1673/2703/2512 1678/2711/2518 1677/2710/2517
f 1246/2709/2027 1679/2712/2519 1675/2705/2514 1676/2707/2516
f 1680/2713/2520 1674/2704/2513 1675/2705/2514 1679/2712/2519
f 1681/2714/542 1159/2706/2515 1674/2704/2513 1680/2713/2520
f 1679/2715/2519 1246/2166/2027 1250/2170/2031 1680/2716/2520
f 2959/2717/2521 2968/2558/2383 2906/2557/2382 2907/2718/2522 2908/2719/2523
f 1682/564/541 1683/563/540 1686/251/236 1684/250/235 1929/645/612
f 3832/1574/1491 3827/1573/1490 3826/2720/2524 3825/2721/2525 3813/2722/2526 3814/2723/2527 3815/2203/2064 3920/2202/2063 3932/2724/2528 3816/2725/2529
f 1688/152/141 1230/248/233 1229/2151/2015 1689/153/142
f 3262/2726/2530 3261/2727/2531 3048/2728/2532 3049/2729/2533 3046/2730/2534
f 1690/154/143 1691/2731/2535 1692/1650/1564 1693/155/144
f 1335/2732/2536 1338/2733/2537 1336/2734/2538 1890/2735/2539 1887/2736/2540 1337/2737/2541 1334/2738/2542
f 1689/153/142 1229/2151/2015 1691/2731/2535 1690/154/143
f 1715/917/876 1716/2739/2543 1719/2740/2544 1903/2741/2545 1901/2742/2546 1899/2743/2547 1906/2744/2548 1905/2745/2549 1902/913/872
f 1694/2746/2550 1255/2747/2551 1696/2748/2552 1697/2749/2553
f 1419/681/648 1368/2303/2155 1346/2286/2139 1092/682/649
f 262/430/415 203/900/860 207/899/859 264/431/416
f 1255/2747/2551 1254/2750/2554 1698/2751/2555 1696/2748/2552
f 1698/2751/2555 1254/2750/2554 1700/2752/2556 1701/2753/2557
f 1701/2753/2557 1702/2507/2334 1699/2511/2338 1698/2751/2555
f 1228/2150/2014 1703/2754/2558 1704/2755/2559 1253/2756/2560
f 5135/279/2561 5138/278/2562 5137/277/2563 5136/276/2564 5130/281/2565 5134/280/2566
f 1227/247/232 1706/2757/2567 1703/2754/2558 1228/2150/2014
f 1707/2758/2568 1703/2754/2558 1708/2759/2569 1709/2760/2570
f 1709/2760/2570 1708/2759/2569 1248/2168/2029 1710/2761/2571
f 1709/2760/2570 1710/2761/2571 1472/2762/2572 1707/2758/2568
f 1249/2169/2030 1248/2168/2029 1708/2759/2569 1711/2763/2573
f 1706/2757/2567 1711/2763/2573 1708/2759/2569 1703/2754/2558
f 1712/2764/2574 1713/2765/2575 1252/562/539 1251/2171/2032
f 1712/2764/2574 1251/2171/2032 1249/2169/2030 1711/2763/2573
f 1711/2763/2573 1706/2757/2567 1713/2765/2575 1712/2764/2574
f 1252/562/539 1713/2765/2575 1686/251/236 1683/563/540
f 1706/2757/2567 1227/247/232 1686/251/236 1713/2765/2575
f 4285/863/2576 4281/862/2577 4282/861/2578 4270/860/2579 4269/870/2580 4268/869/2581 4266/868/2582 4265/867/2583 4293/866/2584 4288/865/2585 4286/864/2586
f 1471/2446/2277 1332/2273/2128 1331/2272/2127 1705/2766/2587
f 1331/2272/2127 1330/914/873 1700/2752/2556 1254/2750/2554
f 2389/2767/2588 2390/2768/2589 2393/2769/2590 2391/2770/2591 2388/2771/2592
f 1471/2772/2277 1717/2773/2593 1716/2739/2543 1332/2774/2128
f 1718/2775/2594 1719/2740/2544 1716/2739/2543 1717/2773/2593
f 1717/2773/2593 1720/2776/2595 1721/2777/2596 1718/2775/2594
f 1720/2776/2595 1174/2778/2597 1722/2779/2598 1721/2777/2596
f 1469/2780/2276 1720/2776/2595 1717/2773/2593 1471/2772/2277
f 1469/2780/2276 1175/2781/2599 1174/2778/2597 1720/2776/2595
f 1723/2782/2600 1327/2783/2601 1718/2775/2594 1721/2777/2596
f 1724/2784/2602 1723/2782/2600 1721/2777/2596 1722/2779/2598
f 1725/2785/2603 1294/2054/1925 1724/2784/2602 1722/2779/2598
f 1726/2786/2604 1295/2049/1921 1294/2054/1925 1725/2785/2603
f 1725/2785/2603 1176/2787/2605 1727/2788/2606 1726/2786/2604
f 1728/2789/2607 1729/2790/2608 1726/2786/2604 1727/2788/2606
f 1677/2710/2517 1678/2711/2518 1729/2790/2608 1728/2789/2607
f 1728/2789/2607 1730/2791/2609 1247/2708/2028 1677/2710/2517
f 1727/2788/2606 1473/2792/2610 1730/2791/2609 1728/2789/2607
f 1176/2787/2605 1175/2781/2599 1473/2792/2610 1727/2788/2606
f 698/1349/1281 700/1348/1280 458/936/894 461/118/109 738/117/108 737/116/107 599/800/763 597/2793/2611 527/1321/1253 528/1320/1252 526/2794/2612 670/2795/2613 672/2796/2614 514/2797/2615 512/2798/2616 696/2799/2617 695/2800/2618 5482/2801/2619
f 554/1081/1036 557/1084/1039 556/1083/1038 558/1097/1052 559/1452/1379 536/1451/1378 550/2802/2620 547/2803/2621 546/1075/1030
f 1294/2054/1925 1293/2053/1924 1731/2804/2622 1724/2784/2602
f 1293/2053/1924 1049/1959/1839 1052/1961/1841 1731/2804/2622
f 3280/1440/1367 3096/2805/2623 3095/2806/2624 2699/2263/2118 2698/2262/2117
f 1731/2804/2622 1052/1961/1841 1733/2807/2625 1732/2808/2626
f 1277/2809/2627 1733/2807/2625 1052/1961/1841 1051/1960/1840
f 3279/1439/1366 2655/2208/2069 3096/2805/2623 3280/1440/1367
f 1278/2810/2628 1051/1960/1840 1054/1962/1842 1734/2811/2629
f 3099/2812/2630 2451/2813/2631 2447/2814/2632 2446/2815/2633 3097/2816/2634 3098/2817/2635
f 1737/2818/2636 1736/2819/2637 1056/1091/1046 1058/1968/1848
f 1738/2820/2638 1737/2818/2636 1058/1968/1848 1739/2821/2639
f 1047/1957/1838 1041/1951/1835 1740/2822/2640 1739/2821/2639
f 1058/1968/1848 1057/1089/1044 1047/1957/1838 1739/2821/2639
f 1740/2822/2640 1041/1951/1835 1040/455/438 1742/460/443
f 1744/2823/2641 1745/2824/2642 1743/2825/2643 1742/460/443
f 1746/459/442 1747/2826/2644 1745/2824/2642 1744/2823/2641
f 1746/459/442 1744/2823/2641 1742/460/443
f 3431/1105/1060 1880/2827/2645 1879/1060/1015 3432/2828/2646
f 3380/2829/2647 3342/2830/2648 3344/2831/2649 3345/2832/2650 3348/2833/2651
f 1752/2834/2652 1107/2011/1889 1110/2014/1892 1753/2835/2653
f 4278/2836/2654 4279/2837/2655 4284/2838/2656 4300/2839/2657 4280/2840/2658 4277/2841/2659 4274/2842/2660 4276/2843/2661
f 1748/2844/2662 1752/2834/2652 1753/2835/2653 1751/2845/2663 1750/2846/2664 1749/2847/2665
f 1754/458/441 1111/2015/1893 1107/2011/1889 1752/2834/2652
f 261/2848/2666 580/1121/1076 532/2849/2667 204/2850/2668
f 1044/457/440 1046/2851/1837 1111/2015/1893 1754/458/441
f 1272/807/770 1755/806/769 1750/2846/2664 1751/2845/2663
f 2533/695/662 2667/694/661 2731/2852/2669 2549/2853/2670 2550/2854/2671 2547/2855/2672
f 4128/2856/2673 4129/2857/2674 4122/2858/2675 4173/2859/2676
f 1761/2860/2677 1758/2861/2678 1760/2862/2679 1747/2826/2644
f 1755/806/769 1757/805/768 1758/2861/2678 1761/2860/2677
f 1757/805/768 1756/809/772 1759/2863/2680 1758/2861/2678
f 1762/2864/2681 1745/2824/2642 1747/2826/2644 1760/2862/2679
f 1765/2865/2682 1743/2825/2643 1745/2824/2642 1762/2864/2681
f 1765/2865/2682 1764/2866/2683 1766/2867/2684 1767/2868/2685
f 1743/2825/2643 1765/2865/2682 1767/2868/2685 1741/2869/2686
f 1767/2868/2685 1766/2867/2684 1768/2870/2687 1769/2871/2688
f 1767/2868/2685 1769/2871/2688 1738/2820/2638 1741/2869/2686
f 1770/2872/2689 1766/2867/2684 1764/2866/2683 1771/2873/2690
f 407/754/717 321/532/509 201/330/315 153/301/286 323/2384/2227 403/2383/2226 405/763/726 406/759/722
f 1763/2874/2691 1772/2875/2692 1771/2873/2690 1764/2866/2683
f 1375/2305/2157 1373/2304/2156 1381/2876/2693 1380/2877/2694 1775/2878/2695 1768/2870/2687 1766/2867/2684 1770/2872/2689 1771/2873/2690
f 1746/459/442 1754/458/441 1752/2834/2652 1748/2844/2662
f 1768/2870/2687 1775/2878/2695 1776/2879/2696 1777/2880/2697
f 642/1219/1164 650/2881/2698 499/2882/2699 500/977/932 498/976/931 644/1224/1169 643/1220/1165
f 1769/2871/2688 1778/2883/2700 1737/2818/2636 1738/2820/2638
f 1777/2880/2697 1778/2883/2700 1769/2871/2688 1768/2870/2687
f 1779/2884/2701 1780/2885/2702 1735/2886/2703 1736/2819/2637
f 1778/2883/2700 1779/2884/2701 1736/2819/2637 1737/2818/2636
f 1777/2880/2697 1781/2887/2704 1779/2884/2701 1778/2883/2700
f 1781/2887/2704 1782/2888/2705 1780/2885/2702 1779/2884/2701
f 1780/2885/2702 1783/2889/2706 1734/2811/2629 1735/2886/2703
f 1782/2888/2705 1784/2890/2707 1783/2889/2706 1780/2885/2702
f 1280/2891/2708 1278/2810/2628 1734/2811/2629 1783/2889/2706
f 1784/2890/2707 1281/2264/2119 1280/2891/2708 1783/2889/2706
f 4115/2892/2709 4187/2893/2710 4188/2894/2711 4119/2895/2712 4117/673/640
f 1784/2890/2707 1785/2896/2713 1786/2265/2120 1281/2264/2119
f 1782/2888/2705 1787/2897/2714 1785/2896/2713 1784/2890/2707
f 1789/2898/2715 1781/2887/2704 1777/2880/2697 1776/2879/2696
f 1787/2897/2714 1782/2888/2705 1781/2887/2704 1789/2898/2715
f 966/1837/1730 987/1867/1759 988/1870/1762 969/1839/1732 967/1838/1731
f 1792/2899/2716 1790/2900/2717 1957/2901/2718 1785/2896/2713 1787/2897/2714 1788/2902/2719 1372/2903/2720 1371/2904/2721 1370/2905/2722 1374/2906/2723 1379/2325/2175 1378/2327/2176 3740/2907/2724 1199/2908/2725 1793/2909/2726 1791/2910/2727
f 1256/2175/2036 1263/2187/2048 1264/2350/2197 1209/2123/1987 1210/2124/1988
f 5508/1353/1284 697/1346/1278 698/1349/1281 5482/2801/2619 5483/999/954 5507/998/953
f 3866/2911/2728 3907/2912/2729 3862/2913/2730 3859/2914/2731 3860/2915/2732 3861/2916/2733
f 3822/2917/2734 3823/2918/2735 3818/2919/2736 3817/2920/2737 3820/1763/1667 3821/1762/1666
f 1800/2921/2738 1801/2922/2739 1797/2923/2740 1796/2924/2741
f 1802/2925/2742 1803/2926/2743 1797/2923/2740 1801/2922/2739
f 1801/2922/2739 1804/2927/2744 1805/2928/2745 1802/2925/2742
f 2575/2929/2746 2571/2930/2747 2733/2931/2748 3645/2932/2749 3644/2933/2750 3636/2934/2751
f 398/2532/2358 421/2531/2357 422/2530/2356 417/1990/1870 416/906/865 415/764/727 404/2382/2225 439/2381/2224
f 1804/2927/2744 1520/2513/2340 1519/2512/2339 1805/2928/2745
f 1806/2935/2752 1807/2936/2753 1802/2925/2742 1805/2928/2745
f 298/479/459 305/501/481 302/497/477 299/480/460
f 2192/2937/2754 2202/2938/2755 1276/2201/2062 1115/2019/1897 1114/2018/1896 2179/2939/2756
f 1814/2940/2757 1815/2941/2758 1811/2701/2510 1813/2700/2509
f 1816/2942/2759 1817/2943/2760 1815/2941/2758 1814/2940/2757
f 2137/2944/2761 1464/2945/2762 1465/2471/2302 1466/2473/2304 2140/2946/2763 2139/2947/2764 2138/2948/2765
f 1818/2949/2766 1819/2950/2767 1817/2943/2760 1816/2942/2759
f 1816/2942/2759 1105/222/210 1820/221/209 1818/2949/2766
f 1821/2951/2768 1822/2952/2769 1818/2949/2766 1820/221/209
f 1823/2953/2770 1824/2954/2771 1822/2952/2769 1821/2951/2768
f 3184/2955/2772 3186/2956/2773 2851/2957/2774 3187/2958/2775
f 3182/2959/2776 3184/2955/2772 3187/2958/2775 3188/2960/2777
f 3188/2960/2777 2490/2961/2778 2491/2962/2779 3182/2959/2776
f 1825/2963/2780 1827/2964/2781 1477/2450/2281 1476/2449/2280
f 1826/220/208 1828/2965/2782 1827/2964/2781 1825/2963/2780
f 1104/219/207 1106/2010/1888 1828/2965/2782 1826/220/208
f 1829/2966/2783 1830/2967/2784 1479/2452/2283 1478/2451/2282
f 1827/2964/2781 1829/2966/2783 1478/2451/2282 1477/2450/2281
f 2087/2968/2785 2086/2969/2786 2099/1058/1013 2097/1057/1012
f 3193/2970/2787 3194/776/739 2492/781/744 3190/2971/2788
f 1832/2972/2789 1833/2973/2790 1834/2974/2791 1831/2975/2792
f 1414/2362/2209 1415/2365/2212 1833/2973/2790 1832/2972/2789
f 1833/2973/2790 1835/2976/2793 1836/2977/2794 1834/2974/2791
f 1833/2973/2790 1415/2365/2212 1418/2978/2795 1835/2976/2793
f 1835/2976/2793 1837/332/317 1838/335/320 1836/2977/2794
f 1400/2979/2796 2224/2980/2797 2221/2981/2798 2218/1376/1304 1401/1379/1307 1398/2344/2191 1310/2246/2101
f 1835/2976/2793 1418/2978/2795 1839/2514/2341 1837/332/317
f 627/1196/1084 589/907/866 625/912/871 631/1197/1144
f 1278/2810/2628 1280/2891/2708 1279/2982/2799 1277/2809/2627 1051/1960/1840
f 3212/2983/2800 3207/2984/2801 3204/2985/2802 3205/2986/2803 3206/1967/1847
f 1842/812/775 1429/2401/2239 1431/2400/2238 1843/1210/1155
f 1845/2987/2804 1846/2988/2805 1844/1211/1156 1843/1210/1155
f 3207/2984/2801 1847/2989/2806 1846/2990/2805 3204/2985/2802
f 1847/2991/2806 1849/2992/2807 1850/2993/2808 1848/1212/1157
f 1849/2992/2807 1851/2994/2809 1852/2995/2810 1850/2993/2808
f 1851/2994/2809 1480/2453/2284 1479/2452/2283 1852/2995/2810
f 1853/2996/2811 1854/2997/2812 1850/2993/2808 1852/2995/2810
f 1834/2974/2791 1836/2977/2794 1854/2997/2812 1853/2996/2811
f 1853/2996/2811 1830/2967/2784 1831/2975/2792 1834/2974/2791
f 1852/2995/2810 1479/2452/2283 1830/2967/2784 1853/2996/2811
f 1854/2997/2812 1855/813/776 1848/1212/1157 1850/2993/2808
f 1836/2977/2794 1838/335/320 1855/813/776 1854/2997/2812
f 2423/2998/2813 2268/2999/2814 2267/3000/2815 2263/3001/2816 2262/3002/2817 2266/3003/2818
f 3186/2956/2773 1856/3004/2819 1475/3005/2279 2851/2957/2774
f 1857/3006/2820 1858/3007/2821 1859/3008/2822 1824/2954/2771
f 1858/3007/2821 1860/750/713 1861/749/712 1859/3008/2822
f 3318/3009/2823 3215/3010/2824 1862/3011/714 1860/3012/713 3214/3013/2825 3319/3014/2826
f 2647/3015/2827 2649/3016/2828 2650/3017/2829 2648/3018/2830 2645/3019/2831 2646/3020/2832
f 5202/3021/2833 5212/3022/2834 5215/3023/2835 5200/3024/2836 5201/3025/2837
f 1522/1637/1551 1066/1636/1550 1065/1971/1851 2408/1016/971 1521/1015/970
f 2057/3026/2838 2056/3027/2839 1868/3028/2840 1867/3029/2841 1869/3030/2842 2061/3031/2843
f 2395/3032/2844 2392/3033/2845 1646/2661/2479 1647/2662/2480
f 82/136/125 59/86/77 79/110/101 81/112/103 83/135/124
f 2948/3034/2846 2947/3035/2847 2954/3036/2848 2953/3037/2849 2902/3038/2850 2950/3039/2851
f 661/1266/1207 524/3040/986 523/1260/985 657/1254/1196 656/1253/1195 659/1262/1203
f 1751/2845/2663 1753/2835/2653 1110/2014/1892 1266/2189/2050 1265/2188/2049 1272/807/770
f 3436/3041/2852 1876/689/656 1875/688/655 3438/3042/2853
f 3434/369/354 1877/3043/2854 1876/3044/656 3436/3045/2852
f 3433/368/353 1878/1059/1014 1877/3043/2854 3434/369/354
f 3432/2828/2646 1879/1060/1015 1878/1059/1014 3433/368/353
f 3053/3046/2855 3056/3047/2856 3055/3048/2857 2628/2366/2213 2606/2368/2215 3054/3049/2858
f 30/3050/2859 14/16/16 13/15/15 33/3051/2860
f 1884/3052/2861 1334/2738/2542 1337/2737/2541 1885/3053/2862
f 642/3054/1164 5504/773/736 5503/1242/1184 5502/1241/1183 650/3055/2698
f 1885/3053/2862 1337/2737/2541 1887/2736/2540 1886/3056/2863
f 1887/2736/2540 1890/2735/2539 1891/3057/2864 1888/3058/2865
f 2711/3059/2866 2713/3060/2867 1335/2732/2536 1334/2738/2542 2712/3061/2868 3225/3062/2869 3228/3063/2870
f 3430/1103/1058 3428/1107/1062 3229/2359/2206 3224/3064/2871
f 1888/3058/2865 1891/3057/2864 1893/3065/2872 1892/3066/2873
f 1891/3057/2864 1894/3067/2874 1895/3068/2875 1893/3065/2872
f 1893/3065/2872 1896/3069/2876 1897/3070/2877 1892/3066/2873
f 1893/3065/2872 1895/3068/2875 1898/3071/2878 1896/3069/2876
f 1899/2743/2547 1898/3071/2878 1895/3068/2875
f 1896/3069/2876 1898/3071/2878 1900/3072/2879
f 1898/3071/2878 1899/2743/2547 1901/2742/2546 1900/3072/2879
f 1901/2742/2546 1903/2741/2545 1904/3073/2880 1900/3072/2879
f 1903/2741/2545 1719/2740/2544 1328/3074/2881 1904/3073/2880
f 2249/3075/2882 1187/3076/1968 2319/3077/2883 2281/3078/2184 1395/3079/2183
f 1719/2740/2544 1718/2775/2594 1327/2783/2601 1328/3074/2881
f 3081/3080/2884 3078/3081/2885 3079/2275/2130 3238/2274/2129 3241/2127/1991 3242/3082/2886 3235/3083/2887 3237/3084/2888 3239/3085/2889
f 1907/3086/2890 1908/2508/2335 1905/2745/2549 1906/2744/2548
f 1909/3087/2891 1910/2509/2336 1908/2508/2335 1907/3086/2890
f 1907/3086/2890 1911/3088/2892 1912/3089/2893 1909/3087/2891
f 1906/2744/2548 1894/3067/2874 1911/3088/2892 1907/3086/2890
f 1895/3068/2875 1894/3067/2874 1906/2744/2548 1899/2743/2547
f 1916/3090/2894 1917/3091/2895 1915/3092/2896 1914/3093/2897
f 1890/2735/2539 1336/2734/2538 1338/2733/2537 1918/298/283 1919/297/282 1916/3090/2894 1914/3093/2897 1912/3089/2893 1911/3088/2892 1894/3067/2874 1891/3057/2864
f 1484/2456/2287 1186/2098/1966 1916/3090/2894 1919/297/282
f 1919/297/282 1920/296/281 1485/2182/2043 1484/2456/2287
f 1335/2732/2536 1921/293/278 1918/298/283 1338/2733/2537
f 1186/2098/1966 1183/2096/1964 1917/3091/2895 1916/3090/2894
f 1183/2096/1964 1182/1649/1563 1922/1648/1562 1917/3091/2895
f 1915/3092/2896 1923/3094/2898 1924/3095/2899 1913/3096/2900
f 1917/3091/2895 1922/1648/1562 1923/3094/2898 1915/3092/2896
f 1846/2988/2805 1847/2991/2806 1848/1212/1157 1844/1211/1156
f 1697/2749/2553 1923/3094/2898 1922/1648/1562 1695/1651/1565 1694/2746/2550
f 1910/2509/2336 1909/3087/2891 1913/3096/2900 1924/3095/2899
f 2914/3097/2901 2918/3098/2902 2916/3099/2903 2917/3100/2904 2919/3101/2905 2915/1426/1354 2913/1425/1353 2912/1430/1358
f 2563/3102/2906 3256/3103/2907 3056/3047/2856 3053/3046/2855
f 3346/3104/2908 3448/1594/1510 3347/1593/1509 3345/2832/2650 3344/2831/2649
f 3260/3105/2909 2564/3106/2910 2563/3102/2906 3053/3046/2855 3052/3107/2911
f 1184/150/139 1927/3108/2912 1687/3109/140
f 1154/2062/1933 1156/3110/2913 1682/3111/541 1929/3112/612
f 1157/2063/1934 1154/2062/1933 1929/3112/612 1928/3113/611
f 1927/3108/2912 1930/3114/2914 1157/2063/1934 1928/3113/611
f 1184/150/139 1177/2097/1965 1930/3114/2914 1927/3108/2912
f 1931/3115/2915 1897/3070/2877 1896/3069/2876 1900/3072/2879
f 1900/3072/2879 1904/3073/2880 1932/2353/2200 1931/3115/2915
f 1904/3073/2880 1328/3074/2881 1323/2354/2201 1932/2353/2200
f 1936/3116/2916 2033/3117/2917 2091/3118/2918 1938/3119/2919 1937/3120/2920 1934/3121/2921
f 3898/3122/2922 3931/3123/2923 3893/3124/2924 3894/3125/2925 3895/3126/2926
f 1941/3127/2927 1942/3128/2928 1943/3129/2929 1940/3130/2930
f 1139/793/756 1159/2706/2515 1156/3110/2913 1154/2062/1933 1155/2065/1936 1140/794/757
f 1944/3131/2931 1284/2214/2075 1947/3132/2932 1942/3128/2928
f 1945/3133/2933 1285/2215/2076 1284/2214/2075 1944/3131/2931
f 3438/3042/2853 1875/688/655 1874/3134/2934 3440/3135/2935
f 1283/2213/2074 1286/2216/2077 1279/2982/2799 1280/2891/2708 1281/2264/2119 1282/2267/2122 1948/3136/2936 1943/3129/2929 1942/3128/2928 1947/3132/2932 1949/3137/2937
f 1949/3137/2937 1947/3132/2932 1284/2214/2075 1283/2213/2074
f 511/3138/2938 510/3139/2939 5485/772/735 5484/771/734 512/2798/2616
f 1952/2266/2121 1950/3140/2940 1948/3136/2936 1282/2267/2122
f 2463/1737/1643 2870/1736/1642 2871/3141/2941 2872/1966/1846 2869/1965/1845 2454/2634/2454
f 2114/517/497 1960/516/496 1963/847/809 1964/846/808
f 2658/3142/2942 3284/1326/1258 3145/1325/1257 2659/3143/2943
f 4621/3144/2944 4644/3145/2945 4645/3146/2946 4642/3147/2947 4607/3148/2948
f 3749/3149/2949 3766/3150/2950 3765/3151/2951 3764/3152/2952
f 914/1757/1661 915/1758/1662 933/1787/1680 936/1786/1688 910/1756/1660 909/1755/1659
f 3295/1595/1511 3297/844/806 3296/843/805 3294/2135/1999
f 5440/1051/1006 5452/1050/1005 5451/3153/2953 5475/3154/2954 5476/3155/2955 5441/3156/2956 5439/3157/2957 5438/3158/2958
f 2178/1337/1269 2176/3159/2959 2175/3160/2960 2179/2939/2756 1114/2018/1896
f 3448/1594/1510 3298/3161/2961 3297/844/806 3295/1595/1511
f 3299/3162/2962 3159/839/801 3297/844/806 3298/3161/2961
f 3298/3161/2961 3450/3163/2963 3300/3164/2964 3301/3165/2965 3299/3162/2962
f 1965/845/807 1803/2926/2743 1968/3166/2966 1966/1422/1350
f 1798/848/810 1797/2923/2740 1803/2926/2743 1965/845/807
f 1969/3167/2967 1970/3168/2968 1966/1422/1350 1968/3166/2966
f 1968/3166/2966 1807/2936/2753 1808/3169/2969 1969/3167/2967
f 1803/2926/2743 1802/2925/2742 1807/2936/2753 1968/3166/2966
f 1971/3170/2970 1972/3171/2971 1970/3168/2968 1969/3167/2967
f 1969/3167/2967 1808/3169/2969 1810/3172/2972 1971/3170/2970
f 1973/3173/2973 1974/3174/2974 1972/3171/2971 1971/3170/2970
f 1975/3175/2975 1976/3176/2976 1974/3174/2974 1973/3173/2973
f 3308/3177/2977 3310/3178/2978 3173/3179/2979 3171/3180/2980 3306/3181/2981
f 1977/3182/2982 1978/3183/2983 1976/3176/2976 1975/3175/2975
f 1975/3175/2975 1812/3184/2984 1979/3185/2985 1977/3182/2982
f 1980/3186/2986 1981/3187/2987 1977/3182/2982 1979/3185/2985
f 1979/3185/2985 1815/2941/2758 1817/2943/2760 1980/3186/2986
f 1812/3184/2984 1811/2701/2510 1815/2941/2758 1979/3185/2985
f 1982/3188/2988 1983/3189/2989 1981/3187/2987 1980/3186/2986
f 1980/3186/2986 1817/2943/2760 1819/2950/2767 1982/3188/2988
f 1984/748/711 1985/747/710 1983/3189/2989 1982/3188/2988
f 1984/748/711 1986/3190/2990 1859/3008/2822 1861/749/712
f 1982/3188/2988 1819/2950/2767 1986/3190/2990 1984/748/711
f 1985/747/710 1987/3191/2991 1988/3192/2992 1983/3189/2989
f 1863/746/709 1864/3193/2993 1987/3191/2991 1985/747/710
f 1983/3189/2989 1988/3192/2992 1989/3194/2994 1981/3187/2987
f 1988/3195/2992 1990/3196/2995 1991/3197/2996 1989/3198/2994
f 1978/3183/2983 1977/3182/2982 1981/3187/2987 1989/3194/2994
f 1989/3198/2994 1991/3197/2996 1992/3199/2997 1978/3200/2983
f 1991/3197/2996 1993/3201/2998 1994/3202/2999 1992/3199/2997
f 1993/3201/2998 1995/3203/3000 1996/3204/3001 1994/3202/2999
f 1997/3205/3002 1976/3176/2976 1978/3183/2983 1992/3206/2997
f 1994/3207/2999 1996/3208/3001 1998/3209/3003 1999/3210/3004
f 1992/3206/2997 1994/3207/2999 1999/3210/3004 1997/3205/3002
f 1996/3208/3001 2000/3211/3005 2001/1306/1238 1998/3209/3003
f 2002/3212/3006 2003/3213/3007 1997/3205/3002 1999/3210/3004
f 2004/3214/3008 2002/3212/3006 1999/3210/3004 1998/3209/3003
f 2005/3215/3009 2006/3216/3010 2002/3212/3006 2004/3214/3008
f 2006/3216/3010 2007/3217/3011 2003/3213/3007 2002/3212/3006
f 3231/3218/3012 3232/3219/3013 3227/3220/3014 3230/3221/3015 3234/3222/3016 3236/3223/3017 3237/3084/2888 3235/3083/2887
f 4187/2893/2710 4115/2892/2709 4116/3224/3018 4195/3225/3019 4194/3226/3020
f 2009/359/344 2010/3227/3021 2005/3215/3009 2008/360/345
f 2013/518/498 2114/517/497 2012/3228/3022 2009/359/344 2011/358/343
f 3366/3229/3023 2703/2271/2126 2702/2270/2125 3270/3230/3024 3367/3231/3025
f 4288/865/2585 4293/866/2584 4294/3232/3026 4289/3233/3027 4290/3234/3028
f 5484/771/734 5483/999/954 696/2799/2617 512/2798/2616
f 3295/1595/1511 3294/2135/1999 3351/894/854 3350/893/853 3349/1596/1512
f 2591/1897/1784 2633/1896/1783 2634/3235/3029 2631/3236/3030 2632/3237/3031 3486/3238/3032
f 2025/2141/2005 2019/2140/2004 2018/3239/3033 2020/513/493 2021/3240/3034 2026/3241/3035 2024/3242/3036
f 2355/270/255 1405/269/254 1404/2352/2199 2351/652/619 2345/651/618
f 2464/1738/1644 2462/348/333 2879/347/332 2877/985/940 2876/984/939
f 3481/3243/357 2807/3244/356 2588/3245/3037 2583/3246/3038 2593/494/474 3482/493/473 2151/3247/3039 2152/3248/3040 1212/2126/1990 1206/2118/1984 1207/3249/1985 1435/3250/2273 2150/3251/3041 2149/3252/3042
f 268/3253/419 270/2406/421 312/756/719 310/504/484 309/503/483 266/3254/417
f 1956/3255/3043 1955/3256/3044 2113/3257/3045 1958/3258/3046 1959/3259/3047 2019/2140/2004 2023/2139/2003 2022/2138/2002 2028/2137/2001 2027/2136/2000 1954/2144/2008 2029/2143/2007 2031/3260/3048 1953/3261/3049 1951/3262/3050 1950/3140/2940 1952/2266/2121
f 3366/3229/3023 3367/3231/3025 3368/3263/3051 3369/3264/3052 3370/3265/3053
f 3366/3229/3023 3370/3265/3053 3359/3266/3054 3358/1487/1410 3365/1494/1417 3273/3267/3055 3274/3268/3056 3275/1441/1368 3280/1440/1367 2698/2262/2117 2701/2261/2116 2703/2271/2126
f 2037/3269/3057 2038/3270/3058 2036/3271/3059 2035/3272/3060
f 2039/3273/3061 2040/3274/3062 2038/3270/3058 2037/3269/3057
f 2041/512/492 2013/518/498 2011/358/343 2014/362/347 2042/3275/3063 2039/3273/3061
f 3348/2833/2651 3377/3276/3064 3376/328/313 3380/2829/2647
f 1470/2444/2275 1714/3277/3065 1175/3278/2599 1469/2445/2276
f 3378/327/312 3404/3279/566 3381/3280/956 3379/3281/3066
f 4216/3282/3067 4217/3283/3068 4218/3284/3069 4219/2439/2270 4211/2438/2269 4210/3285/3070 4212/3286/3071
f 3384/3287/3072 3386/3288/3073 3335/3289/3074 3382/1000/955 3383/1004/959
f 440/918/877 501/978/933 489/968/924 488/970/925 441/919/878
f 3980/3290/3075 4016/3291/3076 3975/3292/3077 3974/3293/3078 3977/3294/3079 3978/3295/3080
f 2053/3296/3081 2054/633/600 2049/637/604 2052/3297/3082
f 2052/3297/3082 1995/3203/3000 2055/3298/3083 2053/3296/3081
f 2000/3299/3005 1996/3204/3001 1995/3203/3000 2052/3297/3082
f 2056/3027/2839 2057/3026/2838 2053/3296/3081 2055/3298/3083
f 2058/3300/3084 2059/3301/3085 1865/3302/3086 1866/3303/3087
f 2056/3027/2839 2058/3300/3084 1866/3303/3087 1868/3028/2840
f 2055/3298/3083 2060/3304/3088 2058/3300/3084 2056/3027/2839
f 2060/3304/3088 1990/3196/2995 2059/3301/3085 2058/3300/3084
f 1995/3203/3000 1993/3201/2998 2060/3304/3088 2055/3298/3083
f 1993/3201/2998 1991/3197/2996 1990/3196/2995 2060/3304/3088
f 372/631/289 378/657/624 377/658/625 364/661/628 365/632/599
f 1869/3030/2842 1870/1302/1234 2062/1538/1460 2061/3031/2843
f 3387/3305/3089 3384/3287/3072 3383/1004/959 3385/1003/958 3396/1627/1541
f 3398/1629/1543 3399/1304/1236 3397/1303/1235 3396/1627/1541
f 2062/1538/1460 2064/1537/1459 2065/3306/3090 2063/634/601
f 2065/3306/3090 2068/3307/3091 2069/3308/3092 2066/3309/3093
f 3404/592/566 3402/591/565 3401/1628/1542 3400/1002/957 3381/1001/956
f 282/465/448 281/454/437 219/453/436 222/1080/1035 226/461/444 283/462/445
f 2783/2360/2207 2782/981/936 2878/980/935 2882/3310/3094 3165/3311/3095 3169/3312/3096
f 2072/3313/3097 2073/3314/3098 2074/3315/3099 2075/3316/3100
f 512/2798/2616 514/2797/2615 672/2796/2614 670/2795/2613 526/2794/2612 528/1320/1252 671/834/796 669/833/795 492/832/794 491/972/927 667/1277/1214 513/1276/1213 508/1275/1212 511/3138/2938
f 2075/3316/3100 2077/3317/3101 2076/3318/3102 2072/3313/3097
f 2077/3317/3101 2038/3270/3058 2040/3274/3062 2076/3318/3102
f 2078/3319/3103 2079/3320/3104 2080/3321/3105 2074/3322/3099
f 2073/3323/3098 2081/3324/3106 2078/3319/3103 2074/3322/3099
f 2080/3325/3105 2082/3326/3107 2075/3316/3100 2074/3315/3099
f 3417/3327/3108 3424/3328/3109 3419/3329/3110 3418/3330/3111 3412/3331/3112 3416/3332/3113
f 5407/3333/3114 5408/729/692 5409/733/696 5387/1390/1318 5383/1389/1317 5406/3334/3115
f 2066/3309/3093 2069/3308/3092 2070/3335/1094 2047/1460/1093 2067/1462/1388
f 2085/3336/3116 2086/2969/2786 2087/2968/2785 2088/3337/3117
f 2083/3338/3118 2089/3339/3119 2086/2969/2786 2085/3336/3116
f 2080/3325/3105 2079/3340/3104 2089/3339/3119 2083/3338/3118
f 2088/3337/3117 2091/3118/2918 2090/3341/3120 2085/3336/3116
f 3725/3342/3121 3726/3343/3122 2838/2631/2451 2456/2630/2450 2545/3344/3123
f 2469/3345/3124 2468/3346/3125 2677/3347/3126 2679/3348/3127 3727/3349/3128
f 3368/3263/3051 3367/3231/3025 3425/3350/3129 3424/3328/3109 3417/3327/3108
f 2092/3351/3130 2095/3352/3131 2094/3353/3132 2093/3354/3133
f 2088/3337/3117 2087/2968/2785 2095/3352/3131 2092/3351/3130
f 3416/3332/3113 3408/3355/3134 3411/3356/3135 3371/3357/3136 3369/3264/3052
f 1550/1809/1705 1615/2623/2443 1611/2620/2440 1546/1874/1766 1549/1810/1706
f 2643/1900/1787 2780/1899/1786 2590/1898/1785 2550/2854/2671 2549/2853/2670 2778/1471/1395 2777/1470/1394 2773/3358/3137
f 2101/3359/3138 2103/3360/3139 2102/3361/653 2100/3362/3140
f 2089/3339/3119 2079/3340/3104 2103/3360/3139 2101/3359/3138
f 2103/3363/3139 2105/3364/3141 2104/687/654 2102/686/653
f 2079/3320/3104 2078/3319/3103 2105/3364/3141 2103/3363/3139
f 2105/3364/3141 2108/3365/3142 2106/3366/3143 2104/687/654
f 2108/3365/3142 2109/3367/3144 2107/2503/2330 2106/3366/3143
f 2078/3319/3103 2081/3324/3106 2108/3365/3142 2105/3364/3141
f 2081/3324/3106 2071/3368/3145 2109/3367/3144 2108/3365/3142
f 2109/3367/3144 2068/3307/3091 2110/2504/2331 2107/2503/2330
f 2071/3368/3145 2069/3308/3092 2068/3307/3091 2109/3367/3144
f 1889/3369/3146 1886/3056/2863 1887/2736/2540 1888/3058/2865 2096/3370/3147 2111/3371/3148 1881/3372/3149 1883/3373/3150
f 2068/3307/3091 2065/3306/3090 2064/1537/1459 2110/2504/2331
f 2112/3374/3151 1939/3375/3152 1940/3130/2930 1943/3129/2929
f 2112/3374/3151 1951/3262/3050 1953/3261/3049 2031/3260/3048
f 2026/3241/3035 2021/3240/3034 2020/513/493 2041/512/492
f 253/410/395 255/418/403 305/501/481 298/479/459
f 3592/3376/3153 3591/3377/3154 2735/3378/3155 2734/3379/3156 3585/3380/3157 3586/3381/3158 3588/3382/3159 3593/3383/3160
f 2009/359/344 2012/3228/3022 2115/3384/3161 2010/3227/3021
f 2116/1424/1352 1967/1423/1351 2117/3385/3162 2118/3386/3163
f 2115/3384/3161 2116/1424/1352 2118/3386/3163 2010/3227/3021
f 2007/3217/3011 2006/3216/3010 2118/3386/3163 2117/3385/3162
f 2006/3216/3010 2005/3215/3009 2010/3227/3021 2118/3386/3163
f 2117/3385/3162 1970/3168/2968 1972/3171/2971 2007/3217/3011
f 1967/1423/1351 1966/1422/1350 1970/3168/2968 2117/3385/3162
f 2003/3213/3007 1974/3174/2974 1976/3176/2976 1997/3205/3002
f 2007/3217/3011 1972/3171/2971 1974/3174/2974 2003/3213/3007
f 2059/3301/3085 1987/3387/2991 1864/3388/2993 1865/3302/3086
f 1990/3196/2995 1988/3195/2992 1987/3387/2991 2059/3301/3085
f 2679/3389/3127 3726/3343/3122 3725/3342/3121 3727/3390/3128
f 1986/3190/2990 1822/2952/2769 1824/2954/2771 1859/3008/2822
f 1819/2950/2767 1818/2949/2766 1822/2952/2769 1986/3190/2990
f 1748/2844/2662 1761/2860/2677 1747/2826/2644 1746/459/442
f 1749/2847/2665 1755/806/769 1761/2860/2677 1748/2844/2662
f 4876/3391/3164 4902/3392/3165 4903/3393/3166 4904/3394/3167 4908/3395/3168 4910/3396/3169 4875/3397/3170 4874/3398/3171 4873/3399/3172 4845/3400/3173 4842/3401/3174 4901/3402/3175
f 1759/2863/2680 1756/809/772 2120/3403/3176 2119/3404/3177
f 1749/2847/2665 1750/2846/2664 1755/806/769
f 1867/3029/2841 3219/3405/3178 3391/3406/3179 3390/3407/3180 3395/3408/3181 1869/3030/2842
f 1682/3111/541 1156/3110/2913 1159/2706/2515 1681/2714/542
f 1772/2875/2692 1763/2874/2691 1764/2866/2683 1765/2865/2682 1762/2864/2681 1760/2862/2679 1758/2861/2678 1759/2863/2680 2119/3404/3177 1773/3409/3182 1365/2371/2218 2397/3410/3183 1774/3411/3184
f 2124/3412/3185 2123/1192/1141 2122/1191/1140 2125/3413/3186
f 2128/3414/3187 2182/3415/3188 2185/3416/3189 2124/3412/3185 2125/3413/3186
f 2127/2253/2108 2128/3414/3187 2125/3413/3186 2126/3417/3190
f 533/1448/1375 532/2849/2667 534/1450/1377 750/1449/1376 565/1099/1054
f 2126/3417/3190 1136/2048/1920 1133/2254/2109 2127/2253/2108
f 2130/2257/2112 2129/1339/1271 2128/3414/3187 2127/2253/2108
f 2131/3418/3191 2132/1336/1268 2129/1339/1271 2130/2257/2112
f 2014/362/347 2046/361/346 2043/852/814 2042/3275/3063
f 3086/3419/3192 2704/2258/2113 2699/2263/2118 3095/2806/2624 3094/3420/3193 3087/3421/3194
f 1182/1649/1563 1181/149/138 1926/3422/137 1693/155/144 1692/1650/1564
f 3015/3423/3195 3010/3424/3196 3012/3425/3197 2831/3426/3198
f 4169/3427/3199 4167/3428/3200 4164/3429/3201 4129/2857/2674 4128/2856/2673
f 2141/3430/3202 2142/3431/3203 2137/2944/2761 2138/2948/2765
f 2139/2947/2764 2144/3432/3204 2143/3433/3205 2138/2948/2765
f 3105/3434/3206 3108/3435/3207 3107/768/731 3106/767/730 3104/3436/3208 3103/3437/3209
f 2147/3438/3210 2148/3439/3211 2146/3440/3212 2145/3441/3213
f 2148/3439/3211 2147/3438/3210 2149/3442/3042 2150/3443/3041
f 2153/1345/1277 2154/3444/3214 2152/3248/3040 2151/3247/3039
f 2154/3444/3214 1211/2125/1989 1212/2126/1990 2152/3248/3040
f 2155/3445/3215 1210/2124/1988 1211/2125/1989 2154/3444/3214
f 2150/3443/3041 1435/2442/2273 1468/2443/2274 2148/3439/3211
f 2158/3446/3216 2159/3447/3217 2160/3448/3218 2142/3431/3203
f 1468/2443/2274 1208/2122/1986 2159/3447/3217 2158/3446/3216
f 2158/3446/3216 2146/3440/3212 2148/3439/3211 1468/2443/2274
f 2142/3431/3203 2141/3430/3202 2146/3440/3212 2158/3446/3216
f 2160/3448/3218 1225/2148/2012 2136/3449/3219 2135/3450/3220
f 2159/3447/3217 1222/2145/2009 1225/2148/2012 2160/3448/3218
f 1208/2122/1986 1205/2121/1983 1222/2145/2009 2159/3447/3217
f 2135/3450/3220 2137/2944/2761 2142/3431/3203 2160/3448/3218
f 2136/3449/3219 2161/3451/3221 2134/3452/3222 2133/3453/3223
f 1225/2148/2012 1224/2147/2011 2161/3451/3221 2136/3449/3219
f 2162/3454/3224 2163/3455/3225 2134/3452/3222 2161/3451/3221
f 2164/3456/3226 2165/3457/3227 2163/3455/3225 2162/3454/3224
f 1224/2147/2011 2166/3458/3228 2162/3454/3224 2161/3451/3221
f 2166/3458/3228 2167/3459/3229 2164/3456/3226 2162/3454/3224
f 2167/3459/3229 2168/3460/3230 2169/3461/3231 2164/3456/3226
f 2170/3462/3232 2171/3463/3233 2168/3460/3230 2167/3459/3229
f 1450/3464/2254 1163/3465/1939 2171/3463/3233 2170/3462/3232
f 1449/3466/2253 1450/3464/2254 2170/3462/3232 2172/3467/3234
f 2172/3467/3234 2170/3462/3232 2167/3459/3229 2166/3458/3228
f 1223/2146/2010 2172/3467/3234 2166/3458/3228 1224/2147/2011
f 1226/2149/2013 1449/3466/2253 2172/3467/3234 1223/2146/2010
f 2168/3460/3230 1153/1284/1220 2173/3468/3235 2169/3461/3231
f 2171/3463/3233 1148/3469/1221 1153/1284/1220 2168/3460/3230
f 1148/3469/1221 2171/3463/3233 1163/3465/1939
f 2173/3468/3235 2174/3470/3236 2175/3160/2960 2176/3159/2959
f 1153/1284/1220 1152/1283/1219 2174/3470/3236 2173/3468/3235
f 2176/3159/2959 2177/3471/3237 2169/3461/3231 2173/3468/3235
f 2164/3456/3226 2169/3461/3231 2177/3471/3237 2165/3457/3227
f 4173/2859/2676 4122/2858/2675 4121/3472/3238 4109/3473/3239 4171/3474/3240
f 1510/811/774 1507/422/407 1506/421/406 1504/2489/2318 1440/3475/3241 1429/2401/2239 1842/812/775
f 2180/1338/1270 2181/3476/3242 2178/1337/1269 2182/3415/3188
f 2178/1337/1269 2181/3476/3242 2180/1338/1270
f 1114/2018/1896 1113/2017/1895 2183/3477/3243 2178/1337/1269
f 1113/2017/1895 1109/2013/1891 2184/3478/3244 2183/3477/3243
f 2183/3477/3243 2185/3416/3189 2182/3415/3188 2178/1337/1269
f 2184/3478/3244 2186/3479/3245 2185/3416/3189 2183/3477/3243
f 2187/256/241 2188/3480/3246 2189/1825/1718 2190/257/242
f 2186/3479/3245 2184/3478/3244 2188/3480/3246 2187/256/241
f 2124/3412/3185 2185/3416/3189 2186/3479/3245 2123/1192/1141
f 2187/256/241 2121/255/240 2123/1192/1141 2186/3479/3245
f 2189/1825/1718 1112/2016/1894 2191/3481/3247 1661/3482/1719
f 2188/3480/3246 1108/2012/1890 1112/2016/1894 2189/1825/1718
f 2184/3478/3244 1109/2013/1891 1108/2012/1890 2188/3480/3246
f 2191/3483/3247 1046/1956/1837 1045/1341/1273 1658/1340/1272
f 1112/2016/1894 1111/2015/1893 1046/2851/1837 2191/3481/3247
f 1658/2687/1272 1657/1827/1720 1661/1826/1719 2191/3484/3247
f 2085/3336/3116 2090/3341/3120 2084/3485/3248 2082/3326/3107 2080/3325/3105 2083/3338/3118
f 2175/3160/2960 2193/3486/3249 2192/2937/2754 2179/2939/2756
f 2193/3486/3249 2175/3160/2960 2174/3470/3236 2194/2084/1953
f 2194/2084/1953 2174/3470/3236 1152/1283/1219 1151/1282/1218
f 2193/3486/3249 2194/2084/1953 2195/2083/1952
f 1502/2487/2316 1441/2486/2315 1440/3475/3241 1504/2489/2318 1503/2399/2237
f 2196/2082/1951 1288/2081/1950 1355/3487/2146 1354/3488/2145
f 2197/3489/3250 2198/3490/3251 1320/1313/1245 2199/3491/3252
f 1354/2293/2145 1353/2292/2144 2198/3490/3251 2197/3489/3250
f 2197/3492/3250 2200/3493/3253 2196/2082/1951 1354/3488/2145
f 2199/3494/3252 2201/3495/3254 2200/3493/3253 2197/3492/3250
f 2200/3493/3253 2202/2938/2755 2195/2083/1952 2196/2082/1951
f 2201/3495/3254 1276/2201/2062 2202/2938/2755 2200/3493/3253
f 2202/2938/2755 2192/2937/2754 2193/3486/3249 2195/2083/1952
f 2203/3496/3255 1276/2201/2062 2201/3495/3254 2199/3494/3252
f 2204/3497/3256 2205/3498/3257 1269/2192/2053 1274/2199/2060
f 2203/3496/3255 2204/3497/3256 1274/2199/2060 1276/2201/2062
f 2206/3499/3258 2207/3500/3259 2208/3501/3260 2209/3502/3261
f 2210/3503/3262 2206/3499/3258 2209/3502/3261 2205/3504/3257
f 2211/3505/3263 2206/3499/3258 2210/3503/3262 2212/3506/3264
f 2211/3505/3263 2213/3507/3265 2207/3500/3259 2206/3499/3258
f 2214/1310/1242 2212/3506/3264 2210/3503/3262 2215/1311/1243
f 290/822/160 430/821/784 429/827/789 420/3508/3266 289/3509/452 288/3510/451
f 1862/3011/714 3215/3010/2824 3216/3511/3267 1864/3193/2993 1863/746/709
f 2886/3512/3268 3715/3513/3269 3716/3514/3270 2611/3515/1175 2610/3516/3271 2888/3517/3272
f 1971/3170/2970 1810/3172/2972 1812/3184/2984 1975/3175/2975 1973/3173/2973
f 2219/3518/3273 1318/1309/1241 1317/1314/1246 2220/3519/3274
f 1399/2345/2192 2220/3519/3274 2198/3490/3251 1353/2292/2144
f 2220/3519/3274 1317/1314/1246 1320/1313/1245 2198/3490/3251
f 2221/2981/2798 2222/3520/3275 2223/3521/3276 2218/1376/1304
f 419/2529/2355 423/2528/2354 427/3522/3277 428/3523/790 289/3509/452 420/3508/3266
f 1341/2281/2136 2228/3524/3278 1343/2283/2138
f 2228/3524/3278 1400/3525/2796 1310/3526/2101 1343/2283/2138
f 1340/2280/2135 2230/3527/3279 2231/3528/3280 1341/2281/2136
f 2232/3529/3281 2233/3530/3282 2230/3527/3279 1340/2280/2135
f 2234/3531/3283 2235/3532/3284 2232/3529/3281
f 1340/2280/2135 1339/2279/2134 2234/3531/3283 2232/3529/3281
f 2235/3532/3284 1237/2154/2018 2232/3529/3281
f 1236/2153/2017 1240/2157/2021 2236/3533/3285
f 2232/3529/3281 1237/2154/2018 1236/2153/2017 2236/3533/3285
f 119/188/176 165/238/223 166/237/222 173/246/231 114/183/171
f 3567/3534/3286 3570/3535/3287 3571/3536/3288 3568/3537/3289
f 1240/2157/2021 1239/2156/2020 2238/3538/3290 2237/3539/3291
f 1678/2711/2518 1673/2703/2512 1348/2288/2141 1295/2049/1921 1726/2786/2604 1729/2790/2608
f 2239/3540/3292 2241/3541/3293 2242/3542/3294 2240/739/702
f 2241/3543/3293 2243/3544/3295 2244/3545/3296 2242/3546/3294
f 3444/3547/3297 1872/2505/2332 1871/1305/1237 3399/1304/1236
f 2245/740/703 2240/739/702 2242/3542/3294 2246/3548/3298
f 2246/3549/3298 2247/3550/3299 1394/2333/2182 1393/2332/2181
f 2242/3546/3294 2244/3545/3296 2247/3550/3299 2246/3549/3298
f 2248/3551/3300 2238/3552/3290 1239/2165/2020 1245/2164/2026
f 2401/3553/3301 1233/3554/3302 1234/3555/3303 1232/1780/1682 2402/1779/1681 2400/3556/3304 2399/3557/3305
f 3610/3558/3306 2765/2342/2189 2767/2341/2188 3609/3559/3307
f 2224/3560/2797 2227/3561/3308 2225/3562/3309 2226/3563/3310 2222/3564/3275 2221/3565/2798
f 2250/3566/3311 2252/1510/1433 2253/3567/3312 2251/3568/3313
f 2253/3567/3312 2254/3569/3314 2255/3570/3315 2251/3568/3313
f 2254/3569/3314 2223/3521/3276 2222/3520/3275 2255/3570/3315
f 3431/1105/1060 3432/2828/2646 3421/3571/3316 3429/1106/1061
f 2259/3572/3317 2258/3573/3318 2253/3567/3312 2252/1510/1433
f 2256/3574/3319 2259/3572/3317 1363/2296/2148
f 2260/3575/3320 2261/3576/3321 2223/3521/3276 2254/3569/3314
f 2258/3573/3318 2260/3575/3320 2254/3569/3314 2253/3567/3312
f 2257/3577/3322 2262/3002/2817 2260/3575/3320 2258/3573/3318
f 2262/3002/2817 2263/3001/2816 2261/3576/3321 2260/3575/3320
f 2261/3576/3321 2216/1377/1305 2218/1376/1304 2223/3521/3276
f 2263/3001/2816 2213/3507/3265 2216/1377/1305 2261/3576/3321
f 4240/3578/3323 4241/3579/3324 4224/3580/3325 4227/2308/2160 4239/2315/2167
f 2256/3574/3319 1363/2296/2148 1362/2295/2147 2264/3581/3326 2265/3582/3327 2266/3003/2818 2262/3002/2817 2257/3577/3322 2258/3573/3318 2259/3572/3317
f 2267/3000/2815 2207/3500/3259 2213/3507/3265 2263/3001/2816
f 2207/3500/3259 2267/3000/2815 2268/2999/2814 2208/3501/3260
f 2264/3581/3326 1362/2295/2147 2269/3583/3328 2270/3584/3329
f 2265/3582/3327 2264/3581/3326 2270/3584/3329 2271/3585/3330
f 1304/1509/1432 1363/2296/2148 2259/3572/3317 2252/1510/1433
f 4010/3586/3331 4018/3587/3332 4019/3588/3333 4011/3589/3334
f 1865/3302/3086 3217/3590/3335 3218/3591/3336 1866/3303/3087
f 3768/3592/3337 3785/3593/3338 3765/3151/2951 3766/3150/2950 3767/3594/3339
f 1341/2281/2136 2231/3528/3280 2274/3595/3340 2229/3596/3341
f 2231/3528/3280 1118/3597/1900 2275/3598/3342 2274/3595/3340
f 2230/3527/3279 1119/3599/1901 1118/3597/1900 2231/3528/3280
f 2233/3530/3282 1123/3600/1906 1119/3599/1901 2230/3527/3279
f 2233/3530/3282 2232/3529/3281 2236/3533/3285 2276/3601/3343
f 1823/2953/2770 1476/2449/2280 1475/2448/2279 1856/3602/2819
f 2251/3603/3313 1191/3604/3344 2283/3605/3345 2301/3606/3346 1190/2110/1978 1188/2101/1969 1187/3076/1968 2249/3075/2882 2250/3607/3311
f 3713/1232/1174 2888/3608/3272 2610/3609/3271 2611/1233/1175
f 2255/3610/3315 2273/3611/3347 2272/3612/3348 2282/3613/3349 2283/3614/3345 1191/3615/3344 2251/3603/3313
f 1789/2898/2715 1776/2879/2696 1775/2878/2695 1380/2877/2694 1381/2876/2693 1373/2304/2156 1370/2905/2722 1371/2904/2721 1372/2903/2720 1788/2902/2719 1787/2897/2714
f 2282/3616/3349 2275/3617/3342 2284/3618/3350 2285/3619/3351
f 2284/3618/3350 2275/3617/3342 2286/3620/3352
f 2275/3617/3342 1118/2022/1900 2287/3621/3353 2286/3620/3352
f 2287/3621/3353 1118/2022/1900 2288/3622/3354
f 2288/3622/3354 1118/2022/1900 2289/3623/3355
f 2289/3623/3355 1118/2022/1900 1117/2021/1899
f 2290/3624/3356 2288/3622/3354 2289/3623/3355 2291/3625/3357
f 1467/3626/3358 2290/3624/3356 2291/3625/3357 1464/2945/2762
f 1117/2021/1899 1497/2472/2303 2291/3625/3357 2289/3623/3355
f 1497/2472/2303 1465/2471/2302 1464/2945/2762 2291/3625/3357
f 2292/3627/3359 2293/3628/3360 2286/3620/3352 2287/3621/3353
f 2290/3624/3356 2292/3627/3359 2287/3621/3353 2288/3622/3354
f 1467/3626/3358 2294/3629/3361 2292/3627/3359 2290/3624/3356
f 2294/3629/3361 2295/3630/3362 2293/3628/3360 2292/3627/3359
f 2296/3631/3363 2285/3619/3351 2284/3618/3350 2297/3632/3364
f 2293/3628/3360 2297/3632/3364 2284/3618/3350 2286/3620/3352
f 2295/3630/3362 2298/3633/3365 2297/3632/3364 2293/3628/3360
f 1467/3626/3358 1135/3634/3366 1132/2256/2111 2294/3629/3361
f 2295/3630/3362 2294/3629/3361 1132/2256/2111 1134/2255/2110
f 2300/3635/3367 2301/3606/3346 2285/3619/3351 2296/3631/3363
f 4056/3636/3368 4047/3637/3369 4050/3638/3370 4059/3639/3371 4060/3640/3372 4057/3641/3373
f 2304/3642/3374 1190/2110/1978 2301/3606/3346 2300/3635/3367
f 1155/2065/1936 2302/3643/3375 2299/3644/3376 1140/794/757
f 1155/2065/1936 1158/2064/1935 2303/3645/3377 2302/3643/3375
f 2305/3646/3378 2306/3647/3379 1193/2109/1977 1192/2108/1976
f 2305/3646/3378 1192/2108/1976 1190/2110/1978 2304/3642/3374
f 2307/3648/3380 2308/3649/3381 2306/3647/3379 2305/3646/3378
f 1158/2064/1935 2309/3650/3382 2307/3648/3380 2303/3645/3377
f 2309/3650/3382 1179/3651/3383 2308/3649/3381 2307/3648/3380
f 327/3652/1874 178/3653/1876 177/539/516 326/538/515 329/543/520 328/3654/3384
f 2855/2178/2039 2560/3655/3385 3640/3656/3386 3641/2179/2040
f 2313/3657/3387 2314/3658/3388 2311/3659/3389 2312/2180/2041
f 2315/3660/3390 2316/3661/3391 2314/3658/3388 2313/3657/3387
f 1452/2423/2256 1451/2422/2255 2316/3661/3391 2315/3660/3390
f 2314/3658/3388 2317/3662/3392 2310/3663/3393 2311/3659/3389
f 2316/3661/3391 2318/3664/3394 2317/3662/3392 2314/3658/3388
f 1451/2422/2255 1358/2425/2258 2318/3664/3394 2316/3661/3391
f 2317/3662/3392 2306/3647/3379 2308/3649/3381 2310/3663/3393
f 2318/3664/3394 1193/2109/1977 2306/3647/3379 2317/3662/3392
f 1358/2425/2258 1189/2102/1970 1193/2109/1977 2318/3664/3394
f 2285/3619/3351 2301/3606/3346 2283/3605/3345 2282/3616/3349
f 2280/265/250 2320/3665/3395 2321/3666/3396 2279/266/251
f 2281/2337/2184 2319/3667/2883 2320/3665/3395 2280/265/250
f 690/1308/1240 684/1307/1239 688/3668/1462 689/3669/3397 474/1045/1000 475/484/464 529/491/471 462/938/896 466/942/900 476/3670/3398 506/3671/3399 496/3672/3400 515/3673/3401 752/3674/3402 487/962/918 485/960/916 751/1021/976 516/1020/975 691/1019/974
f 2279/266/251 2321/3666/3396 2322/3675/3403 2278/741/704
f 4764/3676/3404 4765/3677/3405 4762/3678/3406 4761/3679/3407
f 4523/3680/3408 4508/3681/3409 4493/3682/3410 4509/964/920 4524/963/919
f 2319/3683/2883 1361/3684/3411 2323/3685/3412 2320/3686/3395
f 5515/579/554 5514/292/277 5513/290/275 327/1995/1874 328/3687/3384 338/3688/546 339/3689/545 5516/879/841
f 2324/3690/3413 2325/3691/3414 2326/3692/3415 2323/3685/3412 1361/3684/3411 1360/3693/3416
f 2327/3694/3417 2328/3695/3418 2326/3692/3415 2325/3691/3414
f 2329/3696/3419 2330/3697/3420 2328/3695/3418 2327/3694/3417
f 2329/3696/3419 2331/3698/3421 2332/3699/3422 2330/3697/3420
f 2331/3698/3421 2333/3700/3423 2334/3701/3424 2332/3699/3422
f 2333/3700/3423 1032/1944/1828 2335/3702/3425 2334/3701/3424
f 2335/3702/3425 1123/2028/1906 2336/3703/3426 2334/3701/3424
f 2336/3703/3426 2332/3699/3422 2334/3701/3424
f 2337/3704/3427 2328/3695/3418 2330/3697/3420 2338/3705/3428
f 2338/3705/3428 2330/3697/3420 2332/3699/3422 2336/3703/3426
f 4665/3706/3429 4664/3707/3430 4683/1742/1648 4661/1741/1647 4660/3708/3431 4682/3709/3432
f 1908/2508/2335 1702/2507/2334 1701/2753/2557 1700/2752/2556 1905/2745/2549
f 2339/3710/3433 2326/3692/3415 2328/3695/3418 2337/3704/3427
f 2233/3530/3282 2276/3601/3343 2336/3711/3426 1123/3600/1906
f 1123/2028/1906 2335/3702/3425 1122/2029/1907
f 2234/3531/3283 2340/3712/3434 2341/3713/3435 2235/3532/3284
f 1339/2279/2134 1345/2285/622 2340/3712/3434 2234/3531/3283
f 2235/3532/3284 2341/3713/3435 1238/2155/2019 1237/2154/2018
f 2341/3714/3435 2342/3715/3436 1241/2158/2022 1238/2161/2019
f 2340/3716/3434 2343/3717/3437 2342/3715/3436 2341/3714/3435
f 1345/655/622 2344/654/621 2343/3717/3437 2340/3716/3434
f 2346/3718/3438 2347/3719/3439 2348/3720/3440 2349/3721/3441
f 2706/3722/2131 3079/2275/2130 3078/3081/2885 2709/3723/1443 2707/3724/2132
f 2344/654/621 2350/653/620 2346/3718/3438 2343/3717/3437
f 2350/653/620 1403/2351/2198 2347/3719/3439 2346/3718/3438
f 2350/653/620 2351/652/619 1404/2352/2199 1403/2351/2198
f 1482/2181/2042 2312/2180/2041 2311/3659/3389 1486/3725/3442 1483/2455/2286
f 2352/3726/3443 1242/2159/2023 1241/2158/2022 2342/3715/3436 2343/3717/3437 2346/3718/3438 2349/3721/3441
f 3945/3727/3444 3985/3728/3445 3986/3729/3446 3948/3730/3447 3984/3731/3448 3939/3732/3449
f 2347/3719/3439 1263/2187/2048 1262/2186/2047 2348/3720/3440
f 1264/2350/2197 1263/2187/2048 2347/3719/3439 1403/2351/2198
f 2354/3733/3450 1316/2252/2107 1438/271/256 2355/270/255
f 2345/651/618 1344/656/623 2354/3733/3450 2355/270/255
f 1538/2549/2374 1423/2376/2221 1422/2375/2220 1534/2547/2365 1536/2546/2372 1539/2550/2375
f 1316/3734/2107 2354/3735/3450 1344/2284/623
f 1344/2284/623 1342/2282/2137 1313/3736/2104 1316/3734/2107
f 2268/3737/2814 1756/809/772 1271/808/771 2208/3738/3260
f 2209/3739/3261 2208/3738/3260 1271/808/771 1270/2193/2054
f 2205/3498/3257 2209/3739/3261 1270/2193/2054 1269/2192/2053
f 2324/3690/3413 3649/3740/3451 3650/3741/3452 2325/3691/3414
f 67/128/117 66/93/84 87/123/114 86/121/112 85/120/111
f 2358/3742/3453 2361/1037/992 2362/1036/991 2359/3743/3454
f 1045/1341/1273 1043/1953/1836 2358/3742/3453 2357/1342/1274
f 1043/1953/1836 1042/1062/1017 2361/1037/992 2358/3742/3453
f 2363/3744/3455 1653/3745/2490 1656/1344/1276 2356/1343/1275
f 740/1415/1343 754/838/800 735/3746/1434 734/1410/1338
f 2364/1035/990 2365/3747/3456 2366/3748/3457 2362/1036/991
f 2547/2855/2672 2550/2854/2671 2586/3749/3458 2587/3750/3459 2821/3751/3460 2548/3752/3461
f 2367/1034/989 2368/3753/3462 2365/3747/3456 2364/1035/990
f 2370/3754/3463 2371/3755/3464 2367/1034/989 2369/1033/988
f 2371/3755/3464 2372/3756/3465 2368/3753/3462 2367/1034/989
f 1057/3757/1044 2370/3754/3463 2369/1033/988 2373/1061/1016
f 2374/3758/3466 2375/3759/3467 2371/3755/3464 2370/3754/3463
f 2375/3759/3467 2376/1043/998 2372/3756/3465 2371/3755/3464
f 2370/3754/3463 1057/3757/1044 1059/3760/1043 2374/3758/3466
f 1292/2004/1883 1459/2003/1882 2375/3759/3467 2374/3758/3466
f 1460/1044/999 2376/1043/998 2375/3759/3467 1459/2003/1882
f 2374/3758/3466 1059/3760/1043 1060/2005/1849 1292/2004/1883
f 3707/2231/2088 2830/2230/2087 3689/3761/3468 3690/3762/3469 3691/3763/3470 2975/3764/3471 2971/3765/3472
f 2376/1043/998 2377/1042/997 2379/3766/3473 2372/3756/3465
f 2377/1042/997 2378/1041/996 2380/2535/2361 2379/3766/3473
f 2979/3767/3474 2975/3764/3471 3691/3763/3470 3693/3768/3475 3694/3769/3476
f 2382/3770/3477 2368/3753/3462 2372/3756/3465 2379/3766/3473
f 2383/3771/3478 2382/3770/3477 2379/3766/3473 2380/2535/2361
f 2801/2466/2297 3534/3772/3479 3531/3773/3480 3533/3774/3481 3532/3775/3482 3525/2467/2298
f 2385/3776/3483 2365/3747/3456 2368/3753/3462 2382/3770/3477
f 2386/3777/3484 1621/2628/2448 1625/2638/2458 2387/3778/3485
f 2380/2535/2361 2381/2534/2360 2386/3777/3484 2383/3771/3478
f 2381/2534/2360 1617/2533/2359 1621/2628/2448 2386/3777/3484
f 2388/2771/2592 2366/3748/3457 2365/3747/3456 2385/3776/3483
f 2389/2767/2588 2388/2771/2592 2385/3776/3483 2384/3779/3486
f 2366/3748/3457 2388/2771/2592 2362/1036/991
f 3697/782/745 3702/3780/3487 3703/3781/3488 2991/3782/3489 2986/3783/3490 3700/783/746
f 2359/3743/3454 2362/1036/991 2388/2771/2592 2391/2770/2591
f 3705/3784/3491 3706/3785/3492 3703/3781/3488 3702/3780/3487 3701/3786/3493
f 3009/2668/2486 3706/3785/3492 3705/3784/3491 3704/2669/2487
f 2360/3787/3494 2359/3743/3454 2391/2770/2591 2392/3033/2845
f 2393/2769/2590 1633/2646/2466 1637/2650/2470 1646/2661/2479
f 2390/2768/2589 1629/2642/2462 1633/2646/2466 2393/2769/2590
f 2395/3032/2844 1650/3788/2491 1653/3745/2490 2363/3744/3455
f 2392/3033/2845 2395/3032/2844 2363/3744/3455 2360/3787/3494
f 2394/1038/993 2396/2002/1881 1605/2615/2435 1609/1039/994
f 1654/2684/2499 1601/2611/2431 1605/2615/2435 2396/2002/1881
f 1573/3789/2402 1572/3790/2401 1377/2307/2159 1376/2306/2158
f 1376/2306/2158 2397/3410/3183 1579/3791/2408 1573/3789/2402
f 2397/3410/3183 1365/2371/2218 1421/2370/2217 1579/3791/2408
f 1531/718/681 2398/3792/3495 1529/2521/2348 1528/719/682
f 1127/2034/1912 1126/2033/1911 2398/3792/3495 1531/718/681
f 3609/3559/3307 3608/3793/3496 3573/2340/2187 3569/3794/3497 3648/3795/3498 3647/3796/3499
f 1126/2033/1911 1125/2032/1910 2399/3557/3305 2398/3792/3495
f 1125/2032/1910 1433/2404/2242 2401/3553/3301 2399/3557/3305
f 1433/2404/2242 1434/2405/2243 1233/3554/3302 2401/3553/3301
f 2400/3556/3304 2402/1779/1681 2403/1782/1684 1527/3797/2347
f 1387/3798/2173 1386/3799/2172 1168/2085/1954 1171/721/684
f 2404/1633/1547 1525/1632/1546 1527/2520/2347 2403/3800/1684
f 1232/3801/1682 1234/3802/3303 2407/3803/3500 2406/3804/3501
f 1447/2418/2252 1446/2417/2251 2407/3803/3500 1234/3802/3303
f 1234/3555/3303 1233/3554/3302 1434/2405/2243 1447/3805/2252
f 1434/2405/2243 1073/1977/1857 1300/2239/2094 1447/3805/2252
f 1463/424/409 1068/1972/1852 2406/3804/3501 2407/3803/3500
f 2407/3803/3500 1446/2417/2251 1448/425/410 1463/424/409
f 3202/557/534 2871/3141/2941 2870/1736/1642 2873/1740/1646 2874/3806/3502 3201/3807/3503 3199/558/535
f 1068/1972/1852 1067/1635/1549 2405/1634/1548 2406/3804/3501
f 2408/1016/971 1065/1971/1851 1070/1975/1855 1517/1017/972
f 1203/2115/1981 1165/728/691 1164/727/690 1163/2070/1939 1450/2420/2254 1204/2116/1982
f 1512/2515/2342 1839/2514/2341 2409/3808/3504 1509/2516/2343
f 1418/2978/2795 1417/3809/3505 2409/3808/3504 1839/2514/2341
f 1080/2069/1863 1142/3810/1948 1505/2397/2236 1161/2066/1937
f 1492/3811/3506 1491/2478/2309 1494/2477/2308 1493/3812/3507
f 1483/2455/2286 1185/2099/1967 1186/2098/1966 1484/2456/2287
f 1486/3725/3442 1178/3813/3508 1185/2099/1967 1483/2455/2286
f 1710/2761/2571 1730/3814/2609 1473/3815/2610 1472/2762/2572
f 1248/2168/2029 1247/2167/2028 1730/3814/2609 1710/2761/2571
f 2884/350/335 2460/349/334 2459/3816/3509 2883/3817/3510
f 3719/702/669 3723/701/668 3722/3818/3511 3720/3819/3512
f 5110/2841/3513 5112/2840/3514 5113/2837/3515 5111/2836/3516 5109/2843/3517 5108/2842/3518
f 2413/1070/1025 1131/2038/1916 1130/2037/1915 2414/1071/1026
f 2413/1070/1025 1097/3820/3519 1095/2041/1404 1131/2038/1916
f 1326/2356/2203 2032/3821/3520 2033/3117/2917 1936/3116/2916 1325/2357/2204
f 1832/2972/2789 1106/2010/1888 1103/2009/1887 1101/2699/2508 1412/2363/2210 1414/2362/2209
f 3217/3590/3335 1865/3302/3086 1864/3388/2993 3216/3822/3267
f 1122/2029/1907 2335/3702/3425 1032/1944/1828 1031/1943/1827
f 1081/2068/1864 1162/2067/1938 2416/2462/2293 1076/3823/1860
f 2416/2462/2293 1444/2415/2249 1299/2414/2093 1076/3823/1860
f 1138/795/758 1140/794/757 2299/3644/3376 2298/3633/3365 2295/3630/3362 1134/2255/2110 1133/2254/2109 1136/2048/1920
f 1438/271/256 1316/2252/2107 1315/2251/2106 1439/1788/1689
f 1439/1788/1689 1315/2251/2106 1314/2250/2105 1357/1789/1690
f 2417/1790/1691 1166/723/686 1407/274/259 1437/1791/1692
f 2417/1790/1691 1357/1789/1690 1356/724/687 1166/723/686
f 134/203/191 282/465/448 285/464/447 426/3824/3521 135/204/192
f 2419/2490/2319 2418/684/651 1091/683/650 1093/2559/2384
f 2419/2490/2319 2420/3825/3522 1306/2243/2098 1308/2245/2100
f 1093/2559/2384 1220/3826/3523 2420/3825/3522 2419/2490/2319
f 2420/3825/3522 2421/3827/3524 1302/2240/2095 1306/2243/2098
f 2422/3828/3525 1303/2241/2096 1302/2240/2095 2421/3827/3524
f 2269/3583/3328 1362/2295/2147 1303/2241/2096 2422/3828/3525
f 2422/3829/3525 1221/3830/3526 1366/3831/3527 2269/3832/3328
f 2741/3833/3528 2791/3834/3529 3730/3835/3530 2479/3836/3531 2721/3837/3532
f 1392/2331/2180 1024/1930/1814 1369/1506/1429 1389/2328/2177
f 816/1684/1595 800/1589/1505 799/1588/1504 802/1591/1507 803/3838/3533
f 1313/3736/2104 1342/2282/2137 1343/2283/2138 1310/3526/2101
f 1399/2345/2192 1353/2292/2144 1314/2250/2105 1311/2247/2102
f 1375/2305/2157 1774/3411/3184 2397/3410/3183 1376/2306/2158
f 1187/2100/1968 1189/2102/1970 2319/3683/2883
f 1189/2102/1970 1361/3684/3411 2319/3683/2883
f 1356/724/687 1355/2294/2146 1288/2217/1950 1287/725/688
f 4694/3839/3534 4709/3840/3535 4712/3841/3536 4678/3842/3537
f 2309/3650/3382 1158/2064/1935 1157/2063/1934 1930/3114/2914
f 1179/3651/3383 2309/3650/3382 1930/3114/2914 1177/2097/1965
f 1084/1986/1866 1142/2079/1948 1160/2078/1947 1085/1987/1867
f 1161/2066/1937 1062/427/412 1061/426/411 1162/2067/1938
f 1130/2037/1915 1129/2040/1914 1100/3843/1400 1099/1482/1405
f 1047/1957/1838 1057/1089/1044 2373/3844/1016 1048/1958/1018
f 2411/1073/1028 2410/1072/1027 2415/3845/3538 2412/3846/3539
f 2120/3403/3176 2270/3847/3329 2269/3832/3328 1366/3831/3527
f 2271/3848/3330 2270/3847/3329 2120/3403/3176 1756/809/772
f 1038/1950/1834 2144/3432/3204 2139/2947/2764 2140/2946/2763
f 1038/1950/1834 2140/2946/2763 1466/2473/2304 1035/1947/1831
f 397/897/857 424/790/753 401/735/698 396/898/858
f 1293/2053/1924 1291/2052/1884 1060/1969/1849 1049/1959/1839
f 2199/3491/3252 1320/1313/1245 1319/1312/1244 2203/3849/3255
f 2215/1311/1243 2210/3503/3262 2205/3504/3257 2204/3850/3256
f 1319/1312/1244 2215/1311/1243 2204/3850/3256 2203/3849/3255
f 2271/3585/3330 2423/2998/2813 2266/3003/2818 2265/3582/3327
f 2271/3848/3330 1756/809/772 2268/3737/2814 2423/3851/2813
f 1077/2042/1861 1095/2041/1404 1094/3852/1873 1078/3853/1402
f 2570/3854/3540 2571/2930/2747 2568/1459/1386 2569/2497/1385 3575/2496/2325 2766/3855/3541
f 3379/3281/3066 3334/3856/3542 3342/2830/2648 3380/2829/2647
f 2426/3857/3543 2427/3858/3544 1029/1935/1819 1028/1934/1818
f 1033/1945/1829 1032/1944/1828 2428/3859/3545 2429/3860/3546
f 1037/1949/1833 1036/1948/1832 2430/3861/3547 2431/3862/3548
f 2432/3863/3549 2433/766/729 2434/765/728 2435/3864/3550
f 2436/3865/3551 2437/3866/733 2438/3867/3552 2439/884/846
f 2434/3868/728 2437/3866/733 2436/3865/3551 2435/3869/3550
f 2440/3870/3553 2432/3863/3549 2435/3864/3550 2441/3871/3554
f 2442/3872/3555 2443/3873/3556 2444/2212/2073 2445/3874/3557
f 2445/3874/3557 2444/2212/2073 2446/2815/2633 2447/2814/2632
f 2448/3875/3558 2449/3876/3559 2450/3877/3560 2451/2813/2631
f 2447/2814/2632 2451/2813/2631 2450/3877/3560 2445/3874/3557
f 2442/3872/3555 2445/3874/3557 2452/3878/3561 2453/3879/2084
f 2457/1657/1571 2458/1656/1570 2459/3816/3509 2460/349/334
f 2461/3880/3562 2457/1657/1571 2460/349/334 2462/348/333
f 2461/3880/3562 2463/1737/1643 2454/2634/2454 2833/2633/2453 2834/1654/1568 2457/1657/1571
f 3433/368/353 3422/367/352 3421/3571/3316 3432/2828/2646
f 2462/348/333 2464/1738/1644 2463/1737/1643 2461/3880/3562
f 1722/2779/2598 1174/2778/2597 1175/2781/2599 1176/2787/2605 1725/2785/2603
f 2478/3881/3563 2476/1179/1128 2474/1178/1127 2479/3836/3531
f 2480/3882/3564 2465/3883/3565 2481/3884/3566 2482/510/490
f 2415/3845/3538 1098/3885/3567 1099/1482/1405 1095/1481/1404 1097/3886/3519 2412/3887/3539
f 2481/3884/3566 2486/3888/2081 2483/511/491 2482/510/490
f 1813/2700/2509 1101/2699/2508 1103/2009/1887 1102/2008/1886 1814/2940/2757
f 2488/3889/3568 2490/2961/2778 2492/781/744 2489/780/743
f 2493/3890/3569 2494/3891/3570 2495/3892/3571 2496/3893/3572
f 2497/3894/3573 2493/3890/3569 2496/3893/3572 2498/3895/3574
f 2499/3896/3575 2500/3897/3576 2497/3894/3573 2498/3895/3574
f 2501/2465/2296 2502/2464/2295 2500/3897/3576 2499/3896/3575
f 2503/3898/3577 2504/3899/3578 2505/3900/3579
f 4335/3901/3580 4334/3902/3581 4333/3903/3582 4339/3904/3583 4338/3905/3584 4337/3906/3585
f 3509/175/163 3511/2463/2294 3510/2468/2299 3506/3907/3586 3505/176/164
f 2513/3908/3587 2514/700/667 2515/3909/3588 2510/3910/2498
f 2466/3911/2497 2482/3912/490 2513/3908/3587 2510/3910/2498
f 2976/3913/3589 2914/3097/2901 2912/1430/1358 2909/1429/1357 2972/2556/2381
f 3057/1515/1437 3257/1514/1436 3245/3914/3590 3259/3915/3591 3060/3916/3592 3059/3917/3593
f 1397/267/252 2245/740/703 2246/3548/3298 1393/3918/2181 1390/2334/2178 1396/268/253
f 2520/575/550 3031/2174/2035 3030/3919/3594 2724/3920/3595 3026/3921/3596 3028/524/504 3456/523/503 2522/1999/1878 2521/576/551
f 800/1589/1505 830/1658/1572 832/1006/961 796/1010/965 798/1587/1503
f 429/827/789 431/823/785 417/1990/1870 419/2529/2355 420/3508/3266
f 2529/3922/3597 2473/1183/1132 2472/1182/1131 2528/2059/1930
f 2530/3923/3598 2529/3922/3597 2528/2059/1930 2531/2481/2312
f 3262/3924/2530 3046/2730/2534 3045/3925/3599 3263/3926/3600
f 3042/3927/3601 3041/2395/2234 2627/2394/2233 2626/3928/3602 2625/3929/3603
f 2541/3930/3604 2542/3931/3605 2538/1335/1267 2540/1334/1266
f 2469/3932/3124 2545/3344/3123 2546/3933/3606 2470/3934/2079
f 2547/2855/2672 2548/3752/3461 2534/3935/663 2533/695/662
f 2560/3655/3385 2566/3936/3607 2561/3937/3608 2558/3938/3609 2559/3939/3610 3638/3940/3611 3640/3656/3386
f 2471/2220/2078 2486/2224/2081 2481/3941/3566 2465/3942/3565
f 2486/2224/2081 2544/2223/2080 2475/1181/1130 2477/1180/1129
f 2551/3943/3612 2552/3944/3613 2553/3945/3614 2554/3946/3615
f 3542/3947/3616 2697/3948/3617 2694/3949/3618 2695/3950/3619 2696/3951/3620 3543/3952/3621
f 2561/3937/3608 2562/3953/3622 2563/3102/2906 2564/3106/2910
f 2558/3938/3609 2561/3937/3608 2564/3106/2910 2565/3954/3623
f 2566/3936/3607 2567/3955/3624 2562/3953/3622 2561/3937/3608
f 1648/2663/2481 1650/3788/2491 2395/3032/2844 1647/2662/2480
f 729/3956/3625 743/1437/1364 744/1432/1359 607/1431/1106 606/3957/1105 608/3958/1107
f 2574/3959/3626 2572/1455/1382 2568/1459/1386
f 2568/1459/1386 2571/2930/2747 2575/2929/2746 2574/3959/3626
f 923/1766/1670 921/1485/1408 952/1484/1407 953/1823/1716 954/1812/1708
f 2579/3960/3627 2578/3961/3628 2581/3962/1713 2554/3963/3615
f 2582/3964/3629 2583/3246/3038 2584/3965/3630 2585/3966/3631
f 2586/3749/3458 2582/3964/3629 2585/3966/3631 2587/3750/3459
f 2588/3967/3037 2589/3968/3632 2584/3969/3630 2583/3970/3038
f 2550/2854/2671 2590/1898/1785 2591/1897/1784 2586/3749/3458
f 2591/1897/1784 2592/495/475 2582/3964/3629 2586/3749/3458
f 2592/495/475 2593/494/474 2583/3246/3038 2582/3964/3629
f 2600/3971/3633 2477/1180/1129 2476/1179/1128 2597/3972/3634
f 2476/1179/1128 2478/3881/3563 2598/3973/3635 2597/3972/3634
f 2584/3969/3630 2601/3974/3636 2602/3975/3637 2603/3976/3638
f 2601/3974/3636 2604/3977/3639 2605/3978/3640 2602/3975/3637
f 2606/2368/2215 2607/2367/2214 2608/3979/3641 2609/3980/3642
f 742/3981/1340 741/3982/1339 732/1204/1149 730/1203/1148 729/3956/3625 608/3958/1107
f 2182/3415/3188 2128/3414/3187 2129/1339/1271 2180/1338/1270
f 2614/3983/3643 2615/3984/3644 2616/3985/3645 2617/3986/3646
f 2615/3984/3644 2618/3987/3647 2619/3988/3648 2616/3985/3645
f 1243/2160/2024 1242/2159/2023 2620/3989/3649 2617/3990/3646
f 2617/3990/3646 2616/3991/3645 1244/2163/2025 1243/2160/2024
f 2616/3991/3645 2619/3992/3648 1245/2164/2026 1244/2163/2025
f 2621/3993/3650 2622/3994/3651 2623/3995/3652 2624/3996/3653
f 2625/3929/3603 2626/3928/3602 2624/3996/3653 2623/3995/3652
f 2628/2366/2213 2629/642/609 2630/641/608
f 3554/2408/2244 3556/2412/2248 2770/3997/3654 3552/3998/3655
f 2635/3999/3656 2631/3236/3030 2634/3235/3029 2636/4000/3657
f 2637/4001/3658 2638/552/529 2631/3236/3030 2635/3999/3656
f 2638/552/529 2639/551/528 2632/3237/3031 2631/3236/3030
f 2635/3999/3656 2640/4002/3659 2641/4003/3660 2637/4001/3658
f 2636/4000/3657 2642/4004/3661 2640/4002/3659 2635/3999/3656
f 2633/1896/1783 2643/1900/1787 2644/4005/3662 2634/3235/3029
f 2636/4000/3657 2634/3235/3029 2644/4005/3662 2642/4004/3661
f 2651/2433/2264 2648/3018/2830 2650/3017/2829 2498/3895/3574
f 2652/2432/2263 2645/3019/2831 2648/3018/2830 2651/2433/2264
f 2653/4006/3663 2650/3017/2829 2649/3016/2828 2654/4007/3664
f 2654/4007/3664 2501/2465/2296 2499/3896/3575 2653/4006/3663
f 2653/4006/3663 2499/3896/3575 2498/3895/3574 2650/3017/2829
f 1820/221/209 1826/220/208 1825/2963/2780 1821/2951/2768
f 2661/4008/3665 2662/4009/3666 2663/4010/3667 2664/4011/3668
f 2665/4012/3669 2666/4013/3670 2667/694/661 2668/693/660
f 2668/4014/660 2532/4015/659 2536/691/658 2665/4016/3669
f 2106/3366/3143 2107/2503/2330 1873/2506/2333 1874/3134/2934
f 1742/460/443 1743/2825/2643 1741/2869/2686 1738/2820/2638 1739/2821/2639 1740/2822/2640
f 1527/3797/2347 1526/2522/2346 1529/2521/2348 2398/3792/3495 2399/3557/3305 2400/3556/3304
f 2832/2226/2083 3709/2225/2082 3015/3423/3195 2831/3426/3198
f 2677/3347/3126 2468/3346/3125 2467/4017/3671 2678/4018/3672
f 1795/4019/3673 1794/4020/3674 1799/4021/3675 1962/1413/1341 1961/1414/1342 2017/4022/3676 1959/3259/3047
f 2680/4023/3677 2681/4024/3678 2682/4025/3679 2683/4026/3680
f 2680/4023/3677 2683/4026/3680 2684/4027/3681 2685/4028/3682
f 2086/2969/2786 2089/3339/3119 2101/3359/3138 2100/3362/3140 2099/1058/1013
f 2687/4029/3683 2688/4030/3684 2689/4031/3685 2690/4032/3686
f 2691/4033/3687 2692/4034/3688 2690/4032/3686 2689/4031/3685
f 2689/4031/3685 2688/4030/3684 2693/4035/3689 2691/4033/3687
f 2387/3778/3485 1625/2638/2458 1629/2642/2462 2390/2768/2589 2389/2767/2588 2384/3779/3486
f 506/3671/3399 476/3670/3398 466/942/900 465/941/899 467/943/901 442/920/879
f 3249/4036/3690 3250/4037/3691 3251/4038/3692 3248/4039/3693 3246/4040/3694
f 2707/2277/2132 2709/1521/1443 2710/643/610 2708/2278/2133
f 2714/4041/3695 2715/4042/3696 2716/4043/3697
f 2717/4044/3698 2716/4043/3697 2715/4042/3696 2718/4045/3699
f 2715/4042/3696 2714/4041/3695 2719/4046/3700 2720/4047/3701
f 2479/3836/3531 2474/1178/1127 2721/3837/3532
f 2473/1183/1132 2722/4048/3702 2721/3837/3532 2474/1178/1127
f 2723/4049/3703 2724/3920/3595 2725/4050/3704 2726/4051/3705
f 2726/4051/3705 2676/2234/2089 2675/2233/514 2723/4049/3703
f 2727/4052/3706 2728/4053/3707 2729/4054/3708 2730/4055/3709
f 2731/2852/2669 2728/4053/3707 2727/4052/3706 2732/4056/3710
f 2727/4052/3706 2730/4055/3709 2692/4034/3688 2732/4056/3710
f 1359/2424/2257 2733/2931/2748 2571/2930/2747 1360/3693/3416
f 2163/3455/3225 2132/1336/1268 2131/3418/3191 2134/3452/3222
f 25/4057/49 4/6/6 6/8/8 26/71/62 27/69/60 24/68/50
f 2424/4058/3711 2740/4059/3712 1025/1931/1815 2425/4060/3713
f 1367/2302/2154 1347/2287/2140 1346/2286/2139 1368/2303/2155 1026/1932/1816
f 2745/2348/2195 2748/2347/2194 2749/4061/3714 2750/4062/3715
f 2753/4063/3716 2754/4064/3717 2755/4065/3718 2756/4066/3719
f 2757/4067/3720 2758/4068/3721 2759/4069/3722 2756/4070/3719
f 2554/3963/3615 2758/4068/3721 2757/4067/3720 2579/3960/3627
f 2756/4066/3719 2759/4071/3722 2760/4072/3723 2753/4063/3716
f 2757/4067/3720 2761/4073/3724 2580/4074/3725 2579/3960/3627
f 2751/389/374 2761/4073/3724 2757/4067/3720 2756/4070/3719
f 2762/4075/2190 1391/2330/2179 1394/2333/2182 2763/4076/2185
f 1392/2331/2180 1391/2330/2179 2762/4075/2190 2764/4077/3726
f 2570/4078/3540 2766/4079/3541 2764/4080/3726 2762/2343/2190 2765/2342/2189 3610/3558/3306 3646/4081/3727
f 2690/4032/3686 2768/1664/1578 2769/1663/1577 2687/4029/3683
f 2034/4082/3728 2033/3117/2917 2032/3821/3520 2035/3272/3060 2036/3271/3059
f 2773/3358/3137 2774/2094/1962 2775/4083/3729 2643/1900/1787
f 4294/3232/3026 4293/866/2584 4265/867/2583 4266/868/2582 4267/4084/3730
f 2774/2094/1962 2773/3358/3137 2777/1470/1394 2776/1469/1393
f 3777/4085/3731 3780/4086/3732 3789/4087/3733 3802/4088/3734 3801/4089/3735 3788/4090/3736 3776/4091/3737
f 2786/777/740 2787/1625/1539 2785/1624/1538 2784/778/741
f 1413/2364/2211 1409/1902/1789 1410/1901/1788 1417/3809/3505 1418/2978/2795 1415/2365/2212
f 2686/4092/3738 2791/3834/3529 2741/3833/3528 2742/4093/3739
f 2792/4094/3740 2736/4095/3741 2737/4096/3742 2793/4097/3743
f 2595/4098/3744 2594/4099/3745 2736/4095/3741 2792/4094/3740
f 2794/4100/3746 2795/4101/3747 2796/4102/3748 2595/4103/3744
f 2797/4104/3749 2596/4105/3750 2595/4106/3744 2796/4107/3748
f 2792/4108/3740 2798/4109/3751 2794/4110/3746 2595/4111/3744
f 2793/4112/3743 2799/4113/3752 2798/4109/3751 2792/4108/3740
f 2685/4028/3682 2684/4027/3681 2791/3834/3529 2686/4092/3738
f 2654/4007/3664 2800/4114/3753 2801/2466/2297 2501/2465/2296
f 2649/3016/2828 2647/3015/2827 2800/4114/3753 2654/4007/3664
f 1440/3475/3241 1441/2486/2315 1430/2402/2240 1429/2401/2239
f 2805/4115/3754 1432/4116/2241 2803/1366/1294 2802/1365/1293
f 2466/2682/2497 2509/2681/2496 2806/4117/3755 2467/4017/3671
f 1412/2363/2210 1416/2698/2507 1411/4118/3756 1409/1902/1789 1413/2364/2211
f 2779/1465/1389 2778/1471/1395 2809/4119/3757 2808/1466/1390
f 2804/1367/1295 1443/4120/2311 2814/4121/2314 2812/1363/1291
f 2815/4122/3758 2677/4123/3126 2678/4124/3672 2816/4125/3759
f 2816/4125/3759 2678/4124/3672 2817/4126/3760 2818/4127/3761
f 2816/4125/3759 2818/4127/3761 2819/4128/3762 2815/4122/3758
f 2820/4129/3763 2821/3751/3460 2587/3750/3459 2585/3966/3631
f 2603/4130/3638 2820/4129/3763 2585/3966/3631 2584/3965/3630
f 2822/4131/3764 2733/2931/2748 1359/2424/2257 1452/2423/2256
f 2823/4132/3765 2553/4133/3614 2552/4134/3613 2824/4135/3766
f 2823/4132/3765 2760/4072/3723 2759/4071/3722 2553/4133/3614
f 2753/4063/3716 2760/4072/3723 2915/1426/1354
f 2827/4136/3767 2828/4137/3768 2825/535/512 2826/534/511
f 2831/3426/3198 2827/4136/3767 2826/534/511 2832/2226/2083
f 1461/2437/2268 1654/2684/2499 2396/2002/1881 1462/2001/1880
f 2211/3505/3263 2212/3506/3264 2217/1378/1306 2216/1377/1305 2213/3507/3265
f 2833/2633/2453 2836/2632/2452 2834/1654/1568
f 2836/2632/2452 2837/4138/3769 2835/1655/1569 2834/1654/1568
f 2838/2631/2451 2819/4128/3762 2837/4138/3769 2836/2632/2452
f 2807/371/356 2844/370/355 2589/3968/3632 2588/3967/3037
f 2845/4139/3770 2846/1520/1442 2555/1621/1535 2847/1620/1534
f 1474/4140/2278 2850/4141/3771 2851/2957/2774 1475/3005/2279
f 1481/4142/2285 2852/4143/3772 2850/4141/3771 1474/4140/2278
f 1480/4144/2284 2853/4145/3773 2852/4143/3772 1481/4142/2285
f 4377/4146/3774 4376/4147/3775 4385/4148/3776 4401/4149/3777 4399/4150/3778
f 2600/3971/3633 2597/3972/3634 2598/3973/3635 2599/4151/3779 2739/4152/3780 2738/4153/3781 2736/4095/3741 2594/4154/3745 2595/4106/3744 2596/4105/3750 2797/4104/3749 2897/4155/3782 2898/4156/3783
f 2427/3858/3544 2859/4157/3784 2860/4158/3785 1029/1935/1819
f 2860/4158/3785 2430/3861/3547 1036/1948/1832 1029/1935/1819
f 2859/4157/3784 2861/4159/3786 2841/1497/1420 2860/4158/3785
f 2504/3899/3578 2503/3898/3577 2861/4159/3786 2859/4157/3784
f 2841/1497/1420 2842/1496/1419 2430/3861/3547 2860/4158/3785
f 1498/2474/2305 2530/3923/3598 2531/2481/2312 1499/2475/2306
f 2473/1183/1132 2529/3922/3597 2862/4160/3787 2722/4048/3702
f 2857/4161/3788 2856/4162/3789 2858/4163/3790 2862/4160/3787
f 2862/4160/3787 2529/3922/3597 2530/3923/3598 2857/4161/3788
f 1498/2474/2305 1489/4164/3791 2857/4161/3788 2530/3923/3598
f 2814/2483/2314 1443/2480/2311 1499/2475/2306 2531/2481/2312
f 3440/3135/2935 1874/3134/2934 1873/2506/2333 3441/4165/3792
f 2863/4166/2313 2864/2488/2317 2812/1363/1291 2814/4121/2314
f 2527/4167/1929 2865/2057/1928 2864/2488/2317 2863/4166/2313
f 3272/4168/3793 3271/1013/968 3427/1012/967 3426/4169/3794 3420/4170/3795 3425/3350/3129
f 2867/2056/1927 2868/1964/1844 2866/1963/1843 2865/2057/1928
f 2867/2056/1927 2546/3933/3606 2455/2629/2449 2868/1964/1844
f 5209/4171/3796 5208/4172/3797 5232/4173/3798 5234/4174/3799 5217/4175/3800
f 4608/4176/3801 4618/4177/3802 4611/4178/3803 4610/4179/3804 4609/4180/3805
f 2409/3808/3504 1417/3809/3505 1410/1901/1788 1514/1905/1792
f 1509/2516/2343 1513/2502/2329 1072/1976/1856 1071/1973/1853 1508/2517/2344
f 1508/2517/2344 1071/1973/1853 1063/423/408 1507/422/407 1510/811/774 1511/810/773
f 2491/2962/2779 2490/2961/2778 2488/3889/3568 3177/4181/3806 3179/4182/3807
f 2686/4092/3738 3599/4183/3808 3580/4184/3809 2681/4024/3678 2680/4023/3677 2685/4028/3682
f 572/1162/132 573/1161/1111 249/483/463 295/475/455 248/474/134 247/4185/133
f 2883/3817/3510 2577/4186/3810 2885/4187/3811 2884/350/335
f 2880/351/336 2884/350/335 2885/4187/3811 2881/4188/3812
f 2886/3512/3268 2888/3517/3272 2889/4189/1714 2887/4190/3813
f 2889/4189/1714 2581/3962/1713 2578/3961/3628 2887/4190/3813
f 679/1318/1250 677/1542/1463 678/1290/1226 674/829/791 673/835/797 675/1319/1251
f 2890/1819/1712 2551/3943/3612 2554/3946/3615 2581/1820/1713
f 2891/4191/3814 2551/3943/3612 2890/1819/1712 2892/1818/1711
f 2893/4192/3815 2891/4191/3814 2892/1818/1711 2894/4193/3816
f 2895/4194/3817 2552/3944/3613 2551/3943/3612 2896/4195/3818
f 2796/4107/3748 2895/4194/3817 2896/4195/3818 2797/4104/3749
f 2897/4155/3782 2512/2679/2494 2511/2678/2493 2898/4156/3783
f 2510/2683/2498 2515/4196/3588 2600/3971/3633 2898/4156/3783
f 2898/4156/3783 2511/2678/2493 2510/2683/2498
f 2515/4196/3588 2486/2224/2081 2477/1180/1129 2600/3971/3633
f 2897/4155/3782 2893/4192/3815 2894/4193/3816 2512/2679/2494
f 2899/4197/3819 2824/4135/3766 2552/4134/3613 2895/4198/3817
f 2900/4199/3820 2901/4200/3821 2902/3038/2850 2903/4201/3822
f 2904/4202/3823 2900/4199/3820 2903/4201/3822 2905/4203/3824
f 2824/4135/3766 2899/4197/3819 2900/4199/3820 2904/4202/3823
f 1598/2606/2426 1544/2608/2428 1545/2555/2380 1543/2554/2379 1607/2617/2437
f 2905/4203/3824 2903/4201/3822 2907/2718/2522 2906/2557/2382
f 2906/2557/2382 2909/1429/1357 2910/1428/1356 2905/4203/3824
f 2904/4202/3823 2911/1427/1355 2823/4132/3765 2824/4135/3766
f 2905/4203/3824 2910/1428/1356 2911/1427/1355 2904/4202/3823
f 3927/4204/3825 3902/4205/3826 3900/4206/3827 3901/4207/3828 3906/4208/3829
f 2915/1426/1354 2919/3101/2905 2754/4064/3717 2753/4063/3716
f 2920/4209/3830 2921/4210/3831 2922/4211/3832 2923/4212/3833
f 2916/3099/2903 2920/4209/3830 2923/4212/3833 2917/3100/2904
f 2918/3098/2902 2924/4213/3834 2920/4209/3830 2916/3099/2903
f 2924/4213/3834 2925/4214/3835 2921/4210/3831 2920/4209/3830
f 2922/4211/3832 2921/4210/3831 2926/4215/3836 2927/4216/3837
f 2925/4214/3835 2928/4217/3838 2926/4215/3836 2921/4210/3831
f 2929/4218/3839 2930/4219/3840 2931/4220/3841 2932/4221/3842
f 2927/4216/3837 2929/4218/3839 2932/4221/3842 2922/4211/3832
f 2930/4219/3840 2933/4222/3843 2934/4223/3844 2931/4220/3841
f 2935/4224/3845 2936/4225/3846 2937/4226/3847 2938/4227/3848
f 2939/4228/3849 2935/4224/3845 2938/4227/3848 2799/4113/3752
f 2930/4219/3840 2929/4218/3839 2935/4224/3845 2939/4228/3849
f 2929/4218/3839 2927/4216/3837 2936/4225/3846 2935/4224/3845
f 2939/4228/3849 2940/4229/3850 2933/4222/3843 2930/4219/3840
f 2799/4113/3752 2793/4112/3743 2940/4229/3850 2939/4228/3849
f 2941/4230/3851 2926/4215/3836 2928/4217/3838 2942/4231/3852
f 2943/4232/3853 2941/4230/3851 2942/4231/3852 2944/4233/3854
f 2936/4225/3846 2941/4230/3851 2943/4232/3853 2937/4226/3847
f 2927/4216/3837 2926/4215/3836 2941/4230/3851 2936/4225/3846
f 2945/4234/3855 2946/4235/3856 2947/4236/2847 2948/4237/2846
f 2949/4238/3857 2945/4234/3855 2948/4237/2846 2950/4239/2851
f 2937/4226/3847 2943/4232/3853 2945/4234/3855 2949/4238/3857
f 2943/4232/3853 2944/4233/3854 2946/4235/3856 2945/4234/3855
f 2951/4240/3858 2798/4109/3751 2799/4113/3752 2938/4227/3848
f 2949/4238/3857 2951/4240/3858 2938/4227/3848 2937/4226/3847
f 2950/4239/2851 2952/4241/3859 2951/4240/3858 2949/4238/3857
f 2952/4241/3859 2794/4110/3746 2798/4109/3751 2951/4240/3858
f 3441/4165/3792 1873/2506/2333 1872/2505/2332 3444/3547/3297
f 2952/4242/3859 2901/4200/3821 2795/4101/3747 2794/4100/3746
f 2952/4242/3859 2950/3039/2851 2902/3038/2850 2901/4200/3821
f 2947/3035/2847 2955/4243/3860 2956/4244/3861 2954/3036/2848
f 2957/4245/3862 2958/4246/3863 2956/4244/3861 2955/4243/3860
f 2956/4244/3861 2959/2717/2521 2908/2719/2523 2954/3036/2848
f 2958/4246/3863 2960/4247/3864 2959/2717/2521 2956/4244/3861
f 2907/2718/2522 2903/4201/3822 2902/3038/2850 2953/3037/2849
f 2908/2719/2523 2907/2718/2522 2953/3037/2849 2954/3036/2848
f 2961/4248/3865 2962/4249/3866 2963/4250/3867 2964/4251/3868
f 2960/4247/3864 2958/4246/3863 2962/4249/3866 2961/4248/3865
f 2961/4248/3865 2965/4252/3869 2966/4253/3870 2960/4247/3864
f 2964/4251/3868 2967/4254/3871 2965/4252/3869 2961/4248/3865
f 2960/4247/3864 2966/4253/3870 2968/2558/2383 2959/2717/2521
f 2969/4255/3872 2970/4256/3873 2966/4253/3870 2965/4252/3869
f 2967/4254/3871 2971/3765/3472 2969/4255/3872 2965/4252/3869
f 2972/2556/2381 2968/2558/2383 2966/4253/3870 2970/4256/3873
f 2973/4257/3874 2974/4258/3875 2970/4256/3873 2969/4255/3872
f 2971/3765/3472 2975/3764/3471 2973/4257/3874 2969/4255/3872
f 2974/4258/3875 2976/3913/3589 2972/2556/2381 2970/4256/3873
f 2973/4257/3874 2977/4259/3876 2978/4260/3877 2974/4258/3875
f 2975/3764/3471 2979/3767/3474 2977/4259/3876 2973/4257/3874
f 2976/3913/3589 2980/4261/3878 2918/3098/2902 2914/3097/2901
f 2974/4258/3875 2978/4260/3877 2980/4261/3878 2976/3913/3589
f 2981/4262/3879 2982/4263/3880 2983/4264/3881 2984/4265/3882
f 4618/4177/3802 4608/4176/3801 4606/4266/3883 4605/4267/3884 4607/4268/2948 4642/4269/2947 4643/4270/3885 4619/4271/3886
f 2979/3767/3474 2985/4272/3887 2981/4262/3879 2977/4259/3876
f 2985/4272/3887 2986/3783/3490 2982/4263/3880 2981/4262/3879
f 2987/4273/3888 2988/4274/3889 2925/4214/3835 2924/4213/3834
f 2980/4261/3878 2987/4273/3888 2924/4213/3834 2918/3098/2902
f 2984/4265/3882 2983/4264/3881 2988/4274/3889 2987/4273/3888
f 2982/4263/3880 2989/4275/3890 2990/4276/3891 2983/4264/3881
f 2986/3783/3490 2991/3782/3489 2989/4275/3890 2982/4263/3880
f 2988/4274/3889 2992/4277/3892 2928/4217/3838 2925/4214/3835
f 2983/4264/3881 2990/4276/3891 2992/4277/3892 2988/4274/3889
f 2993/4278/3893 2994/4279/3894 2995/4280/3895 2996/4281/3896
f 2989/4275/3890 2993/4278/3893 2996/4281/3896 2990/4276/3891
f 2991/3782/3489 2997/4282/3897 2993/4278/3893 2989/4275/3890
f 2997/4282/3897 2998/4283/3898 2994/4279/3894 2993/4278/3893
f 2999/4284/3899 3000/4285/3900 2944/4233/3854 2942/4231/3852
f 2992/4277/3892 2999/4284/3899 2942/4231/3852 2928/4217/3838
f 2990/4276/3891 2996/4281/3896 2999/4284/3899 2992/4277/3892
f 2996/4281/3896 2995/4280/3895 3000/4285/3900 2999/4284/3899
f 3001/4286/3901 3002/4287/3902 2957/4288/3862 3003/4289/3903
f 2994/4279/3894 3001/4286/3901 3003/4289/3903 2995/4280/3895
f 2998/4283/3898 3004/4290/3904 3001/4286/3901 2994/4279/3894
f 3004/4290/3904 3005/4291/3905 3002/4287/3902 3001/4286/3901
f 3006/4292/3906 2946/4235/3856 2944/4233/3854 3000/4285/3900
f 3006/4292/3906 3000/4285/3900 2995/4280/3895 3003/4289/3903
f 2955/4293/3860 3006/4292/3906 3003/4289/3903 2957/4288/3862
f 2955/4293/3860 2947/4236/2847 2946/4235/3856 3006/4292/3906
f 3173/3179/2979 3174/4294/3907 3172/4295/3908 3171/3180/2980
f 3008/2666/2484 3007/2665/2483 3005/4291/3905 3004/4290/3904
f 3009/2668/2486 3008/2666/2484 3004/4290/3904 2998/4283/3898
f 2130/2257/2112 1132/2256/2111 1135/3634/3366 2131/3418/3191
f 3007/4296/2483 3010/3424/3196 2963/4250/3867 3005/4297/3905
f 646/1221/1166 463/939/897 643/1220/1165 644/1224/1169 645/1223/1168
f 3002/4298/3902 2962/4249/3866 2958/4246/3863 2957/4245/3862
f 3005/4297/3905 2963/4250/3867 2962/4249/3866 3002/4298/3902
f 3011/4299/2482 3013/4300/843 3014/4301/3909 3012/3425/3197
f 1649/2670/2488 1654/2684/2499 1461/2437/2268 1651/2677/2492
f 2827/4136/3767 2831/3426/3198 3012/3425/3197 3014/4301/3909
f 3010/3424/3196 3015/3423/3195 2964/4251/3868 2963/4250/3867
f 3013/4300/843 3016/4302/842 3017/4303/3910 3014/4301/3909
f 3014/4301/3909 3017/4303/3910 2828/4137/3768 2827/4136/3767
f 3016/4302/842 3018/4304/3911 3019/2691/2504 3017/4303/3910
f 3017/4303/3910 3019/2691/2504 3020/2690/2503 2828/4137/3768
f 3020/2690/2503 3022/2689/2502 3023/4305/3912 3024/4306/3913
f 3024/4306/3913 2825/535/512 2828/4137/3768 3020/2690/2503
f 2769/1663/1577 2771/1668/1582 2772/4307/3914 3546/4308/3915 3552/4309/3655 2770/4310/3654 2687/4029/3683
f 3024/4306/3913 3023/4305/3912 3026/4311/3596 3025/4312/3916
f 2674/536/513 2723/4313/3703 2675/537/514
f 819/4314/3917 828/4315/1567 826/4316/1560 825/1682/1559 827/1681/1593
f 3023/4317/3912 3029/525/505 3028/524/504 3026/3921/3596
f 965/1836/1729 968/1850/1742 978/1849/1741 961/1833/1726 960/1832/1725
f 3031/2174/2035 2725/4050/3704 2724/3920/3595 3030/3919/3594
f 709/1147/1099 757/1208/1153 756/1207/1152 708/1474/1397
f 3034/4318/3918 2725/4050/3704 3031/2174/2035 3033/2173/2034
f 3035/4319/3919 3036/4320/3920 3033/2173/2034 3032/2172/2033
f 2524/1333/1265 2543/1332/1264 3035/4319/3919 3032/2172/2033
f 3036/4320/3920 3037/4321/3921 3034/4318/3918 3033/2173/2034
f 2622/4322/3651 3038/4323/3922 3037/4321/3921 2623/4324/3652
f 3037/4321/3921 3038/4323/3922 3039/4325/3923 3034/4318/3918
f 3036/4320/3920 3040/4326/3924 2623/4324/3652 3037/4321/3921
f 3035/4319/3919 2543/1332/1264 3041/4327/2234 3042/4328/3601
f 3036/4320/3920 3035/4319/3919 3042/4328/3601 3040/4326/3924
f 3040/4329/3924 3042/3927/3601 2625/3929/3603 2623/3995/3652
f 4256/4330/3925 4258/4331/3926 4260/4332/3927 4242/4333/3928 4244/4334/3929
f 3043/2396/2235 3263/3926/3600 3045/3925/3599 3047/4335/3930 3044/2393/2232
f 4285/863/2576 4286/864/2586 4287/4336/3931 4283/4337/3932 4281/862/2577
f 260/4338/414 263/4339/413 266/3254/417 309/503/483 311/505/485 259/420/405 258/419/404 578/1117/1072 622/1177/1126 581/4340/1074 579/4341/1073
f 784/1576/1493 804/4342/3933 805/4343/3934 782/1567/1484 781/1566/1483
f 2606/2368/2215 2609/3980/3642 3049/2729/2533 3050/4344/3935
f 3051/4345/3936 3052/3107/2911 3053/3046/2855 3054/3049/2858
f 3054/3049/2858 2606/2368/2215 3050/4344/3935 3051/4345/3936
f 3462/4346/3937 3518/4347/3938 3512/4348/3939 3459/4349/3940 3458/2000/1879
f 3057/1515/1437 2628/2366/2213 3055/3048/2857 3058/1516/1438
f 1696/2748/2552 1924/3095/2899 1923/3094/2898 1697/2749/2553
f 2628/2366/2213 3057/1515/1437 3059/3917/3593 2629/642/609
f 3061/2128/1992 2629/642/609 3059/3917/3593 3062/2129/1993
f 3062/2129/1993 3059/3917/3593 3060/3916/3592 3063/4350/1994
f 3064/639/606 3065/1618/1532 2607/2367/2214 3066/640/607
f 3065/1618/1532 3068/4351/3941 2608/3979/3641 2607/2367/2214
f 3069/4352/3942 3065/1618/1532 3070/1617/1531 3071/4353/3943
f 3071/4353/3943 3070/1617/1531 2849/1616/1530 3072/4354/3944
f 3071/4353/3943 3072/4354/3944 2621/3993/3650 3069/4352/3942
f 3069/4352/3942 3073/4355/3945 3068/4351/3941 3065/1618/1532
f 2624/3996/3653 3073/4355/3945 3069/4352/3942 2621/3993/3650
f 3074/4356/3946 2626/3928/3602 2627/2394/2233 3075/4357/3947
f 3075/4357/3947 3068/4351/3941 3073/4355/3945 3074/4356/3946
f 3074/4356/3946 3073/4355/3945 2624/3996/3653 2626/3928/3602
f 3047/4335/3930 3075/4357/3947 2627/2394/2233 3044/2393/2232
f 3068/4351/3941 3075/4357/3947 3047/4335/3930 2608/3979/3641
f 749/1447/1374 457/935/893 455/933/891 527/1321/1253 597/2793/2611 598/1143/1095 596/1140/1092 595/1139/1091
f 2710/643/610 2709/1521/1443 2846/1520/1442 3067/638/605
f 1902/913/872 1905/2745/2549 1700/2752/2556 1330/914/873
f 3061/2128/1992 2708/2278/2133 2710/643/610 2629/642/609
f 1329/4358/874 1332/2774/2128 1716/2739/2543 1715/917/876 1333/916/875
f 3078/3081/2885 3080/1523/1445 3077/1522/1444 2709/3723/1443
f 3078/3081/2885 3081/3080/2884 3082/4359/3948 3080/1523/1445
f 3083/1519/1441 3084/4360/3949 3085/2087/1956 2556/2091/1959
f 3080/1523/1445 3082/4359/3948 3084/4360/3949 3083/1519/1441
f 2555/2090/1535 2846/4361/1442 3083/1519/1441 2556/2091/1959
f 3084/4360/3949 3086/3419/3192 3087/3421/3194 3085/2087/1956
f 3082/4359/3948 2704/2258/2113 3086/3419/3192 3084/4360/3949
f 3087/3421/3194 2672/2236/2091 3088/2088/1957 3085/2087/1956
f 2672/2236/2091 2671/2235/2090 3089/4362/3950 3088/2088/1957
f 3088/2088/1957 3089/4362/3950 3090/4363/3951 2557/2089/1958
f 3091/4364/3952 3039/4325/3923 3038/4323/3922 3092/4365/3953
f 3089/4362/3950 3091/4364/3952 3092/4365/3953 3090/4363/3951
f 3092/4365/3953 3038/4323/3922 2622/4322/3651 3093/4366/3954
f 3090/4363/3951 3092/4365/3953 3093/4366/3954 2848/4367/1536
f 2848/4367/1536 2555/2090/1535 2557/2089/1958 3090/4363/3951
f 752/3674/3402 515/3673/3401 496/3672/3400 506/3671/3399 442/920/879 441/919/878 488/970/925 486/961/917 487/962/918
f 2276/3601/3343 2236/3533/3285 1240/2157/2021 2237/3539/3291 2338/4368/3428 2336/3711/3426
f 3094/3420/3193 2673/2237/2092 2672/2236/2091 3087/3421/3194
f 2443/3873/3556 2442/3872/3555 2673/2237/2092 3094/3420/3193
f 3094/3420/3193 3095/2806/2624 3096/2805/2623 2443/3873/3556
f 5051/4369/3955 5034/4370/3956 5033/4371/3957 5049/4372/3958 5050/1526/1448
f 2655/2208/2069 2444/2212/2073 2443/3873/3556 3096/2805/2623
f 585/909/868 583/4373/1077 581/4340/1074 622/1177/1126 621/1176/1125 623/910/869
f 2656/2211/2072 3097/2816/2634 2446/2815/2633 2444/2212/2073
f 993/1879/1767 973/1843/1736 972/1842/1735 990/1869/1761 991/1890/1777 992/4374/3959 994/1894/1781 995/1876/1768
f 3100/4375/3960 2448/3875/3558 2451/2813/2631 3099/2812/2630
f 3101/4376/3961 3102/4377/3962 2448/3875/3558 3100/4375/3960
f 3103/3437/3209 3104/3436/3208 3102/4377/3962 3101/4376/3961
f 3104/3436/3208 2432/3863/3549 2440/3870/3553 3102/4377/3962
f 2440/3870/3553 2449/3876/3559 2448/3875/3558 3102/4377/3962
f 3104/3436/3208 3106/767/730 2433/766/729 2432/3863/3549
f 3110/2436/2267 3111/2435/2266 3112/4378/3963
f 3111/2435/2266 3113/2434/2265 3114/769/732 3107/768/731 3112/4378/3963
f 3364/4379/3964 3446/2459/2290 3273/3267/3055 3365/1494/1417 3363/1493/1416
f 3113/2434/2265 2651/2433/2264 2498/3895/3574 2496/3893/3572
f 3114/769/732 3113/2434/2265 2496/3893/3572 2495/3892/3571
f 815/1614/1529 793/1584/1501 832/1006/961 830/1658/1572 813/1612/1527
f 3450/3163/2963 3298/3161/2961 3448/1594/1510 3346/3104/2908 3449/4380/3965
f 2495/3892/3571 2438/4381/3552 2437/770/733 3114/769/732
f 2645/3019/2831 2652/2432/2263 3110/2436/2267 3115/4382/3966
f 2646/3020/2832 2645/3019/2831 3115/4382/3966 3116/4383/3967
f 3115/4382/3966 3117/4384/3968 3119/4385/3969 3116/4383/3967
f 3120/4386/3970 3117/4384/3968 3115/4382/3966 3110/2436/2267
f 3120/4386/3970 3109/4387/3971 3118/4388/3972 3117/4384/3968
f 838/1675/1588 837/1674/1587 836/1662/1576 766/1549/1469 773/1558/1476 839/1670/1584
f 3109/4387/3971 3108/3435/3207 3121/4389/3973 3118/4388/3972
f 3108/3435/3207 3105/3434/3206 3122/4390/3974 3121/4389/3973
f 3125/4391/3975 3122/4390/3974 3105/3434/3206 3103/3437/3209
f 3126/4392/3976 3123/4393/3977 3122/4390/3974 3125/4391/3975
f 3125/4391/3975 3127/4394/3978 3128/4395/3979 3126/4392/3976
f 3101/4376/3961 3127/4394/3978 3125/4391/3975 3103/3437/3209
f 3129/4396/3980 3130/4397/3981 3123/4393/3977 3126/4392/3976
f 3130/4397/3981 3131/4398/3982 3124/4399/3983 3123/4393/3977
f 3126/4392/3976 3128/4395/3979 3134/4400/3984 3129/4396/3980
f 3128/4395/3979 3136/4401/3985 3135/4402/3986 3134/4400/3984
f 3136/4401/3985 3128/4395/3979 3127/4394/3978 3137/4403/3987
f 3100/4375/3960 3137/4403/3987 3127/4394/3978 3101/4376/3961
f 3138/4404/3988 3099/2812/2630 3098/2817/2635 3139/4405/3989
f 3140/4406/3990 3138/4404/3988 3139/4405/3989 3141/4407/3991
f 3136/4401/3985 3137/4403/3987 3138/4404/3988 3140/4406/3990
f 3137/4403/3987 3100/4375/3960 3099/2812/2630 3138/4404/3988
f 3139/4405/3989 3098/2817/2635 3097/2816/2634 3142/4408/3992
f 3141/4407/3991 3139/4405/3989 3142/4408/3992 3143/4409/3993
f 2660/2210/2071 3142/4408/3992 3097/2816/2634 2656/2211/2072
f 2660/2210/2071 2659/3143/2943 3143/4409/3993 3142/4408/3992
f 3143/4409/3993 2659/3143/2943 3145/1325/1257 3144/382/367
f 3144/382/367 3146/381/366 3141/4407/3991 3143/4409/3993
f 2858/4163/3790 2856/4162/3789 2857/4161/3788 1489/4164/3791 1492/3811/3506 1493/3812/3507
f 3149/4410/3994 3135/4402/3986 3136/4401/3985 3140/4406/3990
f 3146/381/366 3149/4410/3994 3140/4406/3990 3141/4407/3991
f 1231/4411/1683 1232/3801/1682 2406/3804/3501 2405/1634/1548 2404/1633/1547 2403/3800/1684
f 1962/1413/1341 1799/4021/3675 1796/2924/2741 1797/2923/2740 1798/848/810 1963/847/809
f 2302/3643/3375 2300/3635/3367 2296/3631/3363 2297/3632/3364 2298/3633/3365 2299/3644/3376
f 3160/840/802 3162/4412/3995 3161/2025/1903 3157/841/803
f 3160/840/802 3163/4413/3996 3164/4414/3997 3162/4412/3995
f 3162/4412/3995 3164/4414/3997 3165/3311/3095 3166/4415/3998
f 1523/2518/2345 1520/2513/2340 1804/2927/2744 1801/2922/2739 1800/2921/2738
f 3166/4415/3998 3165/3311/3095 2882/3310/3094 2881/4188/3812
f 3167/2026/1904 2885/4187/3811 2577/4186/3810 2576/2027/1905
f 3164/4414/3997 3168/4416/3999 3169/3312/3096 3165/3311/3095
f 1519/2512/2339 1516/1903/1790 1409/1902/1789 1411/4118/3756 1806/2935/2752 1805/2928/2745
f 3580/4184/3809 3581/4417/4000 2734/3379/3156 2735/3378/3155 2682/4025/3679 2681/4024/3678
f 2176/3159/2959 2178/1337/1269 2132/1336/1268 2163/3455/3225 2165/3457/3227 2177/3471/3237
f 1811/2701/2510 1812/3184/2984 1810/3172/2972 1809/2702/2511
f 2784/778/741 2788/2361/2208 3172/4295/3908 3174/4294/3907 3175/4418/4001 2487/779/742
f 3174/4294/3907 3176/4419/4002 3177/4181/3806 3175/4418/4001
f 1297/620/590 1455/619/589 1456/2007/1885 1291/2006/1884 1296/2696/1923
f 3176/4419/4002 3178/4420/4003 3179/4182/3807 3177/4181/3806
f 1104/219/207 1105/222/210 1816/2942/2759 1814/2940/2757 1102/2008/1886
f 3178/4420/4003 3180/4421/4004 3181/4422/4005 3179/4182/3807
f 3179/4182/3807 3181/4422/4005 3182/2959/2776 2491/2962/2779
f 3181/4422/4005 3183/4423/4006 3184/2955/2772 3182/2959/2776
f 3183/4423/4006 3185/4424/4007 3186/2956/2773 3184/2955/2772
f 5187/1926/1812 5152/1925/1811 5153/4425/4008 5151/4426/4009 5186/4427/4010
f 5117/4337/4011 5119/4336/4012 5120/864/826 5118/863/825 5114/862/824
f 1137/2044/1918 1136/2048/1920 2126/3417/3190 2125/3413/3186 2122/1191/1140
f 3187/2958/2775 2851/2957/2774 2850/4141/3771 3189/4428/4013
f 3188/2960/2777 3187/2958/2775 3189/4428/4013 3190/2971/2788
f 3190/2971/2788 2492/781/744 2490/2961/2778 3188/2960/2777
f 3191/4429/4014 2852/4143/3772 2853/4145/3773 3192/4430/4015
f 1828/2965/2782 1831/2975/2792 1830/2967/2784 1829/2966/2783 1827/2964/2781
f 3189/4428/4013 2850/4141/3771 2852/4143/3772 3191/4429/4014
f 1033/1945/1829 2429/3860/3546 2426/3857/3543 1028/1934/1818
f 3194/776/739 3193/2970/2787 3195/4431/4016 3196/4432/4017
f 3196/4432/4017 2787/1625/1539 2786/777/740 3194/776/739
f 3372/4433/4018 3374/4434/4019 3375/1592/1508 3360/4435/4020 3359/3266/3054 3370/3265/3053
f 3196/4432/4017 3195/4431/4016 3197/4436/4021 3198/4437/4022
f 3196/4432/4017 3198/4437/4022 2790/1626/1540 2787/1625/1539
f 205/4438/4023 206/853/815 203/900/860 204/2850/2668
f 3198/4437/4022 3197/4436/4021 3200/555/532 3199/558/535
f 3198/4437/4022 3199/558/535 3201/3807/3503 2790/1626/1540
f 3200/555/532 3212/2983/2800 3206/1967/1847 2872/1966/1846 2871/3141/2941 3202/557/534 3203/556/533
f 2676/2234/2089 2726/4051/3705 2725/4050/3704 2671/2235/2090
f 2048/1461/1387 2000/3299/3005 2052/3297/3082 2049/637/604 2050/636/603
f 3206/1967/1847 3205/2986/2803 2805/4115/3754 2802/1365/1293
f 3204/2985/2802 1846/2990/2805 1845/4439/2804 3205/2986/2803
f 817/1683/1594 818/4440/4024 819/4314/3917 827/1681/1593
f 1847/2989/2806 3207/2984/2801 3208/4441/4025 1849/4442/2807
f 1849/4442/2807 3208/4441/4025 3209/4443/4026 1851/4444/2809
f 1851/4444/2809 3209/4443/4026 2853/4145/3773 1480/4144/2284
f 3210/4445/4027 3197/4436/4021 3195/4431/4016 3211/4446/4028
f 3208/4441/4025 3210/4445/4027 3211/4446/4028 3209/4443/4026
f 3211/4446/4028 3195/4431/4016 3193/2970/2787 3192/4430/4015
f 3209/4443/4026 3211/4446/4028 3192/4430/4015 2853/4145/3773
f 3212/2983/2800 3200/555/532 3197/4436/4021 3210/4445/4027
f 3207/2984/2801 3212/2983/2800 3210/4445/4027 3208/4441/4025
f 1857/4447/2820 3185/4424/4007 3213/4448/4029 1858/4449/2821
f 1858/4449/2821 3213/4448/4029 3214/3013/2825 1860/3012/713
f 4132/4450/4030 4134/4451/4031 4183/4452/4032 4136/4453/4033 4133/4454/4034 4130/4455/4035
f 3377/3276/3064 3348/2833/2651 3345/2832/2650 3347/1593/1509 3375/1592/1508 3374/4434/4019
f 153/301/286 179/300/285 177/539/516 322/2385/2228 323/2384/2227
f 1318/1309/1241 2219/3518/3273 2217/1378/1306 2212/3506/3264 2214/1310/1242
f 1196/1639/1553 1195/1638/1552 1523/2518/2345 1800/2921/2738 1198/4456/4036
f 2110/2504/2331 2064/1537/1459 1871/1305/1237 1872/2505/2332
f 3369/3264/3052 3368/3263/3051 3417/3327/3108 3416/3332/3113
f 2104/687/654 2106/3366/3143 1874/3134/2934 1875/688/655
f 4196/4457/4037 4198/4458/4038 4214/4459/4039 4159/4460/4040 4215/4461/4041
f 3949/4462/4042 3987/4463/4043 3989/4464/4044 3992/4465/4045 3993/4466/4046
f 221/476/456 222/1080/1035 219/453/436 216/356/341 214/354/339 218/364/349
f 1880/2827/2645 2098/4467/4047 2097/1057/1012 1879/1060/1015
f 1881/3372/3149 2111/3371/3148 2098/4467/4047 1880/2827/2645 1882/4468/4048
f 1884/3052/2861 3222/4469/4049 2712/3061/2868 1334/2738/2542
f 2809/4119/3757 3728/4470/4050 2732/4056/3710 2810/4471/4051 2811/1467/1391 2808/1466/1390
f 3222/4469/4049 3223/4472/4052 3225/3062/2869 2712/3061/2868
f 2576/2027/1905 2579/3960/3627 2580/4074/3725 2761/4073/3724 2751/389/374 3155/388/373 3156/1324/1256
f 3227/3220/3014 3228/3063/2870 3225/3062/2869 3224/3064/2871
f 743/1437/1364 729/3956/3625 730/1203/1148 726/1202/1147 745/1435/1362
f 3224/3064/2871 3229/2359/2206 3230/3221/3015 3227/3220/3014
f 3229/2359/2206 3233/1011/966 3234/3222/3016 3230/3221/3015
f 1509/2516/2343 2409/3808/3504 1514/1905/1792 1513/2502/2329
f 3185/4424/4007 1857/3006/2820 1824/2954/2771 1823/2953/2770 1856/3004/2819 3186/2956/2773
f 3239/3085/2889 3240/4473/4053 2705/2259/2114 3081/3080/2884
f 3237/3084/2888 3236/3223/3017 3240/4473/4053 3239/3085/2889
f 2704/2258/2113 3082/4359/3948 3081/3080/2884 2705/2259/2114
f 3241/2127/1991 3243/2131/1995 3244/4474/4054 3242/3082/2886
f 3243/2131/1995 3245/3914/3590 3246/4040/3694 3244/4474/4054
f 3242/3082/2886 3244/4474/4054 3247/4475/4055 3232/3219/3013
f 3244/4474/4054 3246/4040/3694 3248/4039/3693 3247/4475/4055
f 3231/3218/3012 3235/3083/2887 3242/3082/2886 3232/3219/3013
f 1680/2716/2520 1250/2170/2031 1251/2171/2032 1252/562/539 1681/565/542
f 260/429/414 579/1118/1073 580/1121/1076 261/2848/2666 262/430/415
f 3029/525/505 3023/4317/3912 3022/4476/2502 3521/2688/2501 3520/4477/4056 3455/526/506
f 3250/4037/3691 3252/4478/4057 3253/4479/4058 3251/4038/3692
f 3247/4475/4055 3248/4039/3693 3251/4038/3692 3253/4479/4058 3254/295/280 3255/294/279 2713/3060/2867 2711/3059/2866 3228/3063/2870 3227/3220/3014 3232/3219/3013
f 1335/2732/2536 2713/3060/2867 3255/294/279 1921/293/278
f 3252/4478/4057 2562/3953/3622 2567/3955/3624 3253/4479/4058
f 3256/3103/2907 2563/3102/2906 2562/3953/3622 3252/4478/4057
f 3250/4037/3691 3249/4036/3690 3257/1514/1436 3258/1517/1439
f 3252/4478/4057 3250/4037/3691 3258/1517/1439 3256/3103/2907
f 3258/1517/1439 3058/1516/1438 3055/3048/2857 3056/3047/2856 3256/3103/2907
f 3249/4036/3690 3246/4040/3694 3245/3914/3590 3257/1514/1436
f 2393/2769/2590 1646/2661/2479 2392/3033/2845 2391/2770/2591
f 906/4480/4059 897/1446/1373 892/1445/1372 891/1730/1639
f 2565/3954/3623 3048/4481/2532 3261/2727/2531
f 3263/4482/3600 2538/1335/1267 2542/3931/3605 3262/2726/2530
f 3043/4483/2235 2539/1331/1263 2538/1335/1267 3263/4482/3600
f 3264/4484/4060 2558/3938/3609 2565/3954/3623 3261/2727/2531
f 2542/3931/3605 3264/4484/4060 3261/2727/2531 3262/2726/2530
f 3236/3223/3017 3234/3222/3016 3233/1011/966 3265/1014/969
f 3240/4473/4053 3266/2268/2123 2700/2260/2115 2705/2259/2114
f 3236/3223/3017 3265/1014/969 3266/2268/2123 3240/4473/4053
f 3768/3592/3337 3794/4485/4061 3795/4486/4062 3793/4487/4063 3792/4488/4064 3785/3593/3338
f 3367/3231/3025 3270/3230/3024 3268/4489/4065 3269/4490/4066 3272/4168/3793 3425/3350/3129
f 1936/3116/2916 1934/3121/2921 1937/3120/2920 1938/3119/2919 1935/4491/4067 1931/3115/2915 1932/2353/2200 1933/2358/2205 1325/2357/2204
f 1941/3127/2927 1946/4492/4068 1945/3133/2933 1944/3131/2931 1942/3128/2928
f 3278/2458/2289 3276/1442/1369 3275/1441/1368 3274/3268/3056
f 3277/1438/1365 3276/1442/1369 3281/4493/4069 2662/4009/3666
f 1286/2216/2077 1285/2215/2076 1945/3133/2933 1277/2809/2627 1279/2982/2799
f 2662/4009/3666 2661/4008/3665 3279/1439/1366 3277/1438/1365
f 2658/3142/2942 2659/3143/2943 2660/2210/2071 2657/2209/2070 2664/4011/3668 2663/4010/3667 3283/4494/4070 3281/4493/4069 3276/1442/1369 3278/2458/2289 3282/2457/2288
f 3283/4494/4070 2663/4010/3667 2662/4009/3666 3281/4493/4069
f 3282/2457/2288 3285/2461/2292 3284/1326/1258 2658/3142/2942
f 1943/3129/2929 1948/3136/2936 1950/3140/2940 1951/3262/3050 2112/3374/3151
f 1271/808/771 1272/807/770 1265/2188/2049 1268/2191/2052 1270/2193/2054
f 631/1197/1144 625/912/871 717/1381/1309 633/4495/4071 634/1518/1440 632/1198/1145
f 3352/892/852 3355/1598/1514 2525/1597/1513 3349/1596/1512 3350/893/853
f 1958/3258/3046 2113/3257/3045 1955/3256/3044 1956/3255/3043 1952/2266/2121 1786/2265/2120 1785/2896/2713 1957/2901/2718 1790/2900/2717 1792/2899/2716 1791/2910/2727 1793/2909/2726 1795/4019/3673 1959/3259/3047
f 436/901/861 231/4496/4072 209/4497/4073 208/4498/4074 207/899/859
f 4120/4499/4075 4123/4500/4076 4121/3472/3238 4122/2858/2675
f 3299/3162/2962 3301/3165/2965 3302/4501/4077 3163/4413/3996
f 3163/4413/3996 3160/840/802 3159/839/801 3299/3162/2962
f 3301/3165/2965 3303/4502/4078 3304/4503/4079 3302/4501/4077
f 3302/4501/4077 3304/4503/4079 3170/4504/4080 3168/4416/3999
f 3168/4416/3999 3164/4414/3997 3163/4413/3996 3302/4501/4077
f 3303/4502/4078 3305/4505/4081 3306/3181/2981 3304/4503/4079
f 3304/4503/4079 3306/3181/2981 3171/3180/2980 3170/4504/4080
f 3305/4505/4081 3307/4506/4082 3308/3177/2977 3306/3181/2981
f 3307/4506/4082 3309/4507/4083 3310/3178/2978 3308/3177/2977
f 2252/1510/1433 2250/3607/3311 2249/3075/2882 1395/3079/2183 1389/2328/2177 1369/1506/1429
f 3309/4507/4083 3311/4508/4084 3312/4509/4085 3310/3178/2978
f 3310/3178/2978 3312/4509/4085 3313/4510/4086 3173/3179/2979
f 3312/4509/4085 3314/4511/4087 3315/4512/4088 3313/4510/4086
f 3313/4510/4086 3315/4512/4088 3178/4420/4003 3176/4419/4002
f 3176/4419/4002 3174/4294/3907 3173/3179/2979 3313/4510/4086
f 3314/4511/4087 3316/4513/4089 3317/4514/4090 3315/4512/4088
f 3315/4512/4088 3317/4514/4090 3180/4421/4004 3178/4420/4003
f 3316/4513/4089 3318/3009/2823 3319/3014/2826 3317/4514/4090
f 3317/4514/4090 3319/3014/2826 3320/4515/4091 3180/4421/4004
f 3319/3014/2826 3214/3013/2825 3213/4448/4029 3320/4515/4091
f 3321/4516/4092 3322/4517/4093 3318/3009/2823 3316/4513/4089
f 3322/4517/4093 3216/3511/3267 3215/3010/2824 3318/3009/2823
f 3316/4513/4089 3314/4511/4087 3323/4518/4094 3321/4516/4092
f 3324/4519/4095 3325/4520/4096 3321/4521/4092 3323/4522/4094
f 3314/4511/4087 3312/4509/4085 3311/4508/4084 3323/4518/4094
f 3323/4522/4094 3311/4523/4084 3326/4524/4097 3324/4519/4095
f 3327/4525/4098 3328/4526/4099 3324/4519/4095 3326/4524/4097
f 3329/4527/4100 3330/4528/4101 3328/4526/4099 3327/4525/4098
f 3311/4508/4084 3309/4507/4083 3331/4529/4102 3326/4530/4097
f 3327/4531/4098 3332/4532/4103 3333/4533/4104 3329/4534/4100
f 3326/4530/4097 3331/4529/4102 3332/4532/4103 3327/4531/4098
f 3334/3856/3542 3335/4535/3074 3329/4534/4100 3333/4533/4104
f 3336/4536/4105 3337/4537/4106 3338/4538/4107 3339/4539/4108
f 3332/4532/4103 3336/4536/4105 3339/4539/4108 3333/4533/4104
f 3331/4529/4102 3340/4540/4109 3336/4536/4105 3332/4532/4103
f 3340/4540/4109 3341/4541/4110 3337/4537/4106 3336/4536/4105
f 1998/3209/3003 2001/1306/1238 2008/360/345 2005/3215/3009 2004/3214/3008
f 237/402/387 232/400/385 231/4496/4072 436/901/861 238/403/388
f 3338/4538/4107 3343/4542/4111 3344/2831/2649 3342/2830/2648
f 597/2793/2611 599/800/763 600/799/762 598/1143/1095
f 2018/3239/3033 2019/2140/2004 1959/3259/3047 2017/4022/3676 2016/4543/4112
f 2020/513/493 2018/3239/3033 2016/4543/4112 2015/515/495 1141/514/494
f 4161/4544/4113 4111/4545/4114 4112/4546/4115 4113/4547/4116 4110/4548/4117 4114/4549/4118 4162/4550/4119
f 3353/896/856 3358/1487/1410 3359/3266/3054 3360/4435/4020 3354/4551/4120 3355/1598/1514 3352/892/852
f 4095/4552/4121 4075/4553/4122 4076/4554/4123 4096/4555/4124 4097/4556/4125 4098/4557/4126
f 4709/4558/3535 4694/4559/3534 4695/1744/1650 4696/1743/1649 4697/4560/4127
f 2030/2142/2006 1939/3375/3152 2112/3374/3151 2031/3260/3048 2029/2143/2007
f 3447/1329/1261 3290/1328/1260 3289/1327/1259 3284/1326/1258 3285/2461/2292 3286/2460/2291 3287/4561/4128 3364/4379/3964 3363/1493/1416 3288/1492/1415 3361/1491/1414 3362/1490/1413 3357/1489/1412 3356/1488/1411 3353/896/856 3293/895/855 3292/1330/1262
f 4197/4562/4129 4201/4563/4130 4202/4564/4131 4199/4565/4132 4200/4566/4133 4198/4567/4038
f 3369/3264/3052 3371/3357/3136 3372/4433/4018 3370/3265/3053
f 2026/3241/3035 2041/512/492 2039/3273/3061 2037/3269/3057 2035/3272/3060 2024/3242/3036
f 3371/3357/3136 3373/329/314 3374/4434/4019 3372/4433/4018
f 2042/3275/3063 2043/852/814 2040/3274/3062 2039/3273/3061
f 1255/2747/2551 1229/2151/2015 1228/2150/2014 1253/2756/2560 1254/2750/2554
f 395/903/863 398/2532/2358 439/2381/2224 324/2380/2223
f 328/3654/3384 329/543/520 334/572/547 338/571/546
f 1546/1874/1766 1611/2620/2440 1607/2617/2437 1543/2554/2379
f 1707/2758/2568 1472/2762/2572 1473/3815/2610 1175/3278/2599 1714/3277/3065 1704/2755/2559 1703/2754/2558
f 2099/1058/1013 2100/3362/3140 1877/3043/2854 1878/1059/1014
f 329/543/520 141/209/197 332/559/536 333/561/538 334/572/547
f 2045/850/812 2001/1306/1238 2000/3211/3005 2048/4568/1387 2047/1141/1093
f 3384/3287/3072 3387/3305/3089 3388/4569/4134 3386/3288/3073
f 3386/3288/3073 3388/4569/4134 3389/4570/4135 3330/4528/4101
f 3330/4528/4101 3329/4527/4100 3335/3289/3074 3386/3288/3073
f 3388/4569/4134 3390/3407/3180 3391/3406/3179 3389/4570/4135
f 3392/4571/4136 3218/3591/3336 3217/3590/3335 3393/4572/4137
f 3394/4573/4138 3392/4571/4136 3393/4572/4137 3325/4520/4096
f 3389/4570/4135 3391/3406/3179 3392/4571/4136 3394/4573/4138
f 3391/3406/3179 3219/3405/3178 3218/3591/3336 3392/4571/4136
f 3394/4573/4138 3328/4526/4099 3330/4528/4101 3389/4570/4135
f 3325/4520/4096 3324/4519/4095 3328/4526/4099 3394/4573/4138
f 2061/3031/2843 2062/1538/1460 2063/634/601 2054/633/600 2053/3296/3081 2057/3026/2838
f 2353/4574/4139 2352/3726/3443 2349/3721/3441 2348/3720/3440
f 2063/634/601 2065/3306/3090 2066/3309/3093 2067/1462/1388 2051/635/602
f 3402/591/565 3403/4575/4140 3398/1629/1543 3401/1628/1542
f 2881/4188/3812 2885/4187/3811 3167/2026/1904 3161/2025/1903 3162/4412/3995 3166/4415/3998
f 2073/3323/3098 2070/3335/1094 2069/3308/3092 2071/3368/3145 2081/3324/3106
f 2070/1142/1094 2073/3314/3098 2072/3313/3097 2044/851/813
f 3406/326/311 3408/3355/3134 3409/4576/4141 3407/4577/562
f 3410/325/310 3411/3356/3135 3408/3355/3134 3406/326/311
f 3373/329/314 3371/3357/3136 3411/3356/3135 3410/325/310
f 3412/4578/3112 3413/4579/4142 3414/4580/4143 3409/4581/4141
f 3414/4580/4143 3415/589/563 3407/588/562 3409/4581/4141
f 3408/3355/3134 3416/3332/3113 3412/3331/3112 3409/4576/4141
f 3382/4582/955 3335/4535/3074 3334/3856/3542 3379/3281/3066 3381/3280/956
f 2036/3271/3059 2038/3270/3058 2077/3317/3101 2075/3316/3100 2082/3326/3107
f 2084/3485/3248 2034/4082/3728 2036/3271/3059 2082/3326/3107
f 3419/3329/3110 3420/4170/3795 3421/3571/3316 3422/367/352
f 3418/3330/3111 3419/3329/3110 3422/367/352 3423/366/351
f 3423/366/351 3413/4583/4142 3412/3331/3112 3418/3330/3111
f 3424/3328/3109 3425/3350/3129 3420/4170/3795 3419/3329/3110
f 2093/3354/3133 1935/4491/4067 1938/3119/2919 2091/3118/2918 2088/3337/3117 2092/3351/3130
f 2238/3552/3290 2248/3551/3300 2243/3544/3295 2241/3543/3293
f 3426/4169/3794 3427/1012/967 3428/1107/1062 3429/1106/1061
f 3429/1106/1061 3421/3571/3316 3420/4170/3795 3426/4169/3794
f 1897/3070/2877 1931/3115/2915 1935/4491/4067 2093/3354/3133
f 2098/4467/4047 2111/3371/3148 2096/3370/3147 2094/3353/3132 2095/3352/3131
f 2097/1057/1012 2098/4467/4047 2095/3352/3131 2087/2968/2785
f 2881/4188/3812 2882/3310/3094 2878/980/935 2877/985/940 2879/347/332 2880/351/336
f 3190/2971/2788 3189/4428/4013 3191/4429/4014 3192/4430/4015 3193/2970/2787
f 3435/365/350 3434/369/354 3436/3045/2852 3437/4584/4144
f 3437/4584/4144 3413/4583/4142 3423/366/351 3435/365/350
f 3437/4585/4144 3436/3041/2852 3438/3042/2853 3439/4586/4145
f 3439/4586/4145 3414/4580/4143 3413/4579/4142 3437/4585/4144
f 3442/4587/4146 3440/3135/2935 3441/4165/3792 3443/4588/4147
f 3439/4586/4145 3438/3042/2853 3440/3135/2935 3442/4587/4146
f 3442/4587/4146 3415/589/563 3414/4580/4143 3439/4586/4145
f 3443/4588/4147 3405/590/564 3415/589/563 3442/4587/4146
f 3443/4588/4147 3441/4165/3792 3444/3547/3297 3403/4575/4140
f 3403/4575/4140 3402/591/565 3405/590/564 3443/4588/4147
f 3445/1104/1059 3430/1103/1058 3224/3064/2871 3225/3062/2869 3223/4472/4052 3226/4589/4148 3220/4590/4149 3221/4591/4150
f 3403/4575/4140 3444/3547/3297 3399/1304/1236 3398/1629/1543
f 3446/2459/2290 3278/2458/2289 3274/3268/3056 3273/3267/3055
f 3287/4561/4128 3286/2460/2291 3446/2459/2290 3364/4379/3964
f 3360/4435/4020 3375/1592/1508 3355/1598/1514 3354/4551/4120
f 615/1166/1115 614/1165/1114 616/1443/1370 617/1175/1124 618/1174/1123
f 3344/2831/2649 3343/4542/4111 3449/4380/3965 3346/3104/2908
f 3450/3163/2963 3451/4592/4151 3452/4593/4152 3300/3164/2964
f 3449/4380/3965 3343/4542/4111 3451/4592/4151 3450/3163/2963
f 3451/4592/4151 3337/4537/4106 3341/4541/4110 3452/4593/4152
f 3343/4542/4111 3338/4538/4107 3337/4537/4106 3451/4592/4151
f 3452/4593/4152 3341/4541/4110 3305/4505/4081 3303/4502/4078
f 3303/4502/4078 3301/3165/2965 3300/3164/2964 3452/4593/4152
f 3340/4540/4109 3331/4529/4102 3309/4507/4083 3307/4506/4082
f 3341/4541/4110 3340/4540/4109 3307/4506/4082 3305/4505/4081
f 3393/4572/4137 3217/3590/3335 3216/3822/3267 3322/4594/4093
f 3325/4520/4096 3393/4572/4137 3322/4594/4093 3321/4521/4092
f 1892/3066/2873 1897/3070/2877 2093/3354/3133 2094/3353/3132
f 3183/4423/4006 3181/4422/4005 3180/4421/4004 3320/4515/4091
f 3185/4424/4007 3183/4423/4006 3320/4515/4091 3213/4448/4029
f 3120/4386/3970 3110/2436/2267 3112/4378/3963
f 348/4595/572 349/593/567 350/596/569 346/587/561 345/586/560 343/583/558 194/584/302 347/4596/574
f 3119/4385/3969 3453/4597/4153 3454/4598/4154 3116/4383/3967
f 2072/3313/3097 2076/3318/3102 2040/3274/3062 2043/852/814 2044/851/813
f 1324/4599/4155 1327/2783/2601 1723/2782/2600 1724/2784/2602 1731/2804/2622 1732/2808/2626
f 3043/4483/2235 3041/4327/2234 2543/1332/1264 2539/1331/1263
f 2724/4600/3595 2723/4313/3703 3027/4601/4156 3025/4312/3916 3026/4311/3596
f 3458/2000/1879 3459/4349/3940 3460/342/327 3461/1998/1877
f 254/415/400 252/409/394 575/1109/1064 576/1116/1071
f 3462/4346/3937 3458/2000/1879 3456/523/503 3457/527/507
f 4856/4602/4157 4902/3392/3165 4901/3402/3175 4897/4603/4158 4896/4604/4159
f 3461/1998/1877 3460/342/327 2518/346/331 2521/576/551
f 3463/4605/4160 3464/180/168 3465/2440/2271 3466/343/328
f 3459/4349/3940 3463/4605/4160 3466/343/328 3460/342/327
f 4357/4606/4161 4355/4607/4162 4356/4608/4163 4313/4609/4164
f 544/1144/1096 548/1396/1324 549/1395/1323 545/1074/1029 540/1066/1021 543/1069/1024
f 2238/3538/3290 2241/3541/3293 2239/3540/3292 2237/3539/3291
f 688/1541/1462 684/4610/1239 682/1291/980 683/1540/1461
f 693/1315/1247 688/1541/1462 677/1542/1463 679/1318/1250 692/1316/1248
f 3472/1501/1424 3476/4611/4165 3477/4612/4166 3473/1502/1425
f 3471/1500/1423 3478/4613/4167 3476/4611/4165 3472/1501/1424
f 2143/3433/3205 2144/3432/3204 3474/1503/1426 3473/1502/1425
f 3479/4614/4168 3480/373/358 2147/3438/3210 2145/3441/3213
f 3480/373/358 3481/372/357 2149/3442/3042 2147/3438/3210
f 2671/2235/2090 2725/4050/3704 3034/4318/3918 3039/4325/3923 3091/4364/3952 3089/4362/3950
f 3482/493/473 3483/492/472 2153/1345/1277 2151/3247/3039
f 2033/3117/2917 2034/4082/3728 2084/3485/3248 2090/3341/3120 2091/3118/2918
f 3486/3238/3032 3485/496/476 2592/495/475 2591/1897/1784
f 3486/3238/3032 2632/3237/3031 2639/551/528 3484/550/527 3483/492/472 3485/496/476
f 803/3838/3533 818/4440/4024 817/1683/1594 816/1684/1595
f 1220/3826/3523 1093/2559/2384 1088/2076/1945 1213/2538/2364
f 2844/370/355 3488/4615/4169 3489/4616/4170 2589/3968/3632
f 3488/4615/4169 3478/4613/4167 3490/4617/4171 3489/4616/4170
f 3491/4618/4172 3476/4611/4165 3478/4613/4167 3488/4615/4169
f 3487/374/359 3491/4618/4172 3488/4615/4169 2844/370/355
f 3480/373/358 3479/4614/4168 3491/4618/4172 3487/374/359
f 3479/4614/4168 3477/4612/4166 3476/4611/4165 3491/4618/4172
f 3490/4617/4171 3470/4619/4173 3469/4620/4174 2604/3977/3639
f 2601/3974/3636 2584/3969/3630 2589/3968/3632 3489/4616/4170
f 2604/3977/3639 2601/3974/3636 3489/4616/4170 3490/4617/4171
f 3478/4613/4167 3471/1500/1423 3470/4619/4173 3490/4617/4171
f 3469/4620/4174 3468/4621/4175 3467/4622/4176 3492/4623/4177
f 3492/4623/4177 2605/3978/3640 2604/3977/3639 3469/4620/4174
f 3493/179/167 3494/178/166 3495/4624/4178 3496/4625/4179
f 3467/4622/4176 3493/179/167 3496/4625/4179 3492/4623/4177
f 3496/4625/4179 3497/4626/4180 2605/3978/3640 3492/4623/4177
f 3495/4624/4178 3498/4627/4181 3497/4626/4180 3496/4625/4179
f 3498/4627/4181 3495/4624/4178 3499/4628/4182 3500/4629/4183
f 3500/4629/4183 3501/4630/4184 3502/4631/4185 3498/4627/4181
f 3501/4630/4184 2548/4632/3461 2821/4633/3460 3502/4631/4185
f 2602/3975/3637 2605/3978/3640 3497/4626/4180 3503/4634/4186
f 3503/4634/4186 3497/4626/4180 3498/4627/4181 3502/4631/4185
f 2820/4635/3763 3503/4634/4186 3502/4631/4185 2821/4633/3460
f 2603/3976/3638 2602/3975/3637 3503/4634/4186 2820/4635/3763
f 3500/4629/4183 3499/4628/4182 3504/4636/4187 2537/697/664
f 2537/697/664 2534/696/663 3501/4630/4184 3500/4629/4183
f 2548/4632/3461 3501/4630/4184 2534/696/663
f 3504/4636/4187 3505/176/164 3506/3907/3586 3507/4637/4188
f 3507/4637/4188 2535/690/657 2537/697/664 3504/4636/4187
f 3499/4628/4182 3508/177/165 3505/176/164 3504/4636/4187
f 3495/4624/4178 3494/178/166 3508/177/165 3499/4628/4182
f 2750/4062/3715 3133/4638/4189 3131/4398/3982 3130/4397/3981
f 4527/4639/4190 4529/4640/4191 4531/4641/4192 4530/4642/4193 4517/4643/4194 4528/4644/4195
f 3512/4348/3939 3513/4645/4196 3514/4646/4197 3515/4647/4198
f 3516/4648/4199 2500/3897/3576 2502/2464/2295 3513/4645/4196
f 3517/4649/4200 2497/3894/3573 2500/3897/3576 3516/4648/4199
f 3514/4646/4197 2502/2464/2295 3511/2463/2294 3509/175/163
f 2502/2464/2295 3514/4646/4197 3513/4645/4196
f 3518/4347/3938 3519/4650/4201 3517/4649/4200 3516/4648/4199
f 3518/4347/3938 3516/4648/4199 3513/4645/4196 3512/4348/3939
f 3520/4477/4056 3521/2688/2501 3522/2693/2506 3523/4651/4202
f 3519/4650/4201 3520/4477/4056 3523/4651/4202 3517/4649/4200
f 3462/4346/3937 3457/527/507 3519/4650/4201 3518/4347/3938
f 3457/527/507 3455/526/506 3520/4477/4056 3519/4650/4201
f 3522/2693/2506 3021/2692/2505 3524/4652/4203 2494/3891/3570
f 2494/3891/3570 2493/3890/3569 3523/4651/4202 3522/2693/2506
f 2493/3890/3569 2497/3894/3573 3517/4649/4200 3523/4651/4202
f 3018/4653/3911 2439/884/846 2438/3867/3552 3524/4654/4203
f 2438/4381/3552 2495/3892/3571 2494/3891/3570 3524/4652/4203
f 3021/4655/2505 3019/2691/2504 3018/4304/3911 3524/4656/4203
f 3525/2467/2298 3526/4657/4204 3506/3907/3586 3510/2468/2299
f 3527/4658/4205 3507/4637/4188 3506/3907/3586 3526/4657/4204
f 3527/4658/4205 2536/691/658 2535/690/657 3507/4637/4188
f 3526/4657/4204 2665/4016/3669 2536/691/658 3527/4658/4205
f 3528/4659/4206 2666/4660/3670 2665/4016/3669 3526/4657/4204
f 2729/4661/3708 2728/4662/3707 2666/4660/3670 3528/4659/4206
f 2729/4054/3708 3529/4663/4207 3530/4664/4208 2730/4055/3709
f 3529/4663/4207 3531/4665/3480 2695/3950/3619 3530/4664/4208
f 3528/4659/4206 3532/3775/3482 3529/4666/4207 2729/4661/3708
f 3532/3775/3482 3533/3774/3481 3531/3773/3480 3529/4666/4207
f 3532/3775/3482 3528/4659/4206 3526/4657/4204 3525/2467/2298
f 3132/4667/4209 3453/4597/4153 3119/4385/3969 3117/4384/3968 3118/4388/3972 3121/4389/3973 3122/4390/3974 3123/4393/3977 3124/4399/3983 3131/4398/3982 3133/4638/4189 3710/4668/4210 2737/4096/3742
f 2800/4114/3753 2647/3015/2827 3535/4669/4211 3536/4670/4212
f 3534/3772/3479 2801/2466/2297 2800/4114/3753 3536/4670/4212
f 3537/4671/4213 3538/4672/4214 3539/4673/4215 3535/4674/4211
f 3538/4672/4214 3540/4675/4216 3541/4676/4217 3539/4673/4215
f 3541/4676/4217 3542/3947/3616 3543/3952/3621 3539/4673/4215
f 3540/4675/4216 3544/4677/4218 3545/4678/4219 3541/4676/4217
f 3544/4677/4218 3546/4308/3915 2772/4307/3914 3545/4678/4219
f 3547/1667/1581 3548/1666/1580 2697/3948/3617 3542/3947/3616
f 3545/4678/4219 3547/1667/1581 3542/3947/3616 3541/4676/4217
f 2772/4307/3914 2771/1668/1582 3547/1667/1581 3545/4678/4219
f 3493/179/167 3467/4622/4176 3465/2440/2271 3464/180/168
f 3548/1666/1580 3549/1665/1579 2694/3949/3618 2697/3948/3617
f 3549/1665/1579 3530/4664/4208 2695/3950/3619 2694/3949/3618
f 2768/1664/1578 2730/4055/3709 3530/4664/4208 3549/1665/1579
f 3550/4679/4220 3551/4680/4221 3552/4309/3655 3546/4308/3915
f 3551/4681/4221 3553/4682/4222 3554/2408/2244 3552/3998/3655
f 5083/4683/4223 5082/4684/4224 5081/4685/4225 5075/4686/4226 5074/4687/4227
f 3555/2411/2247 2717/4044/3698 2718/4045/3699 3556/2412/2248
f 3556/2412/2248 2718/4045/3699 2687/4688/3683 2770/3997/3654
f 3557/2410/2246 3558/4689/4228 2717/4044/3698 3555/2411/2247
f 3558/4689/4228 3559/4690/4229 2716/4043/3697 2717/4044/3698
f 3559/4690/4229 3560/4691/4230 3561/4692/4231 2716/4043/3697
f 2714/4041/3695 2716/4043/3697 3562/4693/4232
f 3563/4694/4233 3562/4693/4232 2716/4043/3697 3561/4692/4231
f 3563/4694/4233 3561/4692/4231 3564/4695/4234
f 2614/3983/3643 3564/4695/4234 3561/4692/4231 3565/4696/4235
f 2614/3983/3643 3565/4696/4235 2615/3984/3644
f 2618/3987/3647 2615/3984/3644 3565/4696/4235 3566/4697/4236
f 2618/3987/3647 3566/4697/4236 3567/3534/3286
f 5510/2499/2326 5511/1996/1875 5512/289/274 5497/288/273 5498/669/636
f 3568/3537/3289 2619/3988/3648 2618/3987/3647 3567/3534/3286
f 1178/3813/3508 1486/3725/3442 2311/3659/3389 2310/3663/3393
f 2891/4191/3814 2893/4192/3815 2897/4155/3782 2797/4104/3749 2896/4195/3818 2551/3943/3612
f 3751/1851/1743 3752/1854/1746 3756/4698/4237 3773/4699/4238 3771/4700/4239
f 3570/3535/3287 3569/3794/3497 3572/4701/4240 3571/3536/3288
f 2100/3362/3140 2102/3361/653 1876/3044/656 1877/3043/2854
f 2244/3545/3296 2243/3544/3295 3571/4702/3288 3572/4703/4240
f 3573/2340/2187 3574/2339/2186 3572/4701/4240 3569/3794/3497
f 3572/4703/4240 3574/4704/2186 2247/3550/3299 2244/3545/3296
f 3574/4704/2186 2763/4076/2185 1394/2333/2182 2247/3550/3299
f 2248/3551/3300 1245/2164/2026 2619/3992/3648 3568/4705/3289
f 2278/741/704 2245/740/703 1397/267/252 2279/266/251
f 5509/2500/2327 382/707/674 383/708/675 175/2501/2328
f 4888/4706/4241 4887/4707/4242 4886/4708/4243 4884/4709/4244 4883/4710/4245 4925/4711/4246
f 1914/3093/2897 1915/3092/2896 1913/3096/2900 1909/3087/2891 1912/3089/2893
f 3575/2496/2325 3576/2495/2324 2764/4712/3726 2766/3855/3541
f 285/464/447 284/463/446 428/828/790 427/4713/3277 425/4714/754 424/4715/753 397/904/857 135/204/192 426/3824/3521
f 3551/4680/4221 3550/4679/4220 3579/2493/2322 3577/2492/2321
f 3580/4184/3809 2742/4093/3739 3578/2494/2323 3581/4417/4000
f 3578/2494/2323 2742/4093/3739 2764/4077/3726 3576/4716/2324
f 3582/4717/4247 3581/4417/4000 3578/2494/2323 3579/2493/2322
f 3583/4718/4248 3581/4417/4000 3582/4717/4247 3584/4719/4249
f 3585/3380/3157 3583/4718/4248 3584/4719/4249 3586/3381/3158
f 3585/3380/3157 2734/3379/3156 3581/4417/4000 3583/4718/4248
f 3587/4720/4250 3588/3382/3159 3586/3381/3158 3584/4719/4249
f 3579/2493/2322 3587/4720/4250 3584/4719/4249 3582/4717/4247
f 3550/4679/4220 3589/4721/4251 3587/4720/4250 3579/2493/2322
f 3589/4721/4251 3590/4722/4252 3588/3382/3159 3587/4720/4250
f 3590/4722/4252 3589/4721/4251 3544/4677/4218 3540/4675/4216
f 3589/4721/4251 3550/4679/4220 3546/4308/3915 3544/4677/4218
f 5521/4723/4253 5564/4724/4254 5563/4725/4255 5530/4726/4256 5520/4727/4257 5519/4728/4258
f 1218/2374/1997 1364/2372/2219 1365/2371/2218 1773/3409/3182 2119/3404/3177 2120/3403/3176 1366/3831/3527 1221/4729/3526 1220/3826/3523 1213/2538/2364 1214/2536/2362 1533/2537/2363 1530/717/680 1532/1859/1751 1215/1858/1750 1216/1857/1749 1219/2134/1998
f 1687/3109/140 1927/3108/2912 1928/3113/611 1685/249/234 1688/152/141
f 3594/4730/4259 3590/4722/4252 3540/4675/4216 3538/4672/4214
f 3538/4672/4214 3537/4671/4213 3595/4731/4260 3594/4730/4259
f 3591/3377/3154 3596/4732/4261 3597/4733/4262 2735/3378/3155
f 3592/3376/3153 3598/4734/4263 3596/4732/4261 3591/3377/3154
f 2742/4093/3739 3580/4184/3809 3599/4183/3808
f 2742/4093/3739 3599/4183/3808 2686/4092/3738
f 4242/4333/3928 4260/4332/3927 4241/3579/3324 4240/3578/3323
f 5534/4735/4264 5559/4736/4265 5560/72/63 5536/73/64 5535/4737/4266
f 1327/2783/2601 1324/4599/4155 1321/4738/4267 1322/2355/2202 1323/2354/2201 1328/3074/2881
f 3603/4739/4268 3604/4740/4269 3557/2410/2246 3602/2409/2245
f 3604/4740/4269 3605/4741/4270 3558/4689/4228 3557/2410/2246
f 3605/4741/4270 2505/4742/3579 3559/4690/4229 3558/4689/4228
f 2505/4742/3579 2507/4743/4271 3560/4691/4230 3559/4690/4229
f 3560/4691/4230 2507/4743/4271 3606/4744/4272 3607/4745/4273
f 3565/4696/4235 3561/4692/4231 3560/4691/4230 3607/4745/4273
f 4678/3842/3537 4712/3841/3536 4693/4746/4274 4692/4747/4275 4675/4748/4276
f 3600/2491/2320 2573/2498/1384 3611/4749/4277 3601/4750/4278
f 3611/4751/4277 3612/4752/4279 3613/4753/4280 3603/4754/4268
f 3613/4753/4280 3614/4755/4281 3603/4754/4268
f 3615/4756/4282 3616/4757/4283 3604/4758/4269 3603/4754/4268
f 3603/4754/4268 3614/4755/4281 3615/4756/4282
f 3616/4757/4283 3617/4759/4284 3605/4760/4270 3604/4758/4269
f 3605/4760/4270 3617/4759/4284 3618/4761/4285
f 2843/4762/4286 2840/1499/1422 3619/4763/4287 3620/4764/4288
f 3620/4764/4288 3619/4763/4287 3617/4759/4284 3616/4757/4283
f 3619/4763/4287 3621/4765/4289 3618/4761/4285 3617/4759/4284
f 2840/1499/1422 2839/1498/1421 3621/4765/4289 3619/4763/4287
f 2839/1498/1421 2841/1497/1420 2861/4159/3786 3621/4765/4289
f 3622/4766/4290 3623/4767/4291 2843/4762/4286 3620/4764/4288
f 3615/4756/4282 3622/4766/4290 3620/4764/4288 3616/4757/4283
f 3614/4755/4281 3624/4768/4292 3622/4766/4290 3615/4756/4282
f 3624/4768/4292 3625/577/552 3623/4767/4291 3622/4766/4290
f 3613/4753/4280 3612/4752/4279 3626/1322/1254 3627/1323/1255
f 4133/4454/4034 4136/4453/4033 4137/4769/4293 4135/4770/4294
f 3625/577/552 3624/4768/4292 3627/1323/1255 3628/578/553
f 3624/4768/4292 3614/4755/4281 3613/4753/4280 3627/1323/1255
f 1946/4492/4068 1321/4738/4267 1324/4599/4155 1732/2808/2626 1733/2807/2625
f 2517/344/329 2516/2441/2272 2843/4762/4286 3623/4767/4291
f 3625/577/552 2519/345/330 2517/344/329 3623/4767/4291
f 1924/3095/2899 1696/2748/2552 1698/2751/2555 1699/2511/2338 1925/4771/2337 1910/2509/2336
f 3612/4752/4279 3634/1456/1383 3630/341/326 3626/1322/1254
f 3634/1456/1383 2572/1455/1382 3631/336/321 3630/341/326
f 2540/1334/1266 2523/574/549 3629/573/548 3633/340/325
f 3632/339/324 2541/3930/3604 2540/1334/1266 3633/340/325
f 3635/337/322 2574/3959/3626 2575/2929/2746 3636/2934/2751
f 3637/338/323 3635/337/322 3636/2934/2751 3638/3940/3611
f 2572/1455/1382 2574/3959/3626 3635/337/322 3631/336/321
f 3637/338/323 3639/4772/4295 2541/3930/3604 3632/339/324
f 3638/3940/3611 2559/3939/3610 3639/4772/4295 3637/338/323
f 1180/2095/1963 1185/2099/1967 1178/3813/3508 2310/3663/3393 2308/3649/3381 1179/3651/3383 1177/2097/1965
f 3642/4773/4296 3643/4774/4297 2315/3660/3390 2313/3657/3387
f 3641/2179/2040 3642/4773/4296 2313/3657/3387 2312/2180/2041
f 3643/4774/4297 2822/4131/3764 1452/2423/2256 2315/3660/3390
f 3643/4774/4297 3642/4773/4296 3644/2933/2750 3645/2932/2749
f 3642/4773/4296 3641/2179/2040 3640/3656/3386 3644/2933/2750
f 3645/2932/2749 2733/2931/2748 2822/4131/3764 3643/4774/4297
f 3644/2933/2750 3640/3656/3386 3638/3940/3611 3636/2934/2751
f 2229/3596/3341 2274/3595/3340 2275/3598/3342 2282/3613/3349 2272/3612/3348 2273/3611/3347 2255/3610/3315 2222/3564/3275 2226/3563/3310 2225/3562/3309
f 3611/4751/4277 2573/1457/1384 3634/1456/1383 3612/4752/4279
f 3715/3513/3269 2458/1656/1570 2835/1655/1569 3716/3514/3270
f 3647/3796/3499 3646/4081/3727 3610/3558/3306 3609/3559/3307
f 1809/2702/2511 1810/3172/2972 1808/3169/2969 1807/2936/2753 1806/2935/2752 1411/4118/3756 1416/2698/2507
f 3649/3740/3451 2571/2930/2747 2570/3854/3540 3646/4775/3727
f 5355/4776/4298 5357/2297/2149 5342/2301/2153 5326/4777/4299 5341/4778/4300
f 1360/3693/3416 2571/2930/2747 3649/3740/3451 2324/3690/3413
f 3650/3741/3452 3651/2075/1944 2327/3694/3417 2325/3691/3414
f 3396/1627/1541 3397/1303/1235 3395/3408/3181 3390/3407/3180 3388/4569/4134 3387/3305/3089
f 2329/3696/3419 3652/2074/1943 3653/2073/1942 2331/3698/3421
f 3651/2075/1944 3652/2074/1943 2329/3696/3419 2327/3694/3417
f 2333/3700/3423 3654/4779/4301 3655/4780/4302 1032/1944/1828
f 2331/3698/3421 3653/2073/1942 3654/4779/4301 2333/3700/3423
f 3606/4781/4272 3655/4780/4302 3654/4779/4301
f 3653/2073/1942 3656/2072/1941 3606/4781/4272 3654/4779/4301
f 4569/4782/4303 4562/4783/4304 4571/4784/4305 4585/4785/4306 4583/4786/4307
f 5321/4787/4308 5339/4788/4309 5340/4789/4310 5322/4790/4311 5323/4791/4312 5318/4792/4313
f 3651/2075/1944 3650/3741/3452 3658/4793/4314 3657/2071/1940
f 2507/4794/4271 2506/4795/4315 3655/4780/4302 3606/4781/4272
f 3659/4796/4316 2719/4046/3700 2714/4041/3695 3562/4693/4232
f 3660/4797/4317 3659/4796/4316 3562/4693/4232 3563/4694/4233
f 3563/4694/4233 3564/4695/4234 3661/4798/4318 3660/4797/4317
f 3564/4695/4234 2614/3983/3643 2617/3986/3646 3661/4798/4318
f 3661/4799/4318 2617/3990/3646 2620/3989/3649 3662/4800/4319
f 3660/4801/4317 3661/4799/4318 3662/4800/4319 3663/4802/4320
f 3663/4802/4320 3664/4803/4321 3659/4804/4316 3660/4801/4317
f 3664/4803/4321 3665/4805/4322 2719/4806/3700 3659/4804/4316
f 2745/2348/2195 2750/4062/3715 3130/4397/3981 3129/4396/3980
f 3667/4807/4323 3668/4808/4324 3669/4809/4325 3670/4810/4326
f 3671/4811/4327 3667/4807/4323 3670/4810/4326 2775/4083/3729
f 3665/4805/4322 3664/4803/4321 3667/4807/4323 3671/4811/4327
f 3664/4803/4321 3663/4802/4320 3668/4808/4324 3667/4807/4323
f 3671/4811/4327 2775/4083/3729 2774/2094/1962 3672/2093/1961
f 1866/3303/3087 3218/3591/3336 3219/3405/3178 1867/3029/2841 1868/3028/2840
f 4895/997/952 4867/4812/4328 4866/4813/4329 4869/4814/4330 4872/4815/4331 4862/4816/4332 4853/4817/4333 4854/992/947
f 3662/4800/4319 2620/3989/3649 1242/2159/2023 2352/3726/3443 3668/4808/4324 3663/4802/4320
f 3669/4809/4325 3673/4818/4334 2640/4002/3659 2642/4004/3661
f 3673/4818/4334 2353/4574/4139 1488/4819/4335 2637/4001/3658 2641/4003/3660 2640/4002/3659
f 2643/1900/1787 2775/4083/3729 3670/4810/4326 2644/4005/3662
f 2642/4004/3661 2644/4005/3662 3670/4810/4326 3669/4809/4325
f 3666/2092/1960 3674/1468/1392 3675/4820/4336 2720/4821/3701
f 3674/1468/1392 2811/1467/1391 2693/4035/3689 3675/4820/4336
f 3675/4822/4336 2693/4823/3689 2688/4824/3684
f 2715/4042/3696 2720/4047/3701 3675/4822/4336 2688/4824/3684
f 2646/3020/2832 3116/4383/3967 3595/4825/4260 3537/4826/4213
f 3535/4669/4211 2647/3015/2827 2646/3020/2832 3537/4826/4213
f 745/1435/1362 726/1202/1147 727/1476/1399 728/1475/1398 746/1436/1363
f 4357/4606/4161 4313/4609/4164 4307/4827/4337 4330/4828/4338
f 2439/884/846 3018/4653/3911 3016/880/842
f 3676/4829/4339 3677/4830/4340 2435/3869/3550 2436/3865/3551
f 2439/884/846 3678/883/845 3676/4829/4339 2436/3865/3551
f 3928/4831/4341 3930/4832/4342 3902/4205/3826 3927/4204/3825
f 3677/4830/4340 3680/4833/4343 2441/4834/3554 2435/3869/3550
f 3680/4833/4343 3677/4830/4340 3681/4835/4344
f 3682/4836/4345 3683/4837/4346 2449/4838/3559 3684/4839/4347
f 3680/4833/4343 3682/4836/4345 3684/4839/4347 2441/4834/3554
f 3681/4835/4344 3685/4840/4348 3682/4836/4345 3680/4833/4343
f 3685/4840/4348 3686/4841/4349 3683/4837/4346 3682/4836/4345
f 3683/4837/4346 3687/4842/4350 3688/4843/4351 2449/4838/3559
f 3686/4841/4349 3689/3761/3468 3687/4842/4350 3683/4837/4346
f 2452/4844/3561 2449/4838/3559 3688/4843/4351
f 3687/4842/4350 2829/2229/2086 2670/2228/2085 3688/4843/4351
f 2830/2230/2087 2829/2229/2086 3687/4842/4350 3689/3761/3468
f 3688/4843/4351 2670/2228/2085 2453/2227/2084 2452/4844/3561
f 1443/4120/2311 2804/1367/1295 2803/1366/1294 1432/2403/2241 1430/2402/2240 1441/2486/2315 1442/2485/1200
f 3690/3762/3469 3692/4845/4352 3693/3768/3475 3691/3763/3470
f 3689/3761/3468 3686/4841/4349 3692/4845/4352 3690/3762/3469
f 3175/4418/4001 3177/4181/3806 2488/3889/3568 2489/780/743 2487/779/742
f 2383/3771/3478 2386/3777/3484 2387/3778/3485 2384/3779/3486 2385/3776/3483 2382/3770/3477
f 3692/4845/4352 3695/786/749 3698/785/748 3693/3768/3475
f 3686/4841/4349 3685/4840/4348 3695/786/749 3692/4845/4352
f 3685/4840/4348 3681/4835/4344 3696/787/750 3695/786/749
f 3699/784/747 3700/783/746 2986/3783/3490 2985/4272/3887
f 3694/3769/3476 3699/784/747 2985/4272/3887 2979/3767/3474
f 3693/3768/3475 3698/785/748 3699/784/747 3694/3769/3476
f 3696/787/750 3701/3786/3493 3702/3780/3487 3697/782/745
f 3681/4835/4344 3677/4830/4340 3701/3786/3493 3696/787/750
f 3621/4765/4289 2861/4159/3786 2503/3898/3577 2505/3900/3579 3605/4760/4270 3618/4761/4285
f 1821/2951/2768 1825/2963/2780 1476/2449/2280 1823/2953/2770
f 940/1371/1299 920/1370/1298 919/1483/1406 922/1486/1409
f 3677/4830/4340 3676/4829/4339 3705/3784/3491 3701/3786/3493
f 3678/883/845 3704/2669/2487 3705/3784/3491 3676/4829/4339
f 3706/3785/3492 3009/2668/2486 2998/4283/3898 2997/4282/3897
f 3703/3781/3488 3706/3785/3492 2997/4282/3897 2991/3782/3489
f 3679/882/844 3708/2667/2485 3704/2669/2487 3678/883/845
f 3013/881/843 3011/2664/2482 3708/2667/2485 3679/882/844
f 2967/4254/3871 3709/2225/2082 3707/2231/2088 2971/3765/3472
f 3015/3423/3195 3709/2225/2082 2967/4254/3871 2964/4251/3868
f 2933/4846/3843 2749/4061/3714 2748/2347/2194 2934/4847/3844
f 2940/4848/3850 3710/4668/4210 2749/4061/3714 2933/4846/3843
f 2793/4097/3743 2737/4096/3742 3710/4668/4210 2940/4848/3850
f 2894/4193/3816 2892/1818/1711 3711/1822/1715 3712/4849/4353
f 3712/4849/4353 2508/2680/2495 2512/2679/2494 2894/4193/3816
f 3711/1822/1715 2889/1821/1714 2888/3608/3272 3713/1232/1174 3714/1231/1173 3712/4849/4353
f 3714/1231/1173 2509/2681/2496 2508/2680/2495 3712/4849/4353
f 2613/1235/1177 2806/4117/3755 2509/2681/2496 3714/1231/1173
f 4215/4461/4041 4195/3225/3019 4116/3224/3018 4127/4850/4354 4196/4457/4037
f 2758/4851/3721 2554/3946/3615 2553/3945/3614 2759/4852/3722
f 261/2848/2666 204/2850/2668 203/900/860 262/430/415
f 3268/4489/4065 3270/3230/3024 2702/2270/2125 3267/2269/2124 3266/2268/2123 3265/1014/969 3271/1013/968 3272/4168/3793 3269/4490/4066
f 2611/3515/1175 3716/3514/3270 3717/4853/4355 2612/4854/1176
f 1618/2625/2445 1619/2626/2446 1626/2639/2459 1622/2637/2457 1620/2627/2447 1616/2624/2444
f 3717/4853/4355 2818/4127/3761 2817/4126/3760 2612/4854/1176
f 2806/4117/3755 2613/1235/1177 2612/1234/1176 2817/4855/3760
f 2678/4018/3672 2467/4017/3671 2806/4117/3755 2817/4855/3760
f 3716/3514/3270 2835/1655/1569 2837/4138/3769 3717/4853/4355
f 299/480/460 302/497/477 303/500/480 304/836/798 301/482/462
f 3717/4853/4355 2837/4138/3769 2819/4128/3762 2818/4127/3761
f 3718/1739/1645 2789/1623/1537 2790/1626/1540 3201/3807/3503
f 2874/3806/3502 2873/1740/1646 3718/1739/1645 3201/3807/3503
f 2470/3934/2079 2546/3933/3606 2867/2056/1927 2526/2055/1926
f 2855/2178/2039 2854/2184/2045 2566/3936/3607 2560/3655/3385
f 2848/1622/1536 3093/4856/3954 3072/4354/3944 2849/1616/1530
f 3093/4856/3954 2622/3994/3651 2621/3993/3650 3072/4354/3944
f 2339/4857/3433 2337/4858/3427 2338/4368/3428 2237/3539/3291 2239/3540/3292 2240/739/702 2277/738/701 2278/741/704 2322/3675/3403
f 1097/3820/3519 2413/1070/1025 2411/1073/1028 2412/4859/3539
f 1772/2875/2692 1774/3411/3184 1375/2305/2157 1771/2873/2690
f 3722/3818/3511 3723/701/668 2514/700/667 2513/3908/3587
f 3722/3818/3511 2513/3908/3587 2482/3912/490 2485/4860/489
f 3819/4861/4356 3818/2919/2736 3881/4862/4357 3880/1569/1486 3832/1574/1491 3816/2725/2529 3932/2724/2528 3920/2202/2063 3810/2207/2068 3811/1765/1669 3809/1764/1668 3820/1763/1667
f 2410/1072/1027 2414/1071/1026 1130/2037/1915 1099/1482/1405 1098/3885/3567 2415/3845/3538
f 90/129/118 68/127/116 67/128/117 100/157/146
f 2506/4795/4315 2428/3859/3545 1032/1944/1828 3655/4780/4302
f 3602/2409/2245 3554/2408/2244 3553/4682/4222 3601/4750/4278 3611/4749/4277 3603/4739/4268
f 264/431/416 207/899/859 208/4498/4074 265/433/418
f 2815/4122/3758 2819/4128/3762 2838/2631/2451 3726/3343/3122
f 2545/3344/3123 2469/3932/3124 3727/3390/3128 3725/3342/3121
f 3726/3343/3122 2679/3389/3127 2677/4123/3126 2815/4122/3758
f 2565/3954/3623 2564/3106/2910 3260/4863/2909 3052/3107/2911 3051/4345/3936 3050/4344/3935 3049/2729/2533 3048/2728/2532
f 2811/1467/1391 2810/4471/4051 2691/4033/3687 2693/4035/3689
f 2810/4471/4051 2732/4056/3710 2692/4034/3688 2691/4033/3687
f 2778/1471/1395 2549/2853/2670 3728/4470/4050 2809/4119/3757
f 3728/4470/4050 2549/2853/2670 2731/2852/2669 2732/4056/3710
f 3733/4864/4358 3593/3383/3160 3588/3382/3159 3590/4722/4252 3594/4730/4259 3595/4731/4260
f 2684/4027/3681 3729/4865/4359 3730/3835/3530 2791/3834/3529
f 3729/4865/4359 2478/3881/3563 2479/3836/3531 3730/3835/3530
f 3729/4865/4359 2684/4027/3681 2683/4026/3680 3731/4866/4360
f 3731/4866/4360 2598/3973/3635 2478/3881/3563 3729/4865/4359
f 3731/4866/4360 2683/4026/3680 2682/4025/3679 3732/4867/4361
f 3732/4867/4361 2599/4868/3779 2598/3973/3635 3731/4866/4360
f 2682/4025/3679 2735/3378/3155 3597/4733/4262 3732/4867/4361
f 3732/4869/4361 3597/4870/4262 2739/4152/3780 2599/4151/3779
f 1392/2331/2180 2764/4077/3726 2742/4093/3739 1024/1930/1814
f 2688/4824/3684 2687/4688/3683 2718/4045/3699 2715/4042/3696
f 2768/1664/1578 2690/4032/3686 2692/4034/3688 2730/4055/3709
f 404/2382/2225 415/764/727 405/763/726 403/2383/2226
f 2750/4062/3715 2749/4061/3714 3710/4668/4210 3133/4638/4189
f 2731/2852/2669 2667/694/661 2666/4013/3670 2728/4053/3707
f 2741/3833/3528 2721/3837/3532 2722/4048/3702 2740/4059/3712 2424/4058/3711
f 5126/3232/4362 5127/866/828 5121/865/827 5122/3234/4363 5123/3233/4364
f 3639/4772/4295 3264/4484/4060 2542/3931/3605 2541/3930/3604
f 2559/3939/3610 2558/3938/3609 3264/4484/4060 3639/4772/4295
f 2544/2223/2080 2526/2222/1926 2472/1182/1131 2475/1181/1130
f 2546/3933/3606 2545/3344/3123 2456/2630/2450 2455/2629/2449
f 2514/700/667 2483/511/491 2486/3888/2081 2515/3909/3588
f 2440/3870/3553 2441/3871/3554 3684/4871/4347 2449/3876/3559
f 3720/3819/3512 3721/4872/488 3724/507/487 3719/702/669
f 3454/4598/4154 3596/4873/4261 3598/4874/4263 3116/4383/3967
f 3454/4598/4154 2739/4152/3780 3597/4870/4262 3596/4873/4261
f 3475/1495/1418 3474/1503/1426 2144/3432/3204 2431/3862/3548
f 2842/1496/1419 3475/1495/1418 2431/3862/3548 2430/3861/3547
f 2450/3877/3560 2449/3876/3559 2452/3878/3561 2445/3874/3557
f 2453/3879/2084 2669/2232/510 2673/2237/2092 2442/3872/3555
f 2696/3951/3620 2695/3950/3619 3531/4665/3480 3534/4875/3479
f 2696/3951/3620 3534/4875/3479 3536/4876/4212 3543/3952/3621
f 3543/3952/3621 3536/4876/4212 3535/4674/4211 3539/4673/4215
f 3598/4734/4263 3592/3376/3153 3593/3383/3160 3733/4864/4358
f 3595/4825/4260 3116/4383/3967 3598/4874/4263 3733/4877/4358
f 2466/3911/2497 2465/4878/3565 2480/4879/3564 2482/3912/490
f 2932/4221/3842 2931/4220/3841 3734/4880/4365 3735/4881/4366
f 3735/4881/4366 3734/4880/4365 2754/4064/3717 2919/3101/2905
f 2917/3100/2904 2923/4212/3833 3735/4881/4366 2919/3101/2905
f 2922/4211/3832 2932/4221/3842 3735/4881/4366 2923/4212/3833
f 2931/4220/3841 2934/4223/3844 3736/4882/4367 3734/4880/4365
f 3734/4880/4365 3736/4882/4367 2755/4065/3718 2754/4064/3717
f 3736/4883/4367 3737/2346/2193 2752/390/375 2755/4884/3718
f 2934/4847/3844 2748/2347/2194 3737/2346/2193 3736/4883/4367
f 2352/3726/3443 2353/4574/4139 3673/4818/4334 3669/4809/4325 3668/4808/4324
f 1379/2325/2175 3738/4885/4368 3739/4886/4369 1384/2326/2170
f 3738/4885/4368 1377/2307/2159 1572/3790/2401 3739/4886/4369
f 3739/4887/4369 1563/2569/2392 1385/2319/2171 1384/2318/2170
f 1564/2570/2393 1563/2569/2392 3739/4887/4369 1572/2578/2401
f 1198/4456/4036 1794/4020/3674 1795/4019/3673 1793/2909/2726 1199/2908/2725 3740/2907/2724 1388/2322/2174 1197/1640/1554 1196/1639/1553
f 1388/2322/2174 3740/2907/2724 1378/2327/2176 1383/2323/2169
f 4686/818/781 4668/817/780 4670/874/836 4687/873/835
f 2756/4070/3719 2755/4884/3718 2752/390/375 2751/389/374
f 3129/4396/3980 3134/4400/3984 2743/4888/4370 2745/2348/2195
f 2144/3432/3204 1037/1949/1833 2431/3862/3548
f 2144/3432/3204 1038/1950/1834 1037/1949/1833
f 3254/295/280 3741/2183/2044 1485/2182/2043 1920/296/281
f 4783/4889/4371 4782/4890/4372 4761/3679/3407 4762/3678/3406 4781/4891/4373 4825/4892/4374
f 3253/4479/4058 2567/3955/3624 3741/2183/2044 3254/295/280
f 2854/2184/2045 3741/2183/2044 2567/3955/3624 2566/3936/3607
f 3076/1619/1533 2845/4139/3770 2847/1620/1534
f 5394/4893/4375 5403/4894/4376 5416/4895/4377 5419/4896/4378 5404/4897/4379
f 3742/4898/4380 3743/4899/4381 3744/4900/4382
f 3745/4901/4383 3746/4902/4384 3747/4903/4385 3748/4904/4386
f 3750/1852/1744 3751/1851/1743 3746/4902/4384 3745/4901/4383
f 965/1836/1729 966/1837/1730 967/1838/1731 968/1850/1742
f 3752/1854/1746 3754/4905/4387 3755/4906/4388 3756/4698/4237
f 3757/4907/4389 3755/4906/4388 3758/4908/4390 3759/4909/4391
f 3758/4910/4390 3760/4911/4392 3761/4912/4393 3762/4913/4394
f 3758/4910/4390 3755/4906/4388 3754/4905/4387 3760/4911/4392
f 3760/4911/4392 3753/1853/1745 3763/4914/4395 3761/4912/4393
f 3753/1853/1745 3760/4911/4392 3754/4905/4387 3752/1854/1746
f 2156/554/531 2157/1408/1336 2155/3445/3215 2154/3444/3214 2153/1345/1277
f 1347/2287/2140 1367/2302/2154 1025/1931/1815 1493/3812/3507 1494/2477/2308 1500/2476/2307
f 4920/648/615 4927/647/614 4928/4915/4396 4919/4916/4397
f 3767/3594/3339 3769/4917/4398 3770/4918/4399 3768/3592/3337
f 3769/4917/4398 3767/3594/3339 3748/4904/4386 3747/4903/4385
f 3751/1851/1743 3771/4700/4239 3772/4919/4400 3746/4902/4384
f 3756/4698/4237 3774/4920/4401 3775/4921/4402 3773/4699/4238
f 3774/4920/4401 3756/4698/4237 3755/4906/4388 3757/4907/4389
f 1736/2819/2637 1735/2886/2703 1734/2811/2629 1054/1962/1842 1053/1092/1047 1056/1091/1046
f 3778/4922/4403 3762/4923/4394 3781/4924/4404 3779/4925/4405
f 3778/4926/4403 3759/4909/4391 3758/4908/4390 3762/4927/4394
f 3779/4925/4405 3781/4924/4404 3743/4899/4381 3742/4898/4380
f 3781/4928/4404 3782/4929/4406 3783/4930/4407 3743/4931/4381
f 3782/4929/4406 3781/4928/4404 3762/4913/4394 3761/4912/4393
f 3783/4930/4407 3782/4929/4406 3764/3152/2952 3765/3151/2951
f 3764/3152/2952 3782/4929/4406 3761/4912/4393 3763/4914/4395
f 3784/4932/4408 3783/4930/4407 3765/3151/2951 3785/3593/3338
f 3786/4933/4409 3772/4919/4400 3771/4700/4239 3787/4934/4410
f 3788/4090/3736 3775/4921/4402 3774/4920/4401 3776/4091/3737
f 2795/4101/3747 2901/4200/3821 2900/4199/3820 2899/4197/3819 2895/4198/3817 2796/4102/3748
f 3789/4087/3733 3780/4086/3732 3790/4935/4411 3791/4936/4412
f 3742/4898/4380 3790/4935/4411 3780/4086/3732 3779/4925/4405
f 3790/4935/4411 3742/4898/4380 3744/4900/4382 3792/4488/4064
f 3784/4932/4408 3744/4900/4382 3743/4931/4381 3783/4930/4407
f 3744/4900/4382 3784/4932/4408 3785/3593/3338 3792/4488/4064
f 3796/4937/4413 3794/4485/4061 3768/3592/3337 3770/4918/4399
f 3801/4089/3735 3802/4088/3734 3803/4938/4414 3798/4939/4415 3799/4940/4416 3800/4941/4417 3797/4942/4418
f 3803/4938/4414 3802/4088/3734 3804/4943/4419 3805/4944/4420
f 3793/4487/4063 3791/4936/4412 3790/4935/4411 3792/4488/4064
f 3805/4944/4420 3804/4943/4419 3795/4486/4062 3794/4485/4061
f 3794/4485/4061 3796/4937/4413 3805/4944/4420
f 3796/4937/4413 3806/4945/4421 3807/4946/4422 3805/4944/4420
f 3808/4947/4423 3799/4948/4416 3798/4949/4415 3803/4938/4414
f 3808/4947/4423 3803/4938/4414 3805/4944/4420 3807/4946/4422
f 3797/4942/4418 3786/4933/4409 3787/4934/4410 3801/4089/3735
f 3771/4700/4239 3773/4699/4238 3775/4921/4402 3787/4934/4410
f 3775/4921/4402 3788/4090/3736 3801/4089/3735 3787/4934/4410
f 4354/2103/1971 4320/2107/1975 4356/4608/4163 4355/4607/4162
f 3802/4088/3734 3789/4087/3733 3791/4936/4412 3804/4943/4419
f 3791/4936/4412 3793/4487/4063 3795/4486/4062 3804/4943/4419
f 4790/4950/4424 4729/4951/4425 4728/4952/4426 4727/4953/4427 4718/4954/4428 4719/4955/4429 4720/4956/4430 4829/4957/4431 4841/4958/4432 4725/4959/4433 4741/4960/4434 4789/4961/4435
f 4727/4953/4427 4731/4962/4436 4721/4963/4437 4719/4955/4429 4718/4954/4428
f 4735/4964/4438 4734/4965/4439 4741/4960/4434 4725/4959/4433 4841/4958/4432 4829/4957/4431 4724/4966/4440 4722/4967/4441 4723/1170/1119 4736/1169/1118
f 3817/2920/2737 3818/2919/2736 3819/4861/4356 3820/1763/1667
f 4726/4968/4442 4729/4951/4425 4732/4969/4443 4730/4970/4444 4731/4962/4436 4727/4953/4427
f 3824/4971/4445 3825/2721/2525 3826/2720/2524 3827/1573/1490
f 3825/2721/2525 3824/4971/4445 3828/4972/4446 3829/4973/4447
f 3824/4971/4445 3827/1573/1490 3830/1572/1489 3828/4972/4446
f 4740/4974/4448 4746/4975/4449 4789/4961/4435 4741/4960/4434 4734/4965/4439 4739/4976/4450
f 3830/4977/1489 3833/4978/4451 3834/4979/4452 3828/4980/4446
f 3833/4978/4451 3830/4977/1489 3831/1571/1488 3835/4981/4453
f 3835/4981/4453 3831/1571/1488 3836/1570/1487 3837/4982/4454
f 3837/4982/4454 3838/4983/4455 3839/4984/4456 3835/4981/4453
f 3838/4983/4455 3837/4982/4454 3840/4985/4457 3841/4986/4458
f 3841/4986/4458 3840/4985/4457 3842/4987/4459 3843/4988/4460
f 3843/4988/4460 3844/4989/4461 3845/4990/4462 3841/4986/4458
f 3844/4989/4461 3843/4988/4460 3846/4991/4463 3847/4992/4464
f 3847/4992/4464 3846/4991/4463 3848/4993/4465 3849/4994/4466
f 3847/4992/4464 3849/4994/4466 3850/4/4 3851/3/3
f 2243/3544/3295 2248/3551/3300 3568/4705/3289 3571/4702/3288
f 5188/1923/1809 5190/677/644 5146/680/647 5189/1924/1810
f 4763/4995/4467 4766/4996/4468 4767/4997/4469 4776/4998/4470
f 4774/4999/4471 4770/5000/4472 4771/5001/4473 4768/5002/4474 4769/5003/4475 4816/5004/4476
f 3860/5005/2732 3863/520/500 3864/519/499 3861/5006/2733
f 3861/5006/2733 3864/519/499 3865/521/501 3866/5007/2728
f 4767/4997/4469 4773/5008/4477 4772/5009/4478 4775/5010/4479 4776/4998/4470
f 3865/521/501 3867/322/307 3868/5011/4480 3869/5012/4481
f 3867/322/307 3854/321/306 3870/1375/1303 3868/5011/4480
f 1377/2307/2159 3738/4885/4368 1379/2325/2175 1374/2906/2723 1370/2905/2722 1373/2304/2156
f 3853/1374/1302 3871/5013/4482 3872/5014/4483 3870/1375/1303
f 3848/4993/4465 3873/5015/4484 3852/5016/4485 3849/4994/4466
f 3873/5015/4484 3848/4993/4465 3874/5017/4486 3875/5018/4487
f 3848/4993/4465 3846/4991/4463 3876/5019/4488 3874/5017/4486
f 3842/4987/4459 3876/5019/4488 3846/4991/4463 3843/4988/4460
f 3876/5019/4488 3842/4987/4459 3877/5020/4489 3878/5021/4490
f 3877/5020/4489 3842/4987/4459 3840/4985/4457 3879/5022/4491
f 3879/5022/4491 3823/2918/2735 3822/2917/2734 3877/5020/4489
f 3823/2918/2735 3879/5022/4491 3836/1570/1487 3880/1569/1486
f 3879/5022/4491 3840/4985/4457 3837/4982/4454 3836/1570/1487
f 3880/1569/1486 3881/4862/4357 3818/2919/2736 3823/2918/2735
f 1964/846/808 2116/1424/1352 2115/3384/3161 2012/3228/3022 2114/517/497
f 3883/5023/4492 3882/5024/4493 3884/5025/4494 3885/5026/4495
f 3882/5024/4493 3829/5027/4447 3886/5028/4496 3884/5025/4494
f 3886/5028/4496 3829/5027/4447 3828/4980/4446 3834/4979/4452
f 3834/4979/4452 3887/5029/4497 3888/5030/4498 3886/5028/4496
f 3834/4979/4452 3833/4978/4451 3889/5031/4499 3887/5029/4497
f 3839/4984/4456 3889/5031/4499 3833/4978/4451 3835/4981/4453
f 3890/5032/4500 3891/5033/4501 3889/5031/4499 3839/4984/4456
f 3890/5032/4500 3839/4984/4456 3838/4983/4455 3892/5034/4502
f 3892/5034/4502 3838/4983/4455 3841/4986/4458 3845/4990/4462
f 330/541/518 325/540/517 179/300/285 331/542/519
f 3845/4990/4462 3844/4989/4461 3894/3125/2925 3893/3124/2924
f 3851/3/3 3894/3125/2925 3844/4989/4461 3847/4992/4464
f 4806/5035/4503 4804/5036/4504 4803/5037/4505 4802/890/850 4840/889/849
f 3894/3125/2925 3851/3/3 3896/2/2 3895/3126/2926
f 4807/5038/4506 4808/5039/4507 4760/5040/4508 4759/5041/4509 4805/5042/4510
f 3895/3126/2926 3896/2/2 3897/1/1 3898/3122/2922
f 4836/1362/1290 4814/5043/4511 4811/5044/4512 4809/5045/4513 4810/1359/1287
f 3901/4207/3828 3900/4206/3827 3903/5046/4514 3904/5047/4515
f 3904/5047/4515 3905/5048/4516 3906/4208/3829 3901/4207/3828
f 3904/5047/4515 3862/2913/2730 3907/2912/2729 3905/5048/4516
f 3862/2913/2730 3904/5047/4515 3903/5046/4514 3859/2914/2731
f 3907/2912/2729 3908/5049/4517 3909/5050/4518 3905/5048/4516
f 3907/2912/2729 3866/2911/2728 3910/5051/4519 3908/5049/4517
f 3869/5012/4481 3910/5052/4519 3866/5007/2728 3865/521/501
f 3910/5052/4519 3869/5012/4481 3911/5053/4520 3912/5054/4521
f 3911/5053/4520 3869/5012/4481 3868/5011/4480 3913/5055/4522
f 3913/5055/4522 3868/5011/4480 3870/1375/1303 3872/5014/4483
f 3872/5014/4483 3914/5056/4523 3915/5057/4524 3913/5055/4522
f 3872/5014/4483 3871/5013/4482 3916/5058/4525 3914/5056/4523
f 3916/5058/4525 3875/5018/4487 3917/5059/4526 3918/2206/2067
f 3875/5018/4487 3874/5017/4486 3919/5060/4527 3917/5059/4526
f 3917/5059/4526 3919/5060/4527 3812/1761/1665 3811/1765/1669
f 3919/5060/4527 3878/5021/4490 3821/1762/1666 3812/1761/1665
f 3878/5021/4490 3919/5060/4527 3874/5017/4486 3876/5019/4488
f 3918/2206/2067 3917/5059/4526 3811/1765/1669 3810/2207/2068
f 4830/5061/4528 4831/5062/4529 4724/4966/4440 4829/4957/4431 4720/4956/4430 4826/5063/4530
f 3918/2206/2067 3921/5064/2066 3914/5056/4523 3916/5058/4525
f 3922/2204/2065 3815/2203/2064 3814/2723/2527 3923/5065/4531
f 3921/5064/2066 3922/5066/2065 3915/5057/4524 3914/5056/4523
f 3922/5066/2065 3923/5067/4531 3924/5068/4532 3915/5057/4524
f 3885/5069/4495 3924/5068/4532 3923/5067/4531 3883/5070/4492
f 3924/5068/4532 3885/5069/4495 3912/5054/4521 3911/5053/4520
f 3885/5026/4495 3884/5025/4494 3925/5071/4533 3912/5072/4521
f 3884/5025/4494 3886/5028/4496 3888/5030/4498 3925/5071/4533
f 3925/5071/4533 3888/5030/4498 3909/5050/4518 3908/5049/4517
f 3888/5030/4498 3887/5029/4497 3926/5073/4534 3909/5050/4518
f 3887/5029/4497 3889/5031/4499 3891/5033/4501 3926/5073/4534
f 3926/5073/4534 3891/5033/4501 3927/4204/3825 3906/4208/3829
f 3891/5033/4501 3890/5032/4500 3928/4831/4341 3927/4204/3825
f 3892/5034/4502 3929/5074/4535 3930/4832/4342 3928/4831/4341 3890/5032/4500
f 708/1474/1397 756/1207/1152 755/1513/1435 707/1473/1396
f 3926/5073/4534 3906/4208/3829 3905/5048/4516 3909/5050/4518
f 3912/5072/4521 3925/5071/4533 3908/5049/4517 3910/5051/4519
f 3924/5068/4532 3911/5053/4520 3913/5055/4522 3915/5057/4524
f 3883/5075/4492 3923/5065/4531 3814/2723/2527 3813/2722/2526
f 3878/5021/4490 3877/5020/4489 3822/2917/2734 3821/1762/1666
f 3936/5076/4536 3933/5077/4537 3935/5078/4538 3937/5079/4539
f 3938/989/944 3939/3732/3449 3940/5080/4540 3941/990/945
f 3940/5080/4540 3939/3732/3449 3942/5081/4541 3943/5082/4542
f 3939/3732/3449 3938/989/944 3944/988/943 3945/3727/3444
f 3946/5083/4543 3947/5084/4544 3948/3730/3447 3949/4462/4042
f 3950/5085/4545 3951/987/942 3952/986/941 3953/5086/4546
f 3954/5087/4547 3955/5088/4548 3956/5089/4549
f 3957/5090/4550 3958/5091/4551 3959/5092/4552 3960/5093/4553
f 3961/5094/4554 3958/5091/4551 3962/5095/4555 3963/5096/4556
f 4902/3392/3165 4876/3391/3164 4901/3402/3175
f 3968/5097/4557 3969/5098/4558 3970/857/819 3971/856/818
f 3972/5099/4559 3968/5097/4557 3971/856/818 3973/5100/4560
f 3969/5098/4558 3968/5097/4557 3974/3293/3078 3975/3292/3077
f 4847/5101/4561 4853/4817/4333 4862/4816/4332 4861/5102/4562 4885/5103/4563 4848/5104/4564
f 3978/3295/3080 3977/3294/3079 3955/5088/4548 3954/5087/4547
f 3954/5087/4547 3979/5105/4565 3980/3290/3075 3978/3295/3080
f 3979/5105/4565 3954/5087/4547 3981/5106/4566 3982/5107/4567
f 3982/5107/4567 3981/5106/4566 3942/5081/4541 3983/5108/4568
f 3982/5107/4567 3983/5108/4568 3947/5084/4544
f 3947/5084/4544 3983/5108/4568 3984/3731/3448 3948/3730/3447
f 3986/3729/3446 3987/5109/4043 3949/4462/4042 3948/3730/3447
f 3986/3729/3446 3988/5110/4569 3989/5111/4044 3987/5109/4043
f 3988/5110/4569 3990/5112/4570 3991/5113/4571 3989/5111/4044
f 3991/5114/4571 3934/5115/4572 3935/5078/4538 3933/5077/4537 3992/4465/4045 3989/4464/4044
f 4248/5116/4573 4247/5117/4574 4243/5118/4575 4246/5119/4576
f 3993/4466/4046 3994/5120/4577 3946/5083/4543 3949/4462/4042
f 74/106/97 75/109/100 70/95/86 69/94/85 72/97/88 73/107/98
f 3995/5121/4578 3996/5122/4579 3997/5123/4580 3994/5120/4577
f 3996/5122/4579 3995/5121/4578 3998/5124/4581 3999/5125/4582
f 3999/5125/4582 3998/5124/4581 4000/5126/4583 4001/5127/4584
f 4000/5126/4583 3966/5128/4585 4002/5129/4586 4001/5127/4584
f 4002/5129/4586 3966/5128/4585 3965/5130/4587 4003/5131/4588
f 4004/5132/4589 4003/5131/4588 3965/5130/4587 3964/5133/4590
f 3937/5079/4539 4004/5132/4589 3964/5133/4590 3936/5076/4536
f 4004/5134/4589 3937/5135/4539 4005/5136/4591 4006/5137/4592
f 3937/5135/4539 3935/5138/4538 4007/5139/4593 4005/5136/4591
f 3935/5140/4538 3934/5141/4572 4008/5142/4594 4007/5143/4593
f 4008/5142/4594 3934/5141/4572 3991/5113/4571 3990/5112/4570
f 3990/5112/4570 3959/5092/4552 4009/5144/4595 4008/5142/4594
f 3990/5112/4570 3988/5110/4569 3960/5093/4553 3959/5092/4552
f 3960/5093/4553 3988/5110/4569 3986/3729/3446 3985/3728/3445
f 4007/5143/4593 4008/5142/4594 4009/5144/4595 3961/5094/4554 3963/5096/4556 4020/5145/4596
f 3961/5094/4554 4009/5144/4595 3959/5092/4552 3958/5091/4551
f 4006/5137/4592 4005/5136/4591 4010/3586/3331 4011/3589/3334
f 4011/3589/3334 4012/854/816 4013/859/821 4006/5137/4592
f 4879/5146/4597 4878/5147/4598 4926/650/617 4922/649/616 4921/5148/4599 4923/5149/4600
f 4014/858/820 4002/5150/4586 4003/5151/4588 4013/859/821
f 4014/858/820 4015/5152/4601 4001/5127/4584 4002/5150/4586
f 4015/5152/4601 3969/5098/4558 3975/3292/3077 4016/3291/3076
f 4015/5152/4601 4014/858/820 3970/857/819 3969/5098/4558
f 3999/5125/4582 4001/5127/4584 4015/5152/4601 4016/3291/3076
f 3999/5125/4582 4016/3291/3076 3980/3290/3075 3996/5122/4579
f 3996/5122/4579 3980/3290/3075 3979/5105/4565 3997/5123/4580
f 4006/5137/4592 4013/859/821 4003/5151/4588 4004/5134/4589
f 3763/4914/4395 3748/4904/4386 3767/3594/3339 3766/3150/2950 3749/3149/2949 3764/3152/2952
f 4010/3586/3331 4005/5136/4591 4007/5139/4593 4020/5153/4596 4018/3587/3332
f 4020/5153/4596 4021/5154/4602 4022/5155/4603 4018/3587/3332
f 4020/5145/4596 3963/5096/4556 4023/5156/4604 4021/5157/4602
f 4021/5157/4602 4023/5156/4604 4024/5158/4605 4025/5159/4606
f 4026/5160/4607 4027/5161/4608 4024/5158/4605 4023/5156/4604
f 4026/5160/4607 4023/5156/4604 3963/5096/4556 3962/5095/4555
f 4027/5161/4608 4026/5160/4607 3950/5085/4545 4028/5162/4609
f 4026/5160/4607 3962/5095/4555 3951/987/942 3950/5085/4545
f 4029/5163/4610 4030/5164/4611 4031/5165/4612 4022/5155/4603
f 4030/5164/4611 4032/5166/4613 4033/5167/4614 4031/5165/4612
f 4022/5155/4603 4031/5165/4612 4019/3588/3333 4018/3587/3332
f 4031/5165/4612 4033/5167/4614 4034/5168/4615 4019/3588/3333
f 3973/5100/4560 4034/5168/4615 4033/5167/4614 4035/5169/4616
f 4017/855/817 4034/5168/4615 3973/5100/4560 3971/856/818
f 4029/5163/4610 4022/5155/4603 4021/5154/4602 4025/5170/4606
f 3994/5120/4577 3997/5123/4580 3947/5084/4544 3946/5083/4543
f 3939/3732/3449 3984/3731/3448 3983/5108/4568 3942/5081/4541
f 694/1317/1249 675/1319/1251 673/835/797 671/834/796 528/1320/1252 454/932/890
f 3981/5106/4566 3956/5089/4549 3943/5082/4542 3942/5081/4541
f 3982/5107/4567 3997/5123/4580 3979/5105/4565
f 3997/5123/4580 3982/5107/4567 3947/5084/4544
f 3954/5087/4547 3956/5089/4549 3981/5106/4566
f 4036/5171/4617 4037/5172/4618 4038/5173/4619 4039/5174/4620
f 4036/5171/4617 4040/5175/4621 4037/5172/4618
f 4041/5176/4622 4042/5177/4623 4043/5178/4624
f 4044/5179/4625 4045/5180/4626 4046/5181/4627
f 4047/3637/3369 4048/5182/4628 4049/5183/4629 4050/3638/3370
f 4051/5184/4630 4048/5182/4628 4047/3637/3369
f 4052/5185/4631 4053/5186/4632 4048/5182/4628 4051/5184/4630
f 4051/5184/4630 4054/5187/4633 4055/5188/4634 4052/5185/4631
f 4054/5187/4633 4056/3636/3368 4057/3641/3373 4058/5189/4635
f 4056/3636/3368 4054/5187/4633 4051/5184/4630 4047/3637/3369
f 550/2802/2620 536/1451/1378 541/1067/1022 546/1075/1030 547/2803/2621
f 4059/3639/3371 4050/3638/3370 4039/5174/4620 4061/5190/4636
f 4039/5174/4620 4038/5173/4619 4062/5191/4637 4061/5190/4636
f 4038/5173/4619 4037/5172/4618 4045/5180/4626 4044/5179/4625
f 4063/5192/4638 4045/5180/4626 4037/5172/4618 4040/5175/4621
f 4063/5192/4638 4040/5175/4621 4064/5193/4639 4065/5194/4640
f 4049/5183/4629 4064/5193/4639 4040/5175/4621 4036/5171/4617
f 4064/5193/4639 4049/5183/4629 4048/5182/4628 4053/5186/4632
f 4053/5186/4632 4042/5195/4623 4065/5194/4640 4064/5193/4639
f 4042/5195/4623 4053/5186/4632 4052/5185/4631 4043/5178/4624
f 4043/5178/4624 4052/5185/4631 4055/5188/4634 4066/5196/4641
f 4055/5188/4634 4067/5197/4642 4068/5198/4643 4066/5196/4641
f 4067/5197/4642 4055/5188/4634 4054/5187/4633 4058/5189/4635
f 4058/5189/4635 4069/5199/4644 4070/5200/4645 4067/5197/4642
f 4058/5189/4635 4057/3641/3373 4071/5201/4646 4069/5199/4644
f 4057/3641/3373 4060/3640/3372 4072/5202/4647 4071/5201/4646
f 4060/3640/3372 4073/5203/4648 4074/5204/4649 4072/5202/4647
f 4073/5203/4648 4060/3640/3372 4059/3639/3371 4061/5190/4636
f 4075/4553/4122 4073/5203/4648 4061/5190/4636 4062/5191/4637
f 4076/4554/4123 4075/4553/4122 4062/5191/4637 4077/5205/4650
f 4077/5205/4650 4062/5191/4637 4038/5173/4619 4044/5179/4625
f 4077/5205/4650 4078/5206/4651 4079/5207/4652 4076/4554/4123
f 4077/5205/4650 4044/5179/4625 4046/5181/4627 4078/5206/4651
f 4078/5206/4651 4080/5208/4653 4081/5209/4654 4079/5207/4652
f 4080/5208/4653 4078/5206/4651 4046/5181/4627 4082/5210/4655
f 4082/5210/4655 4083/5211/4656 4084/5212/4657 4080/5208/4653
f 4082/5210/4655 4063/5213/4638 4065/5214/4640 4083/5211/4656
f 4083/5215/4656 4065/5216/4640 4042/5177/4623 4041/5176/4622
f 4084/5217/4657 4083/5215/4656 4041/5176/4622 4085/5218/4658
f 4085/5218/4658 4086/5219/4659 4087/5220/4660 4084/5217/4657
f 4066/5196/4641 4068/5198/4643 4086/5219/4659 4085/5218/4658
f 4066/5196/4641 4085/5218/4658 4041/5176/4622 4043/5178/4624
f 4088/5221/4661 4068/5198/4643 4067/5197/4642 4070/5200/4645
f 4070/5200/4645 4089/5222/4662 4090/5223/4663 4088/5221/4661
f 4091/5224/4664 4089/5222/4662 4070/5200/4645 4069/5199/4644
f 4092/5225/4665 4091/5224/4664 4069/5199/4644 4071/5201/4646
f 4093/5226/4666 4092/5225/4665 4071/5201/4646 4072/5202/4647
f 4072/5202/4647 4074/5204/4649 4094/5227/4667 4093/5226/4666
f 4095/4552/4121 4074/5204/4649 4073/5203/4648 4075/4553/4122
f 5007/5228/4668 4985/5229/4669 4984/5230/4670 5004/5231/4671 5005/5232/4672 5006/5233/4673
f 4076/4554/4123 4079/5207/4652 4099/5234/4674 4096/4555/4124
f 4079/5207/4652 4081/5209/4654 4100/5235/4675 4099/5234/4674
f 4100/5235/4675 4081/5209/4654 4087/5236/4660 4101/5237/4676
f 4087/5236/4660 4081/5209/4654 4080/5208/4653 4084/5212/4657
f 4101/5238/4676 4087/5220/4660 4086/5219/4659 4102/5239/4677
f 4103/5240/4678 4102/5239/4677 4088/5221/4661 4090/5223/4663
f 4102/5239/4677 4086/5219/4659 4068/5198/4643 4088/5221/4661
f 4104/5241/4679 4097/4556/4125 4096/4555/4124 4099/5234/4674
f 4105/5242/4680 4104/5241/4679 4099/5234/4674 4100/5235/4675
f 4105/5242/4680 4100/5235/4675 4101/5237/4676 4106/5243/4681
f 4106/5244/4681 4101/5238/4676 4102/5239/4677 4103/5240/4678
f 4082/5210/4655 4046/5181/4627 4045/5180/4626 4063/5213/4638
f 4050/3638/3370 4049/5183/4629 4036/5171/4617 4039/5174/4620
f 2303/3645/3377 2307/3648/3380 2305/3646/3378 2304/3642/3374 2300/3635/3367 2302/3643/3375
f 2143/3433/3205 3473/1502/1425 3477/4612/4166 2141/3430/3202 2138/2948/2765
f 4116/3224/3018 4115/2892/2709 4117/673/640 4118/672/639
f 741/3982/1339 734/5245/1338 735/1511/1434 712/1205/1150 732/1204/1149
f 2219/3518/3273 2220/3519/3274 1399/2345/2192 1398/2344/2191 1401/1379/1307 2217/1378/1306
f 4157/5246/4682 4156/5247/4683 4179/5248/4684 4123/4500/4076 4120/4499/4075
f 4118/672/639 4124/671/638 4125/5249/4685 4126/5250/4686
f 4116/3224/3018 4118/672/639 4126/5250/4686 4127/4850/4354
f 1256/2175/2036 1210/2124/1988 2155/3445/3215 2157/1408/1336 1260/1407/1335 1257/1409/1337
f 15/18/18 34/789/752 33/3051/2860 13/15/15
f 3515/4647/4198 3514/4646/4197 3509/175/163 3464/180/168 3463/4605/4160
f 1030/1936/1820 1495/2470/2301 1120/2024/1902 1119/2023/1901 1123/2028/1906 1121/2030/1908 1122/2029/1907 1031/1943/1827 1034/1946/1830 1027/1933/1817
f 4135/4770/4294 4137/4769/4293 4138/5251/4687 4205/5252/4688
f 549/1395/1323 551/1085/1040 554/1081/1036 546/1075/1030 545/1074/1029
f 4139/5253/4689 4138/5251/4687 4140/5254/4690 4141/5255/4691
f 4142/5256/4692 4139/5253/4689 4141/5255/4691 4143/5257/4693
f 4143/5257/4693 4144/5258/4694 4145/5259/4695 4142/5256/4692
f 4144/5258/4694 4143/5257/4693 4146/5260/4696 4147/5261/4697
f 4144/5258/4694 4147/5261/4697 4148/5262/4698 4149/5263/4699
f 4148/5262/4698 4150/5264/4700 4151/5265/4701 4149/5263/4699
f 4150/5264/4700 4148/5262/4698 4152/5266/4702 4153/5267/4703
f 4154/5268/4704 4150/5264/4700 4153/5267/4703 4155/5269/4705
f 4155/5270/4705 4153/5271/4703 4156/5247/4683 4157/5246/4682
f 4155/5269/4705 4158/5272/4706 4159/5273/4040 4154/5268/4704
f 4158/5274/4706 4155/5270/4705 4157/5246/4682 4160/5275/4707
f 4160/5275/4707 4157/5246/4682 4120/4499/4075 4122/2858/2675 4129/2857/2674
f 4160/5275/4707 4161/4544/4113 4162/4550/4119 4158/5274/4706
f 3665/4805/4322 3671/4811/4327 3672/2093/1961 3666/2092/1960 2720/4821/3701 2719/4806/3700
f 3112/4378/3963 3107/768/731 3108/3435/3207 3109/4387/3971 3120/4386/3970
f 1209/2123/1987 1264/2350/2197 1402/2349/2196 1408/275/260 1407/274/259 1166/723/686 1165/728/691
f 4164/3429/3201 4165/5276/4708 4166/5277/4709 4163/5278/4710
f 4164/3429/3201 4167/3428/3200 4168/5279/4711 4165/5276/4708
f 4167/3428/3200 4169/3427/3199 4170/5280/4712 4168/5279/4711
f 4169/3427/3199 4171/3474/3240 4172/5281/4713 4170/5280/4712
f 4169/3427/3199 4128/2856/2673 4173/2859/2676 4171/3474/3240
f 4690/5282/4714 4654/5283/4715 4675/4748/4276 4692/4747/4275
f 4171/3474/3240 4109/3473/3239 4174/5284/4716 4172/5281/4713
f 4172/5281/4713 4174/5284/4716 4175/5285/4717 4176/5286/4718
f 4174/5284/4716 4177/5287/4719 4146/5260/4696 4175/5285/4717
f 4174/5284/4716 4109/3473/3239 4108/5288/4720 4177/5287/4719
f 4177/5287/4719 4178/5289/4721 4147/5261/4697 4146/5260/4696
f 4178/5290/4721 4177/5287/4719 4108/5288/4720 4107/5291/4722
f 4147/5261/4697 4178/5289/4721 4152/5266/4702 4148/5262/4698
f 1470/2444/2275 1471/2446/2277 1705/2766/2587 1704/2755/2559 1714/3277/3065
f 4592/5292/4723 4582/5293/4724 4566/5294/4725 4549/5295/4726 4540/5296/4727 4568/5297/4728 4570/5298/4729 4584/5299/4730
f 252/409/394 254/415/400 255/418/403 253/410/395
f 4176/5286/4718 4175/5285/4717 4141/5255/4691 4140/5254/4690
f 4175/5285/4717 4146/5260/4696 4143/5257/4693 4141/5255/4691
f 4140/5254/4690 4180/5300/4731 4181/5301/4732 4176/5286/4718
f 4182/5302/4733 4180/5300/4731 4137/4769/4293 4136/4453/4033
f 4180/5300/4731 4140/5254/4690 4138/5251/4687 4137/4769/4293
f 4182/5302/4733 4136/4453/4033 4183/4452/4032 4184/5303/4734
f 4185/5304/4735 4183/4452/4032 4134/4451/4031 4186/674/641
f 573/1161/1111 574/1108/1063 251/408/393 250/407/392 249/483/463
f 4186/674/641 4117/673/640 4119/2895/2712 4185/5304/4735
f 3607/4745/4273 3606/4744/4272 3656/5305/1941 3566/4697/4236 3565/4696/4235
f 4185/5304/4735 4119/2895/2712 4188/2894/2711 4189/5306/4736
f 4185/5304/4735 4189/5306/4736 4184/5303/4734 4183/4452/4032
f 4190/5307/4737 4184/5303/4734 4189/5306/4736 4191/5308/4738
f 4184/5303/4734 4190/5307/4737 4192/5309/4739 4182/5302/4733
f 4192/5309/4739 4181/5301/4732 4180/5300/4731 4182/5302/4733
f 4181/5301/4732 4192/5309/4739 4168/5279/4711 4170/5280/4712
f 4176/5286/4718 4181/5301/4732 4170/5280/4712 4172/5281/4713
f 4191/5308/4738 4166/5310/4709 4165/5276/4708 4190/5307/4737
f 4192/5309/4739 4190/5307/4737 4165/5276/4708 4168/5279/4711
f 4191/5308/4738 4193/5311/4740 4113/5312/4116 4166/5310/4709
f 4194/3226/3020 4193/5311/4740 4188/2894/2711 4187/2893/2710
f 4188/2894/2711 4193/5311/4740 4191/5308/4738 4189/5306/4736
f 4196/4457/4037 4127/4850/4354 4197/5313/4129 4198/4458/4038
f 4161/4544/4113 4160/5275/4707 4129/2857/2674 4164/3429/3201 4163/5278/4710 4166/5277/4709 4113/4547/4116 4112/4546/4115 4111/4545/4114
f 2743/4888/4370 3134/4400/3984 3135/4402/3986 3149/4410/3994 3146/381/366 3147/380/365 3148/379/364 3151/378/363 2744/377/362 2746/376/361 2747/375/360 2745/2348/2195
f 4201/5314/4130 4197/5313/4129 4127/4850/4354 4126/5250/4686
f 4201/4563/4130 4203/5315/4741 4204/5316/4742 4202/4564/4131
f 4203/5317/4741 4201/5314/4130 4126/5250/4686 4125/5249/4685
f 570/1102/1057 569/140/129 246/147/136 245/406/391
f 3333/4533/4104 3339/4539/4108 3338/4538/4107 3342/2830/2648 3334/3856/3542
f 4208/614/584 4142/5256/4692 4145/5259/4695 4209/611/581
f 4209/611/581 4145/5259/4695 4210/3285/3070 4211/2438/2269
f 4149/5263/4699 4210/3285/3070 4145/5259/4695 4144/5258/4694
f 4212/3286/3071 4210/3285/3070 4149/5263/4699 4151/5265/4701
f 4151/5265/4701 4213/5318/4743 4200/4566/4133 4212/3286/3071
f 4213/5318/4743 4151/5265/4701 4150/5264/4700 4154/5268/4704
f 4214/5319/4039 4213/5318/4743 4154/5268/4704 4159/5273/4040
f 3875/5018/4487 3916/5058/4525 3871/5013/4482 3853/1374/1302 3852/5016/4485 3873/5015/4484
f 4215/4461/4041 4159/4460/4040 4158/5320/4706 4162/5321/4119
f 4215/4461/4041 4162/5321/4119 4114/5322/4118 4195/3225/3019
f 4195/3225/3019 4114/5322/4118 4110/5323/4117 4194/3226/3020
f 4213/5318/4743 4214/5319/4039 4198/4567/4038 4200/4566/4133
f 4216/3282/3067 4212/3286/3071 4200/4566/4133 4199/4565/4132
f 4217/3283/3068 4216/3282/3067 4199/4565/4132 4202/4564/4131
f 4217/3283/3068 4202/4564/4131 4204/5316/4742 4218/3284/3069
f 4193/5311/4740 4194/3226/3020 4110/5323/4117 4113/5312/4116
f 784/1576/1493 785/1575/1492 806/1606/1522 807/1642/1556 804/4342/3933
f 651/1444/1371 510/3139/2939 511/3138/2938 508/1275/1212 509/1263/1204 658/1261/1202
f 4221/5324/4744 4222/5325/4745 4223/5326/4746
f 4224/3580/3325 4225/5327/4747 4226/2309/2161 4227/2308/2160
f 4228/5328/4748 4229/5329/4749 4230/5330/4750 4231/5331/4751
f 4228/5328/4748 4232/5332/4752 4233/5333/4753 4229/5329/4749
f 4232/5332/4752 4234/5334/4754 4235/5335/4755 4236/5336/4756
f 4234/5334/4754 4232/5332/4752 4228/5328/4748 4231/5331/4751
f 4230/5330/4750 4237/5337/4757 4238/5338/4758 4231/5331/4751
f 4243/5339/4575 4244/4334/3929 4242/4333/3928 4245/5340/4759
f 4223/5326/4746 4222/5325/4745 4248/5116/4573 4246/5119/4576
f 4243/5118/4575 4245/5340/4759 4246/5119/4576
f 4246/5119/4576 4245/5340/4759 4249/5341/4760
f 4240/3578/3323 4249/5341/4760 4245/5340/4759 4242/4333/3928
f 1704/2755/2559 1705/2766/2587 1331/2272/2127 1254/2750/2554 1253/2756/2560
f 4237/5342/4757 4230/5343/4750 4252/2312/2164 4254/2311/2163
f 4252/2312/2164 4230/5343/4750 4229/5344/4749 4251/2313/2165
f 4251/2313/2165 4229/5344/4749 4233/5345/4753 4250/2314/2166
f 4250/2314/2166 4233/5345/4753 4222/5346/4745 4221/5347/4744
f 4255/5348/4761 4239/2315/2167 4250/2314/2166 4221/5347/4744
f 2228/3524/3278 1341/2281/2136 2229/3596/3341 2225/3562/3309 2227/3561/3308 2224/3560/2797 1400/3525/2796
f 4240/3578/3323 4239/2315/2167 4255/5348/4761 4249/5341/4760
f 4248/5349/4573 4222/5350/4745 4233/5333/4753 4232/5332/4752
f 4236/5336/4756 4247/5351/4574 4248/5349/4573 4232/5332/4752
f 4244/4334/3929 4243/5339/4575 4247/5351/4574 4236/5336/4756
f 4256/4330/3925 4244/4334/3929 4236/5336/4756 4235/5335/4755
f 4256/4330/3925 4235/5335/4755 4257/5352/4762 4258/4331/3926
f 4257/5352/4762 4235/5335/4755 4234/5334/4754 4259/5353/4763
f 4259/5353/4763 4234/5334/4754 4231/5331/4751 4238/5338/4758
f 4261/5354/4764 4262/5355/4765 4263/5356/4766
f 4264/5357/4767 4262/5355/4765 4261/5354/4764
f 4246/5119/4576 4249/5341/4760 4255/5358/4761 4221/5324/4744 4223/5326/4746
f 4423/5359/4768 4370/5360/4769 4373/5361/4770 4434/5362/4771 4433/5363/4772 4424/5364/4773
f 4269/5365/2580 4271/5366/4774 4272/5367/4775 4273/5368/4776
f 4272/5367/4775 4274/2842/2660 4275/5369/4777 4273/5368/4776
f 4274/2842/2660 4272/5367/4775 4271/5366/4774 4276/2843/2661
f 3966/5128/4585 4000/5126/4583 3998/5124/4581 3995/5121/4578 3994/5120/4577 3993/4466/4046 3967/5370/4778 3992/4465/4045 3933/5077/4537 3936/5076/4536 3964/5133/4590 3965/5130/4587
f 4281/5371/2577 4279/2837/2655 4278/2836/2654 4282/5372/2578
f 4281/5371/2577 4283/5373/3932 4284/2838/2656 4279/2837/2655
f 2032/3821/3520 1326/2356/2203 1322/2355/2202 1321/4738/4267 1946/4492/4068 1941/3127/2927 1940/3130/2930 1939/3375/3152 2030/2142/2006 2025/2141/2005 2024/3242/3036 2035/3272/3060
f 2096/3370/3147 1888/3058/2865 1892/3066/2873 2094/3353/3132
f 4291/5374/4779 4290/3234/3028 4289/3233/3027 4292/5375/4780
f 3406/326/311 3407/4577/562 3404/3279/566 3378/327/312
f 4270/5376/2579 4276/2843/2661 4271/5366/4774 4269/5377/2580
f 4276/2843/2661 4270/5376/2579 4282/5372/2578 4278/2836/2654
f 4295/5378/4781 4294/3232/3026 4267/4084/3730 4263/5356/4766
f 4292/5375/4780 4289/3233/3027 4294/3232/3026 4295/5378/4781
f 4292/5375/4780 4296/281/266 4297/5379/4782 4291/5374/4779
f 4298/5380/4783 4299/280/265 4300/2839/2657 4301/5381/4784
f 4299/280/265 4298/5380/4783 4297/5379/4782 4296/281/266
f 4186/674/641 4134/4451/4031 4132/4450/4030 4130/4455/4035 4131/670/637
f 4295/5378/4781 4302/276/261 4296/281/266 4292/5375/4780
f 4295/5378/4781 4263/5356/4766 4304/277/262 4302/276/261
f 4264/5357/4767 4261/5354/4764 4266/5382/2582 4268/5383/2581
f 4266/5382/2582 4261/5354/4764 4263/5356/4766 4267/4084/3730
f 4273/5368/4776 4264/5357/4767 4268/5383/2581 4269/5365/2580
f 4305/278/263 4304/277/262 4262/5355/4765 4275/5369/4777
f 4303/279/264 4305/278/263 4277/2841/2659 4280/2840/2658
f 4280/2840/2658 4300/2839/2657 4299/280/265 4303/279/264
f 3650/3741/3452 3649/3740/3451 3646/4775/3727 3647/5384/3499 3648/5385/3498 3658/4793/4314
f 4284/2838/2656 4306/5386/4785 4301/5381/4784 4300/2839/2657
f 4306/5386/4785 4284/2838/2656 4283/5373/3932 4287/5387/3931
f 4275/5369/4777 4262/5355/4765 4264/5357/4767 4273/5368/4776
f 4305/278/263 4275/5369/4777 4274/2842/2660 4277/2841/2659
f 4262/5355/4765 4304/277/262 4263/5356/4766
f 5159/5388/1178 5141/1240/1182 5142/5389/4786 5140/679/646 5162/678/645
f 4310/5390/4787 4311/5391/4788 4312/5392/4789
f 4314/5393/4790 4315/5394/4791 4316/5395/4792 4317/5396/4793
f 3063/4350/1994 3060/3916/3592 3259/5397/3591 3245/3914/3590 3243/2131/1995
f 4321/5398/4794 4322/5399/4795 4323/5400/4796 4324/5401/4797
f 5041/5402/4798 5040/5403/4799 5089/5404/4800 5052/5405/4801 5053/5406/4802 5042/5407/4803
f 1489/4164/3791 1498/2474/2305 1146/2061/1932 1490/2479/2310 1491/2478/2309 1492/3811/3506
f 4328/5408/4804 4329/5409/4805 4330/4828/4338 4326/5410/4806
f 4329/5409/4805 4328/5408/4804 4331/5411/4807 4332/5412/4808
f 4332/5412/4808 4331/5411/4807 4333/5413/3582 4334/5414/3581
f 4332/5412/4808 4334/5414/3581 4314/5393/4790 4317/5396/4793
f 4335/3901/3580 4336/5415/4809 4314/5393/4790 4334/3902/3581
f 4335/3901/3580 4337/3906/3585 4312/5392/4789 4336/5415/4809
f 2470/2221/2079 2471/2220/2078 2465/3942/3565 2466/2682/2497 2467/4017/3671 2468/3346/3125 2469/3345/3124
f 4339/5416/3583 4333/5417/3582 4331/5418/4807 4340/5419/4810
f 4340/5419/4810 4331/5418/4807 4328/5420/4804 4327/5421/4811
f 4340/5419/4810 4327/5421/4811 4341/5422/4812 4342/5423/4813
f 4325/5424/4814 4321/5398/4794 4343/5425/4815 4344/5426/4816
f 4321/5398/4794 4324/5401/4797 4345/5427/4817 4343/5425/4815
f 4345/5427/4817 4346/5428/4818 4347/5429/4819 4343/5425/4815
f 4347/5429/4819 4319/2106/1974 4318/2105/1973 4348/5430/4820
f 4319/2106/1974 4347/5429/4819 4346/5428/4818 4349/5431/4821
f 4348/5430/4820 4344/5426/4816 4343/5425/4815 4347/5429/4819
f 4344/5426/4816 4348/5430/4820 4350/5432/4822 4351/5433/4823
f 4344/5426/4816 4351/5433/4823 4341/5422/4812 4325/5424/4814
f 4351/5433/4823 4352/5434/4824 4342/5423/4813 4341/5422/4812
f 4338/3905/3584 4342/5423/4813 4352/5434/4824 4337/3906/3585
f 4337/3906/3585 4352/5434/4824 4310/5390/4787 4312/5392/4789
f 4352/5434/4824 4351/5433/4823 4350/5432/4822 4310/5390/4787
f 4348/5430/4820 4318/2105/1973 4353/2104/1972 4350/5432/4822
f 427/3522/3277 423/2528/2354 402/736/699 425/791/754
f 1309/1507/1430 1369/1506/1429 1368/2303/2155 1419/681/648 1428/685/652
f 4357/4606/4161 4316/5395/4792 4315/5394/4791 4355/4607/4162
f 4355/4607/4162 4315/5394/4791 4358/5435/4825 4354/2103/1971
f 4358/5435/4825 4315/5394/4791 4314/5393/4790 4336/5415/4809
f 4354/2103/1971 4358/5435/4825 4311/5391/4788 4353/2104/1972
f 4336/5415/4809 4312/5392/4789 4311/5391/4788 4358/5435/4825
f 4330/4828/4338 4329/5409/4805 4316/5395/4792 4357/4606/4161
f 4342/5423/4813 4338/3905/3584 4339/5416/3583 4340/5419/4810
f 4329/5409/4805 4332/5412/4808 4317/5396/4793 4316/5395/4792
f 4322/5399/4795 4309/5436/4826 4308/5437/4827 4359/5438/4828
f 4311/5391/4788 4310/5390/4787 4350/5432/4822 4353/2104/1972
f 209/4497/4073 213/353/338 212/352/337 211/439/424 210/438/423
f 4360/5439/4829 4361/5440/4830 4362/5441/4831
f 4363/5442/4832 4364/5443/4833 4365/5444/4834 4366/5445/4835
f 368/626/595 191/314/299 189/307/292 375/306/291 374/1539/290
f 4370/5360/4769 4371/5446/4836 4372/5447/4837 4373/5361/4770
f 4374/5448/4838 4375/5449/4839 4376/4147/3775 4377/4146/3774
f 4369/1112/1067 4368/1111/1066 4378/5450/4840
f 5211/5451/4841 5213/5452/4842 5214/5453/4843 5212/3022/2834 5202/3021/2833
f 4379/1110/1065 4382/1114/1069 4375/5449/4839 4380/5454/4844
f 4375/5449/4839 4382/1114/1069 4383/5455/4845 4376/4147/3775
f 4376/4147/3775 4383/5455/4845 4384/5456/4846 4385/4148/3776
f 4385/4148/3776 4384/5456/4846 4386/5457/4847 4387/5458/4848
f 4388/5459/4849 4389/5460/4850 4390/5461/4851 4391/5462/4852
f 4389/5460/4850 4392/5463/4853 4393/5464/4854 4390/5461/4851
f 4392/5463/4853 4369/1112/1067 4378/5450/4840 4393/5464/4854
f 4393/5464/4854 4394/5465/4855 4395/5466/4856 4390/5461/4851
f 4394/5465/4855 4393/5464/4854 4378/5450/4840 4381/5467/4857
f 4396/5468/4858 4381/5469/4857 4380/5454/4844 4397/5470/4859
f 4380/5454/4844 4375/5449/4839 4374/5448/4838 4397/5470/4859
f 4397/5470/4859 4374/5448/4838 4377/4146/3774 4398/5471/4860
f 4399/4150/3778 4400/5472/4861 4377/4146/3774
f 98/1504/1427 85/120/111 52/79/70 97/139/128 96/137/126 111/174/162
f 4401/4149/3777 4402/5473/4862 4403/5474/4863 4399/4150/3778
f 4401/4149/3777 4385/4148/3776 4387/5458/4848 4402/5473/4862
f 4402/5473/4862 4404/5475/4864 4405/5476/4865 4403/5474/4863
f 4402/5473/4862 4387/5458/4848 4406/5477/4866 4404/5475/4864
f 4404/5475/4864 4407/5478/4867 4408/5479/4868 4405/5476/4865
f 4407/5478/4867 4404/5475/4864 4406/5477/4866 4409/5480/4869
f 4407/5478/4867 4410/5481/4870 4411/5482/4871 4408/5479/4868
f 4410/5481/4870 4407/5478/4867 4409/5480/4869 4412/5483/4872
f 4411/5482/4871 4410/5481/4870 4413/5484/4873 4414/5485/4874
f 4412/5483/4872 4415/5486/4875 4413/5484/4873 4410/5481/4870
f 4414/5485/4874 4413/5484/4873 4416/5487/4876 4417/5488/4877
f 4416/5487/4876 4413/5484/4873 4415/5486/4875 4418/5489/4878
f 4417/5488/4877 4416/5487/4876 4391/5462/4852 4419/5490/4879
f 4391/5462/4852 4416/5487/4876 4418/5489/4878 4388/5459/4849
f 4419/5490/4879 4420/5491/4880 4363/5442/4832 4417/5488/4877
f 4420/5491/4880 4419/5490/4879 4390/5461/4851 4395/5466/4856
f 4390/5461/4851 4419/5490/4879 4391/5462/4852
f 4421/5492/4881 4395/5466/4856 4394/5465/4855 4422/5493/4882
f 4422/5494/4882 4423/5359/4768 4424/5364/4773 4421/5495/4881
f 4423/5359/4768 4422/5494/4882 4396/5496/4858 4425/5497/4883
f 4422/5493/4882 4394/5465/4855 4381/5467/4857 4396/5498/4858
f 4425/5497/4883 4371/5446/4836 4370/5360/4769 4423/5359/4768
f 4371/5499/4836 4425/5500/4883 4398/5471/4860 4426/5501/4884
f 4425/5500/4883 4396/5468/4858 4397/5470/4859 4398/5471/4860
f 4398/5471/4860 4377/4146/3774 4400/5472/4861 4426/5501/4884
f 4400/5472/4861 4427/5502/4885 4428/5503/4886 4426/5501/4884
f 4427/5502/4885 4400/5472/4861 4399/4150/3778 4403/5474/4863
f 4429/5504/4887 4427/5502/4885 4403/5474/4863 4405/5476/4865
f 4430/5505/4888 4429/5504/4887 4405/5476/4865 4408/5479/4868
f 4430/5505/4888 4408/5479/4868 4411/5482/4871 4431/5506/4889
f 4431/5506/4889 4411/5482/4871 4414/5485/4874 4366/5445/4835
f 4366/5445/4835 4414/5485/4874 4417/5488/4877 4363/5442/4832
f 4420/5491/4880 4432/5507/4890 4364/5443/4833 4363/5442/4832
f 4433/5363/4772 4432/5507/4890 4421/5495/4881 4424/5364/4773
f 4432/5507/4890 4420/5491/4880 4395/5466/4856 4421/5492/4881
f 5257/5508/4891 5256/5509/4892 5266/5510/4893 5267/5511/4894 5206/5512/4895 5205/5513/4896
f 4373/5361/4770 4372/5447/4837 4361/5440/4830 4434/5362/4771
f 4372/5447/4837 4371/5446/4836 4426/5514/4884 4428/5503/4886
f 4362/5441/4831 4428/5503/4886 4427/5502/4885 4429/5504/4887
f 4360/5439/4829 4362/5441/4831 4429/5504/4887 4430/5505/4888
f 4360/5439/4829 4430/5505/4888 4431/5506/4889 4435/5515/4897
f 4435/5515/4897 4431/5506/4889 4366/5445/4835 4365/5444/4834
f 4365/5444/4834 4433/5363/4772 4434/5362/4771 4435/5515/4897
f 4433/5363/4772 4365/5444/4834 4364/5443/4833 4432/5507/4890
f 4434/5362/4771 4361/5440/4830 4360/5439/4829 4435/5515/4897
f 4372/5447/4837 4428/5503/4886 4362/5441/4831 4361/5440/4830
f 4436/5516/4898 4437/5517/4899 4438/5518/4900 4439/5519/4901
f 4440/5520/4902 4441/5521/4903 4438/5518/4900 4437/5517/4899
f 4440/5520/4902 4442/5522/4904 4443/5523/4905 4441/5521/4903
f 4444/5524/4906 4445/5525/4907 4446/5526/1452
f 4447/5527/4908 4448/5528/4909 4449/5529/4910 4450/5530/4911
f 4451/5531/4912 4452/5532/4913 4453/5533/4914 4454/5534/4915
f 4455/5535/4916 4456/5536/4917 4457/5537/4918 4458/5538/4919
f 4456/5536/4917 4459/5539/4920 4460/5540/4921 4457/5537/4918
f 4459/5539/4920 4439/5519/4901 4461/5541/4922 4460/5540/4921
f 4439/5519/4901 4438/5518/4900 4462/5542/4923 4461/5541/4922
f 4438/5518/4900 4441/5521/4903 4463/5543/4924 4462/5542/4923
f 4441/5521/4903 4443/5523/4905 4464/1534/1456 4465/1533/1455
f 4466/5544/4925 4467/5545/4926 4468/5546/1458 4469/5547/1457
f 4470/5548/4927 4471/5549/4928 4444/5524/4906 4467/5545/4926
f 4470/5548/4927 4472/5550/4929 4473/5551/4930 4471/5549/4928
f 4473/5551/4930 4472/5550/4929 4455/5535/4916 4458/5538/4919
f 4473/5551/4930 4458/5538/4919 4450/5530/4911 4474/5552/4931
f 4458/5538/4919 4457/5537/4918 4447/5527/4908 4450/5530/4911
f 4475/5553/4932 4474/5552/4931 4450/5530/4911 4449/5529/4910
f 4449/5529/4910 4451/5531/4912 4454/5534/4915 4475/5553/4932
f 4451/5531/4912 4449/5529/4910 4448/5528/4909 4452/5532/4913
f 4448/5528/4909 4460/5540/4921 4461/5541/4922 4452/5532/4913
f 4452/5532/4913 4461/5541/4922 4462/5542/4923 4453/5533/4914
f 4453/5533/4914 4462/5542/4923 4463/5543/4924 4476/5554/4933
f 4476/5554/4933 4463/5543/4924 4477/1532/1454 4478/1531/1453
f 4465/1533/1455 4477/1532/1454 4463/5543/4924 4441/5521/4903
f 4446/5526/1452 4468/5546/1458 4467/5545/4926 4444/5524/4906
f 4446/1530/1452 4445/5555/4907 4478/1531/1453
f 4479/5556/4934 4478/1531/1453 4445/5555/4907 4480/5557/4935
f 4471/5549/4928 4480/5558/4935 4445/5525/4907 4444/5524/4906
f 4471/5549/4928 4473/5551/4930 4474/5552/4931 4480/5558/4935
f 4480/5559/4935 4474/5552/4931 4475/5553/4932 4479/5560/4934
f 4475/5553/4932 4454/5534/4915 4481/5561/4936 4479/5560/4934
f 4478/1531/1453 4479/5556/4934 4481/5562/4936 4476/5554/4933
f 4476/5554/4933 4481/5562/4936 4454/5534/4915 4453/5533/4914
f 4460/5540/4921 4448/5528/4909 4447/5527/4908 4457/5537/4918
f 4482/5563/4937 4483/5564/4938 4484/5565/4939
f 4485/5566/4940 4486/5567/4941 4487/5568/4942 4488/5569/4943
f 2609/3980/3642 2608/3979/3641 3047/4335/3930 3045/3925/3599 3046/2730/2534 3049/2729/2533
f 4489/5570/4944 4487/5568/4942 4491/5571/4945 4492/5572/4946
f 4493/5573/3410 4489/5570/4944 4492/5572/4946 4494/5574/4947
f 4494/5574/4947 4492/5572/4946 4495/5575/4948 4496/5576/4949
f 4494/5577/4947 4496/5578/4949 4497/5579/4950 4498/5580/4951
f 4499/5581/4952 4495/5575/4948 4492/5572/4946 4491/5571/4945
f 4491/5571/4945 4487/5568/4942 4486/5567/4941 4500/5582/4953
f 4486/5567/4941 4485/5566/4940 4501/5583/4954 4502/5584/4955
f 4503/5585/4956 4504/5586/4957 4505/5587/4958
f 4488/5569/4943 4506/5588/4959 4505/5587/4958 4485/5566/4940
f 4493/5573/3410 4508/5589/3409 4490/5590/4960 4489/5570/4944
f 1220/3826/3523 1221/4729/3526 2422/3828/3525 2421/3827/3524 2420/3825/3522
f 4498/5580/4951 4509/964/920 4493/3682/3410 4494/5577/4947
f 4497/5579/4950 4510/5591/4961 4511/5592/4962 4498/5580/4951
f 4502/5584/4955 4512/5593/4963 4500/5582/4953 4486/5567/4941
f 4512/5593/4963 4502/5584/4955 4513/5594/4964 4514/5595/4965
f 4515/5596/4966 4513/5594/4964 4502/5584/4955 4501/5583/4954
f 4513/5594/4964 4515/5596/4966 4516/5597/4967 4517/4643/4194
f 4518/5598/4968 4503/5585/4956 4519/5599/4969 4520/5600/4970
f 4519/5599/4969 4503/5585/4956 4521/5601/4971
f 4522/5602/4972 4507/5603/4973 4523/5604/3408 4483/5605/4938
f 4507/5603/4973 4490/5590/4960 4508/5589/3409 4523/5604/3408
f 4511/5592/4962 4525/965/921 4509/964/920 4498/5580/4951
f 4525/965/921 4511/5592/4962 4527/4639/4190 4528/4644/4195
f 4527/4639/4190 4511/5592/4962 4510/5591/4961 4529/4640/4191
f 5364/5606/4974 5362/5607/4975 5361/5608/4976 5360/5609/4977 5349/5610/4978 5363/5611/4979
f 4513/5594/4964 4517/4643/4194 4530/4642/4193 4514/5595/4965
f 4517/4643/4194 4516/5597/4967 4532/5612/4980 4528/4644/4195
f 4528/4644/4195 4532/5612/4980 4526/966/922 4525/965/921
f 4532/5612/4980 4533/5613/4981 4534/967/923 4526/966/922
f 4533/5613/4981 4532/5612/4980 4516/5597/4967 4520/5600/4970
f 4533/5613/4981 4535/5614/4982 4482/5563/4937 4534/967/923
f 4535/5614/4982 4533/5613/4981 4520/5600/4970 4519/5599/4969
f 4484/5615/4939 4483/5616/4938 4523/3680/3408 4524/963/919
f 4524/963/919 4534/967/923 4482/5563/4937 4484/5565/4939
f 4522/5602/4972 4521/5601/4971 4506/5588/4959 4507/5603/4973
f 4505/5587/4958 4506/5588/4959 4521/5601/4971 4503/5585/4956
f 4504/5586/4957 4501/5583/4954 4485/5566/4940 4505/5587/4958
f 4520/5600/4970 4516/5597/4967 4515/5596/4966 4518/5598/4968
f 4518/5598/4968 4515/5596/4966 4501/5583/4954 4504/5586/4957
f 4503/5585/4956 4518/5598/4968 4504/5586/4957
f 4536/5617/4983 4537/5618/4984 4538/5619/4985 4539/5620/4986
f 4536/5617/4983 4539/5620/4986 4540/5296/4727 4541/5621/4987
f 4545/5622/4988 4546/5623/4989 4547/5624/4990 4548/5625/4991
f 4541/5621/4987 4540/5296/4727 4549/5295/4726
f 3577/5626/2321 3600/2491/2320 3601/4750/4278 3553/4682/4222 3551/4681/4221
f 4556/5627/4992 4554/2195/2056 4553/2194/2055 4557/5628/4993
f 4554/2195/2056 4556/5627/4992 4558/5629/4994 4559/5630/4995
f 4561/5631/4996 4560/5632/4997 4538/5619/4985 4547/5633/4990
f 4539/5620/4986 4538/5619/4985 4560/5632/4997 4563/5634/4998
f 4547/5633/4990 4538/5619/4985 4537/5618/4984 4548/5635/4991
f 4537/5636/4984 4564/5637/4999 4545/5622/4988 4548/5638/4991
f 4564/5637/4999 4541/5621/4987 4549/5295/4726 4565/5639/5000
f 4541/5621/4987 4564/5637/4999 4537/5636/4984 4536/5617/4983
f 4565/5639/5000 4549/5295/4726 4566/5294/4725 4567/5640/5001
f 4563/5634/4998 4568/5297/4728 4540/5296/4727 4539/5620/4986
f 4568/5297/4728 4563/5634/4998 4569/4782/4303 4570/5298/4729
f 4563/5634/4998 4560/5632/4997 4562/4783/4304 4569/4782/4303
f 4556/5641/4992 4557/5642/4993 4571/4784/4305 4562/4783/4304 4560/5632/4997 4561/5631/4996 4558/5643/4994
f 4572/5644/5002 4557/5628/4993 4553/2194/2055 4552/2197/2058
f 5471/5645/5003 5468/5646/5004 5457/5647/5005 5432/5648/5006 5456/5649/5007 5455/5650/5008
f 4559/5630/4995 4575/1398/1326 4555/1397/1325 4554/2195/2056
f 4559/5630/4995 4577/5651/5009 4542/5652/5010 4575/1398/1326
f 4577/5651/5009 4559/5630/4995 4558/5629/4994 4561/5653/4996
f 4561/5653/4996 4547/5624/4990 4546/5623/4989 4577/5651/5009
f 4577/5651/5009 4546/5623/4989 4543/5654/5011
f 4543/5654/5011 4546/5623/4989 4545/5622/4988 4578/5655/5012
f 4578/5655/5012 4545/5622/4988 4564/5637/4999 4565/5639/5000
f 4578/5655/5012 4565/5639/5000 4567/5640/5001 4579/5656/5013
f 4579/5656/5013 4567/5640/5001 4580/5657/5014 4581/5658/5015
f 4567/5640/5001 4566/5294/4725 4582/5293/4724 4580/5657/5014
f 3376/328/313 3377/3276/3064 3374/4434/4019 3373/329/314
f 4570/5298/4729 4569/4782/4303 4583/4786/4307 4584/5299/4730
f 4583/4786/4307 4585/4785/4306 4586/5659/5016 4584/5299/4730
f 362/660/627 379/659/626 132/200/188 200/662/629 359/664/631 361/1287/1223
f 4571/4784/4305 4587/5660/5017 4588/5661/5018 4585/4785/4306
f 4572/5662/5002 4587/5660/5017 4571/4784/4305 4557/5642/4993
f 4586/5659/5016 4585/4785/4306 4588/5661/5018 4589/5663/5019
f 4592/5292/4723 4590/5664/5020 4593/5665/5021 4594/5666/5022
f 4582/5293/4724 4592/5292/4723 4594/5666/5022 4580/5657/5014
f 4594/5666/5022 4593/5665/5021 4595/5667/5023 4596/5668/5024
f 4580/5657/5014 4594/5666/5022 4596/5668/5024 4581/5658/5015
f 4544/5669/5025 4579/5656/5013 4581/5658/5015 4576/1399/1327
f 4544/5669/5025 4543/5654/5011 4578/5655/5012 4579/5656/5013
f 4576/1399/1327 4581/5658/5015 4596/5668/5024 4574/1400/1328
f 4596/5668/5024 4595/5667/5023 4573/1401/1329 4574/1400/1328
f 4542/5652/5010 4577/5651/5009 4543/5654/5011
f 4597/5670/5026 4598/5671/5027 4599/5672/5028
f 4600/5673/5029 4601/5674/5030 4602/5675/5031 4603/5676/5032
f 4604/5677/5033 4603/5678/5032 4605/4267/3884 4606/4266/3883
f 407/754/717 314/414/399 319/413/398 320/529/508 321/532/509
f 532/2849/2667 533/1448/1375 205/4438/4023 204/2850/2668
f 4610/4179/3804 4611/4178/3803 4612/5679/5034 4613/5680/5035
f 4614/5681/5036 4612/5679/5034 4611/4178/3803 4615/5682/5037
f 4612/5679/5034 4614/5681/5036 4616/5683/5038 4617/5684/5039
f 4615/5682/5037 4611/4178/3803 4618/4177/3802 4619/4271/3886
f 4607/3148/2948 4605/5685/3884 4620/5686/5040 4621/3144/2944
f 4621/3144/2944 4620/5686/5040 4622/5687/5041 4623/5688/5042
f 4620/5686/5040 4602/5675/5031 4601/5674/5030 4622/5687/5041
f 4602/5675/5031 4620/5686/5040 4605/5685/3884 4603/5676/5032
f 552/1148/1100 548/1396/1324 544/1144/1096 598/1143/1095 600/799/762 601/1149/1101
f 4601/5674/5030 4598/5671/5027 4622/5687/5041
f 4599/5672/5028 4601/5674/5030 4600/5689/5029 4625/5690/5043
f 4600/5689/5029 4626/5691/5044 4627/5692/5045 4625/5690/5043
f 4600/5693/5029 4603/5678/5032 4604/5677/5033 4626/5694/5044
f 4627/5692/5045 4628/5695/5046 4629/5696/5047 4625/5690/5043
f 4629/5696/5047 4628/5695/5046 4630/5697/5048 4631/5698/5049
f 4631/5698/5049 4632/5699/5050 4597/5670/5026 4629/5696/5047
f 4632/5699/5050 4631/5698/5049 4633/5700/5051 4634/5701/5052
f 4634/5701/5052 4635/5702/5053 4624/5703/5054 4632/5699/5050
f 4635/5702/5053 4634/5701/5052 4636/5704/5055 4637/5705/5056
f 4637/5705/5056 4638/5706/5057 4639/5707/5058 4635/5702/5053
f 4638/5706/5057 4637/5705/5056 4640/5708/5059 4641/5709/5060
f 3170/4504/4080 3171/3180/2980 3172/4295/3908 2788/2361/2208 2783/2360/2207 3169/3312/3096 3168/4416/3999
f 5453/5710/5061 5441/5711/2956 5476/5712/2955 5477/5713/5062 5478/5714/5063
f 4644/3145/2945 4621/3144/2944 4623/5688/5042 4639/5707/5058
f 4624/5703/5054 4598/5671/5027 4597/5670/5026 4632/5699/5050
f 4639/5707/5058 4638/5706/5057 4645/3146/2946 4644/3145/2945
f 4645/3146/2946 4638/5706/5057 4641/5709/5060 4646/5715/5064
f 4645/3146/2946 4646/5715/5064 4643/5716/3885 4642/3147/2947
f 4647/5717/5065 4640/5708/5059 4637/5705/5056 4636/5704/5055
f 4636/5704/5055 4617/5684/5039 4616/5683/5038 4647/5717/5065
f 4617/5684/5039 4636/5704/5055 4634/5701/5052 4633/5700/5051
f 4631/5698/5049 4630/5697/5048 4613/5680/5035 4633/5700/5051
f 4609/4180/3805 4630/5697/5048 4628/5695/5046 4648/5718/5066
f 4648/5718/5066 4628/5695/5046 4627/5692/5045 4626/5691/5044
f 4648/5718/5066 4606/4266/3883 4608/4176/3801 4609/4180/3805
f 4606/4266/3883 4648/5718/5066 4626/5691/5044 4604/5677/5033
f 4613/5680/5035 4630/5697/5048 4609/4180/3805 4610/4179/3804
f 4617/5684/5039 4633/5700/5051 4613/5680/5035 4612/5679/5034
f 4597/5670/5026 4599/5672/5028 4625/5690/5043 4629/5696/5047
f 4601/5674/5030 4599/5672/5028 4598/5671/5027
f 4649/5719/5067 4650/5720/5068 4651/5721/5069 4652/5722/5070
f 4653/5723/5071 4654/5283/4715 4655/5724/5072 4656/5725/5073
f 134/203/191 133/202/190 385/699/666 5498/669/636 358/668/635 380/667/634 381/666/633 199/665/632 200/662/629 198/663/630 281/454/437 282/465/448
f 4659/1185/1134 4660/3708/3431 4661/1741/1647 4662/1186/1135
f 4663/5726/5074 4664/3707/3430 4665/3706/3429 4666/5727/5075
f 3608/3793/3496 3609/3559/3307 2767/2341/2188 3573/2340/2187
f 1033/1945/1829 1028/1934/1818 1027/1933/1817 1034/1946/1830
f 4672/871/833 4671/875/837 4658/5728/5076 4657/5729/5077
f 4672/871/833 4657/5729/5077 4673/5730/5078 4674/872/834
f 4690/5282/4714 4688/5731/5079 4673/5730/5078 4657/5729/5077 4658/5728/5076 4655/5724/5072 4654/5283/4715
f 3777/5732/3731 3776/4091/3737 3774/4920/4401 3757/4907/4389 3759/4909/4391 3778/4922/4403 3779/4925/4405 3780/4086/3732
f 4676/5733/5080 4677/1188/1137 4678/3842/3537 4675/4748/4276
f 2887/4190/3813 2578/3961/3628 2579/3960/3627 2576/2027/1905 2577/4186/3810 2883/3817/3510 2459/3816/3509 2458/1656/1570 3715/3513/3269 2886/3512/3268
f 4682/3709/3432 4660/3708/3431 4684/814/777 4685/820/783
f 4669/815/778 4684/814/777 4660/3708/3431 4659/1185/1134
f 4674/872/834 4673/5730/5078 4688/5731/5079 4689/5734/5081
f 4689/5734/5081 4688/5731/5079 4652/5722/5070 4651/5721/5069
f 4688/5731/5079 4690/5282/4714 4691/5735/5082 4652/5722/5070
f 4692/4747/4275 4693/4746/4274 4691/5735/5082 4690/5282/4714
f 5509/2500/2327 5510/2499/2326 5498/669/636 385/699/666 386/698/665 384/703/670 382/707/674
f 4694/3839/3534 4678/3842/3537 4677/1188/1137 4679/1187/1136
f 4679/5736/1136 4662/1186/1135 4695/1744/1650 4694/4559/3534
f 3027/4601/4156 2723/4313/3703 2674/536/513 2825/535/512 3024/4306/3913 3025/4312/3916
f 4696/1743/1649 4683/1742/1648 4664/3707/3430 4697/4560/4127
f 4665/3706/3429 4682/3709/3432 4685/820/783 4698/5737/5083
f 4698/5737/5083 4685/820/783 4699/819/782 4700/5738/5084
f 2664/4011/3668 2657/2209/2070 2655/2208/2069 3279/1439/1366 2661/4008/3665
f 4700/5738/5084 4699/819/782 4701/5739/5085 4702/5740/5086
f 4699/819/782 4686/818/781 4687/873/835 4701/5739/5085
f 4701/5739/5085 4689/5734/5081 4651/5721/5069 4702/5740/5086
f 4689/5734/5081 4701/5739/5085 4687/873/835 4674/872/834
f 4702/5740/5086 4651/5721/5069 4650/5720/5068 4703/5741/5087
f 4704/5742/5088 4703/5741/5087 4650/5720/5068 4705/5743/5089
f 4703/5741/5087 4704/5742/5088 4706/5744/5090 4707/5745/5091
f 4666/5727/5075 4706/5746/5090 4708/5747/5092 4663/5726/5074
f 4663/5726/5074 4708/5747/5092 4697/4560/4127 4664/3707/3430
f 4709/4558/3535 4697/4560/4127 4708/5747/5092 4710/5748/5093
f 4709/3840/3535 4710/5749/5093 4711/5750/5094 4712/3841/3536
f 4710/5749/5093 4704/5751/5088 4705/5752/5089 4711/5750/5094
f 4710/5748/5093 4708/5747/5092 4706/5746/5090 4704/5753/5088
f 4713/5754/5095 4705/5743/5089 4650/5720/5068 4649/5719/5067
f 4649/5719/5067 4652/5722/5070 4691/5735/5082 4713/5754/5095
f 4691/5735/5082 4693/4746/4274 4714/5755/5096 4713/5756/5095
f 4705/5752/5089 4713/5756/5095 4714/5755/5096 4711/5750/5094
f 4712/3841/3536 4711/5750/5094 4714/5755/5096 4693/4746/4274
f 633/4495/4071 717/1381/1309 716/1385/1313 715/1054/1009 713/1053/1008 635/485/465 475/484/464 531/1047/1002 634/1518/1440
f 4707/5745/5091 4706/5744/5090 4666/5727/5075 4715/5757/5097
f 4700/5738/5084 4707/5745/5091 4715/5757/5097 4698/5737/5083
f 4707/5745/5091 4700/5738/5084 4702/5740/5086 4703/5741/5087
f 4715/5757/5097 4666/5727/5075 4665/3706/3429 4698/5737/5083
f 4653/5723/5071 4680/1189/1138 4677/1188/1137 4676/5733/5080
f 4676/5733/5080 4675/4748/4276 4654/5283/4715 4653/5723/5071
f 4667/816/779 4669/815/778 4659/1185/1134 4716/5758/5098
f 4716/5758/5098 4659/1185/1134 4681/1184/1133 4717/5759/5099
f 456/934/892 457/935/893 749/1447/1374 630/1194/1143 628/1133/1085
f 4726/4968/4442 4727/4953/4427 4728/4952/4426 4729/4951/4425
f 4733/5760/5100 4734/4965/4439 4735/4964/4438 4736/1169/1118
f 4736/1169/1118 4737/1168/1117 4738/5761/5101 4733/5760/5100
f 4733/5760/5100 4738/5761/5101 4739/4976/4450 4734/4965/4439
f 4206/5762/5102 4139/5253/4689 4142/5256/4692 4208/614/584 4207/613/583
f 4739/5763/4450 4738/5764/5101 4742/5765/5103 4743/5766/5104
f 4743/5766/5104 4744/5767/5105 4740/4974/4448 4739/5763/4450
f 4744/5767/5105 4745/5768/5106 4746/4975/4449 4740/4974/4448
f 4745/5768/5106 4744/5767/5105 4747/5769/5107 4748/5770/5108
f 4748/5770/5108 4749/5771/5109 4750/5772/5110 4745/5768/5106
f 4749/5771/5109 4751/5773/5111 4752/5774/5112 4750/5772/5110
f 4751/5773/5111 4749/5771/5109 4753/891/851 4754/5775/5113
f 4754/5775/5113 4755/5776/5114 4756/5777/5115 4751/5773/5111
f 4757/5778/5116 4756/5777/5115 4755/5776/5114 4758/5779/5117
f 4755/5776/5114 4759/5041/4509 4760/5040/4508 4758/5779/5117
f 3899/5/5 3850/4/4 3849/4994/4466 3852/5016/4485 3856/5780/5118
f 3855/1373/1301 3856/5780/5118 3852/5016/4485 3853/1374/1302
f 265/433/418 208/4498/4074 209/4497/4073 210/438/423 267/435/420
f 1945/3133/2933 1946/4492/4068 1733/2807/2625 1277/2809/2627
f 4771/5781/4473 4770/5782/4472 4772/5009/4478 4773/5008/4477
f 4770/5782/4472 4774/5783/4471 4775/5010/4479 4772/5009/4478
f 4775/5010/4479 4777/5784/5119 4778/5785/5120 4776/4998/4470
f 4776/4998/4470 4778/5785/5120 4779/5786/5121 4763/4995/4467
f 4762/3678/3406 4779/5786/5121 4780/5787/5122 4781/4891/4373
f 1832/2972/2789 1831/2975/2792 1828/2965/2782 1106/2010/1888
f 4757/5778/5116 4758/5779/5117 4761/3679/3407 4782/4890/4372
f 4782/4890/4372 4783/4889/4371 4784/5788/5123 4757/5778/5116
f 4757/5778/5116 4784/5788/5123 4785/5789/5124 4756/5777/5115
f 4752/5774/5112 4751/5773/5111 4756/5777/5115 4785/5789/5124
f 4785/5789/5124 4786/5790/5125 4787/5791/5126 4752/5774/5112
f 4787/5791/5126 4788/5792/5127 4750/5772/5110 4752/5774/5112
f 4788/5792/5127 4787/5791/5126 4730/4970/4444 4732/4969/4443
f 4732/4969/4443 4789/4961/4435 4746/4975/4449 4788/5792/5127
f 4788/5792/5127 4746/4975/4449 4745/5768/5106 4750/5772/5110
f 4789/4961/4435 4732/4969/4443 4729/4951/4425 4790/4950/4424
f 3471/1500/1423 2840/1499/1422 2843/4762/4286 2516/2441/2272 3470/4619/4173
f 169/241/226 168/240/225 363/621/591 360/624/594 361/1287/1223 359/664/631
f 5126/3232/4362 5098/4084/5128 5099/868/830 5100/867/829 5127/866/828
f 3813/2722/2526 3825/2721/2525 3829/4973/4447 3882/5793/4493 3883/5075/4492
f 4791/5794/1120 4793/5795/5129 4794/5796/5130 4792/5797/1116
f 4792/5797/1116 4794/5796/5130 4795/5798/5131 4737/5799/1117
f 4795/5798/5131 4742/5765/5103 4738/5764/5101 4737/5799/1117
f 4796/5800/5132 4797/5801/5133 4742/5765/5103 4795/5798/5131
f 4742/5765/5103 4797/5801/5133 4798/5802/5134 4743/5766/5104
f 4747/5769/5107 4744/5767/5105 4743/5766/5104 4798/5802/5134
f 4798/5802/5134 4799/5803/5135 4800/5804/5136 4747/5769/5107
f 4800/5804/5136 4801/887/847 4748/5770/5108 4747/5769/5107
f 4801/887/847 4753/891/851 4749/5771/5109 4748/5770/5108
f 3931/3123/2923 3929/5074/4535 3892/5034/4502 3845/4990/4462 3893/3124/2924
f 4753/891/851 4802/890/850 4803/5037/4505 4754/5775/5113
f 4759/5041/4509 4755/5776/5114 4754/5775/5113 4803/5037/4505
f 2017/4022/3676 1961/1414/1342 1960/516/496 2015/515/495 2016/4543/4112
f 4803/5037/4505 4804/5036/4504 4805/5042/4510 4759/5041/4509
f 2722/4048/3702 2862/4160/3787 2858/4163/3790 1493/3812/3507 1025/1931/1815 2740/4059/3712
f 4804/5036/4504 4806/5035/4503 4807/5038/4506 4805/5042/4510
f 1870/1302/1234 1869/3030/2842 3395/3408/3181 3397/1303/1235
f 4811/5044/4512 4812/5805/5137 4813/5806/5138 4809/5045/4513
f 4812/5805/5137 4811/5044/4512 4814/5043/4511 4815/5807/5139
f 4812/5805/5137 4815/5807/5139 4816/5004/4476 4769/5003/4475
f 4769/5003/4475 4768/5002/4474 4813/5806/5138 4812/5805/5137
f 4816/5004/4476 4815/5807/5139 4817/5808/5140 4818/5809/5141
f 4816/5004/4476 4818/5809/5141 4819/5810/5142 4774/4999/4471
f 4777/5784/5119 4775/5010/4479 4774/5783/4471 4819/5811/5142
f 4819/5811/5142 4820/5812/5143 4821/5813/5144 4777/5784/5119
f 4821/5813/5144 4822/5814/5145 4778/5785/5120 4777/5784/5119
f 4822/5814/5145 4780/5787/5122 4779/5786/5121 4778/5785/5120
f 4780/5787/5122 4822/5814/5145 4823/5815/5146 4824/5816/5147
f 4780/5787/5122 4824/5816/5147 4825/4892/4374 4781/4891/4373
f 4825/4892/4374 4826/5063/4530 4827/5817/5148 4783/4889/4371
f 4783/4889/4371 4827/5817/5148 4828/5818/5149 4784/5788/5123
f 4827/5817/5148 4719/4955/4429 4721/4963/4437 4828/5818/5149
f 4828/5818/5149 4721/4963/4437 4731/4962/4436 4786/5790/5125
f 4786/5790/5125 4785/5789/5124 4784/5788/5123 4828/5818/5149
f 4826/5063/4530 4720/4956/4430 4719/4955/4429 4827/5817/5148
f 956/1824/1717 951/1804/1701 950/1802/1700 949/1801/1699 926/1769/1673 955/1813/1709
f 4826/5063/4530 4825/4892/4374 4824/5816/5147 4830/5819/4528
f 4831/5062/4529 4832/5820/5150 4722/4967/4441 4724/4966/4440
f 4830/5819/4528 4824/5816/5147 4823/5815/5146 4831/5821/4529
f 4831/5821/4529 4823/5815/5146 4833/5822/5151 4832/5823/5150
f 4793/5824/5129 4791/5825/1120 4832/5823/5150 4833/5822/5151
f 4833/5822/5151 4821/5813/5144 4820/5812/5143 4793/5824/5129
f 4793/5795/5129 4820/5826/5143 4834/5827/5152 4794/5796/5130
f 4796/5800/5132 4795/5798/5131 4794/5796/5130 4834/5827/5152
f 4834/5827/5152 4818/5809/5141 4817/5808/5140 4796/5800/5132
f 4796/5800/5132 4817/5808/5140 4835/5828/5153 4797/5801/5133
f 4799/5803/5135 4798/5802/5134 4797/5801/5133 4835/5828/5153
f 4835/5828/5153 4814/5043/4511 4836/1362/1290 4799/5803/5135
f 4799/5803/5135 4836/1362/1290 4837/1361/1289 4800/5804/5136
f 4837/1361/1289 4838/1360/1288 4839/888/848 4801/887/847 4800/5804/5136
f 911/1406/1334 946/1405/1333 932/1815/1679 947/5829/1710 948/1799/1698
f 32/46/46 21/27/27 14/16/16 30/3050/2859 31/43/43
f 4835/5828/5153 4817/5808/5140 4815/5807/5139 4814/5043/4511
f 4820/5826/5143 4819/5810/5142 4818/5809/5141 4834/5827/5152
f 4833/5822/5151 4823/5815/5146 4822/5814/5145 4821/5813/5144
f 4791/1171/1120 4723/1170/1119 4722/4967/4441 4832/5820/5150
f 3445/1104/1059 3221/4591/4150 1882/4468/4048 1880/2827/2645 3431/1105/1060
f 4786/5790/5125 4731/4962/4436 4730/4970/4444 4787/5791/5126
f 4845/3400/3173 4846/5830/5154 4843/5831/5155 4842/3401/3174
f 5161/1238/1180 5175/5832/5156 5158/5833/5157 5154/5834/5158 5157/1239/1181
f 4847/5101/4561 4848/5104/4564 4849/5835/5159 4850/993/948
f 4849/5835/5159 4851/5836/5160 4852/5837/5161 4850/993/948
f 4853/4817/4333 4847/5101/4561 4850/993/948 4854/992/947
f 4855/5838/5162 4856/4602/4157 4857/995/950 4858/5839/5163
f 4859/5840/5164 4860/5841/5165 4861/5102/4562 4862/4816/4332
f 4863/5842/5166 4864/5843/5167 4865/5844/5168
f 4866/4813/4329 4867/4812/4328 4868/5845/5169 4869/4814/4330
f 4870/5846/5170 4871/5847/5171 4872/4815/4331 4869/4814/4330
f 582/1120/1075 584/1123/1078 535/1127/1081 536/1451/1378 534/1450/1377
f 4877/5848/5172 4878/5147/4598 4879/5146/4597 4880/5849/5173
f 4881/5850/5174 4882/5851/5175 4878/5147/4598 4877/5848/5172
f 4880/5849/5173 4883/4710/4245 4884/4709/4244 4877/5848/5172
f 3720/3819/3512 3722/3818/3511 2485/4860/489 3721/5852/488
f 4887/4707/4242 4863/5842/5166 4865/5844/5168 4886/4708/4243
f 4888/4706/4241 4889/5853/5176 4863/5842/5166 4887/4707/4242
f 4889/5853/5176 4890/5854/5177 4891/5855/5178 4863/5842/5166
f 4890/5854/5177 4892/5856/5179 4852/5837/5161 4891/5855/5178
f 4890/5854/5177 4858/5839/5163 4892/5856/5179
f 4858/5839/5163 4857/995/950 4893/994/949 4892/5856/5179
f 1261/2185/2046 1258/2176/2037 1488/4819/4335 2353/4574/4139 2348/3720/3440 1262/2186/2047
f 4856/4602/4157 4896/5857/4159 4894/996/951 4857/995/950
f 4894/996/951 4896/5857/4159 4897/5858/4158 4898/5859/5180
f 4899/5860/5181 4900/5861/5182 4898/5859/5180 4897/5858/4158
f 4844/5862/5183 4899/5863/5181 4897/4603/4158 4901/3402/3175 4842/3401/3174 4843/5831/5155
f 1692/1650/1564 1691/2731/2535 1229/2151/2015 1255/2747/2551 1694/2746/2550 1695/1651/1565
f 4902/3392/3165 4856/4602/4157 4855/5838/5162 4903/3393/3166
f 4766/4996/4468 4763/4995/4467 4779/5786/5121 4762/3678/3406 4765/3677/3405
f 4904/3394/3167 4903/3393/3166 4905/5864/5184 4906/5865/5185
f 4906/5865/5185 4907/5866/5186 4908/3395/3168 4904/3394/3167
f 4907/5866/5186 4909/5867/5187 4910/3396/3169 4908/3395/3168
f 4576/1399/1327 4575/1398/1326 4542/5652/5010 4543/5654/5011 4544/5669/5025
f 4911/5868/5188 4875/3397/3170 4910/3396/3169 4909/5867/5187
f 4874/3398/3171 4875/3397/3170 4911/5868/5188 4912/5869/5189
f 4913/5870/5190 4873/3399/3172 4874/3398/3171 4912/5869/5189
f 4846/5830/5154 4845/3400/3173 4873/3399/3172 4913/5870/5190
f 4913/5871/5190 4914/5872/5191 4915/5873/5192 4846/5874/5154
f 4846/5874/5154 4915/5873/5192 4916/5875/5193 4843/5876/5155
f 4843/5877/5155 4916/5878/5193 4917/5879/5194 4844/5880/5183
f 4917/5879/5194 4900/5861/5182 4899/5860/5181 4844/5880/5183
f 4900/5861/5182 4917/5879/5194 4918/5881/5195 4868/5845/5169
f 4900/5861/5182 4868/5845/5169 4867/4812/4328 4898/5859/5180
f 4867/4812/4328 4895/997/952 4894/996/951 4898/5859/5180
f 4918/5881/5195 4917/5879/5194 4916/5878/5193 4929/5882/5196 4871/5847/5171 4870/5846/5170
f 4870/5846/5170 4869/4814/4330 4868/5845/5169 4918/5881/5195
f 4914/5872/5191 4920/648/615 4919/4916/4397 4915/5873/5192
f 4920/648/615 4914/5872/5191 4921/5148/4599 4922/649/616
f 3061/2128/1992 3241/2127/1991 3238/2274/2129 2708/2278/2133
f 4912/5883/5189 4911/5884/5188 4923/5149/4600 4921/5148/4599
f 4923/5149/4600 4911/5884/5188 4909/5867/5187 4924/5885/5197
f 4883/4710/4245 4880/5849/5173 4924/5885/5197 4925/4711/4246
f 4924/5885/5197 4880/5849/5173 4879/5146/4597 4923/5149/4600
f 4924/5885/5197 4909/5867/5187 4907/5866/5186 4925/4711/4246
f 4907/5866/5186 4906/5865/5185 4888/4706/4241 4925/4711/4246
f 4906/5865/5185 4905/5864/5184 4889/5853/5176 4888/4706/4241
f 4914/5872/5191 4913/5871/5190 4912/5883/5189 4921/5148/4599
f 4034/5168/4615 4017/855/817 4012/854/816 4011/3589/3334 4019/3588/3333
f 4322/5399/4795 4327/5421/4811 4328/5420/4804 4326/5886/4806 4309/5436/4826
f 4916/5875/5193 4915/5873/5192 4919/4916/4397 4928/4915/4396 4929/5887/5196
f 4929/5887/5196 4928/4915/4396 4930/5888/5198 4931/5889/5199
f 4929/5882/5196 4931/5890/5199 4932/5891/5200 4871/5847/5171
f 4179/5248/4684 4156/5247/4683 4153/5271/4703 4152/5892/4702 4178/5290/4721 4107/5291/4722
f 4931/5890/5199 4933/5893/5201 4934/5894/5202 4932/5891/5200
f 4934/5894/5202 4935/5895/5203 4936/5896/5204 4932/5891/5200
f 4936/5896/5204 4872/4815/4331 4871/5847/5171 4932/5891/5200
f 4935/5895/5203 4937/5897/5205 4859/5840/5164 4936/5896/5204
f 4936/5896/5204 4859/5840/5164 4862/4816/4332 4872/4815/4331
f 4938/5898/5206 4930/5888/5198 4939/5899/5207 4940/5900/5208
f 4940/5900/5208 4939/5899/5207 4941/5901/5209 4942/5902/5210
f 4930/5888/5198 4928/4915/4396 4927/647/614 4939/5899/5207
f 4939/5899/5207 4927/647/614 4943/646/613 4941/5901/5209
f 4882/5851/5175 4944/5903/5211 4941/5901/5209 4943/646/613
f 4926/650/617 4878/5147/4598 4882/5851/5175 4943/646/613
f 4938/5898/5206 4933/5904/5201 4931/5889/5199 4930/5888/5198
f 4903/3393/3166 4855/5838/5162 4858/5839/5163 4905/5864/5184
f 4850/993/948 4852/5837/5161 4892/5856/5179 4893/994/949
f 3753/1853/1745 3750/1852/1744 3745/4901/4383 3748/4904/4386 3763/4914/4395
f 3985/3728/3445 3945/3727/3444 3944/988/943 3951/987/942 3962/5095/4555 3958/5091/4551 3957/5090/4550 3960/5093/4553
f 4891/5855/5178 4852/5837/5161 4851/5836/5160 4864/5843/5167
f 4890/5854/5177 4889/5853/5176 4905/5864/5184
f 4905/5864/5184 4858/5839/5163 4890/5854/5177
f 4863/5842/5166 4891/5855/5178 4864/5843/5167
f 4945/5905/5212 4946/5906/5213 4947/5907/5214 4948/5908/5215
f 4945/5905/5212 4948/5908/5215 4949/5909/5216
f 4950/5910/5217 4951/5911/5218 4952/5912/5219
f 4953/5913/5220 4954/5914/5221 4955/5915/5222
f 4956/1601/1517 4957/1600/1516 4958/5916/5223 4959/5917/5224
f 4960/5918/5225 4956/1601/1517 4959/5917/5224
f 4959/5917/5224 4961/5919/5226 4962/5920/5227 4960/5918/5225
f 4960/5918/5225 4962/5920/5227 4963/5921/5228 4964/5922/5229
f 4964/5922/5229 4965/5923/5230 4966/1603/1519 4967/1602/1518
f 4967/1602/1518 4956/1601/1517 4960/5918/5225 4964/5922/5229
f 4121/3472/3238 4123/4500/4076 4179/5248/4684 4107/5291/4722 4108/5288/4720 4109/3473/3239
f 4969/1599/1515 4970/5924/5231 4946/5906/5213 4957/1600/1516
f 4946/5906/5213 4970/5924/5231 4971/5925/5232 4947/5907/5214
f 4955/5915/5222 4948/5908/5215 4947/5907/5214 4953/5913/5220
f 4972/5926/5233 4949/5909/5216 4948/5908/5215 4955/5915/5222
f 4972/5926/5233 4973/5927/5234 4974/5928/5235 4949/5909/5216
f 4958/5916/5223 4945/5905/5212 4949/5909/5216 4974/5928/5235
f 4974/5928/5235 4961/5919/5226 4959/5917/5224 4958/5916/5223
f 4961/5919/5226 4974/5928/5235 4973/5927/5234 4952/5929/5219
f 4952/5929/5219 4951/5911/5218 4962/5920/5227 4961/5919/5226
f 4951/5911/5218 4975/5930/5236 4963/5921/5228 4962/5920/5227
f 4963/5921/5228 4975/5930/5236 4976/5931/5237 4977/5932/5238
f 4977/5932/5238 4965/5923/5230 4964/5922/5229 4963/5921/5228
f 4965/5923/5230 4977/5932/5238 4978/5933/5239 4979/5934/5240
f 4965/5923/5230 4979/5934/5240 4980/5935/5241 4966/1603/1519
f 4966/1603/1519 4980/5935/5241 4981/5936/5242 4968/1604/1520
f 4968/1604/1520 4981/5936/5242 4982/5937/5243 4983/5938/5244
f 4969/1599/1515 4968/1604/1520 4983/5938/5244 4970/5924/5231
f 4984/5230/4670 4971/5925/5232 4970/5924/5231 4983/5938/5244
f 4985/5229/4669 4986/5939/5245 4971/5925/5232 4984/5230/4670
f 4986/5939/5245 4953/5913/5220 4947/5907/5214 4971/5925/5232
f 4986/5939/5245 4985/5229/4669 4987/5940/5246 4988/5941/5247
f 4954/5914/5221 4953/5913/5220 4986/5939/5245 4988/5941/5247
f 4988/5941/5247 4987/5940/5246 4989/5942/5248 4990/5943/5249
f 4990/5943/5249 4991/5944/5250 4954/5914/5221 4988/5941/5247
f 4991/5944/5250 4990/5943/5249 4992/5945/5251 4993/5946/5252
f 4973/5947/5234 4972/5948/5233 4991/5944/5250 4993/5946/5252
f 4993/5949/5252 4950/5910/5217 4952/5912/5219 4973/5950/5234
f 4992/5951/5251 4994/5952/5253 4950/5910/5217 4993/5949/5252
f 4994/5952/5253 4992/5951/5251 4995/5953/5254 4996/5954/5255
f 4996/5954/5255 4976/5931/5237 4975/5930/5236 4994/5952/5253
f 4975/5930/5236 4951/5911/5218 4950/5910/5217 4994/5952/5253
f 4997/5955/5256 4978/5933/5239 4977/5932/5238 4976/5931/5237
f 4978/5933/5239 4997/5955/5256 4998/5956/5257 4999/5957/5258
f 5000/5958/5259 4979/5934/5240 4978/5933/5239 4999/5957/5258
f 5001/5959/5260 4980/5935/5241 4979/5934/5240 5000/5958/5259
f 5002/5960/5261 4981/5936/5242 4980/5935/5241 5001/5959/5260
f 5003/5961/5262 4982/5937/5243 4981/5936/5242 5002/5960/5261
f 5004/5231/4671 4984/5230/4670 4983/5938/5244 4982/5937/5243
f 4985/5229/4669 5007/5228/4668 5008/5962/5263 4987/5940/5246
f 4987/5940/5246 5008/5962/5263 5009/5963/5264 4989/5942/5248
f 5009/5963/5264 5010/5964/5265 4995/5965/5254 4989/5942/5248
f 4995/5965/5254 4992/5945/5251 4990/5943/5249 4989/5942/5248
f 5010/5966/5265 5011/5967/5266 4996/5954/5255 4995/5953/5254
f 5012/5968/5267 4998/5956/5257 4997/5955/5256 5011/5967/5266
f 5011/5967/5266 4997/5955/5256 4976/5931/5237 4996/5954/5255
f 5013/5969/5268 5008/5962/5263 5007/5228/4668 5006/5233/4673
f 5014/5970/5269 5009/5963/5264 5008/5962/5263 5013/5969/5268
f 5010/5964/5265 5009/5963/5264 5014/5970/5269 5015/5971/5270
f 5015/5972/5270 5012/5968/5267 5011/5967/5266 5010/5966/5265
f 4991/5944/5250 4972/5948/5233 4955/5915/5222 4954/5914/5221
f 4957/1600/1516 4946/5906/5213 4945/5905/5212 4958/5916/5223
f 5016/2525/2351 5017/2524/2350 5018/1529/1451 5019/1528/1450
f 5020/5973/5271 5021/5974/5272 5022/5975/5273 5023/5976/5274
f 5024/5977/5275 5025/5978/5276 5021/5974/5272 5020/5973/5271
f 5029/5979/5277 5030/5980/5278 5027/5981/5279 5026/5982/5280
f 5030/5980/5278 5029/5979/5277 5031/5983/5281 5032/5984/5282
f 5031/5983/5281 5033/4371/3957 5034/4370/3956 5032/5984/5282
f 5031/5983/5281 5029/5979/5277 5035/5985/5283 5033/4371/3957
f 5036/5986/5284 5037/5987/5285 5038/1300/1232 5039/1299/1231
f 5036/5986/5284 5039/1299/1231 5040/5403/4799 5041/5402/4798
f 5036/5986/5284 5041/5402/4798 5042/5407/4803 5037/5987/5285
f 5045/1298/1230 5044/1297/1229 5046/5988/5286 5047/5989/5287
f 5046/5988/5286 5048/5990/5288 5047/5989/5287
f 5047/5989/5287 5040/5403/4799 5039/1299/1231 5045/1298/1230
f 4326/5410/4806 4330/4828/4338 4307/4827/4337 4308/5437/4827 4309/5436/4826
f 961/1833/1726 978/1849/1741 979/804/767 964/803/766 983/802/765 982/1862/1754
f 5054/5991/5289 5025/5978/5276 5055/5992/5290 5056/5993/5291
f 5024/5977/5275 5057/5994/5292 5055/5992/5290 5025/5978/5276
f 5058/5995/5293 5055/5992/5290 5057/5994/5292 5059/5996/5294
f 5056/5993/5291 5055/5992/5290 5058/5995/5293 5060/5997/5295
f 5061/5998/5296 5062/5999/5297 5060/5997/5295 5063/1418/1346
f 5064/6000/5298 5061/5998/5296 5063/1418/1346 5065/1417/1345
f 5065/1417/1345 5066/6001/5299 5067/6002/5300 5064/6000/5298
f 5067/6003/5300 5030/5980/5278 5032/5984/5282 5064/6004/5298
f 5030/5980/5278 5067/6003/5300 5068/6005/5301 5027/5981/5279
f 5027/5981/5279 5068/6005/5301 5069/2527/2353 5028/2526/2352
f 3378/327/312 3379/3281/3066 3380/2829/2647 3376/328/313
f 4808/5039/4507 4764/3676/3404 4761/3679/3407 4758/5779/5117 4760/5040/4508
f 223/6006/5302 209/4497/4073 231/4496/4072 232/400/385 229/393/378 228/392/377 227/391/376 220/363/348
f 5071/6007/5303 5049/4372/3958 5033/4371/3957 5035/5985/5283
f 5051/4369/3955 5062/5999/5297 5061/5998/5296 5034/4370/3956
f 5064/6004/5298 5032/5984/5282 5034/4370/3956 5061/5998/5296
f 5060/5997/5295 5062/5999/5297 5072/1525/1447 5056/5993/5291
f 5073/6008/1446 5054/5991/5289 5056/5993/5291 5072/1525/1447
f 5073/6008/1446 5018/6009/1451 5074/4687/4227 5054/5991/5289
f 1487/553/530 2638/552/529 2637/4001/3658 1488/4819/4335 1258/2176/2037 1257/1409/1337
f 5075/4686/4226 5076/6010/5304 5077/6011/5305 5078/6012/5306 5022/5975/5273 5021/5974/5272 5025/5978/5276 5054/5991/5289 5074/4687/4227
f 5079/6013/5307 5080/6014/5308 5042/6015/4803 5053/6016/4802
f 5079/6013/5307 5077/6011/5305 5076/6010/5304 5080/6014/5308
f 5076/6010/5304 5075/4686/4226 5081/4685/4225 5080/6014/5308
f 5081/4685/4225 5082/4684/4224 5038/6017/1232 5037/6018/5285
f 5037/6018/5285 5042/6015/4803 5080/6014/5308 5081/4685/4225
f 1024/1930/1814 2742/4093/3739 2741/3833/3528 2424/4058/3711 2425/4060/3713 1025/1931/1815
f 5043/6019/1233 5038/6017/1232 5082/4684/4224 5083/4683/4223
f 5017/6020/2350 5083/4683/4223 5074/4687/4227 5018/6009/1451
f 994/1894/1781 992/6021/3959 991/1890/1777 1003/1889/1776 1016/1911/1798 1018/1910/1797 1004/1891/1778
f 5062/5999/5297 5051/4369/3955 5050/1526/1448 5072/1525/1447
f 904/1747/1653 905/1750/1656 906/4480/4059 891/1730/1639 903/1746/1652
f 5049/4372/3958 5071/6007/5303 5084/1527/1449 5050/1526/1448
f 5043/6019/1233 5083/4683/4223 5017/6020/2350 5070/6022/2349
f 5043/1301/1233 5070/6023/2349 5069/6024/2353 5044/1297/1229
f 5046/5988/5286 5044/1297/1229 5069/6024/2353 5068/6025/5301
f 5066/6001/5299 5046/5988/5286 5068/6025/5301 5067/6002/5300
f 5085/6026/5309 5086/6027/5310 5087/6028/5311 5048/5990/5288
f 5087/6028/5311 5088/6029/5312 5047/5989/5287 5048/5990/5288
f 5088/6029/5312 5089/5404/4800 5040/5403/4799 5047/5989/5287
f 5066/6001/5299 5065/1417/1345 5090/1416/1344 5085/6026/5309
f 5090/1416/1344 5091/1421/1349 5086/6027/5310 5085/6026/5309
f 5035/5985/5283 5029/5979/5277 5026/5982/5280 5027/5981/5279 5028/2526/2352 5016/2525/2351 5019/1528/1450 5084/1527/1449 5071/6007/5303
f 5092/1419/1347 5058/5995/5293 5059/5996/5294 5093/1420/1348
f 5058/5995/5293 5092/1419/1347 5063/1418/1346 5060/5997/5295
f 5085/6026/5309 5048/5990/5288 5046/5988/5286 5066/6001/5299
f 3477/4612/4166 3479/4614/4168 2145/3441/3213 2146/3440/3212 2141/3430/3202
f 5094/5354/5313 5095/5356/5314 5096/5355/5315
f 5097/5357/5316 5094/5354/5313 5096/5355/5315
f 2360/3787/3494 2363/3744/3455 2356/1343/1275 2357/1342/1274 2358/3742/3453 2359/3743/3454
f 755/1513/1435 754/1512/800 710/1472/799 707/1473/1396
f 5104/5367/5317 5105/5366/5318 5102/5365/832 5106/5368/5319
f 5104/5367/5317 5106/5368/5319 5107/5369/5320 5108/2842/3518
f 5105/5366/5318 5104/5367/5317 5108/2842/3518 5109/2843/3517
f 1198/4456/4036 1800/2921/2738 1796/2924/2741 1799/4021/3675 1794/4020/3674
f 5114/5371/824 5115/5372/823 5111/2836/3516 5113/2837/3515
f 5116/2838/5321 5117/5373/4011 5114/5371/824 5113/2837/3515
f 1189/2102/1970 1358/2425/2258 1359/2424/2257 1360/3693/3416 1361/3684/3411
f 5124/5374/5322 5125/5375/5323 5123/3233/4364 5122/3234/4363
f 5103/5376/822 5102/5377/832 5105/5366/5318 5109/2843/3517
f 5109/2843/3517 5111/2836/3516 5115/5372/823 5103/5376/822
f 5128/5378/5324 5095/5356/5314 5098/4084/5128 5126/3232/4362
f 5126/3232/4362 5123/3233/4364 5125/5375/5323 5128/5378/5324
f 5125/5375/5323 5124/5374/5322 5129/5379/5325 5130/281/2565
f 5131/5380/5326 5132/5381/5327 5133/2839/5328 5134/280/2566
f 5130/281/2565 5129/5379/5325 5131/5380/5326 5134/280/2566
f 5128/5378/5324 5125/5375/5323 5130/281/2565 5136/276/2564
f 5128/5378/5324 5136/276/2564 5137/277/2563 5095/5356/5314
f 5097/5357/5316 5101/5383/831 5099/5382/830 5094/5354/5313
f 5098/4084/5128 5095/5356/5314 5094/5354/5313 5099/5382/830
f 5106/5368/5319 5102/5365/832 5101/5383/831 5097/5357/5316
f 5138/278/2562 5107/5369/5320 5096/5355/5315 5137/277/2563
f 5135/279/2561 5112/2840/3514 5110/2841/3513 5138/278/2562
f 5112/2840/3514 5135/279/2561 5134/280/2566 5133/2839/5328
f 5133/2839/5328 5116/2838/5321 5113/2837/3515 5112/2840/3514
f 5116/2838/5321 5133/2839/5328 5132/5381/5327 5139/5386/5329
f 5139/5386/5329 5119/5387/4012 5117/5373/4011 5116/2838/5321
f 5107/5369/5320 5106/5368/5319 5097/5357/5316 5096/5355/5315
f 5138/278/2562 5110/2841/3513 5108/2842/3518 5107/5369/5320
f 5096/5355/5315 5095/5356/5314 5137/277/2563
f 3718/1739/1645 2875/983/938 2781/982/937 2789/1623/1537
f 5143/6030/5330 5144/6031/5331 5145/6032/5332
f 5147/6033/5333 5148/6034/5334 5149/6035/5335 5150/6036/5336
f 5154/5834/5158 5155/6037/5337 5156/6038/5338 5157/1239/1181
f 4327/5421/4811 4322/5399/4795 4321/5398/4794 4325/5424/4814 4341/5422/4812
f 1295/2049/1921 1348/2288/2141 1351/2290/2142 1298/2050/1922
f 5160/6039/1179 5159/5388/1178 5162/678/645 5163/6040/5339
f 5163/6040/5339 5164/6041/5340 5165/6042/5341 5160/6039/1179
f 5164/6041/5340 5166/6043/523 5167/6044/522 5165/6042/5341
f 5164/6041/5340 5150/6036/5336 5149/6035/5335 5166/6043/523
f 5149/6035/5335 5168/6045/5342 5169/547/524 5166/546/523
f 5169/547/524 5168/6045/5342 5144/6031/5331 5170/548/525
f 2506/4795/4315 2507/4794/4271 2505/3900/3579 2504/3899/3578 2859/4157/3784 2427/3858/3544 2426/3857/3543 2429/3860/3546 2428/3859/3545
f 5172/6046/521 5173/6047/5343 5165/6048/5341 5167/6049/522
f 5173/6047/5343 5161/1238/1180 5160/1237/1179 5165/6048/5341
f 5173/6047/5343 5174/6050/5344 5175/5832/5156 5161/1238/1180
f 5158/5833/5157 5176/6051/5345 5177/6052/5346 5154/5834/5158
f 5154/5834/5158 5177/6052/5346 5178/6053/5347 5155/6037/5337
f 5178/6053/5347 5177/6052/5346 5179/6054/5348 5180/6055/5349
f 5179/6054/5348 5181/6056/5350 5151/4426/4009 5153/4425/4008
f 5153/4425/4008 5182/6057/5351 5180/6055/5349 5179/6054/5348
f 5181/6056/5350 5179/6054/5348 5177/6052/5346 5176/6051/5345
f 5176/6051/5345 5183/6058/5352 5184/6059/5353 5181/6056/5350
f 5176/6051/5345 5158/5833/5157 5175/5832/5156 5183/6058/5352
f 5183/6058/5352 5175/5832/5156 5174/6050/5344 5185/6060/5354
f 5171/549/526 5170/548/525 5185/6060/5354 5174/6050/5344
f 5170/548/525 5144/6031/5331 5143/6030/5330 5185/6060/5354
f 5185/6060/5354 5143/6030/5330 5184/6059/5353 5183/6058/5352
f 5181/6056/5350 5184/6059/5353 5186/4427/4010 5151/4426/4009
f 3459/4349/3940 3512/4348/3939 3515/4647/4198 3463/4605/4160
f 5190/677/644 5188/1923/1809 5148/6034/5334 5147/6033/5333
f 5191/6061/5355 5148/6034/5334 5188/1923/1809 5187/1926/1812
f 5149/6035/5335 5148/6034/5334 5191/6061/5355 5168/6045/5342
f 5187/1926/1812 5186/4427/4010 5145/6032/5332 5191/6061/5355
f 5145/6032/5332 5144/6031/5331 5168/6045/5342 5191/6061/5355
f 5162/678/645 5190/677/644 5147/6033/5333 5163/6040/5339
f 5174/6050/5344 5173/6047/5343 5172/6046/521 5171/549/526
f 5163/6040/5339 5147/6033/5333 5150/6036/5336 5164/6041/5340
f 5157/1239/1181 5192/6062/5356 5142/5389/4786 5141/1240/1182
f 5184/6059/5353 5143/6030/5330 5145/6032/5332 5186/4427/4010
f 5193/6063/5357 5194/6064/5358 5195/6065/5359
f 5196/6066/5360 5197/6067/5361 5198/6068/5362 5199/6069/5363
f 580/1121/1076 582/1120/1075 534/1450/1377 532/2849/2667
f 5203/6070/5364 5204/6071/5365 5205/5513/4896 5206/5512/4895
f 5207/6072/5366 5208/4172/3797 5209/4171/3796 5210/6073/5367
f 5201/3025/2837 5211/6074/4841 5202/6075/2833
f 1008/1917/1804 1010/1918/1805 1009/1907/1794 981/1863/1755 1000/1886/1773 1007/1895/1782
f 5212/3022/2834 5214/5453/4843 5210/6073/5367 5215/3023/2835
f 5210/6073/5367 5209/4171/3796 5216/6076/5368 5215/3023/2835
f 5209/4171/3796 5217/4175/3800 5218/6077/5369 5216/6076/5368
f 5217/4175/3800 5219/6078/5370 5220/6079/5371 5218/6077/5369
f 5221/6080/5372 5222/6081/5373 5223/6082/5374 5224/6083/5375
f 5224/6083/5375 5223/6082/5374 5225/6084/5376 5226/6085/5377
f 5226/6085/5377 5225/6084/5376 5211/6074/4841 5201/3025/2837
f 5227/6086/5378 5228/6087/5379 5225/6084/5376 5223/6082/5374
f 5228/6087/5379 5213/6088/4842 5211/6074/4841 5225/6084/5376
f 5229/6089/5380 5230/6090/5381 5214/5453/4843 5213/5452/4842
f 5214/5453/4843 5230/6090/5381 5207/6072/5366 5210/6073/5367
f 5230/6090/5381 5231/6091/5382 5208/4172/3797 5207/6072/5366
f 5232/4173/3798 5208/4172/3797 5233/6092/5383
f 396/898/858 401/735/698 399/734/697 394/902/862
f 5234/4174/3799 5232/4173/3798 5235/6093/5384 5236/6094/5385
f 5234/4174/3799 5236/6094/5385 5219/6078/5370 5217/4175/3800
f 5236/6094/5385 5235/6093/5384 5237/6095/5386 5238/6096/5387
f 5239/6097/5388 5219/6078/5370 5236/6094/5385 5238/6096/5387
f 5238/6096/5387 5237/6095/5386 5240/6098/5389 5241/6099/5390
f 5241/6099/5390 5242/6100/5391 5239/6097/5388 5238/6096/5387
f 5241/6099/5390 5240/6098/5389 5243/6101/5392 5244/6102/5393
f 5244/6102/5393 5245/6103/5394 5242/6100/5391 5241/6099/5390
f 5243/6101/5392 5246/6104/5395 5247/6105/5396 5244/6102/5393
f 5247/6105/5396 5248/6106/5397 5245/6103/5394 5244/6102/5393
f 5246/6104/5395 5249/6107/5398 5250/6108/5399 5247/6105/5396
f 5250/6108/5399 5251/6109/5400 5248/6106/5397 5247/6105/5396
f 5249/6107/5398 5252/6110/5401 5222/6081/5373 5250/6108/5399
f 5222/6081/5373 5221/6080/5372 5251/6109/5400 5250/6108/5399
f 5252/6110/5401 5249/6107/5398 5196/6066/5360 5253/6111/5402
f 5253/6111/5402 5227/6086/5378 5223/6082/5374 5252/6110/5401
f 5223/6082/5374 5222/6081/5373 5252/6110/5401
f 5254/6112/5403 5255/6113/5404 5228/6087/5379 5227/6086/5378
f 5255/6114/5404 5254/6115/5403 5256/5509/4892 5257/5508/4891
f 5257/5508/4891 5258/6116/5405 5229/6117/5380 5255/6114/5404
f 5255/6113/5404 5229/6118/5380 5213/6088/4842 5228/6087/5379
f 5258/6116/5405 5257/5508/4891 5205/5513/4896 5204/6071/5365
f 5204/6119/5365 5259/6120/5406 5231/6091/5382 5258/6121/5405
f 5258/6121/5405 5231/6091/5382 5230/6090/5381 5229/6089/5380
f 5233/6092/5383 5208/4172/3797 5231/6091/5382 5259/6120/5406
f 5233/6092/5383 5259/6120/5406 5260/6122/5407 5261/6123/5408
f 5261/6123/5408 5235/6093/5384 5232/4173/3798 5233/6092/5383
f 5262/6124/5409 5237/6095/5386 5235/6093/5384 5261/6123/5408
f 5263/6125/5410 5240/6098/5389 5237/6095/5386 5262/6124/5409
f 5243/6101/5392 5240/6098/5389 5263/6125/5410 5264/6126/5411
f 5264/6126/5411 5197/6067/5361 5246/6104/5395 5243/6101/5392
f 5197/6067/5361 5196/6066/5360 5249/6107/5398 5246/6104/5395
f 5199/6069/5363 5265/6127/5412 5253/6111/5402 5196/6066/5360
f 5266/5510/4893 5256/5509/4892 5254/6115/5403 5265/6127/5412
f 5265/6127/5412 5254/6112/5403 5227/6086/5378 5253/6111/5402
f 5206/5512/4895 5267/5511/4894 5195/6065/5359 5203/6070/5364
f 5203/6070/5364 5260/6122/5407 5259/6128/5406 5204/6071/5365
f 5194/6064/5358 5262/6124/5409 5261/6123/5408 5260/6122/5407
f 5193/6063/5357 5263/6125/5410 5262/6124/5409 5194/6064/5358
f 5193/6063/5357 5268/6129/5413 5264/6126/5411 5263/6125/5410
f 5268/6129/5413 5198/6068/5362 5197/6067/5361 5264/6126/5411
f 5198/6068/5362 5268/6129/5413 5267/5511/4894 5266/5510/4893
f 5266/5510/4893 5265/6127/5412 5199/6069/5363 5198/6068/5362
f 5267/5511/4894 5268/6129/5413 5193/6063/5357 5195/6065/5359
f 5203/6070/5364 5195/6065/5359 5194/6064/5358 5260/6122/5407
f 5269/6130/5414 5270/6131/5415 5271/6132/5416 5272/6133/5417
f 5273/6134/5418 5272/6133/5417 5271/6132/5416 5274/6135/5419
f 5273/6134/5418 5274/6135/5419 5275/6136/5420 5276/6137/5421
f 5277/6138/5422 5278/6139/245 5279/6140/5423
f 5280/6141/5424 5281/6142/5425 5282/6143/5426 5283/6144/5427
f 5284/6145/5428 5285/6146/5429 5286/6147/5430 5287/6148/5431
f 5288/6149/5432 5289/6150/5433 5290/6151/5434 5291/6152/5435
f 5291/6152/5435 5290/6151/5434 5292/6153/5436 5293/6154/5437
f 5294/6155/5438 5270/6131/5415 5293/6154/5437 5292/6153/5436
f 5270/6131/5415 5294/6155/5438 5295/6156/5439 5271/6132/5416
f 5296/6157/5440 5274/6135/5419 5271/6132/5416 5295/6156/5439
f 5274/6135/5419 5297/264/249 5298/263/248 5275/6136/5420
f 5299/6158/246 5300/6159/5441 5301/6160/5442 5302/6161/247
f 5303/6162/5443 5300/6159/5441 5277/6138/5422 5304/6163/5444
f 5303/6162/5443 5304/6163/5444 5305/6164/5445 5306/6165/5446
f 5305/6164/5445 5289/6150/5433 5288/6149/5432 5306/6165/5446
f 5305/6164/5445 5307/6166/5447 5281/6142/5425 5289/6150/5433
f 5289/6150/5433 5281/6142/5425 5280/6141/5424 5290/6151/5434
f 5308/6167/5448 5282/6143/5426 5281/6142/5425 5307/6166/5447
f 5282/6143/5426 5308/6167/5448 5285/6146/5429 5284/6145/5428
f 5284/6145/5428 5287/6148/5431 5283/6144/5427 5282/6143/5426
f 5283/6144/5427 5287/6148/5431 5294/6155/5438 5292/6153/5436
f 5287/6148/5431 5286/6147/5430 5295/6156/5439 5294/6155/5438
f 5286/6147/5430 5309/6168/5449 5296/6157/5440 5295/6156/5439
f 5309/6168/5449 5310/259/244 5311/258/243 5296/6157/5440
f 5297/264/249 5274/6135/5419 5296/6157/5440 5311/258/243
f 3993/4466/4046 3992/4465/4045 3967/5370/4778
f 5278/6139/245 5277/6138/5422 5300/6159/5441 5299/6158/246
f 5278/260/245 5310/259/244 5279/6169/5423
f 5312/6170/5450 5313/6171/5451 5279/6169/5423 5310/259/244
f 5304/6163/5444 5277/6138/5422 5279/6140/5423 5313/6172/5451
f 5304/6163/5444 5313/6172/5451 5307/6166/5447 5305/6164/5445
f 5313/6173/5451 5312/6174/5450 5308/6167/5448 5307/6166/5447
f 5314/6175/5452 5285/6146/5429 5308/6167/5448 5312/6174/5450
f 5310/259/244 5309/6168/5449 5314/6176/5452 5312/6170/5450
f 5309/6168/5449 5286/6147/5430 5285/6146/5429 5314/6176/5452
f 5280/6141/5424 5283/6144/5427 5292/6153/5436 5290/6151/5434
f 5315/99/90 5316/6177/5453 5317/100/91
f 5318/4792/4313 5319/6178/5454 5320/6179/5455 5321/4787/4308
f 4490/5590/4960 4507/5603/4973 4506/5588/4959 4488/5569/4943 4487/5568/4942 4489/5570/4944
f 5323/4791/4312 5324/6180/5456 5325/6181/5457 5318/4792/4313
f 5326/6182/4299 5327/6183/5458 5324/6180/5456 5323/4791/4312
f 5327/6183/5458 5328/6184/5459 5329/6185/5460 5324/6180/5456
f 5327/6186/5458 5330/6187/5461 5331/6188/5462 5328/6189/5459
f 5324/6180/5456 5329/6185/5460 5332/6190/5463 5325/6181/5457
f 5325/6181/5457 5333/6191/5464 5319/6178/5454 5318/4792/4313
f 5334/6192/5465 5320/6179/5455 5319/6178/5454 5335/6193/5466
f 5336/6194/5467 5337/6195/5468 5338/6196/5469
f 5321/4787/4308 5320/6179/5455 5337/6195/5468 5339/4788/4309
f 5326/6182/4299 5323/4791/4312 5322/4790/4311 5341/6197/4300
f 2326/3692/3415 2339/3710/3433 2322/6198/3403 2321/6199/3396 2320/3686/3395 2323/3685/3412
f 5330/6187/5461 5327/6186/5458 5326/4777/4299 5342/2301/2153
f 5331/6188/5462 5330/6187/5461 5343/6200/5470 5344/6201/5471
f 5335/6193/5466 5319/6178/5454 5333/6191/5464 5345/6202/5472
f 5345/6202/5472 5346/6203/5473 5347/6204/5474 5335/6193/5466
f 5348/6205/5475 5334/6192/5465 5335/6193/5466 5347/6204/5474
f 5347/6204/5474 5349/5610/4978 5350/6206/5476 5348/6205/5475
f 5351/103/94 5336/6194/5467 5352/6207/5477 5353/6208/5478
f 5351/103/94 5354/102/93 5336/6194/5467
f 5355/6209/4298 5340/4789/4310 5356/101/92 5317/6210/91
f 5341/6197/4300 5322/4790/4311 5340/4789/4310 5355/6209/4298
f 84/138/127 97/139/128 52/79/70 51/78/69
f 5343/6200/5470 5330/6187/5461 5342/2301/2153 5359/2300/2152
f 5359/2300/2152 5360/5609/4977 5361/5608/4976 5343/6200/5470
f 5361/5608/4976 5362/5607/4975 5344/6201/5471 5343/6200/5470
f 3064/639/606 3067/638/605 2846/1520/1442 2845/4139/3770 3076/1619/1533
f 5363/5611/4979 5349/5610/4978 5347/6204/5474 5346/6203/5473
f 5349/5610/4978 5360/5609/4977 5365/6211/5479 5350/6206/5476
f 5360/5609/4977 5359/2300/2152 5358/2299/2151 5365/6211/5479
f 5365/6211/5479 5358/2299/2151 5366/2298/2150 5367/6212/5480
f 5367/6212/5480 5353/6208/5478 5350/6206/5476 5365/6211/5479
f 5367/6212/5480 5366/2298/2150 5315/99/90 5368/98/89
f 5368/98/89 5351/103/94 5353/6208/5478 5367/6212/5480
f 5316/6213/5453 5357/2297/2149 5355/4776/4298 5317/6214/91
f 5315/99/90 5366/2298/2150 5357/2297/2149 5316/6177/5453
f 4522/5602/4972 4483/5564/4938 4482/5563/4937 4535/5614/4982 4519/5599/4969 4521/5601/4971
f 5356/101/92 5340/4789/4310 5339/4788/4309 5354/102/93
f 5354/102/93 5339/4788/4309 5337/6195/5468 5336/6194/5467
f 5320/6179/5455 5334/6192/5465 5338/6196/5469 5337/6195/5468
f 5353/6208/5478 5352/6207/5477 5348/6205/5475 5350/6206/5476
f 5352/6207/5477 5338/6196/5469 5334/6192/5465 5348/6205/5475
f 5336/6194/5467 5338/6196/5469 5352/6207/5477
f 5369/6215/5481 5370/6216/5482 5371/6217/5483 5372/6218/5484
f 5369/6215/5481 5373/6219/5485 5374/2542/2368 5370/6216/5482
f 3132/4667/4209 2737/4096/3742 2736/4095/3741 2738/4153/3781 2739/4152/3780 3454/4598/4154 3453/4597/4153
f 5378/6220/5486 5379/6221/5487 5380/6222/5488 5381/6223/5489
f 5373/6219/5485 5382/2543/2369 5374/2542/2368
f 205/4438/4023 533/1448/1375 570/1102/1057 245/406/391 206/853/815
f 5389/6224/5490 5390/6225/5491 5384/1392/1320 5388/1391/1319
f 5388/1391/1319 5391/6226/5492 5392/6227/5493 5389/6224/5490
f 5395/6228/5494 5378/6229/5486 5371/6217/5483 5393/6230/5495
f 5370/6216/5482 5396/6231/5496 5393/6230/5495 5371/6217/5483
f 5378/6229/5486 5381/6232/5489 5372/6218/5484 5371/6217/5483
f 5380/6222/5488 5397/6233/5497 5372/6234/5484 5381/6235/5489
f 5397/6233/5497 5398/6236/5498 5382/2543/2369 5373/6219/5485
f 5373/6219/5485 5369/6215/5481 5372/6234/5484 5397/6233/5497
f 5398/6236/5498 5399/6237/5499 5400/2544/2370 5382/2543/2369
f 5396/6231/5496 5370/6216/5482 5374/2542/2368 5401/2541/2367
f 5401/2541/2367 5402/2540/2366 5403/4894/4376 5396/6231/5496
f 5396/6231/5496 5403/4894/4376 5394/4893/4375 5393/6230/5495
f 5394/4893/4375 5404/4897/4379 5390/6238/5491 5389/6239/5490 5392/6240/5493 5395/6228/5494 5393/6230/5495
f 5405/6241/5500 5385/1393/1321 5384/1392/1320 5390/6225/5491
f 2137/2944/2761 2135/3450/3220 1135/3634/3366 1467/3626/3358 1464/2945/2762
f 5391/6226/5492 5388/1391/1319 5387/1390/1318 5409/733/696
f 5391/6226/5492 5409/733/696 5375/732/695 5410/6242/5501
f 5410/6242/5501 5395/6243/5494 5392/6227/5493 5391/6226/5492
f 5379/6221/5487 5378/6220/5486 5395/6243/5494 5410/6242/5501
f 5410/6242/5501 5377/731/694 5379/6221/5487
f 5377/731/694 5411/6244/5502 5380/6222/5488 5379/6221/5487
f 5411/6244/5502 5398/6236/5498 5397/6233/5497 5380/6222/5488
f 5399/6237/5499 5398/6236/5498 5411/6244/5502 5412/6245/5503
f 5412/6245/5503 5413/6246/5504 5414/6247/5505 5399/6237/5499
f 5415/2545/2371 5400/2544/2370 5399/6237/5499 5414/6247/5505
f 4379/1110/1065 4380/5454/4844 4381/5469/4857 4378/6248/4840 4368/6249/1066
f 5416/4895/4377 5403/4894/4376 5402/2540/2366 5417/1937/1821
f 5416/4895/4377 5417/1937/1821 5418/1942/1826 5419/4896/4378
f 5404/4897/4379 5419/4896/4378 5420/6250/5506 5421/6251/5507
f 5405/6252/5500 5390/6238/5491 5404/4897/4379 5421/6251/5507
f 5420/6250/5506 5419/4896/4378 5418/1942/1826 5422/1941/1825
f 4584/5299/4730 4586/5659/5016 4589/5663/5019 4591/6253/5508 4590/5664/5020 4592/5292/4723
f 5425/1938/1822 5426/6254/5509 5427/6255/5510 5423/1939/1823
f 5415/2545/2371 5414/6247/5505 5426/6254/5509 5425/1938/1822
f 5426/6254/5509 5428/6256/5511 5429/6257/5512 5427/6255/5510
f 5414/6247/5505 5413/6246/5504 5428/6256/5511 5426/6254/5509
f 5376/730/693 5408/729/692 5413/6246/5504 5412/6245/5503
f 5376/730/693 5412/6245/5503 5411/6244/5502 5377/731/694
f 5428/6256/5511 5413/6246/5504 5408/729/692 5407/3333/3114
f 5406/3334/3115 5429/6257/5512 5428/6256/5511 5407/3333/3114
f 5375/732/695 5377/731/694 5410/6242/5501
f 5430/6258/5513 5431/6259/5514 5432/5648/5006
f 5433/6260/5515 5434/6261/5516 5435/6262/5517 5436/6263/5518
f 5437/6264/5519 5438/3158/2958 5439/3157/2957 5434/6265/5516
f 2984/4265/3882 2987/4273/3888 2980/4261/3878 2978/4260/3877 2977/4259/3876 2981/4262/3879
f 209/4497/4073 223/6006/5302 220/363/348 213/353/338
f 5443/1048/1003 5444/6266/5520 5445/6267/5521 5446/1049/1004
f 5447/6268/5522 5448/6269/5523 5446/1049/1004 5445/6267/5521
f 5445/6267/5521 5449/6270/5524 5450/6271/5525 5447/6268/5522
f 5448/6269/5523 5451/3153/2953 5452/1050/1005 5446/1049/1004
f 5441/5711/2956 5453/5710/5061 5454/6272/5526 5439/6273/2957
f 5453/5710/5061 5455/5650/5008 5456/5649/5007 5454/6272/5526
f 5454/6272/5526 5456/5649/5007 5436/6263/5518 5435/6262/5517
f 5435/6262/5517 5434/6261/5516 5439/6273/2957 5454/6272/5526
f 4639/5707/5058 4623/5688/5042 4622/5687/5041 4598/5671/5027 4624/5703/5054 4635/5702/5053
f 5436/6263/5518 5456/5649/5007 5432/5648/5006
f 5431/6259/5514 5458/6274/5527 5433/6275/5515 5436/6263/5518
f 5433/6275/5515 5458/6274/5527 5459/6276/5528 5460/6277/5529
f 5437/6264/5519 5434/6265/5516 5433/6278/5515 5460/6279/5529
f 5461/6280/5530 5462/6281/5531 5459/6276/5528 5458/6274/5527
f 5461/6280/5530 5463/6282/5532 5464/6283/5533 5462/6281/5531
f 5430/6258/5513 5465/6284/5534 5463/6282/5532 5461/6280/5530
f 5466/6285/5535 5463/6282/5532 5465/6284/5534 5467/6286/5536
f 5457/5647/5005 5468/5646/5004 5467/6286/5536 5465/6284/5534
f 5468/5646/5004 5469/6287/5537 5470/6288/5538 5467/6286/5536
f 5469/6287/5537 5468/5646/5004 5471/5645/5003 5472/6289/5539
f 5472/6289/5539 5473/6290/5540 5474/6291/5541 5469/6287/5537
f 4139/5253/4689 4206/5762/5102 4205/5252/4688 4138/5251/4687
f 1432/4116/2241 2805/4115/3754 3205/2986/2803 1845/2987/2804 1843/1210/1155 1431/2400/2238
f 5478/5714/5063 5471/5645/5003 5455/5650/5008 5453/5710/5061
f 5457/5647/5005 5465/6284/5534 5430/6258/5513 5432/5648/5006
f 5477/5713/5062 5472/6289/5539 5471/5645/5003 5478/5714/5063
f 5477/5713/5062 5479/6292/5542 5473/6290/5540 5472/6289/5539
f 5475/6293/2954 5479/6292/5542 5477/5713/5062 5476/5712/2955
f 5480/6294/5543 5470/6288/5538 5469/6287/5537 5474/6291/5541
f 5470/6288/5538 5480/6294/5543 5450/6271/5525 5449/6270/5524
f 5449/6270/5524 5466/6285/5535 5467/6286/5536 5470/6288/5538
f 5444/6266/5520 5464/6283/5533 5463/6282/5532 5466/6285/5535
f 5442/1052/1007 5481/6295/5544 5462/6281/5531 5464/6283/5533
f 5459/6276/5528 5462/6281/5531 5481/6295/5544 5460/6277/5529
f 5481/6295/5544 5442/1052/1007 5440/1051/1006 5438/3158/2958
f 5438/3158/2958 5437/6264/5519 5460/6277/5529 5481/6295/5544
f 5444/6266/5520 5443/1048/1003 5442/1052/1007 5464/6283/5533
f 5449/6270/5524 5445/6267/5521 5444/6266/5520 5466/6285/5535
f 5458/6274/5527 5431/6259/5514 5430/6258/5513 5461/6280/5530
f 5436/6263/5518 5432/5648/5006 5431/6259/5514
f 2915/1426/1354 2760/4072/3723 2823/4132/3765 2911/1427/1355
f 5483/999/954 5482/2801/2619 695/2800/2618 696/2799/2617
f 688/3668/1462 693/6296/1247 453/1199/887 474/1045/1000 689/3669/3397
f 501/978/933 440/918/877 445/923/882 446/6297/1216 502/979/934
f 5486/1243/1185 5485/772/735 510/3139/2939 651/1444/1371
f 5487/1244/1186 5486/1243/1185 651/1444/1371 652/1247/1189
f 5488/1246/1188 5487/1244/1186 652/1247/1189 653/1250/1192
f 482/955/913 5489/1251/1193 5488/1246/1188 653/1250/1192
f 5490/1454/1381 5489/1251/1193 482/955/913 481/954/912
f 160/229/217 159/228/216 5491/876/838
f 5492/878/840 5491/876/838 159/228/216 158/227/215
f 5493/1660/1574 5492/878/840 158/227/215 341/582/557
f 341/582/557 340/2043/1917 5494/580/555 5493/1660/1574
f 340/2043/1917 185/283/268 5495/291/276 5494/580/555
f 1650/2676/2491 1648/2671/2481 1649/2670/2488 1651/2677/2492
f 5500/1252/1194 5499/1453/1380 500/6298/932
f 5501/1245/1187 5500/1252/1194 500/6298/932 499/6299/2699
f 650/3055/2698 5502/1241/1183 5501/1245/1187 499/6299/2699
f 642/3054/1164 640/2561/1158 5505/774/737 5504/773/736
f 3220/4590/4149 3226/4589/4148 3223/4472/4052 3222/4469/4049 1884/3052/2861 1885/3053/2862 1886/3056/2863 1889/3369/3146 1883/3373/3150 1881/3372/3149 1882/4468/4048 3221/4591/4150
f 2133/3453/3223 2134/3452/3222 2131/3418/3191 1135/3634/3366 2135/3450/3220 2136/3449/3219
f 3570/3535/3287 3567/3534/3286 3566/4697/4236 3656/5305/1941 3657/6300/1940 3658/6301/4314 3648/3795/3498 3569/3794/3497
f 3465/2440/2271 3467/4622/4176 3468/4621/4175 3469/4620/4174 3470/4619/4173 2516/2441/2272
f 714/1056/1011 725/1055/1010 727/1476/1399 726/1202/1147 731/1201/1146 733/1209/1154 757/1208/1153 758/1145/1097
f 139/207/195 138/206/194 331/542/519 179/300/285 142/210/198
f 5517/877/839 5516/879/841 339/3689/545
f 160/229/217 5517/877/839 337/6302/544
f 5490/1454/1381 481/954/912 483/956/914
f 483/956/914 497/6303/930 5499/1453/1380
f 5517/877/839 339/3689/545 337/6302/544
f 500/6298/932 5499/1453/1380 497/6303/930
f 498/976/931 497/975/930 5518/1226/1171
f 483/956/914 5518/1229/1171 497/6303/930
f 1589/2599/2418 1537/2548/2373 1592/2609/2429 1593/2603/2423 1586/2602/2415 1585/6304/2414
f 45/66/59 46/70/61 3/63/57 1/12/12 2/11/11 12/14/14
f 5522/32/32 5524/31/31 5523/6305/5545
f 9/64/58 6/8/8 5/7/7 7/6306/17 8/9/9 1/12/12
f 5526/6307/5546 5519/4728/4258 5520/4727/4257 5528/6308/5547
f 5528/6308/5547 5520/4727/4257 5530/4726/4256 5529/6309/5548
f 5531/23/23 5526/6307/5546 5528/6308/5547 5532/38/38
f 5531/23/23 5533/26/26 5525/6310/5549 5526/6307/5546
f 18/788/751 42/55/54 41/54/53 16/21/21 17/20/20
f 5537/6311/5550 5538/6312/5551 5534/4735/4264 5535/4737/4266
f 5539/39/39 5532/38/38 5528/6308/5547 5529/6309/5548
f 5529/6309/5548 5541/6313/5552 5540/6314/5553 5539/39/39
f 5525/6315/5549 5523/6305/5545 5524/31/31 5527/6316/5554 5519/4728/4258 5526/6307/5546
f 5546/6317/5555 5547/6318/5556 5540/6314/5553 5541/6313/5552
f 394/902/862 399/734/697 398/2532/2358 395/903/863
f 3011/4299/2482 3012/3425/3197 3010/3424/3196 3007/4296/2483
f 5549/41/41 5550/40/40 5554/6319/5557 5553/6320/5558
f 5553/6320/5558 5554/6319/5557 5556/6321/5559 5555/6322/5560
f 5554/6319/5557 5540/6314/5553 5547/6318/5556 5556/6321/5559
f 5543/6323/33 5558/6324/5561 5557/6325/5562 5542/6326/34
f 5522/6327/32 5523/6328/5545 5560/72/63 5559/4736/4265
f 5558/6329/5561 5543/6330/33 5522/6327/32 5559/4736/4265
f 5538/6312/5551 5558/6329/5561 5559/4736/4265 5534/4735/4264
f 5561/6331/5563 5562/6332/5564 5538/6333/5551 5537/6334/5550
f 5521/4723/4253 5519/4728/4258 5527/6316/5554
f 177/539/516 178/3653/1876 175/6335/2328 383/716/675 393/715/679 176/2386/2229
f 5541/6336/5552 5529/6309/5548 5530/4726/4256 5563/4725/4255
f 5562/6332/5564 5561/6331/5563 5555/6322/5560 5556/6321/5559
f 5556/6321/5559 5547/6318/5556 5557/6325/5562 5562/6332/5564
f 5547/6318/5556 5546/6317/5555 5542/6326/34 5557/6325/5562
f 5546/6337/5555 5564/4724/4254 5545/35/35 5542/34/34
f 5545/35/35 5564/4724/4254 5521/4723/4253 5544/30/30
f 5527/6316/5554 5524/31/31 5544/30/30 5521/4723/4253
f 5533/26/26 5560/72/63 5523/6328/5545 5525/6310/5549
f 5541/6336/5552 5563/4725/4255 5564/4724/4254 5546/6337/5555
f 5558/6324/5561 5538/6333/5551 5562/6332/5564 5557/6325/5562
f 5540/6314/5553 5554/6319/5557 5550/40/40 5539/39/39
