# Blender 4.2.1 LTS
# www.blender.org
mtllib goldskull2.mtl
o Cube
v 1.000000 1.000000 -1.000000
v 1.000000 -1.000000 -1.000000
v 1.000000 1.000000 1.000000
v 1.000000 -1.000000 1.000000
v -1.000000 1.000000 -1.000000
v -1.000000 -1.000000 -1.000000
v -1.000000 1.000000 1.000000
v -1.000000 -1.000000 1.000000
vn -0.0000 1.0000 -0.0000
vn -0.0000 -0.0000 1.0000
vn -1.0000 -0.0000 -0.0000
vn -0.0000 -1.0000 -0.0000
vn 1.0000 -0.0000 -0.0000
vn -0.0000 -0.0000 -1.0000
vt 0.625000 0.500000
vt 0.875000 0.500000
vt 0.875000 0.750000
vt 0.625000 0.750000
vt 0.375000 0.750000
vt 0.625000 1.000000
vt 0.375000 1.000000
vt 0.375000 0.000000
vt 0.625000 0.000000
vt 0.625000 0.250000
vt 0.375000 0.250000
vt 0.125000 0.500000
vt 0.375000 0.500000
vt 0.125000 0.750000
s 0
usemtl Material
f 1/1/1 5/2/1 7/3/1 3/4/1
f 4/5/2 3/4/2 7/6/2 8/7/2
f 8/8/3 7/9/3 5/10/3 6/11/3
f 6/12/4 2/13/4 4/5/4 8/14/4
f 2/13/5 1/1/5 3/4/5 4/5/5
f 6/11/6 5/10/6 1/1/6 2/13/6
o human_skull_1111
v 28.040598 -0.812750 9.854400
v 28.346350 -0.981747 10.186659
v 27.608425 -0.927630 10.464315
v 26.334227 -0.956561 10.300694
v 26.508457 -0.729037 9.870143
v 26.746521 -0.944661 10.078043
v 27.214710 -0.539559 9.588541
v 28.227375 -0.566472 9.622181
v 27.285854 -0.738276 9.828269
v 28.771572 -0.800555 10.131111
v 28.732164 -1.119375 10.791364
v 28.340149 -1.142545 10.560158
v 28.247478 -0.036197 9.743883
v 28.871922 -0.220772 10.339973
v 27.145203 -0.118059 9.648861
v 25.850800 0.296619 11.039192
v 25.773180 1.424448 11.593794
v 26.026161 1.628195 11.087231
v 25.941006 1.218842 12.177842
v 26.097637 -0.009418 11.747009
v 28.965136 -0.637443 11.066586
v 28.383938 -0.922389 11.527191
v 28.225138 -1.223161 11.205529
v 27.240168 -1.338015 11.290270
v 26.679668 -1.211544 10.937141
v 27.097408 -1.104414 10.654550
v 27.385893 -1.227304 10.917028
v 27.723877 -1.254357 11.360814
v 27.677740 -1.035642 11.741949
v 28.142612 1.647894 11.352463
v 28.288544 1.437120 11.934916
v 28.626637 0.473967 11.585145
v 27.658352 1.813078 10.853806
v 26.785946 1.800694 10.739800
v 27.881432 1.245550 12.382530
v 28.145670 0.169870 12.029167
v 27.219479 1.127127 12.575064
v 27.442926 -0.014669 12.216875
v 26.988670 -1.106706 11.707290
v 26.386242 -0.960362 11.300926
v 25.991497 -0.605723 10.520761
v 26.257803 -0.316716 9.993372
v 26.435787 1.107656 12.503176
v 26.661961 -0.088185 12.147622
v 28.043259 -1.145132 10.802410
v 27.723289 -1.140121 10.943418
v 20.476068 -7.406283 24.703875
v 20.530809 -7.665744 24.956030
v 20.389601 -7.596579 25.005787
v 20.313070 -7.496081 25.164032
v 20.262249 -7.122182 24.898348
v 20.401415 -7.032554 24.737120
v 20.646973 -7.378821 24.690296
v 20.708054 -7.501114 24.820999
v 20.298161 -5.083760 26.392702
v 20.536198 -4.976481 26.450405
v 20.426216 -4.726784 26.325775
v 20.170376 -4.989380 26.271082
v 20.336506 -7.316239 25.525385
v 20.385117 -7.748867 25.273788
v 20.413458 -7.671599 25.530226
v 21.969440 -6.391471 25.507528
v 21.936409 -6.495769 25.826365
v 21.817644 -7.291063 25.528187
v 21.524364 -7.398168 25.217796
v 21.591858 -7.009826 25.024591
v 21.431114 -6.695349 24.960304
v 21.782377 -6.278079 25.336559
v 21.586952 -7.296928 25.857824
v 21.546051 -7.645024 25.716764
v 21.702171 -7.607205 25.485567
v 21.590046 -6.539309 26.121532
v 21.112688 -6.554110 26.222813
v 21.155937 -7.324383 25.919533
v 21.153465 -7.667379 25.782209
v 20.660839 -6.587399 26.173040
v 20.749847 -7.337220 25.895538
v 20.793690 -7.686926 25.807222
v 20.509071 -7.330638 25.792709
v 20.554625 -7.678370 25.751369
v 20.373367 -6.603312 26.043346
v 20.092176 -5.726360 26.087435
v 20.258694 -5.767077 26.277281
v 20.034857 -5.623392 25.797249
v 20.718220 -6.933040 24.707125
v 20.942947 -7.266259 24.768774
v 21.257095 -7.135665 24.904829
v 21.121317 -7.537541 25.068216
v 21.321194 -7.430263 25.186684
v 21.839260 -5.553478 25.718655
v 22.000921 -5.625851 25.856377
v 21.955820 -5.699689 26.117247
v 21.598070 -5.727701 26.346512
v 21.084480 -5.733868 26.431887
v 20.587984 -5.758680 26.388533
v 20.191166 -4.986673 25.960180
v 20.136395 -5.542910 25.674288
v 20.490343 -6.201992 25.139620
v 20.877413 -6.157964 25.146786
v 21.505915 -5.481339 25.642048
v 21.809269 -4.774692 26.085146
v 21.529612 -4.682783 26.082499
v 21.970318 -4.896246 26.124382
v 21.888891 -4.932268 26.336279
v 21.528526 -4.839946 26.463612
v 20.997755 -4.787174 26.489243
v 20.945612 -4.542109 26.375683
v 21.533859 -4.579342 26.379690
v 20.958963 -4.643235 26.081041
v 21.814714 -4.701423 26.359686
v 20.477167 -4.767371 26.026937
v 20.476786 -7.801131 25.131947
v 21.417259 -7.589420 25.311182
v 32.970200 11.177896 4.756026
v 33.225430 11.367407 4.688222
v 33.186661 10.954384 3.358661
v 32.905399 10.737875 3.420285
v 32.390347 9.561401 4.030249
v 32.539139 10.984785 5.884766
v 33.203609 12.297022 5.588504
v 32.689045 11.006777 1.746012
v 32.088600 9.830027 1.697366
v 33.019791 11.214006 1.652231
v 32.404202 0.551321 10.028282
v 31.603682 0.911613 8.912280
v 31.267542 -0.702705 10.360750
v 32.241810 -0.755809 10.927893
v 32.492325 2.087479 9.529722
v 31.755562 2.453583 8.380317
v 33.707268 -1.230243 10.996172
v 33.607918 0.307817 9.839452
v 33.580406 1.762436 9.234723
v 35.452248 -4.424955 0.382253
v 35.438660 -5.130264 1.516305
v 35.335625 -5.722305 1.162702
v 35.185497 -4.846407 -0.299399
v 31.875967 10.745483 0.726903
v 31.382740 10.004545 0.247771
v 31.578232 8.778330 1.030012
v 31.686838 11.620487 0.045106
v 31.148832 11.109312 -0.357501
v 31.658352 7.086748 2.472955
v 31.867105 7.765249 3.082880
v 31.998817 8.142136 3.544263
v 33.629326 13.748167 8.238837
v 33.326424 13.509619 9.520581
v 33.201927 12.816858 9.609100
v 33.071438 14.233780 8.174506
v 32.858864 13.645113 9.598902
v 32.689133 12.837860 9.729982
v 31.406296 2.832411 6.701715
v 31.580137 5.404682 5.348921
v 31.311876 2.812496 4.492447
v 32.301895 15.559223 -3.504420
v 31.683128 15.409996 -2.902722
v 32.388149 14.780787 -2.357100
v 32.995502 14.845596 -3.018209
v 33.119881 14.490892 -3.749702
v 32.360794 15.214046 -4.262466
v 31.184711 15.092693 -3.902361
v 32.624695 13.600454 9.444633
v 32.503975 12.849958 9.535225
v 32.478928 13.476055 9.079827
v 32.404984 12.821672 8.940000
v 32.570553 13.665598 8.109426
v 32.787563 14.132071 8.170208
v 33.754250 11.719273 8.118107
v 33.652405 10.433372 8.155489
v 33.882759 10.302299 6.712193
v 33.951267 11.324049 6.297504
v 33.689480 12.078600 5.752972
v 33.713867 12.910934 6.630914
v 32.944099 13.182440 6.595814
v 33.207569 13.286299 6.459012
v 32.625999 3.059946 -1.497714
v 31.654612 2.495119 -0.334393
v 31.523838 5.846800 -0.578624
v 32.422413 6.192488 -1.725332
v 31.425510 6.161638 1.235147
v 32.104782 8.389616 6.794934
v 33.810165 12.404184 8.296357
v 33.929825 10.286980 -0.751899
v 33.846664 11.078503 -0.083481
v 33.937759 10.459225 1.011173
v 33.853882 11.231884 -1.482050
v 33.726997 11.831491 -0.847322
v 33.960251 10.231680 3.373764
v 32.337475 11.583521 9.159811
v 32.248554 9.951437 8.520481
v 32.490479 11.539070 9.434754
v 32.392929 9.660198 8.934909
v 31.943539 13.908890 -1.378780
v 32.108746 13.377682 -0.978744
v 32.378502 13.507593 -1.145502
v 31.875118 14.434338 -1.852051
v 31.473764 13.222059 -0.944075
v 31.550411 14.039078 -1.466020
v 34.131401 -0.366002 8.663758
v 34.114277 0.762264 7.125943
v 34.035477 1.273912 8.145059
v 30.961117 0.836107 6.157332
v 31.144550 1.160578 7.503193
v 25.187382 -11.208253 24.252024
v 23.725357 -11.409561 24.651442
v 24.109226 -13.977717 24.792660
v 25.652233 -13.775284 24.433846
v 26.713507 -10.978979 23.502489
v 27.922968 -10.690365 22.719336
v 28.732616 -10.368843 22.118729
v 28.391724 -8.452650 23.165659
v 29.455214 -7.837188 22.335028
v 30.466087 -7.100420 21.349411
v 30.572357 -8.678974 20.703077
v 31.603622 -7.762786 19.605196
v 31.407949 -6.306935 20.048981
v 32.942097 -6.490730 17.517227
v 32.366138 -5.302528 17.898804
v 32.098335 -9.273758 18.858334
v 33.451710 -7.736614 16.877012
v 31.142538 -10.093049 19.892616
v 32.557777 -10.264574 18.267622
v 33.744682 -8.727699 16.161337
v 30.570032 -11.159615 20.531006
v 32.840149 -10.953104 17.834936
v 33.022865 -11.565884 17.453096
v 33.975227 -10.199619 15.138446
v 31.852535 -11.686920 19.333447
v 30.716061 -12.074525 20.597935
v 30.994276 -12.973963 20.492548
v 32.093529 -12.386913 19.062820
v 29.454838 -12.325807 21.740124
v 29.763889 -13.396709 21.787777
v 31.176533 -13.923801 20.186722
v 32.249908 -13.251209 18.625555
v 33.113720 -12.337481 16.953278
v 29.922411 -14.348413 21.606001
v 28.837051 -13.525738 22.599192
v 27.410156 -13.627351 23.610071
v 27.465576 -14.718274 23.446814
v 28.964754 -14.534695 22.449615
v 29.849607 -14.964050 21.260235
v 31.091309 -14.501611 19.802208
v 27.408405 -15.425354 23.045322
v 28.905205 -15.198943 22.099911
v 25.659893 -14.892370 24.192707
v 25.604189 -15.595589 23.712376
v 25.300449 -15.865270 22.477129
v 26.905369 -15.607799 21.888399
v 24.847862 -14.460958 21.323843
v 24.633574 -13.142646 21.141443
v 23.332342 -13.365294 21.468555
v 23.173382 -12.008345 21.682549
v 24.516186 -11.814612 21.335430
v 22.997288 -8.826796 22.953117
v 24.353647 -8.623800 22.583178
v 23.014629 -7.474051 23.788513
v 24.298239 -7.261126 23.439392
v 23.119968 -6.860665 24.691170
v 24.447449 -6.652319 24.341963
v 24.765924 -6.769648 25.093449
v 23.426819 -7.868999 25.773243
v 25.043579 -7.625906 25.384949
v 26.222725 -6.501291 24.536232
v 26.553885 -7.318727 24.882273
v 27.659380 -6.978305 24.276474
v 27.273958 -6.199802 23.832920
v 28.371441 -6.684264 23.712627
v 27.920210 -5.955249 23.203983
v 29.324020 -6.179633 22.690418
v 28.743328 -5.596829 22.143909
v 30.180344 -5.609794 21.509367
v 29.464539 -5.187860 21.014820
v 30.935873 -4.996705 20.117603
v 30.084686 -4.713869 19.756512
v 31.635666 -4.231469 18.024588
v 32.755016 -4.319004 15.584337
v 31.766418 -3.522848 15.714983
v 33.732639 -5.140845 15.291662
v 33.929256 -3.973603 13.732635
v 32.825771 -3.478192 13.979496
v 34.229584 -6.090124 14.649089
v 34.611179 -9.739994 12.265203
v 34.009819 -11.019678 14.656404
v 33.817459 -11.626604 14.245897
v 34.444393 -10.393861 11.905426
v 32.956520 -12.900456 16.505383
v 32.136375 -13.810934 18.191896
v 31.116058 -13.909836 17.572443
v 31.901276 -13.118134 15.946946
v 30.142302 -14.535569 19.068504
v 29.024807 -15.014436 20.369947
v 28.203400 -15.297352 21.088999
v 27.246206 -13.709162 20.213078
v 27.927170 -13.443118 19.706150
v 26.199940 -14.064837 20.797194
v 26.840115 -12.519906 20.096949
v 25.891083 -12.819112 20.624594
v 25.718742 -11.605040 20.819519
v 26.606802 -11.386360 20.282804
v 27.465618 -12.285415 19.645573
v 27.196526 -11.184361 19.814775
v 26.340509 -8.157173 21.455788
v 26.913639 -7.945029 20.937618
v 27.012836 -9.622643 20.290268
v 25.493376 -8.400591 22.044014
v 26.441010 -6.754532 22.229107
v 27.032730 -6.558530 21.694452
v 25.516079 -6.998188 22.866207
v 26.795494 -6.163674 23.008547
v 27.441822 -5.981915 22.417553
v 25.769058 -6.395915 23.721884
v 28.206373 -5.672479 21.465633
v 28.832218 -5.317985 20.462666
v 29.305367 -4.900801 19.333920
v 31.711887 -2.902709 13.923405
v 31.695160 -2.443133 12.850071
v 30.890583 -2.157510 12.437024
v 32.768047 -2.872515 13.070731
v 30.148081 -2.273881 11.972133
v 30.592415 -0.981533 9.840235
v 30.156092 -1.405558 9.127767
v 31.617296 0.210257 1.227605
v 31.365105 -0.289156 3.199402
v 31.972893 -2.278697 1.065975
v 31.386784 6.678617 0.110286
v 31.368254 9.285851 -1.621868
v 32.168831 9.261284 -2.435208
v 32.035721 10.299452 -2.818852
v 31.179779 10.519207 -1.702010
v 31.280819 9.006689 -0.988504
v 31.246796 9.492376 -0.555902
v 30.953081 11.938915 -0.764005
v 30.783396 12.974665 -1.199374
v 30.683380 12.570084 -2.459110
v 31.572247 12.320398 -0.422378
v 31.011059 14.577358 -2.097692
v 31.066994 14.212179 -4.001252
v 31.622395 12.234903 -3.765989
v 31.353474 13.408262 -4.509051
v 33.802021 12.031399 -2.074195
v 33.701488 13.051455 -2.788788
v 33.486671 13.409092 -2.106814
v 32.903408 13.605938 -1.543229
v 33.615562 12.497442 -1.433601
v 33.102577 12.876431 -0.892228
v 33.258053 12.324421 -0.313206
v 32.563843 12.884829 -0.555643
v 32.703270 12.389187 -0.010988
v 32.863392 11.765484 0.718824
v 33.418587 11.672308 0.436951
v 33.557243 11.111923 1.417152
v 32.516605 11.562540 0.819762
v 32.359821 12.198395 0.095044
v 32.243660 12.726316 -0.430484
v 33.668304 10.853392 3.300871
v 33.691788 11.246857 4.785357
v 33.956612 10.658167 5.207552
v 33.985229 6.046719 4.249627
v 33.931473 6.546156 7.289470
v 33.666451 7.775179 8.262650
v 33.670296 6.641294 8.356846
v 33.653908 5.521479 8.486712
v 33.638023 8.909464 8.212560
v 32.792519 5.648945 9.070341
v 32.842312 6.699110 8.983936
v 32.875267 7.769999 8.937958
v 32.952785 9.485729 9.036433
v 32.358196 7.949831 8.684116
v 33.010834 11.532631 9.414049
v 33.100315 12.225317 9.539372
v 32.580772 12.235447 9.620237
v 32.157852 6.819872 8.200455
v 31.938189 6.915600 6.960350
v 32.152832 8.025423 7.845040
v 32.197968 9.048382 7.811260
v 32.247272 10.073301 7.217571
v 32.676704 4.135916 9.200712
v 31.985573 4.456528 8.195525
v 33.606037 3.893116 8.740412
v 34.166485 2.840384 4.607141
v 34.007309 3.301960 6.716772
v 34.455177 -0.728847 -1.139993
v 33.418247 -1.169939 -1.671705
v 34.835258 -2.806617 -0.964836
v 35.451759 -3.592691 0.141075
v 35.032234 -3.951155 -0.719842
v 34.010998 -4.428501 -1.354339
v 33.809341 -3.268332 -1.598609
v 34.257179 -5.439830 -0.790200
v 32.847641 -4.712187 -0.443944
v 32.621567 -3.693920 -0.502697
v 33.179245 -5.368782 -0.464921
v 32.339554 -1.773844 -0.478538
v 32.628731 -5.033209 0.917636
v 32.304977 -4.081855 0.952106
v 33.091629 -5.740630 0.852361
v 34.360443 -6.270195 0.763489
v 31.996830 -5.010826 4.261030
v 32.537849 -5.983203 4.102365
v 32.119892 -6.867049 6.687092
v 33.134899 -6.729386 3.964905
v 32.803177 -7.688446 6.390840
v 30.230518 -2.770292 8.172244
v 30.759939 -4.386633 7.492884
v 28.920782 -6.102314 16.203651
v 28.639519 -6.740114 17.887053
v 28.722004 -5.481198 18.756214
v 28.336708 -5.881080 19.834808
v 27.760807 -6.234659 20.798058
v 27.655956 -7.585851 20.026360
v 28.254246 -7.182783 19.017553
v 27.762732 -9.227333 19.371475
v 28.385048 -8.745842 18.338474
v 28.851871 -8.193504 17.162157
v 29.292183 -7.400445 15.392565
v 29.885962 -8.833383 14.688747
v 30.457590 -9.921158 14.233205
v 29.249422 -9.710167 16.590809
v 31.178030 -10.936399 13.877056
v 30.393166 -11.850996 16.014410
v 30.376612 -7.885365 12.556223
v 31.021196 -8.962679 12.030828
v 31.774637 -9.956507 11.611822
v 34.366962 -7.186008 3.930971
v 34.190819 -8.289820 6.261759
v 35.243961 -6.641969 4.228544
v 33.377769 -10.887225 11.405983
v 32.739124 -11.996809 13.722798
v 29.698307 -12.479928 17.482788
v 28.873520 -13.007627 18.711613
v 29.080297 -11.382990 17.628508
v 28.329357 -11.875702 18.749973
v 27.992805 -10.781403 18.925182
v 28.677670 -10.293604 17.858080
v 33.915318 -3.122600 12.749838
v 27.195663 -12.599458 23.496494
v 32.416824 12.269178 9.387646
v 32.361073 12.357342 8.856390
v 31.441349 -3.411148 4.510200
v 2.096006 6.777483 11.662947
v 2.898832 6.255915 11.996902
v 2.726740 5.333530 10.666348
v 1.711119 6.291842 10.398812
v 1.383415 6.421558 10.473421
v 1.795519 6.887789 11.719461
v 1.943230 7.841566 12.581819
v 1.942104 5.533331 8.441492
v 1.127548 6.508406 8.806690
v 0.745895 6.614100 8.872280
v 6.925599 -1.558414 15.239243
v 7.618330 -2.984619 15.555978
v 7.751719 -2.490396 14.234295
v 6.988100 -1.077561 13.914277
v 5.944149 -2.177843 15.409168
v 6.559258 -3.550128 15.875956
v 8.759735 -4.602146 16.555815
v 7.587049 -5.344329 17.176319
v 2.274136 -9.142326 7.849633
v 2.240740 -9.486179 7.192820
v 3.084562 -10.318958 8.377645
v 3.015104 -9.751501 8.769835
v 2.386539 4.617380 7.560537
v 1.730734 6.347401 6.552635
v 1.300303 6.838451 7.204986
v 3.263524 3.688459 9.481838
v 3.370573 3.054972 8.801263
v 3.241621 4.043453 9.977587
v 2.272913 9.252113 15.182589
v 3.486908 8.581659 16.256699
v 3.157284 9.209696 16.269773
v 2.623215 9.894081 14.986132
v 3.560023 9.469233 16.153397
v 3.977222 8.745632 16.153173
v 6.490000 -0.719151 12.274811
v 5.653971 -0.844451 10.232422
v 5.088654 1.628925 11.275377
v -1.943333 10.678349 4.156640
v -2.136362 10.203009 4.589776
v -1.305891 10.290079 4.960696
v -1.114658 10.735420 4.434528
v -2.098110 10.338375 3.540958
v -2.382931 9.812458 4.042407
v -1.170820 10.392685 3.314670
v 3.710815 9.479441 15.913008
v 4.053400 8.794977 15.899954
v 3.718056 9.376850 15.513973
v 3.898054 8.759001 15.317335
v 3.182358 9.476980 14.683912
v 2.895058 9.871576 14.857513
v 2.676250 7.289814 15.070620
v 1.849354 6.748652 13.479080
v 2.233732 5.961977 13.650681
v 3.122786 6.082073 14.985324
v 1.772303 8.358395 13.776617
v 1.648155 7.511839 12.920993
v 3.889129 6.761875 13.740051
v -0.894194 9.806572 2.965868
v 0.248999 9.406973 3.742224
v -0.803619 8.561363 3.019574
v -0.938915 9.156511 2.815933
v 2.353886 8.822504 13.439204
v 2.040213 8.844103 13.431516
v 2.993433 0.313610 6.045332
v 1.367887 1.112869 5.332233
v 3.931515 -0.608810 6.983272
v 4.442289 4.455122 12.987576
v 2.519794 7.944456 15.296381
v -0.118347 5.605305 8.629926
v -0.869709 6.515503 7.287512
v -0.940941 5.882715 6.821365
v -0.229546 4.417875 7.795088
v 0.647106 1.909256 8.263384
v 0.910263 5.521502 10.767434
v 1.998821 2.713589 11.195786
v 4.333385 6.570349 14.381319
v 4.611095 6.447088 14.996582
v 4.372234 7.531456 15.725137
v 4.620416 6.343769 15.315024
v 0.028648 9.462133 5.654871
v -0.280466 9.445217 5.724997
v -0.138834 8.781525 6.235418
v 0.498234 8.775066 6.001412
v -0.630693 9.564796 5.611939
v -0.477428 8.824732 6.204756
v -0.534451 10.051733 5.205969
v 4.866753 -3.406620 13.668309
v 5.793292 -4.406871 14.992620
v 5.224423 -2.832979 14.587185
v 2.260778 3.957476 6.351007
v 7.496289 -2.211644 12.785477
v 7.180132 -2.554175 11.473201
v 22.150055 -11.648654 24.757618
v 22.428328 -14.278806 25.005186
v 20.304142 -11.830822 24.579153
v 18.990505 -9.797741 25.239624
v 18.765644 -11.796276 24.311148
v 17.555080 -9.539309 24.964458
v 16.067753 -9.159683 24.531559
v 14.493658 -8.725873 23.787811
v 14.524454 -10.206927 23.372803
v 16.123690 -10.747330 23.885778
v 12.494158 -8.144167 22.293791
v 12.150387 -9.464010 22.115377
v 11.771716 -10.836749 21.672581
v 14.184771 -11.836793 22.811626
v 15.666119 -12.308200 23.304264
v 16.630379 -12.628355 23.568689
v 11.482371 -11.910256 21.089119
v 13.802887 -12.947552 22.410107
v 16.532166 -13.206245 23.528698
v 13.560301 -13.710588 22.095835
v 11.247135 -13.448357 20.173351
v 13.405391 -14.371519 21.790497
v 15.240055 -14.063923 22.998596
v 15.104346 -14.817362 22.813866
v 16.814045 -15.003290 23.620386
v 16.860203 -14.057620 23.653208
v 18.537069 -15.004480 24.257174
v 18.499971 -13.895381 24.146410
v 15.015994 -15.716597 22.431671
v 16.780792 -15.983784 23.362450
v 13.323071 -15.167517 21.329744
v 18.577772 -15.972197 24.106623
v 20.416721 -15.754889 24.580894
v 20.293385 -14.715279 24.731441
v 16.848240 -16.539875 22.945080
v 18.660723 -16.565342 23.727633
v 20.496038 -16.419760 24.189743
v 22.690695 -16.049173 24.290192
v 22.634567 -15.360717 24.766344
v 20.635914 -16.436163 22.953875
v 22.581762 -16.240387 23.015253
v 22.182804 -14.749011 21.835051
v 21.975143 -13.461592 21.636244
v 21.828415 -12.189301 21.829008
v 21.654091 -8.989979 23.060251
v 21.673147 -7.596268 23.900131
v 21.717859 -7.013014 24.830299
v 21.730730 -7.184334 25.698164
v 21.810329 -8.057159 26.049871
v 20.082752 -7.287410 25.610052
v 20.149067 -8.121399 26.086712
v 18.752434 -7.264457 25.234484
v 18.767776 -8.055667 25.842913
v 17.498482 -7.203631 24.635832
v 17.378162 -7.886070 25.341112
v 16.290260 -7.070723 23.933187
v 15.987963 -7.637520 24.657118
v 15.098233 -6.856758 23.073469
v 14.585548 -7.333410 23.741625
v 12.897145 -6.910487 22.172493
v 11.629147 -6.401185 20.174509
v 10.927703 -7.438470 20.420647
v 9.972390 -6.743073 19.050215
v 9.043036 -7.527979 19.259747
v 10.174996 -8.506910 20.514418
v 8.530772 -8.527916 18.761839
v 9.727735 -9.590834 20.083725
v 8.104527 -12.656179 16.364023
v 9.373014 -13.344811 17.870726
v 11.234180 -14.274602 19.703241
v 9.541509 -13.950590 17.435614
v 11.391588 -14.831385 19.216110
v 13.422609 -15.693607 20.826036
v 15.082248 -16.250626 21.957148
v 15.736597 -16.110046 20.967268
v 17.375322 -16.362612 21.884073
v 14.163963 -15.654976 19.867304
v 19.018867 -16.446917 22.575300
v 19.276745 -14.681509 21.611181
v 20.574394 -14.737452 21.812378
v 19.344126 -13.448488 21.432922
v 20.521732 -13.483344 21.602905
v 19.355366 -12.307148 21.539740
v 20.480047 -12.299778 21.756271
v 19.297586 -10.727749 21.986090
v 19.207644 -9.048875 22.631695
v 20.344973 -9.063799 22.924232
v 19.051579 -7.700957 23.451704
v 20.232643 -7.684548 23.759117
v 18.845959 -7.210184 24.318161
v 20.133444 -7.146941 24.664057
v 17.700644 -7.174395 23.787989
v 16.642130 -7.061989 23.154371
v 15.646973 -6.855141 22.347288
v 10.763432 -5.895845 18.569593
v 10.657950 -5.047805 16.928265
v 10.207507 -5.512582 17.620129
v 9.260835 -4.048301 15.494135
v 9.482171 -6.198582 18.242422
v 11.139826 -4.989091 16.191412
v 9.546641 -3.953687 14.603573
v 11.579943 -5.333705 15.485312
v 9.720786 -4.334110 13.688680
v 5.893253 -3.919588 8.897755
v 4.716980 -3.623771 7.245522
v 5.003419 -6.122581 7.099364
v 1.012722 2.369267 5.190758
v 2.243639 2.471251 5.734550
v 0.647299 3.594330 4.971769
v 1.723099 3.835133 5.377671
v 0.140478 5.224682 4.532663
v 1.632002 5.127707 5.581672
v 0.695402 8.295982 4.249554
v 1.027372 8.733622 5.457398
v 1.337822 7.717937 5.861277
v 0.841267 7.940397 6.452504
v 0.423191 9.909029 4.988956
v -0.315512 10.443665 4.667115
v -0.537750 7.631699 3.507393
v -1.579117 7.056875 6.021937
v -2.105509 8.036627 5.379943
v -2.443401 9.146141 4.591998
v -1.815516 8.377571 5.790701
v -2.168480 9.469057 5.100138
v -1.125771 8.755856 6.069499
v -1.357105 9.659559 5.412067
v -1.403299 7.506596 6.400530
v -0.832352 8.039780 6.699415
v -0.404446 7.188959 7.610365
v -0.225985 8.211386 6.779828
v 0.178789 7.430326 7.647938
v 0.208023 6.358753 8.877765
v 0.574200 7.339174 7.585758
v 0.146639 8.151617 6.749996
v 0.967831 6.192686 10.616352
v 1.566435 6.041685 12.453617
v 1.463184 6.653404 11.995275
v 2.881918 4.465996 13.950779
v 3.562491 0.833452 13.280427
v 3.553632 2.216486 14.085350
v 2.718235 0.299137 11.417986
v 4.201309 2.441164 14.949404
v 3.863301 3.527422 14.929965
v 4.568051 1.375956 14.993559
v 3.564972 4.623236 14.940256
v 5.167171 2.754648 15.175190
v 4.834136 3.773375 15.211088
v 5.526211 1.762756 15.170135
v 4.546167 4.803631 15.322552
v 4.202580 6.208466 15.598285
v 4.891941 5.062452 15.018428
v 5.198036 4.028927 14.780928
v 4.951155 4.157524 13.968657
v 3.913349 7.385448 15.923499
v 3.703549 8.035479 16.115774
v 4.185891 8.188404 15.972507
v 5.401976 3.006433 14.186060
v 5.048889 3.083145 12.975802
v 4.687295 5.245575 14.189571
v 4.885146 5.333954 14.784742
v 6.083940 0.345432 15.148206
v 6.178851 0.778046 13.968143
v 5.149179 -0.163071 15.105572
v 1.659899 -2.465874 8.575673
v 1.263432 -0.594405 8.489181
v 1.636536 -7.538338 6.462110
v 1.564554 -7.292131 7.452772
v 1.872677 -8.677292 6.698340
v 1.827738 -8.381941 7.561497
v 2.794073 -8.877762 5.629255
v 3.111940 -9.732466 6.176166
v 2.558140 -7.722478 5.392653
v 4.260588 -8.786619 5.951317
v 4.171272 -9.570603 6.096524
v 4.161200 -7.750296 5.864222
v 4.864442 -9.763771 7.167115
v 5.105371 -8.956036 7.074935
v 5.147608 -7.952518 7.027529
v 3.866280 -10.616148 7.585392
v 8.440221 -10.248045 11.950773
v 7.930824 -11.247761 11.922634
v 9.622440 -5.718247 12.766941
v 9.301048 -7.448975 12.273050
v 14.992117 -8.095454 19.275536
v 16.110216 -8.533846 20.647179
v 16.066696 -7.292900 21.544857
v 16.959402 -7.509823 22.341444
v 17.957165 -7.638217 22.956860
v 18.085363 -8.956224 22.132376
v 17.035759 -8.789135 21.487034
v 17.054461 -10.368444 20.832386
v 16.009552 -10.031815 19.991014
v 18.155869 -10.603186 21.484631
v 14.676121 -9.491880 18.617579
v 13.850513 -12.296640 17.902985
v 14.247749 -11.070492 18.142107
v 15.829256 -11.631153 19.548286
v 15.164872 -14.029661 19.375416
v 13.346222 -13.486427 17.820498
v 12.185757 -11.654895 16.202686
v 11.621179 -12.836666 16.079834
v 12.678152 -10.415843 16.472754
v 8.232544 -13.060548 14.095909
v 6.831553 -12.176283 12.281129
v 7.409801 -12.769931 14.951841
v 7.294575 -12.156425 15.307878
v 5.955070 -11.240928 13.402781
v 5.998713 -11.843109 13.060485
v 6.227809 -12.132769 12.696493
v 10.390660 -14.170925 16.508244
v 12.208152 -14.931525 18.269426
v 16.550148 -14.362135 20.380714
v 17.921940 -14.575410 21.124950
v 16.855923 -13.133281 20.321070
v 17.011654 -11.963720 20.427027
v 18.183569 -12.186129 21.084589
v 18.109077 -13.339245 20.999386
v 8.418591 -6.763160 18.418392
v 20.198380 -13.637714 24.589188
v 4.222075 8.250662 15.695143
v 4.024947 8.318672 15.195515
v 4.646403 -11.002953 11.073578
v 5.428370 -11.310846 10.403576
v 6.390491 -10.542038 9.943726
v 6.767649 -9.656988 9.862596
v 7.045105 -8.567934 9.839131
v 7.205630 -6.866245 9.927797
v 26.291996 -3.576279 25.541035
v 26.295397 -3.430119 25.511728
v 26.255816 -3.465671 25.758709
v 26.238400 -3.680781 25.647758
v 26.189186 -3.620232 25.423887
v 26.167725 -3.506700 25.347582
v 26.099949 -3.710587 25.474022
v 26.031618 -3.603966 25.374138
v 23.806051 -4.214770 26.266520
v 23.802670 -4.174015 26.488205
v 23.619427 -4.023891 26.419222
v 23.720730 -4.089746 26.178549
v 24.466465 -4.252574 26.147650
v 24.527807 -4.221964 26.371075
v 24.405533 -4.149282 26.020157
v 23.702309 -3.921679 26.592737
v 23.858076 -3.965481 26.625690
v 24.825020 -0.248548 26.070032
v 25.061661 -0.784637 26.172815
v 25.262598 -0.709215 25.965328
v 25.010178 -0.204228 25.870295
v 25.788324 -1.373928 25.720545
v 25.795883 -1.371334 25.312357
v 25.369995 -0.676679 25.373886
v 25.364265 -0.669300 25.736578
v 25.580521 -1.490097 24.902128
v 25.309332 -1.627661 24.694500
v 25.871801 -2.306673 24.937212
v 25.623257 -2.452223 24.777397
v 24.672680 -1.874083 24.668230
v 24.965361 -2.727236 24.861965
v 25.657522 -3.932759 25.750134
v 25.101933 -4.132794 25.959097
v 25.735270 -3.921654 25.974432
v 25.736761 -3.709902 26.123329
v 26.069815 -2.201317 25.690340
v 26.090176 -2.192282 25.303944
v 25.342726 -1.566854 26.219269
v 24.737003 -0.871120 26.347313
v 24.883001 -1.690098 26.423981
v 24.313450 -0.932828 26.455692
v 24.417295 -1.746222 26.558338
v 24.539539 -0.310071 26.230577
v 24.217125 -0.351223 26.334173
v 23.670801 -0.388759 26.276663
v 24.963715 -0.261979 25.079693
v 25.080183 -0.218374 25.269375
v 24.979784 -0.852129 24.828241
v 24.800421 -0.310308 24.930979
v 24.504803 -1.005448 24.753799
v 24.223221 -1.990005 24.823927
v 24.460165 -2.866706 25.049274
v 23.945827 -2.929540 25.272371
v 23.757496 -2.050921 25.085461
v 24.540733 -3.997670 26.516123
v 25.165518 -4.105453 26.184618
v 25.155567 -3.897471 26.334133
v 23.685131 -1.775202 26.565758
v 23.467150 -1.795041 26.445503
v 23.530661 -0.402161 26.186354
v 23.410593 -0.438960 25.955626
v 24.413651 -0.409877 24.860487
v 24.094103 -1.103998 24.880066
v 24.036819 -0.485707 24.968142
v 23.670185 -1.143596 25.151711
v 23.657166 -0.518327 25.207829
v 23.284872 -1.936590 25.618130
v 23.344437 -1.083021 25.637573
v 23.284004 -1.854213 26.091330
v 23.392797 -0.482521 25.625780
v 23.712629 -2.652846 26.653687
v 24.513342 -3.430525 26.591028
v 23.779823 -3.447018 26.666233
v 25.659819 -3.196691 26.204458
v 26.204363 -2.966939 25.735180
v 26.232239 -2.956656 25.416851
v 26.055714 -3.055306 25.149117
v 25.870054 -3.176942 25.083590
v 25.291735 -3.403423 25.261955
v 24.736841 -3.577744 25.480175
v 24.161877 -3.666162 25.685362
v 23.523333 -3.602624 25.981339
v 23.448189 -3.516943 26.307648
v 23.584967 -3.445410 26.583952
v 23.341370 -2.820936 25.730394
v 23.305571 -2.731062 26.179613
v 23.488186 -2.667754 26.541367
v 21.214432 -4.505175 26.887821
v 21.207577 -4.305874 27.072004
v 20.634695 -4.210599 26.858875
v 20.658684 -4.311622 26.714333
v 21.212734 -4.394577 26.543667
v 20.687824 -4.277248 26.575125
v 23.438551 -4.060839 26.427570
v 22.947395 -4.409223 26.673378
v 22.883705 -4.325072 26.354446
v 22.800793 -3.403440 26.980957
v 22.932856 -4.200338 26.867390
v 23.449541 -3.957705 26.649284
v 23.408741 -3.257516 26.608452
v 23.458714 -3.261045 26.369852
v 21.032974 -2.450553 27.098736
v 21.121414 -1.321098 26.973515
v 20.661476 -1.332423 26.553118
v 20.360861 -2.427944 26.665138
v 20.619247 -1.364383 26.311787
v 20.311972 -2.462897 26.367229
v 20.453463 -3.576982 26.540283
v 20.488174 -3.549136 26.779078
v 20.666813 -1.407379 26.024094
v 20.399675 -2.532330 26.034216
v 20.543076 -3.633506 26.286980
v 21.091858 -2.701471 25.446590
v 21.165743 -3.751108 25.985146
v 21.990690 -3.753111 25.917385
v 22.008327 -4.460506 26.501617
v 22.051617 -4.541237 26.838411
v 21.138287 -3.561482 27.144279
v 21.636488 -1.313028 27.040936
v 21.812872 -2.444107 27.140978
v 22.237368 -1.214583 26.884777
v 22.090279 -0.642991 26.772987
v 21.609692 -0.727017 26.886019
v 21.153006 -0.760550 26.812998
v 20.760025 -0.861119 26.020107
v 20.724972 -0.838773 26.243689
v 21.085011 -0.872845 25.627853
v 21.097181 -1.470777 25.541426
v 21.779804 -2.695029 25.341354
v 22.784815 -3.601843 25.863661
v 23.246681 -3.419312 25.939091
v 23.399984 -3.319744 26.124104
v 23.151981 -2.198367 25.949570
v 23.211464 -2.148196 26.289883
v 23.154770 -2.144093 26.564697
v 22.072800 -4.336849 27.023785
v 21.976992 -3.556086 27.135408
v 22.521099 -2.303965 26.986105
v 22.519115 -0.555757 26.249142
v 22.491444 -0.550277 26.418839
v 21.570667 -0.837201 25.519848
v 22.276428 -1.312725 25.554674
v 22.121378 -0.719095 25.629263
v 22.503716 -2.522561 25.401632
v 22.981459 -2.293848 25.647728
v 22.604805 -1.188438 25.803036
v 22.397951 -0.624313 25.848339
v 22.498739 -0.579185 26.065536
v 13.278866 -4.647602 20.707014
v 13.712507 -4.538243 20.507162
v 13.822029 -4.725908 21.039690
v 13.164522 -4.809072 21.207220
v 15.561214 -3.126832 21.374393
v 15.676262 -2.172818 21.429115
v 15.259388 -3.028598 22.042419
v 14.163480 -4.683176 20.906530
v 14.359413 -4.606327 20.576559
v 15.675159 -2.031989 20.607603
v 15.644884 -1.126885 20.887863
v 15.417660 -1.161822 21.485342
v 14.084544 -1.045236 22.066149
v 14.948250 -1.146921 21.885578
v 12.952306 -2.881012 21.712452
v 13.560893 -2.914814 22.483059
v 13.128828 -2.859447 20.970592
v 13.019075 -3.750253 20.783623
v 12.848248 -3.765501 21.521290
v 13.776400 -2.844268 20.353691
v 13.647178 -3.719084 20.290464
v 13.643129 -4.248907 20.331598
v 13.054585 -4.337499 20.680950
v 14.559677 -3.840441 20.166134
v 14.467358 -4.364280 20.362625
v 15.018547 -4.478268 20.928061
v 14.830893 -4.662197 21.114084
v 15.025801 -4.590220 21.605122
v 14.653612 -4.616969 22.042982
v 13.718317 -4.757235 22.017336
v 12.902388 -4.469411 21.323608
v 13.563467 -4.447483 22.261879
v 13.527445 -3.814260 22.406193
v 14.745939 -2.973131 22.384378
v 15.147316 -3.841598 22.093769
v 14.724318 -3.875749 22.370075
v 14.776166 -4.352577 22.273153
v 14.961384 -4.592216 21.866421
v 15.125469 -4.315619 22.027931
v 15.275793 -4.346028 21.595591
v 15.138456 -3.990926 20.718910
v 15.311253 -3.182687 20.464514
v 14.710032 -3.069379 20.035172
v 15.111796 -1.893319 20.133781
v 15.219648 -1.106373 20.352968
v 13.662899 -1.005079 21.501251
v 13.738629 -1.033682 20.981136
v 13.469178 -1.871017 21.014812
v 14.159415 -1.852315 20.453249
v 14.315301 -1.084190 20.538408
v 20.275198 -4.386395 26.314140
v 20.510893 -4.159568 26.446333
v 20.211348 -4.534511 26.569792
v 18.633678 -1.968695 26.537323
v 19.135366 -1.959675 26.693384
v 19.031467 -1.513784 26.577456
v 18.193394 -1.728735 26.162817
v 19.409187 -2.401623 26.766115
v 18.365650 -2.413339 26.465897
v 17.897430 -2.353775 26.063896
v 17.861828 -3.742711 26.109169
v 18.339891 -3.844491 26.523890
v 17.823538 -3.854609 25.443590
v 17.941669 -4.342517 25.774998
v 17.968832 -4.131834 26.117023
v 18.241108 -4.309587 25.682056
v 18.617083 -4.464140 25.905497
v 18.414267 -4.617103 26.162066
v 18.945486 -4.401523 26.647623
v 18.337620 -4.316195 26.405008
v 19.020584 -4.716632 26.423841
v 18.918650 -3.890856 26.731487
v 19.511072 -3.868424 26.841946
v 19.947350 -3.794054 26.858540
v 20.191971 -1.809328 26.548822
v 19.602634 -1.903277 26.777018
v 19.761263 -2.348537 26.792461
v 19.991829 -1.393389 26.515085
v 19.522646 -1.492394 26.668064
v 18.026279 -1.704817 25.248026
v 17.915825 -2.378387 25.146538
v 17.869186 -3.123461 25.296473
v 18.189342 -3.191077 25.142771
v 18.137899 -3.926117 25.371317
v 18.628078 -3.972283 25.483234
v 19.209747 -4.101213 25.708351
v 19.087776 -4.616529 26.143757
v 19.779316 -3.982363 25.813217
v 19.786022 -4.573367 26.264610
v 19.736155 -4.697262 26.552818
v 20.058891 -4.258968 26.804714
v 19.604889 -4.385005 26.778460
v 20.328379 -4.069344 26.690901
v 20.426453 -3.687359 26.633272
v 18.328804 -1.745528 25.004839
v 18.254242 -2.441029 24.912188
v 18.648106 -3.246857 25.209164
v 19.741644 -3.246824 25.507280
v 20.266428 -3.089674 25.740902
v 20.320610 -3.819462 25.995453
v 20.516642 -3.717319 26.286726
v 20.466068 -3.000094 26.147184
v 20.342159 -1.817423 26.087637
v 20.414429 -2.269877 26.005289
v 20.110498 -1.392610 26.157305
v 18.694010 -1.792434 25.013000
v 18.760365 -1.047398 25.153231
v 19.079716 -1.078312 25.252108
v 19.152969 -1.817760 25.140665
v 18.692364 -2.504358 24.934212
v 19.648617 -1.792383 25.309433
v 19.729057 -2.494137 25.199951
v 20.046749 -1.673664 25.611294
v 20.219971 -2.345290 25.483326
v 19.752810 -1.001768 25.707870
v 19.859770 -0.962102 25.996029
v 19.478306 -1.052342 25.441292
v 17.051865 9.534674 7.285811
v 16.435759 6.900494 3.016065
v 18.162468 8.013144 3.629319
v 22.176250 6.819431 26.850109
v 22.024864 6.801186 26.901169
v 22.117090 6.468498 27.101469
v 22.407833 6.663633 26.542982
v 21.978834 6.878942 25.207611
v 21.501183 7.127937 24.768467
v 21.719547 6.932240 25.619884
v 21.860874 6.929970 25.547392
v 23.096111 5.388752 26.234909
v 22.195414 5.826281 27.042421
v 22.181479 4.631559 26.481049
v 22.949293 4.802200 26.221033
v 31.350861 10.630316 14.824628
v 30.490641 11.487732 14.713087
v 32.087311 12.776316 14.740006
v 33.061272 12.067583 14.602578
v 33.557205 10.397472 14.587011
v 32.152763 9.707382 14.960246
v 33.925812 9.702776 14.585654
v 32.603428 9.103334 15.077437
v 33.062080 13.960203 14.583580
v 33.771770 13.420519 14.381342
v 36.238152 17.726458 14.994254
v 35.667175 17.748854 14.410858
v 35.647835 20.924868 15.091601
v 36.092209 20.782858 15.764959
v 34.494999 18.149748 14.400249
v 35.051956 20.145300 14.637056
v 35.007408 16.273600 14.127949
v 33.972027 16.731112 14.338814
v 34.690369 15.283796 14.074296
v 33.300934 15.607405 14.396160
v 35.872704 15.733801 13.950596
v 36.544086 15.517952 14.429126
v 28.975458 7.825098 -8.896996
v 27.471233 7.502115 -10.500194
v 28.459625 8.348970 -11.949564
v 31.396858 10.135117 -9.935379
v 31.704262 11.071413 -10.510894
v 32.180481 11.322294 -9.591289
v 31.933939 10.417500 -9.098490
v 31.457298 9.313635 -8.477005
v 30.577164 9.809452 -11.064610
v 30.906364 10.810804 -11.738434
v 29.055843 9.522816 -13.057833
v 29.352407 10.630039 -13.783722
v 28.831417 9.640665 -5.015198
v 28.541130 10.008492 -4.615780
v 27.334450 9.455896 -5.032305
v 27.675125 8.900406 -5.658411
v 28.496080 10.345015 -3.772590
v 26.980091 9.669092 -4.268179
v 26.038200 8.855062 -5.418736
v 25.258003 7.614340 -7.058355
v 27.459999 8.235905 -6.494331
v 26.360130 9.504946 -4.455853
v 26.208225 9.258440 -4.858541
v 22.638676 7.416994 -4.583605
v 23.955620 8.807631 -3.260336
v 22.395544 8.036148 -1.270085
v 21.554842 6.399502 -3.110287
v 25.976473 11.202751 -1.491766
v 23.445015 9.345509 -1.255709
v 24.396885 9.445267 -2.780610
v 22.921513 9.468233 -0.258442
v 21.999182 8.416321 -0.276930
v 24.817507 10.854488 0.776320
v 27.541147 9.691601 -3.890842
v 27.817474 9.615892 -3.121170
v 26.653954 9.822807 -3.251803
v 27.790493 8.704487 -2.680410
v 27.546219 8.798809 -2.151461
v 27.374184 9.668135 -2.275834
v 26.720112 10.669147 -2.331948
v 21.112976 22.002264 -24.380699
v 18.709450 22.334539 -25.456018
v 19.542561 20.581564 -25.088934
v 16.917980 22.050661 -26.063541
v 16.842518 26.967226 -25.783878
v 17.483486 19.673708 -25.880230
v 30.215082 7.530924 14.742292
v 30.903351 6.943151 15.522000
v 30.577713 6.414705 15.479356
v 28.679457 6.622326 13.451401
v 31.084866 8.252096 15.070678
v 31.697927 7.606592 15.584314
v 30.419632 5.799967 15.543595
v 30.471882 4.084614 15.824857
v 29.279964 3.876898 13.357286
v 28.926716 5.779852 13.469403
v 24.168884 6.002787 24.156425
v 24.468960 6.566603 22.804264
v 23.433998 5.968969 23.237909
v 23.052792 6.285263 25.117558
v 22.648975 6.473568 24.963936
v 22.279196 6.740503 24.636269
v 22.588076 6.455215 23.296408
v 28.480404 11.155432 -2.509358
v 29.237059 11.142914 -4.094077
v 29.270336 11.917007 -3.299879
v 29.412268 12.793175 -2.678247
v 28.481533 12.220478 -1.925329
v 27.707047 11.353449 -1.844527
v 27.911110 9.865845 -2.165612
v 28.309250 9.858131 -2.594348
v 27.286270 7.832338 22.504259
v 28.693485 8.190971 21.066952
v 27.397789 9.115761 22.379711
v 27.221519 5.950089 22.999535
v 29.243608 9.062786 20.795948
v 30.069809 9.776506 20.500166
v 27.459179 10.350739 22.489256
v 29.901913 12.191545 21.671898
v 27.089825 11.717859 22.953730
v 33.395542 36.734001 6.204138
v 23.536835 7.072674 -7.113224
v 20.008720 5.643085 -6.311616
v 20.953556 5.509394 -8.663838
v 20.204618 5.647648 -3.889844
v 18.716465 5.915762 -3.792780
v 18.063307 5.101492 -6.666043
v 29.757668 0.178425 17.184666
v 27.858215 0.241169 14.533442
v 28.418528 0.330183 13.905890
v 28.806673 0.493273 13.501774
v 30.225376 0.422699 15.893630
v 30.495375 0.246580 17.437813
v 26.277004 13.899059 23.342548
v 25.861692 12.636803 23.717056
v 27.969391 13.176510 22.586315
v 25.273142 14.686836 23.828608
v 24.994064 13.517023 24.358530
v 29.791351 12.997387 21.702797
v 25.001574 8.938292 -4.498734
v 26.387680 7.315367 -8.825797
v 28.057873 7.701523 -7.708402
v 29.431028 -0.147689 18.685190
v 28.641075 0.073580 18.330187
v 26.908245 0.472151 18.069651
v 26.108482 0.650248 14.808735
v 25.387213 9.431925 -3.904047
v 33.613602 15.296984 -3.016011
v 33.254417 14.622499 -2.493472
v 32.879684 14.664385 -2.810949
v 33.103191 15.479658 -4.290995
v 32.508541 14.604483 -3.065965
v 32.102570 14.640749 -3.800471
v 34.229885 19.665083 17.470505
v 33.423393 18.848955 17.058535
v 34.414024 18.074629 17.300840
v 23.627832 16.624769 24.907810
v 22.149551 17.801046 26.605629
v 23.537842 15.245342 25.638424
v 23.203230 17.541834 25.135813
v 23.610928 17.362242 24.272806
v 23.297243 18.342653 24.457180
v 22.903374 18.560392 25.295029
v 24.018990 16.596827 24.071865
v 22.002258 18.401976 26.546768
v 21.847534 19.210436 26.526878
v 22.654652 12.787346 23.666281
v 22.864841 12.861597 24.781982
v 22.053009 13.587921 25.403513
v 23.569901 12.091423 24.707949
v 23.425810 11.856693 23.488247
v 23.032938 12.957199 25.280966
v 22.723442 13.546255 25.845274
v 33.828709 16.405771 -7.188492
v 34.131081 17.465952 -9.161457
v 34.537003 19.020910 -7.764799
v 34.119423 17.243952 -5.312520
v 34.853230 20.604414 -6.509312
v 34.555428 19.360388 -4.356341
v 32.670540 15.313131 -5.972354
v 28.833136 -0.348715 21.389656
v 27.435875 -0.432517 21.620483
v 27.289705 0.004034 20.347715
v 28.814342 -0.157866 20.263250
v 28.708805 -0.421365 22.469891
v 27.483183 -0.708025 22.451448
v 27.527775 -0.738735 23.262253
v 28.007690 -0.412382 23.839420
v 25.827095 0.990902 17.931942
v 25.674967 0.092224 21.478802
v 25.858738 -0.478950 22.478104
v 26.044743 -0.923238 23.235867
v 27.555424 12.322529 -0.773111
v 28.702900 12.896023 -1.108649
v 29.241280 13.157482 -0.249989
v 29.868732 13.284786 0.278597
v 30.643736 13.407486 0.765416
v 28.887501 12.823904 2.281125
v 28.146904 12.510855 1.658463
v 26.352509 11.666906 2.051457
v 27.584593 12.207163 3.882611
v 28.986444 -0.083455 22.803246
v 29.505371 -0.120299 21.904655
v 29.693289 0.256411 22.075436
v 29.134739 0.338604 23.020525
v 29.343048 -0.325755 21.661642
v 25.934492 17.555410 16.644621
v 25.803402 18.897566 16.060146
v 24.939720 18.462446 17.222404
v 25.194664 17.796408 16.980127
v 31.971701 11.214327 -6.927156
v 31.637150 10.544815 -6.374766
v 30.483536 10.935938 -5.285199
v 30.881943 9.731146 -5.639380
v 20.290356 5.364637 15.002747
v 20.496475 5.701666 15.687878
v 20.816374 5.283508 15.603986
v 20.751505 4.598871 14.934943
v 20.024052 5.953938 15.099955
v 20.246582 6.219061 15.732105
v 21.169756 3.266083 15.347797
v 19.838470 3.076670 15.454861
v 19.601976 4.041376 14.912780
v 19.471489 5.045313 14.784629
v 19.420866 5.689499 14.838451
v 32.386345 14.807858 18.038651
v 32.932915 15.705341 17.262991
v 31.214939 16.267111 16.789230
v 30.541393 15.304159 17.479748
v 30.289127 14.089197 19.415550
v 29.489712 14.672958 18.470272
v 28.555408 14.557346 19.164619
v 25.943930 19.496672 16.094889
v 25.838966 20.847101 17.617842
v 24.819717 19.515406 18.074253
v 24.336126 1.265678 20.556545
v 23.628851 0.819784 21.826889
v 23.072699 1.531645 20.466433
v 23.835697 1.652679 19.942448
v 23.971411 0.313477 22.430887
v 22.332806 2.176323 18.222809
v 23.197565 2.259609 17.997883
v 23.961227 2.140293 17.815689
v 24.487358 1.981617 17.265533
v 27.061375 7.090813 12.180249
v 27.434471 6.367464 12.101650
v 27.360668 6.408836 11.577027
v 27.060684 7.076359 11.538377
v 27.431868 6.271049 10.738693
v 27.135124 7.060381 10.554950
v 26.554296 8.114882 10.327377
v 26.386168 8.143951 12.218080
v 27.610920 5.795273 11.606366
v 27.644058 5.507961 10.931620
v 27.795975 5.659393 12.002935
v 28.036316 4.135002 11.193917
v 35.527252 22.507471 15.739517
v 34.622169 21.754419 14.765970
v 34.098740 22.828253 14.874634
v 33.928932 22.011465 14.413663
v 33.544189 22.558729 13.798013
v 33.866535 24.218546 14.862993
v 34.259308 24.173624 15.698427
v 34.609657 24.435369 16.213091
v 34.705788 23.910711 16.024506
v 34.327232 23.845205 15.647867
v 27.010321 0.416719 12.161177
v 27.058477 0.675621 11.513562
v 27.581741 0.679834 11.903575
v 27.435349 0.453957 12.351259
v 36.664494 14.707497 15.688190
v 36.900948 14.449188 13.693314
v 36.262211 17.696661 15.914442
v 35.803864 17.796511 16.989269
v 36.084377 15.245840 16.850925
v 36.669537 13.341732 16.202242
v 36.737137 11.647182 15.783540
v 36.308731 13.967274 16.916227
v 29.162981 8.402645 -5.762545
v 29.689699 8.719881 -5.456361
v 22.002367 11.638372 4.693454
v 23.635395 11.604343 4.355052
v 23.785736 11.582018 4.920624
v 21.516783 11.405821 5.696836
v 22.088381 11.610039 4.295612
v 23.406639 11.504982 3.805077
v 21.462814 11.413250 3.694582
v 22.530178 11.096117 2.836157
v 21.143135 11.392639 4.060673
v 23.249788 4.090187 12.284833
v 23.637745 2.751955 11.488535
v 23.676687 2.656237 12.056968
v 23.342896 3.589960 12.805463
v 24.440418 1.645502 11.651232
v 24.100708 2.253531 12.414676
v 23.683823 3.180210 13.181110
v 25.223131 3.774303 10.465235
v 25.065014 4.467060 10.502878
v 26.244839 4.646347 10.577632
v 26.136662 3.625586 10.478878
v 35.295876 23.892275 18.512844
v 34.960323 24.779539 18.909086
v 34.415520 24.350756 20.099606
v 35.346050 22.948793 18.512323
v 33.922997 26.035929 20.202976
v 34.569553 25.825705 19.142170
v 34.871193 22.356901 19.333254
v 34.294418 23.206144 20.504000
v 30.914143 22.105253 20.165611
v 28.374763 22.184530 19.487278
v 28.827782 21.512201 18.116150
v 31.461723 21.751070 19.371561
v 30.366348 22.362707 20.954197
v 19.957172 23.267385 28.149158
v 20.116272 21.579409 27.784927
v 22.345898 22.714209 27.664734
v 22.099281 23.950319 27.865246
v 21.368103 21.287424 27.512339
v 22.459499 4.687893 15.037853
v 22.618979 5.345098 17.233864
v 23.298475 6.248589 16.833673
v 22.863842 4.688482 14.467903
v 23.049625 5.213154 14.199248
v 23.116695 4.042797 14.366892
v 22.687441 4.094702 14.728621
v 21.185911 6.777176 -0.312353
v 20.514917 5.760422 -0.627138
v 35.335911 13.262884 18.186279
v 35.120186 11.584642 18.098606
v 36.325912 12.339104 16.948395
v 36.108559 13.053823 17.397030
v 25.700226 0.802156 11.275316
v 25.455320 1.536667 10.465524
v 26.563986 1.307316 10.469900
v 26.354668 0.660286 11.262570
v 26.309544 0.418932 12.062304
v 25.351616 0.995220 12.370037
v 21.537609 14.301342 26.784054
v 20.993013 14.111919 26.946440
v 20.944092 12.592318 25.759619
v 21.244362 12.709187 25.347589
v 23.978643 11.199678 5.858517
v 22.153500 11.082605 6.449795
v 29.657141 13.166483 2.692256
v 30.369572 13.542408 2.949433
v 27.088474 11.881128 5.843769
v 18.954683 6.526268 1.472153
v 19.120136 8.641239 3.310289
v 19.174688 10.450191 6.813507
v 32.997101 17.400183 2.104034
v 33.220573 18.337019 2.746678
v 32.578732 17.408472 4.413420
v 32.220573 16.363504 3.878767
v 33.936958 18.974871 -0.351863
v 31.055309 14.624741 4.424616
v 31.726479 14.784159 2.921634
v 32.546776 15.848427 2.098042
v 34.182503 18.510622 -2.554458
v 33.726639 17.694944 -0.879036
v 31.812378 16.709028 7.012177
v 31.306362 15.624254 6.619931
v 34.564041 15.935421 -1.918625
v 34.285706 16.752230 -2.428636
v 33.933861 16.655416 -0.907875
v 34.475212 16.047865 -0.639353
v 34.157982 15.949678 -2.897400
v 33.827377 16.049036 -3.740901
v 34.196388 17.038614 -3.733265
v 19.243704 11.016682 10.898743
v 19.337677 10.712416 13.076641
v 18.290226 10.054316 12.792221
v 17.867010 10.161537 11.033160
v 19.335106 10.302513 13.552169
v 18.462616 9.768459 13.292841
v 19.941021 11.830023 13.514918
v 19.702105 11.219093 14.007957
v 19.636751 10.718634 14.334021
v 23.717087 3.853043 10.446589
v 24.107080 2.893936 10.406061
v 23.076456 5.301603 11.753278
v 23.461872 4.952599 10.357695
v 24.612019 1.998669 16.366577
v 23.815434 2.632486 16.164236
v 24.171894 2.589918 15.633872
v 24.414528 2.469820 15.284694
v 24.756186 2.183735 14.411484
v 25.129025 1.578875 14.743982
v 24.850212 1.810564 16.099173
v 28.336796 17.938231 -18.087698
v 27.791040 14.484024 -17.470221
v 29.255745 21.339518 -17.799835
v 22.907923 19.536043 -23.057301
v 23.990940 17.358004 -21.838070
v 20.939692 17.955870 -24.039242
v 21.736759 15.884930 -23.097332
v 25.690985 24.915323 -21.365492
v 24.505888 14.084467 -20.353876
v 22.241518 13.097607 -21.735441
v 20.316624 9.712172 2.506354
v 31.134663 13.544569 1.309297
v 31.581152 13.776829 1.666845
v 31.783947 13.800024 -0.675421
v 32.842365 13.551786 -0.390857
v 32.595535 13.527740 0.434860
v 31.177822 13.886126 -0.988821
v 32.675167 13.664459 0.867666
v 32.859081 13.906910 1.167813
v 21.148087 10.379240 2.202906
v 15.868652 4.283487 -16.001770
v 14.566317 3.555542 -14.123034
v 14.904718 4.293226 -16.588421
v 13.249098 3.508955 -14.424321
v 29.334000 10.627264 -4.648138
v 29.571156 10.158211 -4.963000
v 26.349443 -0.979704 24.277870
v 24.602478 2.469612 14.067596
v 24.995640 1.724623 13.580279
v 24.397978 2.716053 13.732151
v 24.793060 1.877920 13.100363
v 19.304905 5.037800 -14.713030
v 18.348133 4.000494 -12.619942
v 17.289627 3.444677 -10.131665
v 13.935123 2.877905 -9.934033
v 30.024723 7.789625 -6.270340
v 30.411701 7.963003 -5.977664
v 30.805492 8.156466 -6.092686
v 30.266041 9.081804 -5.429897
v 30.572739 7.853220 -6.758234
v 29.371193 -0.317496 21.240736
v 29.450035 -0.237706 20.313099
v 21.369724 14.770344 27.556423
v 21.083664 14.803658 27.792358
v 34.503738 15.067026 -2.031334
v 34.120728 14.384962 -1.841187
v 37.059074 10.077576 14.500784
v 37.675488 11.752214 12.550021
v 36.885422 9.178030 13.927449
v 37.747192 10.760750 11.921150
v 37.258034 13.752275 12.691750
v 37.450027 13.609386 11.814713
v 37.961964 11.962509 10.241268
v 37.836552 12.804705 10.672579
v 31.083735 8.387562 -7.385459
v 25.276371 5.828613 24.326845
v 24.477142 5.599297 24.884890
v 24.551352 4.881702 25.100573
v 25.925629 6.810436 23.694967
v 26.653259 -0.510923 25.177647
v 32.666214 20.136053 17.551048
v 31.500385 19.648115 17.081589
v 31.906612 21.114725 18.432110
v 31.579676 17.612436 16.474377
v 33.114273 17.113455 16.818518
v 8.347610 18.813978 -26.583296
v 7.944572 21.893282 -26.423058
v 10.162827 22.082651 -26.784996
v 10.586227 19.022223 -26.918322
v 10.938625 17.053968 -26.737623
v 11.317412 15.176483 -26.384068
v 9.019238 14.881742 -26.086329
v 8.669706 16.804556 -26.423717
v 20.451963 18.956049 27.614126
v 21.011272 18.920965 27.374481
v 20.890253 19.628607 27.256538
v 20.326611 19.533655 27.399830
v 21.131390 18.373652 27.502684
v 21.738274 0.398508 22.617075
v 21.308384 1.140387 21.084658
v 15.507408 6.419207 -1.484243
v 18.398874 6.001114 -1.370332
v 17.723349 6.197575 -0.144728
v 15.994628 6.329165 0.489865
v 16.282839 6.300428 1.767192
v 18.157909 5.996023 0.720611
v 23.147896 6.247253 25.594597
v 23.187508 5.993256 26.082747
v 24.302328 5.955196 24.530800
v 15.064411 6.115318 -3.477976
v 14.587551 4.733767 -6.502928
v 19.568789 5.467793 -1.083785
v 19.025919 4.267162 -9.582841
v 20.060982 4.677706 -11.990285
v 22.275995 5.646833 -11.132003
v 23.207859 6.307920 -13.273045
v 24.440971 6.531437 -10.111996
v 25.477070 6.973595 -12.052505
v 26.079758 7.887838 -14.001493
v 24.009235 9.033426 -17.456646
v 24.233784 10.328846 -18.397738
v 21.740191 7.019392 -16.674576
v 22.105328 8.603933 -18.466280
v 22.217749 9.853006 -19.517899
v 27.253838 10.611176 -15.964112
v 27.492474 12.044855 -16.626764
v 29.574301 11.989202 -14.392986
v 30.446133 17.192423 -15.573292
v 31.165367 12.031528 -12.275869
v 32.171879 16.621660 -13.083697
v 31.161602 20.077879 -15.407956
v 32.866413 19.082922 -12.842956
v 33.113308 16.186396 -11.384118
v 33.571339 15.783825 -10.016312
v 33.767883 18.281088 -10.944977
v 33.462662 15.279505 -8.441268
v 32.948315 13.794891 -8.818024
v 32.465508 14.669313 -6.877363
v 32.281319 13.688597 -7.224489
v 31.249809 14.378017 -4.949554
v 31.038940 13.896852 -5.488608
v 30.868664 14.051420 -3.066349
v 30.176136 13.522554 -3.736099
v 31.679672 14.278893 -2.373792
v 29.911606 13.499794 -2.031136
v 32.575459 14.158194 -1.731995
v 32.128498 14.272543 -2.021634
v 33.462814 13.836477 -1.276474
v 34.874912 13.169840 0.714901
v 34.070404 13.236389 0.137682
v 34.648613 13.496450 -0.568815
v 35.453186 13.434811 0.121613
v 35.153114 14.184006 -0.944458
v 35.802277 14.186981 -0.172548
v 36.282669 14.362844 0.720821
v 36.440891 14.026838 1.903624
v 36.009972 13.674395 0.962205
v 36.290642 15.086338 0.583430
v 35.870758 14.952574 -0.246911
v 35.378628 14.925955 -1.012752
v 36.075851 15.672796 0.604554
v 36.437374 15.829344 1.538465
v 35.707653 15.557209 -0.150081
v 35.316864 15.546267 -0.789683
v 35.594353 15.859146 0.915034
v 35.969273 15.952085 1.762896
v 35.240021 15.804274 0.275710
v 34.925453 15.836134 -0.200890
v 35.213985 15.695143 1.268422
v 35.628174 15.747736 1.998170
v 34.828232 15.675358 0.764275
v 34.602745 15.426634 1.083987
v 35.021667 15.454193 1.501232
v 35.464096 15.510494 2.151667
v 34.088696 15.835661 0.179982
v 33.796730 15.524239 0.718952
v 34.257767 15.446825 0.846151
v 34.515343 15.713835 0.435559
v 34.863121 14.980173 1.751143
v 35.328335 15.094879 2.337111
v 34.404083 14.890196 1.388615
v 33.990437 14.867151 1.202800
v 33.392990 14.870504 1.200524
v 33.171921 15.660337 0.982008
v 32.572174 14.846354 1.674183
v 33.842323 14.310003 1.310228
v 33.801563 13.988962 1.226562
v 34.395336 14.074802 1.485952
v 34.356159 14.380444 1.518724
v 33.051701 14.238848 1.319374
v 31.980350 14.124411 1.857190
v 34.867191 14.523582 1.900114
v 35.350254 14.684792 2.476899
v 34.949802 14.247026 1.913102
v 35.448425 14.436226 2.511387
v 35.044449 13.967480 1.837427
v 35.178452 13.703901 1.694550
v 35.715881 14.008924 2.368826
v 35.566143 14.210966 2.466560
v 34.446487 13.753119 1.360313
v 34.549389 13.453455 1.152049
v 33.778397 13.682524 1.036119
v 33.815262 13.426016 0.741733
v 35.501923 13.428926 1.395740
v 36.019829 13.796164 2.174630
v 36.495461 14.054174 3.046354
v 36.175369 14.199278 3.175059
v 36.545639 14.210459 4.103769
v 36.894264 14.130676 4.015397
v 36.868698 14.304728 2.896349
v 37.239601 14.419374 3.967013
v 37.500561 14.282949 5.141757
v 37.690681 13.921999 6.395609
v 37.394005 13.546803 6.246239
v 37.181442 13.952684 5.087595
v 37.598961 14.804470 5.260866
v 37.740299 14.459360 6.605439
v 37.377850 14.948576 3.979234
v 37.054001 14.848007 2.801366
v 37.567116 15.349831 5.379591
v 37.664001 15.013069 6.786989
v 37.371532 15.517969 4.000437
v 37.053768 15.453800 2.703118
v 37.297703 15.801895 5.488200
v 37.375381 15.475163 6.942069
v 37.118149 15.983629 4.059067
v 36.808254 15.962831 2.716194
v 36.825069 15.834181 5.543973
v 36.890892 15.504536 6.978110
v 36.653687 16.021692 4.150646
v 36.345253 16.033522 2.865839
v 36.536457 15.580746 5.537491
v 36.617889 15.225676 6.919797
v 36.349098 15.783266 4.209702
v 36.218658 15.549280 4.235963
v 36.429016 15.333277 5.511566
v 36.535721 14.953831 6.852208
v 36.026413 15.808308 3.004323
v 35.879906 15.575228 3.089654
v 36.367271 14.949192 5.452060
v 36.510490 14.543024 6.731004
v 36.121712 15.176003 4.254407
v 35.761520 15.192537 3.193674
v 36.392715 14.565210 5.369480
v 36.557045 14.140106 6.587252
v 36.134811 14.798891 4.246935
v 36.218941 14.564705 4.219029
v 36.474129 14.327450 5.299359
v 36.645523 13.892645 6.479541
v 35.780281 14.807573 3.270907
v 35.874367 14.571566 3.284897
v 36.617115 14.122013 5.219034
v 36.797073 13.676546 6.367776
v 36.357235 14.363565 4.167330
v 36.815689 13.978296 5.145413
v 37.007767 13.533007 6.278142
v 36.005486 14.368073 3.246480
v 36.737686 13.294243 7.713783
v 36.909988 13.059902 7.579206
v 37.144894 12.906525 7.480264
v 37.568733 12.939875 7.476609
v 37.163006 11.439417 9.822745
v 37.664894 11.454374 9.867811
v 37.349976 10.243736 11.466282
v 36.803253 10.347561 11.403347
v 37.848564 13.363512 7.703065
v 36.318733 8.824913 13.453397
v 35.758064 9.157324 13.347837
v 35.142166 8.177610 14.827101
v 34.453136 8.839409 14.606539
v 35.744072 8.294483 15.300735
v 34.358810 7.762682 16.327604
v 33.827637 7.721949 15.725246
v 36.079170 9.052883 15.813296
v 34.700279 8.352459 16.872478
v 36.131306 9.817286 16.146816
v 34.838593 8.992191 17.172121
v 36.135406 10.737375 16.559536
v 32.804230 8.321978 18.191723
v 32.745365 7.758110 17.791904
v 33.006691 10.975876 19.383446
v 33.153458 12.191322 19.876822
v 31.290493 12.439892 21.057602
v 33.049339 13.079571 20.043186
v 34.437424 14.163246 18.750957
v 31.067036 13.181793 20.985285
v 32.701283 13.751478 19.834911
v 33.982582 14.681179 18.513367
v 34.305351 15.382998 17.865961
v 34.876686 15.020531 18.030773
v 32.028305 14.105923 19.248705
v 30.673916 13.721054 20.321222
v 29.581200 13.563025 21.199919
v 27.872858 13.673775 22.200762
v 27.227146 14.653511 20.187496
v 25.791346 15.731699 19.547117
v 25.341520 16.232473 19.444014
v 26.639700 15.656729 18.660477
v 24.590410 15.881140 23.099892
v 24.892141 16.752161 19.458899
v 24.537853 17.184687 19.715939
v 24.257421 17.530779 20.043077
v 24.259731 18.288836 19.742798
v 23.793072 18.260981 21.658110
v 23.977188 17.415674 21.686346
v 24.260563 19.188574 19.874651
v 23.783325 19.112791 21.732635
v 24.535408 20.108034 19.939363
v 24.262684 19.654448 20.173616
v 25.003963 20.950773 19.870876
v 24.580534 20.981619 22.046112
v 25.961205 21.887011 19.812126
v 25.379728 21.606806 20.293556
v 25.163395 21.632772 22.250845
v 27.823082 18.390509 16.006708
v 27.935181 19.268030 15.987794
v 28.814627 20.327818 17.103657
v 27.269930 17.242056 16.490561
v 29.939308 18.092413 16.271988
v 29.606773 17.092245 16.480690
v 30.143745 17.442495 16.325201
v 31.478643 16.912523 16.556347
v 28.966862 16.232603 16.992064
v 28.566950 15.397516 17.685600
v 27.773540 15.532400 17.949715
v 29.888058 19.248838 16.444366
v 31.679834 22.592875 22.361614
v 33.161484 21.829206 20.216965
v 33.692917 21.152983 18.871769
v 34.358086 21.358587 19.063927
v 33.748161 22.107077 20.457180
v 34.016548 20.489363 17.920511
v 34.715672 20.664026 18.134924
v 34.929935 19.835108 17.705147
v 35.365150 21.106947 17.957186
v 35.598824 20.090414 17.393623
v 35.095184 17.929003 17.447573
v 35.095543 16.304075 17.517893
v 34.397072 16.598772 17.365301
v 34.374840 15.958076 17.564926
v 35.021378 15.641357 17.715836
v 33.065666 16.381670 16.963701
v 36.041214 20.460802 16.593904
v 35.847439 21.732180 17.301996
v 35.935856 22.255812 16.453968
v 34.133404 20.377317 14.437346
v 33.394882 18.554560 14.182762
v 32.872337 17.341028 14.031365
v 32.303322 16.354429 13.947139
v 31.602654 15.472530 13.920913
v 32.449951 14.562508 14.529762
v 31.428411 13.470245 14.617493
v 30.616451 14.496677 13.858644
v 29.789650 12.249601 14.510125
v 28.985552 13.316555 13.611638
v 28.255695 11.886700 14.099984
v 27.753336 12.641897 13.300423
v 28.204023 11.340126 14.131334
v 27.042027 12.282972 13.045915
v 27.020887 11.041216 13.665421
v 26.469707 10.783014 13.398773
v 26.444605 9.583506 13.115330
v 27.309057 8.554102 13.194779
v 29.639717 8.162544 14.370752
v 28.182758 7.433605 13.326339
v 30.571518 8.814955 14.797837
v 25.664188 10.753918 12.409117
v 25.940977 10.694054 9.849807
v 25.718115 10.952215 11.193776
v 26.524883 12.146673 11.517118
v 26.809841 11.934280 9.942543
v 27.072811 12.562323 11.794874
v 26.457970 11.939970 12.772995
v 27.708981 13.009083 12.062301
v 27.994240 12.904512 10.548972
v 28.961348 13.790836 10.979838
v 28.784210 13.791952 12.444971
v 30.179171 15.144144 11.435072
v 30.227766 15.021973 12.843865
v 31.014713 16.226862 11.662113
v 31.152210 15.992548 13.003003
v 30.598434 15.234575 9.047625
v 29.554924 13.784737 8.706845
v 28.625307 12.845554 8.396713
v 27.956867 12.332720 8.127423
v 30.173975 13.662289 4.558519
v 31.259661 16.392683 9.379519
v 31.874752 17.692556 9.775587
v 31.721956 17.332785 11.908770
v 31.852081 16.907400 13.140358
v 32.427025 17.910147 13.319936
v 32.907108 19.068979 13.557072
v 32.308479 18.453508 12.191843
v 32.771484 19.637884 12.531423
v 33.509758 20.739565 13.962410
v 33.262840 21.304586 13.146904
v 33.329758 21.936014 11.756067
v 33.514214 23.255892 12.557647
v 32.895130 20.241819 10.837861
v 33.651310 21.573507 6.868757
v 32.433392 18.986422 10.253710
v 33.977280 22.341299 5.462141
v 34.328510 21.307428 1.352966
v 34.502209 23.795599 3.442305
v 35.040581 23.110888 -0.812875
v 35.288761 23.544027 -4.219659
v 35.392036 24.895731 -3.030079
v 35.127369 23.926741 -7.618194
v 34.534874 25.661936 -9.809793
v 34.760300 27.126722 -8.608287
v 35.288826 25.330542 -6.483805
v 34.775894 22.088411 -8.924191
v 34.077896 23.624266 -11.169726
v 32.627209 25.648516 -13.852247
v 33.197369 28.044176 -12.439123
v 33.481567 21.432577 -12.176012
v 31.930687 22.942587 -14.844873
v 30.175121 24.619535 -17.148067
v 30.928711 27.729868 -16.124409
v 28.952866 29.952402 -18.095428
v 26.564577 28.282049 -20.563007
v 27.269712 31.646502 -19.428585
v 24.026182 30.414660 -22.182058
v 24.659580 33.810463 -20.916416
v 23.253040 27.103914 -23.031343
v 20.782423 28.705965 -24.148104
v 21.465950 32.081406 -23.208696
v 17.290356 30.431307 -25.122656
v 17.866856 33.920387 -23.994818
v 14.771271 31.325403 -25.333172
v 15.217489 34.851707 -24.053883
v 14.483743 27.631781 -26.107800
v 12.085002 28.094770 -26.170702
v 12.194084 31.934500 -25.279264
v 9.678101 28.216570 -25.919361
v 9.582464 32.079987 -24.933790
v 12.415524 22.099497 -26.881809
v 14.696739 22.036501 -26.598930
v 12.873991 19.140104 -26.933109
v 15.193771 19.302603 -26.536232
v 13.277038 17.266230 -26.705992
v 13.707649 15.482933 -26.316994
v 16.158922 15.973516 -25.821712
v 18.600086 16.746443 -25.046785
v 19.312651 14.629292 -24.194330
v 16.826077 13.685513 -24.997051
v 19.903231 12.042612 -22.845144
v 17.493351 11.107708 -23.639072
v 20.070816 10.342188 -21.476595
v 17.787075 9.571648 -22.194925
v 22.288589 11.111668 -20.493055
v 20.138348 8.073956 -19.225954
v 18.119883 7.481253 -19.793076
v 16.387060 5.479702 -18.245943
v 14.416107 5.066628 -18.284187
v 13.873229 6.387789 -20.271797
v 12.290300 4.727501 -17.933846
v 11.644323 5.986811 -20.019075
v 10.828085 7.895557 -22.451628
v 13.139475 8.273579 -22.779255
v 10.279113 9.490713 -23.889280
v 12.629847 9.821531 -24.243876
v 9.561376 12.292545 -25.312534
v 11.887775 12.619345 -25.613022
v 14.322746 13.024813 -25.524483
v 15.047912 10.330221 -24.176863
v 15.469754 8.837404 -22.699091
v 7.281923 28.040644 -25.468632
v 6.972112 31.869101 -24.414383
v 6.809437 35.400284 -22.891823
v 9.617291 35.621262 -23.450218
v 6.776756 38.646431 -20.969780
v 9.717285 38.872559 -21.567272
v 6.864917 41.676498 -18.645241
v 9.820335 41.945663 -19.257092
v 9.948115 44.097725 -17.197704
v 10.239697 45.858765 -14.772358
v 10.615188 47.295418 -12.172752
v 8.155657 48.061234 -8.807855
v 11.043827 48.363007 -9.425747
v 9.445415 49.553566 -2.091825
v 10.312759 49.819450 1.954641
v 11.526582 49.495239 7.173912
v 12.336234 48.893791 10.409905
v 13.195978 47.725723 13.508817
v 14.031807 46.281670 16.324993
v 14.821953 44.604362 18.788363
v 15.590928 42.739822 21.037809
v 16.340357 40.620064 23.037283
v 17.046911 38.372643 24.763773
v 17.481558 36.806053 25.708578
v 18.079247 34.342270 26.810585
v 20.692116 32.008858 27.101667
v 18.627890 31.755564 27.615046
v 21.311020 28.183981 27.711002
v 19.729736 25.111544 28.307423
v 21.755882 25.580271 27.917734
v 23.761024 26.203512 27.471107
v 24.105276 24.873224 27.576744
v 26.031372 25.633131 26.950226
v 23.322411 28.563135 27.130938
v 24.405426 23.902040 27.416807
v 26.177441 24.770155 26.874725
v 27.950851 26.011236 25.995256
v 27.971975 25.174562 26.000263
v 26.241400 23.848310 26.456190
v 27.865194 24.334696 25.801926
v 30.566769 24.932096 24.330372
v 30.565769 25.720873 24.150543
v 30.451326 24.215940 24.378584
v 30.031651 23.287100 24.205149
v 32.592381 24.160578 22.792356
v 32.149586 22.950624 22.731802
v 29.714682 22.882902 23.731356
v 33.057739 22.568151 21.607609
v 33.561325 23.732962 21.637371
v 26.138638 22.396345 25.032265
v 26.227280 22.822199 25.669062
v 24.925230 22.161299 25.823116
v 24.973806 21.788019 25.101116
v 23.920218 21.330183 25.817284
v 24.101480 21.021578 25.031218
v 24.693796 23.034819 26.854639
v 23.407602 21.983656 26.942209
v 23.234783 20.424028 25.698759
v 22.077419 20.372561 26.704819
v 22.977690 19.869795 25.549294
v 21.870127 19.893534 26.574055
v 22.853079 19.350264 25.406527
v 20.998978 20.724127 27.380476
v 20.878611 20.243990 27.253952
v 20.227951 20.283064 27.458231
v 20.181032 20.791685 27.572544
v 23.234703 19.159960 24.620731
v 23.306044 19.670889 24.755623
v 23.497488 20.192110 24.889282
v 24.207386 20.961367 24.119261
v 23.736324 17.303320 23.447329
v 24.588169 15.780796 23.752153
v 25.329472 14.987329 23.364086
v 26.253780 14.290503 22.958115
v 24.397667 15.604677 24.363804
v 32.543373 25.378855 22.463650
v 33.523102 24.972551 21.327988
v 33.173397 26.343283 21.162258
v 31.859512 31.607344 20.189001
v 31.078438 31.865824 21.068703
v 32.517502 31.333906 19.386475
v 31.410685 33.775604 19.408932
v 30.609028 34.111839 20.312054
v 33.699924 30.102430 17.046953
v 34.252766 27.633749 17.889729
v 34.837387 25.768999 18.101206
v 34.763641 25.586206 17.087017
v 34.290524 27.075338 16.784739
v 35.028767 24.774504 16.990726
v 35.243004 24.010687 16.660875
v 35.506023 23.877405 17.510088
v 34.444199 25.030817 16.242317
v 33.916008 25.071589 15.233768
v 34.193268 24.516500 15.753429
v 33.703018 26.013487 14.190714
v 33.737076 27.377565 14.873787
v 33.690090 25.091909 13.702435
v 33.735695 28.229769 13.782421
v 33.867603 29.134027 12.393266
v 34.639896 27.242399 6.875990
v 34.563263 28.224928 7.745062
v 34.224735 23.915606 6.798222
v 35.030560 27.580053 4.102392
v 35.280869 29.224802 2.352596
v 34.987411 32.272812 -2.113910
v 35.351677 30.290472 -0.656349
v 35.406059 28.000246 -3.919209
v 34.974751 29.886526 -5.881168
v 33.945930 32.490417 -8.040691
v 33.536087 29.625933 -11.141302
v 31.938906 32.319214 -13.248617
v 32.272274 33.863754 -11.600198
v 31.541225 30.523527 -14.649067
v 29.567482 32.981911 -16.524853
v 29.982153 34.994087 -15.018875
v 27.857481 34.787285 -17.747538
v 28.276703 36.906975 -16.152718
v 26.580559 35.926735 -18.474716
v 27.002560 38.088501 -16.820175
v 25.192631 37.033836 -19.094982
v 25.605839 39.210831 -17.380726
v 22.440687 38.863289 -19.789999
v 22.773746 41.020088 -17.969570
v 22.017717 35.564453 -21.782373
v 18.298695 37.436226 -22.382376
v 18.501183 40.779564 -20.221292
v 15.544523 38.257309 -22.333004
v 15.660990 41.517998 -20.118607
v 12.666223 38.770409 -22.053743
v 12.762779 41.927055 -19.785255
v 12.447245 35.474747 -23.870169
v 12.857746 44.120216 -17.732155
v 15.762232 43.713074 -18.100653
v 18.668657 42.948570 -18.269413
v 16.056021 45.530029 -15.768908
v 18.949770 44.741516 -16.056490
v 23.068716 42.863411 -15.880760
v 19.281349 46.234528 -13.604080
v 23.314659 44.425468 -13.549015
v 19.595930 47.377174 -10.891581
v 23.480812 45.643456 -10.948322
v 25.946817 41.098763 -15.366764
v 26.249458 43.922424 -10.622015
v 26.166779 42.694794 -13.111938
v 23.619226 46.825172 -7.254615
v 26.295557 45.099243 -7.149349
v 27.604836 41.535637 -12.700458
v 27.378174 39.948494 -14.866840
v 27.676943 42.756363 -10.314904
v 28.996305 41.478638 -9.929750
v 28.916901 40.266464 -12.197532
v 28.676376 38.709251 -14.264786
v 29.054798 42.627434 -6.731398
v 30.791710 40.566833 -6.182065
v 30.733654 39.363991 -9.156667
v 30.832592 41.863342 -0.811670
v 32.562679 37.705093 -5.087539
v 32.439705 39.120102 -0.151546
v 30.825035 42.075142 0.737507
v 34.739822 33.478104 0.823956
v 35.150406 31.625811 1.941867
v 35.277191 31.071695 0.851026
v 34.953457 32.219284 3.066247
v 35.007713 30.675615 4.395588
v 33.589897 35.871147 7.477806
v 33.721397 34.924118 8.778513
v 34.673092 30.268774 6.930528
v 34.832642 29.335451 5.989053
v 33.078957 36.435486 11.503647
v 33.188286 35.270218 12.829754
v 32.915222 37.456032 10.111530
v 34.195778 30.788748 9.798776
v 34.462231 29.226503 8.584555
v 33.637329 31.217245 13.654545
v 33.354004 33.101822 14.959161
v 33.681175 30.147623 14.864556
v 32.635616 34.531868 16.389652
v 31.737951 35.364433 17.560490
v 31.140772 38.364143 15.421520
v 31.968193 38.656418 12.842191
v 30.767353 39.996788 13.892039
v 31.661577 39.874435 11.203684
v 30.378601 41.385979 12.070115
v 31.342373 40.847221 9.383398
v 29.984407 42.489998 10.024589
v 32.722107 38.333412 8.565719
v 30.897495 42.009804 5.265780
v 29.428864 43.825142 5.446070
v 27.102377 45.876648 5.993459
v 26.654049 46.206055 0.730759
v 29.227333 43.951401 0.567099
v 24.099567 47.787697 1.236369
v 23.817698 47.609657 -2.517706
v 20.108772 49.010384 -4.046188
v 20.254755 49.219574 -2.018776
v 20.426813 49.313698 0.019673
v 19.917154 48.478981 -7.045088
v 17.227594 49.089607 -6.616967
v 17.522598 49.564804 -3.632437
v 16.803852 48.086639 -10.450254
v 13.940252 48.430702 -9.961142
v 14.459224 49.388992 -6.124498
v 13.535125 47.378662 -12.726379
v 13.151831 45.925720 -15.328782
v 16.431469 47.006500 -13.208548
v 14.857057 49.823814 -3.149671
v 15.457169 50.069008 0.921865
v 17.974018 49.839180 0.466524
v 16.266853 49.689445 6.176395
v 18.633297 49.473747 5.658024
v 20.991749 49.007057 5.053848
v 20.629789 49.286217 2.063209
v 19.127028 48.896889 8.671741
v 21.436516 48.471436 7.921823
v 24.747911 47.239105 6.758629
v 22.063145 47.548401 10.647245
v 27.886049 44.260094 11.027363
v 25.758213 45.370705 11.993585
v 26.334126 43.953827 14.407554
v 28.376724 42.965927 13.333229
v 28.973507 43.433838 10.508328
v 29.415779 42.232567 12.696552
v 23.440647 44.816429 15.761122
v 24.069942 43.074173 18.054146
v 26.874916 42.290627 16.607153
v 22.761555 46.337372 13.281669
v 28.844872 41.379990 15.400819
v 27.435902 40.381355 18.463539
v 29.333586 39.559158 17.095915
v 28.015898 38.329956 20.043484
v 25.342739 38.869347 21.742584
v 25.749985 37.321060 22.686380
v 28.394894 36.882652 20.915089
v 24.702023 41.059517 20.036722
v 29.833408 37.620384 18.534180
v 30.157967 36.260170 19.336535
v 28.910309 34.605576 21.952772
v 29.401676 32.261551 22.721708
v 26.748922 32.493736 24.607649
v 26.274303 34.919823 23.801884
v 24.763119 32.398003 25.620283
v 21.754982 37.259811 24.435280
v 22.285582 34.772003 25.598366
v 21.337679 38.853424 23.479786
v 20.654087 41.107483 21.773783
v 22.715900 41.162910 20.953722
v 19.950953 43.194221 19.794769
v 22.047201 43.224258 18.966036
v 19.250858 45.032516 17.496826
v 21.372019 45.024078 16.655376
v 18.466578 46.662849 15.016572
v 17.620865 48.021034 12.288903
v 20.630016 46.601593 14.167936
v 19.843857 47.886856 11.496046
v 16.840488 49.100517 9.336069
v 22.740404 32.225700 26.463064
v 33.819550 28.988897 15.873693
v 34.962582 28.420904 5.034087
v 33.970928 34.940346 -3.713647
v 32.563507 36.455482 -7.837512
v 32.488857 35.263290 -9.794586
v 30.375483 36.684425 -13.220362
v 30.632385 38.163872 -11.267076
v 27.289591 11.899755 7.835165
v 26.629200 11.472481 7.543637
v 31.535004 7.330055 18.130806
v 30.741411 7.559441 18.851097
v 30.943169 6.981424 18.271961
v 30.491789 6.595327 18.453402
v 30.245205 7.137489 19.086033
v 29.862612 7.866899 19.798080
v 29.504099 7.193993 20.059633
v 29.912338 6.612865 19.359043
v 29.715309 5.957315 19.687317
v 29.310932 6.397911 20.381525
v 29.329866 4.814034 21.025158
v 29.731819 4.551880 20.338627
v 28.943188 2.115446 22.902462
v 29.759056 1.857038 22.005571
v 28.123318 1.320932 24.359552
v 29.133596 1.036512 23.063278
v 26.351982 1.472275 25.574659
v 24.784834 1.445551 26.354780
v 24.563301 3.018717 25.778210
v 24.531509 4.207500 25.318804
v 24.987946 0.455452 26.488420
v 26.570288 0.545879 25.657211
v 22.571041 1.174896 26.919134
v 22.165436 2.955669 26.378225
v 22.804544 -0.551891 26.944759
v 25.140305 -0.154356 26.356363
v 22.809845 -1.103984 26.675276
v 25.216011 -0.694046 26.015656
v 22.722723 -1.670409 25.907396
v 25.048496 -1.250149 25.105824
v 22.529306 -1.694524 24.995249
v 24.775923 -1.256573 24.078045
v 22.355360 -1.290084 24.468048
v 24.585587 -0.820751 23.496117
v 24.429081 -0.439146 23.145067
v 22.102280 -0.548917 23.760654
v 24.230877 -0.082163 22.830599
v 26.666595 -0.021389 25.516928
v 28.206240 -0.021175 24.148947
v 28.271328 0.466122 24.340391
v 29.796959 0.876287 22.125561
v 30.236662 0.821766 21.466270
v 30.213224 1.793211 21.347912
v 30.464201 0.770704 20.627998
v 30.420185 1.707003 20.534357
v 30.091614 0.218296 21.405611
v 30.305082 0.181087 20.554266
v 30.395241 0.143543 19.119299
v 30.608490 0.704857 19.241264
v 30.005119 -0.095758 20.445536
v 30.067814 -0.101151 18.988813
v 29.835876 -0.093017 21.283745
v 30.848450 0.720505 17.577160
v 30.646490 0.804096 15.868198
v 30.843679 1.558249 15.946068
v 30.954258 1.570259 17.739382
v 30.602100 1.588329 19.266052
v 30.624212 4.256308 17.051477
v 30.789680 2.204334 15.997726
v 30.311520 5.036848 17.969465
v 30.559477 4.733101 17.260611
v 30.491104 5.572130 17.776489
v 30.807850 5.732426 16.713226
v 31.069178 6.195850 16.609993
v 30.758545 6.025692 17.625496
v 31.123325 6.422241 17.501392
v 31.597839 6.786905 17.393616
v 31.434654 6.620022 16.528557
v 32.269455 7.147579 16.338558
v 32.603790 7.236229 17.123802
v 33.176804 8.343822 15.295648
v 29.508698 2.095207 13.137742
v 29.467699 1.500933 13.104415
v 29.180351 0.829258 13.233907
v 28.004116 1.303276 11.302988
v 27.392094 1.306797 10.797877
v 26.812431 2.183290 10.258598
v 25.776920 2.332523 10.241749
v 27.146944 3.552923 10.387825
v 27.656670 2.172581 10.554092
v 27.725861 3.485876 10.678115
v 28.293161 2.167643 11.141323
v 27.308432 4.640005 10.320555
v 27.245260 5.371391 10.183506
v 27.071035 6.156708 10.017772
v 25.915421 6.844082 10.351563
v 25.406778 7.989079 9.930383
v 26.241684 8.031485 9.623569
v 26.801151 6.964540 9.860463
v 26.141491 6.051748 10.486881
v 24.693394 6.554605 10.348863
v 24.805162 5.356617 10.426375
v 24.303045 7.790964 9.909979
v 25.234673 5.149694 10.665416
v 26.235998 5.317249 10.561442
v 23.552021 7.542391 9.422337
v 24.146025 5.090073 10.046649
v 22.892689 7.583931 9.665542
v 24.389153 4.079256 10.148306
v 24.751339 3.295525 10.197697
v 22.621101 7.949913 10.883831
v 22.305273 9.262140 10.637527
v 22.520220 8.831059 9.331014
v 22.878981 6.542397 11.314069
v 22.774527 8.381582 12.964729
v 22.448923 9.672222 12.923051
v 22.998760 7.065903 13.241581
v 23.092934 6.065346 13.685409
v 23.229683 8.890114 16.399414
v 23.137302 5.769939 20.664801
v 23.929235 6.583044 20.460707
v 21.646427 5.569162 17.560766
v 22.243187 6.117188 20.833679
v 21.978964 4.724852 15.304321
v 21.407562 4.906860 15.461997
v 20.847681 6.489622 17.740753
v 20.067343 6.803204 15.705695
v 19.852798 6.567472 15.098686
v 19.742720 8.301266 15.405232
v 19.614660 9.166496 15.117572
v 19.551132 8.050289 14.813528
v 19.411551 8.882278 14.507357
v 19.054668 7.807938 14.491165
v 18.872599 8.592136 14.200339
v 19.593513 10.003557 14.732025
v 19.349861 9.662653 14.058208
v 18.666216 9.263424 13.781614
v 19.332029 6.329706 14.800903
v 21.198399 11.824280 12.957545
v 20.920038 11.330753 10.564280
v 21.737146 10.494108 10.547585
v 20.946985 10.935204 8.069620
v 21.910019 10.132456 8.915684
v 22.232733 9.540291 9.121516
v 22.036451 9.944035 10.570168
v 22.780394 10.532267 7.365541
v 23.179495 10.047153 8.051299
v 22.428492 9.922766 8.295869
v 21.448851 10.793825 7.379555
v 22.786486 9.339582 8.659266
v 23.111525 8.673843 8.982344
v 23.522705 9.513483 8.675915
v 23.838570 8.903034 9.233331
v 24.228413 10.523867 6.988072
v 24.429825 9.985428 7.808892
v 24.623526 9.495399 8.570447
v 24.867041 8.975580 9.229695
v 25.691744 8.844778 9.245691
v 25.788071 11.390310 5.794368
v 25.655865 10.785236 7.172235
v 25.734312 10.087801 8.384564
v 23.689651 10.531471 20.488028
v 23.413948 11.241646 20.573387
v 24.023483 9.108774 20.400370
v 24.709953 9.023874 22.663729
v 21.530170 7.053095 20.825462
v 20.834866 10.363329 20.842485
v 20.794254 10.969223 20.846378
v 20.810225 11.444031 20.827883
v 20.873255 11.853014 20.799181
v 21.160229 12.442606 20.740175
v 24.282030 10.356297 22.957033
v 23.854813 11.177185 23.245310
v 25.170534 9.386177 23.528765
v 24.814686 10.245258 23.816322
v 25.358963 8.583275 23.358788
v 25.411085 7.849081 23.317282
v 25.264822 6.978403 23.452843
v 24.757408 6.252119 23.817135
v 25.501307 6.971861 23.650715
v 24.937386 6.196030 24.101290
v 25.681618 7.897516 23.469580
v 25.656475 8.659002 23.489475
v 26.122917 7.938772 23.420168
v 26.116129 8.807205 23.411627
v 25.184422 10.346256 23.941889
v 25.508137 9.477304 23.647888
v 25.981215 9.717632 23.562819
v 25.668217 10.646437 23.872587
v 24.632538 11.259808 24.370306
v 24.260590 11.147705 24.210201
v 25.126289 11.569712 24.339981
v 24.504953 12.465584 24.902023
v 24.031483 12.155027 24.896669
v 23.560791 12.969313 25.482759
v 23.173719 13.680836 26.100428
v 23.953617 13.312830 25.494150
v 23.467110 14.077576 26.103895
v 24.212479 14.414906 25.000546
v 22.559853 15.287251 27.381338
v 21.700174 15.839153 28.267920
v 21.105114 15.853489 28.557089
v 21.185488 15.347403 28.593935
v 21.705513 15.305153 28.278078
v 21.188923 15.028782 28.406300
v 21.608644 14.968342 28.072655
v 22.423800 14.774006 27.380308
v 22.156395 14.472586 27.142309
v 21.407650 12.660976 23.770058
v 21.217943 11.989668 23.618818
v 21.202999 11.531191 23.492722
v 21.223558 11.007818 23.346350
v 21.191811 11.921249 24.966473
v 20.963169 11.846319 25.369617
v 21.064682 9.396648 24.262695
v 21.321772 9.520445 23.956352
v 21.107355 8.745678 24.038706
v 21.388405 8.824848 23.751011
v 21.173613 8.210691 23.994038
v 21.470795 8.239574 23.730309
v 21.259504 7.775467 24.100697
v 21.582277 7.759493 23.848112
v 21.360895 7.423639 24.329765
v 21.737743 7.378786 24.058920
v 21.931273 7.078259 24.305008
v 21.918840 7.377211 23.015297
v 21.491596 8.896761 22.833498
v 21.641579 8.196808 22.848606
v 21.369587 9.658791 22.972717
v 22.166170 4.093994 14.884167
v 21.505186 4.242668 14.907135
v 21.953850 3.372610 15.386179
v 22.645794 3.435143 15.388726
v 23.204556 3.479176 15.204356
v 23.662985 3.476444 14.816959
v 22.944738 3.096195 15.834109
v 23.306253 2.716789 16.439707
v 22.599825 2.721645 16.552975
v 22.252974 3.035921 15.885051
v 23.483826 3.082850 15.620400
v 23.909838 3.064352 15.186401
v 20.022594 2.618158 16.041424
v 20.236227 2.276787 16.837450
v 23.530399 3.669544 14.127704
v 23.947021 3.323549 14.510426
v 35.435638 9.640898 13.413805
v 35.152122 10.234140 13.525893
v 34.890312 10.861275 13.629233
v 36.111557 11.507900 11.889645
v 36.292049 11.074511 11.714632
v 34.807503 11.937714 13.631536
v 35.881176 12.194530 12.278257
v 36.515266 10.661366 11.529737
v 35.833477 13.006899 12.502073
v 36.142437 13.084749 11.698466
v 36.138443 12.591696 11.654915
v 35.952286 13.566792 12.438185
v 36.218906 13.592087 11.670979
v 35.268227 13.857552 13.384101
v 35.644791 14.609653 13.288828
v 36.232941 14.182079 12.367289
v 36.477184 14.168890 11.619038
v 34.133640 14.201921 14.244911
v 36.312817 14.879461 13.316517
v 36.751514 14.387112 12.417706
v 36.983749 14.313925 11.644890
v 37.176517 14.415939 10.735561
v 37.314449 14.672092 9.652933
v 36.669918 14.329050 10.733400
v 36.806313 14.636522 9.669284
v 36.882263 15.066833 8.385430
v 36.419952 13.839706 10.709837
v 36.554474 14.245289 9.575417
v 36.508404 13.888567 9.484827
v 36.367699 13.408283 10.672865
v 36.622059 14.743902 8.288893
v 36.563206 14.438007 8.194026
v 36.407379 12.808418 10.519297
v 36.527168 13.380096 9.313554
v 36.562599 13.989183 8.034223
v 36.537754 12.263968 10.295478
v 36.686466 11.939117 10.120761
v 36.632080 13.558006 7.849008
v 37.685570 14.572565 8.169386
v 36.891205 11.642433 9.943567
v 37.825203 13.956244 7.973344
v 30.939741 13.954039 3.110289
v 29.984180 12.903698 -4.256351
v 30.107887 12.244528 -4.774874
v 31.096140 13.184628 -5.789166
v 30.282104 11.571753 -5.082144
v 31.177488 12.335938 -5.887172
v 32.119320 12.634745 -7.180787
v 32.584888 12.499498 -8.688058
v 32.198502 10.742496 -7.985545
v 31.878201 9.665966 -7.271536
v 31.358757 8.701399 -6.502273
v 31.978123 12.158459 -10.948488
v 24.407869 11.727507 -19.238001
v 27.920139 6.772890 -1.700465
v 28.000359 6.671558 -1.816387
v 27.822624 6.544844 -1.868761
v 28.196438 8.851730 -2.388409
v 27.948051 8.912155 -2.056111
v 27.750988 6.653049 -1.732050
v 29.268339 7.718611 -6.903095
v 25.496391 0.880447 13.197366
v 22.171490 9.767572 0.784633
v 23.961575 10.863012 1.658494
v 25.258314 11.484873 2.912640
v 25.677891 11.667000 3.653833
v 25.894817 11.712763 4.443283
v 25.468084 9.277132 8.786386
v 15.328794 7.609266 4.263246
v 16.015604 7.437510 3.969124
v 21.867147 6.775091 26.918934
v 21.579058 6.545187 26.727736
v 21.336138 6.787352 25.351065
v 21.567102 6.888100 25.613111
v 21.192156 5.115465 26.659870
v 21.470188 4.589169 26.551277
v 6.610216 9.145185 20.437912
v 8.328677 8.329128 19.668386
v 7.856521 7.281813 20.077995
v 4.951722 7.871843 20.599686
v 5.062241 6.473146 20.630116
v 7.462389 6.188431 20.480530
v 7.280829 5.494276 20.739159
v 4.942740 5.750391 20.675014
v 5.383061 10.015219 20.774731
v 4.112600 8.950464 20.707275
v 1.793409 12.817146 22.699947
v 1.428360 15.842318 23.519670
v 1.495022 16.057161 22.731987
v 2.039484 12.955997 21.933769
v 2.030167 15.438799 22.024418
v 2.946358 13.653212 21.458052
v 4.658796 11.525122 20.803743
v 2.636274 10.289328 20.880526
v 2.887136 11.695591 21.313633
v 3.752699 12.424038 21.099232
v 2.205229 10.935270 21.482405
v 1.879627 10.577324 22.183973
v -0.216175 4.261889 -5.534451
v 1.473656 3.796755 -4.684229
v 0.784389 3.820848 -2.758696
v -2.400974 5.318008 -2.374407
v -2.592815 5.496498 -1.374449
v -3.253904 6.271929 -1.664199
v -3.157883 6.102610 -2.711822
v -2.074347 5.155724 -3.760082
v -2.908607 5.991251 -4.173626
v -1.509892 5.166367 -6.219918
v -2.365767 6.109337 -6.687993
v 3.642864 6.211023 0.610369
v 2.558613 6.601067 1.899509
v 2.015560 5.818678 0.983825
v 3.091152 5.584824 -0.074662
v 3.072342 4.795013 -1.086539
v 4.804752 4.699194 -2.482723
v 4.446502 6.269426 0.228148
v 8.166743 5.354349 -1.346064
v 9.994923 4.751900 -0.524197
v 9.598109 6.212166 1.592852
v 7.205731 6.420317 0.486811
v 6.859339 8.210377 3.809482
v 5.722179 8.073599 2.800260
v 7.843220 8.246492 4.387126
v 10.256267 6.742638 2.350099
v 3.592625 6.278286 1.466724
v 4.595363 6.678860 1.682963
v 3.694524 6.177717 2.275418
v 4.418979 6.396395 2.859516
v 4.553067 5.521660 2.992378
v 4.144921 5.334351 2.609382
v 4.734518 7.439016 2.440823
v -2.667852 18.612852 -19.060646
v -1.118309 19.508543 -21.020315
v -1.221600 17.622107 -20.443748
v 0.259283 19.676340 -22.336796
v -0.867638 24.443048 -21.821909
v 0.477772 17.249933 -22.075851
v 9.534462 3.897642 20.297930
v 8.683374 4.326521 20.728725
v 8.823853 5.079407 20.047159
v 9.638291 4.598289 19.341669
v 9.950905 3.474962 20.089273
v 10.730978 4.061174 17.239590
v 10.738246 3.205795 17.305445
v 10.294377 2.931709 20.041309
v 10.818479 2.007919 17.247915
v 10.694283 1.989157 20.121517
v 19.227726 5.297619 25.259871
v 20.523830 5.923870 25.682346
v 19.452944 5.440254 24.107105
v 20.873167 6.540136 24.949839
v 20.141525 6.086124 23.861576
v 1.745144 7.993919 2.857831
v 1.615288 7.117161 2.002835
v 3.112013 8.023909 3.505193
v 2.588642 8.626238 3.773458
v 1.648384 8.836067 3.532860
v 3.423106 6.311180 2.972975
v 3.946065 6.450172 3.195651
v 3.861345 7.954786 3.490037
v 16.119463 4.367735 25.483522
v 15.341848 6.130041 25.172798
v 13.425632 6.015017 24.478333
v 14.851135 7.327629 25.182980
v 14.514710 8.505909 25.381519
v 12.599926 6.690735 24.515118
v 11.568631 7.139715 24.634880
v 14.665645 9.947176 25.729923
v 11.561295 9.577608 25.771667
v -4.474091 31.336550 14.676021
v 6.420955 4.633194 -3.284200
v 8.432757 3.724840 -5.862788
v 10.201027 4.245224 -4.117519
v 11.041998 4.341724 -1.840059
v 12.303673 5.001764 -2.358163
v 11.886755 4.221167 -5.284276
v 12.870061 -1.885768 17.380049
v 13.654061 -1.783181 17.706861
v 13.223536 -2.178012 20.879330
v 12.183997 -2.148540 19.924831
v 12.310182 -1.857799 17.188015
v 12.675835 -2.293170 21.423603
v 14.953453 12.285213 25.873489
v 13.359741 11.094326 25.851746
v 15.806800 11.203785 25.963858
v 16.594225 12.319876 26.235725
v 15.818783 13.339394 25.941711
v 11.455627 10.384148 25.801470
v 5.744831 6.193682 -0.190774
v 2.160950 4.029840 -2.035965
v 3.164406 4.005419 -3.630478
v 14.696993 -1.913653 21.443802
v 14.232246 -2.313919 22.085012
v 15.146361 -0.912045 17.257523
v 15.938878 -1.091145 20.519085
v -1.707926 9.766832 4.143557
v -2.081560 9.593737 5.298704
v -2.832754 10.118385 5.137468
v -3.024275 10.370314 3.848891
v 4.802063 14.769640 23.461464
v 4.056461 15.364553 24.220654
v 4.249172 13.775318 24.049072
v 17.183006 15.706238 26.348619
v 17.933937 14.446663 26.891113
v 18.863522 17.332708 27.340427
v 17.402935 16.715151 26.432758
v 17.458664 17.784391 26.512426
v 16.824402 17.420107 25.904903
v 16.735918 16.382383 25.810181
v 16.501284 15.525379 25.752693
v 18.806808 17.946547 27.261303
v 18.717571 18.764338 27.226763
v 18.795282 12.281603 25.691418
v 18.369493 11.937361 24.620054
v 19.381893 12.574518 24.309864
v 20.023514 12.917103 25.738798
v 18.357012 11.348484 25.872839
v 17.888102 10.697317 24.651833
v 18.832405 12.358540 26.219704
v 19.180223 13.041281 26.636957
v -6.570786 13.162228 1.421764
v -6.404533 11.688526 -0.093163
v -5.034851 10.866655 1.505744
v -4.700668 11.707628 3.368423
v -5.146076 13.679213 4.523730
v -3.244045 10.191460 2.124449
v 17.190163 -1.890928 23.913219
v 17.549107 -2.121363 24.675440
v 16.439043 -2.168911 25.216078
v 15.892788 -2.192774 24.286182
v 16.688091 -1.507829 22.716827
v 15.409445 -2.068467 23.263386
v 17.834585 -2.117128 25.433004
v 17.562435 -1.898314 26.178741
v 16.641750 -0.318161 19.983570
v 17.710136 -0.862597 22.468067
v 18.386688 -1.515984 23.925194
v 18.672045 -1.933580 24.710690
v 4.168972 9.298401 7.806085
v 1.856838 9.284683 7.164830
v 2.551147 9.241585 5.792929
v 4.867794 9.074457 6.378671
v 6.443136 8.929796 6.984262
v 6.134354 9.149920 8.681282
v 4.182853 8.979908 4.430953
v 16.240025 -1.899240 25.656393
v 15.457136 -2.122623 25.049679
v 15.556997 -2.290701 24.747690
v 16.081633 -1.520933 25.941956
v 15.259173 -1.800913 25.306787
v 12.341669 16.666899 20.040089
v 10.989890 16.786245 19.373777
v 11.477720 15.494949 19.878124
v 12.196346 15.943817 19.887356
v -1.930180 6.382387 0.657093
v -0.986122 5.697184 1.073002
v -0.050390 5.322447 1.280548
v 0.122831 6.608713 1.506848
v 18.756161 4.989891 16.064230
v 18.957706 5.482370 16.031471
v 18.940161 5.172209 15.304478
v 18.715092 4.308657 15.389539
v 19.055511 6.049311 15.998236
v 19.055147 5.815853 15.316384
v 18.879421 2.939667 15.859522
v 7.295046 12.857897 22.139744
v 6.150579 11.888149 23.253868
v 7.188404 11.216507 23.674429
v 8.424995 12.152010 22.426147
v 9.776570 11.165678 24.001856
v 9.920422 11.883862 22.846207
v 11.052926 12.062824 23.078184
v 12.521627 17.762606 20.825155
v 11.091011 18.745119 20.917133
v 10.888639 17.966467 20.138702
v 19.340611 0.360395 22.292450
v 19.308353 -0.132464 22.851831
v 18.225014 0.193995 21.606716
v 18.463463 0.604980 21.253609
v 19.196184 1.006697 21.089367
v 18.731569 0.894878 20.977890
v 19.856611 1.066896 21.185261
v 20.137245 0.313732 22.609945
v 20.229887 -0.229155 23.271154
v 18.777649 1.668461 19.003216
v 19.374868 1.752874 18.883236
v 18.269184 1.514004 19.079981
v 17.204254 0.943666 18.891930
v 17.835485 1.265335 19.183495
v 11.384989 5.973156 14.820391
v 10.812539 5.871321 13.846722
v 10.693457 4.611828 14.285052
v 11.155446 4.809509 15.093966
v 10.814392 3.939034 14.792318
v 11.088760 4.089737 15.214326
v 10.887587 4.951918 16.985897
v 11.277746 6.236933 16.591063
v 11.047008 3.434563 15.308664
v 10.896558 3.198860 14.998435
v 1.449114 17.650408 23.363197
v 2.028801 17.108980 22.057491
v 2.242859 18.287924 22.001169
v 2.069408 19.686594 21.976385
v 2.346237 18.112173 20.777363
v 2.415174 17.519896 21.463661
v 1.908003 19.236135 23.361757
v 1.930603 19.777716 23.523779
v 2.089458 19.588549 22.895201
v 2.096794 19.251493 22.858196
v 12.594029 -1.456215 15.252931
v 12.873811 -1.345983 14.683599
v 13.269608 -1.541598 15.231566
v 12.979486 -1.606289 15.581636
v 2.517193 9.840576 23.327343
v 1.546734 9.410252 21.602467
v 3.363707 10.582254 24.170923
v 2.985886 13.119059 24.331039
v 2.165096 12.836897 23.542368
v 3.308828 6.882759 23.261196
v 3.091417 8.555939 23.714062
v 3.536650 9.296360 24.247728
v 1.719805 4.523060 0.443971
v 1.330929 4.677984 0.887830
v 1.909634 4.353800 0.003116
v 11.356310 10.100874 6.885640
v 12.376196 10.103037 7.741693
v 10.034155 9.622046 7.997015
v 9.920025 9.616171 7.122929
v 10.579365 9.305792 5.406854
v 11.802099 10.048496 6.003085
v 12.929468 10.007380 6.575556
v 15.572750 2.996059 14.000332
v 15.842731 2.521044 14.481390
v 15.488539 1.489271 13.886481
v 15.259258 1.557863 13.360631
v 15.380098 1.010675 14.363308
v 14.926556 0.289597 13.776999
v 15.775558 1.987749 14.923356
v 13.182286 2.058224 13.156643
v 12.434031 1.672678 13.541398
v 12.109579 2.631767 13.737262
v 13.150860 2.769039 13.165944
v 2.440559 19.209497 25.862965
v 2.648026 18.288439 25.827257
v 3.746359 19.979563 26.960659
v 2.661339 20.176054 26.134750
v 3.768547 21.738100 26.948881
v 2.819553 21.300467 26.245018
v 3.561243 17.894384 26.337660
v 4.325410 18.934744 27.208420
v 8.149856 19.196257 25.924288
v 7.413010 18.755705 25.423092
v 9.313869 19.467833 23.751425
v 6.699821 18.221827 24.911089
v 8.526314 18.618692 22.657827
v 17.827320 22.070189 28.675592
v 17.796135 23.337008 28.827909
v 18.992836 20.948885 28.043715
v 17.250824 3.945564 16.201473
v 16.661169 3.804491 15.853568
v 17.855320 4.714935 18.292738
v 16.928509 5.059198 18.307695
v 16.247711 4.243767 15.718645
v 17.081800 3.295803 15.980723
v 16.572445 3.110132 15.828647
v 11.384338 5.380184 1.880374
v 12.106310 4.561966 1.253966
v 3.968644 7.727333 24.186449
v 5.697508 7.391142 24.679832
v 5.099921 8.953455 24.949778
v 4.154682 8.499537 24.545162
v 13.905346 -0.878856 13.911374
v 13.374158 -1.189691 14.163219
v 12.679586 -0.671499 13.573085
v 13.576594 -0.156295 13.120338
v 13.825694 -1.360258 14.851845
v 14.625262 -0.533489 14.766729
v 20.401554 14.139442 27.037554
v 12.223944 9.667383 8.670830
v 10.360415 9.258722 8.904750
v 3.581221 9.449957 8.525746
v 2.969843 9.637203 9.079075
v 6.702854 9.237944 10.776382
v 7.471862 9.085226 10.232236
v 14.134989 5.839329 2.550375
v 14.196400 7.939472 4.411788
v 15.097057 10.168526 8.652914
v 0.652554 12.843840 11.574821
v -0.793161 13.431541 10.431216
v 1.015490 11.904533 10.876905
v -3.022615 14.665714 8.792040
v -2.847359 13.658613 7.992391
v 0.147783 11.207064 9.386955
v 1.449011 10.468798 9.695061
v 2.702660 10.583717 10.767438
v -3.711855 12.982800 6.142589
v -2.376953 12.389776 7.480008
v -3.317682 10.658705 6.829448
v -2.513746 10.684925 7.874610
v -2.245886 11.346498 7.516869
v -3.463482 11.337336 6.081510
v -4.033045 11.573172 4.842468
v -3.497555 10.729219 4.609126
v -3.405640 10.595842 5.506025
v -3.349428 10.400625 6.312286
v -4.358795 13.185669 5.347795
v 17.538254 10.455957 13.478868
v 17.848429 10.090630 13.884433
v 16.110699 10.782051 11.579194
v 17.476103 10.901836 14.505613
v 16.495174 11.492510 14.101847
v 17.802444 10.457205 14.744052
v 14.361329 1.504971 12.584029
v 14.461636 2.533947 12.515196
v 15.274695 3.815323 13.624825
v 14.413307 3.259544 12.456907
v 14.202211 4.491285 12.213125
v 16.711077 0.872658 18.131191
v 16.604574 1.511448 17.324175
v 17.121473 1.678493 17.659161
v 16.281935 1.310793 17.101130
v 16.448259 0.613157 17.975544
v 15.689692 0.233612 16.852428
v 15.694163 0.892248 16.435522
v 16.959412 0.160835 19.735046
v -3.577055 10.013218 -10.452808
v -5.229080 13.154181 -10.578617
v -6.812702 16.198786 -9.730899
v -3.016827 15.841059 -17.257629
v -2.867758 13.529907 -15.829464
v -1.296999 14.786533 -19.064632
v -1.044020 12.638050 -18.001003
v -6.159388 20.375780 -14.240189
v -1.822798 10.331915 -14.463839
v -0.170822 9.903240 -16.721537
v 12.535955 8.603216 4.246981
v 1.619165 9.337809 7.912261
v 1.318983 9.463646 8.436848
v -0.010689 8.880466 7.729256
v -0.576628 8.788671 7.085365
v 0.191914 9.248859 6.324934
v 0.860470 9.346682 5.195621
v 0.064659 9.016575 8.163020
v -0.034180 9.218727 8.526423
v 10.728622 3.019068 14.389435
v 10.933598 0.904942 16.832857
v 10.108277 3.462477 -14.713107
v 12.218590 3.220928 -13.597819
v 11.069072 2.873577 -12.013130
v 10.697662 3.693605 -15.647252
v 1.257063 6.122684 1.371196
v 18.831020 -2.022793 25.770042
v 15.598057 1.186327 16.079071
v 15.256483 0.336617 15.756123
v 15.179979 0.507883 15.248003
v 15.561014 1.456623 15.706489
v 9.443788 2.731382 -10.627934
v 7.461617 3.349808 -12.063547
v 11.551283 2.626806 -8.847930
v 0.904812 3.637220 0.331721
v 0.687504 3.726496 0.671989
v 0.745071 4.873968 1.174290
v 0.245882 3.800890 0.743858
v 0.227976 3.519884 0.139251
v 15.365288 -2.313758 24.375319
v 14.907521 -2.310469 23.568377
v 20.745461 14.681370 27.696077
v -3.108849 9.706209 6.383043
v -2.515064 9.163366 6.354671
v 2.911022 5.210571 22.139454
v 1.114361 6.541262 20.729176
v 1.053253 5.530869 20.130016
v 3.061745 4.357256 21.493555
v 1.003531 8.585024 20.802307
v 0.508223 8.344173 20.079029
v -0.155540 6.529728 18.768602
v -0.090614 7.399054 19.157331
v -0.617455 4.077230 -1.857237
v -1.191196 4.284782 -1.446313
v -1.373653 4.357443 -0.634348
v -0.525040 3.872337 -0.866044
v -0.617121 3.868479 -0.182004
v 0.360920 3.556131 -0.492290
v 18.699951 4.784115 25.916157
v 18.066942 4.905424 25.818340
v 19.372173 4.869175 26.024982
v 19.589346 4.169754 26.209007
v 17.293554 5.580231 25.622820
v 18.754089 -1.649547 26.734238
v 6.269051 16.051004 22.725485
v 5.974181 16.933290 23.711830
v 6.199679 15.168259 22.381546
v 5.432404 13.168037 23.011276
v 6.488503 14.036263 22.087566
v 6.207804 18.398176 -25.938818
v 5.816229 21.463144 -25.812611
v 6.501448 16.421553 -25.744974
v 6.820255 14.535515 -25.378000
v 19.875286 18.759069 27.628288
v 19.970379 18.208178 27.762415
v 14.616099 5.754707 0.550400
v 13.569389 5.312782 -0.289919
v 14.654069 5.496630 1.504462
v 20.650759 5.890398 26.152260
v 20.888130 5.664000 26.596170
v 19.281040 5.238266 25.652174
v 12.815098 4.505207 0.427096
v 10.053638 2.988369 -7.575636
v 8.038982 2.964243 -9.300822
v 6.215858 3.357828 -7.539162
v 4.335468 3.618093 -9.051068
v 4.526303 3.693054 -5.656850
v 2.697514 3.726891 -6.956451
v 1.115885 4.329809 -8.416781
v 1.164808 5.777475 -12.346078
v 2.510748 5.811174 -14.082742
v 3.998823 4.490767 -12.705624
v 0.231403 6.907856 -13.028123
v 1.640871 6.920240 -14.914610
v -2.315575 7.796400 -9.958354
v -3.002401 7.425970 -7.766688
v -4.190384 8.986794 -7.192402
v -5.811428 12.024734 -7.462048
v -4.583851 8.551332 -4.642997
v -6.117603 11.164370 -4.517889
v -7.275669 13.361586 -3.862699
v -7.132166 14.619978 -6.841190
v -5.827744 10.168385 -1.202273
v -6.108900 10.596167 -2.609649
v -7.051706 12.463186 -1.813153
v -4.134024 8.297430 -0.501181
v -4.940657 9.805986 0.150006
v -2.901701 8.489910 0.657072
v -3.258366 9.577688 1.114488
v -1.818550 9.834181 2.377178
v -0.956341 9.739939 3.430391
v -0.876421 9.617466 2.557339
v 0.028191 9.579618 3.647134
v 0.345623 9.270521 2.949666
v -1.017887 9.343548 5.693367
v -0.459791 9.528664 4.595902
v 1.382370 9.312429 4.183140
v 2.900839 9.153151 4.532510
v -1.561520 8.844557 6.558881
v -2.205057 8.243799 7.675785
v -1.338284 8.189690 8.059021
v -1.778015 7.945803 8.914593
v -2.598831 8.011364 8.634296
v -2.983364 8.748520 7.587121
v -3.225304 8.624489 8.558382
v -3.315933 8.718966 9.579494
v -2.794840 8.143656 9.643297
v -2.869446 8.424047 10.697809
v -3.572968 9.404690 9.501389
v -3.519754 9.338354 8.565210
v -3.405369 9.398180 7.663685
v -3.533768 10.027349 9.465693
v -3.495443 9.968639 8.623033
v -3.499065 10.137316 10.472716
v -3.411375 10.022594 7.885310
v -3.035418 10.353355 9.556968
v -2.949560 10.351103 8.847069
v -3.031382 10.393431 10.487801
v -2.791250 10.419695 8.348057
v -2.513660 10.317926 9.708540
v -2.185143 10.151211 9.824833
v -1.982351 10.210192 9.274019
v -2.359438 10.367069 9.105654
v -2.582355 10.301699 10.546315
v -2.312510 10.126301 10.602737
v -1.816734 9.752295 9.956858
v -1.545626 9.766386 9.430988
v -2.006390 9.773666 10.689329
v -1.257896 9.843306 9.088267
v -0.740843 10.005507 8.836664
v -1.416851 10.486973 8.644334
v -1.768774 10.303680 8.928097
v 0.176487 10.229090 8.921478
v -0.794149 10.793186 8.639014
v -0.935974 9.353151 9.090542
v -1.313858 9.296497 9.498527
v -1.280188 8.990070 9.466987
v -0.850044 9.050165 8.978535
v -0.226522 9.495798 8.764104
v 0.959269 9.703062 8.796970
v -1.636400 9.320827 10.066398
v -1.857780 9.381634 10.800775
v -1.629070 9.033545 10.096227
v -1.862432 9.118416 10.858265
v -1.668459 8.734894 10.050535
v -1.923424 8.867685 10.853416
v -2.040525 8.627611 10.815378
v -1.774370 8.437120 9.961330
v -1.291464 8.659491 9.355313
v -1.388041 8.331053 9.191675
v -0.827923 8.750181 8.777960
v -0.914686 8.476053 8.511230
v -2.106989 8.068636 9.809296
v -2.329023 8.330408 10.753719
v -2.153280 8.736403 11.749630
v -2.446444 8.503893 11.758116
v -2.089638 8.703882 12.746935
v -2.408119 8.529018 12.807802
v -2.900045 8.636599 11.793085
v -2.805166 8.711908 12.925499
v -2.504425 8.581152 14.091343
v -2.161945 8.345182 13.889175
v -1.754147 7.967125 15.004141
v -2.049299 8.257971 15.285910
v -2.678989 9.063766 14.271518
v -3.061062 9.184931 13.025894
v -2.147789 8.774221 15.528874
v -3.245371 9.104252 11.816810
v -2.746943 9.603981 14.398319
v -3.198353 9.735659 13.076398
v -2.153093 9.338051 15.694542
v -3.447571 9.681259 11.763744
v -2.587940 10.117107 14.411088
v -3.077787 10.254614 13.051373
v -1.960661 9.868706 15.742004
v -3.364429 10.237131 11.703295
v -2.162731 10.277361 14.266003
v -2.646246 10.420382 12.942503
v -1.532623 10.028141 15.573902
v -2.918573 10.437359 11.649620
v -1.847275 10.110020 14.124384
v -1.698895 9.899012 14.041228
v -2.106934 10.086843 12.809849
v -2.293518 10.275644 12.854510
v -1.245623 9.829096 15.390310
v -1.130112 9.585426 15.278498
v -2.523752 10.313568 11.628448
v -2.298800 10.133722 11.630680
v -1.567852 9.542408 13.938593
v -1.915617 9.754650 12.763805
v -1.049459 9.189711 15.133608
v -2.050581 9.803286 11.652686
v -1.522209 9.161303 13.851495
v -1.558914 8.906708 13.807799
v -1.852051 9.138554 12.735958
v -1.829687 9.387918 12.740040
v -1.042685 8.781124 14.998755
v -1.098646 8.513075 14.923355
v -1.932066 9.432539 11.707603
v -1.945082 9.181265 11.745552
v -1.661964 8.666203 13.782515
v -1.826933 8.470675 13.790222
v -1.940207 8.905138 12.734918
v -1.219442 8.258158 14.872519
v -1.401674 8.058619 14.870787
v -2.020828 8.948288 11.753414
v -0.851429 7.491016 15.980490
v -0.646900 7.707024 15.981124
v -0.503401 7.986378 16.045052
v -1.229958 7.410009 16.156332
v 0.502735 6.214331 18.024078
v 0.081688 6.097746 18.275618
v 1.766682 5.353897 19.241440
v 1.345793 5.112164 19.520842
v -1.491156 7.756533 16.503822
v 3.893205 4.880548 20.471840
v 3.449675 4.140217 20.805294
v 5.547890 4.719704 21.070389
v 5.217894 3.912668 21.518917
v 4.862118 3.893024 22.207445
v 6.857401 3.878065 21.755238
v 6.636909 3.811636 22.526726
v 6.410320 4.320419 23.199654
v 4.583495 4.563934 22.857952
v 4.474126 5.305307 23.227928
v 6.245071 4.916885 23.567202
v 4.398053 6.213968 23.658581
v 8.618229 4.874905 23.599497
v 8.657151 4.324995 23.177153
v 8.232134 7.444885 24.923861
v 7.987274 8.604507 25.505173
v 10.032490 9.410126 25.810671
v 7.910763 9.496681 25.665682
v 5.876473 10.092564 25.139404
v 9.998691 10.179070 25.695599
v 7.946989 10.223368 25.371115
v 6.034267 10.697815 24.764761
v 5.296473 11.248465 24.354940
v 4.965750 10.757420 24.721880
v 8.191984 10.708656 24.579222
v 11.277370 10.954321 25.291780
v 9.918996 10.762993 24.961746
v 13.150055 11.575455 25.491833
v 12.608522 12.570019 23.455904
v 13.300871 13.951506 22.340088
v 13.515162 14.546926 22.088736
v 12.213322 13.600626 21.886206
v 15.789220 14.626772 25.067524
v 13.773282 15.167454 21.945343
v 14.073250 15.693226 22.056021
v 14.361389 16.120356 22.255962
v 15.322409 16.182154 23.621874
v 15.245398 17.042727 23.569675
v 14.032118 16.831133 22.030510
v 13.846895 17.704351 22.203983
v 15.058233 17.869238 23.684217
v 13.390440 18.519571 22.432625
v 13.845957 18.169790 22.503635
v 12.730377 19.201796 22.616623
v 13.999241 19.473494 24.413271
v 11.625139 19.843729 23.019274
v 12.406031 19.757700 23.195925
v 13.565462 19.989279 25.163048
v 9.009543 16.570612 20.221682
v 9.348438 15.757383 20.139378
v 10.722878 17.327261 19.500017
v 8.422842 17.570486 21.808607
v 10.336906 14.828661 20.278028
v 8.343063 14.061611 21.236984
v 7.700783 14.922821 21.247007
v 7.718483 14.246300 21.341671
v 6.796740 13.394999 22.077333
v 9.341404 13.435482 21.381212
v 10.200972 12.779913 21.792664
v 10.964552 13.136713 21.708462
v 7.509377 16.059271 21.450741
v 5.554773 17.242945 24.659533
v 5.556114 17.894690 26.392612
v 7.536076 19.151735 27.762856
v 4.712328 17.022459 25.355068
v 5.072974 18.020086 26.872158
v 4.160178 17.054564 25.819553
v 4.210340 16.241171 24.588512
v 3.646244 16.235788 25.085520
v 3.501250 15.355669 24.736115
v 2.889938 16.478052 25.222273
v 2.722090 15.404587 24.748537
v 3.757648 13.462847 24.458149
v 4.219514 11.903402 24.425224
v 4.683887 12.363838 24.012489
v 4.543163 11.297382 24.534170
v 4.957268 11.765274 24.145985
v 5.730198 12.485626 23.078968
v 1.904930 15.595455 24.230593
v 2.030632 16.912363 24.867214
v 1.459900 17.342047 24.166647
v 2.682682 15.894737 21.473242
v 3.703121 14.322680 20.825157
v 4.416864 13.285351 20.397190
v 5.138609 12.482723 20.024204
v 5.970993 11.819332 19.654694
v 5.731573 10.754431 20.506329
v 7.061254 11.139450 19.127243
v 6.946470 9.980953 20.092770
v 8.688565 10.423740 18.150366
v 8.649837 9.236673 19.237080
v 10.008933 9.016338 18.189463
v 9.808360 10.084311 17.312979
v 10.415353 9.913279 16.763550
v 11.569452 8.517611 15.957094
v 10.701530 7.759487 17.644241
v 11.023234 8.761194 17.241688
v 9.809973 5.336376 18.803331
v 9.005457 5.741312 19.618849
v 11.145463 8.875265 14.452229
v 10.458927 8.487480 13.312025
v 10.261772 9.829132 15.153746
v 9.791340 10.099291 15.659322
v 9.412836 9.454765 13.833485
v 10.899958 9.722578 16.251884
v 9.231614 10.375607 16.194283
v 8.249286 10.865206 17.037577
v 7.483430 10.729668 15.784052
v 8.379256 10.108873 14.936102
v 6.834824 11.687862 18.076492
v 6.255741 11.734404 16.787025
v 5.840097 12.384884 18.665621
v 5.336607 12.567036 17.406607
v 4.869534 11.567507 14.803482
v 6.019518 10.430302 13.971992
v 6.947327 9.755863 13.246008
v 7.551896 9.424467 12.691932
v 3.780415 9.900490 10.463069
v 4.125551 12.525333 15.449739
v 3.410711 13.635656 16.143328
v 4.530929 13.457327 17.991722
v 5.046016 13.086811 19.137192
v 4.354679 13.909079 19.600050
v 3.728223 14.910198 20.084732
v 3.841379 14.396175 18.560268
v 3.265776 15.432520 19.132196
v 2.929337 16.381021 20.803610
v 2.652390 16.942057 19.994823
v 1.844763 17.448549 18.799629
v 1.668123 18.716959 19.681992
v 2.289616 15.879705 17.684675
v -0.380928 16.722990 14.482169
v 0.269009 14.092775 12.446696
v 2.780800 14.760122 16.887342
v -3.168835 15.935743 9.776276
v -1.068844 14.681507 11.330544
v -1.456499 17.291021 13.389093
v -3.144035 18.429983 11.864214
v -5.200924 17.369757 8.196436
v -5.156841 16.048861 7.070244
v -6.962971 17.522009 5.232551
v -8.345348 17.730696 2.107164
v -8.385288 19.106092 3.286609
v -9.292618 20.847982 1.246869
v -9.208973 19.427248 -0.023781
v -8.096428 15.977938 0.666852
v -8.837883 17.507605 -1.568962
v -9.780834 21.918612 -2.824394
v -9.238333 19.681536 -4.486434
v -8.327681 17.204672 -5.838603
v -8.156912 15.497961 -2.860993
v -7.646080 14.255627 -0.644309
v -9.267227 22.000856 -7.132104
v -8.212284 19.148283 -8.560354
v -8.966953 24.547800 -9.612319
v -8.513529 26.546419 -11.423452
v -7.479292 23.429869 -12.946994
v -7.444784 29.234716 -13.734292
v -6.519354 26.061090 -15.348662
v -5.321163 23.031313 -16.638958
v -5.168749 28.285242 -17.250202
v -4.068836 25.163988 -18.588585
v -2.861153 30.965792 -19.357718
v -1.902737 27.695772 -20.828934
v -0.832855 32.564095 -20.463232
v -0.040949 29.214258 -22.019505
v 0.868643 25.691259 -23.061943
v 2.057732 30.489798 -23.011642
v 2.802423 26.771749 -24.094080
v 4.431619 31.346193 -23.781487
v 4.965511 27.544901 -24.865101
v 3.814743 20.873652 -24.957714
v 1.968464 20.222376 -23.751467
v 4.183241 17.901434 -24.988888
v 2.291069 17.463614 -23.649746
v 4.427162 16.004885 -24.726170
v 4.690691 14.197773 -24.299795
v 2.638075 14.046431 -22.796940
v 0.635941 14.186064 -21.027994
v 3.012682 11.716728 -21.906832
v 0.937225 12.010296 -20.083532
v 3.687299 9.139969 -20.550495
v 1.677139 9.444899 -18.767752
v 2.556507 7.845922 -17.558437
v 4.444939 7.670029 -19.210133
v 0.836475 8.054453 -15.693966
v 4.042714 5.779892 -15.625172
v 5.716593 5.713446 -17.018314
v 9.496029 5.763918 -19.292566
v 10.207214 4.466747 -17.342607
v 8.401363 4.341522 -16.459450
v 8.582952 7.624149 -21.759907
v 8.001104 9.161810 -23.208372
v 7.328193 11.969481 -24.592989
v 5.793488 9.011213 -22.106539
v 5.142378 11.716360 -23.470728
v 6.442391 7.550760 -20.679564
v 4.078470 34.831825 -22.211119
v 3.912844 38.045265 -20.268749
v 3.970606 41.111916 -17.948437
v 4.147346 43.270958 -15.900003
v 4.438929 45.031998 -13.474657
v 4.816867 46.469002 -10.875601
v 5.308544 47.545570 -8.142697
v 17.288795 27.610708 28.610823
v 16.552994 31.418921 28.027637
v 17.682247 24.999666 28.829056
v 15.588049 25.038641 29.299500
v 13.550354 23.854246 29.742376
v 15.687490 23.673464 29.459902
v 15.198397 27.405245 28.948374
v 13.621756 22.980627 29.683580
v 15.618588 22.649675 29.382526
v 11.383346 23.649916 29.701601
v 11.589912 22.839670 29.665123
v 11.823418 22.048304 29.390659
v 13.636753 22.051809 29.275999
v 8.418434 22.564272 29.105164
v 9.184255 21.421381 29.219006
v 9.553308 20.368376 28.786396
v 6.506102 20.442232 28.628164
v 7.187551 19.392855 28.316103
v 9.738199 20.035711 28.200331
v 6.030731 18.716070 27.653866
v 5.295582 19.704321 27.960751
v 13.517467 20.597486 27.855770
v 13.593256 21.021509 28.495441
v 14.719946 20.326563 27.395025
v 14.964529 20.741629 28.051441
v 15.652481 19.817369 26.921358
v 16.056244 20.209364 27.576223
v 15.364092 21.705084 28.941803
v 16.797691 21.041903 28.420925
v 16.843410 19.513086 27.128584
v 17.151690 19.039450 26.851992
v 18.282866 19.831736 27.553703
v 17.338669 18.564322 26.639843
v 18.535816 19.418306 27.319979
v 19.587851 20.060022 27.542711
v 19.408325 20.497419 27.736324
v 16.729424 18.232790 26.075712
v 16.338634 19.171778 26.490801
v 16.587780 18.713362 26.258255
v 15.195324 19.676905 26.135365
v 16.297571 16.243124 25.110495
v 16.090542 14.569695 25.651875
v 15.495728 13.585802 25.562391
v 14.708676 12.645079 25.538620
v 16.558580 14.487432 26.116203
v 6.086771 21.608072 28.382301
v 4.869333 20.888613 27.738174
v 4.738735 22.290571 27.523426
v 4.071148 27.646749 26.405586
v 3.557444 29.805761 25.640030
v 3.237019 27.160643 25.936863
v 5.048420 28.155840 26.891924
v 4.541676 30.396528 26.143627
v 1.560066 25.521627 24.237019
v 2.089649 23.049627 25.084995
v 2.166899 21.112566 25.409977
v 1.855688 20.895929 24.448914
v 1.801338 20.038694 24.424091
v 1.743668 22.436529 24.065853
v 1.680799 19.227163 24.169136
v 1.842834 19.079485 25.040939
v 1.927946 20.396364 23.516586
v 1.954248 20.516169 22.383991
v 2.078497 19.939276 22.937881
v 1.504940 20.504652 20.902632
v 1.452385 21.416899 21.405561
v 1.345062 22.760820 22.120262
v 0.663107 23.516024 21.181149
v -0.272964 24.268068 20.030912
v -2.578064 22.931280 16.054012
v -2.746239 21.913862 15.239708
v -1.532188 18.819269 14.797466
v -4.334862 21.969412 12.908899
v -5.721718 23.380816 11.525356
v -7.324799 24.207914 8.890881
v -8.145632 26.125181 7.535459
v -8.126024 21.795740 5.819430
v -9.073883 23.608397 3.973029
v -9.776491 26.258780 1.740529
v -9.953762 23.427446 -1.412111
v -10.176527 27.813643 -2.103901
v -10.164713 26.318308 -3.829542
v -9.926498 24.613249 -5.372249
v -9.917566 29.307295 -6.092838
v -9.651054 27.392206 -7.751205
v -9.419727 31.534208 -7.719583
v -9.157766 29.511606 -9.466791
v -8.906761 32.970444 -8.786839
v -8.656147 30.904551 -10.591851
v -8.226879 34.388748 -9.811948
v -8.004807 32.302299 -11.668325
v -6.495106 36.848480 -11.421783
v -6.392405 34.753792 -13.339697
v -5.979347 31.574114 -15.519100
v -3.661453 37.620789 -15.263250
v -3.498562 34.329521 -17.506073
v -1.348396 39.093697 -16.313406
v -1.304514 35.855865 -18.563675
v 1.199186 40.278931 -17.198345
v 1.175461 37.132660 -19.483124
v 1.484049 33.912193 -21.417572
v -1.177385 41.298721 -14.311062
v 1.390854 42.485870 -15.166877
v -3.568642 39.779152 -13.294666
v -3.365259 41.561020 -11.064355
v -0.941736 43.107384 -11.966310
v -6.369053 38.667732 -9.295184
v -6.023966 40.243919 -6.985619
v -3.025723 43.055161 -8.613726
v -5.405525 41.526367 -4.486109
v -2.469393 44.232269 -5.955308
v -8.183958 36.234200 -7.731308
v -7.857506 37.845406 -5.500305
v -7.215435 39.152771 -3.135525
v -6.117266 40.479538 0.101781
v -4.296438 42.846428 -1.009552
v -8.625792 36.371788 -4.595240
v -9.217129 34.831329 -3.666501
v -8.660955 36.111458 -1.505378
v -8.016329 37.669098 -2.329899
v -8.911823 34.776184 -6.748341
v -9.457653 33.274117 -5.733755
v -7.680752 37.391617 1.486777
v -9.283573 33.660446 -0.204342
v -8.410910 34.979393 2.588023
v -6.546810 36.535759 7.550542
v -8.729397 31.819845 4.149984
v -6.936123 33.507973 8.657290
v -5.949078 36.833832 8.964308
v -7.023516 27.525694 10.166904
v -6.419527 25.700968 11.241550
v -6.838057 25.069124 10.272702
v -5.936516 26.391348 12.213816
v -5.016859 24.971025 13.349556
v -3.198984 29.661955 17.038036
v -3.880692 30.530569 15.860418
v -3.841806 23.823290 14.640982
v -3.558247 24.819769 15.483328
v -1.134666 30.378267 20.508202
v -1.904369 31.449411 19.329830
v -2.615870 32.391884 18.060253
v -2.083200 25.618010 17.914810
v -2.406130 23.971758 16.832441
v -0.100527 26.408682 21.202099
v 0.652046 25.440073 22.253561
v 0.189001 28.374907 22.378561
v 1.030056 30.027216 23.460188
v 2.077404 31.136999 24.195904
v 0.903086 34.054451 22.186047
v 0.153269 35.633446 20.740770
v -0.971582 33.961601 20.211206
v -0.640640 36.964897 19.009483
v -1.714571 35.117424 18.670322
v -1.447344 38.010117 17.056240
v -2.457298 36.029846 16.944782
v -3.327974 33.195297 16.630547
v -3.234280 39.169754 12.753199
v -4.101742 37.021461 13.095521
v -1.531197 41.795586 12.399126
v -3.429409 41.918343 7.460782
v -5.132339 39.054214 8.253762
v -1.420631 44.150375 6.945538
v -2.697655 43.830498 3.414091
v 0.176676 46.357903 2.472927
v -0.488304 46.074738 0.561620
v 0.854265 46.524071 4.398282
v -1.433935 45.435867 -2.268598
v 1.783161 47.321503 -0.111339
v 0.918364 46.765099 -2.968400
v -0.048857 45.684669 -6.680106
v 3.448901 47.819717 -3.661359
v 2.551086 46.807434 -7.413251
v 2.027157 45.738472 -10.152237
v 1.659233 44.287712 -12.757753
v -0.590769 44.580368 -9.400473
v 4.231086 48.309319 -0.772516
v 3.031437 47.709450 3.809355
v 5.346521 48.627968 3.183736
v 4.726262 47.491615 8.769192
v 6.940824 48.360237 8.262737
v 1.539518 46.565338 6.333927
v 2.549614 46.378548 9.179571
v 3.504810 45.915680 11.933357
v 5.710836 46.984711 11.673100
v 0.470732 43.778946 12.189720
v 4.345644 45.023178 14.610859
v 0.322908 40.331596 17.193562
v 2.279114 42.024292 17.246136
v 1.205278 39.093262 19.411800
v 3.165321 40.651642 19.590687
v -0.618496 39.216171 17.128407
v 0.231995 38.073082 19.225307
v 4.058026 39.038597 21.711559
v 6.890413 40.625626 21.897408
v 6.014472 42.332726 19.659563
v 5.162790 43.829071 17.218719
v 2.085320 37.566025 21.387245
v 2.854343 35.785149 23.019634
v 4.855253 37.163002 23.515095
v 5.558268 35.129135 25.067520
v 5.978880 33.687759 25.929813
v 8.899723 34.919441 26.455982
v 8.446539 36.461464 25.522463
v 7.706709 38.637222 23.838774
v 3.537770 33.872543 24.416822
v 3.953522 32.525322 25.198778
v 6.571411 31.421679 26.950247
v 7.090321 29.081575 27.713020
v 10.120825 30.123781 28.327549
v 9.550119 32.536171 27.543280
v 12.294341 30.620867 28.409695
v 13.804758 33.563255 27.495625
v 13.116869 36.028648 26.367729
v 12.655499 37.615974 25.422091
v 11.935797 39.864891 23.724167
v 9.787539 39.319923 23.845949
v 11.163503 41.941772 21.760624
v 8.988433 41.363029 21.887436
v 10.321421 43.759827 19.494446
v 8.129642 43.136681 19.617853
v 9.531631 45.389374 17.015425
v 8.764299 46.758392 14.270221
v 7.314197 44.703728 17.146843
v 6.537831 45.990387 14.472761
v 7.920228 47.829140 11.331636
v 14.449262 31.044325 28.317890
v 1.262285 24.348600 23.157137
v -4.110292 22.851957 13.775149
v -8.641899 28.866858 5.819343
v -9.546799 30.453276 1.583058
v -9.982590 29.209955 -0.293225
v -9.758179 32.407120 -2.231231
v -9.957548 30.935877 -4.197388
v 8.124583 9.168230 12.122278
v 8.690009 8.915680 11.556196
v 9.976082 4.257462 22.949249
v 10.902822 4.732050 23.284359
v 10.651611 4.089483 22.806234
v 11.553549 4.473568 23.262711
v 12.108969 4.075558 23.336678
v 12.584560 4.782646 23.839869
v 11.973696 5.317381 23.795498
v 11.233398 3.850632 22.756863
v 12.609952 3.519495 23.508793
v 13.284774 2.207787 24.016077
v 13.831972 2.605192 24.491245
v 13.115793 4.089802 24.000027
v 14.725391 -0.285726 25.370724
v 15.702620 0.228266 25.865831
v 15.906406 -0.848123 26.023651
v 17.193043 -0.233175 26.808029
v 18.591021 0.295506 27.140556
v 19.703817 0.614634 27.247824
v 20.826767 0.881924 27.244463
v 20.359062 2.410845 26.719395
v 19.877813 3.537563 26.359241
v 19.812176 -0.340915 27.379631
v 20.969442 -0.113610 27.392923
v 18.674368 -0.634629 27.227997
v 20.946533 -0.747451 27.301048
v 20.885208 -1.307393 26.992289
v 20.808107 -1.853207 26.064182
v 20.628946 -1.846415 25.018749
v 20.440594 -1.410111 24.429888
v 20.277563 -0.653732 23.718895
v 19.348825 -1.429705 24.163816
v 19.232531 -1.021870 23.697361
v 19.776552 -1.463981 26.941198
v 18.710804 -1.191522 27.088781
v 17.407541 -1.557486 26.567335
v 17.293596 -1.095082 26.799160
v 19.803425 -0.943693 27.274204
v 15.017659 -1.230234 25.434135
v 14.092992 -0.504519 24.959389
v 13.614859 -0.688381 24.299421
v 13.880833 -1.593015 24.342436
v 14.395779 -1.436100 25.013632
v 14.664390 -1.980602 24.860107
v 14.153122 -2.121135 24.171867
v 13.211572 -1.774835 23.138351
v 13.502255 -2.264314 22.903326
v 13.798650 -2.420076 22.632633
v 14.444612 -2.313671 23.930498
v 14.922142 -2.218728 24.623365
v 12.296455 -1.923658 21.727461
v 12.031850 -1.126678 21.971895
v 11.349796 -1.220033 20.302860
v 11.700607 -1.896070 20.102074
v 12.975467 -0.924073 23.213556
v 11.525846 0.881914 21.595873
v 11.232929 -0.582888 20.367935
v 11.062838 0.595205 20.284977
v 11.254065 2.830486 22.074848
v 10.827438 2.398766 21.269051
v 11.126640 1.890333 21.339668
v 11.652843 2.377636 22.138439
v 10.478111 2.835033 21.256361
v 10.069578 3.202984 21.302986
v 10.821724 3.184301 22.080730
v 10.333580 3.459295 22.147114
v 9.767723 3.675667 22.272404
v 8.646416 3.821781 22.479132
v 8.632095 3.778751 21.621971
v 9.592295 3.507040 21.410082
v 7.076323 4.623894 21.131390
v 11.112845 -0.485003 16.943291
v 11.385589 -1.098904 16.873838
v 11.775546 -1.651263 17.123024
v 12.104557 -0.871992 14.214634
v 12.140355 0.092209 13.537995
v 12.991785 0.510372 13.099339
v 11.537860 1.328295 13.876842
v 11.537659 -0.124423 14.156860
v 11.176399 1.127218 14.377504
v 11.079977 2.327097 13.948131
v 10.732779 4.251080 13.561881
v 10.882774 3.039379 13.841066
v 10.812131 5.832415 13.073395
v 11.676815 6.032246 12.999990
v 11.751697 4.413166 13.610667
v 12.679741 6.134378 12.508626
v 12.909449 4.458902 13.069744
v 13.069590 3.359108 13.181529
v 11.931749 3.278595 13.758553
v 13.194385 6.066195 11.737841
v 13.463131 4.375996 12.253241
v 13.857704 6.296238 11.685476
v 13.646466 3.214140 12.461381
v 13.692996 2.554823 12.539215
v 13.607723 1.707325 12.688384
v 13.709236 7.575294 11.300837
v 14.327256 8.125097 12.421005
v 14.505309 6.793240 12.697808
v 15.048589 8.617523 14.576971
v 15.126934 7.291643 14.673965
v 16.507299 5.766945 18.243282
v 15.883115 4.768730 15.442373
v 17.371977 6.121620 21.912720
v 17.804140 5.433386 21.836479
v 18.715212 5.190561 21.651804
v 19.505289 5.697859 21.456884
v 18.802235 5.124275 18.203535
v 17.769794 4.124971 16.244663
v 18.110777 4.318869 16.194012
v 18.456766 4.604401 16.126017
v 19.208132 5.806496 18.120192
v 19.317776 6.838749 18.036617
v 19.044580 6.657440 15.934174
v 19.039961 6.451632 15.280203
v 18.562521 9.016548 15.352622
v 18.802015 8.166861 15.615355
v 18.787868 7.941513 14.983953
v 18.559612 8.760853 14.697945
v 18.196804 9.804499 15.044161
v 18.217546 9.501276 14.311195
v 15.430391 10.746174 14.308908
v 14.764417 10.253641 11.984512
v 14.402911 9.152418 12.232137
v 14.062622 9.813391 10.271228
v 13.698229 8.562769 10.933460
v 13.917063 10.139740 8.547379
v 13.512661 9.737137 9.292853
v 13.384596 8.709696 10.481631
v 13.111547 9.137178 9.867270
v 13.065601 8.588320 10.389810
v 12.208755 9.025541 9.729893
v 12.277973 8.493412 10.489449
v 13.061819 7.953581 10.833815
v 12.382969 7.925806 11.166707
v 13.091862 7.245800 11.222886
v 12.504210 7.287621 11.767663
v 10.795584 8.609674 9.992830
v 11.107136 8.086601 10.788686
v 11.387605 7.608959 11.530180
v 11.590046 7.083296 12.198294
v 10.915289 6.738779 12.549736
v 9.563152 8.491608 10.771715
v 8.711361 8.956415 9.614629
v 10.187387 7.871981 11.861297
v 14.209377 10.190556 8.148479
v 17.057411 10.618179 21.998014
v 16.904400 9.564438 22.004345
v 16.988174 7.920038 21.973927
v 17.354954 7.791491 24.298750
v 17.746067 6.019562 24.199249
v 18.359013 5.404032 24.208765
v 20.314312 6.724922 23.544571
v 19.787432 6.362125 21.284761
v 19.452625 10.778015 21.146193
v 19.304573 11.229446 21.164391
v 19.128916 11.604406 21.189087
v 17.468557 9.385250 24.479342
v 17.394558 9.187767 25.473700
v 17.193962 8.249727 25.310297
v 17.173124 7.416660 25.187138
v 17.305964 6.693979 25.127249
v 17.721609 5.903379 25.137430
v 18.284138 5.430305 25.199749
v 18.732367 5.292494 25.225349
v 18.235806 5.340708 25.512272
v 17.600672 5.845896 25.415262
v 18.735458 5.211691 25.572762
v 17.121761 6.677603 25.381275
v 16.706839 6.596823 25.523409
v 16.949192 7.418066 25.434481
v 16.477888 7.433594 25.564573
v 17.099022 9.193947 25.748093
v 16.926249 8.254251 25.564516
v 16.415802 8.354401 25.699472
v 16.569851 9.349760 25.905081
v 17.514322 10.244986 25.960789
v 18.017925 11.297991 26.240025
v 17.526234 11.470985 26.461298
v 16.990162 10.410162 26.157858
v 17.800255 10.226990 25.653507
v 18.455076 12.241640 26.623997
v 18.859894 13.066036 27.064182
v 18.027035 12.468180 26.818373
v 18.500935 13.369789 27.213913
v 17.302374 13.430077 26.544792
v 19.500814 14.851273 28.065033
v 20.471159 15.663994 28.542542
v 20.612982 15.149448 28.522169
v 20.700943 14.838978 28.275394
v 19.755234 14.393684 27.976648
v 19.968338 14.160738 27.631481
v 19.971724 11.812067 23.896969
v 20.054230 11.367460 23.749716
v 20.158319 10.232742 23.424719
v 20.576113 11.833496 25.104212
v 20.680300 9.429029 24.099531
v 20.721840 8.729855 23.899803
v 20.797497 8.143620 23.880608
v 20.877768 7.659090 24.005396
v 20.932249 7.263990 24.238791
v 20.947067 6.937992 24.524862
v 20.316101 7.697584 23.216181
v 20.229532 8.716894 23.115507
v 20.190758 9.490784 23.236111
v 17.599508 3.443169 15.904160
v 17.953693 3.615618 15.745116
v 18.333364 3.911871 15.570966
v 18.402914 2.871666 16.116653
v 17.969429 2.799622 16.339504
v 17.572376 2.712091 16.522087
v 17.002426 2.595274 16.589575
v 16.445812 2.447870 16.429255
v 17.595840 2.333891 17.028774
v 17.992800 2.443703 16.870218
v 18.047316 2.075315 17.571747
v 17.647366 1.910303 17.703720
v 17.047903 2.165625 17.057920
v 16.504972 2.009327 16.840361
v 18.545923 2.141716 17.456312
v 16.113777 2.207178 16.260220
v 16.269384 2.845953 15.594086
v 2.261702 6.683376 19.462255
v 2.146484 7.566694 19.542210
v 2.147200 6.207941 19.353237
v 1.986067 5.740017 19.254326
v 2.360016 8.236021 19.990479
v 1.735027 8.180758 19.395809
v 2.081011 8.739216 20.015587
v 1.643761 9.252182 20.105295
v 3.619861 9.599697 20.767546
v 1.522007 8.646835 19.433083
v 1.122360 9.129866 19.528328
v 1.159796 9.314619 20.379993
v 1.785450 9.958372 21.040695
v 0.654577 9.136030 19.772152
v 0.079874 9.128658 19.034517
v -0.560692 9.273853 18.126049
v 0.542107 9.179853 18.815617
v -0.103054 9.375933 17.926344
v -0.820286 9.693195 16.819935
v 0.879683 8.774250 18.660614
v 1.024502 8.370918 18.579554
v 0.277777 8.724718 17.590046
v 0.180628 9.061028 17.712673
v -0.548641 9.446066 16.604416
v -0.455715 9.161804 16.475594
v 1.085604 7.774105 18.421192
v 0.325298 8.220345 17.412338
v -0.402460 8.720655 16.303741
v 0.908119 6.839729 18.124798
v 1.023804 7.202265 18.240368
v -0.425400 8.276310 16.139202
v -1.476658 8.990881 16.930437
v 0.735241 6.489223 18.032082
v -1.515741 8.349089 16.774376
v 2.432249 9.890947 9.487751
v -0.749294 9.181509 1.882979
v 0.462563 8.696064 2.347982
v -0.786463 8.339930 1.567198
v 0.300863 7.870239 1.853080
v -2.443924 5.805008 -0.235626
v -1.299128 4.648233 0.354034
v -0.550982 4.153395 0.636312
v -0.643522 8.157003 -13.633711
v 4.956364 3.499929 3.436801
v 4.865218 3.374172 3.359216
v 5.031441 3.296480 3.229895
v 3.875193 5.385292 3.052540
v 4.213737 5.529369 3.253534
v 5.121989 3.427803 3.330323
v 1.621859 3.866302 -1.154597
v 1.150948 3.659431 -0.205432
v 2.358568 4.525667 -0.596600
v 14.893292 -0.630686 15.566159
v 8.949961 8.580957 4.866561
v 11.288111 7.413561 3.088307
v 7.890144 9.070602 7.215632
v 7.968004 9.157705 8.453722
v 10.802475 7.186922 12.065958
v -1.829161 10.643768 8.406312
v -2.161165 10.453691 8.729416
v -1.351276 11.039095 8.281885
v -0.840734 11.682022 8.770120
v 33.067699 16.608397 1.020572
v 33.515266 16.113432 0.247598
v 34.366875 18.778269 -3.417785
v 19.722761 19.357901 27.467110
v 26.442265 -3.507420 24.934494
v 26.644032 -3.617679 25.130724
v 26.232405 -3.344097 25.166363
v 27.317085 -0.731073 24.594742
v 27.479338 -0.405235 24.085442
v 26.867218 -0.396976 24.824505
v 26.944494 -0.846662 24.946392
v 26.854773 -1.340425 25.100451
v 27.638741 -1.091671 24.391396
v 27.861191 -0.933668 23.834885
v 28.281240 -2.257662 23.778223
v 28.066492 -2.458186 24.347935
v 28.295218 -2.660044 23.806890
v 28.231945 -2.875873 23.472942
v 28.065769 -2.394813 23.152283
v 27.924255 -2.929475 23.515823
v 28.056103 -3.242879 24.005074
v 27.732271 -3.164978 23.866322
v 28.144089 -2.918508 24.211185
v 27.740585 -3.147982 24.680056
v 27.665737 -3.484463 24.489819
v 27.662951 -2.644555 24.775284
v 27.188309 -2.774209 25.124456
v 26.796516 -2.817862 25.326302
v 26.545555 -1.381592 25.274736
v 26.558292 -0.911906 25.220955
v 25.926334 -0.992025 25.265978
v 26.473103 -0.501765 25.113165
v 25.975288 -0.540584 25.176514
v 27.468611 -1.016856 23.009468
v 27.235413 -0.392265 23.187836
v 27.769909 -1.712339 23.081564
v 27.781570 -2.551632 23.213915
v 27.445910 -1.871765 23.071968
v 27.415222 -2.719876 23.517447
v 27.038460 -2.985408 23.956976
v 27.463638 -3.422741 24.269978
v 26.895910 -3.560015 24.674044
v 26.555958 -3.016507 24.297203
v 27.092997 -3.648712 24.907007
v 27.218168 -3.299906 25.075279
v 26.801262 -3.297997 25.296368
v 26.469128 -3.194120 25.317142
v 26.258129 -2.856187 25.328657
v 26.881847 -0.526486 23.091421
v 27.093102 -1.181252 22.934832
v 27.089762 -2.043692 23.320665
v 26.264603 -2.317125 24.048018
v 26.118624 -2.993087 24.698368
v 25.864922 -2.291737 24.488453
v 26.042919 -2.929674 25.050434
v 25.837503 -2.234519 24.945532
v 25.604959 -1.067331 24.910286
v 25.628571 -1.526720 24.838823
v 25.722153 -0.592796 24.901913
v 26.580864 -0.668343 23.248619
v 26.242355 -0.807329 23.554686
v 26.155636 -0.069800 23.669142
v 26.383131 0.039055 23.447927
v 26.738956 -1.357500 23.134092
v 25.946920 -1.607923 23.808943
v 25.875660 -0.904860 23.916370
v 25.599054 -1.578624 24.279961
v 25.624130 -0.878736 24.363567
v 25.758156 -0.121422 24.676491
v 25.740858 -0.148308 24.368273
v 25.881613 -0.139697 24.008795
v 29.929867 -2.571470 19.438175
v 29.753231 -2.477387 19.193174
v 30.028982 -2.528326 19.324516
v 30.269043 -2.551862 19.540730
v 28.703236 -2.715819 19.857279
v 28.785742 -2.654269 19.641575
v 28.988964 -2.588867 19.448174
v 29.127993 -2.660589 19.842388
v 30.113302 -2.736020 20.119623
v 29.922955 -2.797413 20.238445
v 29.842773 -2.716423 19.991655
v 30.098261 -2.681910 19.902384
v 30.351810 -2.615680 19.906651
v 30.282803 -2.696239 20.230612
v 30.078110 -2.802985 20.440887
v 28.729944 -2.821630 20.398277
v 28.705811 -2.803825 20.270988
v 28.919281 -2.808126 20.314718
v 28.904325 -2.847011 20.476381
v 28.601248 -2.788516 20.457563
v 28.520042 -2.759888 20.300219
v 28.784710 -2.812553 20.628366
v 29.184830 -2.858629 20.765301
v 29.237007 -2.862442 20.555408
v 28.741894 -2.653910 20.811836
v 28.470720 -2.619306 20.618803
v 29.200722 -2.705571 20.932390
v 29.728363 -2.856860 20.746548
v 29.755064 -2.683872 20.916084
v 29.763758 -2.151567 21.111063
v 29.205229 -2.225840 21.111759
v 30.216515 -2.550829 20.756077
v 30.235807 -2.002928 20.957123
v 30.510086 -2.404237 20.451632
v 30.540148 -1.847699 20.615551
v 30.443027 -1.048391 20.743364
v 30.151819 -1.133090 21.072914
v 30.635136 -1.733490 20.152441
v 30.548431 -0.958151 20.295443
v 30.532866 -1.639274 19.657221
v 30.461193 -0.880091 19.829300
v 30.228674 -0.121437 20.027306
v 30.315289 -0.151162 20.424812
v 30.151184 -0.834805 19.457766
v 29.628216 -0.885136 19.240280
v 28.818541 -0.293703 19.302355
v 29.163723 0.922960 19.778593
v 29.492844 1.008310 19.976181
v 28.574436 0.797878 19.643103
v 28.085409 0.707531 19.664585
v 27.514389 0.580351 20.373690
v 27.572073 0.589760 20.069456
v 27.600986 -0.082106 20.007837
v 27.513563 -0.116504 20.423838
v 27.768803 0.642546 19.809706
v 27.808788 0.003624 19.661909
v 27.884256 -0.619822 19.540562
v 27.670120 -0.710437 19.935596
v 28.265842 -0.462610 19.321537
v 28.398727 -1.117990 19.213947
v 27.996643 -1.298807 19.485897
v 28.988743 -0.977692 19.147161
v 29.744867 -1.692373 19.083443
v 29.171280 -1.770672 19.045010
v 30.201420 -1.608563 19.268421
v 30.495628 -2.178885 19.533512
v 30.197197 -2.130084 19.172037
v 30.607960 -2.285579 20.002800
v 30.407915 -2.617829 20.322985
v 30.502352 -2.526457 19.936560
v 30.162401 -2.755189 20.581644
v 29.684977 -2.878654 20.597288
v 29.628925 -2.849188 20.428476
v 28.486462 -2.720371 20.090368
v 28.508736 -2.653990 19.825201
v 28.282907 -2.537681 20.110926
v 28.309612 -2.469248 19.798050
v 28.328342 -2.582123 20.388199
v 28.327637 -2.207561 20.808157
v 28.118280 -2.185091 20.542576
v 28.691216 -2.211405 21.001928
v 29.077887 -1.280708 21.239847
v 28.495701 -1.453229 21.149805
v 29.702868 -1.198660 21.236610
v 29.943272 -0.279828 21.094263
v 30.211250 -0.211884 20.812733
v 29.978706 0.398827 20.850481
v 30.050467 0.447933 20.512928
v 29.746094 1.030094 20.580370
v 29.690355 0.978220 20.892605
v 29.680353 1.042810 20.258005
v 27.774940 0.614538 20.907145
v 27.745287 -0.029776 20.961470
v 28.097784 0.618870 21.070450
v 27.570406 0.596546 20.659302
v 27.555199 -0.080544 20.741213
v 27.657492 -0.773256 20.801056
v 27.824398 -0.726397 21.035257
v 27.586620 -0.769715 20.419170
v 27.771727 -1.552424 20.296980
v 27.882322 -1.602795 20.681658
v 27.810150 -1.444692 19.868258
v 28.230021 -1.932233 19.441799
v 28.041975 -2.048728 19.806665
v 28.613617 -1.833398 19.144785
v 29.207508 -2.195189 19.049234
v 28.751816 -2.271789 19.199194
v 29.782978 -2.142463 19.022686
v 30.145447 -2.406584 19.183292
v 29.768822 -2.381289 19.066406
v 30.413286 -2.452745 19.510733
v 29.290447 -2.489891 19.262966
v 29.235046 -2.400824 19.145266
v 28.845310 -2.496479 19.309990
v 28.615072 -2.581911 19.558746
v 28.458405 -2.369398 19.479923
v 28.014784 -2.129987 20.192646
v 28.113142 -1.577714 20.970987
v 28.146526 -0.641219 21.142923
v 28.769985 -0.496026 21.233135
v 29.180561 0.756279 21.227907
v 28.683979 0.648737 21.213448
v 29.497997 0.881081 21.126072
v 29.428623 -2.598224 19.710575
v 28.445812 -2.243694 15.452464
v 28.344589 -2.213333 15.789471
v 28.191740 -2.218583 15.521630
v 28.446173 -2.221229 15.261949
v 28.136154 -2.186489 15.205751
v 29.122181 0.757469 17.307369
v 29.848232 0.008587 17.225073
v 29.704353 1.232559 17.253368
v 29.253025 1.271791 17.312160
v 30.351013 0.112452 16.935463
v 30.104450 1.292316 16.893944
v 28.864719 0.377850 17.257257
v 29.436352 -0.299386 17.199451
v 30.396723 -2.091030 16.451906
v 30.490711 -1.799246 16.630400
v 30.137745 -1.897547 16.869951
v 30.138840 -2.178569 16.476185
v 28.209856 1.059542 17.049816
v 28.468214 0.690048 17.203541
v 28.689499 1.007668 17.238384
v 28.440630 1.219961 17.019600
v 30.505074 0.289726 15.933249
v 29.875603 1.127733 15.786634
v 30.073864 1.339401 16.290876
v 29.054043 -0.462390 17.111414
v 28.433735 -0.302584 17.053909
v 28.356941 -1.364689 16.686974
v 29.108240 -1.458207 16.883224
v 27.480444 -0.798584 16.495701
v 27.938578 0.086082 17.073521
v 27.174692 -0.332526 16.591351
v 28.480919 -2.180118 14.999828
v 28.642578 -2.111281 14.750195
v 29.041946 -2.016838 14.573583
v 29.508472 -2.030634 15.007430
v 28.562534 0.832277 14.531276
v 29.227383 -0.095594 14.395192
v 28.500208 -0.465536 14.422912
v 27.949932 0.273293 14.621281
v 27.934458 1.069061 14.682814
v 27.552156 0.623789 14.775151
v 29.371984 1.052553 14.726192
v 29.890469 0.112516 14.717262
v 28.823076 1.355251 17.251650
v 29.756969 1.151157 15.263929
v 30.294868 0.278233 15.362579
v 30.812523 -0.911129 15.874852
v 30.658146 -0.853540 15.214154
v 30.542889 0.229542 16.463654
v 30.732948 -0.996517 16.414970
v 30.484453 -1.099467 16.800821
v 30.135406 -1.241468 16.990509
v 29.702911 -1.388030 16.999020
v 29.751068 -1.958775 16.862373
v 29.790119 -2.193505 16.493530
v 29.130596 -1.963966 16.691683
v 29.240761 -2.164371 16.404905
v 28.498497 -1.947727 16.383118
v 28.681179 -2.177913 16.096989
v 29.374979 -2.186028 16.054026
v 30.019773 -2.143683 15.983746
v 30.503473 -2.023654 15.931014
v 30.387459 -1.971985 15.394097
v 30.643234 -1.630173 15.260314
v 30.728199 -1.703200 15.887877
v 30.121344 -1.941551 14.887193
v 30.309292 -1.572403 14.655037
v 29.659285 -1.894464 14.491602
v 29.700439 -1.614354 14.293257
v 28.885838 -1.784724 14.274028
v 28.386755 -1.958832 14.533939
v 28.178041 -2.094735 14.865795
v 27.750538 -1.874272 15.190474
v 27.836483 -1.719416 14.769939
v 27.828371 -1.955314 15.606813
v 28.065113 -1.974036 15.986952
v 27.745205 -1.374244 16.236301
v 27.388119 -1.297785 15.217374
v 27.488642 -1.120409 14.804607
v 27.813959 -0.841613 14.560862
v 28.115314 -1.517951 14.433103
v 28.804970 -1.351297 14.228209
v 29.620644 -1.041954 14.233897
v 30.241652 -0.861557 14.596201
v 27.368570 -0.154429 14.792540
v 26.687428 -0.175941 15.498381
v 26.789574 0.015802 15.188416
v 26.811462 -0.322352 16.010794
v 26.626095 0.189823 16.190788
v 26.545998 0.312057 15.721750
v 26.899673 0.137320 16.646711
v 26.804722 0.689520 16.669250
v 26.619911 0.726120 16.311558
v 27.589811 0.461571 17.053892
v 27.368599 0.901701 16.982370
v 27.968037 1.278564 17.008858
v 26.586716 0.829586 15.904049
v 26.750751 0.940878 15.550070
v 26.723534 0.510349 15.354695
v 27.132118 1.111605 15.411874
v 27.042892 0.705704 15.148292
v 27.075676 0.259710 14.960903
v 27.354218 0.907705 14.993646
v 29.706585 -2.314182 21.652334
v 29.622177 -2.385567 21.330578
v 29.499773 -1.861500 21.262257
v 29.662733 -1.851054 21.688423
v 29.622272 -2.679092 21.597879
v 28.094959 -2.687614 22.724331
v 28.590223 -3.126778 22.800400
v 28.209709 -2.657443 23.149603
v 29.128201 -1.974976 21.075140
v 29.300232 -2.484456 21.190105
v 28.783478 -2.181517 21.146418
v 29.317062 -2.023398 22.797735
v 29.276176 -2.576302 22.802990
v 29.558907 -2.543283 22.251808
v 29.558945 -1.970513 22.296249
v 29.037598 -2.199170 23.115900
v 28.639107 -2.535705 23.281284
v 29.069645 -2.981217 22.886827
v 28.819464 -1.595909 23.285057
v 28.310472 -1.791418 23.416769
v 29.191647 -1.428607 22.945503
v 28.998455 -0.750360 23.093836
v 28.616123 -0.895571 23.397703
v 29.458921 -1.296366 22.416275
v 29.273174 -0.609446 22.575592
v 29.550541 -1.162199 21.786840
v 29.315929 -1.152458 21.332907
v 29.294313 -2.791903 21.456800
v 29.435535 -2.975899 22.210957
v 29.009266 -3.150789 22.128214
v 27.861895 -1.929726 23.134628
v 28.117817 -1.062418 23.495878
v 27.646294 -1.188882 23.143606
v 28.390556 -0.218283 23.432917
v 27.957535 -0.355324 23.493454
v 28.766642 -0.092759 23.148617
v 29.006220 0.014755 22.731667
v 29.352827 -0.459607 21.943645
v 29.001127 0.134108 22.146574
v 29.093000 -0.465515 21.482700
v 28.515432 -0.674506 21.204113
v 28.813938 -1.356920 21.074392
v 28.350544 -1.700789 21.106041
v 27.985443 -0.940800 21.173443
v 28.093704 -1.914745 21.351660
v 27.726377 -1.110707 21.347866
v 28.660727 -2.521113 21.434063
v 28.462364 -2.778047 22.008869
v 27.887394 -2.056856 21.794256
v 27.693802 -2.052283 22.546751
v 27.384233 -1.288836 22.504406
v 27.512112 -1.254385 21.774399
v 27.567499 -0.481515 23.170317
v 27.851076 0.102816 23.373877
v 27.551968 0.005426 23.127075
v 28.203413 0.192547 23.339825
v 28.520958 0.295130 23.118904
v 28.692022 0.398336 22.757511
v 28.713757 0.492800 22.355556
v 28.767391 0.116539 21.733326
v 28.261086 -0.070219 21.482914
v 28.083107 0.353531 21.721601
v 28.424274 0.477566 21.857124
v 27.792637 -0.268940 21.427773
v 27.565945 -0.401424 21.556997
v 27.360504 -0.543530 21.939058
v 27.284376 -0.582684 22.562107
v 27.314766 -0.044080 22.603321
v 27.701134 0.219444 21.694479
v 27.514011 0.126972 21.797655
v 27.359436 0.013412 22.088528
v 29.819473 -2.270738 17.020634
v 30.128187 -2.286421 17.021646
v 30.350233 -2.380514 17.250002
v 28.928509 -2.518297 18.675304
v 29.023354 -2.533985 18.594389
v 29.150164 -2.515797 18.677950
v 29.129213 -2.499050 18.843872
v 28.849743 -2.542146 18.466154
v 27.940460 -0.723886 18.849949
v 27.681568 -0.616135 18.554897
v 28.196915 -0.439882 19.044004
v 27.766693 0.005365 18.868706
v 28.603891 -1.042333 19.123604
v 29.220680 -2.533396 17.561739
v 29.660553 -2.399469 17.412725
v 29.702890 -2.456490 17.669601
v 29.574297 -2.348561 17.225040
v 27.815058 0.712425 18.778406
v 27.435104 0.676386 18.509464
v 27.328569 0.018867 18.412289
v 27.533163 -0.556402 18.134558
v 30.287422 -2.467352 18.007622
v 29.728384 -2.473457 17.993835
v 28.924034 1.004700 18.962767
v 28.392813 0.851358 18.944380
v 29.174213 0.486179 19.042082
v 29.195621 1.142609 18.845886
v 29.464260 -0.004930 19.132593
v 29.352339 1.228701 18.595411
v 30.258678 -0.549117 18.972393
v 30.480616 -0.443875 18.551281
v 30.549948 -0.402139 18.097155
v 30.372845 -0.401644 17.626461
v 30.760088 -1.253071 17.848677
v 30.578802 -1.245377 17.353615
v 29.989723 -0.457061 17.265118
v 30.205669 -1.309104 17.005285
v 29.728348 -1.414343 16.832417
v 29.469643 -0.541388 17.033037
v 30.261696 -1.894049 16.897696
v 29.825579 -1.926645 16.810343
v 29.329800 -1.985738 16.856693
v 29.149212 -1.472018 16.815987
v 28.983686 -2.157566 17.052212
v 28.723320 -1.663961 16.949547
v 29.420034 -2.203574 16.927994
v 29.122759 -2.346429 17.136271
v 28.799171 -2.342923 17.352377
v 28.964359 -2.509665 17.423779
v 29.226095 -2.400152 17.219887
v 29.086033 -2.539604 17.490318
v 28.867027 -2.593619 17.785872
v 28.709545 -2.459707 17.725075
v 28.997580 -2.614632 17.840689
v 28.985844 -2.582891 18.194983
v 28.800983 -2.576454 18.208767
v 29.501514 -2.466527 18.752800
v 29.952524 -2.401550 18.807301
v 30.002106 -2.328790 18.937656
v 29.496841 -2.436975 18.926435
v 30.274414 -2.419567 18.471859
v 30.415096 -2.337084 18.604219
v 30.474436 -2.452139 18.058247
v 30.693115 -2.321518 18.124817
v 30.559544 -2.437391 17.573988
v 30.708464 -2.320008 17.575062
v 30.368675 -2.456974 17.598520
v 30.531666 -2.249125 17.134472
v 30.607639 -1.924352 17.178789
v 30.783335 -1.988997 17.640390
v 30.203592 -2.174535 16.905828
v 29.839684 -2.159781 16.866879
v 29.488214 -2.276967 17.039591
v 30.697731 -1.310290 18.379753
v 30.754938 -2.017244 18.201178
v 30.452377 -1.408256 18.867744
v 29.811892 -0.690617 19.182323
v 29.972712 -1.586996 19.114876
v 29.186676 -0.857147 19.219997
v 28.818594 -0.191572 19.161221
v 28.531496 -1.877105 18.858202
v 28.905031 -1.806339 19.082514
v 29.400564 -1.731672 19.153332
v 30.007183 -2.093111 19.021193
v 29.420502 -2.212412 19.063549
v 30.496815 -2.014676 18.731279
v 29.001694 -2.266397 18.990164
v 28.744078 -2.320707 18.796694
v 28.644764 -2.381536 18.523367
v 27.899372 -1.301678 17.924810
v 27.534063 -0.470624 17.692495
v 27.959110 -1.263148 17.491648
v 27.728979 -0.314842 17.318954
v 28.120476 -1.153292 17.174601
v 27.256901 0.064650 17.952721
v 27.375568 0.207294 17.617973
v 27.277128 0.655680 18.159069
v 27.364431 0.710110 17.799221
v 29.381302 1.261509 18.245047
v 29.279613 1.250496 17.880112
v 29.051277 1.185785 17.622021
v 29.642498 0.177784 17.458614
v 29.122366 0.115391 17.262232
v 28.844719 -0.692296 16.925308
v 28.387882 -0.047450 17.163765
v 28.384005 -0.965569 16.969980
v 28.498413 -1.877179 17.228577
v 28.392639 -2.007748 17.602291
v 28.629890 -2.451324 18.156200
v 27.957079 -0.206594 17.204016
v 27.652348 0.317812 17.414608
v 27.636944 0.797657 17.544579
v 28.066105 0.905598 17.445326
v 28.672346 1.066841 17.476130
v 29.422894 -1.844995 13.911541
v 28.584480 -1.992494 13.368508
v 29.161894 -1.874394 13.165366
v 29.115189 0.978357 14.264570
v 28.674248 1.071995 14.504013
v 28.619236 0.703014 14.809270
v 29.230026 0.249922 14.545132
v 27.003117 -0.422214 13.525680
v 27.511456 -0.877553 14.276539
v 27.120518 -0.093652 14.619964
v 26.916370 0.047802 13.554493
v 27.463234 -0.864327 12.636024
v 28.010773 -1.515988 13.817705
v 27.083130 0.009127 12.846285
v 27.407730 0.098886 12.383716
v 27.708380 -0.512452 12.070222
v 27.043953 0.602762 14.733121
v 26.940239 0.548803 13.677299
v 29.958696 -0.588994 14.240025
v 30.434237 -0.051961 13.426728
v 29.612240 1.101894 13.765691
v 29.851290 0.251715 12.052479
v 29.134087 -0.700813 11.393438
v 28.791328 0.082525 11.675151
v 30.184328 -0.571083 11.773913
v 29.873877 -1.176742 12.300472
v 28.294193 -1.204016 11.726996
v 28.246540 -1.558400 12.174004
v 30.775522 -0.848263 13.049642
v 29.035744 -1.291699 14.413408
v 28.456764 -0.616434 14.734341
v 27.914047 0.090891 15.004987
v 28.196327 0.959747 15.044354
v 27.677715 0.675182 15.139286
v 30.184246 -1.358841 13.757763
v 28.449902 0.661737 12.011393
v 27.269484 0.671412 12.669313
v 28.227076 1.198027 12.386310
v 27.011572 0.574261 13.053378
v 29.071377 1.353493 12.704500
v 25.024334 -4.235435 26.024149
v 24.685635 -4.419215 26.214439
v 25.236227 -4.520671 25.774952
v 24.587204 -4.158382 26.259811
v 24.471642 -4.565734 25.757513
v 24.780607 -4.282990 25.816540
v 25.066568 -4.504282 25.581921
v 24.427515 -4.171145 26.038601
v 23.930523 -4.186932 26.274033
v 23.844524 -4.570558 26.049313
v 23.688095 -4.318786 26.386017
v 23.755594 -4.378037 26.512363
v 24.038452 -4.249162 26.459145
v 23.779480 -4.722612 26.408394
v 24.099304 -4.626253 26.391348
v 23.652655 -4.658205 26.214867
v 23.807549 -5.089865 26.260347
v 23.659416 -5.017809 26.056980
v 23.678448 -5.554648 25.788322
v 23.839729 -5.633244 26.002371
v 23.800404 -5.422456 25.569954
v 23.801428 -4.915826 25.869490
v 23.858650 -6.091906 25.118309
v 23.745968 -6.268587 25.370285
v 24.156794 -5.302579 25.425343
v 24.289675 -6.651929 24.467121
v 24.004826 -6.794613 24.608059
v 24.643661 -6.562984 24.350626
v 25.093981 -5.795562 24.796856
v 25.075127 -6.563862 24.287516
v 25.201805 -6.715096 24.612473
v 25.246916 -5.971893 25.098742
v 24.564331 -5.194589 25.311460
v 25.094471 -5.110956 25.233740
v 25.275845 -5.221847 25.484819
v 24.939989 -6.165781 25.553467
v 24.927652 -6.936291 25.134806
v 24.436275 -7.060994 25.287878
v 24.352514 -6.298433 25.717009
v 23.920078 -6.358432 25.633047
v 24.055256 -7.100893 25.183006
v 24.919041 -5.369119 25.866354
v 24.249205 -5.557077 26.040855
v 24.824093 -4.801495 26.086142
v 24.155754 -5.000500 26.263227
v 23.901653 -6.989452 24.899761
v 30.730936 -3.567987 11.183492
v 30.704313 -4.255339 12.310321
v 30.238422 -3.716396 12.269529
v 31.252317 -0.950088 12.218545
v 31.330631 -0.997441 11.633614
v 30.960196 -0.717460 11.967262
v 31.191061 -3.069495 10.749647
v 30.177017 -0.937523 11.103672
v 30.666855 -1.252828 10.812739
v 30.190407 -1.447042 10.827192
v 30.093742 -1.158239 10.956848
v 31.958694 -2.090987 11.631632
v 32.181252 -2.693389 11.632133
v 31.864191 -2.653047 10.971169
v 31.215923 -3.230464 13.436127
v 30.521969 -3.725579 13.102146
v 31.272449 -3.919785 13.009520
v 31.543423 -3.645198 13.083859
v 30.714218 -2.563345 13.760535
v 29.515198 -2.970675 12.394664
v 29.419094 -2.413557 13.702166
v 28.941223 -2.218443 12.614227
v 29.314323 -1.711042 11.467637
v 29.777853 -2.486140 11.338636
v 28.813345 -1.787422 12.733027
v 29.236128 -1.272020 11.586674
v 28.933338 -1.522751 12.785018
v 29.334251 -1.004102 11.771379
v 29.872368 -0.807606 12.294646
v 30.581749 -0.679033 11.527011
v 30.400175 -0.772468 12.729058
v 29.901012 -1.218961 13.548611
v 29.273361 -1.641492 13.689024
v 29.240524 -1.967846 13.836519
v 30.351423 -1.900771 13.992877
v 30.136806 -1.449523 13.931560
v 31.704674 -2.711273 13.218105
v 31.332571 -1.974956 13.326979
v 31.972675 -3.223884 12.991400
v 32.234863 -3.008133 12.448709
v 32.068436 -2.544342 12.514166
v 31.820318 -1.873213 12.482727
v 32.255268 -3.187572 11.826773
v 31.510937 -1.277811 12.366371
v 31.007252 -1.308782 13.251822
v 30.746342 -0.957820 13.052923
v 31.678318 -1.453858 11.607091
v 31.373188 -1.612517 11.004450
v 30.973824 -1.777759 10.745041
v 31.538834 -2.798356 10.733162
v 30.504208 -2.022199 10.728765
v 31.057980 -1.058191 11.109678
v 30.866682 -4.313578 12.796963
v 31.228672 -2.364476 18.459198
v 30.775957 -2.319837 18.565018
v 30.992067 -2.437175 18.921871
v 31.083006 -2.434096 16.836914
v 30.979237 -2.177013 17.097607
v 31.039761 -2.137614 17.333221
v 31.470341 -2.531888 17.167793
v 29.759365 -5.347941 17.784142
v 29.577507 -4.358359 17.466990
v 29.680550 -4.405820 17.153582
v 29.899376 -2.618090 18.289738
v 29.809818 -2.674149 18.672148
v 30.343767 -2.446569 18.774923
v 30.239439 -2.460307 18.067020
v 29.521812 -3.981758 18.993845
v 29.495785 -4.444516 18.674923
v 29.856241 -4.617731 18.948875
v 29.687407 -3.796659 19.197517
v 29.575027 -3.629431 17.344913
v 29.492147 -4.366552 17.870848
v 29.389061 -3.888841 18.308844
v 29.446627 -3.207648 17.702927
v 29.569525 -5.019868 18.247061
v 29.854639 -5.180264 18.571608
v 30.260494 -5.250622 18.629398
v 30.359003 -4.602982 19.025537
v 30.618906 -5.215804 18.527483
v 31.016409 -4.589967 18.893391
v 30.751993 -4.240432 16.496357
v 30.172611 -4.393326 16.699289
v 30.235088 -3.328749 16.699265
v 30.965721 -3.499967 16.424212
v 29.822124 -4.381897 16.924660
v 29.761446 -3.448623 16.983006
v 29.614653 -2.895975 17.242617
v 30.071215 -2.662230 16.953609
v 29.451092 -2.958807 18.074684
v 29.342148 -3.448794 18.723562
v 29.421057 -3.199965 18.977129
v 30.269926 -3.692131 19.378971
v 30.080471 -3.272648 19.445038
v 30.351017 -4.010135 19.288481
v 31.117970 -3.951039 19.180492
v 31.043200 -3.539595 19.307522
v 31.636606 -3.882503 18.767948
v 31.580227 -3.456438 18.895731
v 31.524944 -4.482961 18.527554
v 31.860239 -3.776278 18.248159
v 31.830645 -3.367959 18.354050
v 31.735970 -4.394261 18.033941
v 31.861031 -3.657131 17.550152
v 31.845184 -3.224831 17.621500
v 31.698383 -4.329496 17.469421
v 31.724365 -3.563582 16.951998
v 31.701960 -3.115294 17.005674
v 31.522636 -4.305193 16.978958
v 31.388937 -3.519397 16.514452
v 31.344627 -3.033380 16.585032
v 31.213539 -4.258628 16.590351
v 30.917727 -3.024685 16.515406
v 30.702118 -2.458059 16.776461
v 30.022797 -2.417894 17.248634
v 29.603428 -2.645766 17.637352
v 29.713503 -2.608624 17.926115
v 30.079208 -2.377313 17.544214
v 29.542864 -2.837769 18.340942
v 29.841995 -2.895918 19.288160
v 30.851475 -3.087241 19.416595
v 30.578478 -2.623008 19.339790
v 31.386034 -2.949678 19.013790
v 31.662926 -2.829472 18.461323
v 31.676315 -2.667412 17.731300
v 30.608229 -2.213065 17.047268
v 30.622240 -2.148566 17.332542
v 30.775188 -2.225543 17.888119
v 31.217941 -2.219508 17.837414
v 30.803391 -4.524456 13.931669
v 30.426523 -4.504921 14.183381
v 30.280716 -4.085481 13.949650
v 30.924946 -3.973758 13.855164
v 30.225794 -4.569209 14.245156
v 29.787964 -4.195186 14.213011
v 30.286745 -4.786762 14.365830
v 29.947620 -4.770515 14.325878
v 29.553642 -3.736716 16.350807
v 29.184532 -3.012214 16.399639
v 29.281891 -3.688991 15.785792
v 31.437513 -2.189748 15.395691
v 31.288565 -2.078917 14.838566
v 30.924749 -1.690381 15.333918
v 31.335184 -2.138247 15.853955
v 30.381889 -1.672939 14.416242
v 30.653994 -2.046314 14.097455
v 29.847544 -2.192387 14.059856
v 29.898369 -1.767239 14.697002
v 31.476469 -4.280031 15.280565
v 31.653439 -4.132487 14.918178
v 31.776289 -3.052691 15.265075
v 31.681896 -3.115563 15.713778
v 31.534664 -4.041492 14.358846
v 31.645725 -2.981430 14.567257
v 30.958267 -2.973621 13.836030
v 30.070436 -3.110453 13.806581
v 29.512064 -3.239946 14.184219
v 29.649559 -4.869555 14.653718
v 29.449999 -4.261437 14.768436
v 30.047752 -5.114838 15.280309
v 29.865643 -4.556292 15.820657
v 29.530544 -4.443916 15.463168
v 29.727661 -5.032845 15.086216
v 30.356716 -4.513100 15.886632
v 30.147272 -3.571870 16.596928
v 31.071178 -4.397981 15.626554
v 31.167675 -3.299385 16.248291
v 30.804689 -2.264988 16.498518
v 30.374348 -1.885130 15.907667
v 29.231846 -2.447289 14.565489
v 29.207218 -3.440066 14.938565
v 28.976799 -2.737914 15.459875
v 29.524099 -2.214475 16.015799
v 29.764761 -2.645642 16.796371
v 29.402809 -1.959929 15.070645
v 29.427315 -2.981149 20.967348
v 29.096100 -2.891657 20.360809
v 29.068588 -3.019381 20.812389
v 30.371231 -3.631252 19.396212
v 30.366089 -4.495278 19.174158
v 29.697880 -4.422271 19.077087
v 29.761166 -3.609194 19.331875
v 29.219860 -4.495780 19.288813
v 29.171082 -3.717004 19.550825
v 29.710094 -5.057671 19.015310
v 29.305862 -5.128182 19.172247
v 28.921513 -4.688291 19.746161
v 29.037888 -5.270208 19.567648
v 29.457928 -5.599688 19.200193
v 29.237368 -5.699229 19.502258
v 29.225964 -5.876285 19.976841
v 28.993725 -5.475204 20.194250
v 29.676168 -5.564339 19.085512
v 30.312714 -5.127766 19.132895
v 30.759338 -3.682860 19.714588
v 30.788521 -4.613272 19.580236
v 30.349127 -2.815331 20.038317
v 30.533104 -3.084569 19.895617
v 30.248890 -3.020823 19.547184
v 29.752560 -2.999161 19.572248
v 29.200386 -3.131517 19.747358
v 28.845062 -3.815961 20.014364
v 28.890228 -4.895907 20.465260
v 29.549194 -5.938814 20.292534
v 29.380335 -5.538674 20.549623
v 30.686106 -5.250985 19.512636
v 30.820061 -4.735630 20.202559
v 30.682127 -5.380819 20.032923
v 30.803864 -3.765821 20.276581
v 30.386156 -3.974079 20.900450
v 30.336819 -4.836492 20.742470
v 30.534079 -3.165774 20.225983
v 29.972961 -2.801652 20.664253
v 30.321987 -3.300031 20.899563
v 29.777439 -2.742838 19.979996
v 29.367216 -2.816224 20.089283
v 28.860369 -3.235886 20.159525
v 28.848991 -3.373474 20.839458
v 29.346478 -4.936222 20.864094
v 29.386026 -4.040030 21.149172
v 29.749840 -5.519866 20.592508
v 29.748051 -4.901921 20.907923
v 29.831959 -5.922318 20.338606
v 30.268124 -5.475790 20.457098
v 30.128042 -5.904726 20.294109
v 29.785879 -4.047336 21.166134
v 29.826115 -3.444873 21.252512
v 29.423580 -3.493751 21.316610
v 29.675755 -2.909040 20.882248
v 28.493979 -3.359395 22.873514
v 28.766945 -3.162413 22.743343
v 28.555668 -3.279166 22.518099
v 28.355635 -3.513373 22.767557
v 28.447233 -3.634126 22.974159
v 28.534609 -3.401506 23.010736
v 29.620337 -3.785802 21.318985
v 29.640047 -3.222055 21.568598
v 29.878666 -3.763554 21.676773
v 29.349989 -2.910250 22.234962
v 29.346008 -3.056252 21.488714
v 28.966816 -3.029297 21.969011
v 29.180573 -2.896132 22.149908
v 28.665871 -3.588467 23.090376
v 29.522186 -5.535662 20.936714
v 29.482313 -5.951050 20.900864
v 29.010506 -5.885961 20.774778
v 28.983099 -5.480942 20.756577
v 29.009285 -5.070614 20.782187
v 29.567860 -5.128857 20.987164
v 28.487154 -5.131588 21.151718
v 28.425789 -5.511109 21.101212
v 28.568686 -4.443084 21.316452
v 29.072697 -4.403877 20.951624
v 28.339630 -3.811807 22.239412
v 28.688019 -3.566785 21.633642
v 28.255781 -4.618788 21.955162
v 28.303009 -3.995725 22.574945
v 28.895769 -3.182325 22.890688
v 29.058008 -3.397773 22.953016
v 28.860111 -4.071526 22.961277
v 29.266617 -3.966789 22.824594
v 28.525555 -4.077066 22.838547
v 28.313545 -4.751892 22.313051
v 28.596664 -4.872887 22.595224
v 28.137106 -5.688506 21.609924
v 28.449423 -5.866193 21.078730
v 29.863306 -5.657125 21.283123
v 29.955536 -5.235595 21.381227
v 29.613384 -4.506299 21.109991
v 29.995985 -4.602729 21.511354
v 29.168774 -3.572112 21.241898
v 29.569254 -3.146219 22.342928
v 29.768606 -3.803166 22.352835
v 29.362846 -4.870006 22.566565
v 29.888428 -4.735373 22.134943
v 28.948265 -4.925969 22.704081
v 28.246439 -5.340503 22.122705
v 28.509466 -5.478374 22.343840
v 28.210413 -5.766881 21.919891
v 28.473915 -5.848295 22.094202
v 28.224339 -5.998483 21.481730
v 28.282393 -6.114857 21.680264
v 28.520439 -6.194419 21.869352
v 28.849028 -5.914827 22.214666
v 28.871479 -6.252397 22.000395
v 28.885353 -5.550268 22.445318
v 29.261599 -5.888078 22.156437
v 29.311825 -5.507539 22.343746
v 29.766739 -5.800319 21.808552
v 29.856350 -5.381640 21.948769
v 28.539181 -3.888239 23.639091
v 28.601049 -3.760450 23.149324
v 28.436550 -3.552351 23.591974
v 27.731024 -3.395478 24.072605
v 28.211828 -3.349708 23.313934
v 27.966421 -3.435270 23.351316
v 27.552898 -3.415243 23.874332
v 26.922745 -3.808594 24.401367
v 27.473766 -3.722088 23.657478
v 26.886112 -4.032015 24.237291
v 27.364750 -4.355449 23.280560
v 26.845850 -4.668170 23.911175
v 27.026251 -4.947271 24.488508
v 27.043804 -5.833413 24.085871
v 26.992607 -6.370456 23.615887
v 27.566729 -6.412026 23.824848
v 27.585281 -5.853380 24.205133
v 27.552225 -6.794165 23.491669
v 27.056519 -6.729875 23.296310
v 28.151209 -6.704330 23.305437
v 28.235828 -6.289823 23.632988
v 26.781685 -6.087845 23.091764
v 26.872972 -6.480275 22.792995
v 27.947023 -3.725144 23.125317
v 27.928701 -4.269100 22.789099
v 28.308706 -3.718154 22.944160
v 28.292910 -4.298693 22.685236
v 28.653109 -4.427114 22.957302
v 27.921207 -3.564224 24.289600
v 26.956472 -3.816604 24.689043
v 27.272301 -3.873574 24.713118
v 27.347588 -4.226804 24.703089
v 28.036533 -4.063008 24.316031
v 27.502457 -4.906822 24.547760
v 28.152500 -4.727076 24.218065
v 28.628216 -4.558184 23.551693
v 28.255276 -5.718817 23.947540
v 28.698294 -5.526525 23.332926
v 28.638220 -5.345127 22.668978
v 28.619598 -6.130951 23.105595
v 28.513655 -5.964591 22.470076
v 28.074322 -5.832681 22.077833
v 28.220655 -5.169727 22.300739
v 28.399340 -6.386007 22.362637
v 27.993021 -6.280912 22.043791
v 27.230358 -5.817307 22.556671
v 27.197920 -6.209524 22.391661
v 27.851242 -5.122606 22.380787
v 27.738974 -5.776548 22.140205
v 27.628389 -6.219275 22.078323
v 28.475521 -6.557182 22.867907
v 26.926279 -4.275843 24.677303
v 26.688475 -4.012495 25.004641
v 26.485384 -3.908020 25.131174
v 26.507420 -4.338284 25.198597
v 26.782967 -4.261781 24.921211
v 26.411568 -6.672238 23.703373
v 26.857464 -6.069966 23.948481
v 26.913698 -6.692353 24.041983
v 26.796856 -6.817930 23.845247
v 26.887545 -6.185094 24.388803
v 26.911266 -6.710673 24.319584
v 25.514824 -6.581874 24.594351
v 25.255299 -5.751004 25.102709
v 25.232826 -5.609127 24.814457
v 25.483660 -6.200820 24.200012
v 25.127007 -4.232371 25.476265
v 25.138504 -4.532714 25.334841
v 25.125290 -4.638876 25.560997
v 25.162380 -4.188066 25.628941
v 25.716248 -7.016948 24.790012
v 26.008863 -6.959174 24.784891
v 25.563553 -6.505179 24.959127
v 26.382769 -6.872273 24.678535
v 26.711281 -6.793730 24.549894
v 26.688484 -6.263556 24.693520
v 26.913792 -5.391126 24.623974
v 26.675875 -5.467833 24.949387
v 26.548775 -5.887668 23.595467
v 26.376617 -6.335152 23.447115
v 26.062031 -6.308304 23.598272
v 26.200428 -5.876084 23.635763
v 25.760611 -6.276211 23.889229
v 26.067663 -6.708368 23.945438
v 25.888641 -6.652943 24.162947
v 25.181139 -5.176900 25.360989
v 25.169582 -5.066828 25.105661
v 25.430195 -5.768803 25.261152
v 25.351027 -5.178309 25.482597
v 25.812792 -5.686881 25.304680
v 26.285467 -5.560395 25.189205
v 26.893368 -4.753933 24.790754
v 26.619108 -4.849302 25.105804
v 26.912615 -4.667976 24.508419
v 26.821722 -4.172750 24.698750
v 26.680552 -4.571890 24.296581
v 26.620209 -4.124777 24.534254
v 25.839417 -5.892431 23.887171
v 25.553982 -5.907033 24.155411
v 25.435959 -4.871423 24.829355
v 25.395206 -4.337906 25.140833
v 25.313339 -4.632162 25.632801
v 25.716003 -5.091004 25.491785
v 25.628746 -4.497827 25.598251
v 26.199402 -4.955074 25.354122
v 26.091526 -4.333191 25.435028
v 26.020206 -3.851682 25.395184
v 25.942732 -3.725182 25.242195
v 26.430456 -3.755361 24.974117
v 25.418411 -3.911754 25.505808
v 25.545345 -4.048601 25.621450
v 25.381582 -3.999680 25.340805
v 25.839251 -4.148717 24.894859
v 25.887560 -3.817201 25.099466
v 26.324329 -3.822539 24.837597
v 26.285599 -4.089409 24.652582
v 26.674683 -3.876185 24.843893
v 26.564968 -3.882904 24.690331
v 25.284800 -4.268444 25.695957
v 25.705166 -6.963949 24.520952
v 25.936007 -6.895636 24.366468
v 14.744619 -4.735781 22.835295
v 14.599535 -4.727442 22.776266
v 14.770564 -4.612824 22.544973
v 14.487683 -4.801135 23.071205
v 15.845400 -4.498620 22.536482
v 16.023617 -4.523009 22.693859
v 15.570631 -4.501345 22.450012
v 15.633768 -4.583883 22.861204
v 14.913977 -4.902337 23.519892
v 14.821821 -4.859218 23.319902
v 15.090227 -4.819061 23.291973
v 15.145316 -4.903627 23.544376
v 14.802560 -4.902595 23.693726
v 14.585751 -4.862771 23.433704
v 15.096666 -4.938249 23.792412
v 16.254742 -4.599686 23.189127
v 16.142694 -4.665891 23.331308
v 16.051771 -4.642097 23.193333
v 16.217754 -4.583714 23.064714
v 16.379616 -4.490229 23.016174
v 16.382483 -4.530023 23.191044
v 16.300940 -4.591830 23.421133
v 16.022936 -4.734557 23.709772
v 15.890894 -4.764626 23.541092
v 16.518185 -4.322867 23.292725
v 16.372570 -4.416874 23.578999
v 16.038216 -4.581586 23.876999
v 15.544159 -4.709312 24.095232
v 15.542551 -4.878724 23.920082
v 15.981215 -4.110621 24.070127
v 15.476044 -4.187954 24.307394
v 14.962122 -4.179843 24.374027
v 15.040754 -4.713787 24.151073
v 14.513979 -4.131864 24.200794
v 14.619783 -4.669036 24.006479
v 14.851817 -3.313756 24.495705
v 14.438890 -3.329416 24.323679
v 14.135768 -3.297401 23.967148
v 14.207172 -4.074922 23.827570
v 14.064202 -3.986506 23.341455
v 13.996201 -3.226799 23.512712
v 14.177729 -2.451203 24.034973
v 14.078876 -2.423223 23.640205
v 14.098085 -3.122807 23.049032
v 14.474792 -3.044910 22.630280
v 15.046457 -2.256599 22.383331
v 14.395726 -1.143438 23.353584
v 14.621713 -1.149672 23.031813
v 15.110201 -1.121142 22.655210
v 15.567976 -1.076543 22.464882
v 16.394207 -1.004577 22.861404
v 16.601471 -1.671773 22.865000
v 16.342487 -1.686749 22.526497
v 16.214428 -1.029013 22.610294
v 15.994572 -1.680223 22.304888
v 15.920925 -1.046100 22.460217
v 16.419579 -2.313945 22.452475
v 16.044334 -2.307333 22.189291
v 15.579491 -2.270760 22.159622
v 16.104393 -2.993776 22.146334
v 15.593643 -2.943063 22.078596
v 15.015610 -2.969243 22.273115
v 15.025555 -3.786822 22.209576
v 14.522591 -3.861961 22.488846
v 14.181065 -3.891899 22.852364
v 14.283334 -4.398242 22.732157
v 14.188234 -4.503133 23.181669
v 14.315559 -4.607688 23.647602
v 14.443743 -4.815245 23.529060
v 14.711628 -4.854978 23.834429
v 15.069569 -4.906327 23.958088
v 15.523645 -4.897029 23.765345
v 15.493913 -4.863811 23.590645
v 16.162670 -4.413639 22.587160
v 16.310537 -4.455771 22.814266
v 16.275066 -4.184498 22.490320
v 16.446964 -4.224625 22.758766
v 16.535240 -4.262960 23.026455
v 16.676481 -3.815859 23.102242
v 16.611649 -3.877407 23.429161
v 16.377893 -3.966388 23.756565
v 16.407909 -3.176068 23.853987
v 15.893959 -3.159777 24.189247
v 15.327940 -3.247478 24.452450
v 14.814941 -2.436027 24.478649
v 14.446416 -2.458802 24.339512
v 14.501524 -1.807093 24.312910
v 14.285019 -1.799072 24.039845
v 14.615273 -1.170389 24.265079
v 14.422527 -1.153932 24.008432
v 14.341487 -1.143394 23.689489
v 16.381796 -1.009295 23.455925
v 16.168507 -1.081376 23.739170
v 16.601849 -1.618019 23.454388
v 16.688396 -1.629358 23.172245
v 16.460630 -0.986899 23.144690
v 16.749506 -2.304870 23.512840
v 16.809050 -2.319454 23.227980
v 16.710026 -2.319926 22.852394
v 16.784786 -3.184496 23.164307
v 16.706322 -3.129545 22.772442
v 16.465050 -3.061677 22.406290
v 16.398819 -3.708194 22.411377
v 16.051954 -3.667938 22.166176
v 15.568314 -3.692708 22.063173
v 15.587778 -4.148022 22.144144
v 15.109217 -4.204578 22.203188
v 14.584266 -4.308692 22.422817
v 14.678438 -4.532079 22.442303
v 14.406927 -4.649750 22.704185
v 14.323466 -4.745983 23.110214
v 15.205008 -4.497450 22.414043
v 15.180206 -4.404020 22.289497
v 15.613033 -4.382439 22.270206
v 15.939736 -4.388491 22.394367
v 15.985956 -4.147061 22.270157
v 16.605421 -3.756131 22.745054
v 16.698271 -3.204643 23.524628
v 16.492048 -2.302299 23.750168
v 15.949600 -2.323279 24.101208
v 15.711201 -1.200237 24.115612
v 15.257309 -1.228163 24.342701
v 14.905801 -1.198704 24.390516
v 15.300954 -4.611800 22.871099
v 14.454611 -4.180269 18.582460
v 14.685455 -4.057609 18.543144
v 14.665847 -4.087133 18.849567
v 14.367828 -4.175344 18.411440
v 14.590424 -4.033675 18.236092
v 13.544151 -1.498334 20.792356
v 13.247181 -1.070200 20.892857
v 12.861086 -1.278049 21.021404
v 13.181090 -2.466675 20.953709
v 12.357813 -1.399723 20.864075
v 12.604726 -2.579881 20.905516
v 13.878510 -1.759072 20.609848
v 13.627584 -2.601825 20.736059
v 13.181183 -4.676450 20.303225
v 13.438595 -4.660451 20.212225
v 13.497277 -4.367105 20.592619
v 13.068386 -4.426234 20.527979
v 14.087790 -0.903392 20.209087
v 13.823940 -0.842540 20.289526
v 13.784352 -1.112870 20.572842
v 14.071682 -1.328295 20.424213
v 11.999673 -2.555228 20.073126
v 12.118657 -1.394851 20.307667
v 12.155121 -1.559360 19.750916
v 13.970675 -2.618913 20.485741
v 14.199160 -3.579644 20.218561
v 14.710689 -3.231957 19.739801
v 14.405193 -2.246725 20.192259
v 15.154392 -2.400037 19.253183
v 15.276799 -1.848031 19.253050
v 14.683102 -1.702514 20.038925
v 14.216132 -4.171683 18.191029
v 13.953304 -4.188272 18.036358
v 13.513106 -4.262752 18.047567
v 13.307089 -4.412003 18.631870
v 12.844229 -1.451805 18.047646
v 13.598299 -1.735723 17.831909
v 13.330569 -2.639132 17.816538
v 12.576330 -2.567588 18.120228
v 13.342952 -0.988236 17.947105
v 13.863972 -1.251699 17.837358
v 12.078596 -2.593014 18.701988
v 12.167981 -1.530538 18.574930
v 13.550198 -0.839108 20.668373
v 12.031015 -1.537007 19.229433
v 11.944918 -2.535351 19.467680
v 11.998787 -3.729366 19.388472
v 12.162304 -3.785360 20.047125
v 12.481726 -3.790567 20.497986
v 12.207843 -2.581233 20.565418
v 12.885393 -3.761886 20.737938
v 13.306391 -3.749072 20.755358
v 13.839062 -4.281979 20.422075
v 13.724968 -3.724141 20.573475
v 13.742085 -4.544096 20.083664
v 14.153149 -4.321793 19.780182
v 14.288591 -4.071699 20.012012
v 14.498378 -4.153010 19.269848
v 14.683112 -3.848998 19.473782
v 13.905033 -4.419988 19.514835
v 13.323154 -4.624709 19.718975
v 12.853693 -4.696183 19.879477
v 12.710958 -4.649879 19.348539
v 12.530106 -4.486507 19.959003
v 12.316672 -4.439107 19.360182
v 12.325533 -4.312335 18.678215
v 12.713890 -4.565492 18.781445
v 12.700499 -4.156513 18.096344
v 12.919558 -4.384217 18.236477
v 13.434740 -4.015067 17.730621
v 14.021787 -3.970724 17.747551
v 14.382072 -3.991974 17.952116
v 14.489008 -3.526540 17.755928
v 14.790515 -3.603496 18.089783
v 14.926327 -3.672761 18.493153
v 14.891924 -3.746075 18.933949
v 15.039658 -3.052465 19.078682
v 14.891146 -2.933841 18.013094
v 14.572651 -2.840818 17.694067
v 14.043962 -3.470728 17.581030
v 14.098448 -2.722607 17.629183
v 13.323217 -3.587912 17.691658
v 12.531111 -3.602001 18.057026
v 12.095458 -3.634249 18.655718
v 14.311382 -1.903209 17.713585
v 14.893824 -1.499401 17.849636
v 15.176979 -1.613496 18.073402
v 15.337744 -1.752430 18.577599
v 15.206471 -1.090895 18.258535
v 15.377085 -1.195154 18.707323
v 15.355513 -1.306945 19.229277
v 15.233955 -0.686378 18.858730
v 15.240232 -0.758959 19.256363
v 14.820032 -0.744929 19.789633
v 14.827117 -1.227673 19.909058
v 14.191835 -0.614933 20.090755
v 15.056202 -0.611807 18.483561
v 14.834429 -1.003269 18.014427
v 14.733224 -0.598699 18.238533
v 14.411416 -0.957477 17.974102
v 14.295355 -0.592686 18.283609
v 14.471792 -1.397633 17.780540
v 14.013741 -0.898128 17.978067
v 15.795571 -4.296880 24.764391
v 15.725405 -3.837502 24.806368
v 15.691580 -3.829542 24.351313
v 15.753393 -4.362246 24.433187
v 15.942911 -4.628773 24.658113
v 17.742565 -4.163113 25.040283
v 17.812943 -4.139265 25.475483
v 17.461475 -4.712927 25.290031
v 15.966000 -3.850946 24.019680
v 16.350506 -3.953554 23.927820
v 16.000631 -4.380011 24.165382
v 16.534927 -3.845200 25.657249
v 16.101440 -3.888574 25.306850
v 16.235435 -4.442240 25.232424
v 16.720186 -4.365871 25.611914
v 16.957457 -3.920918 25.818369
v 17.042139 -4.695464 25.577522
v 17.462315 -4.128701 25.781666
v 17.606468 -3.317030 25.811380
v 17.057270 -3.272341 25.916397
v 17.094454 -2.537722 25.975235
v 16.596695 -2.517947 25.868256
v 16.547525 -3.230739 25.774143
v 16.103935 -2.486420 25.521706
v 16.058949 -3.206226 25.414005
v 15.680227 -3.139095 24.889793
v 15.691650 -3.094288 24.380817
v 16.198822 -4.658365 24.386417
v 16.822632 -4.887716 24.854507
v 16.440416 -4.828056 25.118118
v 17.914965 -3.347433 25.359873
v 17.908371 -2.576800 25.322094
v 17.612720 -2.559679 25.845993
v 17.562603 -1.836884 25.818922
v 17.124714 -1.823971 25.953218
v 16.645802 -1.820308 25.860191
v 16.234798 -1.805520 25.588783
v 15.962555 -1.724243 25.063457
v 15.730688 -2.401132 24.991077
v 15.765247 -2.365082 24.464275
v 16.206087 -2.428922 23.957857
v 16.074034 -3.172703 23.924459
v 16.724190 -2.545835 23.692719
v 16.581617 -3.378181 23.738888
v 17.067356 -2.629908 23.732414
v 16.964342 -3.500982 23.841429
v 16.667799 -4.230432 24.117023
v 17.366079 -3.556429 24.147997
v 17.148783 -4.390539 24.539850
v 17.847551 -3.455642 24.749474
v 17.470013 -2.685658 24.020935
v 17.895405 -2.641253 24.627169
v 17.799892 -1.873664 25.355446
v 17.665628 -1.403646 25.338766
v 17.482767 -1.374951 25.693390
v 17.138620 -1.384487 25.815149
v 16.743464 -1.383484 25.753668
v 16.416033 -1.351327 25.503796
v 16.204281 -1.290141 25.154074
v 15.997803 -1.703474 24.590033
v 16.251411 -1.257399 24.580338
v 16.523800 -1.293984 24.307554
v 16.382299 -1.763269 24.140337
v 16.819035 -1.832976 23.882696
v 17.105528 -1.892319 23.897118
v 17.481510 -1.951555 24.149105
v 17.818497 -1.931829 24.679735
v 17.665586 -1.419351 24.761955
v 16.879929 -1.322871 24.115311
v 17.110512 -1.355810 24.125040
v 17.396595 -1.406564 24.317333
v 13.143593 -4.327848 17.024931
v 13.498190 -4.202268 17.126305
v 12.942837 -4.213992 17.598324
v 12.801356 -4.304076 17.227692
v 12.500538 -1.352919 17.959400
v 12.777674 -1.901551 18.265945
v 13.064648 -1.484184 18.289015
v 12.759894 -1.185649 18.064241
v 12.152078 -1.550001 18.081478
v 12.439103 -2.392326 18.261232
v 12.379154 -3.732285 15.657867
v 12.523934 -3.693929 15.430501
v 12.754776 -3.857871 15.756161
v 12.115135 -3.667603 15.674107
v 12.091603 -3.494527 15.352680
v 11.781931 -3.749947 15.706150
v 11.593366 -3.619421 15.491069
v 11.695048 -3.844090 15.976687
v 11.331685 -3.724344 15.829908
v 12.124051 -3.774833 15.992640
v 14.378768 -1.953775 16.511131
v 14.506470 -2.215056 16.971140
v 14.321529 -2.697279 16.761087
v 14.213552 -2.145900 16.225616
v 14.122821 -1.620547 16.214771
v 14.299304 -1.538620 16.578545
v 14.527714 -1.600338 17.116594
v 13.892073 -3.459002 16.462992
v 13.553943 -2.967484 15.638042
v 13.704853 -2.698362 15.713937
v 13.046067 -2.739739 15.278656
v 13.794480 -1.732697 15.819112
v 13.299985 -1.804114 15.539784
v 11.535238 -3.974133 16.639221
v 11.464785 -4.132586 17.289223
v 11.148572 -3.900420 16.588816
v 14.118482 -1.094025 16.729946
v 14.341317 -0.929531 17.265676
v 12.134247 -3.437740 18.157814
v 11.709170 -2.193700 18.057606
v 11.397755 -3.266989 17.980312
v 11.802860 -1.602437 17.995121
v 11.260559 -1.984757 16.993620
v 11.634814 -1.362226 17.070484
v 10.894880 -2.952365 16.802589
v 11.082252 -3.410384 15.786114
v 10.828169 -3.609968 16.654976
v 11.109850 -2.729086 15.926252
v 11.398650 -3.290349 15.383773
v 11.437704 -2.609786 15.536597
v 12.176430 -2.590456 15.275632
v 12.074593 -3.209850 15.187139
v 12.758149 -3.387645 15.202593
v 13.110011 -3.663384 15.560223
v 13.450866 -3.982136 16.371260
v 12.115671 -3.936666 16.642708
v 11.318229 -3.944842 17.725914
v 12.066530 -4.049481 17.810909
v 13.198552 -3.697980 17.885651
v 13.761561 -2.395408 18.074062
v 13.956676 -1.782382 18.127415
v 13.998652 -1.143403 18.199453
v 13.422886 -1.073981 18.349346
v 14.435341 -1.099810 17.862988
v 14.530313 -1.796822 17.757067
v 14.387258 -2.455036 17.635296
v 14.159234 -3.016038 17.522152
v 13.837149 -3.704923 17.358027
v 12.093242 -4.150928 17.334198
v 12.407001 -1.695562 15.551391
v 12.518436 -1.095104 15.822981
v 13.326672 -1.198812 15.788484
v 13.735390 -1.165196 16.023417
v 14.002578 -1.131632 16.387012
v 11.735954 -1.679072 15.799487
v 11.918650 -1.061270 16.112232
v 11.448598 -1.762919 16.159967
v 11.683401 -1.122981 16.399094
v 22.234726 -4.633030 26.648216
v 22.020039 -4.979065 26.494452
v 22.668707 -4.706682 26.665649
v 22.700638 -4.427269 26.681860
v 22.081726 -4.929703 26.249666
v 22.375351 -4.625804 26.354624
v 22.705338 -4.817480 26.152657
v 22.751486 -4.410025 26.413548
v 23.292793 -4.277825 26.416700
v 23.383671 -4.636242 26.152411
v 23.598915 -4.400369 26.547415
v 23.588640 -4.332961 26.408266
v 23.293312 -4.355365 26.625841
v 23.319279 -4.737428 26.565849
v 23.631983 -4.743634 26.441391
v 23.644085 -4.659427 26.216784
v 23.645668 -5.112937 26.296562
v 23.670126 -5.016282 26.054585
v 23.654591 -5.659631 26.043787
v 23.684568 -5.553776 25.786953
v 23.450937 -5.472264 25.648134
v 23.440639 -4.967248 25.950203
v 23.631519 -6.284900 25.395887
v 23.380047 -6.160120 25.225378
v 23.043215 -5.461294 25.674463
v 23.202461 -6.908972 24.787558
v 22.855394 -6.856353 24.787987
v 22.470055 -6.872782 24.836887
v 22.061518 -6.993382 24.961697
v 22.067825 -6.226871 25.473843
v 22.126688 -7.153383 25.300411
v 22.108149 -6.419253 25.800920
v 22.073517 -5.541524 25.909563
v 22.604017 -5.473987 25.750008
v 22.052004 -5.681332 26.206030
v 22.653675 -7.260395 25.643520
v 22.631126 -6.494856 26.069986
v 23.184072 -7.239467 25.568010
v 23.482706 -7.182497 25.311092
v 23.614372 -6.402003 25.701437
v 23.256073 -6.454706 25.962296
v 23.292610 -5.693418 26.254858
v 22.576210 -5.703035 26.390472
v 22.599382 -5.118576 26.583834
v 23.318810 -5.119787 26.450462
v 23.467422 -7.051342 24.996904
v 10.916334 -6.392107 15.616251
v 11.837597 -6.339014 16.386009
v 11.593540 -6.979143 16.585627
v 10.198671 -3.950805 16.928493
v 10.285700 -3.664138 16.592390
v 9.898754 -4.052067 16.428177
v 10.202595 -6.060922 15.445014
v 10.671717 -4.228985 15.193752
v 10.200447 -4.169847 15.391316
v 10.663530 -3.718725 15.469069
v 10.733263 -3.917634 15.288015
v 9.643970 -5.271441 16.623699
v 9.599348 -5.826392 15.952076
v 9.611313 -5.910218 16.681293
v 11.346544 -6.062390 17.881142
v 11.025605 -6.569545 17.673937
v 11.303005 -6.765974 17.476919
v 11.941819 -6.373755 17.258743
v 11.740538 -5.267611 18.005171
v 12.319448 -5.421537 16.241554
v 12.709106 -4.531960 16.245543
v 12.800792 -4.782117 17.419876
v 11.520853 -5.088259 15.422942
v 11.770945 -4.211451 15.392297
v 11.771395 -3.761220 15.493740
v 12.755349 -4.076123 16.325390
v 11.692337 -3.518554 15.718083
v 12.602379 -3.850356 16.438446
v 10.420129 -3.552612 16.037403
v 11.391367 -3.441650 16.429064
v 11.104877 -3.522573 17.045643
v 12.000211 -3.770312 17.553230
v 12.716260 -4.001328 17.393044
v 12.893654 -4.297719 17.493507
v 12.016594 -4.032146 17.985264
v 11.975996 -4.519769 18.103676
v 10.865551 -4.892062 17.905693
v 10.692951 -5.706015 17.918674
v 10.501629 -6.284091 17.794725
v 10.037998 -5.684278 17.442635
v 9.989910 -6.178643 17.425167
v 10.061926 -4.974375 17.350336
v 9.759998 -6.393760 16.859230
v 10.938965 -4.169058 17.741333
v 10.123430 -4.326112 17.151009
v 10.989269 -3.773740 17.472813
v 9.707551 -4.585290 16.522209
v 9.762905 -4.692571 15.838924
v 10.045031 -4.760680 15.427058
v 9.821445 -5.893674 15.591597
v 10.511505 -4.871702 15.201368
v 9.932728 -4.069114 15.835646
v 11.671143 -7.049464 17.091230
v 13.152220 -4.940862 22.503113
v 13.570175 -4.920268 22.819353
v 13.577455 -4.771091 22.412525
v 12.618835 -5.065742 20.967567
v 12.446779 -5.243262 21.423588
v 12.785208 -4.739385 21.416979
v 12.749777 -4.775208 21.175751
v 14.940720 -7.460001 21.099247
v 14.494688 -6.570218 20.550837
v 14.702249 -6.478488 20.794760
v 14.074625 -4.765365 22.414522
v 14.556023 -4.848228 22.084600
v 14.303457 -4.840931 21.778727
v 13.872983 -4.792972 21.728390
v 15.288874 -6.010339 22.177919
v 15.180588 -5.864276 22.442863
v 15.148983 -6.713915 22.239061
v 15.301406 -6.467601 21.850372
v 14.459246 -5.783841 20.726492
v 14.947383 -6.439577 21.124683
v 14.608091 -5.322543 21.022482
v 15.092779 -5.926450 21.507090
v 15.211735 -7.066243 21.459068
v 15.142179 -7.277189 21.862959
v 14.740440 -6.829052 22.519594
v 14.832884 -7.449476 22.080736
v 14.110758 -6.999481 22.675385
v 14.469413 -7.517546 22.140314
v 13.245029 -6.735650 20.412870
v 12.832352 -6.084465 20.480860
v 13.535997 -5.708823 20.435049
v 13.874090 -6.716309 20.345459
v 14.097902 -5.681104 20.487125
v 14.269663 -6.598545 20.403929
v 13.607448 -5.008765 20.636749
v 14.187042 -5.094829 20.693954
v 14.693648 -5.062143 21.376097
v 15.189692 -5.465904 21.889633
v 15.161190 -5.232385 22.167229
v 14.722971 -5.907995 22.857006
v 14.803113 -5.450087 22.862762
v 14.699099 -6.240958 22.789999
v 13.980871 -5.971439 23.124565
v 13.972406 -6.394748 23.016157
v 13.320168 -6.058992 22.980721
v 13.331255 -6.491512 22.863071
v 13.487354 -7.053807 22.562775
v 12.852373 -6.072879 22.599712
v 12.891150 -6.479889 22.491768
v 13.074421 -7.054040 22.208748
v 12.495721 -5.982655 21.950203
v 12.567261 -6.407018 21.866396
v 12.853535 -7.015400 21.685238
v 12.333218 -5.875867 21.338690
v 12.410706 -6.316304 21.272690
v 12.794684 -6.974436 21.168621
v 12.445919 -5.726959 20.812895
v 12.507366 -6.210534 20.738482
v 12.888300 -6.870473 20.689924
v 12.785582 -5.609009 20.571779
v 12.931066 -4.990917 20.752052
v 13.707446 -4.743275 20.898571
v 14.294855 -4.827654 21.062059
v 13.771507 -4.701604 21.192438
v 14.310068 -4.804032 21.372046
v 14.693006 -4.954277 21.663031
v 14.844332 -5.033493 22.643314
v 14.153881 -4.963960 23.014166
v 14.072208 -5.478743 23.170315
v 13.402916 -5.512762 23.036825
v 12.899782 -5.503730 22.658859
v 12.539530 -5.394924 22.012424
v 13.060259 -4.714128 20.972954
v 13.150162 -4.638812 21.241253
v 13.270367 -4.720456 21.804153
v 12.862713 -4.835628 21.943695
v 12.203962 -7.175380 18.092581
v 11.919746 -6.682515 18.106852
v 12.548833 -6.612756 17.916481
v 12.631602 -7.041182 18.164314
v 12.848579 -7.045935 18.132643
v 13.116108 -6.571378 17.942701
v 13.177840 -7.160666 18.077475
v 12.904022 -7.264273 18.254551
v 14.090842 -5.940585 19.810017
v 14.078280 -5.855918 19.187019
v 14.238891 -5.142373 19.743156
v 11.643414 -5.010945 19.823864
v 11.910135 -4.906844 20.199568
v 11.929954 -4.397655 19.583277
v 11.510685 -4.897802 19.263111
v 12.013502 -4.290934 18.525467
v 12.575624 -4.236200 18.572304
v 12.466963 -4.669592 17.948097
v 11.743353 -4.741594 18.327988
v 12.118132 -7.039121 19.611254
v 11.810989 -5.947708 20.159134
v 11.524701 -5.939094 19.795593
v 11.773655 -6.965897 19.365519
v 11.327120 -5.877383 19.112768
v 11.618772 -6.880048 18.814264
v 11.616455 -5.730355 18.163021
v 12.411998 -5.627260 17.756983
v 13.088996 -5.580680 17.858253
v 13.659152 -6.512062 18.301035
v 13.600131 -7.157034 18.244164
v 13.928200 -6.667674 18.953596
v 13.816826 -6.843683 19.410965
v 13.581229 -7.461764 18.964064
v 13.756573 -7.309158 18.659136
v 13.406082 -6.929026 19.678688
v 13.634544 -5.925382 20.291019
v 12.529995 -5.955761 20.417759
v 12.646178 -7.024044 19.748444
v 12.674072 -4.849093 20.554550
v 12.699690 -4.404249 19.861696
v 13.280956 -4.720724 18.133890
v 13.953736 -4.879109 18.820711
v 13.722691 -5.647033 18.402636
v 13.571372 -4.488172 19.584612
v 13.803466 -4.920561 20.367102
v 13.213536 -4.267342 18.692377
v 15.929418 -4.904965 23.986986
v 16.186388 -4.855444 23.694288
v 15.939713 -4.766800 23.304047
v 15.287760 -6.476105 22.300800
v 14.767727 -6.718469 22.663696
v 14.625978 -5.875378 22.918610
v 15.123068 -5.695520 22.606588
v 15.755503 -5.629088 22.552048
v 15.811320 -6.406861 22.288462
v 15.856010 -7.045152 22.181137
v 15.420546 -7.094320 22.212051
v 16.312889 -6.485362 22.566858
v 16.291862 -7.086863 22.419085
v 16.205835 -7.556577 22.417566
v 15.861190 -7.537593 22.241943
v 16.647045 -7.234941 22.956347
v 16.461273 -7.695600 22.832453
v 15.614291 -7.568539 22.231319
v 14.964972 -7.315236 22.566364
v 14.435419 -6.009462 23.366442
v 14.602001 -6.920291 23.201351
v 14.696291 -5.046286 23.540041
v 14.632776 -5.246544 23.040691
v 14.548552 -5.362802 23.471548
v 15.068254 -5.092073 22.857300
v 15.656281 -5.061920 22.777334
v 16.259083 -5.609805 22.829996
v 16.695639 -6.633967 23.193335
v 16.476410 -7.377834 23.436384
v 16.328850 -7.823072 23.250080
v 14.832221 -7.510594 23.059336
v 15.088047 -7.603399 23.521503
v 14.867027 -7.009371 23.771441
v 14.653759 -6.067650 23.889549
v 15.539288 -6.945541 24.052851
v 15.333105 -6.119549 24.267994
v 15.280701 -4.895699 23.951086
v 14.707124 -5.421546 23.766659
v 15.208651 -5.454092 24.280594
v 15.149133 -4.827768 23.252520
v 16.151680 -5.047219 23.002607
v 15.570652 -4.782609 23.175737
v 16.482731 -5.136003 23.605938
v 16.322973 -5.901870 24.071531
v 16.476826 -6.770497 23.743187
v 16.137543 -6.841788 23.952753
v 16.168404 -7.455590 23.630836
v 16.098125 -7.879762 23.411026
v 15.650222 -7.559238 23.727295
v 15.817682 -7.944342 23.495504
v 15.984724 -6.014375 24.253614
v 16.214865 -5.376351 24.271557
v 15.825440 -5.440350 24.384626
v 15.658556 -4.906873 24.018059
v 17.637274 -4.906771 25.302286
v 17.754450 -5.024330 25.139166
v 17.414066 -4.867146 25.010605
v 17.293320 -4.797716 25.310127
v 17.670559 -4.949928 25.441153
v 17.793110 -5.152628 25.357613
v 16.123051 -5.709532 24.338486
v 16.042320 -5.735609 24.772127
v 16.060139 -5.157562 24.606583
v 16.760902 -4.768970 24.699617
v 16.237972 -4.924504 24.421135
v 16.507572 -4.740643 25.107962
v 16.615095 -4.687054 24.960953
v 17.639942 -5.159962 25.557007
v 16.514215 -7.389651 23.846750
v 16.892860 -7.204130 23.461306
v 16.984529 -7.599990 23.465130
v 16.644791 -7.780746 23.772768
v 16.387604 -7.007401 23.935741
v 16.771240 -6.814868 23.519981
v 17.395432 -6.712460 23.633066
v 17.528690 -7.064242 23.539021
v 16.609735 -6.180188 23.739735
v 17.210121 -6.061988 23.857498
v 17.627058 -5.338639 24.635941
v 17.795975 -6.109594 24.295143
v 17.006001 -5.231790 24.247047
v 17.848099 -5.485833 24.913832
v 17.248634 -4.842358 25.496288
v 17.191156 -5.089122 25.607769
v 17.107830 -5.699747 25.544659
v 17.545612 -5.684149 25.492464
v 17.786358 -5.607694 25.241032
v 17.834824 -6.406742 25.002773
v 17.930548 -6.231751 24.635849
v 18.039310 -7.127716 23.868919
v 17.593330 -7.413481 23.507364
v 16.395399 -7.576668 24.296051
v 16.244043 -7.189855 24.448650
v 16.094765 -6.584031 24.621220
v 16.233303 -6.413324 24.103273
v 16.425808 -5.388331 24.092649
v 16.425106 -5.019617 25.283428
v 16.431061 -5.704129 25.336599
v 16.483866 -6.645887 25.133701
v 17.156628 -6.609723 25.297239
v 17.589396 -6.544917 25.245193
v 18.066021 -6.791489 24.400185
v 17.966730 -6.981000 24.702374
v 17.991772 -7.342286 24.439180
v 18.126083 -7.204172 24.175875
v 18.056072 -7.572386 23.968012
v 17.992817 -7.456752 23.770641
v 17.949551 -7.701057 24.234184
v 17.734049 -7.499014 24.701220
v 17.714882 -7.842515 24.496258
v 17.701828 -7.144224 24.947205
v 17.277586 -7.222745 25.035946
v 17.344561 -7.586579 24.822418
v 16.606018 -7.270173 24.913025
v 16.736736 -7.657449 24.723516
v 18.059177 -5.381924 25.983591
v 18.039169 -5.034260 25.917990
v 17.766685 -5.304642 25.573099
v 18.811071 -4.666814 26.068104
v 18.888161 -4.650204 25.812737
v 18.315712 -4.810759 25.510294
v 18.064156 -4.796027 25.584087
v 19.760529 -4.829405 26.003639
v 19.782955 -5.044408 25.826351
v 18.947653 -4.937291 25.564871
v 19.851021 -5.665123 25.476000
v 19.053455 -5.540034 25.139894
v 20.010000 -5.947278 26.058126
v 20.062746 -6.828404 25.647615
v 19.647324 -6.984755 25.980949
v 19.653557 -7.539868 25.595118
v 20.053473 -7.359471 25.168253
v 19.628649 -7.923490 25.264265
v 19.960094 -7.741308 24.883863
v 18.959372 -7.611970 25.708241
v 19.006643 -8.007679 25.351185
v 19.842951 -7.482244 24.365694
v 19.942310 -7.062642 24.621813
v 18.335215 -5.636433 24.935274
v 18.314980 -5.097972 25.280119
v 17.983662 -5.768042 24.991537
v 17.923262 -5.198362 25.267506
v 17.818438 -5.971349 25.381145
v 18.781536 -4.866876 26.334251
v 19.604244 -4.966480 26.428551
v 19.853621 -4.828954 26.278034
v 18.824951 -5.375909 26.376770
v 19.628735 -5.326950 26.429886
v 18.860435 -6.051447 26.296808
v 19.610397 -6.031654 26.313305
v 18.123734 -6.055359 25.901669
v 18.922207 -7.049032 26.035458
v 18.229307 -7.018641 25.674961
v 17.955635 -6.867685 25.058798
v 18.145653 -7.442313 24.789518
v 18.363291 -7.592753 25.400053
v 18.117353 -6.609722 24.560966
v 18.328136 -7.221777 24.258171
v 18.503580 -7.633415 24.166691
v 18.311951 -7.823734 24.619303
v 19.320551 -7.332263 24.153919
v 19.256901 -6.953741 24.340427
v 18.630211 -7.074795 24.177942
v 18.459114 -6.461240 24.481916
v 18.818295 -7.474954 24.049244
v 18.502888 -7.978554 25.098904
v 19.997242 -5.263418 26.227411
v 1.030865 -2.813096 7.174227
v 0.834486 -0.958907 7.198754
v 0.391819 1.524275 7.055231
v -0.916576 5.505234 6.089264
v -1.470846 6.805706 5.467795
v -1.930071 7.842791 4.839414
v -2.216963 8.863680 4.120402
v -2.203682 9.493677 3.716005
v -2.070587 9.931463 3.377888
v 32.408150 14.739468 -4.602947
v 33.004265 14.192533 -4.083035
v 33.528507 12.845585 -3.181473
v 33.700226 11.810040 -2.560584
v 33.812828 10.919239 -2.054062
v 33.897003 9.954315 -1.511114
v 33.995754 8.838810 -1.045484
v 34.265163 5.082781 -0.348079
v -1.751951 9.726431 3.136168
v -1.814651 9.253374 3.263914
v -1.781658 8.618450 3.557242
v -1.531328 7.639439 4.164700
v -1.178360 6.570047 4.709120
v -0.679424 5.222822 5.302670
v -0.111088 3.643000 5.759701
v 0.589014 1.276583 6.152872
v 0.972076 -1.190705 6.303115
v 1.113600 -2.967067 6.279659
v 33.898666 3.502279 -1.062951
v 33.772266 4.743380 -1.123861
v 33.629345 6.614277 -1.351249
v 33.491924 8.449978 -1.721707
v 33.376480 9.636724 -2.036455
v 33.275082 10.629572 -2.467622
v 33.125603 11.551085 -2.910450
v 32.475323 13.868557 -4.262228
v 32.056232 14.431166 -4.547136
v -0.508215 10.102289 3.452725
v 11.701990 -3.141445 13.509539
v 11.620331 -3.365660 13.928467
v 12.362892 -3.100533 13.874920
v 13.408878 -2.798774 13.192247
v 13.016986 -2.651938 12.888344
v 12.954548 -2.910392 13.163469
v 12.235410 -2.674518 12.939588
v 11.377112 -2.968093 13.391783
v 12.326750 -2.870355 13.174797
v 11.179539 -3.307899 14.066656
v 11.574667 -3.564785 14.629698
v 11.824665 -3.496449 14.254866
v 11.269303 -2.456048 13.542101
v 11.025285 -2.764402 14.332477
v 12.208742 -2.246910 12.990323
v 13.803706 -1.420417 13.734268
v 13.802591 -0.281686 14.271755
v 13.316859 -0.183225 13.930451
v 13.955728 -0.489388 14.859090
v 13.966700 -1.738408 14.460843
v 11.359024 -3.146792 15.005280
v 12.132236 -3.238698 15.162888
v 12.215799 -3.504926 14.787006
v 13.137284 -3.348059 14.445251
v 13.442801 -3.098158 13.898384
v 12.933323 -3.123180 13.823222
v 12.825214 -3.302597 14.174423
v 12.724379 -3.392194 14.716379
v 12.865520 -3.146785 15.055616
v 11.584288 -0.712119 15.056755
v 11.757147 -0.919055 15.633184
v 11.573796 -1.956527 15.400066
v 11.752444 -0.453946 14.412145
v 12.465796 -0.240316 13.943386
v 12.348861 -0.968265 15.857349
v 12.258123 -2.094539 15.583399
v 13.035807 -0.894432 15.748117
v 12.996085 -2.073738 15.448803
v 13.468435 -3.033708 14.731925
v 13.782821 -2.756692 14.120461
v 13.705104 -2.356868 13.269372
v 13.176390 -2.181172 12.919838
v 13.691600 -0.708738 15.354200
v 13.665007 -1.940604 15.055193
v 12.184477 -3.405439 14.350206
v 12.519987 -3.307004 14.344576
vn 0.8885 0.4574 0.0378
vn 0.9058 0.4211 0.0473
vn 0.9449 0.3214 0.0624
vn 0.8473 0.3851 -0.3658
vn 0.8045 0.4716 -0.3610
vn -0.5647 -0.7791 -0.2723
vn -0.4661 -0.2985 -0.8329
vn 0.0267 -0.9012 -0.4326
vn 0.3596 -0.1146 -0.9260
vn 0.8000 -0.3004 -0.5194
vn 0.1004 -0.8833 -0.4578
vn 0.0278 -0.8337 -0.5515
vn 0.7382 -0.6743 0.0195
vn 0.0243 -0.9514 -0.3071
vn 0.3978 0.4524 -0.7982
vn 0.8890 0.3163 -0.3313
vn -0.1066 -0.1561 -0.9820
vn -0.1527 0.3808 -0.9120
vn -0.8275 -0.2705 0.4920
vn -0.9978 -0.0592 -0.0303
vn -0.9930 -0.1130 -0.0357
vn -0.8025 -0.3486 0.4842
vn -0.7997 0.2818 -0.5303
vn -0.7736 0.3914 -0.4983
vn -0.2960 0.4602 -0.8370
vn -0.3500 0.3527 -0.8678
vn 0.9492 -0.0571 0.3093
vn 0.5416 -0.3792 0.7502
vn 0.3323 -0.8928 0.3042
vn 0.0395 -0.9356 -0.3507
vn 0.0360 -0.8998 -0.4347
vn 0.5841 -0.6154 -0.5293
vn 0.5753 -0.7830 -0.2366
vn 0.4160 -0.9075 0.0591
vn -0.0042 -0.9403 -0.3404
vn 0.1573 -0.9399 0.3029
vn 0.1729 -0.4966 0.8506
vn -0.9948 0.0478 0.0901
vn -0.6799 -0.2893 0.6738
vn -0.6711 -0.0890 0.7360
vn -0.6852 -0.0486 0.7267
vn -0.9747 0.2044 0.0904
vn 0.9118 0.1790 0.3695
vn 0.5011 -0.1467 0.8529
vn 0.5198 -0.1988 0.8308
vn 0.9143 0.1369 0.3813
vn 0.0969 -0.2759 0.9563
vn 0.1315 -0.3272 0.9358
vn -0.3900 -0.9206 -0.0207
vn -0.0949 -0.9803 0.1734
vn -0.2666 -0.6060 0.7495
vn -0.7264 -0.5641 0.3926
vn -0.9477 -0.3060 -0.0908
vn -0.6463 0.1846 -0.7405
vn -0.3373 -0.3311 0.8813
vn -0.3112 -0.3963 0.8638
vn 0.0334 -0.9305 -0.3648
vn 0.0351 -0.8503 -0.5251
vn -0.0963 -0.9636 -0.2493
vn 0.1117 -0.9237 -0.3664
vn 0.0682 -0.9465 -0.3153
vn 0.0683 -0.9315 -0.3572
vn 0.2026 0.3055 -0.9304
vn 0.2635 0.4287 -0.8641
vn -0.5471 -0.3593 -0.7560
vn -0.5175 -0.5746 -0.6340
vn -0.8138 -0.4211 -0.4004
vn -0.9685 -0.2448 -0.0457
vn -0.9690 -0.1031 -0.2247
vn -0.4593 0.2667 -0.8473
vn 0.0794 -0.2797 -0.9568
vn 0.2953 -0.6103 -0.7351
vn -0.4731 -0.0315 0.8805
vn -0.1630 0.0246 0.9863
vn -0.4566 0.8169 0.3524
vn -0.8939 0.2909 0.3411
vn -0.9425 -0.2334 0.2392
vn -0.9578 -0.2855 0.0316
vn -0.9178 -0.1929 0.3470
vn 0.9148 -0.0002 -0.4039
vn 0.9012 -0.2346 0.3644
vn 0.9577 -0.2806 0.0632
vn 0.7404 -0.3491 -0.5744
vn 0.7130 -0.1776 -0.6783
vn 0.4739 -0.3405 0.8121
vn 0.4722 -0.3830 0.7940
vn 0.9034 -0.4253 -0.0539
vn 0.4166 -0.2923 0.8608
vn -0.0597 0.8198 0.5696
vn 0.2527 0.8043 0.5379
vn 0.2739 0.9425 -0.1915
vn -0.0174 0.9697 -0.2436
vn -0.2640 0.9459 -0.1883
vn -0.3153 0.7662 0.5599
vn -0.1873 -0.3115 0.9316
vn -0.1659 -0.3409 0.9253
vn 0.0747 -0.3502 0.9337
vn 0.0590 -0.2979 0.9528
vn -0.1064 -0.2775 0.9548
vn 0.0926 -0.3459 0.9337
vn -0.6333 -0.3133 0.7076
vn -0.6142 -0.2029 0.7626
vn -0.5986 -0.3224 0.7333
vn -0.7170 -0.6656 0.2072
vn -0.7222 -0.6583 0.2121
vn -0.6542 -0.7373 0.1687
vn -0.8374 -0.2482 0.4870
vn -0.8528 -0.1833 0.4891
vn -0.8419 -0.2874 0.4567
vn -0.6156 -0.7873 0.0331
vn -0.0357 0.3392 -0.9400
vn 0.3551 -0.2419 -0.9030
vn 0.5205 -0.4899 -0.6993
vn 0.4293 -0.2594 -0.8651
vn 0.4597 -0.5044 -0.7309
vn 0.5533 0.3035 -0.7757
vn 0.3892 0.2993 -0.8712
vn 0.4485 0.3916 -0.8034
vn 0.9665 0.1131 -0.2303
vn 0.7680 -0.1606 0.6200
vn 0.3133 -0.1861 0.9312
vn 0.0392 -0.1620 0.9860
vn -0.1627 -0.1817 0.9698
vn -0.5483 -0.2185 0.8072
vn -0.9355 -0.1226 0.3313
vn -0.7309 0.4965 -0.4682
vn -0.9981 0.0198 -0.0584
vn -0.5352 0.4002 -0.7440
vn 0.1511 -0.8692 0.4709
vn 0.0391 -0.9081 0.4170
vn 0.1106 -0.8598 -0.4986
vn 0.0720 -0.8976 -0.4348
vn 0.0211 -0.9101 -0.4138
vn -0.0306 -0.9008 -0.4332
vn 0.3253 -0.8540 0.4060
vn 0.2524 -0.8515 0.4597
vn 0.9354 0.3238 0.1422
vn 0.9148 0.3090 0.2601
vn 0.8611 0.4385 0.2572
vn 0.7914 0.5932 0.1479
vn 0.7560 0.5704 0.3212
vn 0.8895 0.3697 0.2684
vn 0.9350 0.2582 0.2431
vn 0.9390 0.2965 0.1745
vn 0.3605 0.5390 -0.7612
vn 0.1781 0.4780 -0.8601
vn 0.1458 0.6384 -0.7557
vn 0.9400 0.2184 -0.2621
vn 0.6344 -0.0792 0.7689
vn 0.1953 -0.0170 0.9806
vn -0.0078 0.0584 0.9983
vn -0.1212 0.9262 0.3569
vn 0.1837 0.9151 0.3589
vn -0.0048 0.6860 -0.7276
vn 0.4962 0.7056 0.5058
vn 0.4665 -0.8689 0.1657
vn 0.4077 -0.8619 0.3015
vn -0.0933 -0.8731 -0.4785
vn -0.1781 -0.8470 -0.5008
vn -0.2263 -0.8324 -0.5058
vn 0.5033 -0.8628 0.0487
vn -0.2102 0.6857 -0.6969
vn -0.8525 -0.1374 0.5044
vn -0.8248 -0.2774 0.4928
vn -0.8037 -0.1943 0.5625
vn -0.8184 -0.1427 0.5567
vn -0.6796 -0.0751 0.7298
vn -0.7291 -0.0423 0.6830
vn -0.8616 -0.4349 -0.2616
vn 0.6335 -0.3471 -0.6916
vn -0.8695 0.4368 -0.2304
vn -0.0546 0.8677 -0.4941
vn -0.1065 0.9940 -0.0244
vn -0.8593 0.5096 0.0447
vn -0.9584 0.2847 0.0185
vn -0.9610 0.2309 -0.1524
vn -0.9088 0.3131 0.2758
vn -0.7818 0.5421 0.3082
vn 0.0087 0.9538 0.3003
vn -0.7553 0.4422 0.4837
vn -0.4908 0.6991 0.5200
vn -0.0065 0.7078 0.7064
vn -0.1864 0.5310 0.8266
vn -0.8918 0.1918 0.4098
vn -0.3007 0.2721 0.9141
vn 0.6574 0.5321 0.5335
vn 0.7082 0.3754 0.5979
vn 0.7387 0.1884 0.6472
vn 0.7492 -0.4232 -0.5095
vn 0.9910 -0.0545 -0.1219
vn 0.9991 -0.0225 0.0363
vn 0.7687 -0.5857 -0.2572
vn -0.7830 0.3225 0.5319
vn -0.9458 0.0787 0.3149
vn -0.9634 0.1274 0.2359
vn -0.6444 0.3650 0.6719
vn -0.9528 0.0089 0.3035
vn -0.9836 0.1256 0.1297
vn -0.9663 0.2044 0.1563
vn -0.9731 0.2122 0.0896
vn 0.8866 0.4613 0.0347
vn 0.6927 0.4892 0.5300
vn 0.8047 0.0072 0.5936
vn 0.3194 0.9411 -0.1114
vn 0.1708 0.7385 0.6522
vn -0.1239 0.0226 0.9920
vn 0.2751 0.0237 -0.9611
vn 0.1749 0.0413 -0.9837
vn 0.1113 0.1651 -0.9800
vn 0.2638 0.1237 -0.9566
vn 0.7582 0.6103 0.2295
vn 0.2659 0.9636 -0.0293
vn -0.1554 0.9356 0.3171
vn 0.3754 0.7013 0.6060
vn 0.8942 0.3939 -0.2127
vn 0.3258 0.8236 -0.4642
vn -0.7156 0.6249 -0.3121
vn -0.7281 0.5770 0.3701
vn -0.9010 0.1187 0.4172
vn -0.9702 0.2412 0.0242
vn -0.9933 0.1124 -0.0278
vn -0.7169 0.6742 -0.1774
vn -0.9480 0.2585 -0.1855
vn 0.9693 -0.0311 0.2441
vn 0.9373 -0.0507 0.3448
vn 0.9940 -0.0244 0.1064
vn 0.9967 0.0794 0.0136
vn 0.9024 0.3472 -0.2552
vn 0.9180 0.3457 -0.1944
vn 0.3212 0.7775 -0.5407
vn -0.8186 0.4227 -0.3889
vn 0.4026 0.5805 0.7078
vn 0.7210 0.4969 0.4829
vn 0.6255 0.6840 0.3754
vn 0.5578 0.7458 0.3642
vn 0.4425 0.7601 0.4758
vn 0.4427 -0.8635 0.2415
vn 0.5715 -0.5865 0.5739
vn 0.4589 -0.6385 0.6178
vn 0.4575 -0.6253 0.6322
vn 0.5308 -0.7843 0.3211
vn 0.4231 -0.8631 0.2756
vn 0.7690 0.0331 -0.6384
vn 0.8059 0.4740 -0.3549
vn 0.9657 -0.1092 -0.2356
vn 0.9676 -0.1681 -0.1881
vn 0.9647 -0.2219 -0.1417
vn 0.7671 -0.0609 -0.6386
vn 0.7769 -0.0324 -0.6288
vn 0.9429 -0.3163 -0.1046
vn 0.9836 -0.1014 -0.1493
vn 0.9594 -0.2116 -0.1864
vn 0.9055 -0.4013 -0.1381
vn -0.7782 -0.6129 -0.1369
vn -0.7174 -0.6957 0.0368
vn -0.7395 -0.6301 0.2368
vn -0.8364 -0.5480 0.0086
vn -0.8345 -0.5483 -0.0548
vn -0.6876 -0.7254 0.0317
vn -0.6521 -0.7561 -0.0560
vn 0.5554 -0.2847 0.7813
vn 0.5000 -0.2282 0.8354
vn 0.2406 -0.3082 0.9204
vn 0.2017 -0.3623 0.9100
vn 0.1673 -0.4313 0.8866
vn 0.6113 -0.3456 0.7120
vn 0.9829 0.0065 0.1839
vn 0.9952 0.0960 -0.0162
vn 0.9383 0.3046 0.1638
vn 0.9670 0.2416 0.0810
vn 0.9967 0.0769 -0.0244
vn 0.9417 -0.0627 -0.3304
vn 0.9705 -0.0038 -0.2412
vn 0.5743 -0.1475 -0.8052
vn 0.5351 -0.2385 -0.8104
vn 0.8906 -0.1386 -0.4332
vn 0.4819 -0.3164 -0.8171
vn 0.2460 -0.2613 0.9334
vn 0.2127 -0.3573 0.9095
vn 0.0703 -0.2402 0.9682
vn 0.2275 -0.1505 0.9621
vn 0.4105 -0.1849 0.8929
vn 0.2906 -0.3462 0.8920
vn -0.9926 0.1108 0.0497
vn -0.9980 0.0495 0.0396
vn -0.9978 0.0611 -0.0265
vn -0.9788 0.1562 0.1326
vn -0.9857 0.0961 0.1386
vn -0.9152 0.0531 0.3996
vn -0.9883 0.0586 0.1408
vn -0.9959 0.0321 0.0844
vn -0.9894 -0.0041 0.1452
vn -0.9778 -0.0056 0.2093
vn -0.9562 0.0382 0.2901
vn -0.9930 0.1146 -0.0277
vn -0.9968 0.0775 -0.0211
vn -0.9934 0.1114 0.0285
vn -0.4545 -0.1830 0.8717
vn -0.6432 -0.1224 0.7559
vn 0.0621 0.6128 0.7878
vn -0.0620 0.5937 0.8023
vn 0.2971 0.6680 0.6822
vn 0.1461 0.7050 0.6940
vn -0.3186 0.5478 0.7736
vn -0.3631 0.4723 0.8032
vn 0.0282 0.2666 -0.9634
vn -0.3016 0.1471 -0.9420
vn -0.2585 0.2396 -0.9358
vn 0.0479 0.2965 -0.9538
vn -0.6995 0.5077 0.5029
vn -0.6054 0.6066 0.5153
vn -0.6693 0.6462 0.3668
vn -0.8030 0.4457 0.3957
vn -0.7636 0.4181 0.4920
vn -0.9864 0.1315 -0.0984
vn -0.9230 0.3403 0.1796
vn 0.4624 -0.5590 -0.6883
vn 0.4012 -0.6852 -0.6079
vn 0.3551 -0.7037 -0.6153
vn 0.3869 -0.6253 -0.6777
vn 0.4599 -0.4585 0.7604
vn 0.4350 -0.5260 0.7309
vn -0.2734 -0.1848 0.9440
vn -0.1604 -0.1846 0.9696
vn -0.1001 -0.1554 0.9828
vn 0.4276 -0.3826 0.8190
vn -0.3796 -0.2543 0.8895
vn -0.5086 -0.0648 0.8586
vn -0.3093 -0.0479 0.9497
vn -0.2319 -0.1921 0.9536
vn -0.2887 -0.2207 0.9316
vn -0.8317 -0.5231 -0.1859
vn -0.7750 -0.6099 -0.1655
vn -0.7921 -0.6073 -0.0616
vn -0.8782 -0.4750 -0.0561
vn -0.8733 -0.4508 -0.1846
vn 0.7847 -0.0593 0.6171
vn 0.7576 -0.1403 0.6375
vn 0.8193 -0.0158 0.5732
vn 0.8317 0.1284 0.5402
vn 0.8519 0.1636 0.4974
vn 0.8129 0.3709 0.4489
vn 0.8224 0.5623 -0.0863
vn 0.8279 0.5258 -0.1952
vn 0.7457 0.6310 -0.2139
vn 0.7319 0.6787 -0.0607
vn 0.8233 0.5657 -0.0462
vn 0.7366 -0.0371 0.6754
vn 0.8097 -0.0087 0.5868
vn -0.1558 0.6103 0.7767
vn -0.2932 0.5608 0.7743
vn -0.2705 0.4927 0.8271
vn -0.0455 0.5588 0.8280
vn -0.0685 0.6320 0.7719
vn -0.0234 -0.8343 0.5509
vn 0.0666 -0.9843 0.1632
vn 0.1019 -0.9580 0.2681
vn 0.1321 -0.7300 0.6706
vn 0.0375 -0.7862 0.6169
vn -0.6990 -0.4975 0.5137
vn -0.6986 -0.5029 0.5089
vn -0.6617 -0.5399 0.5202
vn -0.6827 -0.5097 0.5235
vn -0.6582 -0.5598 0.5034
vn -0.7190 -0.5165 0.4651
vn -0.7385 -0.5432 0.3994
vn -0.7796 -0.4698 0.4141
vn -0.7609 -0.4344 0.4820
vn -0.7394 -0.4708 0.4813
vn -0.7512 -0.4250 0.5051
vn -0.7092 -0.4707 0.5249
vn -0.7654 -0.4118 0.4945
vn -0.7583 -0.4506 0.4710
vn -0.7671 -0.3667 0.5265
vn -0.7196 -0.3371 0.6071
vn 0.7819 0.0660 0.6200
vn 0.6894 0.1300 0.7127
vn 0.7522 0.0313 0.6582
vn 0.8393 -0.0334 0.5426
vn 0.8841 -0.0164 0.4671
vn 0.9152 -0.0756 0.3960
vn 0.8028 -0.2194 0.5544
vn 0.8767 -0.2370 0.4185
vn 0.9292 -0.2356 0.2846
vn 0.6832 0.0775 0.7261
vn 0.7252 -0.2008 0.6586
vn 0.6008 0.0784 0.7956
vn 0.4940 0.0296 0.8690
vn 0.4731 -0.2762 0.8366
vn 0.6069 -0.2221 0.7631
vn 0.3288 -0.3302 0.8848
vn -0.2996 -0.0408 -0.9532
vn -0.1834 -0.0186 -0.9829
vn -0.2071 0.2391 -0.9487
vn -0.3452 0.2152 -0.9135
vn -0.0595 0.9402 0.3353
vn -0.2584 0.8405 0.4762
vn -0.6165 0.7345 0.2835
vn -0.5275 0.8368 0.1467
vn -0.2136 0.4445 -0.8699
vn -0.2138 0.6595 -0.7207
vn -0.3638 0.6371 -0.6795
vn -0.3735 0.4153 -0.8295
vn -0.1635 0.9649 -0.2054
vn -0.2346 0.9559 -0.1766
vn 0.3767 -0.9112 -0.1669
vn 0.4622 -0.7970 -0.3889
vn 0.5119 -0.7866 -0.3454
vn 0.7073 -0.6772 -0.2028
vn 0.4432 -0.8934 -0.0741
vn 0.3126 -0.9405 -0.1331
vn 0.3579 -0.9251 -0.1267
vn 0.1071 0.7873 0.6072
vn 0.0752 0.7382 0.6703
vn 0.2992 -0.0844 0.9505
vn 0.4156 -0.0563 0.9078
vn 0.1120 0.8513 0.5125
vn 0.5378 0.0100 0.8430
vn 0.1025 0.8912 0.4419
vn 0.6384 0.1089 0.7619
vn 0.0350 0.9217 0.3864
vn 0.6592 0.2480 0.7099
vn 0.6707 -0.2341 0.7038
vn 0.7295 -0.1728 0.6618
vn -0.0310 0.9337 0.3568
vn 0.6451 0.4141 0.6421
vn 0.6203 0.5796 0.5285
vn 0.5647 0.7226 0.3987
vn 0.4444 0.8329 0.3299
vn 0.3066 0.8792 0.3646
vn 0.0729 0.8308 0.5517
vn 0.6771 0.6193 0.3975
vn 0.8277 0.3651 0.4261
vn 0.7591 0.5036 0.4125
vn 0.4828 0.7546 0.4444
vn 0.8859 0.0391 0.4622
vn 0.9462 0.1052 0.3059
vn 0.1277 -0.0277 -0.9914
vn 0.0450 -0.0490 -0.9978
vn 0.0015 -0.1284 -0.9917
vn 0.2747 -0.0645 -0.9594
vn 0.3686 -0.0777 -0.9263
vn 0.2956 -0.2498 -0.9221
vn 0.9601 -0.0601 0.2731
vn 0.9601 -0.1997 0.1956
vn 0.6882 -0.7093 -0.1525
vn 0.7305 -0.6622 -0.1668
vn 0.9819 -0.1342 0.1337
vn 0.6365 -0.7596 -0.1336
vn 0.5690 -0.8197 -0.0657
vn -0.2327 -0.8281 -0.5101
vn -0.1998 -0.8429 -0.4996
vn -0.3675 -0.4874 -0.7921
vn -0.4922 -0.4883 -0.7207
vn -0.2688 -0.4877 -0.8306
vn 0.8439 -0.0025 0.5365
vn -0.5038 -0.1165 -0.8559
vn -0.4084 -0.0760 -0.9096
vn -0.4756 0.1753 -0.8620
vn -0.5866 0.1220 -0.8007
vn -0.6273 -0.1749 -0.7589
vn -0.7111 0.0400 -0.7020
vn -0.1732 -0.4799 -0.8601
vn 0.8392 0.3230 -0.4375
vn 0.8135 0.2122 -0.5414
vn 0.8145 0.1659 -0.5560
vn 0.8339 0.2508 -0.4917
vn 0.6910 0.1854 -0.6987
vn 0.6525 0.0939 -0.7520
vn 0.5859 0.0449 -0.8092
vn 0.8994 0.2636 -0.3488
vn 0.0997 -0.7451 -0.6595
vn 0.0822 -0.9569 -0.2784
vn 0.1632 -0.9392 -0.3021
vn 0.2779 -0.8190 -0.5019
vn 0.2147 -0.7747 -0.5948
vn -0.6384 0.3280 -0.6963
vn -0.5943 0.5819 -0.5552
vn -0.7036 0.5464 -0.4542
vn -0.7576 0.2779 -0.5906
vn -0.5189 0.3713 -0.7700
vn -0.4898 0.6108 -0.6221
vn -0.3508 0.9286 -0.1210
vn -0.4223 0.9030 -0.0793
vn -0.2894 0.9468 -0.1408
vn 0.9578 0.1716 -0.2306
vn 0.9583 0.0429 -0.2826
vn 0.1115 -0.4423 -0.8899
vn -0.0131 -0.3396 -0.9405
vn -0.2221 -0.9750 -0.0028
vn 0.9268 -0.2167 0.3069
vn 0.9166 0.3926 0.0756
vn 0.9585 0.2768 0.0686
vn 0.9470 0.3189 0.0392
vn 0.9543 0.2989 0.0053
vn 0.9676 0.2378 -0.0842
vn 0.9300 0.3438 -0.1297
vn 0.8920 0.4494 -0.0493
vn -0.6943 0.0837 -0.7148
vn -0.6718 0.1180 -0.7313
vn -0.7155 -0.0070 -0.6986
vn 0.2853 0.7420 0.6067
vn -0.0633 -0.5256 0.8483
vn 0.0270 -0.5110 0.8591
vn 0.0315 -0.7013 0.7122
vn 0.0357 -0.6885 0.7244
vn -0.1140 -0.6342 0.7647
vn -0.7619 0.5898 0.2677
vn -0.9700 0.2248 -0.0920
vn -0.7866 -0.1162 0.6064
vn -0.7710 -0.2516 0.5850
vn -0.6309 -0.4326 0.6440
vn -0.6604 -0.2875 0.6937
vn -0.7143 -0.1936 0.6726
vn -0.8461 -0.2078 -0.4908
vn -0.9194 -0.0823 -0.3846
vn -0.9976 -0.0579 -0.0377
vn -0.9923 -0.0985 -0.0745
vn -0.9950 -0.0566 0.0819
vn -0.9358 -0.2343 -0.2635
vn 0.6118 0.7382 0.2842
vn 0.5363 0.8398 -0.0838
vn 0.2206 0.9391 -0.2635
vn 0.0977 0.9950 0.0199
vn -0.0752 0.9581 0.2765
vn 0.1884 0.9061 0.3788
vn 0.1262 -0.6993 -0.7036
vn 0.1104 -0.7427 -0.6604
vn 0.0778 -0.8421 -0.5336
vn 0.0051 -0.8499 -0.5269
vn -0.0506 -0.7242 -0.6878
vn -0.4528 -0.7449 -0.4899
vn -0.3782 -0.8083 -0.4513
vn -0.4201 -0.8023 -0.4241
vn -0.5404 -0.7019 -0.4639
vn -0.9402 -0.0247 0.3398
vn -0.4775 0.4070 0.7787
vn -0.9503 0.1615 0.2663
vn 0.2907 0.8756 0.3859
vn 0.3899 0.8617 0.3247
vn 0.4219 0.7589 0.4961
vn 0.2911 0.8243 0.4855
vn -0.8998 0.3852 0.2050
vn -0.9493 0.0110 -0.3142
vn -0.4779 -0.3887 -0.7877
vn -0.3840 -0.4696 -0.7950
vn -0.9797 -0.0951 -0.1767
vn -0.0949 -0.1730 0.9803
vn -0.0575 -0.1645 0.9847
vn -0.0864 -0.2794 0.9563
vn -0.1215 -0.3759 0.9187
vn -0.1279 -0.1368 0.9823
vn -0.1110 -0.1965 0.9742
vn 0.4297 -0.3515 -0.8317
vn 0.8119 -0.1993 -0.5488
vn 0.8458 0.4459 0.2931
vn 0.9739 0.2120 -0.0806
vn 0.5439 0.6091 0.5772
vn 0.8985 0.3542 0.2595
vn 0.6288 0.5988 0.4960
vn 0.6852 0.5978 0.4161
vn -0.4997 0.6899 0.5237
vn -0.3903 0.7544 0.5278
vn -0.4246 0.7902 0.4418
vn -0.4595 0.8161 0.3505
vn -0.5698 0.7398 0.3578
vn 0.1446 0.8171 0.5581
vn 0.7394 0.6561 0.1512
vn 0.7216 0.6078 0.3314
vn -0.5855 0.5527 0.5931
vn -0.4089 0.5770 0.7070
vn 0.2014 0.7519 0.6277
vn -0.2231 0.5868 0.7784
vn 0.2481 0.7120 0.6569
vn 0.7395 0.6724 -0.0325
vn 0.9868 0.1620 -0.0064
vn 0.9838 0.1771 0.0263
vn 0.9930 0.1099 -0.0434
vn 0.8054 0.5308 -0.2638
vn 0.1122 0.6906 -0.7145
vn 0.1490 0.3614 -0.9204
vn 0.1034 0.2645 -0.9588
vn 0.4247 0.3837 -0.8200
vn 0.4377 0.4566 -0.7746
vn 0.8041 -0.1655 0.5710
vn 0.7784 -0.2548 0.5737
vn 0.7933 -0.2722 0.5446
vn 0.7746 -0.4425 0.4519
vn 0.9325 -0.2097 0.2942
vn 0.9401 -0.0593 0.3357
vn 0.9088 0.0063 0.4171
vn 0.4482 -0.1027 0.8880
vn 0.2189 -0.0389 0.9750
vn 0.8704 0.0233 0.4917
vn -0.7234 -0.0517 0.6885
vn 0.6486 -0.1761 0.7405
vn -0.2345 -0.1671 0.9577
vn 0.7847 -0.1086 0.6103
vn -0.0153 0.0424 0.9990
vn 0.1295 0.9811 -0.1439
vn 0.1447 0.9892 -0.0250
vn 0.3175 0.9469 -0.0501
vn 0.3146 0.9441 -0.0982
vn 0.3078 0.9380 -0.1595
vn 0.5650 -0.6035 0.5626
vn 0.5599 -0.3602 0.7462
vn 0.2418 -0.5306 0.8124
vn 0.2754 -0.6700 0.6894
vn 0.1714 -0.7953 0.5814
vn 0.4832 -0.7545 0.4441
vn 0.7131 0.6244 0.3187
vn 0.5652 0.7013 0.4345
vn 0.0541 0.2224 -0.9734
vn 0.4308 0.1668 -0.8869
vn 0.4236 -0.0539 -0.9043
vn -0.0672 0.0787 -0.9946
vn -0.0445 0.0991 -0.9941
vn -0.5522 -0.7609 -0.3406
vn -0.5821 -0.7209 -0.3762
vn -0.3793 -0.8028 -0.4601
vn -0.3329 -0.7647 -0.5517
vn -0.4940 -0.4454 -0.7467
vn -0.7966 -0.5799 -0.1709
vn -0.9131 0.1220 0.3891
vn -0.2815 0.1680 0.9448
vn 0.7710 0.0992 0.6290
vn 0.8193 0.0555 0.5707
vn -0.1671 0.1035 0.9805
vn 0.9801 0.0862 0.1790
vn 0.9800 0.1470 0.1339
vn 0.9927 0.0329 0.1158
vn 0.9958 0.0664 0.0624
vn 0.9974 0.0503 0.0525
vn 0.9938 0.0776 0.0800
vn 0.9972 0.0601 0.0436
vn 0.9730 0.0607 -0.2228
vn -0.1853 0.1422 0.9723
vn -0.4541 0.1095 0.8842
vn -0.5398 -0.0136 0.8417
vn -0.3458 -0.0327 0.9377
vn -0.1052 0.0917 0.9902
vn 0.6342 -0.2712 0.7241
vn 0.5980 -0.3830 0.7041
vn 0.0032 -0.1072 -0.9942
vn 0.4496 -0.2532 -0.8566
vn 0.4648 -0.3640 -0.8072
vn -0.0179 -0.1982 -0.9800
vn 0.7143 -0.5421 0.4425
vn 0.6839 -0.4639 0.5631
vn 0.5229 -0.7458 0.4128
vn 0.4199 -0.7338 0.5341
vn 0.4803 -0.7127 0.5112
vn 0.1871 0.7540 0.6297
vn 0.1668 0.8221 0.5443
vn 0.0186 0.8036 0.5949
vn 0.0456 0.7377 0.6736
vn -0.2427 -0.9684 -0.0584
vn -0.2755 -0.9459 -0.1714
vn 0.0712 -0.9910 -0.1134
vn 0.0375 -0.9857 -0.1642
vn 0.3227 -0.9357 -0.1425
vn 0.3571 -0.9242 -0.1356
vn 0.1655 -0.9775 -0.1307
vn -0.3278 -0.9379 0.1134
vn 0.7264 -0.1037 -0.6794
vn 0.9889 0.0861 -0.1211
vn 0.2796 -0.1090 0.9539
vn 0.0693 0.0851 0.9940
vn 0.1270 -0.0322 0.9914
vn 0.6859 0.0394 -0.7266
vn -0.0031 -0.2789 -0.9603
vn -0.1809 -0.1118 -0.9771
vn 0.1876 -0.7175 -0.6708
vn 0.6369 0.1004 -0.7644
vn -0.2586 -0.0413 -0.9651
vn -0.7631 -0.3416 -0.5486
vn -0.8270 -0.1775 -0.5334
vn -0.5024 -0.6964 -0.5124
vn -0.8556 -0.1315 -0.5007
vn 0.4889 -0.8717 -0.0324
vn 0.7162 -0.6834 0.1416
vn 0.6314 -0.7703 0.0895
vn 0.7422 -0.6633 0.0960
vn 0.7055 -0.6967 -0.1299
vn 0.4850 -0.8639 -0.1361
vn -0.3851 -0.9224 0.0292
vn -0.2493 -0.9680 -0.0286
vn -0.0879 -0.9952 -0.0428
vn -0.1162 -0.9929 -0.0235
vn -0.1351 -0.9881 -0.0733
vn -0.2952 -0.9527 -0.0715
vn -0.9519 -0.1954 0.2360
vn -0.9344 -0.0493 0.3529
vn -0.9354 0.2686 0.2298
vn -0.8730 0.0612 -0.4839
vn -0.8645 -0.0050 -0.5026
vn -0.8290 -0.4909 -0.2680
vn -0.5594 -0.7569 -0.3379
vn -0.5749 -0.7143 -0.3991
vn -0.8215 -0.4716 -0.3206
vn 0.9748 0.0937 -0.2026
vn 0.9710 0.0016 -0.2390
vn 0.9716 -0.1169 -0.2055
vn 0.9841 0.0032 -0.1777
vn -0.2197 -0.1059 -0.9698
vn -0.0610 -0.0993 -0.9932
vn -0.0713 -0.1740 -0.9822
vn 0.5401 0.0262 -0.8412
vn -0.1697 0.6358 -0.7529
vn -0.0622 0.6294 -0.7746
vn -0.0536 0.5350 -0.8432
vn -0.1647 0.5472 -0.8206
vn -0.2563 0.5430 -0.7996
vn -0.2539 0.6313 -0.7328
vn -0.8535 0.4636 -0.2378
vn -0.5220 0.8518 0.0442
vn -0.9046 0.4184 -0.0813
vn -0.7801 0.5078 -0.3655
vn -0.4824 0.8752 -0.0369
vn -0.8376 0.2335 -0.4939
vn -0.9161 0.1680 -0.3641
vn -0.9718 0.0752 -0.2236
vn -0.8294 0.1004 -0.5495
vn -0.9002 0.0288 -0.4346
vn -0.9418 -0.0770 -0.3271
vn -0.9880 -0.0080 -0.1544
vn -0.9431 -0.1847 -0.2764
vn -0.3599 -0.0907 -0.9286
vn -0.4730 -0.0889 -0.8766
vn -0.5837 -0.3715 -0.7220
vn -0.6495 -0.3543 -0.6727
vn -0.6224 -0.1925 -0.7587
vn -0.2820 -0.1914 -0.9401
vn -0.9671 -0.2316 0.1049
vn -0.9311 -0.3648 0.0079
vn -0.7847 -0.4366 -0.4400
vn -0.8225 -0.3798 -0.4234
vn -0.8686 -0.2429 -0.4319
vn -0.6805 -0.3436 -0.6472
vn -0.7497 -0.3403 -0.5676
vn -0.8035 -0.3229 -0.5000
vn -0.7696 -0.1901 -0.6096
vn -0.7220 -0.2059 -0.6606
vn -0.6614 -0.1827 -0.7275
vn 0.8285 0.3096 -0.4666
vn 0.8532 0.3415 -0.3942
vn 0.7192 0.6541 -0.2343
vn 0.7339 0.5948 -0.3280
vn 0.7125 0.5437 -0.4436
vn 0.7754 0.3109 -0.5497
vn -0.7043 0.2908 -0.6476
vn -0.2154 0.4716 -0.8551
vn 0.0649 -0.9273 -0.3687
vn 0.0376 -0.9005 -0.4333
vn 0.4658 -0.0460 0.8837
vn 0.4458 -0.1424 0.8837
vn 0.5053 -0.0841 0.8589
vn 0.5492 -0.1886 0.8141
vn 0.5779 -0.2034 0.7904
vn 0.5348 0.1242 0.8358
vn -0.5280 -0.8415 0.1142
vn -0.7606 -0.3827 0.5245
vn -0.8034 -0.3223 0.5006
vn 0.1862 0.0200 0.9823
vn 0.2155 0.0815 0.9731
vn -0.1541 0.0386 0.9873
vn -0.1288 -0.0429 0.9907
vn 0.9867 -0.1167 0.1135
vn 0.9811 -0.0408 -0.1889
vn 0.8734 0.3690 -0.3177
vn 0.9476 0.2951 -0.1226
vn 0.9650 -0.2597 0.0368
vn 0.4433 -0.6654 -0.6006
vn 0.4120 -0.7924 -0.4498
vn 0.2758 -0.8143 -0.5108
vn 0.2719 -0.6780 -0.6829
vn -0.3470 -0.4088 0.8441
vn -0.4892 -0.4502 0.7470
vn -0.5323 -0.4707 0.7037
vn 0.1840 -0.3569 0.9158
vn 0.1671 -0.3092 0.9362
vn 0.2107 -0.2076 0.9552
vn -0.1700 -0.3148 0.9338
vn -0.5725 -0.4955 -0.6532
vn -0.7842 -0.2757 -0.5558
vn -0.7146 -0.2238 -0.6628
vn -0.7936 -0.0272 -0.6079
vn -0.8602 -0.0989 -0.5002
vn -0.6272 -0.5182 -0.5815
vn -0.1419 -0.8709 -0.4705
vn -0.5687 -0.1720 0.8044
vn -0.6173 -0.2165 0.7564
vn -0.6509 -0.2710 0.7091
vn -0.8131 -0.2845 0.5080
vn -0.8200 -0.2477 0.5160
vn -0.8226 -0.2259 0.5219
vn -0.5329 -0.1506 0.8327
vn -0.7486 0.1554 -0.6446
vn -0.0354 -0.9364 -0.3492
vn 0.0760 -0.9152 -0.3959
vn -0.9721 -0.1697 0.1618
vn -0.9725 -0.2160 0.0873
vn -0.9151 -0.3114 0.2564
vn -0.9139 -0.2681 0.3047
vn -0.9059 -0.2156 0.3644
vn -0.9604 -0.1101 0.2558
vn 0.9115 0.1685 -0.3752
vn 0.9329 0.2566 -0.2528
vn 0.9704 0.1651 -0.1761
vn 0.9571 0.1053 -0.2698
vn 0.6768 0.5605 0.4773
vn 0.5565 0.8293 -0.0509
vn 0.5625 0.8217 0.0912
vn 0.7441 0.6662 0.0496
vn 0.3418 -0.0340 0.9392
vn -0.3811 0.0156 -0.9244
vn -0.4073 0.0261 -0.9129
vn -0.2376 0.0819 -0.9679
vn -0.1823 0.1103 -0.9770
vn -0.1371 0.0267 -0.9902
vn -0.3958 -0.1249 -0.9098
vn 0.0116 0.5491 -0.8356
vn 0.1426 0.5094 -0.8486
vn 0.2416 0.4914 -0.8368
vn -0.0954 0.5393 -0.8367
vn -0.0585 0.5314 -0.8451
vn -0.2733 0.5369 -0.7982
vn -0.2416 0.5273 -0.8146
vn -0.1914 0.5301 -0.8260
vn -0.4179 0.7255 -0.5468
vn -0.2492 0.8410 -0.4802
vn -0.0645 0.8591 -0.5077
vn 0.6766 -0.2065 0.7068
vn 0.6797 -0.1800 0.7111
vn 0.4262 -0.2396 0.8723
vn 0.3980 -0.3050 0.8652
vn 0.6416 -0.1863 0.7441
vn 0.4028 0.2219 -0.8880
vn -0.0826 -0.0055 -0.9966
vn 0.7118 -0.0677 -0.6991
vn 0.3817 -0.3729 -0.8457
vn 0.3274 -0.4072 -0.8526
vn 0.2447 -0.6175 -0.7475
vn 0.4989 -0.2039 -0.8423
vn 0.4987 -0.1052 -0.8604
vn 0.2209 -0.1854 -0.9575
vn 0.2865 -0.0252 0.9578
vn 0.3259 0.0592 0.9435
vn -0.0975 0.0964 0.9906
vn -0.1124 0.0368 0.9930
vn -0.1200 -0.0745 0.9900
vn -0.8638 -0.0660 0.4996
vn -0.8747 -0.1055 0.4731
vn -0.8860 -0.1564 0.4366
vn -0.8351 -0.2835 0.4714
vn -0.8287 -0.1743 0.5319
vn 0.1163 -0.9229 -0.3670
vn -0.5605 -0.7819 -0.2729
vn 0.4940 -0.0721 0.8665
vn 0.3568 -0.0734 0.9313
vn 0.4942 0.1532 0.8558
vn -0.8921 -0.4101 -0.1896
vn -0.9519 -0.2257 -0.2073
vn -0.8955 -0.1780 -0.4079
vn -0.8994 -0.2591 -0.3522
vn -0.0594 0.9411 0.3328
vn -0.0736 0.9287 0.3633
vn -0.1158 0.9012 0.4178
vn 0.1702 0.9682 -0.1835
vn 0.2447 0.9611 -0.1284
vn 0.2963 0.9543 -0.0386
vn 0.1631 -0.9545 0.2496
vn 0.0803 -0.9549 0.2860
vn -0.0998 -0.9484 0.3009
vn -0.0502 -0.9785 0.1998
vn 0.0503 -0.9493 0.3102
vn 0.5589 0.6185 -0.5524
vn 0.7028 0.4904 -0.5154
vn 0.7704 0.5359 -0.3454
vn 0.6403 0.7209 -0.2651
vn -0.1825 0.9832 -0.0074
vn -0.3903 0.8199 -0.4190
vn 0.8267 0.5577 -0.0742
vn 0.6634 0.7472 0.0400
vn -0.1236 0.9121 0.3908
vn 0.7236 0.6681 0.1734
vn 0.8952 0.4455 0.0106
vn 0.5729 0.3933 0.7191
vn 0.3454 0.6236 0.7013
vn -0.4181 0.0214 0.9082
vn -0.4541 0.2359 0.8592
vn 0.0877 0.7160 0.6926
vn -0.4881 0.3669 0.7919
vn -0.8598 -0.3286 0.3907
vn -0.7157 -0.6791 -0.1633
vn 0.9067 0.3727 -0.1978
vn 0.9446 0.2993 -0.1348
vn 0.7942 0.5595 0.2371
vn 0.8502 0.4633 -0.2500
vn 0.8747 0.3882 -0.2902
vn 0.8261 0.4686 -0.3129
vn -0.8847 0.2058 0.4184
vn -0.4591 -0.1639 0.8731
vn -0.5351 0.2988 0.7902
vn -0.0996 0.6958 0.7113
vn -0.5676 0.8164 0.1063
vn 0.5163 0.1139 0.8488
vn -0.3946 0.9188 0.0085
vn -0.6756 0.5590 0.4808
vn -0.2043 0.6834 0.7009
vn 0.1186 0.9909 0.0636
vn -0.5200 0.7531 -0.4030
vn -0.9806 0.1902 -0.0470
vn 0.1647 0.8659 -0.4724
vn 0.6334 0.7711 0.0655
vn 0.9254 0.3790 0.0086
vn 0.7884 0.4919 -0.3693
vn 0.8211 0.3710 -0.4338
vn -0.8772 0.1308 0.4620
vn -0.9166 -0.2041 0.3438
vn -0.4522 -0.3228 0.8314
vn -0.4419 -0.2348 0.8658
vn -0.3528 0.0685 0.9332
vn 0.3690 0.8289 -0.4204
vn 0.6770 0.4901 -0.5490
vn -0.7422 -0.2750 0.6111
vn -0.8824 -0.1861 0.4321
vn -0.9707 0.0752 0.2281
vn -0.9829 0.0785 0.1666
vn 0.2849 0.3280 -0.9007
vn 0.7971 0.2428 -0.5529
vn 0.0382 -0.1760 -0.9837
vn 0.4342 0.6030 -0.6692
vn -0.7075 0.6323 -0.3155
vn -0.8612 -0.4300 -0.2711
vn -0.8457 -0.3993 -0.3541
vn -0.8107 -0.4674 -0.3525
vn -0.7577 -0.5525 -0.3473
vn -0.7755 -0.5525 -0.3055
vn -0.8264 -0.4980 -0.2629
vn -0.1913 0.0747 0.9787
vn -0.1809 -0.0035 0.9835
vn -0.0993 -0.1253 0.9871
vn 0.0107 -0.0363 0.9993
vn 0.0421 -0.0075 0.9991
vn -0.1400 0.0222 0.9899
vn 0.4980 -0.0636 0.8648
vn 0.1306 -0.0751 0.9886
vn 0.1663 -0.1645 0.9723
vn 0.2495 -0.4179 0.8736
vn 0.6054 -0.3844 0.6969
vn 0.5256 -0.1007 0.8448
vn -0.8940 -0.1069 -0.4350
vn -0.9693 -0.1421 0.2008
vn -0.6763 0.7230 0.1407
vn -0.6342 0.7408 0.2215
vn -0.5232 0.8276 0.2033
vn -0.5489 0.8234 0.1437
vn -0.5657 0.8187 0.0987
vn -0.7764 -0.2408 0.5824
vn 0.5099 0.0340 0.8596
vn 0.7859 0.1236 0.6058
vn 0.8230 0.2063 0.5293
vn 0.8283 0.3287 0.4537
vn 0.5586 0.1792 0.8099
vn -0.2603 0.0560 0.9639
vn -0.3266 0.1835 0.9272
vn -0.4474 0.1550 0.8808
vn -0.3774 0.0606 0.9240
vn 0.8676 -0.2216 -0.4451
vn 0.8394 -0.3282 -0.4332
vn 0.7786 -0.3295 -0.5340
vn 0.8021 -0.2074 -0.5600
vn 0.9533 0.2367 -0.1874
vn 0.9363 0.2716 -0.2224
vn 0.9416 0.3087 -0.1345
vn 0.6485 -0.0413 0.7601
vn 0.7583 -0.0310 0.6512
vn 0.8034 0.0245 0.5949
vn 0.8923 0.1165 0.4361
vn 0.3828 0.6333 0.6726
vn 0.0948 0.6278 0.7726
vn 0.2241 0.6332 0.7409
vn 0.5223 0.5731 0.6315
vn -0.1076 0.6023 0.7910
vn -0.1476 0.6031 0.7839
vn 0.0994 0.7140 0.6930
vn -0.6427 0.1599 -0.7493
vn -0.8245 0.2227 -0.5202
vn -0.8259 0.1045 -0.5541
vn -0.8499 0.0034 -0.5270
vn -0.6297 -0.0001 -0.7768
vn 0.9356 0.3363 0.1073
vn 0.9436 0.3281 0.0450
vn 0.5594 0.8055 0.1954
vn 0.5585 0.7858 0.2657
vn 0.5463 0.8052 0.2307
vn 0.5131 0.8491 0.1255
vn 0.9383 0.3009 0.1707
vn 0.8640 0.4188 -0.2795
vn 0.7845 0.5850 -0.2056
vn 0.7799 0.3844 -0.4939
vn 0.9578 -0.1081 0.2663
vn 0.9722 -0.1882 0.1396
vn 0.7731 0.3102 -0.5532
vn 0.7068 0.3961 -0.5861
vn 0.9547 -0.0262 0.2965
vn 0.7447 0.2007 -0.6365
vn 0.7956 0.2465 -0.5535
vn 0.7527 0.0573 -0.6559
vn 0.7415 -0.0003 -0.6709
vn 0.2656 0.4921 0.8290
vn 0.2368 0.5991 0.7649
vn 0.0960 0.5875 0.8035
vn 0.1269 0.4760 0.8703
vn -0.4629 0.0714 -0.8836
vn -0.2804 -0.0405 -0.9590
vn -0.4181 0.0419 -0.9074
vn -0.4108 -0.2336 0.8813
vn -0.5330 -0.0695 0.8433
vn -0.4688 -0.2007 0.8602
vn -0.3558 -0.2971 0.8861
vn -0.6182 0.1646 0.7686
vn -0.5754 -0.0411 0.8168
vn 0.9727 -0.1599 -0.1681
vn 0.3326 0.1227 0.9351
vn 0.3126 -0.0057 0.9499
vn 0.8326 -0.3705 -0.4118
vn -0.4561 -0.1889 0.8697
vn -0.3478 -0.1887 0.9184
vn 0.9601 0.1078 -0.2580
vn 0.9287 0.2373 -0.2848
vn 0.7391 -0.0541 0.6715
vn 0.9777 0.0327 -0.2075
vn 0.9289 -0.0240 0.3694
vn -0.4411 -0.1100 0.8907
vn -0.4943 -0.2227 0.8403
vn -0.3882 -0.1300 0.9124
vn -0.3340 -0.0175 0.9424
vn -0.5682 -0.2226 0.7922
vn -0.6091 -0.2923 0.7373
vn 0.4418 0.1879 -0.8772
vn 0.2813 0.3929 -0.8755
vn -0.2861 0.1469 -0.9469
vn -0.1023 0.1371 -0.9853
vn 0.0586 0.0248 -0.9980
vn 0.1628 0.0861 -0.9829
vn -0.5241 -0.4362 0.7315
vn -0.4089 -0.3909 0.8246
vn -0.6253 -0.4570 0.6325
vn -0.2761 -0.3454 0.8969
vn -0.2947 -0.0611 0.9536
vn -0.1011 -0.3382 0.9356
vn -0.1740 -0.0454 0.9837
vn -0.1868 -0.9612 0.2030
vn -0.0873 -0.9459 0.3126
vn 0.0793 -0.3464 0.9347
vn -0.0354 0.2372 0.9708
vn 0.0539 0.2407 0.9691
vn 0.0096 0.3652 0.9309
vn -0.2152 0.3077 0.9268
vn -0.1848 0.2153 0.9589
vn -0.0512 -0.0162 -0.9986
vn -0.0501 0.2467 -0.9678
vn -0.9772 -0.1544 -0.1457
vn -0.9550 -0.1763 -0.2384
vn -0.9081 -0.0776 -0.4116
vn -0.9459 -0.2407 -0.2174
vn -0.9566 -0.2847 0.0627
vn -0.0513 0.6795 -0.7319
vn -0.0324 0.4518 -0.8915
vn -0.0856 0.9776 -0.1924
vn -0.0209 0.7457 0.6660
vn -0.0968 0.7985 0.5942
vn -0.0723 -0.0988 0.9925
vn 0.0858 -0.1142 0.9897
vn -0.1375 0.8555 0.4993
vn -0.2418 -0.0283 0.9699
vn -0.3450 0.1014 0.9331
vn -0.3138 -0.3247 0.8922
vn -0.2037 -0.3673 0.9075
vn -0.4061 0.2608 0.8758
vn -0.4756 0.4211 0.7723
vn 0.1482 0.9068 0.3947
vn -0.0972 0.8142 0.5724
vn -0.3476 0.7852 0.5125
vn -0.4701 0.7018 0.5353
vn -0.5180 0.5669 0.6406
vn -0.5865 0.4380 0.6813
vn -0.4332 0.6231 0.6512
vn -0.6195 0.3062 0.7228
vn -0.6370 0.1552 0.7550
vn 0.4462 0.8947 -0.0202
vn 0.4474 0.8848 0.1302
vn -0.7209 -0.1330 0.6802
vn -0.5861 -0.1710 0.7920
vn 0.7642 0.0510 -0.6429
vn 0.7889 0.1067 -0.6052
vn 0.7987 0.0261 -0.6011
vn -0.7032 -0.2970 0.6460
vn -0.6986 -0.4362 0.5673
vn -0.4725 -0.8748 0.1068
vn -0.4062 -0.9084 0.0994
vn -0.3029 -0.9443 0.1289
vn 0.2115 -0.7642 -0.6093
vn 0.2098 -0.7698 -0.6028
vn 0.1900 -0.7869 -0.5872
vn 0.1631 -0.8058 -0.5692
vn 0.2365 -0.3865 -0.8914
vn 0.0939 -0.4258 -0.8999
vn -0.0216 -0.4565 -0.8894
vn 0.2505 -0.0429 -0.9672
vn 0.0825 -0.0242 -0.9963
vn 0.2880 0.1927 -0.9380
vn 0.1076 0.2322 -0.9667
vn 0.6154 -0.6711 -0.4133
vn 0.7088 -0.6603 -0.2481
vn 0.2875 -0.9232 -0.2551
vn 0.2535 -0.9000 -0.3547
vn 0.5118 -0.6516 -0.5600
vn 0.2510 0.6870 -0.6820
vn 0.0931 0.6862 -0.7214
vn 0.1375 0.4468 -0.8840
vn 0.3123 0.4365 -0.8438
vn 0.0775 0.9768 -0.1994
vn -0.0151 0.9803 -0.1969
vn -0.3100 -0.8278 0.4676
vn -0.2118 -0.9140 0.3462
vn -0.1309 -0.8906 0.4354
vn -0.1903 -0.8699 0.4550
vn -0.1803 -0.9175 0.3544
vn -0.3143 -0.9110 0.2671
vn -0.6657 -0.5198 -0.5354
vn -0.9072 -0.3991 -0.1332
vn -0.8866 -0.2341 -0.3990
vn -0.7139 -0.2696 -0.6463
vn -0.5404 -0.1834 -0.8212
vn -0.5702 -0.5632 -0.5980
vn 0.4307 0.8304 0.3535
vn 0.5512 -0.4332 0.7131
vn 0.5912 -0.5273 0.6103
vn 0.4727 -0.4463 0.7599
vn -0.2012 0.6847 0.7005
vn 0.4574 0.8880 0.0464
vn 0.6235 0.7809 -0.0383
vn 0.6837 -0.1833 -0.7063
vn 0.6517 -0.1499 -0.7435
vn 0.5195 -0.4334 -0.7364
vn 0.5354 -0.4717 -0.7006
vn 0.5236 -0.5539 -0.6473
vn 0.7034 -0.2533 -0.6642
vn 0.7369 -0.2664 -0.6212
vn 0.7657 -0.1097 -0.6338
vn 0.7251 -0.0925 -0.6824
vn 0.1119 -0.8645 -0.4900
vn 0.1311 -0.7912 -0.5974
vn 0.1046 -0.7151 -0.6911
vn -0.0791 -0.2197 -0.9724
vn 0.6833 0.3447 0.6437
vn 0.4041 0.2865 0.8687
vn 0.3844 0.2212 0.8963
vn 0.3646 0.1363 0.9211
vn 0.6711 0.2365 0.7027
vn 0.0878 -0.3025 -0.9491
vn 0.8026 0.0867 -0.5902
vn 0.9587 0.2617 -0.1116
vn 0.6647 0.5707 0.4822
vn 0.9355 0.3524 -0.0263
vn 0.8083 0.0151 -0.5885
vn 0.8031 0.5957 -0.0162
vn 0.5700 0.7150 -0.4049
vn 0.5146 0.8574 0.0075
vn -0.3508 -0.3607 0.8642
vn -0.3616 -0.2544 0.8969
vn -0.4098 -0.2679 0.8719
vn -0.1827 -0.2582 0.9486
vn -0.1771 -0.2349 0.9557
vn 0.7758 -0.3982 -0.4894
vn 0.8419 -0.2217 -0.4921
vn 0.8890 -0.3274 0.3202
vn 0.8315 -0.4753 0.2876
vn 0.7550 -0.4454 -0.4812
vn -0.6559 -0.5088 -0.5576
vn -0.7176 -0.4873 -0.4976
vn -0.8943 -0.4374 -0.0946
vn -0.8646 -0.4501 -0.2233
vn -0.6235 -0.4664 -0.6274
vn -0.8657 -0.3720 -0.3349
vn -0.9476 -0.2229 0.2287
vn -0.7008 0.2072 0.6826
vn -0.6990 0.3303 0.6343
vn -0.9898 -0.0686 0.1251
vn -0.8661 -0.1845 -0.4646
vn -0.6239 -0.3075 -0.7185
vn -0.4055 0.4551 0.7927
vn -0.3337 0.5134 0.7906
vn 0.3815 -0.8998 0.2115
vn 0.3456 -0.9184 0.1929
vn 0.1384 -0.9288 0.3439
vn 0.2107 -0.9596 0.1867
vn 0.3800 -0.9109 0.1610
vn -0.7797 0.1099 0.6164
vn -0.5211 0.4317 0.7362
vn -0.8635 0.0090 0.5042
vn -0.6195 0.4239 0.6607
vn -0.1167 0.7563 0.6437
vn -0.1366 0.6688 0.7308
vn -0.7334 0.4402 0.5180
vn 0.5640 0.7259 0.3937
vn 0.3949 0.6873 0.6097
vn -0.8349 0.4481 0.3197
vn -0.8908 -0.0810 0.4472
vn -0.9028 -0.1073 0.4165
vn -0.9121 -0.1559 0.3793
vn -0.9511 0.2805 0.1291
vn -0.5802 0.5919 -0.5596
vn 0.1546 -0.9789 -0.1338
vn 0.3920 -0.8654 -0.3121
vn 0.4445 -0.8674 -0.2239
vn 0.5853 -0.8051 -0.0958
vn 0.0632 -0.9923 -0.1064
vn 0.1600 -0.9680 -0.1932
vn 0.8510 0.0466 0.5230
vn -0.0442 -0.1309 0.9904
vn -0.1767 -0.2310 0.9568
vn 0.2115 -0.0330 0.9768
vn -0.2577 -0.3149 0.9135
vn -0.4010 -0.2708 0.8751
vn 0.7107 -0.2607 -0.6534
vn 0.6164 -0.0098 -0.7873
vn 0.8199 -0.1415 -0.5547
vn 0.8970 -0.3529 -0.2661
vn 0.8351 -0.4329 -0.3395
vn -0.1365 0.9904 0.0207
vn -0.3019 0.9510 0.0663
vn -0.2688 0.9411 0.2052
vn -0.1040 0.9815 0.1605
vn 0.5699 0.7872 -0.2356
vn 0.8963 0.3262 -0.3005
vn 0.8879 0.2880 -0.3586
vn 0.2392 0.0844 -0.9673
vn 0.0778 -0.0794 -0.9938
vn -0.1738 -0.1344 -0.9756
vn -0.1184 0.0286 -0.9926
vn -0.0049 0.1204 -0.9927
vn 0.1712 0.1499 -0.9738
vn 0.9234 0.3832 -0.0213
vn 0.5956 0.2908 0.7488
vn -0.4313 -0.0735 0.8992
vn 0.5276 0.2020 0.8251
vn -0.4876 -0.1310 0.8632
vn -0.7954 -0.1674 0.5825
vn -0.8285 -0.1000 0.5510
vn 0.3970 -0.2954 0.8690
vn 0.4141 -0.1932 0.8895
vn -0.8337 -0.3711 0.4089
vn -0.8193 -0.3993 0.4113
vn -0.8733 -0.3002 0.3837
vn -0.7926 -0.2835 0.5398
vn -0.7843 -0.3193 0.5320
vn -0.7985 -0.2860 0.5297
vn -0.7966 -0.3515 0.4918
vn -0.0933 0.1047 0.9901
vn -0.0875 0.2142 0.9729
vn 0.0202 -0.2031 0.9790
vn -0.1492 -0.0644 0.9867
vn -0.2021 0.1020 0.9740
vn 0.9209 0.2213 0.3210
vn 0.9972 0.0740 0.0054
vn 0.9460 0.0153 0.3239
vn 0.9216 0.0837 0.3789
vn -0.3762 -0.4994 -0.7804
vn -0.4148 -0.2650 -0.8705
vn -0.6873 -0.2257 -0.6904
vn -0.6844 -0.2999 -0.6646
vn -0.4365 -0.6294 -0.6429
vn -0.0370 -0.7635 -0.6447
vn -0.8893 -0.1776 -0.4215
vn -0.8503 -0.3915 -0.3519
vn -0.9062 -0.2116 0.3660
vn -0.9304 -0.1224 0.3456
vn -0.3124 -0.3606 -0.8788
vn -0.2710 -0.7722 -0.5746
vn -0.8928 -0.0943 -0.4405
vn 0.5215 -0.1655 -0.8371
vn 0.3955 -0.5956 -0.6992
vn 0.6390 0.1647 0.7513
vn 0.5175 0.0911 0.8508
vn 0.4895 0.0835 0.8680
vn 0.6189 0.0841 0.7809
vn -0.0881 -0.9939 -0.0664
vn -0.2165 -0.9573 -0.1915
vn -0.1028 -0.9612 -0.2559
vn 0.0651 -0.9816 -0.1797
vn 0.0145 -0.9893 -0.1454
vn 0.9482 0.0058 0.3175
vn 0.8515 0.1500 0.5025
vn 0.4390 0.2019 0.8755
vn 0.2723 0.0857 0.9584
vn 0.7333 0.0266 0.6794
vn 0.2542 0.3366 -0.9067
vn 0.2210 0.2607 -0.9398
vn -0.0061 0.1784 -0.9839
vn -0.8465 -0.3355 -0.4134
vn 0.1641 -0.2840 -0.9447
vn 0.0972 -0.1204 -0.9880
vn -0.8533 -0.2510 -0.4571
vn 0.5190 0.6594 -0.5439
vn 0.6404 0.6385 -0.4269
vn 0.3907 0.6749 -0.6260
vn 0.4609 0.4182 -0.7828
vn 0.5999 0.3837 -0.7021
vn 0.7308 0.3179 -0.6040
vn 0.5940 0.2412 -0.7674
vn 0.7022 0.1573 -0.6944
vn 0.4664 0.2844 -0.8376
vn -0.7798 -0.1487 -0.6081
vn -0.8426 -0.0958 -0.5299
vn -0.3123 0.1778 -0.9332
vn -0.2920 0.0365 -0.9557
vn -0.3233 -0.0376 -0.9456
vn -0.6572 -0.1193 -0.7442
vn -0.5081 -0.1946 0.8390
vn -0.6454 -0.2482 0.7224
vn 0.5358 0.1007 -0.8383
vn 0.5419 0.1955 -0.8173
vn 0.9774 0.0796 -0.1956
vn 0.9605 -0.0589 -0.2721
vn 0.9436 -0.1384 -0.3009
vn 0.4626 0.0285 -0.8861
vn 0.7591 -0.0872 0.6451
vn 0.7554 -0.3123 0.5761
vn 0.9196 -0.3929 -0.0051
vn 0.9789 -0.2042 -0.0022
vn -0.2068 -0.7886 -0.5791
vn -0.2538 -0.7562 -0.6031
vn -0.0933 -0.8620 -0.4983
vn 0.0992 -0.8731 -0.4774
vn 0.1252 -0.8597 -0.4952
vn 0.1582 -0.8276 -0.5385
vn 0.9966 0.0556 -0.0611
vn 0.9964 0.0836 -0.0113
vn -0.4548 -0.8870 -0.0797
vn -0.5014 0.4202 -0.7563
vn -0.5454 0.3106 -0.7785
vn -0.9103 0.2824 -0.3027
vn -0.8785 0.4109 -0.2435
vn -0.8679 0.4592 -0.1893
vn -0.5061 0.4837 -0.7141
vn 0.8533 0.2373 -0.4643
vn 0.8732 0.2915 -0.3907
vn 0.8853 0.3462 -0.3105
vn -0.8890 0.4518 -0.0748
vn -0.9274 0.3727 0.0323
vn -0.9047 -0.3473 -0.2468
vn -0.9670 -0.2296 -0.1106
vn -0.9839 -0.1787 0.0012
vn -0.8809 0.4712 -0.0438
vn 0.3595 -0.3625 -0.8599
vn 0.4453 0.1488 -0.8829
vn 0.4067 -0.0643 -0.9113
vn 0.5240 -0.0892 -0.8470
vn 0.5661 0.1041 -0.8177
vn 0.4415 -0.3657 -0.8194
vn -0.9913 0.0879 0.0980
vn -0.9876 0.1565 0.0153
vn -0.8856 -0.0191 0.4641
vn -0.8770 0.0458 0.4783
vn -0.9866 -0.0085 0.1627
vn 0.3141 0.3148 -0.8957
vn -0.9240 -0.2783 0.2622
vn 0.9532 0.3004 -0.0346
vn 0.9179 0.3966 -0.0102
vn -0.5454 0.3871 0.7434
vn -0.0041 -0.0595 0.9982
vn -0.1893 0.0439 0.9809
vn -0.1271 -0.1749 0.9763
vn -0.2289 -0.2113 0.9502
vn -0.2769 0.0150 0.9608
vn -0.4853 0.1193 -0.8661
vn -0.7253 0.0902 -0.6825
vn 0.8829 -0.4628 0.0799
vn 0.8976 -0.4023 0.1803
vn 0.9229 -0.3124 -0.2252
vn 0.7297 -0.6682 -0.1447
vn 0.6734 -0.7384 0.0360
vn 0.4537 0.8841 -0.1120
vn 0.3191 0.9476 0.0149
vn 0.8462 -0.2924 -0.4455
vn 0.8746 -0.2907 -0.3881
vn 0.9105 -0.3855 -0.1493
vn 0.8335 -0.4611 -0.3043
vn 0.7824 -0.3737 -0.4981
vn 0.7494 -0.5407 -0.3820
vn 0.8069 -0.4969 -0.3193
vn 0.5750 -0.6209 -0.5328
vn 0.8049 -0.1680 -0.5691
vn 0.6551 0.0430 -0.7543
vn 0.7027 -0.0305 -0.7108
vn 0.1413 -0.7605 0.6337
vn 0.2108 -0.8845 0.4162
vn 0.0686 -0.9581 0.2780
vn -0.4414 -0.8636 0.2439
vn 0.2812 -0.9218 -0.2668
vn -0.6187 -0.4586 0.6379
vn -0.2465 0.3155 0.9163
vn -0.8970 0.3444 0.2770
vn -0.9262 0.2058 0.3159
vn -0.3633 0.1315 0.9224
vn -0.8308 -0.0156 0.5563
vn -0.8045 -0.2433 0.5418
vn -0.8160 -0.1891 0.5463
vn -0.8023 -0.2321 0.5499
vn -0.8138 -0.1766 0.5537
vn -0.8257 -0.2322 0.5141
vn -0.8549 -0.1845 0.4849
vn -0.8380 -0.0628 0.5420
vn -0.0495 0.1182 0.9918
vn -0.2041 0.0834 0.9754
vn -0.3518 0.3047 0.8851
vn -0.1196 0.3612 0.9248
vn -0.1359 0.2591 0.9562
vn -0.2204 0.1636 0.9616
vn -0.0942 0.2192 0.9711
vn 0.0651 0.2570 0.9642
vn 0.0202 0.2413 0.9702
vn -0.1757 0.4825 -0.8581
vn 0.0689 0.4966 -0.8652
vn 0.4713 -0.8597 0.1967
vn 0.5501 -0.7939 0.2589
vn 0.1226 -0.9894 -0.0772
vn 0.2042 -0.9655 -0.1618
vn 0.0410 -0.9980 0.0474
vn 0.2724 -0.7839 -0.5580
vn 0.5459 -0.5943 -0.5905
vn -0.4335 -0.7012 0.5660
vn -0.5179 -0.6464 0.5603
vn -0.6263 -0.5244 0.5768
vn -0.5506 -0.5317 0.6435
vn 0.7437 0.4692 -0.4762
vn 0.5317 -0.5252 0.6645
vn 0.6044 -0.5638 0.5629
vn 0.5526 -0.7656 0.3294
vn 0.5318 -0.7594 0.3749
vn 0.4735 -0.7794 0.4103
vn -0.0730 -0.6726 0.7364
vn -0.7121 -0.4120 0.5685
vn -0.3263 -0.9450 0.0222
vn -0.1179 -0.9926 -0.0288
vn -0.1456 -0.9885 -0.0418
vn 0.1911 -0.7262 0.6604
vn -0.9082 -0.3762 0.1835
vn -0.9745 0.2202 0.0435
vn -0.9436 -0.2109 -0.2553
vn -0.9290 -0.2755 -0.2471
vn -0.9168 -0.3012 -0.2621
vn -0.8379 -0.4791 0.2615
vn -0.8743 -0.4306 0.2239
vn 0.0686 0.9892 0.1297
vn 0.0368 0.9993 -0.0094
vn 0.9359 0.1922 0.2953
vn 0.9497 0.3125 -0.0222
vn 0.4131 0.0939 0.9058
vn 0.9390 -0.3138 -0.1408
vn 0.6589 -0.6782 0.3254
vn 0.5903 -0.5310 -0.6079
vn 0.6375 -0.2130 -0.7404
vn 0.2678 -0.8812 -0.3896
vn 0.0235 -0.6090 -0.7928
vn -0.2263 -0.9555 -0.1892
vn -0.1120 -0.8196 0.5619
vn -0.9003 -0.4073 0.1537
vn -0.4893 -0.6000 -0.6330
vn 0.0089 -0.9809 -0.1945
vn 0.1683 -0.8318 0.5289
vn -0.1937 -0.6493 -0.7354
vn -0.6479 -0.2214 0.7289
vn 0.0459 -0.2487 0.9675
vn 0.4847 0.3668 0.7940
vn 0.4716 0.2711 0.8391
vn 0.6727 0.3383 0.6580
vn 0.5979 0.4116 0.6879
vn 0.8680 0.4134 -0.2751
vn 0.8136 0.4956 -0.3041
vn 0.8145 0.4317 0.3875
vn 0.0748 -0.9969 -0.0236
vn 0.1895 -0.8503 0.4911
vn -0.0994 -0.8785 0.4673
vn -0.3032 -0.8570 0.4167
vn -0.0664 -0.9960 -0.0593
vn -0.0367 -0.9973 -0.0640
vn 0.1941 0.0651 -0.9788
vn 0.6711 0.3227 -0.6675
vn 0.7098 0.1193 -0.6943
vn 0.1718 -0.2090 -0.9627
vn -0.1161 -0.0879 -0.9893
vn -0.0900 -0.3672 -0.9258
vn 0.2349 -0.9217 -0.3086
vn 0.1640 -0.9527 -0.2559
vn 0.5063 -0.7631 0.4016
vn 0.5165 -0.1790 0.8374
vn 0.3175 0.2061 0.9256
vn 0.3225 0.1077 0.9404
vn 0.0617 0.1797 0.9818
vn 0.1124 0.1071 0.9879
vn 0.3058 0.2892 0.9071
vn 0.0276 0.2254 0.9739
vn -0.8690 0.1381 0.4751
vn -0.9150 0.1919 0.3550
vn -0.9535 0.0754 0.2917
vn -0.9390 -0.0339 0.3424
vn -0.9062 0.0338 0.4215
vn -0.8910 0.0569 0.4504
vn -0.8775 0.0151 0.4794
vn -0.7212 -0.0941 0.6863
vn -0.7058 -0.1877 0.6831
vn -0.5090 -0.1834 0.8410
vn -0.4573 -0.1093 0.8825
vn -0.4139 -0.0266 0.9099
vn -0.7232 0.0239 0.6903
vn -0.1146 0.1166 -0.9865
vn 0.2188 0.2363 -0.9467
vn -0.3743 -0.1616 -0.9131
vn -0.2591 -0.4370 -0.8613
vn -0.4757 -0.3881 -0.7894
vn -0.6149 -0.1423 -0.7757
vn 0.2171 -0.2613 0.9405
vn 0.3562 -0.8159 0.4555
vn 0.3558 -0.2514 0.9001
vn 0.5867 0.0578 0.8078
vn 0.5366 0.0831 0.8397
vn 0.3513 0.2560 0.9006
vn 0.6323 -0.2981 0.7151
vn 0.6472 -0.1568 0.7460
vn 0.6433 -0.1558 0.7496
vn 0.6292 0.1431 0.7640
vn -0.7673 -0.4797 -0.4257
vn -0.8000 -0.3985 -0.4486
vn -0.7447 -0.4206 -0.5182
vn -0.7084 -0.5209 -0.4763
vn -0.3996 0.9116 0.0967
vn -0.4951 0.8282 0.2626
vn -0.3583 0.9040 0.2332
vn 0.9164 -0.3985 0.0366
vn 0.9223 -0.3742 0.0962
vn 0.9439 -0.3040 0.1289
vn 0.9682 -0.2208 0.1176
vn 0.9640 -0.2615 0.0478
vn 0.8876 -0.4084 -0.2130
vn 0.9114 -0.3422 -0.2287
vn 0.9400 -0.2670 -0.2123
vn 0.9673 -0.2096 -0.1427
vn 0.9797 -0.1840 -0.0794
vn 0.9407 -0.3390 -0.0139
vn -0.0917 0.1653 -0.9820
vn 0.2719 0.2615 -0.9261
vn -0.4287 0.0382 -0.9026
vn -0.4355 0.0894 -0.8957
vn -0.8935 -0.0627 -0.4447
vn -0.9300 0.0535 -0.3636
vn -0.6897 0.0256 -0.7237
vn 0.9412 -0.0842 0.3273
vn 0.9464 0.1396 0.2912
vn 0.9764 0.0910 0.1961
vn 0.9751 -0.0822 0.2058
vn -0.7166 0.0554 -0.6953
vn -0.9444 0.0647 -0.3223
vn -0.5236 -0.8470 -0.0919
vn -0.6307 -0.7667 0.1200
vn -0.7573 -0.6404 0.1282
vn -0.6558 -0.7528 -0.0563
vn 0.1915 -0.0401 0.9807
vn -0.0044 -0.0328 0.9995
vn 0.7506 -0.1825 -0.6350
vn 0.7045 -0.0685 -0.7064
vn 0.1060 -0.4501 -0.8867
vn 0.5969 -0.0115 -0.8022
vn 0.4306 -0.2489 -0.8675
vn -0.3737 -0.0856 -0.9236
vn -0.4125 -0.0940 -0.9061
vn -0.4620 -0.1812 -0.8682
vn 0.6182 -0.0357 -0.7852
vn -0.6653 -0.4593 -0.5886
vn -0.3228 -0.5466 -0.7727
vn -0.9646 -0.2147 0.1529
vn -0.7288 -0.0893 0.6789
vn -0.0714 -0.5587 -0.8263
vn -0.1585 -0.5940 -0.7887
vn -0.8075 -0.2734 -0.5227
vn -0.9802 -0.0804 0.1812
vn -0.7579 0.0013 0.6523
vn -0.0670 0.0431 0.9968
vn -0.9790 0.0384 0.2000
vn -0.7668 0.0909 0.6354
vn -0.1212 0.1176 0.9856
vn -0.1410 -0.9613 0.2367
vn -0.1460 -0.2525 0.9565
vn -0.6004 -0.2171 0.7697
vn -0.6996 -0.7126 0.0526
vn -0.1644 -0.7362 -0.6565
vn -0.4825 -0.6144 -0.6242
vn 0.6630 -0.5602 -0.4966
vn 0.3159 -0.9255 0.2092
vn 0.1413 -0.6936 -0.7064
vn 0.3388 0.0264 0.9405
vn 0.3410 -0.2412 0.9086
vn 0.6795 -0.1144 0.7247
vn 0.6753 0.1190 0.7278
vn 0.9880 0.1499 -0.0362
vn -0.3263 0.0748 0.9423
vn -0.3245 0.1667 0.9311
vn -0.7229 0.2214 0.6546
vn -0.7337 0.1024 0.6717
vn -0.9661 0.2435 -0.0859
vn -0.9950 0.0670 -0.0747
vn -0.9813 -0.1799 -0.0691
vn -0.6684 -0.0488 0.7422
vn -0.7934 0.1412 -0.5921
vn -0.7652 -0.0721 -0.6397
vn -0.6512 -0.3706 -0.6622
vn -0.4045 -0.1910 -0.8944
vn -0.2843 -0.5000 -0.8181
vn -0.0139 -0.5321 -0.8466
vn -0.0215 -0.7655 -0.6431
vn 0.0771 -0.9721 0.2218
vn -0.2254 -0.0294 0.9738
vn 0.0519 0.1530 0.9869
vn 0.0774 0.0632 0.9950
vn 0.0442 0.2582 0.9651
vn -0.1490 0.2629 0.9533
vn -0.8394 0.1241 -0.5291
vn -0.9696 0.1680 -0.1781
vn -0.5196 0.1189 -0.8461
vn -0.4778 0.0975 -0.8730
vn -0.0145 -0.2189 -0.9756
vn 0.1880 -0.4438 -0.8762
vn 0.5189 -0.2470 -0.8184
vn 0.9048 0.0750 -0.4192
vn 0.8807 0.2519 -0.4011
vn 0.1302 -0.2799 0.9512
vn 0.1019 -0.0382 0.9941
vn -0.4931 -0.7857 -0.3735
vn -0.5642 -0.7966 -0.2168
vn -0.7394 -0.6281 -0.2426
vn -0.6848 -0.5968 -0.4182
vn -0.5976 -0.6874 -0.4128
vn -0.9574 -0.0370 -0.2864
vn -0.9229 0.1093 -0.3693
vn -0.6836 0.3274 -0.6523
vn -0.7421 0.2653 -0.6155
vn 0.2296 -0.1140 -0.9666
vn 0.5811 0.0882 -0.8090
vn 0.6181 0.2908 -0.7303
vn 0.2722 0.1769 -0.9458
vn 0.3174 0.2043 -0.9260
vn 0.6682 0.2959 -0.6826
vn -0.3306 -0.7940 -0.5102
vn -0.0917 -0.7671 -0.6350
vn 0.0612 -0.9863 -0.1531
vn -0.4213 -0.9055 0.0508
vn 0.0358 -0.9857 -0.1646
vn 0.1390 -0.8575 -0.4953
vn 0.9109 -0.0386 -0.4109
vn 0.9700 0.1526 -0.1891
vn 0.3417 -0.8818 -0.3252
vn 0.4033 -0.8925 -0.2017
vn 0.1375 -0.9573 -0.2544
vn 0.0116 -0.9618 -0.2736
vn 0.1817 -0.8794 -0.4400
vn -0.8322 0.2603 -0.4895
vn -0.8425 0.1165 -0.5259
vn -0.9567 -0.0301 0.2894
vn -0.4651 0.1839 -0.8659
vn -0.4153 0.0314 -0.9091
vn -0.2924 -0.2274 -0.9288
vn -0.8085 -0.1642 -0.5652
vn 0.1753 -0.2116 -0.9615
vn 0.2628 -0.4519 -0.8525
vn 0.7232 -0.5234 -0.4507
vn 0.3583 -0.9101 -0.2081
vn 0.7600 -0.0305 0.6493
vn 0.8291 -0.0841 0.5528
vn 0.9183 -0.0504 0.3927
vn 0.8872 -0.0931 0.4519
vn 0.4854 -0.8736 0.0341
vn 0.3923 -0.8799 0.2682
vn 0.1539 -0.8478 0.5074
vn -0.1783 -0.8776 0.4449
vn -0.7385 -0.6252 0.2525
vn -0.5971 -0.8022 -0.0003
vn -0.6211 -0.7813 0.0624
vn -0.7960 -0.5958 0.1068
vn -0.9082 -0.3333 0.2532
vn -0.4491 -0.3888 0.8044
vn -0.4203 -0.1214 0.8992
vn 0.1815 -0.1049 0.9778
vn 0.1758 -0.3570 0.9174
vn 0.8048 -0.2246 -0.5495
vn 0.0973 -0.0156 -0.9951
vn 0.1839 0.1204 -0.9755
vn 0.2641 0.2277 -0.9372
vn 0.1017 0.9919 -0.0765
vn -0.0112 0.9960 -0.0889
vn -0.0960 0.9940 -0.0530
vn 0.6134 0.7248 -0.3137
vn 0.6276 0.6812 -0.3770
vn 0.6532 0.6386 -0.4069
vn -0.8045 0.2999 -0.5127
vn -0.4301 0.2222 -0.8750
vn 0.7965 -0.3291 -0.5073
vn -0.2930 -0.9100 0.2933
vn -0.2924 -0.9307 0.2197
vn -0.4478 -0.8268 0.3404
vn -0.4266 -0.6511 0.6278
vn -0.4051 -0.5911 0.6975
vn -0.7924 0.2460 -0.5582
vn -0.4132 0.2129 -0.8854
vn 0.3067 -0.8596 -0.4086
vn 0.1025 -0.8814 -0.4611
vn 0.0330 -0.8978 -0.4392
vn 0.6155 -0.7674 0.1795
vn 0.4766 -0.5802 -0.6605
vn 0.9539 -0.2998 -0.0115
vn 0.4611 -0.7933 0.3975
vn -0.4456 0.1965 0.8734
vn -0.2760 0.1594 0.9478
vn -0.3351 0.2609 0.9053
vn -0.8394 0.2789 0.4665
vn -0.5211 0.0925 0.8485
vn -0.9338 0.1612 0.3195
vn -0.9140 -0.0233 0.4051
vn -0.9200 -0.1733 -0.3517
vn -0.7513 -0.6457 -0.1368
vn -0.8270 -0.3224 0.4606
vn -0.0020 -0.7101 -0.7041
vn 0.0854 -0.7478 -0.6584
vn -0.3965 -0.8980 0.1906
vn -0.2737 -0.3921 0.8783
vn -0.5273 -0.4038 0.7476
vn -0.1535 -0.9277 0.3404
vn -0.2693 -0.0566 0.9614
vn -0.4972 -0.0505 0.8662
vn 0.9016 0.4229 -0.0912
vn 0.7826 0.2784 0.5568
vn 0.8073 0.1354 0.5744
vn 0.9694 0.2451 -0.0164
vn 0.1251 -0.9504 -0.2847
vn 0.1700 -0.9588 -0.2278
vn 0.2999 -0.9458 -0.1244
vn 0.3997 -0.9141 -0.0686
vn 0.3014 -0.9435 -0.1379
vn 0.3706 -0.8944 -0.2505
vn 0.3931 -0.8442 -0.3644
vn 0.1060 0.1589 0.9816
vn 0.6793 0.2476 0.6908
vn 0.5730 0.3614 0.7356
vn 0.0594 0.2414 0.9686
vn -0.9387 0.2883 -0.1890
vn -0.9448 0.1258 -0.3024
vn -0.1514 -0.2781 -0.9486
vn -0.0589 -0.4263 -0.9027
vn -0.9464 -0.0359 -0.3211
vn 0.8558 0.0271 -0.5166
vn 0.7730 -0.0928 -0.6276
vn 0.7349 0.5525 -0.3932
vn 0.9029 0.0897 -0.4204
vn 0.1361 -0.7698 -0.6237
vn 0.2600 -0.7171 -0.6466
vn 0.0996 -0.9270 0.3615
vn 0.2437 -0.2857 0.9268
vn -0.0771 -0.3763 0.9233
vn 0.6299 -0.1105 0.7688
vn 0.7168 0.0853 0.6920
vn -0.2793 0.1639 -0.9461
vn -0.2394 -0.0703 -0.9684
vn 0.1679 -0.3481 -0.9223
vn 0.1885 -0.4670 -0.8639
vn 0.3632 -0.3337 -0.8699
vn 0.6898 -0.2014 -0.6954
vn 0.5892 -0.3197 -0.7421
vn 0.3110 -0.4568 -0.8335
vn 0.9862 -0.0495 -0.1577
vn 0.5696 -0.6729 -0.4719
vn 0.4591 -0.7662 -0.4497
vn 0.6700 -0.6648 -0.3303
vn 0.6756 -0.6242 -0.3923
vn 0.6084 -0.6759 -0.4160
vn 0.6795 -0.2570 -0.6872
vn 0.6921 -0.1781 -0.6995
vn 0.7497 -0.1959 -0.6321
vn 0.7178 -0.3363 -0.6097
vn 0.6632 -0.3497 -0.6617
vn 0.8887 0.4470 -0.1018
vn 0.9512 0.2998 -0.0730
vn 0.2930 0.1610 -0.9424
vn 0.4211 0.2256 -0.8785
vn 0.3986 -0.1089 -0.9106
vn 0.1531 -0.1431 -0.9778
vn 0.1994 0.1325 -0.9709
vn 0.2865 0.1614 -0.9444
vn 0.3221 0.1863 -0.9282
vn 0.6998 0.3165 -0.6404
vn 0.7143 0.0178 -0.6996
vn 0.9946 0.0345 -0.0974
vn 0.9838 0.1209 -0.1324
vn 0.7227 0.3648 -0.5871
vn 0.8540 0.4026 -0.3296
vn 0.4607 0.2597 -0.8487
vn -0.6422 0.0709 -0.7632
vn -0.6512 0.0107 -0.7588
vn -0.9758 0.1094 -0.1893
vn -0.9407 0.1581 -0.3003
vn -0.0116 0.1507 -0.9885
vn 0.1988 -0.9167 0.3465
vn 0.2378 -0.8240 0.5143
vn 0.4430 -0.7473 0.4953
vn 0.6362 0.6212 0.4575
vn 0.0976 0.5802 0.8086
vn 0.1901 0.1773 0.9656
vn 0.6880 0.6523 0.3181
vn 0.8636 -0.1291 0.4875
vn 0.5083 -0.3512 0.7863
vn 0.6320 -0.4105 0.6573
vn 0.7729 -0.3689 0.5163
vn 0.8482 -0.3385 0.4075
vn 0.8604 -0.2753 0.4289
vn 0.4666 0.8818 0.0685
vn -0.0390 0.9122 0.4078
vn -0.1031 0.9810 0.1644
vn 0.3510 0.9354 0.0418
vn 0.6149 0.0078 0.7885
vn 0.2385 -0.1391 0.9611
vn 0.2429 -0.2232 0.9440
vn 0.4314 0.0057 0.9022
vn -0.0220 -0.0589 -0.9980
vn -0.3293 -0.1385 -0.9340
vn -0.0421 -0.2928 -0.9552
vn -0.1520 -0.0630 -0.9864
vn 0.9402 0.1553 -0.3033
vn 0.6316 0.2152 -0.7449
vn 0.9526 0.1420 -0.2689
vn 0.2492 0.1264 -0.9602
vn -0.1965 -0.9761 -0.0924
vn -0.1543 -0.9869 -0.0481
vn -0.3517 -0.9130 -0.2068
vn -0.3348 -0.8989 -0.2827
vn -0.2362 -0.8872 -0.3963
vn 0.0338 -0.1179 -0.9925
vn 0.9463 0.2648 -0.1853
vn 0.7289 -0.5810 -0.3622
vn 0.8133 -0.4261 -0.3962
vn 0.7622 -0.5887 -0.2693
vn 0.6118 -0.6302 -0.4781
vn 0.6788 -0.6165 -0.3989
vn 0.7500 -0.4511 -0.4838
vn 0.6824 -0.4584 -0.5694
vn 0.0609 -0.5427 0.8377
vn 0.3221 -0.7668 0.5553
vn 0.1801 -0.8128 0.5540
vn -0.0029 -0.7833 0.6216
vn 0.7200 -0.6476 0.2496
vn 0.2135 -0.8241 0.5247
vn 0.2179 -0.9022 0.3721
vn 0.0295 -0.8845 0.4655
vn 0.2657 -0.8261 0.4969
vn 0.5491 -0.8136 0.1913
vn 0.6192 -0.7335 0.2803
vn 0.7336 -0.6288 0.2576
vn 0.6273 -0.7768 0.0564
vn -0.8370 -0.3622 -0.4101
vn 0.5423 -0.7547 0.3692
vn 0.6188 -0.7231 0.3070
vn 0.2143 -0.9559 -0.2008
vn -0.2005 -0.3011 -0.9323
vn 0.5765 -0.0911 -0.8120
vn -0.2783 -0.1708 -0.9452
vn -0.2166 -0.3908 0.8946
vn -0.0147 -0.4534 0.8912
vn -0.2756 -0.4547 0.8469
vn 0.9810 0.1408 0.1336
vn 0.9913 0.1312 0.0094
vn 0.9370 0.3311 0.1118
vn 0.9286 0.3712 -0.0014
vn 0.9676 0.1339 0.2140
vn 0.9812 -0.0019 0.1930
vn 0.3542 0.0141 -0.9351
vn 0.4058 -0.0452 -0.9129
vn 0.3190 -0.0430 -0.9468
vn 0.5899 -0.1433 -0.7947
vn 0.6019 -0.4049 -0.6883
vn 0.7523 -0.2090 -0.6248
vn 0.6807 0.1536 -0.7162
vn 0.2841 -0.2685 -0.9204
vn 0.2604 -0.5403 -0.8002
vn 0.8754 -0.0032 -0.4834
vn 0.9277 0.0883 -0.3627
vn 0.8627 0.1514 -0.4825
vn 0.8165 0.1573 -0.5555
vn -0.0699 0.9938 0.0861
vn -0.8605 0.4375 0.2612
vn -0.0335 0.9993 -0.0174
vn 0.3176 0.9482 -0.0052
vn -0.9166 -0.3460 0.2002
vn -0.9220 -0.3644 0.1306
vn -0.8328 -0.4375 0.3393
vn 0.6182 0.7764 -0.1230
vn 0.5671 0.8226 0.0415
vn 0.4914 0.8703 -0.0335
vn 0.7860 -0.3658 0.4983
vn 0.7781 -0.4302 0.4578
vn 0.8164 -0.4063 0.4104
vn 0.7493 -0.5815 0.3167
vn 0.6604 -0.5694 0.4896
vn 0.3199 -0.5751 0.7530
vn 0.2589 -0.1038 0.9603
vn 0.9336 -0.2656 0.2406
vn 0.9934 0.1144 -0.0097
vn 0.5063 -0.3784 0.7749
vn 0.5322 -0.3462 0.7726
vn 0.5897 -0.2731 0.7601
vn 0.8600 0.1098 0.4983
vn 0.8737 0.1267 0.4697
vn 0.9531 0.0441 0.2995
vn 0.9744 0.0745 0.2123
vn 0.7997 0.0144 0.6003
vn 0.0276 -0.9386 0.3438
vn 0.0073 -0.9834 0.1813
vn -0.0774 -0.9865 0.1440
vn -0.0033 -0.9547 0.2976
vn 0.0252 -0.9640 0.2647
vn 0.2919 -0.9564 -0.0117
vn -0.0374 -0.9830 0.1798
vn 0.5553 0.2103 0.8046
vn 0.6913 0.2801 0.6661
vn 0.6667 0.1080 0.7375
vn 0.5589 0.0368 0.8284
vn 0.2255 -0.9612 0.1586
vn 0.0935 -0.9755 0.1990
vn -0.0177 -0.9957 -0.0905
vn -0.9492 -0.0830 0.3034
vn -0.9561 0.0269 0.2918
vn -0.7081 0.2163 0.6722
vn -0.7135 -0.0228 0.7003
vn -0.7448 -0.1380 0.6529
vn 0.4680 -0.8196 0.3306
vn 0.3635 -0.8102 0.4599
vn 0.4345 -0.8177 0.3776
vn 0.3698 -0.8899 0.2672
vn 0.3859 -0.8205 -0.4217
vn 0.2512 -0.8410 -0.4791
vn 0.4022 -0.5691 -0.7172
vn 0.6364 -0.5139 -0.5751
vn 0.6794 -0.5811 -0.4480
vn 0.6438 -0.5853 -0.4929
vn 0.3154 -0.7774 -0.5442
vn 0.2687 -0.2260 0.9363
vn 0.1828 -0.0533 0.9817
vn 0.6682 0.0885 0.7387
vn 0.5882 -0.2699 0.7623
vn 0.5440 -0.5985 -0.5880
vn 0.5430 -0.5511 -0.6336
vn 0.6325 -0.5516 -0.5438
vn 0.8411 0.2323 0.4884
vn 0.8322 0.0934 0.5465
vn 0.8239 0.2762 0.4948
vn 0.7188 0.0666 0.6920
vn 0.7625 0.2035 0.6142
vn -0.3469 -0.9247 0.1570
vn -0.6422 -0.7256 0.2471
vn 0.1538 -0.8699 0.4686
vn 0.6493 0.3849 -0.6560
vn 0.8525 0.4787 -0.2101
vn 0.9076 0.3857 -0.1659
vn 0.9384 0.3333 -0.0907
vn 0.7393 0.3536 -0.5730
vn -0.3662 -0.7365 0.5687
vn -0.2003 -0.8197 0.5366
vn -0.6030 -0.6796 0.4178
vn 0.0082 -0.9816 -0.1908
vn -0.1046 -0.9465 -0.3051
vn -0.2117 -0.9535 -0.2145
vn -0.1301 -0.9792 -0.1557
vn 0.3295 -0.9420 0.0634
vn 0.0718 -0.9801 -0.1852
vn 0.2657 -0.9601 0.0877
vn 0.4741 -0.8128 0.3385
vn -0.4961 -0.8630 -0.0957
vn -0.3316 -0.8821 -0.3346
vn -0.2059 -0.8752 -0.4378
vn 0.0082 -0.9631 -0.2691
vn 0.0846 -0.9602 0.2661
vn 0.1239 -0.9509 0.2836
vn -0.2926 -0.8827 0.3678
vn -0.2493 -0.9284 0.2755
vn -0.1829 -0.9138 0.3626
vn 0.2190 -0.9737 -0.0621
vn 0.3694 -0.9290 -0.0212
vn 0.3840 -0.9219 -0.0519
vn -0.8924 -0.1856 0.4113
vn 0.9853 0.0798 0.1512
vn 0.9885 0.0231 0.1493
vn 0.9874 0.0678 0.1429
vn 0.9900 0.0125 0.1403
vn 0.9885 0.0847 0.1254
vn 0.9583 0.2395 0.1561
vn 0.9712 0.1950 0.1373
vn 0.9943 0.0790 0.0712
vn 0.9939 0.0272 0.1071
vn 0.6739 -0.6101 0.4166
vn 0.6292 -0.6853 0.3667
vn 0.7969 -0.3226 0.5108
vn 0.8147 -0.1890 0.5482
vn 0.3205 -0.9405 0.1128
vn 0.4877 -0.0063 0.8730
vn 0.9006 0.0952 0.4241
vn 0.4038 0.2411 -0.8825
vn 0.7196 0.5714 -0.3945
vn 0.6004 0.6678 -0.4400
vn 0.1711 -0.0284 -0.9848
vn 0.6143 0.2525 -0.7475
vn 0.8816 0.3252 -0.3422
vn 0.0525 -0.5561 -0.8294
vn -0.1046 -0.5645 -0.8188
vn -0.1686 -0.2947 -0.9406
vn -0.2191 0.0187 -0.9755
vn -0.2267 0.0935 -0.9695
vn -0.0372 0.7786 0.6264
vn -0.1196 0.5878 0.8001
vn -0.0120 0.5225 0.8525
vn 0.0423 0.7126 0.7003
vn 0.0879 0.8872 0.4529
vn 0.1247 0.8354 0.5353
vn -0.0225 -0.1155 0.9931
vn -0.1479 0.0269 0.9886
vn -0.1170 -0.3026 0.9459
vn -0.3685 -0.8745 -0.3154
vn 0.0331 -0.9321 -0.3607
vn -0.1582 -0.9432 -0.2923
vn -0.3350 0.1885 0.9232
vn -0.3641 0.1066 0.9252
vn 0.1771 0.2504 0.9518
vn 0.1514 0.2905 0.9448
vn 0.1796 0.1099 0.9776
vn -0.1260 -0.0023 0.9920
vn -0.2639 0.1470 0.9533
vn 0.0926 -0.9520 -0.2918
vn -0.0809 -0.9571 -0.2782
vn -0.3772 -0.8966 -0.2319
vn 0.7186 0.4291 -0.5472
vn 0.7409 0.3596 -0.5672
vn 0.9220 0.3862 -0.0262
vn 0.8784 0.4766 0.0350
vn 0.9354 0.2614 -0.2380
vn 0.9013 0.4027 -0.1595
vn -0.1556 0.0559 -0.9862
vn -0.1663 0.1987 -0.9658
vn 0.2916 0.0161 -0.9564
vn -0.1044 -0.0063 -0.9945
vn 0.9385 0.3194 -0.1310
vn 0.9195 0.1922 -0.3428
vn 0.8147 0.2957 -0.4988
vn 0.8298 0.1815 -0.5277
vn -0.0190 -0.8847 -0.4657
vn -0.0173 -0.9054 -0.4243
vn -0.2767 -0.6635 -0.6952
vn -0.1192 -0.5557 -0.8228
vn 0.0822 -0.4476 -0.8905
vn 0.0057 -0.8709 -0.4914
vn -0.9686 0.1238 -0.2156
vn -0.9749 -0.0106 -0.2222
vn -0.9494 -0.1704 -0.2640
vn -0.8432 0.0436 -0.5358
vn -0.9172 -0.0055 -0.3984
vn 0.8387 0.2096 -0.5027
vn 0.7360 0.3337 -0.5890
vn 0.6378 0.4265 -0.6414
vn 0.7637 0.2930 -0.5753
vn 0.2045 -0.8691 0.4504
vn 0.2000 -0.9040 0.3779
vn 0.0298 -0.8761 0.4812
vn 0.2825 -0.7687 0.5739
vn -0.8920 -0.1372 0.4308
vn -0.8336 -0.1178 0.5396
vn -0.9699 -0.0084 0.2434
vn -0.9059 0.1097 0.4090
vn -0.8552 0.0756 0.5128
vn -0.8237 0.0498 0.5649
vn -0.8573 0.0808 0.5084
vn -0.5961 -0.0829 0.7986
vn -0.5678 -0.0937 0.8178
vn -0.4474 -0.1633 0.8793
vn -0.7773 -0.1751 0.6042
vn -0.2048 -0.7236 0.6592
vn 0.0241 -0.4832 0.8752
vn 0.0350 -0.9991 0.0241
vn 0.0057 -0.9742 -0.2258
vn 0.0434 -0.9683 0.2462
vn 0.0854 -0.9592 0.2695
vn 0.1904 -0.8847 0.4255
vn 0.1785 -0.8883 0.4231
vn -0.9800 -0.1495 -0.1316
vn -0.8560 -0.4274 -0.2908
vn -0.8737 -0.4789 0.0851
vn -0.9564 -0.2909 -0.0257
vn -0.6865 -0.7013 -0.1920
vn -0.7304 -0.6309 0.2619
vn -0.7754 -0.5918 0.2205
vn 0.7681 -0.0794 0.6353
vn 0.6982 -0.0760 0.7118
vn 0.6509 -0.0654 0.7564
vn 0.6763 0.0961 0.7303
vn 0.8118 0.1412 0.5666
vn -0.4239 -0.3933 0.8159
vn -0.4485 -0.3144 0.8367
vn -0.5781 -0.0678 0.8132
vn -0.6760 -0.0247 0.7365
vn -0.6912 -0.1026 0.7153
vn -0.6276 -0.2163 0.7479
vn 0.9726 -0.0757 -0.2197
vn 0.9899 -0.1415 0.0066
vn 0.9988 -0.0333 -0.0351
vn 0.9710 0.0445 -0.2349
vn -0.5258 0.0182 0.8504
vn -0.5177 0.0876 0.8511
vn -0.5835 0.0584 0.8100
vn -0.6958 0.0496 0.7165
vn -0.0252 -0.8239 0.5662
vn -0.1381 -0.8685 0.4760
vn 0.2169 -0.9468 0.2376
vn 0.3388 -0.9082 0.2456
vn 0.3878 -0.9161 0.1018
vn 0.4651 -0.8679 0.1746
vn 0.3041 -0.9230 0.2359
vn -0.5767 0.7343 -0.3581
vn -0.4095 0.9020 -0.1371
vn -0.9784 0.1753 0.1097
vn -0.9606 0.1849 -0.2075
vn -0.9991 0.0291 -0.0314
vn 0.7255 -0.5458 0.4193
vn 0.5317 -0.7969 0.2866
vn 0.6652 -0.0427 0.7455
vn 0.7841 -0.0331 0.6197
vn -0.4500 -0.8266 -0.3379
vn -0.4200 -0.5931 -0.6869
vn 0.0751 -0.5516 -0.8307
vn -0.0899 -0.8786 -0.4690
vn 0.0051 -0.9192 -0.3937
vn -0.1410 -0.9071 -0.3966
vn 0.9202 0.3868 0.0599
vn 0.6782 0.2153 0.7026
vn 0.8082 -0.0559 0.5863
vn 0.8263 -0.1405 0.5454
vn 0.9942 0.0682 -0.0834
vn 0.3580 -0.7558 0.5483
vn 0.6280 -0.6347 0.4502
vn 0.8776 -0.4333 0.2053
vn 0.8028 -0.5651 0.1901
vn 0.8028 -0.4751 0.3603
vn 0.8917 -0.2851 0.3516
vn 0.4899 0.0899 0.8671
vn 0.4019 0.0137 0.9156
vn 0.3310 -0.1498 0.9317
vn -0.1059 -0.2364 0.9659
vn -0.0321 -0.3094 0.9504
vn 0.0481 -0.3677 0.9287
vn 0.1031 -0.4881 0.8667
vn 0.6033 -0.0238 0.7971
vn 0.9057 0.3233 -0.2743
vn 0.9910 0.0959 0.0934
vn 0.9001 0.2982 0.3176
vn 0.5910 0.7861 0.1807
vn 0.8791 -0.2774 -0.3876
vn 0.8433 -0.4666 -0.2669
vn 0.9717 -0.2222 -0.0800
vn 0.9674 -0.0958 0.2346
vn 0.9829 -0.1184 0.1411
vn 0.3658 -0.9264 0.0890
vn 0.7595 -0.6243 -0.1827
vn 0.0687 -0.9924 -0.1017
vn 0.1359 -0.9841 0.1140
vn 0.7849 -0.4265 -0.4494
vn -0.0181 -0.8109 -0.5849
vn 0.3966 -0.9152 0.0710
vn 0.4195 -0.9076 0.0163
vn -0.7888 -0.6134 -0.0405
vn -0.8551 -0.5119 -0.0824
vn -0.8987 -0.3835 0.2129
vn -0.8548 -0.4702 0.2195
vn -0.6304 -0.7396 0.2358
vn -0.5215 -0.8363 0.1689
vn -0.8516 -0.2212 -0.4752
vn -0.6704 -0.4061 -0.6210
vn -0.6615 -0.3845 0.6438
vn -0.5427 -0.5016 0.6737
vn -0.5579 -0.6411 0.5270
vn -0.6094 -0.7817 -0.1327
vn -0.5141 -0.8379 -0.1837
vn -0.4646 -0.8439 -0.2682
vn -0.6183 -0.7433 -0.2553
vn 0.8073 0.2081 0.5522
vn 0.8600 0.1373 0.4915
vn 0.9015 0.2002 0.3836
vn 0.8906 0.2757 0.3616
vn 0.8298 0.2599 0.4938
vn 0.7821 0.2728 0.5603
vn -0.1397 0.0598 0.9884
vn -0.8849 -0.3274 -0.3313
vn -0.8665 -0.2329 -0.4415
vn 0.5045 -0.1615 -0.8481
vn 0.5749 -0.1265 -0.8084
vn 0.6134 -0.1971 -0.7648
vn 0.5421 -0.2372 -0.8061
vn -0.5626 -0.5093 0.6512
vn -0.0046 0.0020 1.0000
vn -0.6301 -0.1232 0.7666
vn 0.2806 -0.9461 0.1620
vn 0.3888 -0.8573 0.3376
vn 0.4798 -0.8647 0.1489
vn 0.3963 -0.9171 0.0441
vn -0.0024 -0.9633 -0.2684
vn -0.0953 -0.9617 -0.2570
vn -0.0477 -0.9988 -0.0071
vn -0.9673 -0.1443 -0.2084
vn -0.9465 -0.1932 -0.2584
vn -0.9251 -0.2380 -0.2957
vn -0.9667 -0.0444 -0.2522
vn -0.9894 -0.0448 -0.1378
vn -0.9844 -0.0892 -0.1513
vn -0.8854 -0.0954 -0.4549
vn 0.0804 -0.9172 0.3901
vn 0.1880 -0.7224 0.6654
vn -0.4324 0.7445 0.5087
vn -0.3244 0.7878 0.5236
vn -0.2694 0.7444 0.6110
vn -0.3613 0.6471 0.6713
vn 0.3313 -0.9372 0.1088
vn 0.3902 -0.9199 0.0394
vn 0.1016 -0.9240 -0.3687
vn 0.2383 -0.9126 -0.3322
vn 0.1280 -0.9730 -0.1923
vn 0.0818 -0.9655 -0.2471
vn 0.6129 -0.4032 0.6796
vn 0.3642 -0.2465 0.8981
vn 0.9493 0.0885 -0.3017
vn 0.9701 0.1214 -0.2103
vn 0.9274 0.3107 -0.2082
vn 0.9196 0.2857 -0.2697
vn 0.8901 0.2641 -0.3714
vn -0.0718 -0.9200 0.3854
vn 0.1948 -0.6720 0.7144
vn 0.6349 -0.5167 0.5745
vn 0.4108 -0.2505 0.8766
vn 0.1508 -0.9875 -0.0452
vn 0.0232 -0.9979 -0.0607
vn 0.1186 -0.8631 0.4909
vn 0.2222 -0.8703 0.4395
vn 0.2132 -0.6887 0.6930
vn 0.1893 -0.8119 0.5522
vn 0.6989 -0.2896 -0.6539
vn 0.3586 -0.6700 -0.6500
vn 0.8429 -0.5290 0.0981
vn 0.9540 -0.2968 0.0429
vn -0.9654 0.0729 -0.2503
vn -0.9295 0.0744 -0.3611
vn -0.8230 -0.0619 -0.5646
vn -0.8159 -0.0000 -0.5782
vn -0.9913 -0.1278 -0.0311
vn 0.9908 -0.1339 -0.0176
vn -0.0687 0.2787 -0.9579
vn -0.0968 0.2273 -0.9690
vn -0.5426 0.0563 0.8381
vn -0.3532 0.0885 0.9313
vn 0.2846 -0.9475 0.1458
vn 0.4547 -0.7444 0.4889
vn -0.1579 -0.5797 0.7994
vn -0.0960 -0.6010 0.7935
vn -0.1370 -0.7612 0.6339
vn -0.2136 -0.0342 -0.9763
vn -0.2254 0.0550 -0.9727
vn -0.1056 0.0630 -0.9924
vn -0.0800 -0.0250 -0.9965
vn -0.0472 -0.1494 -0.9876
vn -0.0174 -0.2523 -0.9675
vn -0.1732 -0.2708 -0.9469
vn -0.1934 -0.1620 -0.9677
vn 0.5917 0.2442 0.7683
vn 0.5160 0.0848 0.8524
vn -0.9616 -0.2144 0.1712
vn -0.9651 -0.0974 0.2429
vn -0.9242 -0.1609 0.3464
vn -0.9247 -0.2338 0.3005
vn -0.8974 -0.2610 0.3558
vn -0.0752 -0.9668 0.2442
vn -0.9787 -0.1648 0.1223
vn -0.9716 -0.2347 0.0305
vn -0.9913 -0.1278 -0.0315
vn -0.9878 -0.1501 -0.0423
vn -0.9662 -0.2489 -0.0669
vn -0.9727 -0.1798 0.1467
vn 0.7014 0.3453 0.6235
vn 0.5461 0.7993 0.2507
vn 0.5645 0.4345 0.7018
vn 0.3353 0.8757 0.3475
vn 0.5414 0.2155 0.8127
vn 0.1851 -0.9597 0.2115
vn 0.2102 -0.9053 0.3691
vn 0.0640 -0.9947 0.0803
vn -0.0014 -0.9636 0.2673
vn -0.1907 -0.9816 -0.0106
vn -0.1838 -0.9827 0.0235
vn 0.1791 -0.9649 0.1918
vn 0.2788 -0.9102 0.3064
vn -0.0201 -0.9679 0.2505
vn 0.1471 -0.9690 0.1987
vn 0.3040 -0.9402 -0.1534
vn 0.4156 -0.9077 -0.0580
vn -0.1435 -0.9874 0.0670
vn 0.3920 -0.8922 -0.2241
vn 0.2508 -0.8940 0.3714
vn 0.9404 -0.2364 -0.2443
vn 0.9221 -0.2595 -0.2869
vn 0.8341 -0.3501 -0.4263
vn 0.5622 -0.8189 -0.1157
vn 0.6774 -0.7338 -0.0514
vn 0.7618 -0.6437 -0.0730
vn 0.5634 -0.0267 -0.8258
vn 0.5859 0.0542 -0.8086
vn -0.2962 -0.0280 -0.9547
vn 0.6211 -0.4674 -0.6291
vn 0.1273 0.9243 0.3599
vn 0.0978 0.9654 0.2416
vn -0.0732 0.9565 0.2823
vn -0.0379 0.9109 0.4109
vn 0.6290 -0.7719 0.0919
vn 0.5388 -0.8093 0.2341
vn 0.6944 -0.6640 0.2774
vn 0.7527 -0.6454 0.1299
vn 0.7899 -0.5962 0.1436
vn 0.7765 -0.1192 -0.6187
vn 0.8371 -0.1258 -0.5324
vn 0.5308 -0.4775 -0.7001
vn 0.4801 -0.5722 -0.6649
vn 0.5295 -0.5268 -0.6649
vn 0.4814 -0.6468 -0.5916
vn 0.9166 -0.1375 -0.3754
vn 0.7953 -0.4854 0.3632
vn 0.8553 -0.2459 0.4560
vn 0.7730 -0.4575 0.4396
vn 0.6301 -0.6685 -0.3952
vn 0.6354 -0.7617 0.1271
vn 0.0594 -0.9820 -0.1793
vn 0.0420 -0.9120 -0.4081
vn 0.5494 -0.5442 -0.6340
vn -0.6327 -0.6387 -0.4378
vn -0.6435 -0.5997 -0.4756
vn -0.8406 -0.4008 -0.3643
vn -0.8906 -0.3232 -0.3201
vn -0.9008 -0.3486 -0.2590
vn -0.3055 0.9170 0.2564
vn -0.3918 0.8793 0.2708
vn -0.4997 0.8392 0.2146
vn 0.5278 -0.8353 0.1541
vn 0.5424 -0.8363 0.0807
vn 0.4815 -0.8536 0.1988
vn 0.0009 -0.9051 -0.4251
vn 0.8672 -0.0738 0.4924
vn 0.8974 -0.0745 0.4349
vn 0.9351 0.0157 0.3540
vn 0.3621 -0.0205 0.9319
vn 0.3842 -0.2020 0.9009
vn 0.4297 -0.2631 0.8638
vn 0.0382 -0.8724 -0.4873
vn 0.1032 -0.9939 0.0389
vn -0.0705 -0.9839 -0.1639
vn 0.2070 -0.8478 -0.4883
vn 0.5025 -0.7913 -0.3483
vn 0.5393 -0.5401 -0.6461
vn 0.7701 -0.3861 -0.5079
vn 0.8893 -0.2894 -0.3541
vn 0.6964 -0.6985 -0.1647
vn -0.9867 -0.0748 0.1444
vn -0.8433 -0.5364 0.0335
vn -0.8875 -0.4394 0.1388
vn 0.4163 -0.8797 0.2300
vn 0.3134 0.9494 0.0202
vn -0.4111 0.8897 0.1983
vn -0.5395 0.8209 0.1875
vn -0.2582 0.9385 0.2293
vn -0.4638 0.6947 0.5498
vn -0.6271 0.6288 0.4597
vn -0.7518 0.5459 0.3699
vn 0.3349 0.8134 0.4756
vn 0.2503 0.6325 0.7330
vn -0.1754 0.7333 0.6569
vn -0.0243 0.9452 0.3255
vn -0.7001 0.3785 0.6055
vn -0.8261 0.3040 0.4745
vn -0.5232 0.4250 0.7387
vn -0.1877 0.4360 0.8802
vn 0.2976 0.2604 0.9185
vn 0.7665 0.1473 0.6251
vn 0.7280 -0.2146 0.6511
vn -0.1518 0.0266 0.9880
vn -0.1572 -0.4487 0.8797
vn -0.4441 -0.3042 0.8428
vn -0.5121 0.0877 0.8545
vn 0.3197 -0.2563 0.9122
vn 0.5992 -0.5906 0.5405
vn -0.7028 0.0629 0.7087
vn -0.8332 -0.0101 0.5529
vn -0.6097 -0.2971 0.7348
vn -0.7330 -0.3557 0.5798
vn -0.4814 -0.5178 0.7071
vn -0.2635 -0.7659 0.5864
vn -0.3535 -0.7838 0.5105
vn -0.5924 -0.5687 0.5706
vn -0.3660 -0.5495 0.7511
vn -0.2344 -0.8346 0.4984
vn -0.1814 -0.7224 0.6673
vn -0.1985 -0.9432 0.2664
vn 0.2304 -0.9695 0.0840
vn -0.4054 -0.8587 0.3134
vn 0.2310 -0.9427 0.2406
vn -0.3894 -0.9201 0.0436
vn 0.3047 -0.9430 -0.1340
vn 0.7957 -0.5756 -0.1884
vn 0.8514 -0.4698 -0.2333
vn 0.7584 -0.6397 -0.1245
vn 0.2337 -0.9451 0.2283
vn 0.9033 -0.3593 -0.2345
vn 0.9456 -0.2485 -0.2099
vn 0.5157 -0.7608 -0.3941
vn 0.4119 -0.8593 -0.3030
vn 0.9903 -0.0165 -0.1376
vn 0.9961 0.0617 -0.0626
vn 0.9718 -0.0948 -0.2159
vn 0.9459 -0.1780 -0.2713
vn 0.9502 0.3082 -0.0464
vn 0.9480 0.2682 -0.1713
vn 0.9373 0.1993 -0.2860
vn 0.5636 0.8207 0.0937
vn 0.5748 0.8162 -0.0583
vn 0.5938 0.7760 -0.2128
vn -0.2457 0.9491 0.1970
vn -0.2013 0.9737 0.1064
vn -0.1602 0.9870 0.0123
vn -0.7707 0.6067 0.1948
vn -0.8412 0.5117 0.1749
vn -0.1199 -0.9926 -0.0167
vn -0.0873 -0.9957 -0.0301
vn -0.0935 -0.9912 -0.0938
vn -0.3947 -0.9133 -0.1005
vn -0.3470 -0.9285 -0.1319
vn -0.3778 -0.9143 -0.1460
vn -0.9025 0.3574 0.2405
vn -0.9561 0.2390 0.1698
vn -0.6970 0.6900 0.1951
vn -0.9858 0.1391 0.0942
vn -0.6297 0.7543 0.1856
vn -0.8375 0.4580 0.2982
vn -0.9882 0.0249 0.1509
vn -0.9978 -0.0359 0.0549
vn -0.9588 0.1169 0.2590
vn -0.9071 0.2136 0.3626
vn -0.9754 -0.1902 0.1118
vn -0.9792 -0.2028 0.0039
vn -0.9554 -0.1565 0.2502
vn -0.8635 -0.4638 0.1983
vn -0.8907 -0.4537 0.0293
vn -0.9001 -0.4264 -0.0889
vn -0.9107 -0.0947 0.4022
vn -0.8117 -0.4289 0.3965
vn -0.7345 -0.6755 -0.0648
vn -0.7433 -0.6390 -0.1977
vn -0.7137 -0.6872 0.1359
vn -0.3304 -0.9220 -0.2019
vn -0.2709 -0.8917 -0.3627
vn -0.6681 -0.6456 0.3700
vn -0.8979 -0.4040 -0.1751
vn -0.7445 -0.6030 -0.2864
vn -0.2311 -0.8576 -0.4595
vn 0.2016 -0.7058 -0.6791
vn 0.2370 -0.7909 -0.5642
vn 0.6875 -0.3989 -0.6068
vn 0.6235 -0.2669 -0.7348
vn 0.8142 -0.1599 -0.5582
vn 0.7159 -0.0830 -0.6932
vn 0.5912 -0.6844 -0.4267
vn 0.5156 -0.7641 -0.3876
vn -0.3785 -0.6828 -0.6249
vn -0.2710 -0.7732 -0.5734
vn 0.6361 -0.6608 -0.3985
vn -0.3135 -0.6898 0.6527
vn -0.3846 -0.7277 0.5679
vn -0.3922 -0.6041 0.6937
vn -0.2760 -0.5485 0.7893
vn -0.2440 -0.7613 0.6008
vn -0.2672 -0.6001 0.7540
vn 0.9747 -0.1561 -0.1602
vn 0.2653 -0.8786 -0.3971
vn -0.0203 -0.9273 0.3737
vn -0.0525 -0.9345 0.3521
vn -0.2549 -0.8917 0.3741
vn 0.0341 -0.8791 -0.4755
vn -0.0468 -0.9032 -0.4267
vn -0.2056 -0.9342 -0.2914
vn 0.6301 -0.0196 -0.7763
vn 0.4642 -0.0143 -0.8856
vn 0.4947 0.0787 -0.8655
vn 0.5052 0.1682 -0.8465
vn 0.6506 0.0650 -0.7567
vn 0.5568 0.2445 0.7938
vn 0.3308 0.5576 0.7613
vn 0.2061 0.6919 0.6920
vn 0.4256 0.2875 0.8580
vn 0.0550 0.7095 0.7025
vn -0.0952 0.6078 0.7884
vn 0.5038 0.3453 0.7918
vn 0.0186 0.8718 0.4896
vn 0.1317 0.8738 0.4680
vn -0.6166 -0.7769 0.1275
vn -0.4877 -0.8673 0.1002
vn -0.5404 -0.8249 0.1661
vn 0.0450 -0.9682 -0.2461
vn -0.1104 -0.9799 -0.1660
vn -0.1288 -0.9544 -0.2692
vn -0.1103 -0.9258 -0.3617
vn -0.0014 -0.9649 -0.2626
vn 0.0810 -0.9624 -0.2593
vn -0.6525 0.4297 0.6242
vn -0.7301 0.3144 0.6068
vn -0.7836 0.3686 0.5002
vn -0.6742 0.3665 0.6412
vn -0.5685 0.5137 0.6426
vn 0.9625 0.0605 0.2646
vn 0.2391 -0.1794 0.9543
vn 0.2653 -0.3233 0.9084
vn 0.2290 -0.2230 0.9475
vn 0.3108 -0.2287 0.9225
vn 0.2220 0.0264 0.9747
vn 0.1688 -0.0651 0.9835
vn 0.2301 -0.0942 0.9686
vn -0.0279 -0.9053 0.4239
vn 0.5535 -0.5880 0.5898
vn 0.5845 -0.5249 0.6188
vn 0.5092 -0.4945 0.7045
vn 0.4070 -0.5790 0.7065
vn 0.3893 -0.6318 0.6702
vn 0.2862 -0.9307 0.2277
vn 0.9593 -0.1204 0.2554
vn 0.8873 -0.3110 0.3406
vn 0.8562 -0.4505 0.2529
vn 0.9248 -0.3032 0.2298
vn 0.3153 -0.7543 0.5759
vn 0.7858 -0.5630 0.2562
vn 0.2627 -0.9310 0.2533
vn 0.6450 -0.7464 0.1637
vn 0.0032 0.2066 0.9784
vn -0.0942 -0.3463 0.9334
vn 0.3372 -0.5457 0.7671
vn 0.3018 -0.3484 0.8874
vn 0.2580 -0.3058 0.9165
vn -0.0176 -0.3037 0.9526
vn -0.0715 -0.3736 0.9248
vn -0.1320 -0.4478 0.8843
vn 0.3402 -0.4085 0.8470
vn 0.2014 0.5550 0.8071
vn -0.1371 -0.0126 0.9905
vn 0.0245 0.4091 0.9122
vn -0.0533 0.2270 0.9724
vn -0.1055 0.2714 0.9567
vn -0.1872 -0.0523 0.9809
vn 0.1061 0.5646 0.8185
vn 0.1947 0.7235 0.6623
vn 0.3172 0.7524 0.5773
vn -0.4129 0.4947 -0.7647
vn -0.6933 0.3601 -0.6243
vn -0.6171 0.3997 -0.6778
vn -0.5080 0.4723 -0.7204
vn -0.3880 0.8127 -0.4348
vn -0.2079 0.8468 -0.4896
vn -0.0541 0.7773 -0.6268
vn -0.3216 0.5109 -0.7972
vn -0.2711 0.5232 -0.8079
vn -0.2405 0.5415 -0.8056
vn -0.4483 0.4792 -0.7545
vn -0.0846 -0.6953 0.7138
vn -0.9915 -0.0796 -0.1030
vn -0.9975 -0.0655 -0.0270
vn -0.9747 -0.2077 -0.0825
vn -0.9426 -0.1814 -0.2802
vn -0.9705 -0.0825 -0.2266
vn -0.0407 -0.8346 0.5494
vn 0.4449 -0.6458 0.6205
vn -0.0702 -0.6559 0.7516
vn 0.3281 -0.5663 0.7560
vn -0.1733 -0.3368 0.9255
vn 0.2182 -0.2332 0.9476
vn -0.2283 -0.2270 0.9468
vn 0.7796 -0.2474 0.5753
vn 0.8140 -0.2169 0.5389
vn 0.7879 -0.0924 0.6088
vn 0.2658 -0.0415 0.9631
vn 0.4001 0.0900 0.9120
vn -0.2952 -0.0488 0.9542
vn -0.2727 0.0991 0.9570
vn -0.2065 0.3716 0.9051
vn 0.4440 0.3082 0.8413
vn -0.2088 0.3235 0.9229
vn -0.2651 0.0157 0.9641
vn -0.8032 -0.0930 0.5884
vn -0.8556 -0.1983 0.4782
vn -0.8661 -0.2256 0.4460
vn -0.8586 -0.1944 0.4743
vn -0.8631 -0.2265 0.4514
vn -0.8863 -0.2170 0.4091
vn -0.8746 -0.1721 0.4533
vn -0.8595 -0.1586 0.4858
vn -0.9574 -0.1215 0.2621
vn -0.3126 -0.0497 0.9486
vn -0.2818 -0.1733 0.9437
vn 0.9708 0.0127 0.2397
vn -0.9352 -0.0706 0.3470
vn -0.6845 -0.2385 0.6889
vn 0.9761 0.2017 -0.0805
vn 0.9460 -0.0061 0.3241
vn 0.7181 0.3643 -0.5930
vn 0.4967 0.2346 -0.8356
vn 0.4264 0.0337 -0.9039
vn -0.7178 -0.3235 -0.6165
vn -0.4552 0.0081 -0.8903
vn -0.5751 -0.0190 -0.8178
vn -0.6515 -0.0019 -0.7586
vn -0.7572 -0.1350 -0.6391
vn -0.7398 -0.2211 -0.6355
vn 0.4521 -0.2950 -0.8418
vn 0.4519 -0.1568 -0.8782
vn 0.4588 -0.4027 -0.7920
vn 0.1252 -0.2190 -0.9676
vn 0.2449 -0.2620 -0.9335
vn 0.4331 -0.3759 -0.8192
vn 0.5423 -0.6189 -0.5682
vn 0.4898 -0.5587 -0.6693
vn 0.5726 -0.6038 -0.5546
vn 0.1492 0.3836 0.9114
vn -0.0153 0.4521 0.8918
vn -0.8418 0.4544 0.2913
vn -0.9051 0.3957 0.1554
vn -0.9407 0.2737 0.2005
vn -0.9001 0.3167 0.2990
vn -0.8851 0.3222 0.3360
vn 0.4787 0.1095 -0.8711
vn 0.5563 0.2610 -0.7889
vn -0.9997 -0.0141 0.0181
vn -0.9943 -0.0885 0.0599
vn -0.9869 -0.1588 0.0281
vn -0.4615 -0.4772 0.7478
vn -0.3952 -0.4213 0.8163
vn -0.3359 -0.3819 0.8610
vn -0.2973 -0.3050 0.9048
vn -0.9768 0.1488 -0.1540
vn 0.4905 -0.1447 -0.8593
vn 0.5445 0.2971 -0.7844
vn 0.6222 0.2875 -0.7281
vn 0.6173 -0.0749 -0.7831
vn 0.2077 -0.0978 0.9733
vn 0.0045 -0.1349 0.9908
vn 0.1816 -0.0938 0.9789
vn 0.4631 -0.8640 -0.1976
vn 0.5970 -0.7762 -0.2028
vn 0.5080 -0.8273 -0.2400
vn 0.3541 -0.9165 -0.1864
vn 0.0297 -0.9993 0.0242
vn 0.0841 -0.9965 -0.0021
vn 0.0728 -0.9896 -0.1242
vn 0.0264 -0.9943 -0.1029
vn 0.7239 -0.5652 -0.3956
vn 0.7379 -0.6690 0.0892
vn 0.5680 -0.8226 0.0270
vn 0.6811 -0.7153 0.1566
vn 0.5883 -0.8071 -0.0509
vn 0.6454 -0.7446 -0.1705
vn 0.6880 -0.7149 0.1250
vn 0.7619 -0.6453 0.0553
vn 0.6909 -0.6644 -0.2852
vn 0.4768 -0.4784 -0.7374
vn 0.8333 -0.5522 -0.0278
vn 0.7392 -0.5608 -0.3729
vn 0.8015 -0.5812 0.1408
vn 0.7300 -0.6648 0.1587
vn 0.5989 -0.7823 0.1712
vn 0.6296 -0.7617 0.1532
vn 0.8420 -0.5167 0.1554
vn 0.8926 -0.4248 0.1511
vn 0.8641 -0.4931 0.1006
vn 0.9006 -0.4306 0.0590
vn 0.8813 -0.4646 -0.0870
vn 0.1651 -0.3866 -0.9074
vn 0.1483 -0.3707 -0.9168
vn 0.7891 -0.4470 -0.4214
vn 0.8328 -0.3233 -0.4494
vn 0.8374 -0.2103 -0.5045
vn 0.4358 -0.0535 -0.8985
vn 0.9190 -0.3762 -0.1182
vn 0.9511 -0.2765 -0.1375
vn 0.8110 -0.1071 -0.5751
vn 0.9682 -0.1853 -0.1680
vn 0.7596 0.0732 -0.6463
vn -0.6432 -0.2732 0.7153
vn -0.6405 -0.3434 0.6869
vn -0.2712 -0.1865 0.9443
vn -0.2748 -0.1152 0.9546
vn 0.9753 -0.2197 0.0214
vn 0.9530 -0.3021 0.0210
vn 0.9247 -0.3797 0.0275
vn 0.9767 -0.1787 0.1186
vn 0.9688 -0.2273 0.0991
vn 0.9780 -0.1865 0.0930
vn 0.9564 -0.2779 0.0903
vn 0.9129 -0.3745 0.1625
vn 0.9362 -0.3123 0.1612
vn 0.9357 -0.2943 0.1943
vn 0.9548 -0.2549 0.1531
vn 0.9882 -0.1453 0.0490
vn 0.9817 -0.1875 0.0330
vn 0.9815 -0.1615 0.1032
vn 0.9606 -0.2331 0.1514
vn -0.9367 -0.1133 -0.3313
vn -0.9836 -0.1806 -0.0001
vn -0.9977 -0.0606 -0.0314
vn -0.9991 0.0014 -0.0429
vn -0.9257 0.0124 -0.3781
vn -0.9330 -0.0292 -0.3588
vn 0.4244 -0.9004 -0.0953
vn 0.2793 -0.9597 -0.0320
vn 0.0767 -0.9686 -0.2367
vn 0.2104 -0.9519 -0.2227
vn 0.9715 -0.0736 -0.2252
vn 0.9119 -0.0020 -0.4103
vn 0.9386 0.0564 -0.3403
vn 0.9849 -0.0372 -0.1691
vn 0.8532 0.0369 -0.5202
vn 0.8855 0.1088 -0.4517
vn 0.8760 -0.0618 -0.4782
vn 0.8122 -0.0468 -0.5815
vn 0.5107 -0.7132 0.4802
vn 0.0627 -0.8393 0.5400
vn 0.2647 -0.7530 0.6024
vn 0.4429 -0.7421 0.5031
vn -0.0378 -0.5348 0.8441
vn 0.2324 -0.6046 0.7619
vn 0.7503 -0.0182 -0.6608
vn 0.7899 0.0793 -0.6081
vn 0.8797 0.0809 -0.4686
vn 0.8264 0.0169 -0.5628
vn 0.9483 0.1166 -0.2950
vn 0.3896 0.1408 -0.9102
vn 0.3947 0.2416 -0.8865
vn 0.2625 0.2034 -0.9433
vn 0.2611 0.3156 -0.9122
vn 0.4942 0.2785 0.8235
vn 0.4537 0.3472 0.8207
vn 0.4152 0.1901 0.8897
vn 0.3252 0.2799 0.9033
vn 0.2912 0.2851 0.9132
vn 0.0998 0.2660 -0.9588
vn 0.0883 0.3882 -0.9174
vn -0.0210 0.1927 -0.9810
vn -0.0330 0.3019 -0.9528
vn -0.1467 0.2052 -0.9677
vn -0.1571 0.3143 -0.9362
vn -0.4432 0.1325 -0.8866
vn -0.3318 0.1788 -0.9263
vn -0.3399 0.0296 -0.9400
vn -0.4648 -0.0142 -0.8853
vn -0.5503 0.0708 -0.8320
vn -0.5741 -0.0655 -0.8162
vn -0.6470 -0.1077 -0.7548
vn -0.6619 -0.0082 -0.7495
vn 0.0375 0.0574 -0.9976
vn 0.0742 -0.0252 -0.9969
vn 0.2157 -0.0310 -0.9760
vn 0.1134 -0.1412 -0.9835
vn 0.1484 -0.2332 -0.9610
vn 0.4756 0.4917 0.7294
vn 0.4495 0.5953 0.6660
vn -0.5903 -0.3380 -0.7330
vn -0.5871 -0.1454 -0.7964
vn 0.4120 -0.1879 -0.8916
vn 0.4494 -0.2737 -0.8503
vn 0.3350 -0.3068 -0.8908
vn 0.2963 -0.2116 -0.9314
vn 0.4729 -0.4019 -0.7841
vn 0.3725 -0.4534 -0.8098
vn 0.5549 -0.3408 -0.7589
vn -0.9850 -0.1534 -0.0788
vn -0.9841 -0.1759 -0.0254
vn -0.9753 -0.2205 0.0113
vn 0.7567 0.2363 -0.6096
vn -0.3410 -0.7654 -0.5458
vn -0.1893 -0.7570 -0.6254
vn -0.1529 -0.8316 -0.5339
vn -0.0718 -0.8907 -0.4489
vn 0.0263 -0.8922 -0.4508
vn -0.0089 -0.8249 -0.5651
vn -0.0469 -0.7341 -0.6774
vn -0.1038 -0.5608 -0.8214
vn 0.0489 -0.5368 -0.8423
vn -0.1458 -0.3985 -0.9055
vn 0.0102 -0.3729 -0.9278
vn 0.1852 -0.3392 -0.9223
vn 0.2304 -0.4974 -0.8364
vn 0.6829 -0.5169 -0.5162
vn 0.6770 -0.2142 -0.7041
vn -0.0106 -0.6311 -0.7756
vn 0.2184 -0.4975 -0.8395
vn 0.0167 -0.7126 -0.7014
vn 0.0429 -0.7437 -0.6671
vn -0.2411 0.2015 -0.9493
vn -0.2493 0.3088 -0.9179
vn -0.2552 0.4353 -0.8634
vn -0.1609 0.4412 -0.8828
vn -0.4373 0.5760 -0.6907
vn -0.3367 0.6120 -0.7156
vn -0.3458 0.5214 -0.7801
vn -0.4484 0.4787 -0.7548
vn -0.9749 0.1136 0.1917
vn -0.9332 0.0604 0.3542
vn -0.9965 0.0812 -0.0219
vn -0.9784 0.1995 0.0539
vn -0.9692 0.0849 0.2312
vn -0.9576 0.0203 0.2873
vn 0.7769 0.0709 -0.6256
vn 0.8289 0.1032 -0.5499
vn 0.9328 -0.0153 -0.3601
vn 0.7948 0.0077 -0.6069
vn 0.6375 0.1431 -0.7571
vn 0.0070 0.9787 -0.2052
vn -0.0067 0.9557 -0.2942
vn -0.1155 0.9529 -0.2804
vn -0.1944 0.9437 -0.2677
vn -0.1614 0.9822 -0.0958
vn 0.0183 0.9918 -0.1262
vn -0.7777 -0.4666 -0.4214
vn -0.8895 -0.3118 -0.3341
vn 0.6780 -0.6317 0.3759
vn 0.7292 -0.6295 0.2683
vn 0.1510 -0.9541 0.2586
vn 0.1441 -0.9579 0.2483
vn 0.1913 -0.9814 0.0191
vn 0.6342 -0.7109 0.3041
vn -0.1001 0.7130 0.6940
vn -0.1363 0.7788 0.6123
vn 0.0733 0.6597 0.7479
vn -0.7902 -0.1610 0.5913
vn -0.7390 -0.3266 0.5893
vn -0.6943 -0.3561 0.6254
vn -0.7414 -0.1825 0.6457
vn 0.8299 0.4616 -0.3133
vn 0.3594 0.5528 -0.7518
vn 0.2123 0.0426 0.9763
vn 0.1862 0.0727 0.9798
vn 0.2338 0.1524 0.9603
vn 0.4085 -0.1683 0.8971
vn 0.3468 0.1131 0.9311
vn 0.2566 -0.2191 0.9414
vn 0.2354 -0.3276 0.9150
vn 0.2818 -0.0490 0.9582
vn 0.2076 0.0244 0.9779
vn 0.1766 -0.2479 0.9526
vn 0.0579 0.0720 0.9957
vn 0.5043 -0.0628 0.8613
vn 0.5131 0.1683 0.8417
vn 0.4197 -0.4529 0.7866
vn 0.4309 -0.3856 0.8159
vn 0.5863 0.0566 0.8081
vn 0.6166 0.2085 0.7592
vn 0.5192 -0.2365 0.8213
vn 0.6786 -0.0523 0.7326
vn 0.7851 -0.0753 0.6147
vn 0.8230 -0.1331 0.5522
vn -0.2948 -0.9335 0.2042
vn 0.5130 -0.8520 0.1041
vn -0.0776 -0.6780 0.7310
vn 0.4363 -0.8413 0.3192
vn 0.1103 -0.6716 0.7327
vn 0.0800 -0.5950 0.7997
vn -0.0183 -0.5478 0.8364
vn -0.1092 -0.6237 0.7740
vn 0.4919 -0.6507 0.5784
vn 0.5797 -0.6038 0.5471
vn 0.4256 -0.4844 0.7644
vn 0.4521 -0.4852 0.7485
vn 0.6170 -0.2081 0.7590
vn 0.7813 -0.1577 0.6039
vn 0.6831 -0.4280 0.5918
vn 0.4982 -0.4401 0.7470
vn 0.8888 -0.3265 0.3216
vn 0.7999 -0.5254 0.2901
vn 0.6342 -0.5392 0.5541
vn -0.8569 0.5152 0.0155
vn -0.2034 0.9787 -0.0289
vn -0.2924 0.9557 -0.0326
vn -0.3674 0.9301 0.0012
vn -0.4492 0.8659 0.2199
vn -0.7374 -0.1004 0.6679
vn -0.6582 -0.3121 0.6852
vn -0.9547 0.1668 0.2463
vn -0.8392 0.0708 0.5392
vn -0.7681 0.0691 0.6366
vn -0.8215 0.0455 0.5683
vn 0.8039 0.5331 0.2636
vn 0.4669 0.1848 0.8648
vn 0.7755 0.2942 0.5586
vn 0.7089 0.2361 0.6647
vn 0.8195 0.3206 0.4750
vn 0.8199 0.3904 0.4187
vn 0.7040 0.4425 0.5555
vn 0.7149 0.3826 0.5852
vn 0.7713 0.3726 0.5160
vn 0.7666 0.3249 0.5539
vn 0.7986 0.3605 0.4820
vn 0.4731 0.1777 0.8629
vn 0.5030 0.1245 0.8553
vn 0.8372 0.2319 0.4953
vn 0.8116 0.3238 0.4863
vn 0.9494 0.3062 0.0697
vn 0.9272 0.2643 -0.2654
vn 0.9657 0.1778 -0.1890
vn 0.9616 0.2633 0.0780
vn 0.8785 0.3544 -0.3203
vn 0.8621 0.1863 -0.4712
vn 0.8225 0.4145 -0.3896
vn -0.0085 0.8602 0.5099
vn -0.1722 0.8316 0.5279
vn 0.9639 0.0601 -0.2596
vn 0.8695 0.1456 -0.4720
vn -0.8983 -0.2493 0.3618
vn -0.9256 -0.2465 0.2873
vn 0.9976 0.0091 -0.0682
vn -0.4589 -0.7940 -0.3988
vn -0.9534 -0.2298 0.1956
vn -0.9164 -0.3450 0.2029
vn -0.5122 0.4297 -0.7437
vn -0.4699 0.4000 -0.7869
vn -0.4391 0.3301 -0.8356
vn -0.7253 0.3311 -0.6036
vn -0.7310 0.3737 -0.5709
vn 0.5362 0.1370 0.8329
vn 0.1979 0.0790 0.9770
vn 0.2435 0.0281 0.9695
vn 0.5374 0.0520 0.8417
vn 0.7522 0.2275 -0.6184
vn 0.2850 0.4219 -0.8607
vn 0.2894 0.4758 -0.8306
vn 0.2967 0.5202 -0.8009
vn 0.2740 0.5846 -0.7637
vn 0.6006 0.4835 -0.6368
vn 0.9970 0.0020 0.0768
vn 0.9496 -0.1025 -0.2964
vn -0.9842 -0.0167 0.1761
vn -0.9934 -0.1030 0.0510
vn -0.9909 0.0787 0.1093
vn -0.9993 0.0246 0.0283
vn -0.9984 -0.0267 -0.0501
vn 0.8231 0.1638 -0.5437
vn 0.7637 0.2192 -0.6072
vn 0.7930 0.3028 -0.5287
vn 0.7341 0.1258 -0.6672
vn 0.7028 0.2748 -0.6561
vn 0.7277 0.3663 -0.5799
vn 0.6790 0.1745 -0.7131
vn 0.6351 0.3294 -0.6987
vn 0.6542 0.4306 -0.6218
vn 0.5286 0.4068 -0.7451
vn 0.5401 0.5190 -0.6625
vn -0.9314 0.1062 -0.3482
vn -0.8789 0.2062 -0.4302
vn -0.8644 0.0947 -0.4938
vn -0.9343 -0.0554 -0.3521
vn -0.9579 0.0381 -0.2846
vn 0.4057 0.4911 -0.7709
vn 0.4138 0.6063 -0.6791
vn 0.5192 0.2919 -0.8033
vn 0.4017 0.3711 -0.8372
vn 0.2595 0.4442 -0.8575
vn 0.2585 0.5625 -0.7853
vn 0.0740 0.5044 -0.8603
vn 0.0683 0.6111 -0.7886
vn -0.0414 0.4279 -0.9029
vn -0.0568 0.7467 -0.6627
vn 0.0798 0.7293 -0.6795
vn -0.1682 0.7505 -0.6391
vn 0.2685 0.6783 -0.6840
vn 0.0950 0.8195 -0.5651
vn 0.2784 0.7640 -0.5821
vn 0.4207 0.6956 -0.5824
vn 0.2891 0.8356 -0.4671
vn 0.4307 0.7715 -0.4683
vn 0.3004 0.8924 -0.3368
vn 0.4427 0.8308 -0.3374
vn 0.5494 0.6134 -0.5673
vn 0.5675 0.7584 -0.3205
vn 0.5588 0.6959 -0.4509
vn 0.4476 0.8599 -0.2454
vn 0.6748 0.6072 -0.4195
vn 0.6678 0.5207 -0.5319
vn 0.6737 0.6769 -0.2965
vn 0.7550 0.5929 -0.2799
vn 0.7585 0.5215 -0.3907
vn 0.7478 0.4430 -0.4944
vn 0.0864 -0.4688 0.8791
vn 0.0849 -0.5006 0.8615
vn 0.0649 -0.2173 0.9740
vn -0.0730 -0.1415 0.9872
vn -0.1341 -0.1702 0.9762
vn -0.2479 -0.1759 0.9527
vn -0.8087 -0.3628 0.4630
vn -0.7657 -0.5821 0.2735
vn -0.6124 -0.4877 0.6223
vn 0.8325 0.4920 -0.2549
vn 0.8877 0.4294 -0.1658
vn -0.7436 0.0874 0.6629
vn -0.5986 0.1185 0.7923
vn -0.6411 0.1822 0.7455
vn 0.2690 0.5021 -0.8219
vn 0.3841 0.4956 -0.7790
vn 0.4135 0.4936 -0.7651
vn 0.4917 -0.7486 -0.4448
vn 0.2841 -0.7897 -0.5437
vn 0.3640 -0.6968 -0.6180
vn 0.3146 -0.7212 -0.6172
vn 0.9766 0.1963 0.0879
vn 0.9688 0.2283 0.0962
vn 0.9326 0.3443 0.1079
vn 0.9469 0.2891 0.1406
vn 0.0585 -0.9909 0.1212
vn 0.1213 -0.9779 -0.1701
vn 0.0829 -0.9674 -0.2391
vn 0.0656 -0.9607 -0.2698
vn 0.2692 -0.9356 0.2283
vn 0.1971 -0.9389 0.2822
vn 0.9895 -0.0299 0.1412
vn 0.9886 -0.0666 0.1354
vn 0.9911 -0.0310 0.1294
vn 0.9911 -0.0967 0.0919
vn 0.9979 -0.0222 0.0613
vn 0.9972 0.0726 0.0193
vn 0.9990 0.0142 0.0432
vn 0.9910 0.0392 -0.1280
vn -0.6709 0.2710 0.6903
vn -0.6964 0.3286 0.6380
vn -0.7813 0.1994 0.5914
vn -0.8407 0.0343 0.5405
vn -0.8569 -0.0410 0.5139
vn -0.8726 0.0018 0.4883
vn 0.8573 0.4881 0.1638
vn 0.7697 0.5961 0.2287
vn 0.7840 0.5396 0.3068
vn 0.8727 0.4352 0.2214
vn 0.8417 0.5288 0.1091
vn 0.7575 0.6349 0.1517
vn 0.8256 0.5633 0.0341
vn -0.8528 0.3241 0.4096
vn -0.1742 -0.4472 0.8773
vn -0.7254 0.6466 0.2359
vn -0.3437 0.1234 -0.9310
vn -0.4245 0.1851 -0.8863
vn -0.4299 0.2206 -0.8755
vn -0.0423 0.2241 -0.9736
vn -0.3396 -0.0109 -0.9405
vn -0.5838 0.8109 0.0399
vn -0.6107 0.7909 -0.0388
vn -0.7204 0.6934 0.0159
vn 0.8968 0.1822 -0.4032
vn 0.6562 0.2018 -0.7271
vn 0.5683 0.3244 -0.7562
vn 0.4692 0.3148 -0.8251
vn 0.7680 0.4460 -0.4597
vn 0.8266 0.3846 -0.4108
vn 0.1258 0.9663 -0.2248
vn 0.3035 0.9213 -0.2432
vn 0.1218 0.9412 -0.3151
vn -0.0284 0.9065 -0.4213
vn -0.0439 0.8400 -0.5408
vn -0.1587 0.8421 -0.5154
vn -0.1425 0.9043 -0.4023
vn 0.1085 0.8890 -0.4448
vn -0.4340 0.9008 -0.0179
vn 0.1679 0.9790 0.1155
vn 0.1916 0.9570 0.2180
vn 0.3282 0.9284 0.1743
vn 0.3193 0.9442 0.0805
vn -0.9013 -0.3584 -0.2434
vn -0.9360 -0.2960 -0.1904
vn -0.9231 -0.2567 -0.2865
vn 0.5797 0.7755 0.2501
vn 0.4692 0.8280 0.3070
vn 0.4884 0.7760 0.3991
vn 0.5967 0.7251 0.3438
vn 0.6966 0.6596 0.2822
vn 0.6825 0.7047 0.1938
vn 0.3785 0.8089 0.4499
vn 0.4027 0.7420 0.5360
vn 0.5158 0.7076 0.4830
vn 0.3587 0.8611 0.3602
vn 0.6230 0.6554 0.4269
vn -0.5215 0.4153 0.7454
vn -0.5151 0.3551 0.7801
vn -0.4004 0.4302 0.8091
vn -0.4136 0.4952 0.7640
vn -0.4345 0.5721 0.6956
vn -0.5372 0.4901 0.6864
vn -0.9323 -0.3286 0.1512
vn -0.9085 -0.4021 0.1134
vn 0.5714 0.5687 0.5917
vn 0.5986 0.4732 0.6463
vn 0.5467 0.6321 0.5492
vn 0.4290 0.6637 0.6127
vn 0.6789 0.5253 0.5130
vn 0.3459 -0.9372 0.0437
vn 0.4199 -0.8966 0.1408
vn 0.2319 -0.9597 0.1586
vn 0.3691 -0.8395 0.3988
vn 0.4022 -0.7404 0.5386
vn 0.6100 -0.5176 0.6001
vn 0.6406 -0.6726 0.3705
vn 0.5822 -0.7553 0.3010
vn -0.4971 0.2714 0.8242
vn 0.6143 0.3989 0.6808
vn 0.4923 0.4085 0.7686
vn 0.5040 0.3135 0.8048
vn 0.6223 0.3188 0.7149
vn -0.5676 0.5592 0.6043
vn -0.6627 0.4659 0.5863
vn -0.7317 0.3821 0.5645
vn 0.6886 -0.5820 -0.4325
vn 0.2975 0.6748 0.6753
vn 0.2736 0.7567 0.5938
vn 0.2137 0.6723 0.7088
vn 0.2527 0.8247 0.5060
vn 0.2345 0.8780 0.4173
vn 0.1488 0.8774 0.4562
vn 0.2156 0.9210 0.3245
vn 0.3430 0.8997 0.2701
vn 0.2772 0.2024 0.9393
vn 0.3733 0.2955 0.8794
vn 0.2942 0.2749 0.9153
vn 0.2280 0.2549 0.9397
vn 0.2187 0.1617 0.9623
vn 0.9903 0.1120 -0.0819
vn 0.9700 0.2194 0.1052
vn -0.0892 -0.8422 -0.5317
vn -0.0090 -0.8765 -0.4814
vn 0.0758 -0.9091 -0.4096
vn 0.1753 -0.8755 -0.4504
vn 0.1560 -0.8159 -0.5568
vn 0.0663 -0.7785 -0.6241
vn -0.1179 -0.7316 -0.6714
vn -0.1182 -0.7665 -0.6313
vn 0.8887 0.4004 -0.2233
vn 0.8161 0.3663 -0.4469
vn 0.8307 0.4304 -0.3532
vn 0.1938 -0.9630 -0.1870
vn 0.2126 -0.9677 -0.1353
vn -0.2536 -0.9572 0.1392
vn -0.2543 -0.9637 -0.0815
vn -0.2310 -0.9353 -0.2682
vn -0.1251 -0.8788 -0.4605
vn 0.0520 -0.8881 -0.4568
vn 0.1661 -0.8551 -0.4912
vn 0.2535 -0.9202 -0.2984
vn 0.2635 -0.9456 -0.1910
vn 0.3376 -0.9369 -0.0913
vn 0.3194 -0.9411 -0.1107
vn 0.6505 -0.7573 -0.0582
vn 0.5933 -0.8030 0.0558
vn -0.2706 0.9308 -0.2457
vn -0.3717 0.9037 -0.2125
vn -0.3525 0.9275 -0.1248
vn -0.3328 0.9418 -0.0477
vn 0.5441 -0.8315 0.1121
vn 0.6563 -0.6984 0.2855
vn 0.6778 -0.7238 0.1296
vn 0.7431 -0.3820 0.5495
vn 0.7167 -0.3025 0.6284
vn 0.8464 -0.1343 0.5154
vn 0.9125 -0.1932 0.3605
vn 0.8640 -0.3475 0.3642
vn 0.6666 -0.2593 0.6989
vn 0.7961 0.2668 0.5432
vn -0.3707 -0.4114 0.8327
vn -0.7464 -0.2320 0.6238
vn -0.4052 -0.2625 0.8757
vn -0.8719 -0.4193 0.2529
vn -0.5095 -0.8413 -0.1804
vn -0.5430 -0.8288 -0.1348
vn -0.8323 -0.3938 0.3902
vn 0.3290 -0.9387 0.1035
vn 0.2246 -0.9538 0.1996
vn 0.1653 -0.9615 0.2194
vn 0.3269 0.0650 0.9428
vn 0.5386 0.0543 0.8408
vn 0.1727 0.2277 0.9583
vn 0.1738 0.2726 0.9463
vn -0.5677 -0.6937 -0.4433
vn -0.5299 -0.7751 -0.3441
vn -0.5333 -0.3726 -0.7594
vn -0.5951 -0.6309 -0.4978
vn 0.2494 -0.7045 0.6645
vn 0.3582 -0.7023 0.6152
vn 0.3665 -0.2869 0.8851
vn 0.2500 -0.3013 0.9202
vn -0.1556 -0.7976 -0.5828
vn -0.2333 -0.7602 -0.6063
vn 0.5510 -0.3354 0.7641
vn 0.6572 -0.4687 0.5902
vn 0.7045 -0.0399 0.7086
vn 0.7978 0.1455 0.5851
vn 0.6606 0.2378 0.7120
vn 0.8203 0.0276 0.5712
vn 0.7882 0.2096 0.5786
vn 0.7520 0.2791 0.5972
vn 0.9117 -0.0469 0.4083
vn 0.9063 0.1690 0.3874
vn 0.9807 -0.0945 0.1712
vn 0.9766 0.1344 0.1678
vn 0.8360 -0.4156 0.3584
vn 0.8604 -0.4914 0.1350
vn 0.7462 -0.6653 0.0235
vn 0.9736 -0.1904 0.1259
vn 0.4242 -0.9050 0.0311
vn 0.2982 -0.9521 -0.0676
vn 0.5555 -0.8148 0.1658
vn 0.9501 -0.3119 0.0085
vn 0.8408 -0.4421 -0.3124
vn 0.9826 0.0809 0.1671
vn 0.0581 -0.9661 -0.2514
vn 0.2349 -0.8883 -0.3946
vn 0.3850 -0.9121 -0.1405
vn 0.3630 -0.8747 -0.3211
vn 0.8923 -0.1453 0.4275
vn 0.9745 -0.2063 -0.0884
vn 0.8061 -0.5533 -0.2099
vn 0.7017 -0.6161 0.3579
vn 0.5845 -0.7493 -0.3112
vn -0.0687 -0.5277 -0.8466
vn 0.6539 0.5828 0.4824
vn 0.8489 -0.2071 -0.4863
vn 0.1424 -0.0688 -0.9874
vn -0.0462 -0.0573 -0.9973
vn 0.1879 0.0633 -0.9801
vn 0.5478 -0.1128 -0.8289
vn 0.6351 0.0478 -0.7710
vn 0.3744 0.0173 -0.9271
vn 0.3706 -0.0419 -0.9278
vn 0.2448 -0.0859 -0.9658
vn -0.1270 -0.2831 -0.9507
vn -0.0635 -0.4470 -0.8923
vn 0.4973 -0.1017 -0.8616
vn 0.2656 -0.0777 -0.9609
vn -0.1522 -0.1981 -0.9683
vn 0.2793 -0.1582 -0.9471
vn 0.3432 -0.0613 -0.9373
vn 0.2897 -0.3159 -0.9035
vn -0.6475 -0.5561 -0.5210
vn -0.3211 0.7285 -0.6051
vn -0.7025 -0.5156 0.4907
vn -0.7639 -0.4705 0.4418
vn -0.5981 -0.5386 0.5935
vn -0.6466 -0.2753 0.7114
vn -0.5214 -0.4025 0.7524
vn 0.0034 -0.0534 -0.9986
vn -0.0385 -0.0380 -0.9985
vn -0.9552 -0.2925 0.0447
vn -0.8733 -0.3871 -0.2960
vn -0.0871 -0.8907 -0.4462
vn -0.9975 -0.0591 0.0400
vn -0.2803 0.9586 -0.0495
vn -0.9492 0.2610 0.1758
vn 0.4915 0.8277 -0.2709
vn 0.5791 0.7871 -0.2122
vn 0.0402 0.8889 -0.4564
vn 0.2788 0.8013 -0.5293
vn 0.8227 0.4898 -0.2885
vn -0.9909 -0.0709 0.1144
vn -0.9720 -0.1731 0.1586
vn -0.9565 -0.2604 -0.1314
vn -0.9693 -0.1196 -0.2150
vn 0.7374 0.1116 -0.6662
vn 0.9230 0.2216 -0.3145
vn 0.9567 0.1018 -0.2728
vn 0.8063 -0.0275 -0.5908
vn 0.8149 -0.1576 -0.5577
vn -0.1611 -0.3277 -0.9309
vn -0.1183 -0.5061 -0.8543
vn -0.2411 0.9171 0.3175
vn 0.7998 -0.3055 -0.5167
vn -0.0693 -0.6727 -0.7367
vn -0.2038 -0.0863 -0.9752
vn 0.6808 -0.1444 0.7181
vn 0.5877 -0.0774 0.8054
vn 0.6595 -0.1348 0.7395
vn 0.7839 -0.1697 0.5972
vn 0.7968 -0.2294 0.5590
vn -0.6738 -0.6892 0.2665
vn -0.8897 -0.3684 0.2698
vn -0.9921 -0.0817 0.0956
vn -0.9810 -0.1524 0.1202
vn -0.9511 -0.2721 0.1459
vn -0.1505 -0.9717 0.1822
vn -0.7064 -0.7074 -0.0246
vn -0.7741 -0.6203 0.1268
vn -0.8502 -0.4929 -0.1850
vn -0.9067 -0.4152 0.0745
vn -0.2391 0.3898 0.8893
vn -0.3603 -0.8694 -0.3382
vn -0.3464 -0.8045 -0.4826
vn -0.1263 -0.8524 -0.5074
vn -0.2479 -0.6157 -0.7480
vn -0.0124 -0.4228 -0.9062
vn -0.1069 -0.8059 -0.5823
vn 0.8912 0.4192 0.1730
vn 0.8095 0.5541 0.1941
vn 0.6139 0.3668 0.6990
vn 0.0403 -0.8695 -0.4923
vn 0.0796 -0.8184 -0.5691
vn 0.2408 -0.9324 -0.2695
vn 0.4494 -0.8297 -0.3311
vn 0.7234 -0.6141 -0.3155
vn -0.8486 -0.4954 -0.1858
vn -0.9208 -0.3570 -0.1570
vn -0.7847 -0.0778 -0.6150
vn -0.7044 -0.2807 -0.6519
vn -0.3016 0.8217 -0.4835
vn -0.2852 0.8840 -0.3704
vn -0.3671 0.0984 0.9249
vn -0.3562 -0.0677 0.9320
vn 0.2759 0.1831 0.9436
vn -0.9739 -0.0751 0.2142
vn -0.9809 -0.1043 0.1642
vn -0.9379 -0.0826 0.3370
vn 0.8471 0.4732 -0.2417
vn -0.7678 -0.6239 0.1458
vn -0.8271 -0.5283 0.1919
vn -0.6119 -0.6222 0.4883
vn -0.8865 -0.4309 0.1685
vn -0.9299 -0.3072 0.2022
vn -0.8788 -0.3956 0.2668
vn -0.6532 -0.3881 0.6501
vn -0.6379 -0.4999 0.5859
vn -0.6041 -0.0179 0.7967
vn -0.6111 0.0814 0.7874
vn -0.6407 0.4361 0.6319
vn -0.4040 0.8239 0.3976
vn -0.1654 0.4286 0.8882
vn -0.0402 0.7065 0.7066
vn 0.4928 0.2351 0.8378
vn -0.1345 0.1182 0.9838
vn -0.0224 -0.1135 0.9933
vn 0.5347 0.1028 0.8388
vn 0.5580 -0.0391 0.8289
vn 0.0966 -0.3378 0.9362
vn 0.0633 -0.2431 0.9679
vn 0.5557 -0.1014 0.8252
vn 0.6560 0.2438 0.7143
vn 0.0723 -0.4331 0.8984
vn 0.7953 0.0691 0.6023
vn 0.8424 0.0091 0.5387
vn 0.9485 0.0482 0.3130
vn 0.9384 0.1425 0.3149
vn 0.9103 0.2567 0.3247
vn 0.7469 0.1388 0.6502
vn 0.0401 -0.5184 0.8542
vn 0.5388 -0.0641 0.8400
vn 0.5380 -0.0826 0.8389
vn 0.5935 -0.0772 0.8011
vn 0.0672 -0.5782 0.8131
vn 0.2774 -0.5982 0.7518
vn 0.6810 -0.0486 0.7307
vn 0.7943 0.0281 0.6068
vn 0.7526 0.1650 0.6374
vn 0.8223 0.2195 0.5251
vn -0.2748 -0.3953 -0.8765
vn -0.5252 0.0934 0.8459
vn -0.5103 -0.0430 0.8589
vn 0.2361 -0.1521 0.9597
vn 0.6107 -0.2215 0.7602
vn 0.6745 0.2548 0.6930
vn 0.2456 -0.7381 0.6284
vn 0.2434 -0.7857 0.5687
vn 0.5280 -0.4541 0.7177
vn 0.8136 0.1459 0.5629
vn -0.0292 -0.8352 0.5491
vn 0.9751 -0.2170 -0.0460
vn 0.9958 -0.0139 -0.0908
vn 0.8886 0.3617 -0.2821
vn 0.8534 0.3739 -0.3632
vn 0.8465 0.3706 -0.3822
vn 0.7938 0.3653 -0.4863
vn 0.8427 0.3320 -0.4239
vn 0.8204 0.3730 -0.4334
vn 0.9923 0.0598 -0.1083
vn -0.8954 0.2097 -0.3928
vn -0.6895 0.2021 -0.6955
vn -0.6542 0.1361 -0.7440
vn -0.8901 0.0951 -0.4458
vn -0.9262 0.2965 -0.2329
vn -0.9667 0.0447 -0.2521
vn -0.9611 -0.0282 -0.2747
vn 0.7917 -0.5065 0.3415
vn 0.9728 -0.1658 0.1614
vn 0.1752 -0.5080 0.8434
vn 0.2493 -0.3145 0.9160
vn 0.9754 0.0228 0.2194
vn 0.2048 -0.6234 0.7546
vn 0.2370 -0.1628 0.9578
vn 0.9577 0.0895 0.2734
vn 0.2003 0.1179 0.9726
vn 0.9168 0.2415 0.3181
vn 0.1377 0.4308 0.8919
vn 0.8531 0.3927 0.3434
vn 0.0548 0.7120 0.7000
vn 0.7392 0.6302 0.2377
vn 0.6751 0.7199 0.1614
vn 0.8684 0.4784 -0.1307
vn 0.9763 0.1786 -0.1222
vn 0.9610 0.2497 -0.1192
vn -0.8763 -0.1624 0.4536
vn -0.8886 0.1731 -0.4247
vn -0.9384 -0.3041 0.1642
vn -0.8988 -0.2345 0.3703
vn 0.9815 0.1474 -0.1222
vn -0.1503 -0.2215 -0.9635
vn 0.0229 -0.0380 -0.9990
vn 0.0168 -0.6216 -0.7832
vn -0.0898 -0.7207 -0.6874
vn -0.1064 -0.8513 -0.5137
vn -0.2261 -0.9201 -0.3200
vn 0.0171 -0.9364 -0.3506
vn 0.0918 -0.8456 -0.5259
vn 0.6266 0.3254 0.7082
vn 0.0118 -0.8660 -0.4999
vn -0.0371 -0.1713 0.9845
vn -0.0546 -0.2175 0.9745
vn -0.0772 -0.5218 0.8495
vn 0.3046 -0.4070 0.8612
vn 0.3209 -0.1333 0.9377
vn 0.3243 -0.0361 0.9452
vn -0.6490 -0.7452 0.1528
vn -0.6264 -0.5657 0.5363
vn -0.7616 -0.2247 0.6079
vn -0.6475 -0.1167 -0.7531
vn -0.8638 -0.1224 -0.4888
vn -0.7612 -0.3520 -0.5447
vn -0.9591 0.0706 -0.2740
vn -0.9587 0.0917 -0.2694
vn 0.3656 -0.8688 -0.3339
vn 0.3138 -0.9150 -0.2537
vn 0.2218 -0.9695 -0.1046
vn 0.2449 -0.9578 -0.1504
vn -0.9355 0.2693 -0.2286
vn -0.4779 0.4094 -0.7772
vn -0.6231 0.5961 -0.5064
vn -0.6806 0.7213 -0.1282
vn 0.2728 0.7499 -0.6027
vn 0.4439 0.8759 -0.1892
vn -0.6194 0.6877 0.3788
vn -0.5925 0.6429 0.4855
vn -0.5833 0.6230 0.5212
vn -0.6187 0.6376 0.4590
vn -0.8881 0.0671 0.4548
vn -0.6089 0.7890 0.0817
vn 0.1285 0.9787 0.1599
vn 0.3002 0.9532 0.0356
vn 0.2193 0.9664 0.1341
vn -0.9490 0.3068 -0.0719
vn -0.9329 0.3572 0.0449
vn -0.8129 -0.2162 -0.5408
vn -0.7028 -0.0607 -0.7088
vn -0.9528 -0.1737 -0.2489
vn -0.8945 -0.3165 -0.3158
vn -0.9877 0.0498 -0.1482
vn -0.8968 0.4237 0.1273
vn -0.9968 0.0778 0.0196
vn -0.9971 0.0494 -0.0582
vn 0.8393 0.1813 -0.5126
vn 0.8725 0.2009 -0.4453
vn 0.8992 0.2345 -0.3695
vn 0.8585 0.4019 -0.3184
vn 0.7552 0.0691 -0.6518
vn 0.8674 0.0549 -0.4946
vn 0.7704 0.1889 -0.6090
vn -0.8279 -0.2302 -0.5114
vn 0.8424 -0.3816 0.3806
vn -0.9298 -0.2697 0.2504
vn -0.9437 -0.2713 0.1894
vn -0.9360 -0.1618 0.3125
vn -0.8991 -0.2839 0.3332
vn 0.8503 -0.3934 0.3498
vn 0.9303 -0.3322 0.1557
vn -0.5425 -0.7180 -0.4362
vn -0.6265 -0.6425 -0.4412
vn 0.5789 -0.4166 -0.7009
vn 0.6162 -0.2825 -0.7352
vn 0.1229 -0.9899 -0.0705
vn 0.1939 -0.9421 0.2734
vn 0.7847 0.2801 0.5530
vn -0.8060 -0.5728 0.1491
vn -0.8341 -0.5208 0.1817
vn -0.8725 -0.4229 0.2447
vn -0.7965 -0.6027 -0.0473
vn 0.7523 -0.2260 0.6188
vn 0.7959 -0.2560 0.5487
vn 0.9115 0.1773 -0.3711
vn 0.8787 0.2563 -0.4027
vn 0.7419 0.4024 -0.5364
vn 0.7168 -0.1559 0.6796
vn -0.2913 -0.3793 -0.8782
vn 0.8997 0.3216 0.2951
vn 0.8356 -0.5204 -0.1756
vn 0.1960 -0.9556 0.2198
vn 0.3790 -0.9219 0.0804
vn 0.1766 -0.9813 0.0764
vn 0.1871 -0.9757 -0.1139
vn 0.3675 -0.9292 -0.0384
vn 0.4022 -0.9096 -0.1042
vn -0.1995 -0.7710 0.6048
vn -0.2002 -0.7284 0.6553
vn -0.0762 -0.6750 0.7339
vn -0.1297 -0.7419 0.6579
vn -0.3095 -0.6933 0.6508
vn -0.2067 0.2016 0.9574
vn -0.5945 0.3333 -0.7317
vn -0.5221 0.4505 -0.7242
vn -0.3842 0.4932 -0.7805
vn -0.3407 0.3917 -0.8547
vn -0.9618 -0.2308 0.1470
vn -0.3510 -0.5082 -0.7865
vn -0.0150 -0.9864 0.1639
vn 0.0722 -0.9857 0.1523
vn -0.8031 0.5916 0.0716
vn -0.5275 0.4548 0.7175
vn -0.6387 0.4626 0.6148
vn -0.6117 0.7279 0.3097
vn -0.5366 0.8089 0.2404
vn -0.2155 -0.1011 0.9712
vn -0.0305 -0.0583 0.9978
vn -0.2992 -0.0350 -0.9535
vn 0.0370 0.0570 -0.9977
vn 0.1199 -0.0816 -0.9894
vn -0.2117 -0.3422 -0.9155
vn -0.1574 0.0035 -0.9875
vn 0.0906 0.2253 -0.9701
vn -0.9847 -0.1190 0.1273
vn -0.9776 -0.1331 0.1629
vn -0.8044 0.0164 -0.5939
vn -0.3383 -0.0973 -0.9360
vn -0.1113 0.3003 -0.9473
vn -0.3606 0.1909 -0.9130
vn -0.7816 0.2080 -0.5881
vn -0.5989 -0.7919 -0.1194
vn -0.0474 -0.9123 0.4067
vn 0.0360 -0.9991 -0.0211
vn 0.3231 -0.8654 0.3831
vn 0.6213 -0.7820 0.0494
vn -0.9740 -0.1037 0.2015
vn -0.7023 -0.1365 -0.6987
vn -0.7036 -0.5952 -0.3882
vn -0.4145 -0.6398 -0.6472
vn -0.5590 -0.3909 -0.7313
vn -0.8137 -0.3453 -0.4676
vn -0.8580 -0.4453 -0.2560
vn -0.9516 -0.0922 -0.2932
vn -0.9802 -0.1312 -0.1480
vn -0.9465 -0.3043 -0.1076
vn -0.2683 0.9573 0.1076
vn -0.5562 0.8126 0.1742
vn -0.3301 0.9429 0.0446
vn -0.3415 0.9324 0.1181
vn -0.5518 0.8290 -0.0907
vn -0.7245 0.6601 0.1982
vn -0.6094 0.5640 0.5573
vn -0.2466 0.8441 0.4761
vn -0.0743 0.9582 0.2763
vn -0.9146 -0.3832 0.1291
vn -0.6537 -0.4749 0.5892
vn 0.1999 -0.5913 0.7813
vn -0.8113 0.5757 0.1016
vn -0.3235 -0.8245 0.4642
vn -0.4172 -0.8236 0.3841
vn -0.4800 -0.7607 0.4370
vn -0.4253 -0.7374 0.5248
vn -0.0467 -0.4289 0.9021
vn -0.1755 -0.3868 0.9053
vn -0.1225 -0.4863 0.8652
vn -0.0037 -0.9985 0.0545
vn 0.3868 -0.9193 0.0725
vn -0.5310 0.5904 0.6079
vn -0.4961 0.5499 0.6719
vn -0.1513 0.8335 0.5314
vn -0.1068 0.8023 0.5873
vn -0.1232 0.8570 0.5003
vn -0.2997 -0.0299 0.9536
vn -0.3967 0.1248 0.9094
vn 0.1210 -0.9750 0.1863
vn -0.4610 0.0331 0.8868
vn -0.5882 0.0285 0.8082
vn -0.5824 0.0756 0.8094
vn -0.5533 0.0233 0.8327
vn -0.4439 -0.1486 0.8837
vn -0.2726 -0.9585 -0.0836
vn -0.3000 -0.8992 -0.3186
vn -0.5750 -0.7874 -0.2222
vn -0.5081 -0.8520 0.1261
vn -0.6087 -0.1559 -0.7780
vn -0.6045 -0.0503 -0.7950
vn -0.5954 0.0408 -0.8024
vn -0.4425 0.0581 -0.8949
vn -0.3315 -0.0296 -0.9430
vn -0.2409 -0.1448 -0.9597
vn -0.5192 -0.0993 0.8489
vn -0.7573 0.2077 0.6192
vn -0.3476 -0.0856 0.9337
vn 0.4932 -0.3931 -0.7760
vn 0.6238 -0.6602 0.4183
vn -0.7388 -0.5587 0.3769
vn -0.6795 -0.6184 0.3948
vn 0.2273 -0.9059 -0.3573
vn -0.0126 -0.9905 0.1372
vn 0.1770 -0.9580 -0.2256
vn -0.0748 -0.9028 0.4236
vn -0.1170 -0.9478 0.2966
vn -0.1293 -0.9820 0.1374
vn -0.0490 -0.9829 0.1773
vn -0.2601 -0.7472 0.6116
vn -0.2184 -0.8098 0.5445
vn 0.0167 -0.9841 0.1769
vn -0.4444 -0.3764 0.8129
vn -0.4042 -0.5021 0.7645
vn -0.2083 0.4932 0.8446
vn -0.5567 0.3148 0.7688
vn -0.8812 0.4650 -0.0856
vn -0.9773 0.2104 0.0227
vn -0.8368 0.1013 -0.5380
vn -0.6139 -0.1153 -0.7809
vn -0.9932 0.0950 0.0679
vn -0.9442 0.0447 -0.3262
vn -0.2800 -0.5943 -0.7539
vn 0.2279 0.5565 0.7990
vn 0.2821 0.6447 0.7104
vn 0.0870 0.7962 0.5987
vn 0.0665 0.7159 0.6950
vn 0.8593 0.1108 -0.4993
vn 0.9069 0.0556 -0.4177
vn 0.1848 -0.9024 -0.3892
vn 0.3427 -0.8517 -0.3964
vn 0.0506 -0.9298 -0.3646
vn 0.1306 -0.9390 -0.3182
vn 0.0288 -0.9604 -0.2773
vn 0.2890 -0.8845 -0.3661
vn 0.4891 -0.7718 -0.4063
vn -0.9975 0.0440 -0.0561
vn -0.9981 0.0244 0.0566
vn -0.9356 0.2022 -0.2894
vn -0.9743 0.0900 -0.2064
vn -0.9944 -0.0517 -0.0926
vn -0.9818 0.0442 -0.1848
vn -0.4132 -0.8764 -0.2474
vn -0.3144 -0.8927 -0.3228
vn 0.3407 -0.6171 0.7093
vn 0.4602 -0.4059 0.7896
vn 0.9973 -0.0704 0.0199
vn 0.9941 -0.1088 -0.0000
vn 0.9926 0.0039 -0.1217
vn 0.9936 0.1116 0.0160
vn 0.2261 -0.9715 0.0716
vn 0.1129 -0.9778 -0.1767
vn 0.1789 -0.9616 -0.2080
vn 0.2800 -0.9461 0.1628
vn 0.1667 -0.8404 0.5156
vn 0.0380 -0.8849 0.4643
vn 0.8306 0.1122 -0.5454
vn 0.8981 -0.0009 -0.4398
vn 0.9229 -0.2222 -0.3145
vn 0.7355 -0.2001 -0.6473
vn 0.9132 -0.3914 -0.1131
vn 0.7014 -0.5005 -0.5075
vn 0.9219 -0.3718 -0.1087
vn -0.1755 -0.6547 0.7352
vn -0.2319 -0.5585 0.7964
vn -0.0033 -0.5117 0.8592
vn 0.0494 -0.5426 0.8385
vn -0.1140 -0.7026 0.7024
vn -0.0736 0.7976 -0.5986
vn 0.6321 0.5290 -0.5662
vn -0.0187 0.9771 -0.2120
vn 0.6359 0.7067 -0.3102
vn 0.7750 0.4442 -0.4495
vn 0.2369 -0.3388 -0.9105
vn 0.7174 -0.4053 -0.5666
vn -0.1298 -0.8912 0.4346
vn -0.4154 -0.3395 0.8439
vn -0.2544 -0.1740 0.9513
vn -0.4130 -0.2039 0.8876
vn 0.4692 -0.6922 -0.5485
vn 0.1147 -0.8481 -0.5172
vn -0.2660 -0.6009 -0.7538
vn 0.2345 -0.4980 -0.8348
vn 0.7317 -0.6074 -0.3093
vn 0.0111 -0.8206 0.5714
vn 0.1151 -0.7861 0.6073
vn 0.1151 -0.8163 0.5661
vn -0.4162 -0.6524 0.6333
vn -0.4659 -0.7471 0.4741
vn -0.8045 0.4436 0.3949
vn -0.5457 0.6808 0.4886
vn -0.7059 0.1182 0.6984
vn -0.8515 -0.1220 0.5099
vn -0.8332 -0.4322 0.3449
vn -0.7377 -0.6676 0.1006
vn -0.8695 -0.4937 0.0164
vn -0.9620 -0.2525 -0.1041
vn -0.8039 -0.3928 0.4466
vn -0.7833 -0.4461 0.4331
vn 0.0157 -0.9858 0.1673
vn -0.7052 -0.6256 0.3336
vn 0.7990 0.4805 0.3615
vn 0.5222 -0.6939 -0.4959
vn 0.2185 0.5749 -0.7885
vn -0.3974 -0.6060 -0.6890
vn -0.4968 -0.5719 -0.6527
vn -0.5905 -0.4695 -0.6564
vn -0.6978 -0.2651 -0.6655
vn -0.5037 -0.2367 -0.8308
vn -0.4387 -0.4346 -0.7866
vn -0.4005 -0.5510 -0.7322
vn -0.2970 -0.8384 0.4571
vn -0.1029 -0.9431 0.3161
vn 0.0753 -0.9742 0.2127
vn -0.0810 -0.9847 0.1545
vn -0.1242 -0.9507 0.2840
vn 0.0318 -0.9082 0.4174
vn 0.0146 -0.9992 0.0360
vn -0.0823 -0.9922 0.0941
vn 0.2961 -0.9532 -0.0613
vn 0.2177 -0.9280 -0.3024
vn 0.0692 -0.9828 -0.1714
vn -0.0587 -0.9970 -0.0514
vn -0.0617 -0.9973 0.0403
vn 0.3355 -0.8808 0.3342
vn 0.3073 -0.7054 0.6388
vn -0.9821 -0.1664 -0.0888
vn 0.0037 -0.9379 -0.3468
vn 0.0007 -0.3784 0.9257
vn 0.7173 -0.0991 -0.6897
vn 0.8938 -0.3417 -0.2903
vn 0.4267 -0.8206 0.3802
vn 0.2966 -0.6160 0.7298
vn 0.0763 -0.2982 0.9514
vn -0.1657 -0.5923 0.7885
vn -0.2342 -0.9595 0.1563
vn 0.1128 -0.9929 -0.0367
vn 0.3318 -0.8328 0.4431
vn -0.7935 -0.5139 -0.3259
vn -0.4086 -0.7843 -0.4669
vn -0.7316 -0.5371 0.4200
vn -0.5500 -0.7277 0.4098
vn -0.5042 -0.8511 0.1465
vn 0.6398 -0.4462 0.6257
vn -0.3404 -0.0622 -0.9382
vn -0.3321 -0.1900 -0.9239
vn -0.3221 -0.2958 -0.8993
vn -0.5246 -0.2054 0.8262
vn -0.3899 -0.4395 0.8092
vn 0.0252 -0.4615 0.8868
vn 0.0143 -0.3550 0.9347
vn 0.0319 -0.2196 0.9751
vn -0.0834 -0.9938 0.0733
vn -0.1507 -0.9884 0.0194
vn -0.1783 -0.9761 0.1247
vn -0.1936 -0.9686 0.1559
vn -0.1154 -0.9651 0.2350
vn -0.5827 0.6376 0.5039
vn -0.4409 0.1821 0.8789
vn -0.4312 0.7614 0.4841
vn 0.2429 -0.9692 0.0403
vn 0.4550 -0.8801 -0.1355
vn 0.4595 -0.8721 -0.1680
vn 0.3889 -0.9031 0.1821
vn 0.1437 -0.9895 0.0140
vn -0.2063 0.8767 0.4345
vn -0.4782 0.2126 0.8521
vn -0.3552 0.2607 0.8977
vn -0.3758 0.3344 0.8643
vn 0.7939 -0.2708 0.5444
vn 0.8556 -0.0087 0.5176
vn 0.4385 -0.1617 0.8841
vn 0.4729 -0.2896 0.8322
vn 0.4717 -0.3978 0.7869
vn -0.9644 0.1579 -0.2122
vn -0.9854 0.0595 -0.1598
vn -0.7358 -0.4317 0.5218
vn -0.6917 -0.3433 0.6353
vn -0.6983 -0.2618 0.6662
vn -0.7563 -0.0225 -0.6538
vn -0.6764 0.0696 -0.7332
vn -0.0122 -0.9965 0.0823
vn 0.1434 -0.9755 -0.1665
vn -0.8442 -0.4652 0.2663
vn -0.9165 -0.3984 0.0358
vn -0.9161 -0.3757 -0.1402
vn -0.6663 -0.5941 0.4506
vn -0.1706 -0.9853 0.0115
vn -0.2261 -0.9713 0.0744
vn -0.4222 -0.7926 0.4400
vn -0.0302 -0.9552 -0.2943
vn -0.1048 -0.9849 -0.1376
vn -0.0178 -0.8901 -0.4554
vn -0.1582 -0.8998 -0.4066
vn 0.2547 -0.9376 -0.2368
vn -0.3713 -0.9159 -0.1528
vn -0.5946 -0.7017 -0.3924
vn -0.7783 -0.6068 -0.1615
vn -0.2335 -0.0374 0.9716
vn -0.2848 0.0331 0.9580
vn -0.5926 0.0819 0.8013
vn -0.5916 0.0453 0.8050
vn -0.5588 -0.1345 0.8184
vn 0.2019 0.9776 0.0594
vn 0.5710 0.7976 0.1945
vn 0.4557 0.8145 0.3592
vn 0.0678 0.9870 0.1457
vn 0.3283 0.9446 -0.0066
vn 0.6621 0.7475 0.0536
vn 0.7608 0.5856 0.2798
vn 0.6516 0.5862 0.4815
vn 0.8349 0.5407 0.1029
vn 0.4199 0.5029 0.7555
vn 0.0647 0.2006 0.9775
vn -0.0470 0.5361 0.8428
vn 0.2558 0.7595 0.5981
vn -0.2950 -0.3725 0.8799
vn -0.4231 -0.0604 0.9040
vn 0.5378 0.1249 0.8338
vn 0.7786 0.2716 0.5657
vn 0.8190 -0.1242 0.5602
vn 0.6238 -0.3374 0.7050
vn 0.1719 -0.2773 0.9453
vn -0.1371 -0.6956 0.7052
vn 0.8898 0.2899 0.3524
vn 0.9574 0.2451 0.1523
vn 0.9159 -0.0797 0.3935
vn 0.9737 -0.1125 0.1979
vn 0.8517 -0.3278 0.4090
vn 0.9045 -0.3554 0.2357
vn 0.7782 -0.3863 0.4951
vn 0.6290 -0.6068 0.4860
vn 0.5350 -0.8386 0.1023
vn 0.7118 -0.6995 0.0635
vn 0.0932 -0.9890 0.1147
vn 0.6014 -0.7788 -0.1780
vn -0.0695 -0.9963 -0.0503
vn -0.7119 -0.6926 0.1165
vn -0.7869 -0.6001 0.1436
vn -0.2556 -0.9545 -0.1537
vn -0.4100 -0.8927 -0.1870
vn -0.8429 -0.5034 0.1902
vn -0.9133 -0.2879 0.2883
vn -0.9091 -0.3628 0.2049
vn -0.9078 -0.2096 0.3633
vn -0.9268 0.0407 0.3735
vn -0.9665 -0.0044 0.2567
vn -0.6689 0.6451 0.3694
vn -0.7410 0.6287 0.2359
vn 0.0430 0.9903 0.1324
vn -0.0400 0.9967 0.0701
vn -0.1184 0.9930 0.0029
vn 0.5893 0.8005 -0.1094
vn 0.8377 0.4946 -0.2315
vn 0.7891 0.5985 -0.1380
vn 0.5031 0.8611 -0.0735
vn -0.9167 0.2674 -0.2970
vn -0.7129 0.4440 -0.5428
vn -0.7197 0.2786 -0.6360
vn -0.9724 -0.0185 -0.2328
vn 0.6674 0.7267 -0.1626
vn 0.4237 0.9044 -0.0501
vn 0.7299 0.6815 -0.0524
vn 0.9147 0.2962 -0.2748
vn 0.9098 0.3833 -0.1591
vn 0.8826 0.4687 -0.0377
vn 0.9445 0.0834 -0.3177
vn 0.9067 -0.1975 -0.3727
vn 0.9563 -0.2044 -0.2088
vn 0.9761 0.1188 -0.1819
vn 0.9061 0.0660 -0.4179
vn 0.8582 -0.1758 -0.4822
vn 0.9843 0.1754 -0.0218
vn 0.9849 -0.1729 -0.0053
vn 0.7907 -0.4582 -0.4060
vn 0.4481 -0.8110 -0.3761
vn 0.8596 -0.4629 -0.2161
vn 0.7331 -0.4286 -0.5280
vn 0.3212 -0.8073 -0.4951
vn 0.9068 -0.4211 0.0177
vn -0.8374 -0.0232 -0.5461
vn -0.8986 -0.1558 -0.4101
vn -0.3692 -0.9013 -0.2266
vn -0.1155 -0.9195 -0.3758
vn 0.0996 -0.4659 -0.8792
vn -0.0993 -0.6830 0.7236
vn -0.3657 -0.6053 0.7070
vn 0.6063 -0.0780 -0.7914
vn 0.6495 -0.1151 -0.7516
vn -0.3888 -0.4408 0.8091
vn -0.9681 0.1096 0.2253
vn -0.2166 0.1342 0.9670
vn -0.1172 0.4939 0.8616
vn -0.0737 0.6520 0.7546
vn 0.0572 0.7098 0.7021
vn 0.2508 0.6568 0.7111
vn -0.1981 0.2451 0.9491
vn -0.0434 0.8629 0.5035
vn -0.1785 0.4477 -0.8762
vn -0.1779 0.4939 -0.8511
vn 0.5424 0.6605 -0.5192
vn 0.6234 0.5724 -0.5327
vn -0.1133 0.3566 -0.9274
vn -0.3878 0.6417 0.6617
vn -0.7651 0.2683 -0.5854
vn -0.7540 0.2954 -0.5867
vn 0.6782 0.3790 -0.6296
vn 0.7691 0.3997 -0.4987
vn -0.7588 0.1346 0.6372
vn -0.7792 0.0137 0.6266
vn -0.3071 -0.5447 0.7804
vn -0.4305 -0.6258 0.6504
vn -0.5626 -0.4633 0.6847
vn -0.4793 -0.3423 0.8081
vn 0.0148 0.5282 0.8490
vn 0.2513 0.4411 0.8615
vn 0.3926 0.2901 0.8728
vn 0.4195 0.3459 0.8393
vn 0.0999 0.5635 0.8201
vn -0.0848 0.6835 0.7250
vn -0.2345 0.6736 0.7009
vn 0.0450 -0.7028 0.7100
vn 0.1820 -0.5872 0.7887
vn 0.0098 0.0344 0.9994
vn 0.6105 0.2250 0.7594
vn -0.1158 0.2283 0.9667
vn 0.4590 0.4662 0.7563
vn 0.4813 0.4215 0.7685
vn -0.5647 -0.8108 -0.1542
vn -0.4930 -0.7743 -0.3967
vn -0.0211 -0.9668 -0.2547
vn -0.0289 -0.9689 -0.2458
vn 0.2186 -0.5182 -0.8268
vn -0.6661 -0.4542 -0.5916
vn -0.6225 -0.5565 -0.5502
vn -0.3968 -0.2642 -0.8790
vn -0.7914 -0.2815 -0.5427
vn -0.8774 -0.1946 0.4386
vn -0.9718 0.1353 0.1929
vn -0.8735 -0.3127 0.3730
vn -0.7535 -0.5046 0.4214
vn -0.4936 -0.8061 0.3264
vn -0.3355 -0.8602 0.3841
vn -0.7110 -0.7009 -0.0559
vn -0.5603 -0.7775 -0.2856
vn -0.2629 -0.9411 0.2128
vn -0.3172 -0.9362 0.1516
vn -0.4336 -0.8983 0.0709
vn -0.5424 -0.8401 -0.0094
vn -0.4668 -0.8204 0.3302
vn -0.3548 -0.8635 0.3584
vn -0.6487 -0.7585 -0.0625
vn -0.5883 -0.7548 0.2902
vn -0.4825 -0.7642 0.4280
vn -0.3906 -0.8245 0.4094
vn -0.2799 -0.8913 0.3566
vn -0.2402 -0.9019 0.3590
vn -0.5772 -0.6985 0.4230
vn -0.6780 -0.6868 0.2618
vn -0.6429 -0.6506 0.4043
vn -0.7424 -0.6653 -0.0788
vn -0.8250 -0.5596 -0.0785
vn -0.8822 -0.4553 -0.1198
vn -0.7474 -0.6137 0.2546
vn -0.8099 -0.5275 0.2565
vn -0.9163 -0.3533 -0.1887
vn -0.8618 -0.4461 0.2414
vn -0.6905 -0.6099 0.3889
vn -0.9630 -0.2692 0.0091
vn -0.9869 -0.1580 -0.0329
vn -0.9683 -0.2227 -0.1126
vn -0.9443 -0.3212 -0.0710
vn -0.9614 -0.1702 -0.2164
vn 0.2876 -0.8815 -0.3745
vn -0.8124 -0.1076 -0.5731
vn -0.7777 0.0745 -0.6242
vn -0.6922 0.1798 -0.6990
vn -0.5635 0.2953 -0.7716
vn -0.5583 0.1722 -0.8116
vn -0.4500 0.2425 -0.8595
vn -0.3386 0.2884 -0.8957
vn -0.9418 0.0654 0.3298
vn -0.9603 0.1196 0.2520
vn -0.9558 0.2208 0.1944
vn 0.3269 0.4404 -0.8362
vn 0.3380 0.4160 -0.8442
vn -0.4745 -0.1034 -0.8742
vn -0.4721 -0.2246 -0.8524
vn -0.4685 -0.3212 -0.8230
vn -0.5817 -0.4375 -0.6858
vn -0.6729 -0.4337 -0.5993
vn -0.8061 0.2510 0.5359
vn -0.8263 0.2910 0.4823
vn -0.8566 0.0893 0.5082
vn -0.5413 -0.5836 -0.6054
vn -0.6314 -0.5593 -0.5371
vn 0.1841 -0.0707 0.9804
vn -0.7735 0.1576 0.6138
vn -0.2515 -0.5796 -0.7751
vn -0.2973 -0.4168 -0.8590
vn -0.4172 -0.5897 -0.6915
vn -0.4560 -0.4306 -0.7789
vn -0.3468 0.4148 -0.8412
vn 0.0806 0.2191 0.9724
vn 0.1371 0.1901 0.9721
vn 0.2278 0.0571 0.9720
vn 0.6480 0.1960 0.7360
vn 0.4987 0.3739 0.7820
vn 0.0641 0.1956 0.9786
vn 0.9867 -0.1569 -0.0425
vn -0.8776 -0.4794 -0.0013
vn -0.8402 -0.4311 -0.3289
vn -0.7953 -0.5429 -0.2696
vn -0.7205 -0.6533 -0.2326
vn -0.7714 -0.6364 0.0084
vn 0.2453 -0.9318 0.2674
vn -0.0131 -0.9569 0.2900
vn -0.1106 -0.9476 0.2997
vn 0.0356 -0.9983 -0.0470
vn 0.1242 -0.9855 -0.1154
vn 0.2835 0.4042 0.8697
vn 0.1786 0.2432 0.9534
vn 0.2285 0.0787 0.9704
vn 0.7740 -0.5738 -0.2677
vn 0.9150 -0.3813 -0.1317
vn 0.1578 0.1415 0.9773
vn -0.4049 -0.2449 0.8809
vn -0.0121 -0.7226 0.6912
vn 0.0789 -0.5339 0.8419
vn -0.1136 -0.8789 0.4633
vn -0.3841 -0.3239 0.8646
vn -0.1566 -0.3215 0.9339
vn 0.8699 0.3658 -0.3310
vn -0.5185 0.1096 0.8480
vn -0.9364 0.0306 0.3496
vn -0.9419 -0.1537 0.2987
vn -0.9137 -0.2376 0.3296
vn -0.9093 -0.3197 0.2663
vn -0.5207 0.1414 0.8419
vn -0.5535 0.1838 0.8123
vn 0.7155 0.3208 0.6206
vn 0.9682 0.2451 0.0493
vn -0.9954 -0.0785 -0.0557
vn -0.9913 -0.1196 -0.0557
vn 0.7322 0.5323 -0.4249
vn 0.6457 0.1448 0.7497
vn 0.6643 -0.0887 0.7422
vn 0.5869 -0.0787 0.8058
vn 0.2093 -0.9593 -0.1894
vn 0.0669 -0.9373 -0.3422
vn -0.9858 -0.0940 -0.1390
vn -0.9904 0.0486 -0.1297
vn -0.9755 -0.0287 -0.2181
vn -0.9501 -0.1143 -0.2904
vn -0.9720 0.1241 -0.1996
vn -0.9428 0.2029 -0.2645
vn -0.8843 0.3160 -0.3439
vn -0.8047 0.4326 -0.4065
vn -0.8053 0.3185 -0.4999
vn -0.7977 0.2002 -0.5689
vn -0.7026 0.4256 -0.5703
vn -0.7021 0.3072 -0.6424
vn -0.5517 0.5227 -0.6499
vn -0.5582 0.4143 -0.7189
vn -0.4554 0.3688 -0.8103
vn -0.5476 0.6399 -0.5391
vn -0.4266 0.6940 -0.5800
vn -0.6998 0.5403 -0.4674
vn -0.6885 0.6262 -0.3658
vn -0.5370 0.7294 -0.4238
vn -0.7941 0.5225 -0.3105
vn -0.7753 0.5996 -0.1985
vn -0.6689 0.6991 -0.2528
vn -0.7468 0.6612 -0.0713
vn -0.6394 0.7584 -0.1265
vn -0.8777 0.4100 -0.2481
vn -0.8592 0.4938 -0.1337
vn -0.8288 0.5594 -0.0081
vn -0.9231 0.3794 -0.0621
vn -0.9610 0.2765 -0.0060
vn -0.9307 0.3527 0.0972
vn -0.8893 0.4541 0.0532
vn -0.9410 0.2915 -0.1720
vn -0.9742 0.1976 -0.1092
vn -0.9606 0.2364 0.1463
vn 0.9855 0.1596 0.0569
vn 0.0415 -0.9947 0.0942
vn 0.0309 -0.9940 0.1046
vn 0.1046 -0.9897 0.0974
vn -0.1333 -0.7686 0.6257
vn -0.3912 -0.8073 0.4418
vn -0.4272 -0.8744 0.2300
vn -0.4317 -0.8992 0.0718
vn -0.8620 -0.0328 0.5058
vn 0.4221 0.5516 -0.7194
vn 0.5346 0.4502 -0.7152
vn 0.1095 0.3201 -0.9410
vn 0.0737 0.4569 -0.8865
vn 0.0540 0.4936 -0.8680
vn 0.1923 0.5139 -0.8360
vn -0.6344 0.3673 -0.6802
vn -0.8534 -0.2498 0.4576
vn -0.8863 -0.3538 -0.2989
vn -0.9780 -0.1784 -0.1083
vn -0.8290 -0.0123 -0.5591
vn -0.7069 -0.1544 -0.6903
vn -0.6807 -0.2903 -0.6726
vn -0.4605 0.8827 -0.0936
vn -0.4881 0.8543 -0.1786
vn -0.3931 0.8546 -0.3394
vn -0.4117 0.7876 -0.4586
vn -0.5172 0.7998 -0.3045
vn 0.0661 -0.9480 -0.3114
vn -0.3301 0.8826 0.3348
vn -0.4640 0.6403 0.6121
vn -0.3233 0.6385 0.6984
vn -0.3561 0.7042 0.6143
vn -0.1909 0.6904 0.6978
vn -0.2275 0.7563 0.6133
vn -0.2631 0.8071 0.5286
vn -0.2968 0.8479 0.4392
vn 0.0980 0.1769 0.9793
vn 0.1693 0.1546 0.9734
vn 0.1269 0.2405 0.9623
vn -0.9837 0.1718 0.0527
vn -0.9932 0.1084 -0.0421
vn -0.2781 -0.9272 0.2508
vn -0.3876 -0.9052 0.1741
vn 0.9153 0.0036 0.4027
vn -0.3683 -0.4184 0.8302
vn 0.2487 -0.9311 0.2667
vn 0.5649 -0.8117 0.1485
vn 0.4831 -0.8570 0.1790
vn -0.6635 -0.1695 0.7287
vn -0.3906 -0.1619 -0.9062
vn 0.2198 0.1938 -0.9561
vn 0.2456 0.1384 -0.9594
vn -0.3413 -0.2444 -0.9076
vn -0.0689 0.0080 0.9976
vn 0.1113 0.0370 0.9931
vn -0.1962 -0.0688 0.9781
vn 0.1414 -0.3147 0.9386
vn -0.1289 -0.4622 0.8774
vn -0.2402 -0.6226 0.7448
vn -0.3599 -0.2148 0.9079
vn -0.0169 -0.3612 0.9323
vn -0.3950 0.0716 0.9159
vn -0.5044 -0.0499 0.8620
vn -0.4934 0.0900 0.8651
vn -0.5107 0.0107 0.8597
vn -0.4939 -0.1714 0.8524
vn -0.7581 -0.3571 0.5457
vn -0.6177 -0.2788 0.7353
vn -0.4735 -0.6095 0.6359
vn -0.5623 -0.6997 0.4408
vn -0.7386 -0.4482 0.5035
vn -0.4580 -0.8407 0.2890
vn -0.0335 -0.9994 0.0060
vn -0.1172 -0.9820 0.1479
vn -0.2020 -0.9234 0.3265
vn -0.7270 -0.5640 0.3916
vn -0.7449 -0.6646 0.0585
vn -0.3417 -0.8691 0.3576
vn 0.1168 -0.4668 0.8766
vn 0.0978 -0.4993 0.8609
vn 0.2251 -0.4492 0.8646
vn 0.4891 -0.4013 0.7745
vn 0.5857 -0.2548 0.7694
vn 0.1673 -0.3411 0.9250
vn -0.7820 -0.4844 0.3922
vn -0.8386 -0.2552 0.4812
vn -0.7044 -0.2407 0.6678
vn -0.7502 -0.6041 0.2689
vn -0.6256 -0.7713 0.1167
vn -0.2872 -0.7649 0.5765
vn -0.4294 -0.8996 -0.0796
vn -0.1309 -0.5503 -0.8247
vn -0.8363 -0.5293 -0.1431
vn -0.6787 -0.7191 -0.1492
vn -0.6425 -0.6710 -0.3700
vn -0.5186 -0.1637 -0.8392
vn -0.3613 -0.1022 -0.9268
vn -0.2043 -0.9381 0.2796
vn -0.2646 -0.8295 0.4918
vn -0.5742 -0.2041 -0.7929
vn -0.7080 -0.2433 -0.6630
vn -0.7311 -0.2769 -0.6236
vn -0.2072 -0.4302 -0.8786
vn -0.2010 -0.2721 -0.9410
vn -0.5544 -0.4076 -0.7256
vn -0.5929 -0.2722 -0.7578
vn -0.4606 -0.3584 -0.8120
vn -0.5094 -0.2798 -0.8138
vn 0.7476 -0.1700 -0.6420
vn 0.9279 -0.0498 -0.3694
vn 0.9602 -0.0167 -0.2787
vn 0.7782 -0.5418 0.3177
vn 0.8104 -0.4442 0.3821
vn 0.8278 -0.3165 0.4632
vn 0.3179 -0.2134 0.9238
vn 0.2990 -0.3858 0.8728
vn 0.5197 0.8345 -0.1832
vn -0.1685 0.9832 -0.0706
vn -0.7131 0.6983 0.0624
vn -0.6649 0.7466 -0.0216
vn -0.4060 0.8344 -0.3727
vn -0.5140 0.8016 -0.3054
vn -0.7782 0.5976 -0.1932
vn -0.9529 0.2854 0.1025
vn -0.9881 0.0162 0.1532
vn 0.6980 0.0574 -0.7138
vn 0.6972 0.1983 -0.6889
vn 0.6607 0.3546 -0.6616
vn -0.9185 -0.3813 -0.1047
vn -0.9806 -0.1954 0.0168
vn -0.9999 0.0172 -0.0022
vn -0.9936 0.0916 -0.0657
vn -0.8459 0.0502 -0.5310
vn -0.9039 0.0283 -0.4269
vn -0.9200 -0.1154 -0.3745
vn 0.6228 -0.5701 -0.5358
vn 0.2306 -0.7739 -0.5898
vn 0.1593 -0.7125 -0.6834
vn 0.0472 -0.5728 -0.8184
vn -0.2398 -0.4575 -0.8562
vn -0.4080 -0.5867 -0.6995
vn 0.0663 -0.9258 -0.3721
vn 0.0610 -0.9476 -0.3137
vn 0.2361 -0.9162 -0.3237
vn 0.1039 -0.9400 -0.3249
vn -0.0433 -0.9038 -0.4257
vn -0.0326 -0.8423 -0.5380
vn -0.1468 -0.6504 -0.7453
vn -0.8253 -0.4281 -0.3682
vn -0.3077 -0.9376 -0.1619
vn -0.0735 -0.9772 -0.1992
vn -0.5966 -0.8023 -0.0202
vn 0.8776 0.1536 -0.4542
vn 0.8666 -0.0474 -0.4967
vn 0.8697 0.2070 -0.4480
vn 0.9267 0.1280 0.3534
vn 0.9890 0.1003 -0.1087
vn 0.9176 0.3917 -0.0677
vn 0.3777 0.9244 -0.0525
vn -0.7424 0.6475 0.1721
vn -0.9269 0.2662 0.2647
vn -0.9575 0.2420 0.1571
vn 0.1991 0.5270 -0.8262
vn 0.3436 0.4356 -0.8320
vn 0.4926 0.2088 -0.8448
vn 0.9782 -0.1370 -0.1562
vn 0.9728 -0.0460 -0.2269
vn 0.9358 -0.2718 0.2247
vn 0.9424 -0.1509 0.2985
vn 0.9042 0.0376 0.4254
vn 0.9085 0.2836 0.3069
vn 0.8233 0.5191 0.2296
vn 0.5580 0.8187 0.1356
vn 0.0379 0.9908 0.1301
vn -0.1429 0.1391 0.9799
vn 0.2457 0.6561 0.7135
vn 0.4334 0.4590 0.7755
vn -0.0256 0.7854 0.6184
vn 0.4965 0.2080 0.8428
vn -0.1413 0.0060 0.9899
vn 0.4646 -0.0441 0.8844
vn 0.8850 0.3208 0.3374
vn 0.7884 0.5110 0.3425
vn -0.4314 -0.0040 0.9022
vn -0.1540 -0.3305 0.9312
vn 0.2354 -0.7868 0.5705
vn 0.6280 0.5180 -0.5807
vn 0.7275 0.2124 -0.6524
vn 0.7223 0.2855 -0.6299
vn -0.7015 0.3552 0.6179
vn -0.7150 0.5467 0.4358
vn -0.9089 -0.0895 0.4072
vn -0.9542 0.1743 -0.2433
vn -0.9712 0.0413 -0.2348
vn -0.8424 -0.2856 0.4568
vn -0.8695 -0.1070 0.4821
vn -0.3618 0.2693 -0.8925
vn -0.3563 0.5533 -0.7529
vn 0.0853 0.5519 -0.8295
vn 0.1803 0.3473 -0.9203
vn 0.2142 0.2692 -0.9390
vn -0.3705 0.1731 -0.9125
vn -0.9428 -0.1268 0.3083
vn -0.6955 0.6552 0.2949
vn -0.1768 -0.2085 -0.9619
vn -0.3863 -0.1346 -0.9125
vn -0.4746 -0.0622 -0.8780
vn -0.1968 -0.6275 -0.7533
vn -0.1384 -0.6890 -0.7115
vn 0.0177 -0.7108 -0.7032
vn 0.2638 -0.6768 -0.6873
vn 0.1523 -0.8030 -0.5762
vn -0.0288 -0.8617 -0.5066
vn 0.1576 -0.9032 -0.3992
vn 0.3636 -0.8124 -0.4559
vn 0.3541 -0.6929 -0.6281
vn 0.6811 -0.1178 0.7227
vn 0.6249 -0.0726 0.7773
vn 0.6980 -0.0940 0.7099
vn 0.6957 -0.0477 0.7167
vn 0.5556 0.1447 0.8187
vn 0.5341 0.0021 0.8454
vn 0.0277 -0.9414 -0.3361
vn 0.0513 -0.9277 -0.3699
vn 0.8699 -0.3976 -0.2918
vn -0.6440 -0.5221 -0.5591
vn -0.6812 -0.4143 -0.6036
vn 0.4664 0.0385 -0.8837
vn 0.4598 0.1729 -0.8710
vn -0.0845 0.0017 0.9964
vn -0.1181 0.0005 0.9930
vn 0.3076 0.3456 -0.8865
vn 0.7074 0.3223 -0.6290
vn 0.3368 0.3800 -0.8615
vn 0.1131 0.6493 -0.7521
vn 0.1203 0.2222 -0.9675
vn 0.6452 0.4946 -0.5823
vn 0.3455 0.8675 -0.3579
vn -0.7078 0.7048 0.0470
vn -0.7504 0.6095 -0.2558
vn 0.3529 0.9261 -0.1335
vn -0.4738 -0.5578 0.6815
vn -0.8973 -0.4195 0.1375
vn -0.4272 -0.5565 0.7126
vn -0.0275 -0.9546 -0.2965
vn 0.0010 -0.9709 -0.2396
vn -0.6713 -0.7098 -0.2134
vn 0.1313 -0.8691 0.4769
vn 0.1612 -0.9660 0.2020
vn 0.0650 -0.9968 -0.0476
vn -0.7034 0.3690 -0.6075
vn -0.8064 0.3313 -0.4898
vn -0.7839 0.3403 -0.5194
vn -0.3052 0.7202 0.6230
vn -0.0927 0.9407 0.3262
vn -0.5932 0.1139 0.7970
vn 0.9465 -0.1441 0.2887
vn 0.8096 0.3340 0.4826
vn -0.6238 -0.5942 0.5078
vn -0.8587 -0.1614 -0.4864
vn -0.8788 -0.0108 -0.4770
vn -0.6154 0.0578 -0.7861
vn -0.5461 -0.0953 -0.8322
vn 0.6806 0.4072 -0.6091
vn 0.9836 0.1798 -0.0156
vn 0.9853 0.1572 0.0675
vn 0.9987 -0.0234 0.0452
vn 0.7343 0.2843 -0.6164
vn -0.5356 -0.7244 -0.4340
vn -0.0230 -0.8622 0.5060
vn -0.7535 -0.5432 0.3705
vn 0.6998 0.3598 0.6171
vn 0.8498 0.5196 0.0886
vn 0.6000 0.3941 0.6962
vn 0.5935 0.2834 0.7533
vn 0.9966 -0.0626 0.0527
vn 0.7674 -0.4291 -0.4764
vn -0.1034 -0.7245 -0.6814
vn 0.6632 -0.7470 -0.0465
vn -0.1502 -0.7814 -0.6056
vn 0.8780 -0.2036 0.4332
vn 0.7093 -0.2520 0.6584
vn 0.5227 -0.8313 0.1891
vn 0.6508 0.0746 0.7556
vn 0.8352 -0.0037 -0.5499
vn 0.8143 -0.1610 -0.5576
vn 0.2891 0.2742 0.9172
vn -0.2864 0.2389 0.9279
vn 0.6594 0.5161 -0.5467
vn -0.2128 -0.4482 -0.8682
vn -0.1909 -0.2837 -0.9397
vn -0.1739 -0.8139 -0.5544
vn 0.3115 -0.8969 0.3140
vn -0.3052 -0.7977 -0.5202
vn 0.5531 -0.2864 0.7823
vn 0.2519 -0.2846 0.9250
vn -0.1964 -0.2283 0.9536
vn -0.1965 0.1758 -0.9646
vn -0.1782 -0.0616 -0.9821
vn -0.7369 -0.5086 -0.4453
vn -0.8362 -0.4190 -0.3539
vn -0.9333 0.1874 0.3062
vn -0.7929 0.0526 -0.6071
vn -0.6917 0.0206 -0.7219
vn -0.7174 0.0381 -0.6956
vn -0.6867 0.0226 -0.7266
vn -0.6144 0.0164 -0.7888
vn -0.9176 -0.2148 -0.3346
vn -0.9597 0.0799 -0.2694
vn -0.9866 0.1405 0.0825
vn -0.9701 0.1237 -0.2086
vn -0.8239 0.0766 -0.5615
vn 0.1575 -0.9486 -0.2747
vn 0.0924 -0.9663 -0.2402
vn 0.1541 -0.9288 -0.3371
vn 0.0293 -0.9727 -0.2302
vn 0.1318 -0.9447 -0.3004
vn -0.1075 -0.9206 -0.3753
vn 0.0216 -0.8687 -0.4949
vn 0.0574 -0.8739 -0.4828
vn 0.1484 -0.9436 -0.2961
vn 0.0776 -0.9629 -0.2586
vn 0.2707 -0.9535 -0.1328
vn 0.1906 -0.9804 -0.0495
vn -0.1969 -0.9781 -0.0675
vn -0.1979 -0.9587 -0.2045
vn 0.1159 -0.9581 -0.2619
vn 0.2982 -0.9441 -0.1409
vn 0.0788 -0.8917 -0.4458
vn 0.1912 -0.8828 -0.4291
vn -0.0224 -0.9851 -0.1706
vn -0.0004 -0.9995 0.0305
vn -0.1686 -0.9850 0.0375
vn -0.1514 -0.9876 -0.0426
vn -0.4752 -0.8367 0.2720
vn -0.5431 -0.8391 0.0321
vn 0.5156 -0.7908 0.3297
vn 0.2671 -0.8392 0.4737
vn 0.6658 -0.7189 0.2000
vn -0.3515 -0.5059 0.7877
vn -0.5973 -0.5634 0.5708
vn -0.0890 -0.4820 0.8716
vn 0.2184 -0.4618 0.8597
vn 0.1846 -0.2028 0.9617
vn -0.0629 -0.2294 0.9713
vn 0.5797 -0.3923 0.7142
vn 0.5612 -0.1508 0.8138
vn 0.8892 -0.2670 0.3716
vn 0.8944 -0.0503 0.4444
vn 0.8711 0.1099 0.4786
vn 0.5379 0.0193 0.8428
vn 0.9991 0.0401 0.0137
vn 0.9807 0.1894 0.0486
vn 0.9014 0.1244 -0.4147
vn 0.8846 0.2607 -0.3868
vn -0.4982 0.1916 -0.8456
vn -0.5193 0.2156 -0.8269
vn -0.2305 0.2435 -0.9421
vn -0.1710 0.1657 -0.9712
vn 0.7052 0.1205 -0.6987
vn 0.6681 0.1990 -0.7169
vn 0.6426 0.2360 -0.7290
vn 0.8494 0.2648 -0.4564
vn 0.8695 0.2055 -0.4491
vn 0.9023 0.0881 -0.4221
vn 0.2465 0.2488 -0.9367
vn 0.2819 0.2228 -0.9332
vn 0.3313 0.1421 -0.9327
vn -0.3305 0.0405 -0.9429
vn -0.7155 -0.1225 -0.6878
vn 0.1904 0.1726 -0.9664
vn -0.0503 0.0802 -0.9955
vn 0.5667 0.1950 -0.8005
vn 0.5614 0.3019 -0.7705
vn 0.8931 -0.0356 -0.4484
vn 0.5854 0.0446 -0.8095
vn 0.9882 -0.1468 -0.0447
vn 0.7573 -0.6294 0.1742
vn 0.8358 -0.5339 -0.1280
vn 0.5175 -0.7528 0.4069
vn -0.5049 -0.7966 -0.3325
vn -0.5283 -0.8343 -0.1576
vn -0.8001 -0.5960 -0.0677
vn -0.7546 -0.5533 -0.3528
vn -0.7690 -0.5953 0.2330
vn -0.5583 -0.4030 0.7251
vn -0.8133 -0.4607 0.3554
vn -0.2688 -0.2880 0.9191
vn -0.0570 -0.0819 0.9950
vn -0.2217 -0.1558 0.9626
vn 0.1582 -0.0435 0.9864
vn -0.5881 0.1629 0.7922
vn -0.5878 0.1243 0.7994
vn -0.5819 0.0297 0.8127
vn -0.8777 0.2057 0.4329
vn -0.9753 0.2179 0.0371
vn -0.9913 0.1232 0.0454
vn -0.8801 0.0613 0.4707
vn -0.8791 0.1667 0.4466
vn 0.8632 0.0682 0.5002
vn 0.8382 0.2491 0.4851
vn 0.8279 0.2843 0.4835
vn -0.9147 0.0598 0.3998
vn -0.9186 -0.0178 0.3948
vn -0.8885 -0.2079 0.4091
vn -0.9546 -0.2976 0.0145
vn -0.8496 -0.3461 0.3981
vn -0.9178 -0.2263 -0.3262
vn -0.6798 -0.2578 -0.6866
vn -0.8562 -0.3820 -0.3480
vn -0.3522 -0.0753 -0.9329
vn -0.1202 -0.1370 -0.9833
vn -0.3848 -0.3085 -0.8699
vn 0.1519 0.0043 -0.9884
vn 0.5004 -0.3985 -0.7686
vn 0.7713 -0.4439 -0.4560
vn -0.0924 -0.5519 -0.8288
vn 0.1265 -0.6059 -0.7854
vn -0.3244 -0.5056 -0.7995
vn -0.4317 -0.7348 -0.5231
vn -0.6264 -0.4526 -0.6347
vn -0.8968 -0.4424 -0.0043
vn -0.5344 -0.2896 0.7941
vn 0.0956 0.0264 0.9951
vn 0.0510 -0.9884 -0.1433
vn 0.0269 -0.9994 -0.0221
vn -0.4228 -0.8999 0.1063
vn -0.4894 -0.8535 -0.1788
vn 0.3700 0.0458 0.9279
vn 0.7612 0.1136 0.6385
vn 0.8123 0.2199 0.5402
vn 0.6095 -0.7644 0.2104
vn 0.7733 -0.3369 0.5370
vn -0.1786 0.1245 0.9760
vn -0.3217 0.2955 0.8996
vn 0.9293 0.3376 -0.1495
vn 0.7990 0.5105 -0.3180
vn 0.9270 0.3750 -0.0034
vn -0.1755 -0.2336 0.9564
vn -0.2562 -0.2860 0.9234
vn -0.3719 -0.3793 0.8473
vn -0.2280 -0.3007 0.9261
vn -0.5083 -0.4544 0.7316
vn -0.2686 -0.2416 0.9325
vn -0.5189 -0.4490 0.7274
vn -0.0055 0.1477 -0.9890
vn 0.1158 0.1997 -0.9730
vn -0.2477 0.0699 -0.9663
vn -0.3559 0.1087 -0.9282
vn 0.4145 0.0450 0.9089
vn 0.5336 0.2204 0.8165
vn 0.5147 0.1539 0.8434
vn 0.3776 0.0600 0.9240
vn 0.9845 0.1390 -0.1066
vn 0.9522 0.2315 0.1995
vn 0.9570 0.0664 0.2823
vn 0.6966 -0.0291 0.7169
vn -0.2631 -0.5727 0.7764
vn -0.4087 -0.6036 0.6846
vn -0.1830 -0.9301 0.3185
vn -0.3028 -0.9028 0.3055
vn -0.3737 -0.8424 -0.3882
vn -0.3832 -0.3332 -0.8615
vn 0.0270 -0.0334 -0.9991
vn 0.3971 -0.8214 -0.4094
vn 0.6221 -0.7809 -0.0565
vn 0.5343 -0.8050 -0.2579
vn 0.9035 -0.2366 -0.3574
vn 0.9572 -0.2871 -0.0366
vn 0.4277 -0.8027 -0.4156
vn 0.7090 -0.2128 -0.6723
vn 0.2397 -0.8053 -0.5422
vn 0.3131 -0.2648 -0.9121
vn 0.0970 -0.8790 -0.4668
vn -0.0583 -0.3901 -0.9189
vn -0.0246 -0.8934 -0.4487
vn -0.3055 -0.5723 -0.7610
vn -0.4587 -0.7572 -0.4651
vn 0.0058 -0.9701 -0.2427
vn -0.7724 -0.6117 -0.1711
vn -0.6750 -0.4570 -0.5793
vn -0.7288 -0.6491 0.2182
vn -0.5700 -0.6340 0.5226
vn -0.5791 -0.4826 0.6571
vn -0.8254 -0.4973 0.2673
vn -0.2895 0.0888 -0.9531
vn -0.2292 0.0836 -0.9698
vn 0.0028 -0.0446 -0.9990
vn -0.3018 -0.0064 -0.9533
vn 0.2118 0.1288 -0.9688
vn -0.9133 -0.2724 0.3027
vn -0.9912 -0.0852 -0.1016
vn -0.6152 -0.2937 0.7316
vn -0.6441 -0.1238 0.7549
vn -0.9465 -0.0778 0.3133
vn -0.3114 -0.1028 0.9447
vn -0.3122 -0.0162 0.9499
vn -0.0981 0.1000 0.9901
vn -0.9916 0.0929 -0.0898
vn -0.7718 0.3426 -0.5356
vn -0.8086 0.2013 -0.5529
vn -0.5728 0.4542 -0.6824
vn -0.5899 0.3174 -0.7425
vn -0.5266 0.1055 -0.8436
vn -0.5398 0.2723 -0.7965
vn 0.9990 -0.0287 0.0341
vn 0.7178 -0.1426 -0.6815
vn 0.6858 0.1671 -0.7084
vn 0.9887 0.1415 -0.0504
vn 0.7576 -0.6212 -0.2003
vn -0.7678 -0.6375 -0.0647
vn -0.2762 -0.9416 0.1927
vn -0.5136 -0.4870 0.7064
vn 0.2161 0.0202 -0.9762
vn 0.1148 -0.4501 -0.8856
vn -0.2457 -0.3650 -0.8980
vn 0.7885 -0.1955 0.5832
vn 0.9357 -0.1550 0.3170
vn 0.5483 -0.0852 0.8320
vn 0.1116 -0.3289 0.9377
vn 0.4586 -0.6707 0.5830
vn 0.4737 -0.0248 0.8803
vn -0.1045 -0.1571 0.9820
vn 0.4132 0.0324 0.9101
vn 0.9654 0.2419 -0.0971
vn 0.6205 0.2966 -0.7260
vn -0.0088 -0.8217 -0.5698
vn 0.6790 -0.7250 0.1157
vn -0.1245 -0.9607 -0.2481
vn -0.7233 -0.3095 0.6173
vn -0.2092 -0.1013 0.9726
vn -0.7747 -0.1997 0.5999
vn 0.3398 0.1688 0.9252
vn -0.2795 0.0189 0.9600
vn 0.6815 0.2885 0.6725
vn 0.8482 0.4131 0.3315
vn 0.9102 0.3992 -0.1107
vn 0.8491 0.5260 -0.0485
vn 0.1468 0.1521 -0.9774
vn -0.2750 -0.1538 -0.9491
vn -0.2814 0.1066 -0.9536
vn -0.6249 -0.4588 -0.6317
vn -0.7326 -0.1758 -0.6576
vn -0.4450 -0.6638 -0.6011
vn -0.5861 -0.7199 -0.3717
vn -0.7762 -0.5245 -0.3499
vn -0.8822 -0.4708 -0.0071
vn -0.9587 -0.2743 0.0754
vn -0.9035 -0.2799 -0.3247
vn -0.7942 -0.0713 0.6035
vn -0.3550 0.1522 0.9224
vn -0.8141 0.0293 0.5799
vn 0.2565 0.3205 0.9119
vn 0.5908 0.4499 0.6697
vn 0.7610 0.5654 0.3183
vn 0.7905 0.5956 0.1424
vn -0.5564 0.3671 -0.7455
vn -0.5737 0.2227 -0.7882
vn -0.8832 0.2482 -0.3980
vn -0.8143 0.3752 -0.4428
vn -0.6535 0.3934 -0.6467
vn -0.5415 0.4088 -0.7346
vn -0.2853 0.3285 -0.9004
vn -0.7855 0.0757 -0.6142
vn -0.9597 -0.0500 -0.2765
vn -0.9855 -0.0833 0.1475
vn -0.9842 0.0295 0.1744
vn -0.2782 0.4155 -0.8660
vn -0.7938 0.1899 -0.5778
vn -0.9671 0.0738 -0.2436
vn 0.0586 -0.9521 -0.3001
vn 0.0691 -0.8847 -0.4610
vn 0.0280 -0.8686 -0.4947
vn -0.7908 0.0601 0.6091
vn -0.8791 -0.1627 0.4479
vn 0.9102 0.4072 -0.0751
vn 0.8367 0.5429 -0.0721
vn 0.7445 0.4522 -0.4911
vn 0.9767 0.1844 -0.1098
vn 0.7958 0.2776 -0.5381
vn 0.4526 0.4131 -0.7902
vn 0.4643 0.2906 -0.8367
vn 0.1600 0.1921 -0.9683
vn 0.1771 0.3318 -0.9266
vn 0.4651 0.1048 -0.8790
vn 0.0966 -0.0121 -0.9952
vn -0.1532 -0.1928 -0.9692
vn -0.0752 0.0430 -0.9962
vn -0.4016 -0.4230 -0.8123
vn -0.3756 -0.2150 -0.9015
vn -0.1321 -0.5290 -0.8383
vn -0.2634 -0.6750 -0.6892
vn -0.6097 -0.5950 -0.5238
vn -0.3580 -0.8155 -0.4548
vn -0.4105 -0.8970 -0.1637
vn 0.0316 -0.9984 -0.0476
vn 0.3372 -0.5755 0.7450
vn 0.0710 -0.6922 0.7182
vn 0.1348 -0.9828 0.1258
vn 0.6373 -0.5739 0.5142
vn 0.8316 -0.5142 0.2096
vn 0.8707 -0.4573 -0.1809
vn 0.9270 0.2022 -0.3160
vn 0.8973 0.0373 -0.4398
vn 0.7053 -0.3780 -0.5998
vn 0.8249 0.0821 -0.5593
vn 0.9890 -0.0036 -0.1479
vn 0.3418 -0.3562 -0.8696
vn 0.0832 -0.8398 -0.5365
vn 0.0263 -0.4284 -0.9032
vn -0.0118 -0.8651 -0.5015
vn -0.0192 -0.4264 0.9044
vn 0.0581 -0.3161 0.9469
vn 0.0966 -0.2430 0.9652
vn 0.0807 -0.0604 0.9949
vn -0.6686 -0.2127 0.7126
vn -0.5778 -0.2847 0.7650
vn -0.5276 -0.2727 0.8046
vn -0.5118 -0.3251 0.7952
vn 0.9508 0.0925 0.2955
vn 0.9645 -0.0908 0.2481
vn 0.7151 0.0056 0.6990
vn 0.2808 -0.0808 0.9564
vn -0.0357 -0.0140 0.9993
vn -0.0027 -0.1174 0.9931
vn 0.3355 -0.2368 0.9118
vn 0.0047 -0.2907 0.9568
vn 0.7562 -0.1665 0.6328
vn -0.2807 -0.3697 0.8858
vn -0.9951 0.0583 0.0793
vn -0.8676 0.1521 -0.4734
vn -0.6570 -0.4564 -0.6000
vn 0.3380 -0.8416 0.4212
vn -0.3097 -0.9508 -0.0049
vn 0.3267 -0.8856 -0.3301
vn 0.5591 0.4139 0.7183
vn -0.8592 -0.5117 0.0052
vn -0.5839 -0.6574 0.4764
vn -0.7089 -0.3796 0.5944
vn -0.9780 -0.2086 0.0061
vn -0.7840 -0.5832 -0.2128
vn -0.5572 -0.7743 0.3001
vn -0.9083 -0.1369 -0.3953
vn -0.6159 0.1459 -0.7742
vn -0.6069 -0.0233 -0.7944
vn -0.7956 -0.1955 0.5734
vn -0.9977 -0.0479 0.0489
vn 0.7231 0.2159 -0.6561
vn 0.9997 0.0017 -0.0237
vn 0.7202 -0.5860 0.3714
vn -0.5879 0.2712 -0.7621
vn -0.9421 0.0414 -0.3329
vn 0.5949 0.7940 0.1251
vn 0.3952 -0.1420 0.9075
vn 0.9506 0.1659 0.2624
vn 0.3060 0.6640 0.6822
vn -0.5200 0.8421 0.1433
vn -0.4118 0.9040 0.1148
vn -0.3322 0.9317 0.1466
vn -0.1545 0.9736 0.1682
vn -0.2349 0.9695 0.0699
vn -0.3760 0.9196 0.1139
vn -0.8538 0.5093 -0.1080
vn -0.2844 0.0411 0.9578
vn 0.1784 0.4117 0.8937
vn 0.2720 -0.2060 0.9400
vn 0.1169 -0.9785 -0.1698
vn 0.9918 -0.0865 0.0943
vn 0.9793 -0.1034 0.1740
vn 0.9634 -0.0637 0.2606
vn 0.6581 -0.3792 0.6505
vn 0.1423 -0.4875 0.8614
vn -0.5160 -0.5091 0.6888
vn -0.9835 -0.1802 -0.0166
vn 0.8098 -0.4056 -0.4238
vn 0.5927 0.7697 0.2370
vn 0.6575 0.7107 -0.2502
vn 0.2065 0.9779 0.0337
vn -0.2408 0.8590 -0.4518
vn 0.1300 0.4850 -0.8648
vn -0.4626 -0.0115 -0.8865
vn -0.4933 0.3654 -0.7894
vn 0.1983 -0.3142 0.9284
vn -0.4755 -0.6616 0.5798
vn 0.0563 -0.5221 0.8510
vn 0.2735 -0.3885 0.8799
vn 0.8750 0.2844 -0.3917
vn 0.7620 0.2079 -0.6132
vn 0.7685 0.3759 -0.5178
vn 0.8335 0.3875 -0.3939
vn 0.9463 0.2788 -0.1636
vn 0.9807 0.1375 -0.1392
vn -0.8778 -0.4668 -0.1073
vn -0.7732 -0.2330 -0.5898
vn -0.7723 -0.6189 -0.1431
vn -0.9987 -0.0508 0.0032
vn -0.8352 0.2249 -0.5019
vn -0.0281 0.9755 -0.2184
vn -0.6518 -0.0789 0.7543
vn -0.5511 -0.5327 0.6423
vn 0.2208 -0.0311 0.9748
vn 0.0910 0.4742 0.8757
vn 0.1909 -0.2306 0.9541
vn 0.6717 0.1215 0.7308
vn 0.6666 0.2602 0.6985
vn 0.7024 0.0037 0.7117
vn 0.9365 0.2450 0.2509
vn 0.9014 0.3105 0.3016
vn 0.8620 0.4036 0.3066
vn 0.9684 0.2473 0.0318
vn 0.7911 0.5412 0.2851
vn 0.6260 0.4558 0.6328
vn 0.3632 0.7901 0.4938
vn 0.4346 0.6823 -0.5879
vn -0.7383 -0.6582 -0.1471
vn -0.7725 -0.6311 -0.0700
vn -0.7644 -0.6032 0.2275
vn 0.5428 0.7931 0.2762
vn -0.1386 0.9727 0.1862
vn 0.3876 0.7346 0.5569
vn 0.4074 0.5841 -0.7020
vn 0.2926 0.8440 -0.4495
vn 0.3887 0.9181 -0.0778
vn 0.7622 0.5682 -0.3101
vn -0.5298 0.8105 0.2497
vn -0.3095 0.9163 0.2542
vn -0.8544 -0.2400 0.4608
vn -0.9180 -0.2735 0.2872
vn -0.9437 -0.0382 -0.3286
vn 0.6924 0.1950 -0.6946
vn 0.7540 0.2844 -0.5922
vn 0.8637 0.1827 -0.4697
vn -0.9952 -0.0823 -0.0537
vn -0.4682 -0.5022 0.7270
vn 0.0383 -0.5525 0.8326
vn 0.2109 -0.5611 0.8004
vn 0.3382 -0.4545 0.8240
vn -0.2103 -0.0281 -0.9772
vn -0.4358 0.0201 -0.8998
vn -0.4304 0.1217 -0.8944
vn -0.1017 0.0096 -0.9948
vn -0.6749 0.0113 -0.7379
vn -0.6946 0.0652 -0.7164
vn -0.7930 0.2625 -0.5498
vn -0.4909 0.3804 -0.7838
vn -0.9781 0.0376 -0.2047
vn -0.9720 0.2294 -0.0499
vn -0.9898 0.0364 0.1378
vn -0.8088 0.3022 0.5045
vn -0.2192 0.0267 0.9753
vn 0.4069 -0.3291 0.8521
vn 0.3894 -0.1129 0.9141
vn 0.7769 -0.2517 0.5771
vn 0.7750 0.0374 0.6308
vn 0.7572 -0.3625 0.5434
vn 0.9775 -0.1383 0.1592
vn 0.9622 0.1512 0.2265
vn 0.9632 -0.2474 0.1049
vn 0.9847 -0.1023 -0.1413
vn 0.9745 0.2139 -0.0683
vn 0.9592 -0.2181 -0.1799
vn 0.8893 -0.0960 -0.4472
vn 0.8701 0.2914 -0.3975
vn 0.8558 -0.2355 -0.4606
vn 0.5590 -0.0620 -0.8269
vn 0.5257 0.3531 -0.7739
vn 0.5152 -0.2049 -0.8322
vn -0.1259 0.2962 -0.9468
vn -0.2237 0.4551 -0.8619
vn -0.5368 0.7505 -0.3855
vn -0.8017 0.5716 -0.1746
vn -0.7839 0.6029 0.1486
vn -0.4911 0.5028 0.7113
vn 0.2939 0.1589 0.9425
vn 0.0036 0.6405 0.7679
vn 0.6794 0.3411 0.6496
vn 0.8455 0.4545 0.2803
vn 0.8551 0.5184 -0.0052
vn -0.2882 0.8184 -0.4972
vn 0.2872 0.9571 -0.0374
vn 0.1293 0.9916 0.0008
vn -0.0250 0.9994 0.0228
vn -0.0547 0.9878 0.1458
vn 0.1017 0.9936 0.0495
vn 0.1649 0.9862 -0.0143
vn 0.4887 0.8676 0.0919
vn -0.2822 -0.2986 -0.9117
vn -0.2787 -0.3783 -0.8827
vn -0.2511 -0.1968 -0.9477
vn 0.3165 -0.0629 -0.9465
vn -0.1778 -0.4013 -0.8986
vn -0.6735 -0.2431 -0.6981
vn -0.0611 -0.2976 -0.9527
vn -0.5908 -0.2714 -0.7598
vn -0.4398 -0.4859 0.7553
vn -0.7754 0.0922 0.6247
vn 0.8719 0.4896 0.0100
vn 0.7278 0.5712 -0.3795
vn 0.2328 0.9675 0.0988
vn 0.6802 0.5189 0.5178
vn 0.0551 0.9579 -0.2818
vn 0.3553 0.5471 -0.7579
vn -0.3815 0.3992 -0.8338
vn -0.3454 0.9342 -0.0887
vn 0.8071 -0.3294 0.4901
vn 0.9914 -0.1304 -0.0102
vn 0.9948 0.1013 0.0105
vn 0.8508 -0.0625 0.5217
vn 0.8453 -0.0121 -0.5342
vn 0.8525 0.2081 -0.4795
vn 0.4275 0.1935 -0.8831
vn -0.2618 0.0472 -0.9640
vn -0.7509 -0.0894 -0.6544
vn -0.6090 -0.6082 0.5091
vn -0.4621 -0.6020 0.6511
vn 0.2310 -0.5388 0.8101
vn 0.1645 -0.3422 0.9251
vn 0.5282 -0.4496 0.7203
vn 0.5446 -0.2164 0.8103
vn 0.3333 0.3945 0.8563
vn -0.0979 0.9139 0.3940
vn -0.8662 0.2696 -0.4207
vn -0.5161 0.7632 0.3888
vn -0.1615 0.2807 0.9461
vn -0.6030 0.7957 0.0563
vn -0.2088 0.7385 0.6411
vn -0.5689 0.8224 -0.0029
vn -0.6397 0.6025 0.4774
vn 0.4123 0.2741 -0.8688
vn 0.4261 0.1415 -0.8935
vn -0.1058 0.2108 -0.9718
vn -0.1306 0.3023 -0.9442
vn -0.6502 0.1461 -0.7456
vn -0.1234 0.0525 -0.9910
vn -0.6399 -0.0446 -0.7672
vn -0.9214 -0.1868 -0.3408
vn -0.6003 -0.2153 -0.7703
vn -0.8563 -0.3550 -0.3752
vn -0.8251 -0.5429 0.1566
vn -0.8974 -0.3829 0.2193
vn -0.3764 -0.1374 -0.9162
vn 0.4532 0.0268 -0.8910
vn 0.9038 0.1999 -0.3783
vn 0.9186 0.0096 -0.3951
vn 0.4873 0.8731 0.0168
vn 0.8410 0.4391 -0.3160
vn 0.2909 0.5558 -0.7787
vn -0.1527 0.5823 -0.7985
vn -0.6338 0.2312 -0.7381
vn -0.4007 -0.6131 0.6808
vn -0.4400 -0.5087 0.7400
vn 0.9150 -0.1124 -0.3875
vn 0.9331 -0.1342 0.3337
vn 0.9002 -0.2802 0.3333
vn 0.9457 0.0986 0.3096
vn 0.6721 -0.0564 0.7383
vn 0.8395 0.4406 0.3179
vn 0.3038 0.8545 0.4215
vn 0.6766 0.3452 0.6504
vn -0.1012 0.9691 -0.2248
vn -0.3449 0.9231 -0.1703
vn -0.5678 0.4588 -0.6834
vn 0.2856 -0.4406 0.8510
vn 0.4080 -0.4551 0.7915
vn 0.3893 -0.4280 0.8156
vn 0.3323 -0.3176 0.8881
vn -0.1193 -0.3553 0.9271
vn 0.0059 -0.4703 0.8825
vn 0.2556 -0.2076 0.9442
vn 0.3326 0.1945 0.9228
vn 0.0716 0.8385 0.5402
vn -0.6422 0.7209 0.2604
vn -0.4046 0.8976 0.1748
vn -0.7635 0.6229 -0.1705
vn -0.9582 0.2651 0.1080
vn -0.2816 0.5260 0.8025
vn 0.3848 0.9005 0.2024
vn -0.1079 0.8042 -0.5845
vn -0.6195 0.7126 -0.3293
vn -0.2754 0.9611 -0.0202
vn -0.7671 0.2170 -0.6037
vn -0.7406 0.1063 -0.6635
vn -0.7685 0.2694 -0.5804
vn -0.2004 0.3015 -0.9322
vn -0.7514 0.4176 -0.5109
vn -0.9135 0.3086 -0.2651
vn -0.9628 -0.0325 0.2681
vn 0.1956 0.7347 0.6496
vn 0.5337 0.2485 0.8083
vn 0.5844 -0.0533 0.8097
vn -0.6864 -0.0310 -0.7266
vn -0.7794 0.1183 -0.6153
vn -0.9784 -0.2042 0.0333
vn -0.9864 -0.1240 0.1080
vn -0.9881 0.0104 0.1533
vn -0.6293 0.3796 -0.6782
vn -0.7290 0.2232 -0.6471
vn -0.3139 0.4296 -0.8467
vn 0.5395 0.2625 -0.8000
vn 0.8369 0.5213 -0.1668
vn 0.7905 0.4531 0.4122
vn 0.8649 0.1078 0.4902
vn 0.5467 -0.2207 0.8077
vn 0.8673 -0.0874 0.4901
vn -0.4946 -0.4684 0.7321
vn -0.9483 -0.1373 -0.2862
vn -0.7973 -0.4386 0.4146
vn -0.4762 -0.5272 0.7038
vn -0.1648 -0.5241 0.8356
vn 0.4380 -0.4447 0.7813
vn 0.4823 -0.3634 0.7971
vn 0.8135 -0.3466 0.4669
vn 0.8425 -0.2529 0.4757
vn 0.9722 0.2224 -0.0736
vn 0.8819 0.1286 0.4535
vn 0.9195 0.2822 -0.2737
vn 0.6817 0.5972 0.4227
vn 0.0408 0.9487 0.3136
vn 0.2014 0.9712 -0.1274
vn -0.4566 0.7549 -0.4709
vn -0.5504 0.7947 -0.2558
vn -0.7515 0.6519 -0.1009
vn 0.0595 -0.6069 0.7925
vn 0.1695 -0.4115 0.8955
vn 0.0186 -0.6677 0.7442
vn -0.7219 -0.5210 0.4555
vn 0.5636 -0.5818 0.5864
vn 0.5958 -0.4796 0.6442
vn -0.5534 0.4883 -0.6748
vn 0.1618 0.4923 -0.8552
vn 0.3032 0.3703 -0.8780
vn 0.4959 0.5424 0.6781
vn -0.4496 0.6359 0.6273
vn 0.2259 0.4078 0.8847
vn 0.3004 -0.0640 0.9517
vn 0.6541 0.0668 0.7534
vn 0.2531 -0.2380 0.9377
vn 0.6618 -0.0930 0.7439
vn 0.9303 0.0080 0.3667
vn 0.6461 -0.2504 0.7210
vn 0.9523 -0.1008 0.2879
vn 0.9180 0.0661 -0.3911
vn 0.9348 0.1498 -0.3220
vn 0.9432 -0.2827 0.1748
vn 0.8751 -0.0519 -0.4812
vn 0.3787 0.1515 -0.9130
vn 0.3880 0.2847 -0.8766
vn 0.8491 -0.1204 -0.5144
vn 0.3752 0.0428 -0.9260
vn 0.0196 0.5055 -0.8626
vn -0.0558 0.3848 -0.9213
vn -0.0273 0.4631 -0.8859
vn -0.4342 0.2506 -0.8653
vn 0.9230 -0.3697 0.1066
vn -0.7351 -0.1631 0.6581
vn 0.7565 0.2813 0.5903
vn 0.5333 0.3769 0.7573
vn 0.5770 0.0407 0.8157
vn 0.8490 0.1044 0.5179
vn 0.3541 -0.3306 -0.8748
vn 0.8537 0.0772 -0.5150
vn 0.5597 0.0686 -0.8259
vn -0.8781 0.3265 -0.3497
vn -0.7385 0.4005 0.5424
vn 0.9592 -0.0039 0.2829
vn 0.9670 -0.0644 0.2465
vn 0.9509 -0.0866 0.2971
vn 0.9097 -0.0064 0.4153
vn 0.3185 -0.2333 -0.9188
vn 0.6431 -0.0790 0.7617
vn 0.8996 0.3578 -0.2503
vn -0.0616 -0.2018 0.9775
vn 0.2779 -0.0694 0.9581
vn 0.4178 -0.1291 0.8993
vn 0.4182 0.0220 0.9081
vn 0.3642 0.3886 0.8464
vn -0.0466 0.9790 0.1983
vn 0.2483 0.9611 0.1213
vn -0.3466 0.8824 0.3183
vn 0.2146 0.2794 0.9359
vn -0.6069 0.5667 -0.5573
vn -0.4528 0.6552 -0.6047
vn -0.3003 0.7041 -0.6435
vn 0.7048 0.7069 -0.0594
vn 0.1185 0.6965 -0.7077
vn -0.0414 0.0436 0.9982
vn -0.8507 -0.4175 -0.3193
vn -0.6437 -0.3829 -0.6626
vn 0.3767 -0.9123 -0.1608
vn 0.7494 -0.6621 -0.0021
vn 0.7298 0.5071 -0.4584
vn 0.9076 -0.3486 0.2342
vn 0.7693 -0.3459 0.5371
vn 0.5700 -0.3880 0.7242
vn 0.2927 -0.4512 0.8431
vn 0.5217 -0.1460 0.8406
vn 0.2956 -0.1870 0.9368
vn -0.1071 -0.2461 0.9633
vn -0.1006 -0.4893 0.8663
vn -0.5777 -0.2601 0.7737
vn -0.5459 -0.4716 0.6925
vn -0.5858 -0.0977 0.8046
vn -0.8819 -0.0759 0.4653
vn -0.8727 -0.2268 0.4325
vn -0.9894 -0.1449 0.0083
vn -0.9994 -0.0077 0.0345
vn 0.5576 0.4168 -0.7178
vn 0.3666 0.0316 -0.9298
vn -0.1178 0.0708 -0.9905
vn -0.4535 0.1147 -0.8838
vn -0.3938 0.0313 -0.9187
vn -0.9536 -0.2989 -0.0351
vn -0.8377 -0.4072 0.3639
vn -0.6371 -0.7439 0.2016
vn -0.4173 -0.7969 0.4369
vn -0.0788 -0.8379 0.5402
vn -0.6668 0.4509 -0.5934
vn 0.6554 -0.3521 -0.6682
vn 0.8256 -0.3641 -0.4311
vn 0.9239 -0.3537 -0.1460
vn 0.9776 -0.2056 -0.0453
vn 0.8954 -0.1958 0.3999
vn 0.6944 -0.1507 0.7036
vn 0.6365 -0.0335 0.7706
vn 0.4873 -0.0044 0.8732
vn 0.9676 0.2511 -0.0272
vn 0.9456 0.3249 -0.0164
vn 0.9981 0.0609 -0.0130
vn 0.9964 -0.0831 -0.0149
vn 0.9143 -0.0314 -0.4038
vn 0.7211 0.0071 -0.6928
vn 0.6999 -0.1601 -0.6961
vn 0.3721 -0.1079 -0.9219
vn -0.0640 -0.0342 -0.9974
vn 0.0527 -0.2461 -0.9678
vn -0.2701 -0.1585 -0.9497
vn -0.6495 -0.5627 -0.5114
vn -0.7420 -0.6600 -0.1174
vn 0.3521 -0.6230 -0.6985
vn 0.3992 -0.3063 -0.8642
vn 0.8949 -0.1870 -0.4051
vn 0.8732 -0.0891 0.4792
vn 0.6497 -0.6243 -0.4337
vn 0.7284 -0.6683 -0.1511
vn 0.2239 -0.0306 0.9741
vn 0.2945 -0.2159 0.9309
vn 0.2995 -0.2997 0.9058
vn 0.0551 -0.0175 0.9983
vn -0.5370 -0.0516 0.8420
vn -0.4149 -0.1230 0.9015
vn -0.1399 -0.9152 0.3779
vn -0.3002 -0.5530 0.7772
vn 0.5035 0.2617 0.8234
vn 0.5285 0.4663 0.7094
vn -0.9610 -0.0427 0.2734
vn -0.9129 0.0047 0.4082
vn -0.9851 0.1515 0.0813
vn 0.7977 -0.1439 0.5857
vn 0.8917 -0.1728 0.4184
vn 0.8969 -0.1642 0.4107
vn -0.4557 0.0572 -0.8883
vn -0.5693 0.0619 -0.8198
vn -0.2157 0.0763 -0.9735
vn -0.1241 0.1554 -0.9800
vn -0.9161 -0.2434 0.3185
vn -0.7068 -0.2683 0.6546
vn -0.7977 -0.1205 0.5909
vn -0.2762 -0.2248 0.9345
vn 0.7493 -0.3689 0.5500
vn 0.6264 -0.7673 0.1375
vn 0.8444 -0.3515 0.4043
vn 0.7108 -0.6990 0.0787
vn -0.7073 -0.6222 0.3355
vn -0.8128 -0.5819 0.0264
vn -0.7886 -0.5143 -0.3372
vn -0.5375 -0.4361 -0.7217
vn -0.1844 -0.4156 -0.8907
vn 0.1538 -0.4799 -0.8637
vn 0.4711 -0.5700 -0.6732
vn 0.4937 -0.2219 -0.8408
vn 0.7996 -0.2955 -0.5228
vn 0.9368 -0.3139 -0.1545
vn 0.9237 -0.3335 0.1884
vn 0.9306 -0.1788 0.3193
vn 0.9815 -0.1339 -0.1369
vn -0.6217 -0.0388 -0.7823
vn 0.8163 0.2786 -0.5060
vn 0.9864 0.1098 -0.1223
vn 0.9216 0.0155 0.3879
vn 0.9466 0.3031 -0.1103
vn 0.8925 0.1854 0.4111
vn 0.6560 0.1786 0.7333
vn 0.6851 0.0978 0.7219
vn 0.4512 0.2106 0.8672
vn 0.7559 0.4446 -0.4806
vn 0.3731 0.4391 -0.8173
vn 0.2974 0.5577 -0.7749
vn 0.0702 0.4503 -0.8901
vn 0.0301 0.5754 -0.8173
vn 0.0230 0.3858 -0.9223
vn -0.8458 -0.2915 0.4469
vn -0.9174 -0.1304 0.3761
vn -0.9363 -0.0643 -0.3454
vn -0.8704 -0.3689 -0.3261
vn -0.5765 -0.8112 0.0982
vn 0.8095 -0.4126 -0.4177
vn 0.8711 -0.2897 0.3966
vn 0.5712 -0.8208 0.0033
vn -0.6011 -0.0964 -0.7933
vn -0.0647 -0.3392 -0.9385
vn -0.3498 -0.5164 -0.7817
vn -0.6389 -0.3792 0.6693
vn -0.3891 -0.3632 0.8466
vn -0.1058 -0.1783 0.9783
vn 0.0240 -0.7327 0.6801
vn 0.3826 -0.2903 0.8771
vn 0.5431 -0.0648 0.8372
vn -0.0368 -0.0975 0.9946
vn 0.0130 -0.0247 0.9996
vn -0.9435 -0.0299 0.3301
vn -0.9214 0.0769 -0.3809
vn -0.0118 -0.8222 -0.5691
vn 0.2602 -0.9059 -0.3341
vn -0.3484 -0.8713 0.3456
vn 0.9687 -0.0684 0.2386
vn 0.9769 0.0499 0.2079
vn 0.6152 0.0162 0.7882
vn 0.6391 0.1498 0.7544
vn 0.0467 0.1271 0.9908
vn -0.3876 0.1361 0.9117
vn -0.7080 0.1912 0.6798
vn -0.8979 0.2768 0.3423
vn -0.9431 0.1351 0.3040
vn -0.5766 0.0490 -0.8155
vn -0.1826 0.1207 -0.9757
vn -0.1169 -0.1313 -0.9844
vn 0.4081 -0.0132 -0.9128
vn 0.4010 -0.3125 -0.8611
vn 0.3120 -0.5560 -0.7704
vn 0.6677 -0.3186 -0.6728
vn 0.5455 -0.5586 -0.6248
vn 0.8886 -0.2183 -0.4033
vn 0.7235 -0.0481 -0.6886
vn 0.9372 -0.0042 -0.3488
vn 0.9610 0.1788 0.2107
vn 0.9416 0.2800 0.1871
vn 0.6532 0.2961 0.6969
vn 0.0729 0.2944 0.9529
vn -0.3531 0.3152 0.8809
vn -0.6784 0.3601 0.6404
vn -0.7857 0.3710 0.4950
vn -0.2161 0.3383 -0.9159
vn 0.4053 0.2453 -0.8807
vn 0.7313 0.1908 -0.6548
vn 0.9399 0.1909 -0.2832
vn 0.9197 0.3012 -0.2520
vn -0.2310 0.4222 -0.8766
vn 0.3970 0.3597 -0.8444
vn 0.7185 0.3142 -0.6206
vn -0.2620 0.2658 0.9277
vn 0.0225 -0.0020 0.9997
vn 0.0234 -0.0772 0.9967
vn -0.4500 0.2318 0.8624
vn -0.1850 0.2037 0.9614
vn -0.0159 -0.0650 0.9978
vn -0.0438 -0.9137 -0.4040
vn -0.1212 -0.6087 -0.7841
vn -0.0351 -0.7446 -0.6666
vn -0.2542 -0.9105 -0.3261
vn 0.0371 -0.9097 -0.4137
vn -0.2627 -0.6606 -0.7033
vn -0.0140 -0.9709 -0.2390
vn 0.9211 0.0089 -0.3892
vn 0.9769 -0.1871 -0.1036
vn 0.2530 0.0995 -0.9623
vn 0.6164 0.1653 -0.7699
vn 0.1650 0.2946 -0.9413
vn -0.0365 -0.2381 0.9705
vn -0.6913 0.1918 0.6966
vn -0.7161 0.0224 0.6977
vn -0.7208 0.2897 0.6296
vn -0.9229 0.3265 0.2040
vn -0.9035 0.3905 0.1769
vn -0.9639 0.1930 0.1837
vn -0.8987 -0.1301 -0.4187
vn -0.9770 -0.2006 0.0721
vn -0.5351 -0.0165 -0.8446
vn -0.1367 0.2595 -0.9560
vn -0.1480 0.0009 -0.9890
vn 0.2400 -0.1957 -0.9508
vn 0.6790 0.0759 0.7302
vn -0.0686 -0.9616 -0.2658
vn 0.3542 -0.1702 0.9196
vn 0.3697 -0.1397 0.9186
vn 0.1599 -0.1834 0.9700
vn 0.8994 0.0769 0.4303
vn 0.8875 -0.0856 0.4527
vn -0.1260 0.3610 -0.9240
vn -0.1412 0.4376 -0.8880
vn 0.1876 0.3791 -0.9061
vn 0.5861 0.3431 -0.7340
vn -0.6705 0.6131 0.4178
vn -0.7463 -0.0842 0.6602
vn 0.0770 -0.1892 0.9789
vn -0.1551 0.5994 0.7853
vn 0.6311 0.1780 0.7550
vn 0.5528 0.7191 -0.4211
vn 0.1090 0.4007 0.9097
vn 0.2122 -0.2151 0.9533
vn 0.9086 0.0940 -0.4070
vn -0.7939 -0.3309 0.5101
vn -0.7407 -0.3438 0.5772
vn -0.6964 -0.3036 0.6502
vn -0.1940 -0.4944 0.8473
vn 0.3614 -0.4589 0.8117
vn 0.8656 -0.3313 0.3755
vn 0.8388 -0.3043 0.4515
vn 0.8900 0.0646 -0.4514
vn -0.6208 0.5967 0.5085
vn -0.4256 0.8878 0.1750
vn -0.8650 0.4936 0.0904
vn 0.0342 0.0593 -0.9977
vn -0.6035 0.3805 -0.7007
vn -0.2085 0.8636 -0.4591
vn 0.0013 0.4357 -0.9001
vn 0.2337 -0.3942 0.8888
vn 0.4459 -0.4665 0.7639
vn 0.4871 -0.0533 -0.8717
vn 0.4555 0.4088 -0.7908
vn 0.8823 0.2171 -0.4177
vn -0.3267 0.9329 -0.1516
vn 0.9025 0.1423 0.4065
vn 0.1606 0.4841 0.8601
vn -0.3563 0.1144 0.9273
vn -0.3103 -0.0184 0.9505
vn -0.3136 -0.1411 0.9390
vn -0.7396 0.0768 0.6687
vn -0.7737 0.0010 0.6335
vn -0.7280 0.1770 0.6623
vn -0.8937 -0.0184 0.4482
vn -0.4006 0.3095 0.8624
vn -0.7121 0.3268 0.6214
vn -0.3194 0.6928 0.6465
vn -0.8049 0.5056 -0.3106
vn 0.9196 -0.3634 -0.1490
vn -0.5673 0.6349 0.5245
vn -0.2995 0.6368 0.7105
vn -0.0609 0.9837 0.1689
vn -0.8028 0.4117 -0.4313
vn -0.9429 0.3252 0.0714
vn -0.6145 0.7752 0.1466
vn -0.6667 0.7073 -0.2348
vn 0.1310 0.9791 0.1557
vn 0.3487 0.9357 0.0533
vn 0.9986 0.0243 0.0462
vn 0.9902 -0.0015 -0.1398
vn 0.8442 -0.3153 0.4334
vn 0.4620 -0.4922 0.7378
vn 0.1718 -0.4782 0.8613
vn 0.3009 -0.5483 0.7803
vn -0.2184 -0.0293 -0.9754
vn -0.3300 -0.0229 -0.9437
vn -0.0325 0.1784 -0.9834
vn -0.0030 0.0818 -0.9966
vn 0.2864 0.2050 -0.9359
vn 0.2747 0.1468 -0.9502
vn -0.0026 0.4500 -0.8930
vn 0.3891 0.4309 -0.8142
vn 0.7623 0.4764 -0.4380
vn 0.9076 0.3067 -0.2868
vn 0.8329 0.5360 0.1373
vn 0.5910 0.1421 0.7941
vn 0.0740 -0.1579 0.9847
vn 0.0905 -0.3742 0.9229
vn -0.4193 -0.1329 0.8981
vn -0.3663 -0.4147 0.8330
vn -0.3339 -0.5180 0.7875
vn -0.7813 -0.0973 0.6166
vn -0.7456 -0.3838 0.5447
vn -0.7268 -0.4882 0.4830
vn -0.9318 -0.0578 0.3582
vn -0.8870 -0.3690 0.2775
vn -0.8502 -0.4759 0.2251
vn -0.9995 0.0249 0.0209
vn -0.9337 -0.3558 -0.0392
vn -0.8732 -0.4818 -0.0737
vn -0.8740 0.1537 -0.4610
vn -0.8145 -0.2577 -0.5197
vn -0.7407 -0.3839 -0.5513
vn -0.3653 0.2621 -0.8932
vn -0.2871 0.4460 -0.8477
vn 0.1052 0.8421 -0.5290
vn 0.4710 0.7531 -0.4594
vn 0.5824 0.7976 -0.1571
vn 0.5900 0.6568 0.4696
vn 0.1474 0.6610 0.7358
vn 0.0963 0.1308 0.9867
vn -0.4094 0.1859 0.8932
vn -0.7383 0.2288 0.6345
vn -0.8829 0.2706 0.3838
vn -0.1756 0.8345 -0.5223
vn -0.6171 0.7100 0.3393
vn -0.0566 -0.2665 -0.9622
vn -0.6537 -0.2011 -0.7296
vn -0.1257 -0.1789 -0.9758
vn -0.0262 -0.3423 -0.9392
vn -0.1143 -0.3922 -0.9127
vn 0.3580 -0.0960 -0.9288
vn 0.2677 -0.1490 -0.9519
vn -0.2658 -0.3268 -0.9069
vn 0.8271 -0.3053 0.4719
vn 0.9101 0.3323 0.2475
vn -0.8835 0.2394 0.4026
vn -0.5125 0.3488 0.7847
vn -0.4186 0.8746 0.2445
vn -0.9429 0.3331 -0.0059
vn -0.4207 0.8901 -0.1754
vn 0.0141 0.9855 -0.1691
vn -0.1235 0.4359 -0.8915
vn -0.7711 0.3866 -0.5060
vn -0.4085 -0.5025 0.7620
vn -0.5042 -0.2557 0.8249
vn -0.8866 -0.1668 0.4315
vn -0.8306 -0.3900 0.3976
vn -0.9963 -0.0553 -0.0658
vn -0.9542 -0.2686 -0.1316
vn -0.7919 0.0198 -0.6103
vn -0.1882 0.0577 -0.9804
vn 0.4024 0.0750 -0.9124
vn 0.8339 -0.4173 0.3612
vn 0.9037 -0.3926 0.1707
vn 0.2815 -0.5316 0.7988
vn 0.3350 -0.3179 0.8870
vn -0.0766 -0.3050 0.9493
vn -0.0380 -0.5302 0.8470
vn -0.0366 0.3418 0.9391
vn 0.0063 0.9288 0.3706
vn 0.5047 0.4650 -0.7273
vn 0.4075 0.8948 0.1822
vn 0.4610 0.3695 0.8069
vn 0.3352 0.9295 -0.1536
vn 0.5947 0.7783 0.2012
vn -0.7813 -0.0305 -0.6234
vn -0.7943 0.1021 -0.5989
vn 0.2468 0.0817 -0.9656
vn -0.3211 0.0244 -0.9467
vn 0.7074 0.0454 -0.7053
vn 0.6813 -0.1356 -0.7193
vn 0.2566 -0.0930 -0.9620
vn 0.9731 -0.1163 -0.1989
vn 0.9267 -0.2932 -0.2351
vn -0.0195 -0.0865 -0.9961
vn -0.7734 -0.1478 -0.6165
vn -0.9964 -0.0710 0.0465
vn -0.9656 -0.2589 0.0262
vn -0.6487 0.7112 0.2709
vn -0.7262 0.4109 -0.5512
vn -0.9795 0.1798 0.0909
vn 0.8269 -0.3281 0.4567
vn 0.7958 -0.4426 0.4133
vn -0.9268 -0.3748 0.0247
vn -0.5678 -0.4896 0.6618
vn -0.6352 -0.3578 0.6845
vn -0.7183 -0.1386 0.6818
vn -0.2599 -0.1893 0.9469
vn -0.7137 0.2193 0.6652
vn -0.4078 0.1905 0.8930
vn 0.2279 -0.2115 0.9504
vn 0.0451 0.1535 0.9871
vn 0.4746 0.8801 0.0109
vn 0.8069 0.5166 -0.2864
vn 0.4259 0.7926 -0.4364
vn 0.1854 0.9817 0.0428
vn 0.4399 0.6288 0.6411
vn 0.2107 0.8309 -0.5149
vn -0.3646 0.7676 -0.5271
vn -0.4895 0.7758 0.3980
vn -0.0252 0.9968 -0.0762
vn 0.3561 0.3771 -0.8550
vn 0.3376 0.2600 -0.9047
vn -0.2958 0.2879 -0.9108
vn 0.3530 0.4292 -0.8314
vn 0.3278 0.5713 -0.7524
vn 0.6004 0.5243 -0.6038
vn 0.9571 0.2408 -0.1610
vn -0.0941 0.6933 0.7144
vn -0.1919 0.1451 0.9706
vn -0.1549 -0.1586 0.9751
vn 0.3007 0.1099 -0.9474
vn -0.1958 0.4464 -0.8731
vn -0.6349 0.2499 0.7311
vn -0.5751 -0.0973 0.8123
vn -0.5253 -0.2858 0.8015
vn -0.0784 -0.3097 0.9476
vn 0.9826 -0.1849 0.0167
vn 0.7406 0.1037 -0.6639
vn -0.3572 -0.5300 0.7691
vn 0.0111 -0.4306 0.9025
vn 0.0647 -0.4979 0.8648
vn -0.4656 -0.4393 0.7682
vn -0.4192 -0.5224 0.7426
vn -0.6107 -0.0841 0.7874
vn -0.5745 0.4182 0.7036
vn -0.1570 0.9205 0.3578
vn 0.1595 0.8958 -0.4148
vn -0.0012 0.8197 -0.5728
vn -0.4868 0.8731 0.0266
vn 0.4370 0.8212 -0.3670
vn 0.3366 -0.3876 0.8581
vn 0.4413 -0.5525 0.7071
vn 0.4728 -0.6029 0.6426
vn 0.9562 -0.2816 0.0801
vn -0.1205 -0.5816 0.8045
vn -0.0893 -0.6750 0.7324
vn 0.0686 0.5768 -0.8140
vn -0.2917 0.4303 0.8543
vn 0.0650 0.3849 0.9207
vn 0.4834 0.7688 0.4187
vn -0.2711 -0.0650 0.9604
vn 0.1539 -0.0849 0.9844
vn -0.2391 -0.2215 0.9454
vn 0.2355 -0.2405 0.9417
vn -0.6568 -0.2183 0.7218
vn -0.1931 -0.3699 0.9088
vn -0.6799 -0.3333 0.6531
vn -0.9474 -0.3116 -0.0735
vn -0.6709 -0.5126 0.5358
vn -0.7510 -0.0095 -0.6603
vn -0.7245 -0.1140 -0.6798
vn -0.9205 -0.3724 -0.1184
vn -0.0513 0.3052 -0.9509
vn -0.6585 -0.5953 0.4604
vn 0.9570 0.0779 0.2796
vn 0.1362 -0.2126 -0.9676
vn -0.6689 -0.2611 -0.6959
vn -0.8319 -0.5330 -0.1543
vn -0.4534 -0.8441 0.2861
vn -0.2763 -0.1803 -0.9440
vn 0.9964 -0.0105 0.0840
vn 0.9922 -0.0928 0.0827
vn 0.0763 -0.9293 0.3614
vn -0.0558 -0.4644 0.8839
vn -0.0235 -0.8587 -0.5120
vn 0.2403 -0.9281 0.2844
vn 0.3377 -0.4731 0.8137
vn -0.0512 -0.2802 0.9586
vn -0.0397 -0.2238 0.9738
vn 0.3642 -0.2940 0.8837
vn 0.3891 -0.2343 0.8909
vn 0.9452 -0.3258 0.0186
vn 0.7062 -0.4673 0.5319
vn 0.7495 -0.1762 0.6381
vn 0.7369 -0.2469 0.6293
vt 0.833400 0.417800
vt 0.829700 0.414800
vt 0.826300 0.412100
vt 0.828000 0.409700
vt 0.835200 0.415100
vt 0.954000 0.647200
vt 0.957100 0.648300
vt 0.955400 0.649500
vt 0.959700 0.660000
vt 0.956500 0.663500
vt 0.954900 0.660800
vt 0.957500 0.658600
vt 0.951900 0.665500
vt 0.952300 0.661600
vt 0.962800 0.662400
vt 0.959500 0.666500
vt 0.963000 0.653100
vt 0.966900 0.656300
vt 0.990700 0.652100
vt 0.987800 0.655800
vt 0.980200 0.651000
vt 0.982800 0.646100
vt 0.691514 0.861130
vt 0.701853 0.871212
vt 0.695947 0.876768
vt 0.686080 0.865342
vt 0.955000 0.669100
vt 0.950600 0.672000
vt 0.948100 0.669400
vt 0.681188 0.851234
vt 0.679008 0.855038
vt 0.676773 0.853877
vt 0.678648 0.849719
vt 0.682229 0.847226
vt 0.682928 0.849242
vt 0.945100 0.672300
vt 0.946700 0.675300
vt 0.695132 0.857791
vt 0.697275 0.853427
vt 0.703807 0.858517
vt 0.709255 0.862836
vt 0.705688 0.866922
vt 0.965900 0.681200
vt 0.961400 0.685100
vt 0.956200 0.678800
vt 0.960900 0.675700
vt 0.956300 0.689200
vt 0.951200 0.682200
vt 0.938400 0.675600
vt 0.941900 0.674200
vt 0.942700 0.678000
vt 0.939300 0.679800
vt 0.970100 0.646100
vt 0.973700 0.647600
vt 0.971300 0.651100
vt 0.968100 0.649500
vt 0.975700 0.641700
vt 0.971700 0.641100
vt 0.951000 0.693200
vt 0.948300 0.695400
vt 0.943000 0.687500
vt 0.946200 0.685500
vt 0.953300 0.655800
vt 0.957900 0.653500
vt 0.948400 0.660400
vt 0.950600 0.659300
vt 0.947300 0.656900
vt 0.947300 0.653500
vt 0.949500 0.654100
vt 0.949700 0.656800
vt 0.951500 0.652100
vt 0.681505 0.869776
vt 0.690296 0.881932
vt 0.372300 0.427100
vt 0.371800 0.424700
vt 0.373200 0.424500
vt 0.374800 0.424400
vt 0.374900 0.427700
vt 0.374000 0.429000
vt 0.371300 0.427800
vt 0.370400 0.426800
vt 0.390700 0.434400
vt 0.392500 0.433600
vt 0.393200 0.435800
vt 0.390300 0.435800
vt 0.377800 0.424000
vt 0.374500 0.422400
vt 0.376500 0.421700
vt 0.393500 0.416400
vt 0.391600 0.418000
vt 0.387700 0.413500
vt 0.388700 0.409800
vt 0.391900 0.410800
vt 0.385500 0.416600
vt 0.383500 0.414800
vt 0.385900 0.411900
vt 0.389300 0.420500
vt 0.164500 0.206900
vt 0.162700 0.207600
vt 0.161500 0.202600
vt 0.166900 0.199800
vt 0.170500 0.200800
vt 0.166800 0.205900
vt 0.384800 0.425200
vt 0.380900 0.421000
vt 0.383100 0.418800
vt 0.387100 0.423000
vt 0.379300 0.419000
vt 0.381300 0.417000
vt 0.379600 0.422400
vt 0.378000 0.420400
vt 0.383200 0.426600
vt 0.078500 0.494100
vt 0.093000 0.484600
vt 0.106500 0.474200
vt 0.109700 0.478600
vt 0.096200 0.488900
vt 0.062200 0.507500
vt 0.058800 0.503700
vt 0.372500 0.430800
vt 0.369900 0.429500
vt 0.367000 0.428400
vt 0.368300 0.431600
vt 0.365800 0.429800
vt 0.389000 0.408300
vt 0.392300 0.408100
vt 0.395200 0.415300
vt 0.394600 0.410800
vt 0.398500 0.419900
vt 0.397200 0.420800
vt 0.395700 0.422300
vt 0.393600 0.424500
vt 0.391300 0.427200
vt 0.388900 0.429500
vt 0.387200 0.431100
vt 0.386000 0.432400
vt 0.387700 0.437700
vt 0.384700 0.434100
vt 0.384100 0.435300
vt 0.201200 0.392500
vt 0.189400 0.401300
vt 0.182800 0.393100
vt 0.194200 0.384400
vt 0.209600 0.371400
vt 0.219000 0.362800
vt 0.225900 0.371000
vt 0.216500 0.379600
vt 0.544500 0.602600
vt 0.546500 0.599500
vt 0.548600 0.605600
vt 0.850100 0.924200
vt 0.872000 0.925400
vt 0.870800 0.929200
vt 0.869400 0.932300
vt 0.860800 0.935000
vt 0.402100 0.424800
vt 0.400600 0.418600
vt 0.404100 0.424100
vt 0.400600 0.425000
vt 0.399300 0.426600
vt 0.397900 0.429100
vt 0.395600 0.432200
vt 0.396900 0.434000
vt 0.399600 0.430400
vt 0.407600 0.422200
vt 0.400200 0.428200
vt 0.240000 0.356800
vt 0.234100 0.362600
vt 0.227000 0.354900
vt 0.232700 0.349200
vt 0.242100 0.340400
vt 0.249100 0.348000
vt 0.387300 0.443600
vt 0.388000 0.440200
vt 0.720900 0.581300
vt 0.727300 0.595700
vt 0.718900 0.603300
vt 0.711700 0.609400
vt 0.707000 0.613500
vt 0.697200 0.594000
vt 0.373100 0.422600
vt 0.387100 0.408900
vt 0.806300 0.854700
vt 0.808100 0.852900
vt 0.814500 0.859100
vt 0.813800 0.861300
vt 0.806200 0.868200
vt 0.797700 0.853400
vt 0.822400 0.873900
vt 0.825100 0.864400
vt 0.826400 0.862500
vt 0.385300 0.341500
vt 0.374300 0.346600
vt 0.370700 0.341700
vt 0.381200 0.337000
vt 0.395000 0.338900
vt 0.392400 0.334100
vt 0.364000 0.331000
vt 0.377900 0.326700
vt 0.389600 0.324700
vt 0.362000 0.245500
vt 0.363321 0.250185
vt 0.356400 0.256600
vt 0.353200 0.252700
vt 0.831900 0.871300
vt 0.833200 0.878700
vt 0.823700 0.883600
vt 0.839400 0.868100
vt 0.841400 0.874300
vt 0.808800 0.889800
vt 0.807000 0.883300
vt 0.805100 0.879300
vt 0.476800 0.334000
vt 0.472900 0.343200
vt 0.467600 0.343500
vt 0.483000 0.335600
vt 0.474600 0.346900
vt 0.467200 0.348400
vt 0.126100 0.830100
vt 0.111300 0.836500
vt 0.095800 0.799100
vt 0.113100 0.797800
vt 0.500000 0.256500
vt 0.505100 0.252000
vt 0.509700 0.253300
vt 0.503900 0.260500
vt 0.497000 0.252200
vt 0.502400 0.248000
vt 0.507900 0.243600
vt 0.780600 0.826500
vt 0.778000 0.831500
vt 0.775800 0.830300
vt 0.779200 0.824600
vt 0.782800 0.828600
vt 0.782100 0.833300
vt 0.791600 0.823600
vt 0.790800 0.826200
vt 0.789800 0.829900
vt 0.462300 0.330200
vt 0.453200 0.328700
vt 0.454500 0.318200
vt 0.462300 0.316800
vt 0.469300 0.313800
vt 0.473600 0.321300
vt 0.801900 0.835500
vt 0.799300 0.836700
vt 0.888200 0.924400
vt 0.884700 0.927600
vt 0.872600 0.921100
vt 0.872900 0.916900
vt 0.880100 0.913600
vt 0.532600 0.711700
vt 0.530800 0.707300
vt 0.541000 0.706800
vt 0.550000 0.707000
vt 0.548200 0.714700
vt 0.540700 0.713100
vt 0.547500 0.162000
vt 0.551200 0.167400
vt 0.544500 0.165600
vt 0.540100 0.160500
vt 0.537200 0.156200
vt 0.539200 0.154500
vt 0.542700 0.157700
vt 0.023700 0.034800
vt 0.026600 0.035200
vt 0.021800 0.082000
vt 0.017700 0.083400
vt 0.941300 0.764600
vt 0.932700 0.760200
vt 0.937400 0.753700
vt 0.940200 0.755700
vt 0.943000 0.757600
vt 0.948700 0.758500
vt 0.948900 0.768500
vt 0.175100 0.565100
vt 0.177900 0.568100
vt 0.181700 0.564800
vt 0.178800 0.561700
vt 0.175000 0.557600
vt 0.171600 0.560500
vt 0.466700 0.332300
vt 0.474000 0.262600
vt 0.477700 0.268100
vt 0.471100 0.272000
vt 0.466400 0.265900
vt 0.464632 0.258282
vt 0.456332 0.260710
vt 0.455037 0.252322
vt 0.463308 0.250822
vt 0.472232 0.255798
vt 0.470966 0.248780
vt 0.546600 0.554900
vt 0.551800 0.551600
vt 0.553900 0.555000
vt 0.549600 0.557900
vt 0.546700 0.562100
vt 0.543200 0.559900
vt 0.785000 0.892100
vt 0.813700 0.899800
vt 0.782200 0.911500
vt 0.768000 0.904400
vt 0.779200 0.877300
vt 0.770200 0.873700
vt 0.776200 0.867500
vt 0.779700 0.860900
vt 0.777400 0.853200
vt 0.777400 0.840900
vt 0.777600 0.835800
vt 0.781400 0.836600
vt 0.786300 0.855900
vt 0.784600 0.868200
vt 0.774800 0.840000
vt 0.773000 0.854300
vt 0.854600 0.855100
vt 0.849800 0.856800
vt 0.850100 0.854400
vt 0.859700 0.853300
vt 0.857000 0.857000
vt 0.851300 0.861200
vt 0.834100 0.399600
vt 0.835700 0.395800
vt 0.843100 0.400800
vt 0.841100 0.404300
vt 0.541100 0.328300
vt 0.530800 0.326500
vt 0.541600 0.288500
vt 0.562100 0.297800
vt 0.551500 0.330500
vt 0.765100 0.919600
vt 0.757500 0.912800
vt 0.194800 0.893300
vt 0.212000 0.907900
vt 0.201400 0.919300
vt 0.182600 0.906200
vt 0.616300 0.585300
vt 0.607900 0.583900
vt 0.607900 0.580200
vt 0.616800 0.581500
vt 0.626100 0.583200
vt 0.625200 0.587100
vt 0.684200 0.579200
vt 0.686100 0.585500
vt 0.661300 0.593400
vt 0.655600 0.584900
vt 0.671200 0.580900
vt 0.825500 0.293400
vt 0.845300 0.303000
vt 0.840300 0.312600
vt 0.803000 0.301000
vt 0.805200 0.286700
vt 0.290100 0.385200
vt 0.281800 0.376300
vt 0.292700 0.370000
vt 0.300600 0.377600
vt 0.308800 0.358400
vt 0.315200 0.366200
vt 0.262300 0.607600
vt 0.235900 0.635700
vt 0.220800 0.623100
vt 0.259200 0.586700
vt 0.270500 0.600300
vt 0.276300 0.365400
vt 0.286000 0.359600
vt 0.477900 0.409000
vt 0.492600 0.399200
vt 0.502900 0.416500
vt 0.476500 0.436200
vt 0.463800 0.420000
vt 0.692500 0.651900
vt 0.699700 0.655500
vt 0.687800 0.669100
vt 0.680300 0.664700
vt 0.686500 0.658000
vt 0.746500 0.372300
vt 0.736800 0.372500
vt 0.738600 0.395100
vt 0.726900 0.394100
vt 0.726200 0.407800
vt 0.700700 0.405200
vt 0.692300 0.434800
vt 0.677000 0.431600
vt 0.686000 0.394000
vt 0.701700 0.393300
vt 0.700600 0.374900
vt 0.724800 0.372800
vt 0.721400 0.351600
vt 0.734000 0.350000
vt 0.758100 0.360300
vt 0.756800 0.375500
vt 0.269400 0.354400
vt 0.261400 0.363000
vt 0.257000 0.357900
vt 0.266300 0.349800
vt 0.279400 0.346200
vt 0.276800 0.341600
vt 0.252500 0.352300
vt 0.262300 0.344000
vt 0.273300 0.336000
vt 0.248400 0.366100
vt 0.243600 0.360900
vt 0.243100 0.372200
vt 0.235800 0.381000
vt 0.230000 0.375500
vt 0.238000 0.366900
vt 0.220800 0.384500
vt 0.617300 0.976100
vt 0.607600 0.976400
vt 0.607200 0.966500
vt 0.617500 0.966400
vt 0.665000 0.915500
vt 0.716100 0.916700
vt 0.718400 0.923000
vt 0.665500 0.922500
vt 0.606500 0.942100
vt 0.606500 0.930600
vt 0.616300 0.930300
vt 0.617200 0.942000
vt 0.606400 0.922300
vt 0.615800 0.922100
vt 0.277000 0.899200
vt 0.265500 0.888300
vt 0.285200 0.876500
vt 0.321100 0.866900
vt 0.324400 0.872800
vt 0.307100 0.880500
vt 0.292800 0.888400
vt 0.271900 0.421200
vt 0.262400 0.429600
vt 0.258400 0.425000
vt 0.268000 0.417200
vt 0.280400 0.414900
vt 0.275800 0.411100
vt 0.286600 0.410700
vt 0.281500 0.406700
vt 0.295200 0.403400
vt 0.290300 0.399900
vt 0.271300 0.397500
vt 0.280300 0.391500
vt 0.304000 0.395900
vt 0.299400 0.392600
vt 0.312900 0.388000
vt 0.309000 0.384500
vt 0.322100 0.373300
vt 0.336300 0.363100
vt 0.347900 0.356300
vt 0.355100 0.352400
vt 0.359000 0.355000
vt 0.330400 0.355700
vt 0.324900 0.347500
vt 0.337200 0.340900
vt 0.341900 0.349200
vt 0.303100 0.349600
vt 0.320500 0.339700
vt 0.497700 0.729800
vt 0.505800 0.726100
vt 0.515300 0.725500
vt 0.519100 0.733100
vt 0.494900 0.743100
vt 0.490500 0.732700
vt 0.292300 0.330800
vt 0.288200 0.325400
vt 0.284600 0.320900
vt 0.298900 0.310100
vt 0.302800 0.314300
vt 0.270100 0.331400
vt 0.259200 0.339600
vt 0.252400 0.331800
vt 0.263300 0.323500
vt 0.640600 0.994000
vt 0.634800 0.994500
vt 0.635000 0.984500
vt 0.640800 0.984200
vt 0.626300 0.995100
vt 0.626800 0.985000
vt 0.282100 0.351700
vt 0.635100 0.975300
vt 0.627200 0.975600
vt 0.627300 0.966600
vt 0.635100 0.966800
vt 0.640700 0.975200
vt 0.640800 0.966800
vt 0.616900 0.985700
vt 0.434900 0.919900
vt 0.436700 0.944100
vt 0.422400 0.947200
vt 0.410300 0.928900
vt 0.399100 0.926300
vt 0.388500 0.914300
vt 0.380600 0.907500
vt 0.387200 0.902900
vt 0.960300 0.841300
vt 0.964700 0.844700
vt 0.952700 0.851900
vt 0.947100 0.848400
vt 0.953200 0.844900
vt 0.634800 0.942000
vt 0.634700 0.930200
vt 0.640600 0.930200
vt 0.640800 0.942000
vt 0.626900 0.942100
vt 0.626300 0.930200
vt 0.634500 0.922400
vt 0.640500 0.922600
vt 0.625900 0.922200
vt 0.624100 0.519000
vt 0.616500 0.503500
vt 0.618500 0.501900
vt 0.628500 0.515700
vt 0.632900 0.520400
vt 0.627200 0.524800
vt 0.332400 0.594700
vt 0.336700 0.615100
vt 0.326000 0.614600
vt 0.309400 0.656600
vt 0.297600 0.674900
vt 0.276900 0.663600
vt 0.279300 0.623700
vt 0.840900 0.395600
vt 0.844600 0.398600
vt 0.837000 0.392600
vt 0.349200 0.346100
vt 0.691700 0.567100
vt 0.693400 0.551600
vt 0.698200 0.552400
vt 0.698300 0.561100
vt 0.698800 0.566100
vt 0.733400 0.913800
vt 0.735800 0.920000
vt 0.747300 0.907900
vt 0.755500 0.900300
vt 0.738900 0.926400
vt 0.073600 0.411800
vt 0.085000 0.386900
vt 0.100400 0.397900
vt 0.092800 0.409900
vt 0.083300 0.412800
vt 0.842300 0.890600
vt 0.824300 0.907800
vt 0.822500 0.900200
vt 0.837400 0.889600
vt 0.836600 0.885100
vt 0.847600 0.883600
vt 0.242300 0.471100
vt 0.247900 0.465700
vt 0.259300 0.464500
vt 0.256700 0.470300
vt 0.254100 0.475400
vt 0.245100 0.481400
vt 0.955100 0.836200
vt 0.952200 0.832900
vt 0.948100 0.828600
vt 0.956700 0.821600
vt 0.965200 0.828300
vt 0.901300 0.195700
vt 0.914100 0.214600
vt 0.902700 0.225000
vt 0.888300 0.207700
vt 0.847200 0.870900
vt 0.844800 0.865200
vt 0.853900 0.866500
vt 0.884600 0.901300
vt 0.873900 0.905700
vt 0.864700 0.895300
vt 0.877900 0.887800
vt 0.864700 0.858500
vt 0.513900 0.254600
vt 0.506900 0.264900
vt 0.870600 0.868600
vt 0.872500 0.874900
vt 0.864800 0.879800
vt 0.860600 0.874600
vt 0.634800 0.585800
vt 0.638600 0.572300
vt 0.649000 0.577700
vt 0.669700 0.573200
vt 0.647600 0.594500
vt 0.641900 0.589600
vt 0.477639 0.246722
vt 0.478636 0.253638
vt 0.490300 0.262300
vt 0.487500 0.257200
vt 0.493900 0.267300
vt 0.495800 0.271700
vt 0.483300 0.265400
vt 0.487200 0.270700
vt 0.481800 0.273400
vt 0.477200 0.037100
vt 0.478100 0.053400
vt 0.456600 0.053700
vt 0.435400 0.053400
vt 0.434400 0.035800
vt 0.478900 0.281200
vt 0.472800 0.285200
vt 0.470000 0.282900
vt 0.475700 0.277300
vt 0.832700 0.863600
vt 0.833300 0.860400
vt 0.839200 0.861500
vt 0.840200 0.858200
vt 0.844100 0.859500
vt 0.844300 0.856600
vt 0.468100 0.296600
vt 0.465000 0.295200
vt 0.459400 0.294600
vt 0.464900 0.278500
vt 0.459400 0.308100
vt 0.465200 0.305900
vt 0.469200 0.304700
vt 0.473700 0.311700
vt 0.932100 0.640400
vt 0.937700 0.645600
vt 0.935300 0.648300
vt 0.928900 0.642700
vt 0.635700 0.849600
vt 0.634900 0.859300
vt 0.631800 0.865800
vt 0.629400 0.871300
vt 0.618700 0.862800
vt 0.627900 0.852100
vt 0.442400 0.326900
vt 0.444600 0.336400
vt 0.432700 0.333900
vt 0.434300 0.325500
vt 0.443700 0.341500
vt 0.432200 0.337200
vt 0.457100 0.346200
vt 0.458500 0.341300
vt 0.462200 0.347300
vt 0.463300 0.342700
vt 0.424800 0.338100
vt 0.425200 0.333000
vt 0.350600 0.180500
vt 0.379600 0.176900
vt 0.380700 0.195000
vt 0.366000 0.197200
vt 0.351500 0.199500
vt 0.949500 0.509800
vt 0.948400 0.520400
vt 0.938200 0.520700
vt 0.935800 0.517000
vt 0.932700 0.512500
vt 0.946500 0.502000
vt 0.850200 0.914700
vt 0.855200 0.906200
vt 0.841000 0.442600
vt 0.844100 0.442700
vt 0.844700 0.452300
vt 0.841100 0.452400
vt 0.840800 0.446400
vt 0.930900 0.763000
vt 0.935200 0.765200
vt 0.933800 0.769600
vt 0.929300 0.767300
vt 0.924300 0.764900
vt 0.925900 0.760900
vt 0.408000 0.337800
vt 0.407000 0.332500
vt 0.406000 0.323600
vt 0.418100 0.323800
vt 0.417800 0.332500
vt 0.388000 0.315000
vt 0.375200 0.315700
vt 0.427100 0.316500
vt 0.386400 0.306900
vt 0.405100 0.307800
vt 0.405400 0.292200
vt 0.428600 0.294400
vt 0.429092 0.260170
vt 0.921000 0.663400
vt 0.917500 0.667000
vt 0.913000 0.664600
vt 0.911700 0.660500
vt 0.915200 0.657400
vt 0.647800 0.857900
vt 0.642000 0.874600
vt 0.276100 0.480300
vt 0.282300 0.484400
vt 0.276000 0.492900
vt 0.274800 0.488200
vt 0.832300 0.684000
vt 0.823900 0.659900
vt 0.832700 0.655500
vt 0.834700 0.665100
vt 0.838000 0.678200
vt 0.526400 0.152100
vt 0.504900 0.152400
vt 0.505900 0.118900
vt 0.527500 0.118400
vt 0.744500 0.595800
vt 0.762000 0.586300
vt 0.889200 0.855900
vt 0.876800 0.850400
vt 0.876500 0.847700
vt 0.892700 0.852800
vt 0.739800 0.606000
vt 0.735800 0.603100
vt 0.368200 0.243600
vt 0.368800 0.250600
vt 0.623000 0.527600
vt 0.620600 0.521100
vt 0.615800 0.506300
vt 0.376100 0.243600
vt 0.365600 0.232800
vt 0.374500 0.232300
vt 0.356900 0.236400
vt 0.390400 0.245300
vt 0.390000 0.234000
vt 0.801500 0.978300
vt 0.794700 0.976000
vt 0.797600 0.969200
vt 0.805800 0.971500
vt 0.793400 0.981000
vt 0.794000 0.984100
vt 0.802300 0.956400
vt 0.811100 0.957900
vt 0.879400 0.601500
vt 0.871400 0.599300
vt 0.877900 0.587800
vt 0.886100 0.576000
vt 0.894000 0.585400
vt 0.887000 0.593100
vt 0.958800 0.755600
vt 0.956900 0.736100
vt 0.961800 0.734900
vt 0.971100 0.749100
vt 0.983600 0.771800
vt 0.971200 0.775000
vt 0.184900 0.155500
vt 0.180200 0.152000
vt 0.178100 0.148700
vt 0.182100 0.149800
vt 0.186700 0.152000
vt 0.761600 0.973200
vt 0.761000 0.980100
vt 0.743000 0.980500
vt 0.742500 0.972600
vt 0.034200 0.036600
vt 0.033900 0.078900
vt 0.027400 0.080400
vt 0.030000 0.035800
vt 0.414200 0.981000
vt 0.389400 0.924200
vt 0.383200 0.916900
vt 0.422400 0.978200
vt 0.036900 0.693700
vt 0.058300 0.691200
vt 0.063000 0.718700
vt 0.041800 0.721100
vt 0.020400 0.724600
vt 0.015400 0.697100
vt 0.657700 0.930200
vt 0.657000 0.922700
vt 0.666300 0.930100
vt 0.649300 0.930200
vt 0.648800 0.922800
vt 0.649900 0.942000
vt 0.658900 0.941800
vt 0.668100 0.941700
vt 0.650000 0.954700
vt 0.659400 0.954100
vt 0.669300 0.953400
vt 0.681100 0.941600
vt 0.683300 0.952500
vt 0.717400 0.517100
vt 0.721200 0.509100
vt 0.724200 0.502000
vt 0.734100 0.504300
vt 0.724600 0.530500
vt 0.717100 0.526700
vt 0.053578 0.588892
vt 0.044798 0.618175
vt 0.037866 0.615729
vt 0.042309 0.604229
vt 0.045193 0.586800
vt 0.854000 0.166800
vt 0.839100 0.179400
vt 0.823000 0.188900
vt 0.813600 0.167500
vt 0.827400 0.160600
vt 0.839400 0.149100
vt 0.050200 0.369300
vt 0.050500 0.358900
vt 0.052800 0.358900
vt 0.052900 0.369300
vt 0.052400 0.378500
vt 0.049000 0.378700
vt 0.984900 0.659600
vt 0.979800 0.666000
vt 0.760700 0.985500
vt 0.743900 0.987400
vt 0.537600 0.665400
vt 0.545700 0.660000
vt 0.562200 0.647400
vt 0.567700 0.657800
vt 0.528300 0.675900
vt 0.525000 0.670700
vt 0.124000 0.459200
vt 0.127600 0.463700
vt 0.117000 0.472600
vt 0.624600 0.127300
vt 0.617500 0.119800
vt 0.619300 0.118200
vt 0.626800 0.125600
vt 0.484900 0.767700
vt 0.491300 0.761900
vt 0.509300 0.767400
vt 0.505000 0.780800
vt 0.479900 0.775300
vt 0.223200 0.897300
vt 0.235000 0.909800
vt 0.206500 0.940100
vt 0.171000 0.919300
vt 0.137700 0.277200
vt 0.141600 0.281300
vt 0.144100 0.284200
vt 0.142300 0.286000
vt 0.135600 0.279000
vt 0.132600 0.275800
vt 0.134500 0.274100
vt 0.650100 0.984000
vt 0.650400 0.993900
vt 0.659700 0.974600
vt 0.649900 0.974900
vt 0.649900 0.966600
vt 0.659500 0.966100
vt 0.660300 0.983600
vt 0.277900 0.312800
vt 0.117900 0.595400
vt 0.118000 0.603600
vt 0.118100 0.614500
vt 0.106500 0.615400
vt 0.109100 0.603800
vt 0.110100 0.586900
vt 0.118200 0.587200
vt 0.640800 0.955000
vt 0.052100 0.496600
vt 0.073300 0.486400
vt 0.722500 0.288700
vt 0.735400 0.286100
vt 0.739400 0.306200
vt 0.726900 0.308500
vt 0.701500 0.314200
vt 0.696500 0.295200
vt 0.252000 0.720800
vt 0.261000 0.693400
vt 0.284500 0.702500
vt 0.277600 0.728500
vt 0.345900 0.337100
vt 0.245600 0.566400
vt 0.279800 0.547600
vt 0.288800 0.568200
vt 0.226900 0.390400
vt 0.829900 0.510400
vt 0.835900 0.510700
vt 0.835800 0.516200
vt 0.829000 0.515900
vt 0.822200 0.513200
vt 0.824700 0.508800
vt 0.168200 0.581000
vt 0.165800 0.579300
vt 0.162700 0.576600
vt 0.164700 0.574500
vt 0.157200 0.565600
vt 0.159200 0.563700
vt 0.167000 0.572400
vt 0.170500 0.576600
vt 0.173500 0.576100
vt 0.172800 0.579100
vt 0.171000 0.582600
vt 0.135200 0.287600
vt 0.130900 0.283700
vt 0.133000 0.281300
vt 0.140100 0.288200
vt 0.138100 0.290200
vt 0.500019 0.245619
vt 0.500608 0.242908
vt 0.495096 0.247439
vt 0.494952 0.242364
vt 0.019000 0.398100
vt 0.026400 0.383300
vt 0.029200 0.385200
vt 0.032400 0.387000
vt 0.023000 0.407200
vt 0.775300 0.835200
vt 0.479300 0.319600
vt 0.212000 0.311900
vt 0.221700 0.322300
vt 0.219400 0.324800
vt 0.213600 0.318600
vt 0.209900 0.314000
vt 0.649500 0.337500
vt 0.657600 0.333700
vt 0.665300 0.329800
vt 0.670900 0.345900
vt 0.653800 0.351300
vt 0.783500 0.986200
vt 0.783700 0.980300
vt 0.248800 0.396000
vt 0.239600 0.404600
vt 0.241200 0.386400
vt 0.784800 0.974400
vt 0.786800 0.967500
vt 0.347200 0.244900
vt 0.670000 0.965400
vt 0.685200 0.964400
vt 0.552200 0.918200
vt 0.561100 0.918600
vt 0.569400 0.918200
vt 0.568700 0.924700
vt 0.560500 0.925100
vt 0.552000 0.925200
vt 0.489200 0.599100
vt 0.905200 0.955200
vt 0.920500 0.958000
vt 0.482000 0.612600
vt 0.479600 0.611800
vt 0.408100 0.864400
vt 0.414700 0.867500
vt 0.408900 0.877900
vt 0.401000 0.871300
vt 0.400200 0.869200
vt 0.406200 0.862600
vt 0.804800 0.844600
vt 0.393000 0.884300
vt 0.389700 0.875000
vt 0.388300 0.873100
vt 0.141500 0.549500
vt 0.137300 0.558700
vt 0.133000 0.555300
vt 0.137600 0.544700
vt 0.124100 0.551100
vt 0.128000 0.539800
vt 0.146100 0.531000
vt 0.136300 0.523400
vt 0.055500 0.512900
vt 0.050600 0.511300
vt 0.392100 0.894100
vt 0.378100 0.887600
vt 0.379500 0.880800
vt 0.408800 0.892900
vt 0.407300 0.899500
vt 0.410500 0.888900
vt 0.119000 0.638500
vt 0.130300 0.631100
vt 0.129200 0.636300
vt 0.132500 0.638500
vt 0.120000 0.645100
vt 0.135200 0.631500
vt 0.034100 0.653600
vt 0.037400 0.651200
vt 0.040200 0.655800
vt 0.034600 0.658300
vt 0.030600 0.650300
vt 0.033900 0.647500
vt 0.025300 0.655000
vt 0.432300 0.835000
vt 0.433700 0.833000
vt 0.437300 0.838500
vt 0.435100 0.839800
vt 0.430200 0.837200
vt 0.431200 0.841800
vt 0.054300 0.436700
vt 0.065200 0.441100
vt 0.063100 0.445200
vt 0.057000 0.442700
vt 0.053100 0.441700
vt 0.422100 0.835200
vt 0.421200 0.832600
vt 0.423300 0.838700
vt 0.118100 0.623700
vt 0.104800 0.621600
vt 0.107500 0.633400
vt 0.100800 0.628000
vt 0.342000 0.880000
vt 0.347100 0.882600
vt 0.341200 0.886700
vt 0.414200 0.846000
vt 0.411500 0.844900
vt 0.809400 0.264800
vt 0.813300 0.241200
vt 0.835800 0.250900
vt 0.851200 0.260000
vt 0.845300 0.275500
vt 0.831000 0.275200
vt 0.807100 0.552300
vt 0.804300 0.551300
vt 0.805500 0.547800
vt 0.808800 0.548900
vt 0.811900 0.551200
vt 0.809500 0.553600
vt 0.809800 0.476600
vt 0.809800 0.472800
vt 0.818100 0.476900
vt 0.822700 0.479300
vt 0.821600 0.481700
vt 0.817600 0.479800
vt 0.045603 0.569147
vt 0.054502 0.570732
vt 0.363000 0.028200
vt 0.391900 0.031600
vt 0.392200 0.049900
vt 0.377500 0.048400
vt 0.362700 0.046800
vt 0.119400 0.628500
vt 0.209200 0.054300
vt 0.204500 0.056400
vt 0.201500 0.051900
vt 0.198300 0.046500
vt 0.202600 0.044400
vt 0.579400 0.478000
vt 0.551300 0.443300
vt 0.566000 0.434700
vt 0.594400 0.468900
vt 0.289000 0.809000
vt 0.296600 0.838500
vt 0.286000 0.842800
vt 0.274600 0.811100
vt 0.439900 0.865500
vt 0.437500 0.857800
vt 0.435800 0.844000
vt 0.438100 0.843300
vt 0.438800 0.848100
vt 0.439900 0.857300
vt 0.442600 0.867200
vt 0.358200 0.869500
vt 0.358500 0.867300
vt 0.364700 0.868500
vt 0.363600 0.873300
vt 0.357100 0.864900
vt 0.364300 0.866200
vt 0.352200 0.866000
vt 0.608700 0.814500
vt 0.599700 0.817300
vt 0.599100 0.812900
vt 0.595700 0.807500
vt 0.606800 0.800900
vt 0.569300 0.840600
vt 0.559100 0.842200
vt 0.558700 0.838000
vt 0.579100 0.834200
vt 0.587600 0.832300
vt 0.595000 0.830500
vt 0.596900 0.837800
vt 0.448800 0.912100
vt 0.459700 0.920000
vt 0.452400 0.927200
vt 0.251600 0.278500
vt 0.253900 0.282700
vt 0.249700 0.285300
vt 0.243100 0.275400
vt 0.247600 0.273100
vt 0.476900 0.945100
vt 0.537400 0.945100
vt 0.535700 0.956100
vt 0.476800 0.958100
vt 0.438500 0.492800
vt 0.428200 0.484300
vt 0.451500 0.459400
vt 0.460800 0.468800
vt 0.618400 0.811200
vt 0.617500 0.794800
vt 0.616200 0.806100
vt 0.199600 0.462400
vt 0.190500 0.471600
vt 0.184200 0.462600
vt 0.192200 0.452800
vt 0.176900 0.484200
vt 0.170200 0.476700
vt 0.514900 0.625800
vt 0.513900 0.629700
vt 0.499000 0.625200
vt 0.497500 0.623200
vt 0.175000 0.454300
vt 0.182300 0.445700
vt 0.202600 0.057500
vt 0.199300 0.053200
vt 0.206400 0.059400
vt 0.204700 0.060200
vt 0.299000 0.341700
vt 0.172500 0.437100
vt 0.168400 0.433300
vt 0.177900 0.425400
vt 0.182200 0.430500
vt 0.162800 0.445600
vt 0.158600 0.442400
vt 0.466300 0.684400
vt 0.476600 0.693100
vt 0.476000 0.700500
vt 0.471500 0.694600
vt 0.465300 0.698400
vt 0.459300 0.689200
vt 0.163400 0.428400
vt 0.173100 0.420000
vt 0.153700 0.437900
vt 0.183000 0.412600
vt 0.187400 0.418100
vt 0.193100 0.405800
vt 0.197700 0.411900
vt 0.169400 0.416000
vt 0.179400 0.408400
vt 0.205200 0.397500
vt 0.520700 0.466300
vt 0.509500 0.476400
vt 0.497300 0.461800
vt 0.521300 0.442400
vt 0.532400 0.456300
vt 0.597900 0.976400
vt 0.597100 0.967100
vt 0.963600 0.337000
vt 0.928700 0.379700
vt 0.930900 0.379300
vt 0.969800 0.340900
vt 0.966300 0.342200
vt 0.596600 0.930800
vt 0.596300 0.942700
vt 0.596800 0.922700
vt 0.243000 0.446000
vt 0.233000 0.454900
vt 0.229900 0.450000
vt 0.239300 0.441400
vt 0.225300 0.463000
vt 0.222200 0.457300
vt 0.216700 0.470300
vt 0.214100 0.464900
vt 0.207400 0.453700
vt 0.214700 0.445700
vt 0.208000 0.477800
vt 0.205400 0.472800
vt 0.198800 0.485400
vt 0.195900 0.480900
vt 0.158800 0.525700
vt 0.157000 0.521400
vt 0.161900 0.515000
vt 0.170500 0.504500
vt 0.182800 0.492100
vt 0.164100 0.497500
vt 0.155900 0.507900
vt 0.148500 0.502000
vt 0.156900 0.490800
vt 0.236900 0.549800
vt 0.274400 0.531000
vt 0.149900 0.485200
vt 0.162400 0.469600
vt 0.454500 0.960500
vt 0.428800 0.963800
vt 0.433100 0.976100
vt 0.145500 0.456000
vt 0.140900 0.451000
vt 0.137000 0.446800
vt 0.149700 0.434000
vt 0.159400 0.424600
vt 0.152900 0.416700
vt 0.163000 0.407900
vt 0.143000 0.426200
vt 0.173100 0.400100
vt 0.580300 0.995400
vt 0.579700 0.985700
vt 0.588300 0.985700
vt 0.589200 0.995800
vt 0.598800 0.985900
vt 0.600000 0.995500
vt 0.579300 0.976700
vt 0.587600 0.976500
vt 0.578900 0.968300
vt 0.587200 0.967900
vt 0.195800 0.297400
vt 0.197400 0.296900
vt 0.197800 0.298300
vt 0.194600 0.299600
vt 0.193800 0.298400
vt 0.577200 0.931700
vt 0.586000 0.931300
vt 0.586400 0.943200
vt 0.577700 0.943500
vt 0.577000 0.924100
vt 0.585900 0.923400
vt 0.758300 0.733600
vt 0.757900 0.762800
vt 0.746600 0.763000
vt 0.740600 0.740400
vt 0.735100 0.723700
vt 0.748000 0.717300
vt 0.148900 0.279800
vt 0.144600 0.280100
vt 0.146000 0.276200
vt 0.124700 0.300000
vt 0.127000 0.298300
vt 0.128500 0.301800
vt 0.149900 0.537000
vt 0.556200 0.700500
vt 0.555000 0.707500
vt 0.540000 0.702200
vt 0.151600 0.514600
vt 0.485900 0.920300
vt 0.501200 0.921800
vt 0.499300 0.928200
vt 0.482000 0.925800
vt 0.461000 0.907400
vt 0.469600 0.914600
vt 0.517000 0.977400
vt 0.533600 0.977200
vt 0.533000 0.986400
vt 0.516200 0.986600
vt 0.477300 0.987000
vt 0.477400 0.979100
vt 0.458600 0.980500
vt 0.457200 0.972600
vt 0.518100 0.968000
vt 0.198500 0.952100
vt 0.181800 0.944200
vt 0.160400 0.932600
vt 0.376900 0.909700
vt 0.158100 0.335900
vt 0.155300 0.339200
vt 0.151900 0.336700
vt 0.145700 0.331500
vt 0.149300 0.327400
vt 0.367200 0.902400
vt 0.377000 0.899100
vt 0.367900 0.882400
vt 0.370000 0.876700
vt 0.361100 0.878400
vt 0.354800 0.886900
vt 0.352900 0.873000
vt 0.343487 0.876562
vt 0.346800 0.868900
vt 0.035300 0.662800
vt 0.025636 0.654862
vt 0.044100 0.659700
vt 0.711200 0.787800
vt 0.705900 0.794900
vt 0.693100 0.780700
vt 0.696900 0.774800
vt 0.704400 0.781000
vt 0.260400 0.509100
vt 0.250400 0.510000
vt 0.249900 0.500500
vt 0.263400 0.501100
vt 0.271700 0.502300
vt 0.029509 0.633008
vt 0.033138 0.625632
vt 0.039810 0.627715
vt 0.036051 0.634651
vt 0.026658 0.640029
vt 0.032203 0.641215
vt 0.041900 0.637100
vt 0.046500 0.640600
vt 0.041100 0.647300
vt 0.037100 0.643800
vt 0.030023 0.644779
vt 0.025624 0.644050
vt 0.050900 0.645000
vt 0.044900 0.651700
vt 0.771700 0.624200
vt 0.776600 0.635700
vt 0.762200 0.642600
vt 0.740000 0.630600
vt 0.754000 0.626800
vt 0.048900 0.655100
vt 0.050700 0.634200
vt 0.055300 0.638800
vt 0.056700 0.626100
vt 0.061300 0.631300
vt 0.064500 0.635000
vt 0.059300 0.641600
vt 0.072000 0.627000
vt 0.070200 0.623900
vt 0.378900 0.873600
vt 0.377900 0.870400
vt 0.370500 0.870900
vt 0.370200 0.868100
vt 0.083900 0.624200
vt 0.083100 0.620800
vt 0.066600 0.618100
vt 0.083400 0.615200
vt 0.096700 0.617400
vt 0.093600 0.622700
vt 0.091800 0.626600
vt 0.098000 0.632100
vt 0.579000 0.772000
vt 0.574700 0.771000
vt 0.584200 0.753600
vt 0.591700 0.745100
vt 0.985800 0.761800
vt 0.964500 0.734400
vt 0.426200 0.324500
vt 0.126800 0.602700
vt 0.128100 0.613000
vt 0.126400 0.595100
vt 0.131700 0.602200
vt 0.132700 0.612200
vt 0.134700 0.621200
vt 0.129600 0.621800
vt 0.130200 0.626800
vt 0.134900 0.626300
vt 0.861000 0.481200
vt 0.862000 0.483100
vt 0.862700 0.489400
vt 0.857200 0.490400
vt 0.854400 0.484300
vt 0.376800 0.121700
vt 0.376900 0.084700
vt 0.414000 0.086700
vt 0.413900 0.120900
vt 0.201300 0.605100
vt 0.438900 0.875500
vt 0.436000 0.867900
vt 0.927700 0.715400
vt 0.924600 0.711700
vt 0.927700 0.704500
vt 0.931600 0.707200
vt 0.937100 0.712000
vt 0.932300 0.716900
vt 0.134200 0.571300
vt 0.129200 0.569500
vt 0.120500 0.567100
vt 0.127400 0.580100
vt 0.118800 0.579100
vt 0.114900 0.548000
vt 0.117600 0.535500
vt 0.633600 0.589600
vt 0.640300 0.593200
vt 0.730700 0.328900
vt 0.664900 0.429600
vt 0.648100 0.426900
vt 0.655100 0.380500
vt 0.664900 0.379900
vt 0.665100 0.364400
vt 0.674200 0.362700
vt 0.635600 0.559500
vt 0.646400 0.551600
vt 0.651600 0.555600
vt 0.626200 0.573400
vt 0.622600 0.564000
vt 0.583100 0.706400
vt 0.564400 0.729000
vt 0.565600 0.718700
vt 0.572200 0.702600
vt 0.605000 0.776400
vt 0.610100 0.782100
vt 0.600600 0.789900
vt 0.597300 0.786500
vt 0.593700 0.783100
vt 0.971100 0.832900
vt 0.046300 0.524900
vt 0.047500 0.517100
vt 0.054300 0.518900
vt 0.053400 0.526500
vt 0.037300 0.512800
vt 0.041600 0.505700
vt 0.035300 0.521500
vt 0.045274 0.556205
vt 0.035600 0.584100
vt 0.425600 0.984900
vt 0.427700 0.990200
vt 0.424200 0.991800
vt 0.418900 0.987600
vt 0.228400 0.314900
vt 0.224900 0.318700
vt 0.219400 0.312300
vt 0.222100 0.308500
vt 0.944100 0.264300
vt 0.929800 0.253700
vt 0.948200 0.233400
vt 0.963400 0.241100
vt 0.955600 0.253600
vt 0.984500 0.590100
vt 0.987800 0.596900
vt 0.984200 0.600400
vt 0.974000 0.591100
vt 0.976900 0.588200
vt 0.838700 0.409000
vt 0.827400 0.400400
vt 0.829500 0.396700
vt 0.899700 0.719100
vt 0.902100 0.713200
vt 0.920000 0.719700
vt 0.918500 0.726800
vt 0.560200 0.932600
vt 0.551600 0.932900
vt 0.568600 0.932200
vt 0.568600 0.943900
vt 0.559500 0.944200
vt 0.550300 0.944500
vt 0.559600 0.956500
vt 0.549700 0.956300
vt 0.569000 0.956700
vt 0.193300 0.155300
vt 0.190700 0.154000
vt 0.192400 0.149900
vt 0.195000 0.151100
vt 0.197600 0.152400
vt 0.196300 0.156200
vt 0.167800 0.449200
vt 0.155300 0.464200
vt 0.380100 0.388000
vt 0.378100 0.384100
vt 0.381600 0.382300
vt 0.384100 0.386000
vt 0.385500 0.388700
vt 0.381400 0.390700
vt 0.972500 0.584200
vt 0.970400 0.581400
vt 0.972800 0.579100
vt 0.980400 0.584300
vt 0.968200 0.811700
vt 0.972100 0.813600
vt 0.962900 0.808900
vt 0.100000 0.466500
vt 0.117100 0.451200
vt 0.130100 0.438900
vt 0.303400 0.707800
vt 0.313900 0.682100
vt 0.090400 0.481600
vt 0.877000 0.475000
vt 0.872100 0.469700
vt 0.874200 0.466800
vt 0.879200 0.472500
vt 0.882800 0.476100
vt 0.880900 0.478400
vt 0.227200 0.710900
vt 0.232200 0.696300
vt 0.238200 0.681900
vt 0.057600 0.296100
vt 0.057900 0.290600
vt 0.063200 0.289600
vt 0.062500 0.296000
vt 0.061900 0.302600
vt 0.057200 0.302200
vt 0.570600 0.995900
vt 0.570400 0.985900
vt 0.569700 0.968500
vt 0.570200 0.976900
vt 0.560200 0.976900
vt 0.560100 0.968400
vt 0.560200 0.986000
vt 0.632200 0.447300
vt 0.637800 0.450300
vt 0.633500 0.455200
vt 0.620900 0.447100
vt 0.627400 0.443300
vt 0.578200 0.956500
vt 0.046000 0.630300
vt 0.150500 0.325900
vt 0.158900 0.334900
vt 0.143300 0.509800
vt 0.209900 0.404400
vt 0.202100 0.418300
vt 0.211300 0.427600
vt 0.203000 0.435100
vt 0.192000 0.424500
vt 0.025848 0.647747
vt 0.028628 0.647579
vt 0.615200 0.588300
vt 0.624400 0.589900
vt 0.620500 0.594600
vt 0.612300 0.594100
vt 0.608100 0.590400
vt 0.395800 0.211100
vt 0.367000 0.215700
vt 0.395400 0.192800
vt 0.104900 0.638900
vt 0.763000 0.888500
vt 0.893200 0.823400
vt 0.890600 0.821200
vt 0.887900 0.819100
vt 0.892900 0.812900
vt 0.899500 0.819900
vt 0.905400 0.826100
vt 0.895600 0.828700
vt 0.437200 0.994500
vt 0.436800 0.988700
vt 0.435400 0.982800
vt 0.549500 0.968300
vt 0.534400 0.968000
vt 0.845400 0.623900
vt 0.830100 0.614900
vt 0.834400 0.612000
vt 0.517400 0.644900
vt 0.513400 0.642100
vt 0.517800 0.636300
vt 0.977900 0.606300
vt 0.972600 0.611300
vt 0.963100 0.601200
vt 0.968100 0.596600
vt 0.589100 0.377600
vt 0.655500 0.365900
vt 0.645900 0.367100
vt 0.645300 0.380700
vt 0.630400 0.380600
vt 0.629100 0.401700
vt 0.610500 0.399300
vt 0.593000 0.397800
vt 0.656500 0.637900
vt 0.654300 0.633400
vt 0.651200 0.629000
vt 0.654500 0.624100
vt 0.656500 0.618600
vt 0.680400 0.642700
vt 0.673800 0.648700
vt 0.667400 0.655000
vt 0.660700 0.645700
vt 0.377800 0.433900
vt 0.400400 0.411200
vt 0.845300 0.713600
vt 0.848700 0.688500
vt 0.856200 0.687900
vt 0.857800 0.695900
vt 0.864700 0.712200
vt 0.476800 0.994000
vt 0.460000 0.992900
vt 0.459500 0.987400
vt 0.576400 0.541400
vt 0.917900 0.515100
vt 0.915700 0.517900
vt 0.578400 0.544900
vt 0.479000 0.932700
vt 0.637100 0.485100
vt 0.966000 0.502400
vt 0.958300 0.490300
vt 0.628600 0.487300
vt 0.629600 0.483700
vt 0.876100 0.446800
vt 0.880300 0.452300
vt 0.876300 0.452000
vt 0.873700 0.448300
vt 0.869800 0.444700
vt 0.871100 0.442900
vt 0.314100 0.447700
vt 0.312300 0.441000
vt 0.317700 0.444700
vt 0.322000 0.449500
vt 0.325200 0.453000
vt 0.323500 0.454900
vt 0.319200 0.452100
vt 0.415500 0.155100
vt 0.378500 0.158700
vt 0.432100 0.338700
vt 0.129400 0.595200
vt 0.131900 0.588100
vt 0.126700 0.587500
vt 0.205300 0.061200
vt 0.206900 0.061100
vt 0.204200 0.062100
vt 0.203500 0.061400
vt 0.205200 0.063200
vt 0.204000 0.063100
vt 0.203000 0.062600
vt 0.224833 0.049012
vt 0.223433 0.049112
vt 0.223700 0.047400
vt 0.225500 0.047600
vt 0.193613 0.076416
vt 0.195833 0.074312
vt 0.196733 0.075212
vt 0.194865 0.077373
vt 0.194933 0.073512
vt 0.192390 0.075584
vt 0.222300 0.047600
vt 0.221900 0.048600
vt 0.197900 0.035200
vt 0.199500 0.039200
vt 0.197300 0.040200
vt 0.196000 0.036000
vt 0.195900 0.048100
vt 0.192500 0.043500
vt 0.195300 0.041400
vt 0.808100 0.405100
vt 0.808300 0.406100
vt 0.804600 0.407200
vt 0.801900 0.403900
vt 0.803200 0.403300
vt 0.805200 0.405000
vt 0.191600 0.052100
vt 0.193300 0.050300
vt 0.197100 0.055000
vt 0.195700 0.056700
vt 0.188300 0.055500
vt 0.192700 0.060300
vt 0.202300 0.067100
vt 0.199500 0.070800
vt 0.203300 0.067800
vt 0.211100 0.057700
vt 0.211900 0.059300
vt 0.202000 0.037800
vt 0.205600 0.042500
vt 0.204700 0.035900
vt 0.208300 0.040500
vt 0.200100 0.033900
vt 0.202300 0.032400
vt 0.588000 0.341700
vt 0.617800 0.289000
vt 0.657700 0.287200
vt 0.668700 0.308000
vt 0.650300 0.319700
vt 0.608100 0.335600
vt 0.608400 0.346300
vt 0.215500 0.521700
vt 0.218800 0.525300
vt 0.215700 0.527400
vt 0.212500 0.524500
vt 0.208700 0.521100
vt 0.211800 0.518200
vt 0.185100 0.050100
vt 0.188100 0.047500
vt 0.185800 0.057700
vt 0.190100 0.063000
vt 0.186933 0.065612
vt 0.182633 0.059912
vt 0.220500 0.053900
vt 0.219100 0.052500
vt 0.216300 0.057100
vt 0.215300 0.055500
vt 0.200400 0.071600
vt 0.968500 0.526500
vt 0.959400 0.525000
vt 0.948300 0.525300
vt 0.958200 0.517600
vt 0.968100 0.517900
vt 0.978400 0.515900
vt 0.977600 0.529700
vt 0.850200 0.223500
vt 0.832500 0.205400
vt 0.848900 0.193100
vt 0.863900 0.209200
vt 0.377200 0.066500
vt 0.414000 0.052000
vt 0.414200 0.069500
vt 0.319700 0.796700
vt 0.312700 0.808900
vt 0.311700 0.822100
vt 0.313400 0.832700
vt 0.318800 0.846800
vt 0.310500 0.849900
vt 0.307000 0.842900
vt 0.300100 0.808200
vt 0.303000 0.793600
vt 0.308900 0.778800
vt 0.330800 0.784300
vt 0.182900 0.046400
vt 0.185500 0.044400
vt 0.182500 0.052100
vt 0.180400 0.048100
vt 0.180360 0.060952
vt 0.176917 0.054942
vt 0.179133 0.053912
vt 0.538900 0.588300
vt 0.542800 0.592900
vt 0.862900 0.941000
vt 0.865200 0.946700
vt 0.177333 0.049812
vt 0.175075 0.049896
vt 0.857400 0.325100
vt 0.854500 0.330400
vt 0.843600 0.323000
vt 0.847600 0.316600
vt 0.216300 0.049500
vt 0.219700 0.045800
vt 0.486072 0.250942
vt 0.200800 0.059000
vt 0.199900 0.060400
vt 0.860400 0.815200
vt 0.862100 0.821900
vt 0.856100 0.823700
vt 0.854100 0.818100
vt 0.851900 0.814100
vt 0.858300 0.810700
vt 0.188654 0.072310
vt 0.191233 0.070612
vt 0.222700 0.043800
vt 0.225000 0.043300
vt 0.220700 0.044800
vt 0.197400 0.064100
vt 0.194700 0.067500
vt 0.184381 0.067120
vt 0.219900 0.038900
vt 0.222700 0.037400
vt 0.217500 0.040600
vt 0.216200 0.041700
vt 0.215900 0.034200
vt 0.218600 0.032100
vt 0.213600 0.036000
vt 0.212200 0.037100
vt 0.126800 0.332300
vt 0.128500 0.333000
vt 0.127000 0.337400
vt 0.125700 0.338000
vt 0.121700 0.340800
vt 0.120800 0.339000
vt 0.125400 0.339100
vt 0.139306 0.318124
vt 0.137547 0.314380
vt 0.141412 0.313777
vt 0.139800 0.326200
vt 0.135600 0.322300
vt 0.139300 0.320200
vt 0.143300 0.322500
vt 0.144200 0.321100
vt 0.140000 0.340100
vt 0.147200 0.344200
vt 0.144200 0.349200
vt 0.137400 0.344700
vt 0.142700 0.351000
vt 0.136200 0.346200
vt 0.130000 0.341500
vt 0.130900 0.340200
vt 0.141000 0.352800
vt 0.134700 0.347900
vt 0.128800 0.342900
vt 0.130300 0.352100
vt 0.124800 0.345900
vt 0.120500 0.349600
vt 0.116800 0.344100
vt 0.115600 0.342600
vt 0.133200 0.335600
vt 0.149100 0.340500
vt 0.142500 0.335500
vt 0.152900 0.342400
vt 0.151300 0.345600
vt 0.143700 0.355700
vt 0.144900 0.354600
vt 0.141000 0.358900
vt 0.137400 0.356600
vt 0.127100 0.355400
vt 0.112500 0.348900
vt 0.116700 0.354000
vt 0.145306 0.317324
vt 0.145000 0.319500
vt 0.151900 0.324000
vt 0.131400 0.327200
vt 0.136000 0.330600
vt 0.129700 0.326300
vt 0.134500 0.320600
vt 0.111100 0.347600
vt 0.882300 0.248500
vt 0.860400 0.291200
vt 0.852500 0.285900
vt 0.864500 0.234500
vt 0.873500 0.241500
vt 0.140300 0.274100
vt 0.136900 0.271500
vt 0.138500 0.268900
vt 0.145700 0.273900
vt 0.124300 0.359700
vt 0.153306 0.321524
vt 0.158406 0.328624
vt 0.160358 0.325501
vt 0.163001 0.329277
vt 0.161006 0.332124
vt 0.154706 0.319082
vt 0.146650 0.314163
vt 0.949700 0.593900
vt 0.947300 0.590300
vt 0.951000 0.588200
vt 0.953000 0.592200
vt 0.949800 0.586000
vt 0.947200 0.585100
vt 0.989700 0.586800
vt 0.991900 0.593800
vt 0.814500 0.399500
vt 0.813500 0.401600
vt 0.812100 0.400900
vt 0.813500 0.397700
vt 0.814700 0.397500
vt 0.959600 0.604700
vt 0.954400 0.600400
vt 0.958400 0.597600
vt 0.955700 0.609100
vt 0.951000 0.604400
vt 0.948200 0.601500
vt 0.951200 0.597200
vt 0.946200 0.609000
vt 0.943600 0.605700
vt 0.942600 0.604300
vt 0.946900 0.600300
vt 0.939500 0.607100
vt 0.938700 0.605700
vt 0.861800 0.582000
vt 0.849600 0.575800
vt 0.854900 0.572000
vt 0.864900 0.570300
vt 0.954700 0.578800
vt 0.956700 0.579100
vt 0.958400 0.581100
vt 0.958300 0.587500
vt 0.951000 0.580800
vt 0.943100 0.747800
vt 0.949500 0.740700
vt 0.951700 0.746200
vt 0.945500 0.750800
vt 0.954900 0.594600
vt 0.960900 0.589300
vt 0.964000 0.592200
vt 0.969600 0.586000
vt 0.967600 0.583000
vt 0.966200 0.581500
vt 0.968900 0.579800
vt 0.984700 0.579000
vt 0.946800 0.615800
vt 0.950000 0.613400
vt 0.955700 0.620500
vt 0.952800 0.623500
vt 0.959900 0.624700
vt 0.957800 0.628200
vt 0.508400 0.845200
vt 0.513800 0.843700
vt 0.520500 0.842000
vt 0.521300 0.846500
vt 0.514600 0.848800
vt 0.508800 0.850900
vt 0.965000 0.609900
vt 0.960700 0.615000
vt 0.942000 0.610500
vt 0.975200 0.574500
vt 0.971200 0.577700
vt 0.973600 0.574000
vt 0.714300 0.804600
vt 0.709800 0.810100
vt 0.702400 0.818000
vt 0.695700 0.812900
vt 0.710100 0.800000
vt 0.969100 0.614700
vt 0.964700 0.619000
vt 0.537900 0.719400
vt 0.633800 0.891200
vt 0.623900 0.884000
vt 0.626600 0.878000
vt 0.623600 0.135200
vt 0.623100 0.132800
vt 0.625300 0.135700
vt 0.620600 0.112000
vt 0.618000 0.114600
vt 0.616300 0.111700
vt 0.622600 0.107600
vt 0.624100 0.113100
vt 0.626900 0.109800
vt 0.633900 0.116500
vt 0.637900 0.113700
vt 0.640300 0.118000
vt 0.635800 0.118100
vt 0.642000 0.115700
vt 0.645000 0.116100
vt 0.644700 0.118400
vt 0.632300 0.125400
vt 0.634600 0.121900
vt 0.637300 0.123300
vt 0.634600 0.127300
vt 0.629400 0.123000
vt 0.631600 0.120000
vt 0.180600 0.109000
vt 0.177300 0.111800
vt 0.170400 0.104300
vt 0.173900 0.102000
vt 0.891000 0.605200
vt 0.887100 0.614400
vt 0.882400 0.626800
vt 0.876400 0.625600
vt 0.887000 0.603900
vt 0.891400 0.597200
vt 0.894600 0.598000
vt 0.615700 0.116900
vt 0.612300 0.120100
vt 0.610200 0.117700
vt 0.613500 0.114600
vt 0.628500 0.101900
vt 0.632000 0.105100
vt 0.637300 0.108200
vt 0.640000 0.112900
vt 0.635000 0.109400
vt 0.510200 0.855600
vt 0.504200 0.858200
vt 0.503700 0.852900
vt 0.516300 0.853300
vt 0.622400 0.143400
vt 0.623500 0.138800
vt 0.625400 0.139300
vt 0.624100 0.144000
vt 0.648600 0.116400
vt 0.649000 0.118300
vt 0.630800 0.131200
vt 0.627100 0.133100
vt 0.626500 0.130200
vt 0.629200 0.128500
vt 0.623800 0.131100
vt 0.621700 0.129400
vt 0.631000 0.100000
vt 0.634400 0.103500
vt 0.640100 0.106900
vt 0.643300 0.111800
vt 0.613000 0.134800
vt 0.614400 0.131200
vt 0.619100 0.133700
vt 0.618200 0.137500
vt 0.620100 0.131300
vt 0.933500 0.833200
vt 0.936000 0.843300
vt 0.917700 0.837000
vt 0.917700 0.832300
vt 0.914000 0.824100
vt 0.238600 0.841200
vt 0.229100 0.818700
vt 0.252800 0.815100
vt 0.268000 0.849300
vt 0.247500 0.856800
vt 0.607900 0.120300
vt 0.610100 0.122900
vt 0.601800 0.130100
vt 0.604400 0.127900
vt 0.607700 0.132000
vt 0.636900 0.102000
vt 0.633100 0.098400
vt 0.629400 0.094600
vt 0.631100 0.093000
vt 0.606400 0.125000
vt 0.609600 0.128600
vt 0.616100 0.128400
vt 0.612000 0.125500
vt 0.602500 0.121700
vt 0.603600 0.119800
vt 0.600600 0.123800
vt 0.598300 0.125800
vt 0.272700 0.479300
vt 0.273000 0.486400
vt 0.271000 0.486100
vt 0.269600 0.479400
vt 0.138700 0.362200
vt 0.136900 0.366000
vt 0.132700 0.364300
vt 0.832100 0.727600
vt 0.802000 0.704900
vt 0.817500 0.700600
vt 0.630900 0.642700
vt 0.631900 0.641800
vt 0.633600 0.643500
vt 0.629300 0.644400
vt 0.178000 0.170300
vt 0.180400 0.168400
vt 0.182200 0.171000
vt 0.183700 0.173500
vt 0.181300 0.175200
vt 0.179600 0.172900
vt 0.624900 0.639100
vt 0.624500 0.634200
vt 0.628000 0.637700
vt 0.626900 0.638600
vt 0.631600 0.653000
vt 0.636000 0.646000
vt 0.640800 0.650200
vt 0.635300 0.654300
vt 0.490000 0.719000
vt 0.497200 0.714600
vt 0.613800 0.786200
vt 0.623100 0.778500
vt 0.627300 0.782200
vt 0.618900 0.774900
vt 0.482400 0.711600
vt 0.487900 0.708800
vt 0.469900 0.679700
vt 0.451300 0.668200
vt 0.455900 0.664100
vt 0.451600 0.676300
vt 0.906400 0.275500
vt 0.893300 0.290100
vt 0.882500 0.278400
vt 0.904300 0.248200
vt 0.934900 0.220000
vt 0.470800 0.706200
vt 0.480400 0.689700
vt 0.304000 0.853800
vt 0.300100 0.846500
vt 0.314300 0.859100
vt 0.278600 0.866300
vt 0.295100 0.859000
vt 0.290500 0.851300
vt 0.273300 0.858400
vt 0.838400 0.597700
vt 0.840900 0.601700
vt 0.831500 0.606600
vt 0.827600 0.601100
vt 0.845400 0.606600
vt 0.822000 0.611800
vt 0.812000 0.608300
vt 0.820200 0.598700
vt 0.826700 0.613800
vt 0.804200 0.632800
vt 0.821800 0.633600
vt 0.819900 0.652500
vt 0.801500 0.646900
vt 0.686400 0.973600
vt 0.828500 0.634000
vt 0.830300 0.647300
vt 0.511300 0.647600
vt 0.511400 0.651200
vt 0.462100 0.241300
vt 0.441837 0.252577
vt 0.440700 0.242700
vt 0.682900 0.573200
vt 0.669900 0.565100
vt 0.691800 0.572200
vt 0.589700 0.846200
vt 0.569500 0.845300
vt 0.603700 0.835900
vt 0.612200 0.831700
vt 0.620200 0.826700
vt 0.624400 0.833100
vt 0.603700 0.851200
vt 0.137500 0.823200
vt 0.148300 0.831900
vt 0.136800 0.843800
vt 0.529200 0.737100
vt 0.537200 0.730500
vt 0.541200 0.733100
vt 0.529400 0.753400
vt 0.524800 0.730100
vt 0.531700 0.725500
vt 0.546000 0.734700
vt 0.559300 0.738300
vt 0.549900 0.758600
vt 0.536200 0.754200
vt 0.613800 0.656400
vt 0.604600 0.654400
vt 0.611700 0.650400
vt 0.621700 0.648600
vt 0.755400 0.303600
vt 0.771100 0.301600
vt 0.772400 0.320600
vt 0.613600 0.644200
vt 0.621100 0.641000
vt 0.621800 0.645000
vt 0.854200 0.613600
vt 0.852100 0.601100
vt 0.859300 0.605700
vt 0.866600 0.609100
vt 0.861900 0.617800
vt 0.854600 0.621500
vt 0.520500 0.632000
vt 0.522300 0.627200
vt 0.529300 0.629100
vt 0.526200 0.634400
vt 0.522000 0.619800
vt 0.529300 0.620400
vt 0.480200 0.260100
vt 0.554900 0.678400
vt 0.528000 0.704500
vt 0.517100 0.688300
vt 0.532900 0.683600
vt 0.562900 0.678500
vt 0.491800 0.678000
vt 0.498300 0.682300
vt 0.497800 0.687200
vt 0.488800 0.686100
vt 0.473900 0.674700
vt 0.478300 0.668100
vt 0.918800 0.315600
vt 0.905500 0.300400
vt 0.919300 0.287100
vt 0.718100 0.694600
vt 0.730500 0.696300
vt 0.788200 0.649000
vt 0.779900 0.656100
vt 0.553700 0.631400
vt 0.554300 0.621500
vt 0.562900 0.624500
vt 0.563300 0.635000
vt 0.301700 0.899900
vt 0.313600 0.889700
vt 0.319500 0.896000
vt 0.309700 0.911600
vt 0.990000 0.771900
vt 0.619200 0.618800
vt 0.624500 0.621600
vt 0.622300 0.626700
vt 0.619500 0.624700
vt 0.616400 0.622000
vt 0.848100 0.633400
vt 0.828000 0.622900
vt 0.821700 0.621700
vt 0.803700 0.620900
vt 0.567900 0.784300
vt 0.566900 0.788800
vt 0.559400 0.787800
vt 0.561000 0.782400
vt 0.570600 0.769400
vt 0.899900 0.593600
vt 0.897200 0.599000
vt 0.644700 0.482900
vt 0.654300 0.492000
vt 0.650700 0.494700
vt 0.646600 0.495600
vt 0.642800 0.487900
vt 0.895100 0.810400
vt 0.898400 0.813900
vt 0.902200 0.818000
vt 0.549300 0.593600
vt 0.545000 0.586800
vt 0.552300 0.600900
vt 0.547600 0.574300
vt 0.551800 0.579000
vt 0.584600 0.619700
vt 0.580500 0.617300
vt 0.582500 0.608100
vt 0.323300 0.486900
vt 0.323700 0.482300
vt 0.327100 0.483400
vt 0.329700 0.484100
vt 0.330000 0.488300
vt 0.577600 0.615600
vt 0.577000 0.609200
vt 0.578100 0.624200
vt 0.335800 0.794600
vt 0.329300 0.802100
vt 0.994100 0.789400
vt 0.986600 0.795300
vt 0.980800 0.788000
vt 0.990300 0.782800
vt 0.997000 0.793400
vt 0.990100 0.799600
vt 0.637600 0.715500
vt 0.632800 0.721900
vt 0.626200 0.719800
vt 0.633700 0.710400
vt 0.962700 0.777400
vt 0.975000 0.800100
vt 0.980900 0.805900
vt 0.985700 0.810100
vt 0.575300 0.517700
vt 0.925300 0.502500
vt 0.920700 0.504400
vt 0.577300 0.527500
vt 0.573700 0.526500
vt 0.889100 0.627300
vt 0.883700 0.642700
vt 0.876400 0.641800
vt 0.675800 0.324400
vt 0.370700 0.637400
vt 0.370600 0.652400
vt 0.357000 0.652800
vt 0.355600 0.662500
vt 0.341100 0.660600
vt 0.368400 0.596200
vt 0.388600 0.600400
vt 0.389700 0.617900
vt 0.391900 0.636500
vt 0.623700 0.716500
vt 0.618100 0.722300
vt 0.615800 0.719700
vt 0.621400 0.713500
vt 0.620500 0.725100
vt 0.892100 0.930400
vt 0.884400 0.931700
vt 0.059400 0.084500
vt 0.059500 0.078700
vt 0.063100 0.079700
vt 0.063000 0.086200
vt 0.055700 0.082800
vt 0.055600 0.077900
vt 0.918100 0.778800
vt 0.911000 0.786700
vt 0.904400 0.781600
vt 0.910600 0.773800
vt 0.903200 0.770400
vt 0.898700 0.777100
vt 0.895200 0.774300
vt 0.898400 0.768900
vt 0.911000 0.892800
vt 0.918800 0.898200
vt 0.911700 0.906800
vt 0.903500 0.902100
vt 0.891300 0.892700
vt 0.892700 0.900000
vt 0.657500 0.547500
vt 0.663100 0.534900
vt 0.668400 0.538200
vt 0.961100 0.798500
vt 0.953100 0.802500
vt 0.955200 0.796400
vt 0.563800 0.566000
vt 0.576700 0.580000
vt 0.573300 0.582200
vt 0.557000 0.565400
vt 0.553800 0.562100
vt 0.557700 0.559300
vt 0.560800 0.562900
vt 0.938900 0.792000
vt 0.943000 0.786800
vt 0.947300 0.782700
vt 0.518500 0.767500
vt 0.524600 0.767900
vt 0.523000 0.772200
vt 0.517300 0.772500
vt 0.522900 0.778400
vt 0.515700 0.779600
vt 0.377200 0.392400
vt 0.376000 0.389700
vt 0.382300 0.393600
vt 0.378500 0.394900
vt 0.528200 0.772000
vt 0.529400 0.777200
vt 0.530500 0.768600
vt 0.540500 0.776200
vt 0.810300 0.394400
vt 0.807200 0.395300
vt 0.806700 0.393800
vt 0.810400 0.393300
vt 0.816200 0.394800
vt 0.814600 0.395500
vt 0.649700 0.455300
vt 0.655400 0.445000
vt 0.662800 0.446900
vt 0.660800 0.452300
vt 0.659900 0.461900
vt 0.431900 0.651200
vt 0.434100 0.646700
vt 0.436000 0.650500
vt 0.433300 0.653300
vt 0.960600 0.729900
vt 0.964700 0.730900
vt 0.571400 0.784000
vt 0.723800 0.751900
vt 0.713500 0.737700
vt 0.723500 0.726400
vt 0.729100 0.743500
vt 0.736900 0.764600
vt 0.069600 0.355800
vt 0.076200 0.374900
vt 0.066300 0.409600
vt 0.068700 0.400600
vt 0.070300 0.391200
vt 0.070200 0.384200
vt 0.065000 0.357000
vt 0.676300 0.498700
vt 0.676500 0.507300
vt 0.672200 0.507800
vt 0.668500 0.501500
vt 0.659200 0.488600
vt 0.666000 0.484200
vt 0.829800 0.590100
vt 0.834200 0.588400
vt 0.862900 0.678100
vt 0.866400 0.680600
vt 0.854800 0.685300
vt 0.859100 0.676200
vt 0.848900 0.685000
vt 0.849500 0.675000
vt 0.923500 0.742700
vt 0.932400 0.737300
vt 0.933300 0.741300
vt 0.927100 0.747000
vt 0.941600 0.737300
vt 0.937400 0.743500
vt 0.931400 0.749800
vt 0.568500 0.693200
vt 0.570500 0.680100
vt 0.574800 0.664600
vt 0.583200 0.670400
vt 0.574800 0.695200
vt 0.627300 0.471300
vt 0.616900 0.470800
vt 0.615100 0.463000
vt 0.621000 0.455800
vt 0.627400 0.459000
vt 0.630900 0.464500
vt 0.429100 0.671100
vt 0.419100 0.672700
vt 0.416700 0.655800
vt 0.426900 0.655500
vt 0.604200 0.465200
vt 0.598200 0.458200
vt 0.606400 0.455100
vt 0.614500 0.451400
vt 0.909100 0.946100
vt 0.924900 0.951600
vt 0.589700 0.497000
vt 0.602600 0.488100
vt 0.945100 0.482700
vt 0.951600 0.486400
vt 0.939100 0.495600
vt 0.075600 0.084000
vt 0.075500 0.066400
vt 0.085500 0.067300
vt 0.079000 0.087900
vt 0.083600 0.088200
vt 0.076200 0.092100
vt 0.074400 0.089600
vt 0.812300 0.663900
vt 0.803900 0.665300
vt 0.509400 0.680300
vt 0.505900 0.689200
vt 0.505100 0.684600
vt 0.951200 0.732100
vt 0.945900 0.725800
vt 0.951400 0.722100
vt 0.955400 0.730100
vt 0.872300 0.685000
vt 0.865500 0.697500
vt 0.158100 0.213800
vt 0.163000 0.212700
vt 0.164100 0.216600
vt 0.166500 0.222700
vt 0.162500 0.224800
vt 0.807200 0.683800
vt 0.824000 0.694400
vt 0.399700 0.754400
vt 0.413200 0.764500
vt 0.401400 0.768700
vt 0.389800 0.764500
vt 0.881700 0.418900
vt 0.883200 0.424500
vt 0.883400 0.428700
vt 0.879900 0.431400
vt 0.877000 0.427900
vt 0.873700 0.422300
vt 0.870600 0.416400
vt 0.877300 0.412000
vt 0.493400 0.855600
vt 0.490400 0.852000
vt 0.494300 0.845300
vt 0.499000 0.846600
vt 0.351500 0.782300
vt 0.343700 0.788500
vt 0.342600 0.780000
vt 0.355000 0.775800
vt 0.486500 0.860100
vt 0.360900 0.763900
vt 0.364100 0.771700
vt 0.346200 0.765000
vt 0.862200 0.734900
vt 0.870900 0.746300
vt 0.865400 0.752300
vt 0.854800 0.744300
vt 0.872200 0.749900
vt 0.868900 0.754600
vt 0.019800 0.091300
vt 0.013800 0.094500
vt 0.012100 0.085900
vt 0.019100 0.033800
vt 0.131400 0.187200
vt 0.125800 0.184500
vt 0.127200 0.178900
vt 0.132800 0.180600
vt 0.136900 0.182100
vt 0.134700 0.190000
vt 0.926000 0.728300
vt 0.933000 0.728100
vt 0.756400 0.392000
vt 0.757200 0.401900
vt 0.747000 0.411400
vt 0.947400 0.771100
vt 0.949300 0.777400
vt 0.939300 0.772400
vt 0.940100 0.767700
vt 0.456100 0.612600
vt 0.453400 0.623500
vt 0.446100 0.629200
vt 0.441900 0.622600
vt 0.445900 0.614600
vt 0.449300 0.606500
vt 0.562300 0.490400
vt 0.789500 0.237200
vt 0.780300 0.194600
vt 0.167000 0.843800
vt 0.176700 0.827800
vt 0.193100 0.837400
vt 0.180600 0.853800
vt 0.926500 0.519900
vt 0.938000 0.523500
vt 0.930500 0.525800
vt 0.399500 0.785100
vt 0.398700 0.780500
vt 0.411700 0.779000
vt 0.414700 0.784500
vt 0.400100 0.790000
vt 0.417600 0.790500
vt 0.499900 0.889200
vt 0.505100 0.882800
vt 0.509900 0.887600
vt 0.505500 0.896500
vt 0.891800 0.615300
vt 0.790500 0.955100
vt 0.764600 0.953000
vt 0.742200 0.951700
vt 0.741500 0.938700
vt 0.781600 0.935800
vt 0.796000 0.938200
vt 0.812700 0.928000
vt 0.500300 0.817500
vt 0.500700 0.820800
vt 0.493500 0.819000
vt 0.492400 0.814500
vt 0.500200 0.814100
vt 0.491400 0.810000
vt 0.932300 0.553800
vt 0.943900 0.553000
vt 0.943800 0.568100
vt 0.928600 0.567000
vt 0.287200 0.911600
vt 0.286400 0.939400
vt 0.273800 0.925100
vt 0.212200 0.957200
vt 0.219800 0.953500
vt 0.227400 0.968800
vt 0.219700 0.975600
vt 0.847500 0.597400
vt 0.844200 0.594000
vt 0.647800 0.916300
vt 0.656100 0.916200
vt 0.046700 0.188600
vt 0.054600 0.135000
vt 0.067600 0.137200
vt 0.065200 0.164600
vt 0.066100 0.186800
vt 0.334200 0.876200
vt 0.330900 0.880600
vt 0.327400 0.877400
vt 0.330100 0.874400
vt 0.329900 0.870900
vt 0.334900 0.870900
vt 0.996900 0.786600
vt 0.994500 0.781100
vt 0.998100 0.789900
vt 0.579500 0.591900
vt 0.580400 0.589600
vt 0.585200 0.594600
vt 0.581400 0.597400
vt 0.495400 0.862400
vt 0.497300 0.868500
vt 0.489800 0.872500
vt 0.486200 0.867200
vt 0.615400 0.870000
vt 0.600300 0.859100
vt 0.749800 0.522700
vt 0.747900 0.532900
vt 0.732200 0.533700
vt 0.739900 0.513900
vt 0.750900 0.505500
vt 0.587900 0.853000
vt 0.936200 0.636800
vt 0.941400 0.642200
vt 0.691100 0.597300
vt 0.668500 0.606800
vt 0.647900 0.707000
vt 0.644100 0.699600
vt 0.922500 0.929100
vt 0.930300 0.932000
vt 0.927200 0.942800
vt 0.079400 0.876900
vt 0.066700 0.855500
vt 0.081300 0.848500
vt 0.093700 0.868800
vt 0.103000 0.881100
vt 0.112600 0.892500
vt 0.099400 0.903700
vt 0.089400 0.890300
vt 0.554400 0.569100
vt 0.550500 0.565200
vt 0.640600 0.435000
vt 0.620600 0.434200
vt 0.613900 0.420500
vt 0.628500 0.422600
vt 0.640100 0.425200
vt 0.321700 0.882300
vt 0.731100 0.576000
vt 0.727800 0.565300
vt 0.749900 0.555600
vt 0.755500 0.562600
vt 0.757600 0.572500
vt 0.734900 0.584100
vt 0.627500 0.651300
vt 0.624000 0.649800
vt 0.618800 0.660800
vt 0.615700 0.658000
vt 0.623200 0.664100
vt 0.761800 0.674400
vt 0.743000 0.660200
vt 0.796200 0.667000
vt 0.798000 0.683100
vt 0.791300 0.680600
vt 0.788800 0.670900
vt 0.724000 0.646700
vt 0.733400 0.680500
vt 0.715900 0.676900
vt 0.715900 0.662400
vt 0.272500 0.952100
vt 0.261900 0.963700
vt 0.250800 0.949700
vt 0.260800 0.939200
vt 0.933500 0.274300
vt 0.262300 0.912200
vt 0.850700 0.661500
vt 0.035600 0.131100
vt 0.843000 0.773200
vt 0.833900 0.776300
vt 0.831300 0.764300
vt 0.021000 0.193800
vt 0.022000 0.184700
vt 0.029200 0.107400
vt 0.038000 0.109500
vt 0.428611 0.251332
vt 0.419913 0.249946
vt 0.419700 0.239500
vt 0.253300 0.866300
vt 0.461000 0.152400
vt 0.438300 0.153100
vt 0.437400 0.120400
vt 0.461200 0.119900
vt 0.877900 0.963400
vt 0.518100 0.581600
vt 0.525900 0.581800
vt 0.862900 0.967800
vt 0.873500 0.958700
vt 0.248800 0.794900
vt 0.272000 0.793300
vt 0.207700 0.880900
vt 0.215300 0.889000
vt 0.228700 0.878900
vt 0.235600 0.887700
vt 0.288300 0.793000
vt 0.322800 0.810800
vt 0.320500 0.820900
vt 0.872900 0.585100
vt 0.879800 0.571100
vt 0.862300 0.446000
vt 0.866100 0.442100
vt 0.867100 0.443700
vt 0.861700 0.452400
vt 0.859300 0.451900
vt 0.704200 0.982100
vt 0.687500 0.982700
vt 0.702900 0.972900
vt 0.701400 0.963500
vt 0.762600 0.965200
vt 0.557900 0.833900
vt 0.568500 0.831700
vt 0.578500 0.829300
vt 0.869200 0.622200
vt 0.874600 0.611500
vt 0.862700 0.629600
vt 0.894300 0.606300
vt 0.175100 0.166700
vt 0.170800 0.162600
vt 0.168500 0.160300
vt 0.169300 0.158900
vt 0.172500 0.160900
vt 0.177200 0.165000
vt 0.500300 0.875800
vt 0.494100 0.880200
vt 0.518100 0.872400
vt 0.512300 0.876500
vt 0.508300 0.870500
vt 0.514500 0.866700
vt 0.505800 0.863900
vt 0.512100 0.860800
vt 0.518600 0.858000
vt 0.520800 0.863200
vt 0.061500 0.318000
vt 0.067200 0.303400
vt 0.065900 0.318600
vt 0.851000 0.652400
vt 0.034600 0.592900
vt 0.033000 0.601600
vt 0.504100 0.846400
vt 0.514000 0.839400
vt 0.520300 0.838500
vt 0.509100 0.840000
vt 0.509800 0.836400
vt 0.514400 0.836400
vt 0.520500 0.836000
vt 0.501600 0.840200
vt 0.503000 0.835500
vt 0.506600 0.836200
vt 0.505600 0.840400
vt 0.515100 0.832100
vt 0.520900 0.832500
vt 0.510500 0.831300
vt 0.507000 0.830500
vt 0.502600 0.829200
vt 0.500800 0.834600
vt 0.498400 0.827500
vt 0.507200 0.825900
vt 0.507400 0.823200
vt 0.511800 0.824800
vt 0.511300 0.827200
vt 0.501500 0.824000
vt 0.495600 0.822100
vt 0.516000 0.828500
vt 0.521700 0.829300
vt 0.516700 0.826300
vt 0.522300 0.827300
vt 0.517100 0.824100
vt 0.517300 0.821900
vt 0.522200 0.824200
vt 0.522600 0.825400
vt 0.512100 0.822300
vt 0.512300 0.819500
vt 0.507500 0.820400
vt 0.507700 0.817500
vt 0.516300 0.880200
vt 0.521200 0.875900
vt 0.535600 0.860500
vt 0.536900 0.863200
vt 0.531100 0.866500
vt 0.529300 0.864200
vt 0.542700 0.859900
vt 0.542500 0.857600
vt 0.534100 0.856600
vt 0.541700 0.853700
vt 0.527200 0.859900
vt 0.523700 0.868200
vt 0.550100 0.851700
vt 0.559200 0.850500
vt 0.558900 0.854700
vt 0.550300 0.855700
vt 0.549700 0.847800
vt 0.559300 0.846300
vt 0.540800 0.849800
vt 0.532800 0.852500
vt 0.549300 0.843900
vt 0.539800 0.846000
vt 0.531000 0.848400
vt 0.548500 0.840000
vt 0.538800 0.842100
vt 0.529500 0.844300
vt 0.547700 0.836200
vt 0.537800 0.838300
vt 0.528600 0.840200
vt 0.547000 0.833300
vt 0.557200 0.831000
vt 0.882300 0.305700
vt 0.874800 0.318700
vt 0.868100 0.333900
vt 0.862000 0.330000
vt 0.862600 0.323100
vt 0.870500 0.298000
vt 0.537100 0.833500
vt 0.546600 0.831500
vt 0.537300 0.835400
vt 0.556700 0.829000
vt 0.528300 0.837100
vt 0.528200 0.835000
vt 0.546000 0.828700
vt 0.555800 0.826100
vt 0.536800 0.830700
vt 0.528300 0.832000
vt 0.545400 0.826000
vt 0.554800 0.823300
vt 0.536600 0.828000
vt 0.536500 0.826200
vt 0.545000 0.824200
vt 0.554000 0.821400
vt 0.528600 0.829100
vt 0.528900 0.827300
vt 0.544500 0.822300
vt 0.553200 0.819500
vt 0.536300 0.824400
vt 0.535700 0.823100
vt 0.544000 0.820500
vt 0.552300 0.817800
vt 0.528900 0.823700
vt 0.529000 0.825500
vt 0.563300 0.818000
vt 0.562200 0.816000
vt 0.561000 0.813900
vt 0.032300 0.373100
vt 0.037100 0.356600
vt 0.039300 0.357200
vt 0.034900 0.374400
vt 0.041600 0.357700
vt 0.037500 0.375700
vt 0.568200 0.854800
vt 0.567600 0.858300
vt 0.558500 0.857400
vt 0.550600 0.858700
vt 0.597300 0.865500
vt 0.595300 0.869400
vt 0.584200 0.862700
vt 0.585800 0.858700
vt 0.734300 0.785100
vt 0.728900 0.790200
vt 0.723600 0.783900
vt 0.716500 0.777700
vt 0.719800 0.770100
vt 0.733800 0.779100
vt 0.569000 0.850100
vt 0.612300 0.876400
vt 0.610100 0.881000
vt 0.622300 0.888400
vt 0.704700 0.551700
vt 0.127500 0.409300
vt 0.117300 0.401200
vt 0.122100 0.396900
vt 0.708200 0.541800
vt 0.711000 0.548900
vt 0.640200 0.879600
vt 0.637300 0.885500
vt 0.628100 0.842200
vt 0.376200 0.436200
vt 0.182900 0.785200
vt 0.155400 0.818200
vt 0.158100 0.778900
vt 0.156400 0.754600
vt 0.181300 0.760700
vt 0.510200 0.672600
vt 0.534300 0.660300
vt 0.522100 0.665900
vt 0.541700 0.654800
vt 0.508400 0.668600
vt 0.502000 0.664500
vt 0.507800 0.665400
vt 0.501300 0.667800
vt 0.501500 0.671700
vt 0.520700 0.661900
vt 0.531800 0.656500
vt 0.539100 0.652400
vt 0.901700 0.886600
vt 0.888200 0.886800
vt 0.070200 0.318700
vt 0.072800 0.304000
vt 0.071400 0.311100
vt 0.803800 0.401900
vt 0.802600 0.400900
vt 0.803900 0.397700
vt 0.805200 0.396300
vt 0.809200 0.398000
vt 0.806700 0.398500
vt 0.612500 0.562000
vt 0.604500 0.560300
vt 0.902900 0.547400
vt 0.922100 0.536800
vt 0.924500 0.540400
vt 0.872500 0.936300
vt 0.542000 0.550300
vt 0.538300 0.558600
vt 0.525800 0.556200
vt 0.510100 0.561100
vt 0.506100 0.555000
vt 0.519800 0.549000
vt 0.532700 0.541000
vt 0.473800 0.628500
vt 0.469300 0.627900
vt 0.471700 0.619000
vt 0.475500 0.610000
vt 0.485300 0.596200
vt 0.506700 0.579300
vt 0.509400 0.583700
vt 0.874300 0.941700
vt 0.883300 0.938600
vt 0.877700 0.946800
vt 0.874500 0.945200
vt 0.892200 0.942700
vt 0.882400 0.950500
vt 0.889800 0.954800
vt 0.884800 0.955100
vt 0.900600 0.924300
vt 0.902900 0.928700
vt 0.893600 0.932800
vt 0.894100 0.919800
vt 0.910800 0.919800
vt 0.905900 0.914500
vt 0.910100 0.915700
vt 0.915500 0.910300
vt 0.918300 0.914600
vt 0.899100 0.911000
vt 0.892800 0.907200
vt 0.888000 0.909900
vt 0.908200 0.936600
vt 0.575300 0.819300
vt 0.565800 0.823100
vt 0.564400 0.820000
vt 0.581300 0.811100
vt 0.583700 0.814800
vt 0.476600 0.637900
vt 0.473100 0.638700
vt 0.476600 0.629300
vt 0.468400 0.639200
vt 0.473900 0.646400
vt 0.469100 0.647500
vt 0.476700 0.652100
vt 0.472000 0.653800
vt 0.477600 0.645100
vt 0.484500 0.655700
vt 0.463400 0.649000
vt 0.461200 0.635900
vt 0.467000 0.656600
vt 0.481600 0.663300
vt 0.491500 0.669100
vt 0.484000 0.659700
vt 0.492500 0.665000
vt 0.496900 0.666600
vt 0.496300 0.670600
vt 0.497500 0.663200
vt 0.493000 0.661900
vt 0.141100 0.496800
vt 0.107100 0.545100
vt 0.103800 0.577300
vt 0.088700 0.575500
vt 0.087000 0.593600
vt 0.063100 0.591000
vt 0.064500 0.572500
vt 0.064700 0.558900
vt 0.054361 0.557540
vt 0.183800 0.436800
vt 0.186700 0.439800
vt 0.461100 0.660500
vt 0.646200 0.460700
vt 0.642900 0.467100
vt 0.450200 0.654500
vt 0.456600 0.651400
vt 0.444800 0.657900
vt 0.441600 0.669000
vt 0.445700 0.679900
vt 0.694500 0.468100
vt 0.690400 0.476300
vt 0.681100 0.470100
vt 0.668100 0.462300
vt 0.671800 0.456400
vt 0.685600 0.462900
vt 0.461900 0.710000
vt 0.457000 0.702600
vt 0.466700 0.717000
vt 0.476600 0.713700
vt 0.483400 0.721500
vt 0.490700 0.742100
vt 0.482200 0.745600
vt 0.478900 0.737200
vt 0.483700 0.750500
vt 0.474500 0.482700
vt 0.484900 0.446600
vt 0.581000 0.268400
vt 0.617900 0.230600
vt 0.630300 0.245800
vt 0.601800 0.271800
vt 0.594500 0.279900
vt 0.522400 0.740700
vt 0.522000 0.754600
vt 0.185100 0.562000
vt 0.182600 0.558300
vt 0.178800 0.553600
vt 0.177100 0.555300
vt 0.181000 0.559600
vt 0.183600 0.563100
vt 0.185000 0.565500
vt 0.186700 0.564400
vt 0.494600 0.750700
vt 0.511600 0.756700
vt 0.502300 0.758400
vt 0.495100 0.754500
vt 0.248800 0.433300
vt 0.222000 0.419300
vt 0.231200 0.412000
vt 0.520100 0.722900
vt 0.876300 0.842700
vt 0.895600 0.839200
vt 0.917700 0.845800
vt 0.918000 0.858700
vt 0.908900 0.634700
vt 0.906000 0.632900
vt 0.907400 0.630600
vt 0.911000 0.632600
vt 0.485100 0.754700
vt 0.477600 0.759800
vt 0.475500 0.755200
vt 0.469900 0.767100
vt 0.473300 0.750100
vt 0.469600 0.741300
vt 0.460500 0.746800
vt 0.454700 0.734100
vt 0.463700 0.728900
vt 0.472400 0.725200
vt 0.449700 0.724800
vt 0.458600 0.720200
vt 0.439000 0.742300
vt 0.445700 0.754400
vt 0.464700 0.756100
vt 0.450900 0.763500
vt 0.421300 0.748700
vt 0.418100 0.739800
vt 0.434700 0.732700
vt 0.430400 0.722100
vt 0.445000 0.715500
vt 0.350900 0.892200
vt 0.344700 0.888800
vt 0.454100 0.712400
vt 0.449600 0.704300
vt 0.444900 0.695200
vt 0.451900 0.693700
vt 0.440600 0.706200
vt 0.436400 0.696500
vt 0.439300 0.681800
vt 0.431600 0.682500
vt 0.436200 0.670800
vt 0.908700 0.661400
vt 0.902900 0.654100
vt 0.904700 0.651700
vt 0.908800 0.656100
vt 0.420900 0.684800
vt 0.423900 0.700000
vt 0.426700 0.711100
vt 0.364100 0.707700
vt 0.382400 0.708900
vt 0.383300 0.693300
vt 0.394200 0.708100
vt 0.398000 0.745300
vt 0.382900 0.745800
vt 0.382900 0.754400
vt 0.359600 0.753400
vt 0.339200 0.766600
vt 0.331000 0.765800
vt 0.340400 0.728100
vt 0.361300 0.731700
vt 0.803800 0.431200
vt 0.806600 0.428900
vt 0.809900 0.432600
vt 0.813100 0.436500
vt 0.811300 0.438000
vt 0.807500 0.434700
vt 0.812200 0.403200
vt 0.810500 0.404200
vt 0.810100 0.402700
vt 0.811500 0.402300
vt 0.292100 0.761500
vt 0.272200 0.758400
vt 0.274900 0.741300
vt 0.294800 0.745600
vt 0.246600 0.753900
vt 0.248900 0.734600
vt 0.271200 0.775700
vt 0.246800 0.774300
vt 0.600200 0.586700
vt 0.598100 0.596600
vt 0.588200 0.590700
vt 0.588500 0.585300
vt 0.587200 0.582100
vt 0.600300 0.582900
vt 0.223300 0.771200
vt 0.222500 0.748200
vt 0.561800 0.764500
vt 0.554600 0.779700
vt 0.572600 0.743900
vt 0.136400 0.775400
vt 0.134500 0.750400
vt 0.108700 0.772900
vt 0.106300 0.746600
vt 0.635100 0.687000
vt 0.611100 0.665000
vt 0.627600 0.666400
vt 0.635400 0.670600
vt 0.644600 0.677400
vt 0.090000 0.772400
vt 0.086800 0.745400
vt 0.078700 0.801300
vt 0.071400 0.773300
vt 0.061900 0.805300
vt 0.053000 0.776400
vt 0.797600 0.090500
vt 0.801800 0.073800
vt 0.844800 0.093800
vt 0.838500 0.108500
vt 0.795200 0.107600
vt 0.832400 0.123600
vt 0.825900 0.138300
vt 0.793700 0.124900
vt 0.096100 0.842300
vt 0.108000 0.861000
vt 0.122600 0.853000
vt 0.117000 0.872100
vt 0.126300 0.882300
vt 0.419100 0.518000
vt 0.408300 0.510600
vt 0.866800 0.153100
vt 0.848800 0.135100
vt 0.154300 0.858600
vt 0.167300 0.869200
vt 0.153800 0.883200
vt 0.140400 0.871200
vt 0.183100 0.883000
vt 0.170300 0.896900
vt 0.196500 0.868900
vt 0.915200 0.737700
vt 0.906900 0.733000
vt 0.897400 0.727800
vt 0.434500 0.663400
vt 0.914500 0.184200
vt 0.928000 0.173800
vt 0.939400 0.195300
vt 0.947100 0.212100
vt 0.191800 0.966400
vt 0.173200 0.958200
vt 0.941600 0.164200
vt 0.953300 0.186800
vt 0.150700 0.946200
vt 0.135400 0.936300
vt 0.146200 0.923100
vt 0.115200 0.919400
vt 0.127300 0.907400
vt 0.140300 0.895800
vt 0.157900 0.910200
vt 0.896800 0.691300
vt 0.902300 0.694100
vt 0.898700 0.697700
vt 0.895100 0.704900
vt 0.888500 0.703500
vt 0.892600 0.696000
vt 0.807300 0.057000
vt 0.851900 0.079200
vt 0.034500 0.781100
vt 0.026500 0.752400
vt 0.046700 0.748400
vt 0.687800 0.068900
vt 0.690500 0.047600
vt 0.694100 0.026100
vt 0.721500 0.031400
vt 0.717900 0.052700
vt 0.715200 0.073900
vt 0.770800 0.528400
vt 0.767300 0.534900
vt 0.763600 0.534700
vt 0.763900 0.528900
vt 0.764500 0.519400
vt 0.772300 0.516800
vt 0.910700 0.434600
vt 0.913200 0.433300
vt 0.918300 0.436100
vt 0.962400 0.399400
vt 0.955400 0.400600
vt 0.328600 0.163000
vt 0.300800 0.165000
vt 0.299800 0.144300
vt 0.299200 0.123400
vt 0.348100 0.122300
vt 0.349800 0.161200
vt 0.577400 0.806800
vt 0.579400 0.808900
vt 0.082000 0.306800
vt 0.078900 0.313000
vt 0.076200 0.311900
vt 0.078400 0.305300
vt 0.080900 0.298800
vt 0.085100 0.300700
vt 0.055000 0.647500
vt 0.525000 0.084800
vt 0.503400 0.085400
vt 0.437100 0.444900
vt 0.422100 0.429800
vt 0.451100 0.403300
vt 0.907100 0.526700
vt 0.906700 0.520500
vt 0.917000 0.521100
vt 0.917800 0.526800
vt 0.970000 0.677100
vt 0.974300 0.672700
vt 0.522900 0.531200
vt 0.511800 0.539800
vt 0.028700 0.613100
vt 0.020200 0.631800
vt 0.499800 0.547600
vt 0.497400 0.566500
vt 0.493300 0.561900
vt 0.548000 0.534200
vt 0.550500 0.546600
vt 0.540800 0.528200
vt 0.546700 0.514500
vt 0.552800 0.518500
vt 0.553400 0.501700
vt 0.486600 0.574700
vt 0.482200 0.571000
vt 0.501600 0.572000
vt 0.491300 0.578500
vt 0.474500 0.590900
vt 0.469700 0.588200
vt 0.478800 0.593200
vt 0.467500 0.606600
vt 0.463600 0.616200
vt 0.461200 0.625500
vt 0.134900 0.088300
vt 0.129100 0.010400
vt 0.137200 0.009300
vt 0.137100 0.033000
vt 0.143400 0.088100
vt 0.619100 0.479000
vt 0.619400 0.483600
vt 0.570800 0.515100
vt 0.587000 0.493300
vt 0.601000 0.484000
vt 0.610100 0.480800
vt 0.516500 0.576400
vt 0.525600 0.576100
vt 0.513200 0.567800
vt 0.524800 0.566600
vt 0.543500 0.570900
vt 0.540800 0.582400
vt 0.537600 0.579900
vt 0.539900 0.569000
vt 0.536100 0.585800
vt 0.532700 0.583700
vt 0.533600 0.577800
vt 0.057000 0.309300
vt 0.052400 0.309800
vt 0.052100 0.302900
vt 0.051800 0.297500
vt 0.051000 0.293600
vt 0.584900 0.551900
vt 0.580700 0.547800
vt 0.645000 0.266500
vt 0.594400 0.554100
vt 0.591200 0.555900
vt 0.907700 0.533000
vt 0.550100 0.613100
vt 0.548000 0.614100
vt 0.549500 0.644300
vt 0.547100 0.642400
vt 0.550800 0.630300
vt 0.551200 0.621300
vt 0.553800 0.611300
vt 0.460200 0.602900
vt 0.418900 0.588600
vt 0.393000 0.571900
vt 0.399500 0.554400
vt 0.413200 0.563700
vt 0.409300 0.571900
vt 0.422100 0.581600
vt 0.831300 0.420200
vt 0.829100 0.422500
vt 0.822900 0.416700
vt 0.824600 0.414400
vt 0.828000 0.417300
vt 0.437400 0.629000
vt 0.433400 0.635400
vt 0.424500 0.628500
vt 0.427400 0.619500
vt 0.437300 0.640300
vt 0.431100 0.643300
vt 0.440100 0.645900
vt 0.484100 0.119400
vt 0.481800 0.086400
vt 0.424900 0.648500
vt 0.430400 0.649000
vt 0.059600 0.610100
vt 0.051600 0.621100
vt 0.415100 0.647800
vt 0.892000 0.236200
vt 0.647600 0.437200
vt 0.663300 0.439700
vt 0.174500 0.264200
vt 0.178600 0.269700
vt 0.181600 0.273700
vt 0.177700 0.276200
vt 0.170100 0.266500
vt 0.172200 0.116600
vt 0.170600 0.118400
vt 0.163100 0.111300
vt 0.164800 0.109100
vt 0.251500 0.288300
vt 0.248900 0.289800
vt 0.246800 0.287200
vt 0.239100 0.277000
vt 0.236600 0.271700
vt 0.240800 0.270700
vt 0.584400 0.736600
vt 0.576400 0.746700
vt 0.687700 0.271600
vt 0.715200 0.263000
vt 0.676500 0.248700
vt 0.690900 0.242900
vt 0.705600 0.238000
vt 0.224000 0.726300
vt 0.199700 0.717500
vt 0.202700 0.700300
vt 0.198400 0.741200
vt 0.181300 0.710700
vt 0.184400 0.692400
vt 0.180100 0.735700
vt 0.168900 0.706400
vt 0.172100 0.687400
vt 0.156200 0.702200
vt 0.159500 0.682400
vt 0.701800 0.179700
vt 0.697700 0.167000
vt 0.724300 0.166400
vt 0.730900 0.191300
vt 0.705900 0.192200
vt 0.132900 0.695300
vt 0.135000 0.674100
vt 0.155300 0.728800
vt 0.133100 0.723300
vt 0.104100 0.718800
vt 0.101100 0.690300
vt 0.083800 0.718100
vt 0.079600 0.690100
vt 0.066800 0.745700
vt 0.054200 0.670100
vt 0.076000 0.669000
vt 0.033000 0.672500
vt 0.098700 0.669100
vt 0.237900 0.191000
vt 0.259000 0.188900
vt 0.259400 0.210600
vt 0.239400 0.213300
vt 0.260200 0.232400
vt 0.240500 0.235700
vt 0.279900 0.208400
vt 0.280500 0.229500
vt 0.301000 0.206300
vt 0.301600 0.226600
vt 0.165800 0.663100
vt 0.147100 0.653600
vt 0.156900 0.633600
vt 0.168700 0.614700
vt 0.184900 0.626800
vt 0.174300 0.644400
vt 0.187400 0.591200
vt 0.185800 0.651400
vt 0.178100 0.669100
vt 0.195600 0.634700
vt 0.206400 0.642500
vt 0.197500 0.658200
vt 0.190300 0.675000
vt 0.569600 0.499500
vt 0.563500 0.510000
vt 0.558000 0.505700
vt 0.565900 0.494800
vt 0.582200 0.486800
vt 0.597800 0.476100
vt 0.907900 0.664100
vt 0.898800 0.652600
vt 0.900500 0.651400
vt 0.223100 0.653900
vt 0.256400 0.650600
vt 0.576800 0.399100
vt 0.580800 0.427800
vt 0.564500 0.401800
vt 0.169800 0.569600
vt 0.165800 0.565600
vt 0.161400 0.561100
vt 0.932700 0.829100
vt 0.942400 0.830400
vt 0.945300 0.834700
vt 0.949900 0.842000
vt 0.327300 0.656100
vt 0.347800 0.615800
vt 0.344700 0.594000
vt 0.356500 0.594600
vt 0.968700 0.848000
vt 0.956400 0.854900
vt 0.950900 0.857600
vt 0.946600 0.857200
vt 0.975100 0.836000
vt 0.983000 0.820500
vt 0.991600 0.803600
vt 0.989700 0.813100
vt 0.987300 0.823400
vt 0.979100 0.839000
vt 0.639700 0.915600
vt 0.634000 0.914900
vt 0.370200 0.662200
vt 0.369400 0.671900
vt 0.354000 0.672100
vt 0.352100 0.681100
vt 0.335400 0.677600
vt 0.400600 0.619100
vt 0.403200 0.635900
vt 0.412700 0.636100
vt 0.554600 0.378400
vt 0.550700 0.363300
vt 0.566400 0.363500
vt 0.587600 0.365700
vt 0.601500 0.421400
vt 0.611700 0.436900
vt 0.340400 0.572600
vt 0.338300 0.556700
vt 0.354500 0.557700
vt 0.354500 0.573400
vt 0.325900 0.573700
vt 0.321700 0.558100
vt 0.297100 0.582800
vt 0.576600 0.306300
vt 0.912900 0.927000
vt 0.931900 0.919800
vt 0.525100 0.282900
vt 0.544400 0.245700
vt 0.560900 0.254600
vt 0.938400 0.634300
vt 0.942200 0.637000
vt 0.944100 0.640000
vt 0.931200 0.633500
vt 0.933200 0.630400
vt 0.348100 0.045200
vt 0.326200 0.042900
vt 0.326300 0.023600
vt 0.817100 0.526900
vt 0.819900 0.523300
vt 0.825900 0.526900
vt 0.832900 0.529500
vt 0.829600 0.534600
vt 0.823100 0.532200
vt 0.329300 0.182900
vt 0.329700 0.202700
vt 0.301200 0.185600
vt 0.330600 0.222000
vt 0.279800 0.166200
vt 0.258500 0.167500
vt 0.257800 0.146100
vt 0.278900 0.145200
vt 0.280100 0.187200
vt 0.348000 0.064200
vt 0.416500 0.172300
vt 0.438400 0.170000
vt 0.438300 0.187400
vt 0.417100 0.189800
vt 0.789300 0.260600
vt 0.768700 0.258300
vt 0.765900 0.234900
vt 0.317900 0.537200
vt 0.315900 0.521500
vt 0.337900 0.519700
vt 0.337800 0.535600
vt 0.337900 0.546100
vt 0.319600 0.547600
vt 0.502300 0.185100
vt 0.523300 0.184900
vt 0.522800 0.200600
vt 0.502000 0.201100
vt 0.480700 0.201900
vt 0.480900 0.185500
vt 0.361500 0.516800
vt 0.357000 0.536600
vt 0.534400 0.382800
vt 0.541300 0.398400
vt 0.524300 0.405300
vt 0.516100 0.388500
vt 0.509700 0.369700
vt 0.529600 0.365600
vt 0.188600 0.158000
vt 0.191300 0.159400
vt 0.438100 0.205100
vt 0.396900 0.531800
vt 0.407200 0.538300
vt 0.380100 0.523400
vt 0.391100 0.500100
vt 0.372700 0.490300
vt 0.389900 0.548800
vt 0.878800 0.331300
vt 0.873400 0.337400
vt 0.884300 0.325600
vt 0.707100 0.747500
vt 0.712700 0.754900
vt 0.700800 0.760400
vt 0.700600 0.756800
vt 0.703300 0.752200
vt 0.546800 0.408100
vt 0.421500 0.548600
vt 0.434100 0.529300
vt 0.448000 0.540700
vt 0.434800 0.559400
vt 0.528900 0.346300
vt 0.539400 0.346500
vt 0.549900 0.347100
vt 0.907400 0.824000
vt 0.401000 0.485500
vt 0.383400 0.474000
vt 0.395500 0.458600
vt 0.412100 0.471500
vt 0.525000 0.168600
vt 0.503500 0.168900
vt 0.482000 0.169000
vt 0.483200 0.152400
vt 0.460300 0.169200
vt 0.459500 0.186200
vt 0.487700 0.535600
vt 0.458000 0.528900
vt 0.468200 0.517800
vt 0.478300 0.507100
vt 0.498500 0.526300
vt 0.410900 0.621500
vt 0.412100 0.609200
vt 0.815600 0.786900
vt 0.810700 0.781700
vt 0.803600 0.775400
vt 0.813800 0.765400
vt 0.818600 0.773700
vt 0.822300 0.779900
vt 0.825700 0.786000
vt 0.819700 0.792100
vt 0.245300 0.668000
vt 0.208300 0.684200
vt 0.215100 0.668600
vt 0.237000 0.169100
vt 0.236400 0.147200
vt 0.877300 0.340800
vt 0.883700 0.335900
vt 0.835600 0.470600
vt 0.830000 0.476400
vt 0.827400 0.474300
vt 0.829600 0.471600
vt 0.832100 0.469100
vt 0.835100 0.466800
vt 0.839100 0.467300
vt 0.841600 0.469300
vt 0.842500 0.471500
vt 0.842400 0.473600
vt 0.842100 0.475000
vt 0.834200 0.478300
vt 0.460000 0.781100
vt 0.457100 0.775300
vt 0.298900 0.102500
vt 0.298900 0.081700
vt 0.326900 0.082500
vt 0.348100 0.083400
vt 0.454100 0.769500
vt 0.408600 0.774400
vt 0.420800 0.771400
vt 0.559700 0.707900
vt 0.561400 0.700700
vt 0.566500 0.701300
vt 0.561000 0.717700
vt 0.556700 0.716800
vt 0.562600 0.691800
vt 0.586500 0.700300
vt 0.640200 0.474100
vt 0.651800 0.471700
vt 0.647800 0.477700
vt 0.849800 0.938400
vt 0.074000 0.354000
vt 0.078300 0.351900
vt 0.087100 0.367600
vt 0.082200 0.371300
vt 0.909600 0.635600
vt 0.907400 0.637800
vt 0.904800 0.640000
vt 0.649400 0.682500
vt 0.639500 0.692100
vt 0.648900 0.655800
vt 0.657500 0.665000
vt 0.728800 0.490400
vt 0.737200 0.493700
vt 0.713000 0.494900
vt 0.716800 0.483800
vt 0.669500 0.676700
vt 0.654000 0.690600
vt 0.651700 0.686300
vt 0.666200 0.673600
vt 0.674800 0.681700
vt 0.658400 0.698100
vt 0.978500 0.817300
vt 0.975300 0.815200
vt 0.641900 0.695600
vt 0.631200 0.707300
vt 0.628800 0.704100
vt 0.617500 0.709700
vt 0.624600 0.699400
vt 0.612200 0.716500
vt 0.606300 0.712000
vt 0.611300 0.704300
vt 0.608200 0.720600
vt 0.602400 0.716400
vt 0.603700 0.725300
vt 0.598300 0.721100
vt 0.611600 0.723800
vt 0.607000 0.728600
vt 0.600200 0.736400
vt 0.597000 0.732700
vt 0.609200 0.730900
vt 0.602100 0.739100
vt 0.611500 0.733100
vt 0.604100 0.741900
vt 0.616200 0.728500
vt 0.613900 0.726100
vt 0.588700 0.741300
vt 0.594600 0.749100
vt 0.580900 0.750700
vt 0.592100 0.728200
vt 0.908600 0.628900
vt 0.913000 0.630900
vt 0.911900 0.633200
vt 0.240300 0.935300
vt 0.562700 0.725300
vt 0.552700 0.725100
vt 0.548500 0.723800
vt 0.552500 0.715800
vt 0.544300 0.722200
vt 0.526100 0.720200
vt 0.531400 0.716400
vt 0.614100 0.769900
vt 0.631200 0.895500
vt 0.374200 0.541600
vt 0.565600 0.766700
vt 0.566600 0.794300
vt 0.558400 0.794100
vt 0.947500 0.715600
vt 0.942800 0.719600
vt 0.941500 0.706800
vt 0.551300 0.791800
vt 0.552700 0.785600
vt 0.542300 0.786500
vt 0.543900 0.782100
vt 0.534900 0.783800
vt 0.528800 0.784400
vt 0.522100 0.785300
vt 0.917500 0.700400
vt 0.908200 0.698900
vt 0.910300 0.692400
vt 0.919600 0.693100
vt 0.923100 0.702100
vt 0.926200 0.694500
vt 0.914200 0.709900
vt 0.921500 0.713900
vt 0.904900 0.707200
vt 0.671500 0.983100
vt 0.672500 0.992900
vt 0.661100 0.993500
vt 0.669300 0.043400
vt 0.817500 0.324200
vt 0.840400 0.331200
vt 0.851800 0.337600
vt 0.849100 0.343100
vt 0.837900 0.338100
vt 0.816300 0.333100
vt 0.927000 0.721500
vt 0.933000 0.721800
vt 0.888200 0.724400
vt 0.889900 0.715600
vt 0.705300 0.991500
vt 0.688500 0.992000
vt 0.090500 0.090000
vt 0.090100 0.098200
vt 0.083200 0.096600
vt 0.074200 0.040700
vt 0.083700 0.040200
vt 0.067400 0.064800
vt 0.066800 0.040400
vt 0.072100 0.082100
vt 0.067900 0.081000
vt 0.058000 0.063100
vt 0.103300 0.175400
vt 0.114300 0.176100
vt 0.113500 0.180800
vt 0.103000 0.180200
vt 0.051600 0.082200
vt 0.051400 0.077400
vt 0.040400 0.077900
vt 0.041100 0.082600
vt 0.034800 0.083500
vt 0.885300 0.762000
vt 0.883100 0.764800
vt 0.878100 0.761100
vt 0.880200 0.758600
vt 0.436900 0.087800
vt 0.028800 0.086000
vt 0.876200 0.754200
vt 0.873300 0.757600
vt 0.891700 0.771500
vt 0.894400 0.767100
vt 0.855600 0.590500
vt 0.851300 0.587900
vt 0.843400 0.582300
vt 0.867700 0.583100
vt 0.860600 0.593200
vt 0.131900 0.133300
vt 0.129000 0.133700
vt 0.098400 0.100000
vt 0.098100 0.091600
vt 0.107700 0.091700
vt 0.117000 0.090500
vt 0.118000 0.100200
vt 0.108300 0.101000
vt 0.871200 0.725700
vt 0.877800 0.713500
vt 0.878900 0.723800
vt 0.883600 0.714200
vt 0.883300 0.723800
vt 0.510200 0.427300
vt 0.865900 0.706200
vt 0.879600 0.707700
vt 0.874700 0.699900
vt 0.886000 0.708900
vt 0.892500 0.710400
vt 0.881700 0.701800
vt 0.883000 0.406900
vt 0.890500 0.414100
vt 0.887400 0.420000
vt 0.880300 0.690200
vt 0.886600 0.693500
vt 0.878600 0.677700
vt 0.885900 0.684400
vt 0.891400 0.688500
vt 0.830300 0.503500
vt 0.839700 0.504700
vt 0.839700 0.507400
vt 0.830100 0.506800
vt 0.256800 0.102500
vt 0.278000 0.102500
vt 0.170200 0.123600
vt 0.160900 0.114200
vt 0.173500 0.120200
vt 0.102300 0.037800
vt 0.105700 0.066700
vt 0.081700 0.021600
vt 0.098800 0.020300
vt 0.072000 0.020600
vt 0.065700 0.020900
vt 0.058100 0.040300
vt 0.045000 0.810600
vt 0.126700 0.098400
vt 0.583700 0.626400
vt 0.585300 0.632600
vt 0.579800 0.633400
vt 0.135600 0.097200
vt 0.692200 0.804900
vt 0.690100 0.788700
vt 0.122500 0.099300
vt 0.117900 0.034800
vt 0.112500 0.035900
vt 0.108500 0.017100
vt 0.114800 0.014300
vt 0.121200 0.011500
vt 0.586800 0.638700
vt 0.591600 0.647000
vt 0.585500 0.647900
vt 0.582200 0.641300
vt 0.589400 0.653100
vt 0.593800 0.656800
vt 0.600500 0.659600
vt 0.608500 0.659200
vt 0.599900 0.661600
vt 0.609400 0.661200
vt 0.599200 0.665200
vt 0.592300 0.658500
vt 0.587400 0.654500
vt 0.590000 0.661200
vt 0.584400 0.656700
vt 0.579600 0.642600
vt 0.583200 0.649300
vt 0.579600 0.650900
vt 0.596300 0.677900
vt 0.577000 0.634200
vt 0.101500 0.228000
vt 0.098500 0.224800
vt 0.100700 0.221700
vt 0.104200 0.225000
vt 0.107800 0.228700
vt 0.104900 0.231800
vt 0.575200 0.625200
vt 0.573100 0.635000
vt 0.575700 0.643700
vt 0.571400 0.625700
vt 0.573900 0.616900
vt 0.573200 0.609300
vt 0.570200 0.616800
vt 0.569600 0.608500
vt 0.562300 0.614300
vt 0.561800 0.604900
vt 0.845900 0.893400
vt 0.830800 0.909800
vt 0.852200 0.888200
vt 0.574200 0.563700
vt 0.585500 0.578700
vt 0.575600 0.584600
vt 0.573800 0.587900
vt 0.571000 0.585500
vt 0.577600 0.586600
vt 0.576200 0.589800
vt 0.572800 0.596200
vt 0.569400 0.594400
vt 0.576000 0.597600
vt 0.027000 0.013100
vt 0.029800 0.014600
vt 0.022500 0.010900
vt 0.445100 0.881600
vt 0.436200 0.885600
vt 0.431200 0.900600
vt 0.430400 0.876700
vt 0.427000 0.859400
vt 0.432700 0.858800
vt 0.432000 0.845100
vt 0.033500 0.016600
vt 0.209100 0.332700
vt 0.205900 0.334400
vt 0.197300 0.323100
vt 0.200400 0.321400
vt 0.054900 0.432900
vt 0.060000 0.434300
vt 0.067200 0.437700
vt 0.590600 0.615000
vt 0.591600 0.606900
vt 0.596300 0.610400
vt 0.594400 0.616800
vt 0.469900 0.239400
vt 0.485800 0.234900
vt 0.496800 0.235400
vt 0.598000 0.607400
vt 0.610900 0.620600
vt 0.608700 0.622500
vt 0.594000 0.603400
vt 0.614400 0.624200
vt 0.612100 0.626200
vt 0.617300 0.627000
vt 0.614900 0.629200
vt 0.619800 0.629400
vt 0.617100 0.631900
vt 0.622000 0.631600
vt 0.618900 0.634500
vt 0.620200 0.637100
vt 0.613000 0.637100
vt 0.608600 0.629300
vt 0.610700 0.632600
vt 0.132500 0.270600
vt 0.133700 0.269000
vt 0.138800 0.276000
vt 0.135600 0.273100
vt 0.605300 0.626000
vt 0.058200 0.023000
vt 0.072000 0.088200
vt 0.068400 0.087300
vt 0.916800 0.770800
vt 0.922700 0.774500
vt 0.921500 0.768000
vt 0.926700 0.771000
vt 0.931200 0.773200
vt 0.936800 0.776100
vt 0.932800 0.780000
vt 0.927300 0.777000
vt 0.603300 0.490400
vt 0.620100 0.486500
vt 0.611700 0.488400
vt 0.557500 0.572300
vt 0.915400 0.790100
vt 0.805800 0.541700
vt 0.802600 0.533900
vt 0.800700 0.529900
vt 0.803100 0.528800
vt 0.805500 0.533400
vt 0.809600 0.541700
vt 0.927900 0.757800
vt 0.076100 0.096900
vt 0.074800 0.096000
vt 0.079200 0.096300
vt 0.491800 0.787600
vt 0.502500 0.786900
vt 0.514200 0.786100
vt 0.601100 0.605700
vt 0.612900 0.618500
vt 0.603900 0.793700
vt 0.591300 0.803400
vt 0.586100 0.798300
vt 0.583500 0.796000
vt 0.087000 0.476700
vt 0.593000 0.815400
vt 0.591800 0.811800
vt 0.932900 0.851500
vt 0.930500 0.862000
vt 0.930000 0.866600
vt 0.919800 0.864800
vt 0.593700 0.819400
vt 0.609700 0.820200
vt 0.600500 0.822800
vt 0.594200 0.824700
vt 0.619800 0.817800
vt 0.610100 0.825800
vt 0.601500 0.828700
vt 0.617800 0.823000
vt 0.062700 0.384400
vt 0.062400 0.376800
vt 0.061700 0.368200
vt 0.059400 0.347500
vt 0.063600 0.346800
vt 0.587000 0.826900
vt 0.055400 0.348000
vt 0.056900 0.369000
vt 0.056200 0.358800
vt 0.586300 0.822300
vt 0.577700 0.825500
vt 0.775100 0.546700
vt 0.777800 0.554100
vt 0.773300 0.555700
vt 0.776700 0.564600
vt 0.585600 0.819000
vt 0.567700 0.828400
vt 0.567000 0.826200
vt 0.576900 0.822900
vt 0.046300 0.368800
vt 0.047200 0.358600
vt 0.047300 0.348200
vt 0.050300 0.348200
vt 0.040200 0.376800
vt 0.043900 0.358100
vt 0.044400 0.378100
vt 0.588800 0.800800
vt 0.575500 0.804700
vt 0.390700 0.772800
vt 0.381400 0.769900
vt 0.396500 0.777100
vt 0.865800 0.596700
vt 0.125600 0.134300
vt 0.120800 0.177300
vt 0.118700 0.116800
vt 0.126200 0.113100
vt 0.872400 0.569600
vt 0.901300 0.585800
vt 0.906200 0.590700
vt 0.321700 0.830900
vt 0.329400 0.853200
vt 0.333400 0.862700
vt 0.328100 0.864500
vt 0.323500 0.855700
vt 0.837900 0.585600
vt 0.883800 0.228300
vt 0.875700 0.220600
vt 0.221800 0.869800
vt 0.210900 0.855300
vt 0.302300 0.925000
vt 0.785600 0.692000
vt 0.793500 0.698100
vt 0.554800 0.582600
vt 0.922200 0.902700
vt 0.925100 0.907700
vt 0.836600 0.319500
vt 0.802000 0.312100
vt 0.616700 0.522100
vt 0.613800 0.504800
vt 0.514400 0.620200
vt 0.390200 0.584200
vt 0.235400 0.102300
vt 0.325500 0.886200
vt 0.340600 0.270600
vt 0.864400 0.662300
vt 0.866600 0.652400
vt 0.870200 0.664500
vt 0.875500 0.667100
vt 0.443400 0.798200
vt 0.432800 0.790700
vt 0.446900 0.785600
vt 0.453400 0.794000
vt 0.799700 0.726400
vt 0.791900 0.737000
vt 0.777000 0.735300
vt 0.766500 0.735400
vt 0.767200 0.723200
vt 0.205700 0.029600
vt 0.123100 0.297100
vt 0.114300 0.284300
vt 0.117700 0.283100
vt 0.125500 0.295300
vt 0.522700 0.638800
vt 0.482100 0.705300
vt 0.496300 0.626000
vt 0.495000 0.624000
vt 0.464700 0.790000
vt 0.475800 0.786100
vt 0.936500 0.700500
vt 0.931300 0.697500
vt 0.484300 0.788600
vt 0.523300 0.614300
vt 0.526200 0.611800
vt 0.605800 0.598200
vt 0.011800 0.184400
vt 0.600000 0.210900
vt 0.632900 0.640800
vt 0.634600 0.639200
vt 0.629400 0.634600
vt 0.628900 0.636600
vt 0.643100 0.641600
vt 0.644400 0.645400
vt 0.710200 0.501500
vt 0.705600 0.508500
vt 0.027800 0.409300
vt 0.020900 0.426200
vt 0.016300 0.423300
vt 0.025700 0.429300
vt 0.036200 0.410200
vt 0.703000 0.494100
vt 0.699800 0.499800
vt 0.671300 0.480400
vt 0.655700 0.466400
vt 0.676300 0.477000
vt 0.698000 0.482100
vt 0.692800 0.487300
vt 0.686900 0.482500
vt 0.685700 0.487500
vt 0.681200 0.490800
vt 0.852900 0.307700
vt 0.766300 0.760900
vt 0.638300 0.518200
vt 0.642000 0.518300
vt 0.635800 0.524300
vt 0.511900 0.633300
vt 0.508700 0.637800
vt 0.494700 0.628000
vt 0.629800 0.529600
vt 0.818800 0.149700
vt 0.721900 0.548500
vt 0.717100 0.542900
vt 0.721600 0.536100
vt 0.728600 0.540500
vt 0.724500 0.552500
vt 0.746800 0.540200
vt 0.747400 0.546900
vt 0.726100 0.557300
vt 0.646800 0.624000
vt 0.638900 0.631700
vt 0.641000 0.621800
vt 0.314200 0.474000
vt 0.308400 0.476600
vt 0.309600 0.465300
vt 0.315000 0.459600
vt 0.325300 0.462400
vt 0.319300 0.471500
vt 0.737600 0.587900
vt 0.618200 0.529400
vt 0.625400 0.533300
vt 0.620200 0.536500
vt 0.611500 0.536500
vt 0.610800 0.529300
vt 0.057100 0.317800
vt 0.574300 0.534500
vt 0.895500 0.502500
vt 0.909000 0.506100
vt 0.920500 0.509600
vt 0.023100 0.088500
vt 0.676400 0.542400
vt 0.680900 0.526000
vt 0.695800 0.540400
vt 0.746400 0.703900
vt 0.751100 0.694000
vt 0.907100 0.555900
vt 0.926600 0.544100
vt 0.915300 0.561400
vt 0.953500 0.564600
vt 0.951700 0.550700
vt 0.953700 0.557900
vt 0.615700 0.573100
vt 0.612800 0.564700
vt 0.890600 0.331900
vt 0.893700 0.314700
vt 0.905300 0.322900
vt 0.909000 0.863500
vt 0.570700 0.560500
vt 0.585300 0.558500
vt 0.592400 0.561800
vt 0.596200 0.571400
vt 0.599600 0.579300
vt 0.730800 0.759900
vt 0.720100 0.757700
vt 0.721200 0.815800
vt 0.727300 0.822300
vt 0.722800 0.826300
vt 0.713400 0.823600
vt 0.845800 0.817300
vt 0.848400 0.820300
vt 0.851100 0.824300
vt 0.847700 0.830300
vt 0.841600 0.826400
vt 0.837900 0.823400
vt 0.578700 0.553900
vt 0.597200 0.558400
vt 0.566200 0.556200
vt 0.548900 0.986000
vt 0.559900 0.995900
vt 0.548500 0.995900
vt 0.606500 0.587500
vt 0.777800 0.342700
vt 0.790200 0.331600
vt 0.795500 0.341300
vt 0.787900 0.347700
vt 0.941500 0.855000
vt 0.942500 0.865700
vt 0.937900 0.864000
vt 0.705500 0.648700
vt 0.700500 0.644700
vt 0.710000 0.637300
vt 0.712000 0.643900
vt 0.747500 0.780700
vt 0.761400 0.786900
vt 0.772400 0.782000
vt 0.706700 0.634800
vt 0.712700 0.629300
vt 0.715300 0.631600
vt 0.703800 0.632300
vt 0.710100 0.626900
vt 0.937000 0.530700
vt 0.932500 0.529300
vt 0.532400 0.995800
vt 0.515600 0.996000
vt 0.091600 0.177500
vt 0.095200 0.176600
vt 0.095200 0.182300
vt 0.091500 0.184000
vt 0.099100 0.175800
vt 0.098900 0.180700
vt 0.906700 0.793800
vt 0.900000 0.788000
vt 0.894600 0.781800
vt 0.891800 0.777700
vt 0.965900 0.536300
vt 0.976000 0.541000
vt 0.971300 0.549200
vt 0.960600 0.544100
vt 0.066200 0.195000
vt 0.046000 0.197800
vt 0.935300 0.823700
vt 0.932500 0.825700
vt 0.939200 0.821000
vt 0.922400 0.813900
vt 0.925200 0.810200
vt 0.920200 0.817200
vt 0.918600 0.820700
vt 0.763400 0.539900
vt 0.766100 0.541000
vt 0.642500 0.446200
vt 0.638700 0.444200
vt 0.643300 0.442100
vt 0.645300 0.443600
vt 0.873500 0.851600
vt 0.871400 0.847900
vt 0.775000 0.583200
vt 0.762900 0.590800
vt 0.775300 0.579700
vt 0.710300 0.766000
vt 0.700400 0.764400
vt 0.320100 0.724400
vt 0.317600 0.737100
vt 0.297300 0.733100
vt 0.319400 0.671700
vt 0.800600 0.758700
vt 0.810200 0.758400
vt 0.797700 0.770800
vt 0.792900 0.766500
vt 0.788100 0.754300
vt 0.799000 0.752200
vt 0.873700 0.808500
vt 0.878700 0.810900
vt 0.874900 0.818400
vt 0.870800 0.818700
vt 0.878200 0.821900
vt 0.873400 0.827600
vt 0.882500 0.814300
vt 0.570200 0.542100
vt 0.572200 0.546200
vt 0.561100 0.548300
vt 0.558600 0.533300
vt 0.568300 0.534200
vt 0.079000 0.181600
vt 0.075500 0.185400
vt 0.079400 0.163900
vt 0.071400 0.164700
vt 0.071000 0.185600
vt 0.080100 0.187100
vt 0.078200 0.189600
vt 0.766300 0.714700
vt 0.677800 0.515300
vt 0.671600 0.519400
vt 0.674400 0.514600
vt 0.871000 0.838300
vt 0.870200 0.842900
vt 0.861500 0.841200
vt 0.863500 0.834900
vt 0.878800 0.834300
vt 0.949700 0.649500
vt 0.804000 0.718400
vt 0.785100 0.712900
vt 0.805700 0.712800
vt 0.761200 0.413200
vt 0.756800 0.424900
vt 0.055700 0.281800
vt 0.049000 0.289400
vt 0.046000 0.286100
vt 0.053400 0.278100
vt 0.773200 0.354700
vt 0.781700 0.355500
vt 0.775500 0.363300
vt 0.768800 0.367200
vt 0.060000 0.272100
vt 0.059400 0.278400
vt 0.759800 0.352300
vt 0.759200 0.343000
vt 0.862400 0.758000
vt 0.866200 0.758100
vt 0.846600 0.755100
vt 0.133600 0.109400
vt 0.142400 0.184700
vt 0.140600 0.193300
vt 0.129000 0.111600
vt 0.369600 0.561800
vt 0.906500 0.815900
vt 0.173400 0.573100
vt 0.149100 0.118400
vt 0.152900 0.117700
vt 0.155600 0.122900
vt 0.158400 0.128200
vt 0.188400 0.099000
vt 0.183400 0.095800
vt 0.178600 0.092600
vt 0.807400 0.749000
vt 0.828400 0.747100
vt 0.777700 0.411300
vt 0.776900 0.426600
vt 0.771400 0.423500
vt 0.773000 0.410500
vt 0.782500 0.411900
vt 0.782800 0.429500
vt 0.093000 0.286600
vt 0.087100 0.283300
vt 0.091700 0.276500
vt 0.100300 0.279800
vt 0.736700 0.803500
vt 0.747300 0.796400
vt 0.752300 0.806900
vt 0.741500 0.812800
vt 0.018100 0.290800
vt 0.023100 0.297400
vt 0.019900 0.298200
vt 0.013400 0.291100
vt 0.022700 0.290500
vt 0.026500 0.296900
vt 0.771000 0.541300
vt 0.952000 0.225900
vt 0.970300 0.233500
vt 0.708400 0.772600
vt 0.225300 0.794800
vt 0.887400 0.827700
vt 0.973100 0.266300
vt 0.958000 0.275700
vt 0.870400 0.340700
vt 0.873400 0.344300
vt 0.869700 0.347000
vt 0.867900 0.342900
vt 0.864400 0.347600
vt 0.864400 0.342600
vt 0.866100 0.337900
vt 0.935900 0.867400
vt 0.939400 0.867700
vt 0.582800 0.588700
vt 0.064800 0.279900
vt 0.066700 0.269700
vt 0.072800 0.271700
vt 0.071200 0.280000
vt 0.091600 0.381300
vt 0.106300 0.392700
vt 0.860200 0.334600
vt 0.966000 0.511600
vt 0.873200 0.092200
vt 0.864900 0.106400
vt 0.886400 0.102300
vt 0.877200 0.115800
vt 0.899700 0.112400
vt 0.888500 0.125600
vt 0.955700 0.343500
vt 0.961300 0.346000
vt 0.960100 0.349700
vt 0.955700 0.348400
vt 0.953700 0.347000
vt 0.782900 0.444700
vt 0.777600 0.458800
vt 0.771500 0.454800
vt 0.765800 0.797600
vt 0.732500 0.795800
vt 0.741500 0.788400
vt 0.640100 0.634100
vt 0.641500 0.637600
vt 0.648400 0.625900
vt 0.765900 0.706800
vt 0.767700 0.698600
vt 0.777800 0.698500
vt 0.781900 0.704300
vt 0.773700 0.683100
vt 0.459600 0.087400
vt 0.946200 0.286100
vt 0.933300 0.299900
vt 0.556000 0.421800
vt 0.540700 0.429900
vt 0.530600 0.415500
vt 0.922100 0.431000
vt 0.919700 0.425400
vt 0.923200 0.423400
vt 0.924500 0.425400
vt 0.925900 0.429800
vt 0.193700 0.243300
vt 0.203600 0.249800
vt 0.200900 0.254000
vt 0.196700 0.251800
vt 0.191300 0.247700
vt 0.771100 0.148100
vt 0.768900 0.120200
vt 0.821700 0.750300
vt 0.822100 0.754500
vt 0.616300 0.995100
vt 0.787400 0.314900
vt 0.786900 0.300200
vt 0.787400 0.283800
vt 0.804300 0.334800
vt 0.802600 0.324800
vt 0.719400 0.808500
vt 0.724200 0.802700
vt 0.720800 0.797400
vt 0.733500 0.817500
vt 0.728300 0.809400
vt 0.737700 0.775200
vt 0.079000 0.280800
vt 0.081500 0.273600
vt 0.076300 0.289900
vt 0.083100 0.292000
vt 0.074400 0.297000
vt 0.069200 0.289400
vt 0.068000 0.296400
vt 0.812800 0.425200
vt 0.819200 0.431600
vt 0.816900 0.433600
vt 0.813700 0.430200
vt 0.810600 0.426300
vt 0.048100 0.304300
vt 0.045300 0.305500
vt 0.043900 0.301200
vt 0.047100 0.299500
vt 0.049000 0.310700
vt 0.046700 0.311500
vt 0.041300 0.307400
vt 0.039300 0.303300
vt 0.043400 0.312900
vt 0.037500 0.300100
vt 0.035000 0.296300
vt 0.040800 0.295200
vt 0.042700 0.298200
vt 0.032200 0.292700
vt 0.039700 0.293100
vt 0.033100 0.301600
vt 0.035500 0.305200
vt 0.033400 0.306400
vt 0.030600 0.302600
vt 0.029700 0.296700
vt 0.026200 0.291600
vt 0.038100 0.309400
vt 0.040500 0.314600
vt 0.036300 0.310600
vt 0.038800 0.315700
vt 0.034300 0.311600
vt 0.037100 0.316500
vt 0.035900 0.316500
vt 0.032200 0.312400
vt 0.031100 0.307400
vt 0.028500 0.308300
vt 0.028000 0.303500
vt 0.025300 0.304500
vt 0.087800 0.294800
vt 0.077400 0.319500
vt 0.074400 0.318900
vt 0.075900 0.326000
vt 0.073600 0.326400
vt 0.069700 0.326700
vt 0.070100 0.335400
vt 0.074000 0.334500
vt 0.075600 0.343000
vt 0.071600 0.344500
vt 0.066300 0.336200
vt 0.065700 0.327000
vt 0.067600 0.345800
vt 0.062400 0.336800
vt 0.061700 0.327200
vt 0.058400 0.337200
vt 0.057600 0.327300
vt 0.054500 0.337500
vt 0.053800 0.327500
vt 0.053000 0.318100
vt 0.051700 0.337700
vt 0.049800 0.337900
vt 0.049000 0.328100
vt 0.050900 0.327800
vt 0.189000 0.240900
vt 0.189900 0.236700
vt 0.195200 0.239200
vt 0.205400 0.246900
vt 0.208000 0.249000
vt 0.206500 0.251600
vt 0.052300 0.348100
vt 0.049900 0.318700
vt 0.047900 0.319200
vt 0.047000 0.338100
vt 0.046200 0.328700
vt 0.045000 0.320100
vt 0.044200 0.338300
vt 0.042300 0.338400
vt 0.041800 0.329700
vt 0.043600 0.329300
vt 0.044300 0.348000
vt 0.042200 0.347900
vt 0.042400 0.321300
vt 0.040700 0.322100
vt 0.040400 0.338500
vt 0.038500 0.338500
vt 0.038700 0.329800
vt 0.040100 0.330000
vt 0.040100 0.347600
vt 0.038300 0.347200
vt 0.039000 0.322700
vt 0.037300 0.323200
vt 0.750100 0.167800
vt 0.755900 0.192800
vt 0.081500 0.350300
vt 0.078000 0.341800
vt 0.076900 0.333900
vt 0.090500 0.365000
vt 0.100100 0.373700
vt 0.096800 0.376700
vt 0.115400 0.384500
vt 0.111600 0.388000
vt 0.125900 0.394100
vt 0.122600 0.413800
vt 0.111600 0.405800
vt 0.853100 0.803400
vt 0.843900 0.792400
vt 0.851700 0.787900
vt 0.868400 0.804100
vt 0.118400 0.416900
vt 0.107000 0.409700
vt 0.092600 0.418000
vt 0.208100 0.027500
vt 0.210000 0.025700
vt 0.213500 0.028300
vt 0.699000 0.542600
vt 0.664800 0.520300
vt 0.652300 0.544200
vt 0.658200 0.532100
vt 0.660800 0.518500
vt 0.657000 0.511900
vt 0.659800 0.511300
vt 0.657800 0.517800
vt 0.663400 0.511500
vt 0.654200 0.530700
vt 0.644100 0.549000
vt 0.648500 0.541600
vt 0.965700 0.558800
vt 0.901200 0.397900
vt 0.904500 0.401600
vt 0.898600 0.406700
vt 0.890900 0.399400
vt 0.897200 0.394300
vt 0.934500 0.543900
vt 0.155200 0.567200
vt 0.158900 0.572200
vt 0.615900 0.915300
vt 0.625800 0.914500
vt 0.585900 0.915700
vt 0.596400 0.915500
vt 0.186800 0.043200
vt 0.187900 0.041900
vt 0.919300 0.533900
vt 0.916700 0.531700
vt 0.699100 0.570600
vt 0.707900 0.567800
vt 0.708800 0.572100
vt 0.692300 0.577400
vt 0.908700 0.499100
vt 0.944400 0.532200
vt 0.957300 0.531800
vt 0.960600 0.529000
vt 0.967800 0.531500
vt 0.952700 0.538000
vt 0.948700 0.544200
vt 0.943300 0.543800
vt 0.479300 0.620900
vt 0.630300 0.478800
vt 0.638500 0.480000
vt 0.635600 0.489000
vt 0.660400 0.501500
vt 0.656400 0.502800
vt 0.662100 0.506300
vt 0.658400 0.507000
vt 0.655300 0.507600
vt 0.653500 0.503300
vt 0.052000 0.023500
vt 0.873400 0.456900
vt 0.868900 0.460200
vt 0.867900 0.457200
vt 0.872100 0.454600
vt 0.577400 0.917100
vt 0.617500 0.141300
vt 0.701900 0.473100
vt 0.708700 0.478100
vt 0.705300 0.488100
vt 0.742200 0.506200
vt 0.611600 0.410200
vt 0.662400 0.255600
vt 0.714600 0.531600
vt 0.759300 0.496500
vt 0.766900 0.491700
vt 0.751500 0.489200
vt 0.758900 0.481600
vt 0.746300 0.496700
vt 0.742100 0.495300
vt 0.746900 0.487100
vt 0.741800 0.484800
vt 0.733000 0.481100
vt 0.720600 0.475100
vt 0.726000 0.466000
vt 0.738600 0.472100
vt 0.712000 0.469900
vt 0.716700 0.460900
vt 0.734300 0.450400
vt 0.746500 0.457300
vt 0.755500 0.462600
vt 0.747900 0.476300
vt 0.724800 0.446100
vt 0.707500 0.456100
vt 0.714200 0.441600
vt 0.704300 0.465300
vt 0.696300 0.460600
vt 0.687200 0.455800
vt 0.698300 0.451600
vt 0.688600 0.447400
vt 0.673800 0.450100
vt 0.674600 0.442400
vt 0.703300 0.437800
vt 0.325700 0.844400
vt 0.752500 0.283600
vt 0.729000 0.260000
vt 0.748400 0.258000
vt 0.769800 0.282800
vt 0.742900 0.233800
vt 0.823700 0.762400
vt 0.774300 0.169700
vt 0.746100 0.145800
vt 0.742600 0.117500
vt 0.741600 0.098000
vt 0.768700 0.101500
vt 0.769700 0.083000
vt 0.773000 0.064600
vt 0.266800 0.485800
vt 0.266000 0.483200
vt 0.264900 0.479800
vt 0.857000 0.120600
vt 0.868000 0.129700
vt 0.878000 0.139100
vt 0.878700 0.166700
vt 0.864600 0.180000
vt 0.565700 0.349300
vt 0.567100 0.334900
vt 0.587100 0.353900
vt 0.892100 0.183300
vt 0.878200 0.195900
vt 0.219000 0.397400
vt 0.961400 0.205600
vt 0.206700 0.028800
vt 0.918700 0.159500
vt 0.932000 0.148800
vt 0.903200 0.140400
vt 0.915400 0.128500
vt 0.905600 0.171000
vt 0.891400 0.153300
vt 0.777900 0.046300
vt 0.745100 0.058000
vt 0.749300 0.037900
vt 0.921200 0.656800
vt 0.918400 0.653900
vt 0.914400 0.650100
vt 0.916700 0.647800
vt 0.926400 0.657600
vt 0.924100 0.659600
vt 0.312700 0.764100
vt 0.900800 0.663000
vt 0.898300 0.664900
vt 0.895100 0.659100
vt 0.893600 0.655100
vt 0.896400 0.653800
vt 0.803400 0.524700
vt 0.802100 0.522000
vt 0.801400 0.517300
vt 0.804100 0.517300
vt 0.806000 0.521500
vt 0.453600 0.505400
vt 0.488400 0.496600
vt 0.531600 0.520200
vt 0.884600 0.834900
vt 0.883900 0.826200
vt 0.539300 0.508200
vt 0.607500 0.472700
vt 0.568400 0.524900
vt 0.559600 0.521700
vt 0.703500 0.543600
vt 0.706000 0.559200
vt 0.574600 0.549600
vt 0.562900 0.552000
vt 0.159900 0.333800
vt 0.605500 0.558300
vt 0.621500 0.561200
vt 0.633800 0.557000
vt 0.602600 0.563800
vt 0.167500 0.125900
vt 0.164900 0.123900
vt 0.161900 0.119900
vt 0.159000 0.115800
vt 0.573700 0.430900
vt 0.564200 0.418100
vt 0.426100 0.573900
vt 0.445000 0.641700
vt 0.635300 0.441200
vt 0.641100 0.440600
vt 0.498300 0.934900
vt 0.253900 0.371700
vt 0.262600 0.384200
vt 0.256600 0.388900
vt 0.905000 0.628200
vt 0.909100 0.627500
vt 0.721000 0.235000
vt 0.695200 0.213500
vt 0.712400 0.210700
vt 0.736200 0.209700
vt 0.687500 0.195100
vt 0.682600 0.182700
vt 0.677800 0.170000
vt 0.669900 0.145500
vt 0.691000 0.143600
vt 0.719100 0.144100
vt 0.686400 0.111700
vt 0.714800 0.115000
vt 0.686500 0.090300
vt 0.714300 0.094700
vt 0.742200 0.078100
vt 0.665300 0.086500
vt 0.666600 0.064700
vt 0.665200 0.109100
vt 0.255700 0.038000
vt 0.256200 0.059600
vt 0.235000 0.058500
vt 0.235500 0.036200
vt 0.235700 0.013700
vt 0.255500 0.016200
vt 0.275900 0.018200
vt 0.276300 0.039300
vt 0.297100 0.020200
vt 0.297400 0.040500
vt 0.658500 0.176000
vt 0.649200 0.157200
vt 0.629200 0.166800
vt 0.639700 0.184300
vt 0.621900 0.194700
vt 0.610000 0.178400
vt 0.586300 0.196800
vt 0.646500 0.196000
vt 0.653200 0.207700
vt 0.637300 0.216400
vt 0.629700 0.205500
vt 0.664300 0.188400
vt 0.670000 0.200700
vt 0.648600 0.233200
vt 0.323400 0.664100
vt 0.900900 0.631500
vt 0.899600 0.634400
vt 0.900100 0.635400
vt 0.899300 0.636400
vt 0.898700 0.634500
vt 0.899000 0.632900
vt 0.899700 0.631000
vt 0.608900 0.357400
vt 0.117300 0.225500
vt 0.113300 0.222400
vt 0.115600 0.218200
vt 0.119700 0.221200
vt 0.122800 0.223100
vt 0.121600 0.225600
vt 0.136700 0.263200
vt 0.148000 0.272600
vt 0.134800 0.266500
vt 0.628300 0.413100
vt 0.942100 0.630600
vt 0.946100 0.633300
vt 0.944100 0.635300
vt 0.939800 0.632900
vt 0.934700 0.628100
vt 0.936400 0.626000
vt 0.214000 0.566200
vt 0.326600 0.062600
vt 0.298500 0.061100
vt 0.277900 0.081500
vt 0.256600 0.081100
vt 0.277400 0.060400
vt 0.920500 0.794000
vt 0.436200 0.070900
vt 0.513000 0.346300
vt 0.515000 0.324300
vt 0.519100 0.036600
vt 0.520400 0.052200
vt 0.499500 0.052900
vt 0.498400 0.037000
vt 0.561000 0.223000
vt 0.483000 0.380800
vt 0.466600 0.391400
vt 0.522800 0.068300
vt 0.501300 0.069100
vt 0.479800 0.069900
vt 0.458100 0.070700
vt 0.527300 0.496100
vt 0.518000 0.506800
vt 0.498800 0.486500
vt 0.663400 0.225400
vt 0.679100 0.218900
vt 0.235100 0.080300
vt 0.485000 0.277100
vt 0.489300 0.274900
vt 0.767200 0.468900
vt 0.773000 0.471900
vt 0.454400 0.639300
vt 0.104100 0.427200
vt 0.101700 0.414500
vt 0.826700 0.479000
vt 0.834200 0.481000
vt 0.829500 0.480300
vt 0.693500 0.583000
vt 0.324200 0.493400
vt 0.323200 0.490100
vt 0.330300 0.490400
vt 0.332100 0.492100
vt 0.131300 0.595300
vt 0.678700 0.653300
vt 0.672300 0.659900
vt 0.685400 0.647100
vt 0.676100 0.662300
vt 0.688700 0.649600
vt 0.697400 0.642100
vt 0.694300 0.639600
vt 0.682300 0.655700
vt 0.689600 0.635400
vt 0.700000 0.628400
vt 0.694700 0.622200
vt 0.702400 0.617300
vt 0.706900 0.623200
vt 0.715800 0.614900
vt 0.711100 0.619200
vt 0.714200 0.622700
vt 0.719000 0.618200
vt 0.723300 0.608300
vt 0.726900 0.611500
vt 0.729600 0.613500
vt 0.721400 0.620500
vt 0.732400 0.615500
vt 0.723500 0.622700
vt 0.716500 0.625100
vt 0.718900 0.627400
vt 0.732100 0.600100
vt 0.741600 0.592400
vt 0.763600 0.432500
vt 0.066200 0.449800
vt 0.069300 0.451100
vt 0.068700 0.453300
vt 0.064300 0.454200
vt 0.059900 0.451800
vt 0.061800 0.447800
vt 0.717500 0.568300
vt 0.718600 0.572900
vt 0.709800 0.576800
vt 0.716400 0.563900
vt 0.715100 0.559600
vt 0.707100 0.563600
vt 0.713600 0.555500
vt 0.712000 0.537200
vt 0.013700 0.409600
vt 0.010000 0.420100
vt 0.131900 0.404300
vt 0.135300 0.400500
vt 0.759900 0.577000
vt 0.760400 0.582300
vt 0.778900 0.571400
vt 0.779800 0.578800
vt 0.785200 0.570400
vt 0.785300 0.578600
vt 0.854100 0.839300
vt 0.856600 0.833700
vt 0.844000 0.836000
vt 0.783000 0.563200
vt 0.761400 0.465800
vt 0.766800 0.420400
vt 0.777100 0.530000
vt 0.775700 0.540600
vt 0.821300 0.810100
vt 0.827000 0.806300
vt 0.832700 0.817200
vt 0.826300 0.821700
vt 0.834100 0.800800
vt 0.841100 0.811300
vt 0.839000 0.796400
vt 0.846900 0.807100
vt 0.837800 0.783900
vt 0.845600 0.779900
vt 0.036300 0.196900
vt 0.037400 0.187200
vt 0.896200 0.440900
vt 0.901100 0.443600
vt 0.904800 0.445900
vt 0.901500 0.450400
vt 0.892600 0.445600
vt 0.071200 0.194000
vt 0.073500 0.137800
vt 0.081200 0.138200
vt 0.088600 0.138000
vt 0.087600 0.162500
vt 0.082500 0.179800
vt 0.085200 0.179000
vt 0.088200 0.178300
vt 0.093500 0.161500
vt 0.101200 0.160600
vt 0.176700 0.098000
vt 0.180900 0.100900
vt 0.185200 0.103900
vt 0.119800 0.181900
vt 0.881400 0.767100
vt 0.876800 0.763200
vt 0.871500 0.760600
vt 0.888900 0.774400
vt 0.824600 0.465300
vt 0.819300 0.459300
vt 0.816900 0.452800
vt 0.822000 0.449500
vt 0.824600 0.456500
vt 0.828200 0.462500
vt 0.010700 0.192000
vt 0.292100 0.302000
vt 0.321900 0.276800
vt 0.333800 0.264300
vt 0.841900 0.765200
vt 0.829600 0.774800
vt 0.824600 0.770300
vt 0.827400 0.776200
vt 0.830300 0.782100
vt 0.833500 0.787900
vt 0.829000 0.792000
vt 0.684755 0.852681
vt 0.685461 0.849258
vt 0.687851 0.849940
vt 0.690104 0.851381
vt 0.689522 0.853858
vt 0.687633 0.856424
vt 0.882300 0.657100
vt 0.823100 0.797500
vt 0.820600 0.801900
vt 0.806600 0.788700
vt 0.798300 0.783400
vt 0.812100 0.792900
vt 0.681973 0.878089
vt 0.678390 0.872237
vt 0.686933 0.884879
vt 0.449100 0.635700
vt 0.058200 0.117400
vt 0.070200 0.119500
vt 0.075900 0.118900
vt 0.083600 0.118400
vt 0.090100 0.118500
vt 0.094800 0.119900
vt 0.094000 0.138200
vt 0.120100 0.282400
vt 0.122100 0.285300
vt 0.127600 0.293700
vt 0.047500 0.113900
vt 0.043000 0.132700
vt 0.629700 0.596700
vt 0.632300 0.592300
vt 0.638800 0.595500
vt 0.638300 0.602300
vt 0.643900 0.599500
vt 0.647500 0.603900
vt 0.650100 0.610600
vt 0.645500 0.611000
vt 0.650300 0.616800
vt 0.645700 0.616300
vt 0.649000 0.620500
vt 0.655800 0.609400
vt 0.652300 0.617400
vt 0.652100 0.610100
vt 0.650900 0.621800
vt 0.649200 0.602500
vt 0.652000 0.600200
vt 0.645400 0.597500
vt 0.918900 0.645700
vt 0.928500 0.655500
vt 0.525900 0.585600
vt 0.605500 0.572300
vt 0.578900 0.582900
vt 0.580700 0.585400
vt 0.607700 0.603600
vt 0.154200 0.214500
vt 0.159000 0.226800
vt 0.155600 0.219600
vt 0.624900 0.628400
vt 0.627500 0.629700
vt 0.630400 0.622900
vt 0.394600 0.370000
vt 0.396200 0.367700
vt 0.402100 0.373500
vt 0.400400 0.375000
vt 0.397900 0.373000
vt 0.180000 0.202000
vt 0.175400 0.200100
vt 0.177500 0.196700
vt 0.181900 0.198100
vt 0.187300 0.201000
vt 0.185700 0.204500
vt 0.616200 0.615100
vt 0.634900 0.623500
vt 0.631500 0.630800
vt 0.082500 0.185800
vt 0.084400 0.185200
vt 0.087900 0.184700
vt 0.899100 0.792500
vt 0.904800 0.797600
vt 0.898400 0.796900
vt 0.903100 0.801100
vt 0.901600 0.804200
vt 0.897400 0.800000
vt 0.898800 0.807700
vt 0.895200 0.803600
vt 0.905000 0.807900
vt 0.906500 0.804800
vt 0.910900 0.809200
vt 0.909400 0.812400
vt 0.902300 0.811400
vt 0.815900 0.483500
vt 0.809400 0.479600
vt 0.806100 0.482500
vt 0.801900 0.483900
vt 0.800200 0.478100
vt 0.803700 0.476900
vt 0.913200 0.805900
vt 0.946500 0.813900
vt 0.889400 0.809000
vt 0.891800 0.806200
vt 0.078500 0.192900
vt 0.079000 0.196500
vt 0.075200 0.193800
vt 0.779200 0.503600
vt 0.778500 0.514400
vt 0.336800 0.493300
vt 0.328300 0.499600
vt 0.035700 0.388600
vt 0.042300 0.389300
vt 0.816600 0.422600
vt 0.823000 0.428000
vt 0.047000 0.393400
vt 0.045700 0.407200
vt 0.047700 0.386900
vt 0.051400 0.392800
vt 0.056900 0.391900
vt 0.058000 0.405100
vt 0.051100 0.407300
vt 0.051700 0.386400
vt 0.056900 0.385400
vt 0.062800 0.391200
vt 0.062500 0.400300
vt 0.062000 0.408400
vt 0.057000 0.377800
vt 0.765500 0.402400
vt 0.762700 0.393400
vt 0.769600 0.408200
vt 0.716700 0.792600
vt 0.906000 0.666700
vt 0.715600 0.829700
vt 0.721700 0.833100
vt 0.858100 0.340700
vt 0.856200 0.346000
vt 0.698600 0.768700
vt 0.977200 0.535400
vt 0.042200 0.021000
vt 0.047300 0.023500
vt 0.497000 0.620800
vt 0.611100 0.521700
vt 0.810400 0.400900
vt 0.807800 0.403800
vt 0.896400 0.534700
vt 0.816300 0.797400
vt 0.775300 0.758400
vt 0.781400 0.776300
vt 0.787200 0.783300
vt 0.779300 0.792500
vt 0.790300 0.455400
vt 0.786000 0.465400
vt 0.696800 0.493700
vt 0.614500 0.502300
vt 0.781800 0.476600
vt 0.777800 0.487700
vt 0.836600 0.833000
vt 0.832200 0.828800
vt 0.780300 0.496100
vt 0.602900 0.533600
vt 0.605400 0.530700
vt 0.043900 0.293400
vt 0.045900 0.296500
vt 0.041900 0.290700
vt 0.762900 0.388400
vt 0.764100 0.379400
vt 0.378700 0.763700
vt 0.374300 0.770400
vt 0.498000 0.839200
vt 0.737900 0.409700
vt 0.195000 0.313700
vt 0.196900 0.317000
vt 0.193800 0.317600
vt 0.192300 0.314100
vt 0.170300 0.170100
vt 0.172600 0.168500
vt 0.175700 0.171800
vt 0.177700 0.174300
vt 0.176100 0.176000
vt 0.155200 0.112400
vt 0.154700 0.110600
vt 0.157600 0.112800
vt 0.178400 0.115300
vt 0.182800 0.113400
vt 0.178700 0.119600
vt 0.175700 0.117900
vt 0.172200 0.100100
vt 0.172400 0.095700
vt 0.174700 0.093900
vt 0.172000 0.091200
vt 0.174300 0.090900
vt 0.167100 0.098600
vt 0.168500 0.101300
vt 0.164900 0.103700
vt 0.163100 0.101300
vt 0.167400 0.106500
vt 0.846800 0.442700
vt 0.848000 0.452100
vt 0.175800 0.122400
vt 0.172700 0.125700
vt 0.188500 0.107400
vt 0.177500 0.095900
vt 0.182100 0.098700
vt 0.147000 0.113600
vt 0.146400 0.111800
vt 0.151100 0.110500
vt 0.151600 0.112400
vt 0.173900 0.087300
vt 0.172100 0.086900
vt 0.159200 0.105200
vt 0.161800 0.106700
vt 0.160200 0.109500
vt 0.157300 0.108800
vt 0.159300 0.112100
vt 0.190400 0.104900
vt 0.186900 0.101500
vt 0.156700 0.116900
vt 0.159200 0.121600
vt 0.170100 0.128100
vt 0.162500 0.131500
vt 0.194100 0.100400
vt 0.197400 0.104800
vt 0.195800 0.106500
vt 0.192000 0.102800
vt 0.161700 0.126300
vt 0.165400 0.129500
vt 0.170600 0.132300
vt 0.168700 0.133500
vt 0.166600 0.135300
vt 0.164600 0.137600
vt 0.160300 0.134100
vt 0.200600 0.303600
vt 0.199600 0.305800
vt 0.197800 0.306100
vt 0.197800 0.307800
vt 0.194600 0.309200
vt 0.194400 0.310400
vt 0.192400 0.310400
vt 0.191300 0.306100
vt 0.194800 0.304900
vt 0.195300 0.302400
vt 0.201900 0.300900
vt 0.201900 0.303800
vt 0.198500 0.309200
vt 0.196400 0.310200
vt 0.198800 0.299500
vt 0.200200 0.298900
vt 0.192100 0.303000
vt 0.193200 0.300900
vt 0.199200 0.307200
vt 0.201100 0.306300
vt 0.200100 0.307900
vt 0.802300 0.402000
vt 0.801300 0.401900
vt 0.801200 0.400600
vt 0.204100 0.300300
vt 0.202900 0.304000
vt 0.200800 0.297700
vt 0.802000 0.410900
vt 0.803400 0.412100
vt 0.801800 0.414100
vt 0.800400 0.412700
vt 0.805600 0.409100
vt 0.808900 0.407600
vt 0.811200 0.410700
vt 0.808200 0.412400
vt 0.811700 0.406600
vt 0.814100 0.409400
vt 0.814000 0.405300
vt 0.816400 0.407700
vt 0.820300 0.410900
vt 0.818300 0.413100
vt 0.818400 0.405500
vt 0.822200 0.408600
vt 0.820000 0.402900
vt 0.823900 0.406100
vt 0.196400 0.329800
vt 0.201200 0.336900
vt 0.197600 0.338800
vt 0.192600 0.331400
vt 0.228100 0.299600
vt 0.231500 0.303200
vt 0.234900 0.307000
vt 0.233400 0.308800
vt 0.229400 0.305600
vt 0.225700 0.302300
vt 0.846200 0.396600
vt 0.842600 0.393100
vt 0.838900 0.389900
vt 0.195400 0.340300
vt 0.192500 0.336600
vt 0.189500 0.332700
vt 0.831500 0.393000
vt 0.832700 0.389600
vt 0.821900 0.397000
vt 0.823900 0.393700
vt 0.821200 0.400000
vt 0.825600 0.403500
vt 0.817200 0.400800
vt 0.818000 0.398200
vt 0.815700 0.403300
vt 0.812800 0.404000
vt 0.814400 0.402200
vt 0.811000 0.405100
vt 0.796100 0.415300
vt 0.798000 0.414600
vt 0.798500 0.416500
vt 0.796400 0.417400
vt 0.799400 0.413700
vt 0.800300 0.415500
vt 0.804000 0.416900
vt 0.802200 0.418500
vt 0.806000 0.414900
vt 0.813100 0.417800
vt 0.809600 0.419800
vt 0.816200 0.415200
vt 0.217100 0.327000
vt 0.214100 0.323700
vt 0.211200 0.320300
vt 0.214600 0.329100
vt 0.211900 0.330900
vt 0.206500 0.323700
vt 0.208900 0.322000
vt 0.211700 0.325400
vt 0.223200 0.306300
vt 0.227100 0.309500
vt 0.230400 0.312600
vt 0.814900 0.435200
vt 0.811800 0.431300
vt 0.808800 0.427400
vt 0.802600 0.424200
vt 0.804800 0.422500
vt 0.800100 0.426100
vt 0.833800 0.386600
vt 0.828100 0.387600
vt 0.828900 0.384600
vt 0.826300 0.390700
vt 0.821200 0.392100
vt 0.823300 0.389200
vt 0.818300 0.395500
vt 0.816200 0.397500
vt 0.815500 0.400000
vt 0.190200 0.306100
vt 0.190600 0.302400
vt 0.191600 0.312000
vt 0.819700 0.391000
vt 0.804200 0.395100
vt 0.821700 0.388100
vt 0.822600 0.385800
vt 0.824500 0.386400
vt 0.825000 0.383900
vt 0.823000 0.383700
vt 0.800100 0.420000
vt 0.797500 0.421300
vt 0.807000 0.421100
vt 0.826600 0.424900
vt 0.802700 0.396900
vt 0.808800 0.509100
vt 0.807400 0.509400
vt 0.806500 0.507800
vt 0.808900 0.506900
vt 0.814800 0.548800
vt 0.813200 0.539600
vt 0.818700 0.546000
vt 0.805000 0.525800
vt 0.805800 0.528300
vt 0.803800 0.554700
vt 0.805900 0.555000
vt 0.819900 0.535300
vt 0.826500 0.538700
vt 0.823300 0.542900
vt 0.802800 0.542100
vt 0.799800 0.545400
vt 0.794600 0.538900
vt 0.798900 0.535600
vt 0.790900 0.545400
vt 0.798500 0.549600
vt 0.791100 0.549400
vt 0.836100 0.522700
vt 0.828100 0.521700
vt 0.840400 0.519600
vt 0.839700 0.515100
vt 0.802600 0.473600
vt 0.799200 0.475300
vt 0.797900 0.472900
vt 0.800200 0.470500
vt 0.813800 0.529700
vt 0.816600 0.537800
vt 0.810900 0.531500
vt 0.808200 0.532700
vt 0.799800 0.527600
vt 0.796900 0.532200
vt 0.795900 0.530500
vt 0.792600 0.534500
vt 0.791600 0.532300
vt 0.802800 0.512400
vt 0.804700 0.509300
vt 0.876100 0.381900
vt 0.880300 0.381100
vt 0.885600 0.386000
vt 0.879600 0.392700
vt 0.808100 0.524100
vt 0.810800 0.521900
vt 0.813100 0.523800
vt 0.810000 0.526000
vt 0.813300 0.519400
vt 0.815900 0.520900
vt 0.815600 0.516400
vt 0.817800 0.517100
vt 0.815100 0.512400
vt 0.818700 0.511200
vt 0.813100 0.509900
vt 0.814800 0.507800
vt 0.811600 0.506700
vt 0.810900 0.509000
vt 0.822800 0.504600
vt 0.822800 0.501900
vt 0.825500 0.502400
vt 0.825400 0.505600
vt 0.822800 0.499300
vt 0.825400 0.499300
vt 0.785800 0.533400
vt 0.788200 0.533200
vt 0.788600 0.535500
vt 0.785400 0.535900
vt 0.789600 0.540700
vt 0.786300 0.550400
vt 0.835600 0.453400
vt 0.835300 0.446600
vt 0.842700 0.457700
vt 0.838300 0.460200
vt 0.818600 0.511600
vt 0.822100 0.507700
vt 0.821400 0.518900
vt 0.840000 0.500900
vt 0.844200 0.501500
vt 0.843500 0.505000
vt 0.791300 0.553200
vt 0.787600 0.554400
vt 0.792200 0.557100
vt 0.789400 0.558000
vt 0.797600 0.553100
vt 0.797500 0.556600
vt 0.802900 0.557000
vt 0.847300 0.505800
vt 0.846500 0.508900
vt 0.843300 0.508200
vt 0.846600 0.512100
vt 0.843000 0.511400
vt 0.839700 0.510500
vt 0.842800 0.514400
vt 0.848100 0.502800
vt 0.101000 0.216600
vt 0.101900 0.214200
vt 0.105300 0.216000
vt 0.103500 0.218600
vt 0.098900 0.214700
vt 0.087300 0.232400
vt 0.085400 0.228000
vt 0.089900 0.230400
vt 0.106700 0.213500
vt 0.103000 0.211700
vt 0.107600 0.210800
vt 0.095100 0.223100
vt 0.097400 0.219500
vt 0.096000 0.226800
vt 0.092500 0.228100
vt 0.091800 0.222800
vt 0.098800 0.230500
vt 0.095800 0.232900
vt 0.102400 0.234200
vt 0.107200 0.221800
vt 0.109400 0.219100
vt 0.098400 0.212700
vt 0.094700 0.217900
vt 0.092000 0.216800
vt 0.088800 0.223000
vt 0.092900 0.235300
vt 0.099600 0.236700
vt 0.096500 0.239500
vt 0.105800 0.237900
vt 0.103200 0.240200
vt 0.108400 0.235300
vt 0.111000 0.232500
vt 0.111000 0.225400
vt 0.114600 0.229100
vt 0.111200 0.215400
vt 0.112100 0.211500
vt 0.117400 0.214400
vt 0.112800 0.208600
vt 0.118600 0.212100
vt 0.106600 0.207700
vt 0.106000 0.204700
vt 0.113300 0.206300
vt 0.101700 0.209100
vt 0.100700 0.205300
vt 0.081600 0.233300
vt 0.079700 0.228700
vt 0.084100 0.240100
vt 0.089100 0.237600
vt 0.092500 0.242400
vt 0.088300 0.245500
vt 0.100200 0.242700
vt 0.105500 0.242700
vt 0.102900 0.245000
vt 0.107900 0.240400
vt 0.110400 0.237800
vt 0.113000 0.235500
vt 0.115600 0.233500
vt 0.219300 0.506300
vt 0.222300 0.510300
vt 0.218100 0.512600
vt 0.215000 0.508600
vt 0.214900 0.504400
vt 0.217400 0.503100
vt 0.121500 0.217700
vt 0.122700 0.215900
vt 0.119700 0.210300
vt 0.124200 0.214500
vt 0.092900 0.248900
vt 0.096300 0.245800
vt 0.099300 0.248200
vt 0.124500 0.220400
vt 0.125600 0.219000
vt 0.126800 0.217900
vt 0.096500 0.251100
vt 0.493100 0.995200
vt 0.904600 0.627300
vt 0.906900 0.626100
vt 0.909600 0.626000
vt 0.915300 0.670000
vt 0.910700 0.668400
vt 0.920700 0.643500
vt 0.930700 0.653100
vt 0.922900 0.641200
vt 0.917100 0.639000
vt 0.919200 0.636300
vt 0.925300 0.638900
vt 0.921000 0.633600
vt 0.923300 0.631300
vt 0.928100 0.636400
vt 0.917800 0.630400
vt 0.920400 0.628400
vt 0.923700 0.626500
vt 0.926700 0.629200
vt 0.925800 0.624100
vt 0.928900 0.626700
vt 0.922400 0.625200
vt 0.924400 0.623000
vt 0.926800 0.621500
vt 0.925400 0.620500
vt 0.904200 0.626300
vt 0.906800 0.625000
vt 0.926300 0.617900
vt 0.927600 0.618700
vt 0.901800 0.628300
vt 0.902400 0.629200
vt 0.904900 0.641600
vt 0.901300 0.638500
vt 0.902000 0.637400
vt 0.908100 0.639000
vt 0.910700 0.636600
vt 0.912800 0.633900
vt 0.124100 0.284000
vt 0.130800 0.291800
vt 0.914500 0.631400
vt 0.916200 0.632800
vt 0.914200 0.635400
vt 0.915900 0.628800
vt 0.914100 0.628900
vt 0.919300 0.627000
vt 0.913000 0.626400
vt 0.911900 0.627300
vt 0.394500 0.377700
vt 0.391100 0.374600
vt 0.387000 0.369800
vt 0.385000 0.366600
vt 0.386400 0.365800
vt 0.388700 0.368200
vt 0.392800 0.372400
vt 0.396400 0.375300
vt 0.914900 0.641500
vt 0.912000 0.638100
vt 0.912200 0.643900
vt 0.909200 0.646000
vt 0.911700 0.653200
vt 0.101500 0.121400
vt 0.906600 0.648800
vt 0.906300 0.643200
vt 0.903600 0.646800
vt 0.909400 0.640900
vt 0.902100 0.645400
vt 0.902000 0.649600
vt 0.900400 0.648100
vt 0.904000 0.669200
vt 0.908800 0.671200
vt 0.948800 0.637000
vt 0.946400 0.638300
vt 0.913500 0.672300
vt 0.930100 0.624000
vt 0.931100 0.621300
vt 0.893200 0.653500
vt 0.896000 0.652200
vt 0.897600 0.651000
vt 0.899000 0.649900
vt 0.867100 0.393700
vt 0.868200 0.386800
vt 0.870600 0.389800
vt 0.886800 0.423800
vt 0.914900 0.385300
vt 0.916400 0.380800
vt 0.921300 0.385300
vt 0.916600 0.388200
vt 0.907300 0.384600
vt 0.909900 0.377700
vt 0.911600 0.390000
vt 0.907900 0.391800
vt 0.903900 0.388200
vt 0.924200 0.389400
vt 0.918700 0.391200
vt 0.892700 0.389500
vt 0.886000 0.394700
vt 0.878700 0.401700
vt 0.875800 0.435800
vt 0.872000 0.432400
vt 0.867400 0.426800
vt 0.863700 0.421200
vt 0.860900 0.415500
vt 0.867200 0.411300
vt 0.872300 0.407000
vt 0.900300 0.380500
vt 0.903900 0.374700
vt 0.898300 0.384200
vt 0.911100 0.395100
vt 0.914300 0.393300
vt 0.178000 0.572200
vt 0.180100 0.570100
vt 0.175200 0.571500
vt 0.181400 0.571700
vt 0.871000 0.398700
vt 0.930200 0.350000
vt 0.933000 0.348500
vt 0.934000 0.351400
vt 0.936400 0.354700
vt 0.933400 0.357900
vt 0.930900 0.354200
vt 0.186100 0.570600
vt 0.187800 0.567600
vt 0.186400 0.567600
vt 0.185000 0.569400
vt 0.183400 0.567100
vt 0.811800 0.515800
vt 0.184000 0.557300
vt 0.186500 0.561200
vt 0.180200 0.552300
vt 0.163800 0.558900
vt 0.168100 0.563200
vt 0.188100 0.563900
vt 0.189200 0.567100
vt 0.171800 0.567600
vt 0.167700 0.555900
vt 0.170800 0.553200
vt 0.172800 0.551000
vt 0.178000 0.574600
vt 0.182100 0.573600
vt 0.609000 0.605900
vt 0.613300 0.611500
vt 0.174500 0.549100
vt 0.176000 0.547600
vt 0.287300 0.489500
vt 0.270400 0.500100
vt 0.321500 0.477300
vt 0.320900 0.481400
vt 0.319000 0.478700
vt 0.314600 0.488300
vt 0.319200 0.489200
vt 0.319100 0.492500
vt 0.316400 0.491000
vt 0.578300 0.534400
vt 0.339300 0.477100
vt 0.345000 0.480700
vt 0.341100 0.481900
vt 0.339400 0.480900
vt 0.865200 0.493800
vt 0.866100 0.491000
vt 0.869100 0.493200
vt 0.868100 0.495800
vt 0.866800 0.500100
vt 0.862700 0.497100
vt 0.322800 0.507800
vt 0.319900 0.500400
vt 0.333400 0.504700
vt 0.318700 0.508300
vt 0.315900 0.499800
vt 0.316100 0.508500
vt 0.313100 0.499500
vt 0.316300 0.482400
vt 0.341200 0.460900
vt 0.353200 0.461100
vt 0.353400 0.463600
vt 0.342900 0.463200
vt 0.353900 0.467800
vt 0.344400 0.467200
vt 0.334600 0.467000
vt 0.331400 0.464700
vt 0.337900 0.471900
vt 0.334700 0.476700
vt 0.331100 0.473000
vt 0.336400 0.480200
vt 0.333100 0.480700
vt 0.331200 0.479200
vt 0.327800 0.477800
vt 0.332000 0.483000
vt 0.324100 0.477000
vt 0.326500 0.470900
vt 0.323100 0.470500
vt 0.319700 0.485500
vt 0.346200 0.489000
vt 0.344000 0.487800
vt 0.343700 0.484200
vt 0.941300 0.353500
vt 0.939500 0.350900
vt 0.942700 0.350500
vt 0.936100 0.362300
vt 0.935300 0.360000
vt 0.936100 0.358700
vt 0.939300 0.361200
vt 0.934900 0.345900
vt 0.938300 0.347800
vt 0.957500 0.342400
vt 0.961300 0.342300
vt 0.927700 0.374500
vt 0.907200 0.430100
vt 0.908200 0.426000
vt 0.914000 0.428800
vt 0.959100 0.337800
vt 0.966000 0.346200
vt 0.965700 0.349700
vt 0.965400 0.352700
vt 0.958700 0.354800
vt 0.939700 0.375000
vt 0.935500 0.377700
vt 0.932900 0.370300
vt 0.938300 0.369800
vt 0.932600 0.378500
vt 0.929500 0.372200
vt 0.926600 0.368400
vt 0.929800 0.365600
vt 0.924600 0.370000
vt 0.953300 0.333600
vt 0.956300 0.332000
vt 0.955000 0.338800
vt 0.952700 0.339600
vt 0.951000 0.344900
vt 0.953900 0.353300
vt 0.951300 0.351400
vt 0.952300 0.357300
vt 0.949800 0.355500
vt 0.956100 0.359800
vt 0.950300 0.360500
vt 0.948100 0.358600
vt 0.953600 0.363800
vt 0.947200 0.364000
vt 0.945100 0.361900
vt 0.950500 0.367700
vt 0.944200 0.366600
vt 0.942200 0.364400
vt 0.947300 0.370800
vt 0.941100 0.368600
vt 0.939100 0.365900
vt 0.943500 0.373100
vt 0.936400 0.366900
vt 0.933600 0.362900
vt 0.927800 0.363500
vt 0.924100 0.366300
vt 0.928300 0.351000
vt 0.929300 0.355700
vt 0.928300 0.348300
vt 0.930400 0.347600
vt 0.921900 0.368000
vt 0.948200 0.337100
vt 0.951400 0.334900
vt 0.949100 0.341900
vt 0.948400 0.349200
vt 0.944900 0.346600
vt 0.946800 0.352900
vt 0.945000 0.356100
vt 0.942200 0.359200
vt 0.932500 0.360100
vt 0.926100 0.399900
vt 0.930300 0.400600
vt 0.934100 0.403200
vt 0.930800 0.406100
vt 0.927500 0.403800
vt 0.924600 0.402700
vt 0.937400 0.343800
vt 0.938800 0.356500
vt 0.335000 0.446500
vt 0.331600 0.448200
vt 0.330000 0.445100
vt 0.334600 0.442100
vt 0.330100 0.449200
vt 0.326300 0.447200
vt 0.330800 0.450900
vt 0.328100 0.451200
vt 0.350500 0.411200
vt 0.347800 0.405900
vt 0.354000 0.408700
vt 0.333600 0.423700
vt 0.331400 0.426500
vt 0.329000 0.422500
vt 0.333800 0.420600
vt 0.324100 0.427800
vt 0.326600 0.430700
vt 0.321800 0.433400
vt 0.320500 0.426000
vt 0.348300 0.428500
vt 0.344300 0.431200
vt 0.339100 0.427100
vt 0.340100 0.424500
vt 0.341200 0.435500
vt 0.336600 0.431100
vt 0.331400 0.435900
vt 0.326200 0.439100
vt 0.322200 0.441400
vt 0.359900 0.419900
vt 0.355500 0.416500
vt 0.358000 0.413800
vt 0.361600 0.417500
vt 0.353200 0.419500
vt 0.346700 0.414000
vt 0.350300 0.424700
vt 0.342300 0.420100
vt 0.334300 0.413900
vt 0.326700 0.417700
vt 0.317400 0.437000
vt 0.307100 0.443400
vt 0.307600 0.438100
vt 0.303500 0.441500
vt 0.342000 0.408300
vt 0.323100 0.410100
vt 0.320700 0.415000
vt 0.317900 0.421700
vt 0.314000 0.434200
vt 0.048000 0.441300
vt 0.043000 0.440100
vt 0.047500 0.438500
vt 0.046200 0.457100
vt 0.049700 0.462300
vt 0.044900 0.464400
vt 0.042400 0.458700
vt 0.041400 0.465900
vt 0.047000 0.468500
vt 0.043800 0.469900
vt 0.038000 0.468000
vt 0.040700 0.471800
vt 0.045100 0.473200
vt 0.042700 0.474600
vt 0.071300 0.440500
vt 0.073800 0.443200
vt 0.072200 0.445600
vt 0.069300 0.443400
vt 0.046800 0.472700
vt 0.052400 0.466100
vt 0.049100 0.455400
vt 0.053700 0.459800
vt 0.045000 0.450200
vt 0.046000 0.452100
vt 0.043500 0.453500
vt 0.040500 0.454100
vt 0.034700 0.461700
vt 0.038500 0.460600
vt 0.070300 0.449000
vt 0.067400 0.447100
vt 0.056900 0.463000
vt 0.057000 0.456400
vt 0.060800 0.459100
vt 0.051500 0.452900
vt 0.054600 0.449200
vt 0.047200 0.451100
vt 0.046300 0.445400
vt 0.050400 0.447300
vt 0.041200 0.449200
vt 0.040200 0.445500
vt 0.037100 0.456100
vt 0.033500 0.457200
vt 0.033500 0.454500
vt 0.174600 0.228300
vt 0.172500 0.228900
vt 0.171100 0.225800
vt 0.169100 0.221400
vt 0.173200 0.219500
vt 0.175500 0.223900
vt 0.056200 0.445300
vt 0.052300 0.444100
vt 0.047400 0.443100
vt 0.052200 0.436200
vt 0.052300 0.432900
vt 0.384900 0.364000
vt 0.384100 0.361700
vt 0.386600 0.361800
vt 0.386800 0.364300
vt 0.384700 0.364900
vt 0.375600 0.370000
vt 0.372700 0.375000
vt 0.369000 0.373400
vt 0.371400 0.369600
vt 0.029700 0.195400
vt 0.371600 0.391700
vt 0.372600 0.394300
vt 0.369700 0.386500
vt 0.374100 0.385300
vt 0.392100 0.360500
vt 0.391100 0.363800
vt 0.386200 0.358300
vt 0.390200 0.366200
vt 0.383700 0.357800
vt 0.381200 0.364800
vt 0.381400 0.366100
vt 0.374300 0.369200
vt 0.382300 0.367900
vt 0.384600 0.371600
vt 0.401900 0.369000
vt 0.403700 0.371300
vt 0.398100 0.365000
vt 0.373800 0.396600
vt 0.268200 0.262700
vt 0.265600 0.266100
vt 0.261000 0.261500
vt 0.257700 0.258300
vt 0.259100 0.256200
vt 0.262900 0.258700
vt 0.372400 0.379300
vt 0.375900 0.379500
vt 0.368100 0.379100
vt 0.374800 0.375400
vt 0.377700 0.371200
vt 0.381200 0.374400
vt 0.388800 0.376600
vt 0.385200 0.379600
vt 0.399000 0.377000
vt 0.403800 0.375200
vt 0.402800 0.376700
vt 0.405300 0.373500
vt 0.401300 0.378700
vt 0.397100 0.379500
vt 0.394400 0.382100
vt 0.392200 0.380000
vt 0.390000 0.385700
vt 0.388000 0.383300
vt 0.378100 0.377600
vt 0.178700 0.255500
vt 0.176500 0.257800
vt 0.176300 0.254800
vt 0.165500 0.257400
vt 0.172500 0.255200
vt 0.170500 0.258000
vt 0.166100 0.259000
vt 0.186500 0.240000
vt 0.186700 0.235500
vt 0.197900 0.257700
vt 0.194200 0.254900
vt 0.200700 0.259700
vt 0.203600 0.255800
vt 0.196800 0.264200
vt 0.194200 0.261700
vt 0.167400 0.261500
vt 0.171900 0.260300
vt 0.174400 0.259200
vt 0.176900 0.263000
vt 0.176100 0.247900
vt 0.178900 0.249300
vt 0.184100 0.243000
vt 0.183100 0.244800
vt 0.185200 0.235000
vt 0.184900 0.240000
vt 0.185400 0.246900
vt 0.182000 0.251100
vt 0.189000 0.250300
vt 0.185700 0.254000
vt 0.182300 0.258200
vt 0.190900 0.258600
vt 0.187500 0.262400
vt 0.184300 0.265800
vt 0.179700 0.261100
vt 0.190800 0.265400
vt 0.187400 0.269200
vt 0.183900 0.272300
vt 0.180900 0.268300
vt 0.189600 0.271600
vt 0.185900 0.274700
vt 0.264100 0.256300
vt 0.266400 0.251900
vt 0.276100 0.259500
vt 0.273600 0.263400
vt 0.269600 0.260300
vt 0.183200 0.276500
vt 0.179800 0.278500
vt 0.193200 0.268100
vt 0.187500 0.244500
vt 0.122000 0.278400
vt 0.122300 0.276600
vt 0.125000 0.278000
vt 0.123100 0.280100
vt 0.130800 0.298800
vt 0.135000 0.293700
vt 0.134600 0.295700
vt 0.131700 0.267600
vt 0.130200 0.268100
vt 0.136300 0.291900
vt 0.133300 0.289600
vt 0.128900 0.285700
vt 0.125600 0.282700
vt 0.179000 0.088500
vt 0.128900 0.296800
vt 0.127600 0.280600
vt 0.121700 0.281100
vt 0.148800 0.275700
vt 0.131500 0.271600
vt 0.129500 0.272900
vt 0.129900 0.278200
vt 0.126700 0.275200
vt 0.124000 0.273100
vt 0.122600 0.272100
vt 0.120700 0.276100
vt 0.126300 0.269200
vt 0.127200 0.270700
vt 0.131500 0.264800
vt 0.132300 0.265100
vt 0.134400 0.261400
vt 0.113300 0.281600
vt 0.116800 0.280800
vt 0.113000 0.280700
vt 0.116800 0.279900
vt 0.133600 0.260900
vt 0.120500 0.278500
vt 0.118800 0.280800
vt 0.119000 0.279900
vt 0.129600 0.269900
vt 0.146200 0.282800
vt 0.148200 0.282400
vt 0.198900 0.298000
vt 0.198800 0.297000
vt 0.933200 0.650600
vt 0.207800 0.297700
vt 0.209500 0.296200
vt 0.210900 0.297500
vt 0.208900 0.299100
vt 0.205900 0.301400
vt 0.204500 0.304600
vt 0.209200 0.304000
vt 0.207600 0.306900
vt 0.206300 0.309800
vt 0.203500 0.307400
vt 0.204500 0.312100
vt 0.202100 0.309700
vt 0.207800 0.316000
vt 0.205500 0.317900
vt 0.202300 0.314100
vt 0.199700 0.315700
vt 0.202900 0.319600
vt 0.836900 0.412300
vt 0.193500 0.341900
vt 0.189900 0.338300
vt 0.186800 0.334600
vt 0.186500 0.328400
vt 0.189900 0.327200
vt 0.193600 0.325200
vt 0.190600 0.319600
vt 0.197700 0.312900
vt 0.200100 0.311500
vt 0.199100 0.310100
vt 0.200900 0.308600
vt 0.202000 0.306700
vt 0.801700 0.398900
vt 0.212200 0.291800
vt 0.214300 0.292100
vt 0.213300 0.294200
vt 0.211400 0.293700
vt 0.212300 0.296000
vt 0.210500 0.295100
vt 0.215300 0.297900
vt 0.213800 0.299700
vt 0.211700 0.301700
vt 0.216600 0.305300
vt 0.214700 0.308900
vt 0.228200 0.307600
vt 0.232100 0.310600
vt 0.224200 0.304500
vt 0.219300 0.300500
vt 0.221000 0.298300
vt 0.223000 0.295800
vt 0.183400 0.329500
vt 0.181500 0.324600
vt 0.184500 0.323800
vt 0.187600 0.322100
vt 0.186000 0.319000
vt 0.188900 0.316900
vt 0.194300 0.311900
vt 0.196800 0.311200
vt 0.187900 0.315400
vt 0.192000 0.300000
vt 0.185000 0.317400
vt 0.183300 0.320300
vt 0.182700 0.318400
vt 0.180700 0.320700
vt 0.180600 0.318700
vt 0.218100 0.293200
vt 0.216800 0.295800
vt 0.217900 0.302700
vt 0.979000 0.575900
vt 0.844600 0.473500
vt 0.843700 0.475900
vt 0.249700 0.490700
vt 0.254500 0.494000
vt 0.259700 0.495400
vt 0.802700 0.467600
vt 0.805500 0.463700
vt 0.811900 0.469200
vt 0.825700 0.477400
vt 0.823200 0.476600
vt 0.796800 0.478600
vt 0.796500 0.476500
vt 0.816200 0.462500
vt 0.808600 0.459100
vt 0.812800 0.455900
vt 0.812600 0.487800
vt 0.806100 0.491400
vt 0.802100 0.491300
vt 0.828800 0.446300
vt 0.829800 0.454300
vt 0.831900 0.442000
vt 0.836400 0.442700
vt 0.611300 0.504300
vt 0.821800 0.468600
vt 0.820000 0.471500
vt 0.813700 0.465800
vt 0.818800 0.474200
vt 0.823900 0.482500
vt 0.821000 0.486500
vt 0.819300 0.485500
vt 0.819200 0.490800
vt 0.817000 0.489800
vt 0.842200 0.477700
vt 0.839100 0.479600
vt 0.825500 0.472400
vt 0.827700 0.469300
vt 0.830600 0.466500
vt 0.834400 0.464600
vt 0.840300 0.463700
vt 0.843700 0.467600
vt 0.844800 0.470800
vt 0.846900 0.459600
vt 0.845900 0.457000
vt 0.849100 0.456800
vt 0.849600 0.459600
vt 0.852200 0.457000
vt 0.852200 0.459600
vt 0.818100 0.496600
vt 0.815600 0.497000
vt 0.816000 0.493800
vt 0.818300 0.494200
vt 0.810800 0.492800
vt 0.801100 0.496100
vt 0.843800 0.460300
vt 0.839900 0.463800
vt 0.832600 0.460900
vt 0.353000 0.477800
vt 0.850600 0.442400
vt 0.846500 0.438900
vt 0.850000 0.438200
vt 0.797100 0.494800
vt 0.798300 0.491100
vt 0.909800 0.624900
vt 0.793500 0.493000
vt 0.794400 0.490200
vt 0.794900 0.484900
vt 0.798400 0.484800
vt 0.794500 0.479500
vt 0.845700 0.435100
vt 0.843300 0.439100
vt 0.842600 0.435900
vt 0.840100 0.439300
vt 0.839400 0.435800
vt 0.837100 0.439600
vt 0.848700 0.434300
vt 0.223900 0.525000
vt 0.221900 0.522500
vt 0.224500 0.520700
vt 0.226300 0.524100
vt 0.225800 0.527000
vt 0.208100 0.538700
vt 0.210100 0.536100
vt 0.212500 0.540600
vt 0.227000 0.519200
vt 0.229700 0.518400
vt 0.228800 0.522900
vt 0.221000 0.528600
vt 0.217400 0.530900
vt 0.213700 0.529900
vt 0.217700 0.534100
vt 0.212400 0.533500
vt 0.207600 0.530100
vt 0.210000 0.527100
vt 0.206300 0.523500
vt 0.218700 0.518800
vt 0.221400 0.516600
vt 0.227800 0.527600
vt 0.223700 0.533900
vt 0.222600 0.531300
vt 0.217500 0.537200
vt 0.205200 0.533000
vt 0.201000 0.529500
vt 0.203800 0.526300
vt 0.200300 0.522700
vt 0.202600 0.520100
vt 0.205200 0.517600
vt 0.208000 0.515000
vt 0.211400 0.511400
vt 0.215100 0.514900
vt 0.225100 0.514800
vt 0.226100 0.508500
vt 0.229000 0.513800
vt 0.228400 0.507400
vt 0.231900 0.513200
vt 0.232800 0.519400
vt 0.234200 0.512700
vt 0.235800 0.519900
vt 0.235200 0.525300
vt 0.231400 0.524300
vt 0.207200 0.544300
vt 0.211800 0.546300
vt 0.200400 0.541800
vt 0.202900 0.536900
vt 0.195000 0.537700
vt 0.198100 0.533500
vt 0.197800 0.525700
vt 0.195500 0.523100
vt 0.197800 0.520400
vt 0.200100 0.518100
vt 0.202700 0.515600
vt 0.205000 0.513000
vt 0.207000 0.510400
vt 0.222800 0.504400
vt 0.224600 0.503300
vt 0.226000 0.501800
vt 0.230200 0.506300
vt 0.191600 0.533000
vt 0.194700 0.529700
vt 0.192300 0.526700
vt 0.220100 0.501400
vt 0.221500 0.500400
vt 0.222600 0.499200
vt 0.189400 0.529400
vt 0.898900 0.463200
vt 0.898300 0.458100
vt 0.901900 0.459000
vt 0.901200 0.462600
vt 0.895800 0.463300
vt 0.894300 0.456800
vt 0.864200 0.456700
vt 0.862400 0.458700
vt 0.861000 0.455400
vt 0.862900 0.455100
vt 0.866100 0.458200
vt 0.865800 0.460500
vt 0.865900 0.454900
vt 0.862600 0.492100
vt 0.859300 0.494000
vt 0.864600 0.478200
vt 0.867400 0.487500
vt 0.869200 0.483700
vt 0.888200 0.451900
vt 0.890500 0.461300
vt 0.884700 0.455800
vt 0.893200 0.464700
vt 0.883800 0.467600
vt 0.887000 0.471000
vt 0.878600 0.462500
vt 0.870400 0.463100
vt 0.875300 0.459200
vt 0.868200 0.466300
vt 0.868800 0.473900
vt 0.865500 0.470700
vt 0.861200 0.460100
vt 0.865600 0.462700
vt 0.858500 0.456100
vt 0.266800 0.366800
vt 0.869500 0.451600
vt 0.884400 0.448100
vt 0.888700 0.443000
vt 0.905300 0.452800
vt 0.908800 0.455700
vt 0.906100 0.459200
vt 0.911900 0.452600
vt 0.908500 0.448900
vt 0.911000 0.446700
vt 0.914500 0.450600
vt 0.903800 0.440300
vt 0.907300 0.443200
vt 0.898300 0.436800
vt 0.892300 0.438500
vt 0.647400 0.111400
vt 0.893600 0.434800
vt 0.852100 0.479700
vt 0.857900 0.476100
vt 0.861600 0.474100
vt 0.873500 0.479000
vt 0.877100 0.482200
vt 0.872500 0.486900
vt 0.870700 0.490100
vt 0.259900 0.477600
vt 0.261300 0.475100
vt 0.264000 0.477000
vt 0.275100 0.475200
vt 0.271800 0.475300
vt 0.270900 0.470700
vt 0.273600 0.472500
vt 0.263500 0.495500
vt 0.264500 0.497200
vt 0.290400 0.478900
vt 0.283100 0.476000
vt 0.282400 0.472000
vt 0.290900 0.474800
vt 0.282200 0.469200
vt 0.291100 0.472200
vt 0.265000 0.472400
vt 0.243500 0.497300
vt 0.245900 0.499000
vt 0.246200 0.509500
vt 0.243700 0.509300
vt 0.247400 0.487500
vt 0.255600 0.487200
vt 0.259300 0.490800
vt 0.262800 0.492500
vt 0.261800 0.487300
vt 0.263300 0.489200
vt 0.260400 0.483900
vt 0.265600 0.488100
vt 0.253600 0.482600
vt 0.259700 0.480200
vt 0.253200 0.479200
vt 0.268200 0.475800
vt 0.266800 0.499800
vt 0.929700 0.411000
vt 0.926600 0.412400
vt 0.927000 0.409200
vt 0.938500 0.405800
vt 0.937400 0.409000
vt 0.934900 0.405800
vt 0.936100 0.405000
vt 0.923900 0.408000
vt 0.922100 0.404600
vt 0.918600 0.427300
vt 0.918400 0.431000
vt 0.950700 0.397400
vt 0.955900 0.398400
vt 0.922300 0.435700
vt 0.925900 0.435400
vt 0.931000 0.428400
vt 0.928800 0.435100
vt 0.951100 0.409400
vt 0.946000 0.408100
vt 0.946400 0.402600
vt 0.953800 0.405200
vt 0.948400 0.399200
vt 0.954700 0.402300
vt 0.941800 0.399500
vt 0.944500 0.396300
vt 0.946100 0.394300
vt 0.909700 0.423000
vt 0.914900 0.424700
vt 0.915800 0.422400
vt 0.921000 0.420700
vt 0.927600 0.421100
vt 0.929400 0.423600
vt 0.931600 0.419500
vt 0.933500 0.422000
vt 0.935900 0.425800
vt 0.934800 0.417800
vt 0.936600 0.420000
vt 0.939900 0.423300
vt 0.938100 0.414800
vt 0.940100 0.417000
vt 0.943800 0.420200
vt 0.940500 0.411900
vt 0.942700 0.413900
vt 0.946900 0.417000
vt 0.942100 0.408800
vt 0.944700 0.410800
vt 0.949200 0.413200
vt 0.943100 0.406100
vt 0.939000 0.403300
vt 0.939700 0.397600
vt 0.942500 0.393800
vt 0.927100 0.398100
vt 0.931800 0.399000
vt 0.923700 0.400100
vt 0.924400 0.398000
vt 0.944200 0.391600
vt 0.913200 0.417900
vt 0.918100 0.418800
vt 0.911100 0.421100
vt 0.922700 0.414600
vt 0.925300 0.418100
vt 0.929100 0.416500
vt 0.932200 0.414700
vt 0.935400 0.411900
vt 0.936300 0.402200
vt 0.920000 0.407100
vt 0.932600 0.408500
vt 0.545700 0.144700
vt 0.550100 0.145100
vt 0.547100 0.149700
vt 0.543900 0.148100
vt 0.543000 0.149600
vt 0.544900 0.153400
vt 0.541000 0.151600
vt 0.541300 0.148900
vt 0.581000 0.129200
vt 0.583400 0.125700
vt 0.586300 0.131900
vt 0.568500 0.146100
vt 0.571600 0.145900
vt 0.569700 0.150700
vt 0.565700 0.148300
vt 0.564300 0.155600
vt 0.566200 0.159200
vt 0.558800 0.157900
vt 0.561500 0.153100
vt 0.563700 0.131400
vt 0.567700 0.139600
vt 0.565100 0.140600
vt 0.561000 0.135400
vt 0.561100 0.143100
vt 0.556700 0.138500
vt 0.556300 0.148300
vt 0.553000 0.153500
vt 0.550800 0.157500
vt 0.578400 0.121700
vt 0.575700 0.124200
vt 0.572300 0.119800
vt 0.574700 0.118100
vt 0.572600 0.126500
vt 0.578100 0.133000
vt 0.572100 0.137400
vt 0.567500 0.129400
vt 0.578200 0.145400
vt 0.574400 0.153000
vt 0.555200 0.162300
vt 0.548800 0.172600
vt 0.554100 0.172100
vt 0.550700 0.176200
vt 0.583900 0.137700
vt 0.582100 0.156600
vt 0.577100 0.159000
vt 0.570400 0.161800
vt 0.557900 0.165700
vt 0.159900 0.207100
vt 0.183700 0.209300
vt 0.178500 0.205800
vt 0.191200 0.203400
vt 0.189800 0.206600
vt 0.189300 0.197600
vt 0.193100 0.200300
vt 0.195900 0.202300
vt 0.194500 0.204700
vt 0.161900 0.230900
vt 0.164700 0.228900
vt 0.167000 0.231800
vt 0.164600 0.233400
vt 0.194000 0.206400
vt 0.187400 0.212000
vt 0.176800 0.208600
vt 0.181200 0.213200
vt 0.171600 0.204600
vt 0.174800 0.203100
vt 0.173500 0.205600
vt 0.183100 0.194300
vt 0.599300 0.620500
vt 0.596600 0.618200
vt 0.168400 0.227000
vt 0.170400 0.229900
vt 0.184300 0.216500
vt 0.180500 0.220400
vt 0.177800 0.216600
vt 0.174200 0.211100
vt 0.170500 0.214100
vt 0.172500 0.206800
vt 0.168700 0.210000
vt 0.178600 0.193100
vt 0.175800 0.193000
vt 0.166600 0.215800
vt 0.165500 0.211900
vt 0.157600 0.211800
vt 0.154200 0.211800
vt 0.166700 0.158800
vt 0.167000 0.160700
vt 0.164400 0.160500
vt 0.164400 0.158000
vt 0.167600 0.158600
vt 0.176000 0.142900
vt 0.177700 0.146600
vt 0.172600 0.149500
vt 0.172300 0.145300
vt 0.194300 0.145500
vt 0.197000 0.146500
vt 0.187900 0.148000
vt 0.189100 0.143600
vt 0.163100 0.166000
vt 0.161000 0.160100
vt 0.166400 0.165000
vt 0.168800 0.164100
vt 0.160500 0.157600
vt 0.168800 0.155300
vt 0.167500 0.155100
vt 0.171900 0.148200
vt 0.170500 0.156200
vt 0.174200 0.158500
vt 0.174000 0.177600
vt 0.171700 0.175800
vt 0.167600 0.172000
vt 0.199300 0.147700
vt 0.181900 0.146300
vt 0.181700 0.142000
vt 0.173800 0.151600
vt 0.177000 0.155100
vt 0.182200 0.159100
vt 0.179200 0.162700
vt 0.960400 0.331100
vt 0.964900 0.334600
vt 0.179400 0.176700
vt 0.177800 0.177700
vt 0.176200 0.179200
vt 0.399600 0.381000
vt 0.182700 0.166100
vt 0.184700 0.168300
vt 0.185900 0.161900
vt 0.188300 0.163900
vt 0.255400 0.260500
vt 0.254600 0.258100
vt 0.257300 0.247300
vt 0.258900 0.247900
vt 0.257900 0.252300
vt 0.255000 0.254300
vt 0.239900 0.268300
vt 0.235400 0.268500
vt 0.254700 0.276000
vt 0.257600 0.279600
vt 0.259600 0.282400
vt 0.255700 0.285400
vt 0.261600 0.276000
vt 0.264100 0.278600
vt 0.260200 0.253700
vt 0.261400 0.249100
vt 0.249100 0.260700
vt 0.247700 0.257900
vt 0.244700 0.264900
vt 0.242900 0.265900
vt 0.234900 0.267000
vt 0.239800 0.266700
vt 0.251000 0.263800
vt 0.246800 0.267200
vt 0.253900 0.267400
vt 0.250200 0.270800
vt 0.258000 0.264100
vt 0.258400 0.272700
vt 0.262300 0.269300
vt 0.269100 0.269100
vt 0.265300 0.272600
vt 0.272200 0.265700
vt 0.274600 0.267600
vt 0.271500 0.271300
vt 0.276400 0.265000
vt 0.278400 0.261600
vt 0.268000 0.274900
vt 0.244400 0.269300
vt 0.453000 0.896000
vt 0.409000 0.854300
vt 0.019300 0.645400
vt 0.018700 0.640100
vt 0.108500 0.121600
vt 0.113600 0.119200
vt 0.504800 0.239000
vt 0.021300 0.651300
vt 0.526100 0.871200
vt 0.677995 0.856701
vt 0.960600 0.652800
vt 0.689078 0.858388
vt 0.692143 0.855181
vt 0.693719 0.850762
vt 0.682847 0.861904
vt 0.683663 0.887819
vt 0.677564 0.880825
vt 0.697119 0.846969
vt 0.699703 0.849138
vt 0.682416 0.859683
vt 0.682899 0.857119
vt 0.699636 0.843986
vt 0.702537 0.845290
vt 0.706403 0.853935
vt 0.712611 0.858390
vt 0.709260 0.849054
vt 0.716115 0.853372
vt 0.702293 0.837525
vt 0.706269 0.838100
vt 0.704804 0.841386
vt 0.701207 0.840880
vt 0.676763 0.868972
vt 0.679810 0.866891
vt 0.673010 0.874476
vt 0.672197 0.870781
vt 0.719514 0.848173
vt 0.712025 0.844179
vt 0.713689 0.841067
vt 0.721397 0.845514
vt 0.820000 0.928800
vt 0.688738 0.847817
vt 0.685402 0.847012
s 1
usemtl Material.001
f 3905/15/7 3904/16/8 3859/17/9 3858/18/10 3907/19/11
f 12/20/12 13/21/13 14/22/14
f 16/23/15 18/24/16 10/25/17 9/26/18
f 18/24/16 19/27/19 20/28/20 10/25/17
f 21/29/21 22/30/22 18/24/16 16/23/15
f 21/29/21 16/23/15 15/31/23 23/32/24
f 27/33/25 25/34/26 24/35/27 28/36/28
f 5539/37/29 5559/38/30 5560/39/31 5541/40/32
f 29/41/33 19/27/19 18/24/16 22/30/22
f 19/27/19 29/41/33 30/42/34 31/43/35
f 5552/44/36 5532/45/37 5530/46/38 5551/47/39 5550/48/40 5553/49/41
f 36/50/42 31/43/35 30/42/34 37/51/43
f 5540/52/44 5547/53/45 5558/54/46 5557/55/47 5556/56/48
f 5539/37/29 5540/52/44 5556/56/48 5559/38/30
f 39/57/49 43/58/50 44/59/51 40/60/52
f 43/58/50 45/61/53 46/62/54 44/59/51
f 44/59/51 46/62/54 37/51/43 30/42/34
f 33/63/55 32/64/56 47/65/57 48/66/58
f 12/67/12 49/68/59 50/69/60 13/70/13
f 48/71/58 49/68/59 12/67/12 33/72/55
f 28/36/28 24/35/27 49/68/59 48/71/58
f 51/73/61 27/74/25 28/75/28 52/76/62
f 11/77/63 17/78/64 9/26/18
f 31/79/35 53/80/65 20/28/20 19/27/19
f 52/76/62 46/62/54 45/61/53 51/73/61
f 46/62/54 52/76/62 47/65/57 37/51/43
f 37/51/43 47/65/57 32/64/56 36/50/42
f 36/81/42 32/82/56 35/83/66 54/84/67
f 35/83/66 34/85/68 11/77/63 54/84/67
f 17/78/64 11/77/63 34/85/68 14/22/14
f 23/32/24 15/31/23 13/70/13 50/69/60
f 5568/86/69 5541/40/32 5560/39/31 5544/87/70
f 31/79/35 36/81/42 54/84/67 53/80/65
f 48/66/58 47/65/57 52/76/62 28/75/28
f 30/42/34 29/41/33 40/60/52 44/59/51
f 55/88/71 56/89/72 57/90/73 58/91/74
f 55/88/71 58/91/74 59/92/75
f 55/88/71 59/92/75 60/93/76 61/94/77
f 62/95/78 56/89/72 55/88/71 61/94/77
f 63/96/79 64/97/80 65/98/81 66/99/82
f 58/91/74 67/100/83 59/92/75
f 58/91/74 68/101/84 69/102/85 67/100/83
f 70/103/86 71/104/87 72/105/88 73/106/89
f 70/103/86 73/106/89 74/107/90
f 72/105/88 77/108/91 78/109/92 79/110/93
f 71/104/87 80/111/94 77/108/91 72/105/88
f 5376/112/95 5323/113/96 5325/114/97 5364/115/98 5362/116/99 5359/117/100
f 84/118/101 85/119/102 82/120/103 81/121/104
f 82/120/103 85/119/102 86/122/105 83/123/106
f 85/119/102 87/124/107 88/125/108 86/122/105
f 87/124/107 67/100/83 69/102/85 88/125/108
f 89/126/109 87/124/107 85/119/102 84/118/101
f 761/127/110 747/128/111 744/129/112 745/130/113 746/131/114 469/132/115 468/133/116
f 61/94/77 60/93/76 93/134/117 94/135/118
f 96/136/119 94/135/118 95/137/120 97/138/121
f 73/106/89 97/139/121 95/140/120 74/107/90
f 76/141/122 70/103/86 74/107/90 75/142/123
f 76/141/122 98/143/124 99/144/125 70/103/86
f 71/104/87 70/103/86 99/144/125 100/145/126
f 100/145/126 101/146/127 80/111/94 71/104/87
f 101/146/127 102/147/128 81/121/104 80/111/94
f 103/148/129 84/118/101 81/121/104 102/147/128
f 91/149/130 89/126/109 84/118/101 103/148/129
f 63/96/79 91/149/130 103/148/129 64/97/80
f 63/96/79 66/99/82 90/150/131 91/149/130
f 104/151/132 92/152/133 90/150/131 66/99/82
f 105/153/134 92/152/133 104/151/132
f 577/154/135 576/155/136 579/156/137 580/157/138 255/158/139 256/159/140 251/160/141 254/161/142
f 1934/162/143 1189/163/144 1192/164/145 1695/165/146 1696/166/147 1697/167/148 1698/168/149 1701/169/150
f 109/170/151 98/143/124 108/171/152 110/172/153
f 111/173/154 99/144/125 98/143/124 109/170/151
f 111/173/154 112/174/155 100/145/126 99/144/125
f 112/174/155 113/175/156 101/146/127 100/145/126
f 113/175/156 114/176/157 102/147/128 101/146/127
f 64/97/80 103/148/129 102/147/128 114/176/157
f 114/176/157 115/177/158 65/98/81 64/97/80
f 114/176/157 113/175/156 116/178/159 115/177/158
f 117/179/160 115/177/158 116/178/159 110/172/153
f 118/180/161 109/170/151 110/172/153 116/178/159
f 111/173/154 109/170/151 118/180/161
f 249/181/162 252/182/163 300/183/164 299/184/165 298/185/166 250/186/167
f 65/98/81 115/177/158 117/187/160 119/188/168
f 119/188/168 104/151/132 66/99/82 65/98/81
f 3517/189/169 3513/190/170 3516/191/171 3502/192/172 3501/193/173 3472/194/174
f 113/175/156 112/174/155 118/180/161 116/178/159
f 57/90/73 120/195/175 68/101/84 58/91/74
f 79/110/93 121/196/176 73/106/89 72/105/88
f 62/95/78 61/94/77 94/135/118 96/136/119
f 111/173/154 118/180/161 112/174/155
f 122/197/177 123/198/178 124/199/179 125/200/180
f 126/201/181 127/202/182 122/197/177 125/200/180
f 130/203/183 126/201/181 125/200/180 129/204/184
f 124/199/179 131/205/185 129/204/184 125/200/180
f 133/206/186 134/207/187 135/208/188 132/209/189
f 137/210/190 133/206/186 132/209/189 136/211/191
f 135/208/188 138/212/192 139/213/193 132/209/189
f 132/209/189 139/213/193 140/214/194 136/211/191
f 144/215/195 141/216/196 142/217/197 143/218/198
f 130/203/183 145/219/199 146/220/200 147/221/201
f 145/219/199 148/222/202 149/223/203 146/220/200
f 147/221/201 150/224/204 151/225/205 130/203/183
f 126/201/181 130/203/183 151/225/205 152/226/206
f 153/227/207 154/228/208 155/229/209
f 156/230/210 157/231/211 154/228/208 153/227/207
f 157/231/211 158/232/212 155/229/209 154/228/208
f 1112/233/213 1834/234/214 1828/235/215 1113/236/216
f 165/237/217 162/238/218 163/239/219 164/240/220
f 162/238/218 165/237/217 166/241/221 167/242/222
f 162/238/218 167/242/222 168/243/223 163/239/219
f 169/244/224 170/245/225 158/246/212 157/247/211
f 171/248/226 172/249/227 170/245/225 169/244/224
f 169/244/224 157/247/211 156/250/210 174/251/228
f 173/252/229 171/248/226 169/244/224 174/251/228
f 175/253/230 176/254/231 177/255/232 178/256/233
f 175/253/230 178/256/233 179/257/234 180/258/235
f 156/250/210 182/259/236 181/260/237 174/251/228
f 1235/261/238 1238/262/239 1696/166/147 1693/263/240 1692/264/241 1694/265/242
f 1668/266/243 1671/267/244 1676/268/245 2129/269/246 2195/270/247 2198/271/248
f 5319/272/249 5318/273/250 5286/274/251 5307/275/252 5310/276/253 5306/277/254 5305/278/255
f 2288/279/256 2287/280/257 1405/281/258 1404/282/259
f 1413/283/260 2363/284/261 1446/285/262 1444/286/263 1414/287/264 1415/288/265 1416/289/266
f 4310/290/267 4312/291/268 4313/292/269 4311/293/270 4307/294/271 4304/295/272
f 189/296/273 175/253/230 180/258/235 153/227/207
f 193/297/274 194/298/275 191/299/276 190/300/277
f 5504/301/278 5505/302/279 5520/303/280 5521/304/281
f 5503/305/282 5504/301/278 5521/304/281 5522/306/283
f 1929/307/284 3263/308/285 3262/309/286 1928/310/287 1927/311/288 1926/312/289
f 160/313/290 150/224/204 187/314/291 161/315/292 159/316/293 381/317/294 380/318/295 382/319/296 383/320/297 197/321/298 196/322/299 445/323/300 170/245/225 172/249/227 446/324/301 384/325/302 188/326/303
f 198/327/304 196/322/299 197/321/298 199/328/305
f 200/329/306 201/330/307 202/331/308 203/332/309
f 200/329/306 205/333/310 204/334/311 201/330/307
f 205/333/310 200/329/306 203/332/309
f 3862/335/312 3875/336/313 3866/337/314 3865/338/315
f 3418/339/316 3414/340/317 3386/341/318 3384/342/319 3381/343/320
f 159/316/293 161/315/292 209/344/321 210/345/322
f 1845/346/323 1848/347/324 1849/348/325 1846/349/326
f 3639/350/327 3643/351/328 3645/352/329 3640/353/330 3641/354/331 3638/355/332
f 3468/356/333 3474/357/334 2525/358/335 2527/359/336 2526/360/337
f 2887/361/338 2470/362/339 2468/363/340 2892/364/341 2888/365/342
f 220/366/343 221/367/344 222/368/345 223/369/346
f 224/370/347 225/371/348 223/369/346 222/368/345
f 2019/372/349 2017/373/350 2016/374/351 2054/375/352 2022/376/353
f 222/368/345 221/367/344 228/377/354 226/378/355
f 3443/379/356 3431/380/357 3430/381/358 3441/382/359 3442/383/360
f 2852/384/361 2815/385/362 3489/386/363 3488/387/364 3495/388/365
f 2755/389/366 2754/390/367 2752/391/368 3159/392/369 3156/393/370 3155/394/371 3154/395/372 3152/396/373 3299/397/374 3160/398/375 3161/399/376 3158/400/377 3162/401/378 3163/402/379 2759/403/380 2760/404/381
f 235/405/382 236/406/383 237/407/384 238/408/385
f 232/409/386 235/405/382 238/408/385 233/410/387
f 241/411/388 242/412/389 238/408/385 237/407/384
f 242/412/389 243/413/390 233/410/387 238/408/385
f 237/407/384 240/414/391 244/415/392 241/411/388
f 245/416/393 246/417/394 247/418/395 248/419/396
f 240/414/391 245/416/393 248/419/396 244/415/392
f 249/181/162 250/186/167 241/411/388 244/415/392
f 248/419/396 247/418/395 251/160/141 252/182/163
f 244/415/392 248/419/396 252/182/163 249/181/162
f 247/418/395 253/420/397 254/161/142 251/160/141
f 258/421/398 259/422/399 260/423/400 261/424/401
f 282/425/402 325/426/403 327/427/404 322/428/405
f 262/429/406 264/430/407 265/431/408 263/432/409
f 264/430/407 266/433/410 267/434/411 265/431/408
f 1514/435/412 1515/436/413 1071/437/414 1471/438/415 1456/439/416 1069/440/417 1070/441/418
f 271/442/419 268/443/420 270/444/421 272/445/422
f 274/446/423 271/442/419 272/445/422 273/447/424
f 276/448/425 274/446/423 273/447/424 275/449/426
f 278/450/427 276/448/425 275/449/426 277/451/428
f 275/449/426 218/452/429 219/453/430 277/451/428
f 280/454/431 278/450/427 277/451/428 279/455/432
f 282/456/402 280/454/431 279/455/432 281/457/433
f 279/455/432 220/366/343 223/369/346 281/457/433
f 277/451/428 219/453/430 220/366/343 279/455/432
f 282/456/402 281/457/433 283/458/434 285/459/435 323/460/436 324/461/437 325/462/403
f 281/457/433 223/369/346 225/371/348 283/458/434
f 284/463/438 285/459/435 283/458/434 225/371/348
f 284/463/438 286/464/439 287/465/440 288/466/441
f 284/463/438 225/371/348 224/370/347 286/464/439
f 286/464/439 224/370/347 227/467/442 289/468/443
f 1048/469/444 1047/470/445 1052/471/446 1762/472/447 1754/473/448 1750/474/449
f 234/475/450 233/410/387 243/413/390 291/476/451
f 292/477/452 293/478/453 290/479/454 291/476/451
f 291/476/451 243/413/390 294/480/455 292/477/452
f 242/412/389 241/411/388 250/186/167 295/481/456
f 243/413/390 242/412/389 295/481/456 294/480/455
f 294/480/455 295/481/456 296/482/457 297/483/458
f 295/481/456 250/186/167 298/185/166 296/482/457
f 252/182/163 251/160/141 256/159/140 300/183/164
f 299/484/165 300/485/164 301/486/459 302/487/460
f 300/485/164 256/488/140 303/489/461 301/486/459
f 228/377/354 235/405/382 232/409/386 229/490/462 226/378/355
f 304/491/463 305/492/464 306/493/465 307/494/466
f 308/495/467 304/491/463 307/494/466 309/496/468
f 302/487/460 301/486/459 304/491/463 308/495/467
f 301/486/459 303/489/461 305/492/464 304/491/463
f 305/492/464 258/421/398 261/424/401 306/493/465
f 303/489/461 257/497/469 258/421/398 305/492/464
f 483/498/470 643/499/471 644/500/472 513/501/473 511/502/474 647/503/475 649/504/476 537/505/477
f 3491/506/478 3490/507/479 2601/508/480 2600/509/481 3493/510/482
f 310/511/483 314/512/484 315/513/485 311/514/486
f 313/515/487 316/516/488 314/512/484 310/511/483
f 263/432/409 265/431/408 316/516/488 313/515/487
f 314/512/484 317/517/489 318/518/490 315/513/485
f 316/516/488 319/519/491 317/517/489 314/512/484
f 265/431/408 267/434/411 319/519/491 316/516/488
f 2492/520/492 3732/521/493 3729/522/494 2493/523/495 2490/524/496 2491/525/497
f 2049/526/498 2028/527/499 1149/528/500 2023/529/501 1968/530/502 2122/531/503 2021/532/504
f 3872/533/505 3871/534/506 3866/337/314 3875/336/313 3873/535/507
f 134/207/187 325/462/403 324/461/437 135/208/188
f 326/536/508 135/208/188 324/461/437
f 323/460/436 288/466/441 326/536/508 324/461/437
f 285/459/435 284/463/438 288/466/441 323/460/436
f 3464/537/509 3036/538/510 3037/539/511 3463/540/512 3465/541/513
f 325/426/403 134/542/187 328/543/514 327/427/404
f 134/542/187 133/544/186 210/345/322 328/543/514
f 133/544/186 137/545/190 159/316/293 210/345/322
f 210/345/322 209/344/321 329/546/515 328/543/514
f 2677/547/516 2834/548/517 2833/549/518 2682/550/519 2683/551/520
f 334/552/521 185/553/522 333/554/523 338/555/524 339/556/525 337/557/526
f 333/554/523 185/553/522 187/314/291
f 5180/558/527 5175/559/528 5174/560/529 5177/561/530 5178/562/531 5179/563/532
f 3492/564/533 2647/565/534 2646/566/535 1495/567/536 2164/568/537
f 339/556/525 146/220/200 149/223/203 337/557/526
f 3208/569/538 3211/570/539 3210/571/540 3207/572/541
f 340/573/542 149/223/203 148/222/202 343/574/543
f 341/575/544 340/573/542 343/574/543 204/334/311
f 1260/576/545 1691/577/546 1690/578/547 1689/579/548
f 341/575/544 204/334/311 205/333/310 344/580/549
f 203/332/309 344/580/549 205/333/310
f 168/243/223 344/581/549 163/239/219
f 344/581/549 203/582/309 164/240/220 163/239/219
f 345/583/550 347/584/551 346/585/552 342/586/553
f 3637/587/554 2531/588/555 2528/589/556 2529/590/557 2526/360/337 2527/359/336 3633/591/558 3636/592/559
f 5503/305/282 5522/306/283 5523/593/560 5502/594/561
f 165/237/217 350/595/562 349/596/563 166/241/221
f 350/595/562 165/237/217 164/240/220 351/597/564
f 203/582/309 202/598/308 351/597/564 164/240/220
f 352/599/565 350/595/562 351/597/564 353/600/566
f 194/298/275 352/599/565 353/600/566 354/601/567
f 3415/602/568 3423/603/569 3413/604/570 3410/605/571 3412/606/572
f 357/607/573 131/608/185 359/609/574 358/610/575
f 360/611/576 129/204/184 131/205/185 357/612/573
f 361/613/577 360/611/576 357/612/573 356/614/578
f 148/222/202 145/219/199 360/611/576 361/613/577
f 145/219/199 130/203/183 129/204/184 360/611/576
f 204/334/311 343/574/543 362/615/579 201/330/307
f 343/574/543 148/222/202 361/613/577 362/615/579
f 356/614/578 355/616/580 362/615/579 361/613/577
f 355/616/580 202/331/308 201/330/307 362/615/579
f 131/608/185 124/617/179 363/618/581 359/609/574
f 195/619/582 192/620/583 359/609/574 363/618/581
f 365/621/584 195/619/582 363/618/581 364/622/585
f 178/256/233 365/621/584 364/622/585 179/257/234
f 124/617/179 123/623/178 364/622/585 363/618/581
f 123/623/178 128/624/586 179/257/234 364/622/585
f 4217/625/587 4228/626/588 4215/627/589 4216/628/590
f 1358/629/591 1674/630/592 1672/631/593 1670/632/594 1463/633/595 1305/634/596
f 371/635/597 375/636/598 374/637/599 368/638/600
f 375/636/598 371/635/597 176/254/231
f 199/639/305 376/640/601 374/637/599 375/636/598
f 198/641/304 199/639/305 375/636/598 377/642/602
f 176/254/231 175/253/230 377/642/602 375/636/598
f 379/643/603 378/644/604 155/229/209 158/232/212
f 379/643/603 198/641/304 377/642/602 378/644/604
f 189/296/273 378/644/604 377/642/602 175/253/230
f 378/644/604 189/296/273 153/227/207 155/229/209
f 376/640/601 380/645/295 373/646/605 374/637/599
f 2062/647/606 2071/648/607 2059/649/608 2058/650/609 2057/651/610
f 3075/652/611 3072/653/612 3074/654/613 2638/655/614 2637/656/615 2718/657/616
f 1936/658/617 1937/659/618 1692/264/241 1693/263/240
f 4951/660/619 4935/661/620 4928/662/621 4930/663/622 4934/664/623
f 2353/665/624 2359/666/625 2358/667/626 2352/668/627 1353/669/628 1352/670/629
f 386/671/630 137/210/190 136/211/191 385/672/631
f 136/211/191 140/214/194 387/673/632 385/672/631
f 385/672/631 387/673/632 370/674/633 372/675/634
f 208/676/635 140/214/194 139/213/193 206/677/636
f 5505/302/279 5504/301/278 5503/305/282 193/297/274 190/300/277 191/299/276 192/620/583 195/619/582 365/621/584 178/256/233 177/255/232 367/678/637 208/676/635 207/679/638 389/680/639 388/681/640 366/682/641 5506/683/642
f 4139/684/643 4132/685/644 4126/686/645 4125/687/646 4194/688/647
f 1674/630/592 1358/629/591 1357/689/648 1673/690/649 1672/631/593
f 5198/691/650 5170/692/651 5148/693/652 5154/694/653
f 1427/695/654 1100/696/655 1099/697/656 2426/698/657 1436/699/658
f 2110/700/659 2112/701/660 1883/702/661 1884/703/662
f 2543/704/663 2544/705/664 2540/706/665 2676/707/666 2675/708/667 2541/709/668 2542/710/669 2545/711/670
f 141/216/196 144/215/195 394/712/671 393/713/672
f 2492/520/492 2491/525/497 2522/714/673 3731/715/674 3727/716/675 3732/521/493
f 392/717/676 394/712/671 395/718/677 396/719/678
f 394/712/671 144/215/195 397/720/679 395/718/677
f 390/721/680 392/717/676 396/719/678 391/722/681
f 395/723/677 398/724/682 399/725/683 396/726/678
f 400/727/684 398/724/682 395/723/677 397/728/679
f 401/729/685 391/730/681 396/726/678 399/725/683
f 1538/731/686 1539/732/687 1536/733/688 1208/734/689 1179/735/690 1181/736/691
f 1174/737/692 1364/738/693 1295/739/694 1157/740/695 1172/741/696 1173/742/697
f 5416/743/698 5384/744/699 5385/745/700 5383/746/701 5417/747/702
f 407/748/703 409/749/704 410/750/705 408/751/706
f 2285/752/707 2248/753/708 2253/754/709 2286/755/710
f 711/756/711 512/757/712 646/758/713 647/503/475 511/502/474 714/759/714
f 1871/760/715 1993/761/716 1992/762/717 1869/763/718 1868/764/719 1870/765/720
f 416/766/721 321/767/722 322/428/405 415/768/723
f 417/769/724 320/770/725 321/767/722 416/766/721
f 311/514/486 315/513/485 417/769/724 418/771/726
f 416/766/721 419/772/727 418/771/726 417/769/724
f 415/768/723 414/773/728 419/772/727 416/766/721
f 320/770/725 417/769/724 315/513/485 318/518/490
f 420/774/729 418/771/726 419/772/727 421/775/730
f 421/775/730 419/772/727 414/773/728 422/776/731
f 413/777/732 423/778/733 422/776/731 414/773/728
f 2442/779/734 2441/780/735 3114/781/736 3115/782/737 3122/783/738 2445/784/739
f 5492/785/740 5493/786/741 5512/787/742 5513/788/743 5514/789/744
f 3202/790/745 2794/791/746 2792/792/747 2495/793/748 2497/794/749 2500/795/750
f 3705/796/751 3708/797/752 3707/798/753 3706/799/754 3703/800/755 3704/801/756
f 23/32/24 50/69/60 26/802/757 42/803/758
f 432/804/759 433/805/760 410/750/705 409/749/704
f 1679/806/761 1147/807/762 1148/808/763 1146/809/764 1678/810/765 1680/811/766
f 610/812/767 608/813/768 607/814/769 745/130/113 744/129/112
f 988/815/770 991/816/771 972/817/772 987/818/773
f 1765/819/774 1763/820/775 1280/821/776 1279/822/777 1764/823/778
f 1846/349/326 1849/348/325 1848/347/324 1519/824/779 1518/825/780 1850/826/781 1863/827/782
f 4692/828/783 4677/829/784 4675/830/785 4676/831/786 4694/832/787 4707/833/788 4693/834/789
f 302/487/460 438/835/790 298/836/166 299/484/165
f 439/837/791 440/838/792 441/839/793 442/840/794
f 438/835/790 440/838/792 439/837/791 437/841/795
f 440/838/792 308/495/467 309/496/468 441/839/793
f 438/835/790 302/487/460 308/495/467 440/838/792
f 292/477/452 294/480/455 297/483/458 436/842/796
f 682/843/797 684/844/798 501/845/799 500/846/800 677/847/801 679/848/802 681/849/803
f 312/850/804 311/514/486 418/771/726 420/774/729
f 761/127/110 468/133/116 718/851/805 762/852/806
f 191/299/276 194/298/275 354/601/567 358/610/575
f 192/620/583 191/299/276 358/610/575 359/609/574
f 3167/853/807 3168/854/808 3165/855/809 3166/856/810 3304/857/811 3305/858/812
f 1973/859/813 1972/860/814 1971/861/815 1806/862/816
f 443/863/817 326/536/508 288/466/441 287/465/440
f 138/212/192 135/208/188 326/536/508 443/863/817
f 2053/864/818 2052/865/819 2051/866/820 2054/375/352
f 246/417/394 214/867/821 253/420/397 247/418/395
f 4020/868/822 4025/869/823 3979/870/824 3978/871/825 4022/872/826 4021/873/827
f 5111/874/828 5123/875/829 5122/876/830 5126/877/831 5128/878/832 5129/879/833 5135/880/834 5108/881/835 5107/882/836 5109/883/837 5110/884/838
f 4680/885/839 4682/886/840 4695/887/841 4678/888/842 4679/889/843
f 5499/890/844 5525/891/845 168/243/223
f 5500/892/846 5524/893/847 5525/891/845 5499/890/844
f 3024/894/848 3021/895/849 3687/896/850 3686/897/851 2447/898/852
f 198/327/304 379/899/603 445/323/300 196/322/299
f 445/323/300 379/899/603 158/246/212 170/245/225
f 182/900/236 156/230/210 153/227/207 180/258/235
f 128/624/586 182/900/236 180/258/235 179/257/234
f 4809/901/853 4847/902/854 4848/903/855 4810/904/856 4761/905/857
f 3360/906/858 3358/907/859 3359/908/860 3301/909/861 3361/910/862
f 400/727/684 397/728/679 405/911/863 404/912/864
f 215/913/865 211/914/866 214/867/821 246/417/394 444/915/867
f 399/725/683 398/724/682 402/916/868 403/917/869
f 398/724/682 400/727/684 404/912/864 402/916/868
f 144/215/195 143/218/198 405/918/863 397/720/679
f 441/839/793 309/496/468 312/850/804 420/774/729
f 442/840/794 441/839/793 420/774/729 421/775/730
f 426/919/870 442/840/794 421/775/730 422/776/731
f 426/919/870 422/776/731 423/778/733 424/920/871
f 597/921/872 595/922/873 593/923/874 631/924/875 632/925/876 633/926/877
f 1910/927/878 1338/928/879 1337/929/880 1341/930/881 1723/931/882
f 448/932/883 449/933/884 450/934/885 451/935/886
f 452/936/887 453/937/888 448/932/883 451/935/886
f 181/260/237 182/259/236 128/938/586 123/198/178 122/197/177
f 455/939/889 456/940/890 451/935/886 450/934/885
f 456/940/890 457/941/891 452/936/887 451/935/886
f 460/942/892 461/943/893 458/944/894 459/945/895
f 459/945/895 458/944/894 462/946/896 463/947/897
f 464/948/898 459/945/895 463/947/897 465/949/899
f 466/950/900 467/951/901 468/133/116 469/132/115
f 455/939/889 470/952/902 471/953/903 472/954/904
f 473/955/905 474/956/906 470/952/902 455/939/889
f 473/955/905 455/939/889 450/934/885 475/957/907
f 476/958/908 477/959/909 478/960/910
f 480/961/911 479/962/912 476/958/908 478/960/910
f 481/963/913 480/961/911 478/960/910 477/959/909
f 485/964/914 486/965/915 487/966/916 488/967/917
f 485/964/914 489/968/918 490/969/919 486/965/915
f 489/968/918 485/964/914 488/967/917 491/970/920
f 492/971/921 480/972/911 481/973/913 493/974/922
f 494/975/923 492/971/921 493/974/922 495/976/924
f 4532/977/925 4517/978/926 4533/979/927 4534/980/928 4542/981/929
f 492/971/921 497/982/930 479/983/912 480/972/911
f 494/975/923 496/984/931 497/982/930 492/971/921
f 498/985/932 499/986/933 500/846/800 501/845/799
f 499/986/933 498/985/932 502/987/934 503/988/935
f 505/989/936 506/990/937 508/991/938
f 509/992/939 510/993/940 479/983/912 497/982/930
f 2886/994/941 2790/995/942 2789/996/943 2883/997/944 2884/998/945 2885/999/946
f 3960/1000/947 3959/1001/948 3952/1002/949 3946/1003/950 3949/1004/951 3984/1005/952
f 4862/1006/953 4858/1007/954 4901/1008/955 4865/1009/956 4902/1010/957 4903/1011/958
f 5492/785/740 5514/789/744 5515/1012/959 5491/1013/960
f 3390/1014/961 3389/1015/962 3408/1016/963 3393/1017/964 3391/1018/965
f 498/985/932 515/1019/966 476/958/908 502/987/934
f 840/1020/967 841/1021/968 802/1022/969 788/1023/970 804/1024/971
f 3241/1025/972 3435/1026/973 3279/1027/974 3273/1028/975
f 1529/1029/976 2416/1030/977 1525/1031/978 1526/1032/979
f 699/1033/980 524/1034/981 759/1035/982 695/1036/983 525/1037/984 526/1038/985 690/1039/986
f 527/1040/987 528/1041/988 529/1042/989 530/1043/990
f 528/1041/988 531/1044/991 532/1045/992 529/1042/989
f 527/1040/987 533/1046/993 531/1044/991 528/1041/988
f 2377/1047/994 2375/1048/995 2372/1049/996 2370/1050/997 2369/1051/998
f 2402/1052/999 1617/1053/1000 1621/1054/1001 2386/1055/1002 2385/1056/1003 2384/1057/1004 1468/1058/1005
f 482/1059/1006 538/1060/1007 539/1061/1008 483/498/470
f 5451/1062/1009 5454/1063/1010 5460/1064/1011 5448/1065/1012 5450/1066/1013
f 721/1067/1014 723/1068/1015 733/1069/1016 722/1070/1017
f 2105/1071/1018 2107/1072/1019 1886/1073/1020 1887/1074/1021
f 2381/1075/1022 2377/1047/994 2369/1051/998 1050/1076/1023 1056/1077/1024
f 546/1078/1025 547/1079/1026 548/1080/1027 549/1081/1028
f 547/1079/1026 550/1082/1029 551/1083/1030 548/1080/1027
f 150/224/204 160/313/290 188/326/303 126/201/181 152/226/206 151/225/205
f 2421/1084/1031 2422/1085/1032 2418/1086/1033 2419/1087/1034
f 548/1080/1027 553/1088/1035 554/1089/1036 549/1081/1028
f 842/1090/1037 803/1091/1038 802/1022/969 841/1021/968 769/1092/1039 768/1093/1040
f 233/410/387 234/475/450 230/1094/1041 229/490/462 232/409/386
f 562/1095/1042 563/1096/1043 564/1097/1044 565/1098/1045
f 559/1099/1046 561/1100/1047 563/1096/1043 562/1095/1042
f 1058/1101/1048 1067/1102/1049 1065/1103/1050 1063/1104/1051 1064/1105/1052 1061/1106/1053
f 563/1096/1043 568/1107/1054 569/1108/1055 564/1097/1044
f 561/1100/1047 570/1109/1056 568/1107/1054 563/1096/1043
f 564/1097/1044 569/1108/1055 571/1110/1057 566/1111/1058
f 572/1112/1059 573/1113/1060 566/1111/1058 571/1110/1057
f 569/1108/1055 574/1114/1061 575/1115/1062 571/1110/1057
f 571/1110/1057 575/1115/1062 576/155/136 572/1112/1059
f 577/154/135 578/1116/1063 572/1112/1059 576/155/136
f 3438/1117/1064 3453/1118/1065 3439/1119/1066 3437/1120/1067 3436/1121/1068
f 582/1122/1069 583/1123/1070 260/423/400 259/422/399
f 4387/1124/1071 4376/1125/1072 4377/1126/1073 4375/1127/1074 4390/1128/1075
f 585/1129/1076 264/430/407 262/429/406 584/1130/1077
f 586/1131/1078 266/433/410 264/430/407 585/1129/1076
f 587/1132/1079 589/1133/1080 590/1134/1081 588/1135/1082
f 589/1133/1080 591/1136/1083 592/1137/1084 590/1134/1081
f 591/1136/1083 593/1138/874 594/1139/1085 592/1137/1084
f 592/1137/1084 594/1139/1085 545/1140/1086 543/1141/1087
f 593/1138/874 595/1142/873 596/1143/1088 594/1139/1085
f 595/1142/873 597/1144/872 598/1145/1089 596/1143/1088
f 596/1143/1088 598/1145/1089 547/1079/1026 546/1078/1025
f 594/1139/1085 596/1143/1088 546/1078/1025 545/1140/1086
f 597/1144/872 635/1146/1090 636/1147/1091 634/1148/1092 600/1149/1093 599/1150/1094 598/1145/1089
f 598/1145/1089 599/1150/1094 550/1082/1029 547/1079/1026
f 599/1150/1094 600/1149/1093 601/1151/1095 550/1082/1029
f 601/1151/1095 602/1152/1096 603/1153/1097 604/1154/1098
f 601/1151/1095 604/1154/1098 551/1083/1030 550/1082/1029
f 2052/865/819 2053/864/818 2055/1155/1099 2078/1156/1100
f 604/1154/1098 606/1157/1101 552/1158/1102 551/1083/1030
f 714/759/714 511/502/474 513/501/473 644/500/472 643/499/471 721/1067/1014 722/1070/1017 766/1159/1103 645/1160/1104 717/1161/1105
f 570/1109/1056 561/1100/1047 560/1162/1106 609/1163/1107
f 608/813/768 610/812/767 611/1164/1108 609/1163/1107
f 609/1163/1107 611/1164/1108 612/1165/1109 570/1109/1056
f 613/1166/1110 568/1107/1054 570/1109/1056 612/1165/1109
f 574/1114/1061 569/1108/1055 568/1107/1054 613/1166/1110
f 574/1114/1061 613/1166/1110 614/1167/1111 615/1168/1112
f 613/1166/1110 612/1165/1109 616/1169/1113 614/1167/1111
f 575/1115/1062 574/1114/1061 615/1168/1112 617/1170/1114
f 576/155/136 575/1115/1062 617/1170/1114 579/156/137
f 617/1171/1114 618/1172/1115 619/1173/1116 579/1174/137
f 579/1174/137 619/1173/1116 581/1175/1117 580/1176/138
f 618/1172/1115 620/1177/1118 621/1178/1119 619/1173/1116
f 620/1177/1118 622/1179/1120 623/1180/1121 621/1178/1119
f 619/1173/1116 621/1178/1119 582/1122/1069 581/1175/1117
f 621/1178/1119 623/1180/1121 583/1123/1070 582/1122/1069
f 4800/1181/1122 4745/1182/1123 4744/1183/1124 4731/1184/1125 4799/1185/1126
f 627/1186/1127 628/1187/1128 626/1188/1129 625/1189/1130
f 628/1187/1128 585/1129/1076 584/1130/1077 626/1188/1129
f 629/1190/1131 630/1191/1132 628/1187/1128 627/1186/1127
f 630/1191/1132 586/1131/1078 585/1129/1076 628/1187/1128
f 2482/1192/1133 2484/1193/1134 2485/1194/1135 2483/1195/1136 2480/1196/1137 2481/1197/1138
f 4689/1198/1139 4667/1199/1140 4670/1200/1141 4687/1201/1142 4685/1202/1143 4688/1203/1144
f 635/1146/1090 637/1204/1145 464/948/898 636/1147/1091
f 2130/1205/1146 2131/1206/1147 2129/269/246 1676/268/245 1675/1207/1148
f 634/1148/1092 636/1147/1091 638/1208/1149 602/1152/1096
f 602/1152/1096 601/1151/1095 600/1149/1093 634/1148/1092
f 637/1209/1145 635/1210/1090 639/1211/1150 640/1212/1151
f 461/1213/893 460/1214/892 538/1060/1007 482/1059/1006
f 739/1215/1152 734/1216/1153 738/1217/1154 740/1218/1155 720/1219/1156 719/1220/1157 764/1221/1158 765/1222/1159 741/1223/1160
f 1863/827/782 1850/826/781 1851/1224/1161 1852/1225/1162 1856/1226/1163
f 646/758/713 648/1227/1164 649/504/476 647/503/475
f 906/1228/1165 888/1229/1166 887/1230/1167 904/1231/1168 901/1232/1169
f 648/1227/1164 650/1233/1170 651/1234/1171 649/504/476
f 649/504/476 651/1234/1171 537/505/477
f 470/952/902 537/505/477 651/1234/1171 471/953/903
f 654/1235/1172 655/1236/1173 472/954/904 471/953/903
f 653/1237/1174 530/1043/990 655/1236/1173 654/1235/1172
f 652/1238/1175 506/990/937 656/1239/1176 653/1237/1174
f 653/1237/1174 656/1239/1176 527/1040/987 530/1043/990
f 506/990/937 5526/1240/1177 657/1241/1178 656/1239/1176
f 656/1239/1176 657/1241/1178 533/1046/993 527/1040/987
f 657/1242/1178 5526/1243/1177 491/970/920 488/967/917
f 533/1244/993 657/1242/1178 488/967/917 487/966/916
f 3722/1245/1179 3721/1246/1180 2619/1247/1181 2620/1248/1182 2621/1249/1183
f 5167/1250/1184 5168/1251/1185 5169/1252/1186 5165/1253/1187 5149/1254/1188
f 5510/1255/1189 5511/1256/1190 5494/1257/1191 5495/1258/1192
f 5494/1257/1191 5511/1256/1190 5512/787/742 5493/786/741
f 5509/1259/1193 5510/1255/1189 5495/1258/1192 5496/1260/1194
f 660/1261/1195 662/1262/1196 663/1263/1197 661/1264/1198
f 661/1264/1198 663/1263/1197 486/965/915 490/969/919
f 5509/1259/1193 5496/1260/1194 5497/1265/1199 5508/1266/1200
f 663/1263/1197 662/1262/1196 664/1267/1201 665/1268/1202
f 486/965/915 663/1263/1197 665/1268/1202 487/966/916
f 1152/1269/1203 1151/1270/1204 1155/1271/1205 1450/1272/1206 1509/1273/1207
f 531/1274/991 533/1244/993 487/966/916 665/1268/1202
f 662/1262/1196 666/1275/1208 667/1276/1209 664/1267/1201
f 666/1275/1208 517/1277/1210 668/1278/1211 667/1276/1209
f 670/1279/1212 669/1280/1213 667/1276/1209 668/1278/1211
f 457/1281/891 670/1279/1212 668/1278/1211 671/1282/1214
f 457/941/891 456/940/890 672/1283/1215 670/1284/1212
f 456/940/890 455/939/889 472/954/904 672/1283/1215
f 673/1285/1216 655/1236/1173 530/1043/990 529/1042/989
f 669/1286/1213 673/1285/1216 529/1042/989 532/1045/992
f 670/1284/1212 672/1283/1215 673/1285/1216 669/1286/1213
f 672/1283/1215 472/954/904 655/1236/1173 673/1285/1216
f 452/1287/887 457/1281/891 671/1282/1214 674/1288/1217
f 516/1289/1218 521/1290/1219 674/1288/1217 671/1282/1214
f 521/1290/1219 675/1291/1220 676/1292/1221 674/1288/1217
f 675/1291/1220 499/986/933 503/988/935 676/1292/1221
f 453/1293/888 452/1287/887 674/1288/1217 676/1292/1221
f 454/1294/1222 453/1293/888 676/1292/1221 503/988/935
f 1158/1295/1223 1159/1296/1224 1160/1297/1225 1161/1298/1226 1156/1299/1227 1157/740/695 1295/739/694 1298/1300/1228
f 374/637/599 373/646/605 372/675/634 370/674/633 369/1301/1229 368/638/600
f 684/844/798 688/1302/1230 689/1303/1231 501/845/799
f 682/843/797 686/1304/1232 688/1302/1230 684/844/798
f 690/1305/986 526/1306/985 689/1303/1231 688/1302/1230
f 526/1306/985 525/1307/984 693/1308/1233 689/1303/1231
f 693/1308/1233 498/985/932 501/845/799 689/1303/1231
f 694/1309/1234 695/1310/983 481/963/913 477/959/909
f 525/1307/984 695/1310/983 694/1309/1234 693/1308/1233
f 515/1019/966 498/985/932 693/1308/1233 694/1309/1234
f 515/1019/966 694/1309/1234 477/959/909 476/958/908
f 5052/1311/1235 5053/1312/1236 5047/1313/1237 5046/1314/1238 5051/1315/1239
f 1878/1316/1240 3405/1317/1241 3407/1318/1242 1879/1319/1243
f 2016/374/351 2009/1320/1244 2053/864/818 2054/375/352
f 690/1039/986 692/1321/1245 698/1322/1246 699/1033/980
f 1326/1323/1247 2222/1324/1248 2223/1325/1249 1327/1326/1250 1328/1327/1251 1325/1328/1252
f 461/943/893 701/1329/1253 700/1330/1254 458/944/894
f 702/1331/1255 462/946/896 458/944/894 700/1330/1254
f 700/1330/1254 687/1332/1256 683/1333/1257 702/1331/1255
f 536/1334/1258 535/1335/1259 463/947/897 462/946/896
f 3634/1336/1260 3638/355/332 3641/354/331 3637/587/554 3636/592/559 3635/1337/1261
f 3301/909/861 3164/1338/1262 3163/402/379 3162/401/378 3158/400/377 3161/399/376 3160/398/375 3299/397/374 3152/396/373 3153/1339/1263 3292/1340/1264 3297/1341/1265 3298/1342/1266 3455/1343/1267 3300/1344/1268
f 2547/1345/1269 2551/1346/1270 2532/1347/1271 2531/588/555 2548/1348/1272 2546/1349/1273
f 2140/1350/1274 2186/1351/1275 2188/1352/1276 2137/1353/1277
f 1666/1354/1278 1053/1355/1279 2365/1356/1280 2364/1357/1281 1664/1358/1282
f 3491/506/478 3492/564/533 2164/568/537 2161/1359/1283
f 705/1360/1284 707/1361/1285 708/1362/1286 706/1363/1287
f 467/951/901 466/950/900 708/1362/1286 707/1361/1285
f 467/951/901 707/1361/1285 709/1364/1288 710/1365/1289
f 707/1361/1285 705/1360/1284 711/1366/711 709/1364/1288
f 5516/1367/1290 5515/1012/959 5514/789/744 512/1368/712 711/1366/711 705/1360/1284
f 712/1369/1291 713/1370/1292 710/1371/1289 709/1372/1288
f 714/759/714 712/1369/1291 709/1372/1288 711/756/711
f 4818/1373/1293 4846/1374/1294 4845/1375/1295 4844/1376/1296
f 344/581/549 168/243/223 345/583/550 342/586/553 341/575/544
f 2820/1377/1297 2821/1378/1298 2810/1379/1299 2811/1380/1300 2812/1381/1301
f 920/1382/1302 926/1383/1303 928/1384/1304 948/1385/1305 921/1386/1306
f 3862/335/312 3865/338/315 3863/1387/1307 3861/1388/1308 3878/1389/1309
f 2226/1390/1310 2224/1391/1311 2225/1392/1312 1409/1393/1313
f 633/926/877 632/925/876 726/1394/1314 725/1395/1315
f 632/925/876 631/924/875 727/1396/1316 726/1394/1314
f 625/1189/1130 728/1397/1317 727/1396/1316 627/1186/1127
f 729/1398/1318 724/1399/1319 725/1395/1315 726/1394/1314
f 728/1397/1317 729/1398/1318 726/1394/1314 727/1396/1316
f 631/924/875 629/1190/1131 627/1186/1127 727/1396/1316
f 730/1400/1320 731/1401/1321 724/1399/1319 729/1398/1318
f 732/1402/1322 730/1400/1320 729/1398/1318 728/1397/1317
f 731/1401/1321 733/1069/1016 723/1068/1015 724/1399/1319
f 766/1159/1103 765/1222/1159 717/1161/1105 645/1160/1104
f 5391/1403/1323 5395/1404/1324 5396/1405/1325 5392/1406/1326 5393/1407/1327 5394/1408/1328
f 560/1162/1106 561/1100/1047 559/1099/1046 557/1409/1329 556/1410/1330
f 4563/1411/1331 4583/1412/1332 4584/1413/1333 4582/1414/1334 4581/1415/1335 4558/1416/1336
f 921/1386/1306 949/1417/1337 953/1418/1338 954/1419/1339 919/1420/1340 920/1382/1302
f 1268/1421/1341 2165/1422/1342 2164/568/537 1495/567/536 1265/1423/1343
f 610/812/767 744/129/112 742/1424/1344 749/1425/1345 750/1426/1346 611/1164/1108
f 1970/1427/1347 1971/861/815 1968/530/502 1969/1428/1348
f 744/129/112 747/128/111 748/1429/1349 742/1424/1344
f 5098/1430/1350 5073/1431/1351 5071/1432/1352 5100/1433/1353 5101/1434/1354 5099/1435/1355
f 1972/860/814 1973/859/813 1974/1436/1356 1975/1437/1357 2124/1438/1358
f 2921/1439/1359 2923/1440/1360 2919/1441/1361 2918/1442/1362 2917/1443/1363 2920/1444/1364
f 618/1172/1115 617/1171/1114 615/1445/1112 752/1446/1365
f 755/1447/1366 756/1448/1367 753/1449/1368 754/1450/1369
f 752/1446/1365 751/1451/1370 753/1449/1368 756/1448/1367
f 756/1448/1367 755/1447/1366 622/1179/1120 620/1177/1118
f 752/1446/1365 756/1448/1367 620/1177/1118 618/1172/1115
f 612/1165/1109 611/1164/1108 750/1426/1346 616/1169/1113
f 3285/1452/1371 3287/1453/1372 3288/1454/1373 3283/1455/1374 3284/1456/1375
f 728/1397/1317 625/1189/1130 624/1457/1376 732/1402/1322
f 517/1277/1210 516/1289/1218 671/1282/1214 668/1278/1211
f 659/1458/1377 666/1275/1208 662/1262/1196 660/1261/1195
f 906/1228/1165 901/1232/1169 900/1459/1378 905/1460/1379
f 602/1152/1096 638/1208/1149 757/1461/1380 603/1153/1097
f 573/1113/1060 572/1112/1059 578/1116/1063 541/1462/1381
f 758/1463/1382 542/1464/1383 544/1465/1384 567/1466/1385
f 573/1113/1060 758/1463/1382 567/1466/1385 566/1111/1058
f 5507/1467/1386 5498/1468/1387 491/970/920
f 5498/1468/1387 5507/1467/1386 5508/1266/1200 5497/1265/1199
f 695/1036/983 759/1035/982 493/974/922 481/973/913
f 2580/1469/1388 3642/1470/1389 2581/1471/1390 2577/1472/1391 2576/1473/1392
f 2055/1474/1099 2056/1475/1393 2058/650/609 2059/649/608 2075/1476/1394
f 479/962/912 510/1477/940 502/987/934 476/958/908
f 510/1477/940 454/1294/1222 503/988/935 502/987/934
f 386/1478/630 380/318/295 381/317/294 159/316/293 137/545/190
f 2787/1479/1395 2816/1480/1396 2819/1481/1397 3682/1482/1398 2784/1483/1399 2785/1484/1400 2786/1485/1401
f 718/1486/805 710/1371/1289 713/1370/1292 715/1487/1402
f 716/1488/1403 715/1487/1402 713/1370/1292 712/1369/1291
f 717/1161/1105 716/1488/1403 712/1369/1291 714/759/714
f 755/1447/1366 732/1402/1322 624/1457/1376 622/1179/1120
f 754/1450/1369 730/1400/1320 732/1402/1322 755/1447/1366
f 736/1489/1404 731/1401/1321 730/1400/1320 754/1450/1369
f 736/1489/1404 735/1490/1405 733/1069/1016 731/1401/1321
f 1108/1491/1406 1090/1492/1407 1086/1493/1408 1104/1494/1409 1103/1495/1410 1107/1496/1411
f 927/1497/1412 960/1498/1413 929/1499/1414 930/1500/1415
f 3366/1501/1416 3361/910/862 3364/1502/1417 3365/1503/1418 3370/1504/1419 3369/1505/1420 3296/1506/1421 3371/1507/1422 3373/1508/1423
f 747/128/111 761/127/110 762/852/806 748/1429/1349
f 3483/1509/1424 2850/1510/1425 2849/1511/1426 2847/1512/1427 2848/1513/1428 3479/1514/1429 3480/1515/1430 3481/1516/1431 3482/1517/1432
f 108/171/152 75/142/123 93/134/117 106/1518/1433 107/1519/1434 117/179/160 110/172/153
f 1377/1520/1435 1317/1521/1436 1309/1522/1437 1312/1523/1438 2260/1524/1439
f 743/1525/1440 762/1526/806 763/1527/1441 720/1219/1156
f 720/1219/1156 763/1527/1441 764/1221/1158 719/1220/1157
f 3265/1528/1442 3065/1529/1443 3066/1530/1444 3266/1531/1445
f 642/1532/1446 539/1061/1008 538/1060/1007 640/1212/1151
f 460/1214/892 637/1209/1145 640/1212/1151 538/1060/1007
f 637/1204/1145 460/942/892 459/945/895 464/948/898
f 3091/1533/1447 2854/1534/1448 2717/1535/1449 3085/1536/1450 3088/1537/1451
f 5081/1538/1452 5080/1539/1453 5058/1540/1454 5092/1541/1455 5027/1542/1456 5026/1543/1457
f 4454/1544/1458 4486/1545/1459 4485/1546/1460 4473/1547/1461 4472/1548/1462 4477/1549/1463 4476/1550/1464
f 2072/1551/1465 2070/1552/1466 1878/1316/1240 1879/1319/1243
f 380/645/295 376/640/601 382/1553/296
f 691/1554/1467 690/1305/986 688/1302/1230 686/1304/1232
f 696/1555/1468 691/1554/1467 686/1304/1232 685/1556/1469
f 468/133/116 467/951/901 710/1365/1289 718/851/805
f 767/1557/1470 768/1093/1040 769/1092/1039 770/1558/1471
f 771/1559/1472 772/1560/1473 768/1093/1040 767/1557/1470
f 770/1561/1471 773/1562/1474 771/1559/1472 767/1557/1470
f 771/1559/1472 773/1562/1474 774/1563/1475 772/1560/1473
f 775/1564/1476 776/1565/1477 777/1566/1478 778/1567/1479
f 775/1568/1476 779/1569/1480 780/1570/1481 776/1571/1477
f 781/1572/1482 779/1569/1480 775/1568/1476 778/1573/1479
f 782/1574/1483 777/1566/1478 776/1565/1477 783/1575/1484
f 784/1576/1485 785/1577/1486 786/1578/1487 787/1579/1488
f 788/1023/970 789/1580/1489 790/1581/1490 791/1582/1491
f 3888/1583/1492 3844/1584/1493 3839/1585/1494 3838/1586/1495 3835/1587/1496 3840/1588/1497
f 793/1589/1498 792/1590/1499 794/1591/1500 795/1592/1501
f 796/1593/1502 793/1589/1498 795/1592/1501 797/1594/1503
f 773/1562/1474 798/1595/1504 799/1596/1505 779/1569/1480 781/1572/1482 774/1563/1475
f 770/1561/1471 800/1597/1506 798/1595/1504 773/1562/1474
f 770/1558/1471 769/1092/1039 801/1598/1507 800/1599/1506
f 789/1580/1489 788/1023/970 802/1022/969 803/1091/1038
f 786/1578/1487 785/1577/1486 804/1024/971
f 805/1600/1508 806/1601/1509 804/1024/971 785/1577/1486
f 807/1602/1510 808/1603/1511 806/1601/1509 805/1600/1508
f 809/1604/1512 810/1605/1513 807/1602/1510 805/1600/1508
f 805/1600/1508 785/1577/1486 784/1576/1485 809/1604/1512
f 3383/1606/1514 3355/1607/1515 3456/1608/1516 3303/1609/1517 3357/1610/1518 2533/1611/1519 3363/1612/1520
f 4977/1613/1521 4965/1614/1522 4964/1615/1523 4975/1616/1524 4974/1617/1525 4976/1618/1526
f 793/1589/1498 796/1593/1502 816/1619/1527 814/1620/1528
f 817/1621/1529 796/1593/1502 797/1594/1503 818/1622/1530
f 817/1621/1529 818/1622/1530 819/1623/1531 820/1624/1532
f 776/1565/1477 780/1625/1481 821/1626/1533 783/1575/1484
f 780/1625/1481 822/1627/1534 823/1628/1535 821/1626/1533
f 800/1599/1506 801/1598/1507 823/1628/1535 822/1627/1534
f 779/1569/1480 799/1596/1505 822/1629/1534 780/1570/1481
f 2857/1630/1536 3078/1631/1537 3073/1632/1538 3072/653/612 3084/1633/1539 2855/1634/1540 2563/1635/1541 2856/1636/1542
f 799/1596/1505 798/1595/1504 800/1597/1506 822/1629/1534
f 2797/1637/1543 2789/996/943 2790/995/942 2793/1638/1544 2795/1639/1545 2798/1640/1546
f 3404/1641/1547 3393/1017/964 3408/1016/963 3409/1642/1548 3406/1643/1549
f 1202/1644/1550 1532/1645/1551 1533/1646/1552 2412/1647/1553 2413/1648/1554 1075/1649/1555 1074/1650/1556 1530/1651/1557 1203/1652/1558 1204/1653/1559 1205/1654/1560
f 814/1620/1528 816/1619/1527 828/1655/1561 815/1656/1562
f 816/1619/1527 829/1657/1563 830/1658/1564 828/1655/1561
f 796/1593/1502 817/1621/1529 829/1657/1563 816/1619/1527
f 833/1659/1565 834/1660/1566 831/1661/1567 820/1624/1532
f 1930/1662/1568 1190/1663/1569 1700/1664/1570 1703/1665/1571
f 832/1666/1572 831/1661/1567 834/1660/1566 836/1667/1573
f 2842/1668/1574 2843/1669/1575 2466/1670/1576 2465/1671/1577
f 838/1672/1578 839/1673/1579 783/1575/1484 821/1626/1533
f 5523/593/560 5524/893/847 5500/892/846 5501/1674/1580 5502/594/561
f 840/1020/967 801/1598/1507 769/1092/1039 841/1021/968
f 820/1624/1532 831/1661/1567 832/1666/1572 830/1658/1564 829/1657/1563 817/1621/1529
f 772/1560/1473 843/1675/1581 842/1090/1037 768/1093/1040
f 772/1560/1473 774/1563/1475 844/1676/1582 843/1675/1581
f 2777/1677/1583 2776/1678/1584 3557/1679/1585 3556/1680/1586 3555/1681/1587 2779/1682/1588
f 778/1573/1479 848/1683/1589 847/1684/1590 781/1572/1482
f 777/1566/1478 849/1685/1591 848/1686/1589 778/1567/1479
f 782/1574/1483 850/1687/1592 849/1685/1591 777/1566/1478
f 839/1673/1579 850/1687/1592 782/1574/1483 783/1575/1484
f 843/1675/1581 844/1676/1582 795/1592/1501 794/1591/1500
f 797/1594/1503 795/1592/1501 844/1676/1582 845/1688/1593
f 845/1688/1593 846/1689/1594 818/1622/1530 797/1594/1503
f 846/1689/1594 847/1684/1590 819/1623/1531 818/1622/1530
f 819/1623/1531 847/1684/1590 848/1683/1589 851/1690/1595
f 849/1685/1591 852/1691/1596 851/1692/1595 848/1686/1589
f 850/1687/1592 853/1693/1597 852/1691/1596 849/1685/1591
f 850/1687/1592 839/1673/1579 837/1694/1598 853/1693/1597
f 803/1091/1038 842/1090/1037 843/1675/1581 794/1591/1500
f 803/1091/1038 794/1591/1500 792/1590/1499 789/1580/1489
f 820/1624/1532 819/1623/1531 851/1690/1595 833/1659/1565
f 852/1691/1596 835/1695/1599 833/1696/1565 851/1692/1595
f 853/1693/1597 825/1697/1600 835/1695/1599 852/1691/1596
f 853/1693/1597 837/1694/1598 824/1698/1601 825/1697/1600
f 788/1023/970 791/1582/1491 786/1578/1487 804/1024/971
f 854/1699/1602 855/1700/1603 856/1701/1604 857/1702/1605
f 858/1703/1606 854/1704/1602 857/1702/1605 859/1705/1607
f 860/1706/1608 861/1707/1609 862/1708/1610
f 863/1709/1611 864/1710/1612 865/1711/1613 866/1712/1614
f 867/1713/1615 866/1712/1614 865/1711/1613 860/1706/1608
f 868/1714/1616 869/1715/1617 870/1716/1618 871/1717/1619
f 872/1718/1620 873/1719/1621 871/1717/1619 870/1716/1618
f 874/1720/1622 875/1721/1623 871/1717/1619 873/1719/1621
f 876/1722/1624 877/1723/1625 873/1719/1621 872/1718/1620
f 874/1720/1622 873/1719/1621 877/1723/1625 878/1724/1626
f 879/1725/1627 880/1726/1628 878/1724/1626 877/1723/1625
f 859/1705/1607 878/1724/1626 880/1726/1628 858/1703/1606
f 881/1727/1629 882/1728/1630 858/1703/1606 880/1726/1628
f 882/1728/1630 883/1729/1631 854/1704/1602 858/1703/1606
f 884/1730/1632 875/1721/1623 856/1701/1604 855/1700/1603
f 874/1720/1622 857/1702/1605 856/1701/1604 875/1721/1623
f 859/1705/1607 857/1702/1605 874/1720/1622 878/1724/1626
f 868/1714/1616 871/1717/1619 875/1721/1623 884/1730/1632
f 885/1731/1633 869/1715/1617 868/1714/1616 886/1732/1634
f 887/1230/1167 888/1229/1166 889/1733/1635 885/1731/1633
f 885/1731/1633 889/1733/1635 890/1734/1636 869/1715/1617
f 891/1735/1637 876/1722/1624 872/1718/1620 892/1736/1638
f 893/1737/1639 894/1738/1640 876/1722/1624 891/1735/1637
f 894/1738/1640 879/1725/1627 877/1723/1625 876/1722/1624
f 895/1739/1641 881/1727/1629 880/1726/1628 879/1725/1627
f 862/1740/1610 882/1728/1630 881/1727/1629 896/1741/1642
f 860/1706/1608 897/1742/1643 898/1743/1644
f 899/1744/1645 900/1459/1378 867/1713/1615 898/1743/1644
f 901/1232/1169 866/1712/1614 867/1713/1615 900/1459/1378
f 902/1745/1646 864/1710/1612 863/1709/1611 903/1746/1647
f 883/1747/1631 861/1748/1609 864/1710/1612 902/1745/1646
f 902/1745/1646 855/1700/1603 854/1699/1602 883/1747/1631
f 861/1749/1609 883/1729/1631 882/1728/1630 862/1740/1610
f 903/1746/1647 884/1730/1632 855/1700/1603 902/1745/1646
f 886/1732/1634 868/1714/1616 884/1730/1632 903/1746/1647
f 903/1746/1647 863/1709/1611 904/1231/1168 886/1732/1634
f 887/1230/1167 885/1731/1633 886/1732/1634 904/1231/1168
f 2878/1750/1648 2471/1751/1649 2472/1752/1650 2884/998/945 2883/997/944 3726/1753/1651 2881/1754/1652
f 4669/1755/1653 4691/1756/1654 4704/1757/1655 4703/1758/1656 4670/1200/1141
f 289/468/443 206/677/636 139/213/193 138/212/192 443/863/817 287/465/440 286/464/439
f 910/1759/1657 896/1741/1642 881/1727/1629 895/1739/1641
f 898/1743/1644 897/1742/1643 911/1760/1658 899/1744/1645
f 912/1761/1659 908/1762/1660 909/1763/1661 913/1764/1662
f 867/1713/1615 860/1706/1608 898/1743/1644
f 908/1762/1660 912/1761/1659 911/1760/1658 910/1765/1657
f 897/1742/1643 896/1766/1642 910/1765/1657 911/1760/1658
f 896/1766/1642 897/1742/1643 860/1706/1608 862/1708/1610
f 861/1748/1609 860/1706/1608 865/1711/1613 864/1710/1612
f 904/1231/1168 863/1709/1611 866/1712/1614 901/1232/1169
f 915/1767/1663 916/1768/1664 917/1769/1665 918/1770/1666
f 922/1771/1667 917/1769/1665 916/1768/1664 923/1772/1668
f 920/1382/1302 924/1773/1669 925/1774/1670 926/1383/1303
f 3820/1775/1671 3829/1776/1672 3828/1777/1673 3817/1778/1674 3819/1779/1675
f 931/1780/1676 932/1781/1677 933/1782/1678 929/1499/1414
f 931/1780/1676 934/1783/1679 935/1784/1680 932/1781/1677
f 936/1785/1681 937/1786/1682 932/1781/1677 935/1784/1680
f 936/1785/1681 935/1784/1680 938/1787/1683 939/1788/1684
f 939/1788/1684 923/1789/1668 916/1790/1664 936/1785/1681
f 923/1789/1668 939/1788/1684 940/1791/1685 941/1792/1686
f 2410/1793/1687 1240/1794/1688 1239/1795/1689 2411/1796/1690
f 942/1797/1691 952/1798/1692 943/1799/1693 944/1800/1694 941/1801/1686
f 1447/1802/1695 1365/1803/1696 2425/1804/1697 1445/1805/1698 1444/286/263 1446/285/262
f 918/1770/1666 945/1806/1699 937/1786/1682 915/1767/1663
f 915/1767/1663 937/1786/1682 936/1785/1681 916/1790/1664
f 945/1806/1699 933/1782/1678 932/1781/1677 937/1786/1682
f 933/1782/1678 945/1806/1699 946/1807/1700 947/1808/1701
f 947/1808/1701 930/1500/1415 929/1499/1414 933/1782/1678
f 948/1385/1305 950/1809/1702 949/1417/1337 921/1386/1306
f 948/1385/1305 930/1500/1415 947/1808/1701 950/1809/1702
f 946/1807/1700 951/1810/1703 950/1809/1702 947/1808/1701
f 945/1806/1699 918/1770/1666 944/1800/1694 946/1807/1700
f 946/1807/1700 944/1800/1694 943/1811/1693 951/1810/1703
f 951/1810/1703 943/1811/1693 952/1812/1692 953/1418/1338
f 949/1417/1337 950/1809/1702 951/1810/1703 953/1418/1338
f 924/1773/1669 920/1382/1302 919/1420/1340 956/1813/1704
f 956/1814/1704 957/1815/1705 958/1816/1706 924/1817/1669
f 924/1817/1669 958/1816/1706 959/1818/1707 925/1819/1670
f 1563/1820/1708 1561/1821/1709 1562/1822/1710 1558/1823/1711 1557/1824/1712 1559/1825/1713
f 962/1826/1714 963/1827/1715 934/1783/1679 931/1780/1676
f 957/1815/1705 938/1787/1683 935/1784/1680 934/1783/1679
f 955/1828/1716 940/1791/1685 939/1788/1684 938/1787/1683
f 940/1829/1685 954/1419/1339 942/1830/1691 941/1831/1686
f 938/1787/1683 957/1815/1705 956/1814/1704 955/1828/1716
f 2900/1832/1717 2898/1833/1718 2589/1834/1719 2897/1835/1720 3719/1836/1721
f 963/1827/1715 962/1826/1714 961/1837/1722 964/1838/1723
f 952/1812/1692 942/1830/1691 954/1419/1339 953/1418/1338
f 1668/266/243 2198/271/248 2197/1839/1724 1669/1840/1725 1665/1841/1726 1667/1842/1727
f 965/1843/1728 966/1844/1729 967/1845/1730
f 968/1846/1731 969/1847/1732 970/1848/1733 971/1849/1734
f 973/1850/1735 968/1846/1731 971/1849/1734 974/1851/1736
f 975/1852/1737 977/1853/1738 978/1854/1739 979/1855/1740
f 980/1856/1741 981/1857/1742 982/1858/1743 978/1854/1739
f 983/1859/1744 984/1860/1745 982/1861/1743 985/1862/1746
f 982/1861/1743 984/1860/1745 979/1855/1740 978/1854/1739
f 984/1860/1745 983/1859/1744 986/1863/1747 976/1864/1748
f 976/1864/1748 975/1852/1737 979/1855/1740 984/1860/1745
f 3759/1865/1749 3758/1866/1750 3761/1867/1751 3760/1868/1752
f 1543/1869/1753 1433/1870/1754 1224/1871/1755 1223/1872/1756 1540/1873/1757 1538/731/686 1181/736/691 1180/1874/1758 1178/1875/1759
f 990/1876/1760 989/1877/1761 992/1878/1762 993/1879/1763
f 993/1879/1763 970/1848/1733 969/1847/1732 990/1876/1760
f 974/1851/1736 971/1849/1734 994/1880/1764 995/1881/1765
f 997/1882/1766 998/1883/1767 977/1853/1738 996/1884/1768
f 978/1854/1739 977/1853/1738 998/1883/1767 980/1856/1741
f 1555/1885/1769 1556/1886/1770 1560/1887/1771 1559/1825/1713 1557/1824/1712 1554/1888/1772
f 1001/1889/1773 1003/1890/1774 1004/1891/1775 985/1892/1746
f 982/1858/1743 981/1857/1742 1001/1893/1773 985/1894/1746
f 1003/1890/1774 965/1843/1728 967/1845/1730 1004/1891/1775
f 1004/1895/1775 967/1896/1730 1005/1897/1776 1006/1898/1777
f 1006/1898/1777 983/1859/1744 985/1862/1746 1004/1895/1775
f 1005/1897/1776 988/815/770 987/818/773 1006/1898/1777
f 987/818/773 986/1863/1747 983/1859/1744 1006/1898/1777
f 1007/1899/1778 1008/1900/1779 988/815/770 1005/1897/1776
f 1009/1901/1780 1010/1902/1781 995/1881/1765 994/1880/1764
f 1011/1903/1782 999/1904/1783 998/1883/1767 997/1882/1766
f 1012/1905/1784 1013/1906/1785 1014/1907/1786 1002/1908/1787
f 965/1843/1728 1003/1890/1774 1002/1908/1787 1014/1907/1786
f 1014/1907/1786 1015/1909/1788 966/1844/1729 965/1843/1728
f 1007/1899/1778 1005/1897/1776 967/1896/1730 966/1844/1729
f 966/1844/1729 1015/1909/1788 1008/1900/1779 1007/1899/1778
f 2641/1910/1789 2599/1911/1790 2598/1912/1791 2788/1913/1792 2651/1914/1793
f 1418/1915/1794 1417/1916/1795 1524/1917/1796 1526/1032/979 1525/1031/978 1523/1918/1797 1522/1919/1798
f 1019/1920/1799 992/1878/1762 989/1877/1761 1017/1921/1800
f 1023/1922/1801 1025/1923/1802 1026/1924/1803 1024/1925/1804 1020/1926/1805 1021/1927/1806 1022/1928/1807
f 1025/1923/1802 1027/1929/1808 1028/1930/1809 1026/1924/1803
f 1016/1931/1810 1015/1909/1788 1014/1907/1786 1013/1906/1785
f 1027/1929/1808 1017/1921/1800 1018/1932/1811 1028/1930/1809
f 1017/1921/1800 1027/1929/1808 1019/1920/1799
f 1029/1933/1812 1030/1934/1813 1019/1920/1799 1027/1929/1808
f 1031/1935/1814 1025/1923/1802 1023/1922/1801 1022/1936/1807
f 1031/1935/1814 1029/1933/1812 1027/1929/1808 1025/1923/1802
f 1020/1926/1805 1024/1925/1804 1010/1902/1781 1009/1901/1780
f 995/1881/1765 1010/1902/1781 997/1882/1766 996/1884/1768
f 1024/1925/1804 1011/1903/1782 997/1882/1766 1010/1902/1781
f 5196/1937/1815 5197/1938/1816 5160/1939/1817 5195/1940/1818
f 910/1759/1657 895/1739/1641 907/1941/1819 909/1942/1661 908/1943/1660
f 1026/1924/1803 1028/1930/1809 1013/1906/1785 1012/1905/1784
f 1018/1932/1811 1016/1931/1810 1013/1906/1785 1028/1930/1809
f 1032/1944/1820 1033/1945/1821 1034/1946/1822
f 907/1941/1819 895/1739/1641 879/1725/1627 894/1738/1640 893/1737/1639
f 1035/1947/1823 1036/1948/1824 1037/1949/1825 1038/1950/1826
f 5425/1951/1827 5433/1952/1828 5431/1953/1829 5432/1954/1830 5430/1955/1831 5426/1956/1832
f 1039/1957/1833 1040/1958/1834 1041/1959/1835 1042/1960/1836
f 1043/1961/1837 1044/1962/1838 1045/1963/1839 1046/1964/1840
f 1047/470/445 1048/469/444 1049/1965/1841 1050/1966/1023
f 1051/1967/1842 1052/1968/446 1047/1969/445 1050/1076/1023
f 1051/1967/1842 1053/1355/1279 1054/1970/1843 1052/1968/446
f 1049/1965/1841 1055/1971/1844 1056/1972/1024 1050/1966/1023
f 1057/1973/1845 1058/1101/1048 1059/1974/1846 1060/1975/1847
f 1058/1101/1048 1061/1106/1053 1062/1976/1848 1059/1974/1846
f 2821/1378/1298 2874/1977/1849 2876/1978/1850 2877/1979/1851 2880/1980/1852 3214/1981/1853 2810/1379/1299
f 1065/1103/1050 1066/1982/1854 1064/1105/1052 1063/1104/1051
f 1067/1102/1049 1058/1101/1048 1057/1973/1845 1068/1983/1855
f 1072/1984/1856 1073/1985/1857 1074/1650/1556 1075/1649/1555
f 1075/1649/1555 1076/1986/1858 1072/1984/1856
f 1471/438/415 1071/437/414 1079/1987/1859 1077/1988/1860 1072/1984/1856 1076/1986/1858
f 1077/1988/1860 1078/1989/1861 1073/1985/1857 1072/1984/1856
f 1079/1987/1859 1080/1990/1862 1078/1989/1861 1077/1988/1860
f 1081/1991/1863 1082/1992/1864 1083/1993/1865 1084/1994/1866
f 1082/1992/1864 1085/1995/1867 1086/1493/1408 1083/1993/1865
f 1087/1996/1868 1088/1997/1869 1089/1998/1870 1084/1994/1866
f 1086/1493/1408 1090/1492/1407 1091/1999/1871 1083/1993/1865
f 1083/1993/1865 1091/1999/1871 1087/1996/1868 1084/1994/1866
f 1092/2000/1872 1093/2001/1873 1094/2002/1874 1095/2003/1875
f 439/837/791 442/840/794 426/919/870 424/920/871 425/2004/1876
f 1093/2001/1873 1098/2005/1877 1097/2006/1878 1094/2002/1874
f 1099/697/656 1100/696/655 1094/2002/1874 1097/2006/1878
f 1102/2007/1879 1103/1495/1410 1104/1494/1409 1086/2008/1408
f 335/2009/1880 5521/304/281 5520/303/280 5519/2010/1881 186/2011/1882
f 3469/2012/1883 2529/590/557 2530/2013/1884 3464/537/509 3466/2014/1885
f 1470/2015/1886 2404/2016/1887 2402/1052/999 1468/1058/1005 1467/2017/1888 1300/2018/1889 1068/2019/1855 1299/2020/1890 1464/2021/1891
f 1110/2022/1892 1111/2023/1893 1114/2024/1894 1112/233/213
f 1115/2025/1895 1116/2026/1896 1117/2027/1897 1118/2028/1898
f 1119/2029/1899 1120/2030/1900 1116/2026/1896 1115/2025/1895
f 1121/2031/1901 1122/2032/1902 1123/2033/1903 1124/2034/1904
f 1117/2027/1897 1121/2031/1901 1124/2034/1904 1118/2028/1898
f 1125/2035/1905 1126/2036/1906 1127/2037/1907 1128/2038/1908
f 3169/2039/1909 3175/2040/1910 2584/2041/1911 3164/1338/1262 3166/856/810 3165/855/809
f 1131/2042/1912 1130/2043/1913 1129/2044/1914
f 1132/2045/1915 1085/1995/1867 1133/2046/1916 1134/2047/1917
f 1134/2047/1917 1135/2048/1918 1136/2049/1919 1132/2045/1915
f 1137/2050/1920 1132/2045/1915 1136/2049/1919
f 1138/2051/1921 1139/2052/1922 1132/2053/1915 1137/2054/1920
f 1139/2052/1922 1103/2055/1410 1085/2056/1867 1132/2053/1915
f 194/298/275 193/297/274 348/2057/1923 349/596/563 350/595/562 352/599/565
f 837/1694/1598 839/1673/1579 838/1672/1578 808/1603/1511 824/1698/1601
f 1145/2058/1924 2130/1205/1146 1675/1207/1148 1673/2059/649 1357/2060/648 1677/2061/1925 1678/810/765 1146/809/764 1144/2062/1926
f 545/1140/1086 546/1078/1025 549/1081/1028 544/1465/1384 543/1141/1087
f 1303/2063/1927 1306/2064/1928 1304/2065/1929 1299/2066/1890 1301/2067/1930 1302/2068/1931
f 2534/2069/1932 2875/2070/1933 2873/2071/1934 2535/2072/1935 2536/2073/1936 2480/1196/1137
f 1153/2074/1937 1151/1270/1204 1092/2000/1872 1095/2003/1875
f 1154/2075/1938 1155/1271/1205 1151/1270/1204 1153/2074/1937
f 1162/2076/1939 1165/2077/1940 1166/2078/1941 1163/2079/1942
f 1169/2080/1943 1170/2081/1944 1089/2082/1870 1088/2083/1869
f 1156/1299/1227 1171/2084/1945 1172/741/696 1157/740/695
f 3665/2085/1946 3664/2086/1947 3661/2087/1948 3660/2088/1949 3659/2089/1950
f 1087/1996/1868 1091/1999/1871 1090/1492/1407 1108/1491/1406 1096/2090/1951 1098/2005/1877 1175/2091/1952 1168/2092/1953 1150/2093/1954 1088/1997/1869
f 1175/2091/1952 1098/2005/1877 1093/2001/1873 1168/2092/1953
f 1297/2094/1955 1296/2095/1956 2204/2096/1957 2203/2097/1958 2202/2098/1959 1159/1296/1224
f 1176/2099/1960 1177/2100/1961 1178/1875/1759 1179/735/690
f 1178/1875/1759 1180/1874/1758 1181/736/691 1179/735/690
f 3093/2101/1962 3096/2102/1963 2565/2103/1964 2563/2104/1541 2564/2105/1965
f 2784/1483/1399 3682/1482/1398 3674/2106/1966 3680/2107/1967 2782/2108/1968
f 1188/2109/1969 1189/163/144 1190/1663/1569 1191/2110/1970
f 1185/2111/1971 1192/164/145 1189/163/144 1188/2109/1969
f 1191/2110/1970 1194/2112/1972 1193/2113/1973 1188/2109/1969
f 1195/2114/1974 1196/2115/1975 1197/2116/1976
f 4362/2117/1977 4361/2118/1978 4326/2119/1979 4327/2120/1980 4328/2121/1981
f 1200/2122/1982 1201/2123/1983 1197/2116/1976 1196/2115/1975
f 1200/2122/1982 1196/2115/1975 1198/2124/1984
f 1205/1654/1560 1179/2125/690 1208/2126/689 1202/1644/1550
f 1209/2127/1985 1210/2128/1986 1211/2129/1987 1212/2130/1988
f 1213/2131/1989 1214/2132/1990 1210/2128/1986 1209/2127/1985
f 1215/2133/1991 1214/2134/1990 1213/2135/1989 1216/2136/1992
f 1217/2137/1993 1173/742/697 1211/2129/1987 1218/2138/1994
f 1210/2128/1986 1219/2139/1995 1218/2138/1994 1211/2129/1987
f 1214/2132/1990 1220/2140/1996 1219/2139/1995 1210/2128/1986
f 3249/2141/1997 3069/2142/1998 3070/2143/1999 3071/2144/2000 3251/2145/2001
f 1224/1871/1755 1225/2146/2002 1226/2147/2003 1227/2148/2004
f 3166/856/810 3164/1338/1262 3301/909/861 3359/908/860 3302/2149/2005 3304/857/811
f 2035/2150/2006 2036/2151/2007 2030/2152/2008 2031/2153/2009 2027/2154/2010 2033/2155/2011 2038/2156/2012 2037/2157/2013 1962/2158/2014
f 1230/2159/2015 1231/2160/2016 1232/2161/2017 1233/2162/2018
f 1213/2135/1989 1234/2163/2019 1231/2160/2016 1230/2159/2015
f 1235/261/238 1236/2164/2020 1237/2165/2021 1238/262/239
f 1243/2166/2022 1244/2167/2023 1245/2168/2024 1246/2169/2025
f 1247/2170/2026 1248/2171/2027 1244/2167/2023 1243/2166/2022
f 1249/2172/2028 1250/2173/2029 1251/2174/2030 1246/2175/2025
f 1243/2176/2022 1252/2177/2031 1253/2178/2032 1247/2179/2026
f 1246/2175/2025 1251/2174/2030 1252/2177/2031 1243/2176/2022
f 1254/2180/2033 1255/2181/2034 1256/2182/2035 1257/2183/2036
f 1258/2184/2037 1254/2180/2033 1257/2183/2036 1259/2185/2038
f 2528/589/556 2531/588/555 2532/1347/1271 3040/2186/2039 3041/2187/2040 3039/2188/2041
f 1264/2189/2042 1265/1423/1343 1266/2190/2043 1267/2191/2044
f 2863/2192/2045 3649/2193/2046 2320/2194/2047 1490/2195/2048 1493/2196/2049 3749/2197/2050 2862/2198/2051
f 1267/2191/2044 1266/2190/2043 1269/2199/2052 1270/2200/2053
f 1267/2191/2044 1270/2200/2053 1271/2201/2054 1264/2189/2042
f 1273/2202/2055 1274/2203/2056 1275/2204/2057 1276/2205/2058
f 1276/2205/2058 1275/2204/2057 1277/2206/2059 1278/2207/2060
f 4561/2208/2061 4562/2209/2062 4563/1411/1331 4558/1416/1336 4559/2210/2063 4560/2211/2064
f 1281/2212/2065 1282/2213/2066 1277/2206/2059 1275/2204/2057
f 1281/2212/2065 1275/2204/2057 1274/2203/2056 1283/2214/2067
f 1283/2214/2067 1284/2215/2068 1282/2213/2066 1281/2212/2065
f 3928/2216/2069 3823/2217/2070 3930/2218/2071 3929/2219/2072 3926/2220/2073 3818/2221/2074
f 2663/2222/2075 2665/2223/2076 2668/2224/2077 2664/2225/2078 2452/2226/2079
f 1291/2227/2080 1292/2228/2081 1293/2229/2082 1294/2230/2083
f 1295/739/694 1296/2231/1956 1297/2232/1955 1298/1300/1228
f 1298/2233/1228 1297/2094/1955 1159/1296/1224 1158/1295/1223
f 2479/2234/2084 2478/2235/2085 2534/2236/1932 2552/2237/2086 2494/2238/2087
f 3717/2239/2088 2840/2240/2089 2834/548/517 2677/547/516 2461/2241/2090 2678/2242/2091 2837/2243/2092 2838/2244/2093 3715/2245/2094
f 2677/2246/516 2683/2247/520 2684/2248/2095 2679/2249/2096 2680/2250/2097 2681/2251/2098
f 1307/2252/2099 1308/2253/2100 1081/1991/1863 1084/1994/1866
f 1309/1522/1437 1310/2254/2101 1311/2255/2102 1312/1523/1438
f 1313/2256/2103 1314/2257/2104 1310/2254/2101 1309/1522/1437
f 1313/2256/2103 1315/2258/2105 1316/2259/2106 1314/2257/2104
f 1313/2256/2103 1309/1522/1437 1317/1521/1436 1315/2258/2105
f 1318/2260/2107 1319/2261/2108 1320/2262/2109 1321/2263/2110
f 1319/2261/2108 1322/2264/2111 1323/2265/2112 1320/2262/2109
f 1320/2262/2109 1323/2265/2112 1324/2266/2113 1321/2263/2110
f 2135/2267/2114 1141/2268/2115 1142/2269/2116 1140/2270/2117 2138/2271/2118
f 2712/2272/2119 2713/2273/2120 2708/2274/2121 2709/2275/2122 2706/2276/2123 2707/2277/2124
f 1289/2278/2125 1794/2279/2126 1960/2280/2127 1290/2281/2128
f 3274/2282/2129 3275/2283/2130 2710/2284/2131 2711/2285/2132 2709/2275/2122 2708/2274/2121
f 1337/929/880 1338/928/879 1339/2286/2133 1340/2287/2134
f 3246/2288/2135 3087/2289/2136 2714/2290/2137 2715/2291/2138 2716/2292/2139
f 1347/2293/2140 1348/2294/2141 1349/2295/2142 1350/2296/2143
f 1349/2295/2142 1351/2297/2144 1350/2296/2143
f 1350/2296/2143 1352/2298/629 1353/2299/628 1347/2293/2140
f 1100/696/655 1354/2300/2145 1094/2002/1874
f 1095/2003/1875 1094/2002/1874 1354/2300/2145 1355/2301/2146
f 1356/2302/2147 1357/2060/648 1358/2303/591 1359/2304/2148
f 1359/2304/2148 1358/2303/591 1304/2065/1929 1306/2064/1928
f 1360/2305/2149 1361/2306/2150 1362/2307/2151 1363/2308/2152
f 1360/2305/2149 1363/2308/2152 1364/738/693 1365/1803/1696
f 1360/2305/2149 1365/1803/1696 1322/2264/2111 1361/2306/2150
f 1311/2255/2102 1370/2309/2153 1371/2310/2154 1312/1523/1438
f 5365/2311/2155 5374/2312/2156 5366/2313/2157 5367/2314/2158 5350/2315/2159
f 1033/1945/1821 1375/2316/2160 1034/1946/1822
f 1034/1946/1822 1376/2317/2161 1377/1520/1435 1032/1944/1820
f 1381/2318/2162 1383/2319/2163 1384/2320/2164 1385/2321/2165
f 4235/2322/2166 4234/2323/2167 4261/2324/2168 4262/2325/2169 4260/2326/2170 4259/2327/2171 4258/2328/2172 4247/2329/2173
f 1390/2330/2174 1391/2331/2175 1392/2332/2176 1393/2333/2177
f 1394/2334/2178 1395/2335/2179 1396/2336/2180 1391/2337/2175
f 1179/2125/690 1205/1654/1560 1396/2336/2180 1395/2335/2179
f 1394/2338/2178 1391/2331/2175 1390/2330/2174
f 1387/2339/2181 1392/2340/2176 1391/2337/2175 1386/2341/2182
f 1397/2342/2183 1398/2343/2184 1399/2344/2185 1400/2345/2186
f 1398/2343/2184 1401/2346/2187 1402/2347/2188 1399/2344/2185
f 1404/282/259 1398/2348/2184 1397/2349/2183 1403/2350/2189 2289/2351/2190 2288/279/256
f 2771/2352/2191 3582/2353/2192 3581/2354/2193 2775/2355/2194 2773/2356/2195 2770/2357/2196
f 1406/2358/2197 1407/2359/2198 1319/2261/2108 1318/2260/2107
f 2760/404/381 3745/2360/2199 2756/2361/2200 2753/2362/2201 2755/389/366
f 1410/2363/2202 1272/2364/2203 1411/2365/2204 1412/2366/2205
f 1940/2367/2206 1331/2368/2207 1330/2369/2208 1334/2370/2209 1333/2371/2210 1941/2372/2211
f 1412/2366/2205 1413/283/260 1416/289/266 1410/2363/2202
f 3241/1025/972 3237/2373/2212 3436/1121/1068 3435/1026/973
f 127/202/182 126/201/181 188/326/303 384/325/302 446/324/301 172/249/227 171/248/226 173/252/229
f 2791/2374/2213 2796/2375/2214 2792/792/747 2793/1638/1544 2790/995/942
f 1422/2376/2215 1420/2377/2216 1421/2378/2217 1423/2379/2218
f 2636/2380/2219 2638/655/614 3074/654/613 2615/2381/2220 2614/2382/2221
f 1428/2383/2222 1429/2384/2223 1373/2385/2224 1372/2386/2225
f 1225/2387/2002 1428/2383/2222 1372/2386/2225 1226/2388/2003
f 1430/2389/2226 1431/2390/2227 1432/2391/2228 1225/2392/2002
f 1225/2146/2002 1224/1871/1755 1433/1870/1754 1430/2393/2226
f 401/729/685 399/725/683 403/917/869 332/2394/2229 447/2395/2230 412/2396/2231 411/2397/2232 331/2398/2233 330/2399/2234 185/553/522 184/2400/2235
f 1434/2401/2236 1435/2402/2237 1429/2403/2223 1428/2404/2222
f 1432/2405/2228 1434/2401/2236 1428/2404/2222 1225/2406/2002
f 3052/2407/2238 2635/2408/2239 3049/2409/2240 3051/2410/2241
f 1283/2214/2067 1124/2034/1904 1123/2033/1903 1284/2215/2068
f 1118/2028/1898 1124/2034/1904 1283/2214/2067 1274/2203/2056
f 1513/2411/2242 1150/2093/1954 1092/2000/1872 1151/1270/1204 1152/2412/1203 1511/2413/2243
f 1439/2414/2244 1437/2415/2245 1438/2416/2246 1440/2417/2247
f 1085/1995/1867 1082/1992/1864 1441/2418/2248 1133/2046/1916
f 1082/1992/1864 1081/1991/1863 1442/2419/2249 1441/2418/2248
f 278/2420/427 280/2421/431 282/425/402 322/428/405 321/767/722 320/770/725
f 1414/287/264 1444/286/263 1445/1805/1698 1415/288/265
f 3562/2422/2250 3610/2423/2251 3565/2424/2252 3563/2425/2253 3564/2426/2254
f 1308/2427/2100 1307/2428/2099 1452/2429/2255 1453/2430/2256
f 1453/2430/2256 1454/2431/2257 1455/2432/2258 1308/2427/2100
f 1453/2430/2256 1452/2429/2255 1456/439/416 1454/2431/2257
f 1457/2433/2259 1209/2127/1985 1212/2130/1988 1458/2434/2260
f 1234/2435/2019 1213/2131/1989 1209/2127/1985 1457/2433/2259
f 1459/2436/2261 1460/2437/2262 1367/2438/2263 1366/2439/2264
f 1461/2440/2265 1462/2441/2266 1177/2442/1961 1176/2443/1960
f 1394/2338/2178 1390/2330/2174 1461/2440/2265 1176/2443/1960
f 1463/633/595 1465/2444/2267 1466/2445/2268 1464/2021/1891
f 2660/2446/2269 2659/2447/2270 3121/2448/2271 3119/2449/2272 3118/2450/2273
f 92/152/133 59/92/75 67/100/83 90/150/131
f 1469/2451/2274 1470/2015/1886 1464/2021/1891 1466/2445/2268
f 4219/2452/2275 4227/2453/2276 4228/626/588 4217/625/587
f 3474/357/334 3473/2454/2277 2524/2455/2278 2525/358/335
f 1443/2456/2279 1215/2133/1991 1216/2136/1992 1476/2457/2280
f 1478/2458/2281 1477/2459/2282 1479/2460/2283
f 1482/2461/2284 1483/2462/2285 1484/2463/2286 1485/2464/2287
f 1486/2465/2288 1487/2466/2289 1488/2467/2290 1489/2468/2291
f 1485/2464/2287 1486/2465/2288 1489/2468/2291 1482/2461/2284
f 1490/2195/2048 1491/2469/2292 1492/2470/2293 1493/2196/2049
f 3290/2471/2294 3286/2472/2295 3454/2473/2296 3294/2474/2297 3293/2475/2298
f 1456/439/416 1452/2429/2255 2424/2476/2299 1170/2081/1944 1069/440/417
f 3519/2477/2300 2510/2478/2301 2509/2479/2302 2809/2480/2303 3533/2481/2304 3518/2482/2305
f 989/1877/1761 990/1876/1760 991/816/771 988/815/770 1008/1900/1779
f 1038/1950/1826 1037/1949/1825 1504/2483/2306 1503/2484/2307
f 1044/1962/1838 1043/1961/1837 1504/2483/2306 1037/1949/1825
f 1473/2485/2308 1505/2486/2309 1503/2484/2307 1504/2483/2306
f 1505/2486/2309 1125/2035/1905 1128/2038/1908 1503/2484/2307
f 1043/1961/1837 1474/2487/2310 1473/2485/2308 1504/2483/2306
f 1506/2488/2311 1507/2489/2312 1155/1271/1205 1154/2075/1938
f 1095/2003/1875 1355/2301/2146 1508/2490/2313 1153/2074/1937
f 1502/2491/2314 1499/2492/2315 1498/2493/2316 1508/2490/2313
f 1508/2490/2313 1498/2493/2316 1154/2075/1938 1153/2074/1937
f 1450/1272/1206 1155/1271/1205 1507/2489/2312 1451/2494/2317
f 2539/2495/2318 2536/2073/1936 2535/2072/1935 2871/2496/2319 2822/2497/2320
f 1509/2498/1207 1450/2499/1206 1449/2500/2321 1510/2501/2322
f 1510/2501/2322 1511/2413/2243 1152/2412/1203 1509/2498/1207
f 2821/1378/1298 2820/1377/1297 2872/2502/2323 2873/2071/1934 2874/1977/1849
f 1512/2503/2324 1514/435/412 1513/2411/2242 1511/2413/2243
f 1070/441/418 1169/2080/1943 1513/2411/2242 1514/435/412
f 2426/698/657 2427/2504/2325 1316/2259/2106 1315/2258/2105 1317/1521/1436 1436/699/658
f 3608/2505/2326 3585/2506/2327 3587/2507/2328 3586/2508/2329 3584/2509/2330 3583/2510/2331 2577/2511/1391 2581/2512/1390
f 5519/2010/1881 5518/2513/2332 5517/2514/2333 183/2515/2334 186/2011/1882
f 1521/2516/2335 1522/1919/1798 1523/1918/1797 1080/1990/1862
f 2115/2517/2336 2118/2518/2337 1880/2519/2338 1881/2520/2339
f 1525/1031/978 1078/1989/1861 1080/1990/1862 1523/1918/1797
f 1710/2521/2340 1916/2522/2341 1918/2523/2342 1933/2524/2343 1707/2525/2344
f 1524/1917/1796 1527/2526/2345 1528/2527/2346 1526/1032/979
f 1519/824/779 1848/347/324 1845/346/323 1847/2528/2347 1520/2529/2348 1517/2530/2349 1516/2531/2350
f 1531/2532/2351 1203/1652/1558 1530/1651/1557 1529/1029/976
f 1526/1032/979 1528/2527/2346 1531/2532/2351 1529/1029/976
f 1534/2533/2352 1535/2534/2353 1533/1646/1552 1532/1645/1551
f 1202/1644/1550 1208/2126/689 1534/2533/2352 1532/1645/1551
f 1208/734/689 1536/733/688 1537/2535/2354 1534/2536/2352
f 5078/2537/2355 5025/2538/2356 5024/2539/2357 5036/2540/2358 5077/2541/2359
f 410/750/705 431/2542/2360 427/2543/2361 425/2004/1876 430/2544/2362 429/2545/2363 406/2546/2364 407/748/703 408/751/706
f 2386/1055/1002 1621/1054/1001 1625/2547/2365 2389/2548/2366 2388/2549/2367
f 1222/2550/2368 1136/2049/1919 1135/2048/1918 1541/2551/2369
f 1221/2552/2370 1137/2050/1920 1136/2049/1919 1222/2550/2368
f 1096/2090/1951 1108/1491/1406 1137/2050/1920 1221/2552/2370
f 1541/2551/2369 1135/2048/1918 1539/732/687 1538/731/686
f 1178/1875/1759 1177/2100/1961 1542/2553/2371 1543/1869/1753
f 5433/1952/1828 5425/1951/1827 5410/2554/2372 5409/2555/2373 5382/2556/2374 5390/2557/2375 5408/2558/2376 5423/2559/2377
f 1543/1869/1753 1542/2553/2371 1430/2393/2226 1433/1870/1754
f 1177/2442/1961 1462/2441/2266 1544/2560/2378 1542/2561/2371
f 1545/2562/2379 1546/2563/2380 1547/2564/2381 1548/2565/2382
f 1548/2565/2382 1547/2564/2381 1549/2566/2383 1550/2567/2384
f 1547/2564/2381 1544/2560/2378 1462/2441/2266 1549/2566/2383
f 1550/2567/2384 1551/2568/2385 1553/2569/2386 1548/2565/2382
f 2980/2570/2387 2917/1443/1363 2914/2571/2388 2976/2572/2389
f 1555/1885/1769 1554/1888/1772 1551/2568/2385 1550/2567/2384
f 1550/2567/2384 1549/2566/2383 1556/1886/1770 1555/1885/1769
f 1549/2566/2383 1462/2441/2266 1461/2440/2265 1556/1886/1770
f 1101/2573/2390 1099/697/656 1097/2006/1878 1098/2005/1877 1096/2090/1951
f 646/2574/713 512/1368/712 5514/789/744 5513/788/743 648/2575/1164
f 1461/2440/2265 1390/2330/2174 1560/1887/1771 1556/1886/1770
f 583/1123/1070 623/1180/1121 626/1188/1129 584/1130/1077
f 1559/1825/1713 1560/1887/1771 1564/2576/2391 1563/1820/1708
f 1560/1887/1771 1390/2330/2174 1393/2333/2177 1564/2576/2391
f 1565/2577/2392 1566/2578/2393 1562/1822/1710 1561/1821/1709
f 1567/2579/2394 1565/2577/2392 1561/1821/1709 1563/1820/1708
f 1568/2580/2395 1569/2581/2396 1565/2577/2392 1567/2579/2394
f 1569/2581/2396 1570/2582/2397 1566/2578/2393 1565/2577/2392
f 1571/2583/2398 1572/2584/2399 1573/2585/2400 1574/2586/2401
f 1567/2579/2394 1574/2586/2401 1573/2585/2400 1568/2580/2395
f 1563/1820/1708 1564/2576/2391 1574/2586/2401 1567/2579/2394
f 1564/2576/2391 1393/2333/2177 1571/2583/2398 1574/2586/2401
f 1575/2587/2402 1576/2588/2403 1570/2582/2397 1569/2581/2396
f 1577/2589/2404 1575/2587/2402 1569/2581/2396 1568/2580/2395
f 1573/2585/2400 1578/2590/2405 1577/2589/2404 1568/2580/2395
f 1572/2584/2399 1579/2591/2406 1578/2590/2405 1573/2585/2400
f 1579/2591/2406 1572/2584/2399 1580/2592/2407 1581/2593/2408
f 1582/2594/2409 1583/2595/2410 1584/2596/2411 1585/2597/2412
f 1578/2590/2405 1582/2594/2409 1585/2597/2412 1577/2589/2404
f 1579/2591/2406 1586/2598/2413 1582/2594/2409 1578/2590/2405
f 1586/2598/2413 1435/2402/2237 1583/2595/2410 1582/2594/2409
f 1581/2593/2408 1587/2599/2414 1586/2598/2413 1579/2591/2406
f 1587/2599/2414 1429/2403/2223 1435/2402/2237 1586/2598/2413
f 1588/2600/2415 1589/2601/2416 1576/2588/2403 1575/2587/2402
f 1588/2600/2415 1575/2587/2402 1577/2589/2404 1585/2597/2412
f 1590/2602/2417 1588/2600/2415 1585/2597/2412 1584/2596/2411
f 1590/2602/2417 1591/2603/2418 1589/2601/2416 1588/2600/2415
f 1592/2604/2419 1593/2605/2420 1594/2606/2421 1595/2607/2422
f 1590/2602/2417 1592/2604/2419 1595/2607/2422 1591/2603/2418
f 1584/2596/2411 1596/2608/2423 1592/2604/2419 1590/2602/2417
f 1596/2608/2423 1597/2609/2424 1593/2605/2420 1592/2604/2419
f 1598/2610/2425 1599/2611/2426 1597/2609/2424 1596/2608/2423
f 1583/2595/2410 1598/2610/2425 1596/2608/2423 1584/2596/2411
f 1435/2402/2237 1434/2401/2236 1598/2610/2425 1583/2595/2410
f 1434/2401/2236 1432/2405/2228 1599/2611/2426 1598/2610/2425
f 1599/2612/2426 1432/2391/2228 1431/2390/2227 1546/2563/2380
f 1545/2562/2379 1597/2613/2424 1599/2612/2426 1546/2563/2380
f 1602/2614/2427 1603/2615/2428 1594/2616/2421 1601/2617/2429
f 1604/2618/2430 1603/2615/2428 1602/2614/2427 1605/2619/2431
f 1606/2620/2432 1607/2621/2433 1605/2619/2431 1602/2614/2427
f 1552/2622/2434 1606/2620/2432 1602/2614/2427 1601/2617/2429
f 1600/2623/2435 1553/2569/2386 1552/2622/2434 1601/2617/2429
f 1545/2562/2379 1548/2565/2382 1553/2569/2386 1600/2623/2435
f 1608/2624/2436 1609/2625/2437 1610/2626/2438 1611/2627/2439
f 1607/2621/2433 1608/2624/2436 1611/2627/2439 1605/2619/2431
f 1612/2628/2440 1613/2629/2441 1609/2625/2437 1608/2624/2436
f 1614/2630/2442 1612/2628/2440 1608/2624/2436 1607/2621/2433
f 1607/2621/2433 1606/2620/2432 1615/2631/2443 1614/2630/2442
f 1616/2632/2444 1617/1053/1000 1613/2629/2441 1612/2628/2440
f 1616/2632/2444 1612/2628/2440 1614/2630/2442 1618/2633/2445
f 1619/2634/2446 1618/2633/2445 1614/2630/2442 1615/2631/2443
f 1620/2635/2447 1621/1054/1001 1617/1053/1000 1616/2632/2444
f 1620/2635/2447 1616/2632/2444 1618/2633/2445 1622/2636/2448
f 1619/2634/2446 1623/2637/2449 1622/2636/2448 1618/2633/2445
f 1624/2638/2450 1625/2547/2365 1621/1054/1001 1620/2635/2447
f 1626/2639/2451 1624/2638/2450 1620/2635/2447 1622/2636/2448
f 1622/2636/2448 1623/2637/2449 1627/2640/2452 1626/2639/2451
f 1623/2637/2449 1558/1823/1711 1562/1822/1710 1627/2640/2452
f 1628/2641/2453 1629/2642/2454 1625/2547/2365 1624/2638/2450
f 2876/1978/1850 2463/2643/2455 2464/2644/2456 2846/2645/2457 2844/2646/2458 2841/2647/2459 2462/2648/2460 2877/1979/1851
f 1631/2649/2461 1632/2650/2462 1628/2641/2453 1630/2651/2463
f 1632/2650/2462 1633/2652/2464 1629/2642/2454 1628/2641/2453
f 1634/2653/2465 1566/2578/2393 1570/2582/2397 1635/2654/2466
f 1630/2651/2463 1634/2653/2465 1635/2654/2466 1631/2649/2461
f 1627/2640/2452 1562/1822/1710 1566/2578/2393 1634/2653/2465
f 1636/2655/2467 1637/2656/2468 1633/2652/2464 1632/2650/2462
f 1638/2657/2469 1636/2655/2467 1632/2650/2462 1631/2649/2461
f 1631/2649/2461 1635/2654/2466 1639/2658/2470 1638/2657/2469
f 1635/2654/2466 1570/2582/2397 1576/2588/2403 1639/2658/2470
f 1640/2659/2471 1641/2660/2472 1637/2656/2468 1636/2655/2467
f 1642/2661/2473 1640/2659/2471 1636/2655/2467 1638/2657/2469
f 1643/2662/2474 1644/2663/2475 1640/2659/2471 1642/2661/2473
f 1644/2663/2475 1645/2664/2476 1641/2660/2472 1640/2659/2471
f 1646/2665/2477 1589/2601/2416 1591/2603/2418 1647/2666/2478
f 1642/2661/2473 1646/2665/2477 1647/2666/2478 1643/2662/2474
f 1638/2657/2469 1639/2658/2470 1646/2665/2477 1642/2661/2473
f 1639/2658/2470 1576/2588/2403 1589/2601/2416 1646/2665/2477
f 1648/2667/2479 1649/2668/2480 1645/2664/2476 1644/2663/2475
f 1650/2669/2481 1648/2667/2479 1644/2663/2475 1643/2662/2474
f 1604/2670/2430 1651/2671/2482 1648/2667/2479 1650/2669/2481
f 1651/2671/2482 1652/2672/2483 1649/2668/2480 1648/2667/2479
f 1603/2673/2428 1604/2670/2430 1650/2669/2481 1653/2674/2484
f 1653/2674/2484 1650/2669/2481 1643/2662/2474 1647/2666/2478
f 1591/2603/2418 1595/2607/2422 1653/2674/2484 1647/2666/2478
f 1595/2607/2422 1594/2606/2421 1603/2673/2428 1653/2674/2484
f 1654/2675/2485 1645/2664/2476 1649/2668/2480 1655/2676/2486
f 1655/2676/2486 1649/2668/2480 1652/2672/2483 1656/2677/2487
f 3019/2678/2488 3015/2679/2489 3016/2680/2490 3716/2681/2491
f 3716/2681/2491 3016/2680/2490 3017/2682/2492 3712/2683/2493
f 1610/2626/2438 1657/2684/2494 1656/2685/2487 1652/2686/2483
f 1652/2686/2483 1651/2687/2482 1611/2627/2439 1610/2626/2438
f 1651/2687/2482 1604/2618/2430 1605/2619/2431 1611/2627/2439
f 1660/2688/2495 1661/2689/2496 1658/2690/2497 1659/2691/2498
f 1466/2445/2268 1660/2688/2495 1659/2691/2498 1469/2451/2274
f 2519/2692/2499 2520/2693/2500 2516/2694/2501 2517/2695/2502 2474/2696/2503 2518/2697/2504
f 1657/2684/2494 1610/2626/2438 1609/2625/2437 1662/2698/2505
f 1663/2699/2506 1664/2700/1282 1661/2689/2496 1660/2688/2495
f 1660/2688/2495 1466/2445/2268 1465/2444/2267 1663/2699/2506
f 1665/1841/1726 1666/2701/1278 1664/2700/1282 1663/2699/2506
f 1663/2699/2506 1465/2444/2267 1667/1842/1727 1665/1841/1726
f 3529/2702/2507 3030/2703/2508 3028/2704/2509 3027/2705/2510 3029/2706/2511 3530/2707/2512
f 1667/1842/1727 1670/632/594 1671/2708/244 1668/2709/243
f 1465/2444/2267 1463/633/595 1670/632/594 1667/1842/1727
f 1670/632/594 1672/631/593 1673/690/649 1671/2708/244
f 1358/629/591 1305/634/596 1304/2710/1929
f 1675/1207/1148 1676/268/245 1671/267/244 1673/2059/649
f 107/2711/1434 106/1518/1433 119/188/168 117/187/160
f 1357/2060/648 1356/2302/2147 1678/810/765 1677/2061/1925
f 1424/2712/2513 1420/2377/2216 1109/2713/2514 1821/2714/2515 1819/2715/2516 1817/2716/2517
f 1681/2717/2518 1680/811/766 1678/810/765 1356/2302/2147
f 1682/2718/2519 1679/806/761 1680/811/766 1683/2719/2520
f 1682/2718/2519 1167/2720/2521 1147/807/762 1679/806/761
f 1681/2717/2518 1684/2721/2522 1683/2719/2520 1680/811/766
f 1255/2722/2034 1254/2723/2033 1684/2721/2522 1685/2724/2523
f 1684/2721/2522 1681/2717/2518 1686/2725/2524 1685/2724/2523
f 1254/2723/2033 1687/2726/2525 1683/2719/2520 1684/2721/2522
f 1688/2727/2526 1682/2718/2519 1683/2719/2520 1687/2726/2525
f 1689/2728/548 1167/2720/2521 1682/2718/2519 1688/2727/2526
f 1687/2729/2525 1254/2180/2033 1258/2184/2037 1688/2730/2526
f 2967/2731/2527 2976/2572/2389 2914/2571/2388 2915/2732/2528 2916/2733/2529
f 1690/578/547 1691/577/546 1694/265/242 1692/264/241 1937/659/618
f 3840/1588/1497 3835/1587/1496 3834/2734/2530 3833/2735/2531 3821/2736/2532 3822/2737/2533 3823/2217/2070 3928/2216/2069 3940/2738/2534 3824/2739/2535
f 1696/166/147 1238/262/239 1237/2165/2021 1697/167/148
f 3270/2740/2536 3269/2741/2537 3056/2742/2538 3057/2743/2539 3054/2744/2540
f 1698/168/149 1699/2745/2541 1700/1664/1570 1701/169/150
f 1343/2746/2542 1346/2747/2543 1344/2748/2544 1898/2749/2545 1895/2750/2546 1345/2751/2547 1342/2752/2548
f 1697/167/148 1237/2165/2021 1699/2745/2541 1698/168/149
f 1723/931/882 1724/2753/2549 1727/2754/2550 1911/2755/2551 1909/2756/2552 1907/2757/2553 1914/2758/2554 1913/2759/2555 1910/927/878
f 1702/2760/2556 1263/2761/2557 1704/2762/2558 1705/2763/2559
f 1427/695/654 1376/2317/2161 1354/2300/2145 1100/696/655
f 270/444/421 211/914/866 215/913/865 272/445/422
f 1263/2761/2557 1262/2764/2560 1706/2765/2561 1704/2762/2558
f 1706/2765/2561 1262/2764/2560 1708/2766/2562 1709/2767/2563
f 1709/2767/2563 1710/2521/2340 1707/2525/2344 1706/2765/2561
f 1236/2164/2020 1711/2768/2564 1712/2769/2565 1261/2770/2566
f 5143/293/2567 5146/292/2568 5145/291/2569 5144/290/2570 5138/295/2571 5142/294/2572
f 1235/261/238 1714/2771/2573 1711/2768/2564 1236/2164/2020
f 1715/2772/2574 1711/2768/2564 1716/2773/2575 1717/2774/2576
f 1717/2774/2576 1716/2773/2575 1256/2182/2035 1718/2775/2577
f 1717/2774/2576 1718/2775/2577 1480/2776/2578 1715/2772/2574
f 1257/2183/2036 1256/2182/2035 1716/2773/2575 1719/2777/2579
f 1714/2771/2573 1719/2777/2579 1716/2773/2575 1711/2768/2564
f 1720/2778/2580 1721/2779/2581 1260/576/545 1259/2185/2038
f 1720/2778/2580 1259/2185/2038 1257/2183/2036 1719/2777/2579
f 1719/2777/2579 1714/2771/2573 1721/2779/2581 1720/2778/2580
f 1260/576/545 1721/2779/2581 1694/265/242 1691/577/546
f 1714/2771/2573 1235/261/238 1694/265/242 1721/2779/2581
f 4293/877/2582 4289/876/2583 4290/875/2584 4278/874/2585 4277/884/2586 4276/883/2587 4274/882/2588 4273/881/2589 4301/880/2590 4296/879/2591 4294/878/2592
f 1479/2460/2283 1340/2287/2134 1339/2286/2133 1713/2780/2593
f 1339/2286/2133 1338/928/879 1708/2766/2562 1262/2764/2560
f 2397/2781/2594 2398/2782/2595 2401/2783/2596 2399/2784/2597 2396/2785/2598
f 1479/2786/2283 1725/2787/2599 1724/2753/2549 1340/2788/2134
f 1726/2789/2600 1727/2754/2550 1724/2753/2549 1725/2787/2599
f 1725/2787/2599 1728/2790/2601 1729/2791/2602 1726/2789/2600
f 1728/2790/2601 1182/2792/2603 1730/2793/2604 1729/2791/2602
f 1477/2794/2282 1728/2790/2601 1725/2787/2599 1479/2786/2283
f 1477/2794/2282 1183/2795/2605 1182/2792/2603 1728/2790/2601
f 1731/2796/2606 1335/2797/2607 1726/2789/2600 1729/2791/2602
f 1732/2798/2608 1731/2796/2606 1729/2791/2602 1730/2793/2604
f 1733/2799/2609 1302/2068/1931 1732/2798/2608 1730/2793/2604
f 1734/2800/2610 1303/2063/1927 1302/2068/1931 1733/2799/2609
f 1733/2799/2609 1184/2801/2611 1735/2802/2612 1734/2800/2610
f 1736/2803/2613 1737/2804/2614 1734/2800/2610 1735/2802/2612
f 1685/2724/2523 1686/2725/2524 1737/2804/2614 1736/2803/2613
f 1736/2803/2613 1738/2805/2615 1255/2722/2034 1685/2724/2523
f 1735/2802/2612 1481/2806/2616 1738/2805/2615 1736/2803/2613
f 1184/2801/2611 1183/2795/2605 1481/2806/2616 1735/2802/2612
f 706/1363/1287 708/1362/1286 466/950/900 469/132/115 746/131/114 745/130/113 607/814/769 605/2807/2617 535/1335/1259 536/1334/1258 534/2808/2618 678/2809/2619 680/2810/2620 522/2811/2621 520/2812/2622 704/2813/2623 703/2814/2624 5490/2815/2625
f 562/1095/1042 565/1098/1045 564/1097/1044 566/1111/1058 567/1466/1385 544/1465/1384 558/2816/2626 555/2817/2627 554/1089/1036
f 1302/2068/1931 1301/2067/1930 1739/2818/2628 1732/2798/2608
f 1301/2067/1930 1057/1973/1845 1060/1975/1847 1739/2818/2628
f 3288/1454/1373 3104/2819/2629 3103/2820/2630 2707/2277/2124 2706/2276/2123
f 1739/2818/2628 1060/1975/1847 1741/2821/2631 1740/2822/2632
f 1285/2823/2633 1741/2821/2631 1060/1975/1847 1059/1974/1846
f 3287/1453/1372 2663/2222/2075 3104/2819/2629 3288/1454/1373
f 1286/2824/2634 1059/1974/1846 1062/1976/1848 1742/2825/2635
f 3107/2826/2636 2459/2827/2637 2455/2828/2638 2454/2829/2639 3105/2830/2640 3106/2831/2641
f 1745/2832/2642 1744/2833/2643 1064/1105/1052 1066/1982/1854
f 1746/2834/2644 1745/2832/2642 1066/1982/1854 1747/2835/2645
f 1055/1971/1844 1049/1965/1841 1748/2836/2646 1747/2835/2645
f 1066/1982/1854 1065/1103/1050 1055/1971/1844 1747/2835/2645
f 1748/2836/2646 1049/1965/1841 1048/469/444 1750/474/449
f 1752/2837/2647 1753/2838/2648 1751/2839/2649 1750/474/449
f 1754/473/448 1755/2840/2650 1753/2838/2648 1752/2837/2647
f 1754/473/448 1752/2837/2647 1750/474/449
f 3439/1119/1066 1888/2841/2651 1887/1074/1021 3440/2842/2652
f 3388/2843/2653 3350/2844/2654 3352/2845/2655 3353/2846/2656 3356/2847/2657
f 1760/2848/2658 1115/2025/1895 1118/2028/1898 1761/2849/2659
f 4286/2850/2660 4287/2851/2661 4292/2852/2662 4308/2853/2663 4288/2854/2664 4285/2855/2665 4282/2856/2666 4284/2857/2667
f 1756/2858/2668 1760/2848/2658 1761/2849/2659 1759/2859/2669 1758/2860/2670 1757/2861/2671
f 1762/472/447 1119/2029/1899 1115/2025/1895 1760/2848/2658
f 269/2862/2672 588/1135/1082 540/2863/2673 212/2864/2674
f 1052/471/446 1054/2865/1843 1119/2029/1899 1762/472/447
f 1280/821/776 1763/820/775 1758/2860/2670 1759/2859/2669
f 2541/709/668 2675/708/667 2739/2866/2675 2557/2867/2676 2558/2868/2677 2555/2869/2678
f 4136/2870/2679 4137/2871/2680 4130/2872/2681 4181/2873/2682
f 1769/2874/2683 1766/2875/2684 1768/2876/2685 1755/2840/2650
f 1763/820/775 1765/819/774 1766/2875/2684 1769/2874/2683
f 1765/819/774 1764/823/778 1767/2877/2686 1766/2875/2684
f 1770/2878/2687 1753/2838/2648 1755/2840/2650 1768/2876/2685
f 1773/2879/2688 1751/2839/2649 1753/2838/2648 1770/2878/2687
f 1773/2879/2688 1772/2880/2689 1774/2881/2690 1775/2882/2691
f 1751/2839/2649 1773/2879/2688 1775/2882/2691 1749/2883/2692
f 1775/2882/2691 1774/2881/2690 1776/2884/2693 1777/2885/2694
f 1775/2882/2691 1777/2885/2694 1746/2834/2644 1749/2883/2692
f 1778/2886/2695 1774/2881/2690 1772/2880/2689 1779/2887/2696
f 415/768/723 329/546/515 209/344/321 161/315/292 331/2398/2233 411/2397/2232 413/777/732 414/773/728
f 1771/2888/2697 1780/2889/2698 1779/2887/2696 1772/2880/2689
f 1383/2319/2163 1381/2318/2162 1389/2890/2699 1388/2891/2700 1783/2892/2701 1776/2884/2693 1774/2881/2690 1778/2886/2695 1779/2887/2696
f 1754/473/448 1762/472/447 1760/2848/2658 1756/2858/2668
f 1776/2884/2693 1783/2892/2701 1784/2893/2702 1785/2894/2703
f 650/1233/1170 658/2895/2704 507/2896/2705 508/991/938 506/990/937 652/1238/1175 651/1234/1171
f 1777/2885/2694 1786/2897/2706 1745/2832/2642 1746/2834/2644
f 1785/2894/2703 1786/2897/2706 1777/2885/2694 1776/2884/2693
f 1787/2898/2707 1788/2899/2708 1743/2900/2709 1744/2833/2643
f 1786/2897/2706 1787/2898/2707 1744/2833/2643 1745/2832/2642
f 1785/2894/2703 1789/2901/2710 1787/2898/2707 1786/2897/2706
f 1789/2901/2710 1790/2902/2711 1788/2899/2708 1787/2898/2707
f 1788/2899/2708 1791/2903/2712 1742/2825/2635 1743/2900/2709
f 1790/2902/2711 1792/2904/2713 1791/2903/2712 1788/2899/2708
f 1288/2905/2714 1286/2824/2634 1742/2825/2635 1791/2903/2712
f 1792/2904/2713 1289/2278/2125 1288/2905/2714 1791/2903/2712
f 4123/2906/2715 4195/2907/2716 4196/2908/2717 4127/2909/2718 4125/687/646
f 1792/2904/2713 1793/2910/2719 1794/2279/2126 1289/2278/2125
f 1790/2902/2711 1795/2911/2720 1793/2910/2719 1792/2904/2713
f 1797/2912/2721 1789/2901/2710 1785/2894/2703 1784/2893/2702
f 1795/2911/2720 1790/2902/2711 1789/2901/2710 1797/2912/2721
f 974/1851/1736 995/1881/1765 996/1884/1768 977/1853/1738 975/1852/1737
f 1800/2913/2722 1798/2914/2723 1965/2915/2724 1793/2910/2719 1795/2911/2720 1796/2916/2725 1380/2917/2726 1379/2918/2727 1378/2919/2728 1382/2920/2729 1387/2339/2181 1386/2341/2182 3748/2921/2730 1207/2922/2731 1801/2923/2732 1799/2924/2733
f 1264/2189/2042 1271/2201/2054 1272/2364/2203 1217/2137/1993 1218/2138/1994
f 5516/1367/1290 705/1360/1284 706/1363/1287 5490/2815/2625 5491/1013/960 5515/1012/959
f 3874/2925/2734 3915/2926/2735 3870/2927/2736 3867/2928/2737 3868/2929/2738 3869/2930/2739
f 3830/2931/2740 3831/2932/2741 3826/2933/2742 3825/2934/2743 3828/1777/1673 3829/1776/1672
f 1808/2935/2744 1809/2936/2745 1805/2937/2746 1804/2938/2747
f 1810/2939/2748 1811/2940/2749 1805/2937/2746 1809/2936/2745
f 1809/2936/2745 1812/2941/2750 1813/2942/2751 1810/2939/2748
f 2583/2943/2752 2579/2944/2753 2741/2945/2754 3653/2946/2755 3652/2947/2756 3644/2948/2757
f 406/2546/2364 429/2545/2363 430/2544/2362 425/2004/1876 424/920/871 423/778/733 412/2396/2231 447/2395/2230
f 1812/2941/2750 1528/2527/2346 1527/2526/2345 1813/2942/2751
f 1814/2949/2758 1815/2950/2759 1810/2939/2748 1813/2942/2751
f 306/493/465 313/515/487 310/511/483 307/494/466
f 2200/2951/2760 2210/2952/2761 1284/2215/2068 1123/2033/1903 1122/2032/1902 2187/2953/2762
f 1822/2954/2763 1823/2955/2764 1819/2715/2516 1821/2714/2515
f 1824/2956/2765 1825/2957/2766 1823/2955/2764 1822/2954/2763
f 2145/2958/2767 1472/2959/2768 1473/2485/2308 1474/2487/2310 2148/2960/2769 2147/2961/2770 2146/2962/2771
f 1826/2963/2772 1827/2964/2773 1825/2957/2766 1824/2956/2765
f 1824/2956/2765 1113/236/216 1828/235/215 1826/2963/2772
f 1829/2965/2774 1830/2966/2775 1826/2963/2772 1828/235/215
f 1831/2967/2776 1832/2968/2777 1830/2966/2775 1829/2965/2774
f 3192/2969/2778 3194/2970/2779 2859/2971/2780 3195/2972/2781
f 3190/2973/2782 3192/2969/2778 3195/2972/2781 3196/2974/2783
f 3196/2974/2783 2498/2975/2784 2499/2976/2785 3190/2973/2782
f 1833/2977/2786 1835/2978/2787 1485/2464/2287 1484/2463/2286
f 1834/234/214 1836/2979/2788 1835/2978/2787 1833/2977/2786
f 1112/233/213 1114/2024/1894 1836/2979/2788 1834/234/214
f 1837/2980/2789 1838/2981/2790 1487/2466/2289 1486/2465/2288
f 1835/2978/2787 1837/2980/2789 1486/2465/2288 1485/2464/2287
f 2095/2982/2791 2094/2983/2792 2107/1072/1019 2105/1071/1018
f 3201/2984/2793 3202/790/745 2500/795/750 3198/2985/2794
f 1840/2986/2795 1841/2987/2796 1842/2988/2797 1839/2989/2798
f 1422/2376/2215 1423/2379/2218 1841/2987/2796 1840/2986/2795
f 1841/2987/2796 1843/2990/2799 1844/2991/2800 1842/2988/2797
f 1841/2987/2796 1423/2379/2218 1426/2992/2801 1843/2990/2799
f 1843/2990/2799 1845/346/323 1846/349/326 1844/2991/2800
f 1408/2993/2802 2232/2994/2803 2229/2995/2804 2226/1390/1310 1409/1393/1313 1406/2358/2197 1318/2260/2107
f 1843/2990/2799 1426/2992/2801 1847/2528/2347 1845/346/323
f 635/1210/1090 597/921/872 633/926/877 639/1211/1150
f 1286/2824/2634 1288/2905/2714 1287/2996/2805 1285/2823/2633 1059/1974/1846
f 3220/2997/2806 3215/2998/2807 3212/2999/2808 3213/3000/2809 3214/1981/1853
f 1850/826/781 1437/2415/2245 1439/2414/2244 1851/1224/1161
f 1853/3001/2810 1854/3002/2811 1852/1225/1162 1851/1224/1161
f 3215/2998/2807 1855/3003/2812 1854/3004/2811 3212/2999/2808
f 1855/3005/2812 1857/3006/2813 1858/3007/2814 1856/1226/1163
f 1857/3006/2813 1859/3008/2815 1860/3009/2816 1858/3007/2814
f 1859/3008/2815 1488/2467/2290 1487/2466/2289 1860/3009/2816
f 1861/3010/2817 1862/3011/2818 1858/3007/2814 1860/3009/2816
f 1842/2988/2797 1844/2991/2800 1862/3011/2818 1861/3010/2817
f 1861/3010/2817 1838/2981/2790 1839/2989/2798 1842/2988/2797
f 1860/3009/2816 1487/2466/2289 1838/2981/2790 1861/3010/2817
f 1862/3011/2818 1863/827/782 1856/1226/1163 1858/3007/2814
f 1844/2991/2800 1846/349/326 1863/827/782 1862/3011/2818
f 2431/3012/2819 2276/3013/2820 2275/3014/2821 2271/3015/2822 2270/3016/2823 2274/3017/2824
f 3194/2970/2779 1864/3018/2825 1483/3019/2285 2859/2971/2780
f 1865/3020/2826 1866/3021/2827 1867/3022/2828 1832/2968/2777
f 1866/3021/2827 1868/764/719 1869/763/718 1867/3022/2828
f 3326/3023/2829 3223/3024/2830 1870/3025/720 1868/3026/719 3222/3027/2831 3327/3028/2832
f 2655/3029/2833 2657/3030/2834 2658/3031/2835 2656/3032/2836 2653/3033/2837 2654/3034/2838
f 5210/3035/2839 5220/3036/2840 5223/3037/2841 5208/3038/2842 5209/3039/2843
f 1530/1651/1557 1074/1650/1556 1073/1985/1857 2416/1030/977 1529/1029/976
f 2065/3040/2844 2064/3041/2845 1876/3042/2846 1875/3043/2847 1877/3044/2848 2069/3045/2849
f 2403/3046/2850 2400/3047/2851 1654/2675/2485 1655/2676/2486
f 90/150/131 67/100/83 87/124/107 89/126/109 91/149/130
f 2956/3048/2852 2955/3049/2853 2962/3050/2854 2961/3051/2855 2910/3052/2856 2958/3053/2857
f 669/1280/1213 532/3054/992 531/1274/991 665/1268/1202 664/1267/1201 667/1276/1209
f 1759/2859/2669 1761/2849/2659 1118/2028/1898 1274/2203/2056 1273/2202/2055 1280/821/776
f 3444/3055/2858 1884/703/662 1883/702/661 3446/3056/2859
f 3442/383/360 1885/3057/2860 1884/3058/662 3444/3059/2858
f 3441/382/359 1886/1073/1020 1885/3057/2860 3442/383/360
f 3440/2842/2652 1887/1074/1021 1886/1073/1020 3441/382/359
f 3061/3060/2861 3064/3061/2862 3063/3062/2863 2636/2380/2219 2614/2382/2221 3062/3063/2864
f 38/3064/2865 22/30/22 21/29/21 41/3065/2866
f 1892/3066/2867 1342/2752/2548 1345/2751/2547 1893/3067/2868
f 650/3068/1170 5512/787/742 5511/1256/1190 5510/1255/1189 658/3069/2704
f 1893/3067/2868 1345/2751/2547 1895/2750/2546 1894/3070/2869
f 1895/2750/2546 1898/2749/2545 1899/3071/2870 1896/3072/2871
f 2719/3073/2872 2721/3074/2873 1343/2746/2542 1342/2752/2548 2720/3075/2874 3233/3076/2875 3236/3077/2876
f 3438/1117/1064 3436/1121/1068 3237/2373/2212 3232/3078/2877
f 1896/3072/2871 1899/3071/2870 1901/3079/2878 1900/3080/2879
f 1899/3071/2870 1902/3081/2880 1903/3082/2881 1901/3079/2878
f 1901/3079/2878 1904/3083/2882 1905/3084/2883 1900/3080/2879
f 1901/3079/2878 1903/3082/2881 1906/3085/2884 1904/3083/2882
f 1907/2757/2553 1906/3085/2884 1903/3082/2881
f 1904/3083/2882 1906/3085/2884 1908/3086/2885
f 1906/3085/2884 1907/2757/2553 1909/2756/2552 1908/3086/2885
f 1909/2756/2552 1911/2755/2551 1912/3087/2886 1908/3086/2885
f 1911/2755/2551 1727/2754/2550 1336/3088/2887 1912/3087/2886
f 2257/3089/2888 1195/3090/1974 2327/3091/2889 2289/3092/2190 1403/3093/2189
f 1727/2754/2550 1726/2789/2600 1335/2797/2607 1336/3088/2887
f 3089/3094/2890 3086/3095/2891 3087/2289/2136 3246/2288/2135 3249/2141/1997 3250/3096/2892 3243/3097/2893 3245/3098/2894 3247/3099/2895
f 1915/3100/2896 1916/2522/2341 1913/2759/2555 1914/2758/2554
f 1917/3101/2897 1918/2523/2342 1916/2522/2341 1915/3100/2896
f 1915/3100/2896 1919/3102/2898 1920/3103/2899 1917/3101/2897
f 1914/2758/2554 1902/3081/2880 1919/3102/2898 1915/3100/2896
f 1903/3082/2881 1902/3081/2880 1914/2758/2554 1907/2757/2553
f 1924/3104/2900 1925/3105/2901 1923/3106/2902 1922/3107/2903
f 1898/2749/2545 1344/2748/2544 1346/2747/2543 1926/312/289 1927/311/288 1924/3104/2900 1922/3107/2903 1920/3103/2899 1919/3102/2898 1902/3081/2880 1899/3071/2870
f 1492/2470/2293 1194/2112/1972 1924/3104/2900 1927/311/288
f 1927/311/288 1928/310/287 1493/2196/2049 1492/2470/2293
f 1343/2746/2542 1929/307/284 1926/312/289 1346/2747/2543
f 1194/2112/1972 1191/2110/1970 1925/3105/2901 1924/3104/2900
f 1191/2110/1970 1190/1663/1569 1930/1662/1568 1925/3105/2901
f 1923/3106/2902 1931/3108/2904 1932/3109/2905 1921/3110/2906
f 1925/3105/2901 1930/1662/1568 1931/3108/2904 1923/3106/2902
f 1854/3002/2811 1855/3005/2812 1856/1226/1163 1852/1225/1162
f 1705/2763/2559 1931/3108/2904 1930/1662/1568 1703/1665/1571 1702/2760/2556
f 1918/2523/2342 1917/3101/2897 1921/3110/2906 1932/3109/2905
f 2922/3111/2907 2926/3112/2908 2924/3113/2909 2925/3114/2910 2927/3115/2911 2923/1440/1360 2921/1439/1359 2920/1444/1364
f 2571/3116/2912 3264/3117/2913 3064/3061/2862 3061/3060/2861
f 3354/3118/2914 3456/1608/1516 3355/1607/1515 3353/2846/2656 3352/2845/2655
f 3268/3119/2915 2572/3120/2916 2571/3116/2912 3061/3060/2861 3060/3121/2917
f 1192/164/145 1935/3122/2918 1695/3123/146
f 1162/2076/1939 1164/3124/2919 1690/3125/547 1937/3126/618
f 1165/2077/1940 1162/2076/1939 1937/3126/618 1936/3127/617
f 1935/3122/2918 1938/3128/2920 1165/2077/1940 1936/3127/617
f 1192/164/145 1185/2111/1971 1938/3128/2920 1935/3122/2918
f 1939/3129/2921 1905/3084/2883 1904/3083/2882 1908/3086/2885
f 1908/3086/2885 1912/3087/2886 1940/2367/2206 1939/3129/2921
f 1912/3087/2886 1336/3088/2887 1331/2368/2207 1940/2367/2206
f 1944/3130/2922 2041/3131/2923 2099/3132/2924 1946/3133/2925 1945/3134/2926 1942/3135/2927
f 3906/3136/2928 3939/3137/2929 3901/3138/2930 3902/3139/2931 3903/3140/2932
f 1949/3141/2933 1950/3142/2934 1951/3143/2935 1948/3144/2936
f 1147/807/762 1167/2720/2521 1164/3124/2919 1162/2076/1939 1163/2079/1942 1148/808/763
f 1952/3145/2937 1292/2228/2081 1955/3146/2938 1950/3142/2934
f 1953/3147/2939 1293/2229/2082 1292/2228/2081 1952/3145/2937
f 3446/3056/2859 1883/702/661 1882/3148/2940 3448/3149/2941
f 1291/2227/2080 1294/2230/2083 1287/2996/2805 1288/2905/2714 1289/2278/2125 1290/2281/2128 1956/3150/2942 1951/3143/2935 1950/3142/2934 1955/3146/2938 1957/3151/2943
f 1957/3151/2943 1955/3146/2938 1292/2228/2081 1291/2227/2080
f 519/3152/2944 518/3153/2945 5493/786/741 5492/785/740 520/2812/2622
f 1960/2280/2127 1958/3154/2946 1956/3150/2942 1290/2281/2128
f 2471/1751/1649 2878/1750/1648 2879/3155/2947 2880/1980/1852 2877/1979/1851 2462/2648/2460
f 2122/531/503 1968/530/502 1971/861/815 1972/860/814
f 2666/3156/2948 3292/1340/1264 3153/1339/1263 2667/3157/2949
f 4629/3158/2950 4652/3159/2951 4653/3160/2952 4650/3161/2953 4615/3162/2954
f 3757/3163/2955 3774/3164/2956 3773/3165/2957 3772/3166/2958
f 922/1771/1667 923/1772/1668 941/1801/1686 944/1800/1694 918/1770/1666 917/1769/1665
f 3303/1609/1517 3305/858/812 3304/857/811 3302/2149/2005
f 5448/1065/1012 5460/1064/1011 5459/3167/2959 5483/3168/2960 5484/3169/2961 5449/3170/2962 5447/3171/2963 5446/3172/2964
f 2186/1351/1275 2184/3173/2965 2183/3174/2966 2187/2953/2762 1122/2032/1902
f 3456/1608/1516 3306/3175/2967 3305/858/812 3303/1609/1517
f 3307/3176/2968 3167/853/807 3305/858/812 3306/3175/2967
f 3306/3175/2967 3458/3177/2969 3308/3178/2970 3309/3179/2971 3307/3176/2968
f 1973/859/813 1811/2940/2749 1976/3180/2972 1974/1436/1356
f 1806/862/816 1805/2937/2746 1811/2940/2749 1973/859/813
f 1977/3181/2973 1978/3182/2974 1974/1436/1356 1976/3180/2972
f 1976/3180/2972 1815/2950/2759 1816/3183/2975 1977/3181/2973
f 1811/2940/2749 1810/2939/2748 1815/2950/2759 1976/3180/2972
f 1979/3184/2976 1980/3185/2977 1978/3182/2974 1977/3181/2973
f 1977/3181/2973 1816/3183/2975 1818/3186/2978 1979/3184/2976
f 1981/3187/2979 1982/3188/2980 1980/3185/2977 1979/3184/2976
f 1983/3189/2981 1984/3190/2982 1982/3188/2980 1981/3187/2979
f 3316/3191/2983 3318/3192/2984 3181/3193/2985 3179/3194/2986 3314/3195/2987
f 1985/3196/2988 1986/3197/2989 1984/3190/2982 1983/3189/2981
f 1983/3189/2981 1820/3198/2990 1987/3199/2991 1985/3196/2988
f 1988/3200/2992 1989/3201/2993 1985/3196/2988 1987/3199/2991
f 1987/3199/2991 1823/2955/2764 1825/2957/2766 1988/3200/2992
f 1820/3198/2990 1819/2715/2516 1823/2955/2764 1987/3199/2991
f 1990/3202/2994 1991/3203/2995 1989/3201/2993 1988/3200/2992
f 1988/3200/2992 1825/2957/2766 1827/2964/2773 1990/3202/2994
f 1992/762/717 1993/761/716 1991/3203/2995 1990/3202/2994
f 1992/762/717 1994/3204/2996 1867/3022/2828 1869/763/718
f 1990/3202/2994 1827/2964/2773 1994/3204/2996 1992/762/717
f 1993/761/716 1995/3205/2997 1996/3206/2998 1991/3203/2995
f 1871/760/715 1872/3207/2999 1995/3205/2997 1993/761/716
f 1991/3203/2995 1996/3206/2998 1997/3208/3000 1989/3201/2993
f 1996/3209/2998 1998/3210/3001 1999/3211/3002 1997/3212/3000
f 1986/3197/2989 1985/3196/2988 1989/3201/2993 1997/3208/3000
f 1997/3212/3000 1999/3211/3002 2000/3213/3003 1986/3214/2989
f 1999/3211/3002 2001/3215/3004 2002/3216/3005 2000/3213/3003
f 2001/3215/3004 2003/3217/3006 2004/3218/3007 2002/3216/3005
f 2005/3219/3008 1984/3190/2982 1986/3197/2989 2000/3220/3003
f 2002/3221/3005 2004/3222/3007 2006/3223/3009 2007/3224/3010
f 2000/3220/3003 2002/3221/3005 2007/3224/3010 2005/3219/3008
f 2004/3222/3007 2008/3225/3011 2009/1320/1244 2006/3223/3009
f 2010/3226/3012 2011/3227/3013 2005/3219/3008 2007/3224/3010
f 2012/3228/3014 2010/3226/3012 2007/3224/3010 2006/3223/3009
f 2013/3229/3015 2014/3230/3016 2010/3226/3012 2012/3228/3014
f 2014/3230/3016 2015/3231/3017 2011/3227/3013 2010/3226/3012
f 3239/3232/3018 3240/3233/3019 3235/3234/3020 3238/3235/3021 3242/3236/3022 3244/3237/3023 3245/3098/2894 3243/3097/2893
f 4195/2907/2716 4123/2906/2715 4124/3238/3024 4203/3239/3025 4202/3240/3026
f 2017/373/350 2018/3241/3027 2013/3229/3015 2016/374/351
f 2021/532/504 2122/531/503 2020/3242/3028 2017/373/350 2019/372/349
f 3374/3243/3029 2711/2285/2132 2710/2284/2131 3278/3244/3030 3375/3245/3031
f 4296/879/2591 4301/880/2590 4302/3246/3032 4297/3247/3033 4298/3248/3034
f 5492/785/740 5491/1013/960 704/2813/2623 520/2812/2622
f 3303/1609/1517 3302/2149/2005 3359/908/860 3358/907/859 3357/1610/1518
f 2599/1911/1790 2641/1910/1789 2642/3249/3035 2639/3250/3036 2640/3251/3037 3494/3252/3038
f 2033/2155/2011 2027/2154/2010 2026/3253/3039 2028/527/499 2029/3254/3040 2034/3255/3041 2032/3256/3042
f 2363/284/261 1413/283/260 1412/2366/2205 2359/666/625 2353/665/624
f 2472/1752/1650 2470/362/339 2887/361/338 2885/999/946 2884/998/945
f 3489/3257/363 2815/3258/362 2596/3259/3043 2591/3260/3044 2601/508/480 3490/507/479 2159/3261/3045 2160/3262/3046 1220/2140/1996 1214/2132/1990 1215/3263/1991 1443/3264/2279 2158/3265/3047 2157/3266/3048
f 276/3267/425 278/2420/427 320/770/725 318/518/490 317/517/489 274/3268/423
f 1964/3269/3049 1963/3270/3050 2121/3271/3051 1966/3272/3052 1967/3273/3053 2027/2154/2010 2031/2153/2009 2030/2152/2008 2036/2151/2007 2035/2150/2006 1962/2158/2014 2037/2157/2013 2039/3274/3054 1961/3275/3055 1959/3276/3056 1958/3154/2946 1960/2280/2127
f 3374/3243/3029 3375/3245/3031 3376/3277/3057 3377/3278/3058 3378/3279/3059
f 3374/3243/3029 3378/3279/3059 3367/3280/3060 3366/1501/1416 3373/1508/1423 3281/3281/3061 3282/3282/3062 3283/1455/1374 3288/1454/1373 2706/2276/2123 2709/2275/2122 2711/2285/2132
f 2045/3283/3063 2046/3284/3064 2044/3285/3065 2043/3286/3066
f 2047/3287/3067 2048/3288/3068 2046/3284/3064 2045/3283/3063
f 2049/526/498 2021/532/504 2019/372/349 2022/376/353 2050/3289/3069 2047/3287/3067
f 3356/2847/2657 3385/3290/3070 3384/342/319 3388/2843/2653
f 1478/2458/2281 1722/3291/3071 1183/3292/2605 1477/2459/2282
f 3386/341/318 3412/3293/572 3389/3294/962 3387/3295/3072
f 4224/3296/3073 4225/3297/3074 4226/3298/3075 4227/2453/2276 4219/2452/2275 4218/3299/3076 4220/3300/3077
f 3392/3301/3078 3394/3302/3079 3343/3303/3080 3390/1014/961 3391/1018/965
f 448/932/883 509/992/939 497/982/930 496/984/931 449/933/884
f 3988/3304/3081 4024/3305/3082 3983/3306/3083 3982/3307/3084 3985/3308/3085 3986/3309/3086
f 2061/3310/3087 2062/647/606 2057/651/610 2060/3311/3088
f 2060/3311/3088 2003/3217/3006 2063/3312/3089 2061/3310/3087
f 2008/3313/3011 2004/3218/3007 2003/3217/3006 2060/3311/3088
f 2064/3041/2845 2065/3040/2844 2061/3310/3087 2063/3312/3089
f 2066/3314/3090 2067/3315/3091 1873/3316/3092 1874/3317/3093
f 2064/3041/2845 2066/3314/3090 1874/3317/3093 1876/3042/2846
f 2063/3312/3089 2068/3318/3094 2066/3314/3090 2064/3041/2845
f 2068/3318/3094 1998/3210/3001 2067/3315/3091 2066/3314/3090
f 2003/3217/3006 2001/3215/3004 2068/3318/3094 2063/3312/3089
f 2001/3215/3004 1999/3211/3002 1998/3210/3001 2068/3318/3094
f 380/645/295 386/671/630 385/672/631 372/675/634 373/646/605
f 1877/3044/2848 1878/1316/1240 2070/1552/1466 2069/3045/2849
f 3395/3319/3095 3392/3301/3078 3391/1018/965 3393/1017/964 3404/1641/1547
f 3406/1643/1549 3407/1318/1242 3405/1317/1241 3404/1641/1547
f 2070/1552/1466 2072/1551/1465 2073/3320/3096 2071/648/607
f 2073/3320/3096 2076/3321/3097 2077/3322/3098 2074/3323/3099
f 3412/606/572 3410/605/571 3409/1642/1548 3408/1016/963 3389/1015/962
f 290/479/454 289/468/443 227/467/442 230/1094/1041 234/475/450 291/476/451
f 2791/2374/2213 2790/995/942 2886/994/941 2890/3324/3100 3173/3325/3101 3177/3326/3102
f 2080/3327/3103 2081/3328/3104 2082/3329/3105 2083/3330/3106
f 520/2812/2622 522/2811/2621 680/2810/2620 678/2809/2619 534/2808/2618 536/1334/1258 679/848/802 677/847/801 500/846/800 499/986/933 675/1291/1220 521/1290/1219 516/1289/1218 519/3152/2944
f 2083/3330/3106 2085/3331/3107 2084/3332/3108 2080/3327/3103
f 2085/3331/3107 2046/3284/3064 2048/3288/3068 2084/3332/3108
f 2086/3333/3109 2087/3334/3110 2088/3335/3111 2082/3336/3105
f 2081/3337/3104 2089/3338/3112 2086/3333/3109 2082/3336/3105
f 2088/3339/3111 2090/3340/3113 2083/3330/3106 2082/3329/3105
f 3425/3341/3114 3432/3342/3115 3427/3343/3116 3426/3344/3117 3420/3345/3118 3424/3346/3119
f 5415/3347/3120 5416/743/698 5417/747/702 5395/1404/1324 5391/1403/1323 5414/3348/3121
f 2074/3323/3099 2077/3322/3098 2078/3349/1100 2055/1474/1099 2075/1476/1394
f 2093/3350/3122 2094/2983/2792 2095/2982/2791 2096/3351/3123
f 2091/3352/3124 2097/3353/3125 2094/2983/2792 2093/3350/3122
f 2088/3339/3111 2087/3354/3110 2097/3353/3125 2091/3352/3124
f 2096/3351/3123 2099/3132/2924 2098/3355/3126 2093/3350/3122
f 3733/3356/3127 3734/3357/3128 2846/2645/2457 2464/2644/2456 2553/3358/3129
f 2477/3359/3130 2476/3360/3131 2685/3361/3132 2687/3362/3133 3735/3363/3134
f 3376/3277/3057 3375/3245/3031 3433/3364/3135 3432/3342/3115 3425/3341/3114
f 2100/3365/3136 2103/3366/3137 2102/3367/3138 2101/3368/3139
f 2096/3351/3123 2095/2982/2791 2103/3366/3137 2100/3365/3136
f 3424/3346/3119 3416/3369/3140 3419/3370/3141 3379/3371/3142 3377/3278/3058
f 1558/1823/1711 1623/2637/2449 1619/2634/2446 1554/1888/1772 1557/1824/1712
f 2651/1914/1793 2788/1913/1792 2598/1912/1791 2558/2868/2677 2557/2867/2676 2786/1485/1401 2785/1484/1400 2781/3372/3143
f 2109/3373/3144 2111/3374/3145 2110/3375/659 2108/3376/3146
f 2097/3353/3125 2087/3354/3110 2111/3374/3145 2109/3373/3144
f 2111/3377/3145 2113/3378/3147 2112/701/660 2110/700/659
f 2087/3334/3110 2086/3333/3109 2113/3378/3147 2111/3377/3145
f 2113/3378/3147 2116/3379/3148 2114/3380/3149 2112/701/660
f 2116/3379/3148 2117/3381/3150 2115/2517/2336 2114/3380/3149
f 2086/3333/3109 2089/3338/3112 2116/3379/3148 2113/3378/3147
f 2089/3338/3112 2079/3382/3151 2117/3381/3150 2116/3379/3148
f 2117/3381/3150 2076/3321/3097 2118/2518/2337 2115/2517/2336
f 2079/3382/3151 2077/3322/3098 2076/3321/3097 2117/3381/3150
f 1897/3383/3152 1894/3070/2869 1895/2750/2546 1896/3072/2871 2104/3384/3153 2119/3385/3154 1889/3386/3155 1891/3387/3156
f 2076/3321/3097 2073/3320/3096 2072/1551/1465 2118/2518/2337
f 2120/3388/3157 1947/3389/3158 1948/3144/2936 1951/3143/2935
f 2120/3388/3157 1959/3276/3056 1961/3275/3055 2039/3274/3054
f 2034/3255/3041 2029/3254/3040 2028/527/499 2049/526/498
f 261/424/401 263/432/409 313/515/487 306/493/465
f 3600/3390/3159 3599/3391/3160 2743/3392/3161 2742/3393/3162 3593/3394/3163 3594/3395/3164 3596/3396/3165 3601/3397/3166
f 2017/373/350 2020/3242/3028 2123/3398/3167 2018/3241/3027
f 2124/1438/1358 1975/1437/1357 2125/3399/3168 2126/3400/3169
f 2123/3398/3167 2124/1438/1358 2126/3400/3169 2018/3241/3027
f 2015/3231/3017 2014/3230/3016 2126/3400/3169 2125/3399/3168
f 2014/3230/3016 2013/3229/3015 2018/3241/3027 2126/3400/3169
f 2125/3399/3168 1978/3182/2974 1980/3185/2977 2015/3231/3017
f 1975/1437/1357 1974/1436/1356 1978/3182/2974 2125/3399/3168
f 2011/3227/3013 1982/3188/2980 1984/3190/2982 2005/3219/3008
f 2015/3231/3017 1980/3185/2977 1982/3188/2980 2011/3227/3013
f 2067/3315/3091 1995/3401/2997 1872/3402/2999 1873/3316/3092
f 1998/3210/3001 1996/3209/2998 1995/3401/2997 2067/3315/3091
f 2687/3403/3133 3734/3357/3128 3733/3356/3127 3735/3404/3134
f 1994/3204/2996 1830/2966/2775 1832/2968/2777 1867/3022/2828
f 1827/2964/2773 1826/2963/2772 1830/2966/2775 1994/3204/2996
f 1756/2858/2668 1769/2874/2683 1755/2840/2650 1754/473/448
f 1757/2861/2671 1763/820/775 1769/2874/2683 1756/2858/2668
f 4884/3405/3170 4910/3406/3171 4911/3407/3172 4912/3408/3173 4916/3409/3174 4918/3410/3175 4883/3411/3176 4882/3412/3177 4881/3413/3178 4853/3414/3179 4850/3415/3180 4909/3416/3181
f 1767/2877/2686 1764/823/778 2128/3417/3182 2127/3418/3183
f 1757/2861/2671 1758/2860/2670 1763/820/775
f 1875/3043/2847 3227/3419/3184 3399/3420/3185 3398/3421/3186 3403/3422/3187 1877/3044/2848
f 1690/3125/547 1164/3124/2919 1167/2720/2521 1689/2728/548
f 1780/2889/2698 1771/2888/2697 1772/2880/2689 1773/2879/2688 1770/2878/2687 1768/2876/2685 1766/2875/2684 1767/2877/2686 2127/3418/3183 1781/3423/3188 1373/2385/2224 2405/3424/3189 1782/3425/3190
f 2132/3426/3191 2131/1206/1147 2130/1205/1146 2133/3427/3192
f 2136/3428/3193 2190/3429/3194 2193/3430/3195 2132/3426/3191 2133/3427/3192
f 2135/2267/2114 2136/3428/3193 2133/3427/3192 2134/3431/3196
f 541/1462/1381 540/2863/2673 542/1464/1383 758/1463/1382 573/1113/1060
f 2134/3431/3196 1144/2062/1926 1141/2268/2115 2135/2267/2114
f 2138/2271/2118 2137/1353/1277 2136/3428/3193 2135/2267/2114
f 2139/3432/3197 2140/1350/1274 2137/1353/1277 2138/2271/2118
f 2022/376/353 2054/375/352 2051/866/820 2050/3289/3069
f 3094/3433/3198 2712/2272/2119 2707/2277/2124 3103/2820/2630 3102/3434/3199 3095/3435/3200
f 1190/1663/1569 1189/163/144 1934/3436/143 1701/169/150 1700/1664/1570
f 3023/3437/3201 3018/3438/3202 3020/3439/3203 2839/3440/3204
f 4177/3441/3205 4175/3442/3206 4172/3443/3207 4137/2871/2680 4136/2870/2679
f 2149/3444/3208 2150/3445/3209 2145/2958/2767 2146/2962/2771
f 2147/2961/2770 2152/3446/3210 2151/3447/3211 2146/2962/2771
f 3113/3448/3212 3116/3449/3213 3115/782/737 3114/781/736 3112/3450/3214 3111/3451/3215
f 2155/3452/3216 2156/3453/3217 2154/3454/3218 2153/3455/3219
f 2156/3453/3217 2155/3452/3216 2157/3456/3048 2158/3457/3047
f 2161/1359/1283 2162/3458/3220 2160/3262/3046 2159/3261/3045
f 2162/3458/3220 1219/2139/1995 1220/2140/1996 2160/3262/3046
f 2163/3459/3221 1218/2138/1994 1219/2139/1995 2162/3458/3220
f 2158/3457/3047 1443/2456/2279 1476/2457/2280 2156/3453/3217
f 2166/3460/3222 2167/3461/3223 2168/3462/3224 2150/3445/3209
f 1476/2457/2280 1216/2136/1992 2167/3461/3223 2166/3460/3222
f 2166/3460/3222 2154/3454/3218 2156/3453/3217 1476/2457/2280
f 2150/3445/3209 2149/3444/3208 2154/3454/3218 2166/3460/3222
f 2168/3462/3224 1233/2162/2018 2144/3463/3225 2143/3464/3226
f 2167/3461/3223 1230/2159/2015 1233/2162/2018 2168/3462/3224
f 1216/2136/1992 1213/2135/1989 1230/2159/2015 2167/3461/3223
f 2143/3464/3226 2145/2958/2767 2150/3445/3209 2168/3462/3224
f 2144/3463/3225 2169/3465/3227 2142/3466/3228 2141/3467/3229
f 1233/2162/2018 1232/2161/2017 2169/3465/3227 2144/3463/3225
f 2170/3468/3230 2171/3469/3231 2142/3466/3228 2169/3465/3227
f 2172/3470/3232 2173/3471/3233 2171/3469/3231 2170/3468/3230
f 1232/2161/2017 2174/3472/3234 2170/3468/3230 2169/3465/3227
f 2174/3472/3234 2175/3473/3235 2172/3470/3232 2170/3468/3230
f 2175/3473/3235 2176/3474/3236 2177/3475/3237 2172/3470/3232
f 2178/3476/3238 2179/3477/3239 2176/3474/3236 2175/3473/3235
f 1458/3478/2260 1171/3479/1945 2179/3477/3239 2178/3476/3238
f 1457/3480/2259 1458/3478/2260 2178/3476/3238 2180/3481/3240
f 2180/3481/3240 2178/3476/3238 2175/3473/3235 2174/3472/3234
f 1231/2160/2016 2180/3481/3240 2174/3472/3234 1232/2161/2017
f 1234/2163/2019 1457/3480/2259 2180/3481/3240 1231/2160/2016
f 2176/3474/3236 1161/1298/1226 2181/3482/3241 2177/3475/3237
f 2179/3477/3239 1156/3483/1227 1161/1298/1226 2176/3474/3236
f 1156/3483/1227 2179/3477/3239 1171/3479/1945
f 2181/3482/3241 2182/3484/3242 2183/3174/2966 2184/3173/2965
f 1161/1298/1226 1160/1297/1225 2182/3484/3242 2181/3482/3241
f 2184/3173/2965 2185/3485/3243 2177/3475/3237 2181/3482/3241
f 2172/3470/3232 2177/3475/3237 2185/3485/3243 2173/3471/3233
f 4181/2873/2682 4130/2872/2681 4129/3486/3244 4117/3487/3245 4179/3488/3246
f 1518/825/780 1515/436/413 1514/435/412 1512/2503/2324 1448/3489/3247 1437/2415/2245 1850/826/781
f 2188/1352/1276 2189/3490/3248 2186/1351/1275 2190/3429/3194
f 2186/1351/1275 2189/3490/3248 2188/1352/1276
f 1122/2032/1902 1121/2031/1901 2191/3491/3249 2186/1351/1275
f 1121/2031/1901 1117/2027/1897 2192/3492/3250 2191/3491/3249
f 2191/3491/3249 2193/3430/3195 2190/3429/3194 2186/1351/1275
f 2192/3492/3250 2194/3493/3251 2193/3430/3195 2191/3491/3249
f 2195/270/247 2196/3494/3252 2197/1839/1724 2198/271/248
f 2194/3493/3251 2192/3492/3250 2196/3494/3252 2195/270/247
f 2132/3426/3191 2193/3430/3195 2194/3493/3251 2131/1206/1147
f 2195/270/247 2129/269/246 2131/1206/1147 2194/3493/3251
f 2197/1839/1724 1120/2030/1900 2199/3495/3253 1669/3496/1725
f 2196/3494/3252 1116/2026/1896 1120/2030/1900 2197/1839/1724
f 2192/3492/3250 1117/2027/1897 1116/2026/1896 2196/3494/3252
f 2199/3497/3253 1054/1970/1843 1053/1355/1279 1666/1354/1278
f 1120/2030/1900 1119/2029/1899 1054/2865/1843 2199/3495/3253
f 1666/2701/1278 1665/1841/1726 1669/1840/1725 2199/3498/3253
f 2093/3350/3122 2098/3355/3126 2092/3499/3254 2090/3340/3113 2088/3339/3111 2091/3352/3124
f 2183/3174/2966 2201/3500/3255 2200/2951/2760 2187/2953/2762
f 2201/3500/3255 2183/3174/2966 2182/3484/3242 2202/2098/1959
f 2202/2098/1959 2182/3484/3242 1160/1297/1225 1159/1296/1224
f 2201/3500/3255 2202/2098/1959 2203/2097/1958
f 1510/2501/2322 1449/2500/2321 1448/3489/3247 1512/2503/2324 1511/2413/2243
f 2204/2096/1957 1296/2095/1956 1363/3501/2152 1362/3502/2151
f 2205/3503/3256 2206/3504/3257 1328/1327/1251 2207/3505/3258
f 1362/2307/2151 1361/2306/2150 2206/3504/3257 2205/3503/3256
f 2205/3506/3256 2208/3507/3259 2204/2096/1957 1362/3502/2151
f 2207/3508/3258 2209/3509/3260 2208/3507/3259 2205/3506/3256
f 2208/3507/3259 2210/2952/2761 2203/2097/1958 2204/2096/1957
f 2209/3509/3260 1284/2215/2068 2210/2952/2761 2208/3507/3259
f 2210/2952/2761 2200/2951/2760 2201/3500/3255 2203/2097/1958
f 2211/3510/3261 1284/2215/2068 2209/3509/3260 2207/3508/3258
f 2212/3511/3262 2213/3512/3263 1277/2206/2059 1282/2213/2066
f 2211/3510/3261 2212/3511/3262 1282/2213/2066 1284/2215/2068
f 2214/3513/3264 2215/3514/3265 2216/3515/3266 2217/3516/3267
f 2218/3517/3268 2214/3513/3264 2217/3516/3267 2213/3518/3263
f 2219/3519/3269 2214/3513/3264 2218/3517/3268 2220/3520/3270
f 2219/3519/3269 2221/3521/3271 2215/3514/3265 2214/3513/3264
f 2222/1324/1248 2220/3520/3270 2218/3517/3268 2223/1325/1249
f 298/836/166 438/835/790 437/841/795 428/3522/3272 297/3523/458 296/3524/457
f 1870/3025/720 3223/3024/2830 3224/3525/3273 1872/3207/2999 1871/760/715
f 2894/3526/3274 3723/3527/3275 3724/3528/3276 2619/3529/1181 2618/3530/3277 2896/3531/3278
f 1979/3184/2976 1818/3186/2978 1820/3198/2990 1983/3189/2981 1981/3187/2979
f 2227/3532/3279 1326/1323/1247 1325/1328/1252 2228/3533/3280
f 1407/2359/2198 2228/3533/3280 2206/3504/3257 1361/2306/2150
f 2228/3533/3280 1325/1328/1252 1328/1327/1251 2206/3504/3257
f 2229/2995/2804 2230/3534/3281 2231/3535/3282 2226/1390/1310
f 427/2543/2361 431/2542/2360 435/3536/3283 436/3537/796 297/3523/458 428/3522/3272
f 1349/2295/2142 2236/3538/3284 1351/2297/2144
f 2236/3538/3284 1408/3539/2802 1318/3540/2107 1351/2297/2144
f 1348/2294/2141 2238/3541/3285 2239/3542/3286 1349/2295/2142
f 2240/3543/3287 2241/3544/3288 2238/3541/3285 1348/2294/2141
f 2242/3545/3289 2243/3546/3290 2240/3543/3287
f 1348/2294/2141 1347/2293/2140 2242/3545/3289 2240/3543/3287
f 2243/3546/3290 1245/2168/2024 2240/3543/3287
f 1244/2167/2023 1248/2171/2027 2244/3547/3291
f 2240/3543/3287 1245/2168/2024 1244/2167/2023 2244/3547/3291
f 127/202/182 173/252/229 174/251/228 181/260/237 122/197/177
f 3575/3548/3292 3578/3549/3293 3579/3550/3294 3576/3551/3295
f 1248/2171/2027 1247/2170/2026 2246/3552/3296 2245/3553/3297
f 1686/2725/2524 1681/2717/2518 1356/2302/2147 1303/2063/1927 1734/2800/2610 1737/2804/2614
f 2247/3554/3298 2249/3555/3299 2250/3556/3300 2248/753/708
f 2249/3557/3299 2251/3558/3301 2252/3559/3302 2250/3560/3300
f 3452/3561/3303 1880/2519/2338 1879/1319/1243 3407/1318/1242
f 2253/754/709 2248/753/708 2250/3556/3300 2254/3562/3304
f 2254/3563/3304 2255/3564/3305 1402/2347/2188 1401/2346/2187
f 2250/3560/3300 2252/3559/3302 2255/3564/3305 2254/3563/3304
f 2256/3565/3306 2246/3566/3296 1247/2179/2026 1253/2178/2032
f 2409/3567/3307 1241/3568/3308 1242/3569/3309 1240/1794/1688 2410/1793/1687 2408/3570/3310 2407/3571/3311
f 3618/3572/3312 2773/2356/2195 2775/2355/2194 3617/3573/3313
f 2232/3574/2803 2235/3575/3314 2233/3576/3315 2234/3577/3316 2230/3578/3281 2229/3579/2804
f 2258/3580/3317 2260/1524/1439 2261/3581/3318 2259/3582/3319
f 2261/3581/3318 2262/3583/3320 2263/3584/3321 2259/3582/3319
f 2262/3583/3320 2231/3535/3282 2230/3534/3281 2263/3584/3321
f 3439/1119/1066 3440/2842/2652 3429/3585/3322 3437/1120/1067
f 2267/3586/3323 2266/3587/3324 2261/3581/3318 2260/1524/1439
f 2264/3588/3325 2267/3586/3323 1371/2310/2154
f 2268/3589/3326 2269/3590/3327 2231/3535/3282 2262/3583/3320
f 2266/3587/3324 2268/3589/3326 2262/3583/3320 2261/3581/3318
f 2265/3591/3328 2270/3016/2823 2268/3589/3326 2266/3587/3324
f 2270/3016/2823 2271/3015/2822 2269/3590/3327 2268/3589/3326
f 2269/3590/3327 2224/1391/1311 2226/1390/1310 2231/3535/3282
f 2271/3015/2822 2221/3521/3271 2224/1391/1311 2269/3590/3327
f 4248/3592/3329 4249/3593/3330 4232/3594/3331 4235/2322/2166 4247/2329/2173
f 2264/3588/3325 1371/2310/2154 1370/2309/2153 2272/3595/3332 2273/3596/3333 2274/3017/2824 2270/3016/2823 2265/3591/3328 2266/3587/3324 2267/3586/3323
f 2275/3014/2821 2215/3514/3265 2221/3521/3271 2271/3015/2822
f 2215/3514/3265 2275/3014/2821 2276/3013/2820 2216/3515/3266
f 2272/3595/3332 1370/2309/2153 2277/3597/3334 2278/3598/3335
f 2273/3596/3333 2272/3595/3332 2278/3598/3335 2279/3599/3336
f 1312/1523/1438 1371/2310/2154 2267/3586/3323 2260/1524/1439
f 4018/3600/3337 4026/3601/3338 4027/3602/3339 4019/3603/3340
f 1873/3316/3092 3225/3604/3341 3226/3605/3342 1874/3317/3093
f 3776/3606/3343 3793/3607/3344 3773/3165/2957 3774/3164/2956 3775/3608/3345
f 1349/2295/2142 2239/3542/3286 2282/3609/3346 2237/3610/3347
f 2239/3542/3286 1126/3611/1906 2283/3612/3348 2282/3609/3346
f 2238/3541/3285 1127/3613/1907 1126/3611/1906 2239/3542/3286
f 2241/3544/3288 1131/3614/1912 1127/3613/1907 2238/3541/3285
f 2241/3544/3288 2240/3543/3287 2244/3547/3291 2284/3615/3349
f 1831/2967/2776 1484/2463/2286 1483/2462/2285 1864/3616/2825
f 2259/3617/3319 1199/3618/3350 2291/3619/3351 2309/3620/3352 1198/2124/1984 1196/2115/1975 1195/3090/1974 2257/3089/2888 2258/3621/3317
f 3721/1246/1180 2896/3622/3278 2618/3623/3277 2619/1247/1181
f 2263/3624/3321 2281/3625/3353 2280/3626/3354 2290/3627/3355 2291/3628/3351 1199/3629/3350 2259/3617/3319
f 1797/2912/2721 1784/2893/2702 1783/2892/2701 1388/2891/2700 1389/2890/2699 1381/2318/2162 1378/2919/2728 1379/2918/2727 1380/2917/2726 1796/2916/2725 1795/2911/2720
f 2290/3630/3355 2283/3631/3348 2292/3632/3356 2293/3633/3357
f 2292/3632/3356 2283/3631/3348 2294/3634/3358
f 2283/3631/3348 1126/2036/1906 2295/3635/3359 2294/3634/3358
f 2295/3635/3359 1126/2036/1906 2296/3636/3360
f 2296/3636/3360 1126/2036/1906 2297/3637/3361
f 2297/3637/3361 1126/2036/1906 1125/2035/1905
f 2298/3638/3362 2296/3636/3360 2297/3637/3361 2299/3639/3363
f 1475/3640/3364 2298/3638/3362 2299/3639/3363 1472/2959/2768
f 1125/2035/1905 1505/2486/2309 2299/3639/3363 2297/3637/3361
f 1505/2486/2309 1473/2485/2308 1472/2959/2768 2299/3639/3363
f 2300/3641/3365 2301/3642/3366 2294/3634/3358 2295/3635/3359
f 2298/3638/3362 2300/3641/3365 2295/3635/3359 2296/3636/3360
f 1475/3640/3364 2302/3643/3367 2300/3641/3365 2298/3638/3362
f 2302/3643/3367 2303/3644/3368 2301/3642/3366 2300/3641/3365
f 2304/3645/3369 2293/3633/3357 2292/3632/3356 2305/3646/3370
f 2301/3642/3366 2305/3646/3370 2292/3632/3356 2294/3634/3358
f 2303/3644/3368 2306/3647/3371 2305/3646/3370 2301/3642/3366
f 1475/3640/3364 1143/3648/3372 1140/2270/2117 2302/3643/3367
f 2303/3644/3368 2302/3643/3367 1140/2270/2117 1142/2269/2116
f 2308/3649/3373 2309/3620/3352 2293/3633/3357 2304/3645/3369
f 4064/3650/3374 4055/3651/3375 4058/3652/3376 4067/3653/3377 4068/3654/3378 4065/3655/3379
f 2312/3656/3380 1198/2124/1984 2309/3620/3352 2308/3649/3373
f 1163/2079/1942 2310/3657/3381 2307/3658/3382 1148/808/763
f 1163/2079/1942 1166/2078/1941 2311/3659/3383 2310/3657/3381
f 2313/3660/3384 2314/3661/3385 1201/2123/1983 1200/2122/1982
f 2313/3660/3384 1200/2122/1982 1198/2124/1984 2312/3656/3380
f 2315/3662/3386 2316/3663/3387 2314/3661/3385 2313/3660/3384
f 1166/2078/1941 2317/3664/3388 2315/3662/3386 2311/3659/3383
f 2317/3664/3388 1187/3665/3389 2316/3663/3387 2315/3662/3386
f 335/3666/1880 186/3667/1882 185/553/522 334/552/521 337/557/526 336/3668/3390
f 2863/2192/2045 2568/3669/3391 3648/3670/3392 3649/2193/2046
f 2321/3671/3393 2322/3672/3394 2319/3673/3395 2320/2194/2047
f 2323/3674/3396 2324/3675/3397 2322/3672/3394 2321/3671/3393
f 1460/2437/2262 1459/2436/2261 2324/3675/3397 2323/3674/3396
f 2322/3672/3394 2325/3676/3398 2318/3677/3399 2319/3673/3395
f 2324/3675/3397 2326/3678/3400 2325/3676/3398 2322/3672/3394
f 1459/2436/2261 1366/2439/2264 2326/3678/3400 2324/3675/3397
f 2325/3676/3398 2314/3661/3385 2316/3663/3387 2318/3677/3399
f 2326/3678/3400 1201/2123/1983 2314/3661/3385 2325/3676/3398
f 1366/2439/2264 1197/2116/1976 1201/2123/1983 2326/3678/3400
f 2293/3633/3357 2309/3620/3352 2291/3619/3351 2290/3630/3355
f 2288/279/256 2328/3679/3401 2329/3680/3402 2287/280/257
f 2289/2351/2190 2327/3681/2889 2328/3679/3401 2288/279/256
f 698/1322/1246 692/1321/1245 696/3682/1468 697/3683/3403 482/1059/1006 483/498/470 537/505/477 470/952/902 474/956/906 484/3684/3404 514/3685/3405 504/3686/3406 523/3687/3407 760/3688/3408 495/976/924 493/974/922 759/1035/982 524/1034/981 699/1033/980
f 2287/280/257 2329/3680/3402 2330/3689/3409 2286/755/710
f 4772/3690/3410 4773/3691/3411 4770/3692/3412 4769/3693/3413
f 4531/3694/3414 4516/3695/3415 4501/3696/3416 4517/978/926 4532/977/925
f 2327/3697/2889 1369/3698/3417 2331/3699/3418 2328/3700/3401
f 5523/593/560 5522/306/283 5521/304/281 335/2009/1880 336/3701/3390 346/3702/552 347/3703/551 5524/893/847
f 2332/3704/3419 2333/3705/3420 2334/3706/3421 2331/3699/3418 1369/3698/3417 1368/3707/3422
f 2335/3708/3423 2336/3709/3424 2334/3706/3421 2333/3705/3420
f 2337/3710/3425 2338/3711/3426 2336/3709/3424 2335/3708/3423
f 2337/3710/3425 2339/3712/3427 2340/3713/3428 2338/3711/3426
f 2339/3712/3427 2341/3714/3429 2342/3715/3430 2340/3713/3428
f 2341/3714/3429 1040/1958/1834 2343/3716/3431 2342/3715/3430
f 2343/3716/3431 1131/2042/1912 2344/3717/3432 2342/3715/3430
f 2344/3717/3432 2340/3713/3428 2342/3715/3430
f 2345/3718/3433 2336/3709/3424 2338/3711/3426 2346/3719/3434
f 2346/3719/3434 2338/3711/3426 2340/3713/3428 2344/3717/3432
f 4673/3720/3435 4672/3721/3436 4691/1756/1654 4669/1755/1653 4668/3722/3437 4690/3723/3438
f 1916/2522/2341 1710/2521/2340 1709/2767/2563 1708/2766/2562 1913/2759/2555
f 2347/3724/3439 2334/3706/3421 2336/3709/3424 2345/3718/3433
f 2241/3544/3288 2284/3615/3349 2344/3725/3432 1131/3614/1912
f 1131/2042/1912 2343/3716/3431 1130/2043/1913
f 2242/3545/3289 2348/3726/3440 2349/3727/3441 2243/3546/3290
f 1347/2293/2140 1353/2299/628 2348/3726/3440 2242/3545/3289
f 2243/3546/3290 2349/3727/3441 1246/2169/2025 1245/2168/2024
f 2349/3728/3441 2350/3729/3442 1249/2172/2028 1246/2175/2025
f 2348/3730/3440 2351/3731/3443 2350/3729/3442 2349/3728/3441
f 1353/669/628 2352/668/627 2351/3731/3443 2348/3730/3440
f 2354/3732/3444 2355/3733/3445 2356/3734/3446 2357/3735/3447
f 2714/3736/2137 3087/2289/2136 3086/3095/2891 2717/3737/1449 2715/3738/2138
f 2352/668/627 2358/667/626 2354/3732/3444 2351/3731/3443
f 2358/667/626 1411/2365/2204 2355/3733/3445 2354/3732/3444
f 2358/667/626 2359/666/625 1412/2366/2205 1411/2365/2204
f 1490/2195/2048 2320/2194/2047 2319/3673/3395 1494/3739/3448 1491/2469/2292
f 2360/3740/3449 1250/2173/2029 1249/2172/2028 2350/3729/3442 2351/3731/3443 2354/3732/3444 2357/3735/3447
f 3953/3741/3450 3993/3742/3451 3994/3743/3452 3956/3744/3453 3992/3745/3454 3947/3746/3455
f 2355/3733/3445 1271/2201/2054 1270/2200/2053 2356/3734/3446
f 1272/2364/2203 1271/2201/2054 2355/3733/3445 1411/2365/2204
f 2362/3747/3456 1324/2266/2113 1446/285/262 2363/284/261
f 2353/665/624 1352/670/629 2362/3747/3456 2363/284/261
f 1546/2563/2380 1431/2390/2227 1430/2389/2226 1542/2561/2371 1544/2560/2378 1547/2564/2381
f 1324/3748/2113 2362/3749/3456 1352/2298/629
f 1352/2298/629 1350/2296/2143 1321/3750/2110 1324/3748/2113
f 2276/3751/2820 1764/823/778 1279/822/777 2216/3752/3266
f 2217/3753/3267 2216/3752/3266 1279/822/777 1278/2207/2060
f 2213/3512/3263 2217/3753/3267 1278/2207/2060 1277/2206/2059
f 2332/3704/3419 3657/3754/3457 3658/3755/3458 2333/3705/3420
f 75/142/123 74/107/90 95/137/120 94/135/118 93/134/117
f 2366/3756/3459 2369/1051/998 2370/1050/997 2367/3757/3460
f 1053/1355/1279 1051/1967/1842 2366/3756/3459 2365/1356/1280
f 1051/1967/1842 1050/1076/1023 2369/1051/998 2366/3756/3459
f 2371/3758/3461 1661/3759/2496 1664/1358/1282 2364/1357/1281
f 748/1429/1349 762/852/806 743/3760/1440 742/1424/1344
f 2372/1049/996 2373/3761/3462 2374/3762/3463 2370/1050/997
f 2555/2869/2678 2558/2868/2677 2594/3763/3464 2595/3764/3465 2829/3765/3466 2556/3766/3467
f 2375/1048/995 2376/3767/3468 2373/3761/3462 2372/1049/996
f 2378/3768/3469 2379/3769/3470 2375/1048/995 2377/1047/994
f 2379/3769/3470 2380/3770/3471 2376/3767/3468 2375/1048/995
f 1065/3771/1050 2378/3768/3469 2377/1047/994 2381/1075/1022
f 2382/3772/3472 2383/3773/3473 2379/3769/3470 2378/3768/3469
f 2383/3773/3473 2384/1057/1004 2380/3770/3471 2379/3769/3470
f 2378/3768/3469 1065/3771/1050 1067/3774/1049 2382/3772/3472
f 1300/2018/1889 1467/2017/1888 2383/3773/3473 2382/3772/3472
f 1468/1058/1005 2384/1057/1004 2383/3773/3473 1467/2017/1888
f 2382/3772/3472 1067/3774/1049 1068/2019/1855 1300/2018/1889
f 3715/2245/2094 2838/2244/2093 3697/3775/3474 3698/3776/3475 3699/3777/3476 2983/3778/3477 2979/3779/3478
f 2384/1057/1004 2385/1056/1003 2387/3780/3479 2380/3770/3471
f 2385/1056/1003 2386/1055/1002 2388/2549/2367 2387/3780/3479
f 2987/3781/3480 2983/3778/3477 3699/3777/3476 3701/3782/3481 3702/3783/3482
f 2390/3784/3483 2376/3767/3468 2380/3770/3471 2387/3780/3479
f 2391/3785/3484 2390/3784/3483 2387/3780/3479 2388/2549/2367
f 2809/2480/2303 3542/3786/3485 3539/3787/3486 3541/3788/3487 3540/3789/3488 3533/2481/2304
f 2393/3790/3489 2373/3761/3462 2376/3767/3468 2390/3784/3483
f 2394/3791/3490 1629/2642/2454 1633/2652/2464 2395/3792/3491
f 2388/2549/2367 2389/2548/2366 2394/3791/3490 2391/3785/3484
f 2389/2548/2366 1625/2547/2365 1629/2642/2454 2394/3791/3490
f 2396/2785/2598 2374/3762/3463 2373/3761/3462 2393/3790/3489
f 2397/2781/2594 2396/2785/2598 2393/3790/3489 2392/3793/3492
f 2374/3762/3463 2396/2785/2598 2370/1050/997
f 3705/796/751 3710/3794/3493 3711/3795/3494 2999/3796/3495 2994/3797/3496 3708/797/752
f 2367/3757/3460 2370/1050/997 2396/2785/2598 2399/2784/2597
f 3713/3798/3497 3714/3799/3498 3711/3795/3494 3710/3794/3493 3709/3800/3499
f 3017/2682/2492 3714/3799/3498 3713/3798/3497 3712/2683/2493
f 2368/3801/3500 2367/3757/3460 2399/2784/2597 2400/3047/2851
f 2401/2783/2596 1641/2660/2472 1645/2664/2476 1654/2675/2485
f 2398/2782/2595 1637/2656/2468 1641/2660/2472 2401/2783/2596
f 2403/3046/2850 1658/3802/2497 1661/3759/2496 2371/3758/3461
f 2400/3047/2851 2403/3046/2850 2371/3758/3461 2368/3801/3500
f 2402/1052/999 2404/2016/1887 1613/2629/2441 1617/1053/1000
f 1662/2698/2505 1609/2625/2437 1613/2629/2441 2404/2016/1887
f 1581/3803/2408 1580/3804/2407 1385/2321/2165 1384/2320/2164
f 1384/2320/2164 2405/3424/3189 1587/3805/2414 1581/3803/2408
f 2405/3424/3189 1373/2385/2224 1429/2384/2223 1587/3805/2414
f 1539/732/687 2406/3806/3501 1537/2535/2354 1536/733/688
f 1135/2048/1918 1134/2047/1917 2406/3806/3501 1539/732/687
f 3617/3573/3313 3616/3807/3502 3581/2354/2193 3577/3808/3503 3656/3809/3504 3655/3810/3505
f 1134/2047/1917 1133/2046/1916 2407/3571/3311 2406/3806/3501
f 1133/2046/1916 1441/2418/2248 2409/3567/3307 2407/3571/3311
f 1441/2418/2248 1442/2419/2249 1241/3568/3308 2409/3567/3307
f 2408/3570/3310 2410/1793/1687 2411/1796/1690 1535/3811/2353
f 1395/3812/2179 1394/3813/2178 1176/2099/1960 1179/735/690
f 2412/1647/1553 1533/1646/1552 1535/2534/2353 2411/3814/1690
f 1240/3815/1688 1242/3816/3309 2415/3817/3506 2414/3818/3507
f 1455/2432/2258 1454/2431/2257 2415/3817/3506 1242/3816/3309
f 1242/3569/3309 1241/3568/3308 1442/2419/2249 1455/3819/2258
f 1442/2419/2249 1081/1991/1863 1308/2253/2100 1455/3819/2258
f 1471/438/415 1076/1986/1858 2414/3818/3507 2415/3817/3506
f 2415/3817/3506 1454/2431/2257 1456/439/416 1471/438/415
f 3210/571/540 2879/3155/2947 2878/1750/1648 2881/1754/1652 2882/3820/3508 3209/3821/3509 3207/572/541
f 1076/1986/1858 1075/1649/1555 2413/1648/1554 2414/3818/3507
f 2416/1030/977 1073/1985/1857 1078/1989/1861 1525/1031/978
f 1211/2129/1987 1173/742/697 1172/741/696 1171/2084/1945 1458/2434/2260 1212/2130/1988
f 1520/2529/2348 1847/2528/2347 2417/3822/3510 1517/2530/2349
f 1426/2992/2801 1425/3823/3511 2417/3822/3510 1847/2528/2347
f 1088/2083/1869 1150/3824/1954 1513/2411/2242 1169/2080/1943
f 1500/3825/3512 1499/2492/2315 1502/2491/2314 1501/3826/3513
f 1491/2469/2292 1193/2113/1973 1194/2112/1972 1492/2470/2293
f 1494/3739/3448 1186/3827/3514 1193/2113/1973 1491/2469/2292
f 1718/2775/2577 1738/3828/2615 1481/3829/2616 1480/2776/2578
f 1256/2182/2035 1255/2181/2034 1738/3828/2615 1718/2775/2577
f 2892/364/341 2468/363/340 2467/3830/3515 2891/3831/3516
f 3727/716/675 3731/715/674 3730/3832/3517 3728/3833/3518
f 5118/2855/3519 5120/2854/3520 5121/2851/3521 5119/2850/3522 5117/2857/3523 5116/2856/3524
f 2421/1084/1031 1139/2052/1922 1138/2051/1921 2422/1085/1032
f 2421/1084/1031 1105/3834/3525 1103/2055/1410 1139/2052/1922
f 1334/2370/2209 2040/3835/3526 2041/3131/2923 1944/3130/2922 1333/2371/2210
f 1840/2986/2795 1114/2024/1894 1111/2023/1893 1109/2713/2514 1420/2377/2216 1422/2376/2215
f 3225/3604/3341 1873/3316/3092 1872/3402/2999 3224/3836/3273
f 1130/2043/1913 2343/3716/3431 1040/1958/1834 1039/1957/1833
f 1089/2082/1870 1170/2081/1944 2424/2476/2299 1084/3837/1866
f 2424/2476/2299 1452/2429/2255 1307/2428/2099 1084/3837/1866
f 1146/809/764 1148/808/763 2307/3658/3382 2306/3647/3371 2303/3644/3368 1142/2269/2116 1141/2268/2115 1144/2062/1926
f 1446/285/262 1324/2266/2113 1323/2265/2112 1447/1802/1695
f 1447/1802/1695 1323/2265/2112 1322/2264/2111 1365/1803/1696
f 2425/1804/1697 1174/737/692 1415/288/265 1445/1805/1698
f 2425/1804/1697 1365/1803/1696 1364/738/693 1174/737/692
f 142/217/197 290/479/454 293/478/453 434/3838/3527 143/218/198
f 2427/2504/2325 2426/698/657 1099/697/656 1101/2573/2390
f 2427/2504/2325 2428/3839/3528 1314/2257/2104 1316/2259/2106
f 1101/2573/2390 1228/3840/3529 2428/3839/3528 2427/2504/2325
f 2428/3839/3528 2429/3841/3530 1310/2254/2101 1314/2257/2104
f 2430/3842/3531 1311/2255/2102 1310/2254/2101 2429/3841/3530
f 2277/3597/3334 1370/2309/2153 1311/2255/2102 2430/3842/3531
f 2430/3843/3531 1229/3844/3532 1374/3845/3533 2277/3846/3334
f 2749/3847/3534 2799/3848/3535 3738/3849/3536 2487/3850/3537 2729/3851/3538
f 1400/2345/2186 1032/1944/1820 1377/1520/1435 1397/2342/2183
f 824/1698/1601 808/1603/1511 807/1602/1510 810/1605/1513 811/3852/3539
f 1321/3750/2110 1350/2296/2143 1351/2297/2144 1318/3540/2107
f 1407/2359/2198 1361/2306/2150 1322/2264/2111 1319/2261/2108
f 1383/2319/2163 1782/3425/3190 2405/3424/3189 1384/2320/2164
f 1195/2114/1974 1197/2116/1976 2327/3697/2889
f 1197/2116/1976 1369/3698/3417 2327/3697/2889
f 1364/738/693 1363/2308/2152 1296/2231/1956 1295/739/694
f 4702/3853/3540 4717/3854/3541 4720/3855/3542 4686/3856/3543
f 2317/3664/3388 1166/2078/1941 1165/2077/1940 1938/3128/2920
f 1187/3665/3389 2317/3664/3388 1938/3128/2920 1185/2111/1971
f 1092/2000/1872 1150/2093/1954 1168/2092/1953 1093/2001/1873
f 1169/2080/1943 1070/441/418 1069/440/417 1170/2081/1944
f 1138/2051/1921 1137/2054/1920 1108/3857/1406 1107/1496/1411
f 1055/1971/1844 1065/1103/1050 2381/3858/1022 1056/1972/1024
f 2419/1087/1034 2418/1086/1033 2423/3859/3544 2420/3860/3545
f 2128/3417/3182 2278/3861/3335 2277/3846/3334 1374/3845/3533
f 2279/3862/3336 2278/3861/3335 2128/3417/3182 1764/823/778
f 1046/1964/1840 2152/3446/3210 2147/2961/2770 2148/2960/2769
f 1046/1964/1840 2148/2960/2769 1474/2487/2310 1043/1961/1837
f 405/911/863 432/804/759 409/749/704 404/912/864
f 1301/2067/1930 1299/2066/1890 1068/1983/1855 1057/1973/1845
f 2207/3505/3258 1328/1327/1251 1327/1326/1250 2211/3863/3261
f 2223/1325/1249 2218/3517/3268 2213/3518/3263 2212/3864/3262
f 1327/1326/1250 2223/1325/1249 2212/3864/3262 2211/3863/3261
f 2279/3599/3336 2431/3012/2819 2274/3017/2824 2273/3596/3333
f 2279/3862/3336 1764/823/778 2276/3751/2820 2431/3865/2819
f 1085/2056/1867 1103/2055/1410 1102/3866/1879 1086/3867/1408
f 2578/3868/3546 2579/2944/2753 2576/1473/1392 2577/2511/1391 3583/2510/2331 2774/3869/3547
f 3387/3295/3072 3342/3870/3548 3350/2844/2654 3388/2843/2653
f 2434/3871/3549 2435/3872/3550 1037/1949/1825 1036/1948/1824
f 1041/1959/1835 1040/1958/1834 2436/3873/3551 2437/3874/3552
f 1045/1963/1839 1044/1962/1838 2438/3875/3553 2439/3876/3554
f 2440/3877/3555 2441/780/735 2442/779/734 2443/3878/3556
f 2444/3879/3557 2445/3880/739 2446/3881/3558 2447/898/852
f 2442/3882/734 2445/3880/739 2444/3879/3557 2443/3883/3556
f 2448/3884/3559 2440/3877/3555 2443/3878/3556 2449/3885/3560
f 2450/3886/3561 2451/3887/3562 2452/2226/2079 2453/3888/3563
f 2453/3888/3563 2452/2226/2079 2454/2829/2639 2455/2828/2638
f 2456/3889/3564 2457/3890/3565 2458/3891/3566 2459/2827/2637
f 2455/2828/2638 2459/2827/2637 2458/3891/3566 2453/3888/3563
f 2450/3886/3561 2453/3888/3563 2460/3892/3567 2461/3893/2090
f 2465/1671/1577 2466/1670/1576 2467/3830/3515 2468/363/340
f 2469/3894/3568 2465/1671/1577 2468/363/340 2470/362/339
f 2469/3894/3568 2471/1751/1649 2462/2648/2460 2841/2647/2459 2842/1668/1574 2465/1671/1577
f 3441/382/359 3430/381/358 3429/3585/3322 3440/2842/2652
f 2470/362/339 2472/1752/1650 2471/1751/1649 2469/3894/3568
f 1730/2793/2604 1182/2792/2603 1183/2795/2605 1184/2801/2611 1733/2799/2609
f 2486/3895/3569 2484/1193/1134 2482/1192/1133 2487/3850/3537
f 2488/3896/3570 2473/3897/3571 2489/3898/3572 2490/524/496
f 2423/3859/3544 1106/3899/3573 1107/1496/1411 1103/1495/1410 1105/3900/3525 2420/3901/3545
f 2489/3898/3572 2494/3902/2087 2491/525/497 2490/524/496
f 1821/2714/2515 1109/2713/2514 1111/2023/1893 1110/2022/1892 1822/2954/2763
f 2496/3903/3574 2498/2975/2784 2500/795/750 2497/794/749
f 2501/3904/3575 2502/3905/3576 2503/3906/3577 2504/3907/3578
f 2505/3908/3579 2501/3904/3575 2504/3907/3578 2506/3909/3580
f 2507/3910/3581 2508/3911/3582 2505/3908/3579 2506/3909/3580
f 2509/2479/2302 2510/2478/2301 2508/3911/3582 2507/3910/3581
f 2511/3912/3583 2512/3913/3584 2513/3914/3585
f 4343/3915/3586 4342/3916/3587 4341/3917/3588 4347/3918/3589 4346/3919/3590 4345/3920/3591
f 3517/189/169 3519/2477/2300 3518/2482/2305 3514/3921/3592 3513/190/170
f 2521/3922/3593 2522/714/673 2523/3923/3594 2518/3924/2504
f 2474/3925/2503 2490/3926/496 2521/3922/3593 2518/3924/2504
f 2984/3927/3595 2922/3111/2907 2920/1444/1364 2917/1443/1363 2980/2570/2387
f 3065/1529/1443 3265/1528/1442 3253/3928/3596 3267/3929/3597 3068/3930/3598 3067/3931/3599
f 1405/281/258 2253/754/709 2254/3562/3304 1401/3932/2187 1398/2348/2184 1404/282/259
f 2528/589/556 3039/2188/2041 3038/3933/3600 2732/3934/3601 3034/3935/3602 3036/538/510 3464/537/509 2530/2013/1884 2529/590/557
f 808/1603/1511 838/1672/1578 840/1020/967 804/1024/971 806/1601/1509
f 437/841/795 439/837/791 425/2004/1876 427/2543/2361 428/3522/3272
f 2537/3936/3603 2481/1197/1138 2480/1196/1137 2536/2073/1936
f 2538/3937/3604 2537/3936/3603 2536/2073/1936 2539/2495/2318
f 3270/3938/2536 3054/2744/2540 3053/3939/3605 3271/3940/3606
f 3050/3941/3607 3049/2409/2240 2635/2408/2239 2634/3942/3608 2633/3943/3609
f 2549/3944/3610 2550/3945/3611 2546/1349/1273 2548/1348/1272
f 2477/3946/3130 2553/3358/3129 2554/3947/3612 2478/3948/2085
f 2555/2869/2678 2556/3766/3467 2542/3949/669 2541/709/668
f 2568/3669/3391 2574/3950/3613 2569/3951/3614 2566/3952/3615 2567/3953/3616 3646/3954/3617 3648/3670/3392
f 2479/2234/2084 2494/2238/2087 2489/3955/3572 2473/3956/3571
f 2494/2238/2087 2552/2237/2086 2483/1195/1136 2485/1194/1135
f 2559/3957/3618 2560/3958/3619 2561/3959/3620 2562/3960/3621
f 3550/3961/3622 2705/3962/3623 2702/3963/3624 2703/3964/3625 2704/3965/3626 3551/3966/3627
f 2569/3951/3614 2570/3967/3628 2571/3116/2912 2572/3120/2916
f 2566/3952/3615 2569/3951/3614 2572/3120/2916 2573/3968/3629
f 2574/3950/3613 2575/3969/3630 2570/3967/3628 2569/3951/3614
f 1656/2677/2487 1658/3802/2497 2403/3046/2850 1655/2676/2486
f 737/3970/3631 751/1451/1370 752/1446/1365 615/1445/1112 614/3971/1111 616/3972/1113
f 2582/3973/3632 2580/1469/1388 2576/1473/1392
f 2576/1473/1392 2579/2944/2753 2583/2943/2752 2582/3973/3632
f 931/1780/1676 929/1499/1414 960/1498/1413 961/1837/1722 962/1826/1714
f 2587/3974/3633 2586/3975/3634 2589/3976/1719 2562/3977/3621
f 2590/3978/3635 2591/3260/3044 2592/3979/3636 2593/3980/3637
f 2594/3763/3464 2590/3978/3635 2593/3980/3637 2595/3764/3465
f 2596/3981/3043 2597/3982/3638 2592/3983/3636 2591/3984/3044
f 2558/2868/2677 2598/1912/1791 2599/1911/1790 2594/3763/3464
f 2599/1911/1790 2600/509/481 2590/3978/3635 2594/3763/3464
f 2600/509/481 2601/508/480 2591/3260/3044 2590/3978/3635
f 2608/3985/3639 2485/1194/1135 2484/1193/1134 2605/3986/3640
f 2484/1193/1134 2486/3895/3569 2606/3987/3641 2605/3986/3640
f 2592/3983/3636 2609/3988/3642 2610/3989/3643 2611/3990/3644
f 2609/3988/3642 2612/3991/3645 2613/3992/3646 2610/3989/3643
f 2614/2382/2221 2615/2381/2220 2616/3993/3647 2617/3994/3648
f 750/3995/1346 749/3996/1345 740/1218/1155 738/1217/1154 737/3970/3631 616/3972/1113
f 2190/3429/3194 2136/3428/3193 2137/1353/1277 2188/1352/1276
f 2622/3997/3649 2623/3998/3650 2624/3999/3651 2625/4000/3652
f 2623/3998/3650 2626/4001/3653 2627/4002/3654 2624/3999/3651
f 1251/2174/2030 1250/2173/2029 2628/4003/3655 2625/4004/3652
f 2625/4004/3652 2624/4005/3651 1252/2177/2031 1251/2174/2030
f 2624/4005/3651 2627/4006/3654 1253/2178/2032 1252/2177/2031
f 2629/4007/3656 2630/4008/3657 2631/4009/3658 2632/4010/3659
f 2633/3943/3609 2634/3942/3608 2632/4010/3659 2631/4009/3658
f 2636/2380/2219 2637/656/615 2638/655/614
f 3562/2422/2250 3564/2426/2254 2778/4011/3660 3560/4012/3661
f 2643/4013/3662 2639/3250/3036 2642/3249/3035 2644/4014/3663
f 2645/4015/3664 2646/566/535 2639/3250/3036 2643/4013/3662
f 2646/566/535 2647/565/534 2640/3251/3037 2639/3250/3036
f 2643/4013/3662 2648/4016/3665 2649/4017/3666 2645/4015/3664
f 2644/4014/3663 2650/4018/3667 2648/4016/3665 2643/4013/3662
f 2641/1910/1789 2651/1914/1793 2652/4019/3668 2642/3249/3035
f 2644/4014/3663 2642/3249/3035 2652/4019/3668 2650/4018/3667
f 2659/2447/2270 2656/3032/2836 2658/3031/2835 2506/3909/3580
f 2660/2446/2269 2653/3033/2837 2656/3032/2836 2659/2447/2270
f 2661/4020/3669 2658/3031/2835 2657/3030/2834 2662/4021/3670
f 2662/4021/3670 2509/2479/2302 2507/3910/3581 2661/4020/3669
f 2661/4020/3669 2507/3910/3581 2506/3909/3580 2658/3031/2835
f 1828/235/215 1834/234/214 1833/2977/2786 1829/2965/2774
f 2669/4022/3671 2670/4023/3672 2671/4024/3673 2672/4025/3674
f 2673/4026/3675 2674/4027/3676 2675/708/667 2676/707/666
f 2676/4028/666 2540/4029/665 2544/705/664 2673/4030/3675
f 2114/3380/3149 2115/2517/2336 1881/2520/2339 1882/3148/2940
f 1750/474/449 1751/2839/2649 1749/2883/2692 1746/2834/2644 1747/2835/2645 1748/2836/2646
f 1535/3811/2353 1534/2536/2352 1537/2535/2354 2406/3806/3501 2407/3571/3311 2408/3570/3310
f 2840/2240/2089 3717/2239/2088 3023/3437/3201 2839/3440/3204
f 2685/3361/3132 2476/3360/3131 2475/4031/3677 2686/4032/3678
f 1803/4033/3679 1802/4034/3680 1807/4035/3681 1970/1427/1347 1969/1428/1348 2025/4036/3682 1967/3273/3053
f 2688/4037/3683 2689/4038/3684 2690/4039/3685 2691/4040/3686
f 2688/4037/3683 2691/4040/3686 2692/4041/3687 2693/4042/3688
f 2094/2983/2792 2097/3353/3125 2109/3373/3144 2108/3376/3146 2107/1072/1019
f 2695/4043/3689 2696/4044/3690 2697/4045/3691 2698/4046/3692
f 2699/4047/3693 2700/4048/3694 2698/4046/3692 2697/4045/3691
f 2697/4045/3691 2696/4044/3690 2701/4049/3695 2699/4047/3693
f 2395/3792/3491 1633/2652/2464 1637/2656/2468 2398/2782/2595 2397/2781/2594 2392/3793/3492
f 514/3685/3405 484/3684/3404 474/956/906 473/955/905 475/957/907 450/934/885
f 3257/4050/3696 3258/4051/3697 3259/4052/3698 3256/4053/3699 3254/4054/3700
f 2715/2291/2138 2717/1535/1449 2718/657/616 2716/2292/2139
f 2722/4055/3701 2723/4056/3702 2724/4057/3703
f 2725/4058/3704 2724/4057/3703 2723/4056/3702 2726/4059/3705
f 2723/4056/3702 2722/4055/3701 2727/4060/3706 2728/4061/3707
f 2487/3850/3537 2482/1192/1133 2729/3851/3538
f 2481/1197/1138 2730/4062/3708 2729/3851/3538 2482/1192/1133
f 2731/4063/3709 2732/3934/3601 2733/4064/3710 2734/4065/3711
f 2734/4065/3711 2684/2248/2095 2683/2247/520 2731/4063/3709
f 2735/4066/3712 2736/4067/3713 2737/4068/3714 2738/4069/3715
f 2739/2866/2675 2736/4067/3713 2735/4066/3712 2740/4070/3716
f 2735/4066/3712 2738/4069/3715 2700/4048/3694 2740/4070/3716
f 1367/2438/2263 2741/2945/2754 2579/2944/2753 1368/3707/3422
f 2171/3469/3231 2140/1350/1274 2139/3432/3197 2142/3466/3228
f 33/4071/55 12/20/12 14/22/14 34/85/68 35/83/66 32/82/56
f 2432/4072/3717 2748/4073/3718 1033/1945/1821 2433/4074/3719
f 1375/2316/2160 1355/2301/2146 1354/2300/2145 1376/2317/2161 1034/1946/1822
f 2753/2362/2201 2756/2361/2200 2757/4075/3720 2758/4076/3721
f 2761/4077/3722 2762/4078/3723 2763/4079/3724 2764/4080/3725
f 2765/4081/3726 2766/4082/3727 2767/4083/3728 2764/4084/3725
f 2562/3977/3621 2766/4082/3727 2765/4081/3726 2587/3974/3633
f 2764/4080/3725 2767/4085/3728 2768/4086/3729 2761/4077/3722
f 2765/4081/3726 2769/4087/3730 2588/4088/3731 2587/3974/3633
f 2759/403/380 2769/4087/3730 2765/4081/3726 2764/4084/3725
f 2770/4089/2196 1399/2344/2185 1402/2347/2188 2771/4090/2191
f 1400/2345/2186 1399/2344/2185 2770/4089/2196 2772/4091/3732
f 2578/4092/3546 2774/4093/3547 2772/4094/3732 2770/2357/2196 2773/2356/2195 3618/3572/3312 3654/4095/3733
f 2698/4046/3692 2776/1678/1584 2777/1677/1583 2695/4043/3689
f 2042/4096/3734 2041/3131/2923 2040/3835/3526 2043/3286/3066 2044/3285/3065
f 2781/3372/3143 2782/2108/1968 2783/4097/3735 2651/1914/1793
f 4302/3246/3032 4301/880/2590 4273/881/2589 4274/882/2588 4275/4098/3736
f 2782/2108/1968 2781/3372/3143 2785/1484/1400 2784/1483/1399
f 3785/4099/3737 3788/4100/3738 3797/4101/3739 3810/4102/3740 3809/4103/3741 3796/4104/3742 3784/4105/3743
f 2794/791/746 2795/1639/1545 2793/1638/1544 2792/792/747
f 1421/2378/2217 1417/1916/1795 1418/1915/1794 1425/3823/3511 1426/2992/2801 1423/2379/2218
f 2694/4106/3744 2799/3848/3535 2749/3847/3534 2750/4107/3745
f 2800/4108/3746 2744/4109/3747 2745/4110/3748 2801/4111/3749
f 2603/4112/3750 2602/4113/3751 2744/4109/3747 2800/4108/3746
f 2802/4114/3752 2803/4115/3753 2804/4116/3754 2603/4117/3750
f 2805/4118/3755 2604/4119/3756 2603/4120/3750 2804/4121/3754
f 2800/4122/3746 2806/4123/3757 2802/4124/3752 2603/4125/3750
f 2801/4126/3749 2807/4127/3758 2806/4123/3757 2800/4122/3746
f 2693/4042/3688 2692/4041/3687 2799/3848/3535 2694/4106/3744
f 2662/4021/3670 2808/4128/3759 2809/2480/2303 2509/2479/2302
f 2657/3030/2834 2655/3029/2833 2808/4128/3759 2662/4021/3670
f 1448/3489/3247 1449/2500/2321 1438/2416/2246 1437/2415/2245
f 2813/4129/3760 1440/4130/2247 2811/1380/1300 2810/1379/1299
f 2474/2696/2503 2517/2695/2502 2814/4131/3761 2475/4031/3677
f 1420/2377/2216 1424/2712/2513 1419/4132/3762 1417/1916/1795 1421/2378/2217
f 2787/1479/1395 2786/1485/1401 2817/4133/3763 2816/1480/1396
f 2812/1381/1301 1451/4134/2317 2822/4135/2320 2820/1377/1297
f 2823/4136/3764 2685/4137/3132 2686/4138/3678 2824/4139/3765
f 2824/4139/3765 2686/4138/3678 2825/4140/3766 2826/4141/3767
f 2824/4139/3765 2826/4141/3767 2827/4142/3768 2823/4136/3764
f 2828/4143/3769 2829/3765/3466 2595/3764/3465 2593/3980/3637
f 2611/4144/3644 2828/4143/3769 2593/3980/3637 2592/3979/3636
f 2830/4145/3770 2741/2945/2754 1367/2438/2263 1460/2437/2262
f 2831/4146/3771 2561/4147/3620 2560/4148/3619 2832/4149/3772
f 2831/4146/3771 2768/4086/3729 2767/4085/3728 2561/4147/3620
f 2761/4077/3722 2768/4086/3729 2923/1440/1360
f 2835/4150/3773 2836/4151/3774 2833/549/518 2834/548/517
f 2839/3440/3204 2835/4150/3773 2834/548/517 2840/2240/2089
f 1469/2451/2274 1662/2698/2505 2404/2016/1887 1470/2015/1886
f 2219/3519/3269 2220/3520/3270 2225/1392/1312 2224/1391/1311 2221/3521/3271
f 2841/2647/2459 2844/2646/2458 2842/1668/1574
f 2844/2646/2458 2845/4152/3775 2843/1669/1575 2842/1668/1574
f 2846/2645/2457 2827/4142/3768 2845/4152/3775 2844/2646/2458
f 2815/385/362 2852/384/361 2597/3982/3638 2596/3981/3043
f 2853/4153/3776 2854/1534/1448 2563/1635/1541 2855/1634/1540
f 1482/4154/2284 2858/4155/3777 2859/2971/2780 1483/3019/2285
f 1489/4156/2291 2860/4157/3778 2858/4155/3777 1482/4154/2284
f 1488/4158/2290 2861/4159/3779 2860/4157/3778 1489/4156/2291
f 4385/4160/3780 4384/4161/3781 4393/4162/3782 4409/4163/3783 4407/4164/3784
f 2608/3985/3639 2605/3986/3640 2606/3987/3641 2607/4165/3785 2747/4166/3786 2746/4167/3787 2744/4109/3747 2602/4168/3751 2603/4120/3750 2604/4119/3756 2805/4118/3755 2905/4169/3788 2906/4170/3789
f 2435/3872/3550 2867/4171/3790 2868/4172/3791 1037/1949/1825
f 2868/4172/3791 2438/3875/3553 1044/1962/1838 1037/1949/1825
f 2867/4171/3790 2869/4173/3792 2849/1511/1426 2868/4172/3791
f 2512/3913/3584 2511/3912/3583 2869/4173/3792 2867/4171/3790
f 2849/1511/1426 2850/1510/1425 2438/3875/3553 2868/4172/3791
f 1506/2488/2311 2538/3937/3604 2539/2495/2318 1507/2489/2312
f 2481/1197/1138 2537/3936/3603 2870/4174/3793 2730/4062/3708
f 2865/4175/3794 2864/4176/3795 2866/4177/3796 2870/4174/3793
f 2870/4174/3793 2537/3936/3603 2538/3937/3604 2865/4175/3794
f 1506/2488/2311 1497/4178/3797 2865/4175/3794 2538/3937/3604
f 2822/2497/2320 1451/2494/2317 1507/2489/2312 2539/2495/2318
f 3448/3149/2941 1882/3148/2940 1881/2520/2339 3449/4179/3798
f 2871/4180/2319 2872/2502/2323 2820/1377/1297 2822/4135/2320
f 2535/4181/1935 2873/2071/1934 2872/2502/2323 2871/4180/2319
f 3280/4182/3799 3279/1027/974 3435/1026/973 3434/4183/3800 3428/4184/3801 3433/3364/3135
f 2875/2070/1933 2876/1978/1850 2874/1977/1849 2873/2071/1934
f 2875/2070/1933 2554/3947/3612 2463/2643/2455 2876/1978/1850
f 5217/4185/3802 5216/4186/3803 5240/4187/3804 5242/4188/3805 5225/4189/3806
f 4616/4190/3807 4626/4191/3808 4619/4192/3809 4618/4193/3810 4617/4194/3811
f 2417/3822/3510 1425/3823/3511 1418/1915/1794 1522/1919/1798
f 1517/2530/2349 1521/2516/2335 1080/1990/1862 1079/1987/1859 1516/2531/2350
f 1516/2531/2350 1079/1987/1859 1071/437/414 1515/436/413 1518/825/780 1519/824/779
f 2499/2976/2785 2498/2975/2784 2496/3903/3574 3185/4195/3812 3187/4196/3813
f 2694/4106/3744 3607/4197/3814 3588/4198/3815 2689/4038/3684 2688/4037/3683 2693/4042/3688
f 580/1176/138 581/1175/1117 257/497/469 303/489/461 256/488/140 255/4199/139
f 2891/3831/3516 2585/4200/3816 2893/4201/3817 2892/364/341
f 2888/365/342 2892/364/341 2893/4201/3817 2889/4202/3818
f 2894/3526/3274 2896/3531/3278 2897/4203/1720 2895/4204/3819
f 2897/4203/1720 2589/3976/1719 2586/3975/3634 2895/4204/3819
f 687/1332/1256 685/1556/1469 686/1304/1232 682/843/797 681/849/803 683/1333/1257
f 2898/1833/1718 2559/3957/3618 2562/3960/3621 2589/1834/1719
f 2899/4205/3820 2559/3957/3618 2898/1833/1718 2900/1832/1717
f 2901/4206/3821 2899/4205/3820 2900/1832/1717 2902/4207/3822
f 2903/4208/3823 2560/3958/3619 2559/3957/3618 2904/4209/3824
f 2804/4121/3754 2903/4208/3823 2904/4209/3824 2805/4118/3755
f 2905/4169/3788 2520/2693/2500 2519/2692/2499 2906/4170/3789
f 2518/2697/2504 2523/4210/3594 2608/3985/3639 2906/4170/3789
f 2906/4170/3789 2519/2692/2499 2518/2697/2504
f 2523/4210/3594 2494/2238/2087 2485/1194/1135 2608/3985/3639
f 2905/4169/3788 2901/4206/3821 2902/4207/3822 2520/2693/2500
f 2907/4211/3825 2832/4149/3772 2560/4148/3619 2903/4212/3823
f 2908/4213/3826 2909/4214/3827 2910/3052/2856 2911/4215/3828
f 2912/4216/3829 2908/4213/3826 2911/4215/3828 2913/4217/3830
f 2832/4149/3772 2907/4211/3825 2908/4213/3826 2912/4216/3829
f 1606/2620/2432 1552/2622/2434 1553/2569/2386 1551/2568/2385 1615/2631/2443
f 2913/4217/3830 2911/4215/3828 2915/2732/2528 2914/2571/2388
f 2914/2571/2388 2917/1443/1363 2918/1442/1362 2913/4217/3830
f 2912/4216/3829 2919/1441/1361 2831/4146/3771 2832/4149/3772
f 2913/4217/3830 2918/1442/1362 2919/1441/1361 2912/4216/3829
f 3935/4218/3831 3910/4219/3832 3908/4220/3833 3909/4221/3834 3914/4222/3835
f 2923/1440/1360 2927/3115/2911 2762/4078/3723 2761/4077/3722
f 2928/4223/3836 2929/4224/3837 2930/4225/3838 2931/4226/3839
f 2924/3113/2909 2928/4223/3836 2931/4226/3839 2925/3114/2910
f 2926/3112/2908 2932/4227/3840 2928/4223/3836 2924/3113/2909
f 2932/4227/3840 2933/4228/3841 2929/4224/3837 2928/4223/3836
f 2930/4225/3838 2929/4224/3837 2934/4229/3842 2935/4230/3843
f 2933/4228/3841 2936/4231/3844 2934/4229/3842 2929/4224/3837
f 2937/4232/3845 2938/4233/3846 2939/4234/3847 2940/4235/3848
f 2935/4230/3843 2937/4232/3845 2940/4235/3848 2930/4225/3838
f 2938/4233/3846 2941/4236/3849 2942/4237/3850 2939/4234/3847
f 2943/4238/3851 2944/4239/3852 2945/4240/3853 2946/4241/3854
f 2947/4242/3855 2943/4238/3851 2946/4241/3854 2807/4127/3758
f 2938/4233/3846 2937/4232/3845 2943/4238/3851 2947/4242/3855
f 2937/4232/3845 2935/4230/3843 2944/4239/3852 2943/4238/3851
f 2947/4242/3855 2948/4243/3856 2941/4236/3849 2938/4233/3846
f 2807/4127/3758 2801/4126/3749 2948/4243/3856 2947/4242/3855
f 2949/4244/3857 2934/4229/3842 2936/4231/3844 2950/4245/3858
f 2951/4246/3859 2949/4244/3857 2950/4245/3858 2952/4247/3860
f 2944/4239/3852 2949/4244/3857 2951/4246/3859 2945/4240/3853
f 2935/4230/3843 2934/4229/3842 2949/4244/3857 2944/4239/3852
f 2953/4248/3861 2954/4249/3862 2955/4250/2853 2956/4251/2852
f 2957/4252/3863 2953/4248/3861 2956/4251/2852 2958/4253/2857
f 2945/4240/3853 2951/4246/3859 2953/4248/3861 2957/4252/3863
f 2951/4246/3859 2952/4247/3860 2954/4249/3862 2953/4248/3861
f 2959/4254/3864 2806/4123/3757 2807/4127/3758 2946/4241/3854
f 2957/4252/3863 2959/4254/3864 2946/4241/3854 2945/4240/3853
f 2958/4253/2857 2960/4255/3865 2959/4254/3864 2957/4252/3863
f 2960/4255/3865 2802/4124/3752 2806/4123/3757 2959/4254/3864
f 3449/4179/3798 1881/2520/2339 1880/2519/2338 3452/3561/3303
f 2960/4256/3865 2909/4214/3827 2803/4115/3753 2802/4114/3752
f 2960/4256/3865 2958/3053/2857 2910/3052/2856 2909/4214/3827
f 2955/3049/2853 2963/4257/3866 2964/4258/3867 2962/3050/2854
f 2965/4259/3868 2966/4260/3869 2964/4258/3867 2963/4257/3866
f 2964/4258/3867 2967/2731/2527 2916/2733/2529 2962/3050/2854
f 2966/4260/3869 2968/4261/3870 2967/2731/2527 2964/4258/3867
f 2915/2732/2528 2911/4215/3828 2910/3052/2856 2961/3051/2855
f 2916/2733/2529 2915/2732/2528 2961/3051/2855 2962/3050/2854
f 2969/4262/3871 2970/4263/3872 2971/4264/3873 2972/4265/3874
f 2968/4261/3870 2966/4260/3869 2970/4263/3872 2969/4262/3871
f 2969/4262/3871 2973/4266/3875 2974/4267/3876 2968/4261/3870
f 2972/4265/3874 2975/4268/3877 2973/4266/3875 2969/4262/3871
f 2968/4261/3870 2974/4267/3876 2976/2572/2389 2967/2731/2527
f 2977/4269/3878 2978/4270/3879 2974/4267/3876 2973/4266/3875
f 2975/4268/3877 2979/3779/3478 2977/4269/3878 2973/4266/3875
f 2980/2570/2387 2976/2572/2389 2974/4267/3876 2978/4270/3879
f 2981/4271/3880 2982/4272/3881 2978/4270/3879 2977/4269/3878
f 2979/3779/3478 2983/3778/3477 2981/4271/3880 2977/4269/3878
f 2982/4272/3881 2984/3927/3595 2980/2570/2387 2978/4270/3879
f 2981/4271/3880 2985/4273/3882 2986/4274/3883 2982/4272/3881
f 2983/3778/3477 2987/3781/3480 2985/4273/3882 2981/4271/3880
f 2984/3927/3595 2988/4275/3884 2926/3112/2908 2922/3111/2907
f 2982/4272/3881 2986/4274/3883 2988/4275/3884 2984/3927/3595
f 2989/4276/3885 2990/4277/3886 2991/4278/3887 2992/4279/3888
f 4626/4191/3808 4616/4190/3807 4614/4280/3889 4613/4281/3890 4615/4282/2954 4650/4283/2953 4651/4284/3891 4627/4285/3892
f 2987/3781/3480 2993/4286/3893 2989/4276/3885 2985/4273/3882
f 2993/4286/3893 2994/3797/3496 2990/4277/3886 2989/4276/3885
f 2995/4287/3894 2996/4288/3895 2933/4228/3841 2932/4227/3840
f 2988/4275/3884 2995/4287/3894 2932/4227/3840 2926/3112/2908
f 2992/4279/3888 2991/4278/3887 2996/4288/3895 2995/4287/3894
f 2990/4277/3886 2997/4289/3896 2998/4290/3897 2991/4278/3887
f 2994/3797/3496 2999/3796/3495 2997/4289/3896 2990/4277/3886
f 2996/4288/3895 3000/4291/3898 2936/4231/3844 2933/4228/3841
f 2991/4278/3887 2998/4290/3897 3000/4291/3898 2996/4288/3895
f 3001/4292/3899 3002/4293/3900 3003/4294/3901 3004/4295/3902
f 2997/4289/3896 3001/4292/3899 3004/4295/3902 2998/4290/3897
f 2999/3796/3495 3005/4296/3903 3001/4292/3899 2997/4289/3896
f 3005/4296/3903 3006/4297/3904 3002/4293/3900 3001/4292/3899
f 3007/4298/3905 3008/4299/3906 2952/4247/3860 2950/4245/3858
f 3000/4291/3898 3007/4298/3905 2950/4245/3858 2936/4231/3844
f 2998/4290/3897 3004/4295/3902 3007/4298/3905 3000/4291/3898
f 3004/4295/3902 3003/4294/3901 3008/4299/3906 3007/4298/3905
f 3009/4300/3907 3010/4301/3908 2965/4302/3868 3011/4303/3909
f 3002/4293/3900 3009/4300/3907 3011/4303/3909 3003/4294/3901
f 3006/4297/3904 3012/4304/3910 3009/4300/3907 3002/4293/3900
f 3012/4304/3910 3013/4305/3911 3010/4301/3908 3009/4300/3907
f 3014/4306/3912 2954/4249/3862 2952/4247/3860 3008/4299/3906
f 3014/4306/3912 3008/4299/3906 3003/4294/3901 3011/4303/3909
f 2963/4307/3866 3014/4306/3912 3011/4303/3909 2965/4302/3868
f 2963/4307/3866 2955/4250/2853 2954/4249/3862 3014/4306/3912
f 3181/3193/2985 3182/4308/3913 3180/4309/3914 3179/3194/2986
f 3016/2680/2490 3015/2679/2489 3013/4305/3911 3012/4304/3910
f 3017/2682/2492 3016/2680/2490 3012/4304/3910 3006/4297/3904
f 2138/2271/2118 1140/2270/2117 1143/3648/3372 2139/3432/3197
f 3015/4310/2489 3018/3438/3202 2971/4264/3873 3013/4311/3911
f 654/1235/1172 471/953/903 651/1234/1171 652/1238/1175 653/1237/1174
f 3010/4312/3908 2970/4263/3872 2966/4260/3869 2965/4259/3868
f 3013/4311/3911 2971/4264/3873 2970/4263/3872 3010/4312/3908
f 3019/4313/2488 3021/4314/849 3022/4315/3915 3020/3439/3203
f 1657/2684/2494 1662/2698/2505 1469/2451/2274 1659/2691/2498
f 2835/4150/3773 2839/3440/3204 3020/3439/3203 3022/4315/3915
f 3018/3438/3202 3023/3437/3201 2972/4265/3874 2971/4264/3873
f 3021/4314/849 3024/4316/848 3025/4317/3916 3022/4315/3915
f 3022/4315/3915 3025/4317/3916 2836/4151/3774 2835/4150/3773
f 3024/4316/848 3026/4318/3917 3027/2705/2510 3025/4317/3916
f 3025/4317/3916 3027/2705/2510 3028/2704/2509 2836/4151/3774
f 3028/2704/2509 3030/2703/2508 3031/4319/3918 3032/4320/3919
f 3032/4320/3919 2833/549/518 2836/4151/3774 3028/2704/2509
f 2777/1677/1583 2779/1682/1588 2780/4321/3920 3554/4322/3921 3560/4323/3661 2778/4324/3660 2695/4043/3689
f 3032/4320/3919 3031/4319/3918 3034/4325/3602 3033/4326/3922
f 2682/550/519 2731/4327/3709 2683/551/520
f 827/4328/3923 836/4329/1573 834/4330/1566 833/1696/1565 835/1695/1599
f 3031/4331/3918 3037/539/511 3036/538/510 3034/3935/3602
f 973/1850/1735 976/1864/1748 986/1863/1747 969/1847/1732 968/1846/1731
f 3039/2188/2041 2733/4064/3710 2732/3934/3601 3038/3933/3600
f 717/1161/1105 765/1222/1159 764/1221/1158 716/1488/1403
f 3042/4332/3924 2733/4064/3710 3039/2188/2041 3041/2187/2040
f 3043/4333/3925 3044/4334/3926 3041/2187/2040 3040/2186/2039
f 2532/1347/1271 2551/1346/1270 3043/4333/3925 3040/2186/2039
f 3044/4334/3926 3045/4335/3927 3042/4332/3924 3041/2187/2040
f 2630/4336/3657 3046/4337/3928 3045/4335/3927 2631/4338/3658
f 3045/4335/3927 3046/4337/3928 3047/4339/3929 3042/4332/3924
f 3044/4334/3926 3048/4340/3930 2631/4338/3658 3045/4335/3927
f 3043/4333/3925 2551/1346/1270 3049/4341/2240 3050/4342/3607
f 3044/4334/3926 3043/4333/3925 3050/4342/3607 3048/4340/3930
f 3048/4343/3930 3050/3941/3607 2633/3943/3609 2631/4009/3658
f 4264/4344/3931 4266/4345/3932 4268/4346/3933 4250/4347/3934 4252/4348/3935
f 3051/2410/2241 3271/3940/3606 3053/3939/3605 3055/4349/3936 3052/2407/2238
f 4293/877/2582 4294/878/2592 4295/4350/3937 4291/4351/3938 4289/876/2583
f 268/4352/420 271/4353/419 274/3268/423 317/517/489 319/519/491 267/434/411 266/433/410 586/1131/1078 630/1191/1132 589/4354/1080 587/4355/1079
f 792/1590/1499 812/4356/3939 813/4357/3940 790/1581/1490 789/1580/1489
f 2614/2382/2221 2617/3994/3648 3057/2743/2539 3058/4358/3941
f 3059/4359/3942 3060/3121/2917 3061/3060/2861 3062/3063/2864
f 3062/3063/2864 2614/2382/2221 3058/4358/3941 3059/4359/3942
f 3470/4360/3943 3526/4361/3944 3520/4362/3945 3467/4363/3946 3466/2014/1885
f 3065/1529/1443 2636/2380/2219 3063/3062/2863 3066/1530/1444
f 1704/2762/2558 1932/3109/2905 1931/3108/2904 1705/2763/2559
f 2636/2380/2219 3065/1529/1443 3067/3931/3599 2637/656/615
f 3069/2142/1998 2637/656/615 3067/3931/3599 3070/2143/1999
f 3070/2143/1999 3067/3931/3599 3068/3930/3598 3071/4364/2000
f 3072/653/612 3073/1632/1538 2615/2381/2220 3074/654/613
f 3073/1632/1538 3076/4365/3947 2616/3993/3647 2615/2381/2220
f 3077/4366/3948 3073/1632/1538 3078/1631/1537 3079/4367/3949
f 3079/4367/3949 3078/1631/1537 2857/1630/1536 3080/4368/3950
f 3079/4367/3949 3080/4368/3950 2629/4007/3656 3077/4366/3948
f 3077/4366/3948 3081/4369/3951 3076/4365/3947 3073/1632/1538
f 2632/4010/3659 3081/4369/3951 3077/4366/3948 2629/4007/3656
f 3082/4370/3952 2634/3942/3608 2635/2408/2239 3083/4371/3953
f 3083/4371/3953 3076/4365/3947 3081/4369/3951 3082/4370/3952
f 3082/4370/3952 3081/4369/3951 2632/4010/3659 2634/3942/3608
f 3055/4349/3936 3083/4371/3953 2635/2408/2239 3052/2407/2238
f 3076/4365/3947 3083/4371/3953 3055/4349/3936 2616/3993/3647
f 757/1461/1380 465/949/899 463/947/897 535/1335/1259 605/2807/2617 606/1157/1101 604/1154/1098 603/1153/1097
f 2718/657/616 2717/1535/1449 2854/1534/1448 3075/652/611
f 1910/927/878 1913/2759/2555 1708/2766/2562 1338/928/879
f 3069/2142/1998 2716/2292/2139 2718/657/616 2637/656/615
f 1337/4372/880 1340/2788/2134 1724/2753/2549 1723/931/882 1341/930/881
f 3086/3095/2891 3088/1537/1451 3085/1536/1450 2717/3737/1449
f 3086/3095/2891 3089/3094/2890 3090/4373/3954 3088/1537/1451
f 3091/1533/1447 3092/4374/3955 3093/2101/1962 2564/2105/1965
f 3088/1537/1451 3090/4373/3954 3092/4374/3955 3091/1533/1447
f 2563/2104/1541 2854/4375/1448 3091/1533/1447 2564/2105/1965
f 3092/4374/3955 3094/3433/3198 3095/3435/3200 3093/2101/1962
f 3090/4373/3954 2712/2272/2119 3094/3433/3198 3092/4374/3955
f 3095/3435/3200 2680/2250/2097 3096/2102/1963 3093/2101/1962
f 2680/2250/2097 2679/2249/2096 3097/4376/3956 3096/2102/1963
f 3096/2102/1963 3097/4376/3956 3098/4377/3957 2565/2103/1964
f 3099/4378/3958 3047/4339/3929 3046/4337/3928 3100/4379/3959
f 3097/4376/3956 3099/4378/3958 3100/4379/3959 3098/4377/3957
f 3100/4379/3959 3046/4337/3928 2630/4336/3657 3101/4380/3960
f 3098/4377/3957 3100/4379/3959 3101/4380/3960 2856/4381/1542
f 2856/4381/1542 2563/2104/1541 2565/2103/1964 3098/4377/3957
f 760/3688/3408 523/3687/3407 504/3686/3406 514/3685/3405 450/934/885 449/933/884 496/984/931 494/975/923 495/976/924
f 2284/3615/3349 2244/3547/3291 1248/2171/2027 2245/3553/3297 2346/4382/3434 2344/3725/3432
f 3102/3434/3199 2681/2251/2098 2680/2250/2097 3095/3435/3200
f 2451/3887/3562 2450/3886/3561 2681/2251/2098 3102/3434/3199
f 3102/3434/3199 3103/2820/2630 3104/2819/2629 2451/3887/3562
f 5059/4383/3961 5042/4384/3962 5041/4385/3963 5057/4386/3964 5058/1540/1454
f 2663/2222/2075 2452/2226/2079 2451/3887/3562 3104/2819/2629
f 593/923/874 591/4387/1083 589/4354/1080 630/1191/1132 629/1190/1131 631/924/875
f 2664/2225/2078 3105/2830/2640 2454/2829/2639 2452/2226/2079
f 1001/1893/1773 981/1857/1742 980/1856/1741 998/1883/1767 999/1904/1783 1000/4388/3965 1002/1908/1787 1003/1890/1774
f 3108/4389/3966 2456/3889/3564 2459/2827/2637 3107/2826/2636
f 3109/4390/3967 3110/4391/3968 2456/3889/3564 3108/4389/3966
f 3111/3451/3215 3112/3450/3214 3110/4391/3968 3109/4390/3967
f 3112/3450/3214 2440/3877/3555 2448/3884/3559 3110/4391/3968
f 2448/3884/3559 2457/3890/3565 2456/3889/3564 3110/4391/3968
f 3112/3450/3214 3114/781/736 2441/780/735 2440/3877/3555
f 3118/2450/2273 3119/2449/2272 3120/4392/3969
f 3119/2449/2272 3121/2448/2271 3122/783/738 3115/782/737 3120/4392/3969
f 3372/4393/3970 3454/2473/2296 3281/3281/3061 3373/1508/1423 3371/1507/1422
f 3121/2448/2271 2659/2447/2270 2506/3909/3580 2504/3907/3578
f 3122/783/738 3121/2448/2271 2504/3907/3578 2503/3906/3577
f 823/1628/1535 801/1598/1507 840/1020/967 838/1672/1578 821/1626/1533
f 3458/3177/2969 3306/3175/2967 3456/1608/1516 3354/3118/2914 3457/4394/3971
f 2503/3906/3577 2446/4395/3558 2445/784/739 3122/783/738
f 2653/3033/2837 2660/2446/2269 3118/2450/2273 3123/4396/3972
f 2654/3034/2838 2653/3033/2837 3123/4396/3972 3124/4397/3973
f 3123/4396/3972 3125/4398/3974 3127/4399/3975 3124/4397/3973
f 3128/4400/3976 3125/4398/3974 3123/4396/3972 3118/2450/2273
f 3128/4400/3976 3117/4401/3977 3126/4402/3978 3125/4398/3974
f 846/1689/1594 845/1688/1593 844/1676/1582 774/1563/1475 781/1572/1482 847/1684/1590
f 3117/4401/3977 3116/3449/3213 3129/4403/3979 3126/4402/3978
f 3116/3449/3213 3113/3448/3212 3130/4404/3980 3129/4403/3979
f 3133/4405/3981 3130/4404/3980 3113/3448/3212 3111/3451/3215
f 3134/4406/3982 3131/4407/3983 3130/4404/3980 3133/4405/3981
f 3133/4405/3981 3135/4408/3984 3136/4409/3985 3134/4406/3982
f 3109/4390/3967 3135/4408/3984 3133/4405/3981 3111/3451/3215
f 3137/4410/3986 3138/4411/3987 3131/4407/3983 3134/4406/3982
f 3138/4411/3987 3139/4412/3988 3132/4413/3989 3131/4407/3983
f 3134/4406/3982 3136/4409/3985 3142/4414/3990 3137/4410/3986
f 3136/4409/3985 3144/4415/3991 3143/4416/3992 3142/4414/3990
f 3144/4415/3991 3136/4409/3985 3135/4408/3984 3145/4417/3993
f 3108/4389/3966 3145/4417/3993 3135/4408/3984 3109/4390/3967
f 3146/4418/3994 3107/2826/2636 3106/2831/2641 3147/4419/3995
f 3148/4420/3996 3146/4418/3994 3147/4419/3995 3149/4421/3997
f 3144/4415/3991 3145/4417/3993 3146/4418/3994 3148/4420/3996
f 3145/4417/3993 3108/4389/3966 3107/2826/2636 3146/4418/3994
f 3147/4419/3995 3106/2831/2641 3105/2830/2640 3150/4422/3998
f 3149/4421/3997 3147/4419/3995 3150/4422/3998 3151/4423/3999
f 2668/2224/2077 3150/4422/3998 3105/2830/2640 2664/2225/2078
f 2668/2224/2077 2667/3157/2949 3151/4423/3999 3150/4422/3998
f 3151/4423/3999 2667/3157/2949 3153/1339/1263 3152/396/373
f 3152/396/373 3154/395/372 3149/4421/3997 3151/4423/3999
f 2866/4177/3796 2864/4176/3795 2865/4175/3794 1497/4178/3797 1500/3825/3512 1501/3826/3513
f 3157/4424/4000 3143/4416/3992 3144/4415/3991 3148/4420/3996
f 3154/395/372 3157/4424/4000 3148/4420/3996 3149/4421/3997
f 1239/4425/1689 1240/3815/1688 2414/3818/3507 2413/1648/1554 2412/1647/1553 2411/3814/1690
f 1970/1427/1347 1807/4035/3681 1804/2938/2747 1805/2937/2746 1806/862/816 1971/861/815
f 2310/3657/3381 2308/3649/3373 2304/3645/3369 2305/3646/3370 2306/3647/3371 2307/3658/3382
f 3168/854/808 3170/4426/4001 3169/2039/1909 3165/855/809
f 3168/854/808 3171/4427/4002 3172/4428/4003 3170/4426/4001
f 3170/4426/4001 3172/4428/4003 3173/3325/3101 3174/4429/4004
f 1531/2532/2351 1528/2527/2346 1812/2941/2750 1809/2936/2745 1808/2935/2744
f 3174/4429/4004 3173/3325/3101 2890/3324/3100 2889/4202/3818
f 3175/2040/1910 2893/4201/3817 2585/4200/3816 2584/2041/1911
f 3172/4428/4003 3176/4430/4005 3177/3326/3102 3173/3325/3101
f 1527/2526/2345 1524/1917/1796 1417/1916/1795 1419/4132/3762 1814/2949/2758 1813/2942/2751
f 3588/4198/3815 3589/4431/4006 2742/3393/3162 2743/3392/3161 2690/4039/3685 2689/4038/3684
f 2184/3173/2965 2186/1351/1275 2140/1350/1274 2171/3469/3231 2173/3471/3233 2185/3485/3243
f 1819/2715/2516 1820/3198/2990 1818/3186/2978 1817/2716/2517
f 2792/792/747 2796/2375/2214 3180/4309/3914 3182/4308/3913 3183/4432/4007 2495/793/748
f 3182/4308/3913 3184/4433/4008 3185/4195/3812 3183/4432/4007
f 1305/634/596 1463/633/595 1464/2021/1891 1299/2020/1890 1304/2710/1929
f 3184/4433/4008 3186/4434/4009 3187/4196/3813 3185/4195/3812
f 1112/233/213 1113/236/216 1824/2956/2765 1822/2954/2763 1110/2022/1892
f 3186/4434/4009 3188/4435/4010 3189/4436/4011 3187/4196/3813
f 3187/4196/3813 3189/4436/4011 3190/2973/2782 2499/2976/2785
f 3189/4436/4011 3191/4437/4012 3192/2969/2778 3190/2973/2782
f 3191/4437/4012 3193/4438/4013 3194/2970/2779 3192/2969/2778
f 5195/1940/1818 5160/1939/1817 5161/4439/4014 5159/4440/4015 5194/4441/4016
f 5125/4351/4017 5127/4350/4018 5128/878/832 5126/877/831 5122/876/830
f 1145/2058/1924 1144/2062/1926 2134/3431/3196 2133/3427/3192 2130/1205/1146
f 3195/2972/2781 2859/2971/2780 2858/4155/3777 3197/4442/4019
f 3196/2974/2783 3195/2972/2781 3197/4442/4019 3198/2985/2794
f 3198/2985/2794 2500/795/750 2498/2975/2784 3196/2974/2783
f 3199/4443/4020 2860/4157/3778 2861/4159/3779 3200/4444/4021
f 1836/2979/2788 1839/2989/2798 1838/2981/2790 1837/2980/2789 1835/2978/2787
f 3197/4442/4019 2858/4155/3777 2860/4157/3778 3199/4443/4020
f 1041/1959/1835 2437/3874/3552 2434/3871/3549 1036/1948/1824
f 3202/790/745 3201/2984/2793 3203/4445/4022 3204/4446/4023
f 3204/4446/4023 2795/1639/1545 2794/791/746 3202/790/745
f 3380/4447/4024 3382/4448/4025 3383/1606/1514 3368/4449/4026 3367/3280/3060 3378/3279/3059
f 3204/4446/4023 3203/4445/4022 3205/4450/4027 3206/4451/4028
f 3204/4446/4023 3206/4451/4028 2798/1640/1546 2795/1639/1545
f 213/4452/4029 214/867/821 211/914/866 212/2864/2674
f 3206/4451/4028 3205/4450/4027 3208/569/538 3207/572/541
f 3206/4451/4028 3207/572/541 3209/3821/3509 2798/1640/1546
f 3208/569/538 3220/2997/2806 3214/1981/1853 2880/1980/1852 2879/3155/2947 3210/571/540 3211/570/539
f 2684/2248/2095 2734/4065/3711 2733/4064/3710 2679/2249/2096
f 2056/1475/1393 2008/3313/3011 2060/3311/3088 2057/651/610 2058/650/609
f 3214/1981/1853 3213/3000/2809 2813/4129/3760 2810/1379/1299
f 3212/2999/2808 1854/3004/2811 1853/4453/2810 3213/3000/2809
f 825/1697/1600 826/4454/4030 827/4328/3923 835/1695/1599
f 1855/3003/2812 3215/2998/2807 3216/4455/4031 1857/4456/2813
f 1857/4456/2813 3216/4455/4031 3217/4457/4032 1859/4458/2815
f 1859/4458/2815 3217/4457/4032 2861/4159/3779 1488/4158/2290
f 3218/4459/4033 3205/4450/4027 3203/4445/4022 3219/4460/4034
f 3216/4455/4031 3218/4459/4033 3219/4460/4034 3217/4457/4032
f 3219/4460/4034 3203/4445/4022 3201/2984/2793 3200/4444/4021
f 3217/4457/4032 3219/4460/4034 3200/4444/4021 2861/4159/3779
f 3220/2997/2806 3208/569/538 3205/4450/4027 3218/4459/4033
f 3215/2998/2807 3220/2997/2806 3218/4459/4033 3216/4455/4031
f 1865/4461/2826 3193/4438/4013 3221/4462/4035 1866/4463/2827
f 1866/4463/2827 3221/4462/4035 3222/3027/2831 1868/3026/719
f 4140/4464/4036 4142/4465/4037 4191/4466/4038 4144/4467/4039 4141/4468/4040 4138/4469/4041
f 3385/3290/3070 3356/2847/2657 3353/2846/2656 3355/1607/1515 3383/1606/1514 3382/4448/4025
f 161/315/292 187/314/291 185/553/522 330/2399/2234 331/2398/2233
f 1326/1323/1247 2227/3532/3279 2225/1392/1312 2220/3520/3270 2222/1324/1248
f 1204/1653/1559 1203/1652/1558 1531/2532/2351 1808/2935/2744 1206/4470/4042
f 2118/2518/2337 2072/1551/1465 1879/1319/1243 1880/2519/2338
f 3377/3278/3058 3376/3277/3057 3425/3341/3114 3424/3346/3119
f 2112/701/660 2114/3380/3149 1882/3148/2940 1883/702/661
f 4204/4471/4043 4206/4472/4044 4222/4473/4045 4167/4474/4046 4223/4475/4047
f 3957/4476/4048 3995/4477/4049 3997/4478/4050 4000/4479/4051 4001/4480/4052
f 229/490/462 230/1094/1041 227/467/442 224/370/347 222/368/345 226/378/355
f 1888/2841/2651 2106/4481/4053 2105/1071/1018 1887/1074/1021
f 1889/3386/3155 2119/3385/3154 2106/4481/4053 1888/2841/2651 1890/4482/4054
f 1892/3066/2867 3230/4483/4055 2720/3075/2874 1342/2752/2548
f 2817/4133/3763 3736/4484/4056 2740/4070/3716 2818/4485/4057 2819/1481/1397 2816/1480/1396
f 3230/4483/4055 3231/4486/4058 3233/3076/2875 2720/3075/2874
f 2584/2041/1911 2587/3974/3633 2588/4088/3731 2769/4087/3730 2759/403/380 3163/402/379 3164/1338/1262
f 3235/3234/3020 3236/3077/2876 3233/3076/2875 3232/3078/2877
f 751/1451/1370 737/3970/3631 738/1217/1154 734/1216/1153 753/1449/1368
f 3232/3078/2877 3237/2373/2212 3238/3235/3021 3235/3234/3020
f 3237/2373/2212 3241/1025/972 3242/3236/3022 3238/3235/3021
f 1517/2530/2349 2417/3822/3510 1522/1919/1798 1521/2516/2335
f 3193/4438/4013 1865/3020/2826 1832/2968/2777 1831/2967/2776 1864/3018/2825 3194/2970/2779
f 3247/3099/2895 3248/4487/4059 2713/2273/2120 3089/3094/2890
f 3245/3098/2894 3244/3237/3023 3248/4487/4059 3247/3099/2895
f 2712/2272/2119 3090/4373/3954 3089/3094/2890 2713/2273/2120
f 3249/2141/1997 3251/2145/2001 3252/4488/4060 3250/3096/2892
f 3251/2145/2001 3253/3928/3596 3254/4054/3700 3252/4488/4060
f 3250/3096/2892 3252/4488/4060 3255/4489/4061 3240/3233/3019
f 3252/4488/4060 3254/4054/3700 3256/4053/3699 3255/4489/4061
f 3239/3232/3018 3243/3097/2893 3250/3096/2892 3240/3233/3019
f 1688/2730/2526 1258/2184/2037 1259/2185/2038 1260/576/545 1689/579/548
f 268/443/420 587/1132/1079 588/1135/1082 269/2862/2672 270/444/421
f 3037/539/511 3031/4331/3918 3030/4490/2508 3529/2702/2507 3528/4491/4062 3463/540/512
f 3258/4051/3697 3260/4492/4063 3261/4493/4064 3259/4052/3698
f 3255/4489/4061 3256/4053/3699 3259/4052/3698 3261/4493/4064 3262/309/286 3263/308/285 2721/3074/2873 2719/3073/2872 3236/3077/2876 3235/3234/3020 3240/3233/3019
f 1343/2746/2542 2721/3074/2873 3263/308/285 1929/307/284
f 3260/4492/4063 2570/3967/3628 2575/3969/3630 3261/4493/4064
f 3264/3117/2913 2571/3116/2912 2570/3967/3628 3260/4492/4063
f 3258/4051/3697 3257/4050/3696 3265/1528/1442 3266/1531/1445
f 3260/4492/4063 3258/4051/3697 3266/1531/1445 3264/3117/2913
f 3266/1531/1445 3066/1530/1444 3063/3062/2863 3064/3061/2862 3264/3117/2913
f 3257/4050/3696 3254/4054/3700 3253/3928/3596 3265/1528/1442
f 2401/2783/2596 1654/2675/2485 2400/3047/2851 2399/2784/2597
f 914/4494/4065 905/1460/1379 900/1459/1378 899/1744/1645
f 2573/3968/3629 3056/4495/2538 3269/2741/2537
f 3271/4496/3606 2546/1349/1273 2550/3945/3611 3270/2740/2536
f 3051/4497/2241 2547/1345/1269 2546/1349/1273 3271/4496/3606
f 3272/4498/4066 2566/3952/3615 2573/3968/3629 3269/2741/2537
f 2550/3945/3611 3272/4498/4066 3269/2741/2537 3270/2740/2536
f 3244/3237/3023 3242/3236/3022 3241/1025/972 3273/1028/975
f 3248/4487/4059 3274/2282/2129 2708/2274/2121 2713/2273/2120
f 3244/3237/3023 3273/1028/975 3274/2282/2129 3248/4487/4059
f 3776/3606/3343 3802/4499/4067 3803/4500/4068 3801/4501/4069 3800/4502/4070 3793/3607/3344
f 3375/3245/3031 3278/3244/3030 3276/4503/4071 3277/4504/4072 3280/4182/3799 3433/3364/3135
f 1944/3130/2922 1942/3135/2927 1945/3134/2926 1946/3133/2925 1943/4505/4073 1939/3129/2921 1940/2367/2206 1941/2372/2211 1333/2371/2210
f 1949/3141/2933 1954/4506/4074 1953/3147/2939 1952/3145/2937 1950/3142/2934
f 3286/2472/2295 3284/1456/1375 3283/1455/1374 3282/3282/3062
f 3285/1452/1371 3284/1456/1375 3289/4507/4075 2670/4023/3672
f 1294/2230/2083 1293/2229/2082 1953/3147/2939 1285/2823/2633 1287/2996/2805
f 2670/4023/3672 2669/4022/3671 3287/1453/1372 3285/1452/1371
f 2666/3156/2948 2667/3157/2949 2668/2224/2077 2665/2223/2076 2672/4025/3674 2671/4024/3673 3291/4508/4076 3289/4507/4075 3284/1456/1375 3286/2472/2295 3290/2471/2294
f 3291/4508/4076 2671/4024/3673 2670/4023/3672 3289/4507/4075
f 3290/2471/2294 3293/2475/2298 3292/1340/1264 2666/3156/2948
f 1951/3143/2935 1956/3150/2942 1958/3154/2946 1959/3276/3056 2120/3388/3157
f 1279/822/777 1280/821/776 1273/2202/2055 1276/2205/2058 1278/2207/2060
f 639/1211/1150 633/926/877 725/1395/1315 641/4509/4077 642/1532/1446 640/1212/1151
f 3360/906/858 3363/1612/1520 2533/1611/1519 3357/1610/1518 3358/907/859
f 1966/3272/3052 2121/3271/3051 1963/3270/3050 1964/3269/3049 1960/2280/2127 1794/2279/2126 1793/2910/2719 1965/2915/2724 1798/2914/2723 1800/2913/2722 1799/2924/2733 1801/2923/2732 1803/4033/3679 1967/3273/3053
f 444/915/867 239/4510/4078 217/4511/4079 216/4512/4080 215/913/865
f 4128/4513/4081 4131/4514/4082 4129/3486/3244 4130/2872/2681
f 3307/3176/2968 3309/3179/2971 3310/4515/4083 3171/4427/4002
f 3171/4427/4002 3168/854/808 3167/853/807 3307/3176/2968
f 3309/3179/2971 3311/4516/4084 3312/4517/4085 3310/4515/4083
f 3310/4515/4083 3312/4517/4085 3178/4518/4086 3176/4430/4005
f 3176/4430/4005 3172/4428/4003 3171/4427/4002 3310/4515/4083
f 3311/4516/4084 3313/4519/4087 3314/3195/2987 3312/4517/4085
f 3312/4517/4085 3314/3195/2987 3179/3194/2986 3178/4518/4086
f 3313/4519/4087 3315/4520/4088 3316/3191/2983 3314/3195/2987
f 3315/4520/4088 3317/4521/4089 3318/3192/2984 3316/3191/2983
f 2260/1524/1439 2258/3621/3317 2257/3089/2888 1403/3093/2189 1397/2342/2183 1377/1520/1435
f 3317/4521/4089 3319/4522/4090 3320/4523/4091 3318/3192/2984
f 3318/3192/2984 3320/4523/4091 3321/4524/4092 3181/3193/2985
f 3320/4523/4091 3322/4525/4093 3323/4526/4094 3321/4524/4092
f 3321/4524/4092 3323/4526/4094 3186/4434/4009 3184/4433/4008
f 3184/4433/4008 3182/4308/3913 3181/3193/2985 3321/4524/4092
f 3322/4525/4093 3324/4527/4095 3325/4528/4096 3323/4526/4094
f 3323/4526/4094 3325/4528/4096 3188/4435/4010 3186/4434/4009
f 3324/4527/4095 3326/3023/2829 3327/3028/2832 3325/4528/4096
f 3325/4528/4096 3327/3028/2832 3328/4529/4097 3188/4435/4010
f 3327/3028/2832 3222/3027/2831 3221/4462/4035 3328/4529/4097
f 3329/4530/4098 3330/4531/4099 3326/3023/2829 3324/4527/4095
f 3330/4531/4099 3224/3525/3273 3223/3024/2830 3326/3023/2829
f 3324/4527/4095 3322/4525/4093 3331/4532/4100 3329/4530/4098
f 3332/4533/4101 3333/4534/4102 3329/4535/4098 3331/4536/4100
f 3322/4525/4093 3320/4523/4091 3319/4522/4090 3331/4532/4100
f 3331/4536/4100 3319/4537/4090 3334/4538/4103 3332/4533/4101
f 3335/4539/4104 3336/4540/4105 3332/4533/4101 3334/4538/4103
f 3337/4541/4106 3338/4542/4107 3336/4540/4105 3335/4539/4104
f 3319/4522/4090 3317/4521/4089 3339/4543/4108 3334/4544/4103
f 3335/4545/4104 3340/4546/4109 3341/4547/4110 3337/4548/4106
f 3334/4544/4103 3339/4543/4108 3340/4546/4109 3335/4545/4104
f 3342/3870/3548 3343/4549/3080 3337/4548/4106 3341/4547/4110
f 3344/4550/4111 3345/4551/4112 3346/4552/4113 3347/4553/4114
f 3340/4546/4109 3344/4550/4111 3347/4553/4114 3341/4547/4110
f 3339/4543/4108 3348/4554/4115 3344/4550/4111 3340/4546/4109
f 3348/4554/4115 3349/4555/4116 3345/4551/4112 3344/4550/4111
f 2006/3223/3009 2009/1320/1244 2016/374/351 2013/3229/3015 2012/3228/3014
f 245/416/393 240/414/391 239/4510/4078 444/915/867 246/417/394
f 3346/4552/4113 3351/4556/4117 3352/2845/2655 3350/2844/2654
f 605/2807/2617 607/814/769 608/813/768 606/1157/1101
f 2026/3253/3039 2027/2154/2010 1967/3273/3053 2025/4036/3682 2024/4557/4118
f 2028/527/499 2026/3253/3039 2024/4557/4118 2023/529/501 1149/528/500
f 4169/4558/4119 4119/4559/4120 4120/4560/4121 4121/4561/4122 4118/4562/4123 4122/4563/4124 4170/4564/4125
f 3361/910/862 3366/1501/1416 3367/3280/3060 3368/4449/4026 3362/4565/4126 3363/1612/1520 3360/906/858
f 4103/4566/4127 4083/4567/4128 4084/4568/4129 4104/4569/4130 4105/4570/4131 4106/4571/4132
f 4717/4572/3541 4702/4573/3540 4703/1758/1656 4704/1757/1655 4705/4574/4133
f 2038/2156/2012 1947/3389/3158 2120/3388/3157 2039/3274/3054 2037/2157/2013
f 3455/1343/1267 3298/1342/1266 3297/1341/1265 3292/1340/1264 3293/2475/2298 3294/2474/2297 3295/4575/4134 3372/4393/3970 3371/1507/1422 3296/1506/1421 3369/1505/1420 3370/1504/1419 3365/1503/1418 3364/1502/1417 3361/910/862 3301/909/861 3300/1344/1268
f 4205/4576/4135 4209/4577/4136 4210/4578/4137 4207/4579/4138 4208/4580/4139 4206/4581/4044
f 3377/3278/3058 3379/3371/3142 3380/4447/4024 3378/3279/3059
f 2034/3255/3041 2049/526/498 2047/3287/3067 2045/3283/3063 2043/3286/3066 2032/3256/3042
f 3379/3371/3142 3381/343/320 3382/4448/4025 3380/4447/4024
f 2050/3289/3069 2051/866/820 2048/3288/3068 2047/3287/3067
f 1263/2761/2557 1237/2165/2021 1236/2164/2020 1261/2770/2566 1262/2764/2560
f 403/917/869 406/2546/2364 447/2395/2230 332/2394/2229
f 336/3668/3390 337/557/526 342/586/553 346/585/552
f 1554/1888/1772 1619/2634/2446 1615/2631/2443 1551/2568/2385
f 1715/2772/2574 1480/2776/2578 1481/3829/2616 1183/3292/2605 1722/3291/3071 1712/2769/2565 1711/2768/2564
f 2107/1072/1019 2108/3376/3146 1885/3057/2860 1886/1073/1020
f 337/557/526 149/223/203 340/573/542 341/575/544 342/586/553
f 2053/864/818 2009/1320/1244 2008/3225/3011 2056/4582/1393 2055/1155/1099
f 3392/3301/3078 3395/3319/3095 3396/4583/4140 3394/3302/3079
f 3394/3302/3079 3396/4583/4140 3397/4584/4141 3338/4542/4107
f 3338/4542/4107 3337/4541/4106 3343/3303/3080 3394/3302/3079
f 3396/4583/4140 3398/3421/3186 3399/3420/3185 3397/4584/4141
f 3400/4585/4142 3226/3605/3342 3225/3604/3341 3401/4586/4143
f 3402/4587/4144 3400/4585/4142 3401/4586/4143 3333/4534/4102
f 3397/4584/4141 3399/3420/3185 3400/4585/4142 3402/4587/4144
f 3399/3420/3185 3227/3419/3184 3226/3605/3342 3400/4585/4142
f 3402/4587/4144 3336/4540/4105 3338/4542/4107 3397/4584/4141
f 3333/4534/4102 3332/4533/4101 3336/4540/4105 3402/4587/4144
f 2069/3045/2849 2070/1552/1466 2071/648/607 2062/647/606 2061/3310/3087 2065/3040/2844
f 2361/4588/4145 2360/3740/3449 2357/3735/3447 2356/3734/3446
f 2071/648/607 2073/3320/3096 2074/3323/3099 2075/1476/1394 2059/649/608
f 3410/605/571 3411/4589/4146 3406/1643/1549 3409/1642/1548
f 2889/4202/3818 2893/4201/3817 3175/2040/1910 3169/2039/1909 3170/4426/4001 3174/4429/4004
f 2081/3337/3104 2078/3349/1100 2077/3322/3098 2079/3382/3151 2089/3338/3112
f 2078/1156/1100 2081/3328/3104 2080/3327/3103 2052/865/819
f 3414/340/317 3416/3369/3140 3417/4590/4147 3415/4591/568
f 3418/339/316 3419/3370/3141 3416/3369/3140 3414/340/317
f 3381/343/320 3379/3371/3142 3419/3370/3141 3418/339/316
f 3420/4592/3118 3421/4593/4148 3422/4594/4149 3417/4595/4147
f 3422/4594/4149 3423/603/569 3415/602/568 3417/4595/4147
f 3416/3369/3140 3424/3346/3119 3420/3345/3118 3417/4590/4147
f 3390/4596/961 3343/4549/3080 3342/3870/3548 3387/3295/3072 3389/3294/962
f 2044/3285/3065 2046/3284/3064 2085/3331/3107 2083/3330/3106 2090/3340/3113
f 2092/3499/3254 2042/4096/3734 2044/3285/3065 2090/3340/3113
f 3427/3343/3116 3428/4184/3801 3429/3585/3322 3430/381/358
f 3426/3344/3117 3427/3343/3116 3430/381/358 3431/380/357
f 3431/380/357 3421/4597/4148 3420/3345/3118 3426/3344/3117
f 3432/3342/3115 3433/3364/3135 3428/4184/3801 3427/3343/3116
f 2101/3368/3139 1943/4505/4073 1946/3133/2925 2099/3132/2924 2096/3351/3123 2100/3365/3136
f 2246/3566/3296 2256/3565/3306 2251/3558/3301 2249/3557/3299
f 3434/4183/3800 3435/1026/973 3436/1121/1068 3437/1120/1067
f 3437/1120/1067 3429/3585/3322 3428/4184/3801 3434/4183/3800
f 1905/3084/2883 1939/3129/2921 1943/4505/4073 2101/3368/3139
f 2106/4481/4053 2119/3385/3154 2104/3384/3153 2102/3367/3138 2103/3366/3137
f 2105/1071/1018 2106/4481/4053 2103/3366/3137 2095/2982/2791
f 2889/4202/3818 2890/3324/3100 2886/994/941 2885/999/946 2887/361/338 2888/365/342
f 3198/2985/2794 3197/4442/4019 3199/4443/4020 3200/4444/4021 3201/2984/2793
f 3443/379/356 3442/383/360 3444/3059/2858 3445/4598/4150
f 3445/4598/4150 3421/4597/4148 3431/380/357 3443/379/356
f 3445/4599/4150 3444/3055/2858 3446/3056/2859 3447/4600/4151
f 3447/4600/4151 3422/4594/4149 3421/4593/4148 3445/4599/4150
f 3450/4601/4152 3448/3149/2941 3449/4179/3798 3451/4602/4153
f 3447/4600/4151 3446/3056/2859 3448/3149/2941 3450/4601/4152
f 3450/4601/4152 3423/603/569 3422/4594/4149 3447/4600/4151
f 3451/4602/4153 3413/604/570 3423/603/569 3450/4601/4152
f 3451/4602/4153 3449/4179/3798 3452/3561/3303 3411/4589/4146
f 3411/4589/4146 3410/605/571 3413/604/570 3451/4602/4153
f 3453/1118/1065 3438/1117/1064 3232/3078/2877 3233/3076/2875 3231/4486/4058 3234/4603/4154 3228/4604/4155 3229/4605/4156
f 3411/4589/4146 3452/3561/3303 3407/1318/1242 3406/1643/1549
f 3454/2473/2296 3286/2472/2295 3282/3282/3062 3281/3281/3061
f 3295/4575/4134 3294/2474/2297 3454/2473/2296 3372/4393/3970
f 3368/4449/4026 3383/1606/1514 3363/1612/1520 3362/4565/4126
f 623/1180/1121 622/1179/1120 624/1457/1376 625/1189/1130 626/1188/1129
f 3352/2845/2655 3351/4556/4117 3457/4394/3971 3354/3118/2914
f 3458/3177/2969 3459/4606/4157 3460/4607/4158 3308/3178/2970
f 3457/4394/3971 3351/4556/4117 3459/4606/4157 3458/3177/2969
f 3459/4606/4157 3345/4551/4112 3349/4555/4116 3460/4607/4158
f 3351/4556/4117 3346/4552/4113 3345/4551/4112 3459/4606/4157
f 3460/4607/4158 3349/4555/4116 3313/4519/4087 3311/4516/4084
f 3311/4516/4084 3309/3179/2971 3308/3178/2970 3460/4607/4158
f 3348/4554/4115 3339/4543/4108 3317/4521/4089 3315/4520/4088
f 3349/4555/4116 3348/4554/4115 3315/4520/4088 3313/4519/4087
f 3401/4586/4143 3225/3604/3341 3224/3836/3273 3330/4608/4099
f 3333/4534/4102 3401/4586/4143 3330/4608/4099 3329/4535/4098
f 1900/3080/2879 1905/3084/2883 2101/3368/3139 2102/3367/3138
f 3191/4437/4012 3189/4436/4011 3188/4435/4010 3328/4529/4097
f 3193/4438/4013 3191/4437/4012 3328/4529/4097 3221/4462/4035
f 3128/4400/3976 3118/2450/2273 3120/4392/3969
f 356/4609/578 357/607/573 358/610/575 354/601/567 353/600/566 351/597/564 202/598/308 355/4610/580
f 3127/4399/3975 3461/4611/4159 3462/4612/4160 3124/4397/3973
f 2080/3327/3103 2084/3332/3108 2048/3288/3068 2051/866/820 2052/865/819
f 1332/4613/4161 1335/2797/2607 1731/2796/2606 1732/2798/2608 1739/2818/2628 1740/2822/2632
f 3051/4497/2241 3049/4341/2240 2551/1346/1270 2547/1345/1269
f 2732/4614/3601 2731/4327/3709 3035/4615/4162 3033/4326/3922 3034/4325/3602
f 3466/2014/1885 3467/4363/3946 3468/356/333 3469/2012/1883
f 262/429/406 260/423/400 583/1123/1070 584/1130/1077
f 3470/4360/3943 3466/2014/1885 3464/537/509 3465/541/513
f 4864/4616/4163 4910/3406/3171 4909/3416/3181 4905/4617/4164 4904/4618/4165
f 3469/2012/1883 3468/356/333 2526/360/337 2529/590/557
f 3471/4619/4166 3472/194/174 3473/2454/2277 3474/357/334
f 3467/4363/3946 3471/4619/4166 3474/357/334 3468/356/333
f 4365/4620/4167 4363/4621/4168 4364/4622/4169 4321/4623/4170
f 552/1158/1102 556/1410/1330 557/1409/1329 553/1088/1035 548/1080/1027 551/1083/1030
f 2246/3552/3296 2249/3555/3299 2247/3554/3298 2245/3553/3297
f 696/1555/1468 692/4624/1245 690/1305/986 691/1554/1467
f 701/1329/1253 696/1555/1468 685/1556/1469 687/1332/1256 700/1330/1254
f 3480/1515/1430 3484/4625/4171 3485/4626/4172 3481/1516/1431
f 3479/1514/1429 3486/4627/4173 3484/4625/4171 3480/1515/1430
f 2151/3447/3211 2152/3446/3210 3482/1517/1432 3481/1516/1431
f 3487/4628/4174 3488/387/364 2155/3452/3216 2153/3455/3219
f 3488/387/364 3489/386/363 2157/3456/3048 2155/3452/3216
f 2679/2249/2096 2733/4064/3710 3042/4332/3924 3047/4339/3929 3099/4378/3958 3097/4376/3956
f 3490/507/479 3491/506/478 2161/1359/1283 2159/3261/3045
f 2041/3131/2923 2042/4096/3734 2092/3499/3254 2098/3355/3126 2099/3132/2924
f 3494/3252/3038 3493/510/482 2600/509/481 2599/1911/1790
f 3494/3252/3038 2640/3251/3037 2647/565/534 3492/564/533 3491/506/478 3493/510/482
f 811/3852/3539 826/4454/4030 825/1697/1600 824/1698/1601
f 1228/3840/3529 1101/2573/2390 1096/2090/1951 1221/2552/2370
f 2852/384/361 3496/4629/4175 3497/4630/4176 2597/3982/3638
f 3496/4629/4175 3486/4627/4173 3498/4631/4177 3497/4630/4176
f 3499/4632/4178 3484/4625/4171 3486/4627/4173 3496/4629/4175
f 3495/388/365 3499/4632/4178 3496/4629/4175 2852/384/361
f 3488/387/364 3487/4628/4174 3499/4632/4178 3495/388/365
f 3487/4628/4174 3485/4626/4172 3484/4625/4171 3499/4632/4178
f 3498/4631/4177 3478/4633/4179 3477/4634/4180 2612/3991/3645
f 2609/3988/3642 2592/3983/3636 2597/3982/3638 3497/4630/4176
f 2612/3991/3645 2609/3988/3642 3497/4630/4176 3498/4631/4177
f 3486/4627/4173 3479/1514/1429 3478/4633/4179 3498/4631/4177
f 3477/4634/4180 3476/4635/4181 3475/4636/4182 3500/4637/4183
f 3500/4637/4183 2613/3992/3646 2612/3991/3645 3477/4634/4180
f 3501/193/173 3502/192/172 3503/4638/4184 3504/4639/4185
f 3475/4636/4182 3501/193/173 3504/4639/4185 3500/4637/4183
f 3504/4639/4185 3505/4640/4186 2613/3992/3646 3500/4637/4183
f 3503/4638/4184 3506/4641/4187 3505/4640/4186 3504/4639/4185
f 3506/4641/4187 3503/4638/4184 3507/4642/4188 3508/4643/4189
f 3508/4643/4189 3509/4644/4190 3510/4645/4191 3506/4641/4187
f 3509/4644/4190 2556/4646/3467 2829/4647/3466 3510/4645/4191
f 2610/3989/3643 2613/3992/3646 3505/4640/4186 3511/4648/4192
f 3511/4648/4192 3505/4640/4186 3506/4641/4187 3510/4645/4191
f 2828/4649/3769 3511/4648/4192 3510/4645/4191 2829/4647/3466
f 2611/3990/3644 2610/3989/3643 3511/4648/4192 2828/4649/3769
f 3508/4643/4189 3507/4642/4188 3512/4650/4193 2545/711/670
f 2545/711/670 2542/710/669 3509/4644/4190 3508/4643/4189
f 2556/4646/3467 3509/4644/4190 2542/710/669
f 3512/4650/4193 3513/190/170 3514/3921/3592 3515/4651/4194
f 3515/4651/4194 2543/704/663 2545/711/670 3512/4650/4193
f 3507/4642/4188 3516/191/171 3513/190/170 3512/4650/4193
f 3503/4638/4184 3502/192/172 3516/191/171 3507/4642/4188
f 2758/4076/3721 3141/4652/4195 3139/4412/3988 3138/4411/3987
f 4535/4653/4196 4537/4654/4197 4539/4655/4198 4538/4656/4199 4525/4657/4200 4536/4658/4201
f 3520/4362/3945 3521/4659/4202 3522/4660/4203 3523/4661/4204
f 3524/4662/4205 2508/3911/3582 2510/2478/2301 3521/4659/4202
f 3525/4663/4206 2505/3908/3579 2508/3911/3582 3524/4662/4205
f 3522/4660/4203 2510/2478/2301 3519/2477/2300 3517/189/169
f 2510/2478/2301 3522/4660/4203 3521/4659/4202
f 3526/4361/3944 3527/4664/4207 3525/4663/4206 3524/4662/4205
f 3526/4361/3944 3524/4662/4205 3521/4659/4202 3520/4362/3945
f 3528/4491/4062 3529/2702/2507 3530/2707/2512 3531/4665/4208
f 3527/4664/4207 3528/4491/4062 3531/4665/4208 3525/4663/4206
f 3470/4360/3943 3465/541/513 3527/4664/4207 3526/4361/3944
f 3465/541/513 3463/540/512 3528/4491/4062 3527/4664/4207
f 3530/2707/2512 3029/2706/2511 3532/4666/4209 2502/3905/3576
f 2502/3905/3576 2501/3904/3575 3531/4665/4208 3530/2707/2512
f 2501/3904/3575 2505/3908/3579 3525/4663/4206 3531/4665/4208
f 3026/4667/3917 2447/898/852 2446/3881/3558 3532/4668/4209
f 2446/4395/3558 2503/3906/3577 2502/3905/3576 3532/4666/4209
f 3029/4669/2511 3027/2705/2510 3026/4318/3917 3532/4670/4209
f 3533/2481/2304 3534/4671/4210 3514/3921/3592 3518/2482/2305
f 3535/4672/4211 3515/4651/4194 3514/3921/3592 3534/4671/4210
f 3535/4672/4211 2544/705/664 2543/704/663 3515/4651/4194
f 3534/4671/4210 2673/4030/3675 2544/705/664 3535/4672/4211
f 3536/4673/4212 2674/4674/3676 2673/4030/3675 3534/4671/4210
f 2737/4675/3714 2736/4676/3713 2674/4674/3676 3536/4673/4212
f 2737/4068/3714 3537/4677/4213 3538/4678/4214 2738/4069/3715
f 3537/4677/4213 3539/4679/3486 2703/3964/3625 3538/4678/4214
f 3536/4673/4212 3540/3789/3488 3537/4680/4213 2737/4675/3714
f 3540/3789/3488 3541/3788/3487 3539/3787/3486 3537/4680/4213
f 3540/3789/3488 3536/4673/4212 3534/4671/4210 3533/2481/2304
f 3140/4681/4215 3461/4611/4159 3127/4399/3975 3125/4398/3974 3126/4402/3978 3129/4403/3979 3130/4404/3980 3131/4407/3983 3132/4413/3989 3139/4412/3988 3141/4652/4195 3718/4682/4216 2745/4110/3748
f 2808/4128/3759 2655/3029/2833 3543/4683/4217 3544/4684/4218
f 3542/3786/3485 2809/2480/2303 2808/4128/3759 3544/4684/4218
f 3545/4685/4219 3546/4686/4220 3547/4687/4221 3543/4688/4217
f 3546/4686/4220 3548/4689/4222 3549/4690/4223 3547/4687/4221
f 3549/4690/4223 3550/3961/3622 3551/3966/3627 3547/4687/4221
f 3548/4689/4222 3552/4691/4224 3553/4692/4225 3549/4690/4223
f 3552/4691/4224 3554/4322/3921 2780/4321/3920 3553/4692/4225
f 3555/1681/1587 3556/1680/1586 2705/3962/3623 3550/3961/3622
f 3553/4692/4225 3555/1681/1587 3550/3961/3622 3549/4690/4223
f 2780/4321/3920 2779/1682/1588 3555/1681/1587 3553/4692/4225
f 3501/193/173 3475/4636/4182 3473/2454/2277 3472/194/174
f 3556/1680/1586 3557/1679/1585 2702/3963/3624 2705/3962/3623
f 3557/1679/1585 3538/4678/4214 2703/3964/3625 2702/3963/3624
f 2776/1678/1584 2738/4069/3715 3538/4678/4214 3557/1679/1585
f 3558/4693/4226 3559/4694/4227 3560/4323/3661 3554/4322/3921
f 3559/4695/4227 3561/4696/4228 3562/2422/2250 3560/4012/3661
f 5091/4697/4229 5090/4698/4230 5089/4699/4231 5083/4700/4232 5082/4701/4233
f 3563/2425/2253 2725/4058/3704 2726/4059/3705 3564/2426/2254
f 3564/2426/2254 2726/4059/3705 2695/4702/3689 2778/4011/3660
f 3565/2424/2252 3566/4703/4234 2725/4058/3704 3563/2425/2253
f 3566/4703/4234 3567/4704/4235 2724/4057/3703 2725/4058/3704
f 3567/4704/4235 3568/4705/4236 3569/4706/4237 2724/4057/3703
f 2722/4055/3701 2724/4057/3703 3570/4707/4238
f 3571/4708/4239 3570/4707/4238 2724/4057/3703 3569/4706/4237
f 3571/4708/4239 3569/4706/4237 3572/4709/4240
f 2622/3997/3649 3572/4709/4240 3569/4706/4237 3573/4710/4241
f 2622/3997/3649 3573/4710/4241 2623/3998/3650
f 2626/4001/3653 2623/3998/3650 3573/4710/4241 3574/4711/4242
f 2626/4001/3653 3574/4711/4242 3575/3548/3292
f 5518/2513/2332 5519/2010/1881 5520/303/280 5505/302/279 5506/683/642
f 3576/3551/3295 2627/4002/3654 2626/4001/3653 3575/3548/3292
f 1186/3827/3514 1494/3739/3448 2319/3673/3395 2318/3677/3399
f 2899/4205/3820 2901/4206/3821 2905/4169/3788 2805/4118/3755 2904/4209/3824 2559/3957/3618
f 3759/1865/1749 3760/1868/1752 3764/4712/4243 3781/4713/4244 3779/4714/4245
f 3578/3549/3293 3577/3808/3503 3580/4715/4246 3579/3550/3294
f 2108/3376/3146 2110/3375/659 1884/3058/662 1885/3057/2860
f 2252/3559/3302 2251/3558/3301 3579/4716/3294 3580/4717/4246
f 3581/2354/2193 3582/2353/2192 3580/4715/4246 3577/3808/3503
f 3580/4717/4246 3582/4718/2192 2255/3564/3305 2252/3559/3302
f 3582/4718/2192 2771/4090/2191 1402/2347/2188 2255/3564/3305
f 2256/3565/3306 1253/2178/2032 2627/4006/3654 3576/4719/3295
f 2286/755/710 2253/754/709 1405/281/258 2287/280/257
f 5517/2514/2333 390/721/680 391/722/681 183/2515/2334
f 4896/4720/4247 4895/4721/4248 4894/4722/4249 4892/4723/4250 4891/4724/4251 4933/4725/4252
f 1922/3107/2903 1923/3106/2902 1921/3110/2906 1917/3101/2897 1920/3103/2899
f 3583/2510/2331 3584/2509/2330 2772/4726/3732 2774/3869/3547
f 293/478/453 292/477/452 436/842/796 435/4727/3283 433/4728/760 432/4729/759 405/918/863 143/218/198 434/3838/3527
f 3559/4694/4227 3558/4693/4226 3587/2507/2328 3585/2506/2327
f 3588/4198/3815 2750/4107/3745 3586/2508/2329 3589/4431/4006
f 3586/2508/2329 2750/4107/3745 2772/4091/3732 3584/4730/2330
f 3590/4731/4253 3589/4431/4006 3586/2508/2329 3587/2507/2328
f 3591/4732/4254 3589/4431/4006 3590/4731/4253 3592/4733/4255
f 3593/3394/3163 3591/4732/4254 3592/4733/4255 3594/3395/3164
f 3593/3394/3163 2742/3393/3162 3589/4431/4006 3591/4732/4254
f 3595/4734/4256 3596/3396/3165 3594/3395/3164 3592/4733/4255
f 3587/2507/2328 3595/4734/4256 3592/4733/4255 3590/4731/4253
f 3558/4693/4226 3597/4735/4257 3595/4734/4256 3587/2507/2328
f 3597/4735/4257 3598/4736/4258 3596/3396/3165 3595/4734/4256
f 3598/4736/4258 3597/4735/4257 3552/4691/4224 3548/4689/4222
f 3597/4735/4257 3558/4693/4226 3554/4322/3921 3552/4691/4224
f 5529/4737/4259 5572/4738/4260 5571/4739/4261 5538/4740/4262 5528/4741/4263 5527/4742/4264
f 1226/2388/2003 1372/2386/2225 1373/2385/2224 1781/3423/3188 2127/3418/3183 2128/3417/3182 1374/3845/3533 1229/4743/3532 1228/3840/3529 1221/2552/2370 1222/2550/2368 1541/2551/2369 1538/731/686 1540/1873/1757 1223/1872/1756 1224/1871/1755 1227/2148/2004
f 1695/3123/146 1935/3122/2918 1936/3127/617 1693/263/240 1696/166/147
f 3602/4744/4265 3598/4736/4258 3548/4689/4222 3546/4686/4220
f 3546/4686/4220 3545/4685/4219 3603/4745/4266 3602/4744/4265
f 3599/3391/3160 3604/4746/4267 3605/4747/4268 2743/3392/3161
f 3600/3390/3159 3606/4748/4269 3604/4746/4267 3599/3391/3160
f 2750/4107/3745 3588/4198/3815 3607/4197/3814
f 2750/4107/3745 3607/4197/3814 2694/4106/3744
f 4250/4347/3934 4268/4346/3933 4249/3593/3330 4248/3592/3329
f 5542/4749/4270 5567/4750/4271 5568/86/69 5544/87/70 5543/4751/4272
f 1335/2797/2607 1332/4613/4161 1329/4752/4273 1330/2369/2208 1331/2368/2207 1336/3088/2887
f 3611/4753/4274 3612/4754/4275 3565/2424/2252 3610/2423/2251
f 3612/4754/4275 3613/4755/4276 3566/4703/4234 3565/2424/2252
f 3613/4755/4276 2513/4756/3585 3567/4704/4235 3566/4703/4234
f 2513/4756/3585 2515/4757/4277 3568/4705/4236 3567/4704/4235
f 3568/4705/4236 2515/4757/4277 3614/4758/4278 3615/4759/4279
f 3573/4710/4241 3569/4706/4237 3568/4705/4236 3615/4759/4279
f 4686/3856/3543 4720/3855/3542 4701/4760/4280 4700/4761/4281 4683/4762/4282
f 3608/2505/2326 2581/2512/1390 3619/4763/4283 3609/4764/4284
f 3619/4765/4283 3620/4766/4285 3621/4767/4286 3611/4768/4274
f 3621/4767/4286 3622/4769/4287 3611/4768/4274
f 3623/4770/4288 3624/4771/4289 3612/4772/4275 3611/4768/4274
f 3611/4768/4274 3622/4769/4287 3623/4770/4288
f 3624/4771/4289 3625/4773/4290 3613/4774/4276 3612/4772/4275
f 3613/4774/4276 3625/4773/4290 3626/4775/4291
f 2851/4776/4292 2848/1513/1428 3627/4777/4293 3628/4778/4294
f 3628/4778/4294 3627/4777/4293 3625/4773/4290 3624/4771/4289
f 3627/4777/4293 3629/4779/4295 3626/4775/4291 3625/4773/4290
f 2848/1513/1428 2847/1512/1427 3629/4779/4295 3627/4777/4293
f 2847/1512/1427 2849/1511/1426 2869/4173/3792 3629/4779/4295
f 3630/4780/4296 3631/4781/4297 2851/4776/4292 3628/4778/4294
f 3623/4770/4288 3630/4780/4296 3628/4778/4294 3624/4771/4289
f 3622/4769/4287 3632/4782/4298 3630/4780/4296 3623/4770/4288
f 3632/4782/4298 3633/591/558 3631/4781/4297 3630/4780/4296
f 3621/4767/4286 3620/4766/4285 3634/1336/1260 3635/1337/1261
f 4141/4468/4040 4144/4467/4039 4145/4783/4299 4143/4784/4300
f 3633/591/558 3632/4782/4298 3635/1337/1261 3636/592/559
f 3632/4782/4298 3622/4769/4287 3621/4767/4286 3635/1337/1261
f 1954/4506/4074 1329/4752/4273 1332/4613/4161 1740/2822/2632 1741/2821/2631
f 2525/358/335 2524/2455/2278 2851/4776/4292 3631/4781/4297
f 3633/591/558 2527/359/336 2525/358/335 3631/4781/4297
f 1932/3109/2905 1704/2762/2558 1706/2765/2561 1707/2525/2344 1933/4785/2343 1918/2523/2342
f 3620/4766/4285 3642/1470/1389 3638/355/332 3634/1336/1260
f 3642/1470/1389 2580/1469/1388 3639/350/327 3638/355/332
f 2548/1348/1272 2531/588/555 3637/587/554 3641/354/331
f 3640/353/330 2549/3944/3610 2548/1348/1272 3641/354/331
f 3643/351/328 2582/3973/3632 2583/2943/2752 3644/2948/2757
f 3645/352/329 3643/351/328 3644/2948/2757 3646/3954/3617
f 2580/1469/1388 2582/3973/3632 3643/351/328 3639/350/327
f 3645/352/329 3647/4786/4301 2549/3944/3610 3640/353/330
f 3646/3954/3617 2567/3953/3616 3647/4786/4301 3645/352/329
f 1188/2109/1969 1193/2113/1973 1186/3827/3514 2318/3677/3399 2316/3663/3387 1187/3665/3389 1185/2111/1971
f 3650/4787/4302 3651/4788/4303 2323/3674/3396 2321/3671/3393
f 3649/2193/2046 3650/4787/4302 2321/3671/3393 2320/2194/2047
f 3651/4788/4303 2830/4145/3770 1460/2437/2262 2323/3674/3396
f 3651/4788/4303 3650/4787/4302 3652/2947/2756 3653/2946/2755
f 3650/4787/4302 3649/2193/2046 3648/3670/3392 3652/2947/2756
f 3653/2946/2755 2741/2945/2754 2830/4145/3770 3651/4788/4303
f 3652/2947/2756 3648/3670/3392 3646/3954/3617 3644/2948/2757
f 2237/3610/3347 2282/3609/3346 2283/3612/3348 2290/3627/3355 2280/3626/3354 2281/3625/3353 2263/3624/3321 2230/3578/3281 2234/3577/3316 2233/3576/3315
f 3619/4765/4283 2581/1471/1390 3642/1470/1389 3620/4766/4285
f 3723/3527/3275 2466/1670/1576 2843/1669/1575 3724/3528/3276
f 3655/3810/3505 3654/4095/3733 3618/3572/3312 3617/3573/3313
f 1817/2716/2517 1818/3186/2978 1816/3183/2975 1815/2950/2759 1814/2949/2758 1419/4132/3762 1424/2712/2513
f 3657/3754/3457 2579/2944/2753 2578/3868/3546 3654/4789/3733
f 5363/4790/4304 5365/2311/2155 5350/2315/2159 5334/4791/4305 5349/4792/4306
f 1368/3707/3422 2579/2944/2753 3657/3754/3457 2332/3704/3419
f 3658/3755/3458 3659/2089/1950 2335/3708/3423 2333/3705/3420
f 3404/1641/1547 3405/1317/1241 3403/3422/3187 3398/3421/3186 3396/4583/4140 3395/3319/3095
f 2337/3710/3425 3660/2088/1949 3661/2087/1948 2339/3712/3427
f 3659/2089/1950 3660/2088/1949 2337/3710/3425 2335/3708/3423
f 2341/3714/3429 3662/4793/4307 3663/4794/4308 1040/1958/1834
f 2339/3712/3427 3661/2087/1948 3662/4793/4307 2341/3714/3429
f 3614/4795/4278 3663/4794/4308 3662/4793/4307
f 3661/2087/1948 3664/2086/1947 3614/4795/4278 3662/4793/4307
f 4577/4796/4309 4570/4797/4310 4579/4798/4311 4593/4799/4312 4591/4800/4313
f 5329/4801/4314 5347/4802/4315 5348/4803/4316 5330/4804/4317 5331/4805/4318 5326/4806/4319
f 3659/2089/1950 3658/3755/3458 3666/4807/4320 3665/2085/1946
f 2515/4808/4277 2514/4809/4321 3663/4794/4308 3614/4795/4278
f 3667/4810/4322 2727/4060/3706 2722/4055/3701 3570/4707/4238
f 3668/4811/4323 3667/4810/4322 3570/4707/4238 3571/4708/4239
f 3571/4708/4239 3572/4709/4240 3669/4812/4324 3668/4811/4323
f 3572/4709/4240 2622/3997/3649 2625/4000/3652 3669/4812/4324
f 3669/4813/4324 2625/4004/3652 2628/4003/3655 3670/4814/4325
f 3668/4815/4323 3669/4813/4324 3670/4814/4325 3671/4816/4326
f 3671/4816/4326 3672/4817/4327 3667/4818/4322 3668/4815/4323
f 3672/4817/4327 3673/4819/4328 2727/4820/3706 3667/4818/4322
f 2753/2362/2201 2758/4076/3721 3138/4411/3987 3137/4410/3986
f 3675/4821/4329 3676/4822/4330 3677/4823/4331 3678/4824/4332
f 3679/4825/4333 3675/4821/4329 3678/4824/4332 2783/4097/3735
f 3673/4819/4328 3672/4817/4327 3675/4821/4329 3679/4825/4333
f 3672/4817/4327 3671/4816/4326 3676/4822/4330 3675/4821/4329
f 3679/4825/4333 2783/4097/3735 2782/2108/1968 3680/2107/1967
f 1874/3317/3093 3226/3605/3342 3227/3419/3184 1875/3043/2847 1876/3042/2846
f 4903/1011/958 4875/4826/4334 4874/4827/4335 4877/4828/4336 4880/4829/4337 4870/4830/4338 4861/4831/4339 4862/1006/953
f 3670/4814/4325 2628/4003/3655 1250/2173/2029 2360/3740/3449 3676/4822/4330 3671/4816/4326
f 3677/4823/4331 3681/4832/4340 2648/4016/3665 2650/4018/3667
f 3681/4832/4340 2361/4588/4145 1496/4833/4341 2645/4015/3664 2649/4017/3666 2648/4016/3665
f 2651/1914/1793 2783/4097/3735 3678/4824/4332 2652/4019/3668
f 2650/4018/3667 2652/4019/3668 3678/4824/4332 3677/4823/4331
f 3674/2106/1966 3682/1482/1398 3683/4834/4342 2728/4835/3707
f 3682/1482/1398 2819/1481/1397 2701/4049/3695 3683/4834/4342
f 3683/4836/4342 2701/4837/3695 2696/4838/3690
f 2723/4056/3702 2728/4061/3707 3683/4836/4342 2696/4838/3690
f 2654/3034/2838 3124/4397/3973 3603/4839/4266 3545/4840/4219
f 3543/4683/4217 2655/3029/2833 2654/3034/2838 3545/4840/4219
f 753/1449/1368 734/1216/1153 735/1490/1405 736/1489/1404 754/1450/1369
f 4365/4620/4167 4321/4623/4170 4315/4841/4343 4338/4842/4344
f 2447/898/852 3026/4667/3917 3024/894/848
f 3684/4843/4345 3685/4844/4346 2443/3883/3556 2444/3879/3557
f 2447/898/852 3686/897/851 3684/4843/4345 2444/3879/3557
f 3936/4845/4347 3938/4846/4348 3910/4219/3832 3935/4218/3831
f 3685/4844/4346 3688/4847/4349 2449/4848/3560 2443/3883/3556
f 3688/4847/4349 3685/4844/4346 3689/4849/4350
f 3690/4850/4351 3691/4851/4352 2457/4852/3565 3692/4853/4353
f 3688/4847/4349 3690/4850/4351 3692/4853/4353 2449/4848/3560
f 3689/4849/4350 3693/4854/4354 3690/4850/4351 3688/4847/4349
f 3693/4854/4354 3694/4855/4355 3691/4851/4352 3690/4850/4351
f 3691/4851/4352 3695/4856/4356 3696/4857/4357 2457/4852/3565
f 3694/4855/4355 3697/3775/3474 3695/4856/4356 3691/4851/4352
f 2460/4858/3567 2457/4852/3565 3696/4857/4357
f 3695/4856/4356 2837/2243/2092 2678/2242/2091 3696/4857/4357
f 2838/2244/2093 2837/2243/2092 3695/4856/4356 3697/3775/3474
f 3696/4857/4357 2678/2242/2091 2461/2241/2090 2460/4858/3567
f 1451/4134/2317 2812/1381/1301 2811/1380/1300 1440/2417/2247 1438/2416/2246 1449/2500/2321 1450/2499/1206
f 3698/3776/3475 3700/4859/4358 3701/3782/3481 3699/3777/3476
f 3697/3775/3474 3694/4855/4355 3700/4859/4358 3698/3776/3475
f 3183/4432/4007 3185/4195/3812 2496/3903/3574 2497/794/749 2495/793/748
f 2391/3785/3484 2394/3791/3490 2395/3792/3491 2392/3793/3492 2393/3790/3489 2390/3784/3483
f 3700/4859/4358 3703/800/755 3706/799/754 3701/3782/3481
f 3694/4855/4355 3693/4854/4354 3703/800/755 3700/4859/4358
f 3693/4854/4354 3689/4849/4350 3704/801/756 3703/800/755
f 3707/798/753 3708/797/752 2994/3797/3496 2993/4286/3893
f 3702/3783/3482 3707/798/753 2993/4286/3893 2987/3781/3480
f 3701/3782/3481 3706/799/754 3707/798/753 3702/3783/3482
f 3704/801/756 3709/3800/3499 3710/3794/3493 3705/796/751
f 3689/4849/4350 3685/4844/4346 3709/3800/3499 3704/801/756
f 3629/4779/4295 2869/4173/3792 2511/3912/3583 2513/3914/3585 3613/4774/4276 3626/4775/4291
f 1829/2965/2774 1833/2977/2786 1484/2463/2286 1831/2967/2776
f 948/1385/1305 928/1384/1304 927/1497/1412 930/1500/1415
f 3685/4844/4346 3684/4843/4345 3713/3798/3497 3709/3800/3499
f 3686/897/851 3712/2683/2493 3713/3798/3497 3684/4843/4345
f 3714/3799/3498 3017/2682/2492 3006/4297/3904 3005/4296/3903
f 3711/3795/3494 3714/3799/3498 3005/4296/3903 2999/3796/3495
f 3687/896/850 3716/2681/2491 3712/2683/2493 3686/897/851
f 3021/895/849 3019/2678/2488 3716/2681/2491 3687/896/850
f 2975/4268/3877 3717/2239/2088 3715/2245/2094 2979/3779/3478
f 3023/3437/3201 3717/2239/2088 2975/4268/3877 2972/4265/3874
f 2941/4860/3849 2757/4075/3720 2756/2361/2200 2942/4861/3850
f 2948/4862/3856 3718/4682/4216 2757/4075/3720 2941/4860/3849
f 2801/4111/3749 2745/4110/3748 3718/4682/4216 2948/4862/3856
f 2902/4207/3822 2900/1832/1717 3719/1836/1721 3720/4863/4359
f 3720/4863/4359 2516/2694/2501 2520/2693/2500 2902/4207/3822
f 3719/1836/1721 2897/1835/1720 2896/3622/3278 3721/1246/1180 3722/1245/1179 3720/4863/4359
f 3722/1245/1179 2517/2695/2502 2516/2694/2501 3720/4863/4359
f 2621/1249/1183 2814/4131/3761 2517/2695/2502 3722/1245/1179
f 4223/4475/4047 4203/3239/3025 4124/3238/3024 4135/4864/4360 4204/4471/4043
f 2766/4865/3727 2562/3960/3621 2561/3959/3620 2767/4866/3728
f 269/2862/2672 212/2864/2674 211/914/866 270/444/421
f 3276/4503/4071 3278/3244/3030 2710/2284/2131 3275/2283/2130 3274/2282/2129 3273/1028/975 3279/1027/974 3280/4182/3799 3277/4504/4072
f 2619/3529/1181 3724/3528/3276 3725/4867/4361 2620/4868/1182
f 1626/2639/2451 1627/2640/2452 1634/2653/2465 1630/2651/2463 1628/2641/2453 1624/2638/2450
f 3725/4867/4361 2826/4141/3767 2825/4140/3766 2620/4868/1182
f 2814/4131/3761 2621/1249/1183 2620/1248/1182 2825/4869/3766
f 2686/4032/3678 2475/4031/3677 2814/4131/3761 2825/4869/3766
f 3724/3528/3276 2843/1669/1575 2845/4152/3775 3725/4867/4361
f 307/494/466 310/511/483 311/514/486 312/850/804 309/496/468
f 3725/4867/4361 2845/4152/3775 2827/4142/3768 2826/4141/3767
f 3726/1753/1651 2797/1637/1543 2798/1640/1546 3209/3821/3509
f 2882/3820/3508 2881/1754/1652 3726/1753/1651 3209/3821/3509
f 2478/3948/2085 2554/3947/3612 2875/2070/1933 2534/2069/1932
f 2863/2192/2045 2862/2198/2051 2574/3950/3613 2568/3669/3391
f 2856/1636/1542 3101/4870/3960 3080/4368/3950 2857/1630/1536
f 3101/4870/3960 2630/4008/3657 2629/4007/3656 3080/4368/3950
f 2347/4871/3439 2345/4872/3433 2346/4382/3434 2245/3553/3297 2247/3554/3298 2248/753/708 2285/752/707 2286/755/710 2330/3689/3409
f 1105/3834/3525 2421/1084/1031 2419/1087/1034 2420/4873/3545
f 1780/2889/2698 1782/3425/3190 1383/2319/2163 1779/2887/2696
f 3730/3832/3517 3731/715/674 2522/714/673 2521/3922/3593
f 3730/3832/3517 2521/3922/3593 2490/3926/496 2493/4874/495
f 3827/4875/4362 3826/2933/2742 3889/4876/4363 3888/1583/1492 3840/1588/1497 3824/2739/2535 3940/2738/2534 3928/2216/2069 3818/2221/2074 3819/1779/1675 3817/1778/1674 3828/1777/1673
f 2418/1086/1033 2422/1085/1032 1138/2051/1921 1107/1496/1411 1106/3899/3573 2423/3859/3544
f 98/143/124 76/141/122 75/142/123 108/171/152
f 2514/4809/4321 2436/3873/3551 1040/1958/1834 3663/4794/4308
f 3610/2423/2251 3562/2422/2250 3561/4696/4228 3609/4764/4284 3619/4763/4283 3611/4753/4274
f 272/445/422 215/913/865 216/4512/4080 273/447/424
f 2823/4136/3764 2827/4142/3768 2846/2645/2457 3734/3357/3128
f 2553/3358/3129 2477/3946/3130 3735/3404/3134 3733/3356/3127
f 3734/3357/3128 2687/3403/3133 2685/4137/3132 2823/4136/3764
f 2573/3968/3629 2572/3120/2916 3268/4877/2915 3060/3121/2917 3059/4359/3942 3058/4358/3941 3057/2743/2539 3056/2742/2538
f 2819/1481/1397 2818/4485/4057 2699/4047/3693 2701/4049/3695
f 2818/4485/4057 2740/4070/3716 2700/4048/3694 2699/4047/3693
f 2786/1485/1401 2557/2867/2676 3736/4484/4056 2817/4133/3763
f 3736/4484/4056 2557/2867/2676 2739/2866/2675 2740/4070/3716
f 3741/4878/4364 3601/3397/3166 3596/3396/3165 3598/4736/4258 3602/4744/4265 3603/4745/4266
f 2692/4041/3687 3737/4879/4365 3738/3849/3536 2799/3848/3535
f 3737/4879/4365 2486/3895/3569 2487/3850/3537 3738/3849/3536
f 3737/4879/4365 2692/4041/3687 2691/4040/3686 3739/4880/4366
f 3739/4880/4366 2606/3987/3641 2486/3895/3569 3737/4879/4365
f 3739/4880/4366 2691/4040/3686 2690/4039/3685 3740/4881/4367
f 3740/4881/4367 2607/4882/3785 2606/3987/3641 3739/4880/4366
f 2690/4039/3685 2743/3392/3161 3605/4747/4268 3740/4881/4367
f 3740/4883/4367 3605/4884/4268 2747/4166/3786 2607/4165/3785
f 1400/2345/2186 2772/4091/3732 2750/4107/3745 1032/1944/1820
f 2696/4838/3690 2695/4702/3689 2726/4059/3705 2723/4056/3702
f 2776/1678/1584 2698/4046/3692 2700/4048/3694 2738/4069/3715
f 412/2396/2231 423/778/733 413/777/732 411/2397/2232
f 2758/4076/3721 2757/4075/3720 3718/4682/4216 3141/4652/4195
f 2739/2866/2675 2675/708/667 2674/4027/3676 2736/4067/3713
f 2749/3847/3534 2729/3851/3538 2730/4062/3708 2748/4073/3718 2432/4072/3717
f 5134/3246/4368 5135/880/834 5129/879/833 5130/3248/4369 5131/3247/4370
f 3647/4786/4301 3272/4498/4066 2550/3945/3611 2549/3944/3610
f 2567/3953/3616 2566/3952/3615 3272/4498/4066 3647/4786/4301
f 2552/2237/2086 2534/2236/1932 2480/1196/1137 2483/1195/1136
f 2554/3947/3612 2553/3358/3129 2464/2644/2456 2463/2643/2455
f 2522/714/673 2491/525/497 2494/3902/2087 2523/3923/3594
f 2448/3884/3559 2449/3885/3560 3692/4885/4353 2457/3890/3565
f 3728/3833/3518 3729/4886/494 3732/521/493 3727/716/675
f 3462/4612/4160 3604/4887/4267 3606/4888/4269 3124/4397/3973
f 3462/4612/4160 2747/4166/3786 3605/4884/4268 3604/4887/4267
f 3483/1509/1424 3482/1517/1432 2152/3446/3210 2439/3876/3554
f 2850/1510/1425 3483/1509/1424 2439/3876/3554 2438/3875/3553
f 2458/3891/3566 2457/3890/3565 2460/3892/3567 2453/3888/3563
f 2461/3893/2090 2677/2246/516 2681/2251/2098 2450/3886/3561
f 2704/3965/3626 2703/3964/3625 3539/4679/3486 3542/4889/3485
f 2704/3965/3626 3542/4889/3485 3544/4890/4218 3551/3966/3627
f 3551/3966/3627 3544/4890/4218 3543/4688/4217 3547/4687/4221
f 3606/4748/4269 3600/3390/3159 3601/3397/3166 3741/4878/4364
f 3603/4839/4266 3124/4397/3973 3606/4888/4269 3741/4891/4364
f 2474/3925/2503 2473/4892/3571 2488/4893/3570 2490/3926/496
f 2940/4235/3848 2939/4234/3847 3742/4894/4371 3743/4895/4372
f 3743/4895/4372 3742/4894/4371 2762/4078/3723 2927/3115/2911
f 2925/3114/2910 2931/4226/3839 3743/4895/4372 2927/3115/2911
f 2930/4225/3838 2940/4235/3848 3743/4895/4372 2931/4226/3839
f 2939/4234/3847 2942/4237/3850 3744/4896/4373 3742/4894/4371
f 3742/4894/4371 3744/4896/4373 2763/4079/3724 2762/4078/3723
f 3744/4897/4373 3745/2360/2199 2760/404/381 2763/4898/3724
f 2942/4861/3850 2756/2361/2200 3745/2360/2199 3744/4897/4373
f 2360/3740/3449 2361/4588/4145 3681/4832/4340 3677/4823/4331 3676/4822/4330
f 1387/2339/2181 3746/4899/4374 3747/4900/4375 1392/2340/2176
f 3746/4899/4374 1385/2321/2165 1580/3804/2407 3747/4900/4375
f 3747/4901/4375 1571/2583/2398 1393/2333/2177 1392/2332/2176
f 1572/2584/2399 1571/2583/2398 3747/4901/4375 1580/2592/2407
f 1206/4470/4042 1802/4034/3680 1803/4033/3679 1801/2923/2732 1207/2922/2731 3748/2921/2730 1396/2336/2180 1205/1654/1560 1204/1653/1559
f 1396/2336/2180 3748/2921/2730 1386/2341/2182 1391/2337/2175
f 4694/832/787 4676/831/786 4678/888/842 4695/887/841
f 2764/4084/3725 2763/4898/3724 2760/404/381 2759/403/380
f 3137/4410/3986 3142/4414/3990 2751/4902/4376 2753/2362/2201
f 2152/3446/3210 1045/1963/1839 2439/3876/3554
f 2152/3446/3210 1046/1964/1840 1045/1963/1839
f 3262/309/286 3749/2197/2050 1493/2196/2049 1928/310/287
f 4791/4903/4377 4790/4904/4378 4769/3693/3413 4770/3692/3412 4789/4905/4379 4833/4906/4380
f 3261/4493/4064 2575/3969/3630 3749/2197/2050 3262/309/286
f 2862/2198/2051 3749/2197/2050 2575/3969/3630 2574/3950/3613
f 3084/1633/1539 2853/4153/3776 2855/1634/1540
f 5402/4907/4381 5411/4908/4382 5424/4909/4383 5427/4910/4384 5412/4911/4385
f 3750/4912/4386 3751/4913/4387 3752/4914/4388
f 3753/4915/4389 3754/4916/4390 3755/4917/4391 3756/4918/4392
f 3758/1866/1750 3759/1865/1749 3754/4916/4390 3753/4915/4389
f 973/1850/1735 974/1851/1736 975/1852/1737 976/1864/1748
f 3760/1868/1752 3762/4919/4393 3763/4920/4394 3764/4712/4243
f 3765/4921/4395 3763/4920/4394 3766/4922/4396 3767/4923/4397
f 3766/4924/4396 3768/4925/4398 3769/4926/4399 3770/4927/4400
f 3766/4924/4396 3763/4920/4394 3762/4919/4393 3768/4925/4398
f 3768/4925/4398 3761/1867/1751 3771/4928/4401 3769/4926/4399
f 3761/1867/1751 3768/4925/4398 3762/4919/4393 3760/1868/1752
f 2164/568/537 2165/1422/1342 2163/3459/3221 2162/3458/3220 2161/1359/1283
f 1355/2301/2146 1375/2316/2160 1033/1945/1821 1501/3826/3513 1502/2491/2314 1508/2490/2313
f 4928/662/621 4935/661/620 4936/4929/4402 4927/4930/4403
f 3775/3608/3345 3777/4931/4404 3778/4932/4405 3776/3606/3343
f 3777/4931/4404 3775/3608/3345 3756/4918/4392 3755/4917/4391
f 3759/1865/1749 3779/4714/4245 3780/4933/4406 3754/4916/4390
f 3764/4712/4243 3782/4934/4407 3783/4935/4408 3781/4713/4244
f 3782/4934/4407 3764/4712/4243 3763/4920/4394 3765/4921/4395
f 1744/2833/2643 1743/2900/2709 1742/2825/2635 1062/1976/1848 1061/1106/1053 1064/1105/1052
f 3786/4936/4409 3770/4937/4400 3789/4938/4410 3787/4939/4411
f 3786/4940/4409 3767/4923/4397 3766/4922/4396 3770/4941/4400
f 3787/4939/4411 3789/4938/4410 3751/4913/4387 3750/4912/4386
f 3789/4942/4410 3790/4943/4412 3791/4944/4413 3751/4945/4387
f 3790/4943/4412 3789/4942/4410 3770/4927/4400 3769/4926/4399
f 3791/4944/4413 3790/4943/4412 3772/3166/2958 3773/3165/2957
f 3772/3166/2958 3790/4943/4412 3769/4926/4399 3771/4928/4401
f 3792/4946/4414 3791/4944/4413 3773/3165/2957 3793/3607/3344
f 3794/4947/4415 3780/4933/4406 3779/4714/4245 3795/4948/4416
f 3796/4104/3742 3783/4935/4408 3782/4934/4407 3784/4105/3743
f 2803/4115/3753 2909/4214/3827 2908/4213/3826 2907/4211/3825 2903/4212/3823 2804/4116/3754
f 3797/4101/3739 3788/4100/3738 3798/4949/4417 3799/4950/4418
f 3750/4912/4386 3798/4949/4417 3788/4100/3738 3787/4939/4411
f 3798/4949/4417 3750/4912/4386 3752/4914/4388 3800/4502/4070
f 3792/4946/4414 3752/4914/4388 3751/4945/4387 3791/4944/4413
f 3752/4914/4388 3792/4946/4414 3793/3607/3344 3800/4502/4070
f 3804/4951/4419 3802/4499/4067 3776/3606/3343 3778/4932/4405
f 3809/4103/3741 3810/4102/3740 3811/4952/4420 3806/4953/4421 3807/4954/4422 3808/4955/4423 3805/4956/4424
f 3811/4952/4420 3810/4102/3740 3812/4957/4425 3813/4958/4426
f 3801/4501/4069 3799/4950/4418 3798/4949/4417 3800/4502/4070
f 3813/4958/4426 3812/4957/4425 3803/4500/4068 3802/4499/4067
f 3802/4499/4067 3804/4951/4419 3813/4958/4426
f 3804/4951/4419 3814/4959/4427 3815/4960/4428 3813/4958/4426
f 3816/4961/4429 3807/4962/4422 3806/4963/4421 3811/4952/4420
f 3816/4961/4429 3811/4952/4420 3813/4958/4426 3815/4960/4428
f 3805/4956/4424 3794/4947/4415 3795/4948/4416 3809/4103/3741
f 3779/4714/4245 3781/4713/4244 3783/4935/4408 3795/4948/4416
f 3783/4935/4408 3796/4104/3742 3809/4103/3741 3795/4948/4416
f 4362/2117/1977 4328/2121/1981 4364/4622/4169 4363/4621/4168
f 3810/4102/3740 3797/4101/3739 3799/4950/4418 3812/4957/4425
f 3799/4950/4418 3801/4501/4069 3803/4500/4068 3812/4957/4425
f 4798/4964/4430 4737/4965/4431 4736/4966/4432 4735/4967/4433 4726/4968/4434 4727/4969/4435 4728/4970/4436 4837/4971/4437 4849/4972/4438 4733/4973/4439 4749/4974/4440 4797/4975/4441
f 4735/4967/4433 4739/4976/4442 4729/4977/4443 4727/4969/4435 4726/4968/4434
f 4743/4978/4444 4742/4979/4445 4749/4974/4440 4733/4973/4439 4849/4972/4438 4837/4971/4437 4732/4980/4446 4730/4981/4447 4731/1184/1125 4744/1183/1124
f 3825/2934/2743 3826/2933/2742 3827/4875/4362 3828/1777/1673
f 4734/4982/4448 4737/4965/4431 4740/4983/4449 4738/4984/4450 4739/4976/4442 4735/4967/4433
f 3832/4985/4451 3833/2735/2531 3834/2734/2530 3835/1587/1496
f 3833/2735/2531 3832/4985/4451 3836/4986/4452 3837/4987/4453
f 3832/4985/4451 3835/1587/1496 3838/1586/1495 3836/4986/4452
f 4748/4988/4454 4754/4989/4455 4797/4975/4441 4749/4974/4440 4742/4979/4445 4747/4990/4456
f 3838/4991/1495 3841/4992/4457 3842/4993/4458 3836/4994/4452
f 3841/4992/4457 3838/4991/1495 3839/1585/1494 3843/4995/4459
f 3843/4995/4459 3839/1585/1494 3844/1584/1493 3845/4996/4460
f 3845/4996/4460 3846/4997/4461 3847/4998/4462 3843/4995/4459
f 3846/4997/4461 3845/4996/4460 3848/4999/4463 3849/5000/4464
f 3849/5000/4464 3848/4999/4463 3850/5001/4465 3851/5002/4466
f 3851/5002/4466 3852/5003/4467 3853/5004/4468 3849/5000/4464
f 3852/5003/4467 3851/5002/4466 3854/5005/4469 3855/5006/4470
f 3855/5006/4470 3854/5005/4469 3856/5007/4471 3857/5008/4472
f 3855/5006/4470 3857/5008/4472 3858/18/10 3859/17/9
f 2251/3558/3301 2256/3565/3306 3576/4719/3295 3579/4716/3294
f 5196/1937/1815 5198/691/650 5154/694/653 5197/1938/1816
f 4771/5009/4473 4774/5010/4474 4775/5011/4475 4784/5012/4476
f 4782/5013/4477 4778/5014/4478 4779/5015/4479 4776/5016/4480 4777/5017/4481 4824/5018/4482
f 3868/5019/2738 3871/534/506 3872/533/505 3869/5020/2739
f 3869/5020/2739 3872/533/505 3873/535/507 3874/5021/2734
f 4775/5011/4475 4781/5022/4483 4780/5023/4484 4783/5024/4485 4784/5012/4476
f 3873/535/507 3875/336/313 3876/5025/4486 3877/5026/4487
f 3875/336/313 3862/335/312 3878/1389/1309 3876/5025/4486
f 1385/2321/2165 3746/4899/4374 1387/2339/2181 1382/2920/2729 1378/2919/2728 1381/2318/2162
f 3861/1388/1308 3879/5027/4488 3880/5028/4489 3878/1389/1309
f 3856/5007/4471 3881/5029/4490 3860/5030/4491 3857/5008/4472
f 3881/5029/4490 3856/5007/4471 3882/5031/4492 3883/5032/4493
f 3856/5007/4471 3854/5005/4469 3884/5033/4494 3882/5031/4492
f 3850/5001/4465 3884/5033/4494 3854/5005/4469 3851/5002/4466
f 3884/5033/4494 3850/5001/4465 3885/5034/4495 3886/5035/4496
f 3885/5034/4495 3850/5001/4465 3848/4999/4463 3887/5036/4497
f 3887/5036/4497 3831/2932/2741 3830/2931/2740 3885/5034/4495
f 3831/2932/2741 3887/5036/4497 3844/1584/1493 3888/1583/1492
f 3887/5036/4497 3848/4999/4463 3845/4996/4460 3844/1584/1493
f 3888/1583/1492 3889/4876/4363 3826/2933/2742 3831/2932/2741
f 1972/860/814 2124/1438/1358 2123/3398/3167 2020/3242/3028 2122/531/503
f 3891/5037/4498 3890/5038/4499 3892/5039/4500 3893/5040/4501
f 3890/5038/4499 3837/5041/4453 3894/5042/4502 3892/5039/4500
f 3894/5042/4502 3837/5041/4453 3836/4994/4452 3842/4993/4458
f 3842/4993/4458 3895/5043/4503 3896/5044/4504 3894/5042/4502
f 3842/4993/4458 3841/4992/4457 3897/5045/4505 3895/5043/4503
f 3847/4998/4462 3897/5045/4505 3841/4992/4457 3843/4995/4459
f 3898/5046/4506 3899/5047/4507 3897/5045/4505 3847/4998/4462
f 3898/5046/4506 3847/4998/4462 3846/4997/4461 3900/5048/4508
f 3900/5048/4508 3846/4997/4461 3849/5000/4464 3853/5004/4468
f 338/555/524 333/554/523 187/314/291 339/556/525
f 3853/5004/4468 3852/5003/4467 3902/3139/2931 3901/3138/2930
f 3859/17/9 3902/3139/2931 3852/5003/4467 3855/5006/4470
f 4814/5049/4509 4812/5050/4510 4811/5051/4511 4810/904/856 4848/903/855
f 3902/3139/2931 3859/17/9 3904/16/8 3903/3140/2932
f 4815/5052/4512 4816/5053/4513 4768/5054/4514 4767/5055/4515 4813/5056/4516
f 3903/3140/2932 3904/16/8 3905/15/7 3906/3136/2928
f 4844/1376/1296 4822/5057/4517 4819/5058/4518 4817/5059/4519 4818/1373/1293
f 3909/4221/3834 3908/4220/3833 3911/5060/4520 3912/5061/4521
f 3912/5061/4521 3913/5062/4522 3914/4222/3835 3909/4221/3834
f 3912/5061/4521 3870/2927/2736 3915/2926/2735 3913/5062/4522
f 3870/2927/2736 3912/5061/4521 3911/5060/4520 3867/2928/2737
f 3915/2926/2735 3916/5063/4523 3917/5064/4524 3913/5062/4522
f 3915/2926/2735 3874/2925/2734 3918/5065/4525 3916/5063/4523
f 3877/5026/4487 3918/5066/4525 3874/5021/2734 3873/535/507
f 3918/5066/4525 3877/5026/4487 3919/5067/4526 3920/5068/4527
f 3919/5067/4526 3877/5026/4487 3876/5025/4486 3921/5069/4528
f 3921/5069/4528 3876/5025/4486 3878/1389/1309 3880/5028/4489
f 3880/5028/4489 3922/5070/4529 3923/5071/4530 3921/5069/4528
f 3880/5028/4489 3879/5027/4488 3924/5072/4531 3922/5070/4529
f 3924/5072/4531 3883/5032/4493 3925/5073/4532 3926/2220/2073
f 3883/5032/4493 3882/5031/4492 3927/5074/4533 3925/5073/4532
f 3925/5073/4532 3927/5074/4533 3820/1775/1671 3819/1779/1675
f 3927/5074/4533 3886/5035/4496 3829/1776/1672 3820/1775/1671
f 3886/5035/4496 3927/5074/4533 3882/5031/4492 3884/5033/4494
f 3926/2220/2073 3925/5073/4532 3819/1779/1675 3818/2221/2074
f 4838/5075/4534 4839/5076/4535 4732/4980/4446 4837/4971/4437 4728/4970/4436 4834/5077/4536
f 3926/2220/2073 3929/5078/2072 3922/5070/4529 3924/5072/4531
f 3930/2218/2071 3823/2217/2070 3822/2737/2533 3931/5079/4537
f 3929/5078/2072 3930/5080/2071 3923/5071/4530 3922/5070/4529
f 3930/5080/2071 3931/5081/4537 3932/5082/4538 3923/5071/4530
f 3893/5083/4501 3932/5082/4538 3931/5081/4537 3891/5084/4498
f 3932/5082/4538 3893/5083/4501 3920/5068/4527 3919/5067/4526
f 3893/5040/4501 3892/5039/4500 3933/5085/4539 3920/5086/4527
f 3892/5039/4500 3894/5042/4502 3896/5044/4504 3933/5085/4539
f 3933/5085/4539 3896/5044/4504 3917/5064/4524 3916/5063/4523
f 3896/5044/4504 3895/5043/4503 3934/5087/4540 3917/5064/4524
f 3895/5043/4503 3897/5045/4505 3899/5047/4507 3934/5087/4540
f 3934/5087/4540 3899/5047/4507 3935/4218/3831 3914/4222/3835
f 3899/5047/4507 3898/5046/4506 3936/4845/4347 3935/4218/3831
f 3900/5048/4508 3937/5088/4541 3938/4846/4348 3936/4845/4347 3898/5046/4506
f 716/1488/1403 764/1221/1158 763/1527/1441 715/1487/1402
f 3934/5087/4540 3914/4222/3835 3913/5062/4522 3917/5064/4524
f 3920/5086/4527 3933/5085/4539 3916/5063/4523 3918/5065/4525
f 3932/5082/4538 3919/5067/4526 3921/5069/4528 3923/5071/4530
f 3891/5089/4498 3931/5079/4537 3822/2737/2533 3821/2736/2532
f 3886/5035/4496 3885/5034/4495 3830/2931/2740 3829/1776/1672
f 3944/5090/4542 3941/5091/4543 3943/5092/4544 3945/5093/4545
f 3946/1003/950 3947/3746/3455 3948/5094/4546 3949/1004/951
f 3948/5094/4546 3947/3746/3455 3950/5095/4547 3951/5096/4548
f 3947/3746/3455 3946/1003/950 3952/1002/949 3953/3741/3450
f 3954/5097/4549 3955/5098/4550 3956/3744/3453 3957/4476/4048
f 3958/5099/4551 3959/1001/948 3960/1000/947 3961/5100/4552
f 3962/5101/4553 3963/5102/4554 3964/5103/4555
f 3965/5104/4556 3966/5105/4557 3967/5106/4558 3968/5107/4559
f 3969/5108/4560 3966/5105/4557 3970/5109/4561 3971/5110/4562
f 4910/3406/3171 4884/3405/3170 4909/3416/3181
f 3976/5111/4563 3977/5112/4564 3978/871/825 3979/870/824
f 3980/5113/4565 3976/5111/4563 3979/870/824 3981/5114/4566
f 3977/5112/4564 3976/5111/4563 3982/3307/3084 3983/3306/3083
f 4855/5115/4567 4861/4831/4339 4870/4830/4338 4869/5116/4568 4893/5117/4569 4856/5118/4570
f 3986/3309/3086 3985/3308/3085 3963/5102/4554 3962/5101/4553
f 3962/5101/4553 3987/5119/4571 3988/3304/3081 3986/3309/3086
f 3987/5119/4571 3962/5101/4553 3989/5120/4572 3990/5121/4573
f 3990/5121/4573 3989/5120/4572 3950/5095/4547 3991/5122/4574
f 3990/5121/4573 3991/5122/4574 3955/5098/4550
f 3955/5098/4550 3991/5122/4574 3992/3745/3454 3956/3744/3453
f 3994/3743/3452 3995/5123/4049 3957/4476/4048 3956/3744/3453
f 3994/3743/3452 3996/5124/4575 3997/5125/4050 3995/5123/4049
f 3996/5124/4575 3998/5126/4576 3999/5127/4577 3997/5125/4050
f 3999/5128/4577 3942/5129/4578 3943/5092/4544 3941/5091/4543 4000/4479/4051 3997/4478/4050
f 4256/5130/4579 4255/5131/4580 4251/5132/4581 4254/5133/4582
f 4001/4480/4052 4002/5134/4583 3954/5097/4549 3957/4476/4048
f 82/120/103 83/123/106 78/109/92 77/108/91 80/111/94 81/121/104
f 4003/5135/4584 4004/5136/4585 4005/5137/4586 4002/5134/4583
f 4004/5136/4585 4003/5135/4584 4006/5138/4587 4007/5139/4588
f 4007/5139/4588 4006/5138/4587 4008/5140/4589 4009/5141/4590
f 4008/5140/4589 3974/5142/4591 4010/5143/4592 4009/5141/4590
f 4010/5143/4592 3974/5142/4591 3973/5144/4593 4011/5145/4594
f 4012/5146/4595 4011/5145/4594 3973/5144/4593 3972/5147/4596
f 3945/5093/4545 4012/5146/4595 3972/5147/4596 3944/5090/4542
f 4012/5148/4595 3945/5149/4545 4013/5150/4597 4014/5151/4598
f 3945/5149/4545 3943/5152/4544 4015/5153/4599 4013/5150/4597
f 3943/5154/4544 3942/5155/4578 4016/5156/4600 4015/5157/4599
f 4016/5156/4600 3942/5155/4578 3999/5127/4577 3998/5126/4576
f 3998/5126/4576 3967/5106/4558 4017/5158/4601 4016/5156/4600
f 3998/5126/4576 3996/5124/4575 3968/5107/4559 3967/5106/4558
f 3968/5107/4559 3996/5124/4575 3994/3743/3452 3993/3742/3451
f 4015/5157/4599 4016/5156/4600 4017/5158/4601 3969/5108/4560 3971/5110/4562 4028/5159/4602
f 3969/5108/4560 4017/5158/4601 3967/5106/4558 3966/5105/4557
f 4014/5151/4598 4013/5150/4597 4018/3600/3337 4019/3603/3340
f 4019/3603/3340 4020/868/822 4021/873/827 4014/5151/4598
f 4887/5160/4603 4886/5161/4604 4934/664/623 4930/663/622 4929/5162/4605 4931/5163/4606
f 4022/872/826 4010/5164/4592 4011/5165/4594 4021/873/827
f 4022/872/826 4023/5166/4607 4009/5141/4590 4010/5164/4592
f 4023/5166/4607 3977/5112/4564 3983/3306/3083 4024/3305/3082
f 4023/5166/4607 4022/872/826 3978/871/825 3977/5112/4564
f 4007/5139/4588 4009/5141/4590 4023/5166/4607 4024/3305/3082
f 4007/5139/4588 4024/3305/3082 3988/3304/3081 4004/5136/4585
f 4004/5136/4585 3988/3304/3081 3987/5119/4571 4005/5137/4586
f 4014/5151/4598 4021/873/827 4011/5165/4594 4012/5148/4595
f 3771/4928/4401 3756/4918/4392 3775/3608/3345 3774/3164/2956 3757/3163/2955 3772/3166/2958
f 4018/3600/3337 4013/5150/4597 4015/5153/4599 4028/5167/4602 4026/3601/3338
f 4028/5167/4602 4029/5168/4608 4030/5169/4609 4026/3601/3338
f 4028/5159/4602 3971/5110/4562 4031/5170/4610 4029/5171/4608
f 4029/5171/4608 4031/5170/4610 4032/5172/4611 4033/5173/4612
f 4034/5174/4613 4035/5175/4614 4032/5172/4611 4031/5170/4610
f 4034/5174/4613 4031/5170/4610 3971/5110/4562 3970/5109/4561
f 4035/5175/4614 4034/5174/4613 3958/5099/4551 4036/5176/4615
f 4034/5174/4613 3970/5109/4561 3959/1001/948 3958/5099/4551
f 4037/5177/4616 4038/5178/4617 4039/5179/4618 4030/5169/4609
f 4038/5178/4617 4040/5180/4619 4041/5181/4620 4039/5179/4618
f 4030/5169/4609 4039/5179/4618 4027/3602/3339 4026/3601/3338
f 4039/5179/4618 4041/5181/4620 4042/5182/4621 4027/3602/3339
f 3981/5114/4566 4042/5182/4621 4041/5181/4620 4043/5183/4622
f 4025/869/823 4042/5182/4621 3981/5114/4566 3979/870/824
f 4037/5177/4616 4030/5169/4609 4029/5168/4608 4033/5184/4612
f 4002/5134/4583 4005/5137/4586 3955/5098/4550 3954/5097/4549
f 3947/3746/3455 3992/3745/3454 3991/5122/4574 3950/5095/4547
f 702/1331/1255 683/1333/1257 681/849/803 679/848/802 536/1334/1258 462/946/896
f 3989/5120/4572 3964/5103/4555 3951/5096/4548 3950/5095/4547
f 3990/5121/4573 4005/5137/4586 3987/5119/4571
f 4005/5137/4586 3990/5121/4573 3955/5098/4550
f 3962/5101/4553 3964/5103/4555 3989/5120/4572
f 4044/5185/4623 4045/5186/4624 4046/5187/4625 4047/5188/4626
f 4044/5185/4623 4048/5189/4627 4045/5186/4624
f 4049/5190/4628 4050/5191/4629 4051/5192/4630
f 4052/5193/4631 4053/5194/4632 4054/5195/4633
f 4055/3651/3375 4056/5196/4634 4057/5197/4635 4058/3652/3376
f 4059/5198/4636 4056/5196/4634 4055/3651/3375
f 4060/5199/4637 4061/5200/4638 4056/5196/4634 4059/5198/4636
f 4059/5198/4636 4062/5201/4639 4063/5202/4640 4060/5199/4637
f 4062/5201/4639 4064/3650/3374 4065/3655/3379 4066/5203/4641
f 4064/3650/3374 4062/5201/4639 4059/5198/4636 4055/3651/3375
f 558/2816/2626 544/1465/1384 549/1081/1028 554/1089/1036 555/2817/2627
f 4067/3653/3377 4058/3652/3376 4047/5188/4626 4069/5204/4642
f 4047/5188/4626 4046/5187/4625 4070/5205/4643 4069/5204/4642
f 4046/5187/4625 4045/5186/4624 4053/5194/4632 4052/5193/4631
f 4071/5206/4644 4053/5194/4632 4045/5186/4624 4048/5189/4627
f 4071/5206/4644 4048/5189/4627 4072/5207/4645 4073/5208/4646
f 4057/5197/4635 4072/5207/4645 4048/5189/4627 4044/5185/4623
f 4072/5207/4645 4057/5197/4635 4056/5196/4634 4061/5200/4638
f 4061/5200/4638 4050/5209/4629 4073/5208/4646 4072/5207/4645
f 4050/5209/4629 4061/5200/4638 4060/5199/4637 4051/5192/4630
f 4051/5192/4630 4060/5199/4637 4063/5202/4640 4074/5210/4647
f 4063/5202/4640 4075/5211/4648 4076/5212/4649 4074/5210/4647
f 4075/5211/4648 4063/5202/4640 4062/5201/4639 4066/5203/4641
f 4066/5203/4641 4077/5213/4650 4078/5214/4651 4075/5211/4648
f 4066/5203/4641 4065/3655/3379 4079/5215/4652 4077/5213/4650
f 4065/3655/3379 4068/3654/3378 4080/5216/4653 4079/5215/4652
f 4068/3654/3378 4081/5217/4654 4082/5218/4655 4080/5216/4653
f 4081/5217/4654 4068/3654/3378 4067/3653/3377 4069/5204/4642
f 4083/4567/4128 4081/5217/4654 4069/5204/4642 4070/5205/4643
f 4084/4568/4129 4083/4567/4128 4070/5205/4643 4085/5219/4656
f 4085/5219/4656 4070/5205/4643 4046/5187/4625 4052/5193/4631
f 4085/5219/4656 4086/5220/4657 4087/5221/4658 4084/4568/4129
f 4085/5219/4656 4052/5193/4631 4054/5195/4633 4086/5220/4657
f 4086/5220/4657 4088/5222/4659 4089/5223/4660 4087/5221/4658
f 4088/5222/4659 4086/5220/4657 4054/5195/4633 4090/5224/4661
f 4090/5224/4661 4091/5225/4662 4092/5226/4663 4088/5222/4659
f 4090/5224/4661 4071/5227/4644 4073/5228/4646 4091/5225/4662
f 4091/5229/4662 4073/5230/4646 4050/5191/4629 4049/5190/4628
f 4092/5231/4663 4091/5229/4662 4049/5190/4628 4093/5232/4664
f 4093/5232/4664 4094/5233/4665 4095/5234/4666 4092/5231/4663
f 4074/5210/4647 4076/5212/4649 4094/5233/4665 4093/5232/4664
f 4074/5210/4647 4093/5232/4664 4049/5190/4628 4051/5192/4630
f 4096/5235/4667 4076/5212/4649 4075/5211/4648 4078/5214/4651
f 4078/5214/4651 4097/5236/4668 4098/5237/4669 4096/5235/4667
f 4099/5238/4670 4097/5236/4668 4078/5214/4651 4077/5213/4650
f 4100/5239/4671 4099/5238/4670 4077/5213/4650 4079/5215/4652
f 4101/5240/4672 4100/5239/4671 4079/5215/4652 4080/5216/4653
f 4080/5216/4653 4082/5218/4655 4102/5241/4673 4101/5240/4672
f 4103/4566/4127 4082/5218/4655 4081/5217/4654 4083/4567/4128
f 5015/5242/4674 4993/5243/4675 4992/5244/4676 5012/5245/4677 5013/5246/4678 5014/5247/4679
f 4084/4568/4129 4087/5221/4658 4107/5248/4680 4104/4569/4130
f 4087/5221/4658 4089/5223/4660 4108/5249/4681 4107/5248/4680
f 4108/5249/4681 4089/5223/4660 4095/5250/4666 4109/5251/4682
f 4095/5250/4666 4089/5223/4660 4088/5222/4659 4092/5226/4663
f 4109/5252/4682 4095/5234/4666 4094/5233/4665 4110/5253/4683
f 4111/5254/4684 4110/5253/4683 4096/5235/4667 4098/5237/4669
f 4110/5253/4683 4094/5233/4665 4076/5212/4649 4096/5235/4667
f 4112/5255/4685 4105/4570/4131 4104/4569/4130 4107/5248/4680
f 4113/5256/4686 4112/5255/4685 4107/5248/4680 4108/5249/4681
f 4113/5256/4686 4108/5249/4681 4109/5251/4682 4114/5257/4687
f 4114/5258/4687 4109/5252/4682 4110/5253/4683 4111/5254/4684
f 4090/5224/4661 4054/5195/4633 4053/5194/4632 4071/5227/4644
f 4058/3652/3376 4057/5197/4635 4044/5185/4623 4047/5188/4626
f 2311/3659/3383 2315/3662/3386 2313/3660/3384 2312/3656/3380 2308/3649/3373 2310/3657/3381
f 2151/3447/3211 3481/1516/1431 3485/4626/4172 2149/3444/3208 2146/2962/2771
f 4124/3238/3024 4123/2906/2715 4125/687/646 4126/686/645
f 749/3996/1345 742/5259/1344 743/1525/1440 720/1219/1156 740/1218/1155
f 2227/3532/3279 2228/3533/3280 1407/2359/2198 1406/2358/2197 1409/1393/1313 2225/1392/1312
f 4165/5260/4688 4164/5261/4689 4187/5262/4690 4131/4514/4082 4128/4513/4081
f 4126/686/645 4132/685/644 4133/5263/4691 4134/5264/4692
f 4124/3238/3024 4126/686/645 4134/5264/4692 4135/4864/4360
f 1264/2189/2042 1218/2138/1994 2163/3459/3221 2165/1422/1342 1268/1421/1341 1265/1423/1343
f 23/32/24 42/803/758 41/3065/2866 21/29/21
f 3523/4661/4204 3522/4660/4203 3517/189/169 3472/194/174 3471/4619/4166
f 1038/1950/1826 1503/2484/2307 1128/2038/1908 1127/2037/1907 1131/2042/1912 1129/2044/1914 1130/2043/1913 1039/1957/1833 1042/1960/1836 1035/1947/1823
f 4143/4784/4300 4145/4783/4299 4146/5265/4693 4213/5266/4694
f 557/1409/1329 559/1099/1046 562/1095/1042 554/1089/1036 553/1088/1035
f 4147/5267/4695 4146/5265/4693 4148/5268/4696 4149/5269/4697
f 4150/5270/4698 4147/5267/4695 4149/5269/4697 4151/5271/4699
f 4151/5271/4699 4152/5272/4700 4153/5273/4701 4150/5270/4698
f 4152/5272/4700 4151/5271/4699 4154/5274/4702 4155/5275/4703
f 4152/5272/4700 4155/5275/4703 4156/5276/4704 4157/5277/4705
f 4156/5276/4704 4158/5278/4706 4159/5279/4707 4157/5277/4705
f 4158/5278/4706 4156/5276/4704 4160/5280/4708 4161/5281/4709
f 4162/5282/4710 4158/5278/4706 4161/5281/4709 4163/5283/4711
f 4163/5284/4711 4161/5285/4709 4164/5261/4689 4165/5260/4688
f 4163/5283/4711 4166/5286/4712 4167/5287/4046 4162/5282/4710
f 4166/5288/4712 4163/5284/4711 4165/5260/4688 4168/5289/4713
f 4168/5289/4713 4165/5260/4688 4128/4513/4081 4130/2872/2681 4137/2871/2680
f 4168/5289/4713 4169/4558/4119 4170/4564/4125 4166/5288/4712
f 3673/4819/4328 3679/4825/4333 3680/2107/1967 3674/2106/1966 2728/4835/3707 2727/4820/3706
f 3120/4392/3969 3115/782/737 3116/3449/3213 3117/4401/3977 3128/4400/3976
f 1217/2137/1993 1272/2364/2203 1410/2363/2202 1416/289/266 1415/288/265 1174/737/692 1173/742/697
f 4172/3443/3207 4173/5290/4714 4174/5291/4715 4171/5292/4716
f 4172/3443/3207 4175/3442/3206 4176/5293/4717 4173/5290/4714
f 4175/3442/3206 4177/3441/3205 4178/5294/4718 4176/5293/4717
f 4177/3441/3205 4179/3488/3246 4180/5295/4719 4178/5294/4718
f 4177/3441/3205 4136/2870/2679 4181/2873/2682 4179/3488/3246
f 4698/5296/4720 4662/5297/4721 4683/4762/4282 4700/4761/4281
f 4179/3488/3246 4117/3487/3245 4182/5298/4722 4180/5295/4719
f 4180/5295/4719 4182/5298/4722 4183/5299/4723 4184/5300/4724
f 4182/5298/4722 4185/5301/4725 4154/5274/4702 4183/5299/4723
f 4182/5298/4722 4117/3487/3245 4116/5302/4726 4185/5301/4725
f 4185/5301/4725 4186/5303/4727 4155/5275/4703 4154/5274/4702
f 4186/5304/4727 4185/5301/4725 4116/5302/4726 4115/5305/4728
f 4155/5275/4703 4186/5303/4727 4160/5280/4708 4156/5276/4704
f 1478/2458/2281 1479/2460/2283 1713/2780/2593 1712/2769/2565 1722/3291/3071
f 4600/5306/4729 4590/5307/4730 4574/5308/4731 4557/5309/4732 4548/5310/4733 4576/5311/4734 4578/5312/4735 4592/5313/4736
f 260/423/400 262/429/406 263/432/409 261/424/401
f 4184/5300/4724 4183/5299/4723 4149/5269/4697 4148/5268/4696
f 4183/5299/4723 4154/5274/4702 4151/5271/4699 4149/5269/4697
f 4148/5268/4696 4188/5314/4737 4189/5315/4738 4184/5300/4724
f 4190/5316/4739 4188/5314/4737 4145/4783/4299 4144/4467/4039
f 4188/5314/4737 4148/5268/4696 4146/5265/4693 4145/4783/4299
f 4190/5316/4739 4144/4467/4039 4191/4466/4038 4192/5317/4740
f 4193/5318/4741 4191/4466/4038 4142/4465/4037 4194/688/647
f 581/1175/1117 582/1122/1069 259/422/399 258/421/398 257/497/469
f 4194/688/647 4125/687/646 4127/2909/2718 4193/5318/4741
f 3615/4759/4279 3614/4758/4278 3664/5319/1947 3574/4711/4242 3573/4710/4241
f 4193/5318/4741 4127/2909/2718 4196/2908/2717 4197/5320/4742
f 4193/5318/4741 4197/5320/4742 4192/5317/4740 4191/4466/4038
f 4198/5321/4743 4192/5317/4740 4197/5320/4742 4199/5322/4744
f 4192/5317/4740 4198/5321/4743 4200/5323/4745 4190/5316/4739
f 4200/5323/4745 4189/5315/4738 4188/5314/4737 4190/5316/4739
f 4189/5315/4738 4200/5323/4745 4176/5293/4717 4178/5294/4718
f 4184/5300/4724 4189/5315/4738 4178/5294/4718 4180/5295/4719
f 4199/5322/4744 4174/5324/4715 4173/5290/4714 4198/5321/4743
f 4200/5323/4745 4198/5321/4743 4173/5290/4714 4176/5293/4717
f 4199/5322/4744 4201/5325/4746 4121/5326/4122 4174/5324/4715
f 4202/3240/3026 4201/5325/4746 4196/2908/2717 4195/2907/2716
f 4196/2908/2717 4201/5325/4746 4199/5322/4744 4197/5320/4742
f 4204/4471/4043 4135/4864/4360 4205/5327/4135 4206/4472/4044
f 4169/4558/4119 4168/5289/4713 4137/2871/2680 4172/3443/3207 4171/5292/4716 4174/5291/4715 4121/4561/4122 4120/4560/4121 4119/4559/4120
f 2751/4902/4376 3142/4414/3990 3143/4416/3992 3157/4424/4000 3154/395/372 3155/394/371 3156/393/370 3159/392/369 2752/391/368 2754/390/367 2755/389/366 2753/2362/2201
f 4209/5328/4136 4205/5327/4135 4135/4864/4360 4134/5264/4692
f 4209/4577/4136 4211/5329/4747 4212/5330/4748 4210/4578/4137
f 4211/5331/4747 4209/5328/4136 4134/5264/4692 4133/5263/4691
f 578/1116/1063 577/154/135 254/161/142 253/420/397
f 3341/4547/4110 3347/4553/4114 3346/4552/4113 3350/2844/2654 3342/3870/3548
f 4216/628/590 4150/5270/4698 4153/5273/4701 4217/625/587
f 4217/625/587 4153/5273/4701 4218/3299/3076 4219/2452/2275
f 4157/5277/4705 4218/3299/3076 4153/5273/4701 4152/5272/4700
f 4220/3300/3077 4218/3299/3076 4157/5277/4705 4159/5279/4707
f 4159/5279/4707 4221/5332/4749 4208/4580/4139 4220/3300/3077
f 4221/5332/4749 4159/5279/4707 4158/5278/4706 4162/5282/4710
f 4222/5333/4045 4221/5332/4749 4162/5282/4710 4167/5287/4046
f 3883/5032/4493 3924/5072/4531 3879/5027/4488 3861/1388/1308 3860/5030/4491 3881/5029/4490
f 4223/4475/4047 4167/4474/4046 4166/5334/4712 4170/5335/4125
f 4223/4475/4047 4170/5335/4125 4122/5336/4124 4203/3239/3025
f 4203/3239/3025 4122/5336/4124 4118/5337/4123 4202/3240/3026
f 4221/5332/4749 4222/5333/4045 4206/4581/4044 4208/4580/4139
f 4224/3296/3073 4220/3300/3077 4208/4580/4139 4207/4579/4138
f 4225/3297/3074 4224/3296/3073 4207/4579/4138 4210/4578/4137
f 4225/3297/3074 4210/4578/4137 4212/5330/4748 4226/3298/3075
f 4201/5325/4746 4202/3240/3026 4118/5337/4123 4121/5326/4122
f 792/1590/1499 793/1589/1498 814/1620/1528 815/1656/1562 812/4356/3939
f 659/1458/1377 518/3153/2945 519/3152/2944 516/1289/1218 517/1277/1210 666/1275/1208
f 4229/5338/4750 4230/5339/4751 4231/5340/4752
f 4232/3594/3331 4233/5341/4753 4234/2323/2167 4235/2322/2166
f 4236/5342/4754 4237/5343/4755 4238/5344/4756 4239/5345/4757
f 4236/5342/4754 4240/5346/4758 4241/5347/4759 4237/5343/4755
f 4240/5346/4758 4242/5348/4760 4243/5349/4761 4244/5350/4762
f 4242/5348/4760 4240/5346/4758 4236/5342/4754 4239/5345/4757
f 4238/5344/4756 4245/5351/4763 4246/5352/4764 4239/5345/4757
f 4251/5353/4581 4252/4348/3935 4250/4347/3934 4253/5354/4765
f 4231/5340/4752 4230/5339/4751 4256/5130/4579 4254/5133/4582
f 4251/5132/4581 4253/5354/4765 4254/5133/4582
f 4254/5133/4582 4253/5354/4765 4257/5355/4766
f 4248/3592/3329 4257/5355/4766 4253/5354/4765 4250/4347/3934
f 1712/2769/2565 1713/2780/2593 1339/2286/2133 1262/2764/2560 1261/2770/2566
f 4245/5356/4763 4238/5357/4756 4260/2326/2170 4262/2325/2169
f 4260/2326/2170 4238/5357/4756 4237/5358/4755 4259/2327/2171
f 4259/2327/2171 4237/5358/4755 4241/5359/4759 4258/2328/2172
f 4258/2328/2172 4241/5359/4759 4230/5360/4751 4229/5361/4750
f 4263/5362/4767 4247/2329/2173 4258/2328/2172 4229/5361/4750
f 2236/3538/3284 1349/2295/2142 2237/3610/3347 2233/3576/3315 2235/3575/3314 2232/3574/2803 1408/3539/2802
f 4248/3592/3329 4247/2329/2173 4263/5362/4767 4257/5355/4766
f 4256/5363/4579 4230/5364/4751 4241/5347/4759 4240/5346/4758
f 4244/5350/4762 4255/5365/4580 4256/5363/4579 4240/5346/4758
f 4252/4348/3935 4251/5353/4581 4255/5365/4580 4244/5350/4762
f 4264/4344/3931 4252/4348/3935 4244/5350/4762 4243/5349/4761
f 4264/4344/3931 4243/5349/4761 4265/5366/4768 4266/4345/3932
f 4265/5366/4768 4243/5349/4761 4242/5348/4760 4267/5367/4769
f 4267/5367/4769 4242/5348/4760 4239/5345/4757 4246/5352/4764
f 4269/5368/4770 4270/5369/4771 4271/5370/4772
f 4272/5371/4773 4270/5369/4771 4269/5368/4770
f 4254/5133/4582 4257/5355/4766 4263/5372/4767 4229/5338/4750 4231/5340/4752
f 4431/5373/4774 4378/5374/4775 4381/5375/4776 4442/5376/4777 4441/5377/4778 4432/5378/4779
f 4277/5379/2586 4279/5380/4780 4280/5381/4781 4281/5382/4782
f 4280/5381/4781 4282/2856/2666 4283/5383/4783 4281/5382/4782
f 4282/2856/2666 4280/5381/4781 4279/5380/4780 4284/2857/2667
f 3974/5142/4591 4008/5140/4589 4006/5138/4587 4003/5135/4584 4002/5134/4583 4001/4480/4052 3975/5384/4784 4000/4479/4051 3941/5091/4543 3944/5090/4542 3972/5147/4596 3973/5144/4593
f 4289/5385/2583 4287/2851/2661 4286/2850/2660 4290/5386/2584
f 4289/5385/2583 4291/5387/3938 4292/2852/2662 4287/2851/2661
f 2040/3835/3526 1334/2370/2209 1330/2369/2208 1329/4752/4273 1954/4506/4074 1949/3141/2933 1948/3144/2936 1947/3389/3158 2038/2156/2012 2033/2155/2011 2032/3256/3042 2043/3286/3066
f 2104/3384/3153 1896/3072/2871 1900/3080/2879 2102/3367/3138
f 4299/5388/4785 4298/3248/3034 4297/3247/3033 4300/5389/4786
f 3414/340/317 3415/4591/568 3412/3293/572 3386/341/318
f 4278/5390/2585 4284/2857/2667 4279/5380/4780 4277/5391/2586
f 4284/2857/2667 4278/5390/2585 4290/5386/2584 4286/2850/2660
f 4303/5392/4787 4302/3246/3032 4275/4098/3736 4271/5370/4772
f 4300/5389/4786 4297/3247/3033 4302/3246/3032 4303/5392/4787
f 4300/5389/4786 4304/295/272 4305/5393/4788 4299/5388/4785
f 4306/5394/4789 4307/294/271 4308/2853/2663 4309/5395/4790
f 4307/294/271 4306/5394/4789 4305/5393/4788 4304/295/272
f 4194/688/647 4142/4465/4037 4140/4464/4036 4138/4469/4041 4139/684/643
f 4303/5392/4787 4310/290/267 4304/295/272 4300/5389/4786
f 4303/5392/4787 4271/5370/4772 4312/291/268 4310/290/267
f 4272/5371/4773 4269/5368/4770 4274/5396/2588 4276/5397/2587
f 4274/5396/2588 4269/5368/4770 4271/5370/4772 4275/4098/3736
f 4281/5382/4782 4272/5371/4773 4276/5397/2587 4277/5379/2586
f 4313/292/269 4312/291/268 4270/5369/4771 4283/5383/4783
f 4311/293/270 4313/292/269 4285/2855/2665 4288/2854/2664
f 4288/2854/2664 4308/2853/2663 4307/294/271 4311/293/270
f 3658/3755/3458 3657/3754/3457 3654/4789/3733 3655/5398/3505 3656/5399/3504 3666/4807/4320
f 4292/2852/2662 4314/5400/4791 4309/5395/4790 4308/2853/2663
f 4314/5400/4791 4292/2852/2662 4291/5387/3938 4295/5401/3937
f 4283/5383/4783 4270/5369/4771 4272/5371/4773 4281/5382/4782
f 4313/292/269 4283/5383/4783 4282/2856/2666 4285/2855/2665
f 4270/5369/4771 4312/291/268 4271/5370/4772
f 5167/5402/1184 5149/1254/1188 5150/5403/4792 5148/693/652 5170/692/651
f 4318/5404/4793 4319/5405/4794 4320/5406/4795
f 4322/5407/4796 4323/5408/4797 4324/5409/4798 4325/5410/4799
f 3071/4364/2000 3068/3930/3598 3267/5411/3597 3253/3928/3596 3251/2145/2001
f 4329/5412/4800 4330/5413/4801 4331/5414/4802 4332/5415/4803
f 5049/5416/4804 5048/5417/4805 5097/5418/4806 5060/5419/4807 5061/5420/4808 5050/5421/4809
f 1497/4178/3797 1506/2488/2311 1154/2075/1938 1498/2493/2316 1499/2492/2315 1500/3825/3512
f 4336/5422/4810 4337/5423/4811 4338/4842/4344 4334/5424/4812
f 4337/5423/4811 4336/5422/4810 4339/5425/4813 4340/5426/4814
f 4340/5426/4814 4339/5425/4813 4341/5427/3588 4342/5428/3587
f 4340/5426/4814 4342/5428/3587 4322/5407/4796 4325/5410/4799
f 4343/3915/3586 4344/5429/4815 4322/5407/4796 4342/3916/3587
f 4343/3915/3586 4345/3920/3591 4320/5406/4795 4344/5429/4815
f 2478/2235/2085 2479/2234/2084 2473/3956/3571 2474/2696/2503 2475/4031/3677 2476/3360/3131 2477/3359/3130
f 4347/5430/3589 4341/5431/3588 4339/5432/4813 4348/5433/4816
f 4348/5433/4816 4339/5432/4813 4336/5434/4810 4335/5435/4817
f 4348/5433/4816 4335/5435/4817 4349/5436/4818 4350/5437/4819
f 4333/5438/4820 4329/5412/4800 4351/5439/4821 4352/5440/4822
f 4329/5412/4800 4332/5415/4803 4353/5441/4823 4351/5439/4821
f 4353/5441/4823 4354/5442/4824 4355/5443/4825 4351/5439/4821
f 4355/5443/4825 4327/2120/1980 4326/2119/1979 4356/5444/4826
f 4327/2120/1980 4355/5443/4825 4354/5442/4824 4357/5445/4827
f 4356/5444/4826 4352/5440/4822 4351/5439/4821 4355/5443/4825
f 4352/5440/4822 4356/5444/4826 4358/5446/4828 4359/5447/4829
f 4352/5440/4822 4359/5447/4829 4349/5436/4818 4333/5438/4820
f 4359/5447/4829 4360/5448/4830 4350/5437/4819 4349/5436/4818
f 4346/3919/3590 4350/5437/4819 4360/5448/4830 4345/3920/3591
f 4345/3920/3591 4360/5448/4830 4318/5404/4793 4320/5406/4795
f 4360/5448/4830 4359/5447/4829 4358/5446/4828 4318/5404/4793
f 4356/5444/4826 4326/2119/1979 4361/2118/1978 4358/5446/4828
f 435/3536/3283 431/2542/2360 410/750/705 433/805/760
f 1317/1521/1436 1377/1520/1435 1376/2317/2161 1427/695/654 1436/699/658
f 4365/4620/4167 4324/5409/4798 4323/5408/4797 4363/4621/4168
f 4363/4621/4168 4323/5408/4797 4366/5449/4831 4362/2117/1977
f 4366/5449/4831 4323/5408/4797 4322/5407/4796 4344/5429/4815
f 4362/2117/1977 4366/5449/4831 4319/5405/4794 4361/2118/1978
f 4344/5429/4815 4320/5406/4795 4319/5405/4794 4366/5449/4831
f 4338/4842/4344 4337/5423/4811 4324/5409/4798 4365/4620/4167
f 4350/5437/4819 4346/3919/3590 4347/5430/3589 4348/5433/4816
f 4337/5423/4811 4340/5426/4814 4325/5410/4799 4324/5409/4798
f 4330/5413/4801 4317/5450/4832 4316/5451/4833 4367/5452/4834
f 4319/5405/4794 4318/5404/4793 4358/5446/4828 4361/2118/1978
f 217/4511/4079 221/367/344 220/366/343 219/453/430 218/452/429
f 4368/5453/4835 4369/5454/4836 4370/5455/4837
f 4371/5456/4838 4372/5457/4839 4373/5458/4840 4374/5459/4841
f 376/640/601 199/328/305 197/321/298 383/320/297 382/1553/296
f 4378/5374/4775 4379/5460/4842 4380/5461/4843 4381/5375/4776
f 4382/5462/4844 4383/5463/4845 4384/4161/3781 4385/4160/3780
f 4377/1126/1073 4376/1125/1072 4386/5464/4846
f 5219/5465/4847 5221/5466/4848 5222/5467/4849 5220/3036/2840 5210/3035/2839
f 4387/1124/1071 4390/1128/1075 4383/5463/4845 4388/5468/4850
f 4383/5463/4845 4390/1128/1075 4391/5469/4851 4384/4161/3781
f 4384/4161/3781 4391/5469/4851 4392/5470/4852 4393/4162/3782
f 4393/4162/3782 4392/5470/4852 4394/5471/4853 4395/5472/4854
f 4396/5473/4855 4397/5474/4856 4398/5475/4857 4399/5476/4858
f 4397/5474/4856 4400/5477/4859 4401/5478/4860 4398/5475/4857
f 4400/5477/4859 4377/1126/1073 4386/5464/4846 4401/5478/4860
f 4401/5478/4860 4402/5479/4861 4403/5480/4862 4398/5475/4857
f 4402/5479/4861 4401/5478/4860 4386/5464/4846 4389/5481/4863
f 4404/5482/4864 4389/5483/4863 4388/5468/4850 4405/5484/4865
f 4388/5468/4850 4383/5463/4845 4382/5462/4844 4405/5484/4865
f 4405/5484/4865 4382/5462/4844 4385/4160/3780 4406/5485/4866
f 4407/4164/3784 4408/5486/4867 4385/4160/3780
f 106/1518/1433 93/134/117 60/93/76 105/153/134 104/151/132 119/188/168
f 4409/4163/3783 4410/5487/4868 4411/5488/4869 4407/4164/3784
f 4409/4163/3783 4393/4162/3782 4395/5472/4854 4410/5487/4868
f 4410/5487/4868 4412/5489/4870 4413/5490/4871 4411/5488/4869
f 4410/5487/4868 4395/5472/4854 4414/5491/4872 4412/5489/4870
f 4412/5489/4870 4415/5492/4873 4416/5493/4874 4413/5490/4871
f 4415/5492/4873 4412/5489/4870 4414/5491/4872 4417/5494/4875
f 4415/5492/4873 4418/5495/4876 4419/5496/4877 4416/5493/4874
f 4418/5495/4876 4415/5492/4873 4417/5494/4875 4420/5497/4878
f 4419/5496/4877 4418/5495/4876 4421/5498/4879 4422/5499/4880
f 4420/5497/4878 4423/5500/4881 4421/5498/4879 4418/5495/4876
f 4422/5499/4880 4421/5498/4879 4424/5501/4882 4425/5502/4883
f 4424/5501/4882 4421/5498/4879 4423/5500/4881 4426/5503/4884
f 4425/5502/4883 4424/5501/4882 4399/5476/4858 4427/5504/4885
f 4399/5476/4858 4424/5501/4882 4426/5503/4884 4396/5473/4855
f 4427/5504/4885 4428/5505/4886 4371/5456/4838 4425/5502/4883
f 4428/5505/4886 4427/5504/4885 4398/5475/4857 4403/5480/4862
f 4398/5475/4857 4427/5504/4885 4399/5476/4858
f 4429/5506/4887 4403/5480/4862 4402/5479/4861 4430/5507/4888
f 4430/5508/4888 4431/5373/4774 4432/5378/4779 4429/5509/4887
f 4431/5373/4774 4430/5508/4888 4404/5510/4864 4433/5511/4889
f 4430/5507/4888 4402/5479/4861 4389/5481/4863 4404/5512/4864
f 4433/5511/4889 4379/5460/4842 4378/5374/4775 4431/5373/4774
f 4379/5513/4842 4433/5514/4889 4406/5485/4866 4434/5515/4890
f 4433/5514/4889 4404/5482/4864 4405/5484/4865 4406/5485/4866
f 4406/5485/4866 4385/4160/3780 4408/5486/4867 4434/5515/4890
f 4408/5486/4867 4435/5516/4891 4436/5517/4892 4434/5515/4890
f 4435/5516/4891 4408/5486/4867 4407/4164/3784 4411/5488/4869
f 4437/5518/4893 4435/5516/4891 4411/5488/4869 4413/5490/4871
f 4438/5519/4894 4437/5518/4893 4413/5490/4871 4416/5493/4874
f 4438/5519/4894 4416/5493/4874 4419/5496/4877 4439/5520/4895
f 4439/5520/4895 4419/5496/4877 4422/5499/4880 4374/5459/4841
f 4374/5459/4841 4422/5499/4880 4425/5502/4883 4371/5456/4838
f 4428/5505/4886 4440/5521/4896 4372/5457/4839 4371/5456/4838
f 4441/5377/4778 4440/5521/4896 4429/5509/4887 4432/5378/4779
f 4440/5521/4896 4428/5505/4886 4403/5480/4862 4429/5506/4887
f 5265/5522/4897 5264/5523/4898 5274/5524/4899 5275/5525/4900 5214/5526/4901 5213/5527/4902
f 4381/5375/4776 4380/5461/4843 4369/5454/4836 4442/5376/4777
f 4380/5461/4843 4379/5460/4842 4434/5528/4890 4436/5517/4892
f 4370/5455/4837 4436/5517/4892 4435/5516/4891 4437/5518/4893
f 4368/5453/4835 4370/5455/4837 4437/5518/4893 4438/5519/4894
f 4368/5453/4835 4438/5519/4894 4439/5520/4895 4443/5529/4903
f 4443/5529/4903 4439/5520/4895 4374/5459/4841 4373/5458/4840
f 4373/5458/4840 4441/5377/4778 4442/5376/4777 4443/5529/4903
f 4441/5377/4778 4373/5458/4840 4372/5457/4839 4440/5521/4896
f 4442/5376/4777 4369/5454/4836 4368/5453/4835 4443/5529/4903
f 4380/5461/4843 4436/5517/4892 4370/5455/4837 4369/5454/4836
f 4444/5530/4904 4445/5531/4905 4446/5532/4906 4447/5533/4907
f 4448/5534/4908 4449/5535/4909 4446/5532/4906 4445/5531/4905
f 4448/5534/4908 4450/5536/4910 4451/5537/4911 4449/5535/4909
f 4452/5538/4912 4453/5539/4913 4454/5540/1458
f 4455/5541/4914 4456/5542/4915 4457/5543/4916 4458/5544/4917
f 4459/5545/4918 4460/5546/4919 4461/5547/4920 4462/5548/4921
f 4463/5549/4922 4464/5550/4923 4465/5551/4924 4466/5552/4925
f 4464/5550/4923 4467/5553/4926 4468/5554/4927 4465/5551/4924
f 4467/5553/4926 4447/5533/4907 4469/5555/4928 4468/5554/4927
f 4447/5533/4907 4446/5532/4906 4470/5556/4929 4469/5555/4928
f 4446/5532/4906 4449/5535/4909 4471/5557/4930 4470/5556/4929
f 4449/5535/4909 4451/5537/4911 4472/1548/1462 4473/1547/1461
f 4474/5558/4931 4475/5559/4932 4476/5560/1464 4477/5561/1463
f 4478/5562/4933 4479/5563/4934 4452/5538/4912 4475/5559/4932
f 4478/5562/4933 4480/5564/4935 4481/5565/4936 4479/5563/4934
f 4481/5565/4936 4480/5564/4935 4463/5549/4922 4466/5552/4925
f 4481/5565/4936 4466/5552/4925 4458/5544/4917 4482/5566/4937
f 4466/5552/4925 4465/5551/4924 4455/5541/4914 4458/5544/4917
f 4483/5567/4938 4482/5566/4937 4458/5544/4917 4457/5543/4916
f 4457/5543/4916 4459/5545/4918 4462/5548/4921 4483/5567/4938
f 4459/5545/4918 4457/5543/4916 4456/5542/4915 4460/5546/4919
f 4456/5542/4915 4468/5554/4927 4469/5555/4928 4460/5546/4919
f 4460/5546/4919 4469/5555/4928 4470/5556/4929 4461/5547/4920
f 4461/5547/4920 4470/5556/4929 4471/5557/4930 4484/5568/4939
f 4484/5568/4939 4471/5557/4930 4485/1546/1460 4486/1545/1459
f 4473/1547/1461 4485/1546/1460 4471/5557/4930 4449/5535/4909
f 4454/5540/1458 4476/5560/1464 4475/5559/4932 4452/5538/4912
f 4454/1544/1458 4453/5569/4913 4486/1545/1459
f 4487/5570/4940 4486/1545/1459 4453/5569/4913 4488/5571/4941
f 4479/5563/4934 4488/5572/4941 4453/5539/4913 4452/5538/4912
f 4479/5563/4934 4481/5565/4936 4482/5566/4937 4488/5572/4941
f 4488/5573/4941 4482/5566/4937 4483/5567/4938 4487/5574/4940
f 4483/5567/4938 4462/5548/4921 4489/5575/4942 4487/5574/4940
f 4486/1545/1459 4487/5570/4940 4489/5576/4942 4484/5568/4939
f 4484/5568/4939 4489/5576/4942 4462/5548/4921 4461/5547/4920
f 4468/5554/4927 4456/5542/4915 4455/5541/4914 4465/5551/4924
f 4490/5577/4943 4491/5578/4944 4492/5579/4945
f 4493/5580/4946 4494/5581/4947 4495/5582/4948 4496/5583/4949
f 2617/3994/3648 2616/3993/3647 3055/4349/3936 3053/3939/3605 3054/2744/2540 3057/2743/2539
f 4497/5584/4950 4495/5582/4948 4499/5585/4951 4500/5586/4952
f 4501/5587/3416 4497/5584/4950 4500/5586/4952 4502/5588/4953
f 4502/5588/4953 4500/5586/4952 4503/5589/4954 4504/5590/4955
f 4502/5591/4953 4504/5592/4955 4505/5593/4956 4506/5594/4957
f 4507/5595/4958 4503/5589/4954 4500/5586/4952 4499/5585/4951
f 4499/5585/4951 4495/5582/4948 4494/5581/4947 4508/5596/4959
f 4494/5581/4947 4493/5580/4946 4509/5597/4960 4510/5598/4961
f 4511/5599/4962 4512/5600/4963 4513/5601/4964
f 4496/5583/4949 4514/5602/4965 4513/5601/4964 4493/5580/4946
f 4501/5587/3416 4516/5603/3415 4498/5604/4966 4497/5584/4950
f 1228/3840/3529 1229/4743/3532 2430/3842/3531 2429/3841/3530 2428/3839/3528
f 4506/5594/4957 4517/978/926 4501/3696/3416 4502/5591/4953
f 4505/5593/4956 4518/5605/4967 4519/5606/4968 4506/5594/4957
f 4510/5598/4961 4520/5607/4969 4508/5596/4959 4494/5581/4947
f 4520/5607/4969 4510/5598/4961 4521/5608/4970 4522/5609/4971
f 4523/5610/4972 4521/5608/4970 4510/5598/4961 4509/5597/4960
f 4521/5608/4970 4523/5610/4972 4524/5611/4973 4525/4657/4200
f 4526/5612/4974 4511/5599/4962 4527/5613/4975 4528/5614/4976
f 4527/5613/4975 4511/5599/4962 4529/5615/4977
f 4530/5616/4978 4515/5617/4979 4531/5618/3414 4491/5619/4944
f 4515/5617/4979 4498/5604/4966 4516/5603/3415 4531/5618/3414
f 4519/5606/4968 4533/979/927 4517/978/926 4506/5594/4957
f 4533/979/927 4519/5606/4968 4535/4653/4196 4536/4658/4201
f 4535/4653/4196 4519/5606/4968 4518/5605/4967 4537/4654/4197
f 5372/5620/4980 5370/5621/4981 5369/5622/4982 5368/5623/4983 5357/5624/4984 5371/5625/4985
f 4521/5608/4970 4525/4657/4200 4538/4656/4199 4522/5609/4971
f 4525/4657/4200 4524/5611/4973 4540/5626/4986 4536/4658/4201
f 4536/4658/4201 4540/5626/4986 4534/980/928 4533/979/927
f 4540/5626/4986 4541/5627/4987 4542/981/929 4534/980/928
f 4541/5627/4987 4540/5626/4986 4524/5611/4973 4528/5614/4976
f 4541/5627/4987 4543/5628/4988 4490/5577/4943 4542/981/929
f 4543/5628/4988 4541/5627/4987 4528/5614/4976 4527/5613/4975
f 4492/5629/4945 4491/5630/4944 4531/3694/3414 4532/977/925
f 4532/977/925 4542/981/929 4490/5577/4943 4492/5579/4945
f 4530/5616/4978 4529/5615/4977 4514/5602/4965 4515/5617/4979
f 4513/5601/4964 4514/5602/4965 4529/5615/4977 4511/5599/4962
f 4512/5600/4963 4509/5597/4960 4493/5580/4946 4513/5601/4964
f 4528/5614/4976 4524/5611/4973 4523/5610/4972 4526/5612/4974
f 4526/5612/4974 4523/5610/4972 4509/5597/4960 4512/5600/4963
f 4511/5599/4962 4526/5612/4974 4512/5600/4963
f 4544/5631/4989 4545/5632/4990 4546/5633/4991 4547/5634/4992
f 4544/5631/4989 4547/5634/4992 4548/5310/4733 4549/5635/4993
f 4553/5636/4994 4554/5637/4995 4555/5638/4996 4556/5639/4997
f 4549/5635/4993 4548/5310/4733 4557/5309/4732
f 3585/5640/2327 3608/2505/2326 3609/4764/4284 3561/4696/4228 3559/4695/4227
f 4564/5641/4998 4562/2209/2062 4561/2208/2061 4565/5642/4999
f 4562/2209/2062 4564/5641/4998 4566/5643/5000 4567/5644/5001
f 4569/5645/5002 4568/5646/5003 4546/5633/4991 4555/5647/4996
f 4547/5634/4992 4546/5633/4991 4568/5646/5003 4571/5648/5004
f 4555/5647/4996 4546/5633/4991 4545/5632/4990 4556/5649/4997
f 4545/5650/4990 4572/5651/5005 4553/5636/4994 4556/5652/4997
f 4572/5651/5005 4549/5635/4993 4557/5309/4732 4573/5653/5006
f 4549/5635/4993 4572/5651/5005 4545/5650/4990 4544/5631/4989
f 4573/5653/5006 4557/5309/4732 4574/5308/4731 4575/5654/5007
f 4571/5648/5004 4576/5311/4734 4548/5310/4733 4547/5634/4992
f 4576/5311/4734 4571/5648/5004 4577/4796/4309 4578/5312/4735
f 4571/5648/5004 4568/5646/5003 4570/4797/4310 4577/4796/4309
f 4564/5655/4998 4565/5656/4999 4579/4798/4311 4570/4797/4310 4568/5646/5003 4569/5645/5002 4566/5657/5000
f 4580/5658/5008 4565/5642/4999 4561/2208/2061 4560/2211/2064
f 5479/5659/5009 5476/5660/5010 5465/5661/5011 5440/5662/5012 5464/5663/5013 5463/5664/5014
f 4567/5644/5001 4583/1412/1332 4563/1411/1331 4562/2209/2062
f 4567/5644/5001 4585/5665/5015 4550/5666/5016 4583/1412/1332
f 4585/5665/5015 4567/5644/5001 4566/5643/5000 4569/5667/5002
f 4569/5667/5002 4555/5638/4996 4554/5637/4995 4585/5665/5015
f 4585/5665/5015 4554/5637/4995 4551/5668/5017
f 4551/5668/5017 4554/5637/4995 4553/5636/4994 4586/5669/5018
f 4586/5669/5018 4553/5636/4994 4572/5651/5005 4573/5653/5006
f 4586/5669/5018 4573/5653/5006 4575/5654/5007 4587/5670/5019
f 4587/5670/5019 4575/5654/5007 4588/5671/5020 4589/5672/5021
f 4575/5654/5007 4574/5308/4731 4590/5307/4730 4588/5671/5020
f 3384/342/319 3385/3290/3070 3382/4448/4025 3381/343/320
f 4578/5312/4735 4577/4796/4309 4591/4800/4313 4592/5313/4736
f 4591/4800/4313 4593/4799/4312 4594/5673/5022 4592/5313/4736
f 370/674/633 387/673/632 140/214/194 208/676/635 367/678/637 369/1301/1229
f 4579/4798/4311 4595/5674/5023 4596/5675/5024 4593/4799/4312
f 4580/5676/5008 4595/5674/5023 4579/4798/4311 4565/5656/4999
f 4594/5673/5022 4593/4799/4312 4596/5675/5024 4597/5677/5025
f 4600/5306/4729 4598/5678/5026 4601/5679/5027 4602/5680/5028
f 4590/5307/4730 4600/5306/4729 4602/5680/5028 4588/5671/5020
f 4602/5680/5028 4601/5679/5027 4603/5681/5029 4604/5682/5030
f 4588/5671/5020 4602/5680/5028 4604/5682/5030 4589/5672/5021
f 4552/5683/5031 4587/5670/5019 4589/5672/5021 4584/1413/1333
f 4552/5683/5031 4551/5668/5017 4586/5669/5018 4587/5670/5019
f 4584/1413/1333 4589/5672/5021 4604/5682/5030 4582/1414/1334
f 4604/5682/5030 4603/5681/5029 4581/1415/1335 4582/1414/1334
f 4550/5666/5016 4585/5665/5015 4551/5668/5017
f 4605/5684/5032 4606/5685/5033 4607/5686/5034
f 4608/5687/5035 4609/5688/5036 4610/5689/5037 4611/5690/5038
f 4612/5691/5039 4611/5692/5038 4613/4281/3890 4614/4280/3889
f 415/768/723 322/428/405 327/427/404 328/543/514 329/546/515
f 540/2863/2673 541/1462/1381 213/4452/4029 212/2864/2674
f 4618/4193/3810 4619/4192/3809 4620/5693/5040 4621/5694/5041
f 4622/5695/5042 4620/5693/5040 4619/4192/3809 4623/5696/5043
f 4620/5693/5040 4622/5695/5042 4624/5697/5044 4625/5698/5045
f 4623/5696/5043 4619/4192/3809 4626/4191/3808 4627/4285/3892
f 4615/3162/2954 4613/5699/3890 4628/5700/5046 4629/3158/2950
f 4629/3158/2950 4628/5700/5046 4630/5701/5047 4631/5702/5048
f 4628/5700/5046 4610/5689/5037 4609/5688/5036 4630/5701/5047
f 4610/5689/5037 4628/5700/5046 4613/5699/3890 4611/5690/5038
f 560/1162/1106 556/1410/1330 552/1158/1102 606/1157/1101 608/813/768 609/1163/1107
f 4609/5688/5036 4606/5685/5033 4630/5701/5047
f 4607/5686/5034 4609/5688/5036 4608/5703/5035 4633/5704/5049
f 4608/5703/5035 4634/5705/5050 4635/5706/5051 4633/5704/5049
f 4608/5707/5035 4611/5692/5038 4612/5691/5039 4634/5708/5050
f 4635/5706/5051 4636/5709/5052 4637/5710/5053 4633/5704/5049
f 4637/5710/5053 4636/5709/5052 4638/5711/5054 4639/5712/5055
f 4639/5712/5055 4640/5713/5056 4605/5684/5032 4637/5710/5053
f 4640/5713/5056 4639/5712/5055 4641/5714/5057 4642/5715/5058
f 4642/5715/5058 4643/5716/5059 4632/5717/5060 4640/5713/5056
f 4643/5716/5059 4642/5715/5058 4644/5718/5061 4645/5719/5062
f 4645/5719/5062 4646/5720/5063 4647/5721/5064 4643/5716/5059
f 4646/5720/5063 4645/5719/5062 4648/5722/5065 4649/5723/5066
f 3178/4518/4086 3179/3194/2986 3180/4309/3914 2796/2375/2214 2791/2374/2213 3177/3326/3102 3176/4430/4005
f 5461/5724/5067 5449/5725/2962 5484/5726/2961 5485/5727/5068 5486/5728/5069
f 4652/3159/2951 4629/3158/2950 4631/5702/5048 4647/5721/5064
f 4632/5717/5060 4606/5685/5033 4605/5684/5032 4640/5713/5056
f 4647/5721/5064 4646/5720/5063 4653/3160/2952 4652/3159/2951
f 4653/3160/2952 4646/5720/5063 4649/5723/5066 4654/5729/5070
f 4653/3160/2952 4654/5729/5070 4651/5730/3891 4650/3161/2953
f 4655/5731/5071 4648/5722/5065 4645/5719/5062 4644/5718/5061
f 4644/5718/5061 4625/5698/5045 4624/5697/5044 4655/5731/5071
f 4625/5698/5045 4644/5718/5061 4642/5715/5058 4641/5714/5057
f 4639/5712/5055 4638/5711/5054 4621/5694/5041 4641/5714/5057
f 4617/4194/3811 4638/5711/5054 4636/5709/5052 4656/5732/5072
f 4656/5732/5072 4636/5709/5052 4635/5706/5051 4634/5705/5050
f 4656/5732/5072 4614/4280/3889 4616/4190/3807 4617/4194/3811
f 4614/4280/3889 4656/5732/5072 4634/5705/5050 4612/5691/5039
f 4621/5694/5041 4638/5711/5054 4617/4194/3811 4618/4193/3810
f 4625/5698/5045 4641/5714/5057 4621/5694/5041 4620/5693/5040
f 4605/5684/5032 4607/5686/5034 4633/5704/5049 4637/5710/5053
f 4609/5688/5036 4607/5686/5034 4606/5685/5033
f 4657/5733/5073 4658/5734/5074 4659/5735/5075 4660/5736/5076
f 4661/5737/5077 4662/5297/4721 4663/5738/5078 4664/5739/5079
f 142/217/197 141/216/196 393/713/672 5506/683/642 366/682/641 388/681/640 389/680/639 207/679/638 208/676/635 206/677/636 289/468/443 290/479/454
f 4667/1199/1140 4668/3722/3437 4669/1755/1653 4670/1200/1141
f 4671/5740/5080 4672/3721/3436 4673/3720/3435 4674/5741/5081
f 3616/3807/3502 3617/3573/3313 2775/2355/2194 3581/2354/2193
f 1041/1959/1835 1036/1948/1824 1035/1947/1823 1042/1960/1836
f 4680/885/839 4679/889/843 4666/5742/5082 4665/5743/5083
f 4680/885/839 4665/5743/5083 4681/5744/5084 4682/886/840
f 4698/5296/4720 4696/5745/5085 4681/5744/5084 4665/5743/5083 4666/5742/5082 4663/5738/5078 4662/5297/4721
f 3785/5746/3737 3784/4105/3743 3782/4934/4407 3765/4921/4395 3767/4923/4397 3786/4936/4409 3787/4939/4411 3788/4100/3738
f 4684/5747/5086 4685/1202/1143 4686/3856/3543 4683/4762/4282
f 2895/4204/3819 2586/3975/3634 2587/3974/3633 2584/2041/1911 2585/4200/3816 2891/3831/3516 2467/3830/3515 2466/1670/1576 3723/3527/3275 2894/3526/3274
f 4690/3723/3438 4668/3722/3437 4692/828/783 4693/834/789
f 4677/829/784 4692/828/783 4668/3722/3437 4667/1199/1140
f 4682/886/840 4681/5744/5084 4696/5745/5085 4697/5748/5087
f 4697/5748/5087 4696/5745/5085 4660/5736/5076 4659/5735/5075
f 4696/5745/5085 4698/5296/4720 4699/5749/5088 4660/5736/5076
f 4700/4761/4281 4701/4760/4280 4699/5749/5088 4698/5296/4720
f 5517/2514/2333 5518/2513/2332 5506/683/642 393/713/672 394/712/671 392/717/676 390/721/680
f 4702/3853/3540 4686/3856/3543 4685/1202/1143 4687/1201/1142
f 4687/5750/1142 4670/1200/1141 4703/1758/1656 4702/4573/3540
f 3035/4615/4162 2731/4327/3709 2682/550/519 2833/549/518 3032/4320/3919 3033/4326/3922
f 4704/1757/1655 4691/1756/1654 4672/3721/3436 4705/4574/4133
f 4673/3720/3435 4690/3723/3438 4693/834/789 4706/5751/5089
f 4706/5751/5089 4693/834/789 4707/833/788 4708/5752/5090
f 2672/4025/3674 2665/2223/2076 2663/2222/2075 3287/1453/1372 2669/4022/3671
f 4708/5752/5090 4707/833/788 4709/5753/5091 4710/5754/5092
f 4707/833/788 4694/832/787 4695/887/841 4709/5753/5091
f 4709/5753/5091 4697/5748/5087 4659/5735/5075 4710/5754/5092
f 4697/5748/5087 4709/5753/5091 4695/887/841 4682/886/840
f 4710/5754/5092 4659/5735/5075 4658/5734/5074 4711/5755/5093
f 4712/5756/5094 4711/5755/5093 4658/5734/5074 4713/5757/5095
f 4711/5755/5093 4712/5756/5094 4714/5758/5096 4715/5759/5097
f 4674/5741/5081 4714/5760/5096 4716/5761/5098 4671/5740/5080
f 4671/5740/5080 4716/5761/5098 4705/4574/4133 4672/3721/3436
f 4717/4572/3541 4705/4574/4133 4716/5761/5098 4718/5762/5099
f 4717/3854/3541 4718/5763/5099 4719/5764/5100 4720/3855/3542
f 4718/5763/5099 4712/5765/5094 4713/5766/5095 4719/5764/5100
f 4718/5762/5099 4716/5761/5098 4714/5760/5096 4712/5767/5094
f 4721/5768/5101 4713/5757/5095 4658/5734/5074 4657/5733/5073
f 4657/5733/5073 4660/5736/5076 4699/5749/5088 4721/5768/5101
f 4699/5749/5088 4701/4760/4280 4722/5769/5102 4721/5770/5101
f 4713/5766/5095 4721/5770/5101 4722/5769/5102 4719/5764/5100
f 4720/3855/3542 4719/5764/5100 4722/5769/5102 4701/4760/4280
f 641/4509/4077 725/1395/1315 724/1399/1319 723/1068/1015 721/1067/1014 643/499/471 483/498/470 539/1061/1008 642/1532/1446
f 4715/5759/5097 4714/5758/5096 4674/5741/5081 4723/5771/5103
f 4708/5752/5090 4715/5759/5097 4723/5771/5103 4706/5751/5089
f 4715/5759/5097 4708/5752/5090 4710/5754/5092 4711/5755/5093
f 4723/5771/5103 4674/5741/5081 4673/3720/3435 4706/5751/5089
f 4661/5737/5077 4688/1203/1144 4685/1202/1143 4684/5747/5086
f 4684/5747/5086 4683/4762/4282 4662/5297/4721 4661/5737/5077
f 4675/830/785 4677/829/784 4667/1199/1140 4724/5772/5104
f 4724/5772/5104 4667/1199/1140 4689/1198/1139 4725/5773/5105
f 464/948/898 465/949/899 757/1461/1380 638/1208/1149 636/1147/1091
f 4734/4982/4448 4735/4967/4433 4736/4966/4432 4737/4965/4431
f 4741/5774/5106 4742/4979/4445 4743/4978/4444 4744/1183/1124
f 4744/1183/1124 4745/1182/1123 4746/5775/5107 4741/5774/5106
f 4741/5774/5106 4746/5775/5107 4747/4990/4456 4742/4979/4445
f 4214/5776/5108 4147/5267/4695 4150/5270/4698 4216/628/590 4215/627/589
f 4747/5777/4456 4746/5778/5107 4750/5779/5109 4751/5780/5110
f 4751/5780/5110 4752/5781/5111 4748/4988/4454 4747/5777/4456
f 4752/5781/5111 4753/5782/5112 4754/4989/4455 4748/4988/4454
f 4753/5782/5112 4752/5781/5111 4755/5783/5113 4756/5784/5114
f 4756/5784/5114 4757/5785/5115 4758/5786/5116 4753/5782/5112
f 4757/5785/5115 4759/5787/5117 4760/5788/5118 4758/5786/5116
f 4759/5787/5117 4757/5785/5115 4761/905/857 4762/5789/5119
f 4762/5789/5119 4763/5790/5120 4764/5791/5121 4759/5787/5117
f 4765/5792/5122 4764/5791/5121 4763/5790/5120 4766/5793/5123
f 4763/5790/5120 4767/5055/4515 4768/5054/4514 4766/5793/5123
f 3907/19/11 3858/18/10 3857/5008/4472 3860/5030/4491 3864/5794/5124
f 3863/1387/1307 3864/5794/5124 3860/5030/4491 3861/1388/1308
f 273/447/424 216/4512/4080 217/4511/4079 218/452/429 275/449/426
f 1953/3147/2939 1954/4506/4074 1741/2821/2631 1285/2823/2633
f 4779/5795/4479 4778/5796/4478 4780/5023/4484 4781/5022/4483
f 4778/5796/4478 4782/5797/4477 4783/5024/4485 4780/5023/4484
f 4783/5024/4485 4785/5798/5125 4786/5799/5126 4784/5012/4476
f 4784/5012/4476 4786/5799/5126 4787/5800/5127 4771/5009/4473
f 4770/3692/3412 4787/5800/5127 4788/5801/5128 4789/4905/4379
f 1840/2986/2795 1839/2989/2798 1836/2979/2788 1114/2024/1894
f 4765/5792/5122 4766/5793/5123 4769/3693/3413 4790/4904/4378
f 4790/4904/4378 4791/4903/4377 4792/5802/5129 4765/5792/5122
f 4765/5792/5122 4792/5802/5129 4793/5803/5130 4764/5791/5121
f 4760/5788/5118 4759/5787/5117 4764/5791/5121 4793/5803/5130
f 4793/5803/5130 4794/5804/5131 4795/5805/5132 4760/5788/5118
f 4795/5805/5132 4796/5806/5133 4758/5786/5116 4760/5788/5118
f 4796/5806/5133 4795/5805/5132 4738/4984/4450 4740/4983/4449
f 4740/4983/4449 4797/4975/4441 4754/4989/4455 4796/5806/5133
f 4796/5806/5133 4754/4989/4455 4753/5782/5112 4758/5786/5116
f 4797/4975/4441 4740/4983/4449 4737/4965/4431 4798/4964/4430
f 3479/1514/1429 2848/1513/1428 2851/4776/4292 2524/2455/2278 3478/4633/4179
f 177/255/232 176/254/231 371/635/597 368/638/600 369/1301/1229 367/678/637
f 5134/3246/4368 5106/4098/5134 5107/882/836 5108/881/835 5135/880/834
f 3821/2736/2532 3833/2735/2531 3837/4987/4453 3890/5807/4499 3891/5089/4498
f 4799/5808/1126 4801/5809/5135 4802/5810/5136 4800/5811/1122
f 4800/5811/1122 4802/5810/5136 4803/5812/5137 4745/5813/1123
f 4803/5812/5137 4750/5779/5109 4746/5778/5107 4745/5813/1123
f 4804/5814/5138 4805/5815/5139 4750/5779/5109 4803/5812/5137
f 4750/5779/5109 4805/5815/5139 4806/5816/5140 4751/5780/5110
f 4755/5783/5113 4752/5781/5111 4751/5780/5110 4806/5816/5140
f 4806/5816/5140 4807/5817/5141 4808/5818/5142 4755/5783/5113
f 4808/5818/5142 4809/901/853 4756/5784/5114 4755/5783/5113
f 4809/901/853 4761/905/857 4757/5785/5115 4756/5784/5114
f 3939/3137/2929 3937/5088/4541 3900/5048/4508 3853/5004/4468 3901/3138/2930
f 4761/905/857 4810/904/856 4811/5051/4511 4762/5789/5119
f 4767/5055/4515 4763/5790/5120 4762/5789/5119 4811/5051/4511
f 2025/4036/3682 1969/1428/1348 1968/530/502 2023/529/501 2024/4557/4118
f 4811/5051/4511 4812/5050/4510 4813/5056/4516 4767/5055/4515
f 2730/4062/3708 2870/4174/3793 2866/4177/3796 1501/3826/3513 1033/1945/1821 2748/4073/3718
f 4812/5050/4510 4814/5049/4509 4815/5052/4512 4813/5056/4516
f 1878/1316/1240 1877/3044/2848 3403/3422/3187 3405/1317/1241
f 4819/5058/4518 4820/5819/5143 4821/5820/5144 4817/5059/4519
f 4820/5819/5143 4819/5058/4518 4822/5057/4517 4823/5821/5145
f 4820/5819/5143 4823/5821/5145 4824/5018/4482 4777/5017/4481
f 4777/5017/4481 4776/5016/4480 4821/5820/5144 4820/5819/5143
f 4824/5018/4482 4823/5821/5145 4825/5822/5146 4826/5823/5147
f 4824/5018/4482 4826/5823/5147 4827/5824/5148 4782/5013/4477
f 4785/5798/5125 4783/5024/4485 4782/5797/4477 4827/5825/5148
f 4827/5825/5148 4828/5826/5149 4829/5827/5150 4785/5798/5125
f 4829/5827/5150 4830/5828/5151 4786/5799/5126 4785/5798/5125
f 4830/5828/5151 4788/5801/5128 4787/5800/5127 4786/5799/5126
f 4788/5801/5128 4830/5828/5151 4831/5829/5152 4832/5830/5153
f 4788/5801/5128 4832/5830/5153 4833/4906/4380 4789/4905/4379
f 4833/4906/4380 4834/5077/4536 4835/5831/5154 4791/4903/4377
f 4791/4903/4377 4835/5831/5154 4836/5832/5155 4792/5802/5129
f 4835/5831/5154 4727/4969/4435 4729/4977/4443 4836/5832/5155
f 4836/5832/5155 4729/4977/4443 4739/4976/4442 4794/5804/5131
f 4794/5804/5131 4793/5803/5130 4792/5802/5129 4836/5832/5155
f 4834/5077/4536 4728/4970/4436 4727/4969/4435 4835/5831/5154
f 964/1838/1723 959/1818/1707 958/1816/1706 957/1815/1705 934/1783/1679 963/1827/1715
f 4834/5077/4536 4833/4906/4380 4832/5830/5153 4838/5833/4534
f 4839/5076/4535 4840/5834/5156 4730/4981/4447 4732/4980/4446
f 4838/5833/4534 4832/5830/5153 4831/5829/5152 4839/5835/4535
f 4839/5835/4535 4831/5829/5152 4841/5836/5157 4840/5837/5156
f 4801/5838/5135 4799/5839/1126 4840/5837/5156 4841/5836/5157
f 4841/5836/5157 4829/5827/5150 4828/5826/5149 4801/5838/5135
f 4801/5809/5135 4828/5840/5149 4842/5841/5158 4802/5810/5136
f 4804/5814/5138 4803/5812/5137 4802/5810/5136 4842/5841/5158
f 4842/5841/5158 4826/5823/5147 4825/5822/5146 4804/5814/5138
f 4804/5814/5138 4825/5822/5146 4843/5842/5159 4805/5815/5139
f 4807/5817/5141 4806/5816/5140 4805/5815/5139 4843/5842/5159
f 4843/5842/5159 4822/5057/4517 4844/1376/1296 4807/5817/5141
f 4807/5817/5141 4844/1376/1296 4845/1375/1295 4808/5818/5142
f 4845/1375/1295 4846/1374/1294 4847/902/854 4809/901/853 4808/5818/5142
f 919/1420/1340 954/1419/1339 940/1829/1685 955/5843/1716 956/1813/1704
f 40/60/52 29/41/33 22/30/22 38/3064/2865 39/57/49
f 4843/5842/5159 4825/5822/5146 4823/5821/5145 4822/5057/4517
f 4828/5840/5149 4827/5824/5148 4826/5823/5147 4842/5841/5158
f 4841/5836/5157 4831/5829/5152 4830/5828/5151 4829/5827/5150
f 4799/1185/1126 4731/1184/1125 4730/4981/4447 4840/5834/5156
f 3453/1118/1065 3229/4605/4156 1890/4482/4054 1888/2841/2651 3439/1119/1066
f 4794/5804/5131 4739/4976/4442 4738/4984/4450 4795/5805/5132
f 4853/3414/3179 4854/5844/5160 4851/5845/5161 4850/3415/3180
f 5169/1252/1186 5183/5846/5162 5166/5847/5163 5162/5848/5164 5165/1253/1187
f 4855/5115/4567 4856/5118/4570 4857/5849/5165 4858/1007/954
f 4857/5849/5165 4859/5850/5166 4860/5851/5167 4858/1007/954
f 4861/4831/4339 4855/5115/4567 4858/1007/954 4862/1006/953
f 4863/5852/5168 4864/4616/4163 4865/1009/956 4866/5853/5169
f 4867/5854/5170 4868/5855/5171 4869/5116/4568 4870/4830/4338
f 4871/5856/5172 4872/5857/5173 4873/5858/5174
f 4874/4827/4335 4875/4826/4334 4876/5859/5175 4877/4828/4336
f 4878/5860/5176 4879/5861/5177 4880/4829/4337 4877/4828/4336
f 590/1134/1081 592/1137/1084 543/1141/1087 544/1465/1384 542/1464/1383
f 4885/5862/5178 4886/5161/4604 4887/5160/4603 4888/5863/5179
f 4889/5864/5180 4890/5865/5181 4886/5161/4604 4885/5862/5178
f 4888/5863/5179 4891/4724/4251 4892/4723/4250 4885/5862/5178
f 3728/3833/3518 3730/3832/3517 2493/4874/495 3729/5866/494
f 4895/4721/4248 4871/5856/5172 4873/5858/5174 4894/4722/4249
f 4896/4720/4247 4897/5867/5182 4871/5856/5172 4895/4721/4248
f 4897/5867/5182 4898/5868/5183 4899/5869/5184 4871/5856/5172
f 4898/5868/5183 4900/5870/5185 4860/5851/5167 4899/5869/5184
f 4898/5868/5183 4866/5853/5169 4900/5870/5185
f 4866/5853/5169 4865/1009/956 4901/1008/955 4900/5870/5185
f 1269/2199/2052 1266/2190/2043 1496/4833/4341 2361/4588/4145 2356/3734/3446 1270/2200/2053
f 4864/4616/4163 4904/5871/4165 4902/1010/957 4865/1009/956
f 4902/1010/957 4904/5871/4165 4905/5872/4164 4906/5873/5186
f 4907/5874/5187 4908/5875/5188 4906/5873/5186 4905/5872/4164
f 4852/5876/5189 4907/5877/5187 4905/4617/4164 4909/3416/3181 4850/3415/3180 4851/5845/5161
f 1700/1664/1570 1699/2745/2541 1237/2165/2021 1263/2761/2557 1702/2760/2556 1703/1665/1571
f 4910/3406/3171 4864/4616/4163 4863/5852/5168 4911/3407/3172
f 4774/5010/4474 4771/5009/4473 4787/5800/5127 4770/3692/3412 4773/3691/3411
f 4912/3408/3173 4911/3407/3172 4913/5878/5190 4914/5879/5191
f 4914/5879/5191 4915/5880/5192 4916/3409/3174 4912/3408/3173
f 4915/5880/5192 4917/5881/5193 4918/3410/3175 4916/3409/3174
f 4584/1413/1333 4583/1412/1332 4550/5666/5016 4551/5668/5017 4552/5683/5031
f 4919/5882/5194 4883/3411/3176 4918/3410/3175 4917/5881/5193
f 4882/3412/3177 4883/3411/3176 4919/5882/5194 4920/5883/5195
f 4921/5884/5196 4881/3413/3178 4882/3412/3177 4920/5883/5195
f 4854/5844/5160 4853/3414/3179 4881/3413/3178 4921/5884/5196
f 4921/5885/5196 4922/5886/5197 4923/5887/5198 4854/5888/5160
f 4854/5888/5160 4923/5887/5198 4924/5889/5199 4851/5890/5161
f 4851/5891/5161 4924/5892/5199 4925/5893/5200 4852/5894/5189
f 4925/5893/5200 4908/5875/5188 4907/5874/5187 4852/5894/5189
f 4908/5875/5188 4925/5893/5200 4926/5895/5201 4876/5859/5175
f 4908/5875/5188 4876/5859/5175 4875/4826/4334 4906/5873/5186
f 4875/4826/4334 4903/1011/958 4902/1010/957 4906/5873/5186
f 4926/5895/5201 4925/5893/5200 4924/5892/5199 4937/5896/5202 4879/5861/5177 4878/5860/5176
f 4878/5860/5176 4877/4828/4336 4876/5859/5175 4926/5895/5201
f 4922/5886/5197 4928/662/621 4927/4930/4403 4923/5887/5198
f 4928/662/621 4922/5886/5197 4929/5162/4605 4930/663/622
f 3069/2142/1998 3249/2141/1997 3246/2288/2135 2716/2292/2139
f 4920/5897/5195 4919/5898/5194 4931/5163/4606 4929/5162/4605
f 4931/5163/4606 4919/5898/5194 4917/5881/5193 4932/5899/5203
f 4891/4724/4251 4888/5863/5179 4932/5899/5203 4933/4725/4252
f 4932/5899/5203 4888/5863/5179 4887/5160/4603 4931/5163/4606
f 4932/5899/5203 4917/5881/5193 4915/5880/5192 4933/4725/4252
f 4915/5880/5192 4914/5879/5191 4896/4720/4247 4933/4725/4252
f 4914/5879/5191 4913/5878/5190 4897/5867/5182 4896/4720/4247
f 4922/5886/5197 4921/5885/5196 4920/5897/5195 4929/5162/4605
f 4042/5182/4621 4025/869/823 4020/868/822 4019/3603/3340 4027/3602/3339
f 4330/5413/4801 4335/5435/4817 4336/5434/4810 4334/5900/4812 4317/5450/4832
f 4924/5889/5199 4923/5887/5198 4927/4930/4403 4936/4929/4402 4937/5901/5202
f 4937/5901/5202 4936/4929/4402 4938/5902/5204 4939/5903/5205
f 4937/5896/5202 4939/5904/5205 4940/5905/5206 4879/5861/5177
f 4187/5262/4690 4164/5261/4689 4161/5285/4709 4160/5906/4708 4186/5304/4727 4115/5305/4728
f 4939/5904/5205 4941/5907/5207 4942/5908/5208 4940/5905/5206
f 4942/5908/5208 4943/5909/5209 4944/5910/5210 4940/5905/5206
f 4944/5910/5210 4880/4829/4337 4879/5861/5177 4940/5905/5206
f 4943/5909/5209 4945/5911/5211 4867/5854/5170 4944/5910/5210
f 4944/5910/5210 4867/5854/5170 4870/4830/4338 4880/4829/4337
f 4946/5912/5212 4938/5902/5204 4947/5913/5213 4948/5914/5214
f 4948/5914/5214 4947/5913/5213 4949/5915/5215 4950/5916/5216
f 4938/5902/5204 4936/4929/4402 4935/661/620 4947/5913/5213
f 4947/5913/5213 4935/661/620 4951/660/619 4949/5915/5215
f 4890/5865/5181 4952/5917/5217 4949/5915/5215 4951/660/619
f 4934/664/623 4886/5161/4604 4890/5865/5181 4951/660/619
f 4946/5912/5212 4941/5918/5207 4939/5903/5205 4938/5902/5204
f 4911/3407/3172 4863/5852/5168 4866/5853/5169 4913/5878/5190
f 4858/1007/954 4860/5851/5167 4900/5870/5185 4901/1008/955
f 3761/1867/1751 3758/1866/1750 3753/4915/4389 3756/4918/4392 3771/4928/4401
f 3993/3742/3451 3953/3741/3450 3952/1002/949 3959/1001/948 3970/5109/4561 3966/5105/4557 3965/5104/4556 3968/5107/4559
f 4899/5869/5184 4860/5851/5167 4859/5850/5166 4872/5857/5173
f 4898/5868/5183 4897/5867/5182 4913/5878/5190
f 4913/5878/5190 4866/5853/5169 4898/5868/5183
f 4871/5856/5172 4899/5869/5184 4872/5857/5173
f 4953/5919/5218 4954/5920/5219 4955/5921/5220 4956/5922/5221
f 4953/5919/5218 4956/5922/5221 4957/5923/5222
f 4958/5924/5223 4959/5925/5224 4960/5926/5225
f 4961/5927/5226 4962/5928/5227 4963/5929/5228
f 4964/1615/1523 4965/1614/1522 4966/5930/5229 4967/5931/5230
f 4968/5932/5231 4964/1615/1523 4967/5931/5230
f 4967/5931/5230 4969/5933/5232 4970/5934/5233 4968/5932/5231
f 4968/5932/5231 4970/5934/5233 4971/5935/5234 4972/5936/5235
f 4972/5936/5235 4973/5937/5236 4974/1617/1525 4975/1616/1524
f 4975/1616/1524 4964/1615/1523 4968/5932/5231 4972/5936/5235
f 4129/3486/3244 4131/4514/4082 4187/5262/4690 4115/5305/4728 4116/5302/4726 4117/3487/3245
f 4977/1613/1521 4978/5938/5237 4954/5920/5219 4965/1614/1522
f 4954/5920/5219 4978/5938/5237 4979/5939/5238 4955/5921/5220
f 4963/5929/5228 4956/5922/5221 4955/5921/5220 4961/5927/5226
f 4980/5940/5239 4957/5923/5222 4956/5922/5221 4963/5929/5228
f 4980/5940/5239 4981/5941/5240 4982/5942/5241 4957/5923/5222
f 4966/5930/5229 4953/5919/5218 4957/5923/5222 4982/5942/5241
f 4982/5942/5241 4969/5933/5232 4967/5931/5230 4966/5930/5229
f 4969/5933/5232 4982/5942/5241 4981/5941/5240 4960/5943/5225
f 4960/5943/5225 4959/5925/5224 4970/5934/5233 4969/5933/5232
f 4959/5925/5224 4983/5944/5242 4971/5935/5234 4970/5934/5233
f 4971/5935/5234 4983/5944/5242 4984/5945/5243 4985/5946/5244
f 4985/5946/5244 4973/5937/5236 4972/5936/5235 4971/5935/5234
f 4973/5937/5236 4985/5946/5244 4986/5947/5245 4987/5948/5246
f 4973/5937/5236 4987/5948/5246 4988/5949/5247 4974/1617/1525
f 4974/1617/1525 4988/5949/5247 4989/5950/5248 4976/1618/1526
f 4976/1618/1526 4989/5950/5248 4990/5951/5249 4991/5952/5250
f 4977/1613/1521 4976/1618/1526 4991/5952/5250 4978/5938/5237
f 4992/5244/4676 4979/5939/5238 4978/5938/5237 4991/5952/5250
f 4993/5243/4675 4994/5953/5251 4979/5939/5238 4992/5244/4676
f 4994/5953/5251 4961/5927/5226 4955/5921/5220 4979/5939/5238
f 4994/5953/5251 4993/5243/4675 4995/5954/5252 4996/5955/5253
f 4962/5928/5227 4961/5927/5226 4994/5953/5251 4996/5955/5253
f 4996/5955/5253 4995/5954/5252 4997/5956/5254 4998/5957/5255
f 4998/5957/5255 4999/5958/5256 4962/5928/5227 4996/5955/5253
f 4999/5958/5256 4998/5957/5255 5000/5959/5257 5001/5960/5258
f 4981/5961/5240 4980/5962/5239 4999/5958/5256 5001/5960/5258
f 5001/5963/5258 4958/5924/5223 4960/5926/5225 4981/5964/5240
f 5000/5965/5257 5002/5966/5259 4958/5924/5223 5001/5963/5258
f 5002/5966/5259 5000/5965/5257 5003/5967/5260 5004/5968/5261
f 5004/5968/5261 4984/5945/5243 4983/5944/5242 5002/5966/5259
f 4983/5944/5242 4959/5925/5224 4958/5924/5223 5002/5966/5259
f 5005/5969/5262 4986/5947/5245 4985/5946/5244 4984/5945/5243
f 4986/5947/5245 5005/5969/5262 5006/5970/5263 5007/5971/5264
f 5008/5972/5265 4987/5948/5246 4986/5947/5245 5007/5971/5264
f 5009/5973/5266 4988/5949/5247 4987/5948/5246 5008/5972/5265
f 5010/5974/5267 4989/5950/5248 4988/5949/5247 5009/5973/5266
f 5011/5975/5268 4990/5951/5249 4989/5950/5248 5010/5974/5267
f 5012/5245/4677 4992/5244/4676 4991/5952/5250 4990/5951/5249
f 4993/5243/4675 5015/5242/4674 5016/5976/5269 4995/5954/5252
f 4995/5954/5252 5016/5976/5269 5017/5977/5270 4997/5956/5254
f 5017/5977/5270 5018/5978/5271 5003/5979/5260 4997/5956/5254
f 5003/5979/5260 5000/5959/5257 4998/5957/5255 4997/5956/5254
f 5018/5980/5271 5019/5981/5272 5004/5968/5261 5003/5967/5260
f 5020/5982/5273 5006/5970/5263 5005/5969/5262 5019/5981/5272
f 5019/5981/5272 5005/5969/5262 4984/5945/5243 5004/5968/5261
f 5021/5983/5274 5016/5976/5269 5015/5242/4674 5014/5247/4679
f 5022/5984/5275 5017/5977/5270 5016/5976/5269 5021/5983/5274
f 5018/5978/5271 5017/5977/5270 5022/5984/5275 5023/5985/5276
f 5023/5986/5276 5020/5982/5273 5019/5981/5272 5018/5980/5271
f 4999/5958/5256 4980/5962/5239 4963/5929/5228 4962/5928/5227
f 4965/1614/1522 4954/5920/5219 4953/5919/5218 4966/5930/5229
f 5024/2539/2357 5025/2538/2356 5026/1543/1457 5027/1542/1456
f 5028/5987/5277 5029/5988/5278 5030/5989/5279 5031/5990/5280
f 5032/5991/5281 5033/5992/5282 5029/5988/5278 5028/5987/5277
f 5037/5993/5283 5038/5994/5284 5035/5995/5285 5034/5996/5286
f 5038/5994/5284 5037/5993/5283 5039/5997/5287 5040/5998/5288
f 5039/5997/5287 5041/4385/3963 5042/4384/3962 5040/5998/5288
f 5039/5997/5287 5037/5993/5283 5043/5999/5289 5041/4385/3963
f 5044/6000/5290 5045/6001/5291 5046/1314/1238 5047/1313/1237
f 5044/6000/5290 5047/1313/1237 5048/5417/4805 5049/5416/4804
f 5044/6000/5290 5049/5416/4804 5050/5421/4809 5045/6001/5291
f 5053/1312/1236 5052/1311/1235 5054/6002/5292 5055/6003/5293
f 5054/6002/5292 5056/6004/5294 5055/6003/5293
f 5055/6003/5293 5048/5417/4805 5047/1313/1237 5053/1312/1236
f 4334/5424/4812 4338/4842/4344 4315/4841/4343 4316/5451/4833 4317/5450/4832
f 969/1847/1732 986/1863/1747 987/818/773 972/817/772 991/816/771 990/1876/1760
f 5062/6005/5295 5033/5992/5282 5063/6006/5296 5064/6007/5297
f 5032/5991/5281 5065/6008/5298 5063/6006/5296 5033/5992/5282
f 5066/6009/5299 5063/6006/5296 5065/6008/5298 5067/6010/5300
f 5064/6007/5297 5063/6006/5296 5066/6009/5299 5068/6011/5301
f 5069/6012/5302 5070/6013/5303 5068/6011/5301 5071/1432/1352
f 5072/6014/5304 5069/6012/5302 5071/1432/1352 5073/1431/1351
f 5073/1431/1351 5074/6015/5305 5075/6016/5306 5072/6014/5304
f 5075/6017/5306 5038/5994/5284 5040/5998/5288 5072/6018/5304
f 5038/5994/5284 5075/6017/5306 5076/6019/5307 5035/5995/5285
f 5035/5995/5285 5076/6019/5307 5077/2541/2359 5036/2540/2358
f 3386/341/318 3387/3295/3072 3388/2843/2653 3384/342/319
f 4816/5053/4513 4772/3690/3410 4769/3693/3413 4766/5793/5123 4768/5054/4514
f 231/6020/5308 217/4511/4079 239/4510/4078 240/414/391 237/407/384 236/406/383 235/405/382 228/377/354
f 5079/6021/5309 5057/4386/3964 5041/4385/3963 5043/5999/5289
f 5059/4383/3961 5070/6013/5303 5069/6012/5302 5042/4384/3962
f 5072/6018/5304 5040/5998/5288 5042/4384/3962 5069/6012/5302
f 5068/6011/5301 5070/6013/5303 5080/1539/1453 5064/6007/5297
f 5081/6022/1452 5062/6005/5295 5064/6007/5297 5080/1539/1453
f 5081/6022/1452 5026/6023/1457 5082/4701/4233 5062/6005/5295
f 1495/567/536 2646/566/535 2645/4015/3664 1496/4833/4341 1266/2190/2043 1265/1423/1343
f 5083/4700/4232 5084/6024/5310 5085/6025/5311 5086/6026/5312 5030/5989/5279 5029/5988/5278 5033/5992/5282 5062/6005/5295 5082/4701/4233
f 5087/6027/5313 5088/6028/5314 5050/6029/4809 5061/6030/4808
f 5087/6027/5313 5085/6025/5311 5084/6024/5310 5088/6028/5314
f 5084/6024/5310 5083/4700/4232 5089/4699/4231 5088/6028/5314
f 5089/4699/4231 5090/4698/4230 5046/6031/1238 5045/6032/5291
f 5045/6032/5291 5050/6029/4809 5088/6028/5314 5089/4699/4231
f 1032/1944/1820 2750/4107/3745 2749/3847/3534 2432/4072/3717 2433/4074/3719 1033/1945/1821
f 5051/6033/1239 5046/6031/1238 5090/4698/4230 5091/4697/4229
f 5025/6034/2356 5091/4697/4229 5082/4701/4233 5026/6023/1457
f 1002/1908/1787 1000/6035/3965 999/1904/1783 1011/1903/1782 1024/1925/1804 1026/1924/1803 1012/1905/1784
f 5070/6013/5303 5059/4383/3961 5058/1540/1454 5080/1539/1453
f 912/1761/1659 913/1764/1662 914/4494/4065 899/1744/1645 911/1760/1658
f 5057/4386/3964 5079/6021/5309 5092/1541/1455 5058/1540/1454
f 5051/6033/1239 5091/4697/4229 5025/6034/2356 5078/6036/2355
f 5051/1315/1239 5078/6037/2355 5077/6038/2359 5052/1311/1235
f 5054/6002/5292 5052/1311/1235 5077/6038/2359 5076/6039/5307
f 5074/6015/5305 5054/6002/5292 5076/6039/5307 5075/6016/5306
f 5093/6040/5315 5094/6041/5316 5095/6042/5317 5056/6004/5294
f 5095/6042/5317 5096/6043/5318 5055/6003/5293 5056/6004/5294
f 5096/6043/5318 5097/5418/4806 5048/5417/4805 5055/6003/5293
f 5074/6015/5305 5073/1431/1351 5098/1430/1350 5093/6040/5315
f 5098/1430/1350 5099/1435/1355 5094/6041/5316 5093/6040/5315
f 5043/5999/5289 5037/5993/5283 5034/5996/5286 5035/5995/5285 5036/2540/2358 5024/2539/2357 5027/1542/1456 5092/1541/1455 5079/6021/5309
f 5100/1433/1353 5066/6009/5299 5067/6010/5300 5101/1434/1354
f 5066/6009/5299 5100/1433/1353 5071/1432/1352 5068/6011/5301
f 5093/6040/5315 5056/6004/5294 5054/6002/5292 5074/6015/5305
f 3485/4626/4172 3487/4628/4174 2153/3455/3219 2154/3454/3218 2149/3444/3208
f 5102/5368/5319 5103/5370/5320 5104/5369/5321
f 5105/5371/5322 5102/5368/5319 5104/5369/5321
f 2368/3801/3500 2371/3758/3461 2364/1357/1281 2365/1356/1280 2366/3756/3459 2367/3757/3460
f 763/1527/1441 762/1526/806 718/1486/805 715/1487/1402
f 5112/5381/5323 5113/5380/5324 5110/5379/838 5114/5382/5325
f 5112/5381/5323 5114/5382/5325 5115/5383/5326 5116/2856/3524
f 5113/5380/5324 5112/5381/5323 5116/2856/3524 5117/2857/3523
f 1206/4470/4042 1808/2935/2744 1804/2938/2747 1807/4035/3681 1802/4034/3680
f 5122/5385/830 5123/5386/829 5119/2850/3522 5121/2851/3521
f 5124/2852/5327 5125/5387/4017 5122/5385/830 5121/2851/3521
f 1197/2116/1976 1366/2439/2264 1367/2438/2263 1368/3707/3422 1369/3698/3417
f 5132/5388/5328 5133/5389/5329 5131/3247/4370 5130/3248/4369
f 5111/5390/828 5110/5391/838 5113/5380/5324 5117/2857/3523
f 5117/2857/3523 5119/2850/3522 5123/5386/829 5111/5390/828
f 5136/5392/5330 5103/5370/5320 5106/4098/5134 5134/3246/4368
f 5134/3246/4368 5131/3247/4370 5133/5389/5329 5136/5392/5330
f 5133/5389/5329 5132/5388/5328 5137/5393/5331 5138/295/2571
f 5139/5394/5332 5140/5395/5333 5141/2853/5334 5142/294/2572
f 5138/295/2571 5137/5393/5331 5139/5394/5332 5142/294/2572
f 5136/5392/5330 5133/5389/5329 5138/295/2571 5144/290/2570
f 5136/5392/5330 5144/290/2570 5145/291/2569 5103/5370/5320
f 5105/5371/5322 5109/5397/837 5107/5396/836 5102/5368/5319
f 5106/4098/5134 5103/5370/5320 5102/5368/5319 5107/5396/836
f 5114/5382/5325 5110/5379/838 5109/5397/837 5105/5371/5322
f 5146/292/2568 5115/5383/5326 5104/5369/5321 5145/291/2569
f 5143/293/2567 5120/2854/3520 5118/2855/3519 5146/292/2568
f 5120/2854/3520 5143/293/2567 5142/294/2572 5141/2853/5334
f 5141/2853/5334 5124/2852/5327 5121/2851/3521 5120/2854/3520
f 5124/2852/5327 5141/2853/5334 5140/5395/5333 5147/5400/5335
f 5147/5400/5335 5127/5401/4018 5125/5387/4017 5124/2852/5327
f 5115/5383/5326 5114/5382/5325 5105/5371/5322 5104/5369/5321
f 5146/292/2568 5118/2855/3519 5116/2856/3524 5115/5383/5326
f 5104/5369/5321 5103/5370/5320 5145/291/2569
f 3726/1753/1651 2883/997/944 2789/996/943 2797/1637/1543
f 5151/6044/5336 5152/6045/5337 5153/6046/5338
f 5155/6047/5339 5156/6048/5340 5157/6049/5341 5158/6050/5342
f 5162/5848/5164 5163/6051/5343 5164/6052/5344 5165/1253/1187
f 4335/5435/4817 4330/5413/4801 4329/5412/4800 4333/5438/4820 4349/5436/4818
f 1303/2063/1927 1356/2302/2147 1359/2304/2148 1306/2064/1928
f 5168/6053/1185 5167/5402/1184 5170/692/651 5171/6054/5345
f 5171/6054/5345 5172/6055/5346 5173/6056/5347 5168/6053/1185
f 5172/6055/5346 5174/6057/529 5175/6058/528 5173/6056/5347
f 5172/6055/5346 5158/6050/5342 5157/6049/5341 5174/6057/529
f 5157/6049/5341 5176/6059/5348 5177/561/530 5174/560/529
f 5177/561/530 5176/6059/5348 5152/6045/5337 5178/562/531
f 2514/4809/4321 2515/4808/4277 2513/3914/3585 2512/3913/3584 2867/4171/3790 2435/3872/3550 2434/3871/3549 2437/3874/3552 2436/3873/3551
f 5180/6060/527 5181/6061/5349 5173/6062/5347 5175/6063/528
f 5181/6061/5349 5169/1252/1186 5168/1251/1185 5173/6062/5347
f 5181/6061/5349 5182/6064/5350 5183/5846/5162 5169/1252/1186
f 5166/5847/5163 5184/6065/5351 5185/6066/5352 5162/5848/5164
f 5162/5848/5164 5185/6066/5352 5186/6067/5353 5163/6051/5343
f 5186/6067/5353 5185/6066/5352 5187/6068/5354 5188/6069/5355
f 5187/6068/5354 5189/6070/5356 5159/4440/4015 5161/4439/4014
f 5161/4439/4014 5190/6071/5357 5188/6069/5355 5187/6068/5354
f 5189/6070/5356 5187/6068/5354 5185/6066/5352 5184/6065/5351
f 5184/6065/5351 5191/6072/5358 5192/6073/5359 5189/6070/5356
f 5184/6065/5351 5166/5847/5163 5183/5846/5162 5191/6072/5358
f 5191/6072/5358 5183/5846/5162 5182/6064/5350 5193/6074/5360
f 5179/563/532 5178/562/531 5193/6074/5360 5182/6064/5350
f 5178/562/531 5152/6045/5337 5151/6044/5336 5193/6074/5360
f 5193/6074/5360 5151/6044/5336 5192/6073/5359 5191/6072/5358
f 5189/6070/5356 5192/6073/5359 5194/4441/4016 5159/4440/4015
f 3467/4363/3946 3520/4362/3945 3523/4661/4204 3471/4619/4166
f 5198/691/650 5196/1937/1815 5156/6048/5340 5155/6047/5339
f 5199/6075/5361 5156/6048/5340 5196/1937/1815 5195/1940/1818
f 5157/6049/5341 5156/6048/5340 5199/6075/5361 5176/6059/5348
f 5195/1940/1818 5194/4441/4016 5153/6046/5338 5199/6075/5361
f 5153/6046/5338 5152/6045/5337 5176/6059/5348 5199/6075/5361
f 5170/692/651 5198/691/650 5155/6047/5339 5171/6054/5345
f 5182/6064/5350 5181/6061/5349 5180/6060/527 5179/563/532
f 5171/6054/5345 5155/6047/5339 5158/6050/5342 5172/6055/5346
f 5165/1253/1187 5200/6076/5362 5150/5403/4792 5149/1254/1188
f 5192/6073/5359 5151/6044/5336 5153/6046/5338 5194/4441/4016
f 5201/6077/5363 5202/6078/5364 5203/6079/5365
f 5204/6080/5366 5205/6081/5367 5206/6082/5368 5207/6083/5369
f 588/1135/1082 590/1134/1081 542/1464/1383 540/2863/2673
f 5211/6084/5370 5212/6085/5371 5213/5527/4902 5214/5526/4901
f 5215/6086/5372 5216/4186/3803 5217/4185/3802 5218/6087/5373
f 5209/3039/2843 5219/6088/4847 5210/6089/2839
f 1016/1931/1810 1018/1932/1811 1017/1921/1800 989/1877/1761 1008/1900/1779 1015/1909/1788
f 5220/3036/2840 5222/5467/4849 5218/6087/5373 5223/3037/2841
f 5218/6087/5373 5217/4185/3802 5224/6090/5374 5223/3037/2841
f 5217/4185/3802 5225/4189/3806 5226/6091/5375 5224/6090/5374
f 5225/4189/3806 5227/6092/5376 5228/6093/5377 5226/6091/5375
f 5229/6094/5378 5230/6095/5379 5231/6096/5380 5232/6097/5381
f 5232/6097/5381 5231/6096/5380 5233/6098/5382 5234/6099/5383
f 5234/6099/5383 5233/6098/5382 5219/6088/4847 5209/3039/2843
f 5235/6100/5384 5236/6101/5385 5233/6098/5382 5231/6096/5380
f 5236/6101/5385 5221/6102/4848 5219/6088/4847 5233/6098/5382
f 5237/6103/5386 5238/6104/5387 5222/5467/4849 5221/5466/4848
f 5222/5467/4849 5238/6104/5387 5215/6086/5372 5218/6087/5373
f 5238/6104/5387 5239/6105/5388 5216/4186/3803 5215/6086/5372
f 5240/4187/3804 5216/4186/3803 5241/6106/5389
f 404/912/864 409/749/704 407/748/703 402/916/868
f 5242/4188/3805 5240/4187/3804 5243/6107/5390 5244/6108/5391
f 5242/4188/3805 5244/6108/5391 5227/6092/5376 5225/4189/3806
f 5244/6108/5391 5243/6107/5390 5245/6109/5392 5246/6110/5393
f 5247/6111/5394 5227/6092/5376 5244/6108/5391 5246/6110/5393
f 5246/6110/5393 5245/6109/5392 5248/6112/5395 5249/6113/5396
f 5249/6113/5396 5250/6114/5397 5247/6111/5394 5246/6110/5393
f 5249/6113/5396 5248/6112/5395 5251/6115/5398 5252/6116/5399
f 5252/6116/5399 5253/6117/5400 5250/6114/5397 5249/6113/5396
f 5251/6115/5398 5254/6118/5401 5255/6119/5402 5252/6116/5399
f 5255/6119/5402 5256/6120/5403 5253/6117/5400 5252/6116/5399
f 5254/6118/5401 5257/6121/5404 5258/6122/5405 5255/6119/5402
f 5258/6122/5405 5259/6123/5406 5256/6120/5403 5255/6119/5402
f 5257/6121/5404 5260/6124/5407 5230/6095/5379 5258/6122/5405
f 5230/6095/5379 5229/6094/5378 5259/6123/5406 5258/6122/5405
f 5260/6124/5407 5257/6121/5404 5204/6080/5366 5261/6125/5408
f 5261/6125/5408 5235/6100/5384 5231/6096/5380 5260/6124/5407
f 5231/6096/5380 5230/6095/5379 5260/6124/5407
f 5262/6126/5409 5263/6127/5410 5236/6101/5385 5235/6100/5384
f 5263/6128/5410 5262/6129/5409 5264/5523/4898 5265/5522/4897
f 5265/5522/4897 5266/6130/5411 5237/6131/5386 5263/6128/5410
f 5263/6127/5410 5237/6132/5386 5221/6102/4848 5236/6101/5385
f 5266/6130/5411 5265/5522/4897 5213/5527/4902 5212/6085/5371
f 5212/6133/5371 5267/6134/5412 5239/6105/5388 5266/6135/5411
f 5266/6135/5411 5239/6105/5388 5238/6104/5387 5237/6103/5386
f 5241/6106/5389 5216/4186/3803 5239/6105/5388 5267/6134/5412
f 5241/6106/5389 5267/6134/5412 5268/6136/5413 5269/6137/5414
f 5269/6137/5414 5243/6107/5390 5240/4187/3804 5241/6106/5389
f 5270/6138/5415 5245/6109/5392 5243/6107/5390 5269/6137/5414
f 5271/6139/5416 5248/6112/5395 5245/6109/5392 5270/6138/5415
f 5251/6115/5398 5248/6112/5395 5271/6139/5416 5272/6140/5417
f 5272/6140/5417 5205/6081/5367 5254/6118/5401 5251/6115/5398
f 5205/6081/5367 5204/6080/5366 5257/6121/5404 5254/6118/5401
f 5207/6083/5369 5273/6141/5418 5261/6125/5408 5204/6080/5366
f 5274/5524/4899 5264/5523/4898 5262/6129/5409 5273/6141/5418
f 5273/6141/5418 5262/6126/5409 5235/6100/5384 5261/6125/5408
f 5214/5526/4901 5275/5525/4900 5203/6079/5365 5211/6084/5370
f 5211/6084/5370 5268/6136/5413 5267/6142/5412 5212/6085/5371
f 5202/6078/5364 5270/6138/5415 5269/6137/5414 5268/6136/5413
f 5201/6077/5363 5271/6139/5416 5270/6138/5415 5202/6078/5364
f 5201/6077/5363 5276/6143/5419 5272/6140/5417 5271/6139/5416
f 5276/6143/5419 5206/6082/5368 5205/6081/5367 5272/6140/5417
f 5206/6082/5368 5276/6143/5419 5275/5525/4900 5274/5524/4899
f 5274/5524/4899 5273/6141/5418 5207/6083/5369 5206/6082/5368
f 5275/5525/4900 5276/6143/5419 5201/6077/5363 5203/6079/5365
f 5211/6084/5370 5203/6079/5365 5202/6078/5364 5268/6136/5413
f 5277/6144/5420 5278/6145/5421 5279/6146/5422 5280/6147/5423
f 5281/6148/5424 5280/6147/5423 5279/6146/5422 5282/6149/5425
f 5281/6148/5424 5282/6149/5425 5283/6150/5426 5284/6151/5427
f 5285/6152/5428 5286/6153/251 5287/6154/5429
f 5288/6155/5430 5289/6156/5431 5290/6157/5432 5291/6158/5433
f 5292/6159/5434 5293/6160/5435 5294/6161/5436 5295/6162/5437
f 5296/6163/5438 5297/6164/5439 5298/6165/5440 5299/6166/5441
f 5299/6166/5441 5298/6165/5440 5300/6167/5442 5301/6168/5443
f 5302/6169/5444 5278/6145/5421 5301/6168/5443 5300/6167/5442
f 5278/6145/5421 5302/6169/5444 5303/6170/5445 5279/6146/5422
f 5304/6171/5446 5282/6149/5425 5279/6146/5422 5303/6170/5445
f 5282/6149/5425 5305/278/255 5306/277/254 5283/6150/5426
f 5307/6172/252 5308/6173/5447 5309/6174/5448 5310/6175/253
f 5311/6176/5449 5308/6173/5447 5285/6152/5428 5312/6177/5450
f 5311/6176/5449 5312/6177/5450 5313/6178/5451 5314/6179/5452
f 5313/6178/5451 5297/6164/5439 5296/6163/5438 5314/6179/5452
f 5313/6178/5451 5315/6180/5453 5289/6156/5431 5297/6164/5439
f 5297/6164/5439 5289/6156/5431 5288/6155/5430 5298/6165/5440
f 5316/6181/5454 5290/6157/5432 5289/6156/5431 5315/6180/5453
f 5290/6157/5432 5316/6181/5454 5293/6160/5435 5292/6159/5434
f 5292/6159/5434 5295/6162/5437 5291/6158/5433 5290/6157/5432
f 5291/6158/5433 5295/6162/5437 5302/6169/5444 5300/6167/5442
f 5295/6162/5437 5294/6161/5436 5303/6170/5445 5302/6169/5444
f 5294/6161/5436 5317/6182/5455 5304/6171/5446 5303/6170/5445
f 5317/6182/5455 5318/273/250 5319/272/249 5304/6171/5446
f 5305/278/255 5282/6149/5425 5304/6171/5446 5319/272/249
f 4001/4480/4052 4000/4479/4051 3975/5384/4784
f 5286/6153/251 5285/6152/5428 5308/6173/5447 5307/6172/252
f 5286/274/251 5318/273/250 5287/6183/5429
f 5320/6184/5456 5321/6185/5457 5287/6183/5429 5318/273/250
f 5312/6177/5450 5285/6152/5428 5287/6154/5429 5321/6186/5457
f 5312/6177/5450 5321/6186/5457 5315/6180/5453 5313/6178/5451
f 5321/6187/5457 5320/6188/5456 5316/6181/5454 5315/6180/5453
f 5322/6189/5458 5293/6160/5435 5316/6181/5454 5320/6188/5456
f 5318/273/250 5317/6182/5455 5322/6190/5458 5320/6184/5456
f 5317/6182/5455 5294/6161/5436 5293/6160/5435 5322/6190/5458
f 5288/6155/5430 5291/6158/5433 5300/6167/5442 5298/6165/5440
f 5323/113/96 5324/6191/5459 5325/114/97
f 5326/4806/4319 5327/6192/5460 5328/6193/5461 5329/4801/4314
f 4498/5604/4966 4515/5617/4979 4514/5602/4965 4496/5583/4949 4495/5582/4948 4497/5584/4950
f 5331/4805/4318 5332/6194/5462 5333/6195/5463 5326/4806/4319
f 5334/6196/4305 5335/6197/5464 5332/6194/5462 5331/4805/4318
f 5335/6197/5464 5336/6198/5465 5337/6199/5466 5332/6194/5462
f 5335/6200/5464 5338/6201/5467 5339/6202/5468 5336/6203/5465
f 5332/6194/5462 5337/6199/5466 5340/6204/5469 5333/6195/5463
f 5333/6195/5463 5341/6205/5470 5327/6192/5460 5326/4806/4319
f 5342/6206/5471 5328/6193/5461 5327/6192/5460 5343/6207/5472
f 5344/6208/5473 5345/6209/5474 5346/6210/5475
f 5329/4801/4314 5328/6193/5461 5345/6209/5474 5347/4802/4315
f 5334/6196/4305 5331/4805/4318 5330/4804/4317 5349/6211/4306
f 2334/3706/3421 2347/3724/3439 2330/6212/3409 2329/6213/3402 2328/3700/3401 2331/3699/3418
f 5338/6201/5467 5335/6200/5464 5334/4791/4305 5350/2315/2159
f 5339/6202/5468 5338/6201/5467 5351/6214/5476 5352/6215/5477
f 5343/6207/5472 5327/6192/5460 5341/6205/5470 5353/6216/5478
f 5353/6216/5478 5354/6217/5479 5355/6218/5480 5343/6207/5472
f 5356/6219/5481 5342/6206/5471 5343/6207/5472 5355/6218/5480
f 5355/6218/5480 5357/5624/4984 5358/6220/5482 5356/6219/5481
f 5359/117/100 5344/6208/5473 5360/6221/5483 5361/6222/5484
f 5359/117/100 5362/116/99 5344/6208/5473
f 5363/6223/4304 5348/4803/4316 5364/115/98 5325/6224/97
f 5349/6211/4306 5330/4804/4317 5348/4803/4316 5363/6223/4304
f 92/152/133 105/153/134 60/93/76 59/92/75
f 5351/6214/5476 5338/6201/5467 5350/2315/2159 5367/2314/2158
f 5367/2314/2158 5368/5623/4983 5369/5622/4982 5351/6214/5476
f 5369/5622/4982 5370/5621/4981 5352/6215/5477 5351/6214/5476
f 3072/653/612 3075/652/611 2854/1534/1448 2853/4153/3776 3084/1633/1539
f 5371/5625/4985 5357/5624/4984 5355/6218/5480 5354/6217/5479
f 5357/5624/4984 5368/5623/4983 5373/6225/5485 5358/6220/5482
f 5368/5623/4983 5367/2314/2158 5366/2313/2157 5373/6225/5485
f 5373/6225/5485 5366/2313/2157 5374/2312/2156 5375/6226/5486
f 5375/6226/5486 5361/6222/5484 5358/6220/5482 5373/6225/5485
f 5375/6226/5486 5374/2312/2156 5323/113/96 5376/112/95
f 5376/112/95 5359/117/100 5361/6222/5484 5375/6226/5486
f 5324/6227/5459 5365/2311/2155 5363/4790/4304 5325/6228/97
f 5323/113/96 5374/2312/2156 5365/2311/2155 5324/6191/5459
f 4530/5616/4978 4491/5578/4944 4490/5577/4943 4543/5628/4988 4527/5613/4975 4529/5615/4977
f 5364/115/98 5348/4803/4316 5347/4802/4315 5362/116/99
f 5362/116/99 5347/4802/4315 5345/6209/5474 5344/6208/5473
f 5328/6193/5461 5342/6206/5471 5346/6210/5475 5345/6209/5474
f 5361/6222/5484 5360/6221/5483 5356/6219/5481 5358/6220/5482
f 5360/6221/5483 5346/6210/5475 5342/6206/5471 5356/6219/5481
f 5344/6208/5473 5346/6210/5475 5360/6221/5483
f 5377/6229/5487 5378/6230/5488 5379/6231/5489 5380/6232/5490
f 5377/6229/5487 5381/6233/5491 5382/2556/2374 5378/6230/5488
f 3140/4681/4215 2745/4110/3748 2744/4109/3747 2746/4167/3787 2747/4166/3786 3462/4612/4160 3461/4611/4159
f 5386/6234/5492 5387/6235/5493 5388/6236/5494 5389/6237/5495
f 5381/6233/5491 5390/2557/2375 5382/2556/2374
f 213/4452/4029 541/1462/1381 578/1116/1063 253/420/397 214/867/821
f 5397/6238/5496 5398/6239/5497 5392/1406/1326 5396/1405/1325
f 5396/1405/1325 5399/6240/5498 5400/6241/5499 5397/6238/5496
f 5403/6242/5500 5386/6243/5492 5379/6231/5489 5401/6244/5501
f 5378/6230/5488 5404/6245/5502 5401/6244/5501 5379/6231/5489
f 5386/6243/5492 5389/6246/5495 5380/6232/5490 5379/6231/5489
f 5388/6236/5494 5405/6247/5503 5380/6248/5490 5389/6249/5495
f 5405/6247/5503 5406/6250/5504 5390/2557/2375 5381/6233/5491
f 5381/6233/5491 5377/6229/5487 5380/6248/5490 5405/6247/5503
f 5406/6250/5504 5407/6251/5505 5408/2558/2376 5390/2557/2375
f 5404/6245/5502 5378/6230/5488 5382/2556/2374 5409/2555/2373
f 5409/2555/2373 5410/2554/2372 5411/4908/4382 5404/6245/5502
f 5404/6245/5502 5411/4908/4382 5402/4907/4381 5401/6244/5501
f 5402/4907/4381 5412/4911/4385 5398/6252/5497 5397/6253/5496 5400/6254/5499 5403/6242/5500 5401/6244/5501
f 5413/6255/5506 5393/1407/1327 5392/1406/1326 5398/6239/5497
f 2145/2958/2767 2143/3464/3226 1143/3648/3372 1475/3640/3364 1472/2959/2768
f 5399/6240/5498 5396/1405/1325 5395/1404/1324 5417/747/702
f 5399/6240/5498 5417/747/702 5383/746/701 5418/6256/5507
f 5418/6256/5507 5403/6257/5500 5400/6241/5499 5399/6240/5498
f 5387/6235/5493 5386/6234/5492 5403/6257/5500 5418/6256/5507
f 5418/6256/5507 5385/745/700 5387/6235/5493
f 5385/745/700 5419/6258/5508 5388/6236/5494 5387/6235/5493
f 5419/6258/5508 5406/6250/5504 5405/6247/5503 5388/6236/5494
f 5407/6251/5505 5406/6250/5504 5419/6258/5508 5420/6259/5509
f 5420/6259/5509 5421/6260/5510 5422/6261/5511 5407/6251/5505
f 5423/2559/2377 5408/2558/2376 5407/6251/5505 5422/6261/5511
f 4387/1124/1071 4388/5468/4850 4389/5483/4863 4386/6262/4846 4376/6263/1072
f 5424/4909/4383 5411/4908/4382 5410/2554/2372 5425/1951/1827
f 5424/4909/4383 5425/1951/1827 5426/1956/1832 5427/4910/4384
f 5412/4911/4385 5427/4910/4384 5428/6264/5512 5429/6265/5513
f 5413/6266/5506 5398/6252/5497 5412/4911/4385 5429/6265/5513
f 5428/6264/5512 5427/4910/4384 5426/1956/1832 5430/1955/1831
f 4592/5313/4736 4594/5673/5022 4597/5677/5025 4599/6267/5514 4598/5678/5026 4600/5306/4729
f 5433/1952/1828 5434/6268/5515 5435/6269/5516 5431/1953/1829
f 5423/2559/2377 5422/6261/5511 5434/6268/5515 5433/1952/1828
f 5434/6268/5515 5436/6270/5517 5437/6271/5518 5435/6269/5516
f 5422/6261/5511 5421/6260/5510 5436/6270/5517 5434/6268/5515
f 5384/744/699 5416/743/698 5421/6260/5510 5420/6259/5509
f 5384/744/699 5420/6259/5509 5419/6258/5508 5385/745/700
f 5436/6270/5517 5421/6260/5510 5416/743/698 5415/3347/3120
f 5414/3348/3121 5437/6271/5518 5436/6270/5517 5415/3347/3120
f 5383/746/701 5385/745/700 5418/6256/5507
f 5438/6272/5519 5439/6273/5520 5440/5662/5012
f 5441/6274/5521 5442/6275/5522 5443/6276/5523 5444/6277/5524
f 5445/6278/5525 5446/3172/2964 5447/3171/2963 5442/6279/5522
f 2992/4279/3888 2995/4287/3894 2988/4275/3884 2986/4274/3883 2985/4273/3882 2989/4276/3885
f 217/4511/4079 231/6020/5308 228/377/354 221/367/344
f 5451/1062/1009 5452/6280/5526 5453/6281/5527 5454/1063/1010
f 5455/6282/5528 5456/6283/5529 5454/1063/1010 5453/6281/5527
f 5453/6281/5527 5457/6284/5530 5458/6285/5531 5455/6282/5528
f 5456/6283/5529 5459/3167/2959 5460/1064/1011 5454/1063/1010
f 5449/5725/2962 5461/5724/5067 5462/6286/5532 5447/6287/2963
f 5461/5724/5067 5463/5664/5014 5464/5663/5013 5462/6286/5532
f 5462/6286/5532 5464/5663/5013 5444/6277/5524 5443/6276/5523
f 5443/6276/5523 5442/6275/5522 5447/6287/2963 5462/6286/5532
f 4647/5721/5064 4631/5702/5048 4630/5701/5047 4606/5685/5033 4632/5717/5060 4643/5716/5059
f 5444/6277/5524 5464/5663/5013 5440/5662/5012
f 5439/6273/5520 5466/6288/5533 5441/6289/5521 5444/6277/5524
f 5441/6289/5521 5466/6288/5533 5467/6290/5534 5468/6291/5535
f 5445/6278/5525 5442/6279/5522 5441/6292/5521 5468/6293/5535
f 5469/6294/5536 5470/6295/5537 5467/6290/5534 5466/6288/5533
f 5469/6294/5536 5471/6296/5538 5472/6297/5539 5470/6295/5537
f 5438/6272/5519 5473/6298/5540 5471/6296/5538 5469/6294/5536
f 5474/6299/5541 5471/6296/5538 5473/6298/5540 5475/6300/5542
f 5465/5661/5011 5476/5660/5010 5475/6300/5542 5473/6298/5540
f 5476/5660/5010 5477/6301/5543 5478/6302/5544 5475/6300/5542
f 5477/6301/5543 5476/5660/5010 5479/5659/5009 5480/6303/5545
f 5480/6303/5545 5481/6304/5546 5482/6305/5547 5477/6301/5543
f 4147/5267/4695 4214/5776/5108 4213/5266/4694 4146/5265/4693
f 1440/4130/2247 2813/4129/3760 3213/3000/2809 1853/3001/2810 1851/1224/1161 1439/2414/2244
f 5486/5728/5069 5479/5659/5009 5463/5664/5014 5461/5724/5067
f 5465/5661/5011 5473/6298/5540 5438/6272/5519 5440/5662/5012
f 5485/5727/5068 5480/6303/5545 5479/5659/5009 5486/5728/5069
f 5485/5727/5068 5487/6306/5548 5481/6304/5546 5480/6303/5545
f 5483/6307/2960 5487/6306/5548 5485/5727/5068 5484/5726/2961
f 5488/6308/5549 5478/6302/5544 5477/6301/5543 5482/6305/5547
f 5478/6302/5544 5488/6308/5549 5458/6285/5531 5457/6284/5530
f 5457/6284/5530 5474/6299/5541 5475/6300/5542 5478/6302/5544
f 5452/6280/5526 5472/6297/5539 5471/6296/5538 5474/6299/5541
f 5450/1066/1013 5489/6309/5550 5470/6295/5537 5472/6297/5539
f 5467/6290/5534 5470/6295/5537 5489/6309/5550 5468/6291/5535
f 5489/6309/5550 5450/1066/1013 5448/1065/1012 5446/3172/2964
f 5446/3172/2964 5445/6278/5525 5468/6291/5535 5489/6309/5550
f 5452/6280/5526 5451/1062/1009 5450/1066/1013 5472/6297/5539
f 5457/6284/5530 5453/6281/5527 5452/6280/5526 5474/6299/5541
f 5466/6288/5533 5439/6273/5520 5438/6272/5519 5469/6294/5536
f 5444/6277/5524 5440/5662/5012 5439/6273/5520
f 2923/1440/1360 2768/4086/3729 2831/4146/3771 2919/1441/1361
f 5491/1013/960 5490/2815/2625 703/2814/2624 704/2813/2623
f 696/3682/1468 701/6310/1253 461/1213/893 482/1059/1006 697/3683/3403
f 509/992/939 448/932/883 453/937/888 454/6311/1222 510/993/940
f 5494/1257/1191 5493/786/741 518/3153/2945 659/1458/1377
f 5495/1258/1192 5494/1257/1191 659/1458/1377 660/1261/1195
f 5496/1260/1194 5495/1258/1192 660/1261/1195 661/1264/1198
f 490/969/919 5497/1265/1199 5496/1260/1194 661/1264/1198
f 5498/1468/1387 5497/1265/1199 490/969/919 489/968/918
f 168/243/223 167/242/222 5499/890/844
f 5500/892/846 5499/890/844 167/242/222 166/241/221
f 5501/1674/1580 5500/892/846 166/241/221 349/596/563
f 349/596/563 348/2057/1923 5502/594/561 5501/1674/1580
f 348/2057/1923 193/297/274 5503/305/282 5502/594/561
f 1658/2690/2497 1656/2685/2487 1657/2684/2494 1659/2691/2498
f 5508/1266/1200 5507/1467/1386 508/6312/938
f 5509/1259/1193 5508/1266/1200 508/6312/938 507/6313/2705
f 658/3069/2704 5510/1255/1189 5509/1259/1193 507/6313/2705
f 650/3068/1170 648/2575/1164 5513/788/743 5512/787/742
f 3228/4604/4155 3234/4603/4154 3231/4486/4058 3230/4483/4055 1892/3066/2867 1893/3067/2868 1894/3070/2869 1897/3383/3152 1891/3387/3156 1889/3386/3155 1890/4482/4054 3229/4605/4156
f 2141/3467/3229 2142/3466/3228 2139/3432/3197 1143/3648/3372 2143/3464/3226 2144/3463/3225
f 3578/3549/3293 3575/3548/3292 3574/4711/4242 3664/5319/1947 3665/6314/1946 3666/6315/4320 3656/3809/3504 3577/3808/3503
f 3473/2454/2277 3475/4636/4182 3476/4635/4181 3477/4634/4180 3478/4633/4179 2524/2455/2278
f 722/1070/1017 733/1069/1016 735/1490/1405 734/1216/1153 739/1215/1152 741/1223/1160 765/1222/1159 766/1159/1103
f 147/221/201 146/220/200 339/556/525 187/314/291 150/224/204
f 5525/891/845 5524/893/847 347/3703/551
f 168/243/223 5525/891/845 345/6316/550
f 5498/1468/1387 489/968/918 491/970/920
f 491/970/920 505/6317/936 5507/1467/1386
f 5525/891/845 347/3703/551 345/6316/550
f 508/6312/938 5507/1467/1386 505/6317/936
f 506/990/937 505/989/936 5526/1240/1177
f 491/970/920 5526/1243/1177 505/6317/936
f 1597/2613/2424 1545/2562/2379 1600/2623/2435 1601/2617/2429 1594/2616/2421 1593/6318/2420
f 53/80/65 54/84/67 11/77/63 9/26/18 10/25/17 20/28/20
f 5530/46/38 5532/45/37 5531/6319/5551
f 17/78/64 14/22/14 13/21/13 15/6320/23 16/23/15 9/26/18
f 5534/6321/5552 5527/4742/4264 5528/4741/4263 5536/6322/5553
f 5536/6322/5553 5528/4741/4263 5538/4740/4262 5537/6323/5554
f 5539/37/29 5534/6321/5552 5536/6322/5553 5540/52/44
f 5539/37/29 5541/40/32 5533/6324/5555 5534/6321/5552
f 26/802/757 50/69/60 49/68/59 24/35/27 25/34/26
f 5545/6325/5556 5546/6326/5557 5542/4749/4270 5543/4751/4272
f 5547/53/45 5540/52/44 5536/6322/5553 5537/6323/5554
f 5537/6323/5554 5549/6327/5558 5548/6328/5559 5547/53/45
f 5533/6329/5555 5531/6319/5551 5532/45/37 5535/6330/5560 5527/4742/4264 5534/6321/5552
f 5554/6331/5561 5555/6332/5562 5548/6328/5559 5549/6327/5558
f 402/916/868 407/748/703 406/2546/2364 403/917/869
f 3019/4313/2488 3020/3439/3203 3018/3438/3202 3015/4310/2489
f 5557/55/47 5558/54/46 5562/6333/5563 5561/6334/5564
f 5561/6334/5564 5562/6333/5563 5564/6335/5565 5563/6336/5566
f 5562/6333/5563 5548/6328/5559 5555/6332/5562 5564/6335/5565
f 5551/6337/39 5566/6338/5567 5565/6339/5568 5550/6340/40
f 5530/6341/38 5531/6342/5551 5568/86/69 5567/4750/4271
f 5566/6343/5567 5551/6344/39 5530/6341/38 5567/4750/4271
f 5546/6326/5557 5566/6343/5567 5567/4750/4271 5542/4749/4270
f 5569/6345/5569 5570/6346/5570 5546/6347/5557 5545/6348/5556
f 5529/4737/4259 5527/4742/4264 5535/6330/5560
f 185/553/522 186/3667/1882 183/6349/2334 391/730/681 401/729/685 184/2400/2235
f 5549/6350/5558 5537/6323/5554 5538/4740/4262 5571/4739/4261
f 5570/6346/5570 5569/6345/5569 5563/6336/5566 5564/6335/5565
f 5564/6335/5565 5555/6332/5562 5565/6339/5568 5570/6346/5570
f 5555/6332/5562 5554/6331/5561 5550/6340/40 5565/6339/5568
f 5554/6351/5561 5572/4738/4260 5553/49/41 5550/48/40
f 5553/49/41 5572/4738/4260 5529/4737/4259 5552/44/36
f 5535/6330/5560 5532/45/37 5552/44/36 5529/4737/4259
f 5541/40/32 5568/86/69 5531/6342/5551 5533/6324/5555
f 5549/6350/5558 5571/4739/4261 5572/4738/4260 5554/6351/5561
f 5566/6338/5567 5546/6347/5557 5570/6346/5570 5565/6339/5568
f 5548/6328/5559 5562/6333/5563 5558/54/46 5547/53/45
