# Blender 4.2.1 LTS
# www.blender.org
mtllib goldskull.mtl
o Cube
v 1.000000 1.000000 -1.000000
v 1.000000 -1.000000 -1.000000
v 1.000000 1.000000 1.000000
v 1.000000 -1.000000 1.000000
v -1.000000 1.000000 -1.000000
v -1.000000 -1.000000 -1.000000
v -1.000000 1.000000 1.000000
v -1.000000 -1.000000 1.000000
vn -0.0000 1.0000 -0.0000
vn -0.0000 -0.0000 1.0000
vn -1.0000 -0.0000 -0.0000
vn -0.0000 -1.0000 -0.0000
vn 1.0000 -0.0000 -0.0000
vn -0.0000 -0.0000 -1.0000
vt 0.625000 0.500000
vt 0.875000 0.500000
vt 0.875000 0.750000
vt 0.625000 0.750000
vt 0.375000 0.750000
vt 0.625000 1.000000
vt 0.375000 1.000000
vt 0.375000 0.000000
vt 0.625000 0.000000
vt 0.625000 0.250000
vt 0.375000 0.250000
vt 0.125000 0.500000
vt 0.375000 0.500000
vt 0.125000 0.750000
s 0
usemtl Material
f 1/1/1 5/2/1 7/3/1 3/4/1
f 4/5/2 3/4/2 7/6/2 8/7/2
f 8/8/3 7/9/3 5/10/3 6/11/3
f 6/12/4 2/13/4 4/5/4 8/14/4
f 2/13/5 1/1/5 3/4/5 4/5/5
f 6/11/6 5/10/6 1/1/6 2/13/6
o human_skull_1111
v 10.249169 -2.190458 11.533553
v 10.515653 -2.097991 11.924548
v 10.033601 -2.714524 12.034407
v 9.381230 -3.731328 11.596556
v 9.340583 -3.385174 11.214426
v 9.623909 -3.351049 11.469284
v 9.603994 -2.657120 11.093803
v 10.175592 -1.859531 11.347713
v 9.778200 -2.754242 11.343280
v 10.604709 -1.642681 11.963173
v 10.766591 -1.972505 12.598896
v 10.599820 -2.260607 12.287683
v 9.732371 -1.568335 11.470867
v 10.153668 -1.274647 12.188905
v 9.209424 -2.488188 11.137493
v 7.988504 -3.553972 12.211699
v 6.943887 -3.085453 12.735978
v 6.975268 -2.675194 12.296864
v 7.134543 -3.170546 13.342576
v 8.290416 -3.653808 12.956331
v 10.460984 -1.564043 12.918340
v 10.323126 -2.276827 13.240951
v 10.524855 -2.515470 12.892379
v 10.071370 -3.391470 12.760041
v 9.703454 -3.709942 12.293065
v 9.877540 -3.261090 12.108490
v 10.104917 -3.144144 12.427618
v 10.257781 -2.966300 12.934485
v 10.004766 -2.950057 13.296354
v 8.083150 -1.000973 13.017751
v 8.266315 -1.106370 13.618015
v 9.291806 -1.309122 13.350492
v 7.742614 -1.209803 12.425402
v 7.290048 -1.901463 12.123687
v 8.147820 -1.623762 13.965953
v 9.226619 -1.948594 13.678801
v 7.860640 -2.260098 14.009327
v 8.972514 -2.654060 13.708561
v 9.691307 -3.540702 13.112096
v 9.290521 -3.872314 12.584016
v 8.876361 -3.851760 11.736490
v 8.846932 -3.379217 11.279961
v 7.457279 -2.891619 13.768081
v 8.615094 -3.314119 13.470481
v 10.410098 -2.545911 12.459277
v 10.213845 -2.827305 12.527028
v 9.762432 -14.684683 24.373379
v 9.976479 -14.831331 24.631405
v 9.835924 -14.915766 24.649134
v 9.691492 -14.949985 24.786852
v 9.386429 -14.733635 24.516481
v 9.407937 -14.541764 24.389526
v 9.834738 -14.528670 24.397442
v 9.953457 -14.571410 24.538326
v 7.534544 -13.833366 25.982630
v 7.568696 -13.591273 26.090908
v 7.316957 -13.517820 25.945272
v 7.401385 -13.861831 25.836048
v 9.511124 -14.895684 25.144606
v 9.926878 -15.053147 24.909691
v 9.846999 -15.033346 25.166130
v 9.639535 -13.054342 25.483675
v 9.668912 -13.197125 25.787609
v 10.299357 -13.684582 25.470695
v 10.265763 -13.925538 25.103764
v 10.004531 -13.618552 24.929955
v 9.664004 -13.560778 24.832127
v 9.464262 -13.111162 25.275991
v 10.137844 -13.934004 25.742018
v 10.421132 -14.136494 25.595432
v 10.503383 -13.947274 25.403894
v 9.479612 -13.554932 26.000040
v 9.218620 -13.967486 25.994663
v 9.917498 -14.309020 25.708141
v 10.217107 -14.478257 25.573589
v 9.005352 -14.342449 25.847445
v 9.709142 -14.640195 25.596069
v 10.033627 -14.784611 25.519455
v 9.584677 -14.812579 25.443153
v 9.902719 -14.963001 25.412758
v 8.877292 -14.560325 25.658121
v 7.991685 -14.304548 25.639757
v 8.093210 -14.227058 25.861376
v 7.910529 -14.240745 25.344057
v 9.502289 -14.224473 24.429417
v 9.893636 -14.240533 24.538643
v 9.940485 -13.938019 24.739998
v 10.179258 -14.302400 24.869801
v 10.185126 -14.102148 25.029049
v 8.848310 -12.728504 25.661287
v 8.979779 -12.663239 25.830980
v 8.984413 -12.788237 26.075712
v 8.784082 -13.134636 26.221344
v 8.498080 -13.568771 26.192533
v 8.252605 -13.976245 26.041832
v 7.448516 -13.787272 25.537184
v 7.914371 -14.091339 25.246229
v 8.719215 -14.077551 24.801729
v 8.893392 -13.741242 24.893229
v 8.615739 -12.943762 25.513754
v 8.141895 -12.382919 26.012392
v 7.913242 -12.557076 25.948753
v 8.325818 -12.327876 26.085842
v 8.285256 -12.452209 26.274849
v 7.996264 -12.714897 26.320436
v 7.659347 -13.119112 26.229574
v 7.441700 -13.003494 26.107368
v 7.793531 -12.549467 26.239704
v 7.568799 -12.996037 25.822750
v 8.050605 -12.387141 26.281498
v 7.414963 -13.445304 25.664770
v 10.037617 -14.982646 24.791285
v 10.354265 -14.136127 25.171515
v 3.632333 9.432100 7.634369
v 3.623096 9.756845 7.623921
v 4.106644 9.734688 6.317967
v 4.124778 9.374893 6.316701
v 4.743431 8.189318 6.799508
v 3.418753 8.771284 8.641774
v 2.730930 10.096952 8.497723
v 3.988450 9.653385 4.635581
v 4.641186 8.517738 4.457022
v 4.008978 10.053806 4.616269
v 11.482471 2.069975 12.655882
v 10.882932 1.826368 11.392035
v 11.859598 0.388586 12.732182
v 12.366688 1.043970 13.498342
v 10.318891 3.091650 12.188588
v 9.753463 2.908890 10.906062
v 13.552267 1.950768 13.884905
v 12.365122 2.940979 12.734397
v 11.218881 3.842705 12.138250
v 18.450306 3.492315 3.907968
v 18.888577 2.881235 5.011698
v 19.366001 2.530346 4.644131
v 18.737036 3.163927 3.184524
v 3.885180 9.034010 3.463547
v 4.288074 8.306967 2.888294
v 5.315184 7.636854 3.694345
v 3.140245 9.494421 2.756907
v 3.318954 8.845999 2.246556
v 6.584018 6.493353 5.119972
v 6.061401 6.931776 5.760760
v 5.764729 7.165874 6.239769
v 1.437298 10.774420 11.177067
v 1.312695 10.164101 12.361765
v 1.807781 9.659487 12.420968
v 0.737951 10.606943 10.992492
v 0.935345 9.847788 12.336121
v 1.495361 9.234785 12.426983
v 9.453956 3.142262 9.191701
v 7.583243 4.967974 7.909491
v 9.688953 3.454367 7.015110
v 0.647114 12.839407 -0.572722
v 0.359035 12.146734 -0.120625
v 1.198915 12.265703 0.565753
v 1.557959 12.912619 0.053186
v 2.009232 12.946856 -0.633509
v 1.057957 12.830839 -1.299624
v 0.471748 11.746878 -1.204963
v 0.863232 9.661352 12.134449
v 1.407965 9.127089 12.196503
v 0.931234 9.539820 11.746621
v 1.450069 9.138872 11.594023
v 0.942913 9.895563 10.819631
v 0.667606 10.321249 10.926323
v 3.201244 9.761072 11.086520
v 4.206376 8.951864 11.100767
v 4.617309 9.325756 9.742575
v 3.858937 10.028334 9.352846
v 3.157307 10.337717 8.764297
v 2.373714 10.664747 9.626385
v 1.732395 10.200779 9.424081
v 1.807058 10.496698 9.348097
v 10.934444 5.738873 1.456336
v 10.729317 4.426783 2.379527
v 7.910871 6.242172 2.112637
v 8.255732 7.369669 1.189762
v 7.374548 6.010923 3.861191
v 5.220183 6.802181 9.435162
v 2.642570 10.157591 11.272678
v 5.568261 10.705282 2.468806
v 4.785328 10.960402 3.102945
v 5.214348 10.489262 4.191082
v 4.833181 11.305094 1.739687
v 4.189466 11.423479 2.331403
v 5.126312 9.952692 6.501592
v 2.412104 8.351164 11.793794
v 3.793838 7.480940 11.150473
v 2.498932 8.400248 12.095509
v 4.063359 7.359615 11.586424
v 1.558689 11.241014 1.423409
v 2.040167 11.004751 1.849862
v 2.100342 11.325766 1.746019
v 1.143829 11.565554 0.946617
v 1.817848 10.397949 1.745069
v 1.246651 11.011854 1.252447
v 13.353193 3.199530 11.701349
v 12.597084 4.095667 10.196889
v 12.005529 4.134148 11.174218
v 10.931141 1.762861 8.563259
v 10.598026 1.849443 9.916702
v 15.542275 -12.922938 24.960979
v 14.861239 -14.289971 25.031580
v 17.181450 -15.443327 25.253197
v 17.900846 -14.017532 25.239901
v 16.277977 -11.425092 24.562702
v 16.795572 -10.143959 24.062483
v 17.045092 -9.200667 23.653126
v 15.143251 -8.592571 24.600378
v 15.316088 -7.237833 24.021959
v 15.378617 -5.829673 23.280807
v 16.823530 -6.510842 22.673265
v 16.762280 -4.965414 21.827005
v 15.394930 -4.388606 22.217367
v 16.695129 -2.793240 20.081615
v 15.349307 -2.662526 20.328245
v 18.375774 -5.276495 21.206163
v 18.084106 -2.963114 19.568098
v 18.405764 -6.695142 22.006832
v 19.519958 -5.353049 20.730005
v 19.152815 -3.151807 18.933645
v 18.898485 -7.870763 22.504835
v 20.297611 -5.432068 20.369402
v 20.951830 -5.558432 20.036663
v 20.623333 -3.604675 17.985760
v 20.182644 -6.912537 21.616154
v 19.728100 -8.277156 22.602032
v 20.638205 -8.536842 22.559923
v 20.927368 -7.060741 21.404669
v 19.107395 -9.644171 23.441324
v 20.157698 -10.002628 23.555298
v 21.562130 -8.866082 22.301266
v 21.782351 -7.339224 21.012091
v 21.701849 -5.826669 19.568735
v 21.055029 -10.374539 23.412514
v 19.658884 -10.971001 24.144798
v 18.839693 -12.364399 24.819778
v 19.793758 -12.900982 24.672558
v 20.582870 -11.405716 24.026707
v 21.567566 -10.715620 23.059195
v 22.041275 -9.189013 21.907421
v 20.397411 -13.270552 24.268270
v 21.143406 -11.762591 23.672438
v 18.860012 -14.593294 25.006250
v 19.470903 -14.945256 24.525345
v 19.679358 -15.118431 23.253584
v 20.415100 -13.570175 23.029434
v 18.409559 -14.489336 22.029310
v 17.222542 -13.891341 21.804527
v 16.655895 -15.127245 21.839670
v 15.418642 -14.534575 22.013798
v 16.034409 -13.277635 21.968208
v 12.531187 -13.125086 23.215275
v 13.149476 -11.847871 23.150373
v 11.317793 -12.504626 24.034306
v 11.885555 -11.284433 23.973837
v 10.756820 -12.239227 24.938185
v 11.352359 -10.986115 24.887213
v 11.531736 -10.930252 25.690098
v 11.627615 -12.751523 26.061148
v 12.357237 -11.237997 26.035185
v 12.173660 -9.501354 25.464365
v 12.989571 -9.753964 25.874355
v 13.385744 -8.559954 25.524517
v 12.584357 -8.355381 25.007519
v 13.600204 -7.717599 25.129725
v 12.811811 -7.582174 24.534840
v 13.827673 -6.479950 24.340137
v 13.094296 -6.524222 23.680037
v 13.967934 -5.254875 23.374523
v 13.287643 -5.507874 22.735634
v 14.043039 -4.048963 22.181276
v 13.387690 -4.513453 21.643064
v 14.047367 -2.676073 20.291521
v 15.029943 -1.378718 18.154505
v 13.814101 -1.755784 18.066174
v 16.280880 -0.995597 18.082321
v 15.611882 0.099010 16.603823
v 14.568211 -0.560382 16.603823
v 17.417486 -1.009187 17.563738
v 20.941357 -2.313422 15.320663
v 21.380583 -3.948754 17.522898
v 21.828480 -4.369908 17.080297
v 21.435917 -2.749364 14.933151
v 22.137119 -6.188022 19.097324
v 22.237049 -7.666029 20.564106
v 21.837126 -8.434304 19.736845
v 21.809052 -7.062089 18.321983
v 21.640484 -9.842602 20.984230
v 21.267405 -11.249664 22.010315
v 20.964996 -12.202269 22.532696
v 19.233181 -11.928345 21.468935
v 19.446884 -11.137107 21.122898
v 18.884665 -13.079088 21.810543
v 18.040165 -11.569683 21.266951
v 17.704906 -12.599974 21.574680
v 16.581043 -12.094685 21.727280
v 16.950806 -11.157146 21.397388
v 18.242907 -10.851004 20.963018
v 17.162951 -10.482578 21.069395
v 13.986519 -9.776255 22.483940
v 14.187321 -9.100352 22.103394
v 15.710564 -9.842529 21.493315
v 13.653320 -10.703876 22.873035
v 12.784822 -9.049390 23.260548
v 13.011173 -8.364512 22.867971
v 12.403332 -10.048883 23.680353
v 12.393734 -8.572885 24.098576
v 12.668615 -7.841643 23.662939
v 11.937992 -9.661841 24.570618
v 12.946451 -6.878037 22.900896
v 13.117395 -5.992112 22.058754
v 13.168333 -5.171786 21.060530
v 13.489553 -1.128549 16.305906
v 13.230881 -0.690573 15.254810
v 12.605045 -1.106420 14.676075
v 14.145968 -0.103503 15.704375
v 12.352521 -1.687820 14.060298
v 11.785289 -0.219254 12.076830
v 11.985246 -0.680613 11.286292
v 12.410948 2.834562 3.895700
v 12.445819 1.994345 5.764876
v 14.687115 1.757479 3.815601
v 7.062592 6.472578 2.755008
v 5.104165 8.230951 1.060591
v 5.661463 9.011576 0.441648
v 4.775511 9.554724 0.038199
v 3.989136 8.783745 0.941235
v 5.210234 7.889372 1.659589
v 4.736363 8.055601 2.074328
v 2.574356 9.225840 1.807122
v 1.676741 9.747416 1.345210
v 2.111286 9.667837 0.094027
v 2.554905 9.878279 2.275683
v 0.583164 10.991472 0.518264
v 1.149006 11.176498 -1.327168
v 3.061920 10.475714 -0.976327
v 2.033684 11.049772 -1.760175
v 4.214844 11.817995 1.150504
v 3.402159 12.437195 0.431200
v 2.905087 12.340445 1.049827
v 2.354347 11.877169 1.472481
v 3.648512 11.812361 1.734938
v 2.987995 11.511923 2.151261
v 3.459507 11.223772 2.750259
v 2.645473 11.020178 2.362113
v 3.065714 10.756832 2.924069
v 3.580730 10.405014 3.671233
v 3.995796 10.852697 3.517368
v 4.416006 10.473692 4.504195
v 3.547010 9.992727 3.694028
v 3.023130 10.353128 2.952563
v 2.586517 10.649900 2.414351
v 4.460594 10.077997 6.366723
v 3.965957 10.048820 7.820527
v 4.546789 9.856903 8.290354
v 8.500084 7.470881 7.361781
v 7.685287 7.157280 10.316562
v 6.403238 7.455244 11.208409
v 7.333238 6.806335 11.301172
v 8.236163 6.142500 11.424327
v 5.454086 8.076523 11.153322
v 7.588462 5.411879 11.805824
v 6.756186 6.055859 11.732374
v 5.892594 6.690519 11.694699
v 4.501451 7.696196 11.807723
v 5.492064 6.419085 11.334097
v 2.791168 8.821098 12.188904
v 2.250862 9.258680 12.330738
v 1.948658 8.829674 12.296229
v 6.377869 5.711809 10.818364
v 6.330125 5.812117 9.560216
v 5.419787 6.447145 10.470427
v 4.601073 7.062605 10.447315
v 3.851464 7.783808 9.878711
v 8.762765 4.447363 11.907768
v 8.242332 4.249929 10.775942
v 9.528069 5.146019 11.661457
v 11.211853 5.757208 7.750243
v 10.484534 5.505421 9.774236
v 15.029327 5.031340 2.204766
v 14.893097 4.042135 1.459502
v 16.937038 4.143400 2.458676
v 17.790001 4.001612 3.672501
v 17.962971 3.617399 2.740762
v 17.877922 2.639174 1.898619
v 16.836391 3.170012 1.616216
v 18.781364 2.169827 2.502894
v 17.365885 1.375063 2.533076
v 16.405891 1.773138 2.426383
v 18.093649 1.279263 2.584997
v 14.658053 2.616005 2.388391
v 17.345751 0.772024 3.814019
v 16.376417 1.036793 3.776977
v 18.192795 0.761930 3.851377
v 19.335800 1.507296 4.041651
v 16.573124 -0.331064 6.938811
v 17.693790 -0.409481 6.902086
v 17.881638 -1.709865 9.333219
v 18.655087 -0.319763 6.898287
v 18.971786 -1.563827 9.193283
v 13.273411 -1.211864 10.370067
v 14.984915 -1.566102 9.822675
v 14.336300 -5.589395 17.921808
v 14.505196 -6.478448 19.503199
v 13.401012 -5.863971 20.369402
v 13.389883 -6.594506 21.337864
v 13.250330 -7.432357 22.152149
v 14.406826 -8.134222 21.376175
v 14.523183 -7.242316 20.522320
v 15.905195 -8.848675 20.760399
v 15.972667 -7.889051 19.888176
v 15.913991 -6.989547 18.842148
v 15.713921 -5.869367 17.211369
v 17.311640 -6.064440 16.654161
v 18.580936 -6.129036 16.334400
v 17.457642 -7.414117 18.371372
v 19.859312 -6.050675 16.144127
v 19.926817 -7.584008 18.058577
v 17.055069 -4.751140 14.680190
v 18.364109 -4.738257 14.308193
v 19.650463 -4.609856 14.063782
v 19.710857 0.426794 7.134151
v 20.244141 -0.755329 9.370261
v 19.703020 1.386696 7.616008
v 21.322823 -3.797688 14.212896
v 21.609840 -5.354450 16.334400
v 19.888626 -8.763599 19.339836
v 19.724848 -9.948217 20.358955
v 18.624269 -8.675331 19.347118
v 18.484987 -9.761234 20.277590
v 17.373024 -9.452219 20.375099
v 17.473621 -8.432325 19.483253
v 15.019369 0.742065 15.641689
v 17.884758 -11.941652 24.662115
v 1.859550 8.758080 12.033456
v 1.820990 8.858465 11.502843
v 14.913774 0.070581 7.060700
v -10.438940 -19.243399 7.634369
v -9.608913 -18.946793 8.135539
v -8.776104 -19.361807 6.799508
v -10.092381 -19.597898 6.316701
v -10.388058 -19.803703 6.317967
v -10.701450 -19.434795 7.623921
v -11.516354 -18.937231 8.497723
v -9.098431 -19.481886 4.457022
v -10.396069 -19.660471 4.635581
v -10.700224 -19.921715 4.616269
v -1.330605 -20.653616 12.178774
v 0.190844 -20.949505 12.639103
v 0.015863 -20.325836 11.378422
v -1.532845 -20.094156 10.899413
v -1.374546 -21.824741 12.130335
v 0.041466 -22.180332 12.720151
v 2.032482 -21.113335 13.864008
v 1.930647 -22.589314 14.213530
v 3.314034 -27.324783 3.951928
v 3.660964 -27.425545 3.303668
v 4.667204 -27.423969 4.644131
v 4.111164 -27.233286 5.011698
v -7.988987 -19.476151 3.694345
v -9.657467 -18.855259 2.567583
v -10.379282 -19.046268 3.110227
v -6.975014 -19.634811 5.760760
v -6.308468 -19.779919 5.119972
v -7.341702 -19.543392 6.239769
v -12.822773 -18.351177 11.107733
v -11.735184 -17.939386 12.420968
v -12.437241 -17.856556 12.361765
v -13.139183 -17.672920 10.992492
v -12.417942 -17.364546 12.336121
v -11.590424 -17.432415 12.426983
v -1.901558 -19.999628 9.190751
v -2.004936 -20.376320 7.015110
v -4.490559 -19.636929 7.909491
v -14.960545 -18.967054 -0.572722
v -14.725174 -19.467655 -0.192175
v -14.388817 -18.814545 0.351102
v -14.588940 -18.315369 -0.120625
v -14.688194 -19.171219 -1.207343
v -14.469437 -19.786713 -0.780171
v -14.198765 -18.350159 -1.225731
v -12.314606 -17.193432 12.134449
v -11.558718 -17.297390 12.196503
v -12.176867 -17.172855 11.746621
v -11.542578 -17.337755 11.594023
v -12.451099 -17.399763 10.819631
v -12.956249 -17.442472 10.926323
v -10.962914 -19.103716 11.086520
v -10.771883 -19.787453 9.352846
v -9.931049 -19.948257 9.604223
v -9.707853 -19.403601 11.100767
v -12.184025 -19.002110 9.626385
v -11.445900 -19.421795 8.764297
v -9.700020 -18.178080 10.052837
v -13.519360 -18.391640 -1.505728
v -12.658463 -17.831556 -0.498522
v -12.444782 -19.025444 -1.433544
v -12.986900 -18.764713 -1.661809
v -12.209450 -18.210962 9.424081
v -12.397825 -18.451082 9.348097
v -3.906445 -21.121536 2.348183
v -5.369795 -21.859234 1.297405
v -2.744242 -21.049295 3.468296
v -7.394600 -18.886530 9.439277
v -11.618382 -18.904446 11.272678
v -10.307121 -21.141552 4.191082
v -11.307709 -20.996513 2.717016
v -10.765388 -21.324158 2.246562
v -9.282051 -21.745422 3.352106
v -6.781853 -22.526176 4.000493
v -9.936888 -20.743462 6.501592
v -7.068035 -21.513268 7.157261
v -9.376957 -18.042139 10.775624
v -9.198292 -17.997917 11.436674
v -10.316284 -17.715567 12.095509
v -9.146530 -18.105839 11.749470
v -13.058418 -18.324768 1.319882
v -13.221905 -18.596848 1.320832
v -12.657042 -18.946325 1.849862
v -12.274931 -18.392544 1.760583
v -13.498550 -18.792595 1.134041
v -12.874130 -19.190340 1.746019
v -13.799744 -18.368668 0.758876
v -0.732471 -23.069067 10.196256
v 0.440670 -23.119629 11.690901
v -1.124603 -22.624847 11.171052
v -7.363119 -19.728607 2.486535
v -0.177540 -20.114201 9.908789
v 0.093899 -20.324280 8.559144
v 14.185451 -15.716710 24.791285
v 16.486317 -17.009394 25.093632
v 13.349415 -17.278877 24.214132
v 10.866383 -17.321894 24.571884
v 12.512779 -18.454943 23.616714
v 9.901464 -18.287951 23.989983
v 8.827057 -19.199575 23.242819
v 7.698345 -20.094780 22.173361
v 8.992952 -20.824213 21.775085
v 10.251928 -19.926630 22.624825
v 6.306346 -21.115408 20.278858
v 7.233769 -22.100193 20.029697
v 8.218265 -23.094999 19.514914
v 10.226254 -21.910076 21.153290
v 11.366131 -21.065491 21.957443
v 12.126011 -20.512995 22.426004
v 9.020864 -23.824570 18.882357
v 10.986900 -22.768236 20.678083
v 12.556004 -20.908789 22.365536
v 11.524920 -23.334827 20.318432
v 10.278570 -24.710461 17.937321
v 12.025167 -23.774969 19.986641
v 12.625260 -22.337889 21.566132
v 13.197899 -22.836124 21.356230
v 14.187675 -21.703819 22.516550
v 13.425409 -21.142860 22.558657
v 15.052433 -20.426586 23.514141
v 14.126822 -19.815449 23.397951
v 13.941349 -23.342003 20.963968
v 15.013369 -22.233128 22.257576
v 12.695988 -24.203947 19.519028
v 15.894826 -20.908371 23.376106
v 16.661781 -19.385658 24.240410
v 15.714664 -18.930422 24.360399
v 15.561972 -22.414520 21.864998
v 16.477909 -21.104918 23.024368
v 17.303787 -19.623110 23.876009
v 18.183846 -17.659355 24.453161
v 17.524578 -17.405321 24.905577
v 17.544910 -19.295671 22.700489
v 18.438604 -17.623907 23.185196
v 17.129271 -16.897829 21.946363
v 15.973475 -16.308805 21.707016
v 14.815641 -15.749818 21.863098
v 11.919236 -14.321831 23.026585
v 10.672291 -13.677854 23.850365
v 10.099787 -13.483323 24.767857
v 10.142654 -13.725827 25.617596
v 10.866283 -14.213870 25.978199
v 9.338213 -15.100016 25.171831
v 10.007132 -15.599650 25.651472
v 8.638102 -16.094803 24.514894
v 9.227612 -16.635525 25.111996
v 7.975623 -16.966288 23.656925
v 8.389038 -17.573299 24.318924
v 7.291126 -17.741627 22.707457
v 7.507004 -18.434381 23.347929
v 6.567530 -18.430067 21.608240
v 6.600565 -19.232353 22.148350
v 5.519313 -20.076788 20.248465
v 4.648675 -20.455383 18.021851
v 5.094629 -21.647905 18.108915
v 4.163972 -21.782986 16.562981
v 4.280755 -23.011822 16.564566
v 5.557010 -22.871763 18.036098
v 4.890120 -23.895899 15.966833
v 6.263262 -23.762476 17.518148
v 8.370560 -26.118660 13.533801
v 9.450101 -25.751234 15.281090
v 11.013501 -25.098606 17.475725
v 10.097260 -25.875542 14.893259
v 11.620369 -25.195032 17.034708
v 13.247828 -24.326977 19.049202
v 14.478009 -23.501665 20.515354
v 14.840158 -22.714853 19.692205
v 15.832874 -21.697195 20.944656
v 13.738180 -23.532543 18.275444
v 16.716400 -20.540611 21.978022
v 15.512573 -19.169102 21.093456
v 16.243481 -18.187662 21.573097
v 14.549643 -18.391888 20.934208
v 15.201294 -17.490049 21.357180
v 13.597136 -17.762968 21.040901
v 14.179188 -16.888693 21.497747
v 12.202471 -17.005949 21.463873
v 10.683455 -16.255268 22.074268
v 11.281599 -15.396999 22.608046
v 9.381179 -15.774926 22.840425
v 9.975444 -14.866442 23.398268
v 8.756275 -15.823056 23.641092
v 9.365194 -14.809263 24.259722
v 8.165534 -16.633116 22.873669
v 7.571401 -17.311378 22.024246
v 6.954853 -17.854156 21.019373
v 3.953111 -20.582043 16.266649
v 3.393535 -19.895550 14.641883
v 3.447848 -20.645149 15.218719
v 1.977272 -20.206007 12.937336
v 3.543722 -21.728306 15.667650
v 3.698319 -19.339794 14.028006
v 2.163956 -19.760868 12.130651
v 4.310675 -19.049227 13.435022
v 2.686153 -19.667629 11.275845
v 0.836725 -21.663536 5.764876
v 0.150816 -22.150059 3.895700
v 2.395462 -23.291374 3.815601
v -6.587507 -21.417215 1.081803
v -6.065794 -20.463253 1.881206
v -7.775391 -20.987011 0.788320
v -7.436602 -20.055788 1.419294
v -9.349413 -20.404358 0.249158
v -8.582209 -19.442493 1.598486
v -11.556084 -18.184559 0.094027
v -11.884912 -17.889544 1.345210
v -10.923145 -18.280378 1.807122
v -11.451099 -18.664204 2.275683
v -13.131638 -17.635067 0.756166
v -13.938931 -17.874706 0.280818
v -11.588905 -19.419331 -0.899448
v -11.989193 -21.037998 1.327095
v -13.010090 -20.798807 0.585667
v -14.017635 -20.308147 -0.257039
v -13.184296 -20.447714 1.049827
v -14.197048 -19.996944 0.298864
v -13.154846 -19.728638 1.472481
v -13.949600 -19.290684 0.780404
v -12.311983 -20.712482 1.734938
v -12.478245 -20.006340 2.151261
v -11.650867 -20.301605 3.133655
v -12.298874 -19.434536 2.362113
v -11.536697 -19.701685 3.297651
v -10.783289 -20.500572 4.504195
v -11.237488 -19.421793 3.323295
v -12.042072 -19.161343 2.414351
v -10.443027 -20.293724 6.366723
v -10.215412 -20.226622 8.290354
v -10.722603 -19.884636 7.820527
v -8.374100 -20.316229 10.038591
v -4.910685 -21.678963 9.532990
v -6.159767 -21.057215 10.316562
v -4.701694 -22.323904 7.531159
v -6.097593 -20.564026 11.301172
v -7.179893 -20.225485 11.208409
v -5.020054 -20.872017 11.424327
v -8.252056 -19.854889 11.153322
v -5.857082 -19.648407 11.732374
v -6.887476 -19.353672 11.694699
v -4.838474 -19.912668 11.805824
v -7.912035 -19.029713 11.740605
v -9.297405 -18.570665 11.934678
v -7.900322 -18.550203 11.519305
v -6.847740 -18.838543 11.354360
v -6.989895 -18.819216 10.507785
v -10.470348 -18.204220 12.188904
v -11.147057 -18.044603 12.330738
v -10.992641 -17.543077 12.296229
v -5.816433 -19.138659 10.818364
v -5.924986 -19.162271 9.560216
v -8.062542 -18.463194 10.665766
v -8.100403 -18.361389 11.289774
v -3.356758 -20.251480 11.906185
v -3.519035 -19.719038 10.775309
v -3.441097 -21.284290 11.660508
v -2.641788 -24.213894 4.526357
v -4.398376 -23.470768 4.355395
v 1.806334 -26.691088 2.458676
v 1.441902 -26.790590 3.409727
v 2.850117 -27.180710 2.740762
v 2.475334 -27.207767 3.573286
v 3.650446 -26.354649 1.898619
v 4.465407 -26.675211 2.501733
v 2.593292 -25.855646 1.616216
v 4.337000 -25.176176 2.533076
v 4.919962 -25.713684 2.655281
v 3.434749 -24.660435 2.426383
v 5.327925 -25.455069 3.851377
v 4.801659 -24.791267 3.814019
v 3.999131 -24.186573 3.776977
v 5.437487 -26.815075 4.041651
v 7.098447 -23.700451 9.300292
v 7.651761 -24.667057 9.161624
v 3.891843 -20.355547 10.354870
v 5.210478 -21.495274 9.802729
v 8.000112 -18.522594 17.878752
v 8.806657 -18.112196 19.461405
v 7.645013 -17.614815 20.327930
v 8.215200 -17.158613 21.300192
v 8.791606 -16.535130 22.118591
v 10.054422 -17.020439 21.341982
v 9.421287 -17.658756 20.483061
v 10.819985 -18.409645 19.848288
v 10.072918 -18.913767 18.799091
v 11.536636 -17.768579 20.725256
v 9.064788 -19.441074 17.167677
v 11.024682 -21.550003 16.290077
v 10.196681 -20.585442 16.610155
v 11.353552 -19.875093 18.327682
v 12.998747 -21.724154 18.013937
v 11.744902 -22.609089 16.099485
v 9.791096 -22.229055 14.267351
v 10.476665 -23.325094 14.024206
v 9.000625 -21.185926 14.638401
v 9.052829 -25.831364 11.348347
v 7.776460 -26.140642 9.271483
v 8.257787 -26.488625 12.004014
v 7.643004 -26.302620 12.326308
v 6.385404 -26.528358 10.174727
v 6.950004 -26.768383 9.850218
v 7.359685 -26.679531 9.545021
v 10.857239 -25.144651 14.173640
v 12.265320 -24.419685 16.289127
v 13.908340 -20.972166 19.297413
v 14.743723 -20.117109 20.323181
v 13.064641 -20.025995 19.305962
v 12.167822 -19.264296 19.443363
v 12.912138 -18.560278 20.340910
v 13.837191 -19.250841 20.241499
v 3.408717 -22.936211 15.607181
v 14.787385 -18.378067 24.200836
v -10.990536 -17.428791 12.033456
v -11.093531 -17.459715 11.502843
v 5.757827 -27.031868 7.616008
v 6.522166 -26.450880 7.132884
v 6.467230 -25.159288 6.894171
v 5.950006 -24.344051 6.897337
v 5.202230 -23.505610 6.935012
v 3.869282 -22.438913 7.056584
v 9.665325 -7.989076 26.460054
v 9.549675 -7.899176 26.432196
v 9.527302 -7.995757 26.664577
v 9.709567 -8.110235 26.552502
v 9.659876 -8.075624 26.323288
v 9.563417 -8.015595 26.244137
v 9.679839 -8.207439 26.352732
v 9.566374 -8.184912 26.240339
v 8.747060 -10.487755 26.625319
v 8.684344 -10.507763 26.840919
v 8.468263 -10.559368 26.733593
v 8.607608 -10.470814 26.520842
v 9.153825 -9.953476 26.653494
v 9.134673 -9.927151 26.884922
v 9.050538 -9.921837 26.515776
v 8.407660 -10.466504 26.921019
v 8.525047 -10.371054 26.987183
v 6.041962 -7.407281 26.656025
v 6.602865 -7.534757 26.807993
v 6.675556 -7.292532 26.649378
v 6.130852 -7.196633 26.501530
v 7.543498 -7.195445 26.525272
v 7.595384 -7.114050 26.128580
v 6.779600 -7.080504 26.095650
v 6.726014 -7.146605 26.448341
v 7.626237 -7.280481 25.681232
v 7.617388 -7.539222 25.419405
v 8.457656 -7.508609 25.779058
v 8.461953 -7.762162 25.568838
v 7.476832 -8.187203 25.254778
v 8.319923 -8.463379 25.507738
v 9.588367 -8.739502 26.525591
v 9.424920 -9.338517 26.608223
v 9.594231 -8.710993 26.761456
v 9.401409 -8.618137 26.907087
v 8.386507 -7.425735 26.557249
v 8.437389 -7.334325 26.184618
v 7.398846 -7.753959 26.914684
v 6.475758 -7.877236 26.907402
v 7.224688 -8.231693 27.014095
v 6.282164 -8.273843 26.920700
v 7.000255 -8.663949 27.043539
v 5.917294 -7.701585 26.750372
v 5.762525 -8.004041 26.781082
v 5.502090 -8.456366 26.605688
v 6.249963 -7.123541 25.719854
v 6.254295 -7.039266 25.930389
v 6.778419 -7.395554 25.477976
v 6.218946 -7.255732 25.539078
v 6.654970 -7.851974 25.301634
v 7.308210 -8.643674 25.308596
v 8.136488 -8.983816 25.580236
v 7.880188 -9.475199 25.685663
v 7.072189 -9.101631 25.462147
v 8.938180 -9.817329 27.029293
v 9.409446 -9.312585 26.842184
v 9.213417 -9.231205 26.985920
v 6.623234 -9.273481 26.890938
v 6.535247 -9.439079 26.725994
v 5.447649 -8.560841 26.486961
v 5.440728 -8.636792 26.235588
v 6.098687 -7.611445 25.385849
v 6.496737 -8.262053 25.335192
v 5.942415 -7.978053 25.408638
v 6.264663 -8.676102 25.507738
v 5.732657 -8.346626 25.559656
v 6.654058 -9.516071 25.878786
v 5.977059 -8.993427 25.910763
v 6.527482 -9.556231 26.340380
v 5.507420 -8.615913 25.909813
v 7.354631 -9.758635 26.982748
v 8.444177 -9.535420 27.096411
v 8.047783 -10.151316 27.009663
v 8.924252 -8.407620 26.969458
v 9.088866 -7.753812 26.630383
v 9.134500 -7.667938 26.325819
v 9.152493 -7.817478 26.026003
v 9.159816 -8.023849 25.921526
v 9.009599 -8.650517 25.969334
v 8.824098 -9.236240 26.061148
v 8.558051 -9.787729 26.135862
v 8.120265 -10.321951 26.285295
v 7.968320 -10.393744 26.587326
v 7.950023 -10.293074 26.886826
v 7.403882 -9.985933 26.000675
v 7.254937 -10.045797 26.431244
v 7.258059 -9.928131 26.824139
v 7.495396 -12.858099 26.665844
v 7.304013 -12.785346 26.844088
v 6.938059 -13.156622 26.511030
v 7.052536 -13.167656 26.375210
v 7.444914 -12.735289 26.329618
v 7.057001 -13.099669 26.245722
v 8.399005 -10.727808 26.702253
v 8.389172 -11.364468 26.834906
v 8.323639 -11.311152 26.509762
v 7.438168 -10.975389 27.103058
v 8.184447 -11.294337 27.021063
v 8.292459 -10.701269 26.921019
v 7.695053 -10.334766 26.872261
v 7.754458 -10.253181 26.650328
v 5.668209 -11.892365 26.832052
v 4.796106 -11.165716 26.729158
v 4.605532 -11.467882 26.218493
v 5.335181 -12.344687 26.262180
v 4.638438 -11.476271 25.973764
v 5.373844 -12.349905 25.960785
v 6.353020 -12.890698 26.160555
v 6.319726 -12.890230 26.401169
v 4.735226 -11.409857 25.703394
v 5.520011 -12.257645 25.654951
v 6.479791 -12.804084 25.932924
v 6.110258 -11.686444 25.232616
v 6.954410 -12.311918 25.774309
v 7.415182 -11.633806 25.888285
v 7.939465 -12.121362 26.462275
v 7.988830 -12.192490 26.800394
v 6.640589 -12.437582 26.899488
v 5.062661 -10.756950 26.907402
v 6.083913 -11.265844 27.043539
v 5.328570 -10.187759 26.886192
v 4.788294 -9.966372 26.744989
v 4.581453 -10.422426 26.750372
v 4.368585 -10.797233 26.579411
v 4.334082 -11.027867 25.719854
v 4.269075 -11.084133 25.930389
v 4.569355 -10.700731 25.408010
v 5.081953 -11.010103 25.326324
v 6.493746 -11.107594 25.280106
v 7.730409 -10.897325 26.009224
v 7.822370 -10.435328 26.183668
v 7.801038 -10.289087 26.397684
v 6.757792 -9.830057 26.173218
v 6.707129 -9.815423 26.518307
v 6.639148 -9.908669 26.774117
v 7.808410 -12.094435 26.985920
v 7.095550 -11.754855 27.073935
v 6.373783 -10.586744 27.047020
v 5.014421 -9.476053 26.327400
v 4.974013 -9.526051 26.486961
v 4.818438 -10.268579 25.408638
v 5.593841 -9.970562 25.596701
v 5.008171 -9.776978 25.635641
v 6.739100 -10.436626 25.496971
v 6.780610 -9.966801 25.841429
v 5.639963 -9.680387 25.910763
v 5.054008 -9.539912 25.909813
v 5.045145 -9.472438 26.143776
v 4.032306 -18.235878 18.901667
v 4.203118 -17.787888 18.801306
v 4.353346 -17.900751 19.344902
v 4.042442 -18.509224 19.364847
v 3.938060 -15.659661 20.051222
v 3.203850 -15.042293 20.129740
v 3.610056 -15.969506 20.637239
v 4.520824 -17.576672 19.289497
v 4.604571 -17.315538 19.010262
v 3.187006 -14.815732 19.327803
v 2.386328 -14.384041 19.594692
v 2.218050 -14.695384 20.128155
v 1.321909 -15.812980 20.403910
v 1.900244 -15.138952 20.416258
v 2.267317 -17.692467 19.811562
v 2.533697 -17.358732 20.696444
v 2.436617 -17.403490 19.126133
v 3.137520 -17.957258 18.919712
v 2.966612 -18.237337 19.602291
v 2.853354 -16.759842 18.665487
v 3.515244 -17.342781 18.575575
v 3.946956 -17.650196 18.614832
v 3.656007 -18.238838 18.827269
v 4.129663 -16.650492 18.653456
v 4.489183 -17.054024 18.825052
v 4.815716 -16.774490 19.497183
v 4.842805 -17.062857 19.637751
v 4.829656 -16.953779 20.159498
v 4.594886 -17.348873 20.505539
v 4.203097 -18.178976 20.276323
v 3.603551 -18.552002 19.421200
v 3.831950 -18.174942 20.481159
v 3.270001 -17.875563 20.614128
v 3.241697 -16.415424 20.858856
v 4.216095 -16.524687 20.662884
v 3.979443 -16.935783 20.840178
v 4.414675 -17.143360 20.756914
v 4.764160 -17.054241 20.400429
v 4.604926 -16.795895 20.593866
v 4.765129 -16.613188 20.204771
v 4.503057 -16.366800 19.319256
v 3.958970 -15.728464 19.108719
v 3.589023 -16.073446 18.558477
v 2.822172 -15.107856 18.742420
v 2.202337 -14.619611 18.979866
v 1.127277 -16.029222 19.760590
v 1.255949 -15.889935 19.269550
v 1.798304 -16.582788 19.243589
v 2.228674 -15.912683 18.846262
v 1.667068 -15.371900 18.963400
v 6.953838 -13.447197 25.900949
v 6.878560 -13.153522 26.081409
v 7.010403 -13.628006 26.136496
v 4.026430 -13.460826 25.760380
v 4.274046 -13.078384 26.022202
v 3.862024 -12.891720 25.886385
v 3.632799 -13.614683 25.298784
v 4.780947 -13.117645 26.152958
v 4.257070 -13.913612 25.632158
v 4.000991 -14.186104 25.137638
v 5.126720 -15.000884 25.174046
v 5.421600 -14.746375 25.683130
v 5.279874 -14.974120 24.516163
v 5.708142 -15.211782 24.865368
v 5.506622 -15.133701 25.205072
v 5.855864 -14.934433 24.840040
v 6.162060 -14.757420 25.140173
v 6.146583 -15.053463 25.346273
v 6.198921 -14.591066 25.936090
v 5.825695 -14.990866 25.566624
v 6.528387 -14.666336 25.734104
v 5.750920 -14.341958 26.012074
v 6.042587 -13.870399 26.249201
v 6.217366 -13.479017 26.360643
v 4.744588 -12.113771 26.111799
v 4.472456 -12.684140 26.205830
v 4.926151 -12.808027 26.255533
v 4.294735 -12.036557 26.035183
v 4.101650 -12.499009 26.082041
v 3.633494 -13.570943 24.369579
v 4.143587 -14.019091 24.246424
v 4.717056 -14.501158 24.382559
v 4.966830 -14.252376 24.302460
v 5.519750 -14.746929 24.514263
v 5.812195 -14.396713 24.730494
v 6.209368 -14.039346 25.077169
v 6.516417 -14.505293 25.475445
v 6.409347 -13.531258 25.303850
v 6.847466 -13.938445 25.745819
v 6.887626 -14.100273 26.016190
v 6.670082 -13.639454 26.332470
v 6.529601 -14.072351 26.207729
v 6.674168 -13.294796 26.280231
v 6.418338 -12.991166 26.245403
v 3.862283 -13.305161 24.198301
v 4.409079 -13.738170 24.091608
v 5.255638 -13.924707 24.467407
v 5.816775 -13.094479 24.997068
v 5.944807 -12.624438 25.339624
v 6.547918 -13.035356 25.599861
v 6.534814 -12.872345 25.926908
v 5.930022 -12.486347 25.779690
v 4.889754 -11.913460 25.694529
v 5.314171 -12.093512 25.629944
v 4.402680 -11.875463 25.711941
v 4.099729 -13.037633 24.285997
v 3.501591 -12.592127 24.437330
v 3.689638 -12.369127 24.603542
v 4.355921 -12.703836 24.510780
v 4.698286 -13.423393 24.208748
v 4.585133 -12.319416 24.783684
v 5.223874 -12.627562 24.694405
v 4.667448 -11.985638 25.165182
v 5.334193 -12.198554 25.078117
v 3.938344 -11.864495 25.195257
v 3.928705 -11.807924 25.499817
v 3.862822 -12.066538 24.875181
v -4.014830 -4.815754 6.627913
v -1.647123 -6.016748 2.326655
v -1.700283 -4.108528 3.302083
v -1.356703 -5.731840 26.839018
v -1.430559 -5.873690 26.855797
v -1.129019 -6.021658 27.071402
v -1.063517 -5.576301 26.589859
v -1.313087 -5.561043 25.193043
v -1.726721 -5.728361 24.660212
v -1.549345 -5.815400 25.538763
v -1.461369 -5.689296 25.498873
v 0.406515 -5.678036 26.439476
v -0.546925 -6.307295 27.030876
v 0.503906 -6.886072 26.480001
v 0.813927 -6.122701 26.393885
v 1.970081 5.995073 17.106573
v 0.803251 5.799910 16.809923
v 0.604950 7.807566 17.184769
v 1.741192 8.222986 17.263287
v 3.397794 7.691504 17.356367
v 3.156378 6.102043 17.413988
v 4.174950 7.600737 17.435514
v 3.888784 6.106943 17.626738
v 0.175940 9.286947 17.244926
v 1.035629 9.595093 17.202501
v -1.258873 13.889654 18.339079
v -1.518139 13.546082 17.645102
v -4.243235 15.185884 18.305202
v -3.965055 15.343849 19.059332
v -2.489569 12.824789 17.378845
v -3.867443 14.349770 17.731531
v -0.621876 12.237680 17.224979
v -1.592531 11.618633 17.204718
v 0.031467 11.436760 17.103407
v -1.035305 10.436399 17.114172
v 0.319906 12.667063 17.240810
v 0.807137 13.002453 17.854372
v 5.896174 6.794207 -6.561432
v 5.537716 5.687136 -8.454353
v 5.553450 7.222647 -9.652983
v 5.432574 10.233355 -7.046139
v 4.895215 11.110312 -7.540660
v 4.835188 11.469505 -6.539271
v 5.389816 10.674353 -6.112185
v 5.967897 9.558411 -5.609748
v 5.392485 9.592501 -8.327083
v 4.825158 10.541294 -8.912784
v 5.042253 8.562502 -10.604353
v 4.375744 9.553617 -11.247988
v 3.838696 6.992357 -2.804717
v 3.326485 6.891401 -2.478307
v 3.175785 5.681673 -3.148222
v 3.898726 5.759283 -3.684850
v 2.919975 6.890921 -1.665291
v 2.712078 5.376352 -2.479890
v 3.012423 4.367075 -3.808323
v 3.814434 3.338034 -5.578722
v 4.433893 5.364424 -4.547572
v 2.532213 4.817133 -2.798385
v 2.702658 4.629108 -3.224521
v 2.243931 0.662163 -3.735506
v 1.649721 2.266338 -2.156647
v 1.192995 0.212992 -0.554993
v 2.314482 -1.050403 -2.534344
v 0.553549 4.921597 0.010446
v 0.679974 1.792141 -0.311848
v 1.303944 2.893412 -1.592158
v 0.170282 1.257235 0.547074
v 0.539995 -0.074205 0.327674
v -0.068575 3.379303 1.970802
v 2.953913 5.774328 -1.989168
v 3.073549 5.816130 -1.177735
v 2.282236 5.014915 -1.559232
v 3.760010 5.204203 -0.753498
v 3.483704 4.963856 -0.290636
v 2.684666 5.334085 -0.449567
v 1.504747 5.375980 -0.647122
v -8.253288 11.177153 -23.388142
v -9.710619 9.614458 -24.962252
v -7.847887 9.239969 -24.422140
v -10.380184 8.116955 -25.946226
v -14.528950 10.758650 -25.689785
v -8.124268 7.209917 -25.643877
v 3.927272 3.356016 16.778265
v 4.695046 3.442303 17.689425
v 4.960114 2.890806 17.576715
v 3.998648 1.839121 15.183260
v 3.764971 4.403704 17.288616
v 4.572003 4.444983 17.923704
v 5.375176 2.407122 17.604895
v 6.790498 1.437891 17.890779
v 6.612891 0.804213 15.222517
v 4.829555 1.563990 15.254809
v 0.738165 -4.090890 24.645332
v 0.600349 -3.287971 23.391300
v 0.476866 -4.537854 23.588537
v -0.223307 -5.008915 25.339624
v -0.581217 -5.202165 25.101545
v -0.964394 -5.292384 24.701054
v -0.395428 -4.960072 23.460947
v 2.085545 7.103598 -0.435953
v 2.703165 7.994980 -1.817257
v 1.982925 8.311731 -1.034951
v 1.258593 8.804701 -0.397329
v 1.132378 7.595304 0.134234
v 1.417576 6.468973 0.044005
v 2.800816 5.858974 -0.224784
v 3.077202 6.254099 -0.556259
v 1.128019 -0.247081 23.713594
v 1.775648 1.351465 22.618176
v 0.140886 0.584326 23.616398
v 2.591509 -1.443078 24.182787
v 1.387131 2.333479 22.473808
v 1.283491 3.454653 22.365534
v -0.862127 1.305740 23.736702
v -0.952353 4.459398 23.472349
v -2.253408 1.688694 24.109337
v -17.485271 23.825544 9.140409
v 3.329298 1.653048 -6.008024
v 2.487604 -2.145016 -5.995994
v 3.402291 -1.030525 -8.085204
v 2.294804 -2.422110 -3.589872
v 1.247541 -3.492702 -3.820036
v 1.916485 -3.957084 -6.766585
v 9.470181 -1.572980 19.061863
v 8.704288 -2.594029 16.059910
v 9.013472 -1.977657 15.569822
v 9.139880 -1.499415 15.260192
v 9.681240 -0.824526 17.904076
v 9.785920 -0.984159 19.469954
v -4.552252 2.182673 24.311325
v -3.779234 1.072287 24.586130
v -2.936293 3.283131 23.942808
v -5.812946 1.724287 24.566502
v -5.061066 0.747705 25.022713
v -1.684183 4.815695 23.478365
v 2.264482 3.409159 -3.136825
v 4.895574 4.403641 -7.056903
v 5.351784 5.768145 -5.601832
v 9.378407 -2.291097 20.454882
v 8.806785 -2.741658 19.935982
v 7.561444 -3.872339 19.303425
v 7.375498 -3.829408 15.946570
v 1.993555 3.889826 -2.472292
v 1.521507 13.664740 0.190271
v 1.820135 12.902109 0.621790
v 1.619457 12.680017 0.230162
v 1.247105 13.584976 -1.165388
v 1.497437 12.392525 -0.099730
v 1.335327 12.217455 -0.905147
v -4.265255 12.903708 20.317163
v -3.979479 11.869133 19.739059
v -2.826200 12.192617 20.191792
v -8.449602 1.284092 25.260475
v -10.439575 0.440519 26.594608
v -7.445259 0.306704 25.953819
v -9.469296 1.413116 25.390282
v -8.992193 1.798265 24.637098
v -9.998423 2.060333 24.748543
v -10.496498 1.712276 25.480192
v -8.110483 1.735895 24.530092
v -11.010736 0.668598 26.505011
v -11.762663 0.999840 26.451822
v -5.650379 -1.427137 23.836432
v -5.733427 -1.417418 24.971109
v -6.854830 -1.779463 25.400412
v -4.700985 -1.265279 25.052788
v -4.436142 -1.292617 23.831051
v -5.781775 -1.318225 25.494755
v -6.507933 -1.340650 25.977882
v 1.230556 15.214266 -3.834600
v 0.758656 16.409292 -5.693963
v -0.478529 17.355642 -4.242375
v 0.465656 15.579382 -1.940413
v -1.771124 18.270998 -2.948135
v -1.166420 16.944151 -0.912113
v 1.354183 13.446030 -2.900645
v 8.887569 -3.376235 22.963581
v 8.165186 -4.594609 22.883799
v 7.879229 -4.238111 21.609819
v 8.856893 -3.080817 21.860243
v 8.747747 -3.712827 23.990614
v 8.317701 -4.860944 23.705046
v 8.268388 -4.988742 24.506027
v 8.189716 -4.522363 25.174046
v 6.557654 -4.431046 18.933010
v 6.785437 -5.698833 22.361101
v 7.236907 -6.050857 23.376417
v 7.614004 -6.286331 24.156509
v 0.400848 6.695284 1.056475
v 0.593826 8.004873 0.979543
v 0.566452 8.431267 1.935026
v 0.739258 8.914249 2.587845
v 1.001619 9.521503 3.232116
v 0.340034 7.500618 4.327851
v 0.270786 6.839159 3.558525
v -0.058683 4.844681 3.550294
v -0.056826 5.812166 5.606262
v 8.578766 -3.359418 24.376545
v 9.002741 -2.797965 23.612915
v 8.772457 -2.465962 23.820602
v 8.283570 -3.042466 24.620955
v 9.113959 -3.000304 23.340328
v -6.949818 5.164785 17.700188
v -8.061966 5.916122 17.101191
v -8.315565 4.763945 18.046862
v -7.594814 4.640905 17.866085
v 4.484829 10.758371 -3.984983
v 4.789150 10.013048 -3.518955
v 3.701458 9.102301 -2.707522
v 4.960645 8.813789 -2.966180
v 0.266375 -5.928424 14.865714
v 0.016031 -5.696960 15.579319
v 0.547550 -5.657315 15.567288
v 1.161110 -5.972147 14.900223
v -0.379272 -5.831306 14.902439
v -0.554598 -5.617257 15.567923
v 2.443413 -6.455029 15.394428
v 1.859711 -7.656819 15.208270
v 0.997492 -7.209742 14.627634
v 0.110092 -6.729854 14.474087
v -0.457853 -6.419772 14.515560
v -1.318029 8.590372 20.469130
v -1.668056 9.675167 19.831507
v -3.014421 8.686457 18.994112
v -2.669134 7.477737 19.520927
v -2.037073 6.243265 21.354961
v -2.842024 6.094812 20.257961
v -3.341719 5.149092 20.731585
v -8.485771 6.358957 17.165777
v -9.848145 6.754879 18.629080
v -9.357658 5.102503 18.851961
v 5.194325 -5.957347 21.168800
v 5.021915 -7.008655 22.254091
v 4.294537 -6.813595 20.805035
v 4.675295 -6.034152 20.460264
v 5.554749 -7.124473 22.918306
v 3.630380 -6.644974 18.454000
v 4.061460 -5.858486 18.423292
v 4.599924 -5.274924 18.412210
v 5.086173 -4.838895 17.990191
v 2.881647 1.023161 13.589520
v 3.694437 0.933952 13.594269
v 3.683969 0.992342 13.066189
v 2.971718 1.130606 12.962979
v 3.939525 1.124378 12.263620
v 3.145868 1.359720 12.019526
v 1.982624 1.521801 11.670638
v 1.635508 1.060169 13.479029
v 4.325475 0.845766 13.149453
v 4.664109 0.833708 12.498218
v 4.490700 0.847565 13.576857
v 5.983896 0.334547 12.839824
v -5.699518 15.857470 18.911165
v -5.451221 14.880081 17.763508
v -6.640221 15.038576 17.755278
v -5.999956 14.527260 17.268354
v -6.588356 14.634020 16.583559
v -7.917540 15.631514 17.693222
v -7.767813 15.772810 18.594252
v -7.856127 16.109556 19.172987
v -7.345858 15.927580 19.009941
v -7.452417 15.652956 18.559742
v 8.385505 -2.752172 13.559761
v 8.276500 -2.451117 12.938282
v 8.511290 -2.096235 13.433124
v 8.563689 -2.422061 13.838049
v 1.390465 12.418215 19.109354
v 1.977579 12.825556 17.214216
v -1.333538 13.725985 19.242323
v -1.798155 13.216919 20.191158
v 0.485270 12.040354 20.117392
v 2.461897 11.564484 19.612104
v 3.953950 10.745920 19.218262
v 1.659174 11.493935 20.230101
v 5.136951 6.702311 -3.461651
v 5.124541 7.250437 -3.047861
v -2.735371 0.833719 5.178858
v -1.773367 2.196184 5.205136
v -1.741856 2.202938 5.789886
v -2.930742 0.129408 6.052027
v -2.616251 0.959354 4.809392
v -1.748821 2.055067 4.618485
v -2.721601 0.452087 4.086289
v -1.770603 1.292728 3.481593
v -2.923986 0.115866 4.373757
v 3.271844 -3.757804 12.859452
v 4.689924 -4.049520 12.167060
v 4.721015 -4.174453 12.730282
v 3.673507 -4.056822 13.387850
v 6.025377 -4.049597 12.501068
v 5.242645 -4.121845 13.171932
v 4.153372 -4.078583 13.828867
v 4.834428 -2.010122 11.514557
v 4.169471 -1.756824 11.516773
v 4.656564 -0.716047 11.847298
v 5.455209 -1.357279 11.727309
v -7.312321 15.944273 21.567078
v -8.279232 16.098177 21.880507
v -8.367266 15.202248 22.923370
v -6.503172 15.456583 21.577526
v -10.045219 15.729044 22.916723
v -9.388020 16.325933 22.022657
v -6.372663 14.592714 22.274986
v -7.534592 14.390207 23.291573
v -8.428442 11.101936 22.223381
v -9.798944 9.215918 21.007025
v -8.826727 9.453680 19.767870
v -7.738678 11.489939 21.568029
v -9.037516 10.660585 22.873350
v -16.355217 1.449947 27.622274
v -14.825264 0.699188 27.301561
v -14.532265 3.159086 27.671028
v -15.715660 3.615650 27.812862
v -13.865913 1.597092 27.308844
v 2.008184 -4.559986 15.373532
v 1.282372 -4.460207 17.551390
v 0.954105 -3.332488 17.309195
v 2.298347 -4.129655 14.905604
v 1.998034 -3.637036 14.683990
v 2.983824 -4.268534 14.862231
v 2.662014 -4.651950 15.121523
v 1.457897 -1.643257 0.115555
v 1.972057 -2.698210 -0.338125
v 1.555840 10.083225 21.257133
v 2.839075 8.984852 21.124479
v 3.013556 10.590227 20.265242
v 2.247786 10.733595 20.655603
v 7.458516 -3.435319 12.409255
v 6.815145 -3.075529 11.565530
v 7.610503 -2.308393 11.811840
v 7.935262 -2.983341 12.539692
v 8.012790 -3.299632 13.310284
v 6.974216 -3.807062 13.401463
v -7.896338 -2.046353 26.635132
v -8.056875 -2.622109 26.674706
v -6.679535 -3.297979 25.505835
v -6.561892 -2.915239 25.169296
v -1.434332 1.975155 6.747270
v -2.407055 0.327007 6.925829
v 0.426550 8.240362 4.897089
v 0.472998 8.980368 5.303597
v -0.297600 4.873755 7.411803
v 0.228252 -3.910498 1.369905
v -1.658293 -2.924807 3.199823
v -3.555473 -2.501320 6.630446
v -1.183853 13.418016 5.052220
v -1.916452 14.007088 5.728150
v -1.701694 12.666697 7.214563
v -0.966312 11.888645 6.614616
v -1.674585 15.503929 2.860749
v -0.229307 9.874083 6.892903
v 0.189157 10.777849 5.572702
v -0.143604 12.186020 4.948060
v -0.886492 15.840860 0.764891
v -0.664669 14.712473 2.300377
v -1.858734 11.185362 9.583327
v -1.188587 10.239717 9.090073
v 1.377811 14.592213 1.468682
v 0.611336 14.916838 0.910208
v 0.313343 14.303091 2.317473
v 1.079710 14.351980 2.697704
v 1.263752 14.448931 0.424868
v 1.103888 14.389841 -0.470462
v 0.484762 15.240976 -0.382449
v -4.486538 -2.867191 10.632207
v -4.449362 -3.355527 12.778087
v -4.441788 -4.519489 12.271852
v -4.546846 -4.483452 10.462829
v -4.169302 -3.673162 13.241582
v -4.171949 -4.630741 12.798033
v -5.099150 -2.321128 13.337510
v -4.783842 -2.945592 13.766497
v -4.444796 -3.337666 14.070429
v 3.948428 -3.180304 11.167569
v 4.961124 -3.394761 11.213160
v 2.238457 -3.123404 12.302878
v 2.908852 -2.754813 11.025101
v 5.250077 -4.565961 17.140133
v 4.314373 -4.818467 16.768766
v 4.609286 -4.458177 16.329016
v 4.884074 -4.266104 16.041231
v 5.414561 -3.992141 15.263675
v 6.078788 -4.089560 15.669550
v 5.568782 -4.430350 16.931179
v -1.707865 13.603563 -15.669870
v 0.780172 11.116270 -15.186432
v -4.058792 16.199198 -15.188330
v -5.390913 11.007925 -21.704803
v -3.143623 10.443323 -20.278542
v -5.037329 8.709303 -23.092754
v -3.001137 8.023642 -21.999552
v -8.533508 15.964457 -19.446218
v -0.331568 8.758022 -18.717730
v -0.582518 6.624510 -20.560316
v -1.793390 -1.212305 2.676492
v 1.089844 9.896818 3.870054
v 1.097710 10.323198 4.316454
v 1.475677 10.923803 2.074961
v 2.224966 11.589056 2.583729
v 2.009050 11.226679 3.335642
v 1.111416 10.538649 1.636794
v 1.886383 11.289339 3.775393
v 1.749327 11.519522 4.108451
v -1.854565 -0.111616 2.561884
v 2.536188 -4.500983 -16.356247
v 2.197878 -6.301394 -14.807148
v 2.073059 -5.168769 -17.139187
v 1.553457 -7.337968 -15.388737
v 3.251089 7.884806 -2.336789
v 3.807796 7.870829 -2.592281
v 7.699912 -6.260071 25.239899
v 5.135756 -3.894122 14.894525
v 6.027412 -3.905300 14.504797
v 4.860837 -3.860782 14.522527
v 5.848371 -3.896441 13.992229
v 3.631581 -1.533433 -14.348406
v 3.712215 -3.266464 -12.514684
v 3.290028 -4.883593 -10.317518
v 1.902214 -7.948870 -10.856993
v 6.177851 7.147591 -3.769065
v 6.209911 7.504618 -3.398965
v 6.278894 7.952147 -3.425242
v 5.136423 7.914305 -2.896212
v 6.484301 7.714521 -4.125550
v 9.173958 -2.896794 22.935720
v 9.264348 -2.620584 22.047672
v -8.471079 -2.059146 27.352219
v -8.683853 -2.314446 27.520012
v 2.078094 14.077539 1.345526
v 2.410620 13.351526 1.447470
v 5.587117 10.359240 18.036730
v 4.775054 12.148256 16.267597
v 6.307580 9.818796 17.439314
v 5.712543 11.764751 15.669549
v 2.872557 12.905142 16.314770
v 3.203089 13.138983 15.500804
v 5.039646 12.915226 14.077077
v 4.220626 13.207451 14.470604
v 6.397541 8.540346 -4.626088
v 1.466867 -3.323843 25.053425
v 1.151854 -4.199377 25.423523
v 1.760559 -4.580243 25.650206
v 1.085501 -2.134803 24.578531
v 7.367561 -5.914660 26.184299
v -5.519831 11.888647 20.054390
v -5.695303 10.757730 19.341734
v -6.853487 11.663198 20.748365
v -3.891193 9.791681 18.766481
v -2.681215 10.690737 19.437346
v -12.318735 -0.530784 -28.324486
v -15.109756 0.838793 -28.256104
v -14.010139 2.803778 -28.125034
v -11.226910 1.456366 -28.162706
v -9.425741 0.606377 -27.909431
v -7.706478 -0.202720 -27.481710
v -8.754627 -2.279717 -27.692879
v -10.497433 -1.424510 -28.098438
v -12.447500 -0.467597 27.208168
v -12.083479 0.008307 27.096409
v -12.721470 0.328074 26.954893
v -12.968346 -0.206725 26.971674
v -11.580063 -0.224263 27.247742
v 4.241143 -8.916039 22.612476
v 3.578921 -8.570980 21.023169
v -1.205524 -6.222865 -2.267771
v 0.707104 -4.139832 -1.525356
v 0.025328 -4.797659 -0.476794
v -1.106010 -6.236431 -0.234915
v -1.080862 -6.250535 1.074522
v 0.324003 -4.715698 0.462544
v -0.198162 -5.039591 25.825916
v -0.025763 -5.238097 26.310940
v 0.804750 -4.077366 25.039810
v -0.952103 -6.390598 -4.310126
v 0.301720 -7.002685 -7.366216
v 1.753273 -3.544438 -0.990311
v 3.490382 -3.118464 -9.402872
v 4.010231 -1.616262 -11.526275
v 4.312879 0.562063 -10.205124
v 4.536187 2.072948 -12.091080
v 4.638438 2.623350 -8.737073
v 5.075571 4.059637 -10.404579
v 4.885772 5.411409 -12.174977
v 3.227552 5.003855 -15.998812
v 2.392076 6.081057 -16.868181
v 3.560527 1.900000 -15.730975
v 2.666346 3.406630 -17.399744
v 1.821505 4.387215 -18.401455
v 3.511083 8.240721 -13.833935
v 2.534718 9.356379 -14.428504
v 3.445437 10.604353 -11.794114
v -0.244635 14.436535 -12.755612
v 4.021047 11.531515 -9.380711
v 0.866978 15.061884 -9.949315
v -2.264423 16.600950 -12.438069
v -0.822029 16.958185 -9.562754
v 1.534290 15.271879 -8.085204
v 1.950905 15.169363 -6.650396
v 0.102890 16.894712 -7.513751
v 2.116776 14.514191 -5.137072
v 3.111740 13.335100 -5.617030
v 1.886177 13.083412 -3.828585
v 2.640474 12.448076 -4.207549
v 1.227455 11.588699 -2.212684
v 1.576759 11.246256 -2.784771
v 1.059505 10.757025 -0.458115
v 1.201088 10.022083 -1.262899
v 1.229589 11.414850 0.394792
v 0.866936 9.487085 0.343187
v 1.740665 11.955427 1.216672
v 1.437080 11.710480 0.836442
v 2.436447 12.410303 1.854928
v 3.516995 12.818495 4.106551
v 3.092768 12.309710 3.367618
v 3.279675 13.050619 2.804396
v 3.686025 13.541723 3.653820
v 3.031673 13.911488 2.547954
v 3.289600 14.298391 3.442968
v 3.297210 14.623686 4.419664
v 3.517448 14.349512 5.608478
v 3.689042 13.974016 4.595690
v 2.718954 15.060143 4.287326
v 2.701828 14.795942 3.385348
v 2.548565 14.521664 2.530541
v 2.113113 15.211077 4.261049
v 2.066811 15.422121 5.251358
v 2.099918 14.985153 3.444235
v 1.973618 14.778757 2.734745
v 1.657631 14.869984 4.458921
v 1.681866 15.071800 5.368182
v 1.587616 14.668413 3.757663
v 1.447578 14.518126 3.223885
v 1.542433 14.406694 4.720745
v 1.635994 14.639029 5.523314
v 1.409649 14.174913 4.144542
v 1.453400 13.795496 4.407316
v 1.608494 14.074163 4.905953
v 1.724115 14.345751 5.637287
v 0.944120 13.772446 3.412891
v 0.976683 13.264509 3.875120
v 1.277218 13.570906 4.099902
v 1.246967 14.002943 3.755447
v 1.884018 13.635323 5.115222
v 1.971581 13.969700 5.788620
v 1.752026 13.279375 4.661225
v 1.567778 12.965639 4.389587
v 1.238777 12.484892 4.256933
v 0.490311 12.787985 3.995426
v 0.752308 11.722055 4.539969
v 1.935291 12.514456 4.462087
v 2.189226 12.316847 4.371542
v 2.410891 12.798071 4.754305
v 2.132252 12.931627 4.777732
v 1.561056 11.833731 4.298408
v 1.004627 10.806171 4.589358
v 2.246311 13.355978 5.261490
v 2.306227 13.732489 5.929822
v 2.518993 13.265547 5.292199
v 2.561592 13.666426 5.984910
v 2.811569 13.199211 5.239012
v 3.120642 13.185789 5.128837
v 3.079201 13.669165 5.904178
v 2.818031 13.643564 5.966863
v 2.720718 12.682009 4.642863
v 3.050680 12.635059 4.462087
v 2.453732 12.160955 4.180634
v 2.722383 12.100365 3.901398
v 3.561761 13.347380 4.907853
v 3.445318 13.830881 5.781022
v 3.384914 14.202246 6.735556
v 3.074036 14.001434 6.791277
v 3.153580 14.139082 7.778419
v 3.421003 14.392254 7.768289
v 3.399645 14.671461 6.670654
v 3.376459 14.841887 7.796465
v 3.488479 14.763994 8.999843
v 3.738131 14.488787 10.264956
v 3.905108 14.065830 10.054421
v 3.594324 14.330832 8.877320
v 3.095615 15.114061 9.137562
v 3.294394 14.791876 10.480557
v 3.012081 15.247801 7.838573
v 3.062420 15.142693 6.618416
v 2.611874 15.372244 9.246470
v 2.771759 15.007425 10.641071
v 2.534298 15.557722 7.857885
v 2.572411 15.499521 6.522487
v 2.076832 15.387934 9.293643
v 2.212233 15.004801 10.729401
v 2.002863 15.603025 7.859784
v 2.014912 15.583712 6.481647
v 1.784973 15.013800 9.244887
v 1.918720 14.623018 10.658800
v 1.706306 15.232258 7.847754
v 1.685024 15.221893 6.526603
v 1.838009 14.639700 9.175553
v 2.007687 14.256681 10.542294
v 1.730165 14.841795 7.838889
v 1.849522 14.600550 7.836040
v 1.987490 14.418940 9.126798
v 2.196264 14.050234 10.458396
v 1.680439 14.812944 6.592138
v 1.783047 14.548531 6.643426
v 2.279228 14.164694 9.055247
v 2.537647 13.821707 10.334608
v 2.103546 14.309797 7.832874
v 2.022686 14.219694 6.719092
v 2.621357 13.985170 8.980214
v 2.914474 13.659716 10.204487
v 2.424053 14.110556 7.828442
v 2.667461 14.052477 7.819577
v 2.871405 13.930532 8.929559
v 3.181019 13.612150 10.118690
v 2.342434 14.005310 6.798558
v 2.587673 13.946684 6.832751
v 3.129570 13.945620 8.882386
v 3.456539 13.633879 10.042707
v 2.916000 14.060999 7.799315
v 3.366153 14.039003 8.853893
v 3.701558 13.740057 10.001232
v 2.832619 13.945688 6.823886
v 3.576256 13.128317 11.343279
v 3.881024 13.160738 11.249566
v 4.148565 13.282661 11.204294
v 4.353005 13.644674 11.293257
v 5.087566 12.052032 13.494226
v 5.343945 12.458036 13.647774
v 5.979422 11.236345 15.138935
v 5.602317 10.863840 14.958160
v 4.127267 14.067198 11.575343
v 6.348397 9.248621 16.852982
v 5.779502 9.000557 16.627565
v 6.073749 7.686399 17.936686
v 5.175872 7.539820 17.571018
v 6.247955 8.152826 18.530302
v 5.805968 6.549292 19.229975
v 5.623075 6.205973 18.526184
v 5.740091 8.755754 19.103655
v 5.437339 7.057095 19.836256
v 5.094507 9.165648 19.440512
v 4.946280 7.472979 20.158867
v 4.284005 9.609566 19.844170
v 4.265125 5.268442 20.709740
v 4.748996 4.977400 20.306715
v 2.031343 6.702772 21.916918
v 1.044243 7.412851 22.430433
v -0.324150 5.832258 23.176016
v 0.231096 7.796000 22.570053
v 0.249846 9.758863 21.612036
v -1.052088 6.080137 23.056660
v -0.490320 7.928534 22.290815
v -0.398779 9.724136 21.280878
v -0.724686 10.495218 20.719555
v -0.132307 10.724350 21.005123
v -1.080084 7.688948 21.571829
v -1.632513 6.184395 22.322792
v -2.206177 5.053501 22.941734
v -3.353889 3.553289 23.545479
v -4.272335 3.944025 21.439808
v -5.871967 3.502787 20.501421
v -6.520079 3.438183 20.302599
v -5.237837 4.307070 19.821375
v -7.086433 1.972910 23.706312
v -7.198038 3.363192 20.219019
v -7.781422 3.272470 20.392511
v -8.261408 3.180384 20.650537
v -8.851477 3.661076 20.358004
v -9.317587 2.921753 22.125237
v -8.520092 2.592131 22.192987
v -9.612566 4.141756 20.486858
v -10.037739 3.377409 22.195837
v -10.232044 4.867163 20.610014
v -10.033932 4.350285 20.779076
v -10.665808 5.730318 20.645472
v -11.188700 5.011805 22.675795
v -10.911161 7.039171 20.797121
v -11.055649 6.325056 21.139990
v -11.434681 5.810669 23.002838
v -6.531599 7.274763 17.489971
v -7.195044 7.860228 17.495985
v -7.728882 8.962923 18.776928
v -5.941565 6.096882 17.841391
v -5.160559 8.770828 18.210857
v -4.539171 7.904125 18.341927
v -4.516890 8.562536 18.307419
v -3.376556 9.303217 18.824417
v -4.239193 6.812859 18.701263
v -3.850664 5.896435 19.290762
v -4.428301 5.282722 19.375294
v -6.167728 9.345814 18.367887
v -8.682467 11.596878 24.533575
v -6.977861 12.755051 22.764126
v -5.962730 13.049341 21.567396
v -5.793055 13.667517 21.900137
v -6.916824 13.341545 23.126627
v -5.119766 13.111427 20.709740
v -4.908621 13.735704 21.071609
v -4.052233 13.522478 20.698977
v -4.898911 14.540995 21.039949
v -3.860121 14.262598 20.540997
v -2.351244 12.635244 20.483692
v -1.013405 11.712851 20.552393
v -1.620615 11.340765 20.250996
v -1.126356 10.927896 20.440952
v -0.529079 11.245962 20.729368
v -2.119255 10.215376 19.568417
v -3.827450 14.972334 19.857147
v -5.073242 15.399567 20.505854
v -5.355068 15.917673 19.697588
v -4.537237 13.773169 17.336105
v -3.399572 12.201368 16.926430
v -2.661226 11.126690 16.664606
v -2.144506 10.129374 16.458187
v -1.793564 9.073755 16.279627
v -0.651009 9.139063 17.058767
v -0.315071 7.685606 16.921366
v -1.516417 7.741190 16.003557
v -0.186226 5.696512 16.458820
v -1.399775 5.806402 15.406459
v -0.673717 4.327257 15.723686
v -1.476175 4.488626 14.833738
v -0.252958 3.973726 15.742999
v -1.536421 3.758564 14.430079
v -0.594929 2.934034 15.030026
v -0.649626 2.392038 14.649481
v 0.365091 1.751284 14.367393
v 1.680647 1.859360 14.633650
v 3.134970 3.311739 16.290075
v 3.070356 1.914474 14.952778
v 3.051462 4.353209 16.910284
v -0.944736 1.903479 13.507839
v -0.430984 2.556648 11.070690
v -0.930971 2.277946 12.333588
v -1.519207 3.540640 12.825260
v -0.995010 3.936888 11.350877
v -1.598085 4.166168 13.215938
v -1.538061 3.143629 14.036235
v -1.653255 4.882334 13.615798
v -1.225714 5.328127 12.201251
v -1.484180 6.528452 12.832858
v -1.761034 6.120859 14.223977
v -1.995508 8.188583 13.542980
v -2.039968 7.904646 14.928400
v -2.463671 9.429386 13.946957
v -2.358335 9.166807 15.285520
v -1.549423 9.010029 11.304654
v -0.876856 7.416067 10.744281
v -0.568863 6.194616 10.238679
v -0.476362 5.415697 9.829954
v 0.070065 8.598322 6.831168
v -2.188124 10.133146 11.772899
v -2.977337 11.286745 12.293696
v -3.023573 10.575903 14.342065
v -2.750605 10.220133 15.572355
v -3.289122 11.214039 15.873118
v -4.015833 12.208246 16.209345
v -3.666157 11.626516 14.746358
v -4.435888 12.602690 15.178826
v -5.120108 13.557709 16.736473
v -5.623461 13.821989 15.886732
v -5.939985 14.481256 14.544054
v -7.030685 15.224539 15.366568
v -4.661621 13.347185 13.553111
v -4.866415 15.422211 9.844834
v -3.802454 12.376497 12.882245
v -5.152411 16.370138 8.543312
v -3.601540 16.818380 4.609936
v -5.823475 17.974295 6.686799
v -4.441753 18.795774 2.651797
v -4.248478 19.855185 -0.618629
v -5.457344 20.480474 0.564803
v -4.238256 20.553717 -3.970420
v -5.731709 21.442793 -6.238506
v -6.968967 22.228018 -5.016767
v -5.451748 21.265211 -2.828146
v -2.747627 19.476301 -5.321648
v -4.126991 20.178205 -7.665400
v -6.268896 20.624090 -10.599921
v -8.114857 22.171049 -9.096409
v -2.514057 18.650728 -8.777598
v -4.286346 18.725157 -11.720665
v -6.353506 18.661451 -14.351569
v -8.643709 20.827375 -13.188082
v -11.323877 20.831018 -15.542915
v -10.943504 18.410986 -18.472374
v -13.484268 20.660009 -17.211372
v -13.899635 17.845785 -20.606539
v -16.521614 20.030630 -19.233147
v -11.475397 15.520283 -21.604128
v -14.016331 14.621918 -23.233324
v -16.554161 16.894896 -22.167353
v -17.235008 12.941023 -24.946741
v -19.948509 15.157022 -23.720247
v -19.326691 11.443100 -25.702133
v -22.160744 13.547216 -24.356287
v -16.328983 9.282305 -26.520849
v -18.015774 7.613558 -27.105913
v -21.246326 9.690771 -26.212166
v -19.462765 5.690311 -27.386101
v -22.836334 7.598248 -26.445183
v -12.781174 4.652042 -27.727709
v -11.516895 6.409977 -26.953630
v -10.072517 3.374727 -27.677683
v -8.987923 5.269501 -26.783936
v -8.327539 2.610144 -27.368052
v -6.662321 1.889284 -26.894430
v -5.789711 4.056299 -25.875942
v -5.190733 6.322672 -24.586765
v -3.151499 5.558992 -23.599310
v -3.630342 3.165253 -24.925524
v -0.850655 4.343904 -22.153734
v -1.296015 2.015549 -23.454626
v 0.482401 3.279623 -20.781610
v -0.039442 1.131624 -21.981190
v 0.936647 5.325724 -19.337622
v 2.123360 1.656931 -18.570517
v 1.580666 -0.204352 -19.564621
v 2.102808 -3.006057 -18.433109
v 1.372597 -4.823989 -18.900721
v 0.224350 -4.163554 -20.958904
v 0.448990 -6.795998 -19.022928
v -0.692425 -6.235897 -21.198883
v -2.422478 -5.386948 -23.750956
v -1.432449 -3.247224 -23.566069
v -3.868298 -4.677473 -25.273777
v -2.814363 -2.527493 -25.106619
v -6.407827 -3.431309 -26.819393
v -5.370478 -1.313041 -26.604744
v -4.386532 0.866697 -25.986752
v -1.922544 -0.299726 -24.513321
v -0.635893 -1.061933 -22.979101
v -20.681614 3.572941 -27.469366
v -24.151657 5.275717 -26.508183
v -27.352253 6.846272 -25.057865
v -25.932590 9.341188 -24.989794
v -30.294498 8.290054 -23.189320
v -28.801819 10.902191 -23.130436
v -33.040897 9.637730 -20.901604
v -31.573975 12.288607 -20.853483
v -33.538883 13.224588 -18.815876
v -35.135063 14.007845 -16.385376
v -36.437931 14.645761 -13.766503
v -38.827900 12.477455 -11.019726
v -37.424011 15.093315 -10.992182
v -40.180519 13.141195 -4.184124
v -40.421520 13.259455 -0.045911
v -40.127655 13.115253 5.312459
v -39.582512 12.847748 8.647154
v -38.523800 12.328230 11.859009
v -37.214939 11.685963 14.789729
v -35.694656 10.939949 17.366180
v -34.004673 10.110662 19.729244
v -32.083363 9.167862 21.844099
v -30.046345 8.168282 23.683195
v -28.626419 7.471514 24.700102
v -26.393288 6.375700 25.906010
v -23.067745 7.128859 26.760500
v -24.048744 5.225216 26.810841
v -19.635136 5.377094 27.490252
v -18.026726 2.270168 27.727066
v -17.260143 4.241293 27.789120
v -16.626091 6.292263 27.791018
v -15.348743 5.806522 27.969261
v -14.849125 7.902651 27.778353
v -18.779133 7.320562 27.363297
v -14.360542 5.534258 27.878710
v -14.045101 7.551136 27.736563
v -13.996647 9.839031 27.265469
v -13.292534 9.386665 27.274967
v -13.195240 7.162315 27.342087
v -12.630823 8.865879 27.058102
v -11.469465 11.650827 26.211842
v -12.101517 12.124262 26.036131
v -10.945116 11.147722 26.233686
v -10.383726 10.319630 25.972815
v -9.535254 13.134684 25.153149
v -8.767397 12.110058 24.997387
v -10.164152 9.922703 25.441254
v -7.816782 12.833454 24.098574
v -8.510246 13.887522 24.237556
v -11.874374 6.523678 25.930075
v -12.256601 6.718645 26.570862
v -12.439447 5.267960 26.436943
v -12.015368 5.228785 25.742968
v -12.299393 3.991028 26.211843
v -11.848562 4.106941 25.484310
v -13.415737 5.383442 27.393059
v -13.258461 3.739054 27.197720
v -11.908751 2.950842 25.946537
v -12.621601 1.804314 26.675657
v -11.571798 2.459641 25.744549
v -12.322025 1.392111 26.502794
v -11.192015 2.093775 25.578020
v -13.584831 1.007057 27.099577
v -13.237354 0.663744 26.949827
v -13.650280 0.122616 27.007130
v -14.111286 0.348835 27.108442
v -10.729727 2.437880 24.894493
v -11.130533 2.757284 25.041706
v -11.474079 3.179777 25.213936
v -11.629305 4.323797 24.617472
v -8.773928 2.015959 23.858908
v -7.084270 1.796928 24.342350
v -5.974327 2.022125 24.125483
v -4.842249 2.452639 23.931093
v -7.117243 1.433649 24.897659
v -10.531181 13.836752 24.821671
v -9.520304 14.606749 23.927294
v -10.826792 15.121599 23.689215
v -15.787060 17.183233 22.452593
v -16.535614 16.537367 23.140554
v -15.102821 17.707251 21.813072
v -17.733353 18.175680 21.593355
v -18.560436 17.552473 22.299679
v -13.150341 18.396776 19.788128
v -10.905973 17.308844 20.731268
v -9.067408 16.699003 21.065275
v -8.832273 16.720453 20.059450
v -10.287607 17.226526 19.661177
v -8.003124 16.497671 20.023361
v -7.212904 16.302809 19.748240
v -7.062563 16.287222 20.634392
v -8.443441 16.303949 19.165388
v -8.642570 16.082155 18.065853
v -8.094698 15.901476 18.633509
v -9.411802 16.626078 17.001463
v -10.606825 17.293951 17.675493
v -8.595655 16.187853 16.522137
v -11.180199 17.967463 16.610151
v -11.687449 18.831762 15.283303
v -9.023670 19.394773 10.067717
v -9.985817 19.725843 10.899096
v -6.484823 17.210165 9.901188
v -8.750826 20.401381 7.446310
v -9.762768 21.841307 5.793368
v -11.902328 24.118811 1.370536
v -10.239105 23.039572 2.872463
v -7.913044 22.391172 -0.299819
v -9.471657 23.453634 -2.308614
v -11.927181 24.470617 -4.640652
v -9.398888 23.095953 -7.755947
v -12.245464 23.694017 -10.161119
v -13.544449 24.530340 -8.479683
v -10.803867 22.620207 -11.614606
v -13.689930 22.740396 -13.876045
v -15.314499 23.930094 -12.315865
v -15.970688 22.590010 -15.442555
v -17.692707 23.827528 -13.794683
v -17.523643 22.327238 -16.430965
v -19.286301 23.579756 -14.724206
v -19.123524 21.937254 -17.339277
v -20.910908 23.180391 -15.576159
v -22.058167 20.862497 -18.618319
v -23.885593 22.010321 -16.769089
v -19.312675 19.033537 -20.654976
v -22.822487 17.183401 -22.052425
v -25.745964 18.828505 -19.899263
v -25.013924 15.407513 -22.605520
v -27.922447 16.927145 -20.419113
v -27.046135 13.317211 -22.961374
v -29.885960 14.752701 -20.726526
v -24.213310 11.623133 -24.781792
v -31.902077 15.686304 -18.702217
v -29.932430 17.873251 -18.427732
v -27.690071 19.825518 -17.957903
v -31.562286 18.706533 -16.088095
v -29.292435 20.656595 -15.736990
v -25.506943 22.903265 -14.666269
v -30.647991 21.317194 -13.271348
v -26.951763 23.555117 -12.337077
v -31.754379 21.720804 -10.555600
v -28.188007 23.901136 -9.762843
v -22.534924 24.149054 -13.536338
v -25.288990 25.116800 -8.839970
v -24.012684 24.812838 -11.287880
v -29.542984 24.006720 -6.128017
v -26.663342 25.184988 -5.441005
v -22.316750 25.251959 -10.572376
v -20.860825 24.571737 -12.735986
v -23.580357 25.562391 -8.228623
v -21.847836 25.843908 -7.564724
v -20.609699 25.511068 -9.795138
v -19.198273 24.818472 -11.865036
v -23.158653 25.956034 -4.430751
v -20.569412 26.107038 -3.515474
v -19.240932 25.924536 -6.430997
v -22.277794 25.894785 1.734303
v -17.364479 25.738329 -2.060720
v -19.207462 25.538527 2.729361
v -22.646793 25.727079 3.244461
v -13.395382 24.062212 4.183483
v -11.773064 23.154692 5.364065
v -11.111330 23.144194 4.327217
v -12.509844 23.124430 6.418326
v -11.363802 22.063398 7.727446
v -16.819901 23.269106 10.425785
v -16.122452 22.609823 11.723824
v -11.519520 21.106524 10.128186
v -10.543976 20.883139 9.244253
v -18.058868 22.443876 14.242970
v -17.195839 21.639860 15.560955
v -18.823662 23.134794 12.848686
v -12.561825 20.493013 12.823042
v -10.973457 20.053198 11.696281
v -13.693417 19.584055 16.463884
v -15.569107 20.174383 17.675177
v -12.931213 18.801661 17.654282
v -17.321369 20.135660 18.914328
v -18.644852 19.664351 19.860949
v -21.194939 21.248255 17.643200
v -20.669563 22.547438 15.306728
v -22.564651 22.137270 16.069090
v -21.645920 23.277987 13.640806
v -23.705292 22.930449 14.206244
v -22.403767 23.893904 11.794742
v -24.585300 23.599966 12.124000
v -19.467121 23.749594 11.298004
v -23.106678 24.930037 7.679323
v -25.435310 24.726622 7.534639
v -28.473289 23.895479 7.560916
v -28.347809 24.669348 2.327285
v -25.053558 25.516859 2.729361
v -31.116009 23.398306 2.263016
v -30.663586 23.749723 -1.462040
v -33.664108 21.811899 -3.763369
v -34.005508 21.680372 -1.752991
v -34.238670 21.503489 0.273850
v -32.961929 21.901808 -6.731764
v -34.989994 19.991796 -6.901142
v -35.587353 19.956602 -3.924200
v -33.921974 19.780870 -10.734473
v -35.831760 17.569838 -10.882326
v -36.811134 17.832132 -7.024930
v -34.843483 17.153303 -13.669308
v -33.531040 16.500460 -16.292614
v -32.893364 19.373812 -13.507528
v -37.317661 17.859217 -4.035007
v -37.690620 17.745295 0.069329
v -36.069092 19.733835 0.174439
v -37.576073 17.236979 5.373878
v -36.040745 19.123224 5.384642
v -34.291355 20.877981 5.309926
v -34.354816 21.282591 2.312405
v -35.661449 18.654272 8.433452
v -33.955166 20.418898 8.205820
v -30.982323 22.616461 7.793613
v -33.181190 19.915670 11.002303
v -27.321144 22.713316 12.644482
v -29.522259 21.440126 13.122856
v -28.328773 20.675680 15.604328
v -26.262703 21.968229 15.001847
v -25.978863 23.223707 12.375376
v -25.009445 22.512785 14.607371
v -30.790188 18.574522 16.293556
v -29.283176 17.692900 18.668652
v -26.924210 19.783670 17.868933
v -32.118267 19.325674 13.725654
v -24.945702 21.084627 17.121769
v -25.262779 18.832266 19.803011
v -23.377319 20.153494 18.882669
v -23.439407 17.866644 21.471466
v -25.554874 15.700115 22.545990
v -24.164967 14.991629 23.555927
v -22.139771 17.204924 22.404787
v -27.511009 16.717138 20.741400
v -21.673752 19.211744 20.395361
v -20.467552 18.567305 21.249216
v -20.098423 16.158785 23.529964
v -17.981899 15.104321 24.387623
v -19.854546 12.748457 25.648935
v -22.025402 13.869080 24.758989
v -20.984261 10.906155 26.203611
v -26.511284 11.411016 24.390472
v -24.302376 10.236456 25.641338
v -27.942810 12.138868 23.366920
v -29.975285 13.157026 21.552832
v -28.794182 15.003386 21.202677
v -31.846447 14.115068 19.468050
v -30.624420 15.976614 19.116949
v -33.471115 14.994122 17.072697
v -32.202045 16.856562 16.714626
v -34.947208 15.721624 14.481049
v -36.201149 16.291803 11.634543
v -33.610397 17.589968 14.125196
v -34.778202 18.157377 11.346126
v -37.160957 16.799463 8.582568
v -22.049942 9.021849 26.584473
v -12.018978 18.082121 18.669285
v -9.598516 20.648779 8.340692
v -14.472282 25.080145 -0.412527
v -15.992531 25.536608 -4.744179
v -14.806343 25.162603 -6.670343
v -16.719864 24.869398 -10.474864
v -18.043976 25.552298 -8.512609
v -0.446587 4.686602 9.399070
v -0.417850 3.966127 8.970400
v 4.400746 3.697805 20.373201
v 3.688951 3.054356 20.902863
v 4.348893 2.998537 20.381744
v 4.399915 2.384562 20.460264
v 3.738637 2.374384 21.023804
v 2.838190 2.344736 21.635149
v 3.167786 1.630739 21.812124
v 3.957996 1.762087 21.217558
v 4.353306 1.176304 21.494896
v 3.682413 0.970533 22.084080
v 4.926299 -0.017548 22.716320
v 5.447090 0.284801 22.134102
v 6.721227 -2.180947 24.463924
v 7.490832 -1.503798 23.766781
v 6.753279 -3.552293 25.706875
v 7.699509 -2.660292 24.662428
v 5.511313 -5.119457 26.505960
v 4.581642 -6.542576 26.925131
v 3.227713 -5.736423 26.314104
v 2.281607 -5.013311 25.858841
v 5.496593 -6.956987 27.099892
v 6.388036 -5.476671 26.634182
v 3.527058 -8.586085 26.992567
v 1.896172 -7.818948 26.376156
v 5.082160 -9.368935 27.068550
v 6.101221 -7.151412 27.004282
v 5.575408 -9.625080 26.806725
v 6.631376 -7.330805 26.688320
v 6.090953 -9.873831 26.038349
v 7.111790 -7.613098 25.763863
v 6.116748 -9.878730 25.105978
v 7.093805 -7.651176 24.701370
v 5.751065 -9.697523 24.553520
v 6.699859 -7.455749 24.091925
v 6.341091 -7.305089 23.715176
v 5.085194 -9.359138 23.807940
v 5.975463 -7.208548 23.365023
v 6.927795 -5.691105 26.518307
v 7.936268 -4.198741 25.519453
v 7.544712 -3.907857 25.720488
v 8.309420 -2.044080 23.892153
v 8.675489 -1.599860 23.344761
v 7.872317 -1.053390 23.224138
v 8.944626 -1.292869 22.576385
v 8.156305 -0.787189 22.475391
v 9.103607 -2.044106 23.253897
v 9.355175 -1.738368 22.469692
v 9.610988 -1.426952 21.089022
v 9.247570 -0.962264 21.254601
v 9.433905 -2.116258 22.298098
v 9.650730 -1.805108 20.890200
v 9.236668 -2.403163 23.079138
v 9.569193 -0.458499 19.683023
v 9.598501 -0.265871 17.971195
v 9.071937 0.301800 18.090235
v 8.903171 0.073568 19.864433
v 8.509099 -0.477164 21.277395
v 6.581534 1.435339 19.121067
v 8.500834 0.610607 18.128859
v 5.651749 1.453590 19.948647
v 6.125572 1.612181 19.311024
v 5.330006 1.933449 19.799530
v 5.500295 2.471624 18.831066
v 5.271788 2.961098 18.787376
v 5.118852 2.430983 19.710567
v 5.004835 2.970427 19.669092
v 4.975211 3.577780 19.667511
v 5.130050 3.508854 18.787693
v 5.172416 4.513594 18.784527
v 5.185682 4.691525 19.623819
v 4.804702 6.105722 17.964863
v 8.240849 0.031107 15.058205
v 8.714869 -0.328809 15.016730
v 9.098480 -0.960693 15.080366
v 8.299024 -1.296987 12.939235
v 8.023391 -1.698477 12.312694
v 7.046372 -1.578758 11.659875
v 6.358893 -2.329357 11.417363
v 6.078654 -0.564678 11.859013
v 7.480491 -0.955631 12.132551
v 6.415085 -0.186673 12.268687
v 7.760629 -0.550003 12.844572
v 5.274493 0.186821 11.828619
v 4.650781 0.570112 11.681086
v 3.925200 0.899004 11.481314
v 2.683372 0.289240 11.554764
v 1.508276 0.595381 11.032700
v 1.966923 1.349649 10.915559
v 3.127661 1.161644 11.268879
v 3.446814 0.003836 11.736174
v 2.255701 -0.860394 11.285342
v 3.299827 -1.454925 11.385386
v 1.071722 -0.404249 10.771825
v 3.676762 -1.266777 11.712429
v 4.097874 -0.344561 11.829569
v 0.926851 -1.062456 10.131987
v 3.206867 -2.068426 10.870919
v 0.502380 -1.616260 10.225382
v 4.164759 -2.456301 11.023202
v 5.005969 -2.611296 11.150474
v -0.098198 -1.851244 11.354993
v -1.327852 -1.327191 11.045679
v -0.693506 -1.158501 9.817608
v 1.156246 -2.508775 11.831152
v -0.626390 -1.861839 13.419191
v -1.868517 -1.394793 13.307434
v 0.552338 -2.467403 13.738319
v 1.378490 -3.031854 14.191999
v -1.218880 -1.830304 16.870394
v 0.794199 -4.423787 21.012722
v 0.578287 -3.291251 20.986444
v 0.525278 -5.180172 17.658081
v -0.002768 -4.982772 20.982328
v 1.682375 -4.976000 15.528665
v 1.200039 -5.364576 15.557792
v -0.695827 -5.343060 17.659348
v -1.133280 -5.430276 15.503020
v -0.981014 -5.625955 14.863815
v -2.515083 -4.799471 15.138935
v -3.266733 -4.366446 14.830256
v -2.339510 -4.987897 14.519677
v -3.067656 -4.579456 14.190418
v -2.370628 -5.466702 14.096705
v -3.084272 -5.122152 13.773145
v -3.924652 -3.845056 14.449392
v -3.692987 -4.111083 13.738636
v -3.702023 -4.837357 13.319465
v -1.032217 -6.126289 14.459523
v -4.339098 -1.206932 13.068088
v -3.789747 -1.275487 10.671781
v -2.648006 -1.080353 10.833878
v -3.142323 -1.023994 8.243181
v -2.054398 -0.847945 9.279080
v -1.412598 -0.955872 9.550402
v -2.031469 -1.150492 10.921258
v -1.720467 0.360033 7.956346
v -1.184288 0.287008 8.712691
v -1.521551 -0.434076 8.787408
v -2.666557 -0.572593 7.679326
v -0.887177 -0.536948 9.220194
v -0.197485 -0.705404 9.606440
v -0.630947 0.152662 9.397169
v -0.020725 -0.034632 10.010098
v -0.876024 1.594334 7.904108
v -0.420216 1.307188 8.749100
v -0.001480 1.051634 9.534572
v 0.481668 0.838177 10.231081
v 1.038776 1.428812 10.426737
v -0.595585 3.556446 7.079695
v -0.334990 2.861496 8.395463
v 0.137486 2.315079 9.595675
v -2.827221 -1.278770 20.960800
v -3.576698 -1.119417 20.983912
v -1.455374 -1.789723 20.948137
v -1.286596 -1.691630 23.306768
v -1.166813 -5.033655 20.818649
v -4.291376 -3.745154 20.683464
v -4.816023 -3.439392 20.678398
v -5.198408 -3.157240 20.663834
v -5.499290 -2.872059 20.649588
v -5.823719 -2.299191 20.654654
v -2.660213 -1.344501 23.499575
v -3.609028 -1.282351 23.687630
v -1.440811 -1.272819 24.251488
v -2.382179 -1.131450 24.454426
v -0.651859 -1.539355 24.126749
v -0.010029 -1.900857 24.097622
v 0.614815 -2.531213 24.197983
v 0.894699 -3.414073 24.442711
v 0.725283 -2.379466 24.442711
v 1.004787 -3.351364 24.759304
v 0.079069 -1.682553 24.305309
v -0.567989 -1.280046 24.319237
v 0.292097 -1.293718 24.353432
v -0.430058 -0.811337 24.343615
v -2.279150 -0.798667 24.657681
v -1.346378 -0.970380 24.441442
v -1.276554 -0.437921 24.461708
v -2.254980 -0.226878 24.695671
v -3.389996 -0.810768 24.955278
v -3.480814 -1.145310 24.717834
v -3.373211 -0.232533 25.033478
v -4.523701 -0.334855 25.446316
v -4.524502 -0.890605 25.337725
v -5.528013 -0.921166 25.806919
v -6.404551 -0.947383 26.325184
v -5.599331 -0.413255 25.903795
v -6.573334 -0.488626 26.392620
v -6.310579 0.502478 25.478611
v -8.227526 -0.775784 27.441181
v -9.262974 -1.322131 28.118694
v -9.635401 -1.847515 28.270977
v -9.176693 -2.072606 28.324482
v -8.818884 -1.618691 28.129774
v -8.887901 -2.214318 28.142124
v -8.567659 -1.848471 27.908159
v -7.876534 -1.173015 27.410473
v -7.743849 -1.514961 27.119837
v -6.239849 -2.524883 23.665468
v -5.768858 -3.026843 23.476461
v -5.381765 -3.272865 23.350143
v -4.919024 -3.522859 23.211790
v -5.891218 -3.330039 24.785900
v -6.003376 -3.629775 25.129406
v -3.783039 -4.719311 24.071346
v -3.707653 -4.386718 23.828518
v -3.193012 -5.008842 23.862076
v -3.069838 -4.685239 23.642677
v -2.708109 -5.246786 23.832951
v -2.537388 -4.942636 23.640461
v -2.313629 -5.440360 23.955790
v -2.093122 -5.142656 23.779762
v -1.994740 -5.596842 24.201466
v -1.718521 -5.268287 24.019424
v -1.393860 -5.324623 24.301828
v -1.490658 -4.933989 23.040512
v -2.960852 -4.395583 22.769825
v -2.300833 -4.669030 22.817312
v -3.675884 -4.092673 22.879049
v 2.358711 -5.101931 15.159514
v 1.871504 -5.557238 15.037626
v 2.778963 -5.768371 15.603065
v 3.104990 -5.174370 15.756613
v 3.396409 -4.664601 15.698676
v 3.696564 -4.225420 15.420706
v 3.494723 -5.203040 16.256516
v 3.932588 -5.232758 16.926430
v 3.528657 -5.821678 16.882742
v 3.160387 -5.805305 16.155205
v 3.826517 -4.736007 16.165653
v 4.127715 -4.323432 15.835129
v 2.268494 -7.870812 15.820883
v 2.570745 -8.033237 16.644344
v 3.548390 -4.099811 14.719131
v 4.015934 -4.025952 15.183576
v 5.194596 8.998747 16.621550
v 4.534455 9.081465 16.669039
v 3.859170 9.202295 16.712730
v 4.203526 10.866434 15.281720
v 4.682619 10.801321 15.150333
v 2.921810 9.737734 16.696899
v 3.461246 10.994394 15.610662
v 5.169499 10.783873 15.018630
v 2.734774 11.370275 15.818666
v 2.937368 11.809019 15.101894
v 3.349000 11.537554 15.058521
v 2.343647 11.791431 15.782257
v 2.562191 12.159925 15.091763
v 1.613276 11.230097 16.556015
v 1.207603 11.972963 16.545250
v 1.995930 12.375727 15.774343
v 2.231815 12.701151 15.097463
v 0.602684 10.349932 17.148365
v 1.345758 12.659151 16.718111
v 2.103296 12.900698 15.936755
v 2.385326 13.187254 15.233282
v 2.517328 13.564713 14.387973
v 2.512848 14.015493 13.361571
v 2.312727 13.106855 14.275264
v 2.262627 13.581785 13.266594
v 2.104582 14.116385 12.030290
v 2.584419 12.634981 14.197699
v 2.460606 13.176060 13.120010
v 2.742044 12.955431 13.021548
v 2.917814 12.357826 14.150210
v 2.241730 13.742624 11.879273
v 2.474594 13.540897 11.773848
v 3.455256 12.081758 14.009008
v 3.194500 12.716833 12.858502
v 2.865650 13.317968 11.617766
v 4.004943 11.922756 13.819052
v 4.376709 11.892677 13.681016
v 3.283486 13.166185 11.452188
v 2.979492 14.528147 11.994832
v 4.756062 11.924116 13.552794
v 3.590383 14.331354 11.834002
v 0.423895 9.642775 5.585050
v 1.672508 9.614426 -1.812508
v 2.349621 9.439095 -2.291516
v 2.234837 10.948019 -3.065591
v 3.039785 9.258770 -2.553340
v 2.994408 10.556246 -3.143473
v 3.419704 11.719038 -4.200267
v 3.970462 12.292336 -5.569541
v 5.129076 10.868952 -4.968327
v 5.758636 9.877981 -4.341468
v 6.179853 8.778709 -3.704163
v 4.197770 12.019629 -7.907911
v 1.431166 7.157042 -17.650169
v 5.311365 4.050081 0.231113
v 5.453331 4.079161 0.135501
v 5.467587 3.873972 0.045588
v 3.824167 5.562056 -0.379916
v 3.597737 5.334967 -0.109860
v 5.322075 3.851923 0.163361
v 5.900686 6.610727 -4.551687
v 7.047276 -3.903923 14.240440
v -0.615124 0.629805 1.401247
v -0.651251 2.532488 2.644832
v -0.611126 3.702314 4.151824
v -0.623337 4.009478 4.966740
v -0.639217 4.067699 5.784505
v 0.614498 1.573177 9.929683
v -2.991764 -6.740402 3.302083
v -2.438168 -6.228097 3.164998
v -1.497303 -6.019030 26.838701
v -1.440895 -6.346116 26.589222
v -1.605972 -6.157904 25.192724
v -1.595257 -5.962146 25.498873
v -0.459526 -7.447302 26.438526
v 0.141729 -7.497597 26.393251
v -11.006374 -15.854864 17.183189
v -9.297071 -14.783284 16.807392
v -8.737488 -15.825611 17.104042
v -10.877556 -17.938101 16.978985
v -9.662071 -18.637526 17.032806
v -8.096231 -16.829374 17.410822
v -7.651972 -17.411673 17.623573
v -9.134069 -19.147005 17.050537
v -12.439001 -16.420729 17.243977
v -12.242912 -18.031967 16.900787
v -16.957466 -18.102118 18.339079
v -19.763504 -16.851425 19.059332
v -19.808773 -16.534742 18.305202
v -16.844349 -17.686827 17.645102
v -18.917507 -16.320383 17.731531
v -16.868229 -16.477129 17.378845
v -14.089294 -16.166000 17.114172
v -14.180130 -18.507158 16.747555
v -15.261063 -17.595160 17.224979
v -15.365341 -16.448635 17.204718
v -15.024437 -18.602793 17.240810
v -14.991592 -19.193390 17.854372
v -7.515881 -19.411016 -9.652983
v -6.310986 -18.459038 -8.454353
v -6.943035 -19.351097 -6.725744
v -9.971182 -21.157578 -7.046139
v -10.346153 -21.393593 -6.112185
v -11.314447 -21.441437 -6.539271
v -10.993614 -21.269136 -7.540660
v -9.488823 -20.733747 -8.327083
v -10.586411 -20.865557 -8.912784
v -8.888435 -19.826504 -10.604353
v -10.080185 -19.905758 -11.247988
v -7.773029 -16.310869 -2.813898
v -8.846317 -17.202236 -1.792563
v -8.382942 -17.913816 -2.804717
v -7.471985 -16.983700 -3.602852
v -6.704206 -17.258184 -4.594428
v -5.507374 -15.658646 -5.578722
v -7.335501 -15.559283 -3.011453
v -4.351822 -12.779157 -3.735506
v -2.954088 -11.787087 -2.534344
v -4.639585 -11.673078 -0.554993
v -5.984236 -13.290712 -2.156647
v -8.062805 -13.169315 1.010253
v -8.447554 -13.982772 -0.222885
v -7.625664 -12.458097 1.788760
v -4.811975 -10.980854 0.327674
v -7.960905 -16.468712 -1.989168
v -7.771223 -15.472780 -1.559232
v -7.920767 -16.588915 -1.177735
v -7.777439 -15.986375 -0.449567
v -6.995693 -16.391848 -0.290636
v -7.016735 -16.757458 -0.753498
v -8.417612 -15.071660 -0.789273
v -19.091679 -10.910133 -23.388142
v -18.747356 -8.801277 -24.962252
v -17.311398 -10.045479 -24.422140
v -17.972580 -7.355401 -25.946226
v -22.600559 -5.690284 -25.689785
v -15.874821 -8.584743 -25.643877
v -5.043634 -16.403908 17.684992
v -5.916739 -16.929762 17.919590
v -6.380400 -16.271294 17.285133
v -5.450462 -15.754635 16.774466
v -4.440355 -16.266172 17.572285
v -4.151327 -14.791769 14.961643
v -3.446732 -15.276819 15.027494
v -3.796703 -16.284021 17.600462
v -2.403421 -15.872357 14.988869
v -2.807070 -16.503033 17.766041
v -1.512827 -8.680329 24.643433
v -1.375008 -7.358131 25.338676
v -1.366985 -8.209859 23.567640
v -1.605114 -6.598090 24.700104
v -1.495758 -7.247039 23.478365
v -10.562004 -17.253265 -1.034951
v -9.802052 -17.694595 -1.897672
v -9.919008 -16.248438 -0.104795
v -10.736849 -16.382805 0.042738
v -11.395121 -16.981987 -0.397329
v -8.264950 -16.859787 -0.556259
v -8.121532 -16.399410 -0.224784
v -9.450382 -15.678567 0.044005
v -2.468414 -11.754570 24.183105
v -4.315443 -11.340178 23.710112
v -5.182446 -12.828257 22.614059
v -5.577051 -11.068113 23.612915
v -6.761374 -10.716186 23.733223
v -6.198013 -13.124096 22.469692
v -7.148226 -13.728136 22.361416
v -7.915560 -9.850059 24.106173
v -9.310987 -12.574457 23.469183
v -34.744801 -11.347221 9.140409
v -4.471464 -14.243932 -6.008024
v -2.304211 -12.659660 -8.085204
v -1.982367 -11.254259 -5.995994
v -1.881168 -10.932217 -3.589872
v -1.675165 -9.448810 -3.820036
v -0.898552 -9.693774 -6.766585
v 1.927485 -16.418011 15.565707
v 2.230989 -15.785804 16.055796
v 1.934967 -16.928804 19.057749
v 1.459143 -17.580132 17.899326
v 1.621820 -16.820282 15.256077
v 1.664518 -17.534559 19.469322
v -9.712873 -8.334025 24.309109
v -9.594526 -10.285520 23.939959
v -8.361616 -8.266036 24.583595
v -8.889202 -7.053558 25.020815
v -10.121693 -7.056397 24.564600
v -10.040586 -12.213615 23.475197
v -6.512003 -14.476220 -3.136825
v -6.452259 -18.251823 -5.719923
v -5.688705 -17.165796 -7.056903
v 2.452173 -15.691563 19.930283
v 2.451416 -16.407440 20.454565
v 2.379728 -14.010159 15.943088
v 2.562468 -14.059628 19.298994
v -14.075115 -19.284813 -0.534098
v -14.277122 -19.892765 0.511615
v -15.102600 -20.177145 0.190271
v -15.258446 -19.957842 -1.109034
v -17.023979 -14.713937 19.739059
v -18.017143 -15.120927 20.317163
v -16.574184 -15.824059 20.191792
v -11.386812 -4.701574 25.259523
v -9.999210 -4.897928 25.952871
v -11.937191 -2.611430 26.594290
v -12.112785 -3.973985 25.389647
v -12.977924 -3.344560 25.479561
v -12.948463 -3.951482 24.748222
v -12.125498 -4.587014 24.636469
v -11.536669 -5.246246 24.529142
v -12.467070 -2.299223 26.504694
v -13.189148 -1.907158 26.451506
v -7.588083 -5.196972 24.970160
v -7.404593 -5.540221 23.831684
v -7.341278 -4.308773 23.749998
v -7.449160 -3.856626 25.284538
v -7.076694 -6.106679 25.051523
v -6.644190 -6.629603 23.757601
v -7.696123 -5.219424 25.493807
v -8.122702 -4.631345 25.976931
v -19.212936 -20.822741 -4.251873
v -17.715919 -21.239592 -5.693963
v -16.481964 -20.881641 -3.834600
v -17.223801 -20.477415 -1.943895
v -19.241898 -19.942402 -0.913696
v -15.019547 -19.923782 -2.839859
v 3.493943 -14.109741 22.884432
v 3.787830 -14.086441 23.706629
v 3.154484 -15.108348 23.991880
v 2.989416 -15.395170 22.965160
v 3.048437 -14.084738 21.607288
v 2.747328 -15.531348 21.861513
v 3.847716 -13.990281 24.508244
v 3.426532 -14.222662 25.176579
v 2.371641 -12.961617 18.929844
v 3.102821 -12.852083 21.587658
v 3.835735 -12.934539 23.157335
v 4.241623 -13.079755 23.986183
v -10.923105 -15.458076 4.323102
v -12.096910 -17.219147 3.192541
v -11.514042 -16.433788 2.005310
v -10.181156 -14.760303 3.082683
v -9.274431 -13.677172 4.017588
v -9.833021 -14.110499 5.606262
v -10.239017 -15.014741 1.032414
v 2.768471 -15.197881 24.378126
v 2.599874 -15.846210 23.615131
v 2.830616 -15.804973 23.342228
v 2.333574 -15.165741 24.622221
v 2.193720 -15.872608 23.822819
v -14.057209 -6.936813 18.046227
v -14.813362 -7.842385 17.100876
v -13.538593 -8.262323 17.699556
v -13.518883 -7.431611 17.865452
v -10.966347 -20.729195 -3.984983
v -9.933590 -20.424864 -3.373005
v -9.137127 -19.915710 -2.966180
v -10.135788 -19.096279 -2.707522
v -0.391354 -7.570683 15.566656
v -0.685217 -7.126017 15.578687
v -0.348963 -7.182401 14.865398
v 0.233086 -7.863346 14.899273
v -1.097410 -6.723441 15.567606
v -0.820831 -6.731146 14.902122
v 1.399628 -8.582129 15.393794
v -13.916126 -13.529863 18.993479
v -13.874352 -15.199744 19.830873
v -12.802155 -14.812847 20.467863
v -12.748810 -13.063392 19.519661
v -11.385660 -12.807983 21.352428
v -11.760767 -12.080471 20.256060
v -11.318491 -11.106571 20.729687
v -14.962624 -6.319717 18.851646
v -16.569695 -6.942805 18.629080
v -15.940018 -7.401673 17.825245
v 3.002098 -10.817192 21.772232
v 3.324411 -11.220450 22.311079
v 2.614130 -11.688314 20.859489
v 2.447111 -11.201506 20.566957
v 2.534800 -10.354426 20.566641
v 2.387161 -10.772526 20.356421
v 2.834124 -9.804101 20.804403
v 3.437299 -10.256664 22.255987
v 3.856867 -10.605375 22.921473
v 2.012856 -9.944898 18.439438
v 2.283964 -9.393072 18.452734
v 1.853563 -10.456377 18.403347
v 1.767097 -11.602757 17.987341
v 1.809914 -10.965003 18.409678
v -5.082211 -12.754717 12.743578
v -5.191643 -13.098463 11.668422
v -4.266830 -13.979343 12.070181
v -4.277027 -13.641430 12.960443
v -3.705353 -14.350082 12.591613
v -3.731859 -14.120191 13.063340
v -4.772697 -14.120446 14.748258
v -5.575830 -13.013974 14.448126
v -3.223406 -14.537910 13.146287
v -3.072420 -14.735432 12.810697
v -21.231026 -15.793809 18.911165
v -20.306026 -15.392163 17.763508
v -21.158905 -14.548697 17.755278
v -22.409451 -13.901194 17.693222
v -20.807182 -14.342182 16.583559
v -20.362717 -14.742255 17.268354
v -22.293831 -14.534524 19.009941
v -22.749985 -14.242269 19.172987
v -22.429592 -14.106075 18.594252
v -22.141815 -14.282202 18.559742
v 1.680813 -16.015898 13.429638
v 1.811989 -15.624985 12.935120
v 2.123363 -15.513638 13.556278
v 1.975609 -15.847749 13.834566
v -14.172562 -19.297298 19.109354
v -14.135513 -20.010920 17.214216
v -14.427555 -18.350124 20.117392
v -16.755329 -17.263943 20.191158
v -16.873692 -17.942915 19.242323
v -11.281330 -20.301676 19.217628
v -12.841721 -19.622381 19.612104
v -13.277084 -18.944294 20.230101
v -7.405161 -18.780840 -3.396116
v -7.800301 -19.088776 -3.047861
v -7.107294 -18.642410 -3.784894
v -7.547581 -9.031195 4.993967
v -7.096670 -8.360235 6.052027
v -8.009300 -10.569328 5.789886
v -7.959942 -10.506795 4.911969
v -7.132664 -9.837137 3.381232
v -7.152666 -8.540474 4.230023
v -6.572491 -7.755559 5.034808
v -0.226866 -10.887739 12.857553
v 0.255409 -11.022478 13.385949
v 0.989391 -11.779036 12.728065
v 0.871552 -11.830887 12.164844
v 1.268347 -12.220970 13.169716
v 1.689575 -12.885420 12.498534
v 0.606497 -11.455374 13.802590
v -0.653105 -13.193032 11.512341
v -0.789640 -14.083502 11.724461
v -1.785494 -13.844157 11.844766
v -1.260323 -12.822067 11.514557
v -22.286514 -14.571263 21.567078
v -21.405674 -14.912863 21.577526
v -22.345093 -13.282821 22.923370
v -22.999870 -13.900647 21.880507
v -23.788460 -12.277967 22.916723
v -23.858448 -13.163001 22.022657
v -20.642536 -14.487512 22.274986
v -21.193314 -13.444569 23.291573
v -19.162941 -9.973767 22.873350
v -19.139355 -10.725570 22.223381
v -18.486168 -8.487560 21.007025
v -19.024200 -11.508554 21.568029
v -18.079357 -9.402025 19.767870
v -16.591660 -1.037702 27.671028
v -17.676872 -0.381046 27.812862
v -14.948471 -0.609020 27.308844
v -0.365572 -9.397406 15.371950
v -0.528404 -9.890221 14.903706
v -0.928308 -8.856070 17.544741
v -1.721853 -9.415321 17.357000
v -1.101797 -9.954105 14.681773
v 0.107367 -9.858004 15.119624
v 0.001425 -10.346289 14.860015
v -3.009285 -10.746815 0.115555
v -1.860264 -10.507999 -0.338125
v -11.733583 -19.462599 20.264608
v -10.570559 -18.342310 21.123531
v -12.224503 -17.999390 21.256500
v -12.315535 -18.944632 20.655283
v 2.083117 -14.389716 12.406723
v 2.019560 -15.038805 12.536527
v 1.282810 -15.203444 11.808991
v 1.401529 -14.107802 11.562996
v 2.323444 -14.893807 13.307117
v 2.085840 -13.768964 13.398614
v -8.414045 -3.101377 26.634499
v -6.932533 -8.895355 6.925513
v -7.640966 -10.673191 6.746953
v -11.457853 -15.978572 4.897089
v -12.014750 -16.468098 5.303597
v -9.851406 -13.980515 7.774937
v -9.238098 -13.345868 7.411803
v -1.968380 -8.386959 1.369905
v -3.902342 -7.497902 3.199823
v -5.775396 -6.288544 7.535275
v -16.242924 -16.997328 7.233243
v -17.380093 -17.630238 5.801600
v -15.181053 -17.103672 6.631395
v -19.420574 -18.445147 3.715239
v -18.392666 -18.722792 2.973141
v -14.895245 -17.926313 4.987951
v -13.610153 -17.343420 5.572702
v -13.151360 -16.459444 6.892903
v -18.079048 -19.465626 0.979226
v -17.021725 -18.960342 2.575814
v -16.022114 -20.572664 1.735571
v -15.732273 -20.097034 2.931034
v -16.090260 -19.445278 2.640399
v -16.572594 -20.175230 0.973844
v -16.927765 -20.279547 -0.359654
v -15.907387 -20.277010 -0.470462
v -15.856304 -20.439611 0.424868
v -15.762421 -20.649315 1.223954
v -18.503502 -19.731316 0.062367
v -5.269438 -5.026738 12.777770
v -4.846842 -5.053902 13.241266
v -6.087507 -5.654715 10.612261
v -5.798338 -5.013007 13.766180
v -6.774414 -5.402284 13.158001
v -5.280771 -5.041279 14.070111
v 0.519606 -12.446022 11.210943
v -0.269661 -11.776245 11.165668
v -1.022596 -10.602009 12.426034
v -0.890097 -11.398441 11.098234
v -1.996141 -10.835241 10.814249
v 1.649414 -11.903662 17.137283
v 1.160643 -11.486078 16.326483
v 1.263773 -11.035206 16.766235
v 1.177832 -11.818959 16.038382
v 1.739809 -12.233320 16.928015
v 1.777016 -12.856033 15.666384
v 1.284754 -12.408173 15.260509
v 2.178782 -12.391596 18.756666
v -13.516205 -18.017958 -15.186432
v -17.005905 -17.571932 -15.669870
v -20.497406 -17.300646 -15.188330
v -17.206421 -13.070602 -21.704803
v -15.384792 -14.502647 -20.278542
v -15.171963 -11.943810 -23.092754
v -13.383743 -13.134813 -21.999552
v -23.049690 -13.617704 -19.446218
v -12.331171 -15.695676 -18.717730
v -10.797205 -14.191746 -20.560316
v -5.339521 -8.438875 2.676492
v -12.362190 -17.516745 3.870054
v -12.694626 -17.783859 4.316454
v -12.851616 -19.057503 3.335642
v -13.006126 -19.450014 2.583729
v -12.874416 -18.433395 2.009426
v -12.452034 -17.633823 1.053309
v -12.976234 -18.998819 3.775393
v -13.242161 -19.031258 4.108451
v -2.940786 -14.861739 12.179723
v -1.375959 -16.321880 14.608956
v -0.089170 -9.851135 -16.356247
v 1.127874 -8.481928 -14.807148
v 0.593704 -9.892464 -13.511642
v 0.155643 -9.076221 -17.139187
v -9.096684 -18.426886 -2.592281
v 4.272901 -13.192789 25.054689
v 1.032167 -12.256720 14.891676
v 1.588961 -12.950310 14.501947
v 1.467382 -12.824350 13.989381
v 0.833538 -12.067911 14.519993
v -0.346045 -11.536691 -12.514684
v -1.766134 -12.533304 -14.348406
v 0.674709 -10.213282 -10.317518
v -7.102919 -19.915537 -3.683584
v -7.337238 -20.102783 -3.398965
v -8.317860 -19.504503 -2.896212
v -7.649004 -20.431175 -3.425242
v -7.352062 -20.493660 -4.019175
v 2.790476 -15.905532 22.936987
v 2.636238 -16.127842 22.049570
v -8.755594 -2.638953 27.352219
v -15.064278 -20.856476 1.345526
v -14.286568 -20.675262 1.447470
v -9.976192 -21.356840 18.036097
v -11.888105 -21.809183 16.267597
v -11.011145 -22.316040 15.669549
v -9.107895 -21.596014 17.438683
v -13.650852 -20.767506 16.314770
v -13.633568 -21.172022 15.500804
v -12.332850 -22.487751 14.077077
v -13.065121 -22.018745 14.470604
v -8.031755 -20.503971 -6.152075
v -8.567495 -20.925941 -5.876321
v -8.826674 -21.179630 -5.123775
v -7.932678 -20.723274 -5.164615
v -8.063431 -20.923605 -4.517179
v -7.232227 -20.251646 -4.606458
v -1.456055 -9.513305 25.168665
v -1.890537 -9.939471 24.935013
v -1.172464 -8.941859 25.421621
v -0.496815 -9.191236 25.648621
v -2.848352 -10.151505 24.575365
v 3.803748 -13.220366 25.978830
v -17.193905 -12.677182 19.341101
v -18.206600 -12.599909 20.239281
v -16.458416 -13.165401 18.990314
v -15.297550 -15.019778 19.437346
v -15.326786 -13.512632 18.766481
v -13.222424 -2.610250 -28.162706
v -15.991150 -1.233280 -28.125034
v -11.448038 -3.514812 -27.909431
v -9.756111 -4.379613 -27.481710
v -12.601187 -1.046716 27.096092
v -12.109207 -1.302592 27.247742
v -1.390837 -7.683626 -0.476794
v -1.493992 -8.625387 -1.525356
v -1.272913 -7.970015 0.462544
v -1.335361 -7.359249 25.824965
v -1.072340 -7.374406 26.309988
v -1.482481 -8.741418 25.037910
v -1.324799 -9.817168 -0.990311
v -0.598841 -11.451786 -9.402872
v -1.468937 -12.782120 -11.526275
v -3.006718 -14.354357 -10.205124
v -4.065125 -15.455452 -12.091080
v -4.437906 -15.873102 -8.737073
v -5.306477 -17.097681 -10.404579
v -6.491804 -17.774668 -12.174977
v -7.184061 -16.213717 -15.998812
v -6.264112 -14.792530 -17.399744
v -4.525307 -14.577925 -15.730975
v -8.547289 -16.212002 -16.868181
v -7.556646 -14.724290 -18.401455
v -11.050648 -18.328899 -14.428504
v -11.387045 -19.488058 -12.439651
v -13.399609 -19.678356 -12.138573
v -16.769440 -19.238956 -12.755612
v -13.565544 -20.701456 -9.736564
v -16.583900 -20.500828 -9.949315
v -19.117252 -20.325190 -9.562754
v -19.717251 -18.965736 -12.438069
v -16.005688 -21.423931 -6.650396
v -16.341690 -21.157133 -8.085204
v -18.501114 -21.017925 -7.513751
v -13.615726 -21.229092 -5.596451
v -15.385983 -21.154247 -5.137072
v -13.243340 -20.334457 -4.197102
v -14.395393 -20.096401 -3.828585
v -13.975414 -19.017048 -2.282019
v -13.554909 -18.563219 -1.065977
v -13.303028 -18.409277 -1.900522
v -12.910542 -17.896202 -0.639524
v -12.395714 -17.686501 -1.250869
v -13.536804 -19.244270 1.128975
v -13.250999 -18.490879 0.179824
v -12.014660 -17.047913 0.179191
v -11.095577 -15.972609 0.851638
v -13.526299 -20.119783 1.854928
v -13.516815 -21.178532 2.804396
v -13.045151 -20.577354 3.367618
v -13.188004 -21.224213 4.106551
v -13.656624 -21.800430 3.653820
v -14.349472 -21.509113 2.547954
v -14.497677 -21.949860 3.442968
v -14.750317 -22.154915 4.419664
v -13.996700 -22.067326 4.595690
v -14.398697 -22.161356 5.608478
v -15.449348 -21.964596 4.287326
v -15.250858 -21.789394 3.385348
v -15.127693 -21.500347 2.530541
v -15.939430 -21.577755 4.261049
v -15.766827 -21.427235 3.447084
v -16.134689 -21.670261 5.251358
v -15.675392 -21.195614 2.745509
v -15.948338 -21.008781 4.458921
v -15.812763 -20.812225 3.784891
v -16.093136 -21.151436 5.368182
v -15.722065 -20.555561 3.332476
v -15.652382 -20.634193 4.720745
v -15.348942 -20.482977 4.905953
v -15.219643 -20.186363 4.412698
v -15.535103 -20.372936 4.166070
v -15.778900 -20.850353 5.523314
v -15.493011 -20.740604 5.637287
v -14.833252 -20.432392 5.115222
v -14.632477 -20.110195 4.661225
v -15.044155 -20.706245 5.788620
v -14.497063 -19.772497 4.389587
v -14.318115 -19.218115 4.256933
v -15.062927 -19.460260 3.921660
v -15.138088 -19.898762 4.121747
v -14.012405 -18.366581 4.539969
v -14.975670 -18.784363 4.052413
v -13.915321 -19.787119 4.462087
v -14.124775 -20.198160 4.777732
v -13.848648 -20.336834 4.754305
v -13.603649 -19.867058 4.371542
v -13.605881 -19.074596 4.298408
v -13.133591 -18.005753 4.589358
v -14.390625 -20.548027 5.261490
v -14.651772 -20.825792 5.929822
v -14.152252 -20.708374 5.292199
v -14.443268 -20.987354 5.984910
v -13.920765 -20.899200 5.239012
v -14.268276 -21.176197 5.966863
v -14.128719 -21.398438 5.904178
v -13.721039 -21.135450 5.128837
v -13.567272 -20.510878 4.642863
v -13.327938 -20.743286 4.462087
v -13.318501 -19.980885 4.180634
v -13.106194 -20.156303 3.901398
v -13.578938 -21.583229 4.907853
v -14.032616 -21.786968 5.781022
v -14.394695 -21.597656 6.791277
v -14.363312 -21.966419 6.735556
v -14.454899 -21.744795 7.778419
v -14.491516 -22.111225 7.768289
v -14.725426 -22.265171 6.670654
v -14.874413 -22.351110 7.796465
v -14.744259 -22.392052 8.999843
v -14.336884 -22.210732 8.877320
v -13.937119 -22.294403 10.054421
v -14.373829 -22.421124 10.264956
v -15.261528 -22.295511 9.137562
v -15.418427 -22.311268 7.838573
v -14.885067 -22.255598 10.480557
v -15.304485 -22.286774 6.618416
v -15.761730 -22.070864 9.246470
v -15.955902 -22.122995 7.857885
v -15.375347 -21.974106 10.641071
v -15.886547 -22.117531 6.522487
v -16.101517 -21.657270 9.293643
v -16.316902 -21.730373 7.859784
v -15.715630 -21.529938 10.729401
v -16.294258 -21.728085 6.481647
v -15.984173 -21.197500 9.244887
v -16.205097 -21.268948 7.847754
v -15.593246 -21.064180 10.658800
v -16.209923 -21.245773 6.526603
v -15.655827 -21.010548 9.175553
v -15.389748 -20.993704 9.126798
v -15.617813 -20.995699 7.836040
v -15.881660 -21.048906 7.838889
v -15.249050 -20.910398 10.542294
v -14.970375 -20.933237 10.458396
v -15.889008 -20.992050 6.592138
v -15.617344 -20.911293 6.643426
v -15.010143 -21.068892 9.055247
v -15.232410 -21.018717 7.832874
v -14.580738 -21.063425 10.334608
v -15.210621 -20.899632 6.719092
v -14.658810 -21.229656 8.980214
v -14.462601 -21.394001 8.929559
v -14.683838 -21.307302 7.819577
v -14.878712 -21.150316 7.828442
v -14.222038 -21.262362 10.204487
v -14.021328 -21.444082 10.118690
v -14.845406 -21.021362 6.798558
v -14.648979 -21.179464 6.832751
v -14.316566 -21.607428 8.882386
v -14.245670 -21.851698 8.853893
v -14.538506 -21.509104 7.799315
v -13.869930 -21.675304 10.042707
v -13.803993 -21.934069 10.001232
v -14.498318 -21.372597 6.823886
v -13.168701 -22.007767 11.204294
v -13.235962 -21.721552 11.249566
v -13.396801 -21.460657 11.343279
v -13.329948 -22.390976 11.293257
v -11.620777 -21.997490 13.494226
v -11.785038 -22.448694 13.647774
v -10.366011 -21.677614 14.958160
v -10.429907 -22.203814 15.138935
v -13.802269 -22.470957 11.575343
v -8.962139 -20.445929 16.623133
v -8.631935 -21.279423 16.851715
v -7.997782 -19.306438 17.568485
v -7.564337 -20.106310 17.934153
v -7.826666 -20.529493 18.528400
v -6.668579 -18.842880 18.522701
v -6.828360 -19.197889 19.227444
v -7.455984 -19.217884 19.834671
v -8.614305 -20.496710 19.102388
v -9.333529 -20.236883 19.439562
v -8.085394 -19.083944 20.157280
v -10.180569 -19.867432 19.843222
v -6.757643 -17.194580 20.706892
v -6.229143 -17.394674 20.303232
v -9.259760 -16.307089 21.915018
v -10.425381 -15.960811 22.428852
v -10.012482 -13.911349 23.173483
v -11.225977 -15.552084 22.568787
v -12.767044 -16.767935 21.611086
v -10.653948 -13.487253 23.053808
v -11.772219 -15.062569 22.289232
v -13.136452 -16.233654 21.279928
v -13.945755 -16.447676 20.718922
v -13.764530 -17.056423 21.004808
v -11.943575 -14.449495 21.569929
v -10.548077 -11.946250 22.938887
v -11.091555 -13.091954 22.320259
v -10.063728 -10.120521 23.542948
v -10.934753 -9.633150 21.437906
v -11.564522 -8.097927 20.500154
v -11.909983 -7.545772 20.301649
v -11.812670 -9.091616 19.819794
v -11.097553 -6.201249 23.705046
v -12.265493 -6.963649 20.218069
v -12.550694 -6.446708 20.391562
v -12.771542 -6.010715 20.649588
v -12.464546 -5.446171 22.192354
v -13.213223 -5.017073 22.124603
v -13.512798 -5.838117 20.357687
v -14.358685 -5.530242 20.486542
v -14.014267 -4.726265 22.195522
v -15.311493 -5.484118 20.610014
v -14.781445 -5.324553 20.778759
v -16.259922 -5.669018 20.645472
v -16.011246 -4.815946 22.675795
v -17.444988 -6.275955 20.797121
v -16.968559 -5.724725 21.139990
v -16.767292 -5.013434 23.312784
v -15.820621 -9.717627 17.495985
v -14.951599 -9.884151 17.489655
v -15.422939 -7.778131 17.165777
v -17.163651 -9.919077 18.916546
v -13.658924 -9.630133 17.840757
v -14.230289 -11.845167 18.341295
v -15.296024 -11.883989 18.210857
v -14.737431 -12.265654 18.307100
v -14.625801 -13.620681 18.823786
v -13.183594 -11.414722 18.699995
v -12.221018 -11.161297 19.289179
v -12.089037 -10.328899 19.373711
v -16.367069 -11.439177 18.367887
v -18.808212 -12.937008 21.072559
v -19.559326 -12.884412 22.764126
v -19.686264 -10.827491 24.533575
v -19.170967 -13.867405 21.567396
v -19.985874 -13.291549 23.126627
v -19.556099 -14.379855 21.900137
v -18.704292 -14.572143 20.709740
v -19.068874 -15.121125 21.071609
v -18.376221 -15.668025 20.698977
v -19.699623 -15.621669 21.039949
v -18.844074 -16.272835 20.540997
v -16.633930 -16.470434 20.483692
v -15.085510 -16.964350 20.552393
v -15.162743 -16.256403 20.250996
v -14.419876 -17.061754 20.729368
v -14.533756 -16.394716 20.440952
v -14.577713 -15.173406 19.568417
v -19.385456 -16.732944 19.857147
v -20.485645 -16.008989 20.505854
v -21.067886 -16.103090 19.697588
v -18.871265 -15.437800 17.336105
v -16.931934 -15.375903 16.926430
v -15.630138 -15.302337 16.664606
v -14.525139 -15.100811 16.458187
v -13.475456 -14.732489 16.279312
v -12.828156 -15.676445 17.058134
v -12.251879 -14.136341 16.002605
v -11.472843 -15.052542 16.919783
v -10.650175 -13.044756 15.404558
v -9.820721 -13.937386 16.456604
v -8.767359 -12.772451 15.730968
v -9.654619 -12.178017 14.831840
v -9.114031 -11.683662 14.428181
v -7.228430 -11.386274 13.893134
v -7.280909 -12.817706 15.350104
v -7.885792 -11.923836 15.027494
v -5.902323 -15.105131 16.286592
v -6.777174 -15.676325 16.906801
v -7.572470 -11.256598 12.332005
v -7.486984 -11.822596 11.069425
v -8.931435 -11.563784 12.823677
v -9.474161 -11.884289 13.214355
v -8.923805 -12.221004 11.349928
v -8.628649 -11.306101 14.034653
v -10.074375 -12.278852 13.614215
v -11.119940 -12.951424 14.222711
v -11.272930 -13.419794 12.832224
v -10.165377 -12.889788 12.200301
v -12.701513 -13.822247 14.927767
v -12.898888 -14.031147 13.542980
v -13.894623 -14.342712 15.285520
v -14.166767 -14.420061 13.946957
v -13.275669 -14.886599 11.304654
v -11.603392 -14.443273 10.744281
v -10.448826 -13.939509 10.238362
v -9.776133 -13.536076 9.829638
v -11.959110 -15.915631 6.831168
v -14.554810 -15.068618 11.772899
v -15.950157 -15.150239 12.293696
v -15.416199 -14.678726 14.342065
v -14.967777 -14.676947 15.572355
v -16.083420 -14.859144 15.873118
v -17.314449 -14.892674 16.209345
v -16.640366 -14.813309 14.746358
v -17.883457 -14.801779 15.178826
v -19.057491 -14.844939 16.736473
v -19.574772 -14.608385 15.886732
v -20.289639 -14.761545 14.544054
v -21.544910 -14.353640 15.366568
v -18.610439 -15.078768 13.553111
v -20.377007 -16.186434 9.844834
v -17.593857 -16.765718 8.000352
v -17.316967 -15.164394 12.882245
v -20.673023 -18.030167 4.643812
v -18.676289 -17.315811 6.619048
v -21.301765 -16.540232 8.543312
v -22.981190 -16.990988 6.686799
v -22.778469 -18.584326 2.658445
v -21.522339 -19.084690 1.569042
v -23.505199 -19.387608 -0.618629
v -24.051453 -19.823105 -3.970420
v -25.356976 -19.298502 -2.828146
v -27.046597 -18.687685 -5.016767
v -25.668476 -19.185848 -6.238506
v -22.287189 -20.342888 -5.321648
v -23.686356 -19.681343 -7.665400
v -27.702671 -17.746479 -9.096409
v -25.349602 -18.260014 -10.599921
v -22.634567 -18.666224 -11.720665
v -21.491280 -20.022488 -8.777598
v -20.453857 -20.706123 -6.502862
v -26.963478 -16.506023 -13.188082
v -23.849014 -16.992210 -14.351569
v -28.606281 -14.388353 -15.542915
v -29.792900 -12.574944 -17.211372
v -26.459396 -13.208463 -18.472374
v -31.153549 -9.787436 -19.233147
v -27.821121 -10.524462 -20.606539
v -24.498425 -11.019021 -21.604128
v -28.693237 -7.843024 -22.167353
v -25.342579 -8.459569 -23.233324
v -29.395302 -4.095013 -23.720247
v -25.982483 -4.885241 -24.946741
v -29.475876 -1.360110 -24.356287
v -26.077530 -2.314275 -25.702133
v -22.534222 -3.363200 -26.520849
v -25.866085 0.276278 -26.212166
v -22.246418 -1.007964 -27.105913
v -25.184174 2.814411 -26.445183
v -21.610584 1.313328 -27.386101
v -16.701080 -3.336240 -27.727709
v -17.317955 -5.411859 -26.953630
v -14.033428 -4.697115 -27.677683
v -14.868481 -6.714341 -26.783936
v -12.360971 -5.609492 -27.368052
v -10.771906 -6.485535 -26.894430
v -11.951996 -8.501666 -25.875942
v -13.378101 -10.362164 -24.586765
v -9.925959 -9.664427 -24.925524
v -11.526312 -11.507834 -23.599310
v -7.588285 -10.807310 -23.454626
v -9.157410 -12.584225 -22.153734
v -7.499949 -12.987411 -20.781610
v -6.120275 -11.260357 -21.981190
v -8.840647 -14.598523 -19.337622
v -5.212414 -13.292459 -18.570517
v -4.072277 -11.724346 -19.564621
v -1.770611 -8.229033 -20.958904
v -0.545654 -8.733147 -18.900721
v -1.536768 -10.423054 -18.433109
v -3.509136 -7.479255 -23.566069
v -4.923967 -6.826602 -25.106619
v -7.448561 -5.547915 -26.604744
v -6.140356 -8.895100 -24.513321
v -8.570591 -7.659895 -25.986752
v -4.750219 -9.446415 -22.979101
v -28.456974 4.196810 -24.989794
v -31.447258 5.511112 -23.130436
v -34.240059 6.855463 -20.853483
v -36.182652 7.836920 -18.815876
v -37.778831 8.620176 -16.385376
v -39.080585 9.260366 -13.766503
v -40.037933 9.766468 -10.992182
v -21.468311 1.641312 27.490252
v -24.954197 3.284502 26.760500
v -19.116749 0.457758 27.789120
v -20.351021 -1.298677 27.791018
v -20.537495 -3.689534 27.778353
v -19.185246 -2.011794 27.969261
v -22.481747 -0.224903 27.363297
v -19.767498 -4.110400 27.736563
v -18.365242 -2.626828 27.878710
v -21.547482 -5.548625 27.265469
v -20.758850 -5.828753 27.274967
v -19.942047 -6.033488 27.058102
v -18.939953 -4.544696 27.342087
v -22.195419 -8.445858 26.036131
v -20.843948 -8.487299 26.314419
v -19.716969 -8.700355 25.972815
v -21.424091 -11.094060 25.153149
v -20.144135 -11.074313 24.997387
v -19.268665 -8.631160 25.441254
v -20.134651 -12.268832 24.098574
v -21.392685 -12.365288 24.237556
v -17.626617 -5.198680 25.930075
v -18.014702 -5.015650 26.570862
v -16.688683 -4.294850 25.742968
v -16.979149 -3.983394 26.436943
v -15.699291 -3.740364 25.484310
v -15.883457 -3.312850 26.211527
v -17.667858 -3.281848 27.393059
v -16.271282 -2.399944 27.197720
v -14.821690 -2.985372 25.946537
v -14.227001 -2.951335 25.743917
v -14.351009 -1.720011 26.675657
v -13.705238 -3.027864 25.577705
v -13.841675 -1.704746 26.502794
v -13.825634 -0.535093 26.949827
v -14.309792 -0.470317 27.099577
v -13.694550 -3.604062 24.894176
v -14.736809 -3.469258 25.213936
v -14.192425 -3.482476 25.041391
v -15.736656 -4.046474 24.617472
v -12.164133 -4.892854 23.857962
v -10.957035 -6.095284 24.341084
v -10.456013 -7.110991 24.123901
v -10.103846 -8.269835 23.928879
v -10.689871 -5.846922 24.896393
v -22.589085 -10.735749 24.821671
v -22.579590 -12.006451 23.927294
v -23.786217 -11.288098 23.689215
v -28.451931 -8.626192 22.452593
v -30.427795 -7.694003 21.593355
v -28.447739 -9.488029 21.813072
v -28.399094 -7.638932 23.140554
v -30.440937 -6.658500 22.299679
v -27.798458 -11.454254 19.788128
v -25.564686 -12.563785 20.731268
v -23.957359 -13.644862 21.065275
v -23.830456 -13.843969 20.059450
v -23.146912 -14.363477 20.023361
v -25.121216 -13.002516 19.661177
v -22.509266 -14.869275 19.748240
v -22.404953 -14.978654 20.634392
v -23.263103 -13.896672 19.165388
v -23.209515 -13.603459 18.065853
v -22.731377 -13.926250 18.633509
v -23.264408 -13.705240 16.522137
v -24.110401 -13.327839 17.001463
v -25.369862 -12.791279 17.675493
v -26.253414 -12.749870 16.610151
v -27.247406 -12.877499 15.283303
v -26.913406 -14.770477 10.899096
v -26.062840 -15.328922 10.067717
v -22.781456 -16.000343 9.901188
v -26.692078 -16.160645 7.446310
v -28.450176 -16.241295 5.793368
v -29.689407 -16.597715 2.872463
v -31.560715 -15.942532 1.370536
v -27.753300 -18.040792 -0.299819
v -29.547333 -17.458088 -2.308614
v -31.854183 -16.138134 -4.640652
v -29.219894 -17.296787 -7.755947
v -32.890984 -14.895489 -8.479683
v -31.434681 -15.411207 -10.161119
v -29.703266 -15.894413 -11.614606
v -33.499260 -13.128180 -12.315865
v -31.564236 -13.685205 -13.876045
v -34.873295 -11.184362 -13.794683
v -32.840820 -11.789207 -15.442555
v -35.652390 -9.772295 -14.724206
v -33.583183 -10.400101 -16.430965
v -36.330563 -8.242943 -15.576159
v -34.253643 -8.896042 -17.339277
v -37.225216 -5.174160 -16.769089
v -35.199181 -5.917257 -18.618319
v -32.072662 -6.969731 -20.654976
v -35.846840 -1.755826 -19.899263
v -32.756844 -3.061574 -22.052425
v -35.674675 1.129072 -20.419113
v -32.693069 -0.241628 -22.605520
v -35.156200 4.012604 -20.726526
v -32.283180 2.644760 -22.961374
v -29.209915 1.440676 -24.781792
v -37.652859 2.139984 -18.427732
v -37.128250 5.036024 -18.702217
v -37.824982 -0.828163 -17.957903
v -39.462769 -0.069278 -15.736990
v -39.309212 2.919266 -16.088095
v -38.923553 -4.438107 -14.666269
v -40.323185 -3.694167 -12.337077
v -40.814701 0.598715 -13.271348
v -41.353291 -2.928071 -9.762843
v -41.810905 1.226858 -10.555600
v -38.090420 -7.551112 -13.536338
v -39.519650 -6.788417 -11.287880
v -40.541004 -5.964900 -8.839970
v -41.435863 -4.919568 -5.441005
v -42.265877 -1.920944 -6.128017
v -38.829277 -8.398518 -10.572376
v -37.989727 -9.907259 -9.795138
v -39.010571 -9.131603 -7.564724
v -39.847980 -7.589001 -8.228623
v -37.400414 -9.133881 -12.735986
v -36.578300 -10.599857 -11.865036
v -39.901306 -8.163408 -4.430751
v -37.479252 -11.242882 -6.430997
v -38.436462 -10.303782 -3.515474
v -39.313889 -8.822657 1.734303
v -36.183823 -12.613146 -2.060720
v -37.153454 -11.033169 2.729361
v -39.407024 -8.428177 3.244461
v -32.429508 -14.726961 4.183483
v -30.719048 -15.454857 5.364065
v -30.305847 -15.971836 4.327217
v -31.145927 -14.853579 6.418326
v -29.605469 -15.110836 7.727446
v -32.949348 -11.681288 11.723824
v -33.897560 -11.533033 10.425785
v -28.170303 -15.037117 9.244253
v -28.943897 -14.402185 10.128186
v -32.838921 -10.238794 15.560955
v -34.002930 -10.048126 14.242970
v -35.017372 -9.865961 12.848686
v -29.096394 -13.202375 12.823042
v -27.776642 -14.189596 11.696281
v -29.069836 -11.751169 16.463884
v -27.984627 -11.875313 17.654282
v -30.684441 -10.628784 17.675177
v -31.725971 -9.219124 18.914328
v -32.162994 -7.883929 19.860949
v -34.976112 -6.836064 17.643200
v -36.517380 -6.296642 16.069090
v -35.682251 -8.046547 15.306728
v -37.842674 -5.879769 14.206244
v -36.857491 -7.721292 13.640806
v -38.910686 -5.593380 12.124000
v -37.808361 -7.498734 11.794742
v -35.897366 -9.733194 11.298004
v -40.321915 -5.610428 7.534639
v -39.057987 -7.576740 7.679323
v -41.523376 -2.698962 7.560916
v -42.058693 -3.271725 2.327285
v -40.713379 -6.395903 2.729361
v -42.747135 -0.304483 2.263016
v -42.748264 -0.877350 -1.462040
v -43.156326 3.032145 -1.752991
v -43.051468 2.681635 -3.763369
v -43.159088 3.324797 0.273850
v -42.692940 2.071230 -6.731764
v -42.760784 5.338041 -3.924200
v -42.423115 4.844023 -6.901142
v -41.602791 4.128321 -10.734473
v -41.829216 7.605906 -7.024930
v -41.022503 6.991749 -10.882326
v -40.088341 6.464933 -13.669625
v -38.768925 5.826303 -16.292614
v -40.651451 3.563805 -13.507528
v -42.160572 7.989971 -4.035007
v -42.879349 5.855385 0.174439
v -42.298668 8.354673 0.069329
v -42.379040 6.206575 5.384642
v -41.826523 8.575098 5.373878
v -43.055431 3.551825 2.312405
v -42.696575 3.749197 5.309926
v -42.127750 3.764187 8.205820
v -41.776035 6.193508 8.433452
v -42.046928 0.068169 7.793613
v -41.256149 3.459917 11.002303
v -39.883369 -2.886926 12.644482
v -40.223133 -0.366916 13.122856
v -38.646408 -3.268210 15.001847
v -38.888229 -0.843163 15.604328
v -39.465763 -4.260912 12.375376
v -38.310295 -4.592683 14.607371
v -37.323273 -1.408319 17.868933
v -37.112949 1.736805 18.668652
v -38.732372 2.389347 16.293556
v -40.139111 2.980194 13.725654
v -37.141678 -3.769253 17.121769
v -35.445541 -4.440041 18.882669
v -35.554169 -2.140307 19.803011
v -33.674736 -2.991673 21.471466
v -32.356133 -3.614741 22.404787
v -31.844669 -0.658647 23.555927
v -33.255756 0.007334 22.545990
v -35.256821 0.932140 20.741400
v -33.658295 -5.211261 20.395361
v -32.410530 -5.771000 21.249216
v -30.279636 -4.589256 23.529964
v -28.150562 -5.618140 24.387623
v -27.432991 -2.695474 25.648935
v -29.647640 -1.664096 24.758989
v -26.667053 -0.674663 26.203611
v -28.167610 2.359591 25.641338
v -30.448204 3.388063 24.390472
v -31.899818 4.074987 23.366920
v -33.948750 5.059607 21.552832
v -34.686153 2.995520 21.202677
v -35.851429 5.953417 19.468050
v -36.576103 3.847820 19.116949
v -37.540810 6.700588 17.072697
v -38.237415 4.557238 16.714626
v -39.019413 7.422976 14.481049
v -40.237343 8.065765 11.634543
v -39.679237 5.222431 14.125196
v -40.842579 5.798933 11.346126
v -41.226471 8.514460 8.582568
v -25.829010 1.321348 26.584473
v -26.857327 -12.156586 18.669285
v -27.406433 -15.641533 8.340692
v -33.893570 -14.498024 -0.412527
v -35.184509 -13.575018 -4.744179
v -34.163200 -14.284252 -6.670343
v -36.452446 -11.961864 -8.512609
v -35.102112 -12.591331 -10.474864
v -9.181229 -13.113513 9.398752
v -8.593784 -12.695403 8.969767
v -5.424543 -16.324907 20.368769
v -5.352245 -15.370472 20.898115
v -4.898718 -15.846936 20.376684
v -4.779831 -14.985189 21.019054
v -4.155594 -14.772394 21.212494
v -4.543018 -14.082918 21.807375
v -5.314451 -14.269328 21.630716
v -4.376850 -15.501386 20.455515
v -3.442156 -14.709874 21.489830
v -2.048653 -14.990588 22.132200
v -2.136951 -14.411572 22.715370
v -3.698269 -14.070375 22.079647
v 0.638876 -15.467230 23.768681
v 0.686556 -14.478851 24.465191
v 1.670408 -14.945413 24.663692
v 1.768173 -13.702658 25.710041
v 2.053497 -12.336466 26.339750
v 2.384125 -11.277452 26.687368
v 2.776773 -10.219250 26.929247
v 1.318670 -9.646223 26.314737
v 0.166227 -9.339209 25.858208
v 3.218891 -11.748794 26.839653
v 3.661386 -10.688250 27.105274
v 2.858965 -12.805773 26.443275
v 4.185230 -11.045105 27.010614
v 4.653372 -11.352410 26.695913
v 5.176907 -11.552535 25.773361
v 5.201180 -11.504494 24.714033
v 4.808765 -11.305939 24.098257
v 4.179941 -10.885577 23.368822
v 4.260882 -12.151487 23.600252
v 3.916468 -11.932755 23.119661
v 4.183475 -12.327214 26.404018
v 3.357277 -13.062994 26.315372
v 3.012001 -14.227317 25.521982
v 2.538292 -14.102426 25.723339
v 3.726396 -12.074356 26.734859
v 1.573362 -15.771326 23.894369
v 0.524830 -16.026655 23.229204
v 0.496546 -16.396820 22.480774
v 1.386122 -16.696157 22.580816
v 1.455475 -16.313349 23.348244
v 2.072155 -16.373329 23.257065
v 1.993322 -16.740908 22.473808
v 1.318218 -17.121292 21.259666
v 1.911339 -17.117872 21.093771
v 2.235458 -16.916504 20.894316
v 2.341644 -16.569401 22.301897
v 2.439243 -16.255466 23.082304
v 1.113903 -17.689322 19.683023
v 0.279123 -17.501160 19.863796
v 0.187780 -17.802998 18.086119
v 0.964134 -17.861631 17.966763
v 0.475145 -16.849360 21.281511
v -1.615534 -16.717436 19.386374
v -0.411911 -17.552454 18.124109
v -1.470762 -17.015236 18.006020
v -3.436995 -15.932603 19.794464
v -3.213951 -16.373552 18.914965
v -2.637838 -16.429142 19.049200
v -2.851656 -15.875285 19.943581
v -3.764750 -16.409378 18.826317
v -4.298553 -16.542061 18.782627
v -3.967115 -16.085079 19.705818
v -4.469831 -16.337757 19.664028
v -4.973648 -16.696749 19.662762
v -5.732763 -17.558903 19.619705
v -5.600145 -17.439539 18.780094
v -4.824389 -16.777044 18.782944
v -7.090582 -18.135378 17.961697
v -0.139946 -16.975304 14.755857
v 0.526209 -17.086012 14.747624
v 1.166477 -17.125122 15.075934
v 1.056234 -15.896674 12.309527
v 0.359688 -15.205390 11.657025
v 0.532173 -14.203490 11.414830
v -1.035084 -15.061588 11.856164
v 0.134136 -15.925924 12.129385
v -1.127241 -15.556992 12.265838
v -2.121529 -14.885352 11.825769
v -3.858051 -14.018768 11.373038
v -2.806330 -14.626549 11.678236
v -5.065086 -12.980709 10.913660
v -4.749125 -12.156422 11.030800
v -3.441469 -13.113022 11.643094
v -4.225576 -11.199482 10.770242
v -2.780527 -12.053521 11.367973
v -1.795507 -12.560152 11.512024
v -2.421169 -13.629560 11.826719
v -3.793604 -10.682158 10.130404
v -2.309431 -11.504612 10.692042
v -3.615292 -10.007563 10.224115
v -1.272100 -12.044671 10.935188
v -0.709949 -12.390349 11.021301
v -0.072643 -12.960874 11.148257
v -4.709089 -9.341756 9.816341
v -4.963800 -8.736799 11.044414
v -3.796906 -9.388752 11.353410
v -5.241148 -8.267794 13.305850
v -4.111712 -8.964491 13.417609
v -2.530529 -9.347881 17.202185
v -1.702200 -9.904934 14.332569
v -2.800447 -9.113864 20.971880
v -1.984755 -9.136081 20.991827
v -1.263105 -8.502052 21.010506
v -1.227793 -7.543927 20.992775
v -0.739054 -7.845117 17.664415
v -0.235876 -8.885159 15.527398
v -0.203981 -8.491727 15.552408
v -0.243147 -8.039797 15.561590
v -1.072260 -7.119827 17.671696
v -1.857334 -6.438000 17.614075
v -1.599382 -6.380137 15.502703
v -1.351444 -6.380843 14.863498
v -3.746225 -5.343595 14.829939
v -2.943504 -5.673311 15.138619
v -2.687346 -5.696740 14.519360
v -3.455935 -5.370724 14.190418
v -4.561188 -5.142234 14.449076
v -4.209021 -5.162696 13.738319
v -6.763290 -6.718571 13.127608
v -6.435009 -7.112415 10.713888
v -5.750494 -8.066170 10.876617
v -6.244331 -7.616476 8.888719
v -5.488304 -8.731220 9.455422
v -6.383507 -7.239607 7.174673
v -6.362095 -7.926864 7.813879
v -5.726192 -8.820791 8.946022
v -6.154467 -8.691040 8.286871
v -5.788736 -9.130064 8.786775
v -6.538551 -9.458622 7.955713
v -6.152721 -9.838036 8.712058
v -5.319210 -9.568882 9.219243
v -5.707886 -10.193502 9.395903
v -4.763968 -10.011326 9.605489
v -5.186367 -10.561562 10.008831
v -6.998444 -10.881626 7.903791
v -6.492123 -11.066603 8.748466
v -6.033779 -11.241439 9.533305
v -5.569319 -11.492981 10.229498
v -5.695606 -12.295022 10.425154
v -7.669367 -12.085051 8.394830
v -8.378494 -12.304152 7.079695
v -6.948082 -12.124420 9.594408
v -6.217089 -6.902663 6.849213
v -6.708143 -6.865536 20.986444
v -5.919521 -7.580490 20.959217
v -4.507648 -8.428123 20.947821
v -4.484932 -8.624063 23.296638
v -2.790998 -9.282133 23.284925
v -1.947231 -9.132981 23.428026
v -1.891815 -6.692273 23.206726
v -1.602900 -6.912689 20.886400
v -5.427454 -4.685411 20.678082
v -5.884596 -4.555601 20.663519
v -6.294262 -4.492111 20.649271
v -5.765343 -7.672369 23.497675
v -5.763737 -8.022641 24.451893
v -5.076227 -8.680573 24.248640
v -4.382366 -9.141665 24.123901
v -3.703716 -9.428133 24.094458
v -2.822807 -9.536660 24.195135
v -2.131071 -9.358046 24.378761
v -1.775070 -9.077456 24.501598
v -2.121460 -9.503826 24.673193
v -2.875242 -9.716883 24.439863
v -1.748909 -9.183043 24.841305
v -3.821871 -9.632179 24.302143
v -3.999075 -10.038591 24.350264
v -4.536152 -9.366667 24.316391
v -4.822483 -9.762554 24.340452
v -5.963911 -8.307753 24.655148
v -5.257359 -8.940470 24.438280
v -5.635788 -9.321493 24.458542
v -6.401384 -8.676731 24.692822
v -6.633734 -7.421867 24.953381
v -7.265060 -6.475522 25.335825
v -7.704144 -6.816203 25.444416
v -7.081123 -7.788800 25.031263
v -6.424997 -7.145188 24.715933
v -7.854910 -5.663089 25.805971
v -8.370501 -4.953744 26.323917
v -8.300282 -5.917455 25.902210
v -8.836632 -5.100944 26.391668
v -9.459780 -5.915202 25.477026
v -9.621656 -3.616844 27.440548
v -9.823078 -2.463557 28.118380
v -9.316786 -2.633355 28.129461
v -8.981325 -2.691467 27.907843
v -9.092701 -3.651410 27.409838
v -8.741049 -3.547132 27.119522
v -6.336775 -4.184186 23.475832
v -5.905333 -4.339827 23.350143
v -4.868610 -4.832331 23.055710
v -6.171827 -3.901889 24.785900
v -3.999981 -4.982442 23.828201
v -3.373602 -5.304269 23.642361
v -2.844219 -5.567921 23.640144
v -2.414179 -5.796930 23.779446
v -2.085602 -6.016353 24.019104
v -1.842392 -6.238674 24.301510
v -2.656530 -6.086737 22.886648
v -3.536020 -5.567706 22.769505
v -4.213116 -5.187488 22.878733
v 0.277561 -9.343058 15.157931
v 0.347694 -8.931360 15.080049
v 0.331028 -8.426992 14.992986
v 1.164122 -9.051978 15.540695
v 0.959669 -9.483107 15.663534
v 0.792877 -9.886166 15.755030
v 0.569937 -10.424599 15.696460
v 0.407473 -10.928175 15.418489
v 1.057089 -10.170633 16.254618
v 1.202433 -9.759518 16.186548
v 1.451664 -10.048624 16.883057
v 1.353672 -10.488265 16.924532
v 0.893490 -10.713148 16.163437
v 0.752871 -11.200286 15.832596
v 1.683249 -9.587433 16.879259
v 0.446093 -11.300840 15.181044
v 0.083351 -10.696831 14.564949
v -11.223942 -20.572817 15.281720
v -12.028505 -20.185772 15.334591
v -10.879297 -20.911919 15.150333
v -10.567589 -21.286343 15.018630
v -12.521147 -19.719383 15.818666
v -12.744209 -20.148081 15.101894
v -13.093582 -19.667713 15.782257
v -13.768490 -19.750198 15.774343
v -13.057442 -18.077681 16.852030
v -13.251324 -20.066044 15.091763
v -13.881554 -20.135891 15.097463
v -14.118286 -20.156204 15.936755
v -14.390491 -19.409359 16.718111
v -14.172112 -20.554745 15.233282
v -14.389896 -20.890110 14.387973
v -14.749191 -21.162382 13.361571
v -14.152943 -20.448126 14.275264
v -14.559250 -20.699095 13.266594
v -15.078796 -20.901194 12.030290
v -13.613472 -20.374298 14.197699
v -13.190258 -20.468414 14.150210
v -13.770485 -20.695045 13.021548
v -14.117199 -20.607437 13.120010
v -14.699249 -20.780979 11.879273
v -14.397209 -20.841736 11.773848
v -12.643055 -20.724588 14.009008
v -13.304920 -20.906929 12.858502
v -13.981609 -21.014637 11.617766
v -11.929688 -21.337727 13.681016
v -12.180954 -21.062080 13.819052
v -13.605888 -21.252256 11.452188
v -14.869148 -21.845160 11.994832
v -11.722439 -21.657015 13.552794
v -14.339706 -22.207935 11.834002
v -12.568727 -16.834568 5.585050
v -12.789921 -18.428658 -2.530862
v -11.782314 -17.804821 -1.812508
v -12.074387 -18.872879 -2.847141
v -11.125984 -18.308506 -2.330774
v -10.659613 -21.306429 -4.968327
v -9.147699 -21.135303 -4.142963
v -8.363382 -20.858587 -3.704163
v -9.986300 -16.110325 -17.650169
v -5.154642 -17.278337 0.231113
v -5.090778 -17.408421 0.135501
v -4.919762 -17.294144 0.045588
v -7.260523 -17.027161 -0.379916
v -7.219452 -16.709116 -0.109860
v -4.991356 -17.165560 0.163361
v -6.719135 -18.938679 -4.977507
v -6.921137 -19.606939 -4.154044
v -6.931025 -18.074726 -4.272134
v 2.215105 -13.751285 14.237275
v -7.356552 -11.462706 2.498249
v -4.894186 -9.904404 1.273343
v -8.628592 -12.470255 4.559282
v -8.809570 -12.582462 5.784505
v -6.069397 -12.047770 9.928415
v -15.389057 -19.662762 3.599366
v -15.452518 -20.096069 3.842194
v -15.440208 -19.032497 3.582270
v -15.753548 -18.347988 4.170186
v -0.356819 13.227659 4.010306
v 0.392349 13.452148 3.353688
v -0.901932 16.295958 -0.037361
v -13.160961 -0.805532 26.905502
v 9.764551 -7.719316 25.900949
v 9.942173 -7.653423 26.136496
v 9.486206 -7.839465 26.081409
v 7.983994 -5.395806 25.760380
v 7.864976 -4.990035 25.298784
v 7.433259 -5.613988 25.886385
v 7.833147 -5.825381 26.022202
v 8.174358 -6.202294 26.152958
v 8.483389 -5.300900 25.632158
v 8.542090 -4.931909 25.137638
v 9.875488 -5.323486 25.174046
v 9.854612 -5.712451 25.683130
v 10.212992 -5.542706 25.205072
v 10.398055 -5.654325 24.865368
v 9.947890 -5.461286 24.516163
v 10.269070 -5.940867 24.840040
v 10.540961 -6.098268 25.346273
v 10.316414 -6.291366 25.140173
v 10.295109 -5.882760 25.566624
v 10.207390 -6.422307 25.936090
v 10.468515 -6.636845 25.734104
v 9.736238 -6.220380 26.012074
v 9.541576 -6.739894 26.249201
v 9.338954 -7.117612 26.360643
v 8.018171 -6.506876 26.255533
v 7.642578 -6.223825 26.205830
v 7.358091 -6.787778 26.111799
v 7.269402 -6.043526 26.082041
v 7.021766 -6.479209 26.035183
v 8.497380 -5.146602 24.246424
v 7.830665 -5.017634 24.369579
v 9.229425 -5.305512 24.382559
v 9.914966 -5.790029 24.514263
v 9.185618 -5.655012 24.302460
v 9.817038 -6.235343 24.730494
v 9.777395 -6.768152 25.077169
v 10.333814 -6.725914 25.475445
v 10.087882 -7.334884 25.745819
v 9.497880 -7.237211 25.303850
v 10.240592 -7.267345 26.016190
v 9.999442 -7.001248 26.207729
v 9.742995 -7.377240 26.332470
v 9.472885 -7.591358 26.280231
v 9.076192 -7.574790 26.245403
v 7.760432 -5.361219 24.198301
v 8.437492 -5.528766 24.091608
v 9.103022 -6.084222 24.467407
v 8.789689 -7.036050 24.997068
v 9.190432 -7.650245 25.599861
v 8.496387 -7.424638 25.339624
v 9.053479 -7.739621 25.926908
v 8.378116 -7.497437 25.779690
v 7.288337 -7.025449 25.694529
v 7.690578 -7.250691 25.629944
v 6.960258 -6.663443 25.711941
v 7.694255 -5.712438 24.285997
v 7.586992 -6.119317 24.510780
v 6.914572 -5.797114 24.603542
v 6.975756 -5.512214 24.437330
v 8.365615 -5.949835 24.208748
v 8.057738 -6.852500 24.694405
v 7.423180 -6.535829 24.783684
v 7.785773 -7.202538 25.078117
v 7.209404 -6.805449 25.165182
v 6.616963 -6.329589 25.499817
v 6.667466 -6.302883 25.195257
v 6.781203 -6.119240 24.875181
v 11.567043 -3.381299 21.298609
v 11.422518 -3.427110 21.020956
v 11.599360 -3.256446 21.209330
v 11.723618 -3.114642 21.472736
v 10.965049 -4.529678 21.439810
v 10.985516 -4.389489 21.247322
v 11.066037 -4.153576 21.102953
v 11.153240 -4.152637 21.518009
v 11.720304 -3.448394 22.003666
v 11.652618 -3.658162 22.078066
v 11.571873 -3.632997 21.819725
v 11.693815 -3.390961 21.788382
v 11.776985 -3.149647 21.847900
v 11.766409 -3.309148 22.148983
v 11.717278 -3.572455 22.309498
v 11.001169 -4.665191 21.973589
v 10.988791 -4.651710 21.844103
v 11.103668 -4.489434 21.933382
v 11.107944 -4.552543 22.087879
v 10.896154 -4.761422 22.003349
v 10.847294 -4.782586 21.832071
v 10.995448 -4.657447 22.210085
v 11.235543 -4.384517 22.431070
v 11.292877 -4.306502 22.237631
v 10.818182 -4.636407 22.379782
v 10.664919 -4.801360 22.132200
v 11.096992 -4.316176 22.597599
v 11.533407 -3.940684 22.531429
v 11.383953 -3.852887 22.702707
v 10.923857 -3.583033 22.894878
v 10.680073 -4.076325 22.773623
v 11.545471 -3.376355 22.647301
v 11.077503 -3.090295 22.847706
v 11.621675 -3.001845 22.414289
v 11.156976 -2.695525 22.580816
v 10.426056 -2.349551 22.684343
v 10.296794 -2.692033 22.942369
v 11.170884 -2.471005 22.149614
v 10.463655 -2.132780 22.270237
v 11.097482 -2.411359 21.644012
v 10.408298 -2.075286 21.796295
v 9.628483 -1.874246 21.938761
v 9.651845 -1.892761 22.345587
v 10.246783 -2.233369 21.366043
v 10.029273 -2.645042 21.039633
v 9.089206 -2.979693 20.923443
v 8.211626 -2.105415 21.463552
v 8.296619 -1.827262 21.728228
v 8.009779 -2.627398 21.202679
v 7.814753 -3.077260 21.116882
v 7.521368 -3.738412 21.684219
v 7.582292 -3.631476 21.399918
v 8.162262 -3.973203 21.346098
v 8.092125 -4.138391 21.732977
v 7.677829 -3.395878 21.189383
v 8.247090 -3.694615 21.053881
v 8.819689 -3.960780 20.951935
v 8.729441 -4.256106 21.290691
v 8.924752 -3.524610 20.821499
v 9.553502 -3.764727 20.745516
v 9.450324 -4.240262 20.923126
v 9.767872 -3.197049 20.809153
v 10.780986 -2.974415 20.912045
v 10.537093 -3.475060 20.749315
v 10.938438 -2.591813 21.192232
v 11.539318 -2.721272 21.515160
v 11.379990 -2.869847 21.097252
v 11.631727 -2.775083 21.997650
v 11.758528 -3.180793 22.266441
v 11.781677 -2.983378 21.909954
v 11.706533 -3.502999 22.465261
v 11.546001 -3.960971 22.376299
v 11.511597 -3.959252 22.199322
v 10.821859 -4.749651 21.619953
v 10.811452 -4.646506 21.366045
v 10.556746 -4.815637 21.595573
v 10.552896 -4.699134 21.296076
v 10.584497 -4.853940 21.876076
v 10.222446 -4.720716 22.285749
v 10.121889 -4.829361 21.980869
v 10.400636 -4.463960 22.554224
v 9.811788 -3.673175 22.870817
v 9.647568 -4.224200 22.655849
v 10.085755 -3.121341 23.004105
v 9.473293 -2.386679 22.917675
v 9.597871 -2.081045 22.701439
v 8.960203 -1.933887 22.687510
v 9.000004 -1.787314 22.373764
v 8.343106 -1.719590 22.373131
v 8.317449 -1.850179 22.665665
v 8.336055 -1.707313 22.044189
v 7.570216 -3.605097 22.261688
v 8.081179 -3.999714 22.308228
v 7.723094 -3.371186 22.491537
v 7.503647 -3.735711 21.975172
v 8.046286 -4.141994 22.051786
v 8.668777 -4.458034 22.132519
v 8.692535 -4.339209 22.397509
v 8.673801 -4.444278 21.744373
v 9.438366 -4.710836 21.665541
v 9.493508 -4.719205 22.065084
v 9.422523 -4.541897 21.255547
v 10.108042 -4.398318 20.931040
v 10.057183 -4.681584 21.246054
v 10.272103 -3.979108 20.724937
v 10.908083 -3.684264 20.761347
v 10.704179 -4.122714 20.808203
v 11.182137 -3.184665 20.861073
v 11.579409 -3.068564 21.096939
v 11.366922 -3.337760 20.900646
v 11.723997 -2.937089 21.474953
v 11.171437 -3.820899 20.988028
v 11.081758 -3.794526 20.861073
v 10.927882 -4.192990 20.936739
v 10.842424 -4.471974 21.129229
v 10.590380 -4.465376 21.018105
v 10.062456 -4.818888 21.616785
v 9.563498 -4.570872 22.397825
v 8.784844 -4.050538 22.572903
v 8.994240 -3.481477 22.797050
v 8.181732 -2.447285 22.881582
v 8.001219 -2.906383 22.759060
v 8.264263 -2.102326 22.851505
v 11.281979 -3.850809 21.455008
v 10.971738 -3.676705 17.085045
v 10.850064 -3.802499 17.391827
v 10.803629 -3.880572 17.097076
v 10.976613 -3.629375 16.899204
v 10.785279 -3.850410 16.776682
v 8.628157 -1.784702 19.042870
v 9.655444 -1.602174 19.121067
v 8.559304 -1.038194 19.117270
v 8.272964 -1.391759 19.076111
v 9.879565 -1.085126 18.948206
v 8.772389 -0.616237 18.853861
v 8.808094 -2.196385 18.937759
v 9.688637 -2.103014 19.006144
v 11.789228 -2.194662 18.486294
v 11.577028 -1.987557 18.681000
v 11.436291 -2.371308 18.837715
v 11.717854 -2.456574 18.453686
v 7.910800 -2.306577 18.592354
v 8.339320 -2.332415 18.798773
v 8.192845 -1.981938 18.881088
v 7.907706 -2.024695 18.613249
v 9.939416 -0.680020 18.003803
v 8.919057 -0.693145 17.723301
v 8.790393 -0.505521 18.258663
v 9.625519 -2.487473 18.836765
v 9.161157 -2.889102 18.645224
v 10.043996 -3.479602 18.270376
v 10.508061 -2.960040 18.625914
v 9.119366 -3.836640 17.892363
v 8.566152 -3.075333 18.556261
v 8.554455 -3.840151 17.918957
v 10.993588 -3.530849 16.650993
v 11.055424 -3.316447 16.442675
v 11.217021 -2.908724 16.357510
v 11.430365 -2.617730 16.882742
v 8.599731 -1.693170 16.211559
v 9.748439 -1.650628 16.223906
v 9.654146 -2.450738 16.092203
v 8.717061 -2.517774 16.165653
v 8.041792 -2.095782 16.222324
v 8.190482 -2.670930 16.228973
v 8.835765 -0.950622 16.578493
v 9.899018 -1.056231 16.682968
v 7.976254 -1.681693 18.923195
v 8.898723 -0.681403 17.187305
v 9.903831 -0.753192 17.401007
v 11.109471 -1.093364 18.013935
v 11.058169 -1.066426 17.335470
v 9.945099 -0.779085 18.529667
v 11.070695 -1.303210 18.523653
v 10.973014 -1.631563 18.845947
v 10.876719 -2.027601 18.954855
v 10.760747 -2.460889 18.868740
v 11.276627 -2.716856 18.745903
v 11.537535 -2.750020 18.394482
v 10.962712 -3.190547 18.443871
v 11.224010 -3.161836 18.188063
v 10.641544 -3.636698 18.004753
v 10.967068 -3.566149 17.765408
v 11.358200 -3.001981 17.874949
v 11.684086 -2.444237 17.947132
v 11.855430 -1.976407 18.001272
v 11.814862 -1.944158 17.451979
v 11.687811 -1.521747 17.377262
v 11.718021 -1.607457 18.008236
v 11.706190 -2.050586 16.899204
v 11.531450 -1.649915 16.713680
v 11.463031 -2.326241 16.412281
v 11.277702 -2.100232 16.227705
v 10.976029 -2.850772 16.031101
v 10.815753 -3.398795 16.175785
v 10.773715 -3.703671 16.454071
v 10.317741 -3.984575 16.677588
v 10.287827 -3.752305 16.285959
v 10.376519 -4.042336 17.100876
v 10.474934 -3.930169 17.523529
v 9.772698 -3.898032 17.697023
v 9.638778 -3.959626 16.624716
v 9.597222 -3.704364 16.243851
v 9.573827 -3.241129 16.077007
v 10.314474 -3.353125 16.018120
v 10.578346 -2.665147 15.968732
v 10.767123 -1.833465 16.152357
v 10.912749 -1.295884 16.641497
v 8.732776 -3.258308 16.205862
v 8.292061 -3.948731 16.745972
v 8.226924 -3.702704 16.465786
v 8.418502 -4.023119 17.273104
v 7.870862 -3.918727 17.408289
v 7.783162 -3.830199 16.933079
v 8.008129 -3.809403 17.912941
v 7.495990 -3.581016 17.914207
v 7.408401 -3.645243 17.524796
v 8.066864 -3.143489 18.460966
v 7.590075 -3.062930 18.342876
v 7.602199 -2.372028 18.499590
v 7.354360 -3.540435 17.119869
v 7.395074 -3.281461 16.810240
v 7.760776 -3.509229 16.613636
v 7.478940 -2.852522 16.758635
v 7.798690 -3.104291 16.481932
v 8.209016 -3.293651 16.306221
v 7.820374 -2.711490 16.398983
v 10.961163 -3.818223 23.410612
v 11.013513 -3.868245 23.078188
v 10.520787 -3.661375 22.984793
v 10.549088 -3.600852 23.436256
v 11.224070 -4.080890 23.339064
v 10.258746 -5.524249 24.104906
v 10.883947 -5.383517 24.287266
v 10.244468 -5.491498 24.544971
v 10.434615 -3.991496 22.721069
v 10.936674 -4.158512 22.870817
v 10.408630 -4.398761 22.715370
v 10.367346 -4.177487 24.443344
v 10.802435 -4.521119 24.439547
v 10.996974 -4.174348 23.963385
v 10.517029 -3.861604 24.006760
v 10.321347 -4.559415 24.692822
v 10.362172 -5.099971 24.767221
v 11.014787 -4.930018 24.476273
v 9.681662 -4.428546 24.810278
v 9.549376 -4.973378 24.827692
v 9.787962 -3.972528 24.560167
v 9.102326 -3.775735 24.662745
v 8.976541 -4.221131 24.875813
v 9.889167 -3.586658 24.102055
v 9.199072 -3.380975 24.216976
v 9.905033 -3.323602 23.507807
v 9.824245 -3.425727 23.013603
v 11.155550 -4.383704 23.129791
v 11.292967 -4.508971 23.896587
v 11.215024 -4.936585 23.722776
v 9.453310 -5.362475 24.454426
v 8.830448 -4.735209 24.862833
v 8.720606 -5.123542 24.416119
v 8.287837 -4.030591 24.860933
v 8.157331 -4.468383 24.825476
v 8.424129 -3.604808 24.665596
v 8.516957 -3.275484 24.311008
v 9.195721 -3.118363 23.617664
v 8.486822 -3.106936 23.738918
v 9.114977 -3.248370 23.111115
v 9.006546 -3.781985 22.713154
v 9.750911 -3.899331 22.651731
v 9.778692 -4.472280 22.581450
v 8.941282 -4.354063 22.567520
v 9.785563 -4.844179 22.765072
v 8.919147 -4.690216 22.681177
v 10.587733 -4.740209 22.969278
v 10.621922 -5.148437 23.486914
v 9.736443 -5.170617 23.151951
v 9.534861 -5.460681 23.844032
v 8.738350 -5.275781 23.735123
v 8.868940 -5.021059 23.050644
v 8.088233 -4.795951 24.424982
v 7.734207 -4.276271 24.685541
v 7.681604 -4.528000 24.379393
v 7.856578 -3.934994 24.729229
v 7.972135 -3.580852 24.582964
v 8.024297 -3.319385 24.267635
v 8.007055 -3.176209 23.880123
v 8.424166 -3.231008 23.284607
v 8.332815 -3.699652 22.929701
v 7.855298 -3.649418 23.123777
v 7.922413 -3.328636 23.330515
v 8.248190 -4.179707 22.773623
v 8.218269 -4.460551 22.850241
v 8.177020 -4.775335 23.178232
v 8.091683 -4.971505 23.769632
v 7.657023 -4.652769 23.816486
v 7.760955 -4.028429 23.013918
v 7.722693 -4.250167 23.073755
v 7.696741 -4.491345 23.323864
v 11.553120 -2.864876 18.915279
v 11.734699 -2.624244 18.983665
v 11.906084 -2.538714 19.254990
v 11.069020 -4.023145 20.335526
v 11.143742 -3.940613 20.277271
v 11.187757 -3.843014 20.386499
v 11.142149 -3.880585 20.543844
v 11.071303 -4.062352 20.114227
v 9.021052 -3.848702 20.290251
v 8.826371 -3.944311 19.945797
v 8.902184 -3.517415 20.535614
v 8.319618 -3.584205 20.270620
v 9.613988 -3.540141 20.702143
v 11.377340 -3.593965 19.312609
v 11.524990 -3.136373 19.263220
v 11.563961 -3.180535 19.523146
v 11.458618 -3.143655 19.061232
v 7.771296 -3.132813 20.193058
v 7.626394 -3.411547 19.847652
v 8.124801 -3.848317 19.729563
v 8.747169 -3.954820 19.503197
v 11.851079 -2.775159 19.980625
v 11.552313 -3.228070 19.845121
v 8.112659 -2.105870 20.615078
v 7.951639 -2.617912 20.481159
v 8.669272 -2.208319 20.747099
v 8.161111 -1.787921 20.560308
v 9.223596 -2.265206 20.898748
v 8.206054 -1.567698 20.350090
v 10.128180 -1.898685 20.915844
v 10.213760 -1.584143 20.553343
v 10.272590 -1.422577 20.125307
v 10.232942 -1.480351 19.627302
v 11.122799 -1.684257 19.928701
v 11.077878 -1.736978 19.406002
v 10.113656 -1.755786 19.191034
v 10.969346 -2.011340 18.984615
v 10.816817 -2.424924 18.711710
v 9.927672 -2.181519 18.851011
v 11.497740 -2.274153 18.891851
v 11.297089 -2.629210 18.711393
v 11.069440 -3.071527 18.648390
v 10.550114 -2.922487 18.569242
v 10.998746 -3.482949 18.763632
v 10.460061 -3.398469 18.606600
v 11.290510 -3.133457 18.737671
v 11.220942 -3.491475 18.876022
v 11.014777 -3.790223 19.016273
v 11.234468 -3.762959 19.122019
v 11.311701 -3.453137 18.980183
v 11.317631 -3.693385 19.213514
v 11.206564 -3.954160 19.454128
v 11.016989 -3.995498 19.360413
v 11.288616 -3.870289 19.536125
v 11.212592 -3.926085 19.879311
v 11.104548 -4.074434 19.852404
v 11.329799 -3.544892 20.536249
v 11.515778 -3.153716 20.687899
v 11.466654 -3.096462 20.825932
v 11.281534 -3.563527 20.704676
v 11.747623 -2.842885 20.430822
v 11.739988 -2.706891 20.590702
v 11.934487 -2.624595 20.070854
v 11.937637 -2.386684 20.183561
v 12.027985 -2.459938 19.616856
v 12.011986 -2.273993 19.650415
v 11.936901 -2.629658 19.599127
v 11.910505 -2.297550 19.181854
v 11.677534 -2.062268 19.241690
v 11.770676 -2.039910 19.730513
v 11.697371 -2.479674 18.887104
v 11.491035 -2.758590 18.769646
v 11.374932 -3.139618 18.861460
v 11.071198 -1.862773 20.433353
v 11.710000 -2.180118 20.271572
v 10.958618 -2.204268 20.856009
v 9.975580 -2.377124 21.023169
v 10.814356 -2.736876 20.992460
v 9.767266 -2.982688 20.923443
v 9.021875 -2.896929 20.785725
v 10.298472 -4.018144 20.427338
v 10.416554 -3.717082 20.727787
v 10.616841 -3.287435 20.905079
v 11.263959 -2.975486 20.908562
v 11.037002 -3.524292 20.821815
v 11.502001 -2.483254 20.732536
v 10.861825 -3.879859 20.658770
v 10.789687 -4.083564 20.413723
v 10.819226 -4.148488 20.125307
v 9.590396 -4.038156 19.378460
v 8.730640 -3.826098 19.071995
v 9.644080 -3.889934 18.968784
v 8.753763 -3.513705 18.750017
v 9.680010 -3.640602 18.694614
v 8.103889 -3.797500 19.265434
v 8.091485 -3.561128 18.964670
v 7.600053 -3.487491 19.471220
v 7.646662 -3.321338 19.139112
v 8.237535 -1.462537 20.014500
v 8.235702 -1.484914 19.636168
v 8.196083 -1.659081 19.334452
v 9.374281 -1.716002 19.304060
v 9.165732 -2.135953 18.998861
v 9.724353 -2.751798 18.609449
v 8.911293 -2.803168 18.742420
v 9.693518 -3.285403 18.552464
v 10.479688 -3.750178 18.829800
v 10.484368 -3.976413 19.171406
v 10.913804 -4.133183 19.763752
v 8.802789 -3.247878 18.687649
v 8.176043 -3.238677 18.826633
v 7.754187 -3.005925 18.950106
v 7.911428 -2.580547 18.946939
v 8.105381 -2.005671 19.109354
v 11.363778 -2.384746 15.794605
v 11.094180 -3.046990 15.081634
v 11.336724 -2.477268 15.009450
v 8.813336 -1.116298 16.071941
v 8.465514 -1.463674 16.209345
v 8.703826 -1.769993 16.495228
v 9.445295 -1.482125 16.370806
v 8.909796 -3.474599 14.889777
v 9.473047 -3.454406 15.733502
v 8.567960 -3.393612 15.983295
v 8.469462 -3.286738 14.898957
v 9.636300 -3.189264 14.122033
v 10.330954 -3.325240 15.394745
v 8.679223 -3.045475 14.244239
v 8.838802 -2.649103 13.863693
v 9.547920 -2.691671 13.623397
v 7.935311 -3.085988 16.077007
v 8.052419 -3.009091 15.024014
v 10.575845 -1.307597 16.232138
v 10.490228 -0.475277 15.542279
v 9.043614 -0.555015 15.693610
v 10.088071 -0.527971 14.073912
v 10.565857 -1.522050 13.274193
v 9.695111 -1.411456 13.474280
v 10.985810 -0.669092 13.874774
v 11.253559 -1.354504 14.320855
v 10.482980 -2.543236 13.416344
v 10.695892 -2.861071 13.842164
v 11.382568 -0.577072 15.248796
v 10.632445 -2.478688 16.199846
v 9.717348 -2.626695 16.386637
v 8.801656 -2.718334 16.532270
v 8.231269 -2.010667 16.632315
v 8.172002 -2.606496 16.611736
v 11.395877 -1.469127 15.810751
v 8.987543 -1.423958 13.727874
v 8.254003 -2.491917 14.112219
v 8.375626 -1.371605 14.045100
v 8.146589 -2.824310 14.430715
v 8.669325 -0.659471 14.539939
v 9.459597 -9.470499 26.654762
v 9.403495 -9.881677 26.766521
v 9.842176 -9.413842 26.457838
v 9.128059 -9.823398 26.789310
v 9.463802 -10.054096 26.273897
v 9.391183 -9.656634 26.398954
v 9.759480 -9.506920 26.232426
v 9.078408 -9.919643 26.538572
v 8.791101 -10.372889 26.659826
v 9.089409 -10.616603 26.421749
v 8.754166 -10.662987 26.716181
v 8.824697 -10.664446 26.854216
v 8.879010 -10.353957 26.864033
v 9.135938 -10.819291 26.757971
v 9.232970 -10.503668 26.811159
v 9.036927 -10.850760 26.541422
v 9.473642 -10.975483 26.619621
v 9.357854 -11.018114 26.388821
v 9.845867 -11.254765 26.130798
v 9.972953 -11.207098 26.374893
v 9.829691 -11.042639 25.944323
v 9.373893 -10.812273 26.236856
v 10.471375 -11.288748 25.516287
v 10.525367 -11.524369 25.737585
v 9.942819 -10.661207 25.881004
v 11.250512 -11.136095 24.974907
v 11.195827 -11.471792 25.050259
v 11.384516 -10.779015 24.938501
v 10.940255 -10.065881 25.472281
v 11.628752 -10.419248 24.971111
v 11.783548 -10.460295 25.315884
v 11.133016 -10.095580 25.800272
v 10.089990 -10.250637 25.858843
v 10.319921 -9.761126 25.898733
v 10.480216 -9.721995 26.183353
v 11.070322 -10.534557 26.177021
v 11.753125 -10.900294 25.765764
v 11.569192 -11.395097 25.807871
v 10.839178 -11.113400 26.208364
v 10.662827 -11.481440 26.032021
v 11.406844 -11.706530 25.622345
v 10.360594 -10.161955 26.477787
v 10.128921 -10.840341 26.501844
v 9.811562 -9.960604 26.671543
v 9.589544 -10.644433 26.698452
v 11.265203 -11.717078 25.312401
v 13.839622 -1.798636 13.417927
v 14.256773 -2.408892 14.511763
v 13.560645 -2.476379 14.370244
v 11.829103 -0.098279 14.541840
v 11.982646 0.044317 13.988114
v 11.507452 -0.158740 14.232842
v 13.731119 -1.068996 13.094999
v 11.367349 -0.758982 13.219104
v 11.931840 -0.486893 13.042129
v 11.830599 -0.983481 12.952216
v 11.522653 -0.923355 13.057642
v 13.232113 -0.059919 14.123297
v 13.852762 -0.217419 14.172373
v 13.726874 -0.331621 13.458134
v 13.549627 -1.624948 15.722105
v 13.621416 -2.402872 15.244679
v 14.203772 -1.888104 15.318130
v 14.115276 -1.528697 15.449833
v 12.683085 -1.715667 15.929158
v 12.532287 -2.666142 14.334469
v 11.858347 -2.668344 15.589451
v 11.568550 -2.748664 14.423429
v 11.492249 -1.955479 13.385950
v 12.403500 -1.991435 13.361257
v 11.127046 -2.632170 14.511446
v 11.071237 -1.794377 13.485044
v 10.966987 -2.396342 14.588379
v 10.880311 -1.598418 13.686716
v 10.947620 -1.147951 14.314840
v 11.322620 -0.363569 13.720591
v 11.153843 -0.780110 14.854002
v 11.150773 -1.581960 15.544811
v 11.140661 -2.351436 15.544811
v 11.375066 -2.587420 15.681581
v 11.907478 -1.679971 16.076691
v 11.423832 -1.589700 15.969998
v 13.413237 -0.899606 15.616045
v 12.586541 -0.807807 15.641057
v 14.012108 -0.928983 15.453316
v 14.042992 -0.498026 14.980957
v 13.559791 -0.384698 15.008500
v 12.872015 -0.203782 14.923652
v 14.278843 -0.469522 14.378476
v 12.223881 -0.099448 14.742559
v 11.866026 -0.684177 15.496690
v 11.456987 -0.662610 15.245628
v 12.554033 0.074625 14.038136
v 12.592407 -0.151921 13.383418
v 12.542772 -0.520426 13.043078
v 13.698555 -0.632999 13.154836
v 12.490637 -1.034056 12.924671
v 11.948030 -0.115377 13.417294
v 14.334262 -2.398249 15.022114
v 12.225025 -2.038219 20.626795
v 11.927699 -2.398384 20.631227
v 12.099388 -2.353911 21.026653
v 12.401436 -1.901551 19.011843
v 12.099863 -1.888637 19.243589
v 12.071491 -1.860256 19.486734
v 12.653679 -1.703000 19.419302
v 13.976364 -4.774812 19.647249
v 13.095893 -4.310314 19.298046
v 13.229841 -4.196894 19.014694
v 11.729406 -3.224339 20.171215
v 11.680157 -3.397307 20.524851
v 11.770845 -2.856750 20.741718
v 11.811758 -2.820752 20.028112
v 12.566778 -4.420611 20.775911
v 12.974936 -4.643115 20.459000
v 13.281937 -4.498235 20.805037
v 12.479021 -4.219911 21.010824
v 12.505554 -3.882036 19.178373
v 13.006659 -4.456962 19.673527
v 12.500996 -4.352008 20.078453
v 12.042170 -3.814404 19.499718
v 13.544216 -4.828305 20.057558
v 13.793238 -4.746313 20.436522
v 14.066261 -4.468031 20.581520
v 13.535099 -4.097357 20.989613
v 14.245745 -4.140321 20.560310
v 13.899742 -3.534649 21.004175
v 13.758707 -3.119133 18.607235
v 13.543941 -3.709891 18.678783
v 12.696095 -3.063210 18.692400
v 13.270860 -2.518620 18.583490
v 13.315380 -4.027625 18.822203
v 12.501877 -3.564603 18.865894
v 11.932053 -3.420759 19.087194
v 12.023238 -2.868455 18.904835
v 11.792996 -3.738684 19.863483
v 12.060081 -4.218523 20.472927
v 11.866051 -4.061244 20.737602
v 12.688579 -3.723224 21.315073
v 12.229427 -3.653438 21.338184
v 13.007420 -3.819377 21.244469
v 13.390797 -3.146665 21.306524
v 12.993527 -2.999682 21.414165
v 13.667883 -2.614346 21.017157
v 13.268459 -2.444444 21.129547
v 14.133725 -2.997402 20.758183
v 13.765640 -2.280034 20.558727
v 13.398232 -2.094455 20.655605
v 14.235910 -2.687834 20.322546
v 13.752698 -2.086423 19.877731
v 13.377156 -1.870049 19.943899
v 14.230730 -2.579847 19.763439
v 13.673634 -2.036340 19.264170
v 13.283424 -1.813122 19.311659
v 14.174513 -2.619618 19.246441
v 13.507210 -2.203650 18.763948
v 13.071705 -1.980071 18.823153
v 14.014524 -2.773160 18.799725
v 12.839714 -2.307760 18.662006
v 12.220526 -2.211987 18.869692
v 11.758278 -2.824134 19.182171
v 11.670362 -3.361115 19.469955
v 11.664443 -3.303548 19.775787
v 11.719349 -2.809262 19.482937
v 11.710318 -3.644862 20.143354
v 11.806164 -3.606903 21.133030
v 12.500647 -2.921103 21.478752
v 11.976233 -2.867959 21.344198
v 12.728055 -2.339017 21.202364
v 12.847329 -1.947906 20.723673
v 12.809631 -1.714286 20.014183
v 11.933132 -2.199681 19.113468
v 11.852477 -2.203834 19.394922
v 11.931912 -2.223770 19.970488
v 12.175076 -1.853249 20.017666
v 14.335658 -2.772752 16.115633
v 14.082745 -3.112038 16.278996
v 13.684134 -2.952762 16.019072
v 13.955193 -2.352242 16.067511
v 14.018757 -3.321505 16.295460
v 13.473540 -3.460225 16.168505
v 14.217554 -3.415881 16.426529
v 14.023649 -3.673741 16.313505
v 12.704287 -3.779598 18.203577
v 11.896355 -3.681137 18.170650
v 12.585312 -3.870391 17.592865
v 12.568931 -1.217418 17.682777
v 12.463821 -1.175009 17.106573
v 11.882540 -1.341172 17.510550
v 12.414313 -1.354198 18.107649
v 11.683613 -1.604326 16.496494
v 12.180627 -1.535760 16.244802
v 11.865524 -2.262781 16.032051
v 11.463172 -2.098846 16.664925
v 14.336077 -2.335662 17.578934
v 14.354855 -2.044412 17.263924
v 13.484979 -1.403141 17.629272
v 13.430628 -1.595823 18.046547
v 14.282938 -1.988315 16.692152
v 13.439901 -1.342581 16.919785
v 13.147139 -1.761762 16.056112
v 12.778908 -2.550879 15.833547
v 12.534877 -3.143147 16.080175
v 13.902733 -4.029485 16.568365
v 13.275829 -3.871034 16.636749
v 14.246952 -3.958236 17.266771
v 13.618616 -3.890421 17.754330
v 13.386093 -4.033759 17.332308
v 14.027822 -4.136008 17.007483
v 13.843136 -3.481129 17.925922
v 12.862038 -3.251847 18.573360
v 14.170008 -2.791974 17.828094
v 13.236552 -2.211195 18.455904
v 12.150603 -1.970666 18.620850
v 11.672951 -1.999009 17.950298
v 11.678415 -2.994775 16.391071
v 12.441854 -3.638125 16.749773
v 11.670469 -3.525505 17.208202
v 11.467934 -2.890432 17.870199
v 11.861244 -3.078495 18.684484
v 11.306314 -2.674998 16.921366
v 11.444862 -4.293623 22.681179
v 11.263867 -4.401589 22.016962
v 11.299441 -4.577037 22.451645
v 12.691395 -3.610345 21.354013
v 13.431572 -4.058192 21.136196
v 13.017781 -4.540004 20.895584
v 12.347589 -4.079596 21.158041
v 12.791563 -5.005946 20.997845
v 12.087664 -4.656659 21.242887
v 13.558432 -4.874780 20.837963
v 13.376753 -5.269475 20.902864
v 12.732098 -5.437690 21.379025
v 13.299633 -5.637189 21.230225
v 13.847078 -5.415628 20.963335
v 13.772083 -5.704331 21.209963
v 13.854519 -5.898541 21.670609
v 13.368729 -5.901027 21.832071
v 13.951078 -5.198642 20.899067
v 13.931458 -4.448079 21.084274
v 12.907328 -3.383042 21.749441
v 13.710539 -3.856179 21.624702
v 11.924831 -3.287436 21.975805
v 12.265881 -3.263652 21.876711
v 12.100344 -3.394723 21.474636
v 11.808092 -3.788411 21.390738
v 11.594580 -4.340640 21.441076
v 11.934811 -5.059505 21.624069
v 12.799093 -5.709315 22.073950
v 14.044371 -5.729326 22.049253
v 13.589148 -5.688270 22.263275
v 14.191174 -4.283875 21.536371
v 13.753063 -4.011762 22.238897
v 14.232956 -4.453907 22.043242
v 12.931685 -3.495150 22.307598
v 12.799677 -4.062336 22.825228
v 13.506531 -4.556604 22.660284
v 12.293301 -3.368093 22.199322
v 11.631402 -3.697123 22.504520
v 12.206274 -3.736588 22.810350
v 11.559477 -3.698504 21.794081
v 11.382730 -4.091037 21.811176
v 11.444841 -4.748542 21.769070
v 11.469488 -4.957771 22.430119
v 13.033072 -5.435148 22.562769
v 12.277344 -4.952867 22.849606
v 13.770254 -5.386746 22.385796
v 13.218752 -5.099194 22.693211
v 14.179600 -5.499804 22.155945
v 14.033531 -4.918536 22.366800
v 14.332273 -5.242518 22.177160
v 12.499840 -4.636743 22.953451
v 12.012135 -4.282454 23.046530
v 11.824808 -4.646873 23.021202
v 11.531300 -4.036984 22.652370
v 11.015133 -5.604823 24.337605
v 11.017023 -5.250272 24.270166
v 11.025827 -5.445733 24.004229
v 11.080052 -5.783738 24.204002
v 11.204894 -5.814670 24.425617
v 11.055449 -5.620375 24.480389
v 12.174007 -4.651772 23.066475
v 11.687204 -4.365285 23.314369
v 12.253008 -4.495166 23.472031
v 11.188892 -4.545712 23.901337
v 11.398912 -4.495718 23.172218
v 11.110634 -4.874075 23.558147
v 11.095008 -4.659398 23.781347
v 11.272343 -5.633351 24.586763
v 13.616848 -5.641911 22.671999
v 13.943586 -5.900281 22.628307
v 13.647236 -6.222486 22.402260
v 13.298929 -6.014539 22.378515
v 12.970154 -5.768217 22.409224
v 13.298605 -5.386296 22.731201
v 12.690151 -6.291347 22.655851
v 12.977221 -6.544358 22.593166
v 12.144148 -5.869658 22.834412
v 12.431708 -5.374220 22.588417
v 11.383125 -5.868274 23.685102
v 11.444578 -5.339820 23.170002
v 12.040629 -6.336564 23.389402
v 11.474466 -6.061564 24.004545
v 11.085907 -5.183919 24.442081
v 11.345447 -5.184672 24.538326
v 11.794486 -5.723470 24.503183
v 11.946577 -5.311433 24.458544
v 11.631248 -5.974866 24.310373
v 12.138720 -6.429132 23.751270
v 12.359188 -6.319022 24.088444
v 12.904235 -6.969115 23.026585
v 13.287069 -6.720031 22.576387
v 13.861547 -5.496787 23.084522
v 13.550722 -5.203906 23.200396
v 12.792685 -5.023072 22.861006
v 13.032595 -4.840333 23.336214
v 11.759615 -4.883254 22.892664
v 11.491017 -4.520108 24.054565
v 12.143027 -4.728614 24.107756
v 12.779017 -5.692763 24.227745
v 13.007473 -5.114364 23.921278
v 12.582006 -6.084167 24.271437
v 12.612976 -6.778583 23.550865
v 12.843907 -6.683129 23.824087
v 12.971334 -7.009799 23.345078
v 13.161477 -6.873877 23.572712
v 13.224392 -7.048986 22.920525
v 13.328262 -7.103129 23.126945
v 13.501152 -6.989422 23.363441
v 13.406868 -6.629642 23.772161
v 13.725006 -6.761774 23.567963
v 13.096485 -6.437839 24.005180
v 13.617291 -6.270564 23.805408
v 13.306566 -6.050732 23.999165
v 13.863171 -5.750087 23.576195
v 13.548130 -5.468537 23.732592
v 11.384381 -6.002900 25.094584
v 11.372197 -5.792733 24.630136
v 11.055773 -5.889259 25.026196
v 10.481480 -6.458766 25.341208
v 10.799068 -5.907177 24.705803
v 10.731273 -6.160268 24.688709
v 10.424751 -6.577987 25.108829
v 10.341830 -7.403073 25.485579
v 10.662236 -6.774576 24.879932
v 10.526972 -7.528131 25.317463
v 11.173474 -7.149226 24.488304
v 11.071888 -7.857945 24.990423
v 11.331125 -7.972812 25.593216
v 12.124104 -8.382034 25.204121
v 12.598519 -8.639166 24.734299
v 12.921167 -8.236060 25.063557
v 12.421979 -7.976999 25.438721
v 13.270573 -8.401521 24.735249
v 12.970293 -8.730965 24.436382
v 13.546255 -7.833247 24.684277
v 13.209038 -7.591950 25.022400
v 12.313190 -8.556636 24.176771
v 12.724728 -8.648552 23.905136
v 10.988460 -6.297403 24.463926
v 11.470215 -6.556021 24.131819
v 11.202475 -5.968300 24.366098
v 11.706469 -6.259342 24.109972
v 11.976448 -6.089243 24.454111
v 10.698690 -6.438748 25.594486
v 10.331727 -7.432323 25.773678
v 10.548582 -7.213231 25.866123
v 10.883599 -7.348356 25.872770
v 11.171721 -6.629607 25.645458
v 11.550612 -7.575862 25.755001
v 11.797246 -6.890006 25.575172
v 11.998768 -6.290278 25.028730
v 12.708136 -7.313357 25.333611
v 12.866072 -6.736325 24.830540
v 12.764128 -6.563222 24.169493
v 13.351620 -7.097312 24.591513
v 13.233591 -6.974858 23.948193
v 12.932167 -7.185246 23.469500
v 12.435635 -6.735995 23.718975
v 13.533394 -7.283843 23.818390
v 13.263254 -7.495831 23.418528
v 12.399667 -7.945596 23.752537
v 12.727062 -8.161618 23.584425
v 12.184927 -7.022760 23.716444
v 12.694769 -7.436224 23.457153
v 13.008698 -7.762368 23.372623
v 13.655071 -7.409497 24.328104
v 10.697137 -7.711786 25.755632
v 10.308978 -7.815784 26.023155
v 10.095964 -7.944364 26.102301
v 10.456233 -8.179691 26.172905
v 10.577349 -7.863895 25.962368
v 12.520313 -9.293762 24.692823
v 12.235050 -8.640312 25.029364
v 12.769993 -8.960296 25.132887
v 12.834230 -9.089504 24.915390
v 12.293039 -8.760107 25.465631
v 12.749903 -9.022733 25.403263
v 11.846454 -10.129335 25.366537
v 10.954106 -9.965822 25.805973
v 10.859522 -9.852404 25.519768
v 11.561934 -9.869816 24.974907
v 9.580151 -9.286675 26.142511
v 9.852555 -9.419993 26.007008
v 9.905640 -9.531033 26.224825
v 9.544111 -9.260879 26.299227
v 12.293064 -10.245514 25.601452
v 12.405738 -9.975654 25.660337
v 11.764947 -10.112967 25.733152
v 12.551081 -9.605447 25.638176
v 12.681267 -9.272590 25.584356
v 12.212005 -9.020102 25.719542
v 11.620835 -8.336797 25.700861
v 11.514582 -8.630968 25.966484
v 11.958480 -8.723950 24.617474
v 12.253271 -9.086901 24.435116
v 12.040627 -9.353552 24.513948
v 11.753586 -9.006393 24.580750
v 11.813742 -9.631905 24.732082
v 12.332710 -9.635827 24.853970
v 12.162365 -9.788871 25.027147
v 10.406362 -9.750997 26.041832
v 10.340068 -9.652519 25.790142
v 11.045061 -9.863043 25.998777
v 10.485504 -9.636427 26.197598
v 11.180955 -9.515707 26.124781
v 11.348595 -9.041827 26.115286
v 11.061375 -8.026647 25.859159
v 10.951989 -8.358778 26.106735
v 11.035196 -7.911882 25.587837
v 10.551965 -7.742468 25.753733
v 10.854667 -8.007383 25.330446
v 10.422204 -7.848775 25.549212
v 11.539103 -9.352901 24.747278
v 11.362417 -9.640370 24.946733
v 10.357531 -9.277748 25.578657
v 9.855165 -9.068263 25.873722
v 9.994067 -9.388221 26.335951
v 10.611507 -9.294111 26.286243
v 10.059363 -9.051735 26.371092
v 10.779895 -8.802259 26.257433
v 10.195825 -8.555855 26.312838
v 9.762794 -8.336664 26.258385
v 9.634355 -8.300793 26.092173
v 9.958670 -7.874876 25.937038
v 9.470161 -8.876871 26.234959
v 9.638768 -8.871796 26.375525
v 9.543055 -8.926041 26.065897
v 9.971162 -8.558815 25.730623
v 9.697889 -8.371115 25.940840
v 9.973020 -7.973609 25.780643
v 10.195574 -8.120905 25.591637
v 10.208162 -7.721525 25.863276
v 10.172545 -7.786218 25.689465
v 9.669411 -9.219036 26.391352
v 12.275995 -10.176128 25.336462
v 12.364437 -9.923295 25.236101
v 4.646189 -17.485136 21.298609
v 4.567208 -17.587090 21.209330
v 4.593993 -17.342793 21.020956
v 4.531078 -17.772139 21.472736
v 5.087805 -16.408289 21.247322
v 5.186165 -16.306324 21.439810
v 4.950476 -16.616327 21.102953
v 5.003090 -16.685875 21.518009
v 4.793035 -17.565306 22.003666
v 4.731399 -17.579494 21.788382
v 4.848227 -17.334948 21.819725
v 4.917537 -17.383417 22.078066
v 4.711106 -17.686972 22.148983
v 4.591419 -17.792933 21.847900
v 4.889309 -17.487001 22.309498
v 5.315450 -16.251976 21.973589
v 5.291683 -16.405359 22.087879
v 5.239150 -16.440590 21.933382
v 5.297214 -16.250433 21.844103
v 5.314153 -16.058437 21.832071
v 5.327310 -16.110033 22.003349
v 5.305824 -16.252192 22.210085
v 5.236856 -16.609093 22.431070
v 5.210230 -16.702177 22.237631
v 5.217412 -15.902699 22.132200
v 5.180719 -16.124853 22.379782
v 5.098026 -16.541321 22.597599
v 4.907166 -17.051767 22.702707
v 5.068057 -17.116259 22.531429
v 4.653074 -16.358599 22.773623
v 4.412064 -16.853252 22.894878
v 4.116343 -17.276272 22.847706
v 4.628940 -17.471380 22.647301
v 3.852862 -17.580397 22.580816
v 4.379484 -17.760525 22.414289
v 3.323640 -16.902451 22.942369
v 3.131983 -17.213961 22.684343
v 2.983393 -17.376621 22.270237
v 3.683648 -17.729059 22.149614
v 3.591697 -17.707212 21.644012
v 2.904186 -17.367729 21.796295
v 2.296965 -16.881090 22.345587
v 2.268024 -16.873941 21.938761
v 2.930397 -17.143253 21.366043
v 3.122923 -16.719320 21.039633
v 2.812416 -15.771003 20.923443
v 1.415932 -15.849243 21.728228
v 1.583935 -15.611822 21.463552
v 1.873297 -15.132784 21.202679
v 2.109787 -14.703269 21.116882
v 2.453215 -14.066673 21.684219
v 3.118811 -14.273382 21.732977
v 3.031069 -14.429931 21.346098
v 2.405912 -14.180292 21.399918
v 2.862623 -14.667487 21.053881
v 2.278021 -14.400014 21.189383
v 3.601875 -14.705445 21.290691
v 3.423507 -14.957527 20.951935
v 3.142797 -15.307508 20.821499
v 4.030292 -15.285610 20.923126
v 3.717435 -15.657902 20.745516
v 3.399453 -16.175091 20.809153
v 4.090014 -16.613403 20.749315
v 3.843257 -17.112642 20.912045
v 3.636974 -17.471285 21.192232
v 4.127062 -17.650412 21.097252
v 4.107033 -17.867342 21.515160
v 4.206276 -17.907225 21.997650
v 4.462779 -17.898378 21.909954
v 4.604761 -17.759275 22.266441
v 4.827798 -17.521002 22.465261
v 5.091809 -17.113808 22.376299
v 5.069399 -17.087646 22.199322
v 5.184588 -16.113352 21.366045
v 5.272540 -16.058472 21.619953
v 5.068011 -15.876643 21.296076
v 5.162377 -15.808688 21.595573
v 5.209654 -15.807201 21.876076
v 4.907156 -15.456337 21.980869
v 4.882750 -15.602352 22.285749
v 4.788695 -15.900393 22.554224
v 4.138415 -15.451165 22.655849
v 3.803060 -15.918214 22.870817
v 3.534215 -16.472563 23.004105
v 2.578381 -16.437651 22.917675
v 2.412865 -16.723194 22.701439
v 1.906296 -16.308868 22.687510
v 1.814716 -16.430033 22.373764
v 1.446804 -15.851695 22.665665
v 1.359213 -15.951894 22.373131
v 1.345188 -15.953828 22.044189
v 2.377659 -14.186882 22.261688
v 2.286188 -14.450925 22.491537
v 3.002426 -14.349576 22.308228
v 3.093613 -14.234921 22.051786
v 2.440237 -14.054310 21.975172
v 3.645024 -14.625405 22.397509
v 3.724473 -14.533908 22.132519
v 3.716667 -14.546300 21.744373
v 4.435678 -15.026433 22.065084
v 4.395180 -14.988223 21.665541
v 4.251861 -15.079060 21.255547
v 4.750680 -15.495578 21.246054
v 4.557747 -15.709127 20.931040
v 4.326554 -16.095396 20.724937
v 4.704515 -16.349279 20.808203
v 4.482622 -16.778551 20.761347
v 4.255146 -17.301006 20.861073
v 4.489304 -17.353489 20.900646
v 4.406396 -17.686270 21.096939
v 4.390873 -17.881079 21.474953
v 4.751834 -16.903250 20.988028
v 4.676102 -16.848454 20.861073
v 4.897119 -16.482935 20.936739
v 5.065493 -16.244640 21.129229
v 4.905916 -16.049604 21.018105
v 4.862507 -15.415737 21.616785
v 4.361038 -15.172836 22.397825
v 3.473180 -14.875048 22.572903
v 3.151199 -15.388864 22.797050
v 2.088724 -14.955311 22.759060
v 1.836048 -15.378999 22.881582
v 1.613699 -15.655345 22.851505
v 4.843128 -16.972382 21.455008
v 4.547403 -16.639301 17.085045
v 4.576741 -16.376860 17.097076
v 4.553024 -16.464672 17.391827
v 4.516807 -16.675776 16.899204
v 4.542519 -16.384754 16.776682
v 1.557707 -16.273233 19.042870
v 1.028421 -16.291758 19.076111
v 0.973909 -16.743565 19.117270
v 2.141832 -17.138227 19.121067
v 0.818913 -17.190145 18.853861
v 1.926535 -17.658901 18.948206
v 1.978764 -16.115906 18.937759
v 2.524418 -16.813553 19.006144
v 4.052190 -18.257977 18.486294
v 4.190733 -18.024439 18.453686
v 3.933263 -17.881521 18.837715
v 3.755766 -18.249704 18.681000
v 1.433207 -15.395032 18.592354
v 1.228764 -15.588827 18.613249
v 1.396458 -15.823464 18.881088
v 1.750132 -15.684912 18.798773
v 1.677217 -17.983728 18.003803
v 0.752205 -17.280136 18.258663
v 0.976492 -17.242081 17.723301
v 2.756676 -16.500454 18.836765
v 3.710163 -16.805408 18.625914
v 3.760188 -16.110535 18.270376
v 2.721663 -15.887634 18.645224
v 3.372924 -15.197905 17.892363
v 2.982500 -14.789789 17.918957
v 2.441412 -15.330450 18.556261
v 4.457819 -16.756506 16.650993
v 4.346837 -16.950317 16.442675
v 4.166608 -17.349957 16.357510
v 4.106238 -17.705788 16.882742
v 1.472216 -16.316626 16.211559
v 2.145908 -15.826930 16.165653
v 2.749943 -16.546522 16.092203
v 2.241352 -17.171194 16.223906
v 1.372993 -15.635621 16.222324
v 1.889421 -15.342063 16.228973
v 1.919285 -17.693077 16.682968
v 1.103415 -17.002838 16.578493
v 1.030005 -15.876751 18.923195
v 0.953907 -17.235582 17.187305
v 1.704845 -17.907358 17.401007
v 2.733200 -18.518129 17.335470
v 2.788427 -18.536413 18.013935
v 2.912182 -18.362623 18.523653
v 1.752340 -17.919027 18.529667
v 3.079685 -18.063595 18.845947
v 3.297013 -17.719189 18.954855
v 4.070370 -17.526669 18.745903
v 3.527345 -17.333908 18.868740
v 4.275907 -17.690653 18.394482
v 4.353477 -17.178923 18.188063
v 4.191953 -16.971296 18.443871
v 4.464701 -16.712978 17.765408
v 4.288853 -16.430258 18.004753
v 4.331677 -17.386522 17.874949
v 4.158338 -18.008543 17.947132
v 3.941373 -18.457159 18.001272
v 3.889917 -18.450602 17.451979
v 3.581097 -18.615747 18.008236
v 3.498396 -18.653456 17.377262
v 3.481584 -18.451950 16.713680
v 3.890937 -18.298401 16.899204
v 3.628543 -17.956284 16.227705
v 3.919775 -17.932034 16.412281
v 3.957326 -17.217285 16.031101
v 4.239335 -16.720884 16.175785
v 4.428825 -16.478491 16.454071
v 4.125642 -16.095903 16.285959
v 4.313354 -15.955614 16.677588
v 4.395646 -15.957556 17.100876
v 4.383695 -16.106153 17.523529
v 3.872086 -15.624467 17.697023
v 3.822921 -15.485374 16.624716
v 3.610801 -15.633083 16.243851
v 3.857570 -16.392838 16.018120
v 3.261647 -15.938544 16.077007
v 3.547248 -17.061195 15.968732
v 3.081369 -17.775595 16.152357
v 2.796812 -18.254169 16.641497
v 2.688829 -15.322787 16.205862
v 2.655947 -14.650354 16.465786
v 2.877859 -14.525789 16.745972
v 3.019180 -14.564807 17.273104
v 2.438372 -14.242772 16.933079
v 2.563122 -14.244389 17.408289
v 2.580137 -14.418840 17.912941
v 2.044874 -14.102578 17.524796
v 2.059824 -14.210070 17.914207
v 1.753368 -14.638401 18.342876
v 2.142588 -14.924611 18.460966
v 1.265549 -15.127969 18.499590
v 1.931820 -14.136677 17.119869
v 2.192301 -14.450347 16.613636
v 1.774410 -14.346147 16.810240
v 1.928118 -14.759418 16.481932
v 1.524624 -14.704952 16.758635
v 2.349443 -14.922082 16.306221
v 1.661137 -15.048424 16.398983
v 4.621056 -16.738569 23.410612
v 4.196988 -16.545639 23.436256
v 4.227543 -16.486221 22.984793
v 4.692653 -16.749369 23.078188
v 4.989540 -16.786081 23.339064
v 5.540521 -15.139403 24.104906
v 5.506020 -15.147864 24.544971
v 5.811890 -15.719736 24.287266
v 4.435789 -16.216356 22.721069
v 4.742159 -15.946325 22.715370
v 4.875227 -16.510986 22.870817
v 4.541739 -16.049345 24.443344
v 4.383615 -16.360735 24.006760
v 4.924647 -16.548992 23.963385
v 5.079895 -16.182940 24.439547
v 4.815682 -15.779273 24.692822
v 5.533111 -16.100992 24.476273
v 5.268218 -15.480812 24.767221
v 4.670902 -14.915100 24.827692
v 4.320904 -15.353100 24.810278
v 3.725406 -14.922290 24.875813
v 3.450080 -15.294308 24.662745
v 4.025255 -15.716204 24.560167
v 3.197037 -15.612371 24.216976
v 3.781974 -16.032354 24.102055
v 3.583476 -16.206144 23.507807
v 3.614820 -16.079758 23.013603
v 5.187128 -16.546604 23.129791
v 5.660824 -16.255352 23.722776
v 5.370290 -16.578648 23.896587
v 4.919882 -14.601038 24.454426
v 4.282434 -14.167982 24.416119
v 4.042628 -14.492188 24.862833
v 3.419720 -14.123044 24.825476
v 3.153299 -14.494142 24.860933
v 2.899914 -14.862468 24.665596
v 2.696234 -15.137395 24.311008
v 2.544342 -15.216971 23.738918
v 2.987272 -15.770406 23.617664
v 3.040697 -15.626993 23.111115
v 3.396419 -15.214725 22.713154
v 3.944551 -15.731968 22.651731
v 3.808835 -14.813350 22.567520
v 4.414867 -15.403088 22.581450
v 4.061173 -14.590158 22.681177
v 4.713227 -15.180967 22.765072
v 5.121817 -15.879065 22.969278
v 4.941231 -14.942660 23.151951
v 5.465627 -15.656324 23.486914
v 5.047316 -14.605736 23.844032
v 4.292137 -14.348014 23.050644
v 4.413706 -14.088866 23.735123
v 3.636533 -13.867961 24.424982
v 3.175791 -13.710287 24.379393
v 3.008730 -13.906204 24.685541
v 2.813669 -14.211811 24.729229
v 2.604404 -14.519617 24.582964
v 2.429373 -14.721144 24.267635
v 2.305716 -14.794827 23.880123
v 2.604277 -15.091214 23.284607
v 2.374489 -14.634613 23.330515
v 2.587008 -14.385534 23.123777
v 2.918921 -14.732494 22.929701
v 3.246843 -14.371827 22.773623
v 3.450811 -14.176035 22.850241
v 3.674553 -13.950802 23.178232
v 3.777499 -13.763274 23.769632
v 3.259298 -13.614786 23.816486
v 2.829063 -14.079007 23.013918
v 2.981176 -13.912786 23.073755
v 3.156059 -13.744688 23.323864
v 4.143628 -17.500198 15.278872
v 4.220977 -17.161514 15.455215
v 3.869485 -17.702461 15.794605
v 3.912113 -17.800259 15.402027
v 1.213253 -16.523165 16.050411
v 1.781765 -16.661781 16.410065
v 1.589991 -16.200205 16.495228
v 1.203588 -16.238766 16.209345
v 1.171177 -16.937346 16.093470
v 2.003918 -17.209499 16.331549
v 3.399581 -17.537472 13.777895
v 3.474723 -17.357811 13.587622
v 3.696885 -17.321886 13.955822
v 3.199726 -17.717648 13.736104
v 3.082767 -17.581612 13.417294
v 3.081932 -18.038954 13.694631
v 2.897039 -18.079414 13.443571
v 3.079372 -18.210852 13.939674
v 2.799534 -18.411026 13.717108
v 3.254492 -17.828102 14.048901
v 2.914560 -15.079134 15.047124
v 3.144577 -15.205405 15.523916
v 3.468707 -15.586985 15.278555
v 3.018351 -15.268659 14.732429
v 2.534842 -15.045856 14.702035
v 2.518938 -14.923086 15.095563
v 2.629116 -14.870295 15.670499
v 3.901537 -16.306852 14.893892
v 3.410388 -16.155771 14.015024
v 3.260616 -15.896778 14.122033
v 2.988091 -16.373852 13.553430
v 2.496693 -15.302561 14.244239
v 2.319775 -15.691835 13.863693
v 3.018778 -18.532719 14.551336
v 3.032082 -18.795982 15.170280
v 2.752558 -18.794943 14.417733
v 2.033268 -14.847692 15.203835
v 1.953266 -14.672309 15.775292
v 2.716076 -18.022705 16.164070
v 1.465349 -17.651594 15.973481
v 2.193821 -18.490438 15.830064
v 1.034332 -17.233433 15.932957
v 1.177158 -17.704844 14.837222
v 0.856527 -17.067541 14.993937
v 1.802326 -18.507809 14.570965
v 2.408463 -18.428957 13.619914
v 2.328733 -18.903305 14.412348
v 1.841961 -18.050463 13.762698
v 2.531113 -18.033154 13.296354
v 1.969933 -17.648102 13.454019
v 2.389530 -16.992813 13.360622
v 2.857859 -17.406006 13.252031
v 3.376828 -16.955706 13.416344
v 3.753844 -16.890322 13.842164
v 4.105046 -16.939936 14.708051
v 3.304513 -18.043083 14.681458
v 2.743059 -18.888321 15.564441
v 3.228304 -18.357285 15.810751
v 3.546592 -17.258715 16.130827
v 2.752068 -16.108154 16.437609
v 2.344288 -15.616757 16.532270
v 1.829033 -15.238020 16.611736
v 1.438540 -15.691765 16.632315
v 2.072699 -14.799684 16.378721
v 2.715019 -15.094067 16.296089
v 3.197052 -15.556306 16.146023
v 3.551057 -16.034363 15.985829
v 3.965840 -16.650862 15.755347
v 3.385230 -18.306276 15.351372
v 1.740410 -16.355129 13.680067
v 1.270632 -15.977900 13.969434
v 1.802464 -15.376272 14.112219
v 1.969254 -15.069489 14.430715
v 2.043009 -14.900434 14.843870
v 1.329693 -16.933315 13.775680
v 0.879454 -16.496201 14.120767
v 1.198051 -17.277800 14.064731
v 0.766951 -16.772844 14.349349
v 8.188201 -12.061447 26.654762
v 8.376361 -12.400991 26.457838
v 8.484257 -11.754969 26.766521
v 8.268235 -11.575613 26.789310
v 8.399103 -12.279200 26.232426
v 8.294959 -11.890601 26.398954
v 8.658789 -11.694613 26.273897
v 8.314538 -11.476315 26.538572
v 8.500448 -10.965202 26.659826
v 8.879369 -11.044638 26.421749
v 8.753288 -10.809967 26.854216
v 8.708838 -10.755358 26.716181
v 8.539404 -11.046032 26.864033
v 8.877464 -11.228144 26.811159
v 9.068714 -10.956285 26.757971
v 9.033022 -10.858717 26.541422
v 9.399863 -11.125835 26.619621
v 9.362736 -11.008167 26.388821
v 9.888575 -11.379051 26.374893
v 9.848657 -11.249081 26.130798
v 9.670418 -11.367218 25.944323
v 9.209459 -11.147369 26.236856
v 10.473206 -11.630668 25.737585
v 10.253245 -11.733269 25.516287
v 9.435292 -11.695482 25.881004
v 10.830139 -12.217016 25.050259
v 10.596823 -12.468233 24.974907
v 10.393869 -12.797827 24.938501
v 10.255264 -13.218245 24.971111
v 9.561049 -12.876530 25.472281
v 10.382028 -13.316419 25.315884
v 9.702485 -13.010822 25.800272
v 8.943086 -12.566942 25.898733
v 9.196553 -12.071348 25.858843
v 9.010914 -12.716250 26.183353
v 10.716734 -13.012331 25.765764
v 10.018031 -12.678995 26.177021
v 10.998487 -12.558124 25.807871
v 11.145899 -12.238304 25.622345
v 10.523499 -11.765375 26.032021
v 10.339462 -12.131760 26.208364
v 9.692942 -11.728811 26.501844
v 9.292822 -12.337940 26.477787
v 8.797625 -12.026881 26.671543
v 9.208097 -11.421774 26.698452
v 11.067297 -12.120386 25.312401
v 4.808887 -20.202148 13.417927
v 5.174254 -19.566797 14.370244
v 5.546816 -20.158699 14.511763
v 2.233658 -19.652599 14.541840
v 2.084808 -19.360909 14.232842
v 2.214819 -19.861296 13.988114
v 4.165381 -20.562775 13.094999
v 2.934731 -19.112152 12.952216
v 2.604036 -19.495792 13.042129
v 2.473850 -18.882822 13.219104
v 2.698889 -18.905085 13.057642
v 3.061918 -20.785507 14.123297
v 3.579413 -21.010880 13.458134
v 3.566251 -21.180046 14.172373
v 4.493927 -20.079334 15.722105
v 4.764041 -20.585346 15.449833
v 5.102465 -20.435432 15.318130
v 5.153297 -19.659842 15.244679
v 4.035609 -19.338144 15.929158
v 4.695123 -18.637300 14.334469
v 4.170574 -17.824818 14.423429
v 4.284362 -18.103180 15.589451
v 4.082660 -18.948269 13.361257
v 3.496650 -18.249512 13.385950
v 3.111483 -18.015366 13.485044
v 3.808427 -17.546602 14.511446
v 2.839804 -17.983969 13.686716
v 3.523961 -17.564299 14.588379
v 2.133728 -19.089386 13.720591
v 2.524687 -18.312836 14.314840
v 2.359785 -18.701302 14.854002
v 2.992273 -18.207962 15.544811
v 3.594569 -17.729429 15.544811
v 3.924788 -17.770157 15.681581
v 3.165333 -18.419489 15.969998
v 3.532663 -18.746799 16.076691
v 3.258457 -19.817276 15.641057
v 3.836900 -20.414986 15.616045
v 4.226428 -20.870977 15.453316
v 3.519162 -20.846247 15.008500
v 3.904595 -21.158812 14.980957
v 2.955374 -20.412659 14.923652
v 4.026361 -21.362801 14.378476
v 2.719669 -19.323309 15.496690
v 2.476274 -19.963852 14.742559
v 2.452471 -19.012690 15.245628
v 2.540602 -20.331499 14.038136
v 2.743271 -20.223234 13.383418
v 3.004232 -19.958782 13.043078
v 3.800603 -20.803791 13.154836
v 3.378730 -19.602985 12.924671
v 2.319950 -19.736202 13.417294
v 5.585671 -20.226786 15.022114
v 3.986472 -18.827364 20.626795
v 4.159158 -18.535110 21.026653
v 4.089282 -18.372103 20.631227
v 3.986176 -19.050804 19.011843
v 3.983470 -19.371805 19.419302
v 3.751767 -18.814816 19.486734
v 3.791575 -18.819891 19.243589
v 7.222594 -18.538153 19.647249
v 6.308709 -18.301298 19.014694
v 6.316321 -18.126236 19.298046
v 4.355994 -17.967293 20.741718
v 4.728062 -17.564808 20.524851
v 4.621387 -17.709599 20.171215
v 4.352555 -18.021677 20.028112
v 6.079951 -17.639956 20.775911
v 5.867369 -17.693632 21.010824
v 6.578933 -18.158121 20.805037
v 6.505682 -17.826649 20.459000
v 5.616360 -17.921354 19.178373
v 6.377713 -17.965927 19.673527
v 5.279334 -17.596220 19.499718
v 5.985298 -17.630186 20.078453
v 7.000486 -18.163612 20.057558
v 7.087863 -18.411030 20.436522
v 6.416759 -18.603649 20.989613
v 7.034948 -18.796968 20.581520
v 6.194796 -19.236370 21.004175
v 6.885426 -19.139732 20.560310
v 5.779705 -19.379345 18.607235
v 5.006366 -19.360630 18.583490
v 5.085289 -18.573082 18.692400
v 6.115701 -18.847719 18.678783
v 5.363033 -18.112675 18.865894
v 6.227164 -18.472525 18.822203
v 4.519685 -18.159761 18.904835
v 4.900740 -17.749697 19.087194
v 5.067121 -17.445181 19.863483
v 5.609934 -17.363117 20.472927
v 5.366951 -17.305599 20.737602
v 5.602873 -18.163008 21.315073
v 5.266593 -17.842823 21.338184
v 5.873877 -18.356649 21.244469
v 5.217173 -18.846924 21.414165
v 5.576507 -19.071213 21.306524
v 4.946224 -19.404119 21.129547
v 5.325007 -19.616087 21.017157
v 5.912885 -19.750450 20.758183
v 4.748664 -19.721195 20.655605
v 5.120256 -19.898249 20.558727
v 5.730693 -20.020407 20.322546
v 4.558414 -19.841549 19.943899
v 4.959338 -20.006193 19.877731
v 5.641971 -20.082668 19.763439
v 4.455894 -19.802526 19.311659
v 4.871209 -19.974585 19.264170
v 5.639030 -20.013866 19.246441
v 4.458400 -19.532915 18.823153
v 4.901713 -19.740578 18.763948
v 5.662583 -19.793375 18.799725
v 4.575778 -19.148632 18.662006
v 4.121162 -18.717482 18.869692
v 4.322368 -17.977592 19.182171
v 4.693303 -17.579493 19.469955
v 4.286925 -17.955616 19.482937
v 4.644149 -17.610033 19.775787
v 4.942323 -17.437193 20.143354
v 4.970803 -17.536512 21.133030
v 4.490530 -18.122885 21.344198
v 4.853299 -18.505440 21.478752
v 4.532039 -19.041473 21.202364
v 4.295808 -19.374840 20.723673
v 4.087819 -19.488251 20.014183
v 3.935441 -18.497978 19.113468
v 3.889375 -18.431643 19.394922
v 3.953887 -18.481993 19.970488
v 3.809466 -18.901318 20.017666
v 5.858752 -20.047628 16.115633
v 5.293351 -20.003994 16.067511
v 5.602622 -19.421875 16.019072
v 5.972503 -19.639700 16.278996
v 6.098889 -19.461208 16.295460
v 5.875148 -18.944801 16.168505
v 6.380627 -19.249268 16.313505
v 6.295176 -19.560699 16.426529
v 5.656935 -18.141222 18.203577
v 5.656090 -17.991282 17.592865
v 5.084704 -17.562429 18.170650
v 3.547540 -19.601887 17.682777
v 3.561122 -19.395901 18.107649
v 3.225439 -18.983261 17.510550
v 3.449821 -19.544416 17.106573
v 3.312007 -18.664616 16.496494
v 3.568130 -18.187958 16.664925
v 3.944121 -18.405609 16.032051
v 3.561881 -19.099688 16.244802
v 5.513288 -20.315403 17.578934
v 4.374230 -20.051632 18.046547
v 4.255082 -20.212521 17.629272
v 5.294412 -20.508461 17.263924
v 4.179461 -20.214203 16.919785
v 5.206038 -20.485905 16.692152
v 4.331882 -19.726156 16.056112
v 4.730868 -18.951778 15.833547
v 5.049872 -18.396652 16.080175
v 6.078967 -18.537342 16.636749
v 6.588019 -18.935959 16.568365
v 6.275144 -18.524986 17.332308
v 6.304183 -18.796326 17.754330
v 6.742143 -19.252100 17.266771
v 6.748814 -18.969723 17.007483
v 6.117688 -19.224628 17.925922
v 5.336169 -18.588629 18.573360
v 4.742213 -19.521599 18.455904
v 5.772599 -19.904846 17.828094
v 3.887364 -18.810118 18.620850
v 3.617520 -18.414972 17.950298
v 4.408611 -17.809729 16.391071
v 4.823534 -17.478704 17.208202
v 5.384599 -18.019928 16.749773
v 4.197293 -17.707092 17.870199
v 4.586698 -17.903112 18.684484
v 3.927864 -17.711361 16.921366
v 5.293039 -16.830271 22.681179
v 5.428228 -16.541836 22.451645
v 5.267691 -16.621050 22.016962
v 6.450202 -17.923912 20.895584
v 6.322434 -18.545725 21.136196
v 5.515313 -18.234303 21.354013
v 5.676105 -17.675247 21.158041
v 5.973356 -17.116852 21.242887
v 6.680465 -17.459602 20.997845
v 7.246827 -17.761501 20.902864
v 7.045804 -18.146704 20.837963
v 6.985570 -17.148396 21.379025
v 7.490483 -17.475510 21.230225
v 7.832809 -17.807829 21.209963
v 7.650207 -18.044081 20.963335
v 7.741586 -17.368441 21.832071
v 8.036861 -17.754200 21.670609
v 7.542214 -18.259108 20.899067
v 6.936546 -18.702837 21.084274
v 5.467510 -18.544460 21.749441
v 6.333344 -18.889982 21.624702
v 4.790869 -17.825562 21.975805
v 4.983118 -17.898741 21.474636
v 4.980734 -18.109871 21.876711
v 5.115549 -17.426979 21.390738
v 5.421695 -16.920206 21.441076
v 6.198604 -16.749178 21.624069
v 7.241266 -17.035471 22.073950
v 7.708033 -17.673248 22.263275
v 8.019044 -18.008188 22.049253
v 6.965580 -19.008732 21.536371
v 7.125772 -18.937460 22.043242
v 6.482283 -18.828707 22.238897
v 5.571087 -18.495131 22.307598
v 6.762383 -18.300335 22.660284
v 5.939074 -18.043390 22.825228
v 4.935232 -17.343081 22.504520
v 5.079981 -18.067938 22.199322
v 5.318195 -17.773634 22.810350
v 4.892455 -17.285061 21.794081
v 5.652708 -16.552187 21.769070
v 5.094785 -16.905085 21.811176
v 5.833420 -16.443375 22.430119
v 6.323705 -17.085640 22.849606
v 7.167578 -17.388294 22.562769
v 7.015603 -17.740435 22.693211
v 7.580355 -18.000988 22.385796
v 7.920245 -18.255587 22.155945
v 7.371252 -18.495430 22.366800
v 7.810160 -18.533770 22.177160
v 6.209803 -17.455053 22.953451
v 5.804783 -16.914932 23.021202
v 5.631164 -17.286076 23.046530
v 5.142797 -17.055954 22.652370
v 6.067062 -15.688372 24.337605
v 6.248440 -15.629963 24.204002
v 5.947912 -15.793889 24.004229
v 5.787785 -15.906807 24.270166
v 6.104033 -15.710745 24.480389
v 6.349153 -15.710065 24.425617
v 6.022463 -17.187853 23.066475
v 5.946931 -17.346161 23.472031
v 5.498002 -16.978104 23.314369
v 5.547647 -16.210749 23.558147
v 5.424772 -16.670271 23.172218
v 5.335811 -16.473562 23.901337
v 5.368146 -16.330029 23.781347
v 6.247146 -15.874073 24.586763
v 7.688313 -17.723524 22.671999
v 7.788661 -17.243778 22.378515
v 8.166256 -17.392036 22.402260
v 8.092735 -17.823584 22.628307
v 7.291549 -17.627924 22.731201
v 7.392523 -17.134733 22.409224
v 7.634970 -16.593176 22.655851
v 8.010740 -16.665422 22.593166
v 6.751568 -16.949636 22.588417
v 6.967349 -16.419327 22.834412
v 6.500745 -15.817954 23.685102
v 7.273451 -16.051479 23.389402
v 6.120361 -16.189909 23.170002
v 6.709518 -15.771933 24.004545
v 5.777590 -16.001606 24.442081
v 5.936991 -16.206430 24.538326
v 6.405068 -16.604336 24.458544
v 6.637772 -16.232210 24.503183
v 6.736734 -15.949274 24.310373
v 7.454353 -16.314463 24.088444
v 7.406548 -16.072708 23.751270
v 8.302048 -16.347797 23.026585
v 8.339278 -16.803011 22.576387
v 7.723392 -18.005583 23.084522
v 7.301550 -17.938940 23.200396
v 6.696951 -17.751583 23.336214
v 6.694555 -17.450296 22.861006
v 5.951860 -16.718733 22.892664
v 5.500420 -16.728199 24.054565
v 6.064285 -17.116331 24.107756
v 6.898187 -17.564325 23.921278
v 7.215891 -17.029720 24.227745
v 7.405067 -16.634119 24.271437
v 7.973132 -16.234005 23.550865
v 8.038933 -16.475069 23.824087
v 8.384117 -16.609539 23.572712
v 8.375284 -16.375977 23.345078
v 8.667497 -16.601185 23.126945
v 8.561256 -16.551874 22.920525
v 8.683346 -16.807508 23.363441
v 8.341086 -16.953072 23.772161
v 8.640256 -17.123857 23.567963
v 7.999462 -16.824934 24.005180
v 7.821821 -17.227957 23.999165
v 8.185963 -17.338934 23.805408
v 7.509136 -17.775251 23.732592
v 7.924595 -17.852163 23.576195
v 6.607998 -15.736574 25.094584
v 6.317045 -15.546194 25.026196
v 6.434309 -15.855533 24.630136
v 6.416107 -14.743487 25.341208
v 6.475696 -14.625669 25.108829
v 6.332850 -15.123706 24.688709
v 6.174149 -15.332189 24.705803
v 7.077566 -14.055236 25.485579
v 7.289625 -14.125440 25.317463
v 6.776361 -14.693506 24.879932
v 7.883913 -14.354641 24.990423
v 7.385505 -14.868635 24.488304
v 8.133389 -14.489403 25.593216
v 8.942406 -14.865939 25.204121
v 8.804162 -15.349659 25.438721
v 9.314647 -15.585699 25.063557
v 9.435927 -15.084133 24.734299
v 9.659310 -15.760822 24.735249
v 9.736014 -15.322021 24.436382
v 8.981184 -16.207788 25.022400
v 9.378512 -16.326586 24.684277
v 9.520714 -15.177933 23.905136
v 9.196065 -14.908947 24.176771
v 7.097871 -15.466311 24.131819
v 6.598544 -15.243505 24.463926
v 7.007908 -15.834421 24.109972
v 6.469187 -15.614149 24.366098
v 7.038420 -16.152327 24.454111
v 6.533179 -14.927539 25.594486
v 7.053776 -14.335210 25.866123
v 7.094520 -14.029347 25.773678
v 6.973434 -15.185189 25.645458
v 7.365642 -14.517515 25.872770
v 7.562280 -15.520339 25.575172
v 7.953715 -14.905890 25.755001
v 7.211226 -16.046688 25.028730
v 8.454481 -15.981775 25.333611
v 8.094709 -16.459766 24.830540
v 7.895415 -16.485048 24.169493
v 8.508253 -16.604507 23.948193
v 8.677187 -16.623220 24.591513
v 7.830936 -16.119795 23.718975
v 8.490229 -16.237362 23.469500
v 8.938330 -16.309484 23.418528
v 8.935948 -16.652863 23.818390
v 9.136859 -15.478003 23.584425
v 8.765671 -15.351225 23.752537
v 8.543344 -15.896309 23.457153
v 7.904353 -15.746033 23.716444
v 8.993394 -15.945054 23.372623
v 9.109926 -16.671934 24.328104
v 7.539147 -14.147374 25.755632
v -2.526545 -24.663435 3.021388
v -4.173042 -23.788292 3.002452
v -6.454704 -22.729645 2.765750
v -10.349829 -21.383427 1.537440
v -11.654184 -20.990891 0.809956
v -12.687538 -20.667747 0.096477
v -13.602219 -20.197950 -0.667824
v -14.067463 -19.761269 -1.059566
v -14.316093 -19.347343 -1.360471
v 1.518646 12.664946 -1.621554
v 2.233986 12.746584 -0.984043
v 3.526196 12.253080 0.010224
v 4.402071 11.699705 0.653624
v 5.139698 11.200277 1.172511
v 5.918755 10.629770 1.720739
v 6.839979 10.000708 2.196696
v 10.013784 7.989000 2.936094
v -13.942543 -19.160824 -1.526797
v -13.600502 -19.499535 -1.415821
v -13.092300 -19.881474 -1.122366
v -12.218666 -20.337200 -0.474910
v -11.206347 -20.749157 0.133437
v -9.890081 -21.207569 0.821594
v -8.326496 -21.715435 1.391677
v -6.031406 -22.545710 1.928207
v -3.796307 -23.644861 2.158455
v -2.244400 -24.520962 2.166461
v 11.210325 6.936901 2.158455
v 10.120457 7.540743 2.071419
v 8.520128 8.514025 1.818314
v 6.969458 9.497921 1.426790
v 5.961640 10.126095 1.094432
v 5.136375 10.678095 0.651528
v 4.345357 11.153381 0.186748
v 2.235243 12.169916 -1.274389
v 1.574928 12.197672 -1.643918
v -13.612946 -18.002029 -0.946349
v 2.802658 -17.365519 11.533553
v 2.892574 -17.632874 11.924548
v 3.085272 -16.874352 12.034407
v 3.490354 -15.736202 11.596556
v 3.191689 -15.915854 11.214426
v 3.338057 -16.160833 11.469284
v 2.777004 -16.569675 11.093803
v 2.495892 -17.509808 11.347713
v 2.960415 -16.648039 11.343280
v 2.586935 -17.981905 11.963173
v 2.946863 -17.908136 12.598896
v 3.072697 -17.599947 12.287683
v 1.994371 -17.337414 11.470867
v 2.019857 -17.850342 12.188905
v 2.401958 -16.360952 11.137493
v 2.497902 -14.743134 12.211699
v 1.488152 -14.203560 12.735978
v 1.182856 -14.479407 12.296864
v 1.672113 -14.302295 13.342576
v 2.761600 -14.920847 12.956331
v 2.436794 -17.916340 12.918340
v 2.916225 -17.371168 13.240951
v 3.228413 -17.384708 12.892379
v 3.643817 -16.490023 12.760041
v 3.670596 -16.004152 12.293065
v 3.422091 -16.416485 12.108490
v 3.468719 -16.667889 12.427618
v 3.421584 -16.897614 12.934485
v 3.253925 -16.707430 13.296354
v 0.536501 -16.380102 13.017751
v 0.731939 -16.460489 13.618015
v 1.519777 -17.147551 13.350492
v 0.493313 -15.982977 12.425402
v 0.763474 -15.201809 12.123687
v 1.068670 -16.050188 13.965953
v 1.985685 -16.704714 13.678801
v 1.396267 -15.433683 14.009327
v 2.388199 -16.072075 13.708561
v 3.529303 -16.098099 13.112096
v 3.546365 -15.578189 12.584016
v 3.276694 -15.263183 11.736490
v 2.884926 -15.529041 11.279961
v 1.648968 -14.728233 13.768081
v 2.691582 -15.385499 13.470481
v 3.182274 -17.275314 12.459277
v 3.284762 -16.947910 12.527028
vn 0.1020 0.9676 0.2308
vn 0.1404 0.9596 0.2439
vn 0.2425 0.9326 0.2672
vn 0.1887 0.9669 -0.1720
vn 0.0931 0.9799 -0.1766
vn 0.3702 -0.8436 -0.3890
vn 0.0944 -0.3934 -0.9145
vn 0.8141 -0.4049 -0.4164
vn 0.4046 0.3941 -0.8252
vn 0.7496 0.5725 -0.3322
vn 0.8427 -0.3307 -0.4249
vn 0.7733 -0.3447 -0.5321
vn 0.9597 0.2157 0.1802
vn 0.8390 -0.4576 -0.2944
vn -0.0598 0.7194 -0.6921
vn 0.2643 0.9557 -0.1292
vn 0.1911 0.0040 -0.9816
vn -0.2875 0.2547 -0.9233
vn -0.2883 -0.9095 0.2995
vn -0.4926 -0.8344 -0.2474
vn -0.4447 -0.8596 -0.2517
vn -0.2089 -0.9316 0.2974
vn -0.6056 -0.3928 -0.6920
vn -0.6861 -0.3162 -0.6552
vn -0.4407 0.1698 -0.8815
vn -0.3774 0.0715 -0.9233
vn 0.5282 0.6796 0.5091
vn 0.5184 0.0898 0.8504
vn 0.8841 -0.2863 0.3694
vn 0.8396 -0.4286 -0.3337
vn 0.8183 -0.3962 -0.4164
vn 0.8938 0.2234 -0.3890
vn 0.9920 0.0694 -0.1053
vn 0.9719 -0.1826 0.1485
vn 0.8183 -0.4684 -0.3331
vn 0.8277 -0.4540 0.3300
vn 0.4019 -0.2922 0.8678
vn -0.5942 -0.7938 -0.1292
vn -0.2143 -0.8336 0.5091
vn -0.3830 -0.7256 0.5717
vn -0.4231 -0.7126 0.5596
vn -0.7130 -0.6900 -0.1245
vn 0.3048 0.7707 0.5596
vn 0.2911 0.1687 0.9417
vn 0.3472 0.1586 0.9243
vn 0.3396 0.7469 0.5717
vn 0.1646 -0.2492 0.9544
vn 0.2286 -0.2462 0.9419
vn 0.5521 -0.8271 -0.1053
vn 0.7391 -0.6570 0.1485
vn 0.2647 -0.6904 0.6732
vn 0.0224 -0.9742 0.2245
vn -0.2533 -0.9211 -0.2955
vn -0.4156 -0.2852 -0.8637
vn -0.0178 -0.6175 0.7864
vn 0.0527 -0.6297 0.7750
vn 0.8338 -0.4281 -0.3487
vn 0.7878 -0.3528 -0.5048
vn 0.7762 -0.5724 -0.2643
vn 0.8711 -0.3607 -0.3332
vn 0.8600 -0.4178 -0.2928
vn 0.8528 -0.4018 -0.3337
vn -0.0287 0.5032 -0.8637
vn -0.1056 0.6094 -0.7858
vn 0.0911 -0.5068 -0.8572
vn 0.2708 -0.6255 -0.7317
vn -0.0469 -0.8214 -0.5684
vn -0.3209 -0.9119 -0.2560
vn -0.4166 -0.8005 -0.4308
vn -0.3684 -0.0687 -0.9271
vn 0.3921 0.0806 -0.9164
vn 0.7568 0.0300 -0.6529
vn -0.3401 -0.5593 0.7560
vn -0.2300 -0.2964 0.9269
vn -0.9694 0.0246 0.2442
vn -0.7712 -0.6215 0.1377
vn -0.3509 -0.9360 0.0277
vn -0.2907 -0.9400 -0.1783
vn -0.3842 -0.9128 0.1382
vn 0.5494 0.8126 -0.1945
vn 0.6423 0.5313 0.5523
vn 0.7481 0.6058 0.2708
vn 0.7641 0.5070 -0.3989
vn 0.6197 0.5997 -0.5063
vn 0.4418 0.0457 0.8960
vn 0.4783 0.0237 0.8779
vn 0.8527 0.5020 0.1446
vn 0.3646 0.0174 0.9310
vn -0.7814 0.3078 0.5428
vn -0.5940 0.5574 0.5801
vn -0.6078 0.7839 -0.1271
vn -0.7831 0.5730 -0.2415
vn -0.9050 0.3503 -0.2414
vn -0.8756 0.0729 0.4776
vn 0.0418 -0.4944 0.8682
vn 0.0786 -0.4924 0.8668
vn 0.2168 -0.3046 0.9275
vn 0.1626 -0.2915 0.9427
vn 0.0550 -0.4141 0.9086
vn 0.2230 -0.2878 0.9314
vn -0.1731 -0.8155 0.5523
vn -0.2608 -0.7481 0.6102
vn -0.1497 -0.7971 0.5849
vn 0.1343 -0.9899 0.0457
vn 0.1248 -0.9910 0.0493
vn 0.2327 -0.9723 0.0218
vn -0.3115 -0.9041 0.2924
vn -0.3740 -0.8806 0.2911
vn -0.2778 -0.9242 0.2619
vn 0.3118 -0.9446 -0.1021
vn -0.1857 0.3311 -0.9251
vn 0.5049 0.3150 -0.8036
vn 0.7759 0.2729 -0.5688
vn 0.5553 0.3583 -0.7505
vn 0.7585 0.2214 -0.6129
vn 0.1458 0.7576 -0.6362
vn 0.0712 0.6399 -0.7652
vn 0.0189 0.7273 -0.6861
vn 0.4627 0.8864 -0.0138
vn 0.4770 0.4189 0.7727
vn 0.2115 -0.0193 0.9772
vn 0.0350 -0.2374 0.9708
vn -0.0570 -0.4087 0.9109
vn -0.2173 -0.7117 0.6680
vn -0.4502 -0.8849 0.1191
vn -0.7535 -0.2282 -0.6165
vn -0.5547 -0.7853 -0.2749
vn -0.5330 -0.0740 -0.8429
vn 0.7451 -0.4497 0.4925
vn 0.7227 -0.5523 0.4155
vn 0.8337 -0.3019 -0.4624
vn 0.8362 -0.3658 -0.4086
vn 0.8161 -0.4178 -0.3992
vn 0.7825 -0.4508 -0.4294
vn 0.8357 -0.2887 0.4672
vn 0.7872 -0.3559 0.5037
vn 0.2255 0.9119 0.3430
vn 0.2121 0.8656 0.4536
vn 0.0759 0.8953 0.4390
vn -0.0770 0.9453 0.3171
vn -0.0987 0.8726 0.4785
vn 0.1470 0.8777 0.4562
vn 0.2673 0.8566 0.4414
vn 0.2462 0.8936 0.3753
vn -0.1565 0.7310 -0.6642
vn -0.1936 0.5672 -0.8005
vn -0.3569 0.6121 -0.7056
vn 0.3649 0.9297 -0.0505
vn 0.3184 0.3295 0.8889
vn 0.0009 -0.0289 0.9996
vn -0.1747 -0.1542 0.9725
vn -0.8773 0.3561 0.3219
vn -0.7017 0.5961 0.3904
vn -0.4820 0.5119 -0.7111
vn -0.3753 0.7048 0.6020
vn 0.9545 -0.1394 0.2636
vn 0.9000 -0.2076 0.3832
vn 0.7309 -0.4778 -0.4874
vn 0.6657 -0.5278 -0.5276
vn 0.6278 -0.5576 -0.5430
vn 0.9839 -0.0851 0.1574
vn -0.5978 0.3400 -0.7260
vn -0.4137 -0.8574 0.3061
vn -0.2812 -0.9113 0.3008
vn -0.3470 -0.8603 0.3735
vn -0.3971 -0.8422 0.3646
vn -0.3984 -0.7235 0.5638
vn -0.4469 -0.7367 0.5074
vn -0.0786 -0.8929 -0.4434
vn 0.7183 0.4429 -0.5366
vn -0.8089 -0.4167 -0.4147
vn -0.6884 0.5311 -0.4941
vn -0.8787 0.4750 -0.0471
vn -0.8972 -0.4174 -0.1440
vn -0.7619 -0.6189 -0.1912
vn -0.6978 -0.6201 -0.3585
vn -0.7897 -0.6093 0.0708
vn -0.9140 -0.3843 0.1301
vn -0.8222 0.4869 0.2949
vn -0.8382 -0.4506 0.3072
vn -0.9110 -0.0994 0.4003
vn -0.6763 0.2634 0.6879
vn -0.6429 -0.0029 0.7660
vn -0.6963 -0.6877 0.2052
vn -0.5015 -0.2561 0.8264
vn -0.1468 0.7330 0.6641
vn 0.0029 0.6747 0.7381
vn 0.1685 0.5856 0.7929
vn 0.8223 0.4609 -0.3337
vn 0.6016 0.7928 0.0974
vn 0.5602 0.7886 0.2536
vn 0.9367 0.3400 -0.0832
vn -0.7601 -0.5487 0.3482
vn -0.6206 -0.7776 0.1009
vn -0.6609 -0.7502 0.0198
vn -0.7367 -0.4381 0.5150
vn -0.5652 -0.8202 0.0882
vn -0.6574 -0.7484 -0.0882
vn -0.7166 -0.6951 -0.0584
vn -0.7186 -0.6841 -0.1250
vn 0.0981 0.9688 0.2274
vn -0.0916 0.7381 0.6684
vn 0.3612 0.5473 0.7549
vn -0.5915 0.8053 -0.0390
vn -0.5982 0.4337 0.6738
vn -0.2077 -0.2669 0.9411
vn 0.2482 0.4096 -0.8779
vn 0.1817 0.3425 -0.9218
vn 0.0439 0.3597 -0.9320
vn 0.1586 0.4556 -0.8759
vn -0.1193 0.9133 0.3895
vn -0.6494 0.7599 0.0295
vn -0.8988 0.3409 0.2756
vn -0.4500 0.5867 0.6733
vn 0.1883 0.9820 -0.0124
vn -0.4476 0.8086 -0.3819
vn -0.8707 -0.1722 -0.4608
vn -0.9212 -0.3325 0.2022
vn -0.6417 -0.7375 0.2104
vn -0.7330 -0.6537 -0.1882
vn -0.6325 -0.7351 -0.2440
vn -0.9287 -0.1700 -0.3297
vn -0.7096 -0.5882 -0.3880
vn 0.5257 0.7221 0.4498
vn 0.5121 0.6671 0.5411
vn 0.5505 0.7708 0.3208
vn 0.4773 0.8479 0.2309
vn 0.2367 0.9702 -0.0520
vn 0.2390 0.9710 0.0107
vn -0.4026 0.7929 -0.4575
vn -0.7500 -0.3548 -0.5582
vn -0.3474 0.5226 0.7786
vn -0.0767 0.7739 0.6287
vn -0.2707 0.8209 0.5029
vn -0.3575 0.8028 0.4772
vn -0.4461 0.6973 0.5610
vn 0.9278 -0.1693 0.3324
vn 0.7281 0.0298 0.6848
vn 0.7042 -0.0983 0.7031
vn 0.6908 -0.0947 0.7169
vn 0.9006 -0.0682 0.4293
vn 0.9126 -0.1911 0.3613
vn 0.4709 0.7557 -0.4551
vn 0.0911 0.9812 -0.1704
vn 0.6470 0.7622 -0.0191
vn 0.6911 0.7222 0.0276
vn 0.7284 0.6813 0.0724
vn 0.5477 0.7016 -0.4558
vn 0.5283 0.7237 -0.4440
vn 0.7901 0.6041 0.1038
vn 0.6398 0.7654 0.0690
vn 0.7224 0.6909 0.0276
vn 0.8442 0.5323 0.0629
vn 0.0992 -0.9477 -0.3035
vn 0.1798 -0.9763 -0.1207
vn 0.0890 -0.9936 0.0697
vn -0.0041 -0.9847 -0.1742
vn 0.0049 -0.9718 -0.2356
vn 0.2213 -0.9679 -0.1192
vn 0.2769 -0.9405 -0.1970
vn 0.4439 0.1483 0.8837
vn 0.3602 0.1254 0.9244
vn 0.2744 -0.1445 0.9507
vn 0.2991 -0.2044 0.9321
vn 0.3404 -0.2666 0.9017
vn 0.5333 0.1719 0.8283
vn 0.5093 0.7651 0.3940
vn 0.4663 0.8614 0.2015
vn 0.2404 0.8996 0.3647
vn 0.3184 0.9025 0.2902
vn 0.4840 0.8534 0.1937
vn 0.6070 0.7861 -0.1169
vn 0.5630 0.8261 -0.0235
vn 0.5345 0.5274 -0.6604
vn 0.5891 0.4457 -0.6740
vn 0.6545 0.7208 -0.2283
vn 0.6254 0.3602 -0.6922
vn 0.2368 -0.1162 0.9646
vn 0.3011 -0.1926 0.9339
vn 0.1190 -0.2528 0.9602
vn 0.1314 -0.0743 0.9885
vn 0.2684 0.0668 0.9610
vn 0.3366 -0.1203 0.9339
vn -0.6403 -0.7495 -0.1682
vn -0.5912 -0.7863 -0.1792
vn -0.5926 -0.7677 -0.2437
vn -0.6805 -0.7279 -0.0843
vn -0.6352 -0.7682 -0.0799
vn -0.5930 -0.7824 0.1902
vn -0.6059 -0.7917 -0.0784
vn -0.5812 -0.8025 -0.1351
vn -0.5550 -0.8285 -0.0743
vn -0.5553 -0.8316 -0.0092
vn -0.5897 -0.8042 0.0743
vn -0.6342 -0.7337 -0.2439
vn -0.6063 -0.7587 -0.2382
vn -0.6387 -0.7459 -0.1891
vn -0.2034 -0.6276 0.7515
vn -0.3425 -0.7253 0.5972
vn -0.5701 0.2509 0.7823
vn -0.6238 0.1372 0.7694
vn -0.4745 0.4910 0.7306
vn -0.5890 0.3874 0.7092
vn -0.7225 -0.0907 0.6854
vn -0.6879 -0.1744 0.7046
vn -0.0877 0.3464 -0.9340
vn -0.1715 0.0089 -0.9851
vn -0.2254 0.0945 -0.9697
vn -0.1028 0.3773 -0.9204
vn -0.8644 -0.3722 0.3381
vn -0.8964 -0.2430 0.3707
vn -0.9459 -0.2456 0.2118
vn -0.8565 -0.4712 0.2109
vn -0.8239 -0.4722 0.3134
vn -0.6360 -0.7061 -0.3114
vn -0.8083 -0.5882 -0.0263
vn 0.7999 0.1853 -0.5708
vn 0.8613 0.0507 -0.5056
vn 0.8523 0.0043 -0.5230
vn 0.8123 0.0852 -0.5769
vn 0.5383 -0.0225 0.8425
vn 0.5841 -0.0750 0.8082
vn -0.1117 -0.4952 0.8615
vn -0.0532 -0.4085 0.9112
vn -0.0461 -0.3457 0.9372
vn 0.4505 -0.0166 0.8926
vn -0.1055 -0.6103 0.7851
vn -0.3292 -0.6028 0.7268
vn -0.2454 -0.4487 0.8593
vn -0.0842 -0.4675 0.8800
vn -0.0889 -0.5255 0.8461
vn 0.0016 -0.9318 -0.3630
vn 0.1021 -0.9382 -0.3307
vn 0.0778 -0.9694 -0.2330
vn -0.0795 -0.9659 -0.2465
vn -0.0812 -0.9251 -0.3708
vn 0.4025 0.4896 0.7735
vn 0.4524 0.4186 0.7875
vn 0.3908 0.5498 0.7382
vn 0.2821 0.6466 0.7087
vn 0.2692 0.6904 0.6714
vn 0.0821 0.7838 0.6156
vn -0.0058 0.9954 0.0953
vn 0.0407 0.9991 -0.0097
vn -0.0891 0.9950 -0.0459
vn -0.1549 0.9828 0.1005
vn -0.0131 0.9908 0.1347
vn 0.3507 0.4526 0.8199
vn 0.3780 0.5436 0.7494
vn -0.6858 0.0754 0.7239
vn -0.7195 -0.0631 0.6916
vn -0.6572 -0.0924 0.7480
vn -0.5891 0.1264 0.7981
vn -0.6554 0.1589 0.7384
vn 0.6110 -0.5857 0.5325
vn 0.8320 -0.5269 0.1738
vn 0.8166 -0.5025 0.2838
vn 0.5950 -0.4233 0.6832
vn 0.5964 -0.5215 0.6102
vn -0.0327 -0.9367 0.3487
vn -0.0273 -0.9385 0.3441
vn 0.0221 -0.9314 0.3632
vn -0.0148 -0.9321 0.3618
vn 0.0425 -0.9367 0.3475
vn -0.0218 -0.9547 0.2969
vn -0.0024 -0.9735 0.2285
vn -0.0874 -0.9683 0.2339
vn -0.1149 -0.9457 0.3042
vn -0.0729 -0.9485 0.3082
vn -0.1202 -0.9367 0.3289
vn -0.0617 -0.9319 0.3574
vn -0.1376 -0.9389 0.3155
vn -0.0987 -0.9507 0.2941
vn -0.1797 -0.9207 0.3463
vn -0.1882 -0.8803 0.4354
vn 0.2968 0.5570 0.7757
vn 0.1819 0.5012 0.8460
vn 0.3047 0.5067 0.8065
vn 0.4200 0.5617 0.7128
vn 0.4396 0.6211 0.6488
vn 0.5143 0.6260 0.5862
vn 0.5527 0.4260 0.7163
vn 0.6243 0.5004 0.5998
vn 0.6683 0.5679 0.4806
vn 0.2204 0.4645 0.8577
vn 0.4822 0.3547 0.8010
vn 0.1661 0.3858 0.9075
vn 0.1392 0.2588 0.9558
vn 0.3851 0.0766 0.9197
vn 0.4224 0.2283 0.8772
vn 0.3451 -0.0791 0.9352
vn -0.0134 -0.0927 -0.9956
vn 0.0354 0.0191 -0.9992
vn -0.1953 0.1380 -0.9710
vn -0.2552 0.0067 -0.9669
vn -0.8525 0.4178 0.3142
vn -0.8958 0.1756 0.4083
vn -0.9801 -0.1384 0.1421
vn -0.9995 0.0156 0.0280
vn -0.3786 0.2336 -0.8956
vn -0.5751 0.3268 -0.7500
vn -0.6436 0.1856 -0.7426
vn -0.4468 0.0806 -0.8910
vn -0.8637 0.4453 -0.2361
vn -0.8986 0.3776 -0.2235
vn 0.9812 -0.1755 -0.0807
vn 0.9604 -0.0023 -0.2786
vn 0.9736 0.0358 -0.2254
vn 0.9724 0.2293 -0.0435
vn 0.9914 -0.1286 0.0245
vn 0.9663 -0.2499 -0.0616
vn 0.9775 -0.2058 -0.0455
vn -0.6680 0.4177 0.6159
vn -0.6525 0.3530 0.6706
vn 0.1172 0.0227 0.9928
vn 0.1628 0.1403 0.9766
vn -0.7068 0.4746 0.5246
vn 0.1825 0.2879 0.9401
vn -0.7364 0.5020 0.4536
vn 0.1655 0.4394 0.8829
vn -0.7917 0.4746 0.3847
vn 0.0679 0.5434 0.8367
vn 0.4744 0.2839 0.8333
vn 0.4610 0.3733 0.8051
vn -0.8341 0.4332 0.3414
vn -0.0691 0.6373 0.7675
vn -0.2058 0.7305 0.6512
vn -0.3388 0.7891 0.5123
vn -0.4875 0.7660 0.4190
vn -0.6054 0.6743 0.4227
vn -0.7160 0.4244 0.5543
vn -0.1916 0.8223 0.5357
vn 0.0978 0.7966 0.5965
vn -0.0529 0.8212 0.5682
vn -0.4157 0.7325 0.5391
vn 0.3953 0.6546 0.6444
vn 0.3925 0.7686 0.5051
vn 0.2139 0.2670 -0.9396
vn 0.1872 0.1894 -0.9639
vn 0.2284 0.1087 -0.9675
vn 0.3208 0.3595 -0.8763
vn 0.3790 0.4221 -0.8235
vn 0.4812 0.2659 -0.8353
vn 0.5411 0.6932 0.4761
vn 0.6663 0.6290 0.4005
vn 0.9824 0.1867 0.0014
vn 0.9682 0.2500 -0.0033
vn 0.6314 0.6946 0.3449
vn 0.9935 0.1134 0.0086
vn 0.9981 0.0129 0.0601
vn 0.6212 -0.5596 -0.5486
vn 0.6502 -0.5432 -0.5312
vn 0.2999 -0.4268 -0.8532
vn 0.2236 -0.5410 -0.8107
vn 0.3586 -0.3402 -0.8693
vn 0.3977 0.5838 0.7078
vn -0.0742 -0.3178 -0.9453
vn -0.0490 -0.2083 -0.9768
vn -0.2998 -0.1304 -0.9450
vn -0.3237 -0.2611 -0.9094
vn -0.1051 -0.4679 -0.8775
vn -0.3359 -0.4255 -0.8403
vn 0.4081 -0.2532 -0.8771
vn 0.2445 0.9385 -0.2437
vn 0.3350 0.8745 -0.3508
vn 0.3756 0.8520 -0.3648
vn 0.3080 0.9036 -0.2978
vn 0.3094 0.7889 -0.5310
vn 0.3707 0.7162 -0.5914
vn 0.3819 0.6452 -0.6617
vn 0.3158 0.9378 -0.1441
vn 0.7524 -0.2173 -0.6218
vn 0.8718 -0.4191 -0.2537
vn 0.9042 -0.3394 -0.2592
vn 0.8918 -0.1432 -0.4292
vn 0.8319 -0.1527 -0.5335
vn -0.5355 -0.2065 -0.8189
vn -0.7390 -0.0542 -0.6715
vn -0.7817 -0.1807 -0.5968
vn -0.5720 -0.3501 -0.7418
vn -0.4970 -0.0723 -0.8647
vn -0.6976 0.0585 -0.7141
vn -0.9462 0.2583 -0.1947
vn -0.9692 0.1786 -0.1696
vn -0.9254 0.3217 -0.2005
vn 0.4095 0.9122 -0.0159
vn 0.5227 0.8499 -0.0665
vn 0.5362 0.0034 -0.8441
vn 0.3892 -0.0306 -0.9206
vn 0.6867 -0.7251 -0.0512
vn 0.6485 0.5724 0.5018
vn 0.1664 0.9472 0.2739
vn 0.2861 0.9175 0.2762
vn 0.2485 0.9371 0.2450
vn 0.2732 0.9380 0.2135
vn 0.3421 0.9308 0.1291
vn 0.2393 0.9679 0.0765
vn 0.1211 0.9817 0.1467
vn -0.3613 -0.3852 -0.8492
vn -0.3755 -0.3448 -0.8603
vn -0.2998 -0.4560 -0.8379
vn -0.5330 0.5365 0.6543
vn 0.2972 -0.4990 0.8141
vn 0.3331 -0.4197 0.8443
vn 0.5111 -0.4961 0.7019
vn 0.5014 -0.4877 0.7147
vn 0.3696 -0.5857 0.7214
vn -0.9377 -0.3342 0.0949
vn -0.7052 -0.6417 -0.3015
vn -0.4078 -0.8107 0.4201
vn -0.2844 -0.8701 0.4026
vn -0.0651 -0.8689 0.4907
vn -0.2075 -0.8204 0.5328
vn -0.3122 -0.8076 0.5004
vn -0.2302 -0.7117 -0.6637
vn -0.3872 -0.7199 -0.5761
vn -0.4926 -0.8322 -0.2546
vn -0.4516 -0.8440 -0.2894
vn -0.5069 -0.8510 -0.1373
vn -0.2850 -0.8401 -0.4614
vn -0.3119 0.8567 0.4109
vn -0.3925 0.9191 0.0353
vn -0.6252 0.7519 -0.2090
vn -0.7734 0.6326 0.0408
vn -0.8686 0.4257 0.2534
vn -0.6941 0.5912 0.4108
vn 0.7343 -0.1623 -0.6591
vn 0.7564 -0.2072 -0.6204
vn 0.8055 -0.3122 -0.5038
vn 0.7713 -0.3765 -0.5131
vn 0.6564 -0.3220 -0.6822
vn 0.4296 -0.6947 -0.5770
vn 0.5181 -0.6768 -0.5230
vn 0.4869 -0.7122 -0.5056
vn 0.3429 -0.7461 -0.5707
vn -0.5349 -0.8354 0.1263
vn -0.6933 -0.2990 0.6556
vn -0.6857 -0.7260 0.0524
vn -0.6137 0.6555 0.4400
vn -0.5405 0.7391 0.4020
vn -0.4588 0.6764 0.5762
vn -0.5832 0.6091 0.5374
vn -0.8359 -0.5488 0.0036
vn -0.4895 -0.7045 -0.5139
vn 0.1571 -0.4616 -0.8731
vn 0.2764 -0.4296 -0.8597
vn -0.4350 -0.8134 -0.3863
vn -0.0284 -0.3509 0.9360
vn -0.0156 -0.3167 0.9484
vn 0.0673 -0.3993 0.9143
vn 0.1327 -0.4749 0.8700
vn -0.0766 -0.3577 0.9307
vn -0.0170 -0.3760 0.9265
vn 0.6277 0.3011 -0.7178
vn 0.6759 0.6441 -0.3583
vn 0.0570 0.8805 0.4706
vn 0.3665 0.9207 0.1340
vn -0.2780 0.6764 0.6820
vn 0.1658 0.8778 0.4494
vn -0.2132 0.7540 0.6213
vn -0.1717 0.8135 0.5556
vn -0.9087 -0.1124 0.4020
vn -0.9028 0.0114 0.4298
vn -0.9408 0.0193 0.3385
vn -0.9701 0.0222 0.2418
vn -0.9681 -0.1111 0.2248
vn -0.6662 0.4735 0.5762
vn -0.1580 0.9379 0.3090
vn -0.1497 0.8639 0.4809
vn -0.8504 -0.2711 0.4510
vn -0.7879 -0.1354 0.6007
vn -0.5897 0.4704 0.6566
vn -0.7032 0.0075 0.7109
vn -0.5346 0.4805 0.6952
vn -0.1489 0.9803 0.1298
vn 0.4058 0.8897 0.2092
vn 0.3877 0.8899 0.2404
vn 0.4569 0.8722 0.1745
vn 0.0326 0.9961 -0.0816
vn -0.4235 0.6067 -0.6728
vn -0.1055 0.4893 -0.8657
vn -0.0454 0.4052 -0.9131
vn 0.0145 0.7065 -0.7075
vn -0.0444 0.7496 -0.6604
vn 0.5067 0.4541 0.7328
vn 0.5664 0.3829 0.7298
vn 0.5925 0.3905 0.7046
vn 0.7346 0.2967 0.6101
vn 0.6473 0.5832 0.4907
vn 0.5219 0.6662 0.5328
vn 0.4405 0.6629 0.6054
vn 0.2215 0.1442 0.9644
vn 0.0327 -0.0212 0.9992
vn 0.3963 0.6279 0.6699
vn -0.4366 -0.7384 0.5140
vn 0.4098 0.2918 0.8642
vn -0.1068 -0.4563 0.8834
vn 0.4442 0.4632 0.7669
vn -0.1656 -0.1693 0.9716
vn -0.7244 0.6802 -0.1122
vn -0.7374 0.6755 0.0071
vn -0.6049 0.7961 0.0204
vn -0.5983 0.8008 -0.0272
vn -0.5894 0.8030 -0.0885
vn 0.7400 0.0170 0.6724
vn 0.5132 0.1160 0.8504
vn 0.4724 -0.2486 0.8456
vn 0.6213 -0.2772 0.7329
vn 0.6815 -0.4120 0.6048
vn 0.8349 -0.1121 0.5389
vn -0.1666 0.8686 0.4667
vn -0.3253 0.7711 0.5474
vn -0.0357 0.3444 -0.9382
vn 0.2056 0.6021 -0.7715
vn 0.3867 0.4759 -0.7900
vn 0.0197 0.1697 -0.9853
vn 0.0151 0.1994 -0.9798
vn 0.3703 -0.8110 -0.4530
vn 0.3251 -0.8063 -0.4942
vn 0.5141 -0.6730 -0.5318
vn 0.5191 -0.5976 -0.6111
vn 0.1903 -0.5137 -0.8366
vn 0.0660 -0.9379 -0.3407
vn -0.6476 -0.7403 0.1803
vn -0.4085 -0.3044 0.8605
vn 0.2623 0.5651 0.7822
vn 0.3320 0.5903 0.7358
vn -0.2969 -0.2545 0.9204
vn 0.4423 0.8083 0.3887
vn 0.3974 0.8505 0.3446
vn 0.5011 0.8001 0.3298
vn 0.4816 0.8310 0.2783
vn 0.4970 0.8250 0.2690
vn 0.4690 0.8325 0.2950
vn 0.4898 0.8321 0.2603
vn 0.5087 0.8609 -0.0050
vn -0.3379 -0.2460 0.9084
vn -0.4470 -0.4657 0.7637
vn -0.3867 -0.5963 0.7035
vn -0.2766 -0.4675 0.8396
vn -0.2546 -0.2128 0.9434
vn 0.4828 0.2299 0.8450
vn 0.5581 0.1416 0.8176
vn 0.2121 0.1223 -0.9696
vn 0.5602 0.3767 -0.7378
vn 0.6542 0.3179 -0.6862
vn 0.2743 0.0517 -0.9603
vn 0.7854 0.1939 0.5878
vn 0.6892 0.1913 0.6988
vn 0.8532 -0.0696 0.5169
vn 0.7721 -0.1681 0.6129
vn 0.7904 -0.1033 0.6038
vn -0.5994 0.4596 0.6554
vn -0.6565 0.4968 0.5676
vn -0.7284 0.3574 0.5846
vn -0.6686 0.3281 0.6673
vn 0.6768 -0.7279 -0.1099
vn 0.6540 -0.7215 -0.2274
vn 0.8738 -0.4769 -0.0951
vn 0.8572 -0.4920 -0.1521
vn 0.9690 -0.2374 -0.0686
vn 0.9774 -0.2043 -0.0544
vn 0.9163 -0.3900 -0.0914
vn 0.5840 -0.8108 0.0391
vn 0.5659 0.6521 -0.5045
vn 0.4839 0.8696 0.0978
vn 0.1265 -0.0075 0.9919
vn -0.1541 -0.0761 0.9851
vn -0.0251 -0.0946 0.9952
vn 0.4310 0.7081 -0.5593
vn 0.3468 0.0150 -0.9378
vn 0.1132 -0.0322 -0.9930
vn 0.7790 -0.1287 -0.6137
vn 0.3583 0.7094 -0.6069
vn 0.0109 -0.0577 -0.9983
vn -0.0670 -0.7091 -0.7019
vn -0.2397 -0.6716 -0.7011
vn 0.3650 -0.7035 -0.6098
vn -0.2974 -0.6748 -0.6754
vn 0.9934 -0.0870 0.0751
vn 0.9403 0.1708 0.2945
vn 0.9723 0.0630 0.2252
vn 0.9434 0.2112 0.2557
vn 0.9787 0.2037 0.0272
vn 0.9974 -0.0670 -0.0269
vn 0.5502 -0.8332 -0.0555
vn 0.6692 -0.7385 -0.0823
vn 0.7817 -0.6207 -0.0609
vn 0.7620 -0.6458 -0.0483
vn 0.7538 -0.6493 -0.1010
vn 0.6367 -0.7593 -0.1342
vn -0.3872 -0.9217 0.0225
vn -0.5130 -0.8469 0.1404
vn -0.7618 -0.6475 0.0200
vn -0.4686 -0.5840 -0.6628
vn -0.4069 -0.6109 -0.6792
vn -0.0136 -0.8967 -0.4425
vn 0.3627 -0.8150 -0.4519
vn 0.3264 -0.7926 -0.5150
vn -0.0190 -0.8703 -0.4922
vn 0.4799 0.8772 0.0151
vn 0.5586 0.8292 -0.0212
vn 0.6530 0.7573 0.0116
vn 0.5569 0.8296 0.0414
vn 0.0862 -0.0616 -0.9944
vn 0.1704 0.0747 -0.9825
vn 0.2253 0.0226 -0.9740
vn 0.3763 0.6035 -0.7030
vn -0.5275 0.3550 -0.7718
vn -0.4607 0.4422 -0.7695
vn -0.3694 0.4088 -0.8345
vn -0.4431 0.3217 -0.8368
vn -0.4922 0.2415 -0.8363
vn -0.5722 0.2808 -0.7705
vn -0.8215 -0.3875 -0.4184
vn -0.9964 0.0470 -0.0708
vn -0.8311 -0.4824 -0.2769
vn -0.8023 -0.2802 -0.5270
vn -0.9842 0.1067 -0.1413
vn -0.5908 -0.4571 -0.6649
vn -0.5953 -0.5807 -0.5554
vn -0.5661 -0.7031 -0.4304
vn -0.4693 -0.5150 -0.7173
vn -0.4627 -0.6331 -0.6206
vn -0.4109 -0.7455 -0.5248
vn -0.5145 -0.7753 -0.3664
vn -0.3286 -0.8160 -0.4757
vn -0.0080 -0.1738 -0.9848
vn -0.0777 -0.2737 -0.9587
vn 0.0771 -0.5493 -0.8320
vn 0.0208 -0.6019 -0.7983
vn -0.0879 -0.4738 -0.8762
vn 0.1194 -0.1652 -0.9790
vn -0.3495 -0.9306 -0.1087
vn -0.2076 -0.9585 -0.1955
vn -0.0133 -0.7993 -0.6007
vn -0.0830 -0.8011 -0.5928
vn -0.2206 -0.7602 -0.6111
vn -0.0081 -0.6256 -0.7801
vn -0.0584 -0.6941 -0.7175
vn -0.1105 -0.7401 -0.6634
vn -0.1885 -0.6184 -0.7629
vn -0.1432 -0.5796 -0.8022
vn -0.1211 -0.5055 -0.8543
vn 0.2533 0.9276 -0.2745
vn 0.2315 0.9524 -0.1985
vn -0.1202 0.9902 -0.0716
vn -0.0516 0.9858 -0.1599
vn -0.0068 0.9607 -0.2774
vn 0.2333 0.9004 -0.3671
vn -0.5466 -0.2894 -0.7858
vn -0.4039 0.2446 -0.8815
vn 0.8488 -0.4001 -0.3457
vn 0.8195 -0.3955 -0.4147
vn 0.1847 0.1910 0.9641
vn 0.2536 0.1209 0.9597
vn 0.2408 0.2061 0.9484
vn 0.3568 0.1912 0.9144
vn 0.3877 0.2104 0.8975
vn 0.0872 0.3508 0.9324
vn 0.3947 -0.9188 -0.0038
vn -0.1627 -0.9241 0.3458
vn -0.2333 -0.9206 0.3131
vn -0.0349 -0.0159 0.9993
vn -0.0687 0.0438 0.9967
vn -0.2369 -0.2816 0.9298
vn -0.1559 -0.3073 0.9387
vn 0.6220 0.7118 0.3262
vn 0.5931 0.8046 0.0298
vn 0.2104 0.9703 -0.1194
vn 0.2883 0.9536 0.0872
vn 0.7380 0.6281 0.2466
vn 0.8670 0.0945 -0.4893
vn 0.9367 -0.0293 -0.3490
vn 0.8878 -0.1406 -0.4383
vn 0.7938 -0.0364 -0.6070
vn 0.0458 -0.6622 0.7480
vn 0.0143 -0.7827 0.6222
vn 0.0131 -0.8212 0.5705
vn 0.2843 -0.2167 0.9339
vn 0.2330 -0.2074 0.9501
vn 0.1704 -0.1187 0.9782
vn 0.0538 -0.4826 0.8742
vn 0.1775 -0.6222 -0.7625
vn -0.1322 -0.6880 -0.7136
vn -0.1241 -0.5832 -0.8028
vn -0.3368 -0.5469 -0.7664
vn -0.3270 -0.6604 -0.6760
vn 0.1577 -0.6921 -0.7044
vn 0.7015 -0.5173 -0.4902
vn -0.2666 -0.7016 0.6608
vn -0.2504 -0.7571 0.6033
vn -0.2179 -0.8063 0.5499
vn -0.2708 -0.9085 0.3182
vn -0.3060 -0.8950 0.3246
vn -0.3262 -0.8859 0.3297
vn -0.2683 -0.6658 0.6962
vn -0.4590 -0.4017 -0.7924
vn 0.7991 -0.4899 -0.3485
vn 0.8481 -0.3795 -0.3697
vn -0.4105 -0.9102 -0.0543
vn -0.3632 -0.9230 -0.1272
vn -0.2735 -0.9606 0.0504
vn -0.3146 -0.9442 0.0979
vn -0.3610 -0.9191 0.1579
vn -0.4649 -0.8845 0.0400
vn 0.4044 0.8992 -0.1672
vn 0.3282 0.9436 -0.0431
vn 0.4151 0.9089 0.0400
vn 0.4688 0.8816 -0.0543
vn -0.1529 0.7747 0.6136
vn -0.3768 0.9235 0.0718
vn -0.3845 0.8985 0.2118
vn -0.1514 0.9657 0.2109
vn 0.1002 0.0874 0.9911
vn -0.1082 -0.1322 -0.9853
vn -0.1326 -0.1496 -0.9798
vn -0.0794 0.0289 -0.9964
vn -0.0716 0.0911 -0.9933
vn 0.0240 0.0832 -0.9962
vn -0.0016 -0.2254 -0.9743
vn -0.3465 0.4680 -0.8130
vn -0.2404 0.5541 -0.7970
vn -0.1728 0.6218 -0.7639
vn -0.3966 0.3762 -0.8374
vn -0.3689 0.4032 -0.8375
vn -0.4966 0.2241 -0.8386
vn -0.4693 0.2473 -0.8477
vn -0.4428 0.2915 -0.8479
vn -0.7626 0.1673 -0.6248
vn -0.7743 0.3563 -0.5230
vn -0.6850 0.5208 -0.5095
vn 0.4544 0.3036 0.8375
vn 0.4337 0.3201 0.8423
vn 0.3248 0.0527 0.9443
vn 0.3644 -0.0055 0.9312
vn 0.4140 0.2798 0.8662
vn 0.1449 0.6106 -0.7786
vn 0.0812 0.1104 -0.9906
vn 0.5306 0.6640 -0.5268
vn 0.6209 0.2527 -0.7420
vn 0.6205 0.1910 -0.7606
vn 0.7367 -0.0127 -0.6761
vn 0.5446 0.4416 -0.7131
vn 0.4649 0.4999 -0.7307
vn 0.3913 0.2480 -0.8862
vn 0.0604 0.0443 0.9972
vn 0.0137 0.1260 0.9919
vn -0.2542 -0.2041 0.9454
vn -0.2133 -0.2499 0.9445
vn -0.1249 -0.3178 0.9399
vn -0.4784 -0.8257 0.2990
vn -0.4484 -0.8518 0.2707
vn -0.4080 -0.8828 0.2327
vn -0.2791 -0.9192 0.2777
vn -0.3734 -0.8638 0.3382
vn 0.8731 -0.3565 -0.3327
vn 0.3749 -0.8416 -0.3887
vn 0.2237 0.2023 0.9534
vn 0.1419 0.0789 0.9867
vn 0.0386 0.3305 0.9430
vn -0.1246 -0.9166 -0.3798
vn -0.3079 -0.8585 -0.4101
vn -0.2920 -0.7499 -0.5936
vn -0.2338 -0.8085 -0.5400
vn -0.8529 0.4188 0.3118
vn -0.8541 0.3949 0.3385
vn -0.8609 0.3355 0.3824
vn -0.6867 0.7130 -0.1420
vn -0.6468 0.7593 -0.0719
vn -0.6240 0.7809 0.0270
vn 0.8494 -0.4478 0.2792
vn 0.8000 -0.5215 0.2966
vn 0.6944 -0.6663 0.2719
vn 0.7588 -0.6247 0.1840
vn 0.7761 -0.5471 0.3137
vn -0.1394 0.8981 -0.4171
vn 0.0408 0.9360 -0.3495
vn 0.0193 0.9854 -0.1689
vn -0.2149 0.9694 -0.1189
vn -0.9134 0.4044 -0.0470
vn -0.8413 0.2194 -0.4941
vn -0.0012 0.9941 0.1080
vn -0.2614 0.9476 0.1838
vn -0.8710 0.3402 0.3544
vn -0.1793 0.9278 0.3272
vn 0.1188 0.9714 0.2058
vn -0.1007 0.5534 0.8268
vn -0.4136 0.5016 0.7598
vn -0.3572 -0.4903 0.7950
vn -0.5486 -0.3904 0.7393
vn -0.6300 0.3466 0.6950
vn -0.6675 -0.3324 0.6662
vn -0.2454 -0.9499 0.1936
vn 0.1914 -0.9294 -0.3156
vn 0.2109 0.9775 0.0049
vn 0.2847 0.9557 0.0747
vn -0.0585 0.9125 0.4048
vn 0.1113 0.9921 -0.0584
vn 0.1919 0.9771 -0.0923
vn 0.1015 0.9870 -0.1250
vn -0.7051 -0.6757 0.2152
vn -0.2219 -0.6209 0.7518
vn -0.6366 -0.4082 0.6543
vn -0.7179 0.1804 0.6724
vn -0.9996 -0.0210 -0.0202
vn 0.0840 0.3276 0.9411
vn -0.9779 0.1940 -0.0779
vn -0.8911 -0.3202 0.3217
vn -0.7635 0.0907 0.6394
vn -0.7639 0.6393 0.0879
vn -0.8588 0.0742 -0.5069
vn -0.6877 -0.6779 -0.2600
vn -0.5696 0.7035 -0.4250
vn -0.3007 0.9320 0.2022
vn 0.1907 0.9588 0.2104
vn 0.0684 0.9797 -0.1882
vn 0.1944 0.9501 -0.2440
vn -0.6442 -0.7195 0.2593
vn -0.3739 -0.9176 0.1353
vn -0.0814 -0.6968 0.7127
vn -0.1528 -0.6454 0.7484
vn -0.3636 -0.4157 0.8337
vn -0.4337 0.8386 -0.3297
vn 0.0310 0.9211 -0.3880
vn -0.2525 -0.8647 0.4343
vn -0.3808 -0.8958 0.2290
vn -0.6207 -0.7840 0.0106
vn -0.6226 -0.7809 -0.0520
vn -0.0060 0.5770 -0.8168
vn 0.3020 0.8804 -0.3655
vn 0.2870 0.1103 -0.9516
vn -0.1805 0.8098 -0.5583
vn -0.8720 -0.1609 -0.4623
vn -0.0813 -0.8880 -0.4525
vn -0.0881 -0.8433 -0.5301
vn -0.0127 -0.8535 -0.5210
vn 0.0861 -0.8592 -0.5043
vn 0.0713 -0.8812 -0.4674
vn -0.0069 -0.8995 -0.4369
vn -0.2861 -0.2899 0.9133
vn -0.2162 -0.3261 0.9203
vn -0.0711 -0.3289 0.9417
vn -0.0863 -0.1924 0.9775
vn -0.0929 -0.1509 0.9842
vn -0.2159 -0.2798 0.9355
vn 0.2191 0.2106 0.9527
vn 0.0127 -0.1152 0.9933
vn 0.1083 -0.1335 0.9851
vn 0.3758 -0.1903 0.9070
vn 0.5642 0.1481 0.8123
vn 0.2674 0.2157 0.9391
vn -0.3468 -0.7041 -0.6197
vn -0.4365 -0.8996 -0.0157
vn -0.9858 -0.1674 -0.0103
vn -0.9874 -0.1380 0.0777
vn -0.9964 0.0037 0.0842
vn -0.9998 -0.0087 0.0204
vn -0.9995 -0.0168 -0.0272
vn -0.2960 -0.8680 0.3988
vn 0.1454 0.2758 0.9501
vn 0.2530 0.5951 0.7628
vn 0.2141 0.6852 0.6962
vn 0.1248 0.7717 0.6236
vn 0.0578 0.4055 0.9123
vn -0.3064 -0.3534 0.8838
vn -0.4439 -0.3290 0.8335
vn -0.4806 -0.4343 0.7618
vn -0.3695 -0.4383 0.8194
vn 0.7122 0.6579 -0.2449
vn 0.7836 0.5732 -0.2395
vn 0.7638 0.5416 -0.3511
vn 0.6787 0.6336 -0.3714
vn 0.3478 0.9372 0.0252
vn 0.3138 0.9494 -0.0126
vn 0.2753 0.9585 0.0743
vn 0.2956 0.3637 0.8834
vn 0.3605 0.4780 0.8010
vn 0.3460 0.5557 0.7559
vn 0.3378 0.7078 0.6204
vn -0.3977 0.5425 0.7400
vn -0.5628 0.2885 0.7747
vn -0.4927 0.4017 0.7719
vn -0.2665 0.6290 0.7303
vn -0.6545 0.1072 0.7484
vn -0.6762 0.0767 0.7327
vn -0.6220 0.3549 0.6980
vn -0.3921 -0.2946 -0.8715
vn -0.5715 -0.4478 -0.6876
vn -0.4701 -0.5090 -0.7210
vn -0.4029 -0.5899 -0.6998
vn -0.2491 -0.3687 -0.8955
vn 0.2196 0.9254 0.3090
vn 0.2383 0.9385 0.2499
vn -0.3855 0.8680 0.3129
vn -0.3782 0.8435 0.3813
vn -0.3967 0.8509 0.3444
vn -0.4384 0.8676 0.2345
vn 0.2426 0.8962 0.3714
vn 0.1594 0.9836 -0.0842
vn -0.0308 0.9991 -0.0293
vn 0.1681 0.9352 -0.3117
vn 0.5804 0.6657 0.4690
vn 0.6701 0.6554 0.3485
vn 0.2332 0.8989 -0.3711
vn 0.1298 0.8993 -0.4177
vn 0.5071 0.7036 0.4978
vn 0.3185 0.8297 -0.4585
vn 0.2982 0.8813 -0.3664
vn 0.4441 0.7592 -0.4758
vn 0.4875 0.7207 -0.4928
vn -0.3639 0.3404 0.8670
vn -0.4604 0.3886 0.7981
vn -0.5325 0.2613 0.8051
vn -0.4314 0.2117 0.8770
vn -0.2041 -0.1744 -0.9633
vn -0.0024 -0.0759 -0.9971
vn -0.1523 -0.1505 -0.9768
vn -0.1387 -0.6223 0.7704
vn -0.3368 -0.6224 0.7066
vn -0.1951 -0.6471 0.7371
vn -0.0566 -0.6143 0.7870
vn -0.5682 -0.5467 0.6151
vn -0.3803 -0.6359 0.6715
vn 0.6846 0.7273 0.0483
vn -0.0342 0.1685 0.9851
vn 0.0594 0.0778 0.9952
vn 0.8123 0.5402 -0.2201
vn -0.1991 -0.6318 0.7491
vn -0.1460 -0.5530 0.8203
vn 0.4670 0.8833 -0.0422
vn 0.3458 0.9353 -0.0752
vn 0.3666 0.4458 0.8166
vn 0.5326 0.8463 0.0110
vn 0.4824 0.6708 0.5633
vn -0.2588 -0.5793 0.7729
vn -0.1884 -0.6763 0.7121
vn -0.2160 -0.5516 0.8056
vn -0.2833 -0.4503 0.8467
vn -0.2230 -0.7273 0.6491
vn -0.1808 -0.7895 0.5865
vn 0.1930 0.6211 -0.7596
vn -0.0647 0.6058 -0.7930
vn -0.1623 0.0222 -0.9865
vn -0.0490 0.1723 -0.9838
vn 0.1335 0.2418 -0.9611
vn 0.1378 0.3576 -0.9236
vn -0.0144 -0.8003 0.5994
vn -0.0004 -0.6987 0.7155
vn -0.0405 -0.8759 0.4808
vn 0.0257 -0.5789 0.8150
vn -0.2270 -0.4449 0.8663
vn 0.1106 -0.4403 0.8910
vn -0.1777 -0.3440 0.9220
vn 0.6695 -0.7260 0.1573
vn 0.6977 -0.6568 0.2860
vn 0.2160 -0.2989 0.9295
vn -0.3346 -0.0713 0.9397
vn -0.2884 0.0030 0.9575
vn -0.4111 0.0439 0.9105
vn -0.4858 -0.1693 0.8575
vn -0.3966 -0.2023 0.8954
vn 0.1075 0.1301 -0.9857
vn -0.1135 0.2727 -0.9554
vn -0.3883 -0.8502 -0.3555
vn -0.3467 -0.8278 -0.4411
vn -0.3817 -0.7032 -0.5999
vn -0.2909 -0.8603 -0.4186
vn -0.2945 -0.9442 -0.1476
vn -0.5015 0.4714 -0.7255
vn -0.2831 0.3881 -0.8771
vn -0.8332 0.5130 -0.2065
vn -0.7106 0.2803 0.6454
vn -0.7871 0.2614 0.5587
vn -0.0790 -0.2933 0.9527
vn 0.0205 -0.1736 0.9846
vn -0.8449 0.2776 0.4572
vn -0.2273 -0.3868 0.8937
vn -0.3866 -0.3910 0.8353
vn -0.0115 -0.5969 0.8022
vn 0.0820 -0.5345 0.8412
vn -0.5451 -0.3407 0.7660
vn -0.7032 -0.2883 0.6499
vn -0.7186 0.5562 0.4175
vn -0.7976 0.2738 0.5374
vn -0.9031 0.0660 0.4243
vn -0.9038 -0.0839 0.4198
vn -0.8311 -0.2172 0.5120
vn -0.7667 -0.3521 0.5368
vn -0.8326 -0.1191 0.5409
vn -0.6806 -0.4602 0.5701
vn -0.5690 -0.5647 0.5978
vn -0.4950 0.8654 0.0777
vn -0.5044 0.8337 0.2248
vn -0.3669 -0.7804 0.5064
vn -0.2755 -0.7129 0.6449
vn 0.4540 0.7627 -0.4606
vn 0.4167 0.8070 -0.4184
vn 0.4884 0.7691 -0.4122
vn -0.2172 -0.8517 0.4769
vn -0.0898 -0.9116 0.4011
vn 0.4535 -0.8912 0.0011
vn 0.5185 -0.8551 0.0083
vn 0.6010 -0.7970 0.0597
vn 0.8232 -0.1468 -0.5484
vn 0.8261 -0.1525 -0.5425
vn 0.8275 -0.1808 -0.5315
vn 0.8264 -0.2164 -0.5199
vn 0.5585 0.1360 -0.8183
vn 0.5141 0.0003 -0.8577
vn 0.4752 -0.1123 -0.8727
vn 0.2907 0.3535 -0.8891
vn 0.1870 0.2334 -0.9542
vn 0.1125 0.5104 -0.8525
vn -0.0154 0.3919 -0.9199
vn 0.9429 0.1965 -0.2690
vn 0.9648 0.2482 -0.0874
vn 0.9532 -0.2384 -0.1861
vn 0.9275 -0.2349 -0.2908
vn 0.8880 0.1502 -0.4347
vn -0.3486 0.7110 -0.6107
vn -0.4295 0.5901 -0.6837
vn -0.1869 0.5212 -0.8327
vn -0.0878 0.6496 -0.7552
vn -0.7426 0.6458 -0.1776
vn -0.7964 0.5724 -0.1955
vn 0.4592 -0.7988 0.3886
vn 0.5992 -0.7456 0.2916
vn 0.6131 -0.6834 0.3964
vn 0.5611 -0.7233 0.4025
vn 0.6183 -0.7237 0.3065
vn 0.5503 -0.8126 0.1920
vn 0.1323 -0.7325 -0.6678
vn -0.1488 -0.9329 -0.3281
vn -0.2418 -0.7757 -0.5829
vn -0.0878 -0.6113 -0.7865
vn -0.0430 -0.3910 -0.9194
vn 0.2281 -0.6683 -0.7081
vn -0.4958 0.7493 0.4390
vn 0.5729 0.0741 0.8163
vn 0.6853 0.0723 0.7246
vn 0.5352 -0.0052 0.8447
vn -0.7629 0.0941 0.6397
vn -0.4914 0.8587 0.1451
vn -0.3015 0.9483 0.0987
vn 0.6118 0.5780 -0.5400
vn 0.5712 0.5775 -0.5833
vn 0.7330 0.3105 -0.6052
vn 0.7690 0.2955 -0.5668
vn 0.8242 0.2303 -0.5174
vn 0.6754 0.5470 -0.4946
vn 0.6994 0.5590 -0.4454
vn 0.5868 0.6722 -0.4514
vn 0.5564 0.6579 -0.5076
vn 0.8373 -0.3050 -0.4538
vn 0.8002 -0.2290 -0.5544
vn 0.7341 -0.1909 -0.6516
vn 0.2576 -0.0111 -0.9662
vn 0.0091 0.6291 0.7773
vn -0.1227 0.3300 0.9360
vn -0.0828 0.2725 0.9586
vn -0.0263 0.2045 0.9785
vn 0.0849 0.5479 0.8322
vn 0.4146 0.0732 -0.9070
vn 0.4389 0.8042 -0.4008
vn 0.3207 0.9418 0.1004
vn -0.1685 0.7698 0.6157
vn 0.2224 0.9585 0.1785
vn 0.5012 0.7684 -0.3978
vn -0.0527 0.9858 0.1595
vn -0.2314 0.9344 -0.2707
vn -0.4300 0.8949 0.1196
vn 0.0014 -0.6419 0.7668
vn -0.0965 -0.5971 0.7963
vn -0.1086 -0.6391 0.7614
vn -0.0019 -0.4639 0.8859
vn -0.0190 -0.4476 0.8940
vn 0.8137 0.4928 -0.3082
vn 0.7039 0.6455 -0.2964
vn 0.7179 0.4775 0.5065
vn 0.8130 0.3541 0.4621
vn 0.8405 0.4480 -0.3048
vn 0.1313 -0.7144 -0.6873
vn 0.0724 -0.7630 -0.6423
vn -0.1147 -0.9509 -0.2876
vn -0.0723 -0.9107 -0.4067
vn 0.1224 -0.6518 -0.7484
vn -0.1240 -0.8477 -0.5158
vn -0.3612 -0.9323 0.0163
vn -0.6381 -0.5740 0.5132
vn -0.7332 -0.4949 0.4664
vn -0.4994 -0.8613 -0.0940
vn -0.2637 -0.7195 -0.6425
vn 0.0016 -0.5466 -0.8374
vn -0.6956 -0.2163 0.6851
vn -0.7044 -0.1253 0.6986
vn 0.9281 -0.2337 0.2897
vn 0.9261 -0.2698 0.2637
vn 0.8031 -0.4704 0.3658
vn 0.8873 -0.4008 0.2282
vn 0.9426 -0.2320 0.2401
vn -0.5926 -0.6803 0.4313
vn -0.7325 -0.3127 0.6047
vn -0.5410 -0.7843 0.3035
vn -0.7705 -0.3830 0.5095
vn -0.7691 0.2127 0.6027
vn -0.7181 0.1319 0.6834
vn -0.8288 -0.4402 0.3454
vn -0.3413 0.7913 0.5073
vn -0.4281 0.5939 0.6812
vn -0.8666 -0.4819 0.1297
vn -0.4744 -0.8464 0.2420
vn -0.4554 -0.8653 0.2093
vn -0.4156 -0.8933 0.1710
vn -0.7680 -0.6353 -0.0817
vn -0.7390 -0.0364 -0.6727
vn 0.9119 -0.3989 -0.0968
vn 0.9694 -0.1112 -0.2190
vn 0.9889 -0.0859 -0.1214
vn 0.9986 0.0397 0.0343
vn 0.8696 -0.4854 -0.0900
vn 0.9130 -0.3778 -0.1536
vn 0.3625 0.6196 0.6962
vn -0.0368 -0.2882 0.9569
vn -0.0221 -0.4453 0.8951
vn 0.0235 -0.0241 0.9994
vn 0.0084 -0.5499 0.8352
vn -0.1017 -0.6341 0.7665
vn 0.6843 0.5468 -0.4825
vn 0.4413 0.6353 -0.6338
vn 0.6332 0.6840 -0.3623
vn 0.8151 0.5758 -0.0638
vn 0.8565 0.4941 -0.1490
vn -0.8977 0.4405 -0.0096
vn -0.9610 0.2765 -0.0012
vn -0.9517 0.2725 0.1416
vn -0.8897 0.4365 0.1339
vn -0.3120 0.9442 -0.1055
vn 0.2563 0.9617 -0.0976
vn 0.2904 0.9441 -0.1561
vn 0.1791 0.4156 -0.8917
vn 0.2298 0.1982 -0.9528
vn 0.1356 -0.0393 -0.9900
vn 0.0329 0.0998 -0.9945
vn 0.0189 0.2430 -0.9698
vn 0.0884 0.3985 -0.9129
vn 0.1897 0.9650 0.1808
vn -0.0070 0.5089 0.8608
vn -0.2847 -0.5525 0.7834
vn 0.0201 0.3904 0.9204
vn -0.2635 -0.6237 0.7359
vn -0.3672 -0.8422 0.3948
vn -0.4373 -0.8255 0.3568
vn 0.3554 -0.0016 0.9347
vn 0.2777 0.0657 0.9584
vn -0.1981 -0.9558 0.2170
vn -0.1672 -0.9605 0.2225
vn -0.2755 -0.9436 0.1837
vn -0.2643 -0.8972 0.3538
vn -0.2291 -0.9091 0.3479
vn -0.2642 -0.9016 0.3426
vn -0.2042 -0.9299 0.3060
vn -0.2588 -0.1959 0.9459
vn -0.3442 -0.1268 0.9303
vn 0.0596 -0.2744 0.9598
vn -0.1488 -0.3352 0.9303
vn -0.3140 -0.2824 0.9064
vn 0.2807 0.8104 0.5143
vn 0.4830 0.8467 0.2230
vn 0.4647 0.7148 0.5226
vn 0.3880 0.7235 0.5710
vn 0.3036 -0.4427 -0.8437
vn 0.0992 -0.3263 -0.9400
vn -0.1042 -0.5572 -0.8238
vn -0.0443 -0.6011 -0.7980
vn 0.3615 -0.5891 -0.7227
vn 0.6912 -0.3409 -0.6372
vn -0.2873 -0.7422 -0.6055
vn -0.0973 -0.8430 -0.5290
vn -0.3647 -0.9174 0.1594
vn -0.4493 -0.8833 0.1341
vn 0.2354 -0.2956 -0.9259
vn 0.5620 -0.5476 -0.6199
vn -0.3559 -0.6950 -0.6247
vn 0.5244 0.4804 -0.7030
vn 0.7950 0.1127 -0.5960
vn 0.1209 0.4730 0.8727
vn 0.1033 0.3155 0.9433
vn 0.0922 0.2855 0.9539
vn 0.1731 0.4063 0.8972
vn 0.7834 -0.6158 -0.0840
vn 0.6982 -0.6765 -0.2341
vn 0.7714 -0.5751 -0.2722
vn 0.8708 -0.4646 -0.1611
vn 0.8453 -0.5160 -0.1387
vn 0.4745 0.7125 0.5169
vn 0.2796 0.6815 0.6763
vn -0.0344 0.3096 0.9502
vn -0.0394 0.0948 0.9947
vn 0.2957 0.4848 0.8231
vn -0.0291 0.5581 -0.8293
vn 0.0196 0.4946 -0.8689
vn -0.0309 0.2729 -0.9615
vn -0.1341 -0.7975 -0.5882
vn 0.4405 0.1445 -0.8860
vn 0.2737 0.1899 -0.9429
vn -0.2024 -0.7478 -0.6324
vn -0.1961 0.8873 -0.4175
vn -0.1268 0.9525 -0.2768
vn -0.2691 0.8070 -0.5256
vn 0.0011 0.7484 -0.6633
vn 0.0957 0.8269 -0.5542
vn 0.2099 0.8782 -0.4299
vn 0.2186 0.7542 -0.6192
vn 0.3384 0.7814 -0.5243
vn 0.1217 0.6879 -0.7156
vn -0.2286 -0.6037 -0.7637
vn -0.3163 -0.6391 -0.7011
vn -0.2039 0.0158 -0.9789
vn -0.0730 -0.0427 -0.9964
vn -0.0299 -0.1114 -0.9933
vn -0.1694 -0.4635 -0.8697
vn -0.2191 -0.6715 0.7078
vn -0.2354 -0.7915 0.5641
vn 0.3119 0.6412 -0.7011
vn 0.2341 0.6955 -0.6793
vn 0.4922 0.8702 0.0225
vn 0.6070 0.7928 -0.0558
vn 0.6671 0.7398 -0.0876
vn 0.3376 0.5502 -0.7638
vn 0.4082 0.4483 0.7953
vn 0.6011 0.3317 0.7271
vn 0.8287 0.5243 0.1958
vn 0.7044 0.6775 0.2116
vn 0.6111 -0.5040 -0.6103
vn 0.5615 -0.5196 -0.6439
vn 0.7240 -0.4680 -0.5067
vn 0.8359 -0.3223 -0.4443
vn 0.8412 -0.2906 -0.4559
vn 0.8380 -0.2381 -0.4910
vn 0.5060 0.8479 0.1579
vn 0.4767 0.8545 0.2065
vn 0.4961 -0.8500 -0.1770
vn -0.5297 -0.0333 -0.8476
vn -0.4602 -0.1262 -0.8788
vn -0.6944 -0.5231 -0.4942
vn -0.7908 -0.4361 -0.4295
vn -0.8316 -0.4103 -0.3743
vn -0.5900 -0.0092 -0.8073
vn 0.3265 0.9068 -0.2668
vn 0.2834 0.9399 -0.1906
vn 0.2350 0.9658 -0.1097
vn -0.8510 -0.4522 -0.2671
vn -0.8195 -0.5469 -0.1710
vn -0.1765 -0.8813 -0.4384
vn -0.3247 -0.8904 -0.3190
vn -0.3898 -0.8958 -0.2136
vn -0.8665 -0.4404 -0.2351
vn 0.6019 0.2432 -0.7606
vn 0.2280 0.6031 -0.7644
vn 0.3869 0.4576 -0.8005
vn 0.4639 0.5269 -0.7122
vn 0.3231 0.6639 -0.6744
vn 0.6444 0.3004 -0.7032
vn -0.6266 -0.7700 -0.1207
vn -0.6712 -0.7136 -0.2006
vn -0.5249 -0.8106 0.2595
vn -0.5757 -0.7699 0.2753
vn -0.5520 -0.8319 -0.0566
vn 0.0204 0.5923 -0.8055
vn -0.3064 -0.9504 0.0542
vn 0.2762 0.9451 0.1744
vn 0.1743 0.9661 0.1905
vn -0.7097 -0.3586 0.6064
vn -0.0750 -0.2172 0.9733
vn -0.2597 -0.3059 0.9160
vn -0.0439 -0.3773 0.9250
vn -0.0662 -0.4753 0.8773
vn -0.2812 -0.3893 0.8772
vn -0.2582 -0.1689 -0.9512
vn -0.3877 -0.4125 -0.8244
vn 0.8561 0.4402 0.2707
vn 0.8018 0.4678 0.3719
vn 0.7907 0.6120 -0.0183
vn 0.9701 0.2420 0.0181
vn 0.9754 0.1244 0.1821
vn -0.4708 0.8822 -0.0103
vn -0.6125 0.7860 0.0842
vn 0.7591 0.6010 -0.2500
vn 0.7663 0.6145 -0.1878
vn 0.8352 0.5473 0.0531
vn 0.8747 0.4708 -0.1150
vn 0.7981 0.5134 -0.3153
vn 0.9043 0.3722 -0.2092
vn 0.8917 0.4319 -0.1354
vn 0.8938 0.2135 -0.3944
vn 0.6487 0.6596 -0.3796
vn 0.4146 0.6902 -0.5931
vn 0.4962 0.6796 -0.5402
vn 0.6299 -0.4263 0.6493
vn 0.7971 -0.4002 0.4522
vn 0.7973 -0.5314 0.2863
vn 0.4444 -0.8845 0.1416
vn 0.9500 -0.2406 -0.1989
vn -0.0362 -0.8724 0.4874
vn -0.5081 -0.1884 0.8404
vn -0.8094 -0.5825 0.0745
vn -0.7153 -0.6907 0.1061
vn -0.4202 -0.3869 0.8208
vn -0.5092 -0.7811 0.3615
vn -0.3044 -0.8847 0.3531
vn -0.3560 -0.8644 0.3550
vn -0.3134 -0.8781 0.3615
vn -0.3661 -0.8570 0.3627
vn -0.3217 -0.8906 0.3215
vn -0.3736 -0.8822 0.2866
vn -0.4722 -0.8108 0.3460
vn -0.2463 -0.1532 0.9570
vn -0.2999 -0.2947 0.9073
vn -0.5529 -0.2739 0.7869
vn -0.4777 -0.0617 0.8764
vn -0.4058 -0.1377 0.9035
vn -0.3736 -0.2605 0.8903
vn -0.3518 -0.1290 0.9271
vn -0.2953 0.0222 0.9552
vn -0.3075 -0.0241 0.9512
vn -0.3908 0.2833 -0.8758
vn -0.2680 0.4903 -0.8293
vn 0.9458 -0.1360 0.2949
vn 0.9267 -0.0466 0.3728
vn 0.8962 -0.4410 -0.0486
vn 0.9313 -0.3463 -0.1133
vn 0.8435 -0.5343 0.0552
vn 0.8665 -0.1178 -0.4850
vn 0.8630 0.2154 -0.4571
vn 0.2749 -0.8455 0.4577
vn 0.1840 -0.8821 0.4337
vn 0.0216 -0.9044 0.4262
vn 0.0610 -0.8593 0.5078
vn 0.0759 0.9501 -0.3024
vn 0.6444 0.0156 0.7645
vn 0.7286 0.0711 0.6812
vn 0.8960 -0.0415 0.4421
vn 0.8739 -0.0631 0.4819
vn 0.8543 -0.1279 0.5037
vn 0.4273 -0.5689 0.7027
vn -0.1173 -0.9092 0.3994
vn 0.6019 -0.7971 -0.0495
vn 0.7615 -0.6460 -0.0538
vn 0.7445 -0.6637 -0.0726
vn 0.6254 -0.3716 0.6862
vn -0.2071 -0.9781 -0.0192
vn -0.7203 -0.6724 -0.1703
vn -0.3097 -0.8348 -0.4551
vn -0.2493 -0.8607 -0.4440
vn -0.2195 -0.8625 -0.4560
vn -0.0930 -0.9930 0.0723
vn -0.1484 -0.9885 0.0276
vn -0.7979 0.5859 0.1416
vn -0.8066 0.5911 -0.0011
vn 0.3161 0.8109 0.4925
vn 0.2628 0.9468 0.1857
vn 0.0372 0.2227 0.9742
vn 0.7904 0.6089 0.0676
vn 0.8822 0.0941 0.4614
vn 0.8369 0.2899 -0.4644
vn 0.6154 0.5301 -0.5834
vn 0.9240 -0.2065 -0.3218
vn 0.6143 -0.1786 -0.7686
vn 0.6911 -0.6839 -0.2340
vn 0.5491 -0.6511 0.5239
vn -0.1733 -0.9838 -0.0465
vn 0.3071 -0.6171 -0.7245
vn 0.8413 -0.5069 -0.1879
vn 0.7165 -0.4255 0.5529
vn 0.5220 -0.3872 -0.7600
vn -0.2598 -0.7796 0.5699
vn 0.1129 -0.2772 0.9542
vn -0.1360 0.4537 0.8807
vn -0.0695 0.3814 0.9218
vn 0.0069 0.6143 0.7890
vn -0.0983 0.5894 0.8018
vn 0.1655 0.9830 -0.0790
vn 0.0712 0.9903 -0.1192
vn 0.0401 0.8302 0.5560
vn 0.8697 -0.4935 -0.0067
vn 0.7480 -0.4117 0.5206
vn 0.6164 -0.6569 0.4343
vn 0.4933 -0.8004 0.3405
vn 0.7961 -0.6008 -0.0724
vn 0.8140 -0.5766 -0.0705
vn 0.1718 0.3704 -0.9128
vn 0.1810 0.8440 -0.5049
vn 0.3740 0.7662 -0.5225
vn 0.3847 0.1960 -0.9020
vn 0.1303 0.0359 -0.9908
vn 0.3682 -0.1109 -0.9231
vn 0.9297 -0.2704 -0.2499
vn 0.9102 -0.3546 -0.2139
vn 0.8598 -0.0906 0.5025
vn 0.3282 0.1659 0.9299
vn -0.1104 0.2047 0.9726
vn -0.0280 0.1510 0.9881
vn -0.2352 -0.0271 0.9716
vn -0.1480 -0.0278 0.9886
vn -0.1834 0.2452 0.9520
vn -0.2907 -0.0276 0.9564
vn -0.6474 -0.7112 0.2739
vn -0.7024 -0.6965 0.1467
vn -0.6192 -0.7815 0.0765
vn -0.5269 -0.8401 0.1291
vn -0.5747 -0.7900 0.2135
vn -0.5892 -0.7700 0.2450
vn -0.5507 -0.7877 0.2762
vn -0.4001 -0.7599 0.5123
vn -0.3138 -0.7993 0.5125
vn -0.2290 -0.6664 0.7096
vn -0.2673 -0.5906 0.7614
vn -0.3154 -0.5141 0.7976
vn -0.4994 -0.6962 0.5157
vn -0.0386 0.1510 -0.9878
vn 0.0395 0.4804 -0.8761
vn 0.0410 -0.2280 -0.9728
vn 0.3257 -0.2985 -0.8971
vn 0.1581 -0.4592 -0.8742
vn -0.1233 -0.4365 -0.8912
vn 0.2201 -0.1409 0.9652
vn 0.8149 -0.2513 0.5223
vn 0.2926 -0.0159 0.9561
vn 0.1740 0.3606 0.9163
vn 0.1217 0.3285 0.9366
vn -0.1302 0.2645 0.9556
vn 0.5051 0.2149 0.8358
vn 0.3924 0.3005 0.8693
vn 0.3890 0.2973 0.8719
vn 0.1319 0.4506 0.8829
vn 0.0301 -0.8120 -0.5829
vn -0.0522 -0.7888 -0.6124
vn 0.0049 -0.7439 -0.6683
vn 0.1026 -0.7783 -0.6195
vn -0.9854 0.1699 0.0071
vn -0.9888 0.0160 0.1482
vn -0.9733 0.1744 0.1493
vn 0.8265 0.5112 0.2358
vn 0.8023 0.5187 0.2953
vn 0.7520 0.5696 0.3318
vn 0.6977 0.6379 0.3261
vn 0.7377 0.6243 0.2571
vn 0.8495 0.5274 -0.0141
vn 0.8095 0.5866 -0.0242
vn 0.7609 0.6489 -0.0020
vn 0.7197 0.6906 0.0719
vn 0.6975 0.7034 0.1364
vn 0.7966 0.5733 0.1918
vn -0.0670 0.1961 -0.9783
vn 0.0452 0.5338 -0.8444
vn -0.1556 -0.1620 -0.9745
vn -0.2026 -0.1400 -0.9692
vn -0.3820 -0.6771 -0.6290
vn -0.5081 -0.6562 -0.5579
vn -0.3096 -0.4124 -0.8568
vn 0.5440 0.6546 0.5249
vn 0.3659 0.7907 0.4908
vn 0.4342 0.8049 0.4045
vn 0.5758 0.7051 0.4138
vn -0.3525 -0.4225 -0.8350
vn -0.5303 -0.6691 -0.5207
vn 0.4268 -0.8810 -0.2040
vn 0.2759 -0.9610 -0.0206
vn 0.1010 -0.9941 -0.0402
vn 0.2722 -0.9416 -0.1981
vn 0.0179 -0.0450 0.9988
vn -0.0974 -0.2026 0.9744
vn 0.6391 0.6195 -0.4558
vn 0.5281 0.6590 -0.5355
vn 0.5392 -0.0060 -0.8422
vn 0.4338 0.6213 -0.6525
vn 0.5476 0.3657 -0.7526
vn -0.0203 -0.1830 -0.9829
vn -0.0368 -0.2223 -0.9743
vn 0.0038 -0.3180 -0.9481
vn 0.4634 0.6219 -0.6313
vn 0.0889 -0.6887 -0.7196
vn 0.3709 -0.4274 -0.8245
vn -0.3680 -0.9278 -0.0614
vn -0.4074 -0.7620 0.5034
vn 0.5249 -0.2211 -0.8220
vn 0.5019 -0.3181 -0.8043
vn -0.1509 -0.7114 -0.6864
vn -0.4912 -0.8702 -0.0371
vn -0.4950 -0.7301 0.4711
vn -0.1942 -0.2104 0.9581
vn -0.5913 -0.8062 -0.0185
vn -0.5720 -0.6840 0.4527
vn -0.2841 -0.2104 0.9354
vn 0.6904 -0.6951 0.2002
vn 0.0125 -0.4324 0.9016
vn -0.2424 -0.7462 0.6200
vn 0.2016 -0.9742 -0.1014
vn 0.6003 -0.4264 -0.6766
vn 0.3217 -0.6213 -0.7145
vn 0.8872 0.3121 -0.3399
vn 0.9138 -0.3007 0.2731
vn 0.7382 -0.1464 -0.6585
vn 0.0483 0.1185 0.9918
vn 0.2751 -0.0237 0.9611
vn 0.3775 0.3542 0.8556
vn 0.1815 0.4810 0.8577
vn 0.4202 0.8893 0.1804
vn -0.3555 -0.3923 0.8484
vn -0.4293 -0.3374 0.8378
vn -0.6585 -0.5789 0.4810
vn -0.5679 -0.6573 0.4954
vn -0.7192 -0.6292 -0.2948
vn -0.5901 -0.7534 -0.2901
vn -0.3788 -0.8816 -0.2816
vn -0.4156 -0.7020 0.5784
vn -0.4782 -0.4553 -0.7510
vn -0.2803 -0.5434 -0.7913
vn 0.0321 -0.6143 -0.7884
vn 0.0465 -0.2722 -0.9611
vn 0.3589 -0.3619 -0.8604
vn 0.5367 -0.1561 -0.8292
vn 0.7011 -0.3297 -0.6323
vn 0.8203 -0.5221 0.2332
vn -0.2178 -0.3748 0.9011
vn -0.2191 -0.0509 0.9744
vn -0.1318 -0.0820 0.9879
vn -0.3078 0.0058 0.9514
vn -0.4158 -0.1457 0.8977
vn -0.4968 -0.5135 -0.6996
vn -0.6472 -0.6576 -0.3855
vn -0.2790 -0.2005 -0.9391
vn -0.2352 -0.1738 -0.9563
vn 0.2927 0.0422 -0.9553
vn 0.5776 0.0619 -0.8140
vn 0.5882 0.4292 -0.6854
vn 0.4836 0.8494 -0.2115
vn 0.3217 0.9257 -0.1991
vn 0.1867 -0.2235 0.9567
vn -0.0342 -0.1188 0.9923
vn 0.4271 -0.7711 -0.4722
vn 0.3782 -0.8631 -0.3348
vn 0.1460 -0.9056 -0.3981
vn 0.1713 -0.8123 -0.5576
vn 0.2934 -0.7934 -0.5333
vn -0.4576 -0.7430 -0.4885
vn -0.5498 -0.6181 -0.5618
vn -0.5651 -0.2514 -0.7858
vn -0.5501 -0.3401 -0.7627
vn 0.3381 0.2966 -0.8931
vn 0.3434 0.6656 -0.6626
vn 0.1861 0.7947 -0.5778
vn 0.1178 0.4902 -0.8636
vn 0.1174 0.5385 -0.8344
vn 0.2034 0.8294 -0.5203
vn 0.5395 -0.6196 -0.5701
vn 0.6630 -0.3889 -0.6397
vn 0.8693 -0.4751 -0.1361
vn 0.5137 -0.8569 -0.0424
vn 0.8564 -0.4933 -0.1528
vn 0.8470 -0.2782 -0.4530
vn 0.5800 0.7892 -0.2022
vn 0.4268 0.9039 0.0273
vn 0.9570 -0.1587 -0.2427
vn 0.9845 -0.1373 -0.1088
vn 0.8993 -0.3789 -0.2182
vn 0.8366 -0.4798 -0.2644
vn 0.8817 -0.2660 -0.3897
vn -0.6106 -0.4386 -0.6594
vn -0.4927 -0.5208 -0.6971
vn -0.5333 -0.8428 0.0735
vn -0.3006 -0.1165 -0.9466
vn -0.1419 -0.1538 -0.9779
vn 0.1422 -0.1958 -0.9703
vn -0.2367 -0.6433 -0.7281
vn 0.3887 0.1971 -0.9000
vn 0.6222 0.1136 -0.7746
vn 0.8839 0.3731 -0.2819
vn 0.9753 -0.1823 -0.1248
vn 0.3612 0.4799 0.7995
vn 0.4552 0.5232 0.7205
vn 0.4956 0.6432 0.5837
vn 0.5068 0.5834 0.6347
vn 0.9849 -0.1030 0.1392
vn 0.9106 -0.2240 0.3474
vn 0.7245 -0.4421 0.5288
vn 0.5753 -0.7161 0.3953
vn 0.0835 -0.9929 0.0852
vn 0.3383 -0.9319 -0.1307
vn 0.3002 -0.9509 -0.0747
vn 0.0455 -0.9965 -0.0696
vn -0.2512 -0.9667 0.0489
vn -0.0216 -0.7264 0.6869
vn -0.2391 -0.5704 0.7858
vn 0.0666 -0.0888 0.9938
vn 0.2796 -0.2237 0.9337
vn 0.6931 0.6243 -0.3605
vn 0.1877 0.2499 -0.9499
vn 0.1200 0.3926 -0.9119
vn 0.0702 0.5106 -0.8570
vn -0.7569 0.6515 -0.0525
vn -0.8204 0.5648 -0.0892
vn -0.8695 0.4886 -0.0727
vn -0.2270 0.9586 -0.1722
vn -0.1753 0.9570 -0.2309
vn -0.1223 0.9593 -0.2545
vn -0.6254 -0.3898 -0.6760
vn -0.3121 -0.0651 -0.9478
vn 0.7700 0.5514 -0.3212
vn 0.5580 -0.7995 0.2223
vn 0.5844 -0.7974 0.1505
vn 0.3986 -0.8866 0.2345
vn 0.2296 -0.8230 0.5195
vn 0.1831 -0.7847 0.5922
vn -0.5686 -0.4019 -0.7177
vn -0.2940 -0.0547 -0.9542
vn 0.9297 -0.1596 -0.3318
vn 0.8426 -0.3273 -0.4276
vn 0.8155 -0.3967 -0.4214
vn 0.9502 0.0354 0.3096
vn 0.8219 0.1799 -0.5405
vn 0.7711 0.6054 0.1971
vn 0.8606 -0.1433 0.4886
vn -0.5131 -0.4082 0.7550
vn -0.3988 -0.3054 0.8647
vn -0.5100 -0.2886 0.8103
vn -0.7468 -0.6069 0.2720
vn -0.4652 -0.5230 0.7142
vn -0.6829 -0.7225 0.1079
vn -0.5297 -0.8253 0.1958
vn -0.3162 -0.7772 -0.5440
vn 0.1411 -0.9442 -0.2975
vn -0.2412 -0.9325 0.2690
vn 0.6733 -0.2719 -0.6876
vn 0.7467 -0.2307 -0.6238
vn 0.5040 -0.8580 0.0995
vn 0.0679 -0.5997 0.7973
vn -0.0450 -0.7876 0.6145
vn 0.6430 -0.7052 0.2987
vn -0.2178 -0.4233 0.8794
vn -0.3357 -0.5869 0.7367
vn 0.1535 0.9822 0.1078
vn 0.1290 0.6879 0.7142
vn 0.2588 0.6247 0.7368
vn 0.3287 0.9240 0.1956
vn 0.8906 -0.3796 -0.2505
vn 0.9151 -0.3582 -0.1851
vn 0.9627 -0.2647 -0.0559
vn 0.9841 -0.1763 0.0203
vn 0.9632 -0.2597 -0.0688
vn 0.9741 -0.1559 -0.1635
vn 0.9588 -0.0890 -0.2698
vn -0.1937 -0.0029 0.9811
vn 0.0816 0.5629 0.8225
vn -0.0762 0.5326 0.8429
vn -0.2860 0.0080 0.9582
vn -0.7287 -0.5633 -0.3894
vn -0.5836 -0.6388 -0.5014
vn 0.2636 -0.1066 -0.9587
vn 0.4314 -0.1230 -0.8938
vn -0.4481 -0.7272 -0.5200
vn 0.5084 0.8005 -0.3173
vn 0.5761 0.6865 -0.4437
vn -0.0081 0.9747 -0.2233
vn 0.4705 0.8563 -0.2132
vn 0.7883 -0.2083 -0.5789
vn 0.8153 -0.0744 -0.5743
vn 0.7783 -0.5040 0.3745
vn 0.2566 -0.1306 0.9577
vn 0.1568 -0.4401 0.8842
vn 0.3418 0.3084 0.8877
vn 0.2365 0.5022 0.8318
vn -0.1728 0.0371 -0.9843
vn 0.0459 -0.0578 -0.9973
vn 0.4929 0.1077 -0.8634
vn 0.5955 0.0471 -0.8020
vn 0.5813 0.2642 -0.7696
vn 0.6289 0.5707 -0.5280
vn 0.6775 0.4316 -0.5955
vn 0.6503 0.1464 -0.7455
vn 0.5993 0.7982 0.0614
vn 0.9265 0.1691 -0.3362
vn 0.9406 0.0235 -0.3386
vn 0.9573 0.2292 -0.1760
vn 0.9343 0.2677 -0.2354
vn 0.9433 0.1886 -0.2731
vn 0.6683 0.5297 -0.5223
vn 0.6112 0.5863 -0.5316
vn 0.6493 0.6108 -0.4532
vn 0.7454 0.5023 -0.4382
vn 0.7331 0.4600 -0.5010
vn 0.1278 0.9873 0.0947
vn 0.2803 0.9502 0.1364
vn 0.1420 0.4976 -0.8557
vn 0.1506 0.6257 -0.7654
vn 0.4194 0.4260 -0.8017
vn 0.3217 0.2205 -0.9208
vn 0.1179 0.4110 -0.9040
vn 0.1383 0.4929 -0.8590
vn 0.1351 0.5326 -0.8355
vn 0.1985 0.8588 -0.4722
vn 0.4611 0.7140 -0.5268
vn 0.5269 0.8411 0.1221
vn 0.4537 0.8871 0.0856
vn 0.1645 0.8948 -0.4152
vn 0.1734 0.9755 -0.1352
vn 0.1404 0.6714 -0.7276
vn -0.3164 -0.3415 -0.8850
vn -0.2719 -0.3833 -0.8827
vn -0.6008 -0.6934 -0.3978
vn -0.6084 -0.6177 -0.4984
vn -0.0104 0.2538 -0.9672
vn 0.8258 -0.4153 0.3815
vn 0.7497 -0.3622 0.5538
vn 0.8006 -0.1499 0.5801
vn -0.2229 0.7795 0.5854
vn -0.5262 0.2576 0.8104
vn -0.1610 0.0784 0.9838
vn -0.2033 0.8640 0.4606
vn 0.5193 0.5377 0.6642
vn 0.4726 0.0721 0.8783
vn 0.6052 0.1622 0.7794
vn 0.6649 0.3249 0.6725
vn 0.6941 0.4225 0.5828
vn 0.6458 0.4639 0.6064
vn -0.4840 0.8587 0.1687
vn -0.8269 0.4056 0.3894
vn -0.8892 0.4363 0.1379
vn -0.5883 0.8001 0.1174
vn 0.2332 0.3589 0.9038
vn 0.1280 -0.0589 0.9900
vn 0.2023 -0.0994 0.9743
vn 0.1207 0.1888 0.9746
vn 0.1588 0.1298 -0.9787
vn 0.0490 -0.1749 -0.9834
vn 0.3363 -0.0253 -0.9414
vn 0.0897 0.0203 -0.9958
vn 0.4222 0.9020 -0.0907
vn 0.2579 0.7659 -0.5890
vn 0.4359 0.8984 -0.0545
vn 0.1489 0.4459 -0.8826
vn 0.7126 -0.6888 -0.1331
vn 0.7392 -0.6687 -0.0806
vn 0.5895 -0.7582 -0.2786
vn 0.5963 -0.7229 -0.3490
vn 0.6544 -0.6162 -0.4383
vn 0.2375 0.1408 -0.9611
vn 0.3205 0.9469 0.0258
vn 0.9240 0.3294 -0.1943
vn 0.8459 0.4906 -0.2091
vn 0.9372 0.3353 -0.0964
vn 0.9149 0.2282 -0.3330
vn 0.9305 0.2757 -0.2411
vn 0.8427 0.4413 -0.3084
vn 0.8223 0.3980 -0.4067
vn 0.3805 -0.4062 0.8308
vn 0.7434 -0.2694 0.6122
vn 0.7041 -0.4098 0.5800
vn 0.5714 -0.5534 0.6060
vn 0.8994 0.1743 0.4008
vn 0.7353 -0.3838 0.5586
vn 0.8211 -0.3964 0.4107
vn 0.6921 -0.5557 0.4607
vn 0.7689 -0.3377 0.5430
vn 0.9507 -0.0463 0.3066
vn 0.9118 0.0392 0.4088
vn 0.8904 0.1944 0.4115
vn 0.9794 0.0619 0.1920
vn -0.1072 -0.8054 -0.5829
vn 0.8765 -0.0509 0.4786
vn 0.8997 0.0398 0.4347
vn 0.9336 -0.3258 -0.1491
vn 0.2539 -0.1621 -0.9536
vn 0.4898 0.5620 -0.6666
vn 0.1050 -0.1497 -0.9831
vn 0.0960 -0.5558 0.8258
vn 0.2587 -0.4270 0.8665
vn 0.1226 -0.6307 0.7663
vn 0.4031 0.8478 0.3446
vn 0.4319 0.8733 0.2256
vn 0.2241 0.9227 0.3137
vn 0.2001 0.9589 0.2013
vn 0.3917 0.8186 0.4201
vn 0.5142 0.7573 0.4026
vn 0.2963 0.4634 -0.8352
vn 0.3708 0.4679 -0.8022
vn 0.3257 0.4051 -0.8543
vn 0.5382 0.5404 -0.6467
vn 0.7486 0.3844 -0.5403
vn 0.6607 0.6042 -0.4455
vn 0.3323 0.7659 -0.5503
vn 0.4902 0.2458 -0.8362
vn 0.6878 0.0527 -0.7240
vn 0.5402 0.7934 -0.2806
vn 0.4782 0.8651 -0.1514
vn 0.4051 0.8695 -0.2825
vn 0.3838 0.8487 -0.3639
vn -0.8721 0.4845 0.0688
vn -0.8646 -0.4980 0.0671
vn -0.8441 0.5357 -0.0243
vn -0.6114 0.7887 0.0643
vn -0.2388 -0.9711 -0.0047
vn -0.2179 -0.9732 -0.0739
vn -0.1341 -0.9797 0.1493
vn -0.2904 0.9568 0.0150
vn -0.3767 0.9116 0.1643
vn -0.4484 0.8907 0.0745
vn 0.6717 0.3405 0.6579
vn 0.7256 0.3054 0.6166
vn 0.7326 0.3583 0.5787
vn 0.8526 0.2229 0.4727
vn 0.7727 0.1265 0.6220
vn 0.5592 -0.1996 0.8047
vn 0.1101 -0.0225 0.9937
vn 0.7008 0.5625 0.4386
vn 0.4493 0.8690 0.2074
vn 0.4954 0.0573 0.8668
vn 0.4832 0.0967 0.8701
vn 0.4556 0.1864 0.8705
vn 0.3181 0.6667 0.6741
vn 0.3151 0.6924 0.6491
vn 0.4477 0.7411 0.5004
vn 0.4448 0.7911 0.4199
vn 0.3517 0.5460 0.7604
vn 0.7507 -0.5655 0.3415
vn 0.7966 -0.5776 0.1785
vn 0.7574 -0.6411 0.1236
vn 0.7527 -0.5911 0.2897
vn 0.7801 -0.5674 0.2638
vn 0.9533 -0.2974 0.0523
vn 0.7720 -0.6132 0.1673
vn 0.0309 0.4212 0.9064
vn 0.0643 0.5953 0.8009
vn 0.1847 0.4661 0.8653
vn 0.1737 0.3227 0.9304
vn 0.9002 -0.3847 0.2040
vn 0.8350 -0.5067 0.2146
vn 0.8263 -0.5556 -0.0922
vn -0.4871 -0.8688 0.0889
vn -0.5804 -0.8107 0.0760
vn -0.6483 -0.5730 0.5014
vn -0.4566 -0.7163 0.5276
vn -0.3725 -0.7975 0.4745
vn 0.8943 -0.1404 0.4248
vn 0.8136 -0.2430 0.5282
vn 0.8687 -0.1749 0.4633
vn 0.9066 -0.2477 0.3415
vn 0.9422 -0.0712 -0.3273
vn 0.8927 -0.1812 -0.4127
vn 0.7790 0.1362 -0.6121
vn 0.8439 0.3308 -0.4223
vn 0.9075 0.3049 -0.2889
vn 0.8970 0.2819 -0.3405
vn 0.8830 -0.0819 -0.4622
vn 0.2196 -0.0787 0.9724
vn 0.0241 -0.0596 0.9979
vn 0.2016 0.4562 0.8667
vn 0.4519 0.1866 0.8724
vn 0.8651 0.2110 -0.4551
vn 0.8308 0.2449 -0.4998
vn 0.8691 0.3008 -0.3926
vn 0.2075 0.7218 0.6603
vn 0.3106 0.6263 0.7150
vn 0.1609 0.7313 0.6628
vn 0.2530 0.4933 0.8322
vn 0.1730 0.6193 0.7658
vn 0.5573 -0.8267 0.0775
vn 0.2200 -0.9703 0.1009
vn 0.7475 -0.4476 0.4908
vn 0.1162 0.8591 -0.4984
vn 0.0950 0.9953 -0.0190
vn 0.1967 0.9798 0.0362
vn 0.2478 0.9618 0.1164
vn 0.1811 0.8994 -0.3978
vn 0.3405 -0.8114 0.4750
vn 0.5041 -0.7180 0.4799
vn 0.1825 -0.9437 0.2761
vn 0.8410 -0.5086 -0.1844
vn 0.7643 -0.5595 -0.3206
vn 0.7005 -0.6663 -0.2555
vn 0.7592 -0.6254 -0.1803
vn 0.9528 -0.2726 0.1338
vn 0.8739 -0.4573 -0.1650
vn 0.9299 -0.3387 0.1436
vn 0.8911 -0.1331 0.4338
vn 0.4556 -0.8671 -0.2017
vn 0.5905 -0.7015 -0.3989
vn 0.6661 -0.5774 -0.4722
vn 0.8353 -0.4840 -0.2608
vn 0.8092 -0.5174 0.2782
vn 0.8209 -0.4836 0.3038
vn 0.5264 -0.7974 0.2951
vn 0.5993 -0.7713 0.2144
vn 0.6128 -0.7252 0.3139
vn 0.9340 -0.3570 -0.0128
vn 0.9742 -0.2177 0.0600
vn 0.9800 -0.1964 0.0331
vn -0.3842 -0.8999 0.2065
vn 0.4539 0.8139 0.3627
vn 0.5028 0.7852 0.3615
vn 0.4660 0.8105 0.3550
vn 0.5135 0.7821 0.3531
vn 0.4547 0.8240 0.3381
vn 0.3062 0.8806 0.3615
vn 0.3524 0.8695 0.3460
vn 0.4692 0.8353 0.2866
vn 0.5075 0.7994 0.3215
vn 0.8228 0.1278 0.5537
vn 0.8668 0.0586 0.4953
vn 0.6403 0.3713 0.6724
vn 0.5348 0.4537 0.7129
vn 0.9405 -0.2880 0.1800
vn 0.1650 0.2328 0.9584
vn 0.3615 0.7047 0.6105
vn 0.1288 0.6211 -0.7730
vn -0.0319 0.9732 -0.2279
vn -0.1713 0.9390 -0.2983
vn 0.2375 0.3005 -0.9237
vn 0.2179 0.7733 -0.5954
vn 0.2542 0.9567 -0.1415
vn 0.5909 -0.1190 -0.7980
vn 0.5106 -0.2526 -0.8219
vn 0.2670 -0.1312 -0.9547
vn -0.0160 0.0098 -0.9998
vn -0.0828 0.0444 -0.9956
vn -0.7420 0.2927 0.6031
vn -0.6501 0.0877 0.7547
vn -0.5437 0.1287 0.8293
vn -0.6529 0.3066 0.6926
vn -0.7423 0.4860 0.4612
vn -0.6894 0.4718 0.5496
vn -0.0380 -0.2625 0.9642
vn -0.2240 -0.2833 0.9325
vn 0.0711 -0.4352 0.8975
vn 0.5617 -0.7306 -0.3882
vn 0.8344 -0.4299 -0.3448
vn 0.7307 -0.6032 -0.3198
vn -0.4521 -0.3323 0.8278
vn -0.4004 -0.4020 0.8234
vn -0.2271 0.1113 0.9675
vn -0.2735 0.1142 0.9551
vn -0.1124 0.0299 0.9932
vn -0.1882 -0.2826 0.9406
vn -0.3825 -0.3034 0.8727
vn 0.8750 -0.4055 -0.2645
vn 0.7827 -0.5511 -0.2892
vn 0.5651 -0.7651 -0.3087
vn 0.1041 0.9203 -0.3771
vn 0.1763 0.9030 -0.3917
vn 0.1871 0.9665 0.1757
vn 0.0809 0.9708 0.2259
vn 0.3237 0.9457 -0.0281
vn 0.1784 0.9831 0.0411
vn -0.0108 0.0839 -0.9964
vn -0.1374 0.1515 -0.9789
vn 0.2629 0.4178 -0.8697
vn 0.0698 0.0919 -0.9933
vn 0.2643 0.9613 0.0771
vn 0.3852 0.9131 -0.1337
vn 0.2613 0.9145 -0.3089
vn 0.3677 0.8680 -0.3339
vn 0.7795 -0.4266 -0.4587
vn 0.7925 -0.4443 -0.4178
vn 0.4835 -0.4695 -0.7388
vn 0.4958 -0.2588 -0.8290
vn 0.5246 -0.0231 -0.8510
vn 0.7847 -0.3942 -0.4783
vn -0.6056 -0.6748 -0.4219
vn -0.4969 -0.7540 -0.4297
vn -0.3454 -0.8152 -0.4649
vn -0.4314 -0.5604 -0.7070
vn -0.4480 -0.6726 -0.5890
vn 0.3461 0.8864 -0.3074
vn 0.1977 0.8885 -0.4142
vn 0.0736 0.8705 -0.4867
vn 0.2449 0.8856 -0.3947
vn 0.7767 -0.4029 0.4842
vn 0.8120 -0.4129 0.4125
vn 0.6833 -0.5535 0.4761
vn 0.7211 -0.3059 0.6217
vn -0.4264 -0.8759 0.2256
vn -0.4239 -0.8376 0.3446
vn -0.5529 -0.8329 0.0258
vn -0.6360 -0.7450 0.2014
vn -0.5927 -0.7418 0.3137
vn -0.5605 -0.7402 0.3714
vn -0.5976 -0.7399 0.3090
vn -0.3547 -0.6728 0.6492
vn -0.3327 -0.6595 0.6741
vn -0.2167 -0.6123 0.7604
vn -0.3536 -0.8359 0.4199
vn 0.4069 -0.6900 0.5985
vn 0.3065 -0.4094 0.8593
vn 0.8439 -0.5356 0.0312
vn 0.8378 -0.5000 -0.2191
vn 0.7958 -0.5517 0.2497
vn 0.8084 -0.5169 0.2816
vn 0.7850 -0.4184 0.4568
vn 0.7818 -0.4296 0.4519
vn -0.3956 -0.8522 -0.3423
vn -0.0782 -0.8788 -0.4707
vn -0.0911 -0.9900 -0.1077
vn -0.2785 -0.9315 -0.2339
vn 0.2293 -0.9131 -0.3372
vn 0.0915 -0.9912 0.0961
vn 0.0396 -0.9982 0.0459
vn 0.4079 0.4617 0.7877
vn 0.3575 0.3932 0.8471
vn 0.3174 0.3528 0.8802
vn 0.2007 0.4686 0.8603
vn 0.2574 0.6329 0.7302
vn -0.0056 -0.7105 0.7036
vn -0.0870 -0.6900 0.7185
vn -0.3592 -0.6524 0.6673
vn -0.4390 -0.6936 0.5711
vn -0.3802 -0.7457 0.5472
vn -0.2552 -0.7638 0.5928
vn 0.6211 0.7837 -0.0021
vn 0.6574 0.7199 0.2225
vn 0.5777 0.7953 0.1838
vn 0.5225 0.8525 -0.0172
vn -0.4064 -0.5687 0.7151
vn -0.4595 -0.5234 0.7175
vn -0.4663 -0.5855 0.6631
vn -0.5089 -0.6644 0.5473
vn 0.5996 -0.5842 0.5470
vn 0.5859 -0.6841 0.4344
vn 0.8739 -0.3979 0.2792
vn 0.9076 -0.2791 0.3137
vn 0.9585 -0.2179 0.1840
vn 0.9519 -0.1416 0.2719
vn 0.9020 -0.3137 0.2966
vn -0.8797 0.0097 -0.4754
vn -0.9543 0.1988 -0.2232
vn -0.6933 -0.7127 -0.1065
vn -0.6528 -0.6356 -0.4122
vn -0.5663 -0.7858 -0.2487
vn 0.7974 0.2051 0.5675
vn 0.9158 -0.0682 0.3958
vn 0.3078 0.3790 0.8727
vn 0.3801 0.5034 0.7759
vn 0.4803 -0.7656 -0.4280
vn 0.3458 -0.5475 -0.7620
vn 0.5996 -0.0979 -0.7943
vn 0.7361 -0.4799 -0.4773
vn 0.8125 -0.4395 -0.3831
vn 0.7229 -0.5502 -0.4179
vn 0.1751 0.9498 0.2594
vn 0.1064 0.5418 0.8337
vn 0.4163 0.5161 0.7486
vn 0.5013 0.4908 0.7126
vn 0.4970 0.8571 0.1356
vn 0.7548 -0.2330 0.6132
vn 0.8140 0.0709 0.5765
vn 0.8135 0.4297 0.3919
vn 0.8837 0.2982 0.3608
vn 0.7883 0.3178 0.5268
vn 0.6805 0.4977 0.5378
vn 0.0873 0.2896 0.9532
vn 0.0964 0.1670 0.9812
vn 0.1911 0.0152 0.9815
vn 0.0199 -0.3927 0.9195
vn 0.1226 -0.3711 0.9205
vn 0.2173 -0.3350 0.9168
vn 0.3548 -0.3468 0.8683
vn 0.2520 0.3303 0.9096
vn 0.2606 0.9629 -0.0699
vn 0.4507 0.8380 0.3075
vn 0.2060 0.8373 0.5064
vn -0.3504 0.8854 0.3054
vn 0.7577 0.6255 -0.1863
vn 0.8800 0.4688 -0.0764
vn 0.7249 0.6757 0.1341
vn 0.5794 0.6860 0.4401
vn 0.6180 0.7028 0.3523
vn 0.9566 -0.2391 0.1667
vn 0.9547 0.2975 -0.0125
vn 0.8722 -0.4818 -0.0842
vn 0.8757 -0.4618 0.1409
vn 0.8372 0.4771 -0.2672
vn 0.7334 -0.3629 -0.5748
vn 0.9663 -0.2047 0.1559
vn 0.9792 -0.1721 0.1075
vn 0.0821 -0.9739 -0.2117
vn -0.0332 -0.9631 -0.2671
vn -0.1995 -0.9798 0.0115
vn -0.1044 -0.9941 0.0276
vn 0.2394 -0.9665 0.0925
vn 0.3872 -0.9206 0.0510
vn -0.2240 -0.7265 -0.6497
vn 0.0460 -0.6571 -0.7524
vn -0.1217 -0.8666 0.4839
vn 0.0367 -0.8415 0.5390
vn 0.1618 -0.9054 0.3925
vn 0.3309 -0.9064 -0.2626
vn 0.4357 -0.8516 -0.2915
vn 0.4781 -0.7997 -0.3632
vn 0.3092 -0.8700 -0.3842
vn 0.2013 0.6694 0.7151
vn 0.2962 0.6833 0.6674
vn 0.2799 0.7716 0.5711
vn 0.2141 0.8091 0.5473
vn 0.1778 0.7271 0.6631
vn 0.1329 0.6837 0.7175
vn -0.2468 -0.2582 0.9340
vn -0.1718 -0.8389 -0.5165
vn -0.2266 -0.7511 -0.6200
vn 0.5133 0.4709 -0.7175
vn 0.5178 0.5402 -0.6634
vn 0.5920 0.5239 -0.6124
vn 0.5914 0.4513 -0.6683
vn 0.0349 -0.8579 0.5127
vn -0.1264 -0.1834 0.9749
vn -0.3361 -0.7171 0.6106
vn 0.9173 -0.3322 0.2194
vn 0.8814 -0.2268 0.4143
vn 0.9604 -0.1232 0.2500
vn 0.9710 -0.2011 0.1296
vn 0.8296 -0.4928 -0.2625
vn 0.7761 -0.5691 -0.2716
vn 0.8023 -0.5967 -0.0174
vn -0.3836 -0.8252 -0.4146
vn -0.3257 -0.8267 -0.4588
vn -0.2723 -0.8278 -0.4906
vn -0.4607 -0.7608 -0.4571
vn -0.4867 -0.8001 -0.3505
vn -0.4456 -0.8185 -0.3626
vn -0.3492 -0.6870 -0.6373
vn 0.7562 -0.5192 0.3983
vn 0.6199 -0.3729 0.6904
vn -0.9153 -0.0247 0.4021
vn -0.8940 0.0842 0.4401
vn -0.8386 0.0885 0.5375
vn -0.8157 -0.0511 0.5763
vn 0.9442 -0.2766 0.1785
vn 0.9705 -0.2068 0.1237
vn 0.8661 -0.3686 -0.3376
vn 0.9269 -0.2583 -0.2722
vn 0.8996 -0.4066 -0.1597
vn 0.8749 -0.4298 -0.2233
vn 0.5859 0.1468 0.7970
vn 0.2934 -0.0060 0.9560
vn 0.4823 0.8716 -0.0872
vn 0.4553 0.8903 0.0065
vn 0.2748 0.9615 -0.0007
vn 0.2988 0.9523 -0.0624
vn 0.3131 0.9347 -0.1681
vn 0.6759 -0.6429 0.3604
vn 0.5759 -0.3480 0.7397
vn 0.7048 0.1201 0.6992
vn 0.3249 0.0333 0.9452
vn 0.9061 -0.4229 -0.0112
vn 0.8469 -0.5291 -0.0541
vn 0.7199 -0.4763 0.5049
vn 0.7887 -0.3872 0.4774
vn 0.6024 -0.3386 0.7228
vn 0.7086 -0.4015 0.5803
vn 0.7018 0.5212 -0.4856
vn 0.8306 0.0323 -0.5560
vn 0.8870 0.3675 0.2798
vn 0.7620 0.5973 0.2501
vn -0.5574 -0.6945 -0.4551
vn -0.5255 -0.6445 -0.5554
vn -0.3295 -0.5980 -0.7307
vn -0.3751 -0.5551 -0.7424
vn -0.4320 -0.8674 -0.2468
vn 0.6546 0.7293 0.1991
vn -0.1513 0.2738 -0.9498
vn -0.1227 0.2243 -0.9668
vn -0.4456 -0.5588 0.6994
vn -0.3802 -0.4045 0.8318
vn 0.9227 -0.3268 0.2044
vn 0.8055 -0.1377 0.5764
vn 0.2962 -0.5969 0.7456
vn 0.3484 -0.5577 0.7534
vn 0.4783 -0.6517 0.5887
vn 0.0310 -0.0152 -0.9994
vn -0.0498 0.0245 -0.9985
vn 0.0114 0.1294 -0.9915
vn 0.0988 0.1015 -0.9899
vn 0.2187 0.0568 -0.9741
vn 0.3178 0.0197 -0.9480
vn 0.2454 -0.1204 -0.9619
vn 0.1468 -0.0720 -0.9865
vn 0.0271 0.4762 0.8789
vn 0.1075 0.3105 0.9445
vn -0.3689 -0.9285 -0.0429
vn -0.4765 -0.8788 0.0263
vn -0.4141 -0.9000 0.1363
vn -0.3484 -0.9329 0.0914
vn -0.3177 -0.9361 0.1513
vn 0.7300 -0.6464 0.2219
vn -0.4132 -0.9057 -0.0943
vn -0.3403 -0.9225 -0.1823
vn -0.4320 -0.8674 -0.2471
vn -0.4102 -0.8750 -0.2570
vn -0.3136 -0.9085 -0.2762
vn -0.4006 -0.9136 -0.0692
vn 0.0210 0.6477 0.7616
vn -0.3944 0.8438 0.3639
vn -0.1373 0.5728 0.8081
vn -0.5847 0.6986 0.4124
vn 0.0180 0.4114 0.9113
vn 0.8704 -0.4260 0.2468
vn 0.8198 -0.4038 0.4061
vn 0.8493 -0.5198 0.0923
vn 0.7649 -0.5891 0.2606
vn 0.7103 -0.7020 -0.0520
vn 0.7108 -0.7031 -0.0172
vn 0.8739 -0.4302 0.2263
vn 0.8690 -0.3397 0.3598
vn 0.7603 -0.6036 0.2401
vn 0.8589 -0.4596 0.2260
vn 0.9639 -0.2530 -0.0833
vn 0.9862 -0.1618 0.0341
vn 0.7314 -0.6810 0.0341
vn 0.9809 -0.1422 -0.1331
vn 0.8323 -0.3651 0.4172
vn 0.7397 0.6722 -0.0331
vn 0.7540 0.6521 -0.0787
vn 0.7980 0.5554 -0.2339
vn 0.9998 0.0169 0.0098
vn 0.9844 0.1461 0.0977
vn 0.9585 0.2686 0.0951
vn 0.4310 0.5899 -0.6828
vn 0.3741 0.6503 -0.6611
vn -0.0220 -0.0824 -0.9964
vn 0.8036 0.3542 -0.4784
vn -0.7402 0.5554 0.3790
vn -0.7760 0.5760 0.2571
vn -0.8670 0.4254 0.2596
vn -0.8256 0.4051 0.3927
vn 0.9721 0.0597 0.2270
vn 0.9363 -0.0599 0.3460
vn 0.8957 0.1394 0.4223
vn 0.9302 0.2236 0.2911
vn 0.9081 0.2788 0.3125
vn 0.5988 0.6730 -0.4343
vn 0.6268 0.7026 -0.3368
vn 0.7713 0.2884 -0.5674
vn 0.8177 0.1880 -0.5441
vn 0.8071 0.2534 -0.5333
vn 0.8713 0.1340 -0.4722
vn 0.6607 0.7320 -0.1663
vn 0.7924 0.3054 0.5281
vn 0.6154 0.4714 0.6317
vn 0.7477 0.2893 0.5978
vn 0.9465 0.2066 -0.2481
vn 0.9627 0.0642 0.2628
vn 0.8679 -0.4695 -0.1620
vn 0.8284 -0.4029 -0.3891
vn 0.8286 0.2541 -0.4988
vn 0.2369 -0.7901 -0.5654
vn 0.2033 -0.7701 -0.6046
vn -0.0828 -0.8382 -0.5390
vn -0.1798 -0.8431 -0.5068
vn -0.1718 -0.8766 -0.4494
vn -0.9580 0.2202 0.1835
vn -0.9757 0.1267 0.1788
vn -0.9946 0.0271 0.1003
vn 0.9616 -0.0689 0.2656
vn 0.9794 -0.0444 0.1971
vn 0.9460 -0.1247 0.2992
vn 0.8024 -0.4292 -0.4147
vn 0.4749 0.5707 0.6699
vn 0.4990 0.6051 0.6204
vn 0.4548 0.7008 0.5496
vn 0.1009 0.1127 0.9885
vn 0.2671 0.0345 0.9630
vn 0.3472 0.0438 0.9368
vn 0.8032 -0.3695 -0.4672
vn 0.8751 -0.4802 0.0604
vn 0.7967 -0.5783 -0.1754
vn 0.8752 -0.2190 -0.4313
vn 0.9728 0.0261 -0.2302
vn 0.8212 0.2504 -0.5127
vn 0.8028 0.4983 -0.3275
vn 0.7691 0.6210 -0.1514
vn 0.9794 0.2017 -0.0087
vn -0.4949 -0.8658 -0.0745
vn -0.0206 -0.9883 -0.1514
vn -0.1380 -0.9887 -0.0583
vn 0.9282 -0.1976 0.3153
vn -0.6177 0.7814 0.0881
vn -0.9861 0.1300 0.1037
vn -0.9978 -0.0104 0.0652
vn -0.9467 0.2753 0.1674
vn -0.8963 -0.0854 0.4352
vn -0.9199 -0.2380 0.3117
vn -0.9083 -0.3690 0.1968
vn -0.5490 0.6403 0.5372
vn -0.4768 0.4240 0.7700
vn -0.7837 0.1500 0.6027
vn -0.8362 0.4508 0.3123
vn -0.7702 -0.4636 0.4380
vn -0.7613 -0.5835 0.2827
vn -0.7283 -0.3187 0.6066
vn -0.5714 -0.0668 0.8179
vn -0.1654 0.2203 0.9613
vn 0.2205 0.5892 0.7773
vn 0.4961 0.3507 0.7943
vn -0.2258 -0.2866 0.9311
vn 0.1783 -0.5375 0.8242
vn -0.0937 -0.6818 0.7255
vn -0.4569 -0.5195 0.7221
vn 0.2755 -0.0500 0.9600
vn 0.7507 0.0559 0.6583
vn -0.5228 -0.6611 0.5381
vn -0.5146 -0.7793 0.3577
vn -0.1769 -0.7923 0.5840
vn -0.1768 -0.8967 0.4058
vn 0.0795 -0.8071 0.5850
vn 0.4188 -0.7481 0.5148
vn 0.3938 -0.8171 0.4210
vn 0.0777 -0.9007 0.4275
vn 0.1634 -0.7395 0.6530
vn 0.5025 -0.7471 0.4352
vn 0.4178 -0.6719 0.6116
vn 0.6403 -0.7369 0.2167
vn 0.9188 -0.3719 0.1323
vn 0.4516 -0.8653 0.2173
vn 0.8779 -0.3847 0.2853
vn 0.5441 -0.8379 -0.0424
vn 0.9641 -0.2575 -0.0642
vn 0.9348 0.3551 -0.0102
vn 0.8830 0.4675 -0.0418
vn 0.9597 0.2775 0.0441
vn 0.8828 -0.3816 0.2738
vn 0.8200 0.5715 -0.0317
vn 0.7483 0.6634 0.0016
vn 0.9603 0.0622 -0.2720
vn 0.9741 -0.0934 -0.2058
vn 0.5717 0.8163 0.0819
vn 0.5009 0.8513 0.1564
vn 0.6360 0.7717 0.0015
vn 0.6976 0.7141 -0.0583
vn 0.2696 0.9492 0.1622
vn 0.3168 0.9477 0.0398
vn 0.3820 0.9211 -0.0745
vn -0.3834 0.8983 0.2145
vn -0.3550 0.9324 0.0686
vn -0.2924 0.9531 -0.0780
vn -0.9447 0.2972 0.1386
vn -0.9297 0.3633 0.0599
vn -0.9068 0.4210 -0.0230
vn -0.9476 -0.3186 0.0218
vn -0.9050 -0.4252 -0.0130
vn 0.7589 -0.6498 -0.0424
vn 0.7809 -0.6227 -0.0484
vn 0.7815 -0.6137 -0.1119
vn 0.5532 -0.8124 -0.1842
vn 0.5958 -0.7767 -0.2045
vn 0.5688 -0.7911 -0.2249
vn -0.8187 -0.5730 0.0377
vn -0.7412 -0.6699 -0.0430
vn -0.9764 -0.2124 0.0382
vn -0.6655 -0.7362 -0.1233
vn -0.9918 -0.1203 0.0436
vn -0.8736 -0.4746 0.1082
vn -0.5792 -0.8123 -0.0685
vn -0.5223 -0.8368 -0.1643
vn -0.6525 -0.7565 0.0434
vn -0.7170 -0.6794 0.1559
vn -0.3891 -0.9153 -0.1038
vn -0.3676 -0.9060 -0.2100
vn -0.4231 -0.9054 0.0356
vn -0.1119 -0.9937 0.0050
vn -0.1145 -0.9795 -0.1658
vn -0.1278 -0.9505 -0.2832
vn -0.4684 -0.8620 0.1936
vn -0.1367 -0.9682 0.2097
vn 0.1662 -0.9604 -0.2236
vn 0.1474 -0.9231 -0.3552
vn 0.1627 -0.9864 -0.0232
vn 0.6080 -0.7469 -0.2692
vn 0.6350 -0.6528 -0.4131
vn 0.1245 -0.9686 0.2152
vn -0.1346 -0.9205 -0.3669
vn 0.1277 -0.8879 -0.4420
vn 0.6404 -0.5840 -0.4988
vn 0.7779 -0.1094 -0.6187
vn 0.8538 -0.1493 -0.4988
vn 0.7804 0.4422 -0.4420
vn 0.6517 0.4876 -0.5810
vn 0.6457 0.6697 -0.3669
vn 0.5447 0.6578 -0.5202
vn 0.9423 0.1719 -0.2873
vn 0.9623 0.0591 -0.2656
vn 0.4353 -0.5754 -0.6924
vn 0.5625 -0.5484 -0.6187
vn 0.9438 0.2163 -0.2500
vn 0.3204 -0.7578 0.5685
vn 0.3233 -0.8212 0.4702
vn 0.2014 -0.7809 0.5913
vn 0.2071 -0.6731 0.7100
vn 0.4239 -0.7323 0.5330
vn 0.2590 -0.6885 0.6775
vn 0.6816 0.7296 0.0565
vn 0.9214 -0.2057 -0.3296
vn 0.7115 -0.6033 0.3603
vn 0.7025 -0.6295 0.3321
vn 0.5537 -0.7731 0.3095
vn 0.8051 -0.3787 -0.4565
vn 0.7749 -0.4664 -0.4267
vn 0.6973 -0.6367 -0.3293
vn 0.4555 0.6389 -0.6200
vn 0.3738 0.5275 -0.7629
vn 0.3110 0.6005 -0.7366
vn 0.2402 0.6557 -0.7158
vn 0.3941 0.6993 -0.5964
vn 0.0047 0.4435 0.8962
vn -0.3743 0.4420 0.8152
vn -0.5452 0.4290 0.7203
vn -0.1105 0.3499 0.9302
vn -0.6437 0.3147 0.6976
vn -0.6520 0.1208 0.7486
vn -0.1076 0.4574 0.8827
vn -0.7719 0.4147 0.4818
vn -0.7092 0.5112 0.4855
vn 0.2911 -0.9566 -0.0102
vn 0.4398 -0.8981 -0.0087
vn 0.3678 -0.9289 0.0441
vn 0.8568 -0.4613 -0.2303
vn 0.7718 -0.6080 -0.1861
vn 0.7533 -0.5899 -0.2908
vn 0.7509 -0.5422 -0.3770
vn 0.8308 -0.4940 -0.2565
vn 0.8733 -0.4266 -0.2354
vn -0.7889 -0.3999 0.4667
vn -0.7336 -0.5240 0.4328
vn -0.7947 -0.5176 0.3170
vn -0.7505 -0.4558 0.4785
vn -0.8148 -0.2882 0.5030
vn 0.4435 0.7642 0.4683
vn 0.1626 -0.0798 0.9835
vn 0.3018 -0.1309 0.9444
vn 0.1941 -0.1112 0.9747
vn 0.2465 -0.0436 0.9681
vn -0.0198 0.0179 0.9996
vn 0.0260 -0.0778 0.9966
vn 0.0854 -0.0419 0.9955
vn 0.6829 -0.6062 0.4076
vn 0.7175 0.0116 0.6964
vn 0.6786 0.0667 0.7315
vn 0.6018 0.0074 0.7986
vn 0.6157 -0.1230 0.7783
vn 0.6543 -0.1603 0.7391
vn 0.8997 -0.3310 0.2847
vn 0.5927 0.6620 0.4587
vn 0.7009 0.4816 0.5261
vn 0.8102 0.3942 0.4337
vn 0.7285 0.5363 0.4262
vn 0.7268 -0.2716 0.6309
vn 0.8645 0.2737 0.4215
vn 0.8839 -0.3548 0.3046
vn 0.9509 0.0739 0.3006
vn -0.2891 -0.0586 0.9555
vn 0.1213 -0.4389 0.8903
vn 0.5426 -0.1717 0.8222
vn 0.3451 -0.1116 0.9319
vn 0.2823 -0.1285 0.9507
vn 0.1255 -0.3566 0.9258
vn 0.1574 -0.4343 0.8869
vn 0.1908 -0.5175 0.8342
vn 0.4208 -0.1069 0.9008
vn -0.4485 0.3277 0.8316
vn -0.1855 -0.2970 0.9367
vn -0.4371 0.0839 0.8955
vn -0.3361 -0.0918 0.9374
vn -0.3994 -0.1063 0.9106
vn -0.1789 -0.3581 0.9164
vn -0.5099 0.2539 0.8219
vn -0.5740 0.4428 0.6888
vn -0.5206 0.5734 0.6326
vn -0.5420 0.0815 -0.8364
vn -0.6009 -0.2459 -0.7606
vn -0.5856 -0.1525 -0.7962
vn -0.5808 -0.0159 -0.8139
vn -0.8322 0.2201 -0.5090
vn -0.7553 0.3946 -0.5232
vn -0.5969 0.5049 -0.6235
vn -0.5016 0.1703 -0.8482
vn -0.4829 0.2199 -0.8476
vn -0.4815 0.2545 -0.8387
vn -0.5498 0.0424 -0.8342
vn 0.4425 -0.5868 0.6781
vn -0.4633 -0.8276 -0.3170
vn -0.4875 -0.8383 -0.2441
vn -0.3505 -0.8894 -0.2933
vn -0.3306 -0.8131 -0.4792
vn -0.4343 -0.7899 -0.4330
vn 0.6020 -0.5996 0.5273
vn 0.7023 -0.1142 0.7027
vn 0.4131 -0.5600 0.7181
vn 0.5561 -0.1886 0.8094
vn 0.0712 -0.4961 0.8653
vn 0.1966 -0.1256 0.9724
vn -0.0525 -0.4829 0.8741
vn 0.5607 0.3877 0.7316
vn 0.5586 0.4392 0.7036
vn 0.4327 0.4752 0.7662
vn 0.0619 0.0174 0.9979
vn 0.0326 0.2089 0.9774
vn -0.2375 -0.4386 0.8667
vn -0.3482 -0.3381 0.8743
vn -0.5314 -0.1225 0.8382
vn -0.1156 0.3794 0.9180
vn -0.4949 -0.1546 0.8551
vn -0.2758 -0.3799 0.8829
vn -0.4339 -0.8079 0.3989
vn -0.3618 -0.8893 0.2798
vn -0.3410 -0.9073 0.2461
vn -0.3661 -0.8889 0.2754
vn -0.3392 -0.9063 0.2521
vn -0.3546 -0.9121 0.2058
vn -0.3908 -0.8855 0.2514
vn -0.3978 -0.8716 0.2865
vn -0.4545 -0.8895 0.0467
vn -0.2457 -0.4521 0.8575
vn -0.1258 -0.4955 0.8594
vn 0.4907 0.7487 0.4458
vn -0.4950 -0.8584 0.1345
vn -0.2607 -0.8116 0.5228
vn 0.3762 0.9167 0.1345
vn 0.4824 0.7028 0.5228
vn 0.1632 0.8918 -0.4219
vn 0.1792 0.6841 -0.7070
vn 0.3156 0.5271 -0.7890
vn -0.0488 -0.6500 -0.7584
vn -0.1466 -0.2025 -0.9682
vn -0.1985 -0.3277 -0.9237
vn -0.2617 -0.3906 -0.8826
vn -0.2238 -0.5722 -0.7890
vn -0.1434 -0.6070 -0.7817
vn 0.5944 0.3526 -0.7228
vn 0.4842 0.4363 -0.7584
vn 0.6812 0.2887 -0.6728
vn 0.3682 0.1536 -0.9170
vn 0.4650 0.2201 -0.8575
vn 0.6483 0.2879 -0.7049
vn 0.8786 0.1946 -0.4361
vn 0.8124 0.2042 -0.5462
vn 0.8810 0.2252 -0.4162
vn -0.3477 0.1706 0.9219
vn -0.4919 0.0795 0.8670
vn -0.8721 -0.4789 0.1005
vn -0.8415 -0.5383 -0.0459
vn -0.7654 -0.6435 -0.0097
vn -0.7909 -0.6045 0.0953
vn -0.7917 -0.5959 0.1347
vn 0.2774 0.6059 -0.7456
vn 0.1842 0.7386 -0.6485
vn -0.5369 -0.8195 -0.2006
vn -0.4774 -0.8643 -0.1586
vn -0.4112 -0.8919 -0.1880
vn 0.0518 -0.7756 0.6291
vn 0.0333 -0.7031 0.7103
vn 0.0275 -0.6412 0.7669
vn -0.0204 -0.5748 0.8180
vn -0.6383 -0.6786 -0.3636
vn 0.4930 0.4710 -0.7315
vn 0.1473 0.7485 -0.6466
vn 0.1909 0.7958 -0.5747
vn 0.4952 0.5988 -0.6295
vn 0.0756 -0.0629 0.9952
vn -0.0069 -0.2511 0.9679
vn 0.0573 -0.0827 0.9949
vn 0.9931 -0.0737 -0.0918
vn 0.9941 0.0847 -0.0676
vn 0.9923 -0.0092 -0.1233
vn 0.9756 -0.1932 -0.1046
vn 0.8411 -0.5400 0.0301
vn 0.8718 -0.4896 0.0163
vn 0.8748 -0.4728 -0.1053
vn 0.8508 -0.5169 -0.0947
vn 0.9122 0.3404 -0.2281
vn 0.9466 0.2058 0.2481
vn 0.9886 -0.0063 0.1503
vn 0.9457 0.1218 0.3015
vn 0.9964 0.0329 0.0787
vn 0.9904 0.1357 -0.0255
vn 0.9530 0.1333 0.2722
vn 0.9443 0.2447 0.2203
vn 0.9628 0.2381 -0.1275
vn 0.7471 0.2509 -0.6156
vn 0.9162 0.3695 0.1548
vn 0.9142 0.3511 -0.2026
vn 0.9023 0.2971 0.3124
vn 0.9303 0.1892 0.3142
vn 0.9545 0.0152 0.2978
vn 0.9564 0.0548 0.2869
vn 0.8692 0.3633 0.3355
vn 0.8213 0.4564 0.3424
vn 0.8685 0.4043 0.2868
vn 0.8417 0.4763 0.2542
vn 0.8771 0.4681 0.1075
vn 0.5214 0.0811 -0.8495
vn 0.5002 0.0781 -0.8624
vn 0.8531 0.4639 -0.2389
vn 0.7779 0.5735 -0.2567
vn 0.6935 0.6506 -0.3095
vn 0.3923 0.4848 -0.7817
vn 0.8283 0.5537 0.0853
vn 0.7657 0.6390 0.0735
vn 0.6023 0.6998 -0.3842
vn 0.7032 0.7095 0.0474
vn 0.4335 0.7720 -0.4649
vn -0.2126 -0.8024 0.5576
vn -0.1495 -0.8344 0.5305
vn -0.1091 -0.4945 0.8623
vn -0.1715 -0.4594 0.8715
vn 0.7124 0.6616 0.2339
vn 0.7686 0.5975 0.2285
vn 0.8165 0.5300 0.2287
vn 0.6673 0.6682 0.3289
vn 0.7056 0.6380 0.3082
vn 0.6776 0.6695 0.3043
vn 0.7418 0.6013 0.2969
vn 0.7893 0.4990 0.3579
vn 0.7507 0.5528 0.3617
vn 0.7315 0.5566 0.3939
vn 0.7143 0.6015 0.3579
vn 0.6545 0.7087 0.2635
vn 0.6878 0.6827 0.2466
vn 0.6576 0.6844 0.3150
vn 0.6996 0.6187 0.3575
vn -0.3775 -0.7608 -0.5278
vn -0.3879 -0.8963 -0.2148
vn -0.4912 -0.8349 -0.2484
vn -0.5419 -0.7992 -0.2600
vn -0.4700 -0.6731 -0.5711
vn -0.4418 -0.7058 -0.5538
vn 0.9896 -0.1438 -0.0004
vn 0.9516 -0.3058 0.0297
vn 0.8733 -0.4376 -0.2142
vn 0.9309 -0.3226 -0.1714
vn 0.6194 0.7850 -0.0077
vn 0.5502 0.8104 -0.2013
vn 0.5079 0.8520 -0.1272
vn 0.5898 0.8060 0.0500
vn 0.4993 0.8046 -0.3214
vn 0.4490 0.8586 -0.2475
vn 0.5884 0.7602 -0.2755
vn 0.5538 0.7356 -0.3901
vn 0.8113 -0.0733 0.5801
vn 0.6636 -0.5170 0.5407
vn 0.6949 -0.3166 0.6457
vn 0.7954 -0.1485 0.5876
vn 0.3192 -0.4827 0.8155
vn 0.5348 -0.2885 0.7942
vn 0.5059 0.7160 -0.4811
vn 0.4403 0.7930 -0.4210
vn 0.4710 0.8413 -0.2653
vn 0.5065 0.7794 -0.3688
vn 0.4578 0.8854 -0.0809
vn 0.2075 0.5585 -0.8031
vn 0.1239 0.6148 -0.7789
vn 0.0902 0.4967 -0.8632
vn -0.0073 0.5529 -0.8332
vn -0.0614 0.4066 0.9116
vn -0.1401 0.4128 0.9000
vn -0.0394 0.2812 0.9588
vn -0.1646 0.2563 0.9525
vn -0.1887 0.2299 0.9547
vn -0.0486 0.4031 -0.9139
vn -0.1612 0.4546 -0.8760
vn -0.0511 0.2684 -0.9620
vn -0.1516 0.3147 -0.9370
vn -0.1318 0.1713 -0.9763
vn -0.2318 0.2183 -0.9479
vn -0.2436 -0.1238 -0.9620
vn -0.2162 -0.0006 -0.9763
vn -0.0954 -0.0882 -0.9915
vn -0.1340 -0.2236 -0.9654
vn -0.2577 -0.2548 -0.9320
vn -0.1597 -0.3532 -0.9218
vn -0.1721 -0.4469 -0.8779
vn -0.2633 -0.4042 -0.8760
vn 0.0949 0.2429 -0.9654
vn 0.1833 0.2262 -0.9567
vn 0.2629 0.3336 -0.9053
vn 0.2992 0.1905 -0.9350
vn 0.3919 0.1632 -0.9054
vn -0.2367 0.5279 0.8157
vn -0.3290 0.5763 0.7481
vn 0.0470 -0.5339 -0.8442
vn -0.1030 -0.4121 -0.9053
vn 0.4898 0.3892 -0.7801
vn 0.5764 0.3639 -0.7317
vn 0.5462 0.2602 -0.7962
vn 0.4511 0.2895 -0.8442
vn 0.6873 0.2990 -0.6620
vn 0.6782 0.1937 -0.7089
vn 0.6784 0.3950 -0.6195
vn -0.4016 -0.8681 -0.2919
vn -0.3890 -0.8895 -0.2396
vn -0.3517 -0.9141 -0.2019
vn 0.2923 0.8544 -0.4297
vn 0.5145 -0.6056 -0.6071
vn 0.6002 -0.4638 -0.6516
vn 0.6707 -0.4928 -0.5544
vn 0.7535 -0.4757 -0.4538
vn 0.8087 -0.3968 -0.4342
vn 0.7477 -0.3669 -0.5534
vn 0.6654 -0.3265 -0.6713
vn 0.5083 -0.2494 -0.8243
vn 0.5744 -0.1088 -0.8113
vn 0.3611 -0.1772 -0.9155
vn 0.4280 -0.0328 -0.9032
vn 0.4950 0.1265 -0.8596
vn 0.6402 0.0590 -0.7659
vn 0.8646 0.3560 -0.3547
vn 0.6335 0.5548 -0.5393
vn 0.6119 -0.2217 -0.7592
vn 0.6342 0.0498 -0.7716
vn 0.6853 -0.2587 -0.6808
vn 0.7212 -0.2611 -0.6417
vn -0.1827 0.0896 -0.9791
vn -0.2799 0.1373 -0.9502
vn -0.3945 0.1936 -0.8983
vn -0.3456 0.2767 -0.8967
vn -0.6317 0.0939 -0.7695
vn -0.6035 0.1999 -0.7719
vn -0.5256 0.1535 -0.8368
vn -0.5494 0.0421 -0.8345
vn -0.6503 -0.7593 -0.0258
vn -0.6033 -0.7848 0.1419
vn -0.6091 -0.7562 -0.2389
vn -0.7066 -0.6891 -0.1610
vn -0.6283 -0.7779 0.0140
vn -0.5752 -0.8149 0.0713
vn 0.4424 0.7810 -0.4409
vn 0.4347 0.8274 -0.3556
vn 0.5665 0.8107 -0.1478
vn 0.5022 0.7566 -0.4187
vn 0.3224 0.7324 -0.5997
vn -0.7819 0.5908 -0.1988
vn -0.7595 0.5830 -0.2885
vn -0.8183 0.4909 -0.2989
vn -0.8553 0.4197 -0.3037
vn -0.8903 0.4369 -0.1287
vn -0.7963 0.5931 -0.1192
vn 0.0131 -0.8138 -0.5810
vn -0.1870 -0.8333 -0.5202
vn 0.8479 0.1264 0.5148
vn 0.8873 0.1885 0.4210
vn 0.8414 -0.4590 0.2853
vn 0.8420 -0.4648 0.2738
vn 0.9152 -0.3984 0.0604
vn 0.8984 0.0596 0.4352
vn -0.7303 0.1928 0.6554
vn -0.7946 0.2152 0.5677
vn -0.5980 0.2934 0.7459
vn -0.3707 -0.8360 0.4045
vn -0.2053 -0.8869 0.4138
vn -0.1609 -0.8739 0.4587
vn -0.3329 -0.8184 0.4683
vn 0.1095 0.9862 -0.1245
vn -0.1697 0.7361 -0.6552
vn -0.0386 0.0189 0.9991
vn -0.0782 0.0140 0.9968
vn -0.1159 0.1006 0.9882
vn 0.2530 0.0738 0.9646
vn -0.0181 0.1753 0.9843
vn 0.2067 -0.0855 0.9747
vn 0.2881 -0.1586 0.9444
vn 0.0775 0.0271 0.9966
vn -0.0263 0.0046 0.9996
vn 0.1854 -0.1683 0.9681
vn -0.1497 -0.0930 0.9843
vn 0.2223 0.2168 0.9506
vn 0.0381 0.3568 0.9334
vn 0.5084 -0.0565 0.8592
vn 0.4552 -0.0151 0.8903
vn 0.1747 0.3595 0.9166
vn 0.0714 0.4779 0.8755
vn 0.3793 0.1388 0.9148
vn 0.3246 0.3869 0.8631
vn 0.4163 0.4814 0.7713
vn 0.4926 0.4910 0.7185
vn 0.5873 -0.7980 0.1350
vn 0.9735 -0.0812 0.2136
vn 0.4299 -0.5746 0.6964
vn 0.8964 -0.1761 0.4067
vn 0.5271 -0.4194 0.7391
vn 0.4389 -0.4132 0.7979
vn 0.3416 -0.4729 0.8122
vn 0.3625 -0.5776 0.7315
vn 0.7372 -0.0713 0.6719
vn 0.7502 0.0316 0.6605
vn 0.5404 -0.0654 0.8388
vn 0.5575 -0.0416 0.8291
vn 0.4168 0.2450 0.8753
vn 0.4838 0.4342 0.7599
vn 0.6555 0.2055 0.7266
vn 0.5456 0.0212 0.8378
vn 0.7169 0.4776 0.5079
vn 0.8369 0.3001 0.4577
vn 0.7256 0.1106 0.6792
vn -0.8971 -0.4071 -0.1719
vn -0.9184 0.3888 -0.0726
vn -0.9476 0.3047 -0.0956
vn -0.9715 0.2235 -0.0790
vn -0.9898 0.0820 0.1165
vn -0.4014 -0.7732 0.4908
vn -0.1849 -0.8308 0.5249
vn -0.6901 -0.7230 0.0320
vn -0.5832 -0.7364 0.3430
vn -0.5548 -0.6975 0.4536
vn -0.5561 -0.7415 0.3753
vn -0.0346 0.9009 0.4328
vn -0.0037 0.3246 0.9458
vn 0.1118 0.6907 0.7144
vn 0.1105 0.5851 0.8034
vn 0.1241 0.7562 0.6425
vn 0.0734 0.8058 0.5876
vn -0.0498 0.7166 0.6958
vn 0.0021 0.6864 0.7272
vn 0.0497 0.7389 0.6719
vn 0.0820 0.7015 0.7079
vn 0.0788 0.7603 0.6447
vn 0.0058 0.3260 0.9454
vn 0.0672 0.3217 0.9445
vn 0.2049 0.7172 0.6661
vn 0.1158 0.7495 0.6518
vn 0.2567 0.9265 0.2753
vn 0.3202 0.9457 -0.0566
vn 0.4036 0.9146 0.0263
vn 0.2978 0.9107 0.2861
vn 0.2256 0.9667 -0.1207
vn 0.3744 0.8866 -0.2716
vn 0.1537 0.9675 -0.2006
vn -0.7797 0.3826 0.4957
vn -0.8477 0.2310 0.4776
vn 0.5087 0.8599 -0.0429
vn 0.4123 0.8699 -0.2708
vn -0.3287 -0.9313 0.1569
vn -0.3367 -0.9384 0.0783
vn 0.5460 0.8240 0.1513
vn 0.4557 -0.7435 -0.4893
vn -0.3545 -0.9349 -0.0172
vn -0.2398 -0.9708 -0.0021
vn -0.5450 -0.0390 -0.8376
vn -0.4920 -0.0136 -0.8705
vn -0.4113 -0.0190 -0.9113
vn -0.5969 -0.2918 -0.7473
vn -0.6393 -0.2785 -0.7168
vn 0.0777 0.3596 0.9299
vn -0.0767 0.0275 0.9967
vn -0.0088 0.0373 0.9993
vn 0.1476 0.3113 0.9388
vn 0.2982 0.8474 -0.4393
vn -0.0886 0.6224 -0.7777
vn -0.1345 0.6507 -0.7474
vn -0.1709 0.6760 -0.7168
vn -0.2412 0.6870 -0.6854
vn 0.0055 0.8715 -0.4903
vn 0.5338 0.7934 0.2926
vn 0.6401 0.7639 -0.0819
vn -0.5456 -0.8370 -0.0431
vn -0.4638 -0.8700 -0.1671
vn -0.6201 -0.7768 -0.1097
vn -0.5699 -0.7993 -0.1906
vn -0.5174 -0.8131 -0.2668
vn 0.3806 0.8556 -0.3509
vn 0.3100 0.8501 -0.4258
vn 0.2471 0.9063 -0.3429
vn 0.3785 0.7847 -0.4909
vn 0.2367 0.8408 -0.4869
vn 0.1651 0.8984 -0.4070
vn 0.3137 0.7757 -0.5476
vn 0.1596 0.8243 -0.5432
vn 0.0768 0.8825 -0.4639
vn 0.0429 0.7899 -0.6117
vn -0.0538 0.8472 -0.5286
vn -0.5544 -0.6306 -0.5432
vn -0.5985 -0.5173 -0.6117
vn -0.4905 -0.5566 -0.6706
vn -0.4216 -0.7228 -0.5476
vn -0.5202 -0.7017 -0.4869
vn -0.0910 0.7424 -0.6637
vn -0.1932 0.7969 -0.5724
vn 0.1401 0.7285 -0.6706
vn 0.0144 0.6840 -0.7293
vn -0.1214 0.6137 -0.7802
vn -0.2288 0.6661 -0.7099
vn -0.2723 0.4979 -0.8234
vn -0.3725 0.5401 -0.7547
vn -0.2667 0.3694 -0.8902
vn -0.5687 0.4921 -0.6591
vn -0.4775 0.5959 -0.6457
vn -0.6356 0.3999 -0.6604
vn -0.3316 0.7206 -0.6089
vn -0.5579 0.6380 -0.5308
vn -0.4097 0.7582 -0.5072
vn -0.2752 0.8350 -0.4765
vn -0.4772 0.7862 -0.3927
vn -0.3465 0.8650 -0.3630
vn -0.5340 0.8035 -0.2631
vn -0.4051 0.8842 -0.2326
vn -0.1386 0.8903 -0.4337
vn -0.2790 0.9415 -0.1888
vn -0.2161 0.9231 -0.3181
vn -0.4378 0.8878 -0.1418
vn -0.0830 0.9615 -0.2621
vn -0.0014 0.9277 -0.3732
vn -0.1564 0.9774 -0.1423
vn -0.0444 0.9931 -0.1083
vn 0.0302 0.9760 -0.2157
vn 0.1021 0.9422 -0.3192
vn 0.3281 -0.3516 0.8768
vn 0.3558 -0.3675 0.8593
vn 0.0964 -0.2453 0.9646
vn -0.0434 -0.3168 0.9475
vn -0.0516 -0.3803 0.9234
vn -0.1063 -0.4713 0.8756
vn -0.1980 -0.9407 0.2753
vn 0.0303 -0.9946 0.0997
vn -0.0067 -0.8807 0.4736
vn 0.0785 0.9947 -0.0670
vn 0.1496 0.9882 0.0320
vn -0.5599 -0.6722 0.4845
vn -0.5221 -0.5609 0.6425
vn -0.5924 -0.5512 0.5876
vn -0.1685 0.6473 -0.7434
vn -0.1054 0.7290 -0.6764
vn -0.0894 0.7492 -0.6563
vn 0.9433 0.0588 -0.3268
vn 0.8760 -0.1142 -0.4686
vn 0.8518 0.0158 -0.5236
vn 0.8449 -0.0379 -0.5336
vn 0.3603 0.8836 0.2990
vn 0.3286 0.8937 0.3053
vn 0.2112 0.9274 0.3089
vn 0.2608 0.9021 0.3439
vn 0.8381 -0.5295 0.1311
vn 0.8973 -0.4188 -0.1395
vn 0.8761 -0.4315 -0.2153
vn 0.8648 -0.4361 -0.2490
vn 0.8944 -0.3476 0.2815
vn 0.8511 -0.4175 0.3184
vn 0.5482 0.7578 0.3538
vn 0.5788 0.7375 0.3479
vn 0.5515 0.7606 0.3426
vn 0.6105 0.7305 0.3060
vn 0.5563 0.7832 0.2777
vn 0.4824 0.8434 0.2365
vn 0.5289 0.8078 0.2602
vn 0.5247 0.8464 0.0914
vn -0.6756 -0.5155 0.5272
vn -0.7308 -0.4945 0.4706
vn -0.6645 -0.6270 0.4066
vn -0.5539 -0.7582 0.3439
vn -0.4971 -0.8087 0.3144
vn -0.5381 -0.7928 0.2861
vn 0.0441 0.9368 0.3470
vn -0.1012 0.9147 0.3912
vn -0.0561 0.8806 0.4706
vn 0.0893 0.9092 0.4066
vn 0.0086 0.9569 0.2903
vn -0.1306 0.9406 0.3134
vn -0.0197 0.9767 0.2135
vn -0.7846 -0.5821 0.2135
vn 0.1680 -0.5500 0.8181
vn -0.9610 -0.2671 0.0718
vn -0.1762 -0.0404 -0.9835
vn -0.2770 -0.0792 -0.9576
vn -0.3107 -0.0657 -0.9482
vn -0.0897 0.2674 -0.9594
vn -0.0616 -0.1106 -0.9920
vn -0.9958 -0.0251 -0.0885
vn -0.9843 -0.0438 -0.1711
vn -0.9701 -0.1970 -0.1418
vn 0.3884 0.9000 -0.1977
vn 0.2803 0.7751 -0.5663
vn 0.1342 0.7779 -0.6138
vn 0.0965 0.7048 -0.7028
vn 0.1064 0.9538 -0.2809
vn 0.1833 0.9580 -0.2205
vn -0.7043 0.6835 -0.1919
vn -0.5676 0.8053 -0.1711
vn -0.6747 0.6825 -0.2809
vn -0.7150 0.5609 -0.4173
vn -0.6538 0.5328 -0.5374
vn -0.7214 0.4365 -0.5376
vn -0.7779 0.4640 -0.4237
vn -0.6229 0.6660 -0.4104
vn -0.9812 0.1568 -0.1122
vn -0.7335 0.6631 0.1493
vn -0.7148 0.6513 0.2546
vn -0.6111 0.7537 0.2418
vn -0.6177 0.7724 0.1482
vn -0.1659 -0.8854 -0.4343
vn -0.2430 -0.8881 -0.3901
vn -0.2568 -0.8382 -0.4811
vn -0.3563 0.8577 0.3707
vn -0.4672 0.7875 0.4020
vn -0.4248 0.7573 0.4961
vn -0.3167 0.8263 0.4658
vn -0.2003 0.8816 0.4275
vn -0.2346 0.9114 0.3381
vn -0.5183 0.6776 0.5217
vn -0.4602 0.6441 0.6110
vn -0.3634 0.7259 0.5839
vn -0.5615 0.7071 0.4298
vn -0.2547 0.7936 0.5526
vn -0.7202 -0.3238 0.6136
vn -0.6711 -0.3587 0.6488
vn -0.6742 -0.2291 0.7021
vn -0.7297 -0.1952 0.6553
vn -0.7965 -0.1567 0.5839
vn -0.7835 -0.2841 0.5526
vn -0.2557 -0.9651 -0.0560
vn -0.1772 -0.9803 -0.0877
vn -0.2313 0.6734 0.7021
vn -0.1439 0.6321 0.7614
vn -0.2921 0.6966 0.6553
vn -0.3903 0.6077 0.6916
vn -0.1269 0.7503 0.6488
vn 0.9602 -0.2531 0.1182
vn 0.9551 -0.1881 0.2291
vn 0.9025 -0.3787 0.2054
vn 0.8485 -0.2438 0.4698
vn 0.7673 -0.1868 0.6134
vn 0.6888 0.0948 0.7187
vn 0.8620 0.0742 0.5014
vn 0.9071 -0.0067 0.4209
vn -0.5972 -0.3990 0.6958
vn -0.0780 0.5969 0.7985
vn -0.1634 0.4878 0.8575
vn -0.0826 0.4375 0.8954
vn -0.0114 0.5524 0.8335
vn -0.8473 -0.2551 0.4658
vn -0.8198 -0.3810 0.4275
vn -0.7854 -0.4797 0.3912
vn 0.9114 0.3090 -0.2717
vn -0.4791 0.4963 0.7240
vn -0.5500 0.5375 0.6392
vn -0.5268 0.4211 0.7383
vn -0.6070 0.5746 0.5490
vn -0.6503 0.6058 0.4584
vn -0.7013 0.5292 0.4777
vn -0.6849 0.6314 0.3638
vn -0.5909 0.7323 0.3385
vn -0.1310 0.1676 0.9771
vn -0.1483 0.3083 0.9397
vn -0.1789 0.2263 0.9575
vn -0.2015 0.1571 0.9668
vn -0.1321 0.0933 0.9868
vn 0.4585 0.8782 0.1363
vn 0.3355 0.8880 0.3144
vn 0.7141 -0.4476 -0.5383
vn 0.7801 -0.4110 -0.4717
vn 0.8447 -0.3737 -0.3831
vn 0.8762 -0.2671 -0.4012
vn 0.8293 -0.2301 -0.5093
vn 0.7576 -0.2695 -0.5946
vn 0.6238 -0.3836 -0.6810
vn 0.6476 -0.4106 -0.6419
vn 0.1812 0.9831 -0.0239
vn 0.1972 0.9458 -0.2580
vn 0.1406 0.9765 -0.1634
vn 0.9267 -0.3488 -0.1402
vn 0.9345 -0.3455 -0.0856
vn 0.6375 -0.7663 0.0805
vn 0.6694 -0.7305 -0.1351
vn 0.6814 -0.6620 -0.3121
vn 0.7160 -0.5100 -0.4767
vn 0.8200 -0.3727 -0.4344
vn 0.8593 -0.2557 -0.4431
vn 0.9374 -0.2564 -0.2358
vn 0.9507 -0.2819 -0.1288
vn 0.9718 -0.2352 -0.0154
vn 0.9678 -0.2488 -0.0383
vn 0.9900 0.1124 0.0853
vn 0.9827 0.0199 0.1840
vn -0.8890 0.3469 -0.2989
vn -0.9259 0.2440 -0.2885
vn -0.9458 0.2570 -0.1987
vn -0.9563 0.2669 -0.1192
vn 0.9725 -0.0460 0.2282
vn 0.9024 0.0879 0.4219
vn 0.9542 0.1192 0.2744
vn 0.6554 0.2875 0.6984
vn 0.5655 0.2964 0.7697
vn 0.5108 0.5158 0.6877
vn 0.6147 0.5644 0.5510
vn 0.7156 0.4381 0.5441
vn 0.4937 0.2673 0.8276
vn 0.1476 0.6948 0.7039
vn 0.0364 -0.6807 0.7316
vn -0.2919 -0.8462 0.4458
vn -0.1110 -0.6330 0.7661
vn -0.1600 -0.9855 0.0564
vn 0.4406 -0.8505 -0.2873
vn 0.4064 -0.8788 -0.2501
vn -0.1763 -0.9640 0.1991
vn 0.9448 -0.2784 0.1728
vn 0.8885 -0.3886 0.2438
vn 0.8602 -0.4445 0.2502
vn 0.0095 0.1302 0.9914
vn 0.1466 0.3138 0.9381
vn -0.2114 0.0939 0.9729
vn -0.2466 0.1220 0.9614
vn 0.3186 -0.7672 -0.5566
vn 0.3947 -0.8003 -0.4515
vn 0.1100 -0.5025 -0.8575
vn 0.2583 -0.7445 -0.6157
vn 0.6387 -0.3130 0.7029
vn 0.7024 -0.2149 0.6786
vn 0.3297 -0.0245 0.9438
vn 0.2737 -0.1330 0.9526
vn 0.6470 -0.4670 -0.6027
vn 0.5765 -0.5047 -0.6426
vn 0.4856 0.1195 0.8660
vn 0.6754 0.1621 0.7195
vn 0.3314 0.4191 0.8453
vn 0.2439 0.6207 0.7452
vn 0.0769 0.5385 0.8391
vn 0.3556 0.5754 0.7365
vn 0.1864 0.6500 0.7367
vn 0.1067 0.6562 0.7470
vn 0.4872 0.6370 0.5974
vn 0.3079 0.7573 0.5759
vn 0.5933 0.7090 0.3811
vn 0.4019 0.8345 0.3769
vn 0.7574 0.3783 0.5322
vn 0.8608 0.3961 0.3195
vn 0.9561 0.2264 0.1858
vn 0.6744 0.6578 0.3354
vn 0.9778 -0.1695 0.1230
vn 0.9601 -0.2798 -0.0008
vn 0.9584 -0.0371 0.2831
vn 0.7766 0.5919 0.2157
vn 0.8640 0.4887 -0.1213
vn 0.4496 0.8095 0.3776
vn 0.8629 -0.4486 -0.2327
vn 0.9126 -0.2362 -0.3338
vn 0.9833 -0.1741 -0.0531
vn 0.9623 -0.1383 -0.2341
vn 0.5557 0.5628 0.6119
vn 0.7143 0.6884 0.1264
vn 0.9246 0.3798 -0.0288
vn 0.8501 0.1575 0.5024
vn 0.9783 0.1092 -0.1761
vn 0.5032 -0.1980 -0.8412
vn -0.1845 0.7678 0.6136
vn 0.6949 0.6583 -0.2892
vn 0.2555 0.2552 -0.9325
vn 0.1441 0.1109 -0.9833
vn 0.1700 0.3647 -0.9155
vn 0.4942 0.5297 -0.6893
vn 0.4017 0.6797 -0.6137
vn 0.3036 0.4801 -0.8230
vn 0.3507 0.4440 -0.8245
vn 0.3230 0.3245 -0.8890
vn 0.2813 -0.0892 -0.9555
vn 0.4447 -0.1403 -0.8846
vn 0.4614 0.5010 -0.7322
vn 0.3270 0.3450 -0.8798
vn 0.1993 -0.0588 -0.9782
vn 0.3995 0.3085 -0.8633
vn 0.3529 0.4127 -0.8398
vn 0.5305 0.2207 -0.8185
vn 0.1705 -0.7407 -0.6498
vn -0.7051 0.2578 -0.6606
vn -0.0168 -0.9454 0.3255
vn -0.0816 -0.9610 0.2643
vn 0.0468 -0.8925 0.4486
vn -0.2123 -0.8056 0.5531
vn -0.0435 -0.7830 0.6205
vn 0.1682 0.1534 -0.9737
vn 0.1326 0.1282 -0.9829
vn -0.2852 -0.9442 -0.1649
vn -0.1204 -0.8693 -0.4795
vn 0.7448 -0.4885 -0.4545
vn -0.5010 -0.8468 -0.1787
vn -0.9414 0.3191 -0.1095
vn -0.7565 -0.6531 -0.0357
vn -0.3841 0.9099 -0.1570
vn -0.3097 0.9474 -0.0807
vn -0.6587 0.6128 -0.4366
vn -0.4468 0.7699 -0.4557
vn 0.0791 0.9916 -0.1019
vn -0.4968 -0.8615 -0.1047
vn -0.4072 -0.9115 -0.0574
vn -0.2909 -0.8954 -0.3371
vn -0.4044 -0.8117 -0.4214
vn 0.3920 0.7792 -0.4891
vn 0.3593 0.9273 -0.1054
vn 0.4718 0.8798 -0.0574
vn 0.5357 0.7434 -0.4005
vn 0.6441 0.6715 -0.3664
vn 0.2973 -0.1454 -0.9436
vn 0.4591 -0.2245 -0.8595
vn -0.9304 0.2612 0.2572
vn 0.7534 0.5690 -0.3296
vn 0.6095 -0.2995 -0.7340
vn 0.0794 -0.0367 -0.9962
vn 0.4039 0.3397 0.8494
vn 0.2869 0.2861 0.9143
vn 0.3817 0.3240 0.8656
vn 0.4960 0.4308 0.7539
vn 0.5571 0.4146 0.7195
vn 0.1702 -0.9789 0.1129
vn -0.2140 -0.9744 0.0690
vn -0.4862 -0.8651 -0.1233
vn -0.4246 -0.9002 -0.0968
vn -0.3122 -0.9478 -0.0653
vn 0.7005 -0.6988 0.1449
vn 0.2031 -0.9628 -0.1782
vn 0.0754 -0.9961 -0.0453
vn -0.0337 -0.9300 -0.3661
vn -0.1606 -0.9790 -0.1253
vn -0.5623 -0.1358 0.8157
vn 0.5647 -0.7169 -0.4087
vn 0.5362 -0.6433 -0.5465
vn 0.6993 -0.4877 -0.5227
vn 0.4661 -0.4099 -0.7841
vn 0.4542 -0.0829 -0.8870
vn 0.6805 -0.4324 -0.5916
vn 0.1186 0.9241 0.3634
vn -0.0404 0.9297 0.3661
vn -0.0538 0.5753 0.8161
vn 0.8026 -0.3653 -0.4716
vn 0.7911 -0.2910 -0.5380
vn 0.9370 -0.2787 -0.2104
vn 0.9735 -0.0414 -0.2250
vn 0.9427 0.2980 -0.1499
vn -0.0306 -0.9299 -0.3666
vn -0.1882 -0.9160 -0.3543
vn -0.2892 -0.5668 -0.7714
vn -0.0727 -0.6088 -0.7900
vn -0.7865 0.3038 -0.5377
vn -0.8430 0.3314 -0.4237
vn -0.3952 -0.4090 0.8225
vn -0.2525 -0.4944 0.8317
vn -0.1163 0.1549 0.9811
vn -0.4962 -0.8682 -0.0036
vn -0.4697 -0.8812 -0.0539
vn -0.4853 -0.8655 0.1241
vn 0.1005 0.9936 -0.0509
vn 0.0794 -0.9965 -0.0254
vn -0.0378 -0.9993 0.0067
vn 0.1214 -0.9315 0.3430
vn -0.1480 -0.9886 -0.0291
vn -0.2784 -0.9604 -0.0057
vn -0.1852 -0.9803 0.0685
vn -0.1149 -0.8631 0.4918
vn -0.0061 -0.9016 0.4325
vn -0.4127 -0.6425 0.6456
vn -0.4976 -0.5909 0.6350
vn -0.7887 -0.3881 0.4768
vn -0.9519 0.0628 0.2998
vn -0.5541 -0.0544 0.8307
vn -0.6937 0.2353 0.6808
vn -0.0279 0.3785 0.9252
vn -0.2917 -0.2206 0.9307
vn -0.0396 -0.2613 0.9644
vn 0.1044 0.3381 0.9353
vn 0.2360 0.2793 0.9308
vn 0.2182 -0.2804 0.9348
vn 0.1177 -0.2601 0.9584
vn 0.2868 0.2433 0.9266
vn 0.0692 0.5377 0.8403
vn 0.2885 -0.3466 0.8926
vn 0.3037 0.5727 0.7614
vn 0.3869 0.5888 0.7096
vn 0.4402 0.7373 0.5125
vn 0.3563 0.7815 0.5122
vn 0.2451 0.8210 0.5156
vn 0.2137 0.5640 0.7976
vn 0.3470 -0.4124 0.8423
vn 0.2449 0.2478 0.9374
vn 0.2599 0.2370 0.9361
vn 0.2903 0.2917 0.9114
vn 0.4164 -0.4165 0.8082
vn 0.5552 -0.2467 0.7943
vn 0.3231 0.3912 0.8617
vn 0.3367 0.5482 0.7656
vn 0.1967 0.5856 0.7864
vn 0.2033 0.6928 0.6919
vn 0.2845 -0.2850 -0.9153
vn -0.4678 -0.5253 0.7108
vn -0.3483 -0.5920 0.7268
vn 0.1377 -0.0679 0.9881
vn 0.4243 0.2322 0.8752
vn 0.0728 0.5626 0.8235
vn 0.6689 -0.3285 0.6668
vn 0.7144 -0.3461 0.6082
vn 0.5770 0.0427 0.8156
vn 0.2550 0.6377 0.7269
vn 0.6089 -0.5907 0.5295
vn 0.7183 0.6752 0.1680
vn 0.5668 0.8137 0.1288
vn 0.2204 0.9720 -0.0813
vn 0.2010 0.9650 -0.1682
vn 0.2024 0.9611 -0.1882
vn 0.1906 0.9343 -0.3013
vn 0.2373 0.9439 -0.2297
vn 0.1923 0.9506 -0.2438
vn 0.5060 0.8554 0.1109
vn -0.6151 -0.5354 -0.5788
vn -0.4592 -0.3185 -0.8293
vn -0.3793 -0.3182 -0.8689
vn -0.5107 -0.5858 -0.6293
vn -0.7234 -0.5406 -0.4295
vn -0.5345 -0.7109 -0.4570
vn -0.4683 -0.7432 -0.4779
vn 0.8105 0.2947 0.5061
vn 0.6493 0.6645 0.3699
vn 0.4135 -0.2953 0.8613
vn 0.2848 -0.1403 0.9483
vn 0.4873 0.7617 0.4270
vn 0.5362 -0.3200 0.7811
vn 0.1473 -0.0728 0.9864
vn 0.4159 0.7750 0.4759
vn -0.1071 0.0521 0.9929
vn 0.2620 0.8189 0.5106
vn -0.3907 0.1913 0.9004
vn 0.0989 0.8476 0.5214
vn -0.6455 0.3164 0.6951
vn -0.1472 0.9076 0.3933
vn -0.2473 0.9197 0.3049
vn 0.0942 0.9936 0.0620
vn 0.4005 0.9115 0.0939
vn 0.3329 0.9383 0.0934
vn -0.3998 -0.8815 0.2514
vn -0.5771 -0.5447 -0.6085
vn -0.2810 -0.9587 -0.0447
vn -0.3422 -0.9250 0.1651
vn 0.4292 0.8982 0.0951
vn 0.2192 -0.0713 -0.9731
vn 0.1661 0.1779 -0.9699
vn 0.6199 -0.1929 -0.7606
vn 0.6320 -0.3518 -0.6905
vn 0.7100 -0.4699 -0.5245
vn 0.6778 -0.6401 -0.3616
vn 0.8280 -0.4471 -0.3384
vn 0.8150 -0.3042 -0.4932
vn -0.0138 0.5608 0.8279
vn 0.7851 -0.3850 -0.4852
vn 0.0013 -0.3040 0.9527
vn 0.0312 -0.3422 0.9391
vn 0.2863 -0.5083 0.8122
vn 0.3983 -0.1374 0.9069
vn 0.1712 0.0151 0.9851
vn 0.0916 0.0711 0.9933
vn 0.2441 -0.9697 0.0074
vn 0.0608 -0.9202 0.3866
vn -0.3043 -0.8515 0.4269
vn -0.1651 -0.4527 -0.8763
vn -0.3109 -0.6785 -0.6655
vn -0.0577 -0.7140 -0.6978
vn -0.5492 -0.6864 -0.4767
vn -0.5669 -0.6750 -0.4722
vn 0.9604 -0.1305 -0.2460
vn 0.9605 -0.2128 -0.1791
vn 0.9372 -0.3447 -0.0536
vn 0.9458 -0.3112 -0.0933
vn -0.7064 -0.5642 -0.4274
vn -0.5053 -0.0166 -0.8628
vn -0.7725 -0.0784 -0.6302
vn -0.9539 -0.1232 -0.2737
vn -0.3985 0.7495 -0.5286
vn -0.4599 0.8836 -0.0878
vn -0.9545 -0.1842 0.2345
vn -0.9158 -0.2068 0.3444
vn -0.8986 -0.2170 0.3813
vn -0.9225 -0.2262 0.3129
vn -0.5965 -0.7627 0.2499
vn -0.9965 -0.0652 -0.0532
vn -0.7602 0.6231 0.1841
vn -0.6300 0.7701 0.1003
vn -0.6972 0.6942 0.1788
vn -0.7641 -0.5825 -0.2774
vn -0.8113 -0.5624 -0.1599
vn -0.1990 -0.6805 -0.7052
vn -0.2472 -0.4740 -0.8451
vn -0.3463 -0.8227 -0.4509
vn -0.1880 -0.8433 -0.5035
vn -0.5629 -0.7439 -0.3603
vn -0.8567 -0.5108 -0.0716
vn -0.6116 -0.7659 -0.1985
vn -0.5787 -0.7680 -0.2745
vn 0.3711 0.8728 -0.3170
vn 0.3648 0.8985 -0.2441
vn 0.3423 0.9251 -0.1643
vn 0.1751 0.9768 -0.1233
vn 0.4352 0.7672 -0.4712
vn 0.4890 0.8215 -0.2933
vn 0.3389 0.8388 -0.4261
vn -0.1992 -0.7058 -0.6798
vn 0.7299 0.3985 0.5553
vn -0.3154 -0.9481 0.0414
vn -0.3141 -0.9491 -0.0212
vn -0.4157 -0.9039 0.1006
vn -0.2968 -0.9462 0.1288
vn 0.7478 0.4039 0.5269
vn 0.7646 0.5379 0.3551
vn 0.3517 -0.7618 -0.5441
vn 0.2439 -0.7865 -0.5674
vn 0.7473 0.3615 -0.5576
vn 0.6607 0.4730 -0.5829
vn 0.8959 -0.4423 -0.0420
vn 0.8531 -0.4203 0.3092
vn 0.1291 0.6913 0.7109
vn 0.0158 -0.9994 -0.0305
vn -0.0466 -0.9989 -0.0048
vn -0.1564 -0.9865 0.0484
vn 0.0698 -0.9730 -0.2201
vn 0.5227 0.3698 0.7681
vn 0.5799 0.4009 0.7092
vn 0.3966 0.9033 -0.1632
vn 0.3171 0.9268 -0.2012
vn 0.1377 0.9222 -0.3614
vn 0.4378 0.3693 0.8197
vn 0.2624 -0.2891 -0.9206
vn 0.1892 0.8542 0.4844
vn 0.9093 0.4159 0.0110
vn 0.8720 -0.4165 0.2573
vn 0.9611 -0.2244 0.1612
vn 0.9002 -0.4206 0.1131
vn 0.9245 -0.3745 -0.0703
vn 0.9754 -0.2163 0.0427
vn 0.9861 -0.1653 -0.0139
vn 0.4557 -0.7024 0.5467
vn 0.4140 -0.6883 0.5958
vn 0.4278 -0.5724 0.6995
vn 0.4634 -0.6393 0.6137
vn 0.3257 -0.7562 0.5676
vn -0.3970 -0.2274 0.8892
vn -0.5116 -0.1617 -0.8439
vn -0.5700 -0.0389 -0.8207
vn -0.5232 0.1068 -0.8455
vn -0.4062 0.0985 -0.9085
vn -0.3524 -0.9335 -0.0665
vn 0.3254 -0.4261 -0.8441
vn 0.7890 -0.5941 0.1567
vn 0.8375 -0.5211 0.1644
vn -0.9377 -0.3310 -0.1055
vn -0.7528 -0.3016 0.5851
vn -0.8075 -0.3685 0.4606
vn -0.9752 -0.1430 0.1687
vn -0.9928 -0.0243 0.1174
vn -0.1528 -0.4066 0.9008
vn -0.0904 -0.2378 0.9671
vn -0.0179 -0.0891 -0.9959
vn 0.0950 0.2423 -0.9656
vn 0.2541 0.2302 -0.9394
vn 0.2797 -0.1972 -0.9396
vn 0.0318 0.0533 -0.9981
vn -0.0185 0.3749 -0.9269
vn -0.4551 -0.8858 -0.0907
vn -0.4439 -0.8944 -0.0545
vn -0.3806 -0.5338 -0.7552
vn 0.0102 -0.1588 -0.9873
vn -0.1938 0.2495 -0.9488
vn -0.2436 -0.0195 -0.9697
vn -0.5276 -0.4090 -0.7445
vn 0.3434 -0.9061 -0.2472
vn 0.6803 -0.6228 0.3865
vn 0.8500 -0.5266 -0.0127
vn 0.8467 -0.2927 0.4444
vn 0.9814 0.0554 0.1838
vn -0.4710 -0.8820 -0.0160
vn -0.1853 -0.5178 -0.8352
vn 0.1561 -0.8320 -0.5324
vn 0.3826 -0.5763 -0.7221
vn 0.1078 -0.5386 -0.8356
vn -0.1014 -0.7667 -0.6340
vn -0.0686 -0.8968 -0.4372
vn -0.4078 -0.7679 -0.4939
vn -0.4089 -0.8393 -0.3584
vn -0.2520 -0.9162 -0.3116
vn -0.9529 0.2997 0.0465
vn -0.9985 -0.0261 0.0486
vn -0.9670 0.2530 -0.0285
vn -0.9736 0.2247 0.0407
vn -0.9773 0.0346 -0.2090
vn -0.9671 -0.2520 0.0353
vn -0.8684 -0.2776 0.4108
vn -0.8923 0.1872 0.4108
vn -0.8683 0.4265 0.2534
vn -0.1982 -0.9774 -0.0736
vn -0.0358 -0.9010 0.4323
vn 0.5036 -0.3109 0.8060
vn -0.9328 -0.3520 -0.0780
vn 0.4496 -0.8073 0.3824
vn 0.4074 -0.8681 0.2838
vn 0.3145 -0.8931 0.3217
vn 0.3143 -0.8517 0.4193
vn 0.2196 -0.4411 0.8702
vn 0.1139 -0.5223 0.8451
vn 0.2302 -0.5279 0.8175
vn 0.8186 -0.5720 0.0523
vn 0.9642 -0.2152 0.1552
vn -0.8536 -0.2086 0.4773
vn -0.8089 -0.2147 0.5474
vn -0.8382 0.2483 0.4856
vn -0.7949 0.2567 0.5498
vn -0.8385 0.2898 0.4614
vn -0.2555 -0.4315 0.8652
vn -0.4313 -0.4153 0.8009
vn 0.8512 -0.4818 0.2082
vn -0.3878 -0.5146 0.7647
vn -0.4439 -0.6058 0.6603
vn -0.4799 -0.5749 0.6627
vn -0.4235 -0.5849 0.6918
vn -0.2275 -0.6019 0.7655
vn 0.6554 -0.7420 -0.1410
vn 0.6200 -0.6884 -0.3764
vn 0.3653 -0.8656 -0.3424
vn 0.4128 -0.9107 0.0121
vn -0.1083 -0.4387 -0.8921
vn -0.1915 -0.3731 -0.9078
vn -0.2611 -0.3134 -0.9130
vn -0.1806 -0.1634 -0.9699
vn -0.0413 -0.1140 -0.9926
vn 0.1056 -0.1023 -0.9891
vn -0.3052 -0.6289 0.7150
vn -0.6616 -0.6079 0.4390
vn -0.2332 -0.4978 0.8353
vn 0.6901 0.3190 -0.6496
vn 0.8367 0.0590 0.5444
vn 0.0131 -0.9784 0.2065
vn 0.0928 -0.9671 0.2370
vn 0.9184 -0.2589 -0.2991
vn 0.7970 -0.5896 0.1311
vn 0.9180 -0.3525 -0.1816
vn 0.6553 -0.6426 0.3970
vn 0.6850 -0.6790 0.2639
vn 0.7261 -0.6794 0.1059
vn 0.7659 -0.6221 0.1623
vn 0.4021 -0.7393 0.5401
vn 0.4850 -0.7286 0.4837
vn 0.8028 -0.5696 0.1762
vn -0.0304 -0.7171 0.6963
vn 0.1016 -0.7463 0.6578
vn -0.6258 -0.0450 0.7787
vn -0.6590 -0.4128 0.6287
vn -0.8563 -0.4365 -0.2759
vn -0.7112 -0.6765 -0.1912
vn -0.4755 -0.5226 -0.7077
vn -0.1444 -0.4197 -0.8961
vn -0.6298 -0.7620 -0.1506
vn -0.5132 -0.6794 -0.5245
vn 0.4315 -0.4228 -0.7969
vn -0.4341 0.3514 0.8295
vn -0.4668 0.4607 0.7549
vn -0.6853 0.4079 0.6033
vn -0.6418 0.3289 0.6928
vn 0.4388 0.8472 -0.2996
vn 0.5006 0.8399 -0.2096
vn 0.8962 -0.2856 -0.3395
vn 0.9414 -0.1282 -0.3120
vn 0.8425 -0.4138 -0.3448
vn 0.8882 -0.3627 -0.2820
vn 0.8453 -0.4643 -0.2643
vn 0.9355 -0.1955 -0.2942
vn 0.9564 0.0367 -0.2898
vn -0.5747 -0.7716 -0.2725
vn -0.5726 -0.8035 -0.1627
vn -0.6435 -0.5909 -0.4867
vn -0.5818 -0.7000 -0.4142
vn -0.4893 -0.8161 -0.3074
vn -0.5506 -0.7356 -0.3947
vn 0.5305 -0.7801 -0.3316
vn 0.6072 -0.6957 -0.3837
vn 0.6107 -0.1984 0.7666
vn 0.4912 0.0020 0.8710
vn 0.6009 0.7633 0.2371
vn 0.6334 0.7428 0.2170
vn 0.5540 0.8267 0.0979
vn 0.4486 0.8629 0.2325
vn 0.9197 -0.3742 0.1192
vn 0.8934 -0.4243 -0.1478
vn 0.9199 -0.3563 -0.1639
vn 0.9170 -0.3328 0.2200
vn 0.7244 -0.4291 0.5396
vn 0.6971 -0.5488 0.4613
vn 0.4277 0.8331 -0.3509
vn 0.5453 0.8052 -0.2331
vn 0.7269 0.6786 -0.1054
vn 0.6469 0.5997 -0.4711
vn 0.8372 0.5396 0.0890
vn 0.8600 0.3787 -0.3421
vn 0.8252 0.5568 0.0952
vn 0.3566 -0.6415 0.6792
vn 0.2386 -0.6443 0.7266
vn 0.3171 -0.4446 0.8377
vn 0.3740 -0.4156 0.8291
vn 0.4340 -0.6127 0.6605
vn -0.6278 0.4955 -0.6003
vn -0.0236 0.9097 -0.4145
vn -0.7938 0.5704 -0.2109
vn -0.2001 0.9660 -0.1638
vn 0.1105 0.9567 -0.2695
vn 0.5215 0.1665 -0.8369
vn 0.7971 0.4556 -0.3963
vn 0.6143 -0.6826 0.3958
vn -0.0489 -0.6786 0.7329
vn -0.1112 -0.4752 0.8728
vn -0.1653 -0.6086 0.7760
vn 0.8969 0.0909 -0.4328
vn 0.8286 -0.2886 -0.4797
vn 0.4446 -0.4153 -0.7937
vn 0.6429 0.0617 -0.7635
vn 0.9409 0.3074 -0.1420
vn 0.6160 -0.5539 0.5601
vn 0.6399 -0.4570 0.6178
vn 0.6700 -0.4664 0.5776
vn 0.2356 -0.8164 0.5272
vn 0.3064 -0.8808 0.3610
vn -0.8555 -0.4735 0.2098
vn -0.9220 -0.1483 0.3577
vn -0.5691 -0.6308 0.5274
vn -0.4266 -0.8490 0.3117
vn -0.1394 -0.9781 0.1547
vn 0.1377 -0.9885 -0.0629
vn -0.0681 -0.9824 -0.1738
vn -0.3038 -0.9003 -0.3116
vn -0.1685 -0.9507 0.2603
vn -0.1114 -0.9614 0.2516
vn 0.8048 -0.5696 0.1667
vn 0.0921 -0.9809 0.1716
vn -0.0056 0.8497 0.5272
vn 0.9208 0.1233 -0.3699
vn -0.2605 0.6412 -0.7218
vn 0.3691 -0.5361 -0.7592
vn 0.2821 -0.6039 -0.7455
vn 0.1465 -0.6216 -0.7695
vn -0.0803 -0.5922 -0.8017
vn 0.0224 -0.3895 -0.9208
vn 0.2165 -0.4558 -0.8634
vn 0.3271 -0.4999 -0.8019
vn 0.4764 -0.7923 0.3812
vn 0.6865 -0.6685 0.2860
vn 0.8223 -0.5231 0.2240
vn 0.7526 -0.6448 0.1331
vn 0.6850 -0.6842 0.2501
vn 0.7187 -0.5584 0.4143
vn 0.8314 -0.5543 0.0384
vn 0.7655 -0.6392 0.0738
vn 0.9590 -0.2833 0.0048
vn 0.9248 -0.2890 -0.2476
vn 0.8730 -0.4634 -0.1521
vn 0.8002 -0.5964 -0.0630
vn 0.7876 -0.6157 0.0259
vn 0.8722 -0.2824 0.3993
vn 0.6742 -0.2621 0.6904
vn -0.3880 -0.8711 -0.3010
vn 0.8215 -0.4596 -0.3376
vn 0.2007 -0.3787 0.9035
vn 0.5584 0.6492 -0.5164
vn 0.8071 0.5838 -0.0882
vn 0.8666 -0.1833 0.4642
vn 0.5832 -0.2372 0.7770
vn 0.1725 -0.2774 0.9452
vn 0.3038 -0.6083 0.7333
vn 0.6478 -0.7550 0.1014
vn 0.8888 -0.4582 -0.0112
vn 0.8171 -0.2782 0.5049
vn 0.0320 -0.8704 -0.4912
vn 0.4836 -0.6851 -0.5448
vn -0.0062 -0.9682 0.2501
vn 0.2522 -0.9263 0.2798
vn 0.4116 -0.9108 0.0329
vn 0.6428 0.1543 0.7503
vn -0.0198 -0.1403 -0.9899
vn 0.0889 -0.2078 -0.9741
vn 0.1789 -0.2634 -0.9479
vn -0.2175 -0.6886 0.6918
vn 0.0521 -0.7077 0.7046
vn 0.2877 -0.3984 0.8709
vn 0.1877 -0.3563 0.9153
vn 0.0802 -0.2736 0.9585
vn 0.7688 -0.6372 0.0534
vn 0.7342 -0.6788 -0.0139
vn 0.6960 -0.7133 0.0827
vn 0.6776 -0.7272 0.1099
vn 0.7078 -0.6763 0.2042
vn -0.9083 -0.2052 0.3645
vn -0.4993 -0.4134 0.7614
vn -0.9256 -0.0098 0.3783
vn 0.9308 -0.3536 0.0923
vn 0.9944 -0.1005 -0.0329
vn 0.9942 -0.0864 -0.0636
vn 0.9385 -0.2242 0.2626
vn 0.8966 -0.4405 0.0451
vn -0.8922 0.2456 0.3790
vn -0.5416 -0.4217 0.7272
vn -0.5198 -0.3036 0.7985
vn -0.5880 -0.2729 0.7614
vn 0.5916 0.3918 0.7046
vn 0.4115 0.5933 0.6919
vn 0.2655 0.1041 0.9585
vn 0.3966 0.0697 0.9153
vn 0.4912 0.0163 0.8709
vn -0.6319 -0.6529 -0.4176
vn -0.5683 -0.7345 -0.3710
vn -0.1082 -0.9310 0.3486
vn -0.1713 -0.8664 0.4690
vn -0.2462 -0.8317 0.4977
vn -0.3148 -0.5058 -0.8031
vn -0.3377 -0.3753 -0.8632
vn 0.8089 -0.5828 0.0777
vn 0.9070 -0.4002 -0.1312
vn -0.1085 -0.9912 0.0756
vn -0.1751 -0.9706 -0.1652
vn -0.1722 -0.9257 -0.3368
vn 0.0730 -0.9529 0.2943
vn 0.7216 -0.6918 -0.0260
vn 0.6720 -0.7401 0.0232
vn 0.3721 -0.8648 0.3372
vn 0.8109 -0.5061 -0.2938
vn 0.7755 -0.6114 -0.1572
vn 0.7834 -0.4304 -0.4483
vn 0.7088 -0.5582 -0.4313
vn 0.9449 -0.2763 -0.1755
vn 0.5746 -0.7854 -0.2302
vn 0.3044 -0.8028 -0.5127
vn 0.0971 -0.9398 -0.3275
vn -0.2154 -0.3855 0.8972
vn -0.3002 -0.3851 0.8727
vn -0.4897 -0.5782 0.6526
vn -0.4593 -0.5985 0.6564
vn -0.2940 -0.6751 0.6766
vn -0.7069 0.6999 0.1020
vn -0.3725 0.8731 0.3144
vn -0.4697 0.7595 0.4500
vn -0.7985 0.5812 0.1570
vn -0.6023 0.7956 0.0653
vn -0.2640 0.9442 0.1969
vn -0.1036 0.8924 0.4391
vn -0.1884 0.7680 0.6121
vn -0.0043 0.9592 0.2827
vn -0.2796 0.4844 0.8290
vn -0.2504 -0.0121 0.9681
vn -0.5729 0.1098 0.8122
vn -0.5626 0.5240 0.6395
vn 0.0398 -0.6063 0.7943
vn -0.2917 -0.5395 0.7899
vn 0.0885 0.3540 0.9311
vn 0.1313 0.6793 0.7221
vn 0.4820 0.4913 0.7255
vn 0.5343 0.1879 0.8242
vn 0.2081 -0.1873 0.9600
vn 0.4151 -0.6280 0.6583
vn 0.2030 0.8181 0.5381
vn 0.3015 0.8838 0.3577
vn 0.5184 0.6247 0.5840
vn 0.6011 0.6885 0.4057
vn 0.6870 0.4310 0.5850
vn 0.7599 0.4897 0.4275
vn 0.6848 0.3233 0.6531
vn 0.7870 0.0808 0.6116
vn 0.9747 -0.0556 0.2166
vn 0.9608 0.1723 0.2173
vn 0.8563 -0.4992 0.1323
vn 0.9957 0.0823 -0.0424
vn 0.7936 -0.6050 -0.0642
vn 0.1705 -0.9845 -0.0418
vn 0.0496 -0.9983 -0.0317
vn 0.6699 -0.7134 -0.2058
vn 0.5384 -0.7976 -0.2720
vn -0.0668 -0.9978 0.0016
vn -0.2959 -0.9517 0.0819
vn -0.2212 -0.9752 0.0015
vn -0.3668 -0.9170 0.1564
vn -0.5858 -0.7941 0.1621
vn -0.5559 -0.8303 0.0395
vn -0.9451 -0.2464 0.2145
vn -0.9547 -0.2897 0.0685
vn -0.8131 0.5653 0.1386
vn -0.8562 0.5131 0.0596
vn -0.8877 0.4598 -0.0230
vn -0.3278 0.9445 0.0218
vn 0.0763 0.9962 -0.0430
vn -0.0477 0.9982 0.0376
vn -0.4295 0.9023 0.0382
vn -0.6862 -0.5377 -0.4900
vn -0.6911 -0.2295 -0.6854
vn -0.5464 -0.3108 -0.7778
vn -0.4876 -0.7544 -0.4394
vn -0.2175 0.9760 -0.0130
vn -0.5117 0.8581 0.0437
vn -0.1593 0.9813 0.1082
vn 0.2881 0.9551 -0.0685
vn 0.1991 0.9790 0.0434
vn 0.0987 0.9828 0.1559
vn 0.4859 0.8678 -0.1038
vn 0.7047 0.6899 -0.1658
vn 0.7175 0.6965 0.0050
vn 0.4573 0.8886 0.0356
vn 0.4916 0.8451 -0.2100
vn 0.6736 0.6826 -0.2832
vn 0.3952 0.8979 0.1936
vn 0.6821 0.7005 0.2098
vn 0.8613 0.4562 -0.2236
vn 0.9628 -0.0239 -0.2692
vn 0.8798 0.4749 -0.0232
vn 0.8203 0.4482 -0.3552
vn 0.9049 -0.1029 -0.4131
vn 0.8423 0.4942 0.2152
vn -0.3717 -0.5912 -0.7158
vn -0.3119 -0.7396 -0.5964
vn 0.5727 -0.7622 -0.3018
vn 0.7446 -0.5403 -0.3919
vn 0.5479 -0.0214 -0.8363
vn 0.4231 -0.5937 0.6844
vn 0.2152 -0.7625 0.6101
vn 0.4927 0.5896 -0.6400
vn 0.5422 0.5966 -0.5916
vn 0.0538 -0.7075 0.7047
vn -0.6474 -0.7621 0.0085
vn -0.3478 -0.2749 0.8964
vn -0.5786 0.0259 0.8152
vn -0.6727 0.1690 0.7203
vn -0.6426 0.3168 0.6976
vn -0.4941 0.4419 0.7487
vn -0.4273 -0.1945 0.8829
vn -0.8002 0.3570 0.4819
vn -0.3613 0.2649 -0.8940
vn -0.4023 0.2867 -0.8694
vn -0.1873 0.9023 -0.3883
vn -0.0684 0.9209 -0.3838
vn -0.2440 0.2758 -0.9297
vn -0.8245 -0.0739 0.5611
vn -0.5688 -0.3624 -0.7383
vn -0.5851 -0.3381 -0.7371
vn 0.1336 0.8744 -0.4664
vn 0.1501 0.9359 -0.3188
vn -0.6041 -0.6534 0.4562
vn -0.5138 -0.7356 0.4414
vn 0.1880 -0.6945 0.6945
vn 0.2036 -0.8162 0.5408
vn -0.0073 -0.8382 0.5453
vn -0.0771 -0.7254 0.6840
vn -0.5333 0.1542 0.8317
vn -0.3334 0.2944 0.8956
vn -0.1325 0.3220 0.9374
vn -0.1599 0.3811 0.9106
vn -0.5125 0.2479 0.8221
vn -0.7013 0.1831 0.6889
vn -0.7719 0.0609 0.6328
vn 0.5201 -0.4856 0.7027
vn 0.4895 -0.3244 0.8094
vn -0.1453 -0.1536 0.9774
vn 0.0544 0.4822 0.8743
vn -0.3706 -0.1406 0.9181
vn -0.2278 0.4954 0.8383
vn -0.1802 0.4862 0.8551
vn 0.3820 -0.8827 -0.2738
vn 0.4206 -0.7605 -0.4947
vn 0.8206 -0.5124 -0.2532
vn 0.8170 -0.5215 -0.2462
vn 0.6499 0.0361 -0.7592
vn 0.0847 -0.6859 -0.7228
vn 0.1882 -0.7154 -0.6729
vn 0.1095 -0.3098 -0.9445
vn -0.1329 -0.6993 -0.7023
vn -0.3719 -0.8976 0.2365
vn -0.6668 -0.7449 -0.0239
vn -0.2639 -0.9489 0.1733
vn -0.0452 -0.9680 0.2467
vn 0.3582 -0.9095 0.2108
vn 0.4823 -0.8225 0.3016
vn 0.1990 -0.9573 -0.2098
vn 0.3728 -0.8367 -0.4011
vn 0.6100 -0.7780 0.1503
vn 0.5837 -0.8081 0.0787
vn 0.4987 -0.8664 -0.0255
vn 0.4007 -0.9073 -0.1275
vn 0.3843 -0.8966 0.2203
vn 0.4777 -0.8353 0.2723
vn 0.2816 -0.9379 -0.2026
vn 0.2684 -0.9508 0.1548
vn 0.3171 -0.8955 0.3124
vn 0.4196 -0.8516 0.3143
vn 0.5419 -0.7900 0.2869
vn 0.5721 -0.7642 0.2979
vn 0.2116 -0.9343 0.2868
vn 0.1665 -0.9802 0.1075
vn 0.1382 -0.9572 0.2542
vn 0.1550 -0.9586 -0.2390
vn 0.0223 -0.9662 -0.2567
vn -0.0902 -0.9466 -0.3095
vn 0.0689 -0.9940 0.0853
vn -0.0369 -0.9966 0.0735
vn -0.1850 -0.9045 -0.3842
vn -0.1309 -0.9903 0.0474
vn 0.0804 -0.9702 0.2287
vn -0.3044 -0.9310 -0.2013
vn -0.4044 -0.8805 -0.2475
vn -0.3309 -0.8873 -0.3213
vn -0.2412 -0.9305 -0.2755
vn -0.3579 -0.8335 -0.4210
vn 0.9333 -0.1934 -0.3026
vn -0.2847 -0.6134 -0.7366
vn -0.4104 -0.4742 -0.7789
vn -0.4417 -0.3325 -0.8332
vn -0.4582 -0.1507 -0.8760
vn -0.3485 -0.2082 -0.9139
vn -0.3418 -0.0726 -0.9370
vn -0.3145 0.0497 -0.9480
vn -0.6092 -0.7845 0.1162
vn -0.6547 -0.7550 0.0362
vn -0.7290 -0.6843 -0.0189
vn -0.0840 0.6622 -0.7446
vn -0.0568 0.6590 -0.7500
vn -0.0667 -0.2834 -0.9567
vn 0.0323 -0.3533 -0.9349
vn 0.1107 -0.4098 -0.9054
vn 0.1284 -0.5912 -0.7962
vn 0.0648 -0.6785 -0.7317
vn -0.7140 -0.6081 0.3470
vn -0.7516 -0.5923 0.2903
vn -0.6043 -0.7345 0.3089
vn 0.2617 -0.6549 -0.7089
vn 0.1840 -0.7266 -0.6620
vn 0.0394 -0.0680 0.9969
vn -0.6284 -0.6482 0.4302
vn 0.4375 -0.3878 -0.8113
vn 0.2878 -0.3184 -0.9032
vn 0.3451 -0.5425 -0.7659
vn 0.2028 -0.4690 -0.8596
vn -0.4304 0.1041 -0.8966
vn -0.2564 0.0120 0.9665
vn -0.2015 0.0415 0.9786
vn -0.0417 0.0404 0.9983
vn 0.1017 0.5006 0.8597
vn -0.1329 0.4712 0.8720
vn -0.2466 -0.0157 0.9690
vn 0.6744 0.7176 0.1739
vn -0.0822 -0.9778 -0.1929
vn -0.0618 -0.8613 -0.5044
vn 0.0481 -0.8983 -0.4368
vn 0.1759 -0.9063 -0.3843
vn 0.1046 -0.9815 -0.1602
vn 0.8734 -0.3719 0.3145
vn 0.7502 -0.5990 0.2802
vn 0.6880 -0.6743 0.2683
vn 0.8523 -0.5217 -0.0381
vn 0.8985 -0.4306 -0.0854
vn -0.2863 0.2982 0.9106
vn -0.2204 0.1082 0.9694
vn -0.0590 0.0533 0.9968
vn 0.9311 0.3528 -0.0922
vn 0.8320 0.5501 0.0713
vn -0.1504 0.0301 0.9882
vn -0.1260 -0.6239 0.7713
vn 0.5075 -0.5394 0.6719
vn 0.3825 -0.3874 0.8388
vn 0.6094 -0.6678 0.4273
vn -0.0473 -0.6483 0.7599
vn 0.0667 -0.4756 0.8772
vn 0.2128 0.9680 -0.1331
vn -0.4778 -0.5112 0.7144
vn -0.5798 -0.8032 0.1368
vn -0.4239 -0.9016 0.0859
vn -0.3428 -0.9314 0.1222
vn -0.2647 -0.9624 0.0614
vn -0.5047 -0.4941 0.7079
vn -0.5541 -0.4915 0.6719
vn 0.0494 0.6458 0.7619
vn 0.3200 0.9112 0.2595
vn -0.4721 -0.8386 -0.2716
vn -0.4358 -0.8584 -0.2708
vn 0.0111 0.9669 -0.2547
vn 0.1413 0.4676 0.8726
vn 0.3458 0.3531 0.8693
vn 0.2874 0.2847 0.9145
vn 0.9323 -0.3338 -0.1392
vn 0.8549 -0.4089 -0.3193
vn -0.4439 -0.8245 -0.3509
vn -0.5656 -0.7500 -0.3428
vn -0.4827 -0.7653 -0.4258
vn -0.3890 -0.7796 -0.4908
vn -0.6096 -0.6803 -0.4070
vn -0.6510 -0.6008 -0.4639
vn -0.7030 -0.4758 -0.5286
vn -0.7485 -0.3348 -0.5724
vn -0.6429 -0.3823 -0.6637
vn -0.5322 -0.4299 -0.7293
vn -0.6668 -0.2266 -0.7099
vn -0.5597 -0.2795 -0.7802
vn -0.6551 -0.0358 -0.7547
vn -0.5604 -0.0893 -0.8234
vn -0.4554 -0.0151 -0.8902
vn -0.7635 0.0131 -0.6457
vn -0.7372 0.1487 -0.6591
vn -0.7729 -0.1787 -0.6089
vn -0.8504 -0.1398 -0.5072
vn -0.8460 0.0510 -0.5308
vn -0.8289 -0.2932 -0.4764
vn -0.8962 -0.2552 -0.3630
vn -0.9138 -0.1036 -0.3927
vn -0.9472 -0.2206 -0.2326
vn -0.9623 -0.0693 -0.2631
vn -0.7890 -0.4351 -0.4337
vn -0.8623 -0.3939 -0.3181
vn -0.9154 -0.3554 -0.1888
vn -0.8112 -0.5227 -0.2621
vn -0.7535 -0.6211 -0.2157
vn -0.8127 -0.5726 -0.1083
vn -0.8688 -0.4743 -0.1423
vn -0.7347 -0.5664 -0.3733
vn -0.6828 -0.6572 -0.3192
vn -0.7387 -0.6707 -0.0670
vn 0.3994 0.8759 0.2707
vn 0.8353 -0.5405 0.1010
vn 0.8277 -0.5506 0.1088
vn 0.8652 -0.4873 0.1179
vn 0.4874 -0.6514 0.5815
vn 0.4010 -0.8483 0.3458
vn 0.4628 -0.8767 0.1312
vn 0.5002 -0.8655 -0.0242
vn -0.5057 -0.8068 0.3054
vn -0.1384 0.7803 -0.6099
vn 0.0066 0.8137 -0.5813
vn -0.0903 0.4380 -0.8944
vn -0.2298 0.4758 -0.8490
vn -0.2733 0.4771 -0.8352
vn -0.2184 0.5944 -0.7739
vn -0.5679 -0.1842 -0.8022
vn -0.3153 -0.9126 0.2602
vn -0.1547 -0.8606 -0.4852
vn -0.3734 -0.8710 -0.3192
vn -0.3745 -0.5761 -0.7266
vn -0.1740 -0.5331 -0.8280
vn -0.0493 -0.5912 -0.8050
vn -0.9715 0.1389 -0.1919
vn -0.9527 0.1161 -0.2809
vn -0.8814 0.2221 -0.4170
vn -0.8214 0.1911 -0.5374
vn -0.9081 0.0848 -0.4101
vn 0.8596 -0.4211 -0.2895
vn -0.9525 0.1668 0.2547
vn -0.8589 -0.1274 0.4961
vn -0.7911 -0.0301 0.6110
vn -0.8531 -0.0047 0.5217
vn -0.7616 0.1061 0.6393
vn -0.8259 0.1287 0.5489
vn -0.8771 0.1437 0.4584
vn -0.9184 0.1554 0.3638
vn -0.2127 0.0011 0.9771
vn -0.1546 0.0474 0.9868
vn -0.2476 0.0632 0.9668
vn -0.6864 -0.7087 -0.1634
vn -0.6274 -0.7347 -0.2580
vn 0.5856 -0.7895 0.1841
vn 0.5169 -0.8518 0.0853
vn 0.4480 0.6692 0.5928
vn 0.0438 -0.6823 0.7298
vn 0.8748 -0.3686 0.3145
vn 0.9630 -0.0247 0.2683
vn 0.9522 -0.1217 0.2802
vn -0.3112 -0.7632 0.5663
vn 0.0314 -0.2425 -0.9696
vn 0.0764 0.4591 -0.8851
vn 0.1369 0.4496 -0.8827
vn 0.1270 -0.2486 -0.9602
vn -0.1663 -0.2317 0.9585
vn -0.0913 -0.0689 0.9934
vn -0.1698 -0.3741 0.9117
vn 0.2232 -0.2317 0.9468
vn 0.2052 -0.5217 0.8281
vn 0.2934 -0.6776 0.6744
vn -0.1297 -0.5755 0.8075
vn 0.1760 -0.3846 0.9062
vn -0.3872 -0.4449 0.8076
vn -0.3397 -0.5917 0.7311
vn -0.4500 -0.5050 0.7366
vn -0.3931 -0.5624 0.7274
vn -0.2321 -0.6495 0.7241
vn -0.1852 -0.9116 0.3671
vn -0.1964 -0.7886 0.5827
vn 0.1685 -0.8392 0.5171
vn 0.2185 -0.9262 0.3074
vn -0.0939 -0.9393 0.3301
vn 0.4109 -0.8933 0.1821
vn 0.8090 -0.5878 -0.0014
vn 0.7315 -0.6715 0.1187
vn 0.6147 -0.7394 0.2745
vn 0.0221 -0.9745 0.2234
vn 0.1363 -0.9850 -0.1055
vn 0.4896 -0.8277 0.2744
vn 0.3435 -0.3255 0.8810
vn 0.3619 -0.3562 0.8615
vn 0.3895 -0.2260 0.8929
vn 0.5051 0.0306 0.8625
vn 0.4371 0.1917 0.8787
vn 0.2609 -0.2231 0.9392
vn -0.0740 -0.9745 0.2120
vn -0.3057 -0.9080 0.2865
vn -0.2672 -0.8250 0.4979
vn 0.0576 -0.9935 0.0987
vn 0.2829 -0.9589 -0.0227
vn 0.4063 -0.7649 0.4999
vn 0.5204 -0.8365 -0.1714
vn 0.4852 -0.2648 -0.8333
vn -0.0010 -0.9467 -0.3222
vn 0.2431 -0.9244 -0.2938
vn 0.2501 -0.8283 -0.5014
vn -0.0452 -0.3592 -0.9322
vn 0.0005 -0.1818 -0.9833
vn 0.6314 -0.7411 0.2282
vn 0.4825 -0.7674 0.4221
vn -0.0477 -0.4351 -0.8991
vn -0.1043 -0.5887 -0.8016
vn -0.0939 -0.6334 -0.7681
vn 0.3506 -0.2495 -0.9027
vn 0.2306 -0.1447 -0.9622
vn 0.1234 -0.5453 -0.8291
vn -0.0059 -0.4948 -0.8690
vn 0.1445 -0.4263 -0.8930
vn 0.0530 -0.4214 -0.9053
vn 0.6279 0.6254 -0.4633
vn 0.5935 0.7892 -0.1579
vn 0.5727 0.8174 -0.0623
vn 0.8353 0.2683 0.4800
vn 0.7641 0.3373 0.5498
vn 0.6580 0.4083 0.6328
vn 0.2376 -0.0296 0.9709
vn 0.3764 -0.1322 0.9170
vn -0.3849 0.9206 -0.0653
vn -0.8980 0.4271 -0.1057
vn -0.9759 -0.1968 -0.0947
vn -0.9793 -0.1156 -0.1662
vn -0.8676 0.2065 -0.4524
vn -0.9077 0.0886 -0.4102
vn -0.8968 -0.2595 -0.3584
vn -0.7697 -0.6292 -0.1080
vn -0.5721 -0.8175 -0.0662
vn 0.4212 0.7256 -0.5442
vn 0.3010 0.7994 -0.5201
vn 0.1481 0.8524 -0.5014
vn -0.1733 -0.9372 -0.3027
vn -0.3760 -0.9053 -0.1977
vn -0.5604 -0.7984 -0.2204
vn -0.6109 -0.7402 -0.2810
vn -0.4390 -0.5597 -0.7028
vn -0.4652 -0.6378 -0.6139
vn -0.3614 -0.7407 -0.5663
vn 0.8782 0.2812 -0.3869
vn 0.8393 -0.1403 -0.5253
vn 0.7609 -0.1466 -0.6321
vn 0.6004 -0.1346 -0.7883
vn 0.3527 -0.2952 -0.8880
vn 0.3486 -0.5319 -0.7717
vn 0.8487 -0.3976 -0.3487
vn 0.8567 -0.4245 -0.2928
vn 0.9277 -0.2637 -0.2644
vn 0.8753 -0.3837 -0.2944
vn 0.7772 -0.4641 -0.4249
vn 0.7458 -0.4008 -0.5321
vn 0.5497 -0.3482 -0.7593
vn -0.0513 -0.8404 -0.5395
vn 0.6284 -0.7446 -0.2251
vn 0.7938 -0.5706 -0.2104
vn 0.3411 -0.9280 -0.1500
vn 0.4079 0.8777 -0.2517
vn 0.5736 0.7640 -0.2955
vn 0.3586 0.9001 -0.2474
vn 0.3572 0.7570 0.5472
vn 0.4707 0.8754 0.1099
vn 0.1853 0.9735 0.1343
vn -0.5530 0.8326 0.0312
vn -0.9632 -0.2688 0.0059
vn -0.7594 -0.6482 0.0560
vn -0.7429 -0.6670 -0.0557
vn -0.2268 0.6056 -0.7628
vn -0.0714 0.6722 -0.7369
vn 0.1995 0.6680 -0.7169
vn 0.6672 0.7424 0.0612
vn 0.5975 0.8018 -0.0090
vn 0.7091 0.5637 0.4235
vn 0.6035 0.6235 0.4970
vn 0.4110 0.6752 0.6125
vn 0.2240 0.8378 0.4979
vn -0.0082 0.9148 0.4038
vn -0.3899 0.8851 0.2541
vn -0.8160 0.5619 0.1352
vn -0.3131 -0.2149 0.9251
vn -0.4966 0.4370 0.7500
vn -0.2382 0.4672 0.8514
vn -0.7403 0.3073 0.5979
vn -0.0040 0.3655 0.9308
vn -0.2032 -0.2899 0.9352
vn 0.1823 0.1910 0.9645
vn 0.1766 0.8341 0.5225
vn -0.0344 0.8617 0.5063
vn -0.3427 -0.5142 0.7862
vn 0.0758 -0.4780 0.8751
vn 0.7107 -0.3535 0.6082
vn -0.0150 0.9029 -0.4296
vn 0.3014 0.8252 -0.4778
vn 0.2352 0.8578 -0.4570
vn -0.7532 -0.4800 0.4498
vn -0.8969 -0.3507 0.2692
vn -0.4724 -0.8587 0.1990
vn -0.6361 -0.6298 -0.4458
vn -0.5362 -0.7196 -0.4412
vn -0.2796 -0.9237 0.2619
vn -0.4455 -0.8502 0.2807
vn -0.3117 0.0198 -0.9500
vn -0.5611 0.1580 -0.8126
vn -0.3092 0.5281 -0.7909
vn -0.0766 0.5067 -0.8587
vn 0.0088 0.4938 -0.8695
vn -0.2344 -0.0376 -0.9714
vn -0.4479 -0.8890 0.0950
vn -0.9590 -0.2487 0.1359
vn 0.1937 -0.0857 -0.9773
vn 0.0120 -0.2227 -0.9748
vn -0.1005 -0.2597 -0.9604
vn 0.5045 -0.3742 -0.7781
vn 0.5821 -0.3691 -0.7245
vn 0.6845 -0.2566 -0.6823
vn 0.7889 -0.0415 -0.6131
vn 0.8189 -0.2223 -0.5291
vn 0.7601 -0.4142 -0.5006
vn 0.8832 -0.3061 -0.3552
vn 0.9275 -0.0785 -0.3655
vn 0.8444 0.0118 -0.5357
vn 0.3814 0.3540 0.8539
vn 0.3066 0.3240 0.8950
vn 0.3726 0.3833 0.8452
vn 0.3321 0.4061 0.8513
vn 0.0837 0.3822 0.9203
vn 0.1868 0.2800 0.9416
vn 0.8362 -0.4440 -0.3220
vn 0.8418 -0.4111 -0.3498
vn 0.8405 0.5334 -0.0949
vn 0.1490 -0.7119 -0.6863
vn 0.0448 -0.6736 -0.7378
vn 0.3310 0.5585 -0.7606
vn 0.2146 0.6261 -0.7496
vn -0.1694 -0.2476 0.9539
vn -0.1864 -0.2748 0.9433
vn -0.0099 0.6026 -0.7980
vn 0.1965 0.8662 -0.4594
vn -0.0255 0.6409 -0.7672
vn -0.3842 0.5910 -0.7093
vn -0.0001 0.3968 -0.9179
vn 0.0140 0.9040 -0.4274
vn -0.4862 0.8299 -0.2738
vn -0.9765 -0.1861 -0.1086
vn -0.8838 -0.2191 -0.4134
vn -0.5581 0.8281 -0.0532
vn 0.1199 -0.8187 0.5616
vn -0.1597 -0.9852 -0.0617
vn 0.1405 -0.7859 0.6022
vn 0.8121 -0.5032 -0.2953
vn 0.8342 -0.4995 -0.2336
vn 0.2473 -0.9016 -0.3548
vn 0.7335 -0.4668 0.4940
vn 0.8637 -0.4472 0.2323
vn 0.8671 -0.4970 -0.0322
vn -0.6158 -0.2521 -0.7464
vn -0.6553 -0.3779 -0.6540
vn -0.6468 -0.3493 -0.6780
vn -0.8397 0.0439 0.5413
vn -0.8699 0.3929 0.2981
vn -0.5160 -0.5600 0.6483
vn 0.6013 0.6324 0.4884
vn 0.1068 0.7543 0.6478
vn 0.0893 -0.9289 0.3593
vn -0.2761 -0.6967 -0.6622
vn -0.4130 -0.6303 -0.6574
vn -0.2881 -0.3230 -0.9015
vn -0.1177 -0.3444 -0.9314
vn 0.1091 0.8885 -0.4458
vn 0.3904 0.8988 0.1995
vn 0.3999 0.8724 0.2810
vn 0.5596 0.7862 0.2622
vn 0.2411 0.8644 -0.4412
vn 0.3605 -0.7602 -0.5404
vn 0.6399 -0.5930 0.4887
vn -0.0071 -0.9804 0.1971
vn 0.0088 0.6557 0.7550
vn 0.0231 0.9620 0.2720
vn -0.0837 0.5799 0.8104
vn -0.0025 0.5023 0.8647
vn 0.5901 0.7612 0.2690
vn 0.8331 0.4663 -0.2974
vn 0.6271 -0.3661 -0.6876
vn 0.9870 0.1263 0.0994
vn 0.6394 -0.4495 -0.6238
vn 0.5956 0.5175 0.6144
vn 0.5159 0.3133 0.7973
vn 0.9512 -0.0771 0.2987
vn 0.2015 0.4313 0.8794
vn 0.5267 0.7727 -0.3543
vn 0.6466 0.6691 -0.3664
vn -0.1813 0.2214 0.9582
vn -0.4678 -0.2656 0.8430
vn -0.0004 0.9210 -0.3896
vn 0.3612 -0.2660 -0.8937
vn 0.2456 -0.1432 -0.9587
vn 0.6471 -0.4961 -0.5789
vn 0.8749 -0.3072 0.3744
vn 0.5577 -0.5993 -0.5743
vn 0.4439 0.1453 0.8842
vn 0.2603 -0.1230 0.9577
vn -0.0348 -0.4591 0.8877
vn -0.1351 0.1140 -0.9842
vn 0.0737 -0.0009 -0.9973
vn 0.0732 -0.8000 -0.5955
vn -0.0666 -0.8467 -0.5279
vn -0.7027 -0.7051 0.0950
vn -0.4027 -0.5018 -0.7655
vn -0.3068 -0.4172 -0.8555
vn -0.3386 -0.4329 -0.8355
vn -0.3051 -0.4112 -0.8590
vn -0.2529 -0.3449 -0.9039
vn -0.2826 -0.8016 -0.5268
vn -0.5578 -0.6824 -0.4724
vn -0.6657 -0.7339 -0.1349
vn -0.6071 -0.6774 -0.4154
vn -0.4451 -0.5217 -0.7278
vn 0.9055 -0.3542 -0.2336
vn 0.8804 -0.4230 -0.2142
vn 0.8949 -0.3345 -0.2953
vn 0.8500 -0.4794 -0.2182
vn 0.8914 -0.3681 -0.2644
vn 0.7499 -0.5346 -0.3897
vn 0.7920 -0.3795 -0.4783
vn 0.8144 -0.3556 -0.4586
vn 0.8990 -0.3549 -0.2566
vn 0.8717 -0.4297 -0.2354
vn 0.9541 -0.2911 -0.0705
vn 0.9225 -0.3860 -0.0067
vn 0.7110 -0.6947 -0.1089
vn 0.7111 -0.6598 -0.2428
vn 0.8891 -0.3955 -0.2303
vn 0.9623 -0.2621 -0.0724
vn 0.8363 -0.3550 -0.4178
vn 0.8883 -0.2622 -0.3770
vn 0.8248 -0.5389 -0.1714
vn 0.8242 -0.5656 0.0297
vn 0.7193 -0.6947 -0.0002
vn 0.7407 -0.6677 -0.0746
vn 0.4003 -0.9020 0.1617
vn 0.3944 -0.9148 -0.0873
vn 0.8967 -0.0856 0.4343
vn 0.7833 -0.3397 0.5206
vn 0.9350 0.0996 0.3405
vn 0.1307 -0.7100 0.6920
vn 0.0706 -0.9016 0.4267
vn 0.2442 -0.4995 0.8312
vn 0.3968 -0.2375 0.8866
vn 0.1513 -0.1383 0.9788
vn 0.0369 -0.3549 0.9342
vn 0.5545 0.1198 0.8235
vn 0.3321 0.2220 0.9167
vn 0.6617 0.5022 0.5567
vn 0.4761 0.6146 0.6290
vn 0.3265 0.6792 0.6573
vn 0.1749 0.2932 0.9399
vn 0.5111 0.8277 0.2314
vn 0.3731 0.8902 0.2615
vn 0.4402 0.8735 -0.2079
vn 0.3147 0.9311 -0.1843
vn -0.3276 -0.1426 -0.9340
vn -0.3614 -0.1496 -0.9203
vn -0.2125 0.1204 -0.9697
vn -0.1120 0.1303 -0.9851
vn 0.3710 0.7640 -0.5278
vn 0.2879 0.7813 -0.5538
vn 0.2448 0.7835 -0.5711
vn 0.3006 0.9176 -0.2600
vn 0.3598 0.8993 -0.2484
vn 0.4717 0.8552 -0.2149
vn 0.0431 0.5080 -0.8603
vn 0.0836 0.5215 -0.8492
vn 0.1774 0.5162 -0.8379
vn -0.0989 -0.0740 -0.9923
vn -0.2055 -0.5227 -0.8274
vn 0.0792 0.4254 -0.9015
vn 0.0277 0.1843 -0.9825
vn 0.2460 0.7122 -0.6574
vn 0.1509 0.7623 -0.6294
vn 0.5724 0.7833 -0.2426
vn 0.3819 0.6447 -0.6622
vn 0.6671 0.7248 0.1721
vn 0.9140 0.2283 0.3353
vn 0.9147 0.4000 0.0576
vn 0.8567 -0.0768 0.5100
vn 0.4247 -0.7941 -0.4347
vn 0.4218 -0.8658 -0.2691
vn 0.0648 -0.9684 -0.2407
vn 0.0891 -0.8561 -0.5090
vn 0.0444 -0.9972 0.0594
vn -0.0599 -0.8083 0.5858
vn -0.1062 -0.9798 0.1693
vn -0.0206 -0.5449 0.8383
vn -0.0850 -0.2719 0.9586
vn -0.1098 -0.4406 0.8910
vn 0.0019 -0.0749 0.9972
vn -0.5532 -0.5276 0.6447
vn -0.5219 -0.5502 0.6518
vn -0.4420 -0.6008 0.6661
vn -0.7030 -0.6727 0.2309
vn -0.7181 -0.6732 -0.1767
vn -0.6494 -0.7407 -0.1721
vn -0.5894 -0.7624 0.2672
vn -0.6731 -0.6982 0.2439
vn 0.3541 0.6456 0.6766
vn 0.1924 0.7295 0.6564
vn 0.1577 0.7411 0.6526
vn -0.5983 -0.7783 0.1904
vn -0.5356 -0.8240 0.1847
vn -0.3633 -0.9088 0.2053
vn -0.2769 -0.9411 -0.1943
vn -0.2262 -0.9527 0.2030
vn -0.2742 -0.8098 -0.5187
vn -0.0740 -0.5698 -0.8184
vn -0.1089 -0.8432 -0.5265
vn -0.0161 -0.1582 -0.9873
vn 0.1680 0.0039 -0.9858
vn 0.1517 -0.3265 -0.9329
vn 0.2003 0.3040 -0.9314
vn 0.6976 0.3205 -0.6408
vn 0.8451 0.4575 -0.2766
vn 0.5081 -0.2338 -0.8290
vn 0.6672 -0.0950 -0.7388
vn 0.3394 -0.4008 -0.8510
vn 0.4368 -0.6659 -0.6047
vn 0.1103 -0.6451 -0.7561
vn -0.1231 -0.9720 -0.1999
vn -0.1492 -0.7379 0.6583
vn -0.0913 -0.0879 0.9919
vn 0.8642 -0.4864 -0.1287
vn 0.8454 -0.5339 -0.0157
vn 0.5015 -0.8651 0.0115
vn 0.4615 -0.8413 -0.2813
vn 0.0508 0.1570 0.9863
vn 0.2438 0.5636 0.7893
vn 0.1957 0.6822 0.7045
vn 0.9406 0.0267 0.3384
vn 0.6361 0.3394 0.6929
vn -0.3201 -0.2513 0.9135
vn -0.5306 -0.2573 0.8076
vn 0.2465 0.9675 0.0570
vn 0.0526 0.9893 -0.1359
vn 0.1964 0.9601 0.1990
vn -0.0193 -0.4457 0.8950
vn -0.0160 -0.5343 0.8452
vn 0.0074 -0.6663 0.7456
vn 0.0113 -0.5202 0.8540
vn 0.0093 -0.7977 0.6029
vn -0.0606 -0.5211 0.8513
vn -0.0005 -0.8026 0.5966
vn -0.0045 0.2572 -0.9664
vn 0.0168 0.3814 -0.9243
vn -0.0751 0.0137 -0.9971
vn -0.1711 -0.0590 -0.9835
vn 0.0781 0.1959 0.9775
vn 0.0092 0.4072 0.9133
vn 0.0507 0.3498 0.9355
vn 0.0437 0.1717 0.9842
vn 0.4360 0.8931 0.1109
vn 0.3042 0.8634 0.4025
vn 0.4335 0.7599 0.4844
vn 0.3172 0.4172 0.8517
vn 0.2357 -0.6738 0.7003
vn 0.1930 -0.7923 0.5789
vn 0.6316 -0.7264 0.2709
vn 0.5451 -0.8056 0.2321
vn 0.5412 -0.7037 -0.4604
vn 0.1719 -0.3405 -0.9244
vn 0.1646 0.1839 -0.9691
vn 0.9476 -0.0649 -0.3129
vn 0.9939 0.0758 0.0807
vn 0.9905 0.0278 -0.1350
vn 0.7335 0.6626 -0.1515
vn 0.7655 0.6197 0.1732
vn 0.9496 -0.0285 -0.3122
vn 0.6460 0.5757 -0.5013
vn 0.8645 -0.1591 -0.4768
vn 0.5020 0.2698 -0.8217
vn 0.8384 -0.3294 -0.4344
vn 0.4037 -0.0994 -0.9095
vn 0.7816 -0.4390 -0.4432
vn 0.4002 -0.4299 -0.8093
vn 0.4335 -0.7108 -0.5540
vn 0.8365 -0.4947 -0.2356
vn 0.1056 -0.9361 -0.3356
vn 0.0806 -0.6968 -0.7127
vn 0.1128 -0.9922 0.0539
vn 0.1499 -0.9104 0.3856
vn 0.0030 -0.8573 0.5148
vn -0.0717 -0.9942 0.0807
vn -0.1152 -0.0119 -0.9933
vn -0.0760 0.0369 -0.9964
vn 0.1606 0.1579 -0.9743
vn -0.0431 -0.0752 -0.9962
vn 0.1274 0.4186 -0.8992
vn -0.3105 -0.9457 0.0960
vn -0.4586 -0.8307 -0.3155
vn -0.1823 -0.7942 0.5797
vn -0.3417 -0.7266 0.5961
vn -0.4911 -0.8655 0.0991
vn -0.2005 -0.4802 0.8539
vn -0.2733 -0.4333 0.8588
vn -0.2575 -0.2024 0.9448
vn -0.6079 -0.7335 -0.3041
vn -0.6402 -0.3353 -0.6912
vn -0.5410 -0.4410 -0.7161
vn -0.6059 -0.0854 -0.7909
vn -0.4945 -0.1649 -0.8534
vn -0.2721 -0.2140 -0.9382
vn -0.4232 -0.1399 -0.8952
vn 0.5656 0.7854 0.2514
vn 0.5937 0.6238 -0.5083
vn 0.3229 0.7762 -0.5416
vn 0.4292 0.8877 0.1667
vn 0.9532 0.3009 -0.0301
vn 0.1165 -0.9660 -0.2307
vn 0.6056 -0.7855 0.1278
vn 0.0364 -0.8158 0.5773
vn 0.2208 0.3626 -0.9054
vn 0.5439 0.0009 -0.8392
vn 0.2779 -0.2407 -0.9300
vn 0.5216 0.4225 0.7412
vn 0.6010 0.6123 0.5136
vn 0.2685 0.2451 0.9316
vn 0.2188 -0.2635 0.9395
vn 0.7350 -0.1103 0.6690
vn 0.1718 0.2098 0.9625
vn -0.0470 -0.3501 0.9356
vn 0.0877 0.1876 0.9783
vn 0.3390 0.9336 0.1160
vn 0.1821 0.7991 -0.5730
vn 0.7456 -0.3642 -0.5580
vn 0.9575 0.1221 0.2611
vn 0.7582 -0.5938 -0.2693
vn -0.2143 -0.8698 0.4445
vn -0.1493 -0.4017 0.9035
vn -0.3313 -0.8467 0.4163
vn -0.0673 0.2019 0.9771
vn -0.2858 -0.3890 0.8758
vn 0.0512 0.5909 0.8051
vn 0.0807 0.8571 0.5087
vn 0.1802 0.9794 0.0907
vn 0.0342 0.9898 0.1381
vn 0.0737 0.3807 -0.9218
vn 0.0932 -0.1368 -0.9862
vn -0.1255 0.0047 -0.9921
vn 0.1158 -0.6479 -0.7529
vn -0.1743 -0.5718 -0.8017
vn 0.3803 -0.6228 -0.6838
vn 0.3216 -0.8098 -0.4907
vn 0.0531 -0.8580 -0.5109
vn -0.0912 -0.9756 -0.1995
vn -0.3059 -0.9424 -0.1357
vn -0.2221 -0.8285 -0.5141
vn -0.4488 -0.7912 0.4156
vn -0.4329 -0.3686 0.8226
vn -0.5401 -0.7467 0.3882
vn -0.2369 0.2219 0.9459
vn -0.1318 0.6085 0.7825
vn -0.0914 0.8743 0.4767
vn -0.0789 0.9470 0.3115
vn -0.5170 -0.1094 -0.8490
vn -0.4017 -0.1966 -0.8944
vn -0.6396 -0.5031 -0.5812
vn -0.7018 -0.3682 -0.6099
vn -0.6040 -0.1911 -0.7737
vn -0.5448 -0.0760 -0.8351
vn -0.3180 0.1162 -0.9409
vn -0.4169 -0.4816 -0.7708
vn -0.4492 -0.7539 -0.4794
vn -0.4876 -0.8702 -0.0712
vn -0.5837 -0.8108 -0.0447
vn -0.3904 0.1644 -0.9058
vn -0.5204 -0.4309 -0.7372
vn -0.5599 -0.6965 -0.4489
vn 0.8575 -0.4315 -0.2800
vn 0.8271 -0.3561 -0.4348
vn 0.7954 -0.3743 -0.4767
vn -0.5564 -0.7159 0.4217
vn -0.4004 -0.8829 0.2452
vn 0.1693 0.9776 0.1254
vn 0.0163 0.9935 0.1123
vn 0.0923 0.9440 -0.3168
vn 0.3944 0.9128 0.1061
vn 0.2707 0.8962 -0.3514
vn 0.0017 0.7402 -0.6724
vn 0.1153 0.6894 -0.7151
vn 0.0467 0.4120 -0.9100
vn -0.0648 0.4966 -0.8656
vn 0.2748 0.5937 -0.7563
vn 0.1845 0.2513 -0.9502
vn 0.1945 -0.0565 -0.9793
vn 0.0451 0.1435 -0.9886
vn 0.2303 -0.4147 -0.8803
vn 0.0830 -0.2611 -0.9617
vn 0.4686 -0.2514 -0.8469
vn 0.4995 -0.4663 -0.7301
vn 0.2238 -0.7314 -0.6442
vn 0.5356 -0.6638 -0.5220
vn 0.5388 -0.8047 -0.2494
vn 0.8502 -0.5249 -0.0395
vn 0.5700 -0.1845 0.8007
vn 0.5245 -0.4601 0.7163
vn 0.8726 -0.4641 0.1522
vn 0.7609 0.1009 0.6410
vn 0.8549 0.3465 0.3861
vn 0.8768 0.4806 0.0135
vn 0.3777 0.9198 -0.1060
vn 0.5132 0.8259 -0.2333
vn 0.7719 0.4670 -0.4313
vn 0.4512 0.8141 -0.3657
vn 0.5615 0.8244 0.0715
vn 0.5883 0.2342 -0.7740
vn 0.8069 -0.3060 -0.5053
vn 0.4798 -0.0553 -0.8757
vn 0.7716 -0.4033 -0.4920
vn 0.2321 -0.4179 0.8783
vn 0.1778 -0.3014 0.9368
vn 0.1361 -0.2325 0.9630
vn -0.0275 -0.1486 0.9885
vn -0.2762 -0.7885 0.5494
vn -0.1734 -0.7649 0.6204
vn -0.1608 -0.7248 0.6700
vn -0.1075 -0.7397 0.6643
vn 0.4069 0.7671 0.4960
vn 0.5720 0.6841 0.4527
vn 0.3007 0.4549 0.8382
vn 0.1034 0.0088 0.9946
vn -0.1301 -0.2174 0.9674
vn -0.0257 -0.2475 0.9685
vn 0.2681 -0.0263 0.9630
vn 0.1265 -0.3321 0.9347
vn 0.4739 0.4037 0.7826
vn 0.0446 -0.5942 0.8031
vn -0.6018 -0.7863 -0.1399
vn -0.5423 -0.5307 -0.6514
vn 0.0924 -0.6783 -0.7290
vn 0.8305 -0.2742 0.4848
vn 0.6191 -0.7820 -0.0724
vn 0.9526 -0.1721 -0.2508
vn -0.1252 0.5539 0.8231
vn -0.0462 -0.9821 -0.1825
vn 0.1673 -0.9264 0.3374
vn -0.1456 -0.8933 0.4253
vn -0.3624 -0.9086 -0.2076
vn 0.0807 -0.9219 -0.3788
vn 0.3003 -0.9384 0.1712
vn -0.3347 -0.7395 -0.5841
vn -0.3629 -0.2763 -0.8900
vn -0.2152 -0.3601 -0.9077
vn -0.3430 -0.8564 0.3859
vn -0.5115 -0.8423 -0.1701
vn 0.2965 0.8242 -0.4824
vn 0.5478 0.8135 0.1952
vn 0.8337 0.1869 0.5196
vn -0.4528 -0.1856 -0.8721
vn -0.5085 -0.6783 -0.5305
vn -0.3480 0.9030 0.2519
vn 0.2227 0.0759 0.9719
vn 0.3500 0.8140 0.4636
vn -0.4664 0.4959 0.7326
vn -0.9993 0.0253 0.0263
vn -0.9881 0.1525 0.0221
vn -0.9714 0.2267 0.0706
vn -0.9116 0.3898 0.1304
vn -0.9401 0.3404 0.0169
vn -0.9813 0.1904 0.0291
vn -0.8753 -0.3856 -0.2918
vn -0.3066 -0.3802 0.8726
vn -0.3529 0.2131 0.9111
vn 0.2044 -0.0655 0.9767
vn 0.8953 -0.4227 -0.1402
vn 0.6021 0.7364 0.3086
vn 0.5996 0.7024 0.3836
vn 0.5474 0.6961 0.4646
vn 0.5943 0.2020 0.7784
vn 0.3764 -0.3138 0.8717
vn 0.0556 -0.8269 0.5596
vn -0.3861 -0.8931 -0.2309
vn 0.8304 0.5043 -0.2368
vn -0.3428 0.8674 0.3607
vn -0.1989 0.9748 -0.1007
vn -0.7014 0.7085 0.0779
vn -0.7880 0.3680 -0.4935
vn -0.2250 0.5331 -0.8156
vn -0.1349 -0.2201 -0.9661
vn -0.4758 -0.0514 -0.8781
vn 0.2551 -0.1835 0.9493
vn 0.2174 -0.8598 0.4620
vn 0.3593 -0.4008 0.8428
vn 0.3638 -0.1556 0.9184
vn 0.2905 0.9376 -0.1912
vn 0.3192 0.8435 -0.4321
vn 0.1719 0.9255 -0.3375
vn 0.1826 0.9621 -0.2024
vn 0.3061 0.9508 0.0469
vn 0.4390 0.8951 0.0783
vn -0.0799 -0.9517 -0.2964
vn -0.1575 -0.6490 -0.7443
vn 0.1082 -0.9451 -0.3082
vn -0.5041 -0.8365 -0.2149
vn -0.5814 -0.4585 -0.6721
vn -0.7968 0.5631 -0.2192
vn -0.3831 -0.7076 0.5938
vn 0.0617 -0.8601 0.5065
vn 0.0273 -0.0152 0.9995
vn -0.4502 0.1808 0.8745
vn 0.1787 -0.1473 0.9728
vn 0.1771 0.4789 0.8598
vn 0.0633 0.5584 0.8272
vn 0.2938 0.4413 0.8479
vn 0.2782 0.8490 0.4493
vn 0.1985 0.8482 0.4911
vn 0.0992 0.8675 0.4874
vn 0.3204 0.9157 0.2424
vn -0.0509 0.8911 0.4510
vn -0.1129 0.6469 0.7542
vn -0.5165 0.6468 0.5612
vn -0.2559 0.8398 -0.4788
vn 0.1599 -0.9389 -0.3047
vn 0.1092 -0.9654 -0.2370
vn 0.0542 -0.9970 0.0552
vn -0.3942 0.8331 0.3880
vn -0.9044 0.3990 0.1515
vn -0.4649 0.6240 0.6281
vn -0.1754 0.7835 -0.5961
vn -0.4843 0.7905 -0.3748
vn -0.5387 0.8425 0.0089
vn -0.0163 0.9905 -0.1363
vn -0.9916 -0.0196 0.1281
vn -0.9594 0.2169 0.1805
vn -0.3245 -0.9085 0.2632
vn -0.3102 -0.9473 0.0798
vn -0.4439 -0.7249 -0.5267
vn 0.3018 0.7947 -0.5267
vn 0.2488 0.8759 -0.4133
vn 0.3781 0.8856 -0.2698
vn -0.4691 -0.8410 -0.2696
vn 0.0713 -0.7913 0.6072
vn 0.3769 -0.4291 0.8209
vn 0.4822 -0.2885 0.8272
vn 0.4606 -0.1302 0.8780
vn 0.0278 -0.0090 -0.9996
vn -0.1448 -0.1783 -0.9733
vn -0.2267 -0.1181 -0.9668
vn 0.0581 0.1031 -0.9930
vn -0.2880 -0.4058 -0.8674
vn -0.3460 -0.3955 -0.8508
vn -0.5836 -0.3947 -0.7097
vn -0.4876 -0.0421 -0.8721
vn -0.5407 -0.7327 -0.4133
vn -0.7152 -0.6484 -0.2609
vn -0.5879 -0.8048 -0.0816
vn -0.7540 -0.5760 0.3157
vn -0.2612 -0.3387 0.9039
vn 0.3908 -0.0095 0.9204
vn 0.1946 0.0863 0.9771
vn 0.5626 0.3828 0.7328
vn 0.3154 0.5335 0.7848
vn 0.6477 0.3109 0.6956
vn 0.6293 0.6841 0.3688
vn 0.3729 0.8216 0.4311
vn 0.7185 0.6213 0.3127
vn 0.6401 0.7644 0.0771
vn 0.3636 0.9200 0.1461
vn 0.7269 0.6859 0.0339
vn 0.6202 0.7461 -0.2423
vn 0.2827 0.9386 -0.1979
vn 0.7191 0.6434 -0.2627
vn 0.4580 0.5667 -0.6849
vn 0.0893 0.7627 -0.6405
vn 0.5531 0.4523 -0.6997
vn -0.1985 0.2354 -0.9514
vn -0.3939 0.2299 -0.8899
vn -0.8680 0.0560 -0.4934
vn -0.8904 -0.2965 -0.3454
vn -0.9460 -0.3230 -0.0261
vn -0.7719 -0.2441 0.5870
vn -0.0863 0.1561 0.9840
vn -0.6226 0.2227 0.7502
vn 0.0093 0.6228 0.7823
vn 0.0513 0.8874 0.4581
vn 0.0385 0.9826 0.1817
vn -0.7747 0.3153 -0.5481
vn -0.6314 0.7750 0.0262
vn -0.7510 0.6597 0.0290
vn -0.8445 0.5353 0.0168
vn -0.8661 0.4825 0.1304
vn -0.7736 0.6297 0.0705
vn -0.7252 0.6882 0.0220
vn -0.4630 0.8643 0.1964
vn 0.2047 -0.2304 -0.9513
vn 0.2690 -0.2775 -0.9223
vn 0.1417 -0.1418 -0.9797
vn 0.3408 0.3918 -0.8546
vn 0.3451 -0.2059 -0.9157
vn -0.0813 -0.5544 -0.8283
vn 0.3297 -0.0437 -0.9431
vn -0.0051 -0.4922 -0.8705
vn 0.0698 -0.7643 0.6411
vn -0.5765 -0.6883 0.4403
vn 0.0696 0.9773 0.2001
vn -0.0291 0.9769 -0.2115
vn -0.6864 0.7121 0.1473
vn -0.1215 0.7468 0.6538
vn -0.7291 0.6319 -0.2630
vn -0.1665 0.7307 -0.6621
vn -0.4372 0.0659 -0.8969
vn -0.9519 0.2600 -0.1620
vn 0.6540 0.3794 0.6544
vn 0.6511 0.7304 0.2064
vn 0.4584 0.8592 0.2274
vn 0.4530 0.5585 0.6949
vn 0.5373 0.7732 -0.3368
vn 0.3521 0.8925 -0.2818
vn 0.1813 0.6137 -0.7685
vn -0.0643 -0.0109 -0.9979
vn -0.2563 -0.5388 -0.8025
vn 0.1089 -0.9251 0.3638
vn 0.1666 -0.8286 0.5345
vn 0.4736 -0.2615 0.8410
vn 0.2603 -0.2259 0.9387
vn 0.5731 0.0450 0.8183
vn 0.3779 0.1726 0.9096
vn -0.2493 0.3355 0.9084
vn -0.8588 0.3614 0.3631
vn -0.6453 -0.4733 -0.5997
vn -0.9619 -0.0602 0.2667
vn -0.4365 -0.1445 0.8880
vn -0.9957 -0.0521 -0.0767
vn -0.8043 0.1288 0.5801
vn -0.9919 0.0011 -0.1271
vn -0.9071 -0.2661 0.3262
vn 0.1045 0.6440 -0.7578
vn 0.2249 0.5854 -0.7790
vn -0.1137 0.2083 -0.9714
vn -0.2063 0.2345 -0.9500
vn -0.3852 -0.3091 -0.8695
vn 0.0102 0.1089 -0.9940
vn -0.2189 -0.4036 -0.8884
vn -0.3071 -0.7879 -0.5337
vn -0.0555 -0.4666 -0.8827
vn -0.1280 -0.8232 -0.5531
vn -0.0202 -0.9994 -0.0273
vn -0.2000 -0.9796 0.0181
vn 0.0201 -0.2156 -0.9763
vn 0.3344 0.5426 -0.7706
vn 0.3746 0.9111 -0.1718
vn 0.5423 0.8196 -0.1850
vn -0.4591 0.8798 0.1228
vn 0.1345 0.9830 -0.1248
vn -0.2064 0.6873 -0.6964
vn -0.4682 0.3470 -0.8126
vn -0.4477 -0.2495 -0.8587
vn 0.2057 -0.7905 0.5769
vn 0.0905 -0.7744 0.6261
vn 0.6406 0.7469 -0.1784
vn 0.5803 0.6189 0.5293
vn 0.6834 0.5106 0.5218
vn 0.3973 0.7639 0.5086
vn 0.3237 0.3782 0.8673
vn 0.0549 0.8680 0.4935
vn -0.5934 0.6479 0.4776
vn 0.0043 0.6227 0.7824
vn -0.8308 0.5015 -0.2415
vn -0.9324 0.2688 -0.2415
vn -0.6069 -0.0785 -0.7909
vn 0.4171 -0.1697 0.8929
vn 0.5032 -0.0682 0.8615
vn 0.4676 -0.0725 0.8809
vn 0.3361 -0.0698 0.9392
vn 0.1158 -0.4631 0.8787
vn 0.2849 -0.4182 0.8625
vn 0.1962 -0.0803 0.9773
vn -0.0922 0.2109 0.9732
vn -0.7216 0.4297 0.5428
vn -0.9801 -0.1627 0.1139
vn -0.9862 0.1439 0.0823
vn -0.9125 -0.2376 -0.3330
vn -0.7564 -0.6458 -0.1038
vn -0.6878 -0.0783 0.7217
vn -0.5605 0.7788 0.2815
vn -0.6538 0.4688 -0.5940
vn -0.8887 -0.0423 -0.4566
vn -0.9443 0.3192 -0.0798
vn -0.5252 -0.3895 -0.7566
vn -0.4117 -0.4192 -0.8092
vn -0.5722 -0.3655 -0.7342
vn -0.2454 0.1754 -0.9534
vn -0.6941 -0.2813 -0.6626
vn -0.7225 -0.5178 -0.4581
vn -0.5320 -0.8452 0.0514
vn -0.5812 0.4521 0.6766
vn -0.0131 0.4245 0.9054
vn 0.2646 0.2962 0.9178
vn -0.2606 -0.4409 -0.8589
vn -0.4487 -0.4526 -0.7706
vn -0.3696 -0.9114 -0.1811
vn -0.4495 -0.8865 -0.1100
vn -0.5674 -0.8208 -0.0661
vn -0.5755 -0.1736 -0.7992
vn -0.5042 -0.3474 -0.7906
vn -0.4239 0.1399 -0.8948
vn 0.1752 0.7279 -0.6629
vn 0.0459 0.9987 0.0199
vn 0.0062 0.8182 0.5748
vn 0.3234 0.6710 0.6672
vn 0.3829 0.1723 0.9076
vn 0.4864 0.5636 0.6676
vn 0.0282 -0.7946 0.6064
vn -0.3695 -0.7918 -0.4863
vn -0.1230 -0.9653 0.2305
vn 0.0905 -0.8075 0.5829
vn 0.2420 -0.5778 0.7794
vn 0.5123 -0.0362 0.8581
vn 0.4672 0.0423 0.8831
vn 0.6747 0.3792 0.6333
vn 0.6118 0.4535 0.6481
vn 0.3561 0.9238 0.1404
vn 0.3200 0.7030 0.6351
vn 0.3022 0.9509 -0.0663
vn -0.1739 0.8091 0.5613
vn -0.8020 0.5075 0.3149
vn -0.6790 0.7297 -0.0804
vn -0.8174 0.1388 -0.5592
vn -0.9279 0.0463 -0.3698
vn -0.9385 -0.2243 -0.2626
vn 0.4384 -0.4351 0.7864
vn 0.3240 -0.2553 0.9109
vn 0.4724 -0.4934 0.7303
vn -0.0186 -0.9578 0.2869
vn 0.7183 0.0238 0.6953
vn 0.6442 0.0966 0.7588
vn -0.6244 -0.0519 -0.7794
vn -0.2149 0.5612 -0.7993
vn -0.0338 0.6113 -0.7907
vn -0.2612 0.5821 0.7700
vn -0.8492 -0.1208 0.5140
vn -0.3226 0.2510 0.9127
vn 0.1008 0.0349 0.9943
vn 0.2100 0.4300 0.8781
vn 0.2209 -0.0982 0.9704
vn 0.3478 0.3484 0.8704
vn 0.4569 0.6903 0.5610
vn 0.4724 0.2517 0.8447
vn 0.5687 0.6615 0.4889
vn 0.4947 0.8500 -0.1812
vn 0.4261 0.8979 -0.1101
vn 0.7283 0.5726 0.3765
vn 0.5801 0.7654 -0.2785
vn 0.1931 0.5561 -0.8083
vn 0.0833 0.6317 -0.7707
vn 0.6266 0.7121 -0.3166
vn 0.2828 0.4948 -0.8217
vn -0.3026 0.4549 -0.8375
vn -0.2366 0.3370 -0.9113
vn -0.2903 0.3975 -0.8705
vn -0.3391 -0.0542 -0.9392
vn 0.7977 0.5200 0.3056
vn -0.3470 -0.8047 0.4817
vn 0.1082 0.6624 0.7413
vn -0.1135 0.5052 0.8555
vn 0.1819 0.3418 0.9220
vn 0.3142 0.6512 0.6908
vn 0.5744 0.2594 -0.7764
vn 0.4655 0.8266 -0.3162
vn 0.3500 0.6403 -0.6838
vn -0.7076 -0.4639 -0.5330
vn -0.8017 -0.4709 0.3681
vn 0.4929 0.7221 0.4854
vn 0.5517 0.7012 0.4516
vn 0.5551 0.6666 0.4975
vn 0.4516 0.6568 0.6039
vn 0.4797 0.2930 -0.8271
vn 0.3238 0.3379 0.8837
vn 0.2258 0.9730 -0.0479
vn 0.0140 -0.3396 0.9405
vn 0.0922 0.0125 0.9957
vn 0.2253 0.1028 0.9688
vn 0.0993 0.1862 0.9775
vn -0.2264 0.3590 0.9055
vn -0.8608 0.4747 0.1833
vn -0.6753 0.7170 0.1726
vn -0.9593 0.1563 0.2350
vn -0.2287 0.1607 0.9601
vn -0.7330 -0.0725 -0.6763
vn -0.7163 0.1102 -0.6890
vn -0.6687 0.2679 -0.6936
vn -0.1932 0.9765 0.0959
vn -0.4258 0.6139 -0.6648
vn -0.1808 -0.1896 0.9651
vn -0.0800 -0.8639 -0.4973
vn 0.0465 -0.6151 -0.7871
vn 0.9813 -0.1773 -0.0746
vn 0.9584 0.2355 0.1616
vn 0.0347 0.9570 -0.2881
vn 0.7561 0.4962 0.4266
vn 0.6413 0.3312 0.6921
vn 0.5444 0.1126 0.8312
vn 0.4307 -0.1685 0.8866
vn 0.3033 0.1879 0.9342
vn 0.2020 -0.0352 0.9788
vn 0.0276 -0.3986 0.9167
vn 0.2445 -0.5120 0.8234
vn -0.1948 -0.7527 0.6289
vn 0.0077 -0.8308 0.5566
vn -0.3375 -0.6738 0.6573
vn -0.4759 -0.8397 0.2615
vn -0.3419 -0.9108 0.2315
vn -0.4216 -0.8826 -0.2079
vn -0.5440 -0.8186 -0.1845
vn 0.0472 0.8141 -0.5788
vn 0.2879 0.4823 -0.8274
vn -0.0019 0.1235 -0.9923
vn -0.2348 -0.1426 -0.9615
vn -0.1288 -0.1347 -0.9825
vn -0.2692 -0.9321 -0.2425
vn -0.1649 -0.9712 0.1723
vn 0.2435 -0.9682 0.0576
vn 0.3787 -0.8627 0.3352
vn 0.5851 -0.6306 0.5099
vn -0.6654 -0.1793 -0.7246
vn 0.7316 0.4536 -0.5090
vn 0.8055 0.5416 -0.2405
vn 0.8158 0.5753 0.0593
vn 0.7101 0.6835 0.1692
vn 0.6027 0.5420 0.5857
vn 0.4183 0.3497 0.8383
vn 0.2814 0.3565 0.8909
vn 0.1632 0.2336 0.9586
vn 0.3241 0.9278 0.1847
vn 0.2496 0.9494 0.1905
vn 0.4966 0.8434 0.2052
vn 0.6152 0.7618 0.2030
vn 0.5751 0.7947 -0.1945
vn 0.4729 0.7123 -0.5187
vn 0.6002 0.6021 -0.5265
vn 0.4055 0.4072 -0.8184
vn 0.1153 0.1095 -0.9873
vn 0.3510 0.0799 -0.9330
vn 0.0998 -0.1353 -0.9858
vn 0.1738 -0.7477 -0.6409
vn 0.1557 -0.9483 -0.2766
vn 0.7939 0.0621 -0.6048
vn 0.5775 0.3076 -0.7562
vn 0.6935 0.6921 -0.2000
vn 0.4925 0.5694 0.6582
vn 0.9253 0.2541 -0.2814
vn 0.9702 0.2420 0.0116
vn 0.0286 -0.0123 0.9995
vn 0.2260 -0.0512 0.9728
vn 0.3012 -0.0895 0.9493
vn -0.0774 -0.1458 0.9863
vn -0.3536 -0.6153 0.7045
vn -0.2351 -0.5673 0.7892
vn 0.6356 -0.6940 0.3382
vn 0.1991 -0.6930 0.6929
vn -0.0423 0.4047 0.9135
vn -0.1842 0.5601 0.8077
vn -0.5232 -0.8503 0.0570
vn -0.5527 -0.8093 0.1991
vn -0.6738 -0.7263 -0.1357
vn 0.4836 0.4584 0.7457
vn 0.5793 0.5485 0.6030
vn 0.5760 0.5589 0.5966
vn -0.1879 -0.1757 -0.9663
vn -0.2622 -0.2774 -0.9243
vn -0.0621 0.0444 -0.9971
vn -0.0767 0.1639 -0.9835
vn -0.3380 -0.9346 0.1108
vn -0.2440 -0.8401 0.4845
vn -0.4083 -0.8193 0.4025
vn -0.0789 -0.5182 0.8516
vn 0.6479 0.2997 0.7003
vn 0.9612 0.0519 0.2709
vn 0.7032 0.4127 0.5789
vn 0.9579 0.1691 0.2320
vn 0.0880 -0.9810 0.1730
vn 0.0347 -0.9878 -0.1516
vn 0.0363 -0.8646 -0.5012
vn 0.1558 -0.5482 -0.8217
vn 0.3524 -0.2207 -0.9095
vn 0.5873 0.0119 -0.8093
vn 0.8120 0.1834 -0.5541
vn 0.5564 0.4270 -0.7128
vn 0.7458 0.5755 -0.3356
vn 0.7909 0.6095 0.0538
vn 0.7581 0.5260 0.3855
vn 0.6177 0.5945 0.5148
vn 0.6641 0.7433 0.0807
vn -0.2119 -0.3829 -0.8992
vn 0.2772 0.9075 -0.3155
vn 0.4630 0.8811 0.0960
vn 0.4434 0.6837 0.5797
vn 0.2797 0.9550 0.0991
vn 0.2839 0.7511 0.5960
vn 0.1209 0.4978 0.8588
vn 0.2052 0.4781 0.8540
vn -0.0340 0.3259 0.9448
vn 0.1035 0.9470 -0.3040
vn -0.0600 0.6954 -0.7161
vn -0.2048 0.6929 -0.6913
vn -0.2259 0.4699 -0.8533
vn -0.3603 0.4944 -0.7910
vn -0.1943 0.4015 -0.8950
vn -0.2754 -0.9279 0.2515
vn -0.4393 -0.8827 0.1667
vn -0.4162 -0.7305 -0.5415
vn -0.1302 -0.8513 -0.5082
vn 0.3450 -0.9381 -0.0300
vn 0.8353 0.4990 -0.2309
vn 0.6675 0.4703 0.5772
vn 0.9918 0.0016 0.1279
vn -0.1517 -0.3965 -0.9054
vn 0.3604 -0.0725 -0.9300
vn 0.3322 -0.4306 -0.8392
vn -0.1168 -0.8500 0.5137
vn -0.0152 -0.6711 0.7412
vn -0.0296 -0.3623 0.9316
vn 0.5370 -0.5139 0.6690
vn 0.3423 -0.0119 0.9395
vn 0.2481 0.2514 0.9355
vn -0.0609 -0.2642 0.9625
vn -0.0947 -0.1841 0.9783
vn -0.5312 -0.8393 0.1162
vn -0.5207 -0.6330 -0.5729
vn 0.7443 -0.3670 -0.5580
vn 0.9336 -0.2365 -0.2692
vn 0.4892 -0.8321 0.2612
vn 0.5569 0.7018 0.4443
vn 0.4671 0.7801 0.4162
vn 0.2264 0.3639 0.9035
vn 0.1329 0.4641 0.8757
vn -0.2009 -0.0703 0.9771
vn -0.4360 -0.4021 0.8051
vn -0.6285 -0.5883 0.5088
vn -0.7619 -0.6328 0.1380
vn -0.6645 -0.7418 0.0908
vn -0.2560 -0.2912 -0.9218
vn -0.0805 0.0964 -0.9921
vn 0.1653 0.0101 -0.9862
vn 0.3455 0.4877 -0.8017
vn 0.5833 0.3050 -0.7528
vn 0.7253 0.0802 -0.6837
vn 0.7111 0.4831 -0.5108
vn 0.8373 0.2412 -0.4906
vn 0.7158 0.6692 -0.1996
vn 0.5195 0.6826 -0.5140
vn 0.5583 0.8184 -0.1357
vn 0.3513 0.8390 0.4155
vn 0.2598 0.8842 0.3881
vn 0.0264 0.5679 0.8227
vn -0.3205 0.0515 0.9458
vn -0.5618 -0.2682 0.7826
vn -0.7474 -0.4627 0.4768
vn -0.7973 -0.5170 0.3115
vn -0.2864 0.1804 -0.9410
vn 0.1259 0.6243 -0.7710
vn 0.3217 0.8166 -0.4793
vn 0.3901 0.9180 -0.0712
vn 0.2839 0.9578 -0.0451
vn -0.3689 0.2082 -0.9059
vn 0.0222 0.6752 -0.7373
vn 0.2082 0.8691 -0.4488
vn -0.4768 -0.2308 0.8482
vn -0.1083 -0.1638 0.9805
vn -0.0451 -0.2047 0.9778
vn -0.5434 -0.3900 0.7434
vn -0.3874 -0.2094 0.8978
vn -0.0768 -0.2298 0.9702
vn 0.7824 -0.4741 -0.4038
vn 0.5339 -0.2970 -0.7917
vn 0.6792 -0.3248 -0.6582
vn 0.6553 -0.6564 -0.3737
vn 0.8245 -0.4046 -0.3956
vn 0.4897 -0.4551 -0.7437
vn 0.8260 -0.5118 -0.2363
vn 0.5436 0.8201 -0.1788
vn 0.7015 0.7037 0.1122
vn 0.1735 0.4344 -0.8839
vn 0.2940 0.7301 -0.6168
vn -0.0388 0.4686 -0.8825
vn 0.0587 -0.3384 0.9392
vn -0.6219 -0.5775 0.5289
vn -0.4951 -0.6926 0.5245
vn -0.7110 -0.5344 0.4571
vn -0.7998 -0.6003 -0.0024
vn -0.8389 -0.5438 -0.0246
vn -0.7091 -0.7045 -0.0311
vn -0.3321 -0.7238 -0.6048
vn -0.3766 -0.9153 -0.1429
vn -0.1755 -0.2891 -0.9411
vn -0.1728 0.2077 -0.9628
vn 0.0393 0.0597 -0.9974
vn 0.4096 0.2564 -0.8755
vn 0.2189 0.4594 0.8608
vn 0.7917 -0.5459 -0.2743
vn 0.2221 0.0247 0.9747
vn 0.2055 0.0546 0.9771
vn 0.1207 -0.1488 0.9815
vn 0.3752 0.6924 0.6163
vn 0.5006 0.5878 0.6355
vn -0.2550 0.2674 -0.9292
vn -0.3311 0.2915 -0.8974
vn -0.1008 0.5279 -0.8433
vn 0.1258 0.7988 -0.5884
vn -0.9255 -0.2743 0.2613
vn -0.4188 -0.7700 0.4814
vn 0.0792 -0.2208 0.9721
vn -0.6773 0.0682 0.7325
vn 0.1051 0.4733 0.8746
vn -0.2422 0.9258 -0.2902
vn -0.3836 0.1479 0.9116
vn 0.1776 -0.1213 0.9766
vn 0.4684 0.8608 -0.1989
vn -0.2220 -0.9195 0.3245
vn -0.1905 -0.8958 0.4016
vn -0.2086 -0.8507 0.4825
vn 0.1999 -0.5870 0.7845
vn 0.4785 -0.1116 0.8710
vn 0.7016 0.4463 0.5554
vn 0.6553 0.4261 0.6237
vn 0.4880 0.8374 -0.2462
vn -0.8958 -0.2597 0.3607
vn -0.9895 0.1214 0.0779
vn -0.8927 -0.4393 -0.1006
vn 0.0915 0.2413 -0.9661
vn -0.5594 -0.1481 -0.8155
vn -0.7733 0.3981 -0.4935
vn -0.2503 0.4078 -0.8781
vn 0.3456 -0.1925 0.9184
vn 0.5367 -0.0389 0.8428
vn 0.4169 0.5217 -0.7443
vn 0.0069 0.7403 -0.6723
vn 0.3533 0.9105 -0.2150
vn -0.9329 0.2857 -0.2193
vn 0.3256 0.7359 0.5937
vn -0.4184 0.2454 0.8745
vn -0.4029 -0.3917 0.8272
vn -0.2705 -0.4331 0.8598
vn -0.1693 -0.5024 0.8479
vn -0.5495 -0.6759 0.4911
vn -0.5012 -0.7396 0.4493
vn -0.6255 -0.6093 0.4874
vn -0.5280 -0.8140 0.2423
vn -0.5808 -0.3066 0.7541
vn -0.7359 -0.5051 0.4510
vn -0.8276 0.0128 0.5612
vn -0.8208 -0.3114 -0.4788
vn 0.8219 0.5670 0.0554
vn -0.9001 -0.1979 0.3880
vn -0.7781 -0.0140 0.6280
vn -0.8690 0.4711 0.1515
vn -0.7271 -0.3405 -0.5962
vn -0.7935 -0.5932 -0.1362
vn -0.9960 -0.0892 0.0089
vn -0.9217 -0.1005 -0.3747
vn -0.7586 0.6261 0.1805
vn -0.5911 0.7963 0.1281
vn 0.5199 0.8127 0.2631
vn 0.5595 0.8250 0.0797
vn 0.6696 0.4276 0.6073
vn 0.5700 -0.0356 0.8209
vn 0.3848 -0.2847 0.8780
vn 0.5233 -0.2049 0.8272
vn 0.0241 -0.0166 -0.9996
vn -0.0460 -0.1090 -0.9930
vn -0.0453 0.2515 -0.9668
vn 0.0524 0.2236 -0.9733
vn 0.1011 0.5156 -0.8508
vn 0.1447 0.4762 -0.8674
vn -0.2650 0.4114 -0.8721
vn -0.0449 0.7032 -0.7096
vn 0.0755 0.9624 -0.2610
vn 0.2769 0.9574 -0.0817
vn -0.0057 0.9488 0.3159
vn 0.1081 0.4138 0.9039
vn 0.0509 -0.2067 0.9771
vn 0.2466 -0.3033 0.9204
vn -0.2288 -0.5759 0.7849
vn 0.0415 -0.6791 0.7329
vn 0.1504 -0.7025 0.6956
vn -0.4217 -0.7977 0.4311
vn -0.1561 -0.9163 0.3688
vn -0.0518 -0.9484 0.3127
vn -0.5051 -0.8506 0.1462
vn -0.2130 -0.9740 0.0772
vn -0.0978 -0.9946 0.0340
vn -0.5694 -0.7979 -0.1978
vn -0.2107 -0.9471 -0.2421
vn -0.0690 -0.9625 -0.2625
vn -0.5486 -0.5372 -0.6407
vn -0.1681 -0.7089 -0.6850
vn -0.0194 -0.7141 -0.6997
vn -0.3076 0.0130 -0.9514
vn -0.4228 0.1710 -0.8899
vn -0.5755 0.6523 -0.4933
vn -0.3103 0.8856 -0.3454
vn -0.3233 0.9459 -0.0262
vn -0.2791 0.7599 0.5871
vn -0.5570 0.3563 0.7502
vn -0.1764 -0.0274 0.9839
vn -0.4870 -0.3885 0.7823
vn -0.6706 -0.5835 0.4581
vn -0.7536 -0.6317 0.1818
vn -0.7235 0.4198 -0.5480
vn -0.9669 -0.1627 0.1964
vn 0.3075 -0.0209 -0.9513
vn -0.1014 -0.5092 -0.8547
vn 0.1988 -0.0253 -0.9797
vn 0.3841 -0.0430 -0.9223
vn 0.3740 -0.1470 -0.9157
vn 0.3888 0.4037 -0.8282
vn 0.3861 0.3052 -0.8705
vn 0.2364 -0.2339 -0.9431
vn 0.6473 0.4124 0.6411
vn 0.1918 0.8772 0.4402
vn -0.7304 -0.6531 0.2000
vn -0.6650 -0.3609 0.6539
vn -0.9833 0.1072 0.1472
vn -0.7905 -0.5747 -0.2116
vn -0.9459 0.1900 -0.2630
vn -0.7881 0.5939 -0.1620
vn -0.3196 0.3055 -0.8969
vn -0.6798 -0.3154 -0.6621
vn 0.0999 -0.7495 0.6545
vn -0.1645 -0.7000 0.6949
vn -0.3991 -0.8882 0.2275
vn -0.1794 -0.9618 0.2066
vn -0.4906 -0.8245 -0.2818
vn -0.2829 -0.8981 -0.3368
vn -0.3746 -0.5188 -0.7685
vn -0.0308 0.0575 -0.9979
vn 0.2694 0.5323 -0.8025
vn 0.7573 0.3752 0.5345
vn 0.7983 0.4799 0.3638
vn 0.4966 -0.2146 0.8410
vn 0.3380 -0.0676 0.9387
vn 0.0948 -0.4044 0.9097
vn 0.3149 -0.4808 0.8183
vn -0.4180 -0.0081 0.9084
vn -0.8113 0.4582 0.3631
vn -0.0206 0.8000 -0.5996
vn -0.5409 0.7976 0.2667
vn -0.1528 0.4337 0.8880
vn -0.5681 0.8193 -0.0767
vn -0.3444 0.8803 0.3262
vn -0.3255 -0.5360 -0.7789
vn -0.4454 -0.4767 -0.7579
vn 0.1853 0.4199 -0.8884
vn -0.0799 -0.0747 -0.9940
vn 0.4352 0.7249 -0.5339
vn 0.5726 0.6050 -0.5532
vn 0.3349 0.3294 -0.8828
vn 0.6525 0.7576 0.0183
vn 0.7781 0.6276 -0.0271
vn 0.1828 0.1160 -0.9763
vn -0.2248 -0.5965 -0.7704
vn -0.4914 -0.8537 -0.1721
vn -0.3164 -0.9304 -0.1852
vn -0.9768 -0.1752 0.1227
vn -0.6699 -0.2573 -0.6964
vn -0.6954 -0.7077 -0.1251
vn 0.6679 0.4022 0.6262
vn 0.7511 0.3208 0.5771
vn -0.1990 -0.9637 -0.1782
vn 0.0144 -0.8529 0.5218
vn -0.1344 -0.8377 0.5293
vn -0.3611 -0.7817 0.5086
vn -0.1010 -0.4874 0.8673
vn -0.6530 -0.5746 0.4933
vn -0.4899 -0.3845 0.7824
vn 0.1836 -0.1061 0.9773
vn -0.2233 -0.0561 0.9731
vn -0.4711 0.8746 0.1142
vn 0.0480 0.9935 -0.1033
vn -0.3705 0.8671 -0.3329
vn -0.7173 0.6919 0.0823
vn -0.3589 0.5919 0.7217
vn -0.5103 0.7288 -0.4565
vn -0.7707 0.2304 -0.5940
vn -0.9590 -0.0333 0.2816
vn -0.8303 0.5516 -0.0799
vn -0.0133 0.6537 -0.7566
vn 0.0797 0.5822 -0.8091
vn -0.2888 0.0869 -0.9534
vn -0.0610 0.6762 -0.7342
vn -0.2022 0.7211 -0.6627
vn -0.0324 0.8883 -0.4582
vn 0.3432 0.9378 0.0518
vn -0.7132 0.1830 0.6767
vn -0.3437 -0.2494 0.9053
vn -0.0725 -0.3905 0.9178
vn 0.1891 0.4760 -0.8588
vn -0.3701 0.2496 -0.8948
vn -0.6434 -0.5056 0.5748
vn -0.3329 -0.6664 0.6672
vn -0.1483 -0.7297 0.6675
vn 0.0979 -0.4082 0.9076
vn 0.6881 0.6879 0.2308
vn 0.4000 0.7770 -0.4861
vn 0.1498 -0.7247 0.6725
vn 0.2524 -0.3954 0.8831
vn 0.3422 -0.3830 0.8581
vn 0.0156 -0.7615 0.6480
vn 0.1129 -0.7657 0.6332
vn -0.3604 -0.6832 0.6351
vn -0.7465 -0.3575 0.5612
vn -0.8922 0.3238 0.3149
vn -0.6043 0.7056 -0.3700
vn -0.6097 0.5617 -0.5593
vn -0.9926 0.0906 -0.0803
vn -0.3967 0.8796 -0.2628
vn 0.4002 -0.1001 0.9109
vn 0.6125 -0.0805 0.7864
vn 0.6793 -0.0716 0.7303
vn 0.7460 0.6009 0.2869
vn 0.3177 -0.5687 0.7587
vn 0.4209 -0.5827 0.6952
vn -0.3409 0.5257 -0.7794
vn -0.6203 -0.1494 0.7700
vn -0.3960 0.1016 0.9126
vn -0.4239 0.7456 0.5141
vn -0.2117 -0.4293 0.8780
vn 0.0341 -0.1011 0.9943
vn -0.0628 -0.4883 0.8704
vn 0.2128 -0.1146 0.9703
vn -0.2663 -0.7838 0.5610
vn 0.0899 -0.5277 0.8447
vn -0.1753 -0.8545 0.4889
vn -0.2506 -0.9272 -0.2786
vn -0.0074 -0.9264 0.3764
vn -0.3218 -0.4931 -0.8083
vn -0.2184 -0.5266 -0.8216
vn -0.1801 -0.9313 -0.3165
vn -0.1646 0.3015 -0.9392
vn 0.0770 -0.9490 0.3056
vn 0.4242 0.7668 0.4817
vn 0.3689 0.1660 -0.9145
vn -0.0641 -0.5612 -0.8252
vn 0.0058 -0.9432 -0.3322
vn 0.4166 -0.8910 0.1802
vn 0.1138 -0.1536 -0.9816
vn 0.5430 0.7845 0.2995
vn 0.6091 0.7353 0.2974
vn 0.7674 -0.5241 0.3694
vn 0.2462 -0.4650 0.8504
vn 0.7611 -0.4073 -0.5048
vn 0.8655 -0.3769 0.3300
vn 0.4770 -0.1391 0.8678
vn 0.0870 -0.3717 0.9243
vn 0.0447 -0.3335 0.9417
vn 0.3346 -0.0301 0.9419
vn 0.2978 0.0223 0.9544
vn 0.7842 0.5784 0.2246
vn 0.7081 0.2131 0.6732
vn 0.4775 0.3919 0.7864
vn 0.5303 0.3437 0.7750
vt 0.833400 0.417800
vt 0.829700 0.414800
vt 0.826300 0.412100
vt 0.828000 0.409700
vt 0.835200 0.415100
vt 0.954000 0.647200
vt 0.957100 0.648300
vt 0.955400 0.649500
vt 0.959700 0.660000
vt 0.956500 0.663500
vt 0.954900 0.660800
vt 0.957500 0.658600
vt 0.951900 0.665500
vt 0.952300 0.661600
vt 0.962800 0.662400
vt 0.959500 0.666500
vt 0.963000 0.653100
vt 0.966900 0.656300
vt 0.990700 0.652100
vt 0.987800 0.655800
vt 0.980200 0.651000
vt 0.982800 0.646100
vt 0.691514 0.861130
vt 0.701853 0.871212
vt 0.695947 0.876768
vt 0.686080 0.865342
vt 0.955000 0.669100
vt 0.950600 0.672000
vt 0.948100 0.669400
vt 0.681188 0.851234
vt 0.679008 0.855038
vt 0.676773 0.853877
vt 0.678648 0.849719
vt 0.682229 0.847226
vt 0.682928 0.849242
vt 0.945100 0.672300
vt 0.946700 0.675300
vt 0.695132 0.857791
vt 0.697275 0.853427
vt 0.703807 0.858517
vt 0.709255 0.862836
vt 0.705688 0.866922
vt 0.965900 0.681200
vt 0.961400 0.685100
vt 0.956200 0.678800
vt 0.960900 0.675700
vt 0.956300 0.689200
vt 0.951200 0.682200
vt 0.938400 0.675600
vt 0.941900 0.674200
vt 0.942700 0.678000
vt 0.939300 0.679800
vt 0.970100 0.646100
vt 0.973700 0.647600
vt 0.971300 0.651100
vt 0.968100 0.649500
vt 0.975700 0.641700
vt 0.971700 0.641100
vt 0.951000 0.693200
vt 0.948300 0.695400
vt 0.943000 0.687500
vt 0.946200 0.685500
vt 0.953300 0.655800
vt 0.957900 0.653500
vt 0.948400 0.660400
vt 0.950600 0.659300
vt 0.947300 0.656900
vt 0.947300 0.653500
vt 0.949500 0.654100
vt 0.949700 0.656800
vt 0.951500 0.652100
vt 0.681505 0.869776
vt 0.690296 0.881932
vt 0.372300 0.427100
vt 0.371800 0.424700
vt 0.373200 0.424500
vt 0.374800 0.424400
vt 0.374900 0.427700
vt 0.374000 0.429000
vt 0.371300 0.427800
vt 0.370400 0.426800
vt 0.390700 0.434400
vt 0.392500 0.433600
vt 0.393200 0.435800
vt 0.390300 0.435800
vt 0.377800 0.424000
vt 0.374500 0.422400
vt 0.376500 0.421700
vt 0.393500 0.416400
vt 0.391600 0.418000
vt 0.387700 0.413500
vt 0.388700 0.409800
vt 0.391900 0.410800
vt 0.385500 0.416600
vt 0.383500 0.414800
vt 0.385900 0.411900
vt 0.389300 0.420500
vt 0.164500 0.206900
vt 0.162700 0.207600
vt 0.161500 0.202600
vt 0.166900 0.199800
vt 0.170500 0.200800
vt 0.166800 0.205900
vt 0.384800 0.425200
vt 0.380900 0.421000
vt 0.383100 0.418800
vt 0.387100 0.423000
vt 0.379300 0.419000
vt 0.381300 0.417000
vt 0.379600 0.422400
vt 0.378000 0.420400
vt 0.383200 0.426600
vt 0.078500 0.494100
vt 0.093000 0.484600
vt 0.106500 0.474200
vt 0.109700 0.478600
vt 0.096200 0.488900
vt 0.062200 0.507500
vt 0.058800 0.503700
vt 0.372500 0.430800
vt 0.369900 0.429500
vt 0.367000 0.428400
vt 0.368300 0.431600
vt 0.365800 0.429800
vt 0.389000 0.408300
vt 0.392300 0.408100
vt 0.395200 0.415300
vt 0.394600 0.410800
vt 0.398500 0.419900
vt 0.397200 0.420800
vt 0.395700 0.422300
vt 0.393600 0.424500
vt 0.391300 0.427200
vt 0.388900 0.429500
vt 0.387200 0.431100
vt 0.386000 0.432400
vt 0.387700 0.437700
vt 0.384700 0.434100
vt 0.384100 0.435300
vt 0.201200 0.392500
vt 0.189400 0.401300
vt 0.182800 0.393100
vt 0.194200 0.384400
vt 0.209600 0.371400
vt 0.219000 0.362800
vt 0.225900 0.371000
vt 0.216500 0.379600
vt 0.544500 0.602600
vt 0.546500 0.599500
vt 0.548600 0.605600
vt 0.850100 0.924200
vt 0.872000 0.925400
vt 0.870800 0.929200
vt 0.869400 0.932300
vt 0.860800 0.935000
vt 0.402100 0.424800
vt 0.400600 0.418600
vt 0.404100 0.424100
vt 0.400600 0.425000
vt 0.399300 0.426600
vt 0.397900 0.429100
vt 0.395600 0.432200
vt 0.396900 0.434000
vt 0.399600 0.430400
vt 0.407600 0.422200
vt 0.400200 0.428200
vt 0.240000 0.356800
vt 0.234100 0.362600
vt 0.227000 0.354900
vt 0.232700 0.349200
vt 0.242100 0.340400
vt 0.249100 0.348000
vt 0.387300 0.443600
vt 0.388000 0.440200
vt 0.720900 0.581300
vt 0.727300 0.595700
vt 0.718900 0.603300
vt 0.711700 0.609400
vt 0.707000 0.613500
vt 0.697200 0.594000
vt 0.373100 0.422600
vt 0.387100 0.408900
vt 0.806300 0.854700
vt 0.808100 0.852900
vt 0.814500 0.859100
vt 0.813800 0.861300
vt 0.806200 0.868200
vt 0.797700 0.853400
vt 0.822400 0.873900
vt 0.825100 0.864400
vt 0.826400 0.862500
vt 0.385300 0.341500
vt 0.374300 0.346600
vt 0.370700 0.341700
vt 0.381200 0.337000
vt 0.395000 0.338900
vt 0.392400 0.334100
vt 0.364000 0.331000
vt 0.377900 0.326700
vt 0.389600 0.324700
vt 0.362000 0.245500
vt 0.363321 0.250185
vt 0.356400 0.256600
vt 0.353200 0.252700
vt 0.831900 0.871300
vt 0.833200 0.878700
vt 0.823700 0.883600
vt 0.839400 0.868100
vt 0.841400 0.874300
vt 0.808800 0.889800
vt 0.807000 0.883300
vt 0.805100 0.879300
vt 0.476800 0.334000
vt 0.472900 0.343200
vt 0.467600 0.343500
vt 0.483000 0.335600
vt 0.474600 0.346900
vt 0.467200 0.348400
vt 0.126100 0.830100
vt 0.111300 0.836500
vt 0.095800 0.799100
vt 0.113100 0.797800
vt 0.500000 0.256500
vt 0.505100 0.252000
vt 0.509700 0.253300
vt 0.503900 0.260500
vt 0.497000 0.252200
vt 0.502400 0.248000
vt 0.507900 0.243600
vt 0.780600 0.826500
vt 0.778000 0.831500
vt 0.775800 0.830300
vt 0.779200 0.824600
vt 0.782800 0.828600
vt 0.782100 0.833300
vt 0.791600 0.823600
vt 0.790800 0.826200
vt 0.789800 0.829900
vt 0.462300 0.330200
vt 0.453200 0.328700
vt 0.454500 0.318200
vt 0.462300 0.316800
vt 0.469300 0.313800
vt 0.473600 0.321300
vt 0.801900 0.835500
vt 0.799300 0.836700
vt 0.888200 0.924400
vt 0.884700 0.927600
vt 0.872600 0.921100
vt 0.872900 0.916900
vt 0.880100 0.913600
vt 0.532600 0.711700
vt 0.530800 0.707300
vt 0.541000 0.706800
vt 0.550000 0.707000
vt 0.548200 0.714700
vt 0.540700 0.713100
vt 0.547500 0.162000
vt 0.551200 0.167400
vt 0.544500 0.165600
vt 0.540100 0.160500
vt 0.537200 0.156200
vt 0.539200 0.154500
vt 0.542700 0.157700
vt 0.023700 0.034800
vt 0.026600 0.035200
vt 0.021800 0.082000
vt 0.017700 0.083400
vt 0.941300 0.764600
vt 0.932700 0.760200
vt 0.937400 0.753700
vt 0.940200 0.755700
vt 0.943000 0.757600
vt 0.948700 0.758500
vt 0.948900 0.768500
vt 0.175100 0.565100
vt 0.177900 0.568100
vt 0.181700 0.564800
vt 0.178800 0.561700
vt 0.175000 0.557600
vt 0.171600 0.560500
vt 0.466700 0.332300
vt 0.474000 0.262600
vt 0.477700 0.268100
vt 0.471100 0.272000
vt 0.466400 0.265900
vt 0.464632 0.258282
vt 0.456332 0.260710
vt 0.455037 0.252322
vt 0.463308 0.250822
vt 0.472232 0.255798
vt 0.470966 0.248780
vt 0.546600 0.554900
vt 0.551800 0.551600
vt 0.553900 0.555000
vt 0.549600 0.557900
vt 0.546700 0.562100
vt 0.543200 0.559900
vt 0.785000 0.892100
vt 0.813700 0.899800
vt 0.782200 0.911500
vt 0.768000 0.904400
vt 0.779200 0.877300
vt 0.770200 0.873700
vt 0.776200 0.867500
vt 0.779700 0.860900
vt 0.777400 0.853200
vt 0.777400 0.840900
vt 0.777600 0.835800
vt 0.781400 0.836600
vt 0.786300 0.855900
vt 0.784600 0.868200
vt 0.774800 0.840000
vt 0.773000 0.854300
vt 0.854600 0.855100
vt 0.849800 0.856800
vt 0.850100 0.854400
vt 0.859700 0.853300
vt 0.857000 0.857000
vt 0.851300 0.861200
vt 0.834100 0.399600
vt 0.835700 0.395800
vt 0.843100 0.400800
vt 0.841100 0.404300
vt 0.541100 0.328300
vt 0.530800 0.326500
vt 0.541600 0.288500
vt 0.562100 0.297800
vt 0.551500 0.330500
vt 0.765100 0.919600
vt 0.757500 0.912800
vt 0.194800 0.893300
vt 0.212000 0.907900
vt 0.201400 0.919300
vt 0.182600 0.906200
vt 0.616300 0.585300
vt 0.607900 0.583900
vt 0.607900 0.580200
vt 0.616800 0.581500
vt 0.626100 0.583200
vt 0.625200 0.587100
vt 0.684200 0.579200
vt 0.686100 0.585500
vt 0.661300 0.593400
vt 0.655600 0.584900
vt 0.671200 0.580900
vt 0.825500 0.293400
vt 0.845300 0.303000
vt 0.840300 0.312600
vt 0.803000 0.301000
vt 0.805200 0.286700
vt 0.290100 0.385200
vt 0.281800 0.376300
vt 0.292700 0.370000
vt 0.300600 0.377600
vt 0.308800 0.358400
vt 0.315200 0.366200
vt 0.262300 0.607600
vt 0.235900 0.635700
vt 0.220800 0.623100
vt 0.259200 0.586700
vt 0.270500 0.600300
vt 0.276300 0.365400
vt 0.286000 0.359600
vt 0.477900 0.409000
vt 0.492600 0.399200
vt 0.502900 0.416500
vt 0.476500 0.436200
vt 0.463800 0.420000
vt 0.692500 0.651900
vt 0.699700 0.655500
vt 0.687800 0.669100
vt 0.680300 0.664700
vt 0.686500 0.658000
vt 0.746500 0.372300
vt 0.736800 0.372500
vt 0.738600 0.395100
vt 0.726900 0.394100
vt 0.726200 0.407800
vt 0.700700 0.405200
vt 0.692300 0.434800
vt 0.677000 0.431600
vt 0.686000 0.394000
vt 0.701700 0.393300
vt 0.700600 0.374900
vt 0.724800 0.372800
vt 0.721400 0.351600
vt 0.734000 0.350000
vt 0.758100 0.360300
vt 0.756800 0.375500
vt 0.269400 0.354400
vt 0.261400 0.363000
vt 0.257000 0.357900
vt 0.266300 0.349800
vt 0.279400 0.346200
vt 0.276800 0.341600
vt 0.252500 0.352300
vt 0.262300 0.344000
vt 0.273300 0.336000
vt 0.248400 0.366100
vt 0.243600 0.360900
vt 0.243100 0.372200
vt 0.235800 0.381000
vt 0.230000 0.375500
vt 0.238000 0.366900
vt 0.220800 0.384500
vt 0.617300 0.976100
vt 0.607600 0.976400
vt 0.607200 0.966500
vt 0.617500 0.966400
vt 0.665000 0.915500
vt 0.716100 0.916700
vt 0.718400 0.923000
vt 0.665500 0.922500
vt 0.606500 0.942100
vt 0.606500 0.930600
vt 0.616300 0.930300
vt 0.617200 0.942000
vt 0.606400 0.922300
vt 0.615800 0.922100
vt 0.277000 0.899200
vt 0.265500 0.888300
vt 0.285200 0.876500
vt 0.321100 0.866900
vt 0.324400 0.872800
vt 0.307100 0.880500
vt 0.292800 0.888400
vt 0.271900 0.421200
vt 0.262400 0.429600
vt 0.258400 0.425000
vt 0.268000 0.417200
vt 0.280400 0.414900
vt 0.275800 0.411100
vt 0.286600 0.410700
vt 0.281500 0.406700
vt 0.295200 0.403400
vt 0.290300 0.399900
vt 0.271300 0.397500
vt 0.280300 0.391500
vt 0.304000 0.395900
vt 0.299400 0.392600
vt 0.312900 0.388000
vt 0.309000 0.384500
vt 0.322100 0.373300
vt 0.336300 0.363100
vt 0.347900 0.356300
vt 0.355100 0.352400
vt 0.359000 0.355000
vt 0.330400 0.355700
vt 0.324900 0.347500
vt 0.337200 0.340900
vt 0.341900 0.349200
vt 0.303100 0.349600
vt 0.320500 0.339700
vt 0.497700 0.729800
vt 0.505800 0.726100
vt 0.515300 0.725500
vt 0.519100 0.733100
vt 0.494900 0.743100
vt 0.490500 0.732700
vt 0.292300 0.330800
vt 0.288200 0.325400
vt 0.284600 0.320900
vt 0.298900 0.310100
vt 0.302800 0.314300
vt 0.270100 0.331400
vt 0.259200 0.339600
vt 0.252400 0.331800
vt 0.263300 0.323500
vt 0.640600 0.994000
vt 0.634800 0.994500
vt 0.635000 0.984500
vt 0.640800 0.984200
vt 0.626300 0.995100
vt 0.626800 0.985000
vt 0.282100 0.351700
vt 0.635100 0.975300
vt 0.627200 0.975600
vt 0.627300 0.966600
vt 0.635100 0.966800
vt 0.640700 0.975200
vt 0.640800 0.966800
vt 0.616900 0.985700
vt 0.434900 0.919900
vt 0.436700 0.944100
vt 0.422400 0.947200
vt 0.410300 0.928900
vt 0.399100 0.926300
vt 0.388500 0.914300
vt 0.380600 0.907500
vt 0.387200 0.902900
vt 0.960300 0.841300
vt 0.964700 0.844700
vt 0.952700 0.851900
vt 0.947100 0.848400
vt 0.953200 0.844900
vt 0.634800 0.942000
vt 0.634700 0.930200
vt 0.640600 0.930200
vt 0.640800 0.942000
vt 0.626900 0.942100
vt 0.626300 0.930200
vt 0.634500 0.922400
vt 0.640500 0.922600
vt 0.625900 0.922200
vt 0.624100 0.519000
vt 0.616500 0.503500
vt 0.618500 0.501900
vt 0.628500 0.515700
vt 0.632900 0.520400
vt 0.627200 0.524800
vt 0.332400 0.594700
vt 0.336700 0.615100
vt 0.326000 0.614600
vt 0.309400 0.656600
vt 0.297600 0.674900
vt 0.276900 0.663600
vt 0.279300 0.623700
vt 0.840900 0.395600
vt 0.844600 0.398600
vt 0.837000 0.392600
vt 0.349200 0.346100
vt 0.691700 0.567100
vt 0.693400 0.551600
vt 0.698200 0.552400
vt 0.698300 0.561100
vt 0.698800 0.566100
vt 0.733400 0.913800
vt 0.735800 0.920000
vt 0.747300 0.907900
vt 0.755500 0.900300
vt 0.738900 0.926400
vt 0.073600 0.411800
vt 0.085000 0.386900
vt 0.100400 0.397900
vt 0.092800 0.409900
vt 0.083300 0.412800
vt 0.842300 0.890600
vt 0.824300 0.907800
vt 0.822500 0.900200
vt 0.837400 0.889600
vt 0.836600 0.885100
vt 0.847600 0.883600
vt 0.242300 0.471100
vt 0.247900 0.465700
vt 0.259300 0.464500
vt 0.256700 0.470300
vt 0.254100 0.475400
vt 0.245100 0.481400
vt 0.955100 0.836200
vt 0.952200 0.832900
vt 0.948100 0.828600
vt 0.956700 0.821600
vt 0.965200 0.828300
vt 0.901300 0.195700
vt 0.914100 0.214600
vt 0.902700 0.225000
vt 0.888300 0.207700
vt 0.847200 0.870900
vt 0.844800 0.865200
vt 0.853900 0.866500
vt 0.884600 0.901300
vt 0.873900 0.905700
vt 0.864700 0.895300
vt 0.877900 0.887800
vt 0.864700 0.858500
vt 0.513900 0.254600
vt 0.506900 0.264900
vt 0.870600 0.868600
vt 0.872500 0.874900
vt 0.864800 0.879800
vt 0.860600 0.874600
vt 0.634800 0.585800
vt 0.638600 0.572300
vt 0.649000 0.577700
vt 0.669700 0.573200
vt 0.647600 0.594500
vt 0.641900 0.589600
vt 0.477639 0.246722
vt 0.478636 0.253638
vt 0.490300 0.262300
vt 0.487500 0.257200
vt 0.493900 0.267300
vt 0.495800 0.271700
vt 0.483300 0.265400
vt 0.487200 0.270700
vt 0.481800 0.273400
vt 0.477200 0.037100
vt 0.478100 0.053400
vt 0.456600 0.053700
vt 0.435400 0.053400
vt 0.434400 0.035800
vt 0.478900 0.281200
vt 0.472800 0.285200
vt 0.470000 0.282900
vt 0.475700 0.277300
vt 0.832700 0.863600
vt 0.833300 0.860400
vt 0.839200 0.861500
vt 0.840200 0.858200
vt 0.844100 0.859500
vt 0.844300 0.856600
vt 0.468100 0.296600
vt 0.465000 0.295200
vt 0.459400 0.294600
vt 0.464900 0.278500
vt 0.459400 0.308100
vt 0.465200 0.305900
vt 0.469200 0.304700
vt 0.473700 0.311700
vt 0.932100 0.640400
vt 0.937700 0.645600
vt 0.935300 0.648300
vt 0.928900 0.642700
vt 0.635700 0.849600
vt 0.634900 0.859300
vt 0.631800 0.865800
vt 0.629400 0.871300
vt 0.618700 0.862800
vt 0.627900 0.852100
vt 0.442400 0.326900
vt 0.444600 0.336400
vt 0.432700 0.333900
vt 0.434300 0.325500
vt 0.443700 0.341500
vt 0.432200 0.337200
vt 0.457100 0.346200
vt 0.458500 0.341300
vt 0.462200 0.347300
vt 0.463300 0.342700
vt 0.424800 0.338100
vt 0.425200 0.333000
vt 0.350600 0.180500
vt 0.379600 0.176900
vt 0.380700 0.195000
vt 0.366000 0.197200
vt 0.351500 0.199500
vt 0.949500 0.509800
vt 0.948400 0.520400
vt 0.938200 0.520700
vt 0.935800 0.517000
vt 0.932700 0.512500
vt 0.946500 0.502000
vt 0.850200 0.914700
vt 0.855200 0.906200
vt 0.841000 0.442600
vt 0.844100 0.442700
vt 0.844700 0.452300
vt 0.841100 0.452400
vt 0.840800 0.446400
vt 0.930900 0.763000
vt 0.935200 0.765200
vt 0.933800 0.769600
vt 0.929300 0.767300
vt 0.924300 0.764900
vt 0.925900 0.760900
vt 0.408000 0.337800
vt 0.407000 0.332500
vt 0.406000 0.323600
vt 0.418100 0.323800
vt 0.417800 0.332500
vt 0.388000 0.315000
vt 0.375200 0.315700
vt 0.427100 0.316500
vt 0.386400 0.306900
vt 0.405100 0.307800
vt 0.405400 0.292200
vt 0.428600 0.294400
vt 0.429092 0.260170
vt 0.921000 0.663400
vt 0.917500 0.667000
vt 0.913000 0.664600
vt 0.911700 0.660500
vt 0.915200 0.657400
vt 0.647800 0.857900
vt 0.642000 0.874600
vt 0.276100 0.480300
vt 0.282300 0.484400
vt 0.276000 0.492900
vt 0.274800 0.488200
vt 0.832300 0.684000
vt 0.823900 0.659900
vt 0.832700 0.655500
vt 0.834700 0.665100
vt 0.838000 0.678200
vt 0.526400 0.152100
vt 0.504900 0.152400
vt 0.505900 0.118900
vt 0.527500 0.118400
vt 0.744500 0.595800
vt 0.762000 0.586300
vt 0.889200 0.855900
vt 0.876800 0.850400
vt 0.876500 0.847700
vt 0.892700 0.852800
vt 0.739800 0.606000
vt 0.735800 0.603100
vt 0.368200 0.243600
vt 0.368800 0.250600
vt 0.623000 0.527600
vt 0.620600 0.521100
vt 0.615800 0.506300
vt 0.376100 0.243600
vt 0.365600 0.232800
vt 0.374500 0.232300
vt 0.356900 0.236400
vt 0.390400 0.245300
vt 0.390000 0.234000
vt 0.801500 0.978300
vt 0.794700 0.976000
vt 0.797600 0.969200
vt 0.805800 0.971500
vt 0.793400 0.981000
vt 0.794000 0.984100
vt 0.802300 0.956400
vt 0.811100 0.957900
vt 0.879400 0.601500
vt 0.871400 0.599300
vt 0.877900 0.587800
vt 0.886100 0.576000
vt 0.894000 0.585400
vt 0.887000 0.593100
vt 0.958800 0.755600
vt 0.956900 0.736100
vt 0.961800 0.734900
vt 0.971100 0.749100
vt 0.983600 0.771800
vt 0.971200 0.775000
vt 0.184900 0.155500
vt 0.180200 0.152000
vt 0.178100 0.148700
vt 0.182100 0.149800
vt 0.186700 0.152000
vt 0.761600 0.973200
vt 0.761000 0.980100
vt 0.743000 0.980500
vt 0.742500 0.972600
vt 0.034200 0.036600
vt 0.033900 0.078900
vt 0.027400 0.080400
vt 0.030000 0.035800
vt 0.414200 0.981000
vt 0.389400 0.924200
vt 0.383200 0.916900
vt 0.422400 0.978200
vt 0.036900 0.693700
vt 0.058300 0.691200
vt 0.063000 0.718700
vt 0.041800 0.721100
vt 0.020400 0.724600
vt 0.015400 0.697100
vt 0.657700 0.930200
vt 0.657000 0.922700
vt 0.666300 0.930100
vt 0.649300 0.930200
vt 0.648800 0.922800
vt 0.649900 0.942000
vt 0.658900 0.941800
vt 0.668100 0.941700
vt 0.650000 0.954700
vt 0.659400 0.954100
vt 0.669300 0.953400
vt 0.681100 0.941600
vt 0.683300 0.952500
vt 0.717400 0.517100
vt 0.721200 0.509100
vt 0.724200 0.502000
vt 0.734100 0.504300
vt 0.724600 0.530500
vt 0.717100 0.526700
vt 0.053578 0.588892
vt 0.044798 0.618175
vt 0.037866 0.615729
vt 0.042309 0.604229
vt 0.045193 0.586800
vt 0.854000 0.166800
vt 0.839100 0.179400
vt 0.823000 0.188900
vt 0.813600 0.167500
vt 0.827400 0.160600
vt 0.839400 0.149100
vt 0.050200 0.369300
vt 0.050500 0.358900
vt 0.052800 0.358900
vt 0.052900 0.369300
vt 0.052400 0.378500
vt 0.049000 0.378700
vt 0.984900 0.659600
vt 0.979800 0.666000
vt 0.760700 0.985500
vt 0.743900 0.987400
vt 0.537600 0.665400
vt 0.545700 0.660000
vt 0.562200 0.647400
vt 0.567700 0.657800
vt 0.528300 0.675900
vt 0.525000 0.670700
vt 0.124000 0.459200
vt 0.127600 0.463700
vt 0.117000 0.472600
vt 0.624600 0.127300
vt 0.617500 0.119800
vt 0.619300 0.118200
vt 0.626800 0.125600
vt 0.484900 0.767700
vt 0.491300 0.761900
vt 0.509300 0.767400
vt 0.505000 0.780800
vt 0.479900 0.775300
vt 0.223200 0.897300
vt 0.235000 0.909800
vt 0.206500 0.940100
vt 0.171000 0.919300
vt 0.137700 0.277200
vt 0.141600 0.281300
vt 0.144100 0.284200
vt 0.142300 0.286000
vt 0.135600 0.279000
vt 0.132600 0.275800
vt 0.134500 0.274100
vt 0.650100 0.984000
vt 0.650400 0.993900
vt 0.659700 0.974600
vt 0.649900 0.974900
vt 0.649900 0.966600
vt 0.659500 0.966100
vt 0.660300 0.983600
vt 0.277900 0.312800
vt 0.117900 0.595400
vt 0.118000 0.603600
vt 0.118100 0.614500
vt 0.106500 0.615400
vt 0.109100 0.603800
vt 0.110100 0.586900
vt 0.118200 0.587200
vt 0.640800 0.955000
vt 0.052100 0.496600
vt 0.073300 0.486400
vt 0.722500 0.288700
vt 0.735400 0.286100
vt 0.739400 0.306200
vt 0.726900 0.308500
vt 0.701500 0.314200
vt 0.696500 0.295200
vt 0.252000 0.720800
vt 0.261000 0.693400
vt 0.284500 0.702500
vt 0.277600 0.728500
vt 0.345900 0.337100
vt 0.245600 0.566400
vt 0.279800 0.547600
vt 0.288800 0.568200
vt 0.226900 0.390400
vt 0.829900 0.510400
vt 0.835900 0.510700
vt 0.835800 0.516200
vt 0.829000 0.515900
vt 0.822200 0.513200
vt 0.824700 0.508800
vt 0.168200 0.581000
vt 0.165800 0.579300
vt 0.162700 0.576600
vt 0.164700 0.574500
vt 0.157200 0.565600
vt 0.159200 0.563700
vt 0.167000 0.572400
vt 0.170500 0.576600
vt 0.173500 0.576100
vt 0.172800 0.579100
vt 0.171000 0.582600
vt 0.135200 0.287600
vt 0.130900 0.283700
vt 0.133000 0.281300
vt 0.140100 0.288200
vt 0.138100 0.290200
vt 0.500019 0.245619
vt 0.500608 0.242908
vt 0.495096 0.247439
vt 0.494952 0.242364
vt 0.019000 0.398100
vt 0.026400 0.383300
vt 0.029200 0.385200
vt 0.032400 0.387000
vt 0.023000 0.407200
vt 0.775300 0.835200
vt 0.479300 0.319600
vt 0.212000 0.311900
vt 0.221700 0.322300
vt 0.219400 0.324800
vt 0.213600 0.318600
vt 0.209900 0.314000
vt 0.649500 0.337500
vt 0.657600 0.333700
vt 0.665300 0.329800
vt 0.670900 0.345900
vt 0.653800 0.351300
vt 0.783500 0.986200
vt 0.783700 0.980300
vt 0.248800 0.396000
vt 0.239600 0.404600
vt 0.241200 0.386400
vt 0.784800 0.974400
vt 0.786800 0.967500
vt 0.347200 0.244900
vt 0.670000 0.965400
vt 0.685200 0.964400
vt 0.552200 0.918200
vt 0.561100 0.918600
vt 0.569400 0.918200
vt 0.568700 0.924700
vt 0.560500 0.925100
vt 0.552000 0.925200
vt 0.489200 0.599100
vt 0.905200 0.955200
vt 0.920500 0.958000
vt 0.482000 0.612600
vt 0.479600 0.611800
vt 0.408100 0.864400
vt 0.414700 0.867500
vt 0.408900 0.877900
vt 0.401000 0.871300
vt 0.400200 0.869200
vt 0.406200 0.862600
vt 0.804800 0.844600
vt 0.393000 0.884300
vt 0.389700 0.875000
vt 0.388300 0.873100
vt 0.141500 0.549500
vt 0.137300 0.558700
vt 0.133000 0.555300
vt 0.137600 0.544700
vt 0.124100 0.551100
vt 0.128000 0.539800
vt 0.146100 0.531000
vt 0.136300 0.523400
vt 0.055500 0.512900
vt 0.050600 0.511300
vt 0.392100 0.894100
vt 0.378100 0.887600
vt 0.379500 0.880800
vt 0.408800 0.892900
vt 0.407300 0.899500
vt 0.410500 0.888900
vt 0.119000 0.638500
vt 0.130300 0.631100
vt 0.129200 0.636300
vt 0.132500 0.638500
vt 0.120000 0.645100
vt 0.135200 0.631500
vt 0.034100 0.653600
vt 0.037400 0.651200
vt 0.040200 0.655800
vt 0.034600 0.658300
vt 0.030600 0.650300
vt 0.033900 0.647500
vt 0.025300 0.655000
vt 0.432300 0.835000
vt 0.433700 0.833000
vt 0.437300 0.838500
vt 0.435100 0.839800
vt 0.430200 0.837200
vt 0.431200 0.841800
vt 0.054300 0.436700
vt 0.065200 0.441100
vt 0.063100 0.445200
vt 0.057000 0.442700
vt 0.053100 0.441700
vt 0.422100 0.835200
vt 0.421200 0.832600
vt 0.423300 0.838700
vt 0.118100 0.623700
vt 0.104800 0.621600
vt 0.107500 0.633400
vt 0.100800 0.628000
vt 0.342000 0.880000
vt 0.347100 0.882600
vt 0.341200 0.886700
vt 0.414200 0.846000
vt 0.411500 0.844900
vt 0.809400 0.264800
vt 0.813300 0.241200
vt 0.835800 0.250900
vt 0.851200 0.260000
vt 0.845300 0.275500
vt 0.831000 0.275200
vt 0.807100 0.552300
vt 0.804300 0.551300
vt 0.805500 0.547800
vt 0.808800 0.548900
vt 0.811900 0.551200
vt 0.809500 0.553600
vt 0.809800 0.476600
vt 0.809800 0.472800
vt 0.818100 0.476900
vt 0.822700 0.479300
vt 0.821600 0.481700
vt 0.817600 0.479800
vt 0.045603 0.569147
vt 0.054502 0.570732
vt 0.363000 0.028200
vt 0.391900 0.031600
vt 0.392200 0.049900
vt 0.377500 0.048400
vt 0.362700 0.046800
vt 0.119400 0.628500
vt 0.209200 0.054300
vt 0.204500 0.056400
vt 0.201500 0.051900
vt 0.198300 0.046500
vt 0.202600 0.044400
vt 0.579400 0.478000
vt 0.551300 0.443300
vt 0.566000 0.434700
vt 0.594400 0.468900
vt 0.289000 0.809000
vt 0.296600 0.838500
vt 0.286000 0.842800
vt 0.274600 0.811100
vt 0.439900 0.865500
vt 0.437500 0.857800
vt 0.435800 0.844000
vt 0.438100 0.843300
vt 0.438800 0.848100
vt 0.439900 0.857300
vt 0.442600 0.867200
vt 0.358200 0.869500
vt 0.358500 0.867300
vt 0.364700 0.868500
vt 0.363600 0.873300
vt 0.357100 0.864900
vt 0.364300 0.866200
vt 0.352200 0.866000
vt 0.608700 0.814500
vt 0.599700 0.817300
vt 0.599100 0.812900
vt 0.595700 0.807500
vt 0.606800 0.800900
vt 0.569300 0.840600
vt 0.559100 0.842200
vt 0.558700 0.838000
vt 0.579100 0.834200
vt 0.587600 0.832300
vt 0.595000 0.830500
vt 0.596900 0.837800
vt 0.448800 0.912100
vt 0.459700 0.920000
vt 0.452400 0.927200
vt 0.251600 0.278500
vt 0.253900 0.282700
vt 0.249700 0.285300
vt 0.243100 0.275400
vt 0.247600 0.273100
vt 0.476900 0.945100
vt 0.537400 0.945100
vt 0.535700 0.956100
vt 0.476800 0.958100
vt 0.438500 0.492800
vt 0.428200 0.484300
vt 0.451500 0.459400
vt 0.460800 0.468800
vt 0.618400 0.811200
vt 0.617500 0.794800
vt 0.616200 0.806100
vt 0.199600 0.462400
vt 0.190500 0.471600
vt 0.184200 0.462600
vt 0.192200 0.452800
vt 0.176900 0.484200
vt 0.170200 0.476700
vt 0.514900 0.625800
vt 0.513900 0.629700
vt 0.499000 0.625200
vt 0.497500 0.623200
vt 0.175000 0.454300
vt 0.182300 0.445700
vt 0.202600 0.057500
vt 0.199300 0.053200
vt 0.206400 0.059400
vt 0.204700 0.060200
vt 0.299000 0.341700
vt 0.172500 0.437100
vt 0.168400 0.433300
vt 0.177900 0.425400
vt 0.182200 0.430500
vt 0.162800 0.445600
vt 0.158600 0.442400
vt 0.466300 0.684400
vt 0.476600 0.693100
vt 0.476000 0.700500
vt 0.471500 0.694600
vt 0.465300 0.698400
vt 0.459300 0.689200
vt 0.163400 0.428400
vt 0.173100 0.420000
vt 0.153700 0.437900
vt 0.183000 0.412600
vt 0.187400 0.418100
vt 0.193100 0.405800
vt 0.197700 0.411900
vt 0.169400 0.416000
vt 0.179400 0.408400
vt 0.205200 0.397500
vt 0.520700 0.466300
vt 0.509500 0.476400
vt 0.497300 0.461800
vt 0.521300 0.442400
vt 0.532400 0.456300
vt 0.597900 0.976400
vt 0.597100 0.967100
vt 0.963600 0.337000
vt 0.928700 0.379700
vt 0.930900 0.379300
vt 0.969800 0.340900
vt 0.966300 0.342200
vt 0.596600 0.930800
vt 0.596300 0.942700
vt 0.596800 0.922700
vt 0.243000 0.446000
vt 0.233000 0.454900
vt 0.229900 0.450000
vt 0.239300 0.441400
vt 0.225300 0.463000
vt 0.222200 0.457300
vt 0.216700 0.470300
vt 0.214100 0.464900
vt 0.207400 0.453700
vt 0.214700 0.445700
vt 0.208000 0.477800
vt 0.205400 0.472800
vt 0.198800 0.485400
vt 0.195900 0.480900
vt 0.158800 0.525700
vt 0.157000 0.521400
vt 0.161900 0.515000
vt 0.170500 0.504500
vt 0.182800 0.492100
vt 0.164100 0.497500
vt 0.155900 0.507900
vt 0.148500 0.502000
vt 0.156900 0.490800
vt 0.236900 0.549800
vt 0.274400 0.531000
vt 0.149900 0.485200
vt 0.162400 0.469600
vt 0.454500 0.960500
vt 0.428800 0.963800
vt 0.433100 0.976100
vt 0.145500 0.456000
vt 0.140900 0.451000
vt 0.137000 0.446800
vt 0.149700 0.434000
vt 0.159400 0.424600
vt 0.152900 0.416700
vt 0.163000 0.407900
vt 0.143000 0.426200
vt 0.173100 0.400100
vt 0.580300 0.995400
vt 0.579700 0.985700
vt 0.588300 0.985700
vt 0.589200 0.995800
vt 0.598800 0.985900
vt 0.600000 0.995500
vt 0.579300 0.976700
vt 0.587600 0.976500
vt 0.578900 0.968300
vt 0.587200 0.967900
vt 0.195800 0.297400
vt 0.197400 0.296900
vt 0.197800 0.298300
vt 0.194600 0.299600
vt 0.193800 0.298400
vt 0.577200 0.931700
vt 0.586000 0.931300
vt 0.586400 0.943200
vt 0.577700 0.943500
vt 0.577000 0.924100
vt 0.585900 0.923400
vt 0.758300 0.733600
vt 0.757900 0.762800
vt 0.746600 0.763000
vt 0.740600 0.740400
vt 0.735100 0.723700
vt 0.748000 0.717300
vt 0.148900 0.279800
vt 0.144600 0.280100
vt 0.146000 0.276200
vt 0.124700 0.300000
vt 0.127000 0.298300
vt 0.128500 0.301800
vt 0.149900 0.537000
vt 0.556200 0.700500
vt 0.555000 0.707500
vt 0.540000 0.702200
vt 0.151600 0.514600
vt 0.485900 0.920300
vt 0.501200 0.921800
vt 0.499300 0.928200
vt 0.482000 0.925800
vt 0.461000 0.907400
vt 0.469600 0.914600
vt 0.517000 0.977400
vt 0.533600 0.977200
vt 0.533000 0.986400
vt 0.516200 0.986600
vt 0.477300 0.987000
vt 0.477400 0.979100
vt 0.458600 0.980500
vt 0.457200 0.972600
vt 0.518100 0.968000
vt 0.198500 0.952100
vt 0.181800 0.944200
vt 0.160400 0.932600
vt 0.376900 0.909700
vt 0.158100 0.335900
vt 0.155300 0.339200
vt 0.151900 0.336700
vt 0.145700 0.331500
vt 0.149300 0.327400
vt 0.367200 0.902400
vt 0.377000 0.899100
vt 0.367900 0.882400
vt 0.370000 0.876700
vt 0.361100 0.878400
vt 0.354800 0.886900
vt 0.352900 0.873000
vt 0.343487 0.876562
vt 0.346800 0.868900
vt 0.035300 0.662800
vt 0.025636 0.654862
vt 0.044100 0.659700
vt 0.711200 0.787800
vt 0.705900 0.794900
vt 0.693100 0.780700
vt 0.696900 0.774800
vt 0.704400 0.781000
vt 0.260400 0.509100
vt 0.250400 0.510000
vt 0.249900 0.500500
vt 0.263400 0.501100
vt 0.271700 0.502300
vt 0.029509 0.633008
vt 0.033138 0.625632
vt 0.039810 0.627715
vt 0.036051 0.634651
vt 0.026658 0.640029
vt 0.032203 0.641215
vt 0.041900 0.637100
vt 0.046500 0.640600
vt 0.041100 0.647300
vt 0.037100 0.643800
vt 0.030023 0.644779
vt 0.025624 0.644050
vt 0.050900 0.645000
vt 0.044900 0.651700
vt 0.771700 0.624200
vt 0.776600 0.635700
vt 0.762200 0.642600
vt 0.740000 0.630600
vt 0.754000 0.626800
vt 0.048900 0.655100
vt 0.050700 0.634200
vt 0.055300 0.638800
vt 0.056700 0.626100
vt 0.061300 0.631300
vt 0.064500 0.635000
vt 0.059300 0.641600
vt 0.072000 0.627000
vt 0.070200 0.623900
vt 0.378900 0.873600
vt 0.377900 0.870400
vt 0.370500 0.870900
vt 0.370200 0.868100
vt 0.083900 0.624200
vt 0.083100 0.620800
vt 0.066600 0.618100
vt 0.083400 0.615200
vt 0.096700 0.617400
vt 0.093600 0.622700
vt 0.091800 0.626600
vt 0.098000 0.632100
vt 0.579000 0.772000
vt 0.574700 0.771000
vt 0.584200 0.753600
vt 0.591700 0.745100
vt 0.985800 0.761800
vt 0.964500 0.734400
vt 0.426200 0.324500
vt 0.126800 0.602700
vt 0.128100 0.613000
vt 0.126400 0.595100
vt 0.131700 0.602200
vt 0.132700 0.612200
vt 0.134700 0.621200
vt 0.129600 0.621800
vt 0.130200 0.626800
vt 0.134900 0.626300
vt 0.861000 0.481200
vt 0.862000 0.483100
vt 0.862700 0.489400
vt 0.857200 0.490400
vt 0.854400 0.484300
vt 0.376800 0.121700
vt 0.376900 0.084700
vt 0.414000 0.086700
vt 0.413900 0.120900
vt 0.201300 0.605100
vt 0.438900 0.875500
vt 0.436000 0.867900
vt 0.927700 0.715400
vt 0.924600 0.711700
vt 0.927700 0.704500
vt 0.931600 0.707200
vt 0.937100 0.712000
vt 0.932300 0.716900
vt 0.134200 0.571300
vt 0.129200 0.569500
vt 0.120500 0.567100
vt 0.127400 0.580100
vt 0.118800 0.579100
vt 0.114900 0.548000
vt 0.117600 0.535500
vt 0.633600 0.589600
vt 0.640300 0.593200
vt 0.730700 0.328900
vt 0.664900 0.429600
vt 0.648100 0.426900
vt 0.655100 0.380500
vt 0.664900 0.379900
vt 0.665100 0.364400
vt 0.674200 0.362700
vt 0.635600 0.559500
vt 0.646400 0.551600
vt 0.651600 0.555600
vt 0.626200 0.573400
vt 0.622600 0.564000
vt 0.583100 0.706400
vt 0.564400 0.729000
vt 0.565600 0.718700
vt 0.572200 0.702600
vt 0.605000 0.776400
vt 0.610100 0.782100
vt 0.600600 0.789900
vt 0.597300 0.786500
vt 0.593700 0.783100
vt 0.971100 0.832900
vt 0.046300 0.524900
vt 0.047500 0.517100
vt 0.054300 0.518900
vt 0.053400 0.526500
vt 0.037300 0.512800
vt 0.041600 0.505700
vt 0.035300 0.521500
vt 0.045274 0.556205
vt 0.035600 0.584100
vt 0.425600 0.984900
vt 0.427700 0.990200
vt 0.424200 0.991800
vt 0.418900 0.987600
vt 0.228400 0.314900
vt 0.224900 0.318700
vt 0.219400 0.312300
vt 0.222100 0.308500
vt 0.944100 0.264300
vt 0.929800 0.253700
vt 0.948200 0.233400
vt 0.963400 0.241100
vt 0.955600 0.253600
vt 0.984500 0.590100
vt 0.987800 0.596900
vt 0.984200 0.600400
vt 0.974000 0.591100
vt 0.976900 0.588200
vt 0.838700 0.409000
vt 0.827400 0.400400
vt 0.829500 0.396700
vt 0.899700 0.719100
vt 0.902100 0.713200
vt 0.920000 0.719700
vt 0.918500 0.726800
vt 0.560200 0.932600
vt 0.551600 0.932900
vt 0.568600 0.932200
vt 0.568600 0.943900
vt 0.559500 0.944200
vt 0.550300 0.944500
vt 0.559600 0.956500
vt 0.549700 0.956300
vt 0.569000 0.956700
vt 0.193300 0.155300
vt 0.190700 0.154000
vt 0.192400 0.149900
vt 0.195000 0.151100
vt 0.197600 0.152400
vt 0.196300 0.156200
vt 0.167800 0.449200
vt 0.155300 0.464200
vt 0.380100 0.388000
vt 0.378100 0.384100
vt 0.381600 0.382300
vt 0.384100 0.386000
vt 0.385500 0.388700
vt 0.381400 0.390700
vt 0.972500 0.584200
vt 0.970400 0.581400
vt 0.972800 0.579100
vt 0.980400 0.584300
vt 0.968200 0.811700
vt 0.972100 0.813600
vt 0.962900 0.808900
vt 0.100000 0.466500
vt 0.117100 0.451200
vt 0.130100 0.438900
vt 0.303400 0.707800
vt 0.313900 0.682100
vt 0.090400 0.481600
vt 0.877000 0.475000
vt 0.872100 0.469700
vt 0.874200 0.466800
vt 0.879200 0.472500
vt 0.882800 0.476100
vt 0.880900 0.478400
vt 0.227200 0.710900
vt 0.232200 0.696300
vt 0.238200 0.681900
vt 0.057600 0.296100
vt 0.057900 0.290600
vt 0.063200 0.289600
vt 0.062500 0.296000
vt 0.061900 0.302600
vt 0.057200 0.302200
vt 0.570600 0.995900
vt 0.570400 0.985900
vt 0.569700 0.968500
vt 0.570200 0.976900
vt 0.560200 0.976900
vt 0.560100 0.968400
vt 0.560200 0.986000
vt 0.632200 0.447300
vt 0.637800 0.450300
vt 0.633500 0.455200
vt 0.620900 0.447100
vt 0.627400 0.443300
vt 0.578200 0.956500
vt 0.046000 0.630300
vt 0.150500 0.325900
vt 0.158900 0.334900
vt 0.143300 0.509800
vt 0.209900 0.404400
vt 0.202100 0.418300
vt 0.211300 0.427600
vt 0.203000 0.435100
vt 0.192000 0.424500
vt 0.025848 0.647747
vt 0.028628 0.647579
vt 0.615200 0.588300
vt 0.624400 0.589900
vt 0.620500 0.594600
vt 0.612300 0.594100
vt 0.608100 0.590400
vt 0.395800 0.211100
vt 0.367000 0.215700
vt 0.395400 0.192800
vt 0.104900 0.638900
vt 0.763000 0.888500
vt 0.893200 0.823400
vt 0.890600 0.821200
vt 0.887900 0.819100
vt 0.892900 0.812900
vt 0.899500 0.819900
vt 0.905400 0.826100
vt 0.895600 0.828700
vt 0.437200 0.994500
vt 0.436800 0.988700
vt 0.435400 0.982800
vt 0.549500 0.968300
vt 0.534400 0.968000
vt 0.845400 0.623900
vt 0.830100 0.614900
vt 0.834400 0.612000
vt 0.517400 0.644900
vt 0.513400 0.642100
vt 0.517800 0.636300
vt 0.977900 0.606300
vt 0.972600 0.611300
vt 0.963100 0.601200
vt 0.968100 0.596600
vt 0.589100 0.377600
vt 0.655500 0.365900
vt 0.645900 0.367100
vt 0.645300 0.380700
vt 0.630400 0.380600
vt 0.629100 0.401700
vt 0.610500 0.399300
vt 0.593000 0.397800
vt 0.656500 0.637900
vt 0.654300 0.633400
vt 0.651200 0.629000
vt 0.654500 0.624100
vt 0.656500 0.618600
vt 0.680400 0.642700
vt 0.673800 0.648700
vt 0.667400 0.655000
vt 0.660700 0.645700
vt 0.377800 0.433900
vt 0.400400 0.411200
vt 0.845300 0.713600
vt 0.848700 0.688500
vt 0.856200 0.687900
vt 0.857800 0.695900
vt 0.864700 0.712200
vt 0.476800 0.994000
vt 0.460000 0.992900
vt 0.459500 0.987400
vt 0.576400 0.541400
vt 0.917900 0.515100
vt 0.915700 0.517900
vt 0.578400 0.544900
vt 0.479000 0.932700
vt 0.637100 0.485100
vt 0.966000 0.502400
vt 0.958300 0.490300
vt 0.628600 0.487300
vt 0.629600 0.483700
vt 0.876100 0.446800
vt 0.880300 0.452300
vt 0.876300 0.452000
vt 0.873700 0.448300
vt 0.869800 0.444700
vt 0.871100 0.442900
vt 0.314100 0.447700
vt 0.312300 0.441000
vt 0.317700 0.444700
vt 0.322000 0.449500
vt 0.325200 0.453000
vt 0.323500 0.454900
vt 0.319200 0.452100
vt 0.415500 0.155100
vt 0.378500 0.158700
vt 0.432100 0.338700
vt 0.129400 0.595200
vt 0.131900 0.588100
vt 0.126700 0.587500
vt 0.205300 0.061200
vt 0.206900 0.061100
vt 0.204200 0.062100
vt 0.203500 0.061400
vt 0.205200 0.063200
vt 0.204000 0.063100
vt 0.203000 0.062600
vt 0.224833 0.049012
vt 0.223433 0.049112
vt 0.223700 0.047400
vt 0.225500 0.047600
vt 0.193613 0.076416
vt 0.195833 0.074312
vt 0.196733 0.075212
vt 0.194865 0.077373
vt 0.194933 0.073512
vt 0.192390 0.075584
vt 0.222300 0.047600
vt 0.221900 0.048600
vt 0.197900 0.035200
vt 0.199500 0.039200
vt 0.197300 0.040200
vt 0.196000 0.036000
vt 0.195900 0.048100
vt 0.192500 0.043500
vt 0.195300 0.041400
vt 0.808100 0.405100
vt 0.808300 0.406100
vt 0.804600 0.407200
vt 0.801900 0.403900
vt 0.803200 0.403300
vt 0.805200 0.405000
vt 0.191600 0.052100
vt 0.193300 0.050300
vt 0.197100 0.055000
vt 0.195700 0.056700
vt 0.188300 0.055500
vt 0.192700 0.060300
vt 0.202300 0.067100
vt 0.199500 0.070800
vt 0.203300 0.067800
vt 0.211100 0.057700
vt 0.211900 0.059300
vt 0.202000 0.037800
vt 0.205600 0.042500
vt 0.204700 0.035900
vt 0.208300 0.040500
vt 0.200100 0.033900
vt 0.202300 0.032400
vt 0.588000 0.341700
vt 0.617800 0.289000
vt 0.657700 0.287200
vt 0.668700 0.308000
vt 0.650300 0.319700
vt 0.608100 0.335600
vt 0.608400 0.346300
vt 0.215500 0.521700
vt 0.218800 0.525300
vt 0.215700 0.527400
vt 0.212500 0.524500
vt 0.208700 0.521100
vt 0.211800 0.518200
vt 0.185100 0.050100
vt 0.188100 0.047500
vt 0.185800 0.057700
vt 0.190100 0.063000
vt 0.186933 0.065612
vt 0.182633 0.059912
vt 0.220500 0.053900
vt 0.219100 0.052500
vt 0.216300 0.057100
vt 0.215300 0.055500
vt 0.200400 0.071600
vt 0.968500 0.526500
vt 0.959400 0.525000
vt 0.948300 0.525300
vt 0.958200 0.517600
vt 0.968100 0.517900
vt 0.978400 0.515900
vt 0.977600 0.529700
vt 0.850200 0.223500
vt 0.832500 0.205400
vt 0.848900 0.193100
vt 0.863900 0.209200
vt 0.377200 0.066500
vt 0.414000 0.052000
vt 0.414200 0.069500
vt 0.319700 0.796700
vt 0.312700 0.808900
vt 0.311700 0.822100
vt 0.313400 0.832700
vt 0.318800 0.846800
vt 0.310500 0.849900
vt 0.307000 0.842900
vt 0.300100 0.808200
vt 0.303000 0.793600
vt 0.308900 0.778800
vt 0.330800 0.784300
vt 0.182900 0.046400
vt 0.185500 0.044400
vt 0.182500 0.052100
vt 0.180400 0.048100
vt 0.180360 0.060952
vt 0.176917 0.054942
vt 0.179133 0.053912
vt 0.538900 0.588300
vt 0.542800 0.592900
vt 0.862900 0.941000
vt 0.865200 0.946700
vt 0.177333 0.049812
vt 0.175075 0.049896
vt 0.857400 0.325100
vt 0.854500 0.330400
vt 0.843600 0.323000
vt 0.847600 0.316600
vt 0.216300 0.049500
vt 0.219700 0.045800
vt 0.486072 0.250942
vt 0.200800 0.059000
vt 0.199900 0.060400
vt 0.860400 0.815200
vt 0.862100 0.821900
vt 0.856100 0.823700
vt 0.854100 0.818100
vt 0.851900 0.814100
vt 0.858300 0.810700
vt 0.188654 0.072310
vt 0.191233 0.070612
vt 0.222700 0.043800
vt 0.225000 0.043300
vt 0.220700 0.044800
vt 0.197400 0.064100
vt 0.194700 0.067500
vt 0.184381 0.067120
vt 0.219900 0.038900
vt 0.222700 0.037400
vt 0.217500 0.040600
vt 0.216200 0.041700
vt 0.215900 0.034200
vt 0.218600 0.032100
vt 0.213600 0.036000
vt 0.212200 0.037100
vt 0.126800 0.332300
vt 0.128500 0.333000
vt 0.127000 0.337400
vt 0.125700 0.338000
vt 0.121700 0.340800
vt 0.120800 0.339000
vt 0.125400 0.339100
vt 0.139306 0.318124
vt 0.137547 0.314380
vt 0.141412 0.313777
vt 0.139800 0.326200
vt 0.135600 0.322300
vt 0.139300 0.320200
vt 0.143300 0.322500
vt 0.144200 0.321100
vt 0.140000 0.340100
vt 0.147200 0.344200
vt 0.144200 0.349200
vt 0.137400 0.344700
vt 0.142700 0.351000
vt 0.136200 0.346200
vt 0.130000 0.341500
vt 0.130900 0.340200
vt 0.141000 0.352800
vt 0.134700 0.347900
vt 0.128800 0.342900
vt 0.130300 0.352100
vt 0.124800 0.345900
vt 0.120500 0.349600
vt 0.116800 0.344100
vt 0.115600 0.342600
vt 0.133200 0.335600
vt 0.149100 0.340500
vt 0.142500 0.335500
vt 0.152900 0.342400
vt 0.151300 0.345600
vt 0.143700 0.355700
vt 0.144900 0.354600
vt 0.141000 0.358900
vt 0.137400 0.356600
vt 0.127100 0.355400
vt 0.112500 0.348900
vt 0.116700 0.354000
vt 0.145306 0.317324
vt 0.145000 0.319500
vt 0.151900 0.324000
vt 0.131400 0.327200
vt 0.136000 0.330600
vt 0.129700 0.326300
vt 0.134500 0.320600
vt 0.111100 0.347600
vt 0.882300 0.248500
vt 0.860400 0.291200
vt 0.852500 0.285900
vt 0.864500 0.234500
vt 0.873500 0.241500
vt 0.140300 0.274100
vt 0.136900 0.271500
vt 0.138500 0.268900
vt 0.145700 0.273900
vt 0.124300 0.359700
vt 0.153306 0.321524
vt 0.158406 0.328624
vt 0.160358 0.325501
vt 0.163001 0.329277
vt 0.161006 0.332124
vt 0.154706 0.319082
vt 0.146650 0.314163
vt 0.949700 0.593900
vt 0.947300 0.590300
vt 0.951000 0.588200
vt 0.953000 0.592200
vt 0.949800 0.586000
vt 0.947200 0.585100
vt 0.989700 0.586800
vt 0.991900 0.593800
vt 0.814500 0.399500
vt 0.813500 0.401600
vt 0.812100 0.400900
vt 0.813500 0.397700
vt 0.814700 0.397500
vt 0.959600 0.604700
vt 0.954400 0.600400
vt 0.958400 0.597600
vt 0.955700 0.609100
vt 0.951000 0.604400
vt 0.948200 0.601500
vt 0.951200 0.597200
vt 0.946200 0.609000
vt 0.943600 0.605700
vt 0.942600 0.604300
vt 0.946900 0.600300
vt 0.939500 0.607100
vt 0.938700 0.605700
vt 0.861800 0.582000
vt 0.849600 0.575800
vt 0.854900 0.572000
vt 0.864900 0.570300
vt 0.954700 0.578800
vt 0.956700 0.579100
vt 0.958400 0.581100
vt 0.958300 0.587500
vt 0.951000 0.580800
vt 0.943100 0.747800
vt 0.949500 0.740700
vt 0.951700 0.746200
vt 0.945500 0.750800
vt 0.954900 0.594600
vt 0.960900 0.589300
vt 0.964000 0.592200
vt 0.969600 0.586000
vt 0.967600 0.583000
vt 0.966200 0.581500
vt 0.968900 0.579800
vt 0.984700 0.579000
vt 0.946800 0.615800
vt 0.950000 0.613400
vt 0.955700 0.620500
vt 0.952800 0.623500
vt 0.959900 0.624700
vt 0.957800 0.628200
vt 0.508400 0.845200
vt 0.513800 0.843700
vt 0.520500 0.842000
vt 0.521300 0.846500
vt 0.514600 0.848800
vt 0.508800 0.850900
vt 0.965000 0.609900
vt 0.960700 0.615000
vt 0.942000 0.610500
vt 0.975200 0.574500
vt 0.971200 0.577700
vt 0.973600 0.574000
vt 0.714300 0.804600
vt 0.709800 0.810100
vt 0.702400 0.818000
vt 0.695700 0.812900
vt 0.710100 0.800000
vt 0.969100 0.614700
vt 0.964700 0.619000
vt 0.537900 0.719400
vt 0.633800 0.891200
vt 0.623900 0.884000
vt 0.626600 0.878000
vt 0.623600 0.135200
vt 0.623100 0.132800
vt 0.625300 0.135700
vt 0.620600 0.112000
vt 0.618000 0.114600
vt 0.616300 0.111700
vt 0.622600 0.107600
vt 0.624100 0.113100
vt 0.626900 0.109800
vt 0.633900 0.116500
vt 0.637900 0.113700
vt 0.640300 0.118000
vt 0.635800 0.118100
vt 0.642000 0.115700
vt 0.645000 0.116100
vt 0.644700 0.118400
vt 0.632300 0.125400
vt 0.634600 0.121900
vt 0.637300 0.123300
vt 0.634600 0.127300
vt 0.629400 0.123000
vt 0.631600 0.120000
vt 0.180600 0.109000
vt 0.177300 0.111800
vt 0.170400 0.104300
vt 0.173900 0.102000
vt 0.891000 0.605200
vt 0.887100 0.614400
vt 0.882400 0.626800
vt 0.876400 0.625600
vt 0.887000 0.603900
vt 0.891400 0.597200
vt 0.894600 0.598000
vt 0.615700 0.116900
vt 0.612300 0.120100
vt 0.610200 0.117700
vt 0.613500 0.114600
vt 0.628500 0.101900
vt 0.632000 0.105100
vt 0.637300 0.108200
vt 0.640000 0.112900
vt 0.635000 0.109400
vt 0.510200 0.855600
vt 0.504200 0.858200
vt 0.503700 0.852900
vt 0.516300 0.853300
vt 0.622400 0.143400
vt 0.623500 0.138800
vt 0.625400 0.139300
vt 0.624100 0.144000
vt 0.648600 0.116400
vt 0.649000 0.118300
vt 0.630800 0.131200
vt 0.627100 0.133100
vt 0.626500 0.130200
vt 0.629200 0.128500
vt 0.623800 0.131100
vt 0.621700 0.129400
vt 0.631000 0.100000
vt 0.634400 0.103500
vt 0.640100 0.106900
vt 0.643300 0.111800
vt 0.613000 0.134800
vt 0.614400 0.131200
vt 0.619100 0.133700
vt 0.618200 0.137500
vt 0.620100 0.131300
vt 0.933500 0.833200
vt 0.936000 0.843300
vt 0.917700 0.837000
vt 0.917700 0.832300
vt 0.914000 0.824100
vt 0.238600 0.841200
vt 0.229100 0.818700
vt 0.252800 0.815100
vt 0.268000 0.849300
vt 0.247500 0.856800
vt 0.607900 0.120300
vt 0.610100 0.122900
vt 0.601800 0.130100
vt 0.604400 0.127900
vt 0.607700 0.132000
vt 0.636900 0.102000
vt 0.633100 0.098400
vt 0.629400 0.094600
vt 0.631100 0.093000
vt 0.606400 0.125000
vt 0.609600 0.128600
vt 0.616100 0.128400
vt 0.612000 0.125500
vt 0.602500 0.121700
vt 0.603600 0.119800
vt 0.600600 0.123800
vt 0.598300 0.125800
vt 0.272700 0.479300
vt 0.273000 0.486400
vt 0.271000 0.486100
vt 0.269600 0.479400
vt 0.138700 0.362200
vt 0.136900 0.366000
vt 0.132700 0.364300
vt 0.832100 0.727600
vt 0.802000 0.704900
vt 0.817500 0.700600
vt 0.630900 0.642700
vt 0.631900 0.641800
vt 0.633600 0.643500
vt 0.629300 0.644400
vt 0.178000 0.170300
vt 0.180400 0.168400
vt 0.182200 0.171000
vt 0.183700 0.173500
vt 0.181300 0.175200
vt 0.179600 0.172900
vt 0.624900 0.639100
vt 0.624500 0.634200
vt 0.628000 0.637700
vt 0.626900 0.638600
vt 0.631600 0.653000
vt 0.636000 0.646000
vt 0.640800 0.650200
vt 0.635300 0.654300
vt 0.490000 0.719000
vt 0.497200 0.714600
vt 0.613800 0.786200
vt 0.623100 0.778500
vt 0.627300 0.782200
vt 0.618900 0.774900
vt 0.482400 0.711600
vt 0.487900 0.708800
vt 0.469900 0.679700
vt 0.451300 0.668200
vt 0.455900 0.664100
vt 0.451600 0.676300
vt 0.906400 0.275500
vt 0.893300 0.290100
vt 0.882500 0.278400
vt 0.904300 0.248200
vt 0.934900 0.220000
vt 0.470800 0.706200
vt 0.480400 0.689700
vt 0.304000 0.853800
vt 0.300100 0.846500
vt 0.314300 0.859100
vt 0.278600 0.866300
vt 0.295100 0.859000
vt 0.290500 0.851300
vt 0.273300 0.858400
vt 0.838400 0.597700
vt 0.840900 0.601700
vt 0.831500 0.606600
vt 0.827600 0.601100
vt 0.845400 0.606600
vt 0.822000 0.611800
vt 0.812000 0.608300
vt 0.820200 0.598700
vt 0.826700 0.613800
vt 0.804200 0.632800
vt 0.821800 0.633600
vt 0.819900 0.652500
vt 0.801500 0.646900
vt 0.686400 0.973600
vt 0.828500 0.634000
vt 0.830300 0.647300
vt 0.511300 0.647600
vt 0.511400 0.651200
vt 0.462100 0.241300
vt 0.441837 0.252577
vt 0.440700 0.242700
vt 0.682900 0.573200
vt 0.669900 0.565100
vt 0.691800 0.572200
vt 0.589700 0.846200
vt 0.569500 0.845300
vt 0.603700 0.835900
vt 0.612200 0.831700
vt 0.620200 0.826700
vt 0.624400 0.833100
vt 0.603700 0.851200
vt 0.137500 0.823200
vt 0.148300 0.831900
vt 0.136800 0.843800
vt 0.529200 0.737100
vt 0.537200 0.730500
vt 0.541200 0.733100
vt 0.529400 0.753400
vt 0.524800 0.730100
vt 0.531700 0.725500
vt 0.546000 0.734700
vt 0.559300 0.738300
vt 0.549900 0.758600
vt 0.536200 0.754200
vt 0.613800 0.656400
vt 0.604600 0.654400
vt 0.611700 0.650400
vt 0.621700 0.648600
vt 0.755400 0.303600
vt 0.771100 0.301600
vt 0.772400 0.320600
vt 0.613600 0.644200
vt 0.621100 0.641000
vt 0.621800 0.645000
vt 0.854200 0.613600
vt 0.852100 0.601100
vt 0.859300 0.605700
vt 0.866600 0.609100
vt 0.861900 0.617800
vt 0.854600 0.621500
vt 0.520500 0.632000
vt 0.522300 0.627200
vt 0.529300 0.629100
vt 0.526200 0.634400
vt 0.522000 0.619800
vt 0.529300 0.620400
vt 0.480200 0.260100
vt 0.554900 0.678400
vt 0.528000 0.704500
vt 0.517100 0.688300
vt 0.532900 0.683600
vt 0.562900 0.678500
vt 0.491800 0.678000
vt 0.498300 0.682300
vt 0.497800 0.687200
vt 0.488800 0.686100
vt 0.473900 0.674700
vt 0.478300 0.668100
vt 0.918800 0.315600
vt 0.905500 0.300400
vt 0.919300 0.287100
vt 0.718100 0.694600
vt 0.730500 0.696300
vt 0.788200 0.649000
vt 0.779900 0.656100
vt 0.553700 0.631400
vt 0.554300 0.621500
vt 0.562900 0.624500
vt 0.563300 0.635000
vt 0.301700 0.899900
vt 0.313600 0.889700
vt 0.319500 0.896000
vt 0.309700 0.911600
vt 0.990000 0.771900
vt 0.619200 0.618800
vt 0.624500 0.621600
vt 0.622300 0.626700
vt 0.619500 0.624700
vt 0.616400 0.622000
vt 0.848100 0.633400
vt 0.828000 0.622900
vt 0.821700 0.621700
vt 0.803700 0.620900
vt 0.567900 0.784300
vt 0.566900 0.788800
vt 0.559400 0.787800
vt 0.561000 0.782400
vt 0.570600 0.769400
vt 0.899900 0.593600
vt 0.897200 0.599000
vt 0.644700 0.482900
vt 0.654300 0.492000
vt 0.650700 0.494700
vt 0.646600 0.495600
vt 0.642800 0.487900
vt 0.895100 0.810400
vt 0.898400 0.813900
vt 0.902200 0.818000
vt 0.549300 0.593600
vt 0.545000 0.586800
vt 0.552300 0.600900
vt 0.547600 0.574300
vt 0.551800 0.579000
vt 0.584600 0.619700
vt 0.580500 0.617300
vt 0.582500 0.608100
vt 0.323300 0.486900
vt 0.323700 0.482300
vt 0.327100 0.483400
vt 0.329700 0.484100
vt 0.330000 0.488300
vt 0.577600 0.615600
vt 0.577000 0.609200
vt 0.578100 0.624200
vt 0.335800 0.794600
vt 0.329300 0.802100
vt 0.994100 0.789400
vt 0.986600 0.795300
vt 0.980800 0.788000
vt 0.990300 0.782800
vt 0.997000 0.793400
vt 0.990100 0.799600
vt 0.637600 0.715500
vt 0.632800 0.721900
vt 0.626200 0.719800
vt 0.633700 0.710400
vt 0.962700 0.777400
vt 0.975000 0.800100
vt 0.980900 0.805900
vt 0.985700 0.810100
vt 0.575300 0.517700
vt 0.925300 0.502500
vt 0.920700 0.504400
vt 0.577300 0.527500
vt 0.573700 0.526500
vt 0.889100 0.627300
vt 0.883700 0.642700
vt 0.876400 0.641800
vt 0.675800 0.324400
vt 0.370700 0.637400
vt 0.370600 0.652400
vt 0.357000 0.652800
vt 0.355600 0.662500
vt 0.341100 0.660600
vt 0.368400 0.596200
vt 0.388600 0.600400
vt 0.389700 0.617900
vt 0.391900 0.636500
vt 0.623700 0.716500
vt 0.618100 0.722300
vt 0.615800 0.719700
vt 0.621400 0.713500
vt 0.620500 0.725100
vt 0.892100 0.930400
vt 0.884400 0.931700
vt 0.059400 0.084500
vt 0.059500 0.078700
vt 0.063100 0.079700
vt 0.063000 0.086200
vt 0.055700 0.082800
vt 0.055600 0.077900
vt 0.918100 0.778800
vt 0.911000 0.786700
vt 0.904400 0.781600
vt 0.910600 0.773800
vt 0.903200 0.770400
vt 0.898700 0.777100
vt 0.895200 0.774300
vt 0.898400 0.768900
vt 0.911000 0.892800
vt 0.918800 0.898200
vt 0.911700 0.906800
vt 0.903500 0.902100
vt 0.891300 0.892700
vt 0.892700 0.900000
vt 0.657500 0.547500
vt 0.663100 0.534900
vt 0.668400 0.538200
vt 0.961100 0.798500
vt 0.953100 0.802500
vt 0.955200 0.796400
vt 0.563800 0.566000
vt 0.576700 0.580000
vt 0.573300 0.582200
vt 0.557000 0.565400
vt 0.553800 0.562100
vt 0.557700 0.559300
vt 0.560800 0.562900
vt 0.938900 0.792000
vt 0.943000 0.786800
vt 0.947300 0.782700
vt 0.518500 0.767500
vt 0.524600 0.767900
vt 0.523000 0.772200
vt 0.517300 0.772500
vt 0.522900 0.778400
vt 0.515700 0.779600
vt 0.377200 0.392400
vt 0.376000 0.389700
vt 0.382300 0.393600
vt 0.378500 0.394900
vt 0.528200 0.772000
vt 0.529400 0.777200
vt 0.530500 0.768600
vt 0.540500 0.776200
vt 0.810300 0.394400
vt 0.807200 0.395300
vt 0.806700 0.393800
vt 0.810400 0.393300
vt 0.816200 0.394800
vt 0.814600 0.395500
vt 0.649700 0.455300
vt 0.655400 0.445000
vt 0.662800 0.446900
vt 0.660800 0.452300
vt 0.659900 0.461900
vt 0.431900 0.651200
vt 0.434100 0.646700
vt 0.436000 0.650500
vt 0.433300 0.653300
vt 0.960600 0.729900
vt 0.964700 0.730900
vt 0.571400 0.784000
vt 0.723800 0.751900
vt 0.713500 0.737700
vt 0.723500 0.726400
vt 0.729100 0.743500
vt 0.736900 0.764600
vt 0.069600 0.355800
vt 0.076200 0.374900
vt 0.066300 0.409600
vt 0.068700 0.400600
vt 0.070300 0.391200
vt 0.070200 0.384200
vt 0.065000 0.357000
vt 0.676300 0.498700
vt 0.676500 0.507300
vt 0.672200 0.507800
vt 0.668500 0.501500
vt 0.659200 0.488600
vt 0.666000 0.484200
vt 0.829800 0.590100
vt 0.834200 0.588400
vt 0.862900 0.678100
vt 0.866400 0.680600
vt 0.854800 0.685300
vt 0.859100 0.676200
vt 0.848900 0.685000
vt 0.849500 0.675000
vt 0.923500 0.742700
vt 0.932400 0.737300
vt 0.933300 0.741300
vt 0.927100 0.747000
vt 0.941600 0.737300
vt 0.937400 0.743500
vt 0.931400 0.749800
vt 0.568500 0.693200
vt 0.570500 0.680100
vt 0.574800 0.664600
vt 0.583200 0.670400
vt 0.574800 0.695200
vt 0.627300 0.471300
vt 0.616900 0.470800
vt 0.615100 0.463000
vt 0.621000 0.455800
vt 0.627400 0.459000
vt 0.630900 0.464500
vt 0.429100 0.671100
vt 0.419100 0.672700
vt 0.416700 0.655800
vt 0.426900 0.655500
vt 0.604200 0.465200
vt 0.598200 0.458200
vt 0.606400 0.455100
vt 0.614500 0.451400
vt 0.909100 0.946100
vt 0.924900 0.951600
vt 0.589700 0.497000
vt 0.602600 0.488100
vt 0.945100 0.482700
vt 0.951600 0.486400
vt 0.939100 0.495600
vt 0.075600 0.084000
vt 0.075500 0.066400
vt 0.085500 0.067300
vt 0.079000 0.087900
vt 0.083600 0.088200
vt 0.076200 0.092100
vt 0.074400 0.089600
vt 0.812300 0.663900
vt 0.803900 0.665300
vt 0.509400 0.680300
vt 0.505900 0.689200
vt 0.505100 0.684600
vt 0.951200 0.732100
vt 0.945900 0.725800
vt 0.951400 0.722100
vt 0.955400 0.730100
vt 0.872300 0.685000
vt 0.865500 0.697500
vt 0.158100 0.213800
vt 0.163000 0.212700
vt 0.164100 0.216600
vt 0.166500 0.222700
vt 0.162500 0.224800
vt 0.807200 0.683800
vt 0.824000 0.694400
vt 0.399700 0.754400
vt 0.413200 0.764500
vt 0.401400 0.768700
vt 0.389800 0.764500
vt 0.881700 0.418900
vt 0.883200 0.424500
vt 0.883400 0.428700
vt 0.879900 0.431400
vt 0.877000 0.427900
vt 0.873700 0.422300
vt 0.870600 0.416400
vt 0.877300 0.412000
vt 0.493400 0.855600
vt 0.490400 0.852000
vt 0.494300 0.845300
vt 0.499000 0.846600
vt 0.351500 0.782300
vt 0.343700 0.788500
vt 0.342600 0.780000
vt 0.355000 0.775800
vt 0.486500 0.860100
vt 0.360900 0.763900
vt 0.364100 0.771700
vt 0.346200 0.765000
vt 0.862200 0.734900
vt 0.870900 0.746300
vt 0.865400 0.752300
vt 0.854800 0.744300
vt 0.872200 0.749900
vt 0.868900 0.754600
vt 0.019800 0.091300
vt 0.013800 0.094500
vt 0.012100 0.085900
vt 0.019100 0.033800
vt 0.131400 0.187200
vt 0.125800 0.184500
vt 0.127200 0.178900
vt 0.132800 0.180600
vt 0.136900 0.182100
vt 0.134700 0.190000
vt 0.926000 0.728300
vt 0.933000 0.728100
vt 0.756400 0.392000
vt 0.757200 0.401900
vt 0.747000 0.411400
vt 0.947400 0.771100
vt 0.949300 0.777400
vt 0.939300 0.772400
vt 0.940100 0.767700
vt 0.456100 0.612600
vt 0.453400 0.623500
vt 0.446100 0.629200
vt 0.441900 0.622600
vt 0.445900 0.614600
vt 0.449300 0.606500
vt 0.562300 0.490400
vt 0.789500 0.237200
vt 0.780300 0.194600
vt 0.167000 0.843800
vt 0.176700 0.827800
vt 0.193100 0.837400
vt 0.180600 0.853800
vt 0.926500 0.519900
vt 0.938000 0.523500
vt 0.930500 0.525800
vt 0.399500 0.785100
vt 0.398700 0.780500
vt 0.411700 0.779000
vt 0.414700 0.784500
vt 0.400100 0.790000
vt 0.417600 0.790500
vt 0.499900 0.889200
vt 0.505100 0.882800
vt 0.509900 0.887600
vt 0.505500 0.896500
vt 0.891800 0.615300
vt 0.790500 0.955100
vt 0.764600 0.953000
vt 0.742200 0.951700
vt 0.741500 0.938700
vt 0.781600 0.935800
vt 0.796000 0.938200
vt 0.812700 0.928000
vt 0.500300 0.817500
vt 0.500700 0.820800
vt 0.493500 0.819000
vt 0.492400 0.814500
vt 0.500200 0.814100
vt 0.491400 0.810000
vt 0.932300 0.553800
vt 0.943900 0.553000
vt 0.943800 0.568100
vt 0.928600 0.567000
vt 0.287200 0.911600
vt 0.286400 0.939400
vt 0.273800 0.925100
vt 0.212200 0.957200
vt 0.219800 0.953500
vt 0.227400 0.968800
vt 0.219700 0.975600
vt 0.847500 0.597400
vt 0.844200 0.594000
vt 0.647800 0.916300
vt 0.656100 0.916200
vt 0.046700 0.188600
vt 0.054600 0.135000
vt 0.067600 0.137200
vt 0.065200 0.164600
vt 0.066100 0.186800
vt 0.334200 0.876200
vt 0.330900 0.880600
vt 0.327400 0.877400
vt 0.330100 0.874400
vt 0.329900 0.870900
vt 0.334900 0.870900
vt 0.996900 0.786600
vt 0.994500 0.781100
vt 0.998100 0.789900
vt 0.579500 0.591900
vt 0.580400 0.589600
vt 0.585200 0.594600
vt 0.581400 0.597400
vt 0.495400 0.862400
vt 0.497300 0.868500
vt 0.489800 0.872500
vt 0.486200 0.867200
vt 0.615400 0.870000
vt 0.600300 0.859100
vt 0.749800 0.522700
vt 0.747900 0.532900
vt 0.732200 0.533700
vt 0.739900 0.513900
vt 0.750900 0.505500
vt 0.587900 0.853000
vt 0.936200 0.636800
vt 0.941400 0.642200
vt 0.691100 0.597300
vt 0.668500 0.606800
vt 0.647900 0.707000
vt 0.644100 0.699600
vt 0.922500 0.929100
vt 0.930300 0.932000
vt 0.927200 0.942800
vt 0.079400 0.876900
vt 0.066700 0.855500
vt 0.081300 0.848500
vt 0.093700 0.868800
vt 0.103000 0.881100
vt 0.112600 0.892500
vt 0.099400 0.903700
vt 0.089400 0.890300
vt 0.554400 0.569100
vt 0.550500 0.565200
vt 0.640600 0.435000
vt 0.620600 0.434200
vt 0.613900 0.420500
vt 0.628500 0.422600
vt 0.640100 0.425200
vt 0.321700 0.882300
vt 0.731100 0.576000
vt 0.727800 0.565300
vt 0.749900 0.555600
vt 0.755500 0.562600
vt 0.757600 0.572500
vt 0.734900 0.584100
vt 0.627500 0.651300
vt 0.624000 0.649800
vt 0.618800 0.660800
vt 0.615700 0.658000
vt 0.623200 0.664100
vt 0.761800 0.674400
vt 0.743000 0.660200
vt 0.796200 0.667000
vt 0.798000 0.683100
vt 0.791300 0.680600
vt 0.788800 0.670900
vt 0.724000 0.646700
vt 0.733400 0.680500
vt 0.715900 0.676900
vt 0.715900 0.662400
vt 0.272500 0.952100
vt 0.261900 0.963700
vt 0.250800 0.949700
vt 0.260800 0.939200
vt 0.933500 0.274300
vt 0.262300 0.912200
vt 0.850700 0.661500
vt 0.035600 0.131100
vt 0.843000 0.773200
vt 0.833900 0.776300
vt 0.831300 0.764300
vt 0.021000 0.193800
vt 0.022000 0.184700
vt 0.029200 0.107400
vt 0.038000 0.109500
vt 0.428611 0.251332
vt 0.419913 0.249946
vt 0.419700 0.239500
vt 0.253300 0.866300
vt 0.461000 0.152400
vt 0.438300 0.153100
vt 0.437400 0.120400
vt 0.461200 0.119900
vt 0.877900 0.963400
vt 0.518100 0.581600
vt 0.525900 0.581800
vt 0.862900 0.967800
vt 0.873500 0.958700
vt 0.248800 0.794900
vt 0.272000 0.793300
vt 0.207700 0.880900
vt 0.215300 0.889000
vt 0.228700 0.878900
vt 0.235600 0.887700
vt 0.288300 0.793000
vt 0.322800 0.810800
vt 0.320500 0.820900
vt 0.872900 0.585100
vt 0.879800 0.571100
vt 0.862300 0.446000
vt 0.866100 0.442100
vt 0.867100 0.443700
vt 0.861700 0.452400
vt 0.859300 0.451900
vt 0.704200 0.982100
vt 0.687500 0.982700
vt 0.702900 0.972900
vt 0.701400 0.963500
vt 0.762600 0.965200
vt 0.557900 0.833900
vt 0.568500 0.831700
vt 0.578500 0.829300
vt 0.869200 0.622200
vt 0.874600 0.611500
vt 0.862700 0.629600
vt 0.894300 0.606300
vt 0.175100 0.166700
vt 0.170800 0.162600
vt 0.168500 0.160300
vt 0.169300 0.158900
vt 0.172500 0.160900
vt 0.177200 0.165000
vt 0.500300 0.875800
vt 0.494100 0.880200
vt 0.518100 0.872400
vt 0.512300 0.876500
vt 0.508300 0.870500
vt 0.514500 0.866700
vt 0.505800 0.863900
vt 0.512100 0.860800
vt 0.518600 0.858000
vt 0.520800 0.863200
vt 0.061500 0.318000
vt 0.067200 0.303400
vt 0.065900 0.318600
vt 0.851000 0.652400
vt 0.034600 0.592900
vt 0.033000 0.601600
vt 0.504100 0.846400
vt 0.514000 0.839400
vt 0.520300 0.838500
vt 0.509100 0.840000
vt 0.509800 0.836400
vt 0.514400 0.836400
vt 0.520500 0.836000
vt 0.501600 0.840200
vt 0.503000 0.835500
vt 0.506600 0.836200
vt 0.505600 0.840400
vt 0.515100 0.832100
vt 0.520900 0.832500
vt 0.510500 0.831300
vt 0.507000 0.830500
vt 0.502600 0.829200
vt 0.500800 0.834600
vt 0.498400 0.827500
vt 0.507200 0.825900
vt 0.507400 0.823200
vt 0.511800 0.824800
vt 0.511300 0.827200
vt 0.501500 0.824000
vt 0.495600 0.822100
vt 0.516000 0.828500
vt 0.521700 0.829300
vt 0.516700 0.826300
vt 0.522300 0.827300
vt 0.517100 0.824100
vt 0.517300 0.821900
vt 0.522200 0.824200
vt 0.522600 0.825400
vt 0.512100 0.822300
vt 0.512300 0.819500
vt 0.507500 0.820400
vt 0.507700 0.817500
vt 0.516300 0.880200
vt 0.521200 0.875900
vt 0.535600 0.860500
vt 0.536900 0.863200
vt 0.531100 0.866500
vt 0.529300 0.864200
vt 0.542700 0.859900
vt 0.542500 0.857600
vt 0.534100 0.856600
vt 0.541700 0.853700
vt 0.527200 0.859900
vt 0.523700 0.868200
vt 0.550100 0.851700
vt 0.559200 0.850500
vt 0.558900 0.854700
vt 0.550300 0.855700
vt 0.549700 0.847800
vt 0.559300 0.846300
vt 0.540800 0.849800
vt 0.532800 0.852500
vt 0.549300 0.843900
vt 0.539800 0.846000
vt 0.531000 0.848400
vt 0.548500 0.840000
vt 0.538800 0.842100
vt 0.529500 0.844300
vt 0.547700 0.836200
vt 0.537800 0.838300
vt 0.528600 0.840200
vt 0.547000 0.833300
vt 0.557200 0.831000
vt 0.882300 0.305700
vt 0.874800 0.318700
vt 0.868100 0.333900
vt 0.862000 0.330000
vt 0.862600 0.323100
vt 0.870500 0.298000
vt 0.537100 0.833500
vt 0.546600 0.831500
vt 0.537300 0.835400
vt 0.556700 0.829000
vt 0.528300 0.837100
vt 0.528200 0.835000
vt 0.546000 0.828700
vt 0.555800 0.826100
vt 0.536800 0.830700
vt 0.528300 0.832000
vt 0.545400 0.826000
vt 0.554800 0.823300
vt 0.536600 0.828000
vt 0.536500 0.826200
vt 0.545000 0.824200
vt 0.554000 0.821400
vt 0.528600 0.829100
vt 0.528900 0.827300
vt 0.544500 0.822300
vt 0.553200 0.819500
vt 0.536300 0.824400
vt 0.535700 0.823100
vt 0.544000 0.820500
vt 0.552300 0.817800
vt 0.528900 0.823700
vt 0.529000 0.825500
vt 0.563300 0.818000
vt 0.562200 0.816000
vt 0.561000 0.813900
vt 0.032300 0.373100
vt 0.037100 0.356600
vt 0.039300 0.357200
vt 0.034900 0.374400
vt 0.041600 0.357700
vt 0.037500 0.375700
vt 0.568200 0.854800
vt 0.567600 0.858300
vt 0.558500 0.857400
vt 0.550600 0.858700
vt 0.597300 0.865500
vt 0.595300 0.869400
vt 0.584200 0.862700
vt 0.585800 0.858700
vt 0.734300 0.785100
vt 0.728900 0.790200
vt 0.723600 0.783900
vt 0.716500 0.777700
vt 0.719800 0.770100
vt 0.733800 0.779100
vt 0.569000 0.850100
vt 0.612300 0.876400
vt 0.610100 0.881000
vt 0.622300 0.888400
vt 0.704700 0.551700
vt 0.127500 0.409300
vt 0.117300 0.401200
vt 0.122100 0.396900
vt 0.708200 0.541800
vt 0.711000 0.548900
vt 0.640200 0.879600
vt 0.637300 0.885500
vt 0.628100 0.842200
vt 0.376200 0.436200
vt 0.182900 0.785200
vt 0.155400 0.818200
vt 0.158100 0.778900
vt 0.156400 0.754600
vt 0.181300 0.760700
vt 0.510200 0.672600
vt 0.534300 0.660300
vt 0.522100 0.665900
vt 0.541700 0.654800
vt 0.508400 0.668600
vt 0.502000 0.664500
vt 0.507800 0.665400
vt 0.501300 0.667800
vt 0.501500 0.671700
vt 0.520700 0.661900
vt 0.531800 0.656500
vt 0.539100 0.652400
vt 0.901700 0.886600
vt 0.888200 0.886800
vt 0.070200 0.318700
vt 0.072800 0.304000
vt 0.071400 0.311100
vt 0.803800 0.401900
vt 0.802600 0.400900
vt 0.803900 0.397700
vt 0.805200 0.396300
vt 0.809200 0.398000
vt 0.806700 0.398500
vt 0.612500 0.562000
vt 0.604500 0.560300
vt 0.902900 0.547400
vt 0.922100 0.536800
vt 0.924500 0.540400
vt 0.872500 0.936300
vt 0.542000 0.550300
vt 0.538300 0.558600
vt 0.525800 0.556200
vt 0.510100 0.561100
vt 0.506100 0.555000
vt 0.519800 0.549000
vt 0.532700 0.541000
vt 0.473800 0.628500
vt 0.469300 0.627900
vt 0.471700 0.619000
vt 0.475500 0.610000
vt 0.485300 0.596200
vt 0.506700 0.579300
vt 0.509400 0.583700
vt 0.874300 0.941700
vt 0.883300 0.938600
vt 0.877700 0.946800
vt 0.874500 0.945200
vt 0.892200 0.942700
vt 0.882400 0.950500
vt 0.889800 0.954800
vt 0.884800 0.955100
vt 0.900600 0.924300
vt 0.902900 0.928700
vt 0.893600 0.932800
vt 0.894100 0.919800
vt 0.910800 0.919800
vt 0.905900 0.914500
vt 0.910100 0.915700
vt 0.915500 0.910300
vt 0.918300 0.914600
vt 0.899100 0.911000
vt 0.892800 0.907200
vt 0.888000 0.909900
vt 0.908200 0.936600
vt 0.575300 0.819300
vt 0.565800 0.823100
vt 0.564400 0.820000
vt 0.581300 0.811100
vt 0.583700 0.814800
vt 0.476600 0.637900
vt 0.473100 0.638700
vt 0.476600 0.629300
vt 0.468400 0.639200
vt 0.473900 0.646400
vt 0.469100 0.647500
vt 0.476700 0.652100
vt 0.472000 0.653800
vt 0.477600 0.645100
vt 0.484500 0.655700
vt 0.463400 0.649000
vt 0.461200 0.635900
vt 0.467000 0.656600
vt 0.481600 0.663300
vt 0.491500 0.669100
vt 0.484000 0.659700
vt 0.492500 0.665000
vt 0.496900 0.666600
vt 0.496300 0.670600
vt 0.497500 0.663200
vt 0.493000 0.661900
vt 0.141100 0.496800
vt 0.107100 0.545100
vt 0.103800 0.577300
vt 0.088700 0.575500
vt 0.087000 0.593600
vt 0.063100 0.591000
vt 0.064500 0.572500
vt 0.064700 0.558900
vt 0.054361 0.557540
vt 0.183800 0.436800
vt 0.186700 0.439800
vt 0.461100 0.660500
vt 0.646200 0.460700
vt 0.642900 0.467100
vt 0.450200 0.654500
vt 0.456600 0.651400
vt 0.444800 0.657900
vt 0.441600 0.669000
vt 0.445700 0.679900
vt 0.694500 0.468100
vt 0.690400 0.476300
vt 0.681100 0.470100
vt 0.668100 0.462300
vt 0.671800 0.456400
vt 0.685600 0.462900
vt 0.461900 0.710000
vt 0.457000 0.702600
vt 0.466700 0.717000
vt 0.476600 0.713700
vt 0.483400 0.721500
vt 0.490700 0.742100
vt 0.482200 0.745600
vt 0.478900 0.737200
vt 0.483700 0.750500
vt 0.474500 0.482700
vt 0.484900 0.446600
vt 0.581000 0.268400
vt 0.617900 0.230600
vt 0.630300 0.245800
vt 0.601800 0.271800
vt 0.594500 0.279900
vt 0.522400 0.740700
vt 0.522000 0.754600
vt 0.185100 0.562000
vt 0.182600 0.558300
vt 0.178800 0.553600
vt 0.177100 0.555300
vt 0.181000 0.559600
vt 0.183600 0.563100
vt 0.185000 0.565500
vt 0.186700 0.564400
vt 0.494600 0.750700
vt 0.511600 0.756700
vt 0.502300 0.758400
vt 0.495100 0.754500
vt 0.248800 0.433300
vt 0.222000 0.419300
vt 0.231200 0.412000
vt 0.520100 0.722900
vt 0.876300 0.842700
vt 0.895600 0.839200
vt 0.917700 0.845800
vt 0.918000 0.858700
vt 0.908900 0.634700
vt 0.906000 0.632900
vt 0.907400 0.630600
vt 0.911000 0.632600
vt 0.485100 0.754700
vt 0.477600 0.759800
vt 0.475500 0.755200
vt 0.469900 0.767100
vt 0.473300 0.750100
vt 0.469600 0.741300
vt 0.460500 0.746800
vt 0.454700 0.734100
vt 0.463700 0.728900
vt 0.472400 0.725200
vt 0.449700 0.724800
vt 0.458600 0.720200
vt 0.439000 0.742300
vt 0.445700 0.754400
vt 0.464700 0.756100
vt 0.450900 0.763500
vt 0.421300 0.748700
vt 0.418100 0.739800
vt 0.434700 0.732700
vt 0.430400 0.722100
vt 0.445000 0.715500
vt 0.350900 0.892200
vt 0.344700 0.888800
vt 0.454100 0.712400
vt 0.449600 0.704300
vt 0.444900 0.695200
vt 0.451900 0.693700
vt 0.440600 0.706200
vt 0.436400 0.696500
vt 0.439300 0.681800
vt 0.431600 0.682500
vt 0.436200 0.670800
vt 0.908700 0.661400
vt 0.902900 0.654100
vt 0.904700 0.651700
vt 0.908800 0.656100
vt 0.420900 0.684800
vt 0.423900 0.700000
vt 0.426700 0.711100
vt 0.364100 0.707700
vt 0.382400 0.708900
vt 0.383300 0.693300
vt 0.394200 0.708100
vt 0.398000 0.745300
vt 0.382900 0.745800
vt 0.382900 0.754400
vt 0.359600 0.753400
vt 0.339200 0.766600
vt 0.331000 0.765800
vt 0.340400 0.728100
vt 0.361300 0.731700
vt 0.803800 0.431200
vt 0.806600 0.428900
vt 0.809900 0.432600
vt 0.813100 0.436500
vt 0.811300 0.438000
vt 0.807500 0.434700
vt 0.812200 0.403200
vt 0.810500 0.404200
vt 0.810100 0.402700
vt 0.811500 0.402300
vt 0.292100 0.761500
vt 0.272200 0.758400
vt 0.274900 0.741300
vt 0.294800 0.745600
vt 0.246600 0.753900
vt 0.248900 0.734600
vt 0.271200 0.775700
vt 0.246800 0.774300
vt 0.600200 0.586700
vt 0.598100 0.596600
vt 0.588200 0.590700
vt 0.588500 0.585300
vt 0.587200 0.582100
vt 0.600300 0.582900
vt 0.223300 0.771200
vt 0.222500 0.748200
vt 0.561800 0.764500
vt 0.554600 0.779700
vt 0.572600 0.743900
vt 0.136400 0.775400
vt 0.134500 0.750400
vt 0.108700 0.772900
vt 0.106300 0.746600
vt 0.635100 0.687000
vt 0.611100 0.665000
vt 0.627600 0.666400
vt 0.635400 0.670600
vt 0.644600 0.677400
vt 0.090000 0.772400
vt 0.086800 0.745400
vt 0.078700 0.801300
vt 0.071400 0.773300
vt 0.061900 0.805300
vt 0.053000 0.776400
vt 0.797600 0.090500
vt 0.801800 0.073800
vt 0.844800 0.093800
vt 0.838500 0.108500
vt 0.795200 0.107600
vt 0.832400 0.123600
vt 0.825900 0.138300
vt 0.793700 0.124900
vt 0.096100 0.842300
vt 0.108000 0.861000
vt 0.122600 0.853000
vt 0.117000 0.872100
vt 0.126300 0.882300
vt 0.419100 0.518000
vt 0.408300 0.510600
vt 0.866800 0.153100
vt 0.848800 0.135100
vt 0.154300 0.858600
vt 0.167300 0.869200
vt 0.153800 0.883200
vt 0.140400 0.871200
vt 0.183100 0.883000
vt 0.170300 0.896900
vt 0.196500 0.868900
vt 0.915200 0.737700
vt 0.906900 0.733000
vt 0.897400 0.727800
vt 0.434500 0.663400
vt 0.914500 0.184200
vt 0.928000 0.173800
vt 0.939400 0.195300
vt 0.947100 0.212100
vt 0.191800 0.966400
vt 0.173200 0.958200
vt 0.941600 0.164200
vt 0.953300 0.186800
vt 0.150700 0.946200
vt 0.135400 0.936300
vt 0.146200 0.923100
vt 0.115200 0.919400
vt 0.127300 0.907400
vt 0.140300 0.895800
vt 0.157900 0.910200
vt 0.896800 0.691300
vt 0.902300 0.694100
vt 0.898700 0.697700
vt 0.895100 0.704900
vt 0.888500 0.703500
vt 0.892600 0.696000
vt 0.807300 0.057000
vt 0.851900 0.079200
vt 0.034500 0.781100
vt 0.026500 0.752400
vt 0.046700 0.748400
vt 0.687800 0.068900
vt 0.690500 0.047600
vt 0.694100 0.026100
vt 0.721500 0.031400
vt 0.717900 0.052700
vt 0.715200 0.073900
vt 0.770800 0.528400
vt 0.767300 0.534900
vt 0.763600 0.534700
vt 0.763900 0.528900
vt 0.764500 0.519400
vt 0.772300 0.516800
vt 0.910700 0.434600
vt 0.913200 0.433300
vt 0.918300 0.436100
vt 0.962400 0.399400
vt 0.955400 0.400600
vt 0.328600 0.163000
vt 0.300800 0.165000
vt 0.299800 0.144300
vt 0.299200 0.123400
vt 0.348100 0.122300
vt 0.349800 0.161200
vt 0.577400 0.806800
vt 0.579400 0.808900
vt 0.082000 0.306800
vt 0.078900 0.313000
vt 0.076200 0.311900
vt 0.078400 0.305300
vt 0.080900 0.298800
vt 0.085100 0.300700
vt 0.055000 0.647500
vt 0.525000 0.084800
vt 0.503400 0.085400
vt 0.437100 0.444900
vt 0.422100 0.429800
vt 0.451100 0.403300
vt 0.907100 0.526700
vt 0.906700 0.520500
vt 0.917000 0.521100
vt 0.917800 0.526800
vt 0.970000 0.677100
vt 0.974300 0.672700
vt 0.522900 0.531200
vt 0.511800 0.539800
vt 0.028700 0.613100
vt 0.020200 0.631800
vt 0.499800 0.547600
vt 0.497400 0.566500
vt 0.493300 0.561900
vt 0.548000 0.534200
vt 0.550500 0.546600
vt 0.540800 0.528200
vt 0.546700 0.514500
vt 0.552800 0.518500
vt 0.553400 0.501700
vt 0.486600 0.574700
vt 0.482200 0.571000
vt 0.501600 0.572000
vt 0.491300 0.578500
vt 0.474500 0.590900
vt 0.469700 0.588200
vt 0.478800 0.593200
vt 0.467500 0.606600
vt 0.463600 0.616200
vt 0.461200 0.625500
vt 0.134900 0.088300
vt 0.129100 0.010400
vt 0.137200 0.009300
vt 0.137100 0.033000
vt 0.143400 0.088100
vt 0.619100 0.479000
vt 0.619400 0.483600
vt 0.570800 0.515100
vt 0.587000 0.493300
vt 0.601000 0.484000
vt 0.610100 0.480800
vt 0.516500 0.576400
vt 0.525600 0.576100
vt 0.513200 0.567800
vt 0.524800 0.566600
vt 0.543500 0.570900
vt 0.540800 0.582400
vt 0.537600 0.579900
vt 0.539900 0.569000
vt 0.536100 0.585800
vt 0.532700 0.583700
vt 0.533600 0.577800
vt 0.057000 0.309300
vt 0.052400 0.309800
vt 0.052100 0.302900
vt 0.051800 0.297500
vt 0.051000 0.293600
vt 0.584900 0.551900
vt 0.580700 0.547800
vt 0.645000 0.266500
vt 0.594400 0.554100
vt 0.591200 0.555900
vt 0.907700 0.533000
vt 0.550100 0.613100
vt 0.548000 0.614100
vt 0.549500 0.644300
vt 0.547100 0.642400
vt 0.550800 0.630300
vt 0.551200 0.621300
vt 0.553800 0.611300
vt 0.460200 0.602900
vt 0.418900 0.588600
vt 0.393000 0.571900
vt 0.399500 0.554400
vt 0.413200 0.563700
vt 0.409300 0.571900
vt 0.422100 0.581600
vt 0.831300 0.420200
vt 0.829100 0.422500
vt 0.822900 0.416700
vt 0.824600 0.414400
vt 0.828000 0.417300
vt 0.437400 0.629000
vt 0.433400 0.635400
vt 0.424500 0.628500
vt 0.427400 0.619500
vt 0.437300 0.640300
vt 0.431100 0.643300
vt 0.440100 0.645900
vt 0.484100 0.119400
vt 0.481800 0.086400
vt 0.424900 0.648500
vt 0.430400 0.649000
vt 0.059600 0.610100
vt 0.051600 0.621100
vt 0.415100 0.647800
vt 0.892000 0.236200
vt 0.647600 0.437200
vt 0.663300 0.439700
vt 0.174500 0.264200
vt 0.178600 0.269700
vt 0.181600 0.273700
vt 0.177700 0.276200
vt 0.170100 0.266500
vt 0.172200 0.116600
vt 0.170600 0.118400
vt 0.163100 0.111300
vt 0.164800 0.109100
vt 0.251500 0.288300
vt 0.248900 0.289800
vt 0.246800 0.287200
vt 0.239100 0.277000
vt 0.236600 0.271700
vt 0.240800 0.270700
vt 0.584400 0.736600
vt 0.576400 0.746700
vt 0.687700 0.271600
vt 0.715200 0.263000
vt 0.676500 0.248700
vt 0.690900 0.242900
vt 0.705600 0.238000
vt 0.224000 0.726300
vt 0.199700 0.717500
vt 0.202700 0.700300
vt 0.198400 0.741200
vt 0.181300 0.710700
vt 0.184400 0.692400
vt 0.180100 0.735700
vt 0.168900 0.706400
vt 0.172100 0.687400
vt 0.156200 0.702200
vt 0.159500 0.682400
vt 0.701800 0.179700
vt 0.697700 0.167000
vt 0.724300 0.166400
vt 0.730900 0.191300
vt 0.705900 0.192200
vt 0.132900 0.695300
vt 0.135000 0.674100
vt 0.155300 0.728800
vt 0.133100 0.723300
vt 0.104100 0.718800
vt 0.101100 0.690300
vt 0.083800 0.718100
vt 0.079600 0.690100
vt 0.066800 0.745700
vt 0.054200 0.670100
vt 0.076000 0.669000
vt 0.033000 0.672500
vt 0.098700 0.669100
vt 0.237900 0.191000
vt 0.259000 0.188900
vt 0.259400 0.210600
vt 0.239400 0.213300
vt 0.260200 0.232400
vt 0.240500 0.235700
vt 0.279900 0.208400
vt 0.280500 0.229500
vt 0.301000 0.206300
vt 0.301600 0.226600
vt 0.165800 0.663100
vt 0.147100 0.653600
vt 0.156900 0.633600
vt 0.168700 0.614700
vt 0.184900 0.626800
vt 0.174300 0.644400
vt 0.187400 0.591200
vt 0.185800 0.651400
vt 0.178100 0.669100
vt 0.195600 0.634700
vt 0.206400 0.642500
vt 0.197500 0.658200
vt 0.190300 0.675000
vt 0.569600 0.499500
vt 0.563500 0.510000
vt 0.558000 0.505700
vt 0.565900 0.494800
vt 0.582200 0.486800
vt 0.597800 0.476100
vt 0.907900 0.664100
vt 0.898800 0.652600
vt 0.900500 0.651400
vt 0.223100 0.653900
vt 0.256400 0.650600
vt 0.576800 0.399100
vt 0.580800 0.427800
vt 0.564500 0.401800
vt 0.169800 0.569600
vt 0.165800 0.565600
vt 0.161400 0.561100
vt 0.932700 0.829100
vt 0.942400 0.830400
vt 0.945300 0.834700
vt 0.949900 0.842000
vt 0.327300 0.656100
vt 0.347800 0.615800
vt 0.344700 0.594000
vt 0.356500 0.594600
vt 0.968700 0.848000
vt 0.956400 0.854900
vt 0.950900 0.857600
vt 0.946600 0.857200
vt 0.975100 0.836000
vt 0.983000 0.820500
vt 0.991600 0.803600
vt 0.989700 0.813100
vt 0.987300 0.823400
vt 0.979100 0.839000
vt 0.639700 0.915600
vt 0.634000 0.914900
vt 0.370200 0.662200
vt 0.369400 0.671900
vt 0.354000 0.672100
vt 0.352100 0.681100
vt 0.335400 0.677600
vt 0.400600 0.619100
vt 0.403200 0.635900
vt 0.412700 0.636100
vt 0.554600 0.378400
vt 0.550700 0.363300
vt 0.566400 0.363500
vt 0.587600 0.365700
vt 0.601500 0.421400
vt 0.611700 0.436900
vt 0.340400 0.572600
vt 0.338300 0.556700
vt 0.354500 0.557700
vt 0.354500 0.573400
vt 0.325900 0.573700
vt 0.321700 0.558100
vt 0.297100 0.582800
vt 0.576600 0.306300
vt 0.912900 0.927000
vt 0.931900 0.919800
vt 0.525100 0.282900
vt 0.544400 0.245700
vt 0.560900 0.254600
vt 0.938400 0.634300
vt 0.942200 0.637000
vt 0.944100 0.640000
vt 0.931200 0.633500
vt 0.933200 0.630400
vt 0.348100 0.045200
vt 0.326200 0.042900
vt 0.326300 0.023600
vt 0.817100 0.526900
vt 0.819900 0.523300
vt 0.825900 0.526900
vt 0.832900 0.529500
vt 0.829600 0.534600
vt 0.823100 0.532200
vt 0.329300 0.182900
vt 0.329700 0.202700
vt 0.301200 0.185600
vt 0.330600 0.222000
vt 0.279800 0.166200
vt 0.258500 0.167500
vt 0.257800 0.146100
vt 0.278900 0.145200
vt 0.280100 0.187200
vt 0.348000 0.064200
vt 0.416500 0.172300
vt 0.438400 0.170000
vt 0.438300 0.187400
vt 0.417100 0.189800
vt 0.789300 0.260600
vt 0.768700 0.258300
vt 0.765900 0.234900
vt 0.317900 0.537200
vt 0.315900 0.521500
vt 0.337900 0.519700
vt 0.337800 0.535600
vt 0.337900 0.546100
vt 0.319600 0.547600
vt 0.502300 0.185100
vt 0.523300 0.184900
vt 0.522800 0.200600
vt 0.502000 0.201100
vt 0.480700 0.201900
vt 0.480900 0.185500
vt 0.361500 0.516800
vt 0.357000 0.536600
vt 0.534400 0.382800
vt 0.541300 0.398400
vt 0.524300 0.405300
vt 0.516100 0.388500
vt 0.509700 0.369700
vt 0.529600 0.365600
vt 0.188600 0.158000
vt 0.191300 0.159400
vt 0.438100 0.205100
vt 0.396900 0.531800
vt 0.407200 0.538300
vt 0.380100 0.523400
vt 0.391100 0.500100
vt 0.372700 0.490300
vt 0.389900 0.548800
vt 0.878800 0.331300
vt 0.873400 0.337400
vt 0.884300 0.325600
vt 0.707100 0.747500
vt 0.712700 0.754900
vt 0.700800 0.760400
vt 0.700600 0.756800
vt 0.703300 0.752200
vt 0.546800 0.408100
vt 0.421500 0.548600
vt 0.434100 0.529300
vt 0.448000 0.540700
vt 0.434800 0.559400
vt 0.528900 0.346300
vt 0.539400 0.346500
vt 0.549900 0.347100
vt 0.907400 0.824000
vt 0.401000 0.485500
vt 0.383400 0.474000
vt 0.395500 0.458600
vt 0.412100 0.471500
vt 0.525000 0.168600
vt 0.503500 0.168900
vt 0.482000 0.169000
vt 0.483200 0.152400
vt 0.460300 0.169200
vt 0.459500 0.186200
vt 0.487700 0.535600
vt 0.458000 0.528900
vt 0.468200 0.517800
vt 0.478300 0.507100
vt 0.498500 0.526300
vt 0.410900 0.621500
vt 0.412100 0.609200
vt 0.815600 0.786900
vt 0.810700 0.781700
vt 0.803600 0.775400
vt 0.813800 0.765400
vt 0.818600 0.773700
vt 0.822300 0.779900
vt 0.825700 0.786000
vt 0.819700 0.792100
vt 0.245300 0.668000
vt 0.208300 0.684200
vt 0.215100 0.668600
vt 0.237000 0.169100
vt 0.236400 0.147200
vt 0.877300 0.340800
vt 0.883700 0.335900
vt 0.835600 0.470600
vt 0.830000 0.476400
vt 0.827400 0.474300
vt 0.829600 0.471600
vt 0.832100 0.469100
vt 0.835100 0.466800
vt 0.839100 0.467300
vt 0.841600 0.469300
vt 0.842500 0.471500
vt 0.842400 0.473600
vt 0.842100 0.475000
vt 0.834200 0.478300
vt 0.460000 0.781100
vt 0.457100 0.775300
vt 0.298900 0.102500
vt 0.298900 0.081700
vt 0.326900 0.082500
vt 0.348100 0.083400
vt 0.454100 0.769500
vt 0.408600 0.774400
vt 0.420800 0.771400
vt 0.559700 0.707900
vt 0.561400 0.700700
vt 0.566500 0.701300
vt 0.561000 0.717700
vt 0.556700 0.716800
vt 0.562600 0.691800
vt 0.586500 0.700300
vt 0.640200 0.474100
vt 0.651800 0.471700
vt 0.647800 0.477700
vt 0.849800 0.938400
vt 0.074000 0.354000
vt 0.078300 0.351900
vt 0.087100 0.367600
vt 0.082200 0.371300
vt 0.909600 0.635600
vt 0.907400 0.637800
vt 0.904800 0.640000
vt 0.649400 0.682500
vt 0.639500 0.692100
vt 0.648900 0.655800
vt 0.657500 0.665000
vt 0.728800 0.490400
vt 0.737200 0.493700
vt 0.713000 0.494900
vt 0.716800 0.483800
vt 0.669500 0.676700
vt 0.654000 0.690600
vt 0.651700 0.686300
vt 0.666200 0.673600
vt 0.674800 0.681700
vt 0.658400 0.698100
vt 0.978500 0.817300
vt 0.975300 0.815200
vt 0.641900 0.695600
vt 0.631200 0.707300
vt 0.628800 0.704100
vt 0.617500 0.709700
vt 0.624600 0.699400
vt 0.612200 0.716500
vt 0.606300 0.712000
vt 0.611300 0.704300
vt 0.608200 0.720600
vt 0.602400 0.716400
vt 0.603700 0.725300
vt 0.598300 0.721100
vt 0.611600 0.723800
vt 0.607000 0.728600
vt 0.600200 0.736400
vt 0.597000 0.732700
vt 0.609200 0.730900
vt 0.602100 0.739100
vt 0.611500 0.733100
vt 0.604100 0.741900
vt 0.616200 0.728500
vt 0.613900 0.726100
vt 0.588700 0.741300
vt 0.594600 0.749100
vt 0.580900 0.750700
vt 0.592100 0.728200
vt 0.908600 0.628900
vt 0.913000 0.630900
vt 0.911900 0.633200
vt 0.240300 0.935300
vt 0.562700 0.725300
vt 0.552700 0.725100
vt 0.548500 0.723800
vt 0.552500 0.715800
vt 0.544300 0.722200
vt 0.526100 0.720200
vt 0.531400 0.716400
vt 0.614100 0.769900
vt 0.631200 0.895500
vt 0.374200 0.541600
vt 0.565600 0.766700
vt 0.566600 0.794300
vt 0.558400 0.794100
vt 0.947500 0.715600
vt 0.942800 0.719600
vt 0.941500 0.706800
vt 0.551300 0.791800
vt 0.552700 0.785600
vt 0.542300 0.786500
vt 0.543900 0.782100
vt 0.534900 0.783800
vt 0.528800 0.784400
vt 0.522100 0.785300
vt 0.917500 0.700400
vt 0.908200 0.698900
vt 0.910300 0.692400
vt 0.919600 0.693100
vt 0.923100 0.702100
vt 0.926200 0.694500
vt 0.914200 0.709900
vt 0.921500 0.713900
vt 0.904900 0.707200
vt 0.671500 0.983100
vt 0.672500 0.992900
vt 0.661100 0.993500
vt 0.669300 0.043400
vt 0.817500 0.324200
vt 0.840400 0.331200
vt 0.851800 0.337600
vt 0.849100 0.343100
vt 0.837900 0.338100
vt 0.816300 0.333100
vt 0.927000 0.721500
vt 0.933000 0.721800
vt 0.888200 0.724400
vt 0.889900 0.715600
vt 0.705300 0.991500
vt 0.688500 0.992000
vt 0.090500 0.090000
vt 0.090100 0.098200
vt 0.083200 0.096600
vt 0.074200 0.040700
vt 0.083700 0.040200
vt 0.067400 0.064800
vt 0.066800 0.040400
vt 0.072100 0.082100
vt 0.067900 0.081000
vt 0.058000 0.063100
vt 0.103300 0.175400
vt 0.114300 0.176100
vt 0.113500 0.180800
vt 0.103000 0.180200
vt 0.051600 0.082200
vt 0.051400 0.077400
vt 0.040400 0.077900
vt 0.041100 0.082600
vt 0.034800 0.083500
vt 0.885300 0.762000
vt 0.883100 0.764800
vt 0.878100 0.761100
vt 0.880200 0.758600
vt 0.436900 0.087800
vt 0.028800 0.086000
vt 0.876200 0.754200
vt 0.873300 0.757600
vt 0.891700 0.771500
vt 0.894400 0.767100
vt 0.855600 0.590500
vt 0.851300 0.587900
vt 0.843400 0.582300
vt 0.867700 0.583100
vt 0.860600 0.593200
vt 0.131900 0.133300
vt 0.129000 0.133700
vt 0.098400 0.100000
vt 0.098100 0.091600
vt 0.107700 0.091700
vt 0.117000 0.090500
vt 0.118000 0.100200
vt 0.108300 0.101000
vt 0.871200 0.725700
vt 0.877800 0.713500
vt 0.878900 0.723800
vt 0.883600 0.714200
vt 0.883300 0.723800
vt 0.510200 0.427300
vt 0.865900 0.706200
vt 0.879600 0.707700
vt 0.874700 0.699900
vt 0.886000 0.708900
vt 0.892500 0.710400
vt 0.881700 0.701800
vt 0.883000 0.406900
vt 0.890500 0.414100
vt 0.887400 0.420000
vt 0.880300 0.690200
vt 0.886600 0.693500
vt 0.878600 0.677700
vt 0.885900 0.684400
vt 0.891400 0.688500
vt 0.830300 0.503500
vt 0.839700 0.504700
vt 0.839700 0.507400
vt 0.830100 0.506800
vt 0.256800 0.102500
vt 0.278000 0.102500
vt 0.170200 0.123600
vt 0.160900 0.114200
vt 0.173500 0.120200
vt 0.102300 0.037800
vt 0.105700 0.066700
vt 0.081700 0.021600
vt 0.098800 0.020300
vt 0.072000 0.020600
vt 0.065700 0.020900
vt 0.058100 0.040300
vt 0.045000 0.810600
vt 0.126700 0.098400
vt 0.583700 0.626400
vt 0.585300 0.632600
vt 0.579800 0.633400
vt 0.135600 0.097200
vt 0.692200 0.804900
vt 0.690100 0.788700
vt 0.122500 0.099300
vt 0.117900 0.034800
vt 0.112500 0.035900
vt 0.108500 0.017100
vt 0.114800 0.014300
vt 0.121200 0.011500
vt 0.586800 0.638700
vt 0.591600 0.647000
vt 0.585500 0.647900
vt 0.582200 0.641300
vt 0.589400 0.653100
vt 0.593800 0.656800
vt 0.600500 0.659600
vt 0.608500 0.659200
vt 0.599900 0.661600
vt 0.609400 0.661200
vt 0.599200 0.665200
vt 0.592300 0.658500
vt 0.587400 0.654500
vt 0.590000 0.661200
vt 0.584400 0.656700
vt 0.579600 0.642600
vt 0.583200 0.649300
vt 0.579600 0.650900
vt 0.596300 0.677900
vt 0.577000 0.634200
vt 0.101500 0.228000
vt 0.098500 0.224800
vt 0.100700 0.221700
vt 0.104200 0.225000
vt 0.107800 0.228700
vt 0.104900 0.231800
vt 0.575200 0.625200
vt 0.573100 0.635000
vt 0.575700 0.643700
vt 0.571400 0.625700
vt 0.573900 0.616900
vt 0.573200 0.609300
vt 0.570200 0.616800
vt 0.569600 0.608500
vt 0.562300 0.614300
vt 0.561800 0.604900
vt 0.845900 0.893400
vt 0.830800 0.909800
vt 0.852200 0.888200
vt 0.574200 0.563700
vt 0.585500 0.578700
vt 0.575600 0.584600
vt 0.573800 0.587900
vt 0.571000 0.585500
vt 0.577600 0.586600
vt 0.576200 0.589800
vt 0.572800 0.596200
vt 0.569400 0.594400
vt 0.576000 0.597600
vt 0.027000 0.013100
vt 0.029800 0.014600
vt 0.022500 0.010900
vt 0.445100 0.881600
vt 0.436200 0.885600
vt 0.431200 0.900600
vt 0.430400 0.876700
vt 0.427000 0.859400
vt 0.432700 0.858800
vt 0.432000 0.845100
vt 0.033500 0.016600
vt 0.209100 0.332700
vt 0.205900 0.334400
vt 0.197300 0.323100
vt 0.200400 0.321400
vt 0.054900 0.432900
vt 0.060000 0.434300
vt 0.067200 0.437700
vt 0.590600 0.615000
vt 0.591600 0.606900
vt 0.596300 0.610400
vt 0.594400 0.616800
vt 0.469900 0.239400
vt 0.485800 0.234900
vt 0.496800 0.235400
vt 0.598000 0.607400
vt 0.610900 0.620600
vt 0.608700 0.622500
vt 0.594000 0.603400
vt 0.614400 0.624200
vt 0.612100 0.626200
vt 0.617300 0.627000
vt 0.614900 0.629200
vt 0.619800 0.629400
vt 0.617100 0.631900
vt 0.622000 0.631600
vt 0.618900 0.634500
vt 0.620200 0.637100
vt 0.613000 0.637100
vt 0.608600 0.629300
vt 0.610700 0.632600
vt 0.132500 0.270600
vt 0.133700 0.269000
vt 0.138800 0.276000
vt 0.135600 0.273100
vt 0.605300 0.626000
vt 0.058200 0.023000
vt 0.072000 0.088200
vt 0.068400 0.087300
vt 0.916800 0.770800
vt 0.922700 0.774500
vt 0.921500 0.768000
vt 0.926700 0.771000
vt 0.931200 0.773200
vt 0.936800 0.776100
vt 0.932800 0.780000
vt 0.927300 0.777000
vt 0.603300 0.490400
vt 0.620100 0.486500
vt 0.611700 0.488400
vt 0.557500 0.572300
vt 0.915400 0.790100
vt 0.805800 0.541700
vt 0.802600 0.533900
vt 0.800700 0.529900
vt 0.803100 0.528800
vt 0.805500 0.533400
vt 0.809600 0.541700
vt 0.927900 0.757800
vt 0.076100 0.096900
vt 0.074800 0.096000
vt 0.079200 0.096300
vt 0.491800 0.787600
vt 0.502500 0.786900
vt 0.514200 0.786100
vt 0.601100 0.605700
vt 0.612900 0.618500
vt 0.603900 0.793700
vt 0.591300 0.803400
vt 0.586100 0.798300
vt 0.583500 0.796000
vt 0.087000 0.476700
vt 0.593000 0.815400
vt 0.591800 0.811800
vt 0.932900 0.851500
vt 0.930500 0.862000
vt 0.930000 0.866600
vt 0.919800 0.864800
vt 0.593700 0.819400
vt 0.609700 0.820200
vt 0.600500 0.822800
vt 0.594200 0.824700
vt 0.619800 0.817800
vt 0.610100 0.825800
vt 0.601500 0.828700
vt 0.617800 0.823000
vt 0.062700 0.384400
vt 0.062400 0.376800
vt 0.061700 0.368200
vt 0.059400 0.347500
vt 0.063600 0.346800
vt 0.587000 0.826900
vt 0.055400 0.348000
vt 0.056900 0.369000
vt 0.056200 0.358800
vt 0.586300 0.822300
vt 0.577700 0.825500
vt 0.775100 0.546700
vt 0.777800 0.554100
vt 0.773300 0.555700
vt 0.776700 0.564600
vt 0.585600 0.819000
vt 0.567700 0.828400
vt 0.567000 0.826200
vt 0.576900 0.822900
vt 0.046300 0.368800
vt 0.047200 0.358600
vt 0.047300 0.348200
vt 0.050300 0.348200
vt 0.040200 0.376800
vt 0.043900 0.358100
vt 0.044400 0.378100
vt 0.588800 0.800800
vt 0.575500 0.804700
vt 0.390700 0.772800
vt 0.381400 0.769900
vt 0.396500 0.777100
vt 0.865800 0.596700
vt 0.125600 0.134300
vt 0.120800 0.177300
vt 0.118700 0.116800
vt 0.126200 0.113100
vt 0.872400 0.569600
vt 0.901300 0.585800
vt 0.906200 0.590700
vt 0.321700 0.830900
vt 0.329400 0.853200
vt 0.333400 0.862700
vt 0.328100 0.864500
vt 0.323500 0.855700
vt 0.837900 0.585600
vt 0.883800 0.228300
vt 0.875700 0.220600
vt 0.221800 0.869800
vt 0.210900 0.855300
vt 0.302300 0.925000
vt 0.785600 0.692000
vt 0.793500 0.698100
vt 0.554800 0.582600
vt 0.922200 0.902700
vt 0.925100 0.907700
vt 0.836600 0.319500
vt 0.802000 0.312100
vt 0.616700 0.522100
vt 0.613800 0.504800
vt 0.514400 0.620200
vt 0.390200 0.584200
vt 0.235400 0.102300
vt 0.325500 0.886200
vt 0.340600 0.270600
vt 0.864400 0.662300
vt 0.866600 0.652400
vt 0.870200 0.664500
vt 0.875500 0.667100
vt 0.443400 0.798200
vt 0.432800 0.790700
vt 0.446900 0.785600
vt 0.453400 0.794000
vt 0.799700 0.726400
vt 0.791900 0.737000
vt 0.777000 0.735300
vt 0.766500 0.735400
vt 0.767200 0.723200
vt 0.205700 0.029600
vt 0.123100 0.297100
vt 0.114300 0.284300
vt 0.117700 0.283100
vt 0.125500 0.295300
vt 0.522700 0.638800
vt 0.482100 0.705300
vt 0.496300 0.626000
vt 0.495000 0.624000
vt 0.464700 0.790000
vt 0.475800 0.786100
vt 0.936500 0.700500
vt 0.931300 0.697500
vt 0.484300 0.788600
vt 0.523300 0.614300
vt 0.526200 0.611800
vt 0.605800 0.598200
vt 0.011800 0.184400
vt 0.600000 0.210900
vt 0.632900 0.640800
vt 0.634600 0.639200
vt 0.629400 0.634600
vt 0.628900 0.636600
vt 0.643100 0.641600
vt 0.644400 0.645400
vt 0.710200 0.501500
vt 0.705600 0.508500
vt 0.027800 0.409300
vt 0.020900 0.426200
vt 0.016300 0.423300
vt 0.025700 0.429300
vt 0.036200 0.410200
vt 0.703000 0.494100
vt 0.699800 0.499800
vt 0.671300 0.480400
vt 0.655700 0.466400
vt 0.676300 0.477000
vt 0.698000 0.482100
vt 0.692800 0.487300
vt 0.686900 0.482500
vt 0.685700 0.487500
vt 0.681200 0.490800
vt 0.852900 0.307700
vt 0.766300 0.760900
vt 0.638300 0.518200
vt 0.642000 0.518300
vt 0.635800 0.524300
vt 0.511900 0.633300
vt 0.508700 0.637800
vt 0.494700 0.628000
vt 0.629800 0.529600
vt 0.818800 0.149700
vt 0.721900 0.548500
vt 0.717100 0.542900
vt 0.721600 0.536100
vt 0.728600 0.540500
vt 0.724500 0.552500
vt 0.746800 0.540200
vt 0.747400 0.546900
vt 0.726100 0.557300
vt 0.646800 0.624000
vt 0.638900 0.631700
vt 0.641000 0.621800
vt 0.314200 0.474000
vt 0.308400 0.476600
vt 0.309600 0.465300
vt 0.315000 0.459600
vt 0.325300 0.462400
vt 0.319300 0.471500
vt 0.737600 0.587900
vt 0.618200 0.529400
vt 0.625400 0.533300
vt 0.620200 0.536500
vt 0.611500 0.536500
vt 0.610800 0.529300
vt 0.057100 0.317800
vt 0.574300 0.534500
vt 0.895500 0.502500
vt 0.909000 0.506100
vt 0.920500 0.509600
vt 0.023100 0.088500
vt 0.676400 0.542400
vt 0.680900 0.526000
vt 0.695800 0.540400
vt 0.746400 0.703900
vt 0.751100 0.694000
vt 0.907100 0.555900
vt 0.926600 0.544100
vt 0.915300 0.561400
vt 0.953500 0.564600
vt 0.951700 0.550700
vt 0.953700 0.557900
vt 0.615700 0.573100
vt 0.612800 0.564700
vt 0.890600 0.331900
vt 0.893700 0.314700
vt 0.905300 0.322900
vt 0.909000 0.863500
vt 0.570700 0.560500
vt 0.585300 0.558500
vt 0.592400 0.561800
vt 0.596200 0.571400
vt 0.599600 0.579300
vt 0.730800 0.759900
vt 0.720100 0.757700
vt 0.721200 0.815800
vt 0.727300 0.822300
vt 0.722800 0.826300
vt 0.713400 0.823600
vt 0.845800 0.817300
vt 0.848400 0.820300
vt 0.851100 0.824300
vt 0.847700 0.830300
vt 0.841600 0.826400
vt 0.837900 0.823400
vt 0.578700 0.553900
vt 0.597200 0.558400
vt 0.566200 0.556200
vt 0.548900 0.986000
vt 0.559900 0.995900
vt 0.548500 0.995900
vt 0.606500 0.587500
vt 0.777800 0.342700
vt 0.790200 0.331600
vt 0.795500 0.341300
vt 0.787900 0.347700
vt 0.941500 0.855000
vt 0.942500 0.865700
vt 0.937900 0.864000
vt 0.705500 0.648700
vt 0.700500 0.644700
vt 0.710000 0.637300
vt 0.712000 0.643900
vt 0.747500 0.780700
vt 0.761400 0.786900
vt 0.772400 0.782000
vt 0.706700 0.634800
vt 0.712700 0.629300
vt 0.715300 0.631600
vt 0.703800 0.632300
vt 0.710100 0.626900
vt 0.937000 0.530700
vt 0.932500 0.529300
vt 0.532400 0.995800
vt 0.515600 0.996000
vt 0.091600 0.177500
vt 0.095200 0.176600
vt 0.095200 0.182300
vt 0.091500 0.184000
vt 0.099100 0.175800
vt 0.098900 0.180700
vt 0.906700 0.793800
vt 0.900000 0.788000
vt 0.894600 0.781800
vt 0.891800 0.777700
vt 0.965900 0.536300
vt 0.976000 0.541000
vt 0.971300 0.549200
vt 0.960600 0.544100
vt 0.066200 0.195000
vt 0.046000 0.197800
vt 0.935300 0.823700
vt 0.932500 0.825700
vt 0.939200 0.821000
vt 0.922400 0.813900
vt 0.925200 0.810200
vt 0.920200 0.817200
vt 0.918600 0.820700
vt 0.763400 0.539900
vt 0.766100 0.541000
vt 0.642500 0.446200
vt 0.638700 0.444200
vt 0.643300 0.442100
vt 0.645300 0.443600
vt 0.873500 0.851600
vt 0.871400 0.847900
vt 0.775000 0.583200
vt 0.762900 0.590800
vt 0.775300 0.579700
vt 0.710300 0.766000
vt 0.700400 0.764400
vt 0.320100 0.724400
vt 0.317600 0.737100
vt 0.297300 0.733100
vt 0.319400 0.671700
vt 0.800600 0.758700
vt 0.810200 0.758400
vt 0.797700 0.770800
vt 0.792900 0.766500
vt 0.788100 0.754300
vt 0.799000 0.752200
vt 0.873700 0.808500
vt 0.878700 0.810900
vt 0.874900 0.818400
vt 0.870800 0.818700
vt 0.878200 0.821900
vt 0.873400 0.827600
vt 0.882500 0.814300
vt 0.570200 0.542100
vt 0.572200 0.546200
vt 0.561100 0.548300
vt 0.558600 0.533300
vt 0.568300 0.534200
vt 0.079000 0.181600
vt 0.075500 0.185400
vt 0.079400 0.163900
vt 0.071400 0.164700
vt 0.071000 0.185600
vt 0.080100 0.187100
vt 0.078200 0.189600
vt 0.766300 0.714700
vt 0.677800 0.515300
vt 0.671600 0.519400
vt 0.674400 0.514600
vt 0.871000 0.838300
vt 0.870200 0.842900
vt 0.861500 0.841200
vt 0.863500 0.834900
vt 0.878800 0.834300
vt 0.949700 0.649500
vt 0.804000 0.718400
vt 0.785100 0.712900
vt 0.805700 0.712800
vt 0.761200 0.413200
vt 0.756800 0.424900
vt 0.055700 0.281800
vt 0.049000 0.289400
vt 0.046000 0.286100
vt 0.053400 0.278100
vt 0.773200 0.354700
vt 0.781700 0.355500
vt 0.775500 0.363300
vt 0.768800 0.367200
vt 0.060000 0.272100
vt 0.059400 0.278400
vt 0.759800 0.352300
vt 0.759200 0.343000
vt 0.862400 0.758000
vt 0.866200 0.758100
vt 0.846600 0.755100
vt 0.133600 0.109400
vt 0.142400 0.184700
vt 0.140600 0.193300
vt 0.129000 0.111600
vt 0.369600 0.561800
vt 0.906500 0.815900
vt 0.173400 0.573100
vt 0.149100 0.118400
vt 0.152900 0.117700
vt 0.155600 0.122900
vt 0.158400 0.128200
vt 0.188400 0.099000
vt 0.183400 0.095800
vt 0.178600 0.092600
vt 0.807400 0.749000
vt 0.828400 0.747100
vt 0.777700 0.411300
vt 0.776900 0.426600
vt 0.771400 0.423500
vt 0.773000 0.410500
vt 0.782500 0.411900
vt 0.782800 0.429500
vt 0.093000 0.286600
vt 0.087100 0.283300
vt 0.091700 0.276500
vt 0.100300 0.279800
vt 0.736700 0.803500
vt 0.747300 0.796400
vt 0.752300 0.806900
vt 0.741500 0.812800
vt 0.018100 0.290800
vt 0.023100 0.297400
vt 0.019900 0.298200
vt 0.013400 0.291100
vt 0.022700 0.290500
vt 0.026500 0.296900
vt 0.771000 0.541300
vt 0.952000 0.225900
vt 0.970300 0.233500
vt 0.708400 0.772600
vt 0.225300 0.794800
vt 0.887400 0.827700
vt 0.973100 0.266300
vt 0.958000 0.275700
vt 0.870400 0.340700
vt 0.873400 0.344300
vt 0.869700 0.347000
vt 0.867900 0.342900
vt 0.864400 0.347600
vt 0.864400 0.342600
vt 0.866100 0.337900
vt 0.935900 0.867400
vt 0.939400 0.867700
vt 0.582800 0.588700
vt 0.064800 0.279900
vt 0.066700 0.269700
vt 0.072800 0.271700
vt 0.071200 0.280000
vt 0.091600 0.381300
vt 0.106300 0.392700
vt 0.860200 0.334600
vt 0.966000 0.511600
vt 0.873200 0.092200
vt 0.864900 0.106400
vt 0.886400 0.102300
vt 0.877200 0.115800
vt 0.899700 0.112400
vt 0.888500 0.125600
vt 0.955700 0.343500
vt 0.961300 0.346000
vt 0.960100 0.349700
vt 0.955700 0.348400
vt 0.953700 0.347000
vt 0.782900 0.444700
vt 0.777600 0.458800
vt 0.771500 0.454800
vt 0.765800 0.797600
vt 0.732500 0.795800
vt 0.741500 0.788400
vt 0.640100 0.634100
vt 0.641500 0.637600
vt 0.648400 0.625900
vt 0.765900 0.706800
vt 0.767700 0.698600
vt 0.777800 0.698500
vt 0.781900 0.704300
vt 0.773700 0.683100
vt 0.459600 0.087400
vt 0.946200 0.286100
vt 0.933300 0.299900
vt 0.556000 0.421800
vt 0.540700 0.429900
vt 0.530600 0.415500
vt 0.922100 0.431000
vt 0.919700 0.425400
vt 0.923200 0.423400
vt 0.924500 0.425400
vt 0.925900 0.429800
vt 0.193700 0.243300
vt 0.203600 0.249800
vt 0.200900 0.254000
vt 0.196700 0.251800
vt 0.191300 0.247700
vt 0.771100 0.148100
vt 0.768900 0.120200
vt 0.821700 0.750300
vt 0.822100 0.754500
vt 0.616300 0.995100
vt 0.787400 0.314900
vt 0.786900 0.300200
vt 0.787400 0.283800
vt 0.804300 0.334800
vt 0.802600 0.324800
vt 0.719400 0.808500
vt 0.724200 0.802700
vt 0.720800 0.797400
vt 0.733500 0.817500
vt 0.728300 0.809400
vt 0.737700 0.775200
vt 0.079000 0.280800
vt 0.081500 0.273600
vt 0.076300 0.289900
vt 0.083100 0.292000
vt 0.074400 0.297000
vt 0.069200 0.289400
vt 0.068000 0.296400
vt 0.812800 0.425200
vt 0.819200 0.431600
vt 0.816900 0.433600
vt 0.813700 0.430200
vt 0.810600 0.426300
vt 0.048100 0.304300
vt 0.045300 0.305500
vt 0.043900 0.301200
vt 0.047100 0.299500
vt 0.049000 0.310700
vt 0.046700 0.311500
vt 0.041300 0.307400
vt 0.039300 0.303300
vt 0.043400 0.312900
vt 0.037500 0.300100
vt 0.035000 0.296300
vt 0.040800 0.295200
vt 0.042700 0.298200
vt 0.032200 0.292700
vt 0.039700 0.293100
vt 0.033100 0.301600
vt 0.035500 0.305200
vt 0.033400 0.306400
vt 0.030600 0.302600
vt 0.029700 0.296700
vt 0.026200 0.291600
vt 0.038100 0.309400
vt 0.040500 0.314600
vt 0.036300 0.310600
vt 0.038800 0.315700
vt 0.034300 0.311600
vt 0.037100 0.316500
vt 0.035900 0.316500
vt 0.032200 0.312400
vt 0.031100 0.307400
vt 0.028500 0.308300
vt 0.028000 0.303500
vt 0.025300 0.304500
vt 0.087800 0.294800
vt 0.077400 0.319500
vt 0.074400 0.318900
vt 0.075900 0.326000
vt 0.073600 0.326400
vt 0.069700 0.326700
vt 0.070100 0.335400
vt 0.074000 0.334500
vt 0.075600 0.343000
vt 0.071600 0.344500
vt 0.066300 0.336200
vt 0.065700 0.327000
vt 0.067600 0.345800
vt 0.062400 0.336800
vt 0.061700 0.327200
vt 0.058400 0.337200
vt 0.057600 0.327300
vt 0.054500 0.337500
vt 0.053800 0.327500
vt 0.053000 0.318100
vt 0.051700 0.337700
vt 0.049800 0.337900
vt 0.049000 0.328100
vt 0.050900 0.327800
vt 0.189000 0.240900
vt 0.189900 0.236700
vt 0.195200 0.239200
vt 0.205400 0.246900
vt 0.208000 0.249000
vt 0.206500 0.251600
vt 0.052300 0.348100
vt 0.049900 0.318700
vt 0.047900 0.319200
vt 0.047000 0.338100
vt 0.046200 0.328700
vt 0.045000 0.320100
vt 0.044200 0.338300
vt 0.042300 0.338400
vt 0.041800 0.329700
vt 0.043600 0.329300
vt 0.044300 0.348000
vt 0.042200 0.347900
vt 0.042400 0.321300
vt 0.040700 0.322100
vt 0.040400 0.338500
vt 0.038500 0.338500
vt 0.038700 0.329800
vt 0.040100 0.330000
vt 0.040100 0.347600
vt 0.038300 0.347200
vt 0.039000 0.322700
vt 0.037300 0.323200
vt 0.750100 0.167800
vt 0.755900 0.192800
vt 0.081500 0.350300
vt 0.078000 0.341800
vt 0.076900 0.333900
vt 0.090500 0.365000
vt 0.100100 0.373700
vt 0.096800 0.376700
vt 0.115400 0.384500
vt 0.111600 0.388000
vt 0.125900 0.394100
vt 0.122600 0.413800
vt 0.111600 0.405800
vt 0.853100 0.803400
vt 0.843900 0.792400
vt 0.851700 0.787900
vt 0.868400 0.804100
vt 0.118400 0.416900
vt 0.107000 0.409700
vt 0.092600 0.418000
vt 0.208100 0.027500
vt 0.210000 0.025700
vt 0.213500 0.028300
vt 0.699000 0.542600
vt 0.664800 0.520300
vt 0.652300 0.544200
vt 0.658200 0.532100
vt 0.660800 0.518500
vt 0.657000 0.511900
vt 0.659800 0.511300
vt 0.657800 0.517800
vt 0.663400 0.511500
vt 0.654200 0.530700
vt 0.644100 0.549000
vt 0.648500 0.541600
vt 0.965700 0.558800
vt 0.901200 0.397900
vt 0.904500 0.401600
vt 0.898600 0.406700
vt 0.890900 0.399400
vt 0.897200 0.394300
vt 0.934500 0.543900
vt 0.155200 0.567200
vt 0.158900 0.572200
vt 0.615900 0.915300
vt 0.625800 0.914500
vt 0.585900 0.915700
vt 0.596400 0.915500
vt 0.186800 0.043200
vt 0.187900 0.041900
vt 0.919300 0.533900
vt 0.916700 0.531700
vt 0.699100 0.570600
vt 0.707900 0.567800
vt 0.708800 0.572100
vt 0.692300 0.577400
vt 0.908700 0.499100
vt 0.944400 0.532200
vt 0.957300 0.531800
vt 0.960600 0.529000
vt 0.967800 0.531500
vt 0.952700 0.538000
vt 0.948700 0.544200
vt 0.943300 0.543800
vt 0.479300 0.620900
vt 0.630300 0.478800
vt 0.638500 0.480000
vt 0.635600 0.489000
vt 0.660400 0.501500
vt 0.656400 0.502800
vt 0.662100 0.506300
vt 0.658400 0.507000
vt 0.655300 0.507600
vt 0.653500 0.503300
vt 0.052000 0.023500
vt 0.873400 0.456900
vt 0.868900 0.460200
vt 0.867900 0.457200
vt 0.872100 0.454600
vt 0.577400 0.917100
vt 0.617500 0.141300
vt 0.701900 0.473100
vt 0.708700 0.478100
vt 0.705300 0.488100
vt 0.742200 0.506200
vt 0.611600 0.410200
vt 0.662400 0.255600
vt 0.714600 0.531600
vt 0.759300 0.496500
vt 0.766900 0.491700
vt 0.751500 0.489200
vt 0.758900 0.481600
vt 0.746300 0.496700
vt 0.742100 0.495300
vt 0.746900 0.487100
vt 0.741800 0.484800
vt 0.733000 0.481100
vt 0.720600 0.475100
vt 0.726000 0.466000
vt 0.738600 0.472100
vt 0.712000 0.469900
vt 0.716700 0.460900
vt 0.734300 0.450400
vt 0.746500 0.457300
vt 0.755500 0.462600
vt 0.747900 0.476300
vt 0.724800 0.446100
vt 0.707500 0.456100
vt 0.714200 0.441600
vt 0.704300 0.465300
vt 0.696300 0.460600
vt 0.687200 0.455800
vt 0.698300 0.451600
vt 0.688600 0.447400
vt 0.673800 0.450100
vt 0.674600 0.442400
vt 0.703300 0.437800
vt 0.325700 0.844400
vt 0.752500 0.283600
vt 0.729000 0.260000
vt 0.748400 0.258000
vt 0.769800 0.282800
vt 0.742900 0.233800
vt 0.823700 0.762400
vt 0.774300 0.169700
vt 0.746100 0.145800
vt 0.742600 0.117500
vt 0.741600 0.098000
vt 0.768700 0.101500
vt 0.769700 0.083000
vt 0.773000 0.064600
vt 0.266800 0.485800
vt 0.266000 0.483200
vt 0.264900 0.479800
vt 0.857000 0.120600
vt 0.868000 0.129700
vt 0.878000 0.139100
vt 0.878700 0.166700
vt 0.864600 0.180000
vt 0.565700 0.349300
vt 0.567100 0.334900
vt 0.587100 0.353900
vt 0.892100 0.183300
vt 0.878200 0.195900
vt 0.219000 0.397400
vt 0.961400 0.205600
vt 0.206700 0.028800
vt 0.918700 0.159500
vt 0.932000 0.148800
vt 0.903200 0.140400
vt 0.915400 0.128500
vt 0.905600 0.171000
vt 0.891400 0.153300
vt 0.777900 0.046300
vt 0.745100 0.058000
vt 0.749300 0.037900
vt 0.921200 0.656800
vt 0.918400 0.653900
vt 0.914400 0.650100
vt 0.916700 0.647800
vt 0.926400 0.657600
vt 0.924100 0.659600
vt 0.312700 0.764100
vt 0.900800 0.663000
vt 0.898300 0.664900
vt 0.895100 0.659100
vt 0.893600 0.655100
vt 0.896400 0.653800
vt 0.803400 0.524700
vt 0.802100 0.522000
vt 0.801400 0.517300
vt 0.804100 0.517300
vt 0.806000 0.521500
vt 0.453600 0.505400
vt 0.488400 0.496600
vt 0.531600 0.520200
vt 0.884600 0.834900
vt 0.883900 0.826200
vt 0.539300 0.508200
vt 0.607500 0.472700
vt 0.568400 0.524900
vt 0.559600 0.521700
vt 0.703500 0.543600
vt 0.706000 0.559200
vt 0.574600 0.549600
vt 0.562900 0.552000
vt 0.159900 0.333800
vt 0.605500 0.558300
vt 0.621500 0.561200
vt 0.633800 0.557000
vt 0.602600 0.563800
vt 0.167500 0.125900
vt 0.164900 0.123900
vt 0.161900 0.119900
vt 0.159000 0.115800
vt 0.573700 0.430900
vt 0.564200 0.418100
vt 0.426100 0.573900
vt 0.445000 0.641700
vt 0.635300 0.441200
vt 0.641100 0.440600
vt 0.498300 0.934900
vt 0.253900 0.371700
vt 0.262600 0.384200
vt 0.256600 0.388900
vt 0.905000 0.628200
vt 0.909100 0.627500
vt 0.721000 0.235000
vt 0.695200 0.213500
vt 0.712400 0.210700
vt 0.736200 0.209700
vt 0.687500 0.195100
vt 0.682600 0.182700
vt 0.677800 0.170000
vt 0.669900 0.145500
vt 0.691000 0.143600
vt 0.719100 0.144100
vt 0.686400 0.111700
vt 0.714800 0.115000
vt 0.686500 0.090300
vt 0.714300 0.094700
vt 0.742200 0.078100
vt 0.665300 0.086500
vt 0.666600 0.064700
vt 0.665200 0.109100
vt 0.255700 0.038000
vt 0.256200 0.059600
vt 0.235000 0.058500
vt 0.235500 0.036200
vt 0.235700 0.013700
vt 0.255500 0.016200
vt 0.275900 0.018200
vt 0.276300 0.039300
vt 0.297100 0.020200
vt 0.297400 0.040500
vt 0.658500 0.176000
vt 0.649200 0.157200
vt 0.629200 0.166800
vt 0.639700 0.184300
vt 0.621900 0.194700
vt 0.610000 0.178400
vt 0.586300 0.196800
vt 0.646500 0.196000
vt 0.653200 0.207700
vt 0.637300 0.216400
vt 0.629700 0.205500
vt 0.664300 0.188400
vt 0.670000 0.200700
vt 0.648600 0.233200
vt 0.323400 0.664100
vt 0.900900 0.631500
vt 0.899600 0.634400
vt 0.900100 0.635400
vt 0.899300 0.636400
vt 0.898700 0.634500
vt 0.899000 0.632900
vt 0.899700 0.631000
vt 0.608900 0.357400
vt 0.117300 0.225500
vt 0.113300 0.222400
vt 0.115600 0.218200
vt 0.119700 0.221200
vt 0.122800 0.223100
vt 0.121600 0.225600
vt 0.136700 0.263200
vt 0.148000 0.272600
vt 0.134800 0.266500
vt 0.628300 0.413100
vt 0.942100 0.630600
vt 0.946100 0.633300
vt 0.944100 0.635300
vt 0.939800 0.632900
vt 0.934700 0.628100
vt 0.936400 0.626000
vt 0.214000 0.566200
vt 0.326600 0.062600
vt 0.298500 0.061100
vt 0.277900 0.081500
vt 0.256600 0.081100
vt 0.277400 0.060400
vt 0.920500 0.794000
vt 0.436200 0.070900
vt 0.513000 0.346300
vt 0.515000 0.324300
vt 0.519100 0.036600
vt 0.520400 0.052200
vt 0.499500 0.052900
vt 0.498400 0.037000
vt 0.561000 0.223000
vt 0.483000 0.380800
vt 0.466600 0.391400
vt 0.522800 0.068300
vt 0.501300 0.069100
vt 0.479800 0.069900
vt 0.458100 0.070700
vt 0.527300 0.496100
vt 0.518000 0.506800
vt 0.498800 0.486500
vt 0.663400 0.225400
vt 0.679100 0.218900
vt 0.235100 0.080300
vt 0.485000 0.277100
vt 0.489300 0.274900
vt 0.767200 0.468900
vt 0.773000 0.471900
vt 0.454400 0.639300
vt 0.104100 0.427200
vt 0.101700 0.414500
vt 0.826700 0.479000
vt 0.834200 0.481000
vt 0.829500 0.480300
vt 0.693500 0.583000
vt 0.324200 0.493400
vt 0.323200 0.490100
vt 0.330300 0.490400
vt 0.332100 0.492100
vt 0.131300 0.595300
vt 0.678700 0.653300
vt 0.672300 0.659900
vt 0.685400 0.647100
vt 0.676100 0.662300
vt 0.688700 0.649600
vt 0.697400 0.642100
vt 0.694300 0.639600
vt 0.682300 0.655700
vt 0.689600 0.635400
vt 0.700000 0.628400
vt 0.694700 0.622200
vt 0.702400 0.617300
vt 0.706900 0.623200
vt 0.715800 0.614900
vt 0.711100 0.619200
vt 0.714200 0.622700
vt 0.719000 0.618200
vt 0.723300 0.608300
vt 0.726900 0.611500
vt 0.729600 0.613500
vt 0.721400 0.620500
vt 0.732400 0.615500
vt 0.723500 0.622700
vt 0.716500 0.625100
vt 0.718900 0.627400
vt 0.732100 0.600100
vt 0.741600 0.592400
vt 0.763600 0.432500
vt 0.066200 0.449800
vt 0.069300 0.451100
vt 0.068700 0.453300
vt 0.064300 0.454200
vt 0.059900 0.451800
vt 0.061800 0.447800
vt 0.717500 0.568300
vt 0.718600 0.572900
vt 0.709800 0.576800
vt 0.716400 0.563900
vt 0.715100 0.559600
vt 0.707100 0.563600
vt 0.713600 0.555500
vt 0.712000 0.537200
vt 0.013700 0.409600
vt 0.010000 0.420100
vt 0.131900 0.404300
vt 0.135300 0.400500
vt 0.759900 0.577000
vt 0.760400 0.582300
vt 0.778900 0.571400
vt 0.779800 0.578800
vt 0.785200 0.570400
vt 0.785300 0.578600
vt 0.854100 0.839300
vt 0.856600 0.833700
vt 0.844000 0.836000
vt 0.783000 0.563200
vt 0.761400 0.465800
vt 0.766800 0.420400
vt 0.777100 0.530000
vt 0.775700 0.540600
vt 0.821300 0.810100
vt 0.827000 0.806300
vt 0.832700 0.817200
vt 0.826300 0.821700
vt 0.834100 0.800800
vt 0.841100 0.811300
vt 0.839000 0.796400
vt 0.846900 0.807100
vt 0.837800 0.783900
vt 0.845600 0.779900
vt 0.036300 0.196900
vt 0.037400 0.187200
vt 0.896200 0.440900
vt 0.901100 0.443600
vt 0.904800 0.445900
vt 0.901500 0.450400
vt 0.892600 0.445600
vt 0.071200 0.194000
vt 0.073500 0.137800
vt 0.081200 0.138200
vt 0.088600 0.138000
vt 0.087600 0.162500
vt 0.082500 0.179800
vt 0.085200 0.179000
vt 0.088200 0.178300
vt 0.093500 0.161500
vt 0.101200 0.160600
vt 0.176700 0.098000
vt 0.180900 0.100900
vt 0.185200 0.103900
vt 0.119800 0.181900
vt 0.881400 0.767100
vt 0.876800 0.763200
vt 0.871500 0.760600
vt 0.888900 0.774400
vt 0.824600 0.465300
vt 0.819300 0.459300
vt 0.816900 0.452800
vt 0.822000 0.449500
vt 0.824600 0.456500
vt 0.828200 0.462500
vt 0.010700 0.192000
vt 0.292100 0.302000
vt 0.321900 0.276800
vt 0.333800 0.264300
vt 0.841900 0.765200
vt 0.829600 0.774800
vt 0.824600 0.770300
vt 0.827400 0.776200
vt 0.830300 0.782100
vt 0.833500 0.787900
vt 0.829000 0.792000
vt 0.684755 0.852681
vt 0.685461 0.849258
vt 0.687851 0.849940
vt 0.690104 0.851381
vt 0.689522 0.853858
vt 0.687633 0.856424
vt 0.882300 0.657100
vt 0.823100 0.797500
vt 0.820600 0.801900
vt 0.806600 0.788700
vt 0.798300 0.783400
vt 0.812100 0.792900
vt 0.681973 0.878089
vt 0.678390 0.872237
vt 0.686933 0.884879
vt 0.449100 0.635700
vt 0.058200 0.117400
vt 0.070200 0.119500
vt 0.075900 0.118900
vt 0.083600 0.118400
vt 0.090100 0.118500
vt 0.094800 0.119900
vt 0.094000 0.138200
vt 0.120100 0.282400
vt 0.122100 0.285300
vt 0.127600 0.293700
vt 0.047500 0.113900
vt 0.043000 0.132700
vt 0.629700 0.596700
vt 0.632300 0.592300
vt 0.638800 0.595500
vt 0.638300 0.602300
vt 0.643900 0.599500
vt 0.647500 0.603900
vt 0.650100 0.610600
vt 0.645500 0.611000
vt 0.650300 0.616800
vt 0.645700 0.616300
vt 0.649000 0.620500
vt 0.655800 0.609400
vt 0.652300 0.617400
vt 0.652100 0.610100
vt 0.650900 0.621800
vt 0.649200 0.602500
vt 0.652000 0.600200
vt 0.645400 0.597500
vt 0.918900 0.645700
vt 0.928500 0.655500
vt 0.525900 0.585600
vt 0.605500 0.572300
vt 0.578900 0.582900
vt 0.580700 0.585400
vt 0.607700 0.603600
vt 0.154200 0.214500
vt 0.159000 0.226800
vt 0.155600 0.219600
vt 0.624900 0.628400
vt 0.627500 0.629700
vt 0.630400 0.622900
vt 0.394600 0.370000
vt 0.396200 0.367700
vt 0.402100 0.373500
vt 0.400400 0.375000
vt 0.397900 0.373000
vt 0.180000 0.202000
vt 0.175400 0.200100
vt 0.177500 0.196700
vt 0.181900 0.198100
vt 0.187300 0.201000
vt 0.185700 0.204500
vt 0.616200 0.615100
vt 0.634900 0.623500
vt 0.631500 0.630800
vt 0.082500 0.185800
vt 0.084400 0.185200
vt 0.087900 0.184700
vt 0.899100 0.792500
vt 0.904800 0.797600
vt 0.898400 0.796900
vt 0.903100 0.801100
vt 0.901600 0.804200
vt 0.897400 0.800000
vt 0.898800 0.807700
vt 0.895200 0.803600
vt 0.905000 0.807900
vt 0.906500 0.804800
vt 0.910900 0.809200
vt 0.909400 0.812400
vt 0.902300 0.811400
vt 0.815900 0.483500
vt 0.809400 0.479600
vt 0.806100 0.482500
vt 0.801900 0.483900
vt 0.800200 0.478100
vt 0.803700 0.476900
vt 0.913200 0.805900
vt 0.946500 0.813900
vt 0.889400 0.809000
vt 0.891800 0.806200
vt 0.078500 0.192900
vt 0.079000 0.196500
vt 0.075200 0.193800
vt 0.779200 0.503600
vt 0.778500 0.514400
vt 0.336800 0.493300
vt 0.328300 0.499600
vt 0.035700 0.388600
vt 0.042300 0.389300
vt 0.816600 0.422600
vt 0.823000 0.428000
vt 0.047000 0.393400
vt 0.045700 0.407200
vt 0.047700 0.386900
vt 0.051400 0.392800
vt 0.056900 0.391900
vt 0.058000 0.405100
vt 0.051100 0.407300
vt 0.051700 0.386400
vt 0.056900 0.385400
vt 0.062800 0.391200
vt 0.062500 0.400300
vt 0.062000 0.408400
vt 0.057000 0.377800
vt 0.765500 0.402400
vt 0.762700 0.393400
vt 0.769600 0.408200
vt 0.716700 0.792600
vt 0.906000 0.666700
vt 0.715600 0.829700
vt 0.721700 0.833100
vt 0.858100 0.340700
vt 0.856200 0.346000
vt 0.698600 0.768700
vt 0.977200 0.535400
vt 0.042200 0.021000
vt 0.047300 0.023500
vt 0.497000 0.620800
vt 0.611100 0.521700
vt 0.810400 0.400900
vt 0.807800 0.403800
vt 0.896400 0.534700
vt 0.816300 0.797400
vt 0.775300 0.758400
vt 0.781400 0.776300
vt 0.787200 0.783300
vt 0.779300 0.792500
vt 0.790300 0.455400
vt 0.786000 0.465400
vt 0.696800 0.493700
vt 0.614500 0.502300
vt 0.781800 0.476600
vt 0.777800 0.487700
vt 0.836600 0.833000
vt 0.832200 0.828800
vt 0.780300 0.496100
vt 0.602900 0.533600
vt 0.605400 0.530700
vt 0.043900 0.293400
vt 0.045900 0.296500
vt 0.041900 0.290700
vt 0.762900 0.388400
vt 0.764100 0.379400
vt 0.378700 0.763700
vt 0.374300 0.770400
vt 0.498000 0.839200
vt 0.737900 0.409700
vt 0.195000 0.313700
vt 0.196900 0.317000
vt 0.193800 0.317600
vt 0.192300 0.314100
vt 0.170300 0.170100
vt 0.172600 0.168500
vt 0.175700 0.171800
vt 0.177700 0.174300
vt 0.176100 0.176000
vt 0.155200 0.112400
vt 0.154700 0.110600
vt 0.157600 0.112800
vt 0.178400 0.115300
vt 0.182800 0.113400
vt 0.178700 0.119600
vt 0.175700 0.117900
vt 0.172200 0.100100
vt 0.172400 0.095700
vt 0.174700 0.093900
vt 0.172000 0.091200
vt 0.174300 0.090900
vt 0.167100 0.098600
vt 0.168500 0.101300
vt 0.164900 0.103700
vt 0.163100 0.101300
vt 0.167400 0.106500
vt 0.846800 0.442700
vt 0.848000 0.452100
vt 0.175800 0.122400
vt 0.172700 0.125700
vt 0.188500 0.107400
vt 0.177500 0.095900
vt 0.182100 0.098700
vt 0.147000 0.113600
vt 0.146400 0.111800
vt 0.151100 0.110500
vt 0.151600 0.112400
vt 0.173900 0.087300
vt 0.172100 0.086900
vt 0.159200 0.105200
vt 0.161800 0.106700
vt 0.160200 0.109500
vt 0.157300 0.108800
vt 0.159300 0.112100
vt 0.190400 0.104900
vt 0.186900 0.101500
vt 0.156700 0.116900
vt 0.159200 0.121600
vt 0.170100 0.128100
vt 0.162500 0.131500
vt 0.194100 0.100400
vt 0.197400 0.104800
vt 0.195800 0.106500
vt 0.192000 0.102800
vt 0.161700 0.126300
vt 0.165400 0.129500
vt 0.170600 0.132300
vt 0.168700 0.133500
vt 0.166600 0.135300
vt 0.164600 0.137600
vt 0.160300 0.134100
vt 0.200600 0.303600
vt 0.199600 0.305800
vt 0.197800 0.306100
vt 0.197800 0.307800
vt 0.194600 0.309200
vt 0.194400 0.310400
vt 0.192400 0.310400
vt 0.191300 0.306100
vt 0.194800 0.304900
vt 0.195300 0.302400
vt 0.201900 0.300900
vt 0.201900 0.303800
vt 0.198500 0.309200
vt 0.196400 0.310200
vt 0.198800 0.299500
vt 0.200200 0.298900
vt 0.192100 0.303000
vt 0.193200 0.300900
vt 0.199200 0.307200
vt 0.201100 0.306300
vt 0.200100 0.307900
vt 0.802300 0.402000
vt 0.801300 0.401900
vt 0.801200 0.400600
vt 0.204100 0.300300
vt 0.202900 0.304000
vt 0.200800 0.297700
vt 0.802000 0.410900
vt 0.803400 0.412100
vt 0.801800 0.414100
vt 0.800400 0.412700
vt 0.805600 0.409100
vt 0.808900 0.407600
vt 0.811200 0.410700
vt 0.808200 0.412400
vt 0.811700 0.406600
vt 0.814100 0.409400
vt 0.814000 0.405300
vt 0.816400 0.407700
vt 0.820300 0.410900
vt 0.818300 0.413100
vt 0.818400 0.405500
vt 0.822200 0.408600
vt 0.820000 0.402900
vt 0.823900 0.406100
vt 0.196400 0.329800
vt 0.201200 0.336900
vt 0.197600 0.338800
vt 0.192600 0.331400
vt 0.228100 0.299600
vt 0.231500 0.303200
vt 0.234900 0.307000
vt 0.233400 0.308800
vt 0.229400 0.305600
vt 0.225700 0.302300
vt 0.846200 0.396600
vt 0.842600 0.393100
vt 0.838900 0.389900
vt 0.195400 0.340300
vt 0.192500 0.336600
vt 0.189500 0.332700
vt 0.831500 0.393000
vt 0.832700 0.389600
vt 0.821900 0.397000
vt 0.823900 0.393700
vt 0.821200 0.400000
vt 0.825600 0.403500
vt 0.817200 0.400800
vt 0.818000 0.398200
vt 0.815700 0.403300
vt 0.812800 0.404000
vt 0.814400 0.402200
vt 0.811000 0.405100
vt 0.796100 0.415300
vt 0.798000 0.414600
vt 0.798500 0.416500
vt 0.796400 0.417400
vt 0.799400 0.413700
vt 0.800300 0.415500
vt 0.804000 0.416900
vt 0.802200 0.418500
vt 0.806000 0.414900
vt 0.813100 0.417800
vt 0.809600 0.419800
vt 0.816200 0.415200
vt 0.217100 0.327000
vt 0.214100 0.323700
vt 0.211200 0.320300
vt 0.214600 0.329100
vt 0.211900 0.330900
vt 0.206500 0.323700
vt 0.208900 0.322000
vt 0.211700 0.325400
vt 0.223200 0.306300
vt 0.227100 0.309500
vt 0.230400 0.312600
vt 0.814900 0.435200
vt 0.811800 0.431300
vt 0.808800 0.427400
vt 0.802600 0.424200
vt 0.804800 0.422500
vt 0.800100 0.426100
vt 0.833800 0.386600
vt 0.828100 0.387600
vt 0.828900 0.384600
vt 0.826300 0.390700
vt 0.821200 0.392100
vt 0.823300 0.389200
vt 0.818300 0.395500
vt 0.816200 0.397500
vt 0.815500 0.400000
vt 0.190200 0.306100
vt 0.190600 0.302400
vt 0.191600 0.312000
vt 0.819700 0.391000
vt 0.804200 0.395100
vt 0.821700 0.388100
vt 0.822600 0.385800
vt 0.824500 0.386400
vt 0.825000 0.383900
vt 0.823000 0.383700
vt 0.800100 0.420000
vt 0.797500 0.421300
vt 0.807000 0.421100
vt 0.826600 0.424900
vt 0.802700 0.396900
vt 0.808800 0.509100
vt 0.807400 0.509400
vt 0.806500 0.507800
vt 0.808900 0.506900
vt 0.814800 0.548800
vt 0.813200 0.539600
vt 0.818700 0.546000
vt 0.805000 0.525800
vt 0.805800 0.528300
vt 0.803800 0.554700
vt 0.805900 0.555000
vt 0.819900 0.535300
vt 0.826500 0.538700
vt 0.823300 0.542900
vt 0.802800 0.542100
vt 0.799800 0.545400
vt 0.794600 0.538900
vt 0.798900 0.535600
vt 0.790900 0.545400
vt 0.798500 0.549600
vt 0.791100 0.549400
vt 0.836100 0.522700
vt 0.828100 0.521700
vt 0.840400 0.519600
vt 0.839700 0.515100
vt 0.802600 0.473600
vt 0.799200 0.475300
vt 0.797900 0.472900
vt 0.800200 0.470500
vt 0.813800 0.529700
vt 0.816600 0.537800
vt 0.810900 0.531500
vt 0.808200 0.532700
vt 0.799800 0.527600
vt 0.796900 0.532200
vt 0.795900 0.530500
vt 0.792600 0.534500
vt 0.791600 0.532300
vt 0.802800 0.512400
vt 0.804700 0.509300
vt 0.876100 0.381900
vt 0.880300 0.381100
vt 0.885600 0.386000
vt 0.879600 0.392700
vt 0.808100 0.524100
vt 0.810800 0.521900
vt 0.813100 0.523800
vt 0.810000 0.526000
vt 0.813300 0.519400
vt 0.815900 0.520900
vt 0.815600 0.516400
vt 0.817800 0.517100
vt 0.815100 0.512400
vt 0.818700 0.511200
vt 0.813100 0.509900
vt 0.814800 0.507800
vt 0.811600 0.506700
vt 0.810900 0.509000
vt 0.822800 0.504600
vt 0.822800 0.501900
vt 0.825500 0.502400
vt 0.825400 0.505600
vt 0.822800 0.499300
vt 0.825400 0.499300
vt 0.785800 0.533400
vt 0.788200 0.533200
vt 0.788600 0.535500
vt 0.785400 0.535900
vt 0.789600 0.540700
vt 0.786300 0.550400
vt 0.835600 0.453400
vt 0.835300 0.446600
vt 0.842700 0.457700
vt 0.838300 0.460200
vt 0.818600 0.511600
vt 0.822100 0.507700
vt 0.821400 0.518900
vt 0.840000 0.500900
vt 0.844200 0.501500
vt 0.843500 0.505000
vt 0.791300 0.553200
vt 0.787600 0.554400
vt 0.792200 0.557100
vt 0.789400 0.558000
vt 0.797600 0.553100
vt 0.797500 0.556600
vt 0.802900 0.557000
vt 0.847300 0.505800
vt 0.846500 0.508900
vt 0.843300 0.508200
vt 0.846600 0.512100
vt 0.843000 0.511400
vt 0.839700 0.510500
vt 0.842800 0.514400
vt 0.848100 0.502800
vt 0.101000 0.216600
vt 0.101900 0.214200
vt 0.105300 0.216000
vt 0.103500 0.218600
vt 0.098900 0.214700
vt 0.087300 0.232400
vt 0.085400 0.228000
vt 0.089900 0.230400
vt 0.106700 0.213500
vt 0.103000 0.211700
vt 0.107600 0.210800
vt 0.095100 0.223100
vt 0.097400 0.219500
vt 0.096000 0.226800
vt 0.092500 0.228100
vt 0.091800 0.222800
vt 0.098800 0.230500
vt 0.095800 0.232900
vt 0.102400 0.234200
vt 0.107200 0.221800
vt 0.109400 0.219100
vt 0.098400 0.212700
vt 0.094700 0.217900
vt 0.092000 0.216800
vt 0.088800 0.223000
vt 0.092900 0.235300
vt 0.099600 0.236700
vt 0.096500 0.239500
vt 0.105800 0.237900
vt 0.103200 0.240200
vt 0.108400 0.235300
vt 0.111000 0.232500
vt 0.111000 0.225400
vt 0.114600 0.229100
vt 0.111200 0.215400
vt 0.112100 0.211500
vt 0.117400 0.214400
vt 0.112800 0.208600
vt 0.118600 0.212100
vt 0.106600 0.207700
vt 0.106000 0.204700
vt 0.113300 0.206300
vt 0.101700 0.209100
vt 0.100700 0.205300
vt 0.081600 0.233300
vt 0.079700 0.228700
vt 0.084100 0.240100
vt 0.089100 0.237600
vt 0.092500 0.242400
vt 0.088300 0.245500
vt 0.100200 0.242700
vt 0.105500 0.242700
vt 0.102900 0.245000
vt 0.107900 0.240400
vt 0.110400 0.237800
vt 0.113000 0.235500
vt 0.115600 0.233500
vt 0.219300 0.506300
vt 0.222300 0.510300
vt 0.218100 0.512600
vt 0.215000 0.508600
vt 0.214900 0.504400
vt 0.217400 0.503100
vt 0.121500 0.217700
vt 0.122700 0.215900
vt 0.119700 0.210300
vt 0.124200 0.214500
vt 0.092900 0.248900
vt 0.096300 0.245800
vt 0.099300 0.248200
vt 0.124500 0.220400
vt 0.125600 0.219000
vt 0.126800 0.217900
vt 0.096500 0.251100
vt 0.493100 0.995200
vt 0.904600 0.627300
vt 0.906900 0.626100
vt 0.909600 0.626000
vt 0.915300 0.670000
vt 0.910700 0.668400
vt 0.920700 0.643500
vt 0.930700 0.653100
vt 0.922900 0.641200
vt 0.917100 0.639000
vt 0.919200 0.636300
vt 0.925300 0.638900
vt 0.921000 0.633600
vt 0.923300 0.631300
vt 0.928100 0.636400
vt 0.917800 0.630400
vt 0.920400 0.628400
vt 0.923700 0.626500
vt 0.926700 0.629200
vt 0.925800 0.624100
vt 0.928900 0.626700
vt 0.922400 0.625200
vt 0.924400 0.623000
vt 0.926800 0.621500
vt 0.925400 0.620500
vt 0.904200 0.626300
vt 0.906800 0.625000
vt 0.926300 0.617900
vt 0.927600 0.618700
vt 0.901800 0.628300
vt 0.902400 0.629200
vt 0.904900 0.641600
vt 0.901300 0.638500
vt 0.902000 0.637400
vt 0.908100 0.639000
vt 0.910700 0.636600
vt 0.912800 0.633900
vt 0.124100 0.284000
vt 0.130800 0.291800
vt 0.914500 0.631400
vt 0.916200 0.632800
vt 0.914200 0.635400
vt 0.915900 0.628800
vt 0.914100 0.628900
vt 0.919300 0.627000
vt 0.913000 0.626400
vt 0.911900 0.627300
vt 0.394500 0.377700
vt 0.391100 0.374600
vt 0.387000 0.369800
vt 0.385000 0.366600
vt 0.386400 0.365800
vt 0.388700 0.368200
vt 0.392800 0.372400
vt 0.396400 0.375300
vt 0.914900 0.641500
vt 0.912000 0.638100
vt 0.912200 0.643900
vt 0.909200 0.646000
vt 0.911700 0.653200
vt 0.101500 0.121400
vt 0.906600 0.648800
vt 0.906300 0.643200
vt 0.903600 0.646800
vt 0.909400 0.640900
vt 0.902100 0.645400
vt 0.902000 0.649600
vt 0.900400 0.648100
vt 0.904000 0.669200
vt 0.908800 0.671200
vt 0.948800 0.637000
vt 0.946400 0.638300
vt 0.913500 0.672300
vt 0.930100 0.624000
vt 0.931100 0.621300
vt 0.893200 0.653500
vt 0.896000 0.652200
vt 0.897600 0.651000
vt 0.899000 0.649900
vt 0.867100 0.393700
vt 0.868200 0.386800
vt 0.870600 0.389800
vt 0.886800 0.423800
vt 0.914900 0.385300
vt 0.916400 0.380800
vt 0.921300 0.385300
vt 0.916600 0.388200
vt 0.907300 0.384600
vt 0.909900 0.377700
vt 0.911600 0.390000
vt 0.907900 0.391800
vt 0.903900 0.388200
vt 0.924200 0.389400
vt 0.918700 0.391200
vt 0.892700 0.389500
vt 0.886000 0.394700
vt 0.878700 0.401700
vt 0.875800 0.435800
vt 0.872000 0.432400
vt 0.867400 0.426800
vt 0.863700 0.421200
vt 0.860900 0.415500
vt 0.867200 0.411300
vt 0.872300 0.407000
vt 0.900300 0.380500
vt 0.903900 0.374700
vt 0.898300 0.384200
vt 0.911100 0.395100
vt 0.914300 0.393300
vt 0.178000 0.572200
vt 0.180100 0.570100
vt 0.175200 0.571500
vt 0.181400 0.571700
vt 0.871000 0.398700
vt 0.930200 0.350000
vt 0.933000 0.348500
vt 0.934000 0.351400
vt 0.936400 0.354700
vt 0.933400 0.357900
vt 0.930900 0.354200
vt 0.186100 0.570600
vt 0.187800 0.567600
vt 0.186400 0.567600
vt 0.185000 0.569400
vt 0.183400 0.567100
vt 0.811800 0.515800
vt 0.184000 0.557300
vt 0.186500 0.561200
vt 0.180200 0.552300
vt 0.163800 0.558900
vt 0.168100 0.563200
vt 0.188100 0.563900
vt 0.189200 0.567100
vt 0.171800 0.567600
vt 0.167700 0.555900
vt 0.170800 0.553200
vt 0.172800 0.551000
vt 0.178000 0.574600
vt 0.182100 0.573600
vt 0.609000 0.605900
vt 0.613300 0.611500
vt 0.174500 0.549100
vt 0.176000 0.547600
vt 0.287300 0.489500
vt 0.270400 0.500100
vt 0.321500 0.477300
vt 0.320900 0.481400
vt 0.319000 0.478700
vt 0.314600 0.488300
vt 0.319200 0.489200
vt 0.319100 0.492500
vt 0.316400 0.491000
vt 0.578300 0.534400
vt 0.339300 0.477100
vt 0.345000 0.480700
vt 0.341100 0.481900
vt 0.339400 0.480900
vt 0.865200 0.493800
vt 0.866100 0.491000
vt 0.869100 0.493200
vt 0.868100 0.495800
vt 0.866800 0.500100
vt 0.862700 0.497100
vt 0.322800 0.507800
vt 0.319900 0.500400
vt 0.333400 0.504700
vt 0.318700 0.508300
vt 0.315900 0.499800
vt 0.316100 0.508500
vt 0.313100 0.499500
vt 0.316300 0.482400
vt 0.341200 0.460900
vt 0.353200 0.461100
vt 0.353400 0.463600
vt 0.342900 0.463200
vt 0.353900 0.467800
vt 0.344400 0.467200
vt 0.334600 0.467000
vt 0.331400 0.464700
vt 0.337900 0.471900
vt 0.334700 0.476700
vt 0.331100 0.473000
vt 0.336400 0.480200
vt 0.333100 0.480700
vt 0.331200 0.479200
vt 0.327800 0.477800
vt 0.332000 0.483000
vt 0.324100 0.477000
vt 0.326500 0.470900
vt 0.323100 0.470500
vt 0.319700 0.485500
vt 0.346200 0.489000
vt 0.344000 0.487800
vt 0.343700 0.484200
vt 0.941300 0.353500
vt 0.939500 0.350900
vt 0.942700 0.350500
vt 0.936100 0.362300
vt 0.935300 0.360000
vt 0.936100 0.358700
vt 0.939300 0.361200
vt 0.934900 0.345900
vt 0.938300 0.347800
vt 0.957500 0.342400
vt 0.961300 0.342300
vt 0.927700 0.374500
vt 0.907200 0.430100
vt 0.908200 0.426000
vt 0.914000 0.428800
vt 0.959100 0.337800
vt 0.966000 0.346200
vt 0.965700 0.349700
vt 0.965400 0.352700
vt 0.958700 0.354800
vt 0.939700 0.375000
vt 0.935500 0.377700
vt 0.932900 0.370300
vt 0.938300 0.369800
vt 0.932600 0.378500
vt 0.929500 0.372200
vt 0.926600 0.368400
vt 0.929800 0.365600
vt 0.924600 0.370000
vt 0.953300 0.333600
vt 0.956300 0.332000
vt 0.955000 0.338800
vt 0.952700 0.339600
vt 0.951000 0.344900
vt 0.953900 0.353300
vt 0.951300 0.351400
vt 0.952300 0.357300
vt 0.949800 0.355500
vt 0.956100 0.359800
vt 0.950300 0.360500
vt 0.948100 0.358600
vt 0.953600 0.363800
vt 0.947200 0.364000
vt 0.945100 0.361900
vt 0.950500 0.367700
vt 0.944200 0.366600
vt 0.942200 0.364400
vt 0.947300 0.370800
vt 0.941100 0.368600
vt 0.939100 0.365900
vt 0.943500 0.373100
vt 0.936400 0.366900
vt 0.933600 0.362900
vt 0.927800 0.363500
vt 0.924100 0.366300
vt 0.928300 0.351000
vt 0.929300 0.355700
vt 0.928300 0.348300
vt 0.930400 0.347600
vt 0.921900 0.368000
vt 0.948200 0.337100
vt 0.951400 0.334900
vt 0.949100 0.341900
vt 0.948400 0.349200
vt 0.944900 0.346600
vt 0.946800 0.352900
vt 0.945000 0.356100
vt 0.942200 0.359200
vt 0.932500 0.360100
vt 0.926100 0.399900
vt 0.930300 0.400600
vt 0.934100 0.403200
vt 0.930800 0.406100
vt 0.927500 0.403800
vt 0.924600 0.402700
vt 0.937400 0.343800
vt 0.938800 0.356500
vt 0.335000 0.446500
vt 0.331600 0.448200
vt 0.330000 0.445100
vt 0.334600 0.442100
vt 0.330100 0.449200
vt 0.326300 0.447200
vt 0.330800 0.450900
vt 0.328100 0.451200
vt 0.350500 0.411200
vt 0.347800 0.405900
vt 0.354000 0.408700
vt 0.333600 0.423700
vt 0.331400 0.426500
vt 0.329000 0.422500
vt 0.333800 0.420600
vt 0.324100 0.427800
vt 0.326600 0.430700
vt 0.321800 0.433400
vt 0.320500 0.426000
vt 0.348300 0.428500
vt 0.344300 0.431200
vt 0.339100 0.427100
vt 0.340100 0.424500
vt 0.341200 0.435500
vt 0.336600 0.431100
vt 0.331400 0.435900
vt 0.326200 0.439100
vt 0.322200 0.441400
vt 0.359900 0.419900
vt 0.355500 0.416500
vt 0.358000 0.413800
vt 0.361600 0.417500
vt 0.353200 0.419500
vt 0.346700 0.414000
vt 0.350300 0.424700
vt 0.342300 0.420100
vt 0.334300 0.413900
vt 0.326700 0.417700
vt 0.317400 0.437000
vt 0.307100 0.443400
vt 0.307600 0.438100
vt 0.303500 0.441500
vt 0.342000 0.408300
vt 0.323100 0.410100
vt 0.320700 0.415000
vt 0.317900 0.421700
vt 0.314000 0.434200
vt 0.048000 0.441300
vt 0.043000 0.440100
vt 0.047500 0.438500
vt 0.046200 0.457100
vt 0.049700 0.462300
vt 0.044900 0.464400
vt 0.042400 0.458700
vt 0.041400 0.465900
vt 0.047000 0.468500
vt 0.043800 0.469900
vt 0.038000 0.468000
vt 0.040700 0.471800
vt 0.045100 0.473200
vt 0.042700 0.474600
vt 0.071300 0.440500
vt 0.073800 0.443200
vt 0.072200 0.445600
vt 0.069300 0.443400
vt 0.046800 0.472700
vt 0.052400 0.466100
vt 0.049100 0.455400
vt 0.053700 0.459800
vt 0.045000 0.450200
vt 0.046000 0.452100
vt 0.043500 0.453500
vt 0.040500 0.454100
vt 0.034700 0.461700
vt 0.038500 0.460600
vt 0.070300 0.449000
vt 0.067400 0.447100
vt 0.056900 0.463000
vt 0.057000 0.456400
vt 0.060800 0.459100
vt 0.051500 0.452900
vt 0.054600 0.449200
vt 0.047200 0.451100
vt 0.046300 0.445400
vt 0.050400 0.447300
vt 0.041200 0.449200
vt 0.040200 0.445500
vt 0.037100 0.456100
vt 0.033500 0.457200
vt 0.033500 0.454500
vt 0.174600 0.228300
vt 0.172500 0.228900
vt 0.171100 0.225800
vt 0.169100 0.221400
vt 0.173200 0.219500
vt 0.175500 0.223900
vt 0.056200 0.445300
vt 0.052300 0.444100
vt 0.047400 0.443100
vt 0.052200 0.436200
vt 0.052300 0.432900
vt 0.384900 0.364000
vt 0.384100 0.361700
vt 0.386600 0.361800
vt 0.386800 0.364300
vt 0.384700 0.364900
vt 0.375600 0.370000
vt 0.372700 0.375000
vt 0.369000 0.373400
vt 0.371400 0.369600
vt 0.029700 0.195400
vt 0.371600 0.391700
vt 0.372600 0.394300
vt 0.369700 0.386500
vt 0.374100 0.385300
vt 0.392100 0.360500
vt 0.391100 0.363800
vt 0.386200 0.358300
vt 0.390200 0.366200
vt 0.383700 0.357800
vt 0.381200 0.364800
vt 0.381400 0.366100
vt 0.374300 0.369200
vt 0.382300 0.367900
vt 0.384600 0.371600
vt 0.401900 0.369000
vt 0.403700 0.371300
vt 0.398100 0.365000
vt 0.373800 0.396600
vt 0.268200 0.262700
vt 0.265600 0.266100
vt 0.261000 0.261500
vt 0.257700 0.258300
vt 0.259100 0.256200
vt 0.262900 0.258700
vt 0.372400 0.379300
vt 0.375900 0.379500
vt 0.368100 0.379100
vt 0.374800 0.375400
vt 0.377700 0.371200
vt 0.381200 0.374400
vt 0.388800 0.376600
vt 0.385200 0.379600
vt 0.399000 0.377000
vt 0.403800 0.375200
vt 0.402800 0.376700
vt 0.405300 0.373500
vt 0.401300 0.378700
vt 0.397100 0.379500
vt 0.394400 0.382100
vt 0.392200 0.380000
vt 0.390000 0.385700
vt 0.388000 0.383300
vt 0.378100 0.377600
vt 0.178700 0.255500
vt 0.176500 0.257800
vt 0.176300 0.254800
vt 0.165500 0.257400
vt 0.172500 0.255200
vt 0.170500 0.258000
vt 0.166100 0.259000
vt 0.186500 0.240000
vt 0.186700 0.235500
vt 0.197900 0.257700
vt 0.194200 0.254900
vt 0.200700 0.259700
vt 0.203600 0.255800
vt 0.196800 0.264200
vt 0.194200 0.261700
vt 0.167400 0.261500
vt 0.171900 0.260300
vt 0.174400 0.259200
vt 0.176900 0.263000
vt 0.176100 0.247900
vt 0.178900 0.249300
vt 0.184100 0.243000
vt 0.183100 0.244800
vt 0.185200 0.235000
vt 0.184900 0.240000
vt 0.185400 0.246900
vt 0.182000 0.251100
vt 0.189000 0.250300
vt 0.185700 0.254000
vt 0.182300 0.258200
vt 0.190900 0.258600
vt 0.187500 0.262400
vt 0.184300 0.265800
vt 0.179700 0.261100
vt 0.190800 0.265400
vt 0.187400 0.269200
vt 0.183900 0.272300
vt 0.180900 0.268300
vt 0.189600 0.271600
vt 0.185900 0.274700
vt 0.264100 0.256300
vt 0.266400 0.251900
vt 0.276100 0.259500
vt 0.273600 0.263400
vt 0.269600 0.260300
vt 0.183200 0.276500
vt 0.179800 0.278500
vt 0.193200 0.268100
vt 0.187500 0.244500
vt 0.122000 0.278400
vt 0.122300 0.276600
vt 0.125000 0.278000
vt 0.123100 0.280100
vt 0.130800 0.298800
vt 0.135000 0.293700
vt 0.134600 0.295700
vt 0.131700 0.267600
vt 0.130200 0.268100
vt 0.136300 0.291900
vt 0.133300 0.289600
vt 0.128900 0.285700
vt 0.125600 0.282700
vt 0.179000 0.088500
vt 0.128900 0.296800
vt 0.127600 0.280600
vt 0.121700 0.281100
vt 0.148800 0.275700
vt 0.131500 0.271600
vt 0.129500 0.272900
vt 0.129900 0.278200
vt 0.126700 0.275200
vt 0.124000 0.273100
vt 0.122600 0.272100
vt 0.120700 0.276100
vt 0.126300 0.269200
vt 0.127200 0.270700
vt 0.131500 0.264800
vt 0.132300 0.265100
vt 0.134400 0.261400
vt 0.113300 0.281600
vt 0.116800 0.280800
vt 0.113000 0.280700
vt 0.116800 0.279900
vt 0.133600 0.260900
vt 0.120500 0.278500
vt 0.118800 0.280800
vt 0.119000 0.279900
vt 0.129600 0.269900
vt 0.146200 0.282800
vt 0.148200 0.282400
vt 0.198900 0.298000
vt 0.198800 0.297000
vt 0.933200 0.650600
vt 0.207800 0.297700
vt 0.209500 0.296200
vt 0.210900 0.297500
vt 0.208900 0.299100
vt 0.205900 0.301400
vt 0.204500 0.304600
vt 0.209200 0.304000
vt 0.207600 0.306900
vt 0.206300 0.309800
vt 0.203500 0.307400
vt 0.204500 0.312100
vt 0.202100 0.309700
vt 0.207800 0.316000
vt 0.205500 0.317900
vt 0.202300 0.314100
vt 0.199700 0.315700
vt 0.202900 0.319600
vt 0.836900 0.412300
vt 0.193500 0.341900
vt 0.189900 0.338300
vt 0.186800 0.334600
vt 0.186500 0.328400
vt 0.189900 0.327200
vt 0.193600 0.325200
vt 0.190600 0.319600
vt 0.197700 0.312900
vt 0.200100 0.311500
vt 0.199100 0.310100
vt 0.200900 0.308600
vt 0.202000 0.306700
vt 0.801700 0.398900
vt 0.212200 0.291800
vt 0.214300 0.292100
vt 0.213300 0.294200
vt 0.211400 0.293700
vt 0.212300 0.296000
vt 0.210500 0.295100
vt 0.215300 0.297900
vt 0.213800 0.299700
vt 0.211700 0.301700
vt 0.216600 0.305300
vt 0.214700 0.308900
vt 0.228200 0.307600
vt 0.232100 0.310600
vt 0.224200 0.304500
vt 0.219300 0.300500
vt 0.221000 0.298300
vt 0.223000 0.295800
vt 0.183400 0.329500
vt 0.181500 0.324600
vt 0.184500 0.323800
vt 0.187600 0.322100
vt 0.186000 0.319000
vt 0.188900 0.316900
vt 0.194300 0.311900
vt 0.196800 0.311200
vt 0.187900 0.315400
vt 0.192000 0.300000
vt 0.185000 0.317400
vt 0.183300 0.320300
vt 0.182700 0.318400
vt 0.180700 0.320700
vt 0.180600 0.318700
vt 0.218100 0.293200
vt 0.216800 0.295800
vt 0.217900 0.302700
vt 0.979000 0.575900
vt 0.844600 0.473500
vt 0.843700 0.475900
vt 0.249700 0.490700
vt 0.254500 0.494000
vt 0.259700 0.495400
vt 0.802700 0.467600
vt 0.805500 0.463700
vt 0.811900 0.469200
vt 0.825700 0.477400
vt 0.823200 0.476600
vt 0.796800 0.478600
vt 0.796500 0.476500
vt 0.816200 0.462500
vt 0.808600 0.459100
vt 0.812800 0.455900
vt 0.812600 0.487800
vt 0.806100 0.491400
vt 0.802100 0.491300
vt 0.828800 0.446300
vt 0.829800 0.454300
vt 0.831900 0.442000
vt 0.836400 0.442700
vt 0.611300 0.504300
vt 0.821800 0.468600
vt 0.820000 0.471500
vt 0.813700 0.465800
vt 0.818800 0.474200
vt 0.823900 0.482500
vt 0.821000 0.486500
vt 0.819300 0.485500
vt 0.819200 0.490800
vt 0.817000 0.489800
vt 0.842200 0.477700
vt 0.839100 0.479600
vt 0.825500 0.472400
vt 0.827700 0.469300
vt 0.830600 0.466500
vt 0.834400 0.464600
vt 0.840300 0.463700
vt 0.843700 0.467600
vt 0.844800 0.470800
vt 0.846900 0.459600
vt 0.845900 0.457000
vt 0.849100 0.456800
vt 0.849600 0.459600
vt 0.852200 0.457000
vt 0.852200 0.459600
vt 0.818100 0.496600
vt 0.815600 0.497000
vt 0.816000 0.493800
vt 0.818300 0.494200
vt 0.810800 0.492800
vt 0.801100 0.496100
vt 0.843800 0.460300
vt 0.839900 0.463800
vt 0.832600 0.460900
vt 0.353000 0.477800
vt 0.850600 0.442400
vt 0.846500 0.438900
vt 0.850000 0.438200
vt 0.797100 0.494800
vt 0.798300 0.491100
vt 0.909800 0.624900
vt 0.793500 0.493000
vt 0.794400 0.490200
vt 0.794900 0.484900
vt 0.798400 0.484800
vt 0.794500 0.479500
vt 0.845700 0.435100
vt 0.843300 0.439100
vt 0.842600 0.435900
vt 0.840100 0.439300
vt 0.839400 0.435800
vt 0.837100 0.439600
vt 0.848700 0.434300
vt 0.223900 0.525000
vt 0.221900 0.522500
vt 0.224500 0.520700
vt 0.226300 0.524100
vt 0.225800 0.527000
vt 0.208100 0.538700
vt 0.210100 0.536100
vt 0.212500 0.540600
vt 0.227000 0.519200
vt 0.229700 0.518400
vt 0.228800 0.522900
vt 0.221000 0.528600
vt 0.217400 0.530900
vt 0.213700 0.529900
vt 0.217700 0.534100
vt 0.212400 0.533500
vt 0.207600 0.530100
vt 0.210000 0.527100
vt 0.206300 0.523500
vt 0.218700 0.518800
vt 0.221400 0.516600
vt 0.227800 0.527600
vt 0.223700 0.533900
vt 0.222600 0.531300
vt 0.217500 0.537200
vt 0.205200 0.533000
vt 0.201000 0.529500
vt 0.203800 0.526300
vt 0.200300 0.522700
vt 0.202600 0.520100
vt 0.205200 0.517600
vt 0.208000 0.515000
vt 0.211400 0.511400
vt 0.215100 0.514900
vt 0.225100 0.514800
vt 0.226100 0.508500
vt 0.229000 0.513800
vt 0.228400 0.507400
vt 0.231900 0.513200
vt 0.232800 0.519400
vt 0.234200 0.512700
vt 0.235800 0.519900
vt 0.235200 0.525300
vt 0.231400 0.524300
vt 0.207200 0.544300
vt 0.211800 0.546300
vt 0.200400 0.541800
vt 0.202900 0.536900
vt 0.195000 0.537700
vt 0.198100 0.533500
vt 0.197800 0.525700
vt 0.195500 0.523100
vt 0.197800 0.520400
vt 0.200100 0.518100
vt 0.202700 0.515600
vt 0.205000 0.513000
vt 0.207000 0.510400
vt 0.222800 0.504400
vt 0.224600 0.503300
vt 0.226000 0.501800
vt 0.230200 0.506300
vt 0.191600 0.533000
vt 0.194700 0.529700
vt 0.192300 0.526700
vt 0.220100 0.501400
vt 0.221500 0.500400
vt 0.222600 0.499200
vt 0.189400 0.529400
vt 0.898900 0.463200
vt 0.898300 0.458100
vt 0.901900 0.459000
vt 0.901200 0.462600
vt 0.895800 0.463300
vt 0.894300 0.456800
vt 0.864200 0.456700
vt 0.862400 0.458700
vt 0.861000 0.455400
vt 0.862900 0.455100
vt 0.866100 0.458200
vt 0.865800 0.460500
vt 0.865900 0.454900
vt 0.862600 0.492100
vt 0.859300 0.494000
vt 0.864600 0.478200
vt 0.867400 0.487500
vt 0.869200 0.483700
vt 0.888200 0.451900
vt 0.890500 0.461300
vt 0.884700 0.455800
vt 0.893200 0.464700
vt 0.883800 0.467600
vt 0.887000 0.471000
vt 0.878600 0.462500
vt 0.870400 0.463100
vt 0.875300 0.459200
vt 0.868200 0.466300
vt 0.868800 0.473900
vt 0.865500 0.470700
vt 0.861200 0.460100
vt 0.865600 0.462700
vt 0.858500 0.456100
vt 0.266800 0.366800
vt 0.869500 0.451600
vt 0.884400 0.448100
vt 0.888700 0.443000
vt 0.905300 0.452800
vt 0.908800 0.455700
vt 0.906100 0.459200
vt 0.911900 0.452600
vt 0.908500 0.448900
vt 0.911000 0.446700
vt 0.914500 0.450600
vt 0.903800 0.440300
vt 0.907300 0.443200
vt 0.898300 0.436800
vt 0.892300 0.438500
vt 0.647400 0.111400
vt 0.893600 0.434800
vt 0.852100 0.479700
vt 0.857900 0.476100
vt 0.861600 0.474100
vt 0.873500 0.479000
vt 0.877100 0.482200
vt 0.872500 0.486900
vt 0.870700 0.490100
vt 0.259900 0.477600
vt 0.261300 0.475100
vt 0.264000 0.477000
vt 0.275100 0.475200
vt 0.271800 0.475300
vt 0.270900 0.470700
vt 0.273600 0.472500
vt 0.263500 0.495500
vt 0.264500 0.497200
vt 0.290400 0.478900
vt 0.283100 0.476000
vt 0.282400 0.472000
vt 0.290900 0.474800
vt 0.282200 0.469200
vt 0.291100 0.472200
vt 0.265000 0.472400
vt 0.243500 0.497300
vt 0.245900 0.499000
vt 0.246200 0.509500
vt 0.243700 0.509300
vt 0.247400 0.487500
vt 0.255600 0.487200
vt 0.259300 0.490800
vt 0.262800 0.492500
vt 0.261800 0.487300
vt 0.263300 0.489200
vt 0.260400 0.483900
vt 0.265600 0.488100
vt 0.253600 0.482600
vt 0.259700 0.480200
vt 0.253200 0.479200
vt 0.268200 0.475800
vt 0.266800 0.499800
vt 0.929700 0.411000
vt 0.926600 0.412400
vt 0.927000 0.409200
vt 0.938500 0.405800
vt 0.937400 0.409000
vt 0.934900 0.405800
vt 0.936100 0.405000
vt 0.923900 0.408000
vt 0.922100 0.404600
vt 0.918600 0.427300
vt 0.918400 0.431000
vt 0.950700 0.397400
vt 0.955900 0.398400
vt 0.922300 0.435700
vt 0.925900 0.435400
vt 0.931000 0.428400
vt 0.928800 0.435100
vt 0.951100 0.409400
vt 0.946000 0.408100
vt 0.946400 0.402600
vt 0.953800 0.405200
vt 0.948400 0.399200
vt 0.954700 0.402300
vt 0.941800 0.399500
vt 0.944500 0.396300
vt 0.946100 0.394300
vt 0.909700 0.423000
vt 0.914900 0.424700
vt 0.915800 0.422400
vt 0.921000 0.420700
vt 0.927600 0.421100
vt 0.929400 0.423600
vt 0.931600 0.419500
vt 0.933500 0.422000
vt 0.935900 0.425800
vt 0.934800 0.417800
vt 0.936600 0.420000
vt 0.939900 0.423300
vt 0.938100 0.414800
vt 0.940100 0.417000
vt 0.943800 0.420200
vt 0.940500 0.411900
vt 0.942700 0.413900
vt 0.946900 0.417000
vt 0.942100 0.408800
vt 0.944700 0.410800
vt 0.949200 0.413200
vt 0.943100 0.406100
vt 0.939000 0.403300
vt 0.939700 0.397600
vt 0.942500 0.393800
vt 0.927100 0.398100
vt 0.931800 0.399000
vt 0.923700 0.400100
vt 0.924400 0.398000
vt 0.944200 0.391600
vt 0.913200 0.417900
vt 0.918100 0.418800
vt 0.911100 0.421100
vt 0.922700 0.414600
vt 0.925300 0.418100
vt 0.929100 0.416500
vt 0.932200 0.414700
vt 0.935400 0.411900
vt 0.936300 0.402200
vt 0.920000 0.407100
vt 0.932600 0.408500
vt 0.545700 0.144700
vt 0.550100 0.145100
vt 0.547100 0.149700
vt 0.543900 0.148100
vt 0.543000 0.149600
vt 0.544900 0.153400
vt 0.541000 0.151600
vt 0.541300 0.148900
vt 0.581000 0.129200
vt 0.583400 0.125700
vt 0.586300 0.131900
vt 0.568500 0.146100
vt 0.571600 0.145900
vt 0.569700 0.150700
vt 0.565700 0.148300
vt 0.564300 0.155600
vt 0.566200 0.159200
vt 0.558800 0.157900
vt 0.561500 0.153100
vt 0.563700 0.131400
vt 0.567700 0.139600
vt 0.565100 0.140600
vt 0.561000 0.135400
vt 0.561100 0.143100
vt 0.556700 0.138500
vt 0.556300 0.148300
vt 0.553000 0.153500
vt 0.550800 0.157500
vt 0.578400 0.121700
vt 0.575700 0.124200
vt 0.572300 0.119800
vt 0.574700 0.118100
vt 0.572600 0.126500
vt 0.578100 0.133000
vt 0.572100 0.137400
vt 0.567500 0.129400
vt 0.578200 0.145400
vt 0.574400 0.153000
vt 0.555200 0.162300
vt 0.548800 0.172600
vt 0.554100 0.172100
vt 0.550700 0.176200
vt 0.583900 0.137700
vt 0.582100 0.156600
vt 0.577100 0.159000
vt 0.570400 0.161800
vt 0.557900 0.165700
vt 0.159900 0.207100
vt 0.183700 0.209300
vt 0.178500 0.205800
vt 0.191200 0.203400
vt 0.189800 0.206600
vt 0.189300 0.197600
vt 0.193100 0.200300
vt 0.195900 0.202300
vt 0.194500 0.204700
vt 0.161900 0.230900
vt 0.164700 0.228900
vt 0.167000 0.231800
vt 0.164600 0.233400
vt 0.194000 0.206400
vt 0.187400 0.212000
vt 0.176800 0.208600
vt 0.181200 0.213200
vt 0.171600 0.204600
vt 0.174800 0.203100
vt 0.173500 0.205600
vt 0.183100 0.194300
vt 0.599300 0.620500
vt 0.596600 0.618200
vt 0.168400 0.227000
vt 0.170400 0.229900
vt 0.184300 0.216500
vt 0.180500 0.220400
vt 0.177800 0.216600
vt 0.174200 0.211100
vt 0.170500 0.214100
vt 0.172500 0.206800
vt 0.168700 0.210000
vt 0.178600 0.193100
vt 0.175800 0.193000
vt 0.166600 0.215800
vt 0.165500 0.211900
vt 0.157600 0.211800
vt 0.154200 0.211800
vt 0.166700 0.158800
vt 0.167000 0.160700
vt 0.164400 0.160500
vt 0.164400 0.158000
vt 0.167600 0.158600
vt 0.176000 0.142900
vt 0.177700 0.146600
vt 0.172600 0.149500
vt 0.172300 0.145300
vt 0.194300 0.145500
vt 0.197000 0.146500
vt 0.187900 0.148000
vt 0.189100 0.143600
vt 0.163100 0.166000
vt 0.161000 0.160100
vt 0.166400 0.165000
vt 0.168800 0.164100
vt 0.160500 0.157600
vt 0.168800 0.155300
vt 0.167500 0.155100
vt 0.171900 0.148200
vt 0.170500 0.156200
vt 0.174200 0.158500
vt 0.174000 0.177600
vt 0.171700 0.175800
vt 0.167600 0.172000
vt 0.199300 0.147700
vt 0.181900 0.146300
vt 0.181700 0.142000
vt 0.173800 0.151600
vt 0.177000 0.155100
vt 0.182200 0.159100
vt 0.179200 0.162700
vt 0.960400 0.331100
vt 0.964900 0.334600
vt 0.179400 0.176700
vt 0.177800 0.177700
vt 0.176200 0.179200
vt 0.399600 0.381000
vt 0.182700 0.166100
vt 0.184700 0.168300
vt 0.185900 0.161900
vt 0.188300 0.163900
vt 0.255400 0.260500
vt 0.254600 0.258100
vt 0.257300 0.247300
vt 0.258900 0.247900
vt 0.257900 0.252300
vt 0.255000 0.254300
vt 0.239900 0.268300
vt 0.235400 0.268500
vt 0.254700 0.276000
vt 0.257600 0.279600
vt 0.259600 0.282400
vt 0.255700 0.285400
vt 0.261600 0.276000
vt 0.264100 0.278600
vt 0.260200 0.253700
vt 0.261400 0.249100
vt 0.249100 0.260700
vt 0.247700 0.257900
vt 0.244700 0.264900
vt 0.242900 0.265900
vt 0.234900 0.267000
vt 0.239800 0.266700
vt 0.251000 0.263800
vt 0.246800 0.267200
vt 0.253900 0.267400
vt 0.250200 0.270800
vt 0.258000 0.264100
vt 0.258400 0.272700
vt 0.262300 0.269300
vt 0.269100 0.269100
vt 0.265300 0.272600
vt 0.272200 0.265700
vt 0.274600 0.267600
vt 0.271500 0.271300
vt 0.276400 0.265000
vt 0.278400 0.261600
vt 0.268000 0.274900
vt 0.244400 0.269300
vt 0.453000 0.896000
vt 0.409000 0.854300
vt 0.019300 0.645400
vt 0.018700 0.640100
vt 0.108500 0.121600
vt 0.113600 0.119200
vt 0.504800 0.239000
vt 0.021300 0.651300
vt 0.526100 0.871200
vt 0.677995 0.856701
vt 0.960600 0.652800
vt 0.689078 0.858388
vt 0.692143 0.855181
vt 0.693719 0.850762
vt 0.682847 0.861904
vt 0.683663 0.887819
vt 0.677564 0.880825
vt 0.697119 0.846969
vt 0.699703 0.849138
vt 0.682416 0.859683
vt 0.682899 0.857119
vt 0.699636 0.843986
vt 0.702537 0.845290
vt 0.706403 0.853935
vt 0.712611 0.858390
vt 0.709260 0.849054
vt 0.716115 0.853372
vt 0.702293 0.837525
vt 0.706269 0.838100
vt 0.704804 0.841386
vt 0.701207 0.840880
vt 0.676763 0.868972
vt 0.679810 0.866891
vt 0.673010 0.874476
vt 0.672197 0.870781
vt 0.719514 0.848173
vt 0.712025 0.844179
vt 0.713689 0.841067
vt 0.721397 0.845514
vt 0.820000 0.928800
vt 0.688738 0.847817
vt 0.685402 0.847012
s 1
usemtl Material.001
f 3905/15/7 3904/16/8 3859/17/9 3858/18/10 3907/19/11
f 12/20/12 13/21/13 14/22/14
f 16/23/15 18/24/16 10/25/17 9/26/18
f 18/24/16 19/27/19 20/28/20 10/25/17
f 21/29/21 22/30/22 18/24/16 16/23/15
f 21/29/21 16/23/15 15/31/23 23/32/24
f 27/33/25 25/34/26 24/35/27 28/36/28
f 5539/37/29 5559/38/30 5560/39/31 5541/40/32
f 29/41/33 19/27/19 18/24/16 22/30/22
f 19/27/19 29/41/33 30/42/34 31/43/35
f 5552/44/36 5532/45/37 5530/46/38 5551/47/39 5550/48/40 5553/49/41
f 36/50/42 31/43/35 30/42/34 37/51/43
f 5540/52/44 5547/53/45 5558/54/46 5557/55/47 5556/56/48
f 5539/37/29 5540/52/44 5556/56/48 5559/38/30
f 39/57/49 43/58/50 44/59/51 40/60/52
f 43/58/50 45/61/53 46/62/54 44/59/51
f 44/59/51 46/62/54 37/51/43 30/42/34
f 33/63/55 32/64/56 47/65/57 48/66/58
f 12/67/12 49/68/59 50/69/60 13/70/13
f 48/71/58 49/68/59 12/67/12 33/72/55
f 28/36/28 24/35/27 49/68/59 48/71/58
f 51/73/61 27/74/25 28/75/28 52/76/62
f 11/77/63 17/78/64 9/26/18
f 31/79/35 53/80/65 20/28/20 19/27/19
f 52/76/62 46/62/54 45/61/53 51/73/61
f 46/62/54 52/76/62 47/65/57 37/51/43
f 37/51/43 47/65/57 32/64/56 36/50/42
f 36/81/42 32/82/56 35/83/66 54/84/67
f 35/83/66 34/85/68 11/77/63 54/84/67
f 17/78/64 11/77/63 34/85/68 14/22/14
f 23/32/24 15/31/23 13/70/13 50/69/60
f 5568/86/69 5541/40/32 5560/39/31 5544/87/70
f 31/79/35 36/81/42 54/84/67 53/80/65
f 48/66/58 47/65/57 52/76/62 28/75/28
f 30/42/34 29/41/33 40/60/52 44/59/51
f 55/88/71 56/89/72 57/90/73 58/91/74
f 55/88/71 58/91/74 59/92/75
f 55/88/71 59/92/75 60/93/76 61/94/77
f 62/95/78 56/89/72 55/88/71 61/94/77
f 63/96/79 64/97/80 65/98/81 66/99/82
f 58/91/74 67/100/83 59/92/75
f 58/91/74 68/101/84 69/102/85 67/100/83
f 70/103/86 71/104/87 72/105/88 73/106/89
f 70/103/86 73/106/89 74/107/90
f 72/105/88 77/108/91 78/109/92 79/110/93
f 71/104/87 80/111/94 77/108/91 72/105/88
f 5376/112/95 5323/113/96 5325/114/97 5364/115/98 5362/116/99 5359/117/100
f 84/118/101 85/119/102 82/120/103 81/121/104
f 82/120/103 85/119/102 86/122/105 83/123/106
f 85/119/102 87/124/107 88/125/108 86/122/105
f 87/124/107 67/100/83 69/102/85 88/125/108
f 89/126/109 87/124/107 85/119/102 84/118/101
f 761/127/110 747/128/111 744/129/112 745/130/113 746/131/114 469/132/115 468/133/116
f 61/94/77 60/93/76 93/134/117 94/135/118
f 96/136/119 94/135/118 95/137/120 97/138/121
f 73/106/89 97/139/121 95/140/120 74/107/90
f 76/141/122 70/103/86 74/107/90 75/142/123
f 76/141/122 98/143/124 99/144/125 70/103/86
f 71/104/87 70/103/86 99/144/125 100/145/126
f 100/145/126 101/146/127 80/111/94 71/104/87
f 101/146/127 102/147/128 81/121/104 80/111/94
f 103/148/129 84/118/101 81/121/104 102/147/128
f 91/149/130 89/126/109 84/118/101 103/148/129
f 63/96/79 91/149/130 103/148/129 64/97/80
f 63/96/79 66/99/82 90/150/131 91/149/130
f 104/151/132 92/152/133 90/150/131 66/99/82
f 105/153/134 92/152/133 104/151/132
f 577/154/135 576/155/136 579/156/137 580/157/138 255/158/139 256/159/140 251/160/141 254/161/142
f 1934/162/143 1189/163/144 1192/164/145 1695/165/146 1696/166/147 1697/167/148 1698/168/149 1701/169/150
f 109/170/151 98/143/124 108/171/152 110/172/153
f 111/173/154 99/144/125 98/143/124 109/170/151
f 111/173/154 112/174/155 100/145/126 99/144/125
f 112/174/155 113/175/156 101/146/127 100/145/126
f 113/175/156 114/176/157 102/147/128 101/146/127
f 64/97/80 103/148/129 102/147/128 114/176/157
f 114/176/157 115/177/158 65/98/81 64/97/80
f 114/176/157 113/175/156 116/178/159 115/177/158
f 117/179/160 115/177/158 116/178/159 110/172/153
f 118/180/161 109/170/151 110/172/153 116/178/159
f 111/173/154 109/170/151 118/180/161
f 249/181/162 252/182/163 300/183/164 299/184/165 298/185/166 250/186/167
f 65/98/81 115/177/158 117/187/160 119/188/168
f 119/188/168 104/151/132 66/99/82 65/98/81
f 3517/189/169 3513/190/170 3516/191/171 3502/192/172 3501/193/173 3472/194/174
f 113/175/156 112/174/155 118/180/161 116/178/159
f 57/90/73 120/195/175 68/101/84 58/91/74
f 79/110/93 121/196/176 73/106/89 72/105/88
f 62/95/78 61/94/77 94/135/118 96/136/119
f 111/173/154 118/180/161 112/174/155
f 122/197/177 123/198/178 124/199/179 125/200/180
f 126/201/181 127/202/182 122/197/177 125/200/180
f 130/203/183 126/201/181 125/200/180 129/204/184
f 124/199/179 131/205/185 129/204/184 125/200/180
f 133/206/186 134/207/187 135/208/188 132/209/189
f 137/210/190 133/206/186 132/209/189 136/211/191
f 135/208/188 138/212/192 139/213/193 132/209/189
f 132/209/189 139/213/193 140/214/194 136/211/191
f 144/215/195 141/216/196 142/217/197 143/218/198
f 130/203/183 145/219/199 146/220/200 147/221/201
f 145/219/199 148/222/202 149/223/203 146/220/200
f 147/221/201 150/224/204 151/225/205 130/203/183
f 126/201/181 130/203/183 151/225/205 152/226/206
f 153/227/207 154/228/208 155/229/209
f 156/230/210 157/231/211 154/228/208 153/227/207
f 157/231/211 158/232/212 155/229/209 154/228/208
f 1112/233/213 1834/234/214 1828/235/215 1113/236/216
f 165/237/217 162/238/218 163/239/219 164/240/220
f 162/238/218 165/237/217 166/241/221 167/242/222
f 162/238/218 167/242/222 168/243/223 163/239/219
f 169/244/224 170/245/225 158/246/212 157/247/211
f 171/248/226 172/249/227 170/245/225 169/244/224
f 169/244/224 157/247/211 156/250/210 174/251/228
f 173/252/229 171/248/226 169/244/224 174/251/228
f 175/253/230 176/254/231 177/255/232 178/256/233
f 175/253/230 178/256/233 179/257/234 180/258/235
f 156/250/210 182/259/236 181/260/237 174/251/228
f 1235/261/238 1238/262/239 1696/166/147 1693/263/240 1692/264/241 1694/265/242
f 1668/266/243 1671/267/244 1676/268/245 2129/269/246 2195/270/247 2198/271/248
f 5319/272/249 5318/273/250 5286/274/251 5307/275/252 5310/276/253 5306/277/254 5305/278/255
f 2288/279/256 2287/280/257 1405/281/258 1404/282/259
f 1413/283/260 2363/284/261 1446/285/262 1444/286/263 1414/287/264 1415/288/265 1416/289/266
f 4310/290/267 4312/291/268 4313/292/269 4311/293/270 4307/294/271 4304/295/272
f 189/296/273 175/253/230 180/258/235 153/227/207
f 193/297/274 194/298/275 191/299/276 190/300/277
f 5504/301/278 5505/302/279 5520/303/280 5521/304/281
f 5503/305/282 5504/301/278 5521/304/281 5522/306/283
f 1929/307/284 3263/308/285 3262/309/286 1928/310/287 1927/311/288 1926/312/289
f 160/313/290 150/224/204 187/314/291 161/315/292 159/316/293 381/317/294 380/318/295 382/319/296 383/320/297 197/321/298 196/322/299 445/323/300 170/245/225 172/249/227 446/324/301 384/325/302 188/326/303
f 198/327/304 196/322/299 197/321/298 199/328/305
f 200/329/306 201/330/307 202/331/308 203/332/309
f 200/329/306 205/333/310 204/334/311 201/330/307
f 205/333/310 200/329/306 203/332/309
f 3862/335/312 3875/336/313 3866/337/314 3865/338/315
f 3418/339/316 3414/340/317 3386/341/318 3384/342/319 3381/343/320
f 159/316/293 161/315/292 209/344/321 210/345/322
f 1845/346/323 1848/347/324 1849/348/325 1846/349/326
f 3639/350/327 3643/351/328 3645/352/329 3640/353/330 3641/354/331 3638/355/332
f 3468/356/333 3474/357/334 2525/358/335 2527/359/336 2526/360/337
f 2887/361/338 2470/362/339 2468/363/340 2892/364/341 2888/365/342
f 220/366/343 221/367/344 222/368/345 223/369/346
f 224/370/347 225/371/348 223/369/346 222/368/345
f 2019/372/349 2017/373/350 2016/374/351 2054/375/352 2022/376/353
f 222/368/345 221/367/344 228/377/354 226/378/355
f 3443/379/356 3431/380/357 3430/381/358 3441/382/359 3442/383/360
f 2852/384/361 2815/385/362 3489/386/363 3488/387/364 3495/388/365
f 2755/389/366 2754/390/367 2752/391/368 3159/392/369 3156/393/370 3155/394/371 3154/395/372 3152/396/373 3299/397/374 3160/398/375 3161/399/376 3158/400/377 3162/401/378 3163/402/379 2759/403/380 2760/404/381
f 235/405/382 236/406/383 237/407/384 238/408/385
f 232/409/386 235/405/382 238/408/385 233/410/387
f 241/411/388 242/412/389 238/408/385 237/407/384
f 242/412/389 243/413/390 233/410/387 238/408/385
f 237/407/384 240/414/391 244/415/392 241/411/388
f 245/416/393 246/417/394 247/418/395 248/419/396
f 240/414/391 245/416/393 248/419/396 244/415/392
f 249/181/162 250/186/167 241/411/388 244/415/392
f 248/419/396 247/418/395 251/160/141 252/182/163
f 244/415/392 248/419/396 252/182/163 249/181/162
f 247/418/395 253/420/397 254/161/142 251/160/141
f 258/421/398 259/422/399 260/423/400 261/424/401
f 282/425/402 325/426/403 327/427/404 322/428/405
f 262/429/406 264/430/407 265/431/408 263/432/409
f 264/430/407 266/433/410 267/434/411 265/431/408
f 1514/435/412 1515/436/413 1071/437/414 1471/438/415 1456/439/416 1069/440/417 1070/441/418
f 271/442/419 268/443/420 270/444/421 272/445/422
f 274/446/423 271/442/419 272/445/422 273/447/424
f 276/448/425 274/446/423 273/447/424 275/449/426
f 278/450/427 276/448/425 275/449/426 277/451/428
f 275/449/426 218/452/429 219/453/430 277/451/428
f 280/454/431 278/450/427 277/451/428 279/455/432
f 282/456/402 280/454/431 279/455/432 281/457/433
f 279/455/432 220/366/343 223/369/346 281/457/433
f 277/451/428 219/453/430 220/366/343 279/455/432
f 282/456/402 281/457/433 283/458/434 285/459/435 323/460/436 324/461/437 325/462/403
f 281/457/433 223/369/346 225/371/348 283/458/434
f 284/463/438 285/459/435 283/458/434 225/371/348
f 284/463/438 286/464/439 287/465/440 288/466/441
f 284/463/438 225/371/348 224/370/347 286/464/439
f 286/464/439 224/370/347 227/467/442 289/468/443
f 1048/469/444 1047/470/445 1052/471/446 1762/472/447 1754/473/448 1750/474/449
f 234/475/450 233/410/387 243/413/390 291/476/451
f 292/477/452 293/478/453 290/479/454 291/476/451
f 291/476/451 243/413/390 294/480/455 292/477/452
f 242/412/389 241/411/388 250/186/167 295/481/456
f 243/413/390 242/412/389 295/481/456 294/480/455
f 294/480/455 295/481/456 296/482/457 297/483/458
f 295/481/456 250/186/167 298/185/166 296/482/457
f 252/182/163 251/160/141 256/159/140 300/183/164
f 299/484/165 300/485/164 301/486/459 302/487/460
f 300/485/164 256/488/140 303/489/461 301/486/459
f 228/377/354 235/405/382 232/409/386 229/490/462 226/378/355
f 304/491/463 305/492/464 306/493/465 307/494/466
f 308/495/467 304/491/463 307/494/466 309/496/468
f 302/487/460 301/486/459 304/491/463 308/495/467
f 301/486/459 303/489/461 305/492/464 304/491/463
f 305/492/464 258/421/398 261/424/401 306/493/465
f 303/489/461 257/497/469 258/421/398 305/492/464
f 483/498/470 643/499/471 644/500/472 513/501/473 511/502/474 647/503/475 649/504/476 537/505/477
f 3491/506/478 3490/507/479 2601/508/480 2600/509/481 3493/510/482
f 310/511/483 314/512/484 315/513/485 311/514/486
f 313/515/487 316/516/488 314/512/484 310/511/483
f 263/432/409 265/431/408 316/516/488 313/515/487
f 314/512/484 317/517/489 318/518/490 315/513/485
f 316/516/488 319/519/491 317/517/489 314/512/484
f 265/431/408 267/434/411 319/519/491 316/516/488
f 2492/520/492 3732/521/493 3729/522/494 2493/523/495 2490/524/496 2491/525/497
f 2049/526/498 2028/527/499 1149/528/500 2023/529/501 1968/530/502 2122/531/503 2021/532/504
f 3872/533/505 3871/534/506 3866/337/314 3875/336/313 3873/535/507
f 134/207/187 325/462/403 324/461/437 135/208/188
f 326/536/508 135/208/188 324/461/437
f 323/460/436 288/466/441 326/536/508 324/461/437
f 285/459/435 284/463/438 288/466/441 323/460/436
f 3464/537/509 3036/538/510 3037/539/511 3463/540/512 3465/541/513
f 325/426/403 134/542/187 328/543/514 327/427/404
f 134/542/187 133/544/186 210/345/322 328/543/514
f 133/544/186 137/545/190 159/316/293 210/345/322
f 210/345/322 209/344/321 329/546/515 328/543/514
f 2677/547/516 2834/548/517 2833/549/518 2682/550/519 2683/551/520
f 334/552/521 185/553/522 333/554/523 338/555/524 339/556/525 337/557/526
f 333/554/523 185/553/522 187/314/291
f 5180/558/527 5175/559/528 5174/560/529 5177/561/530 5178/562/531 5179/563/532
f 3492/564/533 2647/565/534 2646/566/535 1495/567/536 2164/568/537
f 339/556/525 146/220/200 149/223/203 337/557/526
f 3208/569/538 3211/570/539 3210/571/540 3207/572/541
f 340/573/542 149/223/203 148/222/202 343/574/543
f 341/575/544 340/573/542 343/574/543 204/334/311
f 1260/576/545 1691/577/546 1690/578/547 1689/579/548
f 341/575/544 204/334/311 205/333/310 344/580/549
f 203/332/309 344/580/549 205/333/310
f 168/243/223 344/581/549 163/239/219
f 344/581/549 203/582/309 164/240/220 163/239/219
f 345/583/550 347/584/551 346/585/552 342/586/553
f 3637/587/554 2531/588/555 2528/589/556 2529/590/557 2526/360/337 2527/359/336 3633/591/558 3636/592/559
f 5503/305/282 5522/306/283 5523/593/560 5502/594/561
f 165/237/217 350/595/562 349/596/563 166/241/221
f 350/595/562 165/237/217 164/240/220 351/597/564
f 203/582/309 202/598/308 351/597/564 164/240/220
f 352/599/565 350/595/562 351/597/564 353/600/566
f 194/298/275 352/599/565 353/600/566 354/601/567
f 3415/602/568 3423/603/569 3413/604/570 3410/605/571 3412/606/572
f 357/607/573 131/608/185 359/609/574 358/610/575
f 360/611/576 129/204/184 131/205/185 357/612/573
f 361/613/577 360/611/576 357/612/573 356/614/578
f 148/222/202 145/219/199 360/611/576 361/613/577
f 145/219/199 130/203/183 129/204/184 360/611/576
f 204/334/311 343/574/543 362/615/579 201/330/307
f 343/574/543 148/222/202 361/613/577 362/615/579
f 356/614/578 355/616/580 362/615/579 361/613/577
f 355/616/580 202/331/308 201/330/307 362/615/579
f 131/608/185 124/617/179 363/618/581 359/609/574
f 195/619/582 192/620/583 359/609/574 363/618/581
f 365/621/584 195/619/582 363/618/581 364/622/585
f 178/256/233 365/621/584 364/622/585 179/257/234
f 124/617/179 123/623/178 364/622/585 363/618/581
f 123/623/178 128/624/586 179/257/234 364/622/585
f 4217/625/587 4228/626/588 4215/627/589 4216/628/590
f 1358/629/591 1674/630/592 1672/631/593 1670/632/594 1463/633/595 1305/634/596
f 371/635/597 375/636/598 374/637/599 368/638/600
f 375/636/598 371/635/597 176/254/231
f 199/639/305 376/640/601 374/637/599 375/636/598
f 198/641/304 199/639/305 375/636/598 377/642/602
f 176/254/231 175/253/230 377/642/602 375/636/598
f 379/643/603 378/644/604 155/229/209 158/232/212
f 379/643/603 198/641/304 377/642/602 378/644/604
f 189/296/273 378/644/604 377/642/602 175/253/230
f 378/644/604 189/296/273 153/227/207 155/229/209
f 376/640/601 380/645/295 373/646/605 374/637/599
f 2062/647/606 2071/648/607 2059/649/608 2058/650/609 2057/651/610
f 3075/652/611 3072/653/612 3074/654/613 2638/655/614 2637/656/615 2718/657/616
f 1936/658/617 1937/659/618 1692/264/241 1693/263/240
f 4951/660/619 4935/661/620 4928/662/621 4930/663/622 4934/664/623
f 2353/665/624 2359/666/625 2358/667/626 2352/668/627 1353/669/628 1352/670/629
f 386/671/630 137/210/190 136/211/191 385/672/631
f 136/211/191 140/214/194 387/673/632 385/672/631
f 385/672/631 387/673/632 370/674/633 372/675/634
f 208/676/635 140/214/194 139/213/193 206/677/636
f 5505/302/279 5504/301/278 5503/305/282 193/297/274 190/300/277 191/299/276 192/620/583 195/619/582 365/621/584 178/256/233 177/255/232 367/678/637 208/676/635 207/679/638 389/680/639 388/681/640 366/682/641 5506/683/642
f 4139/684/643 4132/685/644 4126/686/645 4125/687/646 4194/688/647
f 1674/630/592 1358/629/591 1357/689/648 1673/690/649 1672/631/593
f 5198/691/650 5170/692/651 5148/693/652 5154/694/653
f 1427/695/654 1100/696/655 1099/697/656 2426/698/657 1436/699/658
f 2110/700/659 2112/701/660 1883/702/661 1884/703/662
f 2543/704/663 2544/705/664 2540/706/665 2676/707/666 2675/708/667 2541/709/668 2542/710/669 2545/711/670
f 141/216/196 144/215/195 394/712/671 393/713/672
f 2492/520/492 2491/525/497 2522/714/673 3731/715/674 3727/716/675 3732/521/493
f 392/717/676 394/712/671 395/718/677 396/719/678
f 394/712/671 144/215/195 397/720/679 395/718/677
f 390/721/680 392/717/676 396/719/678 391/722/681
f 395/723/677 398/724/682 399/725/683 396/726/678
f 400/727/684 398/724/682 395/723/677 397/728/679
f 401/729/685 391/730/681 396/726/678 399/725/683
f 1538/731/686 1539/732/687 1536/733/688 1208/734/689 1179/735/690 1181/736/691
f 1174/737/692 1364/738/693 1295/739/694 1157/740/695 1172/741/696 1173/742/697
f 5416/743/698 5384/744/699 5385/745/700 5383/746/701 5417/747/702
f 407/748/703 409/749/704 410/750/705 408/751/706
f 2285/752/707 2248/753/708 2253/754/709 2286/755/710
f 711/756/711 512/757/712 646/758/713 647/503/475 511/502/474 714/759/714
f 1871/760/715 1993/761/716 1992/762/717 1869/763/718 1868/764/719 1870/765/720
f 416/766/721 321/767/722 322/428/405 415/768/723
f 417/769/724 320/770/725 321/767/722 416/766/721
f 311/514/486 315/513/485 417/769/724 418/771/726
f 416/766/721 419/772/727 418/771/726 417/769/724
f 415/768/723 414/773/728 419/772/727 416/766/721
f 320/770/725 417/769/724 315/513/485 318/518/490
f 420/774/729 418/771/726 419/772/727 421/775/730
f 421/775/730 419/772/727 414/773/728 422/776/731
f 413/777/732 423/778/733 422/776/731 414/773/728
f 2442/779/734 2441/780/735 3114/781/736 3115/782/737 3122/783/738 2445/784/739
f 5492/785/740 5493/786/741 5512/787/742 5513/788/743 5514/789/744
f 3202/790/745 2794/791/746 2792/792/747 2495/793/748 2497/794/749 2500/795/750
f 3705/796/751 3708/797/752 3707/798/753 3706/799/754 3703/800/755 3704/801/756
f 23/32/24 50/69/60 26/802/757 42/803/758
f 432/804/759 433/805/760 410/750/705 409/749/704
f 1679/806/761 1147/807/762 1148/808/763 1146/809/764 1678/810/765 1680/811/766
f 610/812/767 608/813/768 607/814/769 745/130/113 744/129/112
f 988/815/770 991/816/771 972/817/772 987/818/773
f 1765/819/774 1763/820/775 1280/821/776 1279/822/777 1764/823/778
f 1846/349/326 1849/348/325 1848/347/324 1519/824/779 1518/825/780 1850/826/781 1863/827/782
f 4692/828/783 4677/829/784 4675/830/785 4676/831/786 4694/832/787 4707/833/788 4693/834/789
f 302/487/460 438/835/790 298/836/166 299/484/165
f 439/837/791 440/838/792 441/839/793 442/840/794
f 438/835/790 440/838/792 439/837/791 437/841/795
f 440/838/792 308/495/467 309/496/468 441/839/793
f 438/835/790 302/487/460 308/495/467 440/838/792
f 292/477/452 294/480/455 297/483/458 436/842/796
f 682/843/797 684/844/798 501/845/799 500/846/800 677/847/801 679/848/802 681/849/803
f 312/850/804 311/514/486 418/771/726 420/774/729
f 761/127/110 468/133/116 718/851/805 762/852/806
f 191/299/276 194/298/275 354/601/567 358/610/575
f 192/620/583 191/299/276 358/610/575 359/609/574
f 3167/853/807 3168/854/808 3165/855/809 3166/856/810 3304/857/811 3305/858/812
f 1973/859/813 1972/860/814 1971/861/815 1806/862/816
f 443/863/817 326/536/508 288/466/441 287/465/440
f 138/212/192 135/208/188 326/536/508 443/863/817
f 2053/864/818 2052/865/819 2051/866/820 2054/375/352
f 246/417/394 214/867/821 253/420/397 247/418/395
f 4020/868/822 4025/869/823 3979/870/824 3978/871/825 4022/872/826 4021/873/827
f 5111/874/828 5123/875/829 5122/876/830 5126/877/831 5128/878/832 5129/879/833 5135/880/834 5108/881/835 5107/882/836 5109/883/837 5110/884/838
f 4680/885/839 4682/886/840 4695/887/841 4678/888/842 4679/889/843
f 5499/890/844 5525/891/845 168/243/223
f 5500/892/846 5524/893/847 5525/891/845 5499/890/844
f 3024/894/848 3021/895/849 3687/896/850 3686/897/851 2447/898/852
f 198/327/304 379/899/603 445/323/300 196/322/299
f 445/323/300 379/899/603 158/246/212 170/245/225
f 182/900/236 156/230/210 153/227/207 180/258/235
f 128/624/586 182/900/236 180/258/235 179/257/234
f 4809/901/853 4847/902/854 4848/903/855 4810/904/856 4761/905/857
f 3360/906/858 3358/907/859 3359/908/860 3301/909/861 3361/910/862
f 400/727/684 397/728/679 405/911/863 404/912/864
f 215/913/865 211/914/866 214/867/821 246/417/394 444/915/867
f 399/725/683 398/724/682 402/916/868 403/917/869
f 398/724/682 400/727/684 404/912/864 402/916/868
f 144/215/195 143/218/198 405/918/863 397/720/679
f 441/839/793 309/496/468 312/850/804 420/774/729
f 442/840/794 441/839/793 420/774/729 421/775/730
f 426/919/870 442/840/794 421/775/730 422/776/731
f 426/919/870 422/776/731 423/778/733 424/920/871
f 597/921/872 595/922/873 593/923/874 631/924/875 632/925/876 633/926/877
f 1910/927/878 1338/928/879 1337/929/880 1341/930/881 1723/931/882
f 448/932/883 449/933/884 450/934/885 451/935/886
f 452/936/887 453/937/888 448/932/883 451/935/886
f 181/260/237 182/259/236 128/938/586 123/198/178 122/197/177
f 455/939/889 456/940/890 451/935/886 450/934/885
f 456/940/890 457/941/891 452/936/887 451/935/886
f 460/942/892 461/943/893 458/944/894 459/945/895
f 459/945/895 458/944/894 462/946/896 463/947/897
f 464/948/898 459/945/895 463/947/897 465/949/899
f 466/950/900 467/951/901 468/133/116 469/132/115
f 455/939/889 470/952/902 471/953/903 472/954/904
f 473/955/905 474/956/906 470/952/902 455/939/889
f 473/955/905 455/939/889 450/934/885 475/957/907
f 476/958/908 477/959/909 478/960/910
f 480/961/911 479/962/912 476/958/908 478/960/910
f 481/963/913 480/961/911 478/960/910 477/959/909
f 485/964/914 486/965/915 487/966/916 488/967/917
f 485/964/914 489/968/918 490/969/919 486/965/915
f 489/968/918 485/964/914 488/967/917 491/970/920
f 492/971/921 480/972/911 481/973/913 493/974/922
f 494/975/923 492/971/921 493/974/922 495/976/924
f 4532/977/925 4517/978/926 4533/979/927 4534/980/928 4542/981/929
f 492/971/921 497/982/930 479/983/912 480/972/911
f 494/975/923 496/984/931 497/982/930 492/971/921
f 498/985/932 499/986/933 500/846/800 501/845/799
f 499/986/933 498/985/932 502/987/934 503/988/935
f 505/989/936 506/990/937 508/991/938
f 509/992/939 510/993/940 479/983/912 497/982/930
f 2886/994/941 2790/995/942 2789/996/943 2883/997/944 2884/998/945 2885/999/946
f 3960/1000/947 3959/1001/948 3952/1002/949 3946/1003/950 3949/1004/951 3984/1005/952
f 4862/1006/953 4858/1007/954 4901/1008/955 4865/1009/956 4902/1010/957 4903/1011/958
f 5492/785/740 5514/789/744 5515/1012/959 5491/1013/960
f 3390/1014/961 3389/1015/962 3408/1016/963 3393/1017/964 3391/1018/965
f 498/985/932 515/1019/966 476/958/908 502/987/934
f 840/1020/967 841/1021/968 802/1022/969 788/1023/970 804/1024/971
f 3241/1025/972 3435/1026/973 3279/1027/974 3273/1028/975
f 1529/1029/976 2416/1030/977 1525/1031/978 1526/1032/979
f 699/1033/980 524/1034/981 759/1035/982 695/1036/983 525/1037/984 526/1038/985 690/1039/986
f 527/1040/987 528/1041/988 529/1042/989 530/1043/990
f 528/1041/988 531/1044/991 532/1045/992 529/1042/989
f 527/1040/987 533/1046/993 531/1044/991 528/1041/988
f 2377/1047/994 2375/1048/995 2372/1049/996 2370/1050/997 2369/1051/998
f 2402/1052/999 1617/1053/1000 1621/1054/1001 2386/1055/1002 2385/1056/1003 2384/1057/1004 1468/1058/1005
f 482/1059/1006 538/1060/1007 539/1061/1008 483/498/470
f 5451/1062/1009 5454/1063/1010 5460/1064/1011 5448/1065/1012 5450/1066/1013
f 721/1067/1014 723/1068/1015 733/1069/1016 722/1070/1017
f 2105/1071/1018 2107/1072/1019 1886/1073/1020 1887/1074/1021
f 2381/1075/1022 2377/1047/994 2369/1051/998 1050/1076/1023 1056/1077/1024
f 546/1078/1025 547/1079/1026 548/1080/1027 549/1081/1028
f 547/1079/1026 550/1082/1029 551/1083/1030 548/1080/1027
f 150/224/204 160/313/290 188/326/303 126/201/181 152/226/206 151/225/205
f 2421/1084/1031 2422/1085/1032 2418/1086/1033 2419/1087/1034
f 548/1080/1027 553/1088/1035 554/1089/1036 549/1081/1028
f 842/1090/1037 803/1091/1038 802/1022/969 841/1021/968 769/1092/1039 768/1093/1040
f 233/410/387 234/475/450 230/1094/1041 229/490/462 232/409/386
f 562/1095/1042 563/1096/1043 564/1097/1044 565/1098/1045
f 559/1099/1046 561/1100/1047 563/1096/1043 562/1095/1042
f 1058/1101/1048 1067/1102/1049 1065/1103/1050 1063/1104/1051 1064/1105/1052 1061/1106/1053
f 563/1096/1043 568/1107/1054 569/1108/1055 564/1097/1044
f 561/1100/1047 570/1109/1056 568/1107/1054 563/1096/1043
f 564/1097/1044 569/1108/1055 571/1110/1057 566/1111/1058
f 572/1112/1059 573/1113/1060 566/1111/1058 571/1110/1057
f 569/1108/1055 574/1114/1061 575/1115/1062 571/1110/1057
f 571/1110/1057 575/1115/1062 576/155/136 572/1112/1059
f 577/154/135 578/1116/1063 572/1112/1059 576/155/136
f 3438/1117/1064 3453/1118/1065 3439/1119/1066 3437/1120/1067 3436/1121/1068
f 582/1122/1069 583/1123/1070 260/423/400 259/422/399
f 4387/1124/1071 4376/1125/1072 4377/1126/1073 4375/1127/1074 4390/1128/1075
f 585/1129/1076 264/430/407 262/429/406 584/1130/1077
f 586/1131/1078 266/433/410 264/430/407 585/1129/1076
f 587/1132/1079 589/1133/1080 590/1134/1081 588/1135/1082
f 589/1133/1080 591/1136/1083 592/1137/1084 590/1134/1081
f 591/1136/1083 593/1138/874 594/1139/1085 592/1137/1084
f 592/1137/1084 594/1139/1085 545/1140/1086 543/1141/1087
f 593/1138/874 595/1142/873 596/1143/1088 594/1139/1085
f 595/1142/873 597/1144/872 598/1145/1089 596/1143/1088
f 596/1143/1088 598/1145/1089 547/1079/1026 546/1078/1025
f 594/1139/1085 596/1143/1088 546/1078/1025 545/1140/1086
f 597/1144/872 635/1146/1090 636/1147/1091 634/1148/1092 600/1149/1093 599/1150/1094 598/1145/1089
f 598/1145/1089 599/1150/1094 550/1082/1029 547/1079/1026
f 599/1150/1094 600/1149/1093 601/1151/1095 550/1082/1029
f 601/1151/1095 602/1152/1096 603/1153/1097 604/1154/1098
f 601/1151/1095 604/1154/1098 551/1083/1030 550/1082/1029
f 2052/865/819 2053/864/818 2055/1155/1099 2078/1156/1100
f 604/1154/1098 606/1157/1101 552/1158/1102 551/1083/1030
f 714/759/714 511/502/474 513/501/473 644/500/472 643/499/471 721/1067/1014 722/1070/1017 766/1159/1103 645/1160/1104 717/1161/1105
f 570/1109/1056 561/1100/1047 560/1162/1106 609/1163/1107
f 608/813/768 610/812/767 611/1164/1108 609/1163/1107
f 609/1163/1107 611/1164/1108 612/1165/1109 570/1109/1056
f 613/1166/1110 568/1107/1054 570/1109/1056 612/1165/1109
f 574/1114/1061 569/1108/1055 568/1107/1054 613/1166/1110
f 574/1114/1061 613/1166/1110 614/1167/1111 615/1168/1112
f 613/1166/1110 612/1165/1109 616/1169/1113 614/1167/1111
f 575/1115/1062 574/1114/1061 615/1168/1112 617/1170/1114
f 576/155/136 575/1115/1062 617/1170/1114 579/156/137
f 617/1171/1114 618/1172/1115 619/1173/1116 579/1174/137
f 579/1174/137 619/1173/1116 581/1175/1117 580/1176/138
f 618/1172/1115 620/1177/1118 621/1178/1119 619/1173/1116
f 620/1177/1118 622/1179/1120 623/1180/1121 621/1178/1119
f 619/1173/1116 621/1178/1119 582/1122/1069 581/1175/1117
f 621/1178/1119 623/1180/1121 583/1123/1070 582/1122/1069
f 4800/1181/1122 4745/1182/1123 4744/1183/1124 4731/1184/1125 4799/1185/1126
f 627/1186/1127 628/1187/1128 626/1188/1129 625/1189/1130
f 628/1187/1128 585/1129/1076 584/1130/1077 626/1188/1129
f 629/1190/1131 630/1191/1132 628/1187/1128 627/1186/1127
f 630/1191/1132 586/1131/1078 585/1129/1076 628/1187/1128
f 2482/1192/1133 2484/1193/1134 2485/1194/1135 2483/1195/1136 2480/1196/1137 2481/1197/1138
f 4689/1198/1139 4667/1199/1140 4670/1200/1141 4687/1201/1142 4685/1202/1143 4688/1203/1144
f 635/1146/1090 637/1204/1145 464/948/898 636/1147/1091
f 2130/1205/1146 2131/1206/1147 2129/269/246 1676/268/245 1675/1207/1148
f 634/1148/1092 636/1147/1091 638/1208/1149 602/1152/1096
f 602/1152/1096 601/1151/1095 600/1149/1093 634/1148/1092
f 637/1209/1145 635/1210/1090 639/1211/1150 640/1212/1151
f 461/1213/893 460/1214/892 538/1060/1007 482/1059/1006
f 739/1215/1152 734/1216/1153 738/1217/1154 740/1218/1155 720/1219/1156 719/1220/1157 764/1221/1158 765/1222/1159 741/1223/1160
f 1863/827/782 1850/826/781 1851/1224/1161 1852/1225/1162 1856/1226/1163
f 646/758/713 648/1227/1164 649/504/476 647/503/475
f 906/1228/1165 888/1229/1166 887/1230/1167 904/1231/1168 901/1232/1169
f 648/1227/1164 650/1233/1170 651/1234/1171 649/504/476
f 649/504/476 651/1234/1171 537/505/477
f 470/952/902 537/505/477 651/1234/1171 471/953/903
f 654/1235/1172 655/1236/1173 472/954/904 471/953/903
f 653/1237/1174 530/1043/990 655/1236/1173 654/1235/1172
f 652/1238/1175 506/990/937 656/1239/1176 653/1237/1174
f 653/1237/1174 656/1239/1176 527/1040/987 530/1043/990
f 506/990/937 5526/1240/1177 657/1241/1178 656/1239/1176
f 656/1239/1176 657/1241/1178 533/1046/993 527/1040/987
f 657/1242/1178 5526/1243/1177 491/970/920 488/967/917
f 533/1244/993 657/1242/1178 488/967/917 487/966/916
f 3722/1245/1179 3721/1246/1180 2619/1247/1181 2620/1248/1182 2621/1249/1183
f 5167/1250/1184 5168/1251/1185 5169/1252/1186 5165/1253/1187 5149/1254/1188
f 5510/1255/1189 5511/1256/1190 5494/1257/1191 5495/1258/1192
f 5494/1257/1191 5511/1256/1190 5512/787/742 5493/786/741
f 5509/1259/1193 5510/1255/1189 5495/1258/1192 5496/1260/1194
f 660/1261/1195 662/1262/1196 663/1263/1197 661/1264/1198
f 661/1264/1198 663/1263/1197 486/965/915 490/969/919
f 5509/1259/1193 5496/1260/1194 5497/1265/1199 5508/1266/1200
f 663/1263/1197 662/1262/1196 664/1267/1201 665/1268/1202
f 486/965/915 663/1263/1197 665/1268/1202 487/966/916
f 1152/1269/1203 1151/1270/1204 1155/1271/1205 1450/1272/1206 1509/1273/1207
f 531/1274/991 533/1244/993 487/966/916 665/1268/1202
f 662/1262/1196 666/1275/1208 667/1276/1209 664/1267/1201
f 666/1275/1208 517/1277/1210 668/1278/1211 667/1276/1209
f 670/1279/1212 669/1280/1213 667/1276/1209 668/1278/1211
f 457/1281/891 670/1279/1212 668/1278/1211 671/1282/1214
f 457/941/891 456/940/890 672/1283/1215 670/1284/1212
f 456/940/890 455/939/889 472/954/904 672/1283/1215
f 673/1285/1216 655/1236/1173 530/1043/990 529/1042/989
f 669/1286/1213 673/1285/1216 529/1042/989 532/1045/992
f 670/1284/1212 672/1283/1215 673/1285/1216 669/1286/1213
f 672/1283/1215 472/954/904 655/1236/1173 673/1285/1216
f 452/1287/887 457/1281/891 671/1282/1214 674/1288/1217
f 516/1289/1218 521/1290/1219 674/1288/1217 671/1282/1214
f 521/1290/1219 675/1291/1220 676/1292/1221 674/1288/1217
f 675/1291/1220 499/986/933 503/988/935 676/1292/1221
f 453/1293/888 452/1287/887 674/1288/1217 676/1292/1221
f 454/1294/1222 453/1293/888 676/1292/1221 503/988/935
f 1158/1295/1223 1159/1296/1224 1160/1297/1225 1161/1298/1226 1156/1299/1227 1157/740/695 1295/739/694 1298/1300/1228
f 374/637/599 373/646/605 372/675/634 370/674/633 369/1301/1229 368/638/600
f 684/844/798 688/1302/1230 689/1303/1231 501/845/799
f 682/843/797 686/1304/1232 688/1302/1230 684/844/798
f 690/1305/986 526/1306/985 689/1303/1231 688/1302/1230
f 526/1306/985 525/1307/984 693/1308/1233 689/1303/1231
f 693/1308/1233 498/985/932 501/845/799 689/1303/1231
f 694/1309/1234 695/1310/983 481/963/913 477/959/909
f 525/1307/984 695/1310/983 694/1309/1234 693/1308/1233
f 515/1019/966 498/985/932 693/1308/1233 694/1309/1234
f 515/1019/966 694/1309/1234 477/959/909 476/958/908
f 5052/1311/1235 5053/1312/1236 5047/1313/1237 5046/1314/1238 5051/1315/1239
f 1878/1316/1240 3405/1317/1241 3407/1318/1242 1879/1319/1243
f 2016/374/351 2009/1320/1244 2053/864/818 2054/375/352
f 690/1039/986 692/1321/1245 698/1322/1246 699/1033/980
f 1326/1323/1247 2222/1324/1248 2223/1325/1249 1327/1326/1250 1328/1327/1251 1325/1328/1252
f 461/943/893 701/1329/1253 700/1330/1254 458/944/894
f 702/1331/1255 462/946/896 458/944/894 700/1330/1254
f 700/1330/1254 687/1332/1256 683/1333/1257 702/1331/1255
f 536/1334/1258 535/1335/1259 463/947/897 462/946/896
f 3634/1336/1260 3638/355/332 3641/354/331 3637/587/554 3636/592/559 3635/1337/1261
f 3301/909/861 3164/1338/1262 3163/402/379 3162/401/378 3158/400/377 3161/399/376 3160/398/375 3299/397/374 3152/396/373 3153/1339/1263 3292/1340/1264 3297/1341/1265 3298/1342/1266 3455/1343/1267 3300/1344/1268
f 2547/1345/1269 2551/1346/1270 2532/1347/1271 2531/588/555 2548/1348/1272 2546/1349/1273
f 2140/1350/1274 2186/1351/1275 2188/1352/1276 2137/1353/1277
f 1666/1354/1278 1053/1355/1279 2365/1356/1280 2364/1357/1281 1664/1358/1282
f 3491/506/478 3492/564/533 2164/568/537 2161/1359/1283
f 705/1360/1284 707/1361/1285 708/1362/1286 706/1363/1287
f 467/951/901 466/950/900 708/1362/1286 707/1361/1285
f 467/951/901 707/1361/1285 709/1364/1288 710/1365/1289
f 707/1361/1285 705/1360/1284 711/1366/711 709/1364/1288
f 5516/1367/1290 5515/1012/959 5514/789/744 512/1368/712 711/1366/711 705/1360/1284
f 712/1369/1291 713/1370/1292 710/1371/1289 709/1372/1288
f 714/759/714 712/1369/1291 709/1372/1288 711/756/711
f 4818/1373/1293 4846/1374/1294 4845/1375/1295 4844/1376/1296
f 344/581/549 168/243/223 345/583/550 342/586/553 341/575/544
f 2820/1377/1297 2821/1378/1298 2810/1379/1299 2811/1380/1300 2812/1381/1301
f 920/1382/1302 926/1383/1303 928/1384/1304 948/1385/1305 921/1386/1306
f 3862/335/312 3865/338/315 3863/1387/1307 3861/1388/1308 3878/1389/1309
f 2226/1390/1310 2224/1391/1311 2225/1392/1312 1409/1393/1313
f 633/926/877 632/925/876 726/1394/1314 725/1395/1315
f 632/925/876 631/924/875 727/1396/1316 726/1394/1314
f 625/1189/1130 728/1397/1317 727/1396/1316 627/1186/1127
f 729/1398/1318 724/1399/1319 725/1395/1315 726/1394/1314
f 728/1397/1317 729/1398/1318 726/1394/1314 727/1396/1316
f 631/924/875 629/1190/1131 627/1186/1127 727/1396/1316
f 730/1400/1320 731/1401/1321 724/1399/1319 729/1398/1318
f 732/1402/1322 730/1400/1320 729/1398/1318 728/1397/1317
f 731/1401/1321 733/1069/1016 723/1068/1015 724/1399/1319
f 766/1159/1103 765/1222/1159 717/1161/1105 645/1160/1104
f 5391/1403/1323 5395/1404/1324 5396/1405/1325 5392/1406/1326 5393/1407/1327 5394/1408/1328
f 560/1162/1106 561/1100/1047 559/1099/1046 557/1409/1329 556/1410/1330
f 4563/1411/1331 4583/1412/1332 4584/1413/1333 4582/1414/1334 4581/1415/1335 4558/1416/1336
f 921/1386/1306 949/1417/1337 953/1418/1338 954/1419/1339 919/1420/1340 920/1382/1302
f 1268/1421/1341 2165/1422/1342 2164/568/537 1495/567/536 1265/1423/1343
f 610/812/767 744/129/112 742/1424/1344 749/1425/1345 750/1426/1346 611/1164/1108
f 1970/1427/1347 1971/861/815 1968/530/502 1969/1428/1348
f 744/129/112 747/128/111 748/1429/1349 742/1424/1344
f 5098/1430/1350 5073/1431/1351 5071/1432/1352 5100/1433/1353 5101/1434/1354 5099/1435/1355
f 1972/860/814 1973/859/813 1974/1436/1356 1975/1437/1357 2124/1438/1358
f 2921/1439/1359 2923/1440/1360 2919/1441/1361 2918/1442/1362 2917/1443/1363 2920/1444/1364
f 618/1172/1115 617/1171/1114 615/1445/1112 752/1446/1365
f 755/1447/1366 756/1448/1367 753/1449/1368 754/1450/1369
f 752/1446/1365 751/1451/1370 753/1449/1368 756/1448/1367
f 756/1448/1367 755/1447/1366 622/1179/1120 620/1177/1118
f 752/1446/1365 756/1448/1367 620/1177/1118 618/1172/1115
f 612/1165/1109 611/1164/1108 750/1426/1346 616/1169/1113
f 3285/1452/1371 3287/1453/1372 3288/1454/1373 3283/1455/1374 3284/1456/1375
f 728/1397/1317 625/1189/1130 624/1457/1376 732/1402/1322
f 517/1277/1210 516/1289/1218 671/1282/1214 668/1278/1211
f 659/1458/1377 666/1275/1208 662/1262/1196 660/1261/1195
f 906/1228/1165 901/1232/1169 900/1459/1378 905/1460/1379
f 602/1152/1096 638/1208/1149 757/1461/1380 603/1153/1097
f 573/1113/1060 572/1112/1059 578/1116/1063 541/1462/1381
f 758/1463/1382 542/1464/1383 544/1465/1384 567/1466/1385
f 573/1113/1060 758/1463/1382 567/1466/1385 566/1111/1058
f 5507/1467/1386 5498/1468/1387 491/970/920
f 5498/1468/1387 5507/1467/1386 5508/1266/1200 5497/1265/1199
f 695/1036/983 759/1035/982 493/974/922 481/973/913
f 2580/1469/1388 3642/1470/1389 2581/1471/1390 2577/1472/1391 2576/1473/1392
f 2055/1474/1099 2056/1475/1393 2058/650/609 2059/649/608 2075/1476/1394
f 479/962/912 510/1477/940 502/987/934 476/958/908
f 510/1477/940 454/1294/1222 503/988/935 502/987/934
f 386/1478/630 380/318/295 381/317/294 159/316/293 137/545/190
f 2787/1479/1395 2816/1480/1396 2819/1481/1397 3682/1482/1398 2784/1483/1399 2785/1484/1400 2786/1485/1401
f 718/1486/805 710/1371/1289 713/1370/1292 715/1487/1402
f 716/1488/1403 715/1487/1402 713/1370/1292 712/1369/1291
f 717/1161/1105 716/1488/1403 712/1369/1291 714/759/714
f 755/1447/1366 732/1402/1322 624/1457/1376 622/1179/1120
f 754/1450/1369 730/1400/1320 732/1402/1322 755/1447/1366
f 736/1489/1404 731/1401/1321 730/1400/1320 754/1450/1369
f 736/1489/1404 735/1490/1405 733/1069/1016 731/1401/1321
f 1108/1491/1406 1090/1492/1407 1086/1493/1408 1104/1494/1409 1103/1495/1410 1107/1496/1411
f 927/1497/1412 960/1498/1413 929/1499/1414 930/1500/1415
f 3366/1501/1416 3361/910/862 3364/1502/1417 3365/1503/1418 3370/1504/1419 3369/1505/1420 3296/1506/1421 3371/1507/1422 3373/1508/1423
f 747/128/111 761/127/110 762/852/806 748/1429/1349
f 3483/1509/1424 2850/1510/1425 2849/1511/1426 2847/1512/1427 2848/1513/1428 3479/1514/1429 3480/1515/1430 3481/1516/1431 3482/1517/1432
f 108/171/152 75/142/123 93/134/117 106/1518/1433 107/1519/1434 117/179/160 110/172/153
f 1377/1520/1435 1317/1521/1436 1309/1522/1437 1312/1523/1438 2260/1524/1439
f 743/1525/1440 762/1526/806 763/1527/1441 720/1219/1156
f 720/1219/1156 763/1527/1441 764/1221/1158 719/1220/1157
f 3265/1528/1442 3065/1529/1443 3066/1530/1444 3266/1531/1445
f 642/1532/1446 539/1061/1008 538/1060/1007 640/1212/1151
f 460/1214/892 637/1209/1145 640/1212/1151 538/1060/1007
f 637/1204/1145 460/942/892 459/945/895 464/948/898
f 3091/1533/1447 2854/1534/1448 2717/1535/1449 3085/1536/1450 3088/1537/1451
f 5081/1538/1452 5080/1539/1453 5058/1540/1454 5092/1541/1455 5027/1542/1456 5026/1543/1457
f 4454/1544/1458 4486/1545/1459 4485/1546/1460 4473/1547/1461 4472/1548/1462 4477/1549/1463 4476/1550/1464
f 2072/1551/1465 2070/1552/1466 1878/1316/1240 1879/1319/1243
f 380/645/295 376/640/601 382/1553/296
f 691/1554/1467 690/1305/986 688/1302/1230 686/1304/1232
f 696/1555/1468 691/1554/1467 686/1304/1232 685/1556/1469
f 468/133/116 467/951/901 710/1365/1289 718/851/805
f 767/1557/1470 768/1093/1040 769/1092/1039 770/1558/1471
f 771/1559/1472 772/1560/1473 768/1093/1040 767/1557/1470
f 770/1561/1471 773/1562/1474 771/1559/1472 767/1557/1470
f 771/1559/1472 773/1562/1474 774/1563/1475 772/1560/1473
f 775/1564/1476 776/1565/1477 777/1566/1478 778/1567/1479
f 775/1568/1476 779/1569/1480 780/1570/1481 776/1571/1477
f 781/1572/1482 779/1569/1480 775/1568/1476 778/1573/1479
f 782/1574/1483 777/1566/1478 776/1565/1477 783/1575/1484
f 784/1576/1485 785/1577/1486 786/1578/1487 787/1579/1488
f 788/1023/970 789/1580/1489 790/1581/1490 791/1582/1491
f 3888/1583/1492 3844/1584/1493 3839/1585/1494 3838/1586/1495 3835/1587/1496 3840/1588/1497
f 793/1589/1498 792/1590/1499 794/1591/1500 795/1592/1501
f 796/1593/1502 793/1589/1498 795/1592/1501 797/1594/1503
f 773/1562/1474 798/1595/1504 799/1596/1505 779/1569/1480 781/1572/1482 774/1563/1475
f 770/1561/1471 800/1597/1506 798/1595/1504 773/1562/1474
f 770/1558/1471 769/1092/1039 801/1598/1507 800/1599/1506
f 789/1580/1489 788/1023/970 802/1022/969 803/1091/1038
f 786/1578/1487 785/1577/1486 804/1024/971
f 805/1600/1508 806/1601/1509 804/1024/971 785/1577/1486
f 807/1602/1510 808/1603/1511 806/1601/1509 805/1600/1508
f 809/1604/1512 810/1605/1513 807/1602/1510 805/1600/1508
f 805/1600/1508 785/1577/1486 784/1576/1485 809/1604/1512
f 3383/1606/1514 3355/1607/1515 3456/1608/1516 3303/1609/1517 3357/1610/1518 2533/1611/1519 3363/1612/1520
f 4977/1613/1521 4965/1614/1522 4964/1615/1523 4975/1616/1524 4974/1617/1525 4976/1618/1526
f 793/1589/1498 796/1593/1502 816/1619/1527 814/1620/1528
f 817/1621/1529 796/1593/1502 797/1594/1503 818/1622/1530
f 817/1621/1529 818/1622/1530 819/1623/1531 820/1624/1532
f 776/1565/1477 780/1625/1481 821/1626/1533 783/1575/1484
f 780/1625/1481 822/1627/1534 823/1628/1535 821/1626/1533
f 800/1599/1506 801/1598/1507 823/1628/1535 822/1627/1534
f 779/1569/1480 799/1596/1505 822/1629/1534 780/1570/1481
f 2857/1630/1536 3078/1631/1537 3073/1632/1538 3072/653/612 3084/1633/1539 2855/1634/1540 2563/1635/1541 2856/1636/1542
f 799/1596/1505 798/1595/1504 800/1597/1506 822/1629/1534
f 2797/1637/1543 2789/996/943 2790/995/942 2793/1638/1544 2795/1639/1545 2798/1640/1546
f 3404/1641/1547 3393/1017/964 3408/1016/963 3409/1642/1548 3406/1643/1549
f 1202/1644/1550 1532/1645/1551 1533/1646/1552 2412/1647/1553 2413/1648/1554 1075/1649/1555 1074/1650/1556 1530/1651/1557 1203/1652/1558 1204/1653/1559 1205/1654/1560
f 814/1620/1528 816/1619/1527 828/1655/1561 815/1656/1562
f 816/1619/1527 829/1657/1563 830/1658/1564 828/1655/1561
f 796/1593/1502 817/1621/1529 829/1657/1563 816/1619/1527
f 833/1659/1565 834/1660/1566 831/1661/1567 820/1624/1532
f 1930/1662/1568 1190/1663/1569 1700/1664/1570 1703/1665/1571
f 832/1666/1572 831/1661/1567 834/1660/1566 836/1667/1573
f 2842/1668/1574 2843/1669/1575 2466/1670/1576 2465/1671/1577
f 838/1672/1578 839/1673/1579 783/1575/1484 821/1626/1533
f 5523/593/560 5524/893/847 5500/892/846 5501/1674/1580 5502/594/561
f 840/1020/967 801/1598/1507 769/1092/1039 841/1021/968
f 820/1624/1532 831/1661/1567 832/1666/1572 830/1658/1564 829/1657/1563 817/1621/1529
f 772/1560/1473 843/1675/1581 842/1090/1037 768/1093/1040
f 772/1560/1473 774/1563/1475 844/1676/1582 843/1675/1581
f 2777/1677/1583 2776/1678/1584 3557/1679/1585 3556/1680/1586 3555/1681/1587 2779/1682/1588
f 778/1573/1479 848/1683/1589 847/1684/1590 781/1572/1482
f 777/1566/1478 849/1685/1591 848/1686/1589 778/1567/1479
f 782/1574/1483 850/1687/1592 849/1685/1591 777/1566/1478
f 839/1673/1579 850/1687/1592 782/1574/1483 783/1575/1484
f 843/1675/1581 844/1676/1582 795/1592/1501 794/1591/1500
f 797/1594/1503 795/1592/1501 844/1676/1582 845/1688/1593
f 845/1688/1593 846/1689/1594 818/1622/1530 797/1594/1503
f 846/1689/1594 847/1684/1590 819/1623/1531 818/1622/1530
f 819/1623/1531 847/1684/1590 848/1683/1589 851/1690/1595
f 849/1685/1591 852/1691/1596 851/1692/1595 848/1686/1589
f 850/1687/1592 853/1693/1597 852/1691/1596 849/1685/1591
f 850/1687/1592 839/1673/1579 837/1694/1598 853/1693/1597
f 803/1091/1038 842/1090/1037 843/1675/1581 794/1591/1500
f 803/1091/1038 794/1591/1500 792/1590/1499 789/1580/1489
f 820/1624/1532 819/1623/1531 851/1690/1595 833/1659/1565
f 852/1691/1596 835/1695/1599 833/1696/1565 851/1692/1595
f 853/1693/1597 825/1697/1600 835/1695/1599 852/1691/1596
f 853/1693/1597 837/1694/1598 824/1698/1601 825/1697/1600
f 788/1023/970 791/1582/1491 786/1578/1487 804/1024/971
f 854/1699/1602 855/1700/1603 856/1701/1604 857/1702/1605
f 858/1703/1606 854/1704/1602 857/1702/1605 859/1705/1607
f 860/1706/1608 861/1707/1609 862/1708/1610
f 863/1709/1611 864/1710/1612 865/1711/1613 866/1712/1614
f 867/1713/1615 866/1712/1614 865/1711/1613 860/1706/1608
f 868/1714/1616 869/1715/1617 870/1716/1618 871/1717/1619
f 872/1718/1620 873/1719/1621 871/1717/1619 870/1716/1618
f 874/1720/1622 875/1721/1623 871/1717/1619 873/1719/1621
f 876/1722/1624 877/1723/1625 873/1719/1621 872/1718/1620
f 874/1720/1622 873/1719/1621 877/1723/1625 878/1724/1626
f 879/1725/1627 880/1726/1628 878/1724/1626 877/1723/1625
f 859/1705/1607 878/1724/1626 880/1726/1628 858/1703/1606
f 881/1727/1629 882/1728/1630 858/1703/1606 880/1726/1628
f 882/1728/1630 883/1729/1631 854/1704/1602 858/1703/1606
f 884/1730/1632 875/1721/1623 856/1701/1604 855/1700/1603
f 874/1720/1622 857/1702/1605 856/1701/1604 875/1721/1623
f 859/1705/1607 857/1702/1605 874/1720/1622 878/1724/1626
f 868/1714/1616 871/1717/1619 875/1721/1623 884/1730/1632
f 885/1731/1633 869/1715/1617 868/1714/1616 886/1732/1634
f 887/1230/1167 888/1229/1166 889/1733/1635 885/1731/1633
f 885/1731/1633 889/1733/1635 890/1734/1636 869/1715/1617
f 891/1735/1637 876/1722/1624 872/1718/1620 892/1736/1638
f 893/1737/1639 894/1738/1640 876/1722/1624 891/1735/1637
f 894/1738/1640 879/1725/1627 877/1723/1625 876/1722/1624
f 895/1739/1641 881/1727/1629 880/1726/1628 879/1725/1627
f 862/1740/1610 882/1728/1630 881/1727/1629 896/1741/1642
f 860/1706/1608 897/1742/1643 898/1743/1644
f 899/1744/1645 900/1459/1378 867/1713/1615 898/1743/1644
f 901/1232/1169 866/1712/1614 867/1713/1615 900/1459/1378
f 902/1745/1646 864/1710/1612 863/1709/1611 903/1746/1647
f 883/1747/1631 861/1748/1609 864/1710/1612 902/1745/1646
f 902/1745/1646 855/1700/1603 854/1699/1602 883/1747/1631
f 861/1749/1609 883/1729/1631 882/1728/1630 862/1740/1610
f 903/1746/1647 884/1730/1632 855/1700/1603 902/1745/1646
f 886/1732/1634 868/1714/1616 884/1730/1632 903/1746/1647
f 903/1746/1647 863/1709/1611 904/1231/1168 886/1732/1634
f 887/1230/1167 885/1731/1633 886/1732/1634 904/1231/1168
f 2878/1750/1648 2471/1751/1649 2472/1752/1650 2884/998/945 2883/997/944 3726/1753/1651 2881/1754/1652
f 4669/1755/1653 4691/1756/1654 4704/1757/1655 4703/1758/1656 4670/1200/1141
f 289/468/443 206/677/636 139/213/193 138/212/192 443/863/817 287/465/440 286/464/439
f 910/1759/1657 896/1741/1642 881/1727/1629 895/1739/1641
f 898/1743/1644 897/1742/1643 911/1760/1658 899/1744/1645
f 912/1761/1659 908/1762/1660 909/1763/1661 913/1764/1662
f 867/1713/1615 860/1706/1608 898/1743/1644
f 908/1762/1660 912/1761/1659 911/1760/1658 910/1765/1657
f 897/1742/1643 896/1766/1642 910/1765/1657 911/1760/1658
f 896/1766/1642 897/1742/1643 860/1706/1608 862/1708/1610
f 861/1748/1609 860/1706/1608 865/1711/1613 864/1710/1612
f 904/1231/1168 863/1709/1611 866/1712/1614 901/1232/1169
f 915/1767/1663 916/1768/1664 917/1769/1665 918/1770/1666
f 922/1771/1667 917/1769/1665 916/1768/1664 923/1772/1668
f 920/1382/1302 924/1773/1669 925/1774/1670 926/1383/1303
f 3820/1775/1671 3829/1776/1672 3828/1777/1673 3817/1778/1674 3819/1779/1675
f 931/1780/1676 932/1781/1677 933/1782/1678 929/1499/1414
f 931/1780/1676 934/1783/1679 935/1784/1680 932/1781/1677
f 936/1785/1681 937/1786/1682 932/1781/1677 935/1784/1680
f 936/1785/1681 935/1784/1680 938/1787/1683 939/1788/1684
f 939/1788/1684 923/1789/1668 916/1790/1664 936/1785/1681
f 923/1789/1668 939/1788/1684 940/1791/1685 941/1792/1686
f 2410/1793/1687 1240/1794/1688 1239/1795/1689 2411/1796/1690
f 942/1797/1691 952/1798/1692 943/1799/1693 944/1800/1694 941/1801/1686
f 1447/1802/1695 1365/1803/1696 2425/1804/1697 1445/1805/1698 1444/286/263 1446/285/262
f 918/1770/1666 945/1806/1699 937/1786/1682 915/1767/1663
f 915/1767/1663 937/1786/1682 936/1785/1681 916/1790/1664
f 945/1806/1699 933/1782/1678 932/1781/1677 937/1786/1682
f 933/1782/1678 945/1806/1699 946/1807/1700 947/1808/1701
f 947/1808/1701 930/1500/1415 929/1499/1414 933/1782/1678
f 948/1385/1305 950/1809/1702 949/1417/1337 921/1386/1306
f 948/1385/1305 930/1500/1415 947/1808/1701 950/1809/1702
f 946/1807/1700 951/1810/1703 950/1809/1702 947/1808/1701
f 945/1806/1699 918/1770/1666 944/1800/1694 946/1807/1700
f 946/1807/1700 944/1800/1694 943/1811/1693 951/1810/1703
f 951/1810/1703 943/1811/1693 952/1812/1692 953/1418/1338
f 949/1417/1337 950/1809/1702 951/1810/1703 953/1418/1338
f 924/1773/1669 920/1382/1302 919/1420/1340 956/1813/1704
f 956/1814/1704 957/1815/1705 958/1816/1706 924/1817/1669
f 924/1817/1669 958/1816/1706 959/1818/1707 925/1819/1670
f 1563/1820/1708 1561/1821/1709 1562/1822/1710 1558/1823/1711 1557/1824/1712 1559/1825/1713
f 962/1826/1714 963/1827/1715 934/1783/1679 931/1780/1676
f 957/1815/1705 938/1787/1683 935/1784/1680 934/1783/1679
f 955/1828/1716 940/1791/1685 939/1788/1684 938/1787/1683
f 940/1829/1685 954/1419/1339 942/1830/1691 941/1831/1686
f 938/1787/1683 957/1815/1705 956/1814/1704 955/1828/1716
f 2900/1832/1717 2898/1833/1718 2589/1834/1719 2897/1835/1720 3719/1836/1721
f 963/1827/1715 962/1826/1714 961/1837/1722 964/1838/1723
f 952/1812/1692 942/1830/1691 954/1419/1339 953/1418/1338
f 1668/266/243 2198/271/248 2197/1839/1724 1669/1840/1725 1665/1841/1726 1667/1842/1727
f 965/1843/1728 966/1844/1729 967/1845/1730
f 968/1846/1731 969/1847/1732 970/1848/1733 971/1849/1734
f 973/1850/1735 968/1846/1731 971/1849/1734 974/1851/1736
f 975/1852/1737 977/1853/1738 978/1854/1739 979/1855/1740
f 980/1856/1741 981/1857/1742 982/1858/1743 978/1854/1739
f 983/1859/1744 984/1860/1745 982/1861/1743 985/1862/1746
f 982/1861/1743 984/1860/1745 979/1855/1740 978/1854/1739
f 984/1860/1745 983/1859/1744 986/1863/1747 976/1864/1748
f 976/1864/1748 975/1852/1737 979/1855/1740 984/1860/1745
f 3759/1865/1749 3758/1866/1750 3761/1867/1751 3760/1868/1752
f 1543/1869/1753 1433/1870/1754 1224/1871/1755 1223/1872/1756 1540/1873/1757 1538/731/686 1181/736/691 1180/1874/1758 1178/1875/1759
f 990/1876/1760 989/1877/1761 992/1878/1762 993/1879/1763
f 993/1879/1763 970/1848/1733 969/1847/1732 990/1876/1760
f 974/1851/1736 971/1849/1734 994/1880/1764 995/1881/1765
f 997/1882/1766 998/1883/1767 977/1853/1738 996/1884/1768
f 978/1854/1739 977/1853/1738 998/1883/1767 980/1856/1741
f 1555/1885/1769 1556/1886/1770 1560/1887/1771 1559/1825/1713 1557/1824/1712 1554/1888/1772
f 1001/1889/1773 1003/1890/1774 1004/1891/1775 985/1892/1746
f 982/1858/1743 981/1857/1742 1001/1893/1773 985/1894/1746
f 1003/1890/1774 965/1843/1728 967/1845/1730 1004/1891/1775
f 1004/1895/1775 967/1896/1730 1005/1897/1776 1006/1898/1777
f 1006/1898/1777 983/1859/1744 985/1862/1746 1004/1895/1775
f 1005/1897/1776 988/815/770 987/818/773 1006/1898/1777
f 987/818/773 986/1863/1747 983/1859/1744 1006/1898/1777
f 1007/1899/1778 1008/1900/1779 988/815/770 1005/1897/1776
f 1009/1901/1780 1010/1902/1781 995/1881/1765 994/1880/1764
f 1011/1903/1782 999/1904/1783 998/1883/1767 997/1882/1766
f 1012/1905/1784 1013/1906/1785 1014/1907/1786 1002/1908/1787
f 965/1843/1728 1003/1890/1774 1002/1908/1787 1014/1907/1786
f 1014/1907/1786 1015/1909/1788 966/1844/1729 965/1843/1728
f 1007/1899/1778 1005/1897/1776 967/1896/1730 966/1844/1729
f 966/1844/1729 1015/1909/1788 1008/1900/1779 1007/1899/1778
f 2641/1910/1789 2599/1911/1790 2598/1912/1791 2788/1913/1792 2651/1914/1793
f 1418/1915/1794 1417/1916/1795 1524/1917/1796 1526/1032/979 1525/1031/978 1523/1918/1797 1522/1919/1798
f 1019/1920/1799 992/1878/1762 989/1877/1761 1017/1921/1800
f 1023/1922/1801 1025/1923/1802 1026/1924/1803 1024/1925/1804 1020/1926/1805 1021/1927/1806 1022/1928/1807
f 1025/1923/1802 1027/1929/1808 1028/1930/1809 1026/1924/1803
f 1016/1931/1810 1015/1909/1788 1014/1907/1786 1013/1906/1785
f 1027/1929/1808 1017/1921/1800 1018/1932/1811 1028/1930/1809
f 1017/1921/1800 1027/1929/1808 1019/1920/1799
f 1029/1933/1812 1030/1934/1813 1019/1920/1799 1027/1929/1808
f 1031/1935/1814 1025/1923/1802 1023/1922/1801 1022/1936/1807
f 1031/1935/1814 1029/1933/1812 1027/1929/1808 1025/1923/1802
f 1020/1926/1805 1024/1925/1804 1010/1902/1781 1009/1901/1780
f 995/1881/1765 1010/1902/1781 997/1882/1766 996/1884/1768
f 1024/1925/1804 1011/1903/1782 997/1882/1766 1010/1902/1781
f 5196/1937/1815 5197/1938/1816 5160/1939/1817 5195/1940/1818
f 910/1759/1657 895/1739/1641 907/1941/1819 909/1942/1661 908/1943/1660
f 1026/1924/1803 1028/1930/1809 1013/1906/1785 1012/1905/1784
f 1018/1932/1811 1016/1931/1810 1013/1906/1785 1028/1930/1809
f 1032/1944/1820 1033/1945/1821 1034/1946/1822
f 907/1941/1819 895/1739/1641 879/1725/1627 894/1738/1640 893/1737/1639
f 1035/1947/1823 1036/1948/1824 1037/1949/1825 1038/1950/1826
f 5425/1951/1827 5433/1952/1828 5431/1953/1829 5432/1954/1830 5430/1955/1831 5426/1956/1832
f 1039/1957/1833 1040/1958/1834 1041/1959/1835 1042/1960/1836
f 1043/1961/1837 1044/1962/1838 1045/1963/1839 1046/1964/1840
f 1047/470/445 1048/469/444 1049/1965/1841 1050/1966/1023
f 1051/1967/1842 1052/1968/446 1047/1969/445 1050/1076/1023
f 1051/1967/1842 1053/1355/1279 1054/1970/1843 1052/1968/446
f 1049/1965/1841 1055/1971/1844 1056/1972/1024 1050/1966/1023
f 1057/1973/1845 1058/1101/1048 1059/1974/1846 1060/1975/1847
f 1058/1101/1048 1061/1106/1053 1062/1976/1848 1059/1974/1846
f 2821/1378/1298 2874/1977/1849 2876/1978/1850 2877/1979/1851 2880/1980/1852 3214/1981/1853 2810/1379/1299
f 1065/1103/1050 1066/1982/1854 1064/1105/1052 1063/1104/1051
f 1067/1102/1049 1058/1101/1048 1057/1973/1845 1068/1983/1855
f 1072/1984/1856 1073/1985/1857 1074/1650/1556 1075/1649/1555
f 1075/1649/1555 1076/1986/1858 1072/1984/1856
f 1471/438/415 1071/437/414 1079/1987/1859 1077/1988/1860 1072/1984/1856 1076/1986/1858
f 1077/1988/1860 1078/1989/1861 1073/1985/1857 1072/1984/1856
f 1079/1987/1859 1080/1990/1862 1078/1989/1861 1077/1988/1860
f 1081/1991/1863 1082/1992/1864 1083/1993/1865 1084/1994/1866
f 1082/1992/1864 1085/1995/1867 1086/1493/1408 1083/1993/1865
f 1087/1996/1868 1088/1997/1869 1089/1998/1870 1084/1994/1866
f 1086/1493/1408 1090/1492/1407 1091/1999/1871 1083/1993/1865
f 1083/1993/1865 1091/1999/1871 1087/1996/1868 1084/1994/1866
f 1092/2000/1872 1093/2001/1873 1094/2002/1874 1095/2003/1875
f 439/837/791 442/840/794 426/919/870 424/920/871 425/2004/1876
f 1093/2001/1873 1098/2005/1877 1097/2006/1878 1094/2002/1874
f 1099/697/656 1100/696/655 1094/2002/1874 1097/2006/1878
f 1102/2007/1879 1103/1495/1410 1104/1494/1409 1086/2008/1408
f 335/2009/1880 5521/304/281 5520/303/280 5519/2010/1881 186/2011/1882
f 3469/2012/1883 2529/590/557 2530/2013/1884 3464/537/509 3466/2014/1885
f 1470/2015/1886 2404/2016/1887 2402/1052/999 1468/1058/1005 1467/2017/1888 1300/2018/1889 1068/2019/1855 1299/2020/1890 1464/2021/1891
f 1110/2022/1892 1111/2023/1893 1114/2024/1894 1112/233/213
f 1115/2025/1895 1116/2026/1896 1117/2027/1897 1118/2028/1898
f 1119/2029/1899 1120/2030/1900 1116/2026/1896 1115/2025/1895
f 1121/2031/1901 1122/2032/1902 1123/2033/1903 1124/2034/1904
f 1117/2027/1897 1121/2031/1901 1124/2034/1904 1118/2028/1898
f 1125/2035/1905 1126/2036/1906 1127/2037/1907 1128/2038/1908
f 3169/2039/1909 3175/2040/1910 2584/2041/1911 3164/1338/1262 3166/856/810 3165/855/809
f 1131/2042/1912 1130/2043/1913 1129/2044/1914
f 1132/2045/1915 1085/1995/1867 1133/2046/1916 1134/2047/1917
f 1134/2047/1917 1135/2048/1918 1136/2049/1919 1132/2045/1915
f 1137/2050/1920 1132/2045/1915 1136/2049/1919
f 1138/2051/1921 1139/2052/1922 1132/2053/1915 1137/2054/1920
f 1139/2052/1922 1103/2055/1410 1085/2056/1867 1132/2053/1915
f 194/298/275 193/297/274 348/2057/1923 349/596/563 350/595/562 352/599/565
f 837/1694/1598 839/1673/1579 838/1672/1578 808/1603/1511 824/1698/1601
f 1145/2058/1924 2130/1205/1146 1675/1207/1148 1673/2059/649 1357/2060/648 1677/2061/1925 1678/810/765 1146/809/764 1144/2062/1926
f 545/1140/1086 546/1078/1025 549/1081/1028 544/1465/1384 543/1141/1087
f 1303/2063/1927 1306/2064/1928 1304/2065/1929 1299/2066/1890 1301/2067/1930 1302/2068/1931
f 2534/2069/1932 2875/2070/1933 2873/2071/1934 2535/2072/1935 2536/2073/1936 2480/1196/1137
f 1153/2074/1937 1151/1270/1204 1092/2000/1872 1095/2003/1875
f 1154/2075/1938 1155/1271/1205 1151/1270/1204 1153/2074/1937
f 1162/2076/1939 1165/2077/1940 1166/2078/1941 1163/2079/1942
f 1169/2080/1943 1170/2081/1944 1089/2082/1870 1088/2083/1869
f 1156/1299/1227 1171/2084/1945 1172/741/696 1157/740/695
f 3665/2085/1946 3664/2086/1947 3661/2087/1948 3660/2088/1949 3659/2089/1950
f 1087/1996/1868 1091/1999/1871 1090/1492/1407 1108/1491/1406 1096/2090/1951 1098/2005/1877 1175/2091/1952 1168/2092/1953 1150/2093/1954 1088/1997/1869
f 1175/2091/1952 1098/2005/1877 1093/2001/1873 1168/2092/1953
f 1297/2094/1955 1296/2095/1956 2204/2096/1957 2203/2097/1958 2202/2098/1959 1159/1296/1224
f 1176/2099/1960 1177/2100/1961 1178/1875/1759 1179/735/690
f 1178/1875/1759 1180/1874/1758 1181/736/691 1179/735/690
f 3093/2101/1962 3096/2102/1963 2565/2103/1964 2563/2104/1541 2564/2105/1965
f 2784/1483/1399 3682/1482/1398 3674/2106/1966 3680/2107/1967 2782/2108/1968
f 1188/2109/1969 1189/163/144 1190/1663/1569 1191/2110/1970
f 1185/2111/1971 1192/164/145 1189/163/144 1188/2109/1969
f 1191/2110/1970 1194/2112/1972 1193/2113/1973 1188/2109/1969
f 1195/2114/1974 1196/2115/1975 1197/2116/1976
f 4362/2117/1977 4361/2118/1978 4326/2119/1979 4327/2120/1980 4328/2121/1981
f 1200/2122/1982 1201/2123/1983 1197/2116/1976 1196/2115/1975
f 1200/2122/1982 1196/2115/1975 1198/2124/1984
f 1205/1654/1560 1179/2125/690 1208/2126/689 1202/1644/1550
f 1209/2127/1985 1210/2128/1986 1211/2129/1987 1212/2130/1988
f 1213/2131/1989 1214/2132/1990 1210/2128/1986 1209/2127/1985
f 1215/2133/1991 1214/2134/1990 1213/2135/1989 1216/2136/1992
f 1217/2137/1993 1173/742/697 1211/2129/1987 1218/2138/1994
f 1210/2128/1986 1219/2139/1995 1218/2138/1994 1211/2129/1987
f 1214/2132/1990 1220/2140/1996 1219/2139/1995 1210/2128/1986
f 3249/2141/1997 3069/2142/1998 3070/2143/1999 3071/2144/2000 3251/2145/2001
f 1224/1871/1755 1225/2146/2002 1226/2147/2003 1227/2148/2004
f 3166/856/810 3164/1338/1262 3301/909/861 3359/908/860 3302/2149/2005 3304/857/811
f 2035/2150/2006 2036/2151/2007 2030/2152/2008 2031/2153/2009 2027/2154/2010 2033/2155/2011 2038/2156/2012 2037/2157/2013 1962/2158/2014
f 1230/2159/2015 1231/2160/2016 1232/2161/2017 1233/2162/2018
f 1213/2135/1989 1234/2163/2019 1231/2160/2016 1230/2159/2015
f 1235/261/238 1236/2164/2020 1237/2165/2021 1238/262/239
f 1243/2166/2022 1244/2167/2023 1245/2168/2024 1246/2169/2025
f 1247/2170/2026 1248/2171/2027 1244/2167/2023 1243/2166/2022
f 1249/2172/2028 1250/2173/2029 1251/2174/2030 1246/2175/2025
f 1243/2176/2022 1252/2177/2031 1253/2178/2032 1247/2179/2026
f 1246/2175/2025 1251/2174/2030 1252/2177/2031 1243/2176/2022
f 1254/2180/2033 1255/2181/2034 1256/2182/2035 1257/2183/2036
f 1258/2184/2037 1254/2180/2033 1257/2183/2036 1259/2185/2038
f 2528/589/556 2531/588/555 2532/1347/1271 3040/2186/2039 3041/2187/2040 3039/2188/2041
f 1264/2189/2042 1265/1423/1343 1266/2190/2043 1267/2191/2044
f 2863/2192/2045 3649/2193/2046 2320/2194/2047 1490/2195/2048 1493/2196/2049 3749/2197/2050 2862/2198/2051
f 1267/2191/2044 1266/2190/2043 1269/2199/2052 1270/2200/2053
f 1267/2191/2044 1270/2200/2053 1271/2201/2054 1264/2189/2042
f 1273/2202/2055 1274/2203/2056 1275/2204/2057 1276/2205/2058
f 1276/2205/2058 1275/2204/2057 1277/2206/2059 1278/2207/2060
f 4561/2208/2061 4562/2209/2062 4563/1411/1331 4558/1416/1336 4559/2210/2063 4560/2211/2064
f 1281/2212/2065 1282/2213/2066 1277/2206/2059 1275/2204/2057
f 1281/2212/2065 1275/2204/2057 1274/2203/2056 1283/2214/2067
f 1283/2214/2067 1284/2215/2068 1282/2213/2066 1281/2212/2065
f 3928/2216/2069 3823/2217/2070 3930/2218/2071 3929/2219/2072 3926/2220/2073 3818/2221/2074
f 2663/2222/2075 2665/2223/2076 2668/2224/2077 2664/2225/2078 2452/2226/2079
f 1291/2227/2080 1292/2228/2081 1293/2229/2082 1294/2230/2083
f 1295/739/694 1296/2231/1956 1297/2232/1955 1298/1300/1228
f 1298/2233/1228 1297/2094/1955 1159/1296/1224 1158/1295/1223
f 2479/2234/2084 2478/2235/2085 2534/2236/1932 2552/2237/2086 2494/2238/2087
f 3717/2239/2088 2840/2240/2089 2834/548/517 2677/547/516 2461/2241/2090 2678/2242/2091 2837/2243/2092 2838/2244/2093 3715/2245/2094
f 2677/2246/516 2683/2247/520 2684/2248/2095 2679/2249/2096 2680/2250/2097 2681/2251/2098
f 1307/2252/2099 1308/2253/2100 1081/1991/1863 1084/1994/1866
f 1309/1522/1437 1310/2254/2101 1311/2255/2102 1312/1523/1438
f 1313/2256/2103 1314/2257/2104 1310/2254/2101 1309/1522/1437
f 1313/2256/2103 1315/2258/2105 1316/2259/2106 1314/2257/2104
f 1313/2256/2103 1309/1522/1437 1317/1521/1436 1315/2258/2105
f 1318/2260/2107 1319/2261/2108 1320/2262/2109 1321/2263/2110
f 1319/2261/2108 1322/2264/2111 1323/2265/2112 1320/2262/2109
f 1320/2262/2109 1323/2265/2112 1324/2266/2113 1321/2263/2110
f 2135/2267/2114 1141/2268/2115 1142/2269/2116 1140/2270/2117 2138/2271/2118
f 2712/2272/2119 2713/2273/2120 2708/2274/2121 2709/2275/2122 2706/2276/2123 2707/2277/2124
f 1289/2278/2125 1794/2279/2126 1960/2280/2127 1290/2281/2128
f 3274/2282/2129 3275/2283/2130 2710/2284/2131 2711/2285/2132 2709/2275/2122 2708/2274/2121
f 1337/929/880 1338/928/879 1339/2286/2133 1340/2287/2134
f 3246/2288/2135 3087/2289/2136 2714/2290/2137 2715/2291/2138 2716/2292/2139
f 1347/2293/2140 1348/2294/2141 1349/2295/2142 1350/2296/2143
f 1349/2295/2142 1351/2297/2144 1350/2296/2143
f 1350/2296/2143 1352/2298/629 1353/2299/628 1347/2293/2140
f 1100/696/655 1354/2300/2145 1094/2002/1874
f 1095/2003/1875 1094/2002/1874 1354/2300/2145 1355/2301/2146
f 1356/2302/2147 1357/2060/648 1358/2303/591 1359/2304/2148
f 1359/2304/2148 1358/2303/591 1304/2065/1929 1306/2064/1928
f 1360/2305/2149 1361/2306/2150 1362/2307/2151 1363/2308/2152
f 1360/2305/2149 1363/2308/2152 1364/738/693 1365/1803/1696
f 1360/2305/2149 1365/1803/1696 1322/2264/2111 1361/2306/2150
f 1311/2255/2102 1370/2309/2153 1371/2310/2154 1312/1523/1438
f 5365/2311/2155 5374/2312/2156 5366/2313/2157 5367/2314/2158 5350/2315/2159
f 1033/1945/1821 1375/2316/2160 1034/1946/1822
f 1034/1946/1822 1376/2317/2161 1377/1520/1435 1032/1944/1820
f 1381/2318/2162 1383/2319/2163 1384/2320/2164 1385/2321/2165
f 4235/2322/2166 4234/2323/2167 4261/2324/2168 4262/2325/2169 4260/2326/2170 4259/2327/2171 4258/2328/2172 4247/2329/2173
f 1390/2330/2174 1391/2331/2175 1392/2332/2176 1393/2333/2177
f 1394/2334/2178 1395/2335/2179 1396/2336/2180 1391/2337/2175
f 1179/2125/690 1205/1654/1560 1396/2336/2180 1395/2335/2179
f 1394/2338/2178 1391/2331/2175 1390/2330/2174
f 1387/2339/2181 1392/2340/2176 1391/2337/2175 1386/2341/2182
f 1397/2342/2183 1398/2343/2184 1399/2344/2185 1400/2345/2186
f 1398/2343/2184 1401/2346/2187 1402/2347/2188 1399/2344/2185
f 1404/282/259 1398/2348/2184 1397/2349/2183 1403/2350/2189 2289/2351/2190 2288/279/256
f 2771/2352/2191 3582/2353/2192 3581/2354/2193 2775/2355/2194 2773/2356/2195 2770/2357/2196
f 1406/2358/2197 1407/2359/2198 1319/2261/2108 1318/2260/2107
f 2760/404/381 3745/2360/2199 2756/2361/2200 2753/2362/2201 2755/389/366
f 1410/2363/2202 1272/2364/2203 1411/2365/2204 1412/2366/2205
f 1940/2367/2206 1331/2368/2207 1330/2369/2208 1334/2370/2209 1333/2371/2210 1941/2372/2211
f 1412/2366/2205 1413/283/260 1416/289/266 1410/2363/2202
f 3241/1025/972 3237/2373/2212 3436/1121/1068 3435/1026/973
f 127/202/182 126/201/181 188/326/303 384/325/302 446/324/301 172/249/227 171/248/226 173/252/229
f 2791/2374/2213 2796/2375/2214 2792/792/747 2793/1638/1544 2790/995/942
f 1422/2376/2215 1420/2377/2216 1421/2378/2217 1423/2379/2218
f 2636/2380/2219 2638/655/614 3074/654/613 2615/2381/2220 2614/2382/2221
f 1428/2383/2222 1429/2384/2223 1373/2385/2224 1372/2386/2225
f 1225/2387/2002 1428/2383/2222 1372/2386/2225 1226/2388/2003
f 1430/2389/2226 1431/2390/2227 1432/2391/2228 1225/2392/2002
f 1225/2146/2002 1224/1871/1755 1433/1870/1754 1430/2393/2226
f 401/729/685 399/725/683 403/917/869 332/2394/2229 447/2395/2230 412/2396/2231 411/2397/2232 331/2398/2233 330/2399/2234 185/553/522 184/2400/2235
f 1434/2401/2236 1435/2402/2237 1429/2403/2223 1428/2404/2222
f 1432/2405/2228 1434/2401/2236 1428/2404/2222 1225/2406/2002
f 3052/2407/2238 2635/2408/2239 3049/2409/2240 3051/2410/2241
f 1283/2214/2067 1124/2034/1904 1123/2033/1903 1284/2215/2068
f 1118/2028/1898 1124/2034/1904 1283/2214/2067 1274/2203/2056
f 1513/2411/2242 1150/2093/1954 1092/2000/1872 1151/1270/1204 1152/2412/1203 1511/2413/2243
f 1439/2414/2244 1437/2415/2245 1438/2416/2246 1440/2417/2247
f 1085/1995/1867 1082/1992/1864 1441/2418/2248 1133/2046/1916
f 1082/1992/1864 1081/1991/1863 1442/2419/2249 1441/2418/2248
f 278/2420/427 280/2421/431 282/425/402 322/428/405 321/767/722 320/770/725
f 1414/287/264 1444/286/263 1445/1805/1698 1415/288/265
f 3562/2422/2250 3610/2423/2251 3565/2424/2252 3563/2425/2253 3564/2426/2254
f 1308/2427/2100 1307/2428/2099 1452/2429/2255 1453/2430/2256
f 1453/2430/2256 1454/2431/2257 1455/2432/2258 1308/2427/2100
f 1453/2430/2256 1452/2429/2255 1456/439/416 1454/2431/2257
f 1457/2433/2259 1209/2127/1985 1212/2130/1988 1458/2434/2260
f 1234/2435/2019 1213/2131/1989 1209/2127/1985 1457/2433/2259
f 1459/2436/2261 1460/2437/2262 1367/2438/2263 1366/2439/2264
f 1461/2440/2265 1462/2441/2266 1177/2442/1961 1176/2443/1960
f 1394/2338/2178 1390/2330/2174 1461/2440/2265 1176/2443/1960
f 1463/633/595 1465/2444/2267 1466/2445/2268 1464/2021/1891
f 2660/2446/2269 2659/2447/2270 3121/2448/2271 3119/2449/2272 3118/2450/2273
f 92/152/133 59/92/75 67/100/83 90/150/131
f 1469/2451/2274 1470/2015/1886 1464/2021/1891 1466/2445/2268
f 4219/2452/2275 4227/2453/2276 4228/626/588 4217/625/587
f 3474/357/334 3473/2454/2277 2524/2455/2278 2525/358/335
f 1443/2456/2279 1215/2133/1991 1216/2136/1992 1476/2457/2280
f 1478/2458/2281 1477/2459/2282 1479/2460/2283
f 1482/2461/2284 1483/2462/2285 1484/2463/2286 1485/2464/2287
f 1486/2465/2288 1487/2466/2289 1488/2467/2290 1489/2468/2291
f 1485/2464/2287 1486/2465/2288 1489/2468/2291 1482/2461/2284
f 1490/2195/2048 1491/2469/2292 1492/2470/2293 1493/2196/2049
f 3290/2471/2294 3286/2472/2295 3454/2473/2296 3294/2474/2297 3293/2475/2298
f 1456/439/416 1452/2429/2255 2424/2476/2299 1170/2081/1944 1069/440/417
f 3519/2477/2300 2510/2478/2301 2509/2479/2302 2809/2480/2303 3533/2481/2304 3518/2482/2305
f 989/1877/1761 990/1876/1760 991/816/771 988/815/770 1008/1900/1779
f 1038/1950/1826 1037/1949/1825 1504/2483/2306 1503/2484/2307
f 1044/1962/1838 1043/1961/1837 1504/2483/2306 1037/1949/1825
f 1473/2485/2308 1505/2486/2309 1503/2484/2307 1504/2483/2306
f 1505/2486/2309 1125/2035/1905 1128/2038/1908 1503/2484/2307
f 1043/1961/1837 1474/2487/2310 1473/2485/2308 1504/2483/2306
f 1506/2488/2311 1507/2489/2312 1155/1271/1205 1154/2075/1938
f 1095/2003/1875 1355/2301/2146 1508/2490/2313 1153/2074/1937
f 1502/2491/2314 1499/2492/2315 1498/2493/2316 1508/2490/2313
f 1508/2490/2313 1498/2493/2316 1154/2075/1938 1153/2074/1937
f 1450/1272/1206 1155/1271/1205 1507/2489/2312 1451/2494/2317
f 2539/2495/2318 2536/2073/1936 2535/2072/1935 2871/2496/2319 2822/2497/2320
f 1509/2498/1207 1450/2499/1206 1449/2500/2321 1510/2501/2322
f 1510/2501/2322 1511/2413/2243 1152/2412/1203 1509/2498/1207
f 2821/1378/1298 2820/1377/1297 2872/2502/2323 2873/2071/1934 2874/1977/1849
f 1512/2503/2324 1514/435/412 1513/2411/2242 1511/2413/2243
f 1070/441/418 1169/2080/1943 1513/2411/2242 1514/435/412
f 2426/698/657 2427/2504/2325 1316/2259/2106 1315/2258/2105 1317/1521/1436 1436/699/658
f 3608/2505/2326 3585/2506/2327 3587/2507/2328 3586/2508/2329 3584/2509/2330 3583/2510/2331 2577/2511/1391 2581/2512/1390
f 5519/2010/1881 5518/2513/2332 5517/2514/2333 183/2515/2334 186/2011/1882
f 1521/2516/2335 1522/1919/1798 1523/1918/1797 1080/1990/1862
f 2115/2517/2336 2118/2518/2337 1880/2519/2338 1881/2520/2339
f 1525/1031/978 1078/1989/1861 1080/1990/1862 1523/1918/1797
f 1710/2521/2340 1916/2522/2341 1918/2523/2342 1933/2524/2343 1707/2525/2344
f 1524/1917/1796 1527/2526/2345 1528/2527/2346 1526/1032/979
f 1519/824/779 1848/347/324 1845/346/323 1847/2528/2347 1520/2529/2348 1517/2530/2349 1516/2531/2350
f 1531/2532/2351 1203/1652/1558 1530/1651/1557 1529/1029/976
f 1526/1032/979 1528/2527/2346 1531/2532/2351 1529/1029/976
f 1534/2533/2352 1535/2534/2353 1533/1646/1552 1532/1645/1551
f 1202/1644/1550 1208/2126/689 1534/2533/2352 1532/1645/1551
f 1208/734/689 1536/733/688 1537/2535/2354 1534/2536/2352
f 5078/2537/2355 5025/2538/2356 5024/2539/2357 5036/2540/2358 5077/2541/2359
f 410/750/705 431/2542/2360 427/2543/2361 425/2004/1876 430/2544/2362 429/2545/2363 406/2546/2364 407/748/703 408/751/706
f 2386/1055/1002 1621/1054/1001 1625/2547/2365 2389/2548/2366 2388/2549/2367
f 1222/2550/2368 1136/2049/1919 1135/2048/1918 1541/2551/2369
f 1221/2552/2370 1137/2050/1920 1136/2049/1919 1222/2550/2368
f 1096/2090/1951 1108/1491/1406 1137/2050/1920 1221/2552/2370
f 1541/2551/2369 1135/2048/1918 1539/732/687 1538/731/686
f 1178/1875/1759 1177/2100/1961 1542/2553/2371 1543/1869/1753
f 5433/1952/1828 5425/1951/1827 5410/2554/2372 5409/2555/2373 5382/2556/2374 5390/2557/2375 5408/2558/2376 5423/2559/2377
f 1543/1869/1753 1542/2553/2371 1430/2393/2226 1433/1870/1754
f 1177/2442/1961 1462/2441/2266 1544/2560/2378 1542/2561/2371
f 1545/2562/2379 1546/2563/2380 1547/2564/2381 1548/2565/2382
f 1548/2565/2382 1547/2564/2381 1549/2566/2383 1550/2567/2384
f 1547/2564/2381 1544/2560/2378 1462/2441/2266 1549/2566/2383
f 1550/2567/2384 1551/2568/2385 1553/2569/2386 1548/2565/2382
f 2980/2570/2387 2917/1443/1363 2914/2571/2388 2976/2572/2389
f 1555/1885/1769 1554/1888/1772 1551/2568/2385 1550/2567/2384
f 1550/2567/2384 1549/2566/2383 1556/1886/1770 1555/1885/1769
f 1549/2566/2383 1462/2441/2266 1461/2440/2265 1556/1886/1770
f 1101/2573/2390 1099/697/656 1097/2006/1878 1098/2005/1877 1096/2090/1951
f 646/2574/713 512/1368/712 5514/789/744 5513/788/743 648/2575/1164
f 1461/2440/2265 1390/2330/2174 1560/1887/1771 1556/1886/1770
f 583/1123/1070 623/1180/1121 626/1188/1129 584/1130/1077
f 1559/1825/1713 1560/1887/1771 1564/2576/2391 1563/1820/1708
f 1560/1887/1771 1390/2330/2174 1393/2333/2177 1564/2576/2391
f 1565/2577/2392 1566/2578/2393 1562/1822/1710 1561/1821/1709
f 1567/2579/2394 1565/2577/2392 1561/1821/1709 1563/1820/1708
f 1568/2580/2395 1569/2581/2396 1565/2577/2392 1567/2579/2394
f 1569/2581/2396 1570/2582/2397 1566/2578/2393 1565/2577/2392
f 1571/2583/2398 1572/2584/2399 1573/2585/2400 1574/2586/2401
f 1567/2579/2394 1574/2586/2401 1573/2585/2400 1568/2580/2395
f 1563/1820/1708 1564/2576/2391 1574/2586/2401 1567/2579/2394
f 1564/2576/2391 1393/2333/2177 1571/2583/2398 1574/2586/2401
f 1575/2587/2402 1576/2588/2403 1570/2582/2397 1569/2581/2396
f 1577/2589/2404 1575/2587/2402 1569/2581/2396 1568/2580/2395
f 1573/2585/2400 1578/2590/2405 1577/2589/2404 1568/2580/2395
f 1572/2584/2399 1579/2591/2406 1578/2590/2405 1573/2585/2400
f 1579/2591/2406 1572/2584/2399 1580/2592/2407 1581/2593/2408
f 1582/2594/2409 1583/2595/2410 1584/2596/2411 1585/2597/2412
f 1578/2590/2405 1582/2594/2409 1585/2597/2412 1577/2589/2404
f 1579/2591/2406 1586/2598/2413 1582/2594/2409 1578/2590/2405
f 1586/2598/2413 1435/2402/2237 1583/2595/2410 1582/2594/2409
f 1581/2593/2408 1587/2599/2414 1586/2598/2413 1579/2591/2406
f 1587/2599/2414 1429/2403/2223 1435/2402/2237 1586/2598/2413
f 1588/2600/2415 1589/2601/2416 1576/2588/2403 1575/2587/2402
f 1588/2600/2415 1575/2587/2402 1577/2589/2404 1585/2597/2412
f 1590/2602/2417 1588/2600/2415 1585/2597/2412 1584/2596/2411
f 1590/2602/2417 1591/2603/2418 1589/2601/2416 1588/2600/2415
f 1592/2604/2419 1593/2605/2420 1594/2606/2421 1595/2607/2422
f 1590/2602/2417 1592/2604/2419 1595/2607/2422 1591/2603/2418
f 1584/2596/2411 1596/2608/2423 1592/2604/2419 1590/2602/2417
f 1596/2608/2423 1597/2609/2424 1593/2605/2420 1592/2604/2419
f 1598/2610/2425 1599/2611/2426 1597/2609/2424 1596/2608/2423
f 1583/2595/2410 1598/2610/2425 1596/2608/2423 1584/2596/2411
f 1435/2402/2237 1434/2401/2236 1598/2610/2425 1583/2595/2410
f 1434/2401/2236 1432/2405/2228 1599/2611/2426 1598/2610/2425
f 1599/2612/2426 1432/2391/2228 1431/2390/2227 1546/2563/2380
f 1545/2562/2379 1597/2613/2424 1599/2612/2426 1546/2563/2380
f 1602/2614/2427 1603/2615/2428 1594/2616/2421 1601/2617/2429
f 1604/2618/2430 1603/2615/2428 1602/2614/2427 1605/2619/2431
f 1606/2620/2432 1607/2621/2433 1605/2619/2431 1602/2614/2427
f 1552/2622/2434 1606/2620/2432 1602/2614/2427 1601/2617/2429
f 1600/2623/2435 1553/2569/2386 1552/2622/2434 1601/2617/2429
f 1545/2562/2379 1548/2565/2382 1553/2569/2386 1600/2623/2435
f 1608/2624/2436 1609/2625/2437 1610/2626/2438 1611/2627/2439
f 1607/2621/2433 1608/2624/2436 1611/2627/2439 1605/2619/2431
f 1612/2628/2440 1613/2629/2441 1609/2625/2437 1608/2624/2436
f 1614/2630/2442 1612/2628/2440 1608/2624/2436 1607/2621/2433
f 1607/2621/2433 1606/2620/2432 1615/2631/2443 1614/2630/2442
f 1616/2632/2444 1617/1053/1000 1613/2629/2441 1612/2628/2440
f 1616/2632/2444 1612/2628/2440 1614/2630/2442 1618/2633/2445
f 1619/2634/2446 1618/2633/2445 1614/2630/2442 1615/2631/2443
f 1620/2635/2447 1621/1054/1001 1617/1053/1000 1616/2632/2444
f 1620/2635/2447 1616/2632/2444 1618/2633/2445 1622/2636/2448
f 1619/2634/2446 1623/2637/2449 1622/2636/2448 1618/2633/2445
f 1624/2638/2450 1625/2547/2365 1621/1054/1001 1620/2635/2447
f 1626/2639/2451 1624/2638/2450 1620/2635/2447 1622/2636/2448
f 1622/2636/2448 1623/2637/2449 1627/2640/2452 1626/2639/2451
f 1623/2637/2449 1558/1823/1711 1562/1822/1710 1627/2640/2452
f 1628/2641/2453 1629/2642/2454 1625/2547/2365 1624/2638/2450
f 2876/1978/1850 2463/2643/2455 2464/2644/2456 2846/2645/2457 2844/2646/2458 2841/2647/2459 2462/2648/2460 2877/1979/1851
f 1631/2649/2461 1632/2650/2462 1628/2641/2453 1630/2651/2463
f 1632/2650/2462 1633/2652/2464 1629/2642/2454 1628/2641/2453
f 1634/2653/2465 1566/2578/2393 1570/2582/2397 1635/2654/2466
f 1630/2651/2463 1634/2653/2465 1635/2654/2466 1631/2649/2461
f 1627/2640/2452 1562/1822/1710 1566/2578/2393 1634/2653/2465
f 1636/2655/2467 1637/2656/2468 1633/2652/2464 1632/2650/2462
f 1638/2657/2469 1636/2655/2467 1632/2650/2462 1631/2649/2461
f 1631/2649/2461 1635/2654/2466 1639/2658/2470 1638/2657/2469
f 1635/2654/2466 1570/2582/2397 1576/2588/2403 1639/2658/2470
f 1640/2659/2471 1641/2660/2472 1637/2656/2468 1636/2655/2467
f 1642/2661/2473 1640/2659/2471 1636/2655/2467 1638/2657/2469
f 1643/2662/2474 1644/2663/2475 1640/2659/2471 1642/2661/2473
f 1644/2663/2475 1645/2664/2476 1641/2660/2472 1640/2659/2471
f 1646/2665/2477 1589/2601/2416 1591/2603/2418 1647/2666/2478
f 1642/2661/2473 1646/2665/2477 1647/2666/2478 1643/2662/2474
f 1638/2657/2469 1639/2658/2470 1646/2665/2477 1642/2661/2473
f 1639/2658/2470 1576/2588/2403 1589/2601/2416 1646/2665/2477
f 1648/2667/2479 1649/2668/2480 1645/2664/2476 1644/2663/2475
f 1650/2669/2481 1648/2667/2479 1644/2663/2475 1643/2662/2474
f 1604/2670/2430 1651/2671/2482 1648/2667/2479 1650/2669/2481
f 1651/2671/2482 1652/2672/2483 1649/2668/2480 1648/2667/2479
f 1603/2673/2428 1604/2670/2430 1650/2669/2481 1653/2674/2484
f 1653/2674/2484 1650/2669/2481 1643/2662/2474 1647/2666/2478
f 1591/2603/2418 1595/2607/2422 1653/2674/2484 1647/2666/2478
f 1595/2607/2422 1594/2606/2421 1603/2673/2428 1653/2674/2484
f 1654/2675/2485 1645/2664/2476 1649/2668/2480 1655/2676/2486
f 1655/2676/2486 1649/2668/2480 1652/2672/2483 1656/2677/2487
f 3019/2678/2488 3015/2679/2489 3016/2680/2490 3716/2681/2491
f 3716/2681/2491 3016/2680/2490 3017/2682/2492 3712/2683/2493
f 1610/2626/2438 1657/2684/2494 1656/2685/2487 1652/2686/2483
f 1652/2686/2483 1651/2687/2482 1611/2627/2439 1610/2626/2438
f 1651/2687/2482 1604/2618/2430 1605/2619/2431 1611/2627/2439
f 1660/2688/2495 1661/2689/2496 1658/2690/2497 1659/2691/2498
f 1466/2445/2268 1660/2688/2495 1659/2691/2498 1469/2451/2274
f 2519/2692/2499 2520/2693/2500 2516/2694/2501 2517/2695/2502 2474/2696/2503 2518/2697/2504
f 1657/2684/2494 1610/2626/2438 1609/2625/2437 1662/2698/2505
f 1663/2699/2506 1664/2700/1282 1661/2689/2496 1660/2688/2495
f 1660/2688/2495 1466/2445/2268 1465/2444/2267 1663/2699/2506
f 1665/1841/1726 1666/2701/1278 1664/2700/1282 1663/2699/2506
f 1663/2699/2506 1465/2444/2267 1667/1842/1727 1665/1841/1726
f 3529/2702/2507 3030/2703/2508 3028/2704/2509 3027/2705/2510 3029/2706/2511 3530/2707/2512
f 1667/1842/1727 1670/632/594 1671/2708/244 1668/2709/243
f 1465/2444/2267 1463/633/595 1670/632/594 1667/1842/1727
f 1670/632/594 1672/631/593 1673/690/649 1671/2708/244
f 1358/629/591 1305/634/596 1304/2710/1929
f 1675/1207/1148 1676/268/245 1671/267/244 1673/2059/649
f 107/2711/1434 106/1518/1433 119/188/168 117/187/160
f 1357/2060/648 1356/2302/2147 1678/810/765 1677/2061/1925
f 1424/2712/2513 1420/2377/2216 1109/2713/2514 1821/2714/2515 1819/2715/2516 1817/2716/2517
f 1681/2717/2518 1680/811/766 1678/810/765 1356/2302/2147
f 1682/2718/2519 1679/806/761 1680/811/766 1683/2719/2520
f 1682/2718/2519 1167/2720/2521 1147/807/762 1679/806/761
f 1681/2717/2518 1684/2721/2522 1683/2719/2520 1680/811/766
f 1255/2722/2034 1254/2723/2033 1684/2721/2522 1685/2724/2523
f 1684/2721/2522 1681/2717/2518 1686/2725/2524 1685/2724/2523
f 1254/2723/2033 1687/2726/2525 1683/2719/2520 1684/2721/2522
f 1688/2727/2526 1682/2718/2519 1683/2719/2520 1687/2726/2525
f 1689/2728/548 1167/2720/2521 1682/2718/2519 1688/2727/2526
f 1687/2729/2525 1254/2180/2033 1258/2184/2037 1688/2730/2526
f 2967/2731/2527 2976/2572/2389 2914/2571/2388 2915/2732/2528 2916/2733/2529
f 1690/578/547 1691/577/546 1694/265/242 1692/264/241 1937/659/618
f 3840/1588/1497 3835/1587/1496 3834/2734/2530 3833/2735/2531 3821/2736/2532 3822/2737/2533 3823/2217/2070 3928/2216/2069 3940/2738/2534 3824/2739/2535
f 1696/166/147 1238/262/239 1237/2165/2021 1697/167/148
f 3270/2740/2536 3269/2741/2537 3056/2742/2538 3057/2743/2539 3054/2744/2540
f 1698/168/149 1699/2745/2541 1700/1664/1570 1701/169/150
f 1343/2746/2542 1346/2747/2543 1344/2748/2544 1898/2749/2545 1895/2750/2546 1345/2751/2547 1342/2752/2548
f 1697/167/148 1237/2165/2021 1699/2745/2541 1698/168/149
f 1723/931/882 1724/2753/2549 1727/2754/2550 1911/2755/2551 1909/2756/2552 1907/2757/2553 1914/2758/2554 1913/2759/2555 1910/927/878
f 1702/2760/2556 1263/2761/2557 1704/2762/2558 1705/2763/2559
f 1427/695/654 1376/2317/2161 1354/2300/2145 1100/696/655
f 270/444/421 211/914/866 215/913/865 272/445/422
f 1263/2761/2557 1262/2764/2560 1706/2765/2561 1704/2762/2558
f 1706/2765/2561 1262/2764/2560 1708/2766/2562 1709/2767/2563
f 1709/2767/2563 1710/2521/2340 1707/2525/2344 1706/2765/2561
f 1236/2164/2020 1711/2768/2564 1712/2769/2565 1261/2770/2566
f 5143/293/2567 5146/292/2568 5145/291/2569 5144/290/2570 5138/295/2571 5142/294/2572
f 1235/261/238 1714/2771/2573 1711/2768/2564 1236/2164/2020
f 1715/2772/2574 1711/2768/2564 1716/2773/2575 1717/2774/2576
f 1717/2774/2576 1716/2773/2575 1256/2182/2035 1718/2775/2577
f 1717/2774/2576 1718/2775/2577 1480/2776/2578 1715/2772/2574
f 1257/2183/2036 1256/2182/2035 1716/2773/2575 1719/2777/2579
f 1714/2771/2573 1719/2777/2579 1716/2773/2575 1711/2768/2564
f 1720/2778/2580 1721/2779/2581 1260/576/545 1259/2185/2038
f 1720/2778/2580 1259/2185/2038 1257/2183/2036 1719/2777/2579
f 1719/2777/2579 1714/2771/2573 1721/2779/2581 1720/2778/2580
f 1260/576/545 1721/2779/2581 1694/265/242 1691/577/546
f 1714/2771/2573 1235/261/238 1694/265/242 1721/2779/2581
f 4293/877/2582 4289/876/2583 4290/875/2584 4278/874/2585 4277/884/2586 4276/883/2587 4274/882/2588 4273/881/2589 4301/880/2590 4296/879/2591 4294/878/2592
f 1479/2460/2283 1340/2287/2134 1339/2286/2133 1713/2780/2593
f 1339/2286/2133 1338/928/879 1708/2766/2562 1262/2764/2560
f 2397/2781/2594 2398/2782/2595 2401/2783/2596 2399/2784/2597 2396/2785/2598
f 1479/2786/2283 1725/2787/2599 1724/2753/2549 1340/2788/2134
f 1726/2789/2600 1727/2754/2550 1724/2753/2549 1725/2787/2599
f 1725/2787/2599 1728/2790/2601 1729/2791/2602 1726/2789/2600
f 1728/2790/2601 1182/2792/2603 1730/2793/2604 1729/2791/2602
f 1477/2794/2282 1728/2790/2601 1725/2787/2599 1479/2786/2283
f 1477/2794/2282 1183/2795/2605 1182/2792/2603 1728/2790/2601
f 1731/2796/2606 1335/2797/2607 1726/2789/2600 1729/2791/2602
f 1732/2798/2608 1731/2796/2606 1729/2791/2602 1730/2793/2604
f 1733/2799/2609 1302/2068/1931 1732/2798/2608 1730/2793/2604
f 1734/2800/2610 1303/2063/1927 1302/2068/1931 1733/2799/2609
f 1733/2799/2609 1184/2801/2611 1735/2802/2612 1734/2800/2610
f 1736/2803/2613 1737/2804/2614 1734/2800/2610 1735/2802/2612
f 1685/2724/2523 1686/2725/2524 1737/2804/2614 1736/2803/2613
f 1736/2803/2613 1738/2805/2615 1255/2722/2034 1685/2724/2523
f 1735/2802/2612 1481/2806/2616 1738/2805/2615 1736/2803/2613
f 1184/2801/2611 1183/2795/2605 1481/2806/2616 1735/2802/2612
f 706/1363/1287 708/1362/1286 466/950/900 469/132/115 746/131/114 745/130/113 607/814/769 605/2807/2617 535/1335/1259 536/1334/1258 534/2808/2618 678/2809/2619 680/2810/2620 522/2811/2621 520/2812/2622 704/2813/2623 703/2814/2624 5490/2815/2625
f 562/1095/1042 565/1098/1045 564/1097/1044 566/1111/1058 567/1466/1385 544/1465/1384 558/2816/2626 555/2817/2627 554/1089/1036
f 1302/2068/1931 1301/2067/1930 1739/2818/2628 1732/2798/2608
f 1301/2067/1930 1057/1973/1845 1060/1975/1847 1739/2818/2628
f 3288/1454/1373 3104/2819/2629 3103/2820/2630 2707/2277/2124 2706/2276/2123
f 1739/2818/2628 1060/1975/1847 1741/2821/2631 1740/2822/2632
f 1285/2823/2633 1741/2821/2631 1060/1975/1847 1059/1974/1846
f 3287/1453/1372 2663/2222/2075 3104/2819/2629 3288/1454/1373
f 1286/2824/2634 1059/1974/1846 1062/1976/1848 1742/2825/2635
f 3107/2826/2636 2459/2827/2637 2455/2828/2638 2454/2829/2639 3105/2830/2640 3106/2831/2641
f 1745/2832/2642 1744/2833/2643 1064/1105/1052 1066/1982/1854
f 1746/2834/2644 1745/2832/2642 1066/1982/1854 1747/2835/2645
f 1055/1971/1844 1049/1965/1841 1748/2836/2646 1747/2835/2645
f 1066/1982/1854 1065/1103/1050 1055/1971/1844 1747/2835/2645
f 1748/2836/2646 1049/1965/1841 1048/469/444 1750/474/449
f 1752/2837/2647 1753/2838/2648 1751/2839/2649 1750/474/449
f 1754/473/448 1755/2840/2650 1753/2838/2648 1752/2837/2647
f 1754/473/448 1752/2837/2647 1750/474/449
f 3439/1119/1066 1888/2841/2651 1887/1074/1021 3440/2842/2652
f 3388/2843/2653 3350/2844/2654 3352/2845/2655 3353/2846/2656 3356/2847/2657
f 1760/2848/2658 1115/2025/1895 1118/2028/1898 1761/2849/2659
f 4286/2850/2660 4287/2851/2661 4292/2852/2662 4308/2853/2663 4288/2854/2664 4285/2855/2665 4282/2856/2666 4284/2857/2667
f 1756/2858/2668 1760/2848/2658 1761/2849/2659 1759/2859/2669 1758/2860/2670 1757/2861/2671
f 1762/472/447 1119/2029/1899 1115/2025/1895 1760/2848/2658
f 269/2862/2672 588/1135/1082 540/2863/2673 212/2864/2674
f 1052/471/446 1054/2865/1843 1119/2029/1899 1762/472/447
f 1280/821/776 1763/820/775 1758/2860/2670 1759/2859/2669
f 2541/709/668 2675/708/667 2739/2866/2675 2557/2867/2676 2558/2868/2677 2555/2869/2678
f 4136/2870/2679 4137/2871/2680 4130/2872/2681 4181/2873/2682
f 1769/2874/2683 1766/2875/2684 1768/2876/2685 1755/2840/2650
f 1763/820/775 1765/819/774 1766/2875/2684 1769/2874/2683
f 1765/819/774 1764/823/778 1767/2877/2686 1766/2875/2684
f 1770/2878/2687 1753/2838/2648 1755/2840/2650 1768/2876/2685
f 1773/2879/2688 1751/2839/2649 1753/2838/2648 1770/2878/2687
f 1773/2879/2688 1772/2880/2689 1774/2881/2690 1775/2882/2691
f 1751/2839/2649 1773/2879/2688 1775/2882/2691 1749/2883/2692
f 1775/2882/2691 1774/2881/2690 1776/2884/2693 1777/2885/2694
f 1775/2882/2691 1777/2885/2694 1746/2834/2644 1749/2883/2692
f 1778/2886/2695 1774/2881/2690 1772/2880/2689 1779/2887/2696
f 415/768/723 329/546/515 209/344/321 161/315/292 331/2398/2233 411/2397/2232 413/777/732 414/773/728
f 1771/2888/2697 1780/2889/2698 1779/2887/2696 1772/2880/2689
f 1383/2319/2163 1381/2318/2162 1389/2890/2699 1388/2891/2700 1783/2892/2701 1776/2884/2693 1774/2881/2690 1778/2886/2695 1779/2887/2696
f 1754/473/448 1762/472/447 1760/2848/2658 1756/2858/2668
f 1776/2884/2693 1783/2892/2701 1784/2893/2702 1785/2894/2703
f 650/1233/1170 658/2895/2704 507/2896/2705 508/991/938 506/990/937 652/1238/1175 651/1234/1171
f 1777/2885/2694 1786/2897/2706 1745/2832/2642 1746/2834/2644
f 1785/2894/2703 1786/2897/2706 1777/2885/2694 1776/2884/2693
f 1787/2898/2707 1788/2899/2708 1743/2900/2709 1744/2833/2643
f 1786/2897/2706 1787/2898/2707 1744/2833/2643 1745/2832/2642
f 1785/2894/2703 1789/2901/2710 1787/2898/2707 1786/2897/2706
f 1789/2901/2710 1790/2902/2711 1788/2899/2708 1787/2898/2707
f 1788/2899/2708 1791/2903/2712 1742/2825/2635 1743/2900/2709
f 1790/2902/2711 1792/2904/2713 1791/2903/2712 1788/2899/2708
f 1288/2905/2714 1286/2824/2634 1742/2825/2635 1791/2903/2712
f 1792/2904/2713 1289/2278/2125 1288/2905/2714 1791/2903/2712
f 4123/2906/2715 4195/2907/2716 4196/2908/2717 4127/2909/2718 4125/687/646
f 1792/2904/2713 1793/2910/2719 1794/2279/2126 1289/2278/2125
f 1790/2902/2711 1795/2911/2720 1793/2910/2719 1792/2904/2713
f 1797/2912/2721 1789/2901/2710 1785/2894/2703 1784/2893/2702
f 1795/2911/2720 1790/2902/2711 1789/2901/2710 1797/2912/2721
f 974/1851/1736 995/1881/1765 996/1884/1768 977/1853/1738 975/1852/1737
f 1800/2913/2722 1798/2914/2723 1965/2915/2724 1793/2910/2719 1795/2911/2720 1796/2916/2725 1380/2917/2726 1379/2918/2727 1378/2919/2728 1382/2920/2729 1387/2339/2181 1386/2341/2182 3748/2921/2730 1207/2922/2731 1801/2923/2732 1799/2924/2733
f 1264/2189/2042 1271/2201/2054 1272/2364/2203 1217/2137/1993 1218/2138/1994
f 5516/1367/1290 705/1360/1284 706/1363/1287 5490/2815/2625 5491/1013/960 5515/1012/959
f 3874/2925/2734 3915/2926/2735 3870/2927/2736 3867/2928/2737 3868/2929/2738 3869/2930/2739
f 3830/2931/2740 3831/2932/2741 3826/2933/2742 3825/2934/2743 3828/1777/1673 3829/1776/1672
f 1808/2935/2744 1809/2936/2745 1805/2937/2746 1804/2938/2747
f 1810/2939/2748 1811/2940/2749 1805/2937/2746 1809/2936/2745
f 1809/2936/2745 1812/2941/2750 1813/2942/2751 1810/2939/2748
f 2583/2943/2752 2579/2944/2753 2741/2945/2754 3653/2946/2755 3652/2947/2756 3644/2948/2757
f 406/2546/2364 429/2545/2363 430/2544/2362 425/2004/1876 424/920/871 423/778/733 412/2396/2231 447/2395/2230
f 1812/2941/2750 1528/2527/2346 1527/2526/2345 1813/2942/2751
f 1814/2949/2758 1815/2950/2759 1810/2939/2748 1813/2942/2751
f 306/493/465 313/515/487 310/511/483 307/494/466
f 2200/2951/2760 2210/2952/2761 1284/2215/2068 1123/2033/1903 1122/2032/1902 2187/2953/2762
f 1822/2954/2763 1823/2955/2764 1819/2715/2516 1821/2714/2515
f 1824/2956/2765 1825/2957/2766 1823/2955/2764 1822/2954/2763
f 2145/2958/2767 1472/2959/2768 1473/2485/2308 1474/2487/2310 2148/2960/2769 2147/2961/2770 2146/2962/2771
f 1826/2963/2772 1827/2964/2773 1825/2957/2766 1824/2956/2765
f 1824/2956/2765 1113/236/216 1828/235/215 1826/2963/2772
f 1829/2965/2774 1830/2966/2775 1826/2963/2772 1828/235/215
f 1831/2967/2776 1832/2968/2777 1830/2966/2775 1829/2965/2774
f 3192/2969/2778 3194/2970/2779 2859/2971/2780 3195/2972/2781
f 3190/2973/2782 3192/2969/2778 3195/2972/2781 3196/2974/2783
f 3196/2974/2783 2498/2975/2784 2499/2976/2785 3190/2973/2782
f 1833/2977/2786 1835/2978/2787 1485/2464/2287 1484/2463/2286
f 1834/234/214 1836/2979/2788 1835/2978/2787 1833/2977/2786
f 1112/233/213 1114/2024/1894 1836/2979/2788 1834/234/214
f 1837/2980/2789 1838/2981/2790 1487/2466/2289 1486/2465/2288
f 1835/2978/2787 1837/2980/2789 1486/2465/2288 1485/2464/2287
f 2095/2982/2791 2094/2983/2792 2107/1072/1019 2105/1071/1018
f 3201/2984/2793 3202/790/745 2500/795/750 3198/2985/2794
f 1840/2986/2795 1841/2987/2796 1842/2988/2797 1839/2989/2798
f 1422/2376/2215 1423/2379/2218 1841/2987/2796 1840/2986/2795
f 1841/2987/2796 1843/2990/2799 1844/2991/2800 1842/2988/2797
f 1841/2987/2796 1423/2379/2218 1426/2992/2801 1843/2990/2799
f 1843/2990/2799 1845/346/323 1846/349/326 1844/2991/2800
f 1408/2993/2802 2232/2994/2803 2229/2995/2804 2226/1390/1310 1409/1393/1313 1406/2358/2197 1318/2260/2107
f 1843/2990/2799 1426/2992/2801 1847/2528/2347 1845/346/323
f 635/1210/1090 597/921/872 633/926/877 639/1211/1150
f 1286/2824/2634 1288/2905/2714 1287/2996/2805 1285/2823/2633 1059/1974/1846
f 3220/2997/2806 3215/2998/2807 3212/2999/2808 3213/3000/2809 3214/1981/1853
f 1850/826/781 1437/2415/2245 1439/2414/2244 1851/1224/1161
f 1853/3001/2810 1854/3002/2811 1852/1225/1162 1851/1224/1161
f 3215/2998/2807 1855/3003/2812 1854/3004/2811 3212/2999/2808
f 1855/3005/2812 1857/3006/2813 1858/3007/2814 1856/1226/1163
f 1857/3006/2813 1859/3008/2815 1860/3009/2816 1858/3007/2814
f 1859/3008/2815 1488/2467/2290 1487/2466/2289 1860/3009/2816
f 1861/3010/2817 1862/3011/2818 1858/3007/2814 1860/3009/2816
f 1842/2988/2797 1844/2991/2800 1862/3011/2818 1861/3010/2817
f 1861/3010/2817 1838/2981/2790 1839/2989/2798 1842/2988/2797
f 1860/3009/2816 1487/2466/2289 1838/2981/2790 1861/3010/2817
f 1862/3011/2818 1863/827/782 1856/1226/1163 1858/3007/2814
f 1844/2991/2800 1846/349/326 1863/827/782 1862/3011/2818
f 2431/3012/2819 2276/3013/2820 2275/3014/2821 2271/3015/2822 2270/3016/2823 2274/3017/2824
f 3194/2970/2779 1864/3018/2825 1483/3019/2285 2859/2971/2780
f 1865/3020/2826 1866/3021/2827 1867/3022/2828 1832/2968/2777
f 1866/3021/2827 1868/764/719 1869/763/718 1867/3022/2828
f 3326/3023/2829 3223/3024/2830 1870/3025/720 1868/3026/719 3222/3027/2831 3327/3028/2832
f 2655/3029/2833 2657/3030/2834 2658/3031/2835 2656/3032/2836 2653/3033/2837 2654/3034/2838
f 5210/3035/2839 5220/3036/2840 5223/3037/2841 5208/3038/2842 5209/3039/2843
f 1530/1651/1557 1074/1650/1556 1073/1985/1857 2416/1030/977 1529/1029/976
f 2065/3040/2844 2064/3041/2845 1876/3042/2846 1875/3043/2847 1877/3044/2848 2069/3045/2849
f 2403/3046/2850 2400/3047/2851 1654/2675/2485 1655/2676/2486
f 90/150/131 67/100/83 87/124/107 89/126/109 91/149/130
f 2956/3048/2852 2955/3049/2853 2962/3050/2854 2961/3051/2855 2910/3052/2856 2958/3053/2857
f 669/1280/1213 532/3054/992 531/1274/991 665/1268/1202 664/1267/1201 667/1276/1209
f 1759/2859/2669 1761/2849/2659 1118/2028/1898 1274/2203/2056 1273/2202/2055 1280/821/776
f 3444/3055/2858 1884/703/662 1883/702/661 3446/3056/2859
f 3442/383/360 1885/3057/2860 1884/3058/662 3444/3059/2858
f 3441/382/359 1886/1073/1020 1885/3057/2860 3442/383/360
f 3440/2842/2652 1887/1074/1021 1886/1073/1020 3441/382/359
f 3061/3060/2861 3064/3061/2862 3063/3062/2863 2636/2380/2219 2614/2382/2221 3062/3063/2864
f 38/3064/2865 22/30/22 21/29/21 41/3065/2866
f 1892/3066/2867 1342/2752/2548 1345/2751/2547 1893/3067/2868
f 650/3068/1170 5512/787/742 5511/1256/1190 5510/1255/1189 658/3069/2704
f 1893/3067/2868 1345/2751/2547 1895/2750/2546 1894/3070/2869
f 1895/2750/2546 1898/2749/2545 1899/3071/2870 1896/3072/2871
f 2719/3073/2872 2721/3074/2873 1343/2746/2542 1342/2752/2548 2720/3075/2874 3233/3076/2875 3236/3077/2876
f 3438/1117/1064 3436/1121/1068 3237/2373/2212 3232/3078/2877
f 1896/3072/2871 1899/3071/2870 1901/3079/2878 1900/3080/2879
f 1899/3071/2870 1902/3081/2880 1903/3082/2881 1901/3079/2878
f 1901/3079/2878 1904/3083/2882 1905/3084/2883 1900/3080/2879
f 1901/3079/2878 1903/3082/2881 1906/3085/2884 1904/3083/2882
f 1907/2757/2553 1906/3085/2884 1903/3082/2881
f 1904/3083/2882 1906/3085/2884 1908/3086/2885
f 1906/3085/2884 1907/2757/2553 1909/2756/2552 1908/3086/2885
f 1909/2756/2552 1911/2755/2551 1912/3087/2886 1908/3086/2885
f 1911/2755/2551 1727/2754/2550 1336/3088/2887 1912/3087/2886
f 2257/3089/2888 1195/3090/1974 2327/3091/2889 2289/3092/2190 1403/3093/2189
f 1727/2754/2550 1726/2789/2600 1335/2797/2607 1336/3088/2887
f 3089/3094/2890 3086/3095/2891 3087/2289/2136 3246/2288/2135 3249/2141/1997 3250/3096/2892 3243/3097/2893 3245/3098/2894 3247/3099/2895
f 1915/3100/2896 1916/2522/2341 1913/2759/2555 1914/2758/2554
f 1917/3101/2897 1918/2523/2342 1916/2522/2341 1915/3100/2896
f 1915/3100/2896 1919/3102/2898 1920/3103/2899 1917/3101/2897
f 1914/2758/2554 1902/3081/2880 1919/3102/2898 1915/3100/2896
f 1903/3082/2881 1902/3081/2880 1914/2758/2554 1907/2757/2553
f 1924/3104/2900 1925/3105/2901 1923/3106/2902 1922/3107/2903
f 1898/2749/2545 1344/2748/2544 1346/2747/2543 1926/312/289 1927/311/288 1924/3104/2900 1922/3107/2903 1920/3103/2899 1919/3102/2898 1902/3081/2880 1899/3071/2870
f 1492/2470/2293 1194/2112/1972 1924/3104/2900 1927/311/288
f 1927/311/288 1928/310/287 1493/2196/2049 1492/2470/2293
f 1343/2746/2542 1929/307/284 1926/312/289 1346/2747/2543
f 1194/2112/1972 1191/2110/1970 1925/3105/2901 1924/3104/2900
f 1191/2110/1970 1190/1663/1569 1930/1662/1568 1925/3105/2901
f 1923/3106/2902 1931/3108/2904 1932/3109/2905 1921/3110/2906
f 1925/3105/2901 1930/1662/1568 1931/3108/2904 1923/3106/2902
f 1854/3002/2811 1855/3005/2812 1856/1226/1163 1852/1225/1162
f 1705/2763/2559 1931/3108/2904 1930/1662/1568 1703/1665/1571 1702/2760/2556
f 1918/2523/2342 1917/3101/2897 1921/3110/2906 1932/3109/2905
f 2922/3111/2907 2926/3112/2908 2924/3113/2909 2925/3114/2910 2927/3115/2911 2923/1440/1360 2921/1439/1359 2920/1444/1364
f 2571/3116/2912 3264/3117/2913 3064/3061/2862 3061/3060/2861
f 3354/3118/2914 3456/1608/1516 3355/1607/1515 3353/2846/2656 3352/2845/2655
f 3268/3119/2915 2572/3120/2916 2571/3116/2912 3061/3060/2861 3060/3121/2917
f 1192/164/145 1935/3122/2918 1695/3123/146
f 1162/2076/1939 1164/3124/2919 1690/3125/547 1937/3126/618
f 1165/2077/1940 1162/2076/1939 1937/3126/618 1936/3127/617
f 1935/3122/2918 1938/3128/2920 1165/2077/1940 1936/3127/617
f 1192/164/145 1185/2111/1971 1938/3128/2920 1935/3122/2918
f 1939/3129/2921 1905/3084/2883 1904/3083/2882 1908/3086/2885
f 1908/3086/2885 1912/3087/2886 1940/2367/2206 1939/3129/2921
f 1912/3087/2886 1336/3088/2887 1331/2368/2207 1940/2367/2206
f 1944/3130/2922 2041/3131/2923 2099/3132/2924 1946/3133/2925 1945/3134/2926 1942/3135/2927
f 3906/3136/2928 3939/3137/2929 3901/3138/2930 3902/3139/2931 3903/3140/2932
f 1949/3141/2933 1950/3142/2934 1951/3143/2935 1948/3144/2936
f 1147/807/762 1167/2720/2521 1164/3124/2919 1162/2076/1939 1163/2079/1942 1148/808/763
f 1952/3145/2937 1292/2228/2081 1955/3146/2938 1950/3142/2934
f 1953/3147/2939 1293/2229/2082 1292/2228/2081 1952/3145/2937
f 3446/3056/2859 1883/702/661 1882/3148/2940 3448/3149/2941
f 1291/2227/2080 1294/2230/2083 1287/2996/2805 1288/2905/2714 1289/2278/2125 1290/2281/2128 1956/3150/2942 1951/3143/2935 1950/3142/2934 1955/3146/2938 1957/3151/2943
f 1957/3151/2943 1955/3146/2938 1292/2228/2081 1291/2227/2080
f 519/3152/2944 518/3153/2945 5493/786/741 5492/785/740 520/2812/2622
f 1960/2280/2127 1958/3154/2946 1956/3150/2942 1290/2281/2128
f 2471/1751/1649 2878/1750/1648 2879/3155/2947 2880/1980/1852 2877/1979/1851 2462/2648/2460
f 2122/531/503 1968/530/502 1971/861/815 1972/860/814
f 2666/3156/2948 3292/1340/1264 3153/1339/1263 2667/3157/2949
f 4629/3158/2950 4652/3159/2951 4653/3160/2952 4650/3161/2953 4615/3162/2954
f 3757/3163/2955 3774/3164/2956 3773/3165/2957 3772/3166/2958
f 922/1771/1667 923/1772/1668 941/1801/1686 944/1800/1694 918/1770/1666 917/1769/1665
f 3303/1609/1517 3305/858/812 3304/857/811 3302/2149/2005
f 5448/1065/1012 5460/1064/1011 5459/3167/2959 5483/3168/2960 5484/3169/2961 5449/3170/2962 5447/3171/2963 5446/3172/2964
f 2186/1351/1275 2184/3173/2965 2183/3174/2966 2187/2953/2762 1122/2032/1902
f 3456/1608/1516 3306/3175/2967 3305/858/812 3303/1609/1517
f 3307/3176/2968 3167/853/807 3305/858/812 3306/3175/2967
f 3306/3175/2967 3458/3177/2969 3308/3178/2970 3309/3179/2971 3307/3176/2968
f 1973/859/813 1811/2940/2749 1976/3180/2972 1974/1436/1356
f 1806/862/816 1805/2937/2746 1811/2940/2749 1973/859/813
f 1977/3181/2973 1978/3182/2974 1974/1436/1356 1976/3180/2972
f 1976/3180/2972 1815/2950/2759 1816/3183/2975 1977/3181/2973
f 1811/2940/2749 1810/2939/2748 1815/2950/2759 1976/3180/2972
f 1979/3184/2976 1980/3185/2977 1978/3182/2974 1977/3181/2973
f 1977/3181/2973 1816/3183/2975 1818/3186/2978 1979/3184/2976
f 1981/3187/2979 1982/3188/2980 1980/3185/2977 1979/3184/2976
f 1983/3189/2981 1984/3190/2982 1982/3188/2980 1981/3187/2979
f 3316/3191/2983 3318/3192/2984 3181/3193/2985 3179/3194/2986 3314/3195/2987
f 1985/3196/2988 1986/3197/2989 1984/3190/2982 1983/3189/2981
f 1983/3189/2981 1820/3198/2990 1987/3199/2991 1985/3196/2988
f 1988/3200/2992 1989/3201/2993 1985/3196/2988 1987/3199/2991
f 1987/3199/2991 1823/2955/2764 1825/2957/2766 1988/3200/2992
f 1820/3198/2990 1819/2715/2516 1823/2955/2764 1987/3199/2991
f 1990/3202/2994 1991/3203/2995 1989/3201/2993 1988/3200/2992
f 1988/3200/2992 1825/2957/2766 1827/2964/2773 1990/3202/2994
f 1992/762/717 1993/761/716 1991/3203/2995 1990/3202/2994
f 1992/762/717 1994/3204/2996 1867/3022/2828 1869/763/718
f 1990/3202/2994 1827/2964/2773 1994/3204/2996 1992/762/717
f 1993/761/716 1995/3205/2997 1996/3206/2998 1991/3203/2995
f 1871/760/715 1872/3207/2999 1995/3205/2997 1993/761/716
f 1991/3203/2995 1996/3206/2998 1997/3208/3000 1989/3201/2993
f 1996/3209/2998 1998/3210/3001 1999/3211/3002 1997/3212/3000
f 1986/3197/2989 1985/3196/2988 1989/3201/2993 1997/3208/3000
f 1997/3212/3000 1999/3211/3002 2000/3213/3003 1986/3214/2989
f 1999/3211/3002 2001/3215/3004 2002/3216/3005 2000/3213/3003
f 2001/3215/3004 2003/3217/3006 2004/3218/3007 2002/3216/3005
f 2005/3219/3008 1984/3190/2982 1986/3197/2989 2000/3220/3003
f 2002/3221/3005 2004/3222/3007 2006/3223/3009 2007/3224/3010
f 2000/3220/3003 2002/3221/3005 2007/3224/3010 2005/3219/3008
f 2004/3222/3007 2008/3225/3011 2009/1320/1244 2006/3223/3009
f 2010/3226/3012 2011/3227/3013 2005/3219/3008 2007/3224/3010
f 2012/3228/3014 2010/3226/3012 2007/3224/3010 2006/3223/3009
f 2013/3229/3015 2014/3230/3016 2010/3226/3012 2012/3228/3014
f 2014/3230/3016 2015/3231/3017 2011/3227/3013 2010/3226/3012
f 3239/3232/3018 3240/3233/3019 3235/3234/3020 3238/3235/3021 3242/3236/3022 3244/3237/3023 3245/3098/2894 3243/3097/2893
f 4195/2907/2716 4123/2906/2715 4124/3238/3024 4203/3239/3025 4202/3240/3026
f 2017/373/350 2018/3241/3027 2013/3229/3015 2016/374/351
f 2021/532/504 2122/531/503 2020/3242/3028 2017/373/350 2019/372/349
f 3374/3243/3029 2711/2285/2132 2710/2284/2131 3278/3244/3030 3375/3245/3031
f 4296/879/2591 4301/880/2590 4302/3246/3032 4297/3247/3033 4298/3248/3034
f 5492/785/740 5491/1013/960 704/2813/2623 520/2812/2622
f 3303/1609/1517 3302/2149/2005 3359/908/860 3358/907/859 3357/1610/1518
f 2599/1911/1790 2641/1910/1789 2642/3249/3035 2639/3250/3036 2640/3251/3037 3494/3252/3038
f 2033/2155/2011 2027/2154/2010 2026/3253/3039 2028/527/499 2029/3254/3040 2034/3255/3041 2032/3256/3042
f 2363/284/261 1413/283/260 1412/2366/2205 2359/666/625 2353/665/624
f 2472/1752/1650 2470/362/339 2887/361/338 2885/999/946 2884/998/945
f 3489/3257/363 2815/3258/362 2596/3259/3043 2591/3260/3044 2601/508/480 3490/507/479 2159/3261/3045 2160/3262/3046 1220/2140/1996 1214/2132/1990 1215/3263/1991 1443/3264/2279 2158/3265/3047 2157/3266/3048
f 276/3267/425 278/2420/427 320/770/725 318/518/490 317/517/489 274/3268/423
f 1964/3269/3049 1963/3270/3050 2121/3271/3051 1966/3272/3052 1967/3273/3053 2027/2154/2010 2031/2153/2009 2030/2152/2008 2036/2151/2007 2035/2150/2006 1962/2158/2014 2037/2157/2013 2039/3274/3054 1961/3275/3055 1959/3276/3056 1958/3154/2946 1960/2280/2127
f 3374/3243/3029 3375/3245/3031 3376/3277/3057 3377/3278/3058 3378/3279/3059
f 3374/3243/3029 3378/3279/3059 3367/3280/3060 3366/1501/1416 3373/1508/1423 3281/3281/3061 3282/3282/3062 3283/1455/1374 3288/1454/1373 2706/2276/2123 2709/2275/2122 2711/2285/2132
f 2045/3283/3063 2046/3284/3064 2044/3285/3065 2043/3286/3066
f 2047/3287/3067 2048/3288/3068 2046/3284/3064 2045/3283/3063
f 2049/526/498 2021/532/504 2019/372/349 2022/376/353 2050/3289/3069 2047/3287/3067
f 3356/2847/2657 3385/3290/3070 3384/342/319 3388/2843/2653
f 1478/2458/2281 1722/3291/3071 1183/3292/2605 1477/2459/2282
f 3386/341/318 3412/3293/572 3389/3294/962 3387/3295/3072
f 4224/3296/3073 4225/3297/3074 4226/3298/3075 4227/2453/2276 4219/2452/2275 4218/3299/3076 4220/3300/3077
f 3392/3301/3078 3394/3302/3079 3343/3303/3080 3390/1014/961 3391/1018/965
f 448/932/883 509/992/939 497/982/930 496/984/931 449/933/884
f 3988/3304/3081 4024/3305/3082 3983/3306/3083 3982/3307/3084 3985/3308/3085 3986/3309/3086
f 2061/3310/3087 2062/647/606 2057/651/610 2060/3311/3088
f 2060/3311/3088 2003/3217/3006 2063/3312/3089 2061/3310/3087
f 2008/3313/3011 2004/3218/3007 2003/3217/3006 2060/3311/3088
f 2064/3041/2845 2065/3040/2844 2061/3310/3087 2063/3312/3089
f 2066/3314/3090 2067/3315/3091 1873/3316/3092 1874/3317/3093
f 2064/3041/2845 2066/3314/3090 1874/3317/3093 1876/3042/2846
f 2063/3312/3089 2068/3318/3094 2066/3314/3090 2064/3041/2845
f 2068/3318/3094 1998/3210/3001 2067/3315/3091 2066/3314/3090
f 2003/3217/3006 2001/3215/3004 2068/3318/3094 2063/3312/3089
f 2001/3215/3004 1999/3211/3002 1998/3210/3001 2068/3318/3094
f 380/645/295 386/671/630 385/672/631 372/675/634 373/646/605
f 1877/3044/2848 1878/1316/1240 2070/1552/1466 2069/3045/2849
f 3395/3319/3095 3392/3301/3078 3391/1018/965 3393/1017/964 3404/1641/1547
f 3406/1643/1549 3407/1318/1242 3405/1317/1241 3404/1641/1547
f 2070/1552/1466 2072/1551/1465 2073/3320/3096 2071/648/607
f 2073/3320/3096 2076/3321/3097 2077/3322/3098 2074/3323/3099
f 3412/606/572 3410/605/571 3409/1642/1548 3408/1016/963 3389/1015/962
f 290/479/454 289/468/443 227/467/442 230/1094/1041 234/475/450 291/476/451
f 2791/2374/2213 2790/995/942 2886/994/941 2890/3324/3100 3173/3325/3101 3177/3326/3102
f 2080/3327/3103 2081/3328/3104 2082/3329/3105 2083/3330/3106
f 520/2812/2622 522/2811/2621 680/2810/2620 678/2809/2619 534/2808/2618 536/1334/1258 679/848/802 677/847/801 500/846/800 499/986/933 675/1291/1220 521/1290/1219 516/1289/1218 519/3152/2944
f 2083/3330/3106 2085/3331/3107 2084/3332/3108 2080/3327/3103
f 2085/3331/3107 2046/3284/3064 2048/3288/3068 2084/3332/3108
f 2086/3333/3109 2087/3334/3110 2088/3335/3111 2082/3336/3105
f 2081/3337/3104 2089/3338/3112 2086/3333/3109 2082/3336/3105
f 2088/3339/3111 2090/3340/3113 2083/3330/3106 2082/3329/3105
f 3425/3341/3114 3432/3342/3115 3427/3343/3116 3426/3344/3117 3420/3345/3118 3424/3346/3119
f 5415/3347/3120 5416/743/698 5417/747/702 5395/1404/1324 5391/1403/1323 5414/3348/3121
f 2074/3323/3099 2077/3322/3098 2078/3349/1100 2055/1474/1099 2075/1476/1394
f 2093/3350/3122 2094/2983/2792 2095/2982/2791 2096/3351/3123
f 2091/3352/3124 2097/3353/3125 2094/2983/2792 2093/3350/3122
f 2088/3339/3111 2087/3354/3110 2097/3353/3125 2091/3352/3124
f 2096/3351/3123 2099/3132/2924 2098/3355/3126 2093/3350/3122
f 3733/3356/3127 3734/3357/3128 2846/2645/2457 2464/2644/2456 2553/3358/3129
f 2477/3359/3130 2476/3360/3131 2685/3361/3132 2687/3362/3133 3735/3363/3134
f 3376/3277/3057 3375/3245/3031 3433/3364/3135 3432/3342/3115 3425/3341/3114
f 2100/3365/3136 2103/3366/3137 2102/3367/3138 2101/3368/3139
f 2096/3351/3123 2095/2982/2791 2103/3366/3137 2100/3365/3136
f 3424/3346/3119 3416/3369/3140 3419/3370/3141 3379/3371/3142 3377/3278/3058
f 1558/1823/1711 1623/2637/2449 1619/2634/2446 1554/1888/1772 1557/1824/1712
f 2651/1914/1793 2788/1913/1792 2598/1912/1791 2558/2868/2677 2557/2867/2676 2786/1485/1401 2785/1484/1400 2781/3372/3143
f 2109/3373/3144 2111/3374/3145 2110/3375/659 2108/3376/3146
f 2097/3353/3125 2087/3354/3110 2111/3374/3145 2109/3373/3144
f 2111/3377/3145 2113/3378/3147 2112/701/660 2110/700/659
f 2087/3334/3110 2086/3333/3109 2113/3378/3147 2111/3377/3145
f 2113/3378/3147 2116/3379/3148 2114/3380/3149 2112/701/660
f 2116/3379/3148 2117/3381/3150 2115/2517/2336 2114/3380/3149
f 2086/3333/3109 2089/3338/3112 2116/3379/3148 2113/3378/3147
f 2089/3338/3112 2079/3382/3151 2117/3381/3150 2116/3379/3148
f 2117/3381/3150 2076/3321/3097 2118/2518/2337 2115/2517/2336
f 2079/3382/3151 2077/3322/3098 2076/3321/3097 2117/3381/3150
f 1897/3383/3152 1894/3070/2869 1895/2750/2546 1896/3072/2871 2104/3384/3153 2119/3385/3154 1889/3386/3155 1891/3387/3156
f 2076/3321/3097 2073/3320/3096 2072/1551/1465 2118/2518/2337
f 2120/3388/3157 1947/3389/3158 1948/3144/2936 1951/3143/2935
f 2120/3388/3157 1959/3276/3056 1961/3275/3055 2039/3274/3054
f 2034/3255/3041 2029/3254/3040 2028/527/499 2049/526/498
f 261/424/401 263/432/409 313/515/487 306/493/465
f 3600/3390/3159 3599/3391/3160 2743/3392/3161 2742/3393/3162 3593/3394/3163 3594/3395/3164 3596/3396/3165 3601/3397/3166
f 2017/373/350 2020/3242/3028 2123/3398/3167 2018/3241/3027
f 2124/1438/1358 1975/1437/1357 2125/3399/3168 2126/3400/3169
f 2123/3398/3167 2124/1438/1358 2126/3400/3169 2018/3241/3027
f 2015/3231/3017 2014/3230/3016 2126/3400/3169 2125/3399/3168
f 2014/3230/3016 2013/3229/3015 2018/3241/3027 2126/3400/3169
f 2125/3399/3168 1978/3182/2974 1980/3185/2977 2015/3231/3017
f 1975/1437/1357 1974/1436/1356 1978/3182/2974 2125/3399/3168
f 2011/3227/3013 1982/3188/2980 1984/3190/2982 2005/3219/3008
f 2015/3231/3017 1980/3185/2977 1982/3188/2980 2011/3227/3013
f 2067/3315/3091 1995/3401/2997 1872/3402/2999 1873/3316/3092
f 1998/3210/3001 1996/3209/2998 1995/3401/2997 2067/3315/3091
f 2687/3403/3133 3734/3357/3128 3733/3356/3127 3735/3404/3134
f 1994/3204/2996 1830/2966/2775 1832/2968/2777 1867/3022/2828
f 1827/2964/2773 1826/2963/2772 1830/2966/2775 1994/3204/2996
f 1756/2858/2668 1769/2874/2683 1755/2840/2650 1754/473/448
f 1757/2861/2671 1763/820/775 1769/2874/2683 1756/2858/2668
f 4884/3405/3170 4910/3406/3171 4911/3407/3172 4912/3408/3173 4916/3409/3174 4918/3410/3175 4883/3411/3176 4882/3412/3177 4881/3413/3178 4853/3414/3179 4850/3415/3180 4909/3416/3181
f 1767/2877/2686 1764/823/778 2128/3417/3182 2127/3418/3183
f 1757/2861/2671 1758/2860/2670 1763/820/775
f 1875/3043/2847 3227/3419/3184 3399/3420/3185 3398/3421/3186 3403/3422/3187 1877/3044/2848
f 1690/3125/547 1164/3124/2919 1167/2720/2521 1689/2728/548
f 1780/2889/2698 1771/2888/2697 1772/2880/2689 1773/2879/2688 1770/2878/2687 1768/2876/2685 1766/2875/2684 1767/2877/2686 2127/3418/3183 1781/3423/3188 1373/2385/2224 2405/3424/3189 1782/3425/3190
f 2132/3426/3191 2131/1206/1147 2130/1205/1146 2133/3427/3192
f 2136/3428/3193 2190/3429/3194 2193/3430/3195 2132/3426/3191 2133/3427/3192
f 2135/2267/2114 2136/3428/3193 2133/3427/3192 2134/3431/3196
f 541/1462/1381 540/2863/2673 542/1464/1383 758/1463/1382 573/1113/1060
f 2134/3431/3196 1144/2062/1926 1141/2268/2115 2135/2267/2114
f 2138/2271/2118 2137/1353/1277 2136/3428/3193 2135/2267/2114
f 2139/3432/3197 2140/1350/1274 2137/1353/1277 2138/2271/2118
f 2022/376/353 2054/375/352 2051/866/820 2050/3289/3069
f 3094/3433/3198 2712/2272/2119 2707/2277/2124 3103/2820/2630 3102/3434/3199 3095/3435/3200
f 1190/1663/1569 1189/163/144 1934/3436/143 1701/169/150 1700/1664/1570
f 3023/3437/3201 3018/3438/3202 3020/3439/3203 2839/3440/3204
f 4177/3441/3205 4175/3442/3206 4172/3443/3207 4137/2871/2680 4136/2870/2679
f 2149/3444/3208 2150/3445/3209 2145/2958/2767 2146/2962/2771
f 2147/2961/2770 2152/3446/3210 2151/3447/3211 2146/2962/2771
f 3113/3448/3212 3116/3449/3213 3115/782/737 3114/781/736 3112/3450/3214 3111/3451/3215
f 2155/3452/3216 2156/3453/3217 2154/3454/3218 2153/3455/3219
f 2156/3453/3217 2155/3452/3216 2157/3456/3048 2158/3457/3047
f 2161/1359/1283 2162/3458/3220 2160/3262/3046 2159/3261/3045
f 2162/3458/3220 1219/2139/1995 1220/2140/1996 2160/3262/3046
f 2163/3459/3221 1218/2138/1994 1219/2139/1995 2162/3458/3220
f 2158/3457/3047 1443/2456/2279 1476/2457/2280 2156/3453/3217
f 2166/3460/3222 2167/3461/3223 2168/3462/3224 2150/3445/3209
f 1476/2457/2280 1216/2136/1992 2167/3461/3223 2166/3460/3222
f 2166/3460/3222 2154/3454/3218 2156/3453/3217 1476/2457/2280
f 2150/3445/3209 2149/3444/3208 2154/3454/3218 2166/3460/3222
f 2168/3462/3224 1233/2162/2018 2144/3463/3225 2143/3464/3226
f 2167/3461/3223 1230/2159/2015 1233/2162/2018 2168/3462/3224
f 1216/2136/1992 1213/2135/1989 1230/2159/2015 2167/3461/3223
f 2143/3464/3226 2145/2958/2767 2150/3445/3209 2168/3462/3224
f 2144/3463/3225 2169/3465/3227 2142/3466/3228 2141/3467/3229
f 1233/2162/2018 1232/2161/2017 2169/3465/3227 2144/3463/3225
f 2170/3468/3230 2171/3469/3231 2142/3466/3228 2169/3465/3227
f 2172/3470/3232 2173/3471/3233 2171/3469/3231 2170/3468/3230
f 1232/2161/2017 2174/3472/3234 2170/3468/3230 2169/3465/3227
f 2174/3472/3234 2175/3473/3235 2172/3470/3232 2170/3468/3230
f 2175/3473/3235 2176/3474/3236 2177/3475/3237 2172/3470/3232
f 2178/3476/3238 2179/3477/3239 2176/3474/3236 2175/3473/3235
f 1458/3478/2260 1171/3479/1945 2179/3477/3239 2178/3476/3238
f 1457/3480/2259 1458/3478/2260 2178/3476/3238 2180/3481/3240
f 2180/3481/3240 2178/3476/3238 2175/3473/3235 2174/3472/3234
f 1231/2160/2016 2180/3481/3240 2174/3472/3234 1232/2161/2017
f 1234/2163/2019 1457/3480/2259 2180/3481/3240 1231/2160/2016
f 2176/3474/3236 1161/1298/1226 2181/3482/3241 2177/3475/3237
f 2179/3477/3239 1156/3483/1227 1161/1298/1226 2176/3474/3236
f 1156/3483/1227 2179/3477/3239 1171/3479/1945
f 2181/3482/3241 2182/3484/3242 2183/3174/2966 2184/3173/2965
f 1161/1298/1226 1160/1297/1225 2182/3484/3242 2181/3482/3241
f 2184/3173/2965 2185/3485/3243 2177/3475/3237 2181/3482/3241
f 2172/3470/3232 2177/3475/3237 2185/3485/3243 2173/3471/3233
f 4181/2873/2682 4130/2872/2681 4129/3486/3244 4117/3487/3245 4179/3488/3246
f 1518/825/780 1515/436/413 1514/435/412 1512/2503/2324 1448/3489/3247 1437/2415/2245 1850/826/781
f 2188/1352/1276 2189/3490/3248 2186/1351/1275 2190/3429/3194
f 2186/1351/1275 2189/3490/3248 2188/1352/1276
f 1122/2032/1902 1121/2031/1901 2191/3491/3249 2186/1351/1275
f 1121/2031/1901 1117/2027/1897 2192/3492/3250 2191/3491/3249
f 2191/3491/3249 2193/3430/3195 2190/3429/3194 2186/1351/1275
f 2192/3492/3250 2194/3493/3251 2193/3430/3195 2191/3491/3249
f 2195/270/247 2196/3494/3252 2197/1839/1724 2198/271/248
f 2194/3493/3251 2192/3492/3250 2196/3494/3252 2195/270/247
f 2132/3426/3191 2193/3430/3195 2194/3493/3251 2131/1206/1147
f 2195/270/247 2129/269/246 2131/1206/1147 2194/3493/3251
f 2197/1839/1724 1120/2030/1900 2199/3495/3253 1669/3496/1725
f 2196/3494/3252 1116/2026/1896 1120/2030/1900 2197/1839/1724
f 2192/3492/3250 1117/2027/1897 1116/2026/1896 2196/3494/3252
f 2199/3497/3253 1054/1970/1843 1053/1355/1279 1666/1354/1278
f 1120/2030/1900 1119/2029/1899 1054/2865/1843 2199/3495/3253
f 1666/2701/1278 1665/1841/1726 1669/1840/1725 2199/3498/3253
f 2093/3350/3122 2098/3355/3126 2092/3499/3254 2090/3340/3113 2088/3339/3111 2091/3352/3124
f 2183/3174/2966 2201/3500/3255 2200/2951/2760 2187/2953/2762
f 2201/3500/3255 2183/3174/2966 2182/3484/3242 2202/2098/1959
f 2202/2098/1959 2182/3484/3242 1160/1297/1225 1159/1296/1224
f 2201/3500/3255 2202/2098/1959 2203/2097/1958
f 1510/2501/2322 1449/2500/2321 1448/3489/3247 1512/2503/2324 1511/2413/2243
f 2204/2096/1957 1296/2095/1956 1363/3501/2152 1362/3502/2151
f 2205/3503/3256 2206/3504/3257 1328/1327/1251 2207/3505/3258
f 1362/2307/2151 1361/2306/2150 2206/3504/3257 2205/3503/3256
f 2205/3506/3256 2208/3507/3259 2204/2096/1957 1362/3502/2151
f 2207/3508/3258 2209/3509/3260 2208/3507/3259 2205/3506/3256
f 2208/3507/3259 2210/2952/2761 2203/2097/1958 2204/2096/1957
f 2209/3509/3260 1284/2215/2068 2210/2952/2761 2208/3507/3259
f 2210/2952/2761 2200/2951/2760 2201/3500/3255 2203/2097/1958
f 2211/3510/3261 1284/2215/2068 2209/3509/3260 2207/3508/3258
f 2212/3511/3262 2213/3512/3263 1277/2206/2059 1282/2213/2066
f 2211/3510/3261 2212/3511/3262 1282/2213/2066 1284/2215/2068
f 2214/3513/3264 2215/3514/3265 2216/3515/3266 2217/3516/3267
f 2218/3517/3268 2214/3513/3264 2217/3516/3267 2213/3518/3263
f 2219/3519/3269 2214/3513/3264 2218/3517/3268 2220/3520/3270
f 2219/3519/3269 2221/3521/3271 2215/3514/3265 2214/3513/3264
f 2222/1324/1248 2220/3520/3270 2218/3517/3268 2223/1325/1249
f 298/836/166 438/835/790 437/841/795 428/3522/3272 297/3523/458 296/3524/457
f 1870/3025/720 3223/3024/2830 3224/3525/3273 1872/3207/2999 1871/760/715
f 2894/3526/3274 3723/3527/3275 3724/3528/3276 2619/3529/1181 2618/3530/3277 2896/3531/3278
f 1979/3184/2976 1818/3186/2978 1820/3198/2990 1983/3189/2981 1981/3187/2979
f 2227/3532/3279 1326/1323/1247 1325/1328/1252 2228/3533/3280
f 1407/2359/2198 2228/3533/3280 2206/3504/3257 1361/2306/2150
f 2228/3533/3280 1325/1328/1252 1328/1327/1251 2206/3504/3257
f 2229/2995/2804 2230/3534/3281 2231/3535/3282 2226/1390/1310
f 427/2543/2361 431/2542/2360 435/3536/3283 436/3537/796 297/3523/458 428/3522/3272
f 1349/2295/2142 2236/3538/3284 1351/2297/2144
f 2236/3538/3284 1408/3539/2802 1318/3540/2107 1351/2297/2144
f 1348/2294/2141 2238/3541/3285 2239/3542/3286 1349/2295/2142
f 2240/3543/3287 2241/3544/3288 2238/3541/3285 1348/2294/2141
f 2242/3545/3289 2243/3546/3290 2240/3543/3287
f 1348/2294/2141 1347/2293/2140 2242/3545/3289 2240/3543/3287
f 2243/3546/3290 1245/2168/2024 2240/3543/3287
f 1244/2167/2023 1248/2171/2027 2244/3547/3291
f 2240/3543/3287 1245/2168/2024 1244/2167/2023 2244/3547/3291
f 127/202/182 173/252/229 174/251/228 181/260/237 122/197/177
f 3575/3548/3292 3578/3549/3293 3579/3550/3294 3576/3551/3295
f 1248/2171/2027 1247/2170/2026 2246/3552/3296 2245/3553/3297
f 1686/2725/2524 1681/2717/2518 1356/2302/2147 1303/2063/1927 1734/2800/2610 1737/2804/2614
f 2247/3554/3298 2249/3555/3299 2250/3556/3300 2248/753/708
f 2249/3557/3299 2251/3558/3301 2252/3559/3302 2250/3560/3300
f 3452/3561/3303 1880/2519/2338 1879/1319/1243 3407/1318/1242
f 2253/754/709 2248/753/708 2250/3556/3300 2254/3562/3304
f 2254/3563/3304 2255/3564/3305 1402/2347/2188 1401/2346/2187
f 2250/3560/3300 2252/3559/3302 2255/3564/3305 2254/3563/3304
f 2256/3565/3306 2246/3566/3296 1247/2179/2026 1253/2178/2032
f 2409/3567/3307 1241/3568/3308 1242/3569/3309 1240/1794/1688 2410/1793/1687 2408/3570/3310 2407/3571/3311
f 3618/3572/3312 2773/2356/2195 2775/2355/2194 3617/3573/3313
f 2232/3574/2803 2235/3575/3314 2233/3576/3315 2234/3577/3316 2230/3578/3281 2229/3579/2804
f 2258/3580/3317 2260/1524/1439 2261/3581/3318 2259/3582/3319
f 2261/3581/3318 2262/3583/3320 2263/3584/3321 2259/3582/3319
f 2262/3583/3320 2231/3535/3282 2230/3534/3281 2263/3584/3321
f 3439/1119/1066 3440/2842/2652 3429/3585/3322 3437/1120/1067
f 2267/3586/3323 2266/3587/3324 2261/3581/3318 2260/1524/1439
f 2264/3588/3325 2267/3586/3323 1371/2310/2154
f 2268/3589/3326 2269/3590/3327 2231/3535/3282 2262/3583/3320
f 2266/3587/3324 2268/3589/3326 2262/3583/3320 2261/3581/3318
f 2265/3591/3328 2270/3016/2823 2268/3589/3326 2266/3587/3324
f 2270/3016/2823 2271/3015/2822 2269/3590/3327 2268/3589/3326
f 2269/3590/3327 2224/1391/1311 2226/1390/1310 2231/3535/3282
f 2271/3015/2822 2221/3521/3271 2224/1391/1311 2269/3590/3327
f 4248/3592/3329 4249/3593/3330 4232/3594/3331 4235/2322/2166 4247/2329/2173
f 2264/3588/3325 1371/2310/2154 1370/2309/2153 2272/3595/3332 2273/3596/3333 2274/3017/2824 2270/3016/2823 2265/3591/3328 2266/3587/3324 2267/3586/3323
f 2275/3014/2821 2215/3514/3265 2221/3521/3271 2271/3015/2822
f 2215/3514/3265 2275/3014/2821 2276/3013/2820 2216/3515/3266
f 2272/3595/3332 1370/2309/2153 2277/3597/3334 2278/3598/3335
f 2273/3596/3333 2272/3595/3332 2278/3598/3335 2279/3599/3336
f 1312/1523/1438 1371/2310/2154 2267/3586/3323 2260/1524/1439
f 4018/3600/3337 4026/3601/3338 4027/3602/3339 4019/3603/3340
f 1873/3316/3092 3225/3604/3341 3226/3605/3342 1874/3317/3093
f 3776/3606/3343 3793/3607/3344 3773/3165/2957 3774/3164/2956 3775/3608/3345
f 1349/2295/2142 2239/3542/3286 2282/3609/3346 2237/3610/3347
f 2239/3542/3286 1126/3611/1906 2283/3612/3348 2282/3609/3346
f 2238/3541/3285 1127/3613/1907 1126/3611/1906 2239/3542/3286
f 2241/3544/3288 1131/3614/1912 1127/3613/1907 2238/3541/3285
f 2241/3544/3288 2240/3543/3287 2244/3547/3291 2284/3615/3349
f 1831/2967/2776 1484/2463/2286 1483/2462/2285 1864/3616/2825
f 2259/3617/3319 1199/3618/3350 2291/3619/3351 2309/3620/3352 1198/2124/1984 1196/2115/1975 1195/3090/1974 2257/3089/2888 2258/3621/3317
f 3721/1246/1180 2896/3622/3278 2618/3623/3277 2619/1247/1181
f 2263/3624/3321 2281/3625/3353 2280/3626/3354 2290/3627/3355 2291/3628/3351 1199/3629/3350 2259/3617/3319
f 1797/2912/2721 1784/2893/2702 1783/2892/2701 1388/2891/2700 1389/2890/2699 1381/2318/2162 1378/2919/2728 1379/2918/2727 1380/2917/2726 1796/2916/2725 1795/2911/2720
f 2290/3630/3355 2283/3631/3348 2292/3632/3356 2293/3633/3357
f 2292/3632/3356 2283/3631/3348 2294/3634/3358
f 2283/3631/3348 1126/2036/1906 2295/3635/3359 2294/3634/3358
f 2295/3635/3359 1126/2036/1906 2296/3636/3360
f 2296/3636/3360 1126/2036/1906 2297/3637/3361
f 2297/3637/3361 1126/2036/1906 1125/2035/1905
f 2298/3638/3362 2296/3636/3360 2297/3637/3361 2299/3639/3363
f 1475/3640/3364 2298/3638/3362 2299/3639/3363 1472/2959/2768
f 1125/2035/1905 1505/2486/2309 2299/3639/3363 2297/3637/3361
f 1505/2486/2309 1473/2485/2308 1472/2959/2768 2299/3639/3363
f 2300/3641/3365 2301/3642/3366 2294/3634/3358 2295/3635/3359
f 2298/3638/3362 2300/3641/3365 2295/3635/3359 2296/3636/3360
f 1475/3640/3364 2302/3643/3367 2300/3641/3365 2298/3638/3362
f 2302/3643/3367 2303/3644/3368 2301/3642/3366 2300/3641/3365
f 2304/3645/3369 2293/3633/3357 2292/3632/3356 2305/3646/3370
f 2301/3642/3366 2305/3646/3370 2292/3632/3356 2294/3634/3358
f 2303/3644/3368 2306/3647/3371 2305/3646/3370 2301/3642/3366
f 1475/3640/3364 1143/3648/3372 1140/2270/2117 2302/3643/3367
f 2303/3644/3368 2302/3643/3367 1140/2270/2117 1142/2269/2116
f 2308/3649/3373 2309/3620/3352 2293/3633/3357 2304/3645/3369
f 4064/3650/3374 4055/3651/3375 4058/3652/3376 4067/3653/3377 4068/3654/3378 4065/3655/3379
f 2312/3656/3380 1198/2124/1984 2309/3620/3352 2308/3649/3373
f 1163/2079/1942 2310/3657/3381 2307/3658/3382 1148/808/763
f 1163/2079/1942 1166/2078/1941 2311/3659/3383 2310/3657/3381
f 2313/3660/3384 2314/3661/3385 1201/2123/1983 1200/2122/1982
f 2313/3660/3384 1200/2122/1982 1198/2124/1984 2312/3656/3380
f 2315/3662/3386 2316/3663/3387 2314/3661/3385 2313/3660/3384
f 1166/2078/1941 2317/3664/3388 2315/3662/3386 2311/3659/3383
f 2317/3664/3388 1187/3665/3389 2316/3663/3387 2315/3662/3386
f 335/3666/1880 186/3667/1882 185/553/522 334/552/521 337/557/526 336/3668/3390
f 2863/2192/2045 2568/3669/3391 3648/3670/3392 3649/2193/2046
f 2321/3671/3393 2322/3672/3394 2319/3673/3395 2320/2194/2047
f 2323/3674/3396 2324/3675/3397 2322/3672/3394 2321/3671/3393
f 1460/2437/2262 1459/2436/2261 2324/3675/3397 2323/3674/3396
f 2322/3672/3394 2325/3676/3398 2318/3677/3399 2319/3673/3395
f 2324/3675/3397 2326/3678/3400 2325/3676/3398 2322/3672/3394
f 1459/2436/2261 1366/2439/2264 2326/3678/3400 2324/3675/3397
f 2325/3676/3398 2314/3661/3385 2316/3663/3387 2318/3677/3399
f 2326/3678/3400 1201/2123/1983 2314/3661/3385 2325/3676/3398
f 1366/2439/2264 1197/2116/1976 1201/2123/1983 2326/3678/3400
f 2293/3633/3357 2309/3620/3352 2291/3619/3351 2290/3630/3355
f 2288/279/256 2328/3679/3401 2329/3680/3402 2287/280/257
f 2289/2351/2190 2327/3681/2889 2328/3679/3401 2288/279/256
f 698/1322/1246 692/1321/1245 696/3682/1468 697/3683/3403 482/1059/1006 483/498/470 537/505/477 470/952/902 474/956/906 484/3684/3404 514/3685/3405 504/3686/3406 523/3687/3407 760/3688/3408 495/976/924 493/974/922 759/1035/982 524/1034/981 699/1033/980
f 2287/280/257 2329/3680/3402 2330/3689/3409 2286/755/710
f 4772/3690/3410 4773/3691/3411 4770/3692/3412 4769/3693/3413
f 4531/3694/3414 4516/3695/3415 4501/3696/3416 4517/978/926 4532/977/925
f 2327/3697/2889 1369/3698/3417 2331/3699/3418 2328/3700/3401
f 5523/593/560 5522/306/283 5521/304/281 335/2009/1880 336/3701/3390 346/3702/552 347/3703/551 5524/893/847
f 2332/3704/3419 2333/3705/3420 2334/3706/3421 2331/3699/3418 1369/3698/3417 1368/3707/3422
f 2335/3708/3423 2336/3709/3424 2334/3706/3421 2333/3705/3420
f 2337/3710/3425 2338/3711/3426 2336/3709/3424 2335/3708/3423
f 2337/3710/3425 2339/3712/3427 2340/3713/3428 2338/3711/3426
f 2339/3712/3427 2341/3714/3429 2342/3715/3430 2340/3713/3428
f 2341/3714/3429 1040/1958/1834 2343/3716/3431 2342/3715/3430
f 2343/3716/3431 1131/2042/1912 2344/3717/3432 2342/3715/3430
f 2344/3717/3432 2340/3713/3428 2342/3715/3430
f 2345/3718/3433 2336/3709/3424 2338/3711/3426 2346/3719/3434
f 2346/3719/3434 2338/3711/3426 2340/3713/3428 2344/3717/3432
f 4673/3720/3435 4672/3721/3436 4691/1756/1654 4669/1755/1653 4668/3722/3437 4690/3723/3438
f 1916/2522/2341 1710/2521/2340 1709/2767/2563 1708/2766/2562 1913/2759/2555
f 2347/3724/3439 2334/3706/3421 2336/3709/3424 2345/3718/3433
f 2241/3544/3288 2284/3615/3349 2344/3725/3432 1131/3614/1912
f 1131/2042/1912 2343/3716/3431 1130/2043/1913
f 2242/3545/3289 2348/3726/3440 2349/3727/3441 2243/3546/3290
f 1347/2293/2140 1353/2299/628 2348/3726/3440 2242/3545/3289
f 2243/3546/3290 2349/3727/3441 1246/2169/2025 1245/2168/2024
f 2349/3728/3441 2350/3729/3442 1249/2172/2028 1246/2175/2025
f 2348/3730/3440 2351/3731/3443 2350/3729/3442 2349/3728/3441
f 1353/669/628 2352/668/627 2351/3731/3443 2348/3730/3440
f 2354/3732/3444 2355/3733/3445 2356/3734/3446 2357/3735/3447
f 2714/3736/2137 3087/2289/2136 3086/3095/2891 2717/3737/1449 2715/3738/2138
f 2352/668/627 2358/667/626 2354/3732/3444 2351/3731/3443
f 2358/667/626 1411/2365/2204 2355/3733/3445 2354/3732/3444
f 2358/667/626 2359/666/625 1412/2366/2205 1411/2365/2204
f 1490/2195/2048 2320/2194/2047 2319/3673/3395 1494/3739/3448 1491/2469/2292
f 2360/3740/3449 1250/2173/2029 1249/2172/2028 2350/3729/3442 2351/3731/3443 2354/3732/3444 2357/3735/3447
f 3953/3741/3450 3993/3742/3451 3994/3743/3452 3956/3744/3453 3992/3745/3454 3947/3746/3455
f 2355/3733/3445 1271/2201/2054 1270/2200/2053 2356/3734/3446
f 1272/2364/2203 1271/2201/2054 2355/3733/3445 1411/2365/2204
f 2362/3747/3456 1324/2266/2113 1446/285/262 2363/284/261
f 2353/665/624 1352/670/629 2362/3747/3456 2363/284/261
f 1546/2563/2380 1431/2390/2227 1430/2389/2226 1542/2561/2371 1544/2560/2378 1547/2564/2381
f 1324/3748/2113 2362/3749/3456 1352/2298/629
f 1352/2298/629 1350/2296/2143 1321/3750/2110 1324/3748/2113
f 2276/3751/2820 1764/823/778 1279/822/777 2216/3752/3266
f 2217/3753/3267 2216/3752/3266 1279/822/777 1278/2207/2060
f 2213/3512/3263 2217/3753/3267 1278/2207/2060 1277/2206/2059
f 2332/3704/3419 3657/3754/3457 3658/3755/3458 2333/3705/3420
f 75/142/123 74/107/90 95/137/120 94/135/118 93/134/117
f 2366/3756/3459 2369/1051/998 2370/1050/997 2367/3757/3460
f 1053/1355/1279 1051/1967/1842 2366/3756/3459 2365/1356/1280
f 1051/1967/1842 1050/1076/1023 2369/1051/998 2366/3756/3459
f 2371/3758/3461 1661/3759/2496 1664/1358/1282 2364/1357/1281
f 748/1429/1349 762/852/806 743/3760/1440 742/1424/1344
f 2372/1049/996 2373/3761/3462 2374/3762/3463 2370/1050/997
f 2555/2869/2678 2558/2868/2677 2594/3763/3464 2595/3764/3465 2829/3765/3466 2556/3766/3467
f 2375/1048/995 2376/3767/3468 2373/3761/3462 2372/1049/996
f 2378/3768/3469 2379/3769/3470 2375/1048/995 2377/1047/994
f 2379/3769/3470 2380/3770/3471 2376/3767/3468 2375/1048/995
f 1065/3771/1050 2378/3768/3469 2377/1047/994 2381/1075/1022
f 2382/3772/3472 2383/3773/3473 2379/3769/3470 2378/3768/3469
f 2383/3773/3473 2384/1057/1004 2380/3770/3471 2379/3769/3470
f 2378/3768/3469 1065/3771/1050 1067/3774/1049 2382/3772/3472
f 1300/2018/1889 1467/2017/1888 2383/3773/3473 2382/3772/3472
f 1468/1058/1005 2384/1057/1004 2383/3773/3473 1467/2017/1888
f 2382/3772/3472 1067/3774/1049 1068/2019/1855 1300/2018/1889
f 3715/2245/2094 2838/2244/2093 3697/3775/3474 3698/3776/3475 3699/3777/3476 2983/3778/3477 2979/3779/3478
f 2384/1057/1004 2385/1056/1003 2387/3780/3479 2380/3770/3471
f 2385/1056/1003 2386/1055/1002 2388/2549/2367 2387/3780/3479
f 2987/3781/3480 2983/3778/3477 3699/3777/3476 3701/3782/3481 3702/3783/3482
f 2390/3784/3483 2376/3767/3468 2380/3770/3471 2387/3780/3479
f 2391/3785/3484 2390/3784/3483 2387/3780/3479 2388/2549/2367
f 2809/2480/2303 3542/3786/3485 3539/3787/3486 3541/3788/3487 3540/3789/3488 3533/2481/2304
f 2393/3790/3489 2373/3761/3462 2376/3767/3468 2390/3784/3483
f 2394/3791/3490 1629/2642/2454 1633/2652/2464 2395/3792/3491
f 2388/2549/2367 2389/2548/2366 2394/3791/3490 2391/3785/3484
f 2389/2548/2366 1625/2547/2365 1629/2642/2454 2394/3791/3490
f 2396/2785/2598 2374/3762/3463 2373/3761/3462 2393/3790/3489
f 2397/2781/2594 2396/2785/2598 2393/3790/3489 2392/3793/3492
f 2374/3762/3463 2396/2785/2598 2370/1050/997
f 3705/796/751 3710/3794/3493 3711/3795/3494 2999/3796/3495 2994/3797/3496 3708/797/752
f 2367/3757/3460 2370/1050/997 2396/2785/2598 2399/2784/2597
f 3713/3798/3497 3714/3799/3498 3711/3795/3494 3710/3794/3493 3709/3800/3499
f 3017/2682/2492 3714/3799/3498 3713/3798/3497 3712/2683/2493
f 2368/3801/3500 2367/3757/3460 2399/2784/2597 2400/3047/2851
f 2401/2783/2596 1641/2660/2472 1645/2664/2476 1654/2675/2485
f 2398/2782/2595 1637/2656/2468 1641/2660/2472 2401/2783/2596
f 2403/3046/2850 1658/3802/2497 1661/3759/2496 2371/3758/3461
f 2400/3047/2851 2403/3046/2850 2371/3758/3461 2368/3801/3500
f 2402/1052/999 2404/2016/1887 1613/2629/2441 1617/1053/1000
f 1662/2698/2505 1609/2625/2437 1613/2629/2441 2404/2016/1887
f 1581/3803/2408 1580/3804/2407 1385/2321/2165 1384/2320/2164
f 1384/2320/2164 2405/3424/3189 1587/3805/2414 1581/3803/2408
f 2405/3424/3189 1373/2385/2224 1429/2384/2223 1587/3805/2414
f 1539/732/687 2406/3806/3501 1537/2535/2354 1536/733/688
f 1135/2048/1918 1134/2047/1917 2406/3806/3501 1539/732/687
f 3617/3573/3313 3616/3807/3502 3581/2354/2193 3577/3808/3503 3656/3809/3504 3655/3810/3505
f 1134/2047/1917 1133/2046/1916 2407/3571/3311 2406/3806/3501
f 1133/2046/1916 1441/2418/2248 2409/3567/3307 2407/3571/3311
f 1441/2418/2248 1442/2419/2249 1241/3568/3308 2409/3567/3307
f 2408/3570/3310 2410/1793/1687 2411/1796/1690 1535/3811/2353
f 1395/3812/2179 1394/3813/2178 1176/2099/1960 1179/735/690
f 2412/1647/1553 1533/1646/1552 1535/2534/2353 2411/3814/1690
f 1240/3815/1688 1242/3816/3309 2415/3817/3506 2414/3818/3507
f 1455/2432/2258 1454/2431/2257 2415/3817/3506 1242/3816/3309
f 1242/3569/3309 1241/3568/3308 1442/2419/2249 1455/3819/2258
f 1442/2419/2249 1081/1991/1863 1308/2253/2100 1455/3819/2258
f 1471/438/415 1076/1986/1858 2414/3818/3507 2415/3817/3506
f 2415/3817/3506 1454/2431/2257 1456/439/416 1471/438/415
f 3210/571/540 2879/3155/2947 2878/1750/1648 2881/1754/1652 2882/3820/3508 3209/3821/3509 3207/572/541
f 1076/1986/1858 1075/1649/1555 2413/1648/1554 2414/3818/3507
f 2416/1030/977 1073/1985/1857 1078/1989/1861 1525/1031/978
f 1211/2129/1987 1173/742/697 1172/741/696 1171/2084/1945 1458/2434/2260 1212/2130/1988
f 1520/2529/2348 1847/2528/2347 2417/3822/3510 1517/2530/2349
f 1426/2992/2801 1425/3823/3511 2417/3822/3510 1847/2528/2347
f 1088/2083/1869 1150/3824/1954 1513/2411/2242 1169/2080/1943
f 1500/3825/3512 1499/2492/2315 1502/2491/2314 1501/3826/3513
f 1491/2469/2292 1193/2113/1973 1194/2112/1972 1492/2470/2293
f 1494/3739/3448 1186/3827/3514 1193/2113/1973 1491/2469/2292
f 1718/2775/2577 1738/3828/2615 1481/3829/2616 1480/2776/2578
f 1256/2182/2035 1255/2181/2034 1738/3828/2615 1718/2775/2577
f 2892/364/341 2468/363/340 2467/3830/3515 2891/3831/3516
f 3727/716/675 3731/715/674 3730/3832/3517 3728/3833/3518
f 5118/2855/3519 5120/2854/3520 5121/2851/3521 5119/2850/3522 5117/2857/3523 5116/2856/3524
f 2421/1084/1031 1139/2052/1922 1138/2051/1921 2422/1085/1032
f 2421/1084/1031 1105/3834/3525 1103/2055/1410 1139/2052/1922
f 1334/2370/2209 2040/3835/3526 2041/3131/2923 1944/3130/2922 1333/2371/2210
f 1840/2986/2795 1114/2024/1894 1111/2023/1893 1109/2713/2514 1420/2377/2216 1422/2376/2215
f 3225/3604/3341 1873/3316/3092 1872/3402/2999 3224/3836/3273
f 1130/2043/1913 2343/3716/3431 1040/1958/1834 1039/1957/1833
f 1089/2082/1870 1170/2081/1944 2424/2476/2299 1084/3837/1866
f 2424/2476/2299 1452/2429/2255 1307/2428/2099 1084/3837/1866
f 1146/809/764 1148/808/763 2307/3658/3382 2306/3647/3371 2303/3644/3368 1142/2269/2116 1141/2268/2115 1144/2062/1926
f 1446/285/262 1324/2266/2113 1323/2265/2112 1447/1802/1695
f 1447/1802/1695 1323/2265/2112 1322/2264/2111 1365/1803/1696
f 2425/1804/1697 1174/737/692 1415/288/265 1445/1805/1698
f 2425/1804/1697 1365/1803/1696 1364/738/693 1174/737/692
f 142/217/197 290/479/454 293/478/453 434/3838/3527 143/218/198
f 2427/2504/2325 2426/698/657 1099/697/656 1101/2573/2390
f 2427/2504/2325 2428/3839/3528 1314/2257/2104 1316/2259/2106
f 1101/2573/2390 1228/3840/3529 2428/3839/3528 2427/2504/2325
f 2428/3839/3528 2429/3841/3530 1310/2254/2101 1314/2257/2104
f 2430/3842/3531 1311/2255/2102 1310/2254/2101 2429/3841/3530
f 2277/3597/3334 1370/2309/2153 1311/2255/2102 2430/3842/3531
f 2430/3843/3531 1229/3844/3532 1374/3845/3533 2277/3846/3334
f 2749/3847/3534 2799/3848/3535 3738/3849/3536 2487/3850/3537 2729/3851/3538
f 1400/2345/2186 1032/1944/1820 1377/1520/1435 1397/2342/2183
f 824/1698/1601 808/1603/1511 807/1602/1510 810/1605/1513 811/3852/3539
f 1321/3750/2110 1350/2296/2143 1351/2297/2144 1318/3540/2107
f 1407/2359/2198 1361/2306/2150 1322/2264/2111 1319/2261/2108
f 1383/2319/2163 1782/3425/3190 2405/3424/3189 1384/2320/2164
f 1195/2114/1974 1197/2116/1976 2327/3697/2889
f 1197/2116/1976 1369/3698/3417 2327/3697/2889
f 1364/738/693 1363/2308/2152 1296/2231/1956 1295/739/694
f 4702/3853/3540 4717/3854/3541 4720/3855/3542 4686/3856/3543
f 2317/3664/3388 1166/2078/1941 1165/2077/1940 1938/3128/2920
f 1187/3665/3389 2317/3664/3388 1938/3128/2920 1185/2111/1971
f 1092/2000/1872 1150/2093/1954 1168/2092/1953 1093/2001/1873
f 1169/2080/1943 1070/441/418 1069/440/417 1170/2081/1944
f 1138/2051/1921 1137/2054/1920 1108/3857/1406 1107/1496/1411
f 1055/1971/1844 1065/1103/1050 2381/3858/1022 1056/1972/1024
f 2419/1087/1034 2418/1086/1033 2423/3859/3544 2420/3860/3545
f 2128/3417/3182 2278/3861/3335 2277/3846/3334 1374/3845/3533
f 2279/3862/3336 2278/3861/3335 2128/3417/3182 1764/823/778
f 1046/1964/1840 2152/3446/3210 2147/2961/2770 2148/2960/2769
f 1046/1964/1840 2148/2960/2769 1474/2487/2310 1043/1961/1837
f 405/911/863 432/804/759 409/749/704 404/912/864
f 1301/2067/1930 1299/2066/1890 1068/1983/1855 1057/1973/1845
f 2207/3505/3258 1328/1327/1251 1327/1326/1250 2211/3863/3261
f 2223/1325/1249 2218/3517/3268 2213/3518/3263 2212/3864/3262
f 1327/1326/1250 2223/1325/1249 2212/3864/3262 2211/3863/3261
f 2279/3599/3336 2431/3012/2819 2274/3017/2824 2273/3596/3333
f 2279/3862/3336 1764/823/778 2276/3751/2820 2431/3865/2819
f 1085/2056/1867 1103/2055/1410 1102/3866/1879 1086/3867/1408
f 2578/3868/3546 2579/2944/2753 2576/1473/1392 2577/2511/1391 3583/2510/2331 2774/3869/3547
f 3387/3295/3072 3342/3870/3548 3350/2844/2654 3388/2843/2653
f 2434/3871/3549 2435/3872/3550 1037/1949/1825 1036/1948/1824
f 1041/1959/1835 1040/1958/1834 2436/3873/3551 2437/3874/3552
f 1045/1963/1839 1044/1962/1838 2438/3875/3553 2439/3876/3554
f 2440/3877/3555 2441/780/735 2442/779/734 2443/3878/3556
f 2444/3879/3557 2445/3880/739 2446/3881/3558 2447/898/852
f 2442/3882/734 2445/3880/739 2444/3879/3557 2443/3883/3556
f 2448/3884/3559 2440/3877/3555 2443/3878/3556 2449/3885/3560
f 2450/3886/3561 2451/3887/3562 2452/2226/2079 2453/3888/3563
f 2453/3888/3563 2452/2226/2079 2454/2829/2639 2455/2828/2638
f 2456/3889/3564 2457/3890/3565 2458/3891/3566 2459/2827/2637
f 2455/2828/2638 2459/2827/2637 2458/3891/3566 2453/3888/3563
f 2450/3886/3561 2453/3888/3563 2460/3892/3567 2461/3893/2090
f 2465/1671/1577 2466/1670/1576 2467/3830/3515 2468/363/340
f 2469/3894/3568 2465/1671/1577 2468/363/340 2470/362/339
f 2469/3894/3568 2471/1751/1649 2462/2648/2460 2841/2647/2459 2842/1668/1574 2465/1671/1577
f 3441/382/359 3430/381/358 3429/3585/3322 3440/2842/2652
f 2470/362/339 2472/1752/1650 2471/1751/1649 2469/3894/3568
f 1730/2793/2604 1182/2792/2603 1183/2795/2605 1184/2801/2611 1733/2799/2609
f 2486/3895/3569 2484/1193/1134 2482/1192/1133 2487/3850/3537
f 2488/3896/3570 2473/3897/3571 2489/3898/3572 2490/524/496
f 2423/3859/3544 1106/3899/3573 1107/1496/1411 1103/1495/1410 1105/3900/3525 2420/3901/3545
f 2489/3898/3572 2494/3902/2087 2491/525/497 2490/524/496
f 1821/2714/2515 1109/2713/2514 1111/2023/1893 1110/2022/1892 1822/2954/2763
f 2496/3903/3574 2498/2975/2784 2500/795/750 2497/794/749
f 2501/3904/3575 2502/3905/3576 2503/3906/3577 2504/3907/3578
f 2505/3908/3579 2501/3904/3575 2504/3907/3578 2506/3909/3580
f 2507/3910/3581 2508/3911/3582 2505/3908/3579 2506/3909/3580
f 2509/2479/2302 2510/2478/2301 2508/3911/3582 2507/3910/3581
f 2511/3912/3583 2512/3913/3584 2513/3914/3585
f 4343/3915/3586 4342/3916/3587 4341/3917/3588 4347/3918/3589 4346/3919/3590 4345/3920/3591
f 3517/189/169 3519/2477/2300 3518/2482/2305 3514/3921/3592 3513/190/170
f 2521/3922/3593 2522/714/673 2523/3923/3594 2518/3924/2504
f 2474/3925/2503 2490/3926/496 2521/3922/3593 2518/3924/2504
f 2984/3927/3595 2922/3111/2907 2920/1444/1364 2917/1443/1363 2980/2570/2387
f 3065/1529/1443 3265/1528/1442 3253/3928/3596 3267/3929/3597 3068/3930/3598 3067/3931/3599
f 1405/281/258 2253/754/709 2254/3562/3304 1401/3932/2187 1398/2348/2184 1404/282/259
f 2528/589/556 3039/2188/2041 3038/3933/3600 2732/3934/3601 3034/3935/3602 3036/538/510 3464/537/509 2530/2013/1884 2529/590/557
f 808/1603/1511 838/1672/1578 840/1020/967 804/1024/971 806/1601/1509
f 437/841/795 439/837/791 425/2004/1876 427/2543/2361 428/3522/3272
f 2537/3936/3603 2481/1197/1138 2480/1196/1137 2536/2073/1936
f 2538/3937/3604 2537/3936/3603 2536/2073/1936 2539/2495/2318
f 3270/3938/2536 3054/2744/2540 3053/3939/3605 3271/3940/3606
f 3050/3941/3607 3049/2409/2240 2635/2408/2239 2634/3942/3608 2633/3943/3609
f 2549/3944/3610 2550/3945/3611 2546/1349/1273 2548/1348/1272
f 2477/3946/3130 2553/3358/3129 2554/3947/3612 2478/3948/2085
f 2555/2869/2678 2556/3766/3467 2542/3949/669 2541/709/668
f 2568/3669/3391 2574/3950/3613 2569/3951/3614 2566/3952/3615 2567/3953/3616 3646/3954/3617 3648/3670/3392
f 2479/2234/2084 2494/2238/2087 2489/3955/3572 2473/3956/3571
f 2494/2238/2087 2552/2237/2086 2483/1195/1136 2485/1194/1135
f 2559/3957/3618 2560/3958/3619 2561/3959/3620 2562/3960/3621
f 3550/3961/3622 2705/3962/3623 2702/3963/3624 2703/3964/3625 2704/3965/3626 3551/3966/3627
f 2569/3951/3614 2570/3967/3628 2571/3116/2912 2572/3120/2916
f 2566/3952/3615 2569/3951/3614 2572/3120/2916 2573/3968/3629
f 2574/3950/3613 2575/3969/3630 2570/3967/3628 2569/3951/3614
f 1656/2677/2487 1658/3802/2497 2403/3046/2850 1655/2676/2486
f 737/3970/3631 751/1451/1370 752/1446/1365 615/1445/1112 614/3971/1111 616/3972/1113
f 2582/3973/3632 2580/1469/1388 2576/1473/1392
f 2576/1473/1392 2579/2944/2753 2583/2943/2752 2582/3973/3632
f 931/1780/1676 929/1499/1414 960/1498/1413 961/1837/1722 962/1826/1714
f 2587/3974/3633 2586/3975/3634 2589/3976/1719 2562/3977/3621
f 2590/3978/3635 2591/3260/3044 2592/3979/3636 2593/3980/3637
f 2594/3763/3464 2590/3978/3635 2593/3980/3637 2595/3764/3465
f 2596/3981/3043 2597/3982/3638 2592/3983/3636 2591/3984/3044
f 2558/2868/2677 2598/1912/1791 2599/1911/1790 2594/3763/3464
f 2599/1911/1790 2600/509/481 2590/3978/3635 2594/3763/3464
f 2600/509/481 2601/508/480 2591/3260/3044 2590/3978/3635
f 2608/3985/3639 2485/1194/1135 2484/1193/1134 2605/3986/3640
f 2484/1193/1134 2486/3895/3569 2606/3987/3641 2605/3986/3640
f 2592/3983/3636 2609/3988/3642 2610/3989/3643 2611/3990/3644
f 2609/3988/3642 2612/3991/3645 2613/3992/3646 2610/3989/3643
f 2614/2382/2221 2615/2381/2220 2616/3993/3647 2617/3994/3648
f 750/3995/1346 749/3996/1345 740/1218/1155 738/1217/1154 737/3970/3631 616/3972/1113
f 2190/3429/3194 2136/3428/3193 2137/1353/1277 2188/1352/1276
f 2622/3997/3649 2623/3998/3650 2624/3999/3651 2625/4000/3652
f 2623/3998/3650 2626/4001/3653 2627/4002/3654 2624/3999/3651
f 1251/2174/2030 1250/2173/2029 2628/4003/3655 2625/4004/3652
f 2625/4004/3652 2624/4005/3651 1252/2177/2031 1251/2174/2030
f 2624/4005/3651 2627/4006/3654 1253/2178/2032 1252/2177/2031
f 2629/4007/3656 2630/4008/3657 2631/4009/3658 2632/4010/3659
f 2633/3943/3609 2634/3942/3608 2632/4010/3659 2631/4009/3658
f 2636/2380/2219 2637/656/615 2638/655/614
f 3562/2422/2250 3564/2426/2254 2778/4011/3660 3560/4012/3661
f 2643/4013/3662 2639/3250/3036 2642/3249/3035 2644/4014/3663
f 2645/4015/3664 2646/566/535 2639/3250/3036 2643/4013/3662
f 2646/566/535 2647/565/534 2640/3251/3037 2639/3250/3036
f 2643/4013/3662 2648/4016/3665 2649/4017/3666 2645/4015/3664
f 2644/4014/3663 2650/4018/3667 2648/4016/3665 2643/4013/3662
f 2641/1910/1789 2651/1914/1793 2652/4019/3668 2642/3249/3035
f 2644/4014/3663 2642/3249/3035 2652/4019/3668 2650/4018/3667
f 2659/2447/2270 2656/3032/2836 2658/3031/2835 2506/3909/3580
f 2660/2446/2269 2653/3033/2837 2656/3032/2836 2659/2447/2270
f 2661/4020/3669 2658/3031/2835 2657/3030/2834 2662/4021/3670
f 2662/4021/3670 2509/2479/2302 2507/3910/3581 2661/4020/3669
f 2661/4020/3669 2507/3910/3581 2506/3909/3580 2658/3031/2835
f 1828/235/215 1834/234/214 1833/2977/2786 1829/2965/2774
f 2669/4022/3671 2670/4023/3672 2671/4024/3673 2672/4025/3674
f 2673/4026/3675 2674/4027/3676 2675/708/667 2676/707/666
f 2676/4028/666 2540/4029/665 2544/705/664 2673/4030/3675
f 2114/3380/3149 2115/2517/2336 1881/2520/2339 1882/3148/2940
f 1750/474/449 1751/2839/2649 1749/2883/2692 1746/2834/2644 1747/2835/2645 1748/2836/2646
f 1535/3811/2353 1534/2536/2352 1537/2535/2354 2406/3806/3501 2407/3571/3311 2408/3570/3310
f 2840/2240/2089 3717/2239/2088 3023/3437/3201 2839/3440/3204
f 2685/3361/3132 2476/3360/3131 2475/4031/3677 2686/4032/3678
f 1803/4033/3679 1802/4034/3680 1807/4035/3681 1970/1427/1347 1969/1428/1348 2025/4036/3682 1967/3273/3053
f 2688/4037/3683 2689/4038/3684 2690/4039/3685 2691/4040/3686
f 2688/4037/3683 2691/4040/3686 2692/4041/3687 2693/4042/3688
f 2094/2983/2792 2097/3353/3125 2109/3373/3144 2108/3376/3146 2107/1072/1019
f 2695/4043/3689 2696/4044/3690 2697/4045/3691 2698/4046/3692
f 2699/4047/3693 2700/4048/3694 2698/4046/3692 2697/4045/3691
f 2697/4045/3691 2696/4044/3690 2701/4049/3695 2699/4047/3693
f 2395/3792/3491 1633/2652/2464 1637/2656/2468 2398/2782/2595 2397/2781/2594 2392/3793/3492
f 514/3685/3405 484/3684/3404 474/956/906 473/955/905 475/957/907 450/934/885
f 3257/4050/3696 3258/4051/3697 3259/4052/3698 3256/4053/3699 3254/4054/3700
f 2715/2291/2138 2717/1535/1449 2718/657/616 2716/2292/2139
f 2722/4055/3701 2723/4056/3702 2724/4057/3703
f 2725/4058/3704 2724/4057/3703 2723/4056/3702 2726/4059/3705
f 2723/4056/3702 2722/4055/3701 2727/4060/3706 2728/4061/3707
f 2487/3850/3537 2482/1192/1133 2729/3851/3538
f 2481/1197/1138 2730/4062/3708 2729/3851/3538 2482/1192/1133
f 2731/4063/3709 2732/3934/3601 2733/4064/3710 2734/4065/3711
f 2734/4065/3711 2684/2248/2095 2683/2247/520 2731/4063/3709
f 2735/4066/3712 2736/4067/3713 2737/4068/3714 2738/4069/3715
f 2739/2866/2675 2736/4067/3713 2735/4066/3712 2740/4070/3716
f 2735/4066/3712 2738/4069/3715 2700/4048/3694 2740/4070/3716
f 1367/2438/2263 2741/2945/2754 2579/2944/2753 1368/3707/3422
f 2171/3469/3231 2140/1350/1274 2139/3432/3197 2142/3466/3228
f 33/4071/55 12/20/12 14/22/14 34/85/68 35/83/66 32/82/56
f 2432/4072/3717 2748/4073/3718 1033/1945/1821 2433/4074/3719
f 1375/2316/2160 1355/2301/2146 1354/2300/2145 1376/2317/2161 1034/1946/1822
f 2753/2362/2201 2756/2361/2200 2757/4075/3720 2758/4076/3721
f 2761/4077/3722 2762/4078/3723 2763/4079/3724 2764/4080/3725
f 2765/4081/3726 2766/4082/3727 2767/4083/3728 2764/4084/3725
f 2562/3977/3621 2766/4082/3727 2765/4081/3726 2587/3974/3633
f 2764/4080/3725 2767/4085/3728 2768/4086/3729 2761/4077/3722
f 2765/4081/3726 2769/4087/3730 2588/4088/3731 2587/3974/3633
f 2759/403/380 2769/4087/3730 2765/4081/3726 2764/4084/3725
f 2770/4089/2196 1399/2344/2185 1402/2347/2188 2771/4090/2191
f 1400/2345/2186 1399/2344/2185 2770/4089/2196 2772/4091/3732
f 2578/4092/3546 2774/4093/3547 2772/4094/3732 2770/2357/2196 2773/2356/2195 3618/3572/3312 3654/4095/3733
f 2698/4046/3692 2776/1678/1584 2777/1677/1583 2695/4043/3689
f 2042/4096/3734 2041/3131/2923 2040/3835/3526 2043/3286/3066 2044/3285/3065
f 2781/3372/3143 2782/2108/1968 2783/4097/3735 2651/1914/1793
f 4302/3246/3032 4301/880/2590 4273/881/2589 4274/882/2588 4275/4098/3736
f 2782/2108/1968 2781/3372/3143 2785/1484/1400 2784/1483/1399
f 3785/4099/3737 3788/4100/3738 3797/4101/3739 3810/4102/3740 3809/4103/3741 3796/4104/3742 3784/4105/3743
f 2794/791/746 2795/1639/1545 2793/1638/1544 2792/792/747
f 1421/2378/2217 1417/1916/1795 1418/1915/1794 1425/3823/3511 1426/2992/2801 1423/2379/2218
f 2694/4106/3744 2799/3848/3535 2749/3847/3534 2750/4107/3745
f 2800/4108/3746 2744/4109/3747 2745/4110/3748 2801/4111/3749
f 2603/4112/3750 2602/4113/3751 2744/4109/3747 2800/4108/3746
f 2802/4114/3752 2803/4115/3753 2804/4116/3754 2603/4117/3750
f 2805/4118/3755 2604/4119/3756 2603/4120/3750 2804/4121/3754
f 2800/4122/3746 2806/4123/3757 2802/4124/3752 2603/4125/3750
f 2801/4126/3749 2807/4127/3758 2806/4123/3757 2800/4122/3746
f 2693/4042/3688 2692/4041/3687 2799/3848/3535 2694/4106/3744
f 2662/4021/3670 2808/4128/3759 2809/2480/2303 2509/2479/2302
f 2657/3030/2834 2655/3029/2833 2808/4128/3759 2662/4021/3670
f 1448/3489/3247 1449/2500/2321 1438/2416/2246 1437/2415/2245
f 2813/4129/3760 1440/4130/2247 2811/1380/1300 2810/1379/1299
f 2474/2696/2503 2517/2695/2502 2814/4131/3761 2475/4031/3677
f 1420/2377/2216 1424/2712/2513 1419/4132/3762 1417/1916/1795 1421/2378/2217
f 2787/1479/1395 2786/1485/1401 2817/4133/3763 2816/1480/1396
f 2812/1381/1301 1451/4134/2317 2822/4135/2320 2820/1377/1297
f 2823/4136/3764 2685/4137/3132 2686/4138/3678 2824/4139/3765
f 2824/4139/3765 2686/4138/3678 2825/4140/3766 2826/4141/3767
f 2824/4139/3765 2826/4141/3767 2827/4142/3768 2823/4136/3764
f 2828/4143/3769 2829/3765/3466 2595/3764/3465 2593/3980/3637
f 2611/4144/3644 2828/4143/3769 2593/3980/3637 2592/3979/3636
f 2830/4145/3770 2741/2945/2754 1367/2438/2263 1460/2437/2262
f 2831/4146/3771 2561/4147/3620 2560/4148/3619 2832/4149/3772
f 2831/4146/3771 2768/4086/3729 2767/4085/3728 2561/4147/3620
f 2761/4077/3722 2768/4086/3729 2923/1440/1360
f 2835/4150/3773 2836/4151/3774 2833/549/518 2834/548/517
f 2839/3440/3204 2835/4150/3773 2834/548/517 2840/2240/2089
f 1469/2451/2274 1662/2698/2505 2404/2016/1887 1470/2015/1886
f 2219/3519/3269 2220/3520/3270 2225/1392/1312 2224/1391/1311 2221/3521/3271
f 2841/2647/2459 2844/2646/2458 2842/1668/1574
f 2844/2646/2458 2845/4152/3775 2843/1669/1575 2842/1668/1574
f 2846/2645/2457 2827/4142/3768 2845/4152/3775 2844/2646/2458
f 2815/385/362 2852/384/361 2597/3982/3638 2596/3981/3043
f 2853/4153/3776 2854/1534/1448 2563/1635/1541 2855/1634/1540
f 1482/4154/2284 2858/4155/3777 2859/2971/2780 1483/3019/2285
f 1489/4156/2291 2860/4157/3778 2858/4155/3777 1482/4154/2284
f 1488/4158/2290 2861/4159/3779 2860/4157/3778 1489/4156/2291
f 4385/4160/3780 4384/4161/3781 4393/4162/3782 4409/4163/3783 4407/4164/3784
f 2608/3985/3639 2605/3986/3640 2606/3987/3641 2607/4165/3785 2747/4166/3786 2746/4167/3787 2744/4109/3747 2602/4168/3751 2603/4120/3750 2604/4119/3756 2805/4118/3755 2905/4169/3788 2906/4170/3789
f 2435/3872/3550 2867/4171/3790 2868/4172/3791 1037/1949/1825
f 2868/4172/3791 2438/3875/3553 1044/1962/1838 1037/1949/1825
f 2867/4171/3790 2869/4173/3792 2849/1511/1426 2868/4172/3791
f 2512/3913/3584 2511/3912/3583 2869/4173/3792 2867/4171/3790
f 2849/1511/1426 2850/1510/1425 2438/3875/3553 2868/4172/3791
f 1506/2488/2311 2538/3937/3604 2539/2495/2318 1507/2489/2312
f 2481/1197/1138 2537/3936/3603 2870/4174/3793 2730/4062/3708
f 2865/4175/3794 2864/4176/3795 2866/4177/3796 2870/4174/3793
f 2870/4174/3793 2537/3936/3603 2538/3937/3604 2865/4175/3794
f 1506/2488/2311 1497/4178/3797 2865/4175/3794 2538/3937/3604
f 2822/2497/2320 1451/2494/2317 1507/2489/2312 2539/2495/2318
f 3448/3149/2941 1882/3148/2940 1881/2520/2339 3449/4179/3798
f 2871/4180/2319 2872/2502/2323 2820/1377/1297 2822/4135/2320
f 2535/4181/1935 2873/2071/1934 2872/2502/2323 2871/4180/2319
f 3280/4182/3799 3279/1027/974 3435/1026/973 3434/4183/3800 3428/4184/3801 3433/3364/3135
f 2875/2070/1933 2876/1978/1850 2874/1977/1849 2873/2071/1934
f 2875/2070/1933 2554/3947/3612 2463/2643/2455 2876/1978/1850
f 5217/4185/3802 5216/4186/3803 5240/4187/3804 5242/4188/3805 5225/4189/3806
f 4616/4190/3807 4626/4191/3808 4619/4192/3809 4618/4193/3810 4617/4194/3811
f 2417/3822/3510 1425/3823/3511 1418/1915/1794 1522/1919/1798
f 1517/2530/2349 1521/2516/2335 1080/1990/1862 1079/1987/1859 1516/2531/2350
f 1516/2531/2350 1079/1987/1859 1071/437/414 1515/436/413 1518/825/780 1519/824/779
f 2499/2976/2785 2498/2975/2784 2496/3903/3574 3185/4195/3812 3187/4196/3813
f 2694/4106/3744 3607/4197/3814 3588/4198/3815 2689/4038/3684 2688/4037/3683 2693/4042/3688
f 580/1176/138 581/1175/1117 257/497/469 303/489/461 256/488/140 255/4199/139
f 2891/3831/3516 2585/4200/3816 2893/4201/3817 2892/364/341
f 2888/365/342 2892/364/341 2893/4201/3817 2889/4202/3818
f 2894/3526/3274 2896/3531/3278 2897/4203/1720 2895/4204/3819
f 2897/4203/1720 2589/3976/1719 2586/3975/3634 2895/4204/3819
f 687/1332/1256 685/1556/1469 686/1304/1232 682/843/797 681/849/803 683/1333/1257
f 2898/1833/1718 2559/3957/3618 2562/3960/3621 2589/1834/1719
f 2899/4205/3820 2559/3957/3618 2898/1833/1718 2900/1832/1717
f 2901/4206/3821 2899/4205/3820 2900/1832/1717 2902/4207/3822
f 2903/4208/3823 2560/3958/3619 2559/3957/3618 2904/4209/3824
f 2804/4121/3754 2903/4208/3823 2904/4209/3824 2805/4118/3755
f 2905/4169/3788 2520/2693/2500 2519/2692/2499 2906/4170/3789
f 2518/2697/2504 2523/4210/3594 2608/3985/3639 2906/4170/3789
f 2906/4170/3789 2519/2692/2499 2518/2697/2504
f 2523/4210/3594 2494/2238/2087 2485/1194/1135 2608/3985/3639
f 2905/4169/3788 2901/4206/3821 2902/4207/3822 2520/2693/2500
f 2907/4211/3825 2832/4149/3772 2560/4148/3619 2903/4212/3823
f 2908/4213/3826 2909/4214/3827 2910/3052/2856 2911/4215/3828
f 2912/4216/3829 2908/4213/3826 2911/4215/3828 2913/4217/3830
f 2832/4149/3772 2907/4211/3825 2908/4213/3826 2912/4216/3829
f 1606/2620/2432 1552/2622/2434 1553/2569/2386 1551/2568/2385 1615/2631/2443
f 2913/4217/3830 2911/4215/3828 2915/2732/2528 2914/2571/2388
f 2914/2571/2388 2917/1443/1363 2918/1442/1362 2913/4217/3830
f 2912/4216/3829 2919/1441/1361 2831/4146/3771 2832/4149/3772
f 2913/4217/3830 2918/1442/1362 2919/1441/1361 2912/4216/3829
f 3935/4218/3831 3910/4219/3832 3908/4220/3833 3909/4221/3834 3914/4222/3835
f 2923/1440/1360 2927/3115/2911 2762/4078/3723 2761/4077/3722
f 2928/4223/3836 2929/4224/3837 2930/4225/3838 2931/4226/3839
f 2924/3113/2909 2928/4223/3836 2931/4226/3839 2925/3114/2910
f 2926/3112/2908 2932/4227/3840 2928/4223/3836 2924/3113/2909
f 2932/4227/3840 2933/4228/3841 2929/4224/3837 2928/4223/3836
f 2930/4225/3838 2929/4224/3837 2934/4229/3842 2935/4230/3843
f 2933/4228/3841 2936/4231/3844 2934/4229/3842 2929/4224/3837
f 2937/4232/3845 2938/4233/3846 2939/4234/3847 2940/4235/3848
f 2935/4230/3843 2937/4232/3845 2940/4235/3848 2930/4225/3838
f 2938/4233/3846 2941/4236/3849 2942/4237/3850 2939/4234/3847
f 2943/4238/3851 2944/4239/3852 2945/4240/3853 2946/4241/3854
f 2947/4242/3855 2943/4238/3851 2946/4241/3854 2807/4127/3758
f 2938/4233/3846 2937/4232/3845 2943/4238/3851 2947/4242/3855
f 2937/4232/3845 2935/4230/3843 2944/4239/3852 2943/4238/3851
f 2947/4242/3855 2948/4243/3856 2941/4236/3849 2938/4233/3846
f 2807/4127/3758 2801/4126/3749 2948/4243/3856 2947/4242/3855
f 2949/4244/3857 2934/4229/3842 2936/4231/3844 2950/4245/3858
f 2951/4246/3859 2949/4244/3857 2950/4245/3858 2952/4247/3860
f 2944/4239/3852 2949/4244/3857 2951/4246/3859 2945/4240/3853
f 2935/4230/3843 2934/4229/3842 2949/4244/3857 2944/4239/3852
f 2953/4248/3861 2954/4249/3862 2955/4250/2853 2956/4251/2852
f 2957/4252/3863 2953/4248/3861 2956/4251/2852 2958/4253/2857
f 2945/4240/3853 2951/4246/3859 2953/4248/3861 2957/4252/3863
f 2951/4246/3859 2952/4247/3860 2954/4249/3862 2953/4248/3861
f 2959/4254/3864 2806/4123/3757 2807/4127/3758 2946/4241/3854
f 2957/4252/3863 2959/4254/3864 2946/4241/3854 2945/4240/3853
f 2958/4253/2857 2960/4255/3865 2959/4254/3864 2957/4252/3863
f 2960/4255/3865 2802/4124/3752 2806/4123/3757 2959/4254/3864
f 3449/4179/3798 1881/2520/2339 1880/2519/2338 3452/3561/3303
f 2960/4256/3865 2909/4214/3827 2803/4115/3753 2802/4114/3752
f 2960/4256/3865 2958/3053/2857 2910/3052/2856 2909/4214/3827
f 2955/3049/2853 2963/4257/3866 2964/4258/3867 2962/3050/2854
f 2965/4259/3868 2966/4260/3869 2964/4258/3867 2963/4257/3866
f 2964/4258/3867 2967/2731/2527 2916/2733/2529 2962/3050/2854
f 2966/4260/3869 2968/4261/3870 2967/2731/2527 2964/4258/3867
f 2915/2732/2528 2911/4215/3828 2910/3052/2856 2961/3051/2855
f 2916/2733/2529 2915/2732/2528 2961/3051/2855 2962/3050/2854
f 2969/4262/3871 2970/4263/3872 2971/4264/3873 2972/4265/3874
f 2968/4261/3870 2966/4260/3869 2970/4263/3872 2969/4262/3871
f 2969/4262/3871 2973/4266/3875 2974/4267/3876 2968/4261/3870
f 2972/4265/3874 2975/4268/3877 2973/4266/3875 2969/4262/3871
f 2968/4261/3870 2974/4267/3876 2976/2572/2389 2967/2731/2527
f 2977/4269/3878 2978/4270/3879 2974/4267/3876 2973/4266/3875
f 2975/4268/3877 2979/3779/3478 2977/4269/3878 2973/4266/3875
f 2980/2570/2387 2976/2572/2389 2974/4267/3876 2978/4270/3879
f 2981/4271/3880 2982/4272/3881 2978/4270/3879 2977/4269/3878
f 2979/3779/3478 2983/3778/3477 2981/4271/3880 2977/4269/3878
f 2982/4272/3881 2984/3927/3595 2980/2570/2387 2978/4270/3879
f 2981/4271/3880 2985/4273/3882 2986/4274/3883 2982/4272/3881
f 2983/3778/3477 2987/3781/3480 2985/4273/3882 2981/4271/3880
f 2984/3927/3595 2988/4275/3884 2926/3112/2908 2922/3111/2907
f 2982/4272/3881 2986/4274/3883 2988/4275/3884 2984/3927/3595
f 2989/4276/3885 2990/4277/3886 2991/4278/3887 2992/4279/3888
f 4626/4191/3808 4616/4190/3807 4614/4280/3889 4613/4281/3890 4615/4282/2954 4650/4283/2953 4651/4284/3891 4627/4285/3892
f 2987/3781/3480 2993/4286/3893 2989/4276/3885 2985/4273/3882
f 2993/4286/3893 2994/3797/3496 2990/4277/3886 2989/4276/3885
f 2995/4287/3894 2996/4288/3895 2933/4228/3841 2932/4227/3840
f 2988/4275/3884 2995/4287/3894 2932/4227/3840 2926/3112/2908
f 2992/4279/3888 2991/4278/3887 2996/4288/3895 2995/4287/3894
f 2990/4277/3886 2997/4289/3896 2998/4290/3897 2991/4278/3887
f 2994/3797/3496 2999/3796/3495 2997/4289/3896 2990/4277/3886
f 2996/4288/3895 3000/4291/3898 2936/4231/3844 2933/4228/3841
f 2991/4278/3887 2998/4290/3897 3000/4291/3898 2996/4288/3895
f 3001/4292/3899 3002/4293/3900 3003/4294/3901 3004/4295/3902
f 2997/4289/3896 3001/4292/3899 3004/4295/3902 2998/4290/3897
f 2999/3796/3495 3005/4296/3903 3001/4292/3899 2997/4289/3896
f 3005/4296/3903 3006/4297/3904 3002/4293/3900 3001/4292/3899
f 3007/4298/3905 3008/4299/3906 2952/4247/3860 2950/4245/3858
f 3000/4291/3898 3007/4298/3905 2950/4245/3858 2936/4231/3844
f 2998/4290/3897 3004/4295/3902 3007/4298/3905 3000/4291/3898
f 3004/4295/3902 3003/4294/3901 3008/4299/3906 3007/4298/3905
f 3009/4300/3907 3010/4301/3908 2965/4302/3868 3011/4303/3909
f 3002/4293/3900 3009/4300/3907 3011/4303/3909 3003/4294/3901
f 3006/4297/3904 3012/4304/3910 3009/4300/3907 3002/4293/3900
f 3012/4304/3910 3013/4305/3911 3010/4301/3908 3009/4300/3907
f 3014/4306/3912 2954/4249/3862 2952/4247/3860 3008/4299/3906
f 3014/4306/3912 3008/4299/3906 3003/4294/3901 3011/4303/3909
f 2963/4307/3866 3014/4306/3912 3011/4303/3909 2965/4302/3868
f 2963/4307/3866 2955/4250/2853 2954/4249/3862 3014/4306/3912
f 3181/3193/2985 3182/4308/3913 3180/4309/3914 3179/3194/2986
f 3016/2680/2490 3015/2679/2489 3013/4305/3911 3012/4304/3910
f 3017/2682/2492 3016/2680/2490 3012/4304/3910 3006/4297/3904
f 2138/2271/2118 1140/2270/2117 1143/3648/3372 2139/3432/3197
f 3015/4310/2489 3018/3438/3202 2971/4264/3873 3013/4311/3911
f 654/1235/1172 471/953/903 651/1234/1171 652/1238/1175 653/1237/1174
f 3010/4312/3908 2970/4263/3872 2966/4260/3869 2965/4259/3868
f 3013/4311/3911 2971/4264/3873 2970/4263/3872 3010/4312/3908
f 3019/4313/2488 3021/4314/849 3022/4315/3915 3020/3439/3203
f 1657/2684/2494 1662/2698/2505 1469/2451/2274 1659/2691/2498
f 2835/4150/3773 2839/3440/3204 3020/3439/3203 3022/4315/3915
f 3018/3438/3202 3023/3437/3201 2972/4265/3874 2971/4264/3873
f 3021/4314/849 3024/4316/848 3025/4317/3916 3022/4315/3915
f 3022/4315/3915 3025/4317/3916 2836/4151/3774 2835/4150/3773
f 3024/4316/848 3026/4318/3917 3027/2705/2510 3025/4317/3916
f 3025/4317/3916 3027/2705/2510 3028/2704/2509 2836/4151/3774
f 3028/2704/2509 3030/2703/2508 3031/4319/3918 3032/4320/3919
f 3032/4320/3919 2833/549/518 2836/4151/3774 3028/2704/2509
f 2777/1677/1583 2779/1682/1588 2780/4321/3920 3554/4322/3921 3560/4323/3661 2778/4324/3660 2695/4043/3689
f 3032/4320/3919 3031/4319/3918 3034/4325/3602 3033/4326/3922
f 2682/550/519 2731/4327/3709 2683/551/520
f 827/4328/3923 836/4329/1573 834/4330/1566 833/1696/1565 835/1695/1599
f 3031/4331/3918 3037/539/511 3036/538/510 3034/3935/3602
f 973/1850/1735 976/1864/1748 986/1863/1747 969/1847/1732 968/1846/1731
f 3039/2188/2041 2733/4064/3710 2732/3934/3601 3038/3933/3600
f 717/1161/1105 765/1222/1159 764/1221/1158 716/1488/1403
f 3042/4332/3924 2733/4064/3710 3039/2188/2041 3041/2187/2040
f 3043/4333/3925 3044/4334/3926 3041/2187/2040 3040/2186/2039
f 2532/1347/1271 2551/1346/1270 3043/4333/3925 3040/2186/2039
f 3044/4334/3926 3045/4335/3927 3042/4332/3924 3041/2187/2040
f 2630/4336/3657 3046/4337/3928 3045/4335/3927 2631/4338/3658
f 3045/4335/3927 3046/4337/3928 3047/4339/3929 3042/4332/3924
f 3044/4334/3926 3048/4340/3930 2631/4338/3658 3045/4335/3927
f 3043/4333/3925 2551/1346/1270 3049/4341/2240 3050/4342/3607
f 3044/4334/3926 3043/4333/3925 3050/4342/3607 3048/4340/3930
f 3048/4343/3930 3050/3941/3607 2633/3943/3609 2631/4009/3658
f 4264/4344/3931 4266/4345/3932 4268/4346/3933 4250/4347/3934 4252/4348/3935
f 3051/2410/2241 3271/3940/3606 3053/3939/3605 3055/4349/3936 3052/2407/2238
f 4293/877/2582 4294/878/2592 4295/4350/3937 4291/4351/3938 4289/876/2583
f 268/4352/420 271/4353/419 274/3268/423 317/517/489 319/519/491 267/434/411 266/433/410 586/1131/1078 630/1191/1132 589/4354/1080 587/4355/1079
f 792/1590/1499 812/4356/3939 813/4357/3940 790/1581/1490 789/1580/1489
f 2614/2382/2221 2617/3994/3648 3057/2743/2539 3058/4358/3941
f 3059/4359/3942 3060/3121/2917 3061/3060/2861 3062/3063/2864
f 3062/3063/2864 2614/2382/2221 3058/4358/3941 3059/4359/3942
f 3470/4360/3943 3526/4361/3944 3520/4362/3945 3467/4363/3946 3466/2014/1885
f 3065/1529/1443 2636/2380/2219 3063/3062/2863 3066/1530/1444
f 1704/2762/2558 1932/3109/2905 1931/3108/2904 1705/2763/2559
f 2636/2380/2219 3065/1529/1443 3067/3931/3599 2637/656/615
f 3069/2142/1998 2637/656/615 3067/3931/3599 3070/2143/1999
f 3070/2143/1999 3067/3931/3599 3068/3930/3598 3071/4364/2000
f 3072/653/612 3073/1632/1538 2615/2381/2220 3074/654/613
f 3073/1632/1538 3076/4365/3947 2616/3993/3647 2615/2381/2220
f 3077/4366/3948 3073/1632/1538 3078/1631/1537 3079/4367/3949
f 3079/4367/3949 3078/1631/1537 2857/1630/1536 3080/4368/3950
f 3079/4367/3949 3080/4368/3950 2629/4007/3656 3077/4366/3948
f 3077/4366/3948 3081/4369/3951 3076/4365/3947 3073/1632/1538
f 2632/4010/3659 3081/4369/3951 3077/4366/3948 2629/4007/3656
f 3082/4370/3952 2634/3942/3608 2635/2408/2239 3083/4371/3953
f 3083/4371/3953 3076/4365/3947 3081/4369/3951 3082/4370/3952
f 3082/4370/3952 3081/4369/3951 2632/4010/3659 2634/3942/3608
f 3055/4349/3936 3083/4371/3953 2635/2408/2239 3052/2407/2238
f 3076/4365/3947 3083/4371/3953 3055/4349/3936 2616/3993/3647
f 757/1461/1380 465/949/899 463/947/897 535/1335/1259 605/2807/2617 606/1157/1101 604/1154/1098 603/1153/1097
f 2718/657/616 2717/1535/1449 2854/1534/1448 3075/652/611
f 1910/927/878 1913/2759/2555 1708/2766/2562 1338/928/879
f 3069/2142/1998 2716/2292/2139 2718/657/616 2637/656/615
f 1337/4372/880 1340/2788/2134 1724/2753/2549 1723/931/882 1341/930/881
f 3086/3095/2891 3088/1537/1451 3085/1536/1450 2717/3737/1449
f 3086/3095/2891 3089/3094/2890 3090/4373/3954 3088/1537/1451
f 3091/1533/1447 3092/4374/3955 3093/2101/1962 2564/2105/1965
f 3088/1537/1451 3090/4373/3954 3092/4374/3955 3091/1533/1447
f 2563/2104/1541 2854/4375/1448 3091/1533/1447 2564/2105/1965
f 3092/4374/3955 3094/3433/3198 3095/3435/3200 3093/2101/1962
f 3090/4373/3954 2712/2272/2119 3094/3433/3198 3092/4374/3955
f 3095/3435/3200 2680/2250/2097 3096/2102/1963 3093/2101/1962
f 2680/2250/2097 2679/2249/2096 3097/4376/3956 3096/2102/1963
f 3096/2102/1963 3097/4376/3956 3098/4377/3957 2565/2103/1964
f 3099/4378/3958 3047/4339/3929 3046/4337/3928 3100/4379/3959
f 3097/4376/3956 3099/4378/3958 3100/4379/3959 3098/4377/3957
f 3100/4379/3959 3046/4337/3928 2630/4336/3657 3101/4380/3960
f 3098/4377/3957 3100/4379/3959 3101/4380/3960 2856/4381/1542
f 2856/4381/1542 2563/2104/1541 2565/2103/1964 3098/4377/3957
f 760/3688/3408 523/3687/3407 504/3686/3406 514/3685/3405 450/934/885 449/933/884 496/984/931 494/975/923 495/976/924
f 2284/3615/3349 2244/3547/3291 1248/2171/2027 2245/3553/3297 2346/4382/3434 2344/3725/3432
f 3102/3434/3199 2681/2251/2098 2680/2250/2097 3095/3435/3200
f 2451/3887/3562 2450/3886/3561 2681/2251/2098 3102/3434/3199
f 3102/3434/3199 3103/2820/2630 3104/2819/2629 2451/3887/3562
f 5059/4383/3961 5042/4384/3962 5041/4385/3963 5057/4386/3964 5058/1540/1454
f 2663/2222/2075 2452/2226/2079 2451/3887/3562 3104/2819/2629
f 593/923/874 591/4387/1083 589/4354/1080 630/1191/1132 629/1190/1131 631/924/875
f 2664/2225/2078 3105/2830/2640 2454/2829/2639 2452/2226/2079
f 1001/1893/1773 981/1857/1742 980/1856/1741 998/1883/1767 999/1904/1783 1000/4388/3965 1002/1908/1787 1003/1890/1774
f 3108/4389/3966 2456/3889/3564 2459/2827/2637 3107/2826/2636
f 3109/4390/3967 3110/4391/3968 2456/3889/3564 3108/4389/3966
f 3111/3451/3215 3112/3450/3214 3110/4391/3968 3109/4390/3967
f 3112/3450/3214 2440/3877/3555 2448/3884/3559 3110/4391/3968
f 2448/3884/3559 2457/3890/3565 2456/3889/3564 3110/4391/3968
f 3112/3450/3214 3114/781/736 2441/780/735 2440/3877/3555
f 3118/2450/2273 3119/2449/2272 3120/4392/3969
f 3119/2449/2272 3121/2448/2271 3122/783/738 3115/782/737 3120/4392/3969
f 3372/4393/3970 3454/2473/2296 3281/3281/3061 3373/1508/1423 3371/1507/1422
f 3121/2448/2271 2659/2447/2270 2506/3909/3580 2504/3907/3578
f 3122/783/738 3121/2448/2271 2504/3907/3578 2503/3906/3577
f 823/1628/1535 801/1598/1507 840/1020/967 838/1672/1578 821/1626/1533
f 3458/3177/2969 3306/3175/2967 3456/1608/1516 3354/3118/2914 3457/4394/3971
f 2503/3906/3577 2446/4395/3558 2445/784/739 3122/783/738
f 2653/3033/2837 2660/2446/2269 3118/2450/2273 3123/4396/3972
f 2654/3034/2838 2653/3033/2837 3123/4396/3972 3124/4397/3973
f 3123/4396/3972 3125/4398/3974 3127/4399/3975 3124/4397/3973
f 3128/4400/3976 3125/4398/3974 3123/4396/3972 3118/2450/2273
f 3128/4400/3976 3117/4401/3977 3126/4402/3978 3125/4398/3974
f 846/1689/1594 845/1688/1593 844/1676/1582 774/1563/1475 781/1572/1482 847/1684/1590
f 3117/4401/3977 3116/3449/3213 3129/4403/3979 3126/4402/3978
f 3116/3449/3213 3113/3448/3212 3130/4404/3980 3129/4403/3979
f 3133/4405/3981 3130/4404/3980 3113/3448/3212 3111/3451/3215
f 3134/4406/3982 3131/4407/3983 3130/4404/3980 3133/4405/3981
f 3133/4405/3981 3135/4408/3984 3136/4409/3985 3134/4406/3982
f 3109/4390/3967 3135/4408/3984 3133/4405/3981 3111/3451/3215
f 3137/4410/3986 3138/4411/3987 3131/4407/3983 3134/4406/3982
f 3138/4411/3987 3139/4412/3988 3132/4413/3989 3131/4407/3983
f 3134/4406/3982 3136/4409/3985 3142/4414/3990 3137/4410/3986
f 3136/4409/3985 3144/4415/3991 3143/4416/3992 3142/4414/3990
f 3144/4415/3991 3136/4409/3985 3135/4408/3984 3145/4417/3993
f 3108/4389/3966 3145/4417/3993 3135/4408/3984 3109/4390/3967
f 3146/4418/3994 3107/2826/2636 3106/2831/2641 3147/4419/3995
f 3148/4420/3996 3146/4418/3994 3147/4419/3995 3149/4421/3997
f 3144/4415/3991 3145/4417/3993 3146/4418/3994 3148/4420/3996
f 3145/4417/3993 3108/4389/3966 3107/2826/2636 3146/4418/3994
f 3147/4419/3995 3106/2831/2641 3105/2830/2640 3150/4422/3998
f 3149/4421/3997 3147/4419/3995 3150/4422/3998 3151/4423/3999
f 2668/2224/2077 3150/4422/3998 3105/2830/2640 2664/2225/2078
f 2668/2224/2077 2667/3157/2949 3151/4423/3999 3150/4422/3998
f 3151/4423/3999 2667/3157/2949 3153/1339/1263 3152/396/373
f 3152/396/373 3154/395/372 3149/4421/3997 3151/4423/3999
f 2866/4177/3796 2864/4176/3795 2865/4175/3794 1497/4178/3797 1500/3825/3512 1501/3826/3513
f 3157/4424/4000 3143/4416/3992 3144/4415/3991 3148/4420/3996
f 3154/395/372 3157/4424/4000 3148/4420/3996 3149/4421/3997
f 1239/4425/1689 1240/3815/1688 2414/3818/3507 2413/1648/1554 2412/1647/1553 2411/3814/1690
f 1970/1427/1347 1807/4035/3681 1804/2938/2747 1805/2937/2746 1806/862/816 1971/861/815
f 2310/3657/3381 2308/3649/3373 2304/3645/3369 2305/3646/3370 2306/3647/3371 2307/3658/3382
f 3168/854/808 3170/4426/4001 3169/2039/1909 3165/855/809
f 3168/854/808 3171/4427/4002 3172/4428/4003 3170/4426/4001
f 3170/4426/4001 3172/4428/4003 3173/3325/3101 3174/4429/4004
f 1531/2532/2351 1528/2527/2346 1812/2941/2750 1809/2936/2745 1808/2935/2744
f 3174/4429/4004 3173/3325/3101 2890/3324/3100 2889/4202/3818
f 3175/2040/1910 2893/4201/3817 2585/4200/3816 2584/2041/1911
f 3172/4428/4003 3176/4430/4005 3177/3326/3102 3173/3325/3101
f 1527/2526/2345 1524/1917/1796 1417/1916/1795 1419/4132/3762 1814/2949/2758 1813/2942/2751
f 3588/4198/3815 3589/4431/4006 2742/3393/3162 2743/3392/3161 2690/4039/3685 2689/4038/3684
f 2184/3173/2965 2186/1351/1275 2140/1350/1274 2171/3469/3231 2173/3471/3233 2185/3485/3243
f 1819/2715/2516 1820/3198/2990 1818/3186/2978 1817/2716/2517
f 2792/792/747 2796/2375/2214 3180/4309/3914 3182/4308/3913 3183/4432/4007 2495/793/748
f 3182/4308/3913 3184/4433/4008 3185/4195/3812 3183/4432/4007
f 1305/634/596 1463/633/595 1464/2021/1891 1299/2020/1890 1304/2710/1929
f 3184/4433/4008 3186/4434/4009 3187/4196/3813 3185/4195/3812
f 1112/233/213 1113/236/216 1824/2956/2765 1822/2954/2763 1110/2022/1892
f 3186/4434/4009 3188/4435/4010 3189/4436/4011 3187/4196/3813
f 3187/4196/3813 3189/4436/4011 3190/2973/2782 2499/2976/2785
f 3189/4436/4011 3191/4437/4012 3192/2969/2778 3190/2973/2782
f 3191/4437/4012 3193/4438/4013 3194/2970/2779 3192/2969/2778
f 5195/1940/1818 5160/1939/1817 5161/4439/4014 5159/4440/4015 5194/4441/4016
f 5125/4351/4017 5127/4350/4018 5128/878/832 5126/877/831 5122/876/830
f 1145/2058/1924 1144/2062/1926 2134/3431/3196 2133/3427/3192 2130/1205/1146
f 3195/2972/2781 2859/2971/2780 2858/4155/3777 3197/4442/4019
f 3196/2974/2783 3195/2972/2781 3197/4442/4019 3198/2985/2794
f 3198/2985/2794 2500/795/750 2498/2975/2784 3196/2974/2783
f 3199/4443/4020 2860/4157/3778 2861/4159/3779 3200/4444/4021
f 1836/2979/2788 1839/2989/2798 1838/2981/2790 1837/2980/2789 1835/2978/2787
f 3197/4442/4019 2858/4155/3777 2860/4157/3778 3199/4443/4020
f 1041/1959/1835 2437/3874/3552 2434/3871/3549 1036/1948/1824
f 3202/790/745 3201/2984/2793 3203/4445/4022 3204/4446/4023
f 3204/4446/4023 2795/1639/1545 2794/791/746 3202/790/745
f 3380/4447/4024 3382/4448/4025 3383/1606/1514 3368/4449/4026 3367/3280/3060 3378/3279/3059
f 3204/4446/4023 3203/4445/4022 3205/4450/4027 3206/4451/4028
f 3204/4446/4023 3206/4451/4028 2798/1640/1546 2795/1639/1545
f 213/4452/4029 214/867/821 211/914/866 212/2864/2674
f 3206/4451/4028 3205/4450/4027 3208/569/538 3207/572/541
f 3206/4451/4028 3207/572/541 3209/3821/3509 2798/1640/1546
f 3208/569/538 3220/2997/2806 3214/1981/1853 2880/1980/1852 2879/3155/2947 3210/571/540 3211/570/539
f 2684/2248/2095 2734/4065/3711 2733/4064/3710 2679/2249/2096
f 2056/1475/1393 2008/3313/3011 2060/3311/3088 2057/651/610 2058/650/609
f 3214/1981/1853 3213/3000/2809 2813/4129/3760 2810/1379/1299
f 3212/2999/2808 1854/3004/2811 1853/4453/2810 3213/3000/2809
f 825/1697/1600 826/4454/4030 827/4328/3923 835/1695/1599
f 1855/3003/2812 3215/2998/2807 3216/4455/4031 1857/4456/2813
f 1857/4456/2813 3216/4455/4031 3217/4457/4032 1859/4458/2815
f 1859/4458/2815 3217/4457/4032 2861/4159/3779 1488/4158/2290
f 3218/4459/4033 3205/4450/4027 3203/4445/4022 3219/4460/4034
f 3216/4455/4031 3218/4459/4033 3219/4460/4034 3217/4457/4032
f 3219/4460/4034 3203/4445/4022 3201/2984/2793 3200/4444/4021
f 3217/4457/4032 3219/4460/4034 3200/4444/4021 2861/4159/3779
f 3220/2997/2806 3208/569/538 3205/4450/4027 3218/4459/4033
f 3215/2998/2807 3220/2997/2806 3218/4459/4033 3216/4455/4031
f 1865/4461/2826 3193/4438/4013 3221/4462/4035 1866/4463/2827
f 1866/4463/2827 3221/4462/4035 3222/3027/2831 1868/3026/719
f 4140/4464/4036 4142/4465/4037 4191/4466/4038 4144/4467/4039 4141/4468/4040 4138/4469/4041
f 3385/3290/3070 3356/2847/2657 3353/2846/2656 3355/1607/1515 3383/1606/1514 3382/4448/4025
f 161/315/292 187/314/291 185/553/522 330/2399/2234 331/2398/2233
f 1326/1323/1247 2227/3532/3279 2225/1392/1312 2220/3520/3270 2222/1324/1248
f 1204/1653/1559 1203/1652/1558 1531/2532/2351 1808/2935/2744 1206/4470/4042
f 2118/2518/2337 2072/1551/1465 1879/1319/1243 1880/2519/2338
f 3377/3278/3058 3376/3277/3057 3425/3341/3114 3424/3346/3119
f 2112/701/660 2114/3380/3149 1882/3148/2940 1883/702/661
f 4204/4471/4043 4206/4472/4044 4222/4473/4045 4167/4474/4046 4223/4475/4047
f 3957/4476/4048 3995/4477/4049 3997/4478/4050 4000/4479/4051 4001/4480/4052
f 229/490/462 230/1094/1041 227/467/442 224/370/347 222/368/345 226/378/355
f 1888/2841/2651 2106/4481/4053 2105/1071/1018 1887/1074/1021
f 1889/3386/3155 2119/3385/3154 2106/4481/4053 1888/2841/2651 1890/4482/4054
f 1892/3066/2867 3230/4483/4055 2720/3075/2874 1342/2752/2548
f 2817/4133/3763 3736/4484/4056 2740/4070/3716 2818/4485/4057 2819/1481/1397 2816/1480/1396
f 3230/4483/4055 3231/4486/4058 3233/3076/2875 2720/3075/2874
f 2584/2041/1911 2587/3974/3633 2588/4088/3731 2769/4087/3730 2759/403/380 3163/402/379 3164/1338/1262
f 3235/3234/3020 3236/3077/2876 3233/3076/2875 3232/3078/2877
f 751/1451/1370 737/3970/3631 738/1217/1154 734/1216/1153 753/1449/1368
f 3232/3078/2877 3237/2373/2212 3238/3235/3021 3235/3234/3020
f 3237/2373/2212 3241/1025/972 3242/3236/3022 3238/3235/3021
f 1517/2530/2349 2417/3822/3510 1522/1919/1798 1521/2516/2335
f 3193/4438/4013 1865/3020/2826 1832/2968/2777 1831/2967/2776 1864/3018/2825 3194/2970/2779
f 3247/3099/2895 3248/4487/4059 2713/2273/2120 3089/3094/2890
f 3245/3098/2894 3244/3237/3023 3248/4487/4059 3247/3099/2895
f 2712/2272/2119 3090/4373/3954 3089/3094/2890 2713/2273/2120
f 3249/2141/1997 3251/2145/2001 3252/4488/4060 3250/3096/2892
f 3251/2145/2001 3253/3928/3596 3254/4054/3700 3252/4488/4060
f 3250/3096/2892 3252/4488/4060 3255/4489/4061 3240/3233/3019
f 3252/4488/4060 3254/4054/3700 3256/4053/3699 3255/4489/4061
f 3239/3232/3018 3243/3097/2893 3250/3096/2892 3240/3233/3019
f 1688/2730/2526 1258/2184/2037 1259/2185/2038 1260/576/545 1689/579/548
f 268/443/420 587/1132/1079 588/1135/1082 269/2862/2672 270/444/421
f 3037/539/511 3031/4331/3918 3030/4490/2508 3529/2702/2507 3528/4491/4062 3463/540/512
f 3258/4051/3697 3260/4492/4063 3261/4493/4064 3259/4052/3698
f 3255/4489/4061 3256/4053/3699 3259/4052/3698 3261/4493/4064 3262/309/286 3263/308/285 2721/3074/2873 2719/3073/2872 3236/3077/2876 3235/3234/3020 3240/3233/3019
f 1343/2746/2542 2721/3074/2873 3263/308/285 1929/307/284
f 3260/4492/4063 2570/3967/3628 2575/3969/3630 3261/4493/4064
f 3264/3117/2913 2571/3116/2912 2570/3967/3628 3260/4492/4063
f 3258/4051/3697 3257/4050/3696 3265/1528/1442 3266/1531/1445
f 3260/4492/4063 3258/4051/3697 3266/1531/1445 3264/3117/2913
f 3266/1531/1445 3066/1530/1444 3063/3062/2863 3064/3061/2862 3264/3117/2913
f 3257/4050/3696 3254/4054/3700 3253/3928/3596 3265/1528/1442
f 2401/2783/2596 1654/2675/2485 2400/3047/2851 2399/2784/2597
f 914/4494/4065 905/1460/1379 900/1459/1378 899/1744/1645
f 2573/3968/3629 3056/4495/2538 3269/2741/2537
f 3271/4496/3606 2546/1349/1273 2550/3945/3611 3270/2740/2536
f 3051/4497/2241 2547/1345/1269 2546/1349/1273 3271/4496/3606
f 3272/4498/4066 2566/3952/3615 2573/3968/3629 3269/2741/2537
f 2550/3945/3611 3272/4498/4066 3269/2741/2537 3270/2740/2536
f 3244/3237/3023 3242/3236/3022 3241/1025/972 3273/1028/975
f 3248/4487/4059 3274/2282/2129 2708/2274/2121 2713/2273/2120
f 3244/3237/3023 3273/1028/975 3274/2282/2129 3248/4487/4059
f 3776/3606/3343 3802/4499/4067 3803/4500/4068 3801/4501/4069 3800/4502/4070 3793/3607/3344
f 3375/3245/3031 3278/3244/3030 3276/4503/4071 3277/4504/4072 3280/4182/3799 3433/3364/3135
f 1944/3130/2922 1942/3135/2927 1945/3134/2926 1946/3133/2925 1943/4505/4073 1939/3129/2921 1940/2367/2206 1941/2372/2211 1333/2371/2210
f 1949/3141/2933 1954/4506/4074 1953/3147/2939 1952/3145/2937 1950/3142/2934
f 3286/2472/2295 3284/1456/1375 3283/1455/1374 3282/3282/3062
f 3285/1452/1371 3284/1456/1375 3289/4507/4075 2670/4023/3672
f 1294/2230/2083 1293/2229/2082 1953/3147/2939 1285/2823/2633 1287/2996/2805
f 2670/4023/3672 2669/4022/3671 3287/1453/1372 3285/1452/1371
f 2666/3156/2948 2667/3157/2949 2668/2224/2077 2665/2223/2076 2672/4025/3674 2671/4024/3673 3291/4508/4076 3289/4507/4075 3284/1456/1375 3286/2472/2295 3290/2471/2294
f 3291/4508/4076 2671/4024/3673 2670/4023/3672 3289/4507/4075
f 3290/2471/2294 3293/2475/2298 3292/1340/1264 2666/3156/2948
f 1951/3143/2935 1956/3150/2942 1958/3154/2946 1959/3276/3056 2120/3388/3157
f 1279/822/777 1280/821/776 1273/2202/2055 1276/2205/2058 1278/2207/2060
f 639/1211/1150 633/926/877 725/1395/1315 641/4509/4077 642/1532/1446 640/1212/1151
f 3360/906/858 3363/1612/1520 2533/1611/1519 3357/1610/1518 3358/907/859
f 1966/3272/3052 2121/3271/3051 1963/3270/3050 1964/3269/3049 1960/2280/2127 1794/2279/2126 1793/2910/2719 1965/2915/2724 1798/2914/2723 1800/2913/2722 1799/2924/2733 1801/2923/2732 1803/4033/3679 1967/3273/3053
f 444/915/867 239/4510/4078 217/4511/4079 216/4512/4080 215/913/865
f 4128/4513/4081 4131/4514/4082 4129/3486/3244 4130/2872/2681
f 3307/3176/2968 3309/3179/2971 3310/4515/4083 3171/4427/4002
f 3171/4427/4002 3168/854/808 3167/853/807 3307/3176/2968
f 3309/3179/2971 3311/4516/4084 3312/4517/4085 3310/4515/4083
f 3310/4515/4083 3312/4517/4085 3178/4518/4086 3176/4430/4005
f 3176/4430/4005 3172/4428/4003 3171/4427/4002 3310/4515/4083
f 3311/4516/4084 3313/4519/4087 3314/3195/2987 3312/4517/4085
f 3312/4517/4085 3314/3195/2987 3179/3194/2986 3178/4518/4086
f 3313/4519/4087 3315/4520/4088 3316/3191/2983 3314/3195/2987
f 3315/4520/4088 3317/4521/4089 3318/3192/2984 3316/3191/2983
f 2260/1524/1439 2258/3621/3317 2257/3089/2888 1403/3093/2189 1397/2342/2183 1377/1520/1435
f 3317/4521/4089 3319/4522/4090 3320/4523/4091 3318/3192/2984
f 3318/3192/2984 3320/4523/4091 3321/4524/4092 3181/3193/2985
f 3320/4523/4091 3322/4525/4093 3323/4526/4094 3321/4524/4092
f 3321/4524/4092 3323/4526/4094 3186/4434/4009 3184/4433/4008
f 3184/4433/4008 3182/4308/3913 3181/3193/2985 3321/4524/4092
f 3322/4525/4093 3324/4527/4095 3325/4528/4096 3323/4526/4094
f 3323/4526/4094 3325/4528/4096 3188/4435/4010 3186/4434/4009
f 3324/4527/4095 3326/3023/2829 3327/3028/2832 3325/4528/4096
f 3325/4528/4096 3327/3028/2832 3328/4529/4097 3188/4435/4010
f 3327/3028/2832 3222/3027/2831 3221/4462/4035 3328/4529/4097
f 3329/4530/4098 3330/4531/4099 3326/3023/2829 3324/4527/4095
f 3330/4531/4099 3224/3525/3273 3223/3024/2830 3326/3023/2829
f 3324/4527/4095 3322/4525/4093 3331/4532/4100 3329/4530/4098
f 3332/4533/4101 3333/4534/4102 3329/4535/4098 3331/4536/4100
f 3322/4525/4093 3320/4523/4091 3319/4522/4090 3331/4532/4100
f 3331/4536/4100 3319/4537/4090 3334/4538/4103 3332/4533/4101
f 3335/4539/4104 3336/4540/4105 3332/4533/4101 3334/4538/4103
f 3337/4541/4106 3338/4542/4107 3336/4540/4105 3335/4539/4104
f 3319/4522/4090 3317/4521/4089 3339/4543/4108 3334/4544/4103
f 3335/4545/4104 3340/4546/4109 3341/4547/4110 3337/4548/4106
f 3334/4544/4103 3339/4543/4108 3340/4546/4109 3335/4545/4104
f 3342/3870/3548 3343/4549/3080 3337/4548/4106 3341/4547/4110
f 3344/4550/4111 3345/4551/4112 3346/4552/4113 3347/4553/4114
f 3340/4546/4109 3344/4550/4111 3347/4553/4114 3341/4547/4110
f 3339/4543/4108 3348/4554/4115 3344/4550/4111 3340/4546/4109
f 3348/4554/4115 3349/4555/4116 3345/4551/4112 3344/4550/4111
f 2006/3223/3009 2009/1320/1244 2016/374/351 2013/3229/3015 2012/3228/3014
f 245/416/393 240/414/391 239/4510/4078 444/915/867 246/417/394
f 3346/4552/4113 3351/4556/4117 3352/2845/2655 3350/2844/2654
f 605/2807/2617 607/814/769 608/813/768 606/1157/1101
f 2026/3253/3039 2027/2154/2010 1967/3273/3053 2025/4036/3682 2024/4557/4118
f 2028/527/499 2026/3253/3039 2024/4557/4118 2023/529/501 1149/528/500
f 4169/4558/4119 4119/4559/4120 4120/4560/4121 4121/4561/4122 4118/4562/4123 4122/4563/4124 4170/4564/4125
f 3361/910/862 3366/1501/1416 3367/3280/3060 3368/4449/4026 3362/4565/4126 3363/1612/1520 3360/906/858
f 4103/4566/4127 4083/4567/4128 4084/4568/4129 4104/4569/4130 4105/4570/4131 4106/4571/4132
f 4717/4572/3541 4702/4573/3540 4703/1758/1656 4704/1757/1655 4705/4574/4133
f 2038/2156/2012 1947/3389/3158 2120/3388/3157 2039/3274/3054 2037/2157/2013
f 3455/1343/1267 3298/1342/1266 3297/1341/1265 3292/1340/1264 3293/2475/2298 3294/2474/2297 3295/4575/4134 3372/4393/3970 3371/1507/1422 3296/1506/1421 3369/1505/1420 3370/1504/1419 3365/1503/1418 3364/1502/1417 3361/910/862 3301/909/861 3300/1344/1268
f 4205/4576/4135 4209/4577/4136 4210/4578/4137 4207/4579/4138 4208/4580/4139 4206/4581/4044
f 3377/3278/3058 3379/3371/3142 3380/4447/4024 3378/3279/3059
f 2034/3255/3041 2049/526/498 2047/3287/3067 2045/3283/3063 2043/3286/3066 2032/3256/3042
f 3379/3371/3142 3381/343/320 3382/4448/4025 3380/4447/4024
f 2050/3289/3069 2051/866/820 2048/3288/3068 2047/3287/3067
f 1263/2761/2557 1237/2165/2021 1236/2164/2020 1261/2770/2566 1262/2764/2560
f 403/917/869 406/2546/2364 447/2395/2230 332/2394/2229
f 336/3668/3390 337/557/526 342/586/553 346/585/552
f 1554/1888/1772 1619/2634/2446 1615/2631/2443 1551/2568/2385
f 1715/2772/2574 1480/2776/2578 1481/3829/2616 1183/3292/2605 1722/3291/3071 1712/2769/2565 1711/2768/2564
f 2107/1072/1019 2108/3376/3146 1885/3057/2860 1886/1073/1020
f 337/557/526 149/223/203 340/573/542 341/575/544 342/586/553
f 2053/864/818 2009/1320/1244 2008/3225/3011 2056/4582/1393 2055/1155/1099
f 3392/3301/3078 3395/3319/3095 3396/4583/4140 3394/3302/3079
f 3394/3302/3079 3396/4583/4140 3397/4584/4141 3338/4542/4107
f 3338/4542/4107 3337/4541/4106 3343/3303/3080 3394/3302/3079
f 3396/4583/4140 3398/3421/3186 3399/3420/3185 3397/4584/4141
f 3400/4585/4142 3226/3605/3342 3225/3604/3341 3401/4586/4143
f 3402/4587/4144 3400/4585/4142 3401/4586/4143 3333/4534/4102
f 3397/4584/4141 3399/3420/3185 3400/4585/4142 3402/4587/4144
f 3399/3420/3185 3227/3419/3184 3226/3605/3342 3400/4585/4142
f 3402/4587/4144 3336/4540/4105 3338/4542/4107 3397/4584/4141
f 3333/4534/4102 3332/4533/4101 3336/4540/4105 3402/4587/4144
f 2069/3045/2849 2070/1552/1466 2071/648/607 2062/647/606 2061/3310/3087 2065/3040/2844
f 2361/4588/4145 2360/3740/3449 2357/3735/3447 2356/3734/3446
f 2071/648/607 2073/3320/3096 2074/3323/3099 2075/1476/1394 2059/649/608
f 3410/605/571 3411/4589/4146 3406/1643/1549 3409/1642/1548
f 2889/4202/3818 2893/4201/3817 3175/2040/1910 3169/2039/1909 3170/4426/4001 3174/4429/4004
f 2081/3337/3104 2078/3349/1100 2077/3322/3098 2079/3382/3151 2089/3338/3112
f 2078/1156/1100 2081/3328/3104 2080/3327/3103 2052/865/819
f 3414/340/317 3416/3369/3140 3417/4590/4147 3415/4591/568
f 3418/339/316 3419/3370/3141 3416/3369/3140 3414/340/317
f 3381/343/320 3379/3371/3142 3419/3370/3141 3418/339/316
f 3420/4592/3118 3421/4593/4148 3422/4594/4149 3417/4595/4147
f 3422/4594/4149 3423/603/569 3415/602/568 3417/4595/4147
f 3416/3369/3140 3424/3346/3119 3420/3345/3118 3417/4590/4147
f 3390/4596/961 3343/4549/3080 3342/3870/3548 3387/3295/3072 3389/3294/962
f 2044/3285/3065 2046/3284/3064 2085/3331/3107 2083/3330/3106 2090/3340/3113
f 2092/3499/3254 2042/4096/3734 2044/3285/3065 2090/3340/3113
f 3427/3343/3116 3428/4184/3801 3429/3585/3322 3430/381/358
f 3426/3344/3117 3427/3343/3116 3430/381/358 3431/380/357
f 3431/380/357 3421/4597/4148 3420/3345/3118 3426/3344/3117
f 3432/3342/3115 3433/3364/3135 3428/4184/3801 3427/3343/3116
f 2101/3368/3139 1943/4505/4073 1946/3133/2925 2099/3132/2924 2096/3351/3123 2100/3365/3136
f 2246/3566/3296 2256/3565/3306 2251/3558/3301 2249/3557/3299
f 3434/4183/3800 3435/1026/973 3436/1121/1068 3437/1120/1067
f 3437/1120/1067 3429/3585/3322 3428/4184/3801 3434/4183/3800
f 1905/3084/2883 1939/3129/2921 1943/4505/4073 2101/3368/3139
f 2106/4481/4053 2119/3385/3154 2104/3384/3153 2102/3367/3138 2103/3366/3137
f 2105/1071/1018 2106/4481/4053 2103/3366/3137 2095/2982/2791
f 2889/4202/3818 2890/3324/3100 2886/994/941 2885/999/946 2887/361/338 2888/365/342
f 3198/2985/2794 3197/4442/4019 3199/4443/4020 3200/4444/4021 3201/2984/2793
f 3443/379/356 3442/383/360 3444/3059/2858 3445/4598/4150
f 3445/4598/4150 3421/4597/4148 3431/380/357 3443/379/356
f 3445/4599/4150 3444/3055/2858 3446/3056/2859 3447/4600/4151
f 3447/4600/4151 3422/4594/4149 3421/4593/4148 3445/4599/4150
f 3450/4601/4152 3448/3149/2941 3449/4179/3798 3451/4602/4153
f 3447/4600/4151 3446/3056/2859 3448/3149/2941 3450/4601/4152
f 3450/4601/4152 3423/603/569 3422/4594/4149 3447/4600/4151
f 3451/4602/4153 3413/604/570 3423/603/569 3450/4601/4152
f 3451/4602/4153 3449/4179/3798 3452/3561/3303 3411/4589/4146
f 3411/4589/4146 3410/605/571 3413/604/570 3451/4602/4153
f 3453/1118/1065 3438/1117/1064 3232/3078/2877 3233/3076/2875 3231/4486/4058 3234/4603/4154 3228/4604/4155 3229/4605/4156
f 3411/4589/4146 3452/3561/3303 3407/1318/1242 3406/1643/1549
f 3454/2473/2296 3286/2472/2295 3282/3282/3062 3281/3281/3061
f 3295/4575/4134 3294/2474/2297 3454/2473/2296 3372/4393/3970
f 3368/4449/4026 3383/1606/1514 3363/1612/1520 3362/4565/4126
f 623/1180/1121 622/1179/1120 624/1457/1376 625/1189/1130 626/1188/1129
f 3352/2845/2655 3351/4556/4117 3457/4394/3971 3354/3118/2914
f 3458/3177/2969 3459/4606/4157 3460/4607/4158 3308/3178/2970
f 3457/4394/3971 3351/4556/4117 3459/4606/4157 3458/3177/2969
f 3459/4606/4157 3345/4551/4112 3349/4555/4116 3460/4607/4158
f 3351/4556/4117 3346/4552/4113 3345/4551/4112 3459/4606/4157
f 3460/4607/4158 3349/4555/4116 3313/4519/4087 3311/4516/4084
f 3311/4516/4084 3309/3179/2971 3308/3178/2970 3460/4607/4158
f 3348/4554/4115 3339/4543/4108 3317/4521/4089 3315/4520/4088
f 3349/4555/4116 3348/4554/4115 3315/4520/4088 3313/4519/4087
f 3401/4586/4143 3225/3604/3341 3224/3836/3273 3330/4608/4099
f 3333/4534/4102 3401/4586/4143 3330/4608/4099 3329/4535/4098
f 1900/3080/2879 1905/3084/2883 2101/3368/3139 2102/3367/3138
f 3191/4437/4012 3189/4436/4011 3188/4435/4010 3328/4529/4097
f 3193/4438/4013 3191/4437/4012 3328/4529/4097 3221/4462/4035
f 3128/4400/3976 3118/2450/2273 3120/4392/3969
f 356/4609/578 357/607/573 358/610/575 354/601/567 353/600/566 351/597/564 202/598/308 355/4610/580
f 3127/4399/3975 3461/4611/4159 3462/4612/4160 3124/4397/3973
f 2080/3327/3103 2084/3332/3108 2048/3288/3068 2051/866/820 2052/865/819
f 1332/4613/4161 1335/2797/2607 1731/2796/2606 1732/2798/2608 1739/2818/2628 1740/2822/2632
f 3051/4497/2241 3049/4341/2240 2551/1346/1270 2547/1345/1269
f 2732/4614/3601 2731/4327/3709 3035/4615/4162 3033/4326/3922 3034/4325/3602
f 3466/2014/1885 3467/4363/3946 3468/356/333 3469/2012/1883
f 262/429/406 260/423/400 583/1123/1070 584/1130/1077
f 3470/4360/3943 3466/2014/1885 3464/537/509 3465/541/513
f 4864/4616/4163 4910/3406/3171 4909/3416/3181 4905/4617/4164 4904/4618/4165
f 3469/2012/1883 3468/356/333 2526/360/337 2529/590/557
f 3471/4619/4166 3472/194/174 3473/2454/2277 3474/357/334
f 3467/4363/3946 3471/4619/4166 3474/357/334 3468/356/333
f 4365/4620/4167 4363/4621/4168 4364/4622/4169 4321/4623/4170
f 552/1158/1102 556/1410/1330 557/1409/1329 553/1088/1035 548/1080/1027 551/1083/1030
f 2246/3552/3296 2249/3555/3299 2247/3554/3298 2245/3553/3297
f 696/1555/1468 692/4624/1245 690/1305/986 691/1554/1467
f 701/1329/1253 696/1555/1468 685/1556/1469 687/1332/1256 700/1330/1254
f 3480/1515/1430 3484/4625/4171 3485/4626/4172 3481/1516/1431
f 3479/1514/1429 3486/4627/4173 3484/4625/4171 3480/1515/1430
f 2151/3447/3211 2152/3446/3210 3482/1517/1432 3481/1516/1431
f 3487/4628/4174 3488/387/364 2155/3452/3216 2153/3455/3219
f 3488/387/364 3489/386/363 2157/3456/3048 2155/3452/3216
f 2679/2249/2096 2733/4064/3710 3042/4332/3924 3047/4339/3929 3099/4378/3958 3097/4376/3956
f 3490/507/479 3491/506/478 2161/1359/1283 2159/3261/3045
f 2041/3131/2923 2042/4096/3734 2092/3499/3254 2098/3355/3126 2099/3132/2924
f 3494/3252/3038 3493/510/482 2600/509/481 2599/1911/1790
f 3494/3252/3038 2640/3251/3037 2647/565/534 3492/564/533 3491/506/478 3493/510/482
f 811/3852/3539 826/4454/4030 825/1697/1600 824/1698/1601
f 1228/3840/3529 1101/2573/2390 1096/2090/1951 1221/2552/2370
f 2852/384/361 3496/4629/4175 3497/4630/4176 2597/3982/3638
f 3496/4629/4175 3486/4627/4173 3498/4631/4177 3497/4630/4176
f 3499/4632/4178 3484/4625/4171 3486/4627/4173 3496/4629/4175
f 3495/388/365 3499/4632/4178 3496/4629/4175 2852/384/361
f 3488/387/364 3487/4628/4174 3499/4632/4178 3495/388/365
f 3487/4628/4174 3485/4626/4172 3484/4625/4171 3499/4632/4178
f 3498/4631/4177 3478/4633/4179 3477/4634/4180 2612/3991/3645
f 2609/3988/3642 2592/3983/3636 2597/3982/3638 3497/4630/4176
f 2612/3991/3645 2609/3988/3642 3497/4630/4176 3498/4631/4177
f 3486/4627/4173 3479/1514/1429 3478/4633/4179 3498/4631/4177
f 3477/4634/4180 3476/4635/4181 3475/4636/4182 3500/4637/4183
f 3500/4637/4183 2613/3992/3646 2612/3991/3645 3477/4634/4180
f 3501/193/173 3502/192/172 3503/4638/4184 3504/4639/4185
f 3475/4636/4182 3501/193/173 3504/4639/4185 3500/4637/4183
f 3504/4639/4185 3505/4640/4186 2613/3992/3646 3500/4637/4183
f 3503/4638/4184 3506/4641/4187 3505/4640/4186 3504/4639/4185
f 3506/4641/4187 3503/4638/4184 3507/4642/4188 3508/4643/4189
f 3508/4643/4189 3509/4644/4190 3510/4645/4191 3506/4641/4187
f 3509/4644/4190 2556/4646/3467 2829/4647/3466 3510/4645/4191
f 2610/3989/3643 2613/3992/3646 3505/4640/4186 3511/4648/4192
f 3511/4648/4192 3505/4640/4186 3506/4641/4187 3510/4645/4191
f 2828/4649/3769 3511/4648/4192 3510/4645/4191 2829/4647/3466
f 2611/3990/3644 2610/3989/3643 3511/4648/4192 2828/4649/3769
f 3508/4643/4189 3507/4642/4188 3512/4650/4193 2545/711/670
f 2545/711/670 2542/710/669 3509/4644/4190 3508/4643/4189
f 2556/4646/3467 3509/4644/4190 2542/710/669
f 3512/4650/4193 3513/190/170 3514/3921/3592 3515/4651/4194
f 3515/4651/4194 2543/704/663 2545/711/670 3512/4650/4193
f 3507/4642/4188 3516/191/171 3513/190/170 3512/4650/4193
f 3503/4638/4184 3502/192/172 3516/191/171 3507/4642/4188
f 2758/4076/3721 3141/4652/4195 3139/4412/3988 3138/4411/3987
f 4535/4653/4196 4537/4654/4197 4539/4655/4198 4538/4656/4199 4525/4657/4200 4536/4658/4201
f 3520/4362/3945 3521/4659/4202 3522/4660/4203 3523/4661/4204
f 3524/4662/4205 2508/3911/3582 2510/2478/2301 3521/4659/4202
f 3525/4663/4206 2505/3908/3579 2508/3911/3582 3524/4662/4205
f 3522/4660/4203 2510/2478/2301 3519/2477/2300 3517/189/169
f 2510/2478/2301 3522/4660/4203 3521/4659/4202
f 3526/4361/3944 3527/4664/4207 3525/4663/4206 3524/4662/4205
f 3526/4361/3944 3524/4662/4205 3521/4659/4202 3520/4362/3945
f 3528/4491/4062 3529/2702/2507 3530/2707/2512 3531/4665/4208
f 3527/4664/4207 3528/4491/4062 3531/4665/4208 3525/4663/4206
f 3470/4360/3943 3465/541/513 3527/4664/4207 3526/4361/3944
f 3465/541/513 3463/540/512 3528/4491/4062 3527/4664/4207
f 3530/2707/2512 3029/2706/2511 3532/4666/4209 2502/3905/3576
f 2502/3905/3576 2501/3904/3575 3531/4665/4208 3530/2707/2512
f 2501/3904/3575 2505/3908/3579 3525/4663/4206 3531/4665/4208
f 3026/4667/3917 2447/898/852 2446/3881/3558 3532/4668/4209
f 2446/4395/3558 2503/3906/3577 2502/3905/3576 3532/4666/4209
f 3029/4669/2511 3027/2705/2510 3026/4318/3917 3532/4670/4209
f 3533/2481/2304 3534/4671/4210 3514/3921/3592 3518/2482/2305
f 3535/4672/4211 3515/4651/4194 3514/3921/3592 3534/4671/4210
f 3535/4672/4211 2544/705/664 2543/704/663 3515/4651/4194
f 3534/4671/4210 2673/4030/3675 2544/705/664 3535/4672/4211
f 3536/4673/4212 2674/4674/3676 2673/4030/3675 3534/4671/4210
f 2737/4675/3714 2736/4676/3713 2674/4674/3676 3536/4673/4212
f 2737/4068/3714 3537/4677/4213 3538/4678/4214 2738/4069/3715
f 3537/4677/4213 3539/4679/3486 2703/3964/3625 3538/4678/4214
f 3536/4673/4212 3540/3789/3488 3537/4680/4213 2737/4675/3714
f 3540/3789/3488 3541/3788/3487 3539/3787/3486 3537/4680/4213
f 3540/3789/3488 3536/4673/4212 3534/4671/4210 3533/2481/2304
f 3140/4681/4215 3461/4611/4159 3127/4399/3975 3125/4398/3974 3126/4402/3978 3129/4403/3979 3130/4404/3980 3131/4407/3983 3132/4413/3989 3139/4412/3988 3141/4652/4195 3718/4682/4216 2745/4110/3748
f 2808/4128/3759 2655/3029/2833 3543/4683/4217 3544/4684/4218
f 3542/3786/3485 2809/2480/2303 2808/4128/3759 3544/4684/4218
f 3545/4685/4219 3546/4686/4220 3547/4687/4221 3543/4688/4217
f 3546/4686/4220 3548/4689/4222 3549/4690/4223 3547/4687/4221
f 3549/4690/4223 3550/3961/3622 3551/3966/3627 3547/4687/4221
f 3548/4689/4222 3552/4691/4224 3553/4692/4225 3549/4690/4223
f 3552/4691/4224 3554/4322/3921 2780/4321/3920 3553/4692/4225
f 3555/1681/1587 3556/1680/1586 2705/3962/3623 3550/3961/3622
f 3553/4692/4225 3555/1681/1587 3550/3961/3622 3549/4690/4223
f 2780/4321/3920 2779/1682/1588 3555/1681/1587 3553/4692/4225
f 3501/193/173 3475/4636/4182 3473/2454/2277 3472/194/174
f 3556/1680/1586 3557/1679/1585 2702/3963/3624 2705/3962/3623
f 3557/1679/1585 3538/4678/4214 2703/3964/3625 2702/3963/3624
f 2776/1678/1584 2738/4069/3715 3538/4678/4214 3557/1679/1585
f 3558/4693/4226 3559/4694/4227 3560/4323/3661 3554/4322/3921
f 3559/4695/4227 3561/4696/4228 3562/2422/2250 3560/4012/3661
f 5091/4697/4229 5090/4698/4230 5089/4699/4231 5083/4700/4232 5082/4701/4233
f 3563/2425/2253 2725/4058/3704 2726/4059/3705 3564/2426/2254
f 3564/2426/2254 2726/4059/3705 2695/4702/3689 2778/4011/3660
f 3565/2424/2252 3566/4703/4234 2725/4058/3704 3563/2425/2253
f 3566/4703/4234 3567/4704/4235 2724/4057/3703 2725/4058/3704
f 3567/4704/4235 3568/4705/4236 3569/4706/4237 2724/4057/3703
f 2722/4055/3701 2724/4057/3703 3570/4707/4238
f 3571/4708/4239 3570/4707/4238 2724/4057/3703 3569/4706/4237
f 3571/4708/4239 3569/4706/4237 3572/4709/4240
f 2622/3997/3649 3572/4709/4240 3569/4706/4237 3573/4710/4241
f 2622/3997/3649 3573/4710/4241 2623/3998/3650
f 2626/4001/3653 2623/3998/3650 3573/4710/4241 3574/4711/4242
f 2626/4001/3653 3574/4711/4242 3575/3548/3292
f 5518/2513/2332 5519/2010/1881 5520/303/280 5505/302/279 5506/683/642
f 3576/3551/3295 2627/4002/3654 2626/4001/3653 3575/3548/3292
f 1186/3827/3514 1494/3739/3448 2319/3673/3395 2318/3677/3399
f 2899/4205/3820 2901/4206/3821 2905/4169/3788 2805/4118/3755 2904/4209/3824 2559/3957/3618
f 3759/1865/1749 3760/1868/1752 3764/4712/4243 3781/4713/4244 3779/4714/4245
f 3578/3549/3293 3577/3808/3503 3580/4715/4246 3579/3550/3294
f 2108/3376/3146 2110/3375/659 1884/3058/662 1885/3057/2860
f 2252/3559/3302 2251/3558/3301 3579/4716/3294 3580/4717/4246
f 3581/2354/2193 3582/2353/2192 3580/4715/4246 3577/3808/3503
f 3580/4717/4246 3582/4718/2192 2255/3564/3305 2252/3559/3302
f 3582/4718/2192 2771/4090/2191 1402/2347/2188 2255/3564/3305
f 2256/3565/3306 1253/2178/2032 2627/4006/3654 3576/4719/3295
f 2286/755/710 2253/754/709 1405/281/258 2287/280/257
f 5517/2514/2333 390/721/680 391/722/681 183/2515/2334
f 4896/4720/4247 4895/4721/4248 4894/4722/4249 4892/4723/4250 4891/4724/4251 4933/4725/4252
f 1922/3107/2903 1923/3106/2902 1921/3110/2906 1917/3101/2897 1920/3103/2899
f 3583/2510/2331 3584/2509/2330 2772/4726/3732 2774/3869/3547
f 293/478/453 292/477/452 436/842/796 435/4727/3283 433/4728/760 432/4729/759 405/918/863 143/218/198 434/3838/3527
f 3559/4694/4227 3558/4693/4226 3587/2507/2328 3585/2506/2327
f 3588/4198/3815 2750/4107/3745 3586/2508/2329 3589/4431/4006
f 3586/2508/2329 2750/4107/3745 2772/4091/3732 3584/4730/2330
f 3590/4731/4253 3589/4431/4006 3586/2508/2329 3587/2507/2328
f 3591/4732/4254 3589/4431/4006 3590/4731/4253 3592/4733/4255
f 3593/3394/3163 3591/4732/4254 3592/4733/4255 3594/3395/3164
f 3593/3394/3163 2742/3393/3162 3589/4431/4006 3591/4732/4254
f 3595/4734/4256 3596/3396/3165 3594/3395/3164 3592/4733/4255
f 3587/2507/2328 3595/4734/4256 3592/4733/4255 3590/4731/4253
f 3558/4693/4226 3597/4735/4257 3595/4734/4256 3587/2507/2328
f 3597/4735/4257 3598/4736/4258 3596/3396/3165 3595/4734/4256
f 3598/4736/4258 3597/4735/4257 3552/4691/4224 3548/4689/4222
f 3597/4735/4257 3558/4693/4226 3554/4322/3921 3552/4691/4224
f 5529/4737/4259 5572/4738/4260 5571/4739/4261 5538/4740/4262 5528/4741/4263 5527/4742/4264
f 1226/2388/2003 1372/2386/2225 1373/2385/2224 1781/3423/3188 2127/3418/3183 2128/3417/3182 1374/3845/3533 1229/4743/3532 1228/3840/3529 1221/2552/2370 1222/2550/2368 1541/2551/2369 1538/731/686 1540/1873/1757 1223/1872/1756 1224/1871/1755 1227/2148/2004
f 1695/3123/146 1935/3122/2918 1936/3127/617 1693/263/240 1696/166/147
f 3602/4744/4265 3598/4736/4258 3548/4689/4222 3546/4686/4220
f 3546/4686/4220 3545/4685/4219 3603/4745/4266 3602/4744/4265
f 3599/3391/3160 3604/4746/4267 3605/4747/4268 2743/3392/3161
f 3600/3390/3159 3606/4748/4269 3604/4746/4267 3599/3391/3160
f 2750/4107/3745 3588/4198/3815 3607/4197/3814
f 2750/4107/3745 3607/4197/3814 2694/4106/3744
f 4250/4347/3934 4268/4346/3933 4249/3593/3330 4248/3592/3329
f 5542/4749/4270 5567/4750/4271 5568/86/69 5544/87/70 5543/4751/4272
f 1335/2797/2607 1332/4613/4161 1329/4752/4273 1330/2369/2208 1331/2368/2207 1336/3088/2887
f 3611/4753/4274 3612/4754/4275 3565/2424/2252 3610/2423/2251
f 3612/4754/4275 3613/4755/4276 3566/4703/4234 3565/2424/2252
f 3613/4755/4276 2513/4756/3585 3567/4704/4235 3566/4703/4234
f 2513/4756/3585 2515/4757/4277 3568/4705/4236 3567/4704/4235
f 3568/4705/4236 2515/4757/4277 3614/4758/4278 3615/4759/4279
f 3573/4710/4241 3569/4706/4237 3568/4705/4236 3615/4759/4279
f 4686/3856/3543 4720/3855/3542 4701/4760/4280 4700/4761/4281 4683/4762/4282
f 3608/2505/2326 2581/2512/1390 3619/4763/4283 3609/4764/4284
f 3619/4765/4283 3620/4766/4285 3621/4767/4286 3611/4768/4274
f 3621/4767/4286 3622/4769/4287 3611/4768/4274
f 3623/4770/4288 3624/4771/4289 3612/4772/4275 3611/4768/4274
f 3611/4768/4274 3622/4769/4287 3623/4770/4288
f 3624/4771/4289 3625/4773/4290 3613/4774/4276 3612/4772/4275
f 3613/4774/4276 3625/4773/4290 3626/4775/4291
f 2851/4776/4292 2848/1513/1428 3627/4777/4293 3628/4778/4294
f 3628/4778/4294 3627/4777/4293 3625/4773/4290 3624/4771/4289
f 3627/4777/4293 3629/4779/4295 3626/4775/4291 3625/4773/4290
f 2848/1513/1428 2847/1512/1427 3629/4779/4295 3627/4777/4293
f 2847/1512/1427 2849/1511/1426 2869/4173/3792 3629/4779/4295
f 3630/4780/4296 3631/4781/4297 2851/4776/4292 3628/4778/4294
f 3623/4770/4288 3630/4780/4296 3628/4778/4294 3624/4771/4289
f 3622/4769/4287 3632/4782/4298 3630/4780/4296 3623/4770/4288
f 3632/4782/4298 3633/591/558 3631/4781/4297 3630/4780/4296
f 3621/4767/4286 3620/4766/4285 3634/1336/1260 3635/1337/1261
f 4141/4468/4040 4144/4467/4039 4145/4783/4299 4143/4784/4300
f 3633/591/558 3632/4782/4298 3635/1337/1261 3636/592/559
f 3632/4782/4298 3622/4769/4287 3621/4767/4286 3635/1337/1261
f 1954/4506/4074 1329/4752/4273 1332/4613/4161 1740/2822/2632 1741/2821/2631
f 2525/358/335 2524/2455/2278 2851/4776/4292 3631/4781/4297
f 3633/591/558 2527/359/336 2525/358/335 3631/4781/4297
f 1932/3109/2905 1704/2762/2558 1706/2765/2561 1707/2525/2344 1933/4785/2343 1918/2523/2342
f 3620/4766/4285 3642/1470/1389 3638/355/332 3634/1336/1260
f 3642/1470/1389 2580/1469/1388 3639/350/327 3638/355/332
f 2548/1348/1272 2531/588/555 3637/587/554 3641/354/331
f 3640/353/330 2549/3944/3610 2548/1348/1272 3641/354/331
f 3643/351/328 2582/3973/3632 2583/2943/2752 3644/2948/2757
f 3645/352/329 3643/351/328 3644/2948/2757 3646/3954/3617
f 2580/1469/1388 2582/3973/3632 3643/351/328 3639/350/327
f 3645/352/329 3647/4786/4301 2549/3944/3610 3640/353/330
f 3646/3954/3617 2567/3953/3616 3647/4786/4301 3645/352/329
f 1188/2109/1969 1193/2113/1973 1186/3827/3514 2318/3677/3399 2316/3663/3387 1187/3665/3389 1185/2111/1971
f 3650/4787/4302 3651/4788/4303 2323/3674/3396 2321/3671/3393
f 3649/2193/2046 3650/4787/4302 2321/3671/3393 2320/2194/2047
f 3651/4788/4303 2830/4145/3770 1460/2437/2262 2323/3674/3396
f 3651/4788/4303 3650/4787/4302 3652/2947/2756 3653/2946/2755
f 3650/4787/4302 3649/2193/2046 3648/3670/3392 3652/2947/2756
f 3653/2946/2755 2741/2945/2754 2830/4145/3770 3651/4788/4303
f 3652/2947/2756 3648/3670/3392 3646/3954/3617 3644/2948/2757
f 2237/3610/3347 2282/3609/3346 2283/3612/3348 2290/3627/3355 2280/3626/3354 2281/3625/3353 2263/3624/3321 2230/3578/3281 2234/3577/3316 2233/3576/3315
f 3619/4765/4283 2581/1471/1390 3642/1470/1389 3620/4766/4285
f 3723/3527/3275 2466/1670/1576 2843/1669/1575 3724/3528/3276
f 3655/3810/3505 3654/4095/3733 3618/3572/3312 3617/3573/3313
f 1817/2716/2517 1818/3186/2978 1816/3183/2975 1815/2950/2759 1814/2949/2758 1419/4132/3762 1424/2712/2513
f 3657/3754/3457 2579/2944/2753 2578/3868/3546 3654/4789/3733
f 5363/4790/4304 5365/2311/2155 5350/2315/2159 5334/4791/4305 5349/4792/4306
f 1368/3707/3422 2579/2944/2753 3657/3754/3457 2332/3704/3419
f 3658/3755/3458 3659/2089/1950 2335/3708/3423 2333/3705/3420
f 3404/1641/1547 3405/1317/1241 3403/3422/3187 3398/3421/3186 3396/4583/4140 3395/3319/3095
f 2337/3710/3425 3660/2088/1949 3661/2087/1948 2339/3712/3427
f 3659/2089/1950 3660/2088/1949 2337/3710/3425 2335/3708/3423
f 2341/3714/3429 3662/4793/4307 3663/4794/4308 1040/1958/1834
f 2339/3712/3427 3661/2087/1948 3662/4793/4307 2341/3714/3429
f 3614/4795/4278 3663/4794/4308 3662/4793/4307
f 3661/2087/1948 3664/2086/1947 3614/4795/4278 3662/4793/4307
f 4577/4796/4309 4570/4797/4310 4579/4798/4311 4593/4799/4312 4591/4800/4313
f 5329/4801/4314 5347/4802/4315 5348/4803/4316 5330/4804/4317 5331/4805/4318 5326/4806/4319
f 3659/2089/1950 3658/3755/3458 3666/4807/4320 3665/2085/1946
f 2515/4808/4277 2514/4809/4321 3663/4794/4308 3614/4795/4278
f 3667/4810/4322 2727/4060/3706 2722/4055/3701 3570/4707/4238
f 3668/4811/4323 3667/4810/4322 3570/4707/4238 3571/4708/4239
f 3571/4708/4239 3572/4709/4240 3669/4812/4324 3668/4811/4323
f 3572/4709/4240 2622/3997/3649 2625/4000/3652 3669/4812/4324
f 3669/4813/4324 2625/4004/3652 2628/4003/3655 3670/4814/4325
f 3668/4815/4323 3669/4813/4324 3670/4814/4325 3671/4816/4326
f 3671/4816/4326 3672/4817/4327 3667/4818/4322 3668/4815/4323
f 3672/4817/4327 3673/4819/4328 2727/4820/3706 3667/4818/4322
f 2753/2362/2201 2758/4076/3721 3138/4411/3987 3137/4410/3986
f 3675/4821/4329 3676/4822/4330 3677/4823/4331 3678/4824/4332
f 3679/4825/4333 3675/4821/4329 3678/4824/4332 2783/4097/3735
f 3673/4819/4328 3672/4817/4327 3675/4821/4329 3679/4825/4333
f 3672/4817/4327 3671/4816/4326 3676/4822/4330 3675/4821/4329
f 3679/4825/4333 2783/4097/3735 2782/2108/1968 3680/2107/1967
f 1874/3317/3093 3226/3605/3342 3227/3419/3184 1875/3043/2847 1876/3042/2846
f 4903/1011/958 4875/4826/4334 4874/4827/4335 4877/4828/4336 4880/4829/4337 4870/4830/4338 4861/4831/4339 4862/1006/953
f 3670/4814/4325 2628/4003/3655 1250/2173/2029 2360/3740/3449 3676/4822/4330 3671/4816/4326
f 3677/4823/4331 3681/4832/4340 2648/4016/3665 2650/4018/3667
f 3681/4832/4340 2361/4588/4145 1496/4833/4341 2645/4015/3664 2649/4017/3666 2648/4016/3665
f 2651/1914/1793 2783/4097/3735 3678/4824/4332 2652/4019/3668
f 2650/4018/3667 2652/4019/3668 3678/4824/4332 3677/4823/4331
f 3674/2106/1966 3682/1482/1398 3683/4834/4342 2728/4835/3707
f 3682/1482/1398 2819/1481/1397 2701/4049/3695 3683/4834/4342
f 3683/4836/4342 2701/4837/3695 2696/4838/3690
f 2723/4056/3702 2728/4061/3707 3683/4836/4342 2696/4838/3690
f 2654/3034/2838 3124/4397/3973 3603/4839/4266 3545/4840/4219
f 3543/4683/4217 2655/3029/2833 2654/3034/2838 3545/4840/4219
f 753/1449/1368 734/1216/1153 735/1490/1405 736/1489/1404 754/1450/1369
f 4365/4620/4167 4321/4623/4170 4315/4841/4343 4338/4842/4344
f 2447/898/852 3026/4667/3917 3024/894/848
f 3684/4843/4345 3685/4844/4346 2443/3883/3556 2444/3879/3557
f 2447/898/852 3686/897/851 3684/4843/4345 2444/3879/3557
f 3936/4845/4347 3938/4846/4348 3910/4219/3832 3935/4218/3831
f 3685/4844/4346 3688/4847/4349 2449/4848/3560 2443/3883/3556
f 3688/4847/4349 3685/4844/4346 3689/4849/4350
f 3690/4850/4351 3691/4851/4352 2457/4852/3565 3692/4853/4353
f 3688/4847/4349 3690/4850/4351 3692/4853/4353 2449/4848/3560
f 3689/4849/4350 3693/4854/4354 3690/4850/4351 3688/4847/4349
f 3693/4854/4354 3694/4855/4355 3691/4851/4352 3690/4850/4351
f 3691/4851/4352 3695/4856/4356 3696/4857/4357 2457/4852/3565
f 3694/4855/4355 3697/3775/3474 3695/4856/4356 3691/4851/4352
f 2460/4858/3567 2457/4852/3565 3696/4857/4357
f 3695/4856/4356 2837/2243/2092 2678/2242/2091 3696/4857/4357
f 2838/2244/2093 2837/2243/2092 3695/4856/4356 3697/3775/3474
f 3696/4857/4357 2678/2242/2091 2461/2241/2090 2460/4858/3567
f 1451/4134/2317 2812/1381/1301 2811/1380/1300 1440/2417/2247 1438/2416/2246 1449/2500/2321 1450/2499/1206
f 3698/3776/3475 3700/4859/4358 3701/3782/3481 3699/3777/3476
f 3697/3775/3474 3694/4855/4355 3700/4859/4358 3698/3776/3475
f 3183/4432/4007 3185/4195/3812 2496/3903/3574 2497/794/749 2495/793/748
f 2391/3785/3484 2394/3791/3490 2395/3792/3491 2392/3793/3492 2393/3790/3489 2390/3784/3483
f 3700/4859/4358 3703/800/755 3706/799/754 3701/3782/3481
f 3694/4855/4355 3693/4854/4354 3703/800/755 3700/4859/4358
f 3693/4854/4354 3689/4849/4350 3704/801/756 3703/800/755
f 3707/798/753 3708/797/752 2994/3797/3496 2993/4286/3893
f 3702/3783/3482 3707/798/753 2993/4286/3893 2987/3781/3480
f 3701/3782/3481 3706/799/754 3707/798/753 3702/3783/3482
f 3704/801/756 3709/3800/3499 3710/3794/3493 3705/796/751
f 3689/4849/4350 3685/4844/4346 3709/3800/3499 3704/801/756
f 3629/4779/4295 2869/4173/3792 2511/3912/3583 2513/3914/3585 3613/4774/4276 3626/4775/4291
f 1829/2965/2774 1833/2977/2786 1484/2463/2286 1831/2967/2776
f 948/1385/1305 928/1384/1304 927/1497/1412 930/1500/1415
f 3685/4844/4346 3684/4843/4345 3713/3798/3497 3709/3800/3499
f 3686/897/851 3712/2683/2493 3713/3798/3497 3684/4843/4345
f 3714/3799/3498 3017/2682/2492 3006/4297/3904 3005/4296/3903
f 3711/3795/3494 3714/3799/3498 3005/4296/3903 2999/3796/3495
f 3687/896/850 3716/2681/2491 3712/2683/2493 3686/897/851
f 3021/895/849 3019/2678/2488 3716/2681/2491 3687/896/850
f 2975/4268/3877 3717/2239/2088 3715/2245/2094 2979/3779/3478
f 3023/3437/3201 3717/2239/2088 2975/4268/3877 2972/4265/3874
f 2941/4860/3849 2757/4075/3720 2756/2361/2200 2942/4861/3850
f 2948/4862/3856 3718/4682/4216 2757/4075/3720 2941/4860/3849
f 2801/4111/3749 2745/4110/3748 3718/4682/4216 2948/4862/3856
f 2902/4207/3822 2900/1832/1717 3719/1836/1721 3720/4863/4359
f 3720/4863/4359 2516/2694/2501 2520/2693/2500 2902/4207/3822
f 3719/1836/1721 2897/1835/1720 2896/3622/3278 3721/1246/1180 3722/1245/1179 3720/4863/4359
f 3722/1245/1179 2517/2695/2502 2516/2694/2501 3720/4863/4359
f 2621/1249/1183 2814/4131/3761 2517/2695/2502 3722/1245/1179
f 4223/4475/4047 4203/3239/3025 4124/3238/3024 4135/4864/4360 4204/4471/4043
f 2766/4865/3727 2562/3960/3621 2561/3959/3620 2767/4866/3728
f 269/2862/2672 212/2864/2674 211/914/866 270/444/421
f 3276/4503/4071 3278/3244/3030 2710/2284/2131 3275/2283/2130 3274/2282/2129 3273/1028/975 3279/1027/974 3280/4182/3799 3277/4504/4072
f 2619/3529/1181 3724/3528/3276 3725/4867/4361 2620/4868/1182
f 1626/2639/2451 1627/2640/2452 1634/2653/2465 1630/2651/2463 1628/2641/2453 1624/2638/2450
f 3725/4867/4361 2826/4141/3767 2825/4140/3766 2620/4868/1182
f 2814/4131/3761 2621/1249/1183 2620/1248/1182 2825/4869/3766
f 2686/4032/3678 2475/4031/3677 2814/4131/3761 2825/4869/3766
f 3724/3528/3276 2843/1669/1575 2845/4152/3775 3725/4867/4361
f 307/494/466 310/511/483 311/514/486 312/850/804 309/496/468
f 3725/4867/4361 2845/4152/3775 2827/4142/3768 2826/4141/3767
f 3726/1753/1651 2797/1637/1543 2798/1640/1546 3209/3821/3509
f 2882/3820/3508 2881/1754/1652 3726/1753/1651 3209/3821/3509
f 2478/3948/2085 2554/3947/3612 2875/2070/1933 2534/2069/1932
f 2863/2192/2045 2862/2198/2051 2574/3950/3613 2568/3669/3391
f 2856/1636/1542 3101/4870/3960 3080/4368/3950 2857/1630/1536
f 3101/4870/3960 2630/4008/3657 2629/4007/3656 3080/4368/3950
f 2347/4871/3439 2345/4872/3433 2346/4382/3434 2245/3553/3297 2247/3554/3298 2248/753/708 2285/752/707 2286/755/710 2330/3689/3409
f 1105/3834/3525 2421/1084/1031 2419/1087/1034 2420/4873/3545
f 1780/2889/2698 1782/3425/3190 1383/2319/2163 1779/2887/2696
f 3730/3832/3517 3731/715/674 2522/714/673 2521/3922/3593
f 3730/3832/3517 2521/3922/3593 2490/3926/496 2493/4874/495
f 3827/4875/4362 3826/2933/2742 3889/4876/4363 3888/1583/1492 3840/1588/1497 3824/2739/2535 3940/2738/2534 3928/2216/2069 3818/2221/2074 3819/1779/1675 3817/1778/1674 3828/1777/1673
f 2418/1086/1033 2422/1085/1032 1138/2051/1921 1107/1496/1411 1106/3899/3573 2423/3859/3544
f 98/143/124 76/141/122 75/142/123 108/171/152
f 2514/4809/4321 2436/3873/3551 1040/1958/1834 3663/4794/4308
f 3610/2423/2251 3562/2422/2250 3561/4696/4228 3609/4764/4284 3619/4763/4283 3611/4753/4274
f 272/445/422 215/913/865 216/4512/4080 273/447/424
f 2823/4136/3764 2827/4142/3768 2846/2645/2457 3734/3357/3128
f 2553/3358/3129 2477/3946/3130 3735/3404/3134 3733/3356/3127
f 3734/3357/3128 2687/3403/3133 2685/4137/3132 2823/4136/3764
f 2573/3968/3629 2572/3120/2916 3268/4877/2915 3060/3121/2917 3059/4359/3942 3058/4358/3941 3057/2743/2539 3056/2742/2538
f 2819/1481/1397 2818/4485/4057 2699/4047/3693 2701/4049/3695
f 2818/4485/4057 2740/4070/3716 2700/4048/3694 2699/4047/3693
f 2786/1485/1401 2557/2867/2676 3736/4484/4056 2817/4133/3763
f 3736/4484/4056 2557/2867/2676 2739/2866/2675 2740/4070/3716
f 3741/4878/4364 3601/3397/3166 3596/3396/3165 3598/4736/4258 3602/4744/4265 3603/4745/4266
f 2692/4041/3687 3737/4879/4365 3738/3849/3536 2799/3848/3535
f 3737/4879/4365 2486/3895/3569 2487/3850/3537 3738/3849/3536
f 3737/4879/4365 2692/4041/3687 2691/4040/3686 3739/4880/4366
f 3739/4880/4366 2606/3987/3641 2486/3895/3569 3737/4879/4365
f 3739/4880/4366 2691/4040/3686 2690/4039/3685 3740/4881/4367
f 3740/4881/4367 2607/4882/3785 2606/3987/3641 3739/4880/4366
f 2690/4039/3685 2743/3392/3161 3605/4747/4268 3740/4881/4367
f 3740/4883/4367 3605/4884/4268 2747/4166/3786 2607/4165/3785
f 1400/2345/2186 2772/4091/3732 2750/4107/3745 1032/1944/1820
f 2696/4838/3690 2695/4702/3689 2726/4059/3705 2723/4056/3702
f 2776/1678/1584 2698/4046/3692 2700/4048/3694 2738/4069/3715
f 412/2396/2231 423/778/733 413/777/732 411/2397/2232
f 2758/4076/3721 2757/4075/3720 3718/4682/4216 3141/4652/4195
f 2739/2866/2675 2675/708/667 2674/4027/3676 2736/4067/3713
f 2749/3847/3534 2729/3851/3538 2730/4062/3708 2748/4073/3718 2432/4072/3717
f 5134/3246/4368 5135/880/834 5129/879/833 5130/3248/4369 5131/3247/4370
f 3647/4786/4301 3272/4498/4066 2550/3945/3611 2549/3944/3610
f 2567/3953/3616 2566/3952/3615 3272/4498/4066 3647/4786/4301
f 2552/2237/2086 2534/2236/1932 2480/1196/1137 2483/1195/1136
f 2554/3947/3612 2553/3358/3129 2464/2644/2456 2463/2643/2455
f 2522/714/673 2491/525/497 2494/3902/2087 2523/3923/3594
f 2448/3884/3559 2449/3885/3560 3692/4885/4353 2457/3890/3565
f 3728/3833/3518 3729/4886/494 3732/521/493 3727/716/675
f 3462/4612/4160 3604/4887/4267 3606/4888/4269 3124/4397/3973
f 3462/4612/4160 2747/4166/3786 3605/4884/4268 3604/4887/4267
f 3483/1509/1424 3482/1517/1432 2152/3446/3210 2439/3876/3554
f 2850/1510/1425 3483/1509/1424 2439/3876/3554 2438/3875/3553
f 2458/3891/3566 2457/3890/3565 2460/3892/3567 2453/3888/3563
f 2461/3893/2090 2677/2246/516 2681/2251/2098 2450/3886/3561
f 2704/3965/3626 2703/3964/3625 3539/4679/3486 3542/4889/3485
f 2704/3965/3626 3542/4889/3485 3544/4890/4218 3551/3966/3627
f 3551/3966/3627 3544/4890/4218 3543/4688/4217 3547/4687/4221
f 3606/4748/4269 3600/3390/3159 3601/3397/3166 3741/4878/4364
f 3603/4839/4266 3124/4397/3973 3606/4888/4269 3741/4891/4364
f 2474/3925/2503 2473/4892/3571 2488/4893/3570 2490/3926/496
f 2940/4235/3848 2939/4234/3847 3742/4894/4371 3743/4895/4372
f 3743/4895/4372 3742/4894/4371 2762/4078/3723 2927/3115/2911
f 2925/3114/2910 2931/4226/3839 3743/4895/4372 2927/3115/2911
f 2930/4225/3838 2940/4235/3848 3743/4895/4372 2931/4226/3839
f 2939/4234/3847 2942/4237/3850 3744/4896/4373 3742/4894/4371
f 3742/4894/4371 3744/4896/4373 2763/4079/3724 2762/4078/3723
f 3744/4897/4373 3745/2360/2199 2760/404/381 2763/4898/3724
f 2942/4861/3850 2756/2361/2200 3745/2360/2199 3744/4897/4373
f 2360/3740/3449 2361/4588/4145 3681/4832/4340 3677/4823/4331 3676/4822/4330
f 1387/2339/2181 3746/4899/4374 3747/4900/4375 1392/2340/2176
f 3746/4899/4374 1385/2321/2165 1580/3804/2407 3747/4900/4375
f 3747/4901/4375 1571/2583/2398 1393/2333/2177 1392/2332/2176
f 1572/2584/2399 1571/2583/2398 3747/4901/4375 1580/2592/2407
f 1206/4470/4042 1802/4034/3680 1803/4033/3679 1801/2923/2732 1207/2922/2731 3748/2921/2730 1396/2336/2180 1205/1654/1560 1204/1653/1559
f 1396/2336/2180 3748/2921/2730 1386/2341/2182 1391/2337/2175
f 4694/832/787 4676/831/786 4678/888/842 4695/887/841
f 2764/4084/3725 2763/4898/3724 2760/404/381 2759/403/380
f 3137/4410/3986 3142/4414/3990 2751/4902/4376 2753/2362/2201
f 2152/3446/3210 1045/1963/1839 2439/3876/3554
f 2152/3446/3210 1046/1964/1840 1045/1963/1839
f 3262/309/286 3749/2197/2050 1493/2196/2049 1928/310/287
f 4791/4903/4377 4790/4904/4378 4769/3693/3413 4770/3692/3412 4789/4905/4379 4833/4906/4380
f 3261/4493/4064 2575/3969/3630 3749/2197/2050 3262/309/286
f 2862/2198/2051 3749/2197/2050 2575/3969/3630 2574/3950/3613
f 3084/1633/1539 2853/4153/3776 2855/1634/1540
f 5402/4907/4381 5411/4908/4382 5424/4909/4383 5427/4910/4384 5412/4911/4385
f 3750/4912/4386 3751/4913/4387 3752/4914/4388
f 3753/4915/4389 3754/4916/4390 3755/4917/4391 3756/4918/4392
f 3758/1866/1750 3759/1865/1749 3754/4916/4390 3753/4915/4389
f 973/1850/1735 974/1851/1736 975/1852/1737 976/1864/1748
f 3760/1868/1752 3762/4919/4393 3763/4920/4394 3764/4712/4243
f 3765/4921/4395 3763/4920/4394 3766/4922/4396 3767/4923/4397
f 3766/4924/4396 3768/4925/4398 3769/4926/4399 3770/4927/4400
f 3766/4924/4396 3763/4920/4394 3762/4919/4393 3768/4925/4398
f 3768/4925/4398 3761/1867/1751 3771/4928/4401 3769/4926/4399
f 3761/1867/1751 3768/4925/4398 3762/4919/4393 3760/1868/1752
f 2164/568/537 2165/1422/1342 2163/3459/3221 2162/3458/3220 2161/1359/1283
f 1355/2301/2146 1375/2316/2160 1033/1945/1821 1501/3826/3513 1502/2491/2314 1508/2490/2313
f 4928/662/621 4935/661/620 4936/4929/4402 4927/4930/4403
f 3775/3608/3345 3777/4931/4404 3778/4932/4405 3776/3606/3343
f 3777/4931/4404 3775/3608/3345 3756/4918/4392 3755/4917/4391
f 3759/1865/1749 3779/4714/4245 3780/4933/4406 3754/4916/4390
f 3764/4712/4243 3782/4934/4407 3783/4935/4408 3781/4713/4244
f 3782/4934/4407 3764/4712/4243 3763/4920/4394 3765/4921/4395
f 1744/2833/2643 1743/2900/2709 1742/2825/2635 1062/1976/1848 1061/1106/1053 1064/1105/1052
f 3786/4936/4409 3770/4937/4400 3789/4938/4410 3787/4939/4411
f 3786/4940/4409 3767/4923/4397 3766/4922/4396 3770/4941/4400
f 3787/4939/4411 3789/4938/4410 3751/4913/4387 3750/4912/4386
f 3789/4942/4410 3790/4943/4412 3791/4944/4413 3751/4945/4387
f 3790/4943/4412 3789/4942/4410 3770/4927/4400 3769/4926/4399
f 3791/4944/4413 3790/4943/4412 3772/3166/2958 3773/3165/2957
f 3772/3166/2958 3790/4943/4412 3769/4926/4399 3771/4928/4401
f 3792/4946/4414 3791/4944/4413 3773/3165/2957 3793/3607/3344
f 3794/4947/4415 3780/4933/4406 3779/4714/4245 3795/4948/4416
f 3796/4104/3742 3783/4935/4408 3782/4934/4407 3784/4105/3743
f 2803/4115/3753 2909/4214/3827 2908/4213/3826 2907/4211/3825 2903/4212/3823 2804/4116/3754
f 3797/4101/3739 3788/4100/3738 3798/4949/4417 3799/4950/4418
f 3750/4912/4386 3798/4949/4417 3788/4100/3738 3787/4939/4411
f 3798/4949/4417 3750/4912/4386 3752/4914/4388 3800/4502/4070
f 3792/4946/4414 3752/4914/4388 3751/4945/4387 3791/4944/4413
f 3752/4914/4388 3792/4946/4414 3793/3607/3344 3800/4502/4070
f 3804/4951/4419 3802/4499/4067 3776/3606/3343 3778/4932/4405
f 3809/4103/3741 3810/4102/3740 3811/4952/4420 3806/4953/4421 3807/4954/4422 3808/4955/4423 3805/4956/4424
f 3811/4952/4420 3810/4102/3740 3812/4957/4425 3813/4958/4426
f 3801/4501/4069 3799/4950/4418 3798/4949/4417 3800/4502/4070
f 3813/4958/4426 3812/4957/4425 3803/4500/4068 3802/4499/4067
f 3802/4499/4067 3804/4951/4419 3813/4958/4426
f 3804/4951/4419 3814/4959/4427 3815/4960/4428 3813/4958/4426
f 3816/4961/4429 3807/4962/4422 3806/4963/4421 3811/4952/4420
f 3816/4961/4429 3811/4952/4420 3813/4958/4426 3815/4960/4428
f 3805/4956/4424 3794/4947/4415 3795/4948/4416 3809/4103/3741
f 3779/4714/4245 3781/4713/4244 3783/4935/4408 3795/4948/4416
f 3783/4935/4408 3796/4104/3742 3809/4103/3741 3795/4948/4416
f 4362/2117/1977 4328/2121/1981 4364/4622/4169 4363/4621/4168
f 3810/4102/3740 3797/4101/3739 3799/4950/4418 3812/4957/4425
f 3799/4950/4418 3801/4501/4069 3803/4500/4068 3812/4957/4425
f 4798/4964/4430 4737/4965/4431 4736/4966/4432 4735/4967/4433 4726/4968/4434 4727/4969/4435 4728/4970/4436 4837/4971/4437 4849/4972/4438 4733/4973/4439 4749/4974/4440 4797/4975/4441
f 4735/4967/4433 4739/4976/4442 4729/4977/4443 4727/4969/4435 4726/4968/4434
f 4743/4978/4444 4742/4979/4445 4749/4974/4440 4733/4973/4439 4849/4972/4438 4837/4971/4437 4732/4980/4446 4730/4981/4447 4731/1184/1125 4744/1183/1124
f 3825/2934/2743 3826/2933/2742 3827/4875/4362 3828/1777/1673
f 4734/4982/4448 4737/4965/4431 4740/4983/4449 4738/4984/4450 4739/4976/4442 4735/4967/4433
f 3832/4985/4451 3833/2735/2531 3834/2734/2530 3835/1587/1496
f 3833/2735/2531 3832/4985/4451 3836/4986/4452 3837/4987/4453
f 3832/4985/4451 3835/1587/1496 3838/1586/1495 3836/4986/4452
f 4748/4988/4454 4754/4989/4455 4797/4975/4441 4749/4974/4440 4742/4979/4445 4747/4990/4456
f 3838/4991/1495 3841/4992/4457 3842/4993/4458 3836/4994/4452
f 3841/4992/4457 3838/4991/1495 3839/1585/1494 3843/4995/4459
f 3843/4995/4459 3839/1585/1494 3844/1584/1493 3845/4996/4460
f 3845/4996/4460 3846/4997/4461 3847/4998/4462 3843/4995/4459
f 3846/4997/4461 3845/4996/4460 3848/4999/4463 3849/5000/4464
f 3849/5000/4464 3848/4999/4463 3850/5001/4465 3851/5002/4466
f 3851/5002/4466 3852/5003/4467 3853/5004/4468 3849/5000/4464
f 3852/5003/4467 3851/5002/4466 3854/5005/4469 3855/5006/4470
f 3855/5006/4470 3854/5005/4469 3856/5007/4471 3857/5008/4472
f 3855/5006/4470 3857/5008/4472 3858/18/10 3859/17/9
f 2251/3558/3301 2256/3565/3306 3576/4719/3295 3579/4716/3294
f 5196/1937/1815 5198/691/650 5154/694/653 5197/1938/1816
f 4771/5009/4473 4774/5010/4474 4775/5011/4475 4784/5012/4476
f 4782/5013/4477 4778/5014/4478 4779/5015/4479 4776/5016/4480 4777/5017/4481 4824/5018/4482
f 3868/5019/2738 3871/534/506 3872/533/505 3869/5020/2739
f 3869/5020/2739 3872/533/505 3873/535/507 3874/5021/2734
f 4775/5011/4475 4781/5022/4483 4780/5023/4484 4783/5024/4485 4784/5012/4476
f 3873/535/507 3875/336/313 3876/5025/4486 3877/5026/4487
f 3875/336/313 3862/335/312 3878/1389/1309 3876/5025/4486
f 1385/2321/2165 3746/4899/4374 1387/2339/2181 1382/2920/2729 1378/2919/2728 1381/2318/2162
f 3861/1388/1308 3879/5027/4488 3880/5028/4489 3878/1389/1309
f 3856/5007/4471 3881/5029/4490 3860/5030/4491 3857/5008/4472
f 3881/5029/4490 3856/5007/4471 3882/5031/4492 3883/5032/4493
f 3856/5007/4471 3854/5005/4469 3884/5033/4494 3882/5031/4492
f 3850/5001/4465 3884/5033/4494 3854/5005/4469 3851/5002/4466
f 3884/5033/4494 3850/5001/4465 3885/5034/4495 3886/5035/4496
f 3885/5034/4495 3850/5001/4465 3848/4999/4463 3887/5036/4497
f 3887/5036/4497 3831/2932/2741 3830/2931/2740 3885/5034/4495
f 3831/2932/2741 3887/5036/4497 3844/1584/1493 3888/1583/1492
f 3887/5036/4497 3848/4999/4463 3845/4996/4460 3844/1584/1493
f 3888/1583/1492 3889/4876/4363 3826/2933/2742 3831/2932/2741
f 1972/860/814 2124/1438/1358 2123/3398/3167 2020/3242/3028 2122/531/503
f 3891/5037/4498 3890/5038/4499 3892/5039/4500 3893/5040/4501
f 3890/5038/4499 3837/5041/4453 3894/5042/4502 3892/5039/4500
f 3894/5042/4502 3837/5041/4453 3836/4994/4452 3842/4993/4458
f 3842/4993/4458 3895/5043/4503 3896/5044/4504 3894/5042/4502
f 3842/4993/4458 3841/4992/4457 3897/5045/4505 3895/5043/4503
f 3847/4998/4462 3897/5045/4505 3841/4992/4457 3843/4995/4459
f 3898/5046/4506 3899/5047/4507 3897/5045/4505 3847/4998/4462
f 3898/5046/4506 3847/4998/4462 3846/4997/4461 3900/5048/4508
f 3900/5048/4508 3846/4997/4461 3849/5000/4464 3853/5004/4468
f 338/555/524 333/554/523 187/314/291 339/556/525
f 3853/5004/4468 3852/5003/4467 3902/3139/2931 3901/3138/2930
f 3859/17/9 3902/3139/2931 3852/5003/4467 3855/5006/4470
f 4814/5049/4509 4812/5050/4510 4811/5051/4511 4810/904/856 4848/903/855
f 3902/3139/2931 3859/17/9 3904/16/8 3903/3140/2932
f 4815/5052/4512 4816/5053/4513 4768/5054/4514 4767/5055/4515 4813/5056/4516
f 3903/3140/2932 3904/16/8 3905/15/7 3906/3136/2928
f 4844/1376/1296 4822/5057/4517 4819/5058/4518 4817/5059/4519 4818/1373/1293
f 3909/4221/3834 3908/4220/3833 3911/5060/4520 3912/5061/4521
f 3912/5061/4521 3913/5062/4522 3914/4222/3835 3909/4221/3834
f 3912/5061/4521 3870/2927/2736 3915/2926/2735 3913/5062/4522
f 3870/2927/2736 3912/5061/4521 3911/5060/4520 3867/2928/2737
f 3915/2926/2735 3916/5063/4523 3917/5064/4524 3913/5062/4522
f 3915/2926/2735 3874/2925/2734 3918/5065/4525 3916/5063/4523
f 3877/5026/4487 3918/5066/4525 3874/5021/2734 3873/535/507
f 3918/5066/4525 3877/5026/4487 3919/5067/4526 3920/5068/4527
f 3919/5067/4526 3877/5026/4487 3876/5025/4486 3921/5069/4528
f 3921/5069/4528 3876/5025/4486 3878/1389/1309 3880/5028/4489
f 3880/5028/4489 3922/5070/4529 3923/5071/4530 3921/5069/4528
f 3880/5028/4489 3879/5027/4488 3924/5072/4531 3922/5070/4529
f 3924/5072/4531 3883/5032/4493 3925/5073/4532 3926/2220/2073
f 3883/5032/4493 3882/5031/4492 3927/5074/4533 3925/5073/4532
f 3925/5073/4532 3927/5074/4533 3820/1775/1671 3819/1779/1675
f 3927/5074/4533 3886/5035/4496 3829/1776/1672 3820/1775/1671
f 3886/5035/4496 3927/5074/4533 3882/5031/4492 3884/5033/4494
f 3926/2220/2073 3925/5073/4532 3819/1779/1675 3818/2221/2074
f 4838/5075/4534 4839/5076/4535 4732/4980/4446 4837/4971/4437 4728/4970/4436 4834/5077/4536
f 3926/2220/2073 3929/5078/2072 3922/5070/4529 3924/5072/4531
f 3930/2218/2071 3823/2217/2070 3822/2737/2533 3931/5079/4537
f 3929/5078/2072 3930/5080/2071 3923/5071/4530 3922/5070/4529
f 3930/5080/2071 3931/5081/4537 3932/5082/4538 3923/5071/4530
f 3893/5083/4501 3932/5082/4538 3931/5081/4537 3891/5084/4498
f 3932/5082/4538 3893/5083/4501 3920/5068/4527 3919/5067/4526
f 3893/5040/4501 3892/5039/4500 3933/5085/4539 3920/5086/4527
f 3892/5039/4500 3894/5042/4502 3896/5044/4504 3933/5085/4539
f 3933/5085/4539 3896/5044/4504 3917/5064/4524 3916/5063/4523
f 3896/5044/4504 3895/5043/4503 3934/5087/4540 3917/5064/4524
f 3895/5043/4503 3897/5045/4505 3899/5047/4507 3934/5087/4540
f 3934/5087/4540 3899/5047/4507 3935/4218/3831 3914/4222/3835
f 3899/5047/4507 3898/5046/4506 3936/4845/4347 3935/4218/3831
f 3900/5048/4508 3937/5088/4541 3938/4846/4348 3936/4845/4347 3898/5046/4506
f 716/1488/1403 764/1221/1158 763/1527/1441 715/1487/1402
f 3934/5087/4540 3914/4222/3835 3913/5062/4522 3917/5064/4524
f 3920/5086/4527 3933/5085/4539 3916/5063/4523 3918/5065/4525
f 3932/5082/4538 3919/5067/4526 3921/5069/4528 3923/5071/4530
f 3891/5089/4498 3931/5079/4537 3822/2737/2533 3821/2736/2532
f 3886/5035/4496 3885/5034/4495 3830/2931/2740 3829/1776/1672
f 3944/5090/4542 3941/5091/4543 3943/5092/4544 3945/5093/4545
f 3946/1003/950 3947/3746/3455 3948/5094/4546 3949/1004/951
f 3948/5094/4546 3947/3746/3455 3950/5095/4547 3951/5096/4548
f 3947/3746/3455 3946/1003/950 3952/1002/949 3953/3741/3450
f 3954/5097/4549 3955/5098/4550 3956/3744/3453 3957/4476/4048
f 3958/5099/4551 3959/1001/948 3960/1000/947 3961/5100/4552
f 3962/5101/4553 3963/5102/4554 3964/5103/4555
f 3965/5104/4556 3966/5105/4557 3967/5106/4558 3968/5107/4559
f 3969/5108/4560 3966/5105/4557 3970/5109/4561 3971/5110/4562
f 4910/3406/3171 4884/3405/3170 4909/3416/3181
f 3976/5111/4563 3977/5112/4564 3978/871/825 3979/870/824
f 3980/5113/4565 3976/5111/4563 3979/870/824 3981/5114/4566
f 3977/5112/4564 3976/5111/4563 3982/3307/3084 3983/3306/3083
f 4855/5115/4567 4861/4831/4339 4870/4830/4338 4869/5116/4568 4893/5117/4569 4856/5118/4570
f 3986/3309/3086 3985/3308/3085 3963/5102/4554 3962/5101/4553
f 3962/5101/4553 3987/5119/4571 3988/3304/3081 3986/3309/3086
f 3987/5119/4571 3962/5101/4553 3989/5120/4572 3990/5121/4573
f 3990/5121/4573 3989/5120/4572 3950/5095/4547 3991/5122/4574
f 3990/5121/4573 3991/5122/4574 3955/5098/4550
f 3955/5098/4550 3991/5122/4574 3992/3745/3454 3956/3744/3453
f 3994/3743/3452 3995/5123/4049 3957/4476/4048 3956/3744/3453
f 3994/3743/3452 3996/5124/4575 3997/5125/4050 3995/5123/4049
f 3996/5124/4575 3998/5126/4576 3999/5127/4577 3997/5125/4050
f 3999/5128/4577 3942/5129/4578 3943/5092/4544 3941/5091/4543 4000/4479/4051 3997/4478/4050
f 4256/5130/4579 4255/5131/4580 4251/5132/4581 4254/5133/4582
f 4001/4480/4052 4002/5134/4583 3954/5097/4549 3957/4476/4048
f 82/120/103 83/123/106 78/109/92 77/108/91 80/111/94 81/121/104
f 4003/5135/4584 4004/5136/4585 4005/5137/4586 4002/5134/4583
f 4004/5136/4585 4003/5135/4584 4006/5138/4587 4007/5139/4588
f 4007/5139/4588 4006/5138/4587 4008/5140/4589 4009/5141/4590
f 4008/5140/4589 3974/5142/4591 4010/5143/4592 4009/5141/4590
f 4010/5143/4592 3974/5142/4591 3973/5144/4593 4011/5145/4594
f 4012/5146/4595 4011/5145/4594 3973/5144/4593 3972/5147/4596
f 3945/5093/4545 4012/5146/4595 3972/5147/4596 3944/5090/4542
f 4012/5148/4595 3945/5149/4545 4013/5150/4597 4014/5151/4598
f 3945/5149/4545 3943/5152/4544 4015/5153/4599 4013/5150/4597
f 3943/5154/4544 3942/5155/4578 4016/5156/4600 4015/5157/4599
f 4016/5156/4600 3942/5155/4578 3999/5127/4577 3998/5126/4576
f 3998/5126/4576 3967/5106/4558 4017/5158/4601 4016/5156/4600
f 3998/5126/4576 3996/5124/4575 3968/5107/4559 3967/5106/4558
f 3968/5107/4559 3996/5124/4575 3994/3743/3452 3993/3742/3451
f 4015/5157/4599 4016/5156/4600 4017/5158/4601 3969/5108/4560 3971/5110/4562 4028/5159/4602
f 3969/5108/4560 4017/5158/4601 3967/5106/4558 3966/5105/4557
f 4014/5151/4598 4013/5150/4597 4018/3600/3337 4019/3603/3340
f 4019/3603/3340 4020/868/822 4021/873/827 4014/5151/4598
f 4887/5160/4603 4886/5161/4604 4934/664/623 4930/663/622 4929/5162/4605 4931/5163/4606
f 4022/872/826 4010/5164/4592 4011/5165/4594 4021/873/827
f 4022/872/826 4023/5166/4607 4009/5141/4590 4010/5164/4592
f 4023/5166/4607 3977/5112/4564 3983/3306/3083 4024/3305/3082
f 4023/5166/4607 4022/872/826 3978/871/825 3977/5112/4564
f 4007/5139/4588 4009/5141/4590 4023/5166/4607 4024/3305/3082
f 4007/5139/4588 4024/3305/3082 3988/3304/3081 4004/5136/4585
f 4004/5136/4585 3988/3304/3081 3987/5119/4571 4005/5137/4586
f 4014/5151/4598 4021/873/827 4011/5165/4594 4012/5148/4595
f 3771/4928/4401 3756/4918/4392 3775/3608/3345 3774/3164/2956 3757/3163/2955 3772/3166/2958
f 4018/3600/3337 4013/5150/4597 4015/5153/4599 4028/5167/4602 4026/3601/3338
f 4028/5167/4602 4029/5168/4608 4030/5169/4609 4026/3601/3338
f 4028/5159/4602 3971/5110/4562 4031/5170/4610 4029/5171/4608
f 4029/5171/4608 4031/5170/4610 4032/5172/4611 4033/5173/4612
f 4034/5174/4613 4035/5175/4614 4032/5172/4611 4031/5170/4610
f 4034/5174/4613 4031/5170/4610 3971/5110/4562 3970/5109/4561
f 4035/5175/4614 4034/5174/4613 3958/5099/4551 4036/5176/4615
f 4034/5174/4613 3970/5109/4561 3959/1001/948 3958/5099/4551
f 4037/5177/4616 4038/5178/4617 4039/5179/4618 4030/5169/4609
f 4038/5178/4617 4040/5180/4619 4041/5181/4620 4039/5179/4618
f 4030/5169/4609 4039/5179/4618 4027/3602/3339 4026/3601/3338
f 4039/5179/4618 4041/5181/4620 4042/5182/4621 4027/3602/3339
f 3981/5114/4566 4042/5182/4621 4041/5181/4620 4043/5183/4622
f 4025/869/823 4042/5182/4621 3981/5114/4566 3979/870/824
f 4037/5177/4616 4030/5169/4609 4029/5168/4608 4033/5184/4612
f 4002/5134/4583 4005/5137/4586 3955/5098/4550 3954/5097/4549
f 3947/3746/3455 3992/3745/3454 3991/5122/4574 3950/5095/4547
f 702/1331/1255 683/1333/1257 681/849/803 679/848/802 536/1334/1258 462/946/896
f 3989/5120/4572 3964/5103/4555 3951/5096/4548 3950/5095/4547
f 3990/5121/4573 4005/5137/4586 3987/5119/4571
f 4005/5137/4586 3990/5121/4573 3955/5098/4550
f 3962/5101/4553 3964/5103/4555 3989/5120/4572
f 4044/5185/4623 4045/5186/4624 4046/5187/4625 4047/5188/4626
f 4044/5185/4623 4048/5189/4627 4045/5186/4624
f 4049/5190/4628 4050/5191/4629 4051/5192/4630
f 4052/5193/4631 4053/5194/4632 4054/5195/4633
f 4055/3651/3375 4056/5196/4634 4057/5197/4635 4058/3652/3376
f 4059/5198/4636 4056/5196/4634 4055/3651/3375
f 4060/5199/4637 4061/5200/4638 4056/5196/4634 4059/5198/4636
f 4059/5198/4636 4062/5201/4639 4063/5202/4640 4060/5199/4637
f 4062/5201/4639 4064/3650/3374 4065/3655/3379 4066/5203/4641
f 4064/3650/3374 4062/5201/4639 4059/5198/4636 4055/3651/3375
f 558/2816/2626 544/1465/1384 549/1081/1028 554/1089/1036 555/2817/2627
f 4067/3653/3377 4058/3652/3376 4047/5188/4626 4069/5204/4642
f 4047/5188/4626 4046/5187/4625 4070/5205/4643 4069/5204/4642
f 4046/5187/4625 4045/5186/4624 4053/5194/4632 4052/5193/4631
f 4071/5206/4644 4053/5194/4632 4045/5186/4624 4048/5189/4627
f 4071/5206/4644 4048/5189/4627 4072/5207/4645 4073/5208/4646
f 4057/5197/4635 4072/5207/4645 4048/5189/4627 4044/5185/4623
f 4072/5207/4645 4057/5197/4635 4056/5196/4634 4061/5200/4638
f 4061/5200/4638 4050/5209/4629 4073/5208/4646 4072/5207/4645
f 4050/5209/4629 4061/5200/4638 4060/5199/4637 4051/5192/4630
f 4051/5192/4630 4060/5199/4637 4063/5202/4640 4074/5210/4647
f 4063/5202/4640 4075/5211/4648 4076/5212/4649 4074/5210/4647
f 4075/5211/4648 4063/5202/4640 4062/5201/4639 4066/5203/4641
f 4066/5203/4641 4077/5213/4650 4078/5214/4651 4075/5211/4648
f 4066/5203/4641 4065/3655/3379 4079/5215/4652 4077/5213/4650
f 4065/3655/3379 4068/3654/3378 4080/5216/4653 4079/5215/4652
f 4068/3654/3378 4081/5217/4654 4082/5218/4655 4080/5216/4653
f 4081/5217/4654 4068/3654/3378 4067/3653/3377 4069/5204/4642
f 4083/4567/4128 4081/5217/4654 4069/5204/4642 4070/5205/4643
f 4084/4568/4129 4083/4567/4128 4070/5205/4643 4085/5219/4656
f 4085/5219/4656 4070/5205/4643 4046/5187/4625 4052/5193/4631
f 4085/5219/4656 4086/5220/4657 4087/5221/4658 4084/4568/4129
f 4085/5219/4656 4052/5193/4631 4054/5195/4633 4086/5220/4657
f 4086/5220/4657 4088/5222/4659 4089/5223/4660 4087/5221/4658
f 4088/5222/4659 4086/5220/4657 4054/5195/4633 4090/5224/4661
f 4090/5224/4661 4091/5225/4662 4092/5226/4663 4088/5222/4659
f 4090/5224/4661 4071/5227/4644 4073/5228/4646 4091/5225/4662
f 4091/5229/4662 4073/5230/4646 4050/5191/4629 4049/5190/4628
f 4092/5231/4663 4091/5229/4662 4049/5190/4628 4093/5232/4664
f 4093/5232/4664 4094/5233/4665 4095/5234/4666 4092/5231/4663
f 4074/5210/4647 4076/5212/4649 4094/5233/4665 4093/5232/4664
f 4074/5210/4647 4093/5232/4664 4049/5190/4628 4051/5192/4630
f 4096/5235/4667 4076/5212/4649 4075/5211/4648 4078/5214/4651
f 4078/5214/4651 4097/5236/4668 4098/5237/4669 4096/5235/4667
f 4099/5238/4670 4097/5236/4668 4078/5214/4651 4077/5213/4650
f 4100/5239/4671 4099/5238/4670 4077/5213/4650 4079/5215/4652
f 4101/5240/4672 4100/5239/4671 4079/5215/4652 4080/5216/4653
f 4080/5216/4653 4082/5218/4655 4102/5241/4673 4101/5240/4672
f 4103/4566/4127 4082/5218/4655 4081/5217/4654 4083/4567/4128
f 5015/5242/4674 4993/5243/4675 4992/5244/4676 5012/5245/4677 5013/5246/4678 5014/5247/4679
f 4084/4568/4129 4087/5221/4658 4107/5248/4680 4104/4569/4130
f 4087/5221/4658 4089/5223/4660 4108/5249/4681 4107/5248/4680
f 4108/5249/4681 4089/5223/4660 4095/5250/4666 4109/5251/4682
f 4095/5250/4666 4089/5223/4660 4088/5222/4659 4092/5226/4663
f 4109/5252/4682 4095/5234/4666 4094/5233/4665 4110/5253/4683
f 4111/5254/4684 4110/5253/4683 4096/5235/4667 4098/5237/4669
f 4110/5253/4683 4094/5233/4665 4076/5212/4649 4096/5235/4667
f 4112/5255/4685 4105/4570/4131 4104/4569/4130 4107/5248/4680
f 4113/5256/4686 4112/5255/4685 4107/5248/4680 4108/5249/4681
f 4113/5256/4686 4108/5249/4681 4109/5251/4682 4114/5257/4687
f 4114/5258/4687 4109/5252/4682 4110/5253/4683 4111/5254/4684
f 4090/5224/4661 4054/5195/4633 4053/5194/4632 4071/5227/4644
f 4058/3652/3376 4057/5197/4635 4044/5185/4623 4047/5188/4626
f 2311/3659/3383 2315/3662/3386 2313/3660/3384 2312/3656/3380 2308/3649/3373 2310/3657/3381
f 2151/3447/3211 3481/1516/1431 3485/4626/4172 2149/3444/3208 2146/2962/2771
f 4124/3238/3024 4123/2906/2715 4125/687/646 4126/686/645
f 749/3996/1345 742/5259/1344 743/1525/1440 720/1219/1156 740/1218/1155
f 2227/3532/3279 2228/3533/3280 1407/2359/2198 1406/2358/2197 1409/1393/1313 2225/1392/1312
f 4165/5260/4688 4164/5261/4689 4187/5262/4690 4131/4514/4082 4128/4513/4081
f 4126/686/645 4132/685/644 4133/5263/4691 4134/5264/4692
f 4124/3238/3024 4126/686/645 4134/5264/4692 4135/4864/4360
f 1264/2189/2042 1218/2138/1994 2163/3459/3221 2165/1422/1342 1268/1421/1341 1265/1423/1343
f 23/32/24 42/803/758 41/3065/2866 21/29/21
f 3523/4661/4204 3522/4660/4203 3517/189/169 3472/194/174 3471/4619/4166
f 1038/1950/1826 1503/2484/2307 1128/2038/1908 1127/2037/1907 1131/2042/1912 1129/2044/1914 1130/2043/1913 1039/1957/1833 1042/1960/1836 1035/1947/1823
f 4143/4784/4300 4145/4783/4299 4146/5265/4693 4213/5266/4694
f 557/1409/1329 559/1099/1046 562/1095/1042 554/1089/1036 553/1088/1035
f 4147/5267/4695 4146/5265/4693 4148/5268/4696 4149/5269/4697
f 4150/5270/4698 4147/5267/4695 4149/5269/4697 4151/5271/4699
f 4151/5271/4699 4152/5272/4700 4153/5273/4701 4150/5270/4698
f 4152/5272/4700 4151/5271/4699 4154/5274/4702 4155/5275/4703
f 4152/5272/4700 4155/5275/4703 4156/5276/4704 4157/5277/4705
f 4156/5276/4704 4158/5278/4706 4159/5279/4707 4157/5277/4705
f 4158/5278/4706 4156/5276/4704 4160/5280/4708 4161/5281/4709
f 4162/5282/4710 4158/5278/4706 4161/5281/4709 4163/5283/4711
f 4163/5284/4711 4161/5285/4709 4164/5261/4689 4165/5260/4688
f 4163/5283/4711 4166/5286/4712 4167/5287/4046 4162/5282/4710
f 4166/5288/4712 4163/5284/4711 4165/5260/4688 4168/5289/4713
f 4168/5289/4713 4165/5260/4688 4128/4513/4081 4130/2872/2681 4137/2871/2680
f 4168/5289/4713 4169/4558/4119 4170/4564/4125 4166/5288/4712
f 3673/4819/4328 3679/4825/4333 3680/2107/1967 3674/2106/1966 2728/4835/3707 2727/4820/3706
f 3120/4392/3969 3115/782/737 3116/3449/3213 3117/4401/3977 3128/4400/3976
f 1217/2137/1993 1272/2364/2203 1410/2363/2202 1416/289/266 1415/288/265 1174/737/692 1173/742/697
f 4172/3443/3207 4173/5290/4714 4174/5291/4715 4171/5292/4716
f 4172/3443/3207 4175/3442/3206 4176/5293/4717 4173/5290/4714
f 4175/3442/3206 4177/3441/3205 4178/5294/4718 4176/5293/4717
f 4177/3441/3205 4179/3488/3246 4180/5295/4719 4178/5294/4718
f 4177/3441/3205 4136/2870/2679 4181/2873/2682 4179/3488/3246
f 4698/5296/4720 4662/5297/4721 4683/4762/4282 4700/4761/4281
f 4179/3488/3246 4117/3487/3245 4182/5298/4722 4180/5295/4719
f 4180/5295/4719 4182/5298/4722 4183/5299/4723 4184/5300/4724
f 4182/5298/4722 4185/5301/4725 4154/5274/4702 4183/5299/4723
f 4182/5298/4722 4117/3487/3245 4116/5302/4726 4185/5301/4725
f 4185/5301/4725 4186/5303/4727 4155/5275/4703 4154/5274/4702
f 4186/5304/4727 4185/5301/4725 4116/5302/4726 4115/5305/4728
f 4155/5275/4703 4186/5303/4727 4160/5280/4708 4156/5276/4704
f 1478/2458/2281 1479/2460/2283 1713/2780/2593 1712/2769/2565 1722/3291/3071
f 4600/5306/4729 4590/5307/4730 4574/5308/4731 4557/5309/4732 4548/5310/4733 4576/5311/4734 4578/5312/4735 4592/5313/4736
f 260/423/400 262/429/406 263/432/409 261/424/401
f 4184/5300/4724 4183/5299/4723 4149/5269/4697 4148/5268/4696
f 4183/5299/4723 4154/5274/4702 4151/5271/4699 4149/5269/4697
f 4148/5268/4696 4188/5314/4737 4189/5315/4738 4184/5300/4724
f 4190/5316/4739 4188/5314/4737 4145/4783/4299 4144/4467/4039
f 4188/5314/4737 4148/5268/4696 4146/5265/4693 4145/4783/4299
f 4190/5316/4739 4144/4467/4039 4191/4466/4038 4192/5317/4740
f 4193/5318/4741 4191/4466/4038 4142/4465/4037 4194/688/647
f 581/1175/1117 582/1122/1069 259/422/399 258/421/398 257/497/469
f 4194/688/647 4125/687/646 4127/2909/2718 4193/5318/4741
f 3615/4759/4279 3614/4758/4278 3664/5319/1947 3574/4711/4242 3573/4710/4241
f 4193/5318/4741 4127/2909/2718 4196/2908/2717 4197/5320/4742
f 4193/5318/4741 4197/5320/4742 4192/5317/4740 4191/4466/4038
f 4198/5321/4743 4192/5317/4740 4197/5320/4742 4199/5322/4744
f 4192/5317/4740 4198/5321/4743 4200/5323/4745 4190/5316/4739
f 4200/5323/4745 4189/5315/4738 4188/5314/4737 4190/5316/4739
f 4189/5315/4738 4200/5323/4745 4176/5293/4717 4178/5294/4718
f 4184/5300/4724 4189/5315/4738 4178/5294/4718 4180/5295/4719
f 4199/5322/4744 4174/5324/4715 4173/5290/4714 4198/5321/4743
f 4200/5323/4745 4198/5321/4743 4173/5290/4714 4176/5293/4717
f 4199/5322/4744 4201/5325/4746 4121/5326/4122 4174/5324/4715
f 4202/3240/3026 4201/5325/4746 4196/2908/2717 4195/2907/2716
f 4196/2908/2717 4201/5325/4746 4199/5322/4744 4197/5320/4742
f 4204/4471/4043 4135/4864/4360 4205/5327/4135 4206/4472/4044
f 4169/4558/4119 4168/5289/4713 4137/2871/2680 4172/3443/3207 4171/5292/4716 4174/5291/4715 4121/4561/4122 4120/4560/4121 4119/4559/4120
f 2751/4902/4376 3142/4414/3990 3143/4416/3992 3157/4424/4000 3154/395/372 3155/394/371 3156/393/370 3159/392/369 2752/391/368 2754/390/367 2755/389/366 2753/2362/2201
f 4209/5328/4136 4205/5327/4135 4135/4864/4360 4134/5264/4692
f 4209/4577/4136 4211/5329/4747 4212/5330/4748 4210/4578/4137
f 4211/5331/4747 4209/5328/4136 4134/5264/4692 4133/5263/4691
f 578/1116/1063 577/154/135 254/161/142 253/420/397
f 3341/4547/4110 3347/4553/4114 3346/4552/4113 3350/2844/2654 3342/3870/3548
f 4216/628/590 4150/5270/4698 4153/5273/4701 4217/625/587
f 4217/625/587 4153/5273/4701 4218/3299/3076 4219/2452/2275
f 4157/5277/4705 4218/3299/3076 4153/5273/4701 4152/5272/4700
f 4220/3300/3077 4218/3299/3076 4157/5277/4705 4159/5279/4707
f 4159/5279/4707 4221/5332/4749 4208/4580/4139 4220/3300/3077
f 4221/5332/4749 4159/5279/4707 4158/5278/4706 4162/5282/4710
f 4222/5333/4045 4221/5332/4749 4162/5282/4710 4167/5287/4046
f 3883/5032/4493 3924/5072/4531 3879/5027/4488 3861/1388/1308 3860/5030/4491 3881/5029/4490
f 4223/4475/4047 4167/4474/4046 4166/5334/4712 4170/5335/4125
f 4223/4475/4047 4170/5335/4125 4122/5336/4124 4203/3239/3025
f 4203/3239/3025 4122/5336/4124 4118/5337/4123 4202/3240/3026
f 4221/5332/4749 4222/5333/4045 4206/4581/4044 4208/4580/4139
f 4224/3296/3073 4220/3300/3077 4208/4580/4139 4207/4579/4138
f 4225/3297/3074 4224/3296/3073 4207/4579/4138 4210/4578/4137
f 4225/3297/3074 4210/4578/4137 4212/5330/4748 4226/3298/3075
f 4201/5325/4746 4202/3240/3026 4118/5337/4123 4121/5326/4122
f 792/1590/1499 793/1589/1498 814/1620/1528 815/1656/1562 812/4356/3939
f 659/1458/1377 518/3153/2945 519/3152/2944 516/1289/1218 517/1277/1210 666/1275/1208
f 4229/5338/4750 4230/5339/4751 4231/5340/4752
f 4232/3594/3331 4233/5341/4753 4234/2323/2167 4235/2322/2166
f 4236/5342/4754 4237/5343/4755 4238/5344/4756 4239/5345/4757
f 4236/5342/4754 4240/5346/4758 4241/5347/4759 4237/5343/4755
f 4240/5346/4758 4242/5348/4760 4243/5349/4761 4244/5350/4762
f 4242/5348/4760 4240/5346/4758 4236/5342/4754 4239/5345/4757
f 4238/5344/4756 4245/5351/4763 4246/5352/4764 4239/5345/4757
f 4251/5353/4581 4252/4348/3935 4250/4347/3934 4253/5354/4765
f 4231/5340/4752 4230/5339/4751 4256/5130/4579 4254/5133/4582
f 4251/5132/4581 4253/5354/4765 4254/5133/4582
f 4254/5133/4582 4253/5354/4765 4257/5355/4766
f 4248/3592/3329 4257/5355/4766 4253/5354/4765 4250/4347/3934
f 1712/2769/2565 1713/2780/2593 1339/2286/2133 1262/2764/2560 1261/2770/2566
f 4245/5356/4763 4238/5357/4756 4260/2326/2170 4262/2325/2169
f 4260/2326/2170 4238/5357/4756 4237/5358/4755 4259/2327/2171
f 4259/2327/2171 4237/5358/4755 4241/5359/4759 4258/2328/2172
f 4258/2328/2172 4241/5359/4759 4230/5360/4751 4229/5361/4750
f 4263/5362/4767 4247/2329/2173 4258/2328/2172 4229/5361/4750
f 2236/3538/3284 1349/2295/2142 2237/3610/3347 2233/3576/3315 2235/3575/3314 2232/3574/2803 1408/3539/2802
f 4248/3592/3329 4247/2329/2173 4263/5362/4767 4257/5355/4766
f 4256/5363/4579 4230/5364/4751 4241/5347/4759 4240/5346/4758
f 4244/5350/4762 4255/5365/4580 4256/5363/4579 4240/5346/4758
f 4252/4348/3935 4251/5353/4581 4255/5365/4580 4244/5350/4762
f 4264/4344/3931 4252/4348/3935 4244/5350/4762 4243/5349/4761
f 4264/4344/3931 4243/5349/4761 4265/5366/4768 4266/4345/3932
f 4265/5366/4768 4243/5349/4761 4242/5348/4760 4267/5367/4769
f 4267/5367/4769 4242/5348/4760 4239/5345/4757 4246/5352/4764
f 4269/5368/4770 4270/5369/4771 4271/5370/4772
f 4272/5371/4773 4270/5369/4771 4269/5368/4770
f 4254/5133/4582 4257/5355/4766 4263/5372/4767 4229/5338/4750 4231/5340/4752
f 4431/5373/4774 4378/5374/4775 4381/5375/4776 4442/5376/4777 4441/5377/4778 4432/5378/4779
f 4277/5379/2586 4279/5380/4780 4280/5381/4781 4281/5382/4782
f 4280/5381/4781 4282/2856/2666 4283/5383/4783 4281/5382/4782
f 4282/2856/2666 4280/5381/4781 4279/5380/4780 4284/2857/2667
f 3974/5142/4591 4008/5140/4589 4006/5138/4587 4003/5135/4584 4002/5134/4583 4001/4480/4052 3975/5384/4784 4000/4479/4051 3941/5091/4543 3944/5090/4542 3972/5147/4596 3973/5144/4593
f 4289/5385/2583 4287/2851/2661 4286/2850/2660 4290/5386/2584
f 4289/5385/2583 4291/5387/3938 4292/2852/2662 4287/2851/2661
f 2040/3835/3526 1334/2370/2209 1330/2369/2208 1329/4752/4273 1954/4506/4074 1949/3141/2933 1948/3144/2936 1947/3389/3158 2038/2156/2012 2033/2155/2011 2032/3256/3042 2043/3286/3066
f 2104/3384/3153 1896/3072/2871 1900/3080/2879 2102/3367/3138
f 4299/5388/4785 4298/3248/3034 4297/3247/3033 4300/5389/4786
f 3414/340/317 3415/4591/568 3412/3293/572 3386/341/318
f 4278/5390/2585 4284/2857/2667 4279/5380/4780 4277/5391/2586
f 4284/2857/2667 4278/5390/2585 4290/5386/2584 4286/2850/2660
f 4303/5392/4787 4302/3246/3032 4275/4098/3736 4271/5370/4772
f 4300/5389/4786 4297/3247/3033 4302/3246/3032 4303/5392/4787
f 4300/5389/4786 4304/295/272 4305/5393/4788 4299/5388/4785
f 4306/5394/4789 4307/294/271 4308/2853/2663 4309/5395/4790
f 4307/294/271 4306/5394/4789 4305/5393/4788 4304/295/272
f 4194/688/647 4142/4465/4037 4140/4464/4036 4138/4469/4041 4139/684/643
f 4303/5392/4787 4310/290/267 4304/295/272 4300/5389/4786
f 4303/5392/4787 4271/5370/4772 4312/291/268 4310/290/267
f 4272/5371/4773 4269/5368/4770 4274/5396/2588 4276/5397/2587
f 4274/5396/2588 4269/5368/4770 4271/5370/4772 4275/4098/3736
f 4281/5382/4782 4272/5371/4773 4276/5397/2587 4277/5379/2586
f 4313/292/269 4312/291/268 4270/5369/4771 4283/5383/4783
f 4311/293/270 4313/292/269 4285/2855/2665 4288/2854/2664
f 4288/2854/2664 4308/2853/2663 4307/294/271 4311/293/270
f 3658/3755/3458 3657/3754/3457 3654/4789/3733 3655/5398/3505 3656/5399/3504 3666/4807/4320
f 4292/2852/2662 4314/5400/4791 4309/5395/4790 4308/2853/2663
f 4314/5400/4791 4292/2852/2662 4291/5387/3938 4295/5401/3937
f 4283/5383/4783 4270/5369/4771 4272/5371/4773 4281/5382/4782
f 4313/292/269 4283/5383/4783 4282/2856/2666 4285/2855/2665
f 4270/5369/4771 4312/291/268 4271/5370/4772
f 5167/5402/1184 5149/1254/1188 5150/5403/4792 5148/693/652 5170/692/651
f 4318/5404/4793 4319/5405/4794 4320/5406/4795
f 4322/5407/4796 4323/5408/4797 4324/5409/4798 4325/5410/4799
f 3071/4364/2000 3068/3930/3598 3267/5411/3597 3253/3928/3596 3251/2145/2001
f 4329/5412/4800 4330/5413/4801 4331/5414/4802 4332/5415/4803
f 5049/5416/4804 5048/5417/4805 5097/5418/4806 5060/5419/4807 5061/5420/4808 5050/5421/4809
f 1497/4178/3797 1506/2488/2311 1154/2075/1938 1498/2493/2316 1499/2492/2315 1500/3825/3512
f 4336/5422/4810 4337/5423/4811 4338/4842/4344 4334/5424/4812
f 4337/5423/4811 4336/5422/4810 4339/5425/4813 4340/5426/4814
f 4340/5426/4814 4339/5425/4813 4341/5427/3588 4342/5428/3587
f 4340/5426/4814 4342/5428/3587 4322/5407/4796 4325/5410/4799
f 4343/3915/3586 4344/5429/4815 4322/5407/4796 4342/3916/3587
f 4343/3915/3586 4345/3920/3591 4320/5406/4795 4344/5429/4815
f 2478/2235/2085 2479/2234/2084 2473/3956/3571 2474/2696/2503 2475/4031/3677 2476/3360/3131 2477/3359/3130
f 4347/5430/3589 4341/5431/3588 4339/5432/4813 4348/5433/4816
f 4348/5433/4816 4339/5432/4813 4336/5434/4810 4335/5435/4817
f 4348/5433/4816 4335/5435/4817 4349/5436/4818 4350/5437/4819
f 4333/5438/4820 4329/5412/4800 4351/5439/4821 4352/5440/4822
f 4329/5412/4800 4332/5415/4803 4353/5441/4823 4351/5439/4821
f 4353/5441/4823 4354/5442/4824 4355/5443/4825 4351/5439/4821
f 4355/5443/4825 4327/2120/1980 4326/2119/1979 4356/5444/4826
f 4327/2120/1980 4355/5443/4825 4354/5442/4824 4357/5445/4827
f 4356/5444/4826 4352/5440/4822 4351/5439/4821 4355/5443/4825
f 4352/5440/4822 4356/5444/4826 4358/5446/4828 4359/5447/4829
f 4352/5440/4822 4359/5447/4829 4349/5436/4818 4333/5438/4820
f 4359/5447/4829 4360/5448/4830 4350/5437/4819 4349/5436/4818
f 4346/3919/3590 4350/5437/4819 4360/5448/4830 4345/3920/3591
f 4345/3920/3591 4360/5448/4830 4318/5404/4793 4320/5406/4795
f 4360/5448/4830 4359/5447/4829 4358/5446/4828 4318/5404/4793
f 4356/5444/4826 4326/2119/1979 4361/2118/1978 4358/5446/4828
f 435/3536/3283 431/2542/2360 410/750/705 433/805/760
f 1317/1521/1436 1377/1520/1435 1376/2317/2161 1427/695/654 1436/699/658
f 4365/4620/4167 4324/5409/4798 4323/5408/4797 4363/4621/4168
f 4363/4621/4168 4323/5408/4797 4366/5449/4831 4362/2117/1977
f 4366/5449/4831 4323/5408/4797 4322/5407/4796 4344/5429/4815
f 4362/2117/1977 4366/5449/4831 4319/5405/4794 4361/2118/1978
f 4344/5429/4815 4320/5406/4795 4319/5405/4794 4366/5449/4831
f 4338/4842/4344 4337/5423/4811 4324/5409/4798 4365/4620/4167
f 4350/5437/4819 4346/3919/3590 4347/5430/3589 4348/5433/4816
f 4337/5423/4811 4340/5426/4814 4325/5410/4799 4324/5409/4798
f 4330/5413/4801 4317/5450/4832 4316/5451/4833 4367/5452/4834
f 4319/5405/4794 4318/5404/4793 4358/5446/4828 4361/2118/1978
f 217/4511/4079 221/367/344 220/366/343 219/453/430 218/452/429
f 4368/5453/4835 4369/5454/4836 4370/5455/4837
f 4371/5456/4838 4372/5457/4839 4373/5458/4840 4374/5459/4841
f 376/640/601 199/328/305 197/321/298 383/320/297 382/1553/296
f 4378/5374/4775 4379/5460/4842 4380/5461/4843 4381/5375/4776
f 4382/5462/4844 4383/5463/4845 4384/4161/3781 4385/4160/3780
f 4377/1126/1073 4376/1125/1072 4386/5464/4846
f 5219/5465/4847 5221/5466/4848 5222/5467/4849 5220/3036/2840 5210/3035/2839
f 4387/1124/1071 4390/1128/1075 4383/5463/4845 4388/5468/4850
f 4383/5463/4845 4390/1128/1075 4391/5469/4851 4384/4161/3781
f 4384/4161/3781 4391/5469/4851 4392/5470/4852 4393/4162/3782
f 4393/4162/3782 4392/5470/4852 4394/5471/4853 4395/5472/4854
f 4396/5473/4855 4397/5474/4856 4398/5475/4857 4399/5476/4858
f 4397/5474/4856 4400/5477/4859 4401/5478/4860 4398/5475/4857
f 4400/5477/4859 4377/1126/1073 4386/5464/4846 4401/5478/4860
f 4401/5478/4860 4402/5479/4861 4403/5480/4862 4398/5475/4857
f 4402/5479/4861 4401/5478/4860 4386/5464/4846 4389/5481/4863
f 4404/5482/4864 4389/5483/4863 4388/5468/4850 4405/5484/4865
f 4388/5468/4850 4383/5463/4845 4382/5462/4844 4405/5484/4865
f 4405/5484/4865 4382/5462/4844 4385/4160/3780 4406/5485/4866
f 4407/4164/3784 4408/5486/4867 4385/4160/3780
f 106/1518/1433 93/134/117 60/93/76 105/153/134 104/151/132 119/188/168
f 4409/4163/3783 4410/5487/4868 4411/5488/4869 4407/4164/3784
f 4409/4163/3783 4393/4162/3782 4395/5472/4854 4410/5487/4868
f 4410/5487/4868 4412/5489/4870 4413/5490/4871 4411/5488/4869
f 4410/5487/4868 4395/5472/4854 4414/5491/4872 4412/5489/4870
f 4412/5489/4870 4415/5492/4873 4416/5493/4874 4413/5490/4871
f 4415/5492/4873 4412/5489/4870 4414/5491/4872 4417/5494/4875
f 4415/5492/4873 4418/5495/4876 4419/5496/4877 4416/5493/4874
f 4418/5495/4876 4415/5492/4873 4417/5494/4875 4420/5497/4878
f 4419/5496/4877 4418/5495/4876 4421/5498/4879 4422/5499/4880
f 4420/5497/4878 4423/5500/4881 4421/5498/4879 4418/5495/4876
f 4422/5499/4880 4421/5498/4879 4424/5501/4882 4425/5502/4883
f 4424/5501/4882 4421/5498/4879 4423/5500/4881 4426/5503/4884
f 4425/5502/4883 4424/5501/4882 4399/5476/4858 4427/5504/4885
f 4399/5476/4858 4424/5501/4882 4426/5503/4884 4396/5473/4855
f 4427/5504/4885 4428/5505/4886 4371/5456/4838 4425/5502/4883
f 4428/5505/4886 4427/5504/4885 4398/5475/4857 4403/5480/4862
f 4398/5475/4857 4427/5504/4885 4399/5476/4858
f 4429/5506/4887 4403/5480/4862 4402/5479/4861 4430/5507/4888
f 4430/5508/4888 4431/5373/4774 4432/5378/4779 4429/5509/4887
f 4431/5373/4774 4430/5508/4888 4404/5510/4864 4433/5511/4889
f 4430/5507/4888 4402/5479/4861 4389/5481/4863 4404/5512/4864
f 4433/5511/4889 4379/5460/4842 4378/5374/4775 4431/5373/4774
f 4379/5513/4842 4433/5514/4889 4406/5485/4866 4434/5515/4890
f 4433/5514/4889 4404/5482/4864 4405/5484/4865 4406/5485/4866
f 4406/5485/4866 4385/4160/3780 4408/5486/4867 4434/5515/4890
f 4408/5486/4867 4435/5516/4891 4436/5517/4892 4434/5515/4890
f 4435/5516/4891 4408/5486/4867 4407/4164/3784 4411/5488/4869
f 4437/5518/4893 4435/5516/4891 4411/5488/4869 4413/5490/4871
f 4438/5519/4894 4437/5518/4893 4413/5490/4871 4416/5493/4874
f 4438/5519/4894 4416/5493/4874 4419/5496/4877 4439/5520/4895
f 4439/5520/4895 4419/5496/4877 4422/5499/4880 4374/5459/4841
f 4374/5459/4841 4422/5499/4880 4425/5502/4883 4371/5456/4838
f 4428/5505/4886 4440/5521/4896 4372/5457/4839 4371/5456/4838
f 4441/5377/4778 4440/5521/4896 4429/5509/4887 4432/5378/4779
f 4440/5521/4896 4428/5505/4886 4403/5480/4862 4429/5506/4887
f 5265/5522/4897 5264/5523/4898 5274/5524/4899 5275/5525/4900 5214/5526/4901 5213/5527/4902
f 4381/5375/4776 4380/5461/4843 4369/5454/4836 4442/5376/4777
f 4380/5461/4843 4379/5460/4842 4434/5528/4890 4436/5517/4892
f 4370/5455/4837 4436/5517/4892 4435/5516/4891 4437/5518/4893
f 4368/5453/4835 4370/5455/4837 4437/5518/4893 4438/5519/4894
f 4368/5453/4835 4438/5519/4894 4439/5520/4895 4443/5529/4903
f 4443/5529/4903 4439/5520/4895 4374/5459/4841 4373/5458/4840
f 4373/5458/4840 4441/5377/4778 4442/5376/4777 4443/5529/4903
f 4441/5377/4778 4373/5458/4840 4372/5457/4839 4440/5521/4896
f 4442/5376/4777 4369/5454/4836 4368/5453/4835 4443/5529/4903
f 4380/5461/4843 4436/5517/4892 4370/5455/4837 4369/5454/4836
f 4444/5530/4904 4445/5531/4905 4446/5532/4906 4447/5533/4907
f 4448/5534/4908 4449/5535/4909 4446/5532/4906 4445/5531/4905
f 4448/5534/4908 4450/5536/4910 4451/5537/4911 4449/5535/4909
f 4452/5538/4912 4453/5539/4913 4454/5540/1458
f 4455/5541/4914 4456/5542/4915 4457/5543/4916 4458/5544/4917
f 4459/5545/4918 4460/5546/4919 4461/5547/4920 4462/5548/4921
f 4463/5549/4922 4464/5550/4923 4465/5551/4924 4466/5552/4925
f 4464/5550/4923 4467/5553/4926 4468/5554/4927 4465/5551/4924
f 4467/5553/4926 4447/5533/4907 4469/5555/4928 4468/5554/4927
f 4447/5533/4907 4446/5532/4906 4470/5556/4929 4469/5555/4928
f 4446/5532/4906 4449/5535/4909 4471/5557/4930 4470/5556/4929
f 4449/5535/4909 4451/5537/4911 4472/1548/1462 4473/1547/1461
f 4474/5558/4931 4475/5559/4932 4476/5560/1464 4477/5561/1463
f 4478/5562/4933 4479/5563/4934 4452/5538/4912 4475/5559/4932
f 4478/5562/4933 4480/5564/4935 4481/5565/4936 4479/5563/4934
f 4481/5565/4936 4480/5564/4935 4463/5549/4922 4466/5552/4925
f 4481/5565/4936 4466/5552/4925 4458/5544/4917 4482/5566/4937
f 4466/5552/4925 4465/5551/4924 4455/5541/4914 4458/5544/4917
f 4483/5567/4938 4482/5566/4937 4458/5544/4917 4457/5543/4916
f 4457/5543/4916 4459/5545/4918 4462/5548/4921 4483/5567/4938
f 4459/5545/4918 4457/5543/4916 4456/5542/4915 4460/5546/4919
f 4456/5542/4915 4468/5554/4927 4469/5555/4928 4460/5546/4919
f 4460/5546/4919 4469/5555/4928 4470/5556/4929 4461/5547/4920
f 4461/5547/4920 4470/5556/4929 4471/5557/4930 4484/5568/4939
f 4484/5568/4939 4471/5557/4930 4485/1546/1460 4486/1545/1459
f 4473/1547/1461 4485/1546/1460 4471/5557/4930 4449/5535/4909
f 4454/5540/1458 4476/5560/1464 4475/5559/4932 4452/5538/4912
f 4454/1544/1458 4453/5569/4913 4486/1545/1459
f 4487/5570/4940 4486/1545/1459 4453/5569/4913 4488/5571/4941
f 4479/5563/4934 4488/5572/4941 4453/5539/4913 4452/5538/4912
f 4479/5563/4934 4481/5565/4936 4482/5566/4937 4488/5572/4941
f 4488/5573/4941 4482/5566/4937 4483/5567/4938 4487/5574/4940
f 4483/5567/4938 4462/5548/4921 4489/5575/4942 4487/5574/4940
f 4486/1545/1459 4487/5570/4940 4489/5576/4942 4484/5568/4939
f 4484/5568/4939 4489/5576/4942 4462/5548/4921 4461/5547/4920
f 4468/5554/4927 4456/5542/4915 4455/5541/4914 4465/5551/4924
f 4490/5577/4943 4491/5578/4944 4492/5579/4945
f 4493/5580/4946 4494/5581/4947 4495/5582/4948 4496/5583/4949
f 2617/3994/3648 2616/3993/3647 3055/4349/3936 3053/3939/3605 3054/2744/2540 3057/2743/2539
f 4497/5584/4950 4495/5582/4948 4499/5585/4951 4500/5586/4952
f 4501/5587/3416 4497/5584/4950 4500/5586/4952 4502/5588/4953
f 4502/5588/4953 4500/5586/4952 4503/5589/4954 4504/5590/4955
f 4502/5591/4953 4504/5592/4955 4505/5593/4956 4506/5594/4957
f 4507/5595/4958 4503/5589/4954 4500/5586/4952 4499/5585/4951
f 4499/5585/4951 4495/5582/4948 4494/5581/4947 4508/5596/4959
f 4494/5581/4947 4493/5580/4946 4509/5597/4960 4510/5598/4961
f 4511/5599/4962 4512/5600/4963 4513/5601/4964
f 4496/5583/4949 4514/5602/4965 4513/5601/4964 4493/5580/4946
f 4501/5587/3416 4516/5603/3415 4498/5604/4966 4497/5584/4950
f 1228/3840/3529 1229/4743/3532 2430/3842/3531 2429/3841/3530 2428/3839/3528
f 4506/5594/4957 4517/978/926 4501/3696/3416 4502/5591/4953
f 4505/5593/4956 4518/5605/4967 4519/5606/4968 4506/5594/4957
f 4510/5598/4961 4520/5607/4969 4508/5596/4959 4494/5581/4947
f 4520/5607/4969 4510/5598/4961 4521/5608/4970 4522/5609/4971
f 4523/5610/4972 4521/5608/4970 4510/5598/4961 4509/5597/4960
f 4521/5608/4970 4523/5610/4972 4524/5611/4973 4525/4657/4200
f 4526/5612/4974 4511/5599/4962 4527/5613/4975 4528/5614/4976
f 4527/5613/4975 4511/5599/4962 4529/5615/4977
f 4530/5616/4978 4515/5617/4979 4531/5618/3414 4491/5619/4944
f 4515/5617/4979 4498/5604/4966 4516/5603/3415 4531/5618/3414
f 4519/5606/4968 4533/979/927 4517/978/926 4506/5594/4957
f 4533/979/927 4519/5606/4968 4535/4653/4196 4536/4658/4201
f 4535/4653/4196 4519/5606/4968 4518/5605/4967 4537/4654/4197
f 5372/5620/4980 5370/5621/4981 5369/5622/4982 5368/5623/4983 5357/5624/4984 5371/5625/4985
f 4521/5608/4970 4525/4657/4200 4538/4656/4199 4522/5609/4971
f 4525/4657/4200 4524/5611/4973 4540/5626/4986 4536/4658/4201
f 4536/4658/4201 4540/5626/4986 4534/980/928 4533/979/927
f 4540/5626/4986 4541/5627/4987 4542/981/929 4534/980/928
f 4541/5627/4987 4540/5626/4986 4524/5611/4973 4528/5614/4976
f 4541/5627/4987 4543/5628/4988 4490/5577/4943 4542/981/929
f 4543/5628/4988 4541/5627/4987 4528/5614/4976 4527/5613/4975
f 4492/5629/4945 4491/5630/4944 4531/3694/3414 4532/977/925
f 4532/977/925 4542/981/929 4490/5577/4943 4492/5579/4945
f 4530/5616/4978 4529/5615/4977 4514/5602/4965 4515/5617/4979
f 4513/5601/4964 4514/5602/4965 4529/5615/4977 4511/5599/4962
f 4512/5600/4963 4509/5597/4960 4493/5580/4946 4513/5601/4964
f 4528/5614/4976 4524/5611/4973 4523/5610/4972 4526/5612/4974
f 4526/5612/4974 4523/5610/4972 4509/5597/4960 4512/5600/4963
f 4511/5599/4962 4526/5612/4974 4512/5600/4963
f 4544/5631/4989 4545/5632/4990 4546/5633/4991 4547/5634/4992
f 4544/5631/4989 4547/5634/4992 4548/5310/4733 4549/5635/4993
f 4553/5636/4994 4554/5637/4995 4555/5638/4996 4556/5639/4997
f 4549/5635/4993 4548/5310/4733 4557/5309/4732
f 3585/5640/2327 3608/2505/2326 3609/4764/4284 3561/4696/4228 3559/4695/4227
f 4564/5641/4998 4562/2209/2062 4561/2208/2061 4565/5642/4999
f 4562/2209/2062 4564/5641/4998 4566/5643/5000 4567/5644/5001
f 4569/5645/5002 4568/5646/5003 4546/5633/4991 4555/5647/4996
f 4547/5634/4992 4546/5633/4991 4568/5646/5003 4571/5648/5004
f 4555/5647/4996 4546/5633/4991 4545/5632/4990 4556/5649/4997
f 4545/5650/4990 4572/5651/5005 4553/5636/4994 4556/5652/4997
f 4572/5651/5005 4549/5635/4993 4557/5309/4732 4573/5653/5006
f 4549/5635/4993 4572/5651/5005 4545/5650/4990 4544/5631/4989
f 4573/5653/5006 4557/5309/4732 4574/5308/4731 4575/5654/5007
f 4571/5648/5004 4576/5311/4734 4548/5310/4733 4547/5634/4992
f 4576/5311/4734 4571/5648/5004 4577/4796/4309 4578/5312/4735
f 4571/5648/5004 4568/5646/5003 4570/4797/4310 4577/4796/4309
f 4564/5655/4998 4565/5656/4999 4579/4798/4311 4570/4797/4310 4568/5646/5003 4569/5645/5002 4566/5657/5000
f 4580/5658/5008 4565/5642/4999 4561/2208/2061 4560/2211/2064
f 5479/5659/5009 5476/5660/5010 5465/5661/5011 5440/5662/5012 5464/5663/5013 5463/5664/5014
f 4567/5644/5001 4583/1412/1332 4563/1411/1331 4562/2209/2062
f 4567/5644/5001 4585/5665/5015 4550/5666/5016 4583/1412/1332
f 4585/5665/5015 4567/5644/5001 4566/5643/5000 4569/5667/5002
f 4569/5667/5002 4555/5638/4996 4554/5637/4995 4585/5665/5015
f 4585/5665/5015 4554/5637/4995 4551/5668/5017
f 4551/5668/5017 4554/5637/4995 4553/5636/4994 4586/5669/5018
f 4586/5669/5018 4553/5636/4994 4572/5651/5005 4573/5653/5006
f 4586/5669/5018 4573/5653/5006 4575/5654/5007 4587/5670/5019
f 4587/5670/5019 4575/5654/5007 4588/5671/5020 4589/5672/5021
f 4575/5654/5007 4574/5308/4731 4590/5307/4730 4588/5671/5020
f 3384/342/319 3385/3290/3070 3382/4448/4025 3381/343/320
f 4578/5312/4735 4577/4796/4309 4591/4800/4313 4592/5313/4736
f 4591/4800/4313 4593/4799/4312 4594/5673/5022 4592/5313/4736
f 370/674/633 387/673/632 140/214/194 208/676/635 367/678/637 369/1301/1229
f 4579/4798/4311 4595/5674/5023 4596/5675/5024 4593/4799/4312
f 4580/5676/5008 4595/5674/5023 4579/4798/4311 4565/5656/4999
f 4594/5673/5022 4593/4799/4312 4596/5675/5024 4597/5677/5025
f 4600/5306/4729 4598/5678/5026 4601/5679/5027 4602/5680/5028
f 4590/5307/4730 4600/5306/4729 4602/5680/5028 4588/5671/5020
f 4602/5680/5028 4601/5679/5027 4603/5681/5029 4604/5682/5030
f 4588/5671/5020 4602/5680/5028 4604/5682/5030 4589/5672/5021
f 4552/5683/5031 4587/5670/5019 4589/5672/5021 4584/1413/1333
f 4552/5683/5031 4551/5668/5017 4586/5669/5018 4587/5670/5019
f 4584/1413/1333 4589/5672/5021 4604/5682/5030 4582/1414/1334
f 4604/5682/5030 4603/5681/5029 4581/1415/1335 4582/1414/1334
f 4550/5666/5016 4585/5665/5015 4551/5668/5017
f 4605/5684/5032 4606/5685/5033 4607/5686/5034
f 4608/5687/5035 4609/5688/5036 4610/5689/5037 4611/5690/5038
f 4612/5691/5039 4611/5692/5038 4613/4281/3890 4614/4280/3889
f 415/768/723 322/428/405 327/427/404 328/543/514 329/546/515
f 540/2863/2673 541/1462/1381 213/4452/4029 212/2864/2674
f 4618/4193/3810 4619/4192/3809 4620/5693/5040 4621/5694/5041
f 4622/5695/5042 4620/5693/5040 4619/4192/3809 4623/5696/5043
f 4620/5693/5040 4622/5695/5042 4624/5697/5044 4625/5698/5045
f 4623/5696/5043 4619/4192/3809 4626/4191/3808 4627/4285/3892
f 4615/3162/2954 4613/5699/3890 4628/5700/5046 4629/3158/2950
f 4629/3158/2950 4628/5700/5046 4630/5701/5047 4631/5702/5048
f 4628/5700/5046 4610/5689/5037 4609/5688/5036 4630/5701/5047
f 4610/5689/5037 4628/5700/5046 4613/5699/3890 4611/5690/5038
f 560/1162/1106 556/1410/1330 552/1158/1102 606/1157/1101 608/813/768 609/1163/1107
f 4609/5688/5036 4606/5685/5033 4630/5701/5047
f 4607/5686/5034 4609/5688/5036 4608/5703/5035 4633/5704/5049
f 4608/5703/5035 4634/5705/5050 4635/5706/5051 4633/5704/5049
f 4608/5707/5035 4611/5692/5038 4612/5691/5039 4634/5708/5050
f 4635/5706/5051 4636/5709/5052 4637/5710/5053 4633/5704/5049
f 4637/5710/5053 4636/5709/5052 4638/5711/5054 4639/5712/5055
f 4639/5712/5055 4640/5713/5056 4605/5684/5032 4637/5710/5053
f 4640/5713/5056 4639/5712/5055 4641/5714/5057 4642/5715/5058
f 4642/5715/5058 4643/5716/5059 4632/5717/5060 4640/5713/5056
f 4643/5716/5059 4642/5715/5058 4644/5718/5061 4645/5719/5062
f 4645/5719/5062 4646/5720/5063 4647/5721/5064 4643/5716/5059
f 4646/5720/5063 4645/5719/5062 4648/5722/5065 4649/5723/5066
f 3178/4518/4086 3179/3194/2986 3180/4309/3914 2796/2375/2214 2791/2374/2213 3177/3326/3102 3176/4430/4005
f 5461/5724/5067 5449/5725/2962 5484/5726/2961 5485/5727/5068 5486/5728/5069
f 4652/3159/2951 4629/3158/2950 4631/5702/5048 4647/5721/5064
f 4632/5717/5060 4606/5685/5033 4605/5684/5032 4640/5713/5056
f 4647/5721/5064 4646/5720/5063 4653/3160/2952 4652/3159/2951
f 4653/3160/2952 4646/5720/5063 4649/5723/5066 4654/5729/5070
f 4653/3160/2952 4654/5729/5070 4651/5730/3891 4650/3161/2953
f 4655/5731/5071 4648/5722/5065 4645/5719/5062 4644/5718/5061
f 4644/5718/5061 4625/5698/5045 4624/5697/5044 4655/5731/5071
f 4625/5698/5045 4644/5718/5061 4642/5715/5058 4641/5714/5057
f 4639/5712/5055 4638/5711/5054 4621/5694/5041 4641/5714/5057
f 4617/4194/3811 4638/5711/5054 4636/5709/5052 4656/5732/5072
f 4656/5732/5072 4636/5709/5052 4635/5706/5051 4634/5705/5050
f 4656/5732/5072 4614/4280/3889 4616/4190/3807 4617/4194/3811
f 4614/4280/3889 4656/5732/5072 4634/5705/5050 4612/5691/5039
f 4621/5694/5041 4638/5711/5054 4617/4194/3811 4618/4193/3810
f 4625/5698/5045 4641/5714/5057 4621/5694/5041 4620/5693/5040
f 4605/5684/5032 4607/5686/5034 4633/5704/5049 4637/5710/5053
f 4609/5688/5036 4607/5686/5034 4606/5685/5033
f 4657/5733/5073 4658/5734/5074 4659/5735/5075 4660/5736/5076
f 4661/5737/5077 4662/5297/4721 4663/5738/5078 4664/5739/5079
f 142/217/197 141/216/196 393/713/672 5506/683/642 366/682/641 388/681/640 389/680/639 207/679/638 208/676/635 206/677/636 289/468/443 290/479/454
f 4667/1199/1140 4668/3722/3437 4669/1755/1653 4670/1200/1141
f 4671/5740/5080 4672/3721/3436 4673/3720/3435 4674/5741/5081
f 3616/3807/3502 3617/3573/3313 2775/2355/2194 3581/2354/2193
f 1041/1959/1835 1036/1948/1824 1035/1947/1823 1042/1960/1836
f 4680/885/839 4679/889/843 4666/5742/5082 4665/5743/5083
f 4680/885/839 4665/5743/5083 4681/5744/5084 4682/886/840
f 4698/5296/4720 4696/5745/5085 4681/5744/5084 4665/5743/5083 4666/5742/5082 4663/5738/5078 4662/5297/4721
f 3785/5746/3737 3784/4105/3743 3782/4934/4407 3765/4921/4395 3767/4923/4397 3786/4936/4409 3787/4939/4411 3788/4100/3738
f 4684/5747/5086 4685/1202/1143 4686/3856/3543 4683/4762/4282
f 2895/4204/3819 2586/3975/3634 2587/3974/3633 2584/2041/1911 2585/4200/3816 2891/3831/3516 2467/3830/3515 2466/1670/1576 3723/3527/3275 2894/3526/3274
f 4690/3723/3438 4668/3722/3437 4692/828/783 4693/834/789
f 4677/829/784 4692/828/783 4668/3722/3437 4667/1199/1140
f 4682/886/840 4681/5744/5084 4696/5745/5085 4697/5748/5087
f 4697/5748/5087 4696/5745/5085 4660/5736/5076 4659/5735/5075
f 4696/5745/5085 4698/5296/4720 4699/5749/5088 4660/5736/5076
f 4700/4761/4281 4701/4760/4280 4699/5749/5088 4698/5296/4720
f 5517/2514/2333 5518/2513/2332 5506/683/642 393/713/672 394/712/671 392/717/676 390/721/680
f 4702/3853/3540 4686/3856/3543 4685/1202/1143 4687/1201/1142
f 4687/5750/1142 4670/1200/1141 4703/1758/1656 4702/4573/3540
f 3035/4615/4162 2731/4327/3709 2682/550/519 2833/549/518 3032/4320/3919 3033/4326/3922
f 4704/1757/1655 4691/1756/1654 4672/3721/3436 4705/4574/4133
f 4673/3720/3435 4690/3723/3438 4693/834/789 4706/5751/5089
f 4706/5751/5089 4693/834/789 4707/833/788 4708/5752/5090
f 2672/4025/3674 2665/2223/2076 2663/2222/2075 3287/1453/1372 2669/4022/3671
f 4708/5752/5090 4707/833/788 4709/5753/5091 4710/5754/5092
f 4707/833/788 4694/832/787 4695/887/841 4709/5753/5091
f 4709/5753/5091 4697/5748/5087 4659/5735/5075 4710/5754/5092
f 4697/5748/5087 4709/5753/5091 4695/887/841 4682/886/840
f 4710/5754/5092 4659/5735/5075 4658/5734/5074 4711/5755/5093
f 4712/5756/5094 4711/5755/5093 4658/5734/5074 4713/5757/5095
f 4711/5755/5093 4712/5756/5094 4714/5758/5096 4715/5759/5097
f 4674/5741/5081 4714/5760/5096 4716/5761/5098 4671/5740/5080
f 4671/5740/5080 4716/5761/5098 4705/4574/4133 4672/3721/3436
f 4717/4572/3541 4705/4574/4133 4716/5761/5098 4718/5762/5099
f 4717/3854/3541 4718/5763/5099 4719/5764/5100 4720/3855/3542
f 4718/5763/5099 4712/5765/5094 4713/5766/5095 4719/5764/5100
f 4718/5762/5099 4716/5761/5098 4714/5760/5096 4712/5767/5094
f 4721/5768/5101 4713/5757/5095 4658/5734/5074 4657/5733/5073
f 4657/5733/5073 4660/5736/5076 4699/5749/5088 4721/5768/5101
f 4699/5749/5088 4701/4760/4280 4722/5769/5102 4721/5770/5101
f 4713/5766/5095 4721/5770/5101 4722/5769/5102 4719/5764/5100
f 4720/3855/3542 4719/5764/5100 4722/5769/5102 4701/4760/4280
f 641/4509/4077 725/1395/1315 724/1399/1319 723/1068/1015 721/1067/1014 643/499/471 483/498/470 539/1061/1008 642/1532/1446
f 4715/5759/5097 4714/5758/5096 4674/5741/5081 4723/5771/5103
f 4708/5752/5090 4715/5759/5097 4723/5771/5103 4706/5751/5089
f 4715/5759/5097 4708/5752/5090 4710/5754/5092 4711/5755/5093
f 4723/5771/5103 4674/5741/5081 4673/3720/3435 4706/5751/5089
f 4661/5737/5077 4688/1203/1144 4685/1202/1143 4684/5747/5086
f 4684/5747/5086 4683/4762/4282 4662/5297/4721 4661/5737/5077
f 4675/830/785 4677/829/784 4667/1199/1140 4724/5772/5104
f 4724/5772/5104 4667/1199/1140 4689/1198/1139 4725/5773/5105
f 464/948/898 465/949/899 757/1461/1380 638/1208/1149 636/1147/1091
f 4734/4982/4448 4735/4967/4433 4736/4966/4432 4737/4965/4431
f 4741/5774/5106 4742/4979/4445 4743/4978/4444 4744/1183/1124
f 4744/1183/1124 4745/1182/1123 4746/5775/5107 4741/5774/5106
f 4741/5774/5106 4746/5775/5107 4747/4990/4456 4742/4979/4445
f 4214/5776/5108 4147/5267/4695 4150/5270/4698 4216/628/590 4215/627/589
f 4747/5777/4456 4746/5778/5107 4750/5779/5109 4751/5780/5110
f 4751/5780/5110 4752/5781/5111 4748/4988/4454 4747/5777/4456
f 4752/5781/5111 4753/5782/5112 4754/4989/4455 4748/4988/4454
f 4753/5782/5112 4752/5781/5111 4755/5783/5113 4756/5784/5114
f 4756/5784/5114 4757/5785/5115 4758/5786/5116 4753/5782/5112
f 4757/5785/5115 4759/5787/5117 4760/5788/5118 4758/5786/5116
f 4759/5787/5117 4757/5785/5115 4761/905/857 4762/5789/5119
f 4762/5789/5119 4763/5790/5120 4764/5791/5121 4759/5787/5117
f 4765/5792/5122 4764/5791/5121 4763/5790/5120 4766/5793/5123
f 4763/5790/5120 4767/5055/4515 4768/5054/4514 4766/5793/5123
f 3907/19/11 3858/18/10 3857/5008/4472 3860/5030/4491 3864/5794/5124
f 3863/1387/1307 3864/5794/5124 3860/5030/4491 3861/1388/1308
f 273/447/424 216/4512/4080 217/4511/4079 218/452/429 275/449/426
f 1953/3147/2939 1954/4506/4074 1741/2821/2631 1285/2823/2633
f 4779/5795/4479 4778/5796/4478 4780/5023/4484 4781/5022/4483
f 4778/5796/4478 4782/5797/4477 4783/5024/4485 4780/5023/4484
f 4783/5024/4485 4785/5798/5125 4786/5799/5126 4784/5012/4476
f 4784/5012/4476 4786/5799/5126 4787/5800/5127 4771/5009/4473
f 4770/3692/3412 4787/5800/5127 4788/5801/5128 4789/4905/4379
f 1840/2986/2795 1839/2989/2798 1836/2979/2788 1114/2024/1894
f 4765/5792/5122 4766/5793/5123 4769/3693/3413 4790/4904/4378
f 4790/4904/4378 4791/4903/4377 4792/5802/5129 4765/5792/5122
f 4765/5792/5122 4792/5802/5129 4793/5803/5130 4764/5791/5121
f 4760/5788/5118 4759/5787/5117 4764/5791/5121 4793/5803/5130
f 4793/5803/5130 4794/5804/5131 4795/5805/5132 4760/5788/5118
f 4795/5805/5132 4796/5806/5133 4758/5786/5116 4760/5788/5118
f 4796/5806/5133 4795/5805/5132 4738/4984/4450 4740/4983/4449
f 4740/4983/4449 4797/4975/4441 4754/4989/4455 4796/5806/5133
f 4796/5806/5133 4754/4989/4455 4753/5782/5112 4758/5786/5116
f 4797/4975/4441 4740/4983/4449 4737/4965/4431 4798/4964/4430
f 3479/1514/1429 2848/1513/1428 2851/4776/4292 2524/2455/2278 3478/4633/4179
f 177/255/232 176/254/231 371/635/597 368/638/600 369/1301/1229 367/678/637
f 5134/3246/4368 5106/4098/5134 5107/882/836 5108/881/835 5135/880/834
f 3821/2736/2532 3833/2735/2531 3837/4987/4453 3890/5807/4499 3891/5089/4498
f 4799/5808/1126 4801/5809/5135 4802/5810/5136 4800/5811/1122
f 4800/5811/1122 4802/5810/5136 4803/5812/5137 4745/5813/1123
f 4803/5812/5137 4750/5779/5109 4746/5778/5107 4745/5813/1123
f 4804/5814/5138 4805/5815/5139 4750/5779/5109 4803/5812/5137
f 4750/5779/5109 4805/5815/5139 4806/5816/5140 4751/5780/5110
f 4755/5783/5113 4752/5781/5111 4751/5780/5110 4806/5816/5140
f 4806/5816/5140 4807/5817/5141 4808/5818/5142 4755/5783/5113
f 4808/5818/5142 4809/901/853 4756/5784/5114 4755/5783/5113
f 4809/901/853 4761/905/857 4757/5785/5115 4756/5784/5114
f 3939/3137/2929 3937/5088/4541 3900/5048/4508 3853/5004/4468 3901/3138/2930
f 4761/905/857 4810/904/856 4811/5051/4511 4762/5789/5119
f 4767/5055/4515 4763/5790/5120 4762/5789/5119 4811/5051/4511
f 2025/4036/3682 1969/1428/1348 1968/530/502 2023/529/501 2024/4557/4118
f 4811/5051/4511 4812/5050/4510 4813/5056/4516 4767/5055/4515
f 2730/4062/3708 2870/4174/3793 2866/4177/3796 1501/3826/3513 1033/1945/1821 2748/4073/3718
f 4812/5050/4510 4814/5049/4509 4815/5052/4512 4813/5056/4516
f 1878/1316/1240 1877/3044/2848 3403/3422/3187 3405/1317/1241
f 4819/5058/4518 4820/5819/5143 4821/5820/5144 4817/5059/4519
f 4820/5819/5143 4819/5058/4518 4822/5057/4517 4823/5821/5145
f 4820/5819/5143 4823/5821/5145 4824/5018/4482 4777/5017/4481
f 4777/5017/4481 4776/5016/4480 4821/5820/5144 4820/5819/5143
f 4824/5018/4482 4823/5821/5145 4825/5822/5146 4826/5823/5147
f 4824/5018/4482 4826/5823/5147 4827/5824/5148 4782/5013/4477
f 4785/5798/5125 4783/5024/4485 4782/5797/4477 4827/5825/5148
f 4827/5825/5148 4828/5826/5149 4829/5827/5150 4785/5798/5125
f 4829/5827/5150 4830/5828/5151 4786/5799/5126 4785/5798/5125
f 4830/5828/5151 4788/5801/5128 4787/5800/5127 4786/5799/5126
f 4788/5801/5128 4830/5828/5151 4831/5829/5152 4832/5830/5153
f 4788/5801/5128 4832/5830/5153 4833/4906/4380 4789/4905/4379
f 4833/4906/4380 4834/5077/4536 4835/5831/5154 4791/4903/4377
f 4791/4903/4377 4835/5831/5154 4836/5832/5155 4792/5802/5129
f 4835/5831/5154 4727/4969/4435 4729/4977/4443 4836/5832/5155
f 4836/5832/5155 4729/4977/4443 4739/4976/4442 4794/5804/5131
f 4794/5804/5131 4793/5803/5130 4792/5802/5129 4836/5832/5155
f 4834/5077/4536 4728/4970/4436 4727/4969/4435 4835/5831/5154
f 964/1838/1723 959/1818/1707 958/1816/1706 957/1815/1705 934/1783/1679 963/1827/1715
f 4834/5077/4536 4833/4906/4380 4832/5830/5153 4838/5833/4534
f 4839/5076/4535 4840/5834/5156 4730/4981/4447 4732/4980/4446
f 4838/5833/4534 4832/5830/5153 4831/5829/5152 4839/5835/4535
f 4839/5835/4535 4831/5829/5152 4841/5836/5157 4840/5837/5156
f 4801/5838/5135 4799/5839/1126 4840/5837/5156 4841/5836/5157
f 4841/5836/5157 4829/5827/5150 4828/5826/5149 4801/5838/5135
f 4801/5809/5135 4828/5840/5149 4842/5841/5158 4802/5810/5136
f 4804/5814/5138 4803/5812/5137 4802/5810/5136 4842/5841/5158
f 4842/5841/5158 4826/5823/5147 4825/5822/5146 4804/5814/5138
f 4804/5814/5138 4825/5822/5146 4843/5842/5159 4805/5815/5139
f 4807/5817/5141 4806/5816/5140 4805/5815/5139 4843/5842/5159
f 4843/5842/5159 4822/5057/4517 4844/1376/1296 4807/5817/5141
f 4807/5817/5141 4844/1376/1296 4845/1375/1295 4808/5818/5142
f 4845/1375/1295 4846/1374/1294 4847/902/854 4809/901/853 4808/5818/5142
f 919/1420/1340 954/1419/1339 940/1829/1685 955/5843/1716 956/1813/1704
f 40/60/52 29/41/33 22/30/22 38/3064/2865 39/57/49
f 4843/5842/5159 4825/5822/5146 4823/5821/5145 4822/5057/4517
f 4828/5840/5149 4827/5824/5148 4826/5823/5147 4842/5841/5158
f 4841/5836/5157 4831/5829/5152 4830/5828/5151 4829/5827/5150
f 4799/1185/1126 4731/1184/1125 4730/4981/4447 4840/5834/5156
f 3453/1118/1065 3229/4605/4156 1890/4482/4054 1888/2841/2651 3439/1119/1066
f 4794/5804/5131 4739/4976/4442 4738/4984/4450 4795/5805/5132
f 4853/3414/3179 4854/5844/5160 4851/5845/5161 4850/3415/3180
f 5169/1252/1186 5183/5846/5162 5166/5847/5163 5162/5848/5164 5165/1253/1187
f 4855/5115/4567 4856/5118/4570 4857/5849/5165 4858/1007/954
f 4857/5849/5165 4859/5850/5166 4860/5851/5167 4858/1007/954
f 4861/4831/4339 4855/5115/4567 4858/1007/954 4862/1006/953
f 4863/5852/5168 4864/4616/4163 4865/1009/956 4866/5853/5169
f 4867/5854/5170 4868/5855/5171 4869/5116/4568 4870/4830/4338
f 4871/5856/5172 4872/5857/5173 4873/5858/5174
f 4874/4827/4335 4875/4826/4334 4876/5859/5175 4877/4828/4336
f 4878/5860/5176 4879/5861/5177 4880/4829/4337 4877/4828/4336
f 590/1134/1081 592/1137/1084 543/1141/1087 544/1465/1384 542/1464/1383
f 4885/5862/5178 4886/5161/4604 4887/5160/4603 4888/5863/5179
f 4889/5864/5180 4890/5865/5181 4886/5161/4604 4885/5862/5178
f 4888/5863/5179 4891/4724/4251 4892/4723/4250 4885/5862/5178
f 3728/3833/3518 3730/3832/3517 2493/4874/495 3729/5866/494
f 4895/4721/4248 4871/5856/5172 4873/5858/5174 4894/4722/4249
f 4896/4720/4247 4897/5867/5182 4871/5856/5172 4895/4721/4248
f 4897/5867/5182 4898/5868/5183 4899/5869/5184 4871/5856/5172
f 4898/5868/5183 4900/5870/5185 4860/5851/5167 4899/5869/5184
f 4898/5868/5183 4866/5853/5169 4900/5870/5185
f 4866/5853/5169 4865/1009/956 4901/1008/955 4900/5870/5185
f 1269/2199/2052 1266/2190/2043 1496/4833/4341 2361/4588/4145 2356/3734/3446 1270/2200/2053
f 4864/4616/4163 4904/5871/4165 4902/1010/957 4865/1009/956
f 4902/1010/957 4904/5871/4165 4905/5872/4164 4906/5873/5186
f 4907/5874/5187 4908/5875/5188 4906/5873/5186 4905/5872/4164
f 4852/5876/5189 4907/5877/5187 4905/4617/4164 4909/3416/3181 4850/3415/3180 4851/5845/5161
f 1700/1664/1570 1699/2745/2541 1237/2165/2021 1263/2761/2557 1702/2760/2556 1703/1665/1571
f 4910/3406/3171 4864/4616/4163 4863/5852/5168 4911/3407/3172
f 4774/5010/4474 4771/5009/4473 4787/5800/5127 4770/3692/3412 4773/3691/3411
f 4912/3408/3173 4911/3407/3172 4913/5878/5190 4914/5879/5191
f 4914/5879/5191 4915/5880/5192 4916/3409/3174 4912/3408/3173
f 4915/5880/5192 4917/5881/5193 4918/3410/3175 4916/3409/3174
f 4584/1413/1333 4583/1412/1332 4550/5666/5016 4551/5668/5017 4552/5683/5031
f 4919/5882/5194 4883/3411/3176 4918/3410/3175 4917/5881/5193
f 4882/3412/3177 4883/3411/3176 4919/5882/5194 4920/5883/5195
f 4921/5884/5196 4881/3413/3178 4882/3412/3177 4920/5883/5195
f 4854/5844/5160 4853/3414/3179 4881/3413/3178 4921/5884/5196
f 4921/5885/5196 4922/5886/5197 4923/5887/5198 4854/5888/5160
f 4854/5888/5160 4923/5887/5198 4924/5889/5199 4851/5890/5161
f 4851/5891/5161 4924/5892/5199 4925/5893/5200 4852/5894/5189
f 4925/5893/5200 4908/5875/5188 4907/5874/5187 4852/5894/5189
f 4908/5875/5188 4925/5893/5200 4926/5895/5201 4876/5859/5175
f 4908/5875/5188 4876/5859/5175 4875/4826/4334 4906/5873/5186
f 4875/4826/4334 4903/1011/958 4902/1010/957 4906/5873/5186
f 4926/5895/5201 4925/5893/5200 4924/5892/5199 4937/5896/5202 4879/5861/5177 4878/5860/5176
f 4878/5860/5176 4877/4828/4336 4876/5859/5175 4926/5895/5201
f 4922/5886/5197 4928/662/621 4927/4930/4403 4923/5887/5198
f 4928/662/621 4922/5886/5197 4929/5162/4605 4930/663/622
f 3069/2142/1998 3249/2141/1997 3246/2288/2135 2716/2292/2139
f 4920/5897/5195 4919/5898/5194 4931/5163/4606 4929/5162/4605
f 4931/5163/4606 4919/5898/5194 4917/5881/5193 4932/5899/5203
f 4891/4724/4251 4888/5863/5179 4932/5899/5203 4933/4725/4252
f 4932/5899/5203 4888/5863/5179 4887/5160/4603 4931/5163/4606
f 4932/5899/5203 4917/5881/5193 4915/5880/5192 4933/4725/4252
f 4915/5880/5192 4914/5879/5191 4896/4720/4247 4933/4725/4252
f 4914/5879/5191 4913/5878/5190 4897/5867/5182 4896/4720/4247
f 4922/5886/5197 4921/5885/5196 4920/5897/5195 4929/5162/4605
f 4042/5182/4621 4025/869/823 4020/868/822 4019/3603/3340 4027/3602/3339
f 4330/5413/4801 4335/5435/4817 4336/5434/4810 4334/5900/4812 4317/5450/4832
f 4924/5889/5199 4923/5887/5198 4927/4930/4403 4936/4929/4402 4937/5901/5202
f 4937/5901/5202 4936/4929/4402 4938/5902/5204 4939/5903/5205
f 4937/5896/5202 4939/5904/5205 4940/5905/5206 4879/5861/5177
f 4187/5262/4690 4164/5261/4689 4161/5285/4709 4160/5906/4708 4186/5304/4727 4115/5305/4728
f 4939/5904/5205 4941/5907/5207 4942/5908/5208 4940/5905/5206
f 4942/5908/5208 4943/5909/5209 4944/5910/5210 4940/5905/5206
f 4944/5910/5210 4880/4829/4337 4879/5861/5177 4940/5905/5206
f 4943/5909/5209 4945/5911/5211 4867/5854/5170 4944/5910/5210
f 4944/5910/5210 4867/5854/5170 4870/4830/4338 4880/4829/4337
f 4946/5912/5212 4938/5902/5204 4947/5913/5213 4948/5914/5214
f 4948/5914/5214 4947/5913/5213 4949/5915/5215 4950/5916/5216
f 4938/5902/5204 4936/4929/4402 4935/661/620 4947/5913/5213
f 4947/5913/5213 4935/661/620 4951/660/619 4949/5915/5215
f 4890/5865/5181 4952/5917/5217 4949/5915/5215 4951/660/619
f 4934/664/623 4886/5161/4604 4890/5865/5181 4951/660/619
f 4946/5912/5212 4941/5918/5207 4939/5903/5205 4938/5902/5204
f 4911/3407/3172 4863/5852/5168 4866/5853/5169 4913/5878/5190
f 4858/1007/954 4860/5851/5167 4900/5870/5185 4901/1008/955
f 3761/1867/1751 3758/1866/1750 3753/4915/4389 3756/4918/4392 3771/4928/4401
f 3993/3742/3451 3953/3741/3450 3952/1002/949 3959/1001/948 3970/5109/4561 3966/5105/4557 3965/5104/4556 3968/5107/4559
f 4899/5869/5184 4860/5851/5167 4859/5850/5166 4872/5857/5173
f 4898/5868/5183 4897/5867/5182 4913/5878/5190
f 4913/5878/5190 4866/5853/5169 4898/5868/5183
f 4871/5856/5172 4899/5869/5184 4872/5857/5173
f 4953/5919/5218 4954/5920/5219 4955/5921/5220 4956/5922/5221
f 4953/5919/5218 4956/5922/5221 4957/5923/5222
f 4958/5924/5223 4959/5925/5224 4960/5926/5225
f 4961/5927/5226 4962/5928/5227 4963/5929/5228
f 4964/1615/1523 4965/1614/1522 4966/5930/5229 4967/5931/5230
f 4968/5932/5231 4964/1615/1523 4967/5931/5230
f 4967/5931/5230 4969/5933/5232 4970/5934/5233 4968/5932/5231
f 4968/5932/5231 4970/5934/5233 4971/5935/5234 4972/5936/5235
f 4972/5936/5235 4973/5937/5236 4974/1617/1525 4975/1616/1524
f 4975/1616/1524 4964/1615/1523 4968/5932/5231 4972/5936/5235
f 4129/3486/3244 4131/4514/4082 4187/5262/4690 4115/5305/4728 4116/5302/4726 4117/3487/3245
f 4977/1613/1521 4978/5938/5237 4954/5920/5219 4965/1614/1522
f 4954/5920/5219 4978/5938/5237 4979/5939/5238 4955/5921/5220
f 4963/5929/5228 4956/5922/5221 4955/5921/5220 4961/5927/5226
f 4980/5940/5239 4957/5923/5222 4956/5922/5221 4963/5929/5228
f 4980/5940/5239 4981/5941/5240 4982/5942/5241 4957/5923/5222
f 4966/5930/5229 4953/5919/5218 4957/5923/5222 4982/5942/5241
f 4982/5942/5241 4969/5933/5232 4967/5931/5230 4966/5930/5229
f 4969/5933/5232 4982/5942/5241 4981/5941/5240 4960/5943/5225
f 4960/5943/5225 4959/5925/5224 4970/5934/5233 4969/5933/5232
f 4959/5925/5224 4983/5944/5242 4971/5935/5234 4970/5934/5233
f 4971/5935/5234 4983/5944/5242 4984/5945/5243 4985/5946/5244
f 4985/5946/5244 4973/5937/5236 4972/5936/5235 4971/5935/5234
f 4973/5937/5236 4985/5946/5244 4986/5947/5245 4987/5948/5246
f 4973/5937/5236 4987/5948/5246 4988/5949/5247 4974/1617/1525
f 4974/1617/1525 4988/5949/5247 4989/5950/5248 4976/1618/1526
f 4976/1618/1526 4989/5950/5248 4990/5951/5249 4991/5952/5250
f 4977/1613/1521 4976/1618/1526 4991/5952/5250 4978/5938/5237
f 4992/5244/4676 4979/5939/5238 4978/5938/5237 4991/5952/5250
f 4993/5243/4675 4994/5953/5251 4979/5939/5238 4992/5244/4676
f 4994/5953/5251 4961/5927/5226 4955/5921/5220 4979/5939/5238
f 4994/5953/5251 4993/5243/4675 4995/5954/5252 4996/5955/5253
f 4962/5928/5227 4961/5927/5226 4994/5953/5251 4996/5955/5253
f 4996/5955/5253 4995/5954/5252 4997/5956/5254 4998/5957/5255
f 4998/5957/5255 4999/5958/5256 4962/5928/5227 4996/5955/5253
f 4999/5958/5256 4998/5957/5255 5000/5959/5257 5001/5960/5258
f 4981/5961/5240 4980/5962/5239 4999/5958/5256 5001/5960/5258
f 5001/5963/5258 4958/5924/5223 4960/5926/5225 4981/5964/5240
f 5000/5965/5257 5002/5966/5259 4958/5924/5223 5001/5963/5258
f 5002/5966/5259 5000/5965/5257 5003/5967/5260 5004/5968/5261
f 5004/5968/5261 4984/5945/5243 4983/5944/5242 5002/5966/5259
f 4983/5944/5242 4959/5925/5224 4958/5924/5223 5002/5966/5259
f 5005/5969/5262 4986/5947/5245 4985/5946/5244 4984/5945/5243
f 4986/5947/5245 5005/5969/5262 5006/5970/5263 5007/5971/5264
f 5008/5972/5265 4987/5948/5246 4986/5947/5245 5007/5971/5264
f 5009/5973/5266 4988/5949/5247 4987/5948/5246 5008/5972/5265
f 5010/5974/5267 4989/5950/5248 4988/5949/5247 5009/5973/5266
f 5011/5975/5268 4990/5951/5249 4989/5950/5248 5010/5974/5267
f 5012/5245/4677 4992/5244/4676 4991/5952/5250 4990/5951/5249
f 4993/5243/4675 5015/5242/4674 5016/5976/5269 4995/5954/5252
f 4995/5954/5252 5016/5976/5269 5017/5977/5270 4997/5956/5254
f 5017/5977/5270 5018/5978/5271 5003/5979/5260 4997/5956/5254
f 5003/5979/5260 5000/5959/5257 4998/5957/5255 4997/5956/5254
f 5018/5980/5271 5019/5981/5272 5004/5968/5261 5003/5967/5260
f 5020/5982/5273 5006/5970/5263 5005/5969/5262 5019/5981/5272
f 5019/5981/5272 5005/5969/5262 4984/5945/5243 5004/5968/5261
f 5021/5983/5274 5016/5976/5269 5015/5242/4674 5014/5247/4679
f 5022/5984/5275 5017/5977/5270 5016/5976/5269 5021/5983/5274
f 5018/5978/5271 5017/5977/5270 5022/5984/5275 5023/5985/5276
f 5023/5986/5276 5020/5982/5273 5019/5981/5272 5018/5980/5271
f 4999/5958/5256 4980/5962/5239 4963/5929/5228 4962/5928/5227
f 4965/1614/1522 4954/5920/5219 4953/5919/5218 4966/5930/5229
f 5024/2539/2357 5025/2538/2356 5026/1543/1457 5027/1542/1456
f 5028/5987/5277 5029/5988/5278 5030/5989/5279 5031/5990/5280
f 5032/5991/5281 5033/5992/5282 5029/5988/5278 5028/5987/5277
f 5037/5993/5283 5038/5994/5284 5035/5995/5285 5034/5996/5286
f 5038/5994/5284 5037/5993/5283 5039/5997/5287 5040/5998/5288
f 5039/5997/5287 5041/4385/3963 5042/4384/3962 5040/5998/5288
f 5039/5997/5287 5037/5993/5283 5043/5999/5289 5041/4385/3963
f 5044/6000/5290 5045/6001/5291 5046/1314/1238 5047/1313/1237
f 5044/6000/5290 5047/1313/1237 5048/5417/4805 5049/5416/4804
f 5044/6000/5290 5049/5416/4804 5050/5421/4809 5045/6001/5291
f 5053/1312/1236 5052/1311/1235 5054/6002/5292 5055/6003/5293
f 5054/6002/5292 5056/6004/5294 5055/6003/5293
f 5055/6003/5293 5048/5417/4805 5047/1313/1237 5053/1312/1236
f 4334/5424/4812 4338/4842/4344 4315/4841/4343 4316/5451/4833 4317/5450/4832
f 969/1847/1732 986/1863/1747 987/818/773 972/817/772 991/816/771 990/1876/1760
f 5062/6005/5295 5033/5992/5282 5063/6006/5296 5064/6007/5297
f 5032/5991/5281 5065/6008/5298 5063/6006/5296 5033/5992/5282
f 5066/6009/5299 5063/6006/5296 5065/6008/5298 5067/6010/5300
f 5064/6007/5297 5063/6006/5296 5066/6009/5299 5068/6011/5301
f 5069/6012/5302 5070/6013/5303 5068/6011/5301 5071/1432/1352
f 5072/6014/5304 5069/6012/5302 5071/1432/1352 5073/1431/1351
f 5073/1431/1351 5074/6015/5305 5075/6016/5306 5072/6014/5304
f 5075/6017/5306 5038/5994/5284 5040/5998/5288 5072/6018/5304
f 5038/5994/5284 5075/6017/5306 5076/6019/5307 5035/5995/5285
f 5035/5995/5285 5076/6019/5307 5077/2541/2359 5036/2540/2358
f 3386/341/318 3387/3295/3072 3388/2843/2653 3384/342/319
f 4816/5053/4513 4772/3690/3410 4769/3693/3413 4766/5793/5123 4768/5054/4514
f 231/6020/5308 217/4511/4079 239/4510/4078 240/414/391 237/407/384 236/406/383 235/405/382 228/377/354
f 5079/6021/5309 5057/4386/3964 5041/4385/3963 5043/5999/5289
f 5059/4383/3961 5070/6013/5303 5069/6012/5302 5042/4384/3962
f 5072/6018/5304 5040/5998/5288 5042/4384/3962 5069/6012/5302
f 5068/6011/5301 5070/6013/5303 5080/1539/1453 5064/6007/5297
f 5081/6022/1452 5062/6005/5295 5064/6007/5297 5080/1539/1453
f 5081/6022/1452 5026/6023/1457 5082/4701/4233 5062/6005/5295
f 1495/567/536 2646/566/535 2645/4015/3664 1496/4833/4341 1266/2190/2043 1265/1423/1343
f 5083/4700/4232 5084/6024/5310 5085/6025/5311 5086/6026/5312 5030/5989/5279 5029/5988/5278 5033/5992/5282 5062/6005/5295 5082/4701/4233
f 5087/6027/5313 5088/6028/5314 5050/6029/4809 5061/6030/4808
f 5087/6027/5313 5085/6025/5311 5084/6024/5310 5088/6028/5314
f 5084/6024/5310 5083/4700/4232 5089/4699/4231 5088/6028/5314
f 5089/4699/4231 5090/4698/4230 5046/6031/1238 5045/6032/5291
f 5045/6032/5291 5050/6029/4809 5088/6028/5314 5089/4699/4231
f 1032/1944/1820 2750/4107/3745 2749/3847/3534 2432/4072/3717 2433/4074/3719 1033/1945/1821
f 5051/6033/1239 5046/6031/1238 5090/4698/4230 5091/4697/4229
f 5025/6034/2356 5091/4697/4229 5082/4701/4233 5026/6023/1457
f 1002/1908/1787 1000/6035/3965 999/1904/1783 1011/1903/1782 1024/1925/1804 1026/1924/1803 1012/1905/1784
f 5070/6013/5303 5059/4383/3961 5058/1540/1454 5080/1539/1453
f 912/1761/1659 913/1764/1662 914/4494/4065 899/1744/1645 911/1760/1658
f 5057/4386/3964 5079/6021/5309 5092/1541/1455 5058/1540/1454
f 5051/6033/1239 5091/4697/4229 5025/6034/2356 5078/6036/2355
f 5051/1315/1239 5078/6037/2355 5077/6038/2359 5052/1311/1235
f 5054/6002/5292 5052/1311/1235 5077/6038/2359 5076/6039/5307
f 5074/6015/5305 5054/6002/5292 5076/6039/5307 5075/6016/5306
f 5093/6040/5315 5094/6041/5316 5095/6042/5317 5056/6004/5294
f 5095/6042/5317 5096/6043/5318 5055/6003/5293 5056/6004/5294
f 5096/6043/5318 5097/5418/4806 5048/5417/4805 5055/6003/5293
f 5074/6015/5305 5073/1431/1351 5098/1430/1350 5093/6040/5315
f 5098/1430/1350 5099/1435/1355 5094/6041/5316 5093/6040/5315
f 5043/5999/5289 5037/5993/5283 5034/5996/5286 5035/5995/5285 5036/2540/2358 5024/2539/2357 5027/1542/1456 5092/1541/1455 5079/6021/5309
f 5100/1433/1353 5066/6009/5299 5067/6010/5300 5101/1434/1354
f 5066/6009/5299 5100/1433/1353 5071/1432/1352 5068/6011/5301
f 5093/6040/5315 5056/6004/5294 5054/6002/5292 5074/6015/5305
f 3485/4626/4172 3487/4628/4174 2153/3455/3219 2154/3454/3218 2149/3444/3208
f 5102/5368/5319 5103/5370/5320 5104/5369/5321
f 5105/5371/5322 5102/5368/5319 5104/5369/5321
f 2368/3801/3500 2371/3758/3461 2364/1357/1281 2365/1356/1280 2366/3756/3459 2367/3757/3460
f 763/1527/1441 762/1526/806 718/1486/805 715/1487/1402
f 5112/5381/5323 5113/5380/5324 5110/5379/838 5114/5382/5325
f 5112/5381/5323 5114/5382/5325 5115/5383/5326 5116/2856/3524
f 5113/5380/5324 5112/5381/5323 5116/2856/3524 5117/2857/3523
f 1206/4470/4042 1808/2935/2744 1804/2938/2747 1807/4035/3681 1802/4034/3680
f 5122/5385/830 5123/5386/829 5119/2850/3522 5121/2851/3521
f 5124/2852/5327 5125/5387/4017 5122/5385/830 5121/2851/3521
f 1197/2116/1976 1366/2439/2264 1367/2438/2263 1368/3707/3422 1369/3698/3417
f 5132/5388/5328 5133/5389/5329 5131/3247/4370 5130/3248/4369
f 5111/5390/828 5110/5391/838 5113/5380/5324 5117/2857/3523
f 5117/2857/3523 5119/2850/3522 5123/5386/829 5111/5390/828
f 5136/5392/5330 5103/5370/5320 5106/4098/5134 5134/3246/4368
f 5134/3246/4368 5131/3247/4370 5133/5389/5329 5136/5392/5330
f 5133/5389/5329 5132/5388/5328 5137/5393/5331 5138/295/2571
f 5139/5394/5332 5140/5395/5333 5141/2853/5334 5142/294/2572
f 5138/295/2571 5137/5393/5331 5139/5394/5332 5142/294/2572
f 5136/5392/5330 5133/5389/5329 5138/295/2571 5144/290/2570
f 5136/5392/5330 5144/290/2570 5145/291/2569 5103/5370/5320
f 5105/5371/5322 5109/5397/837 5107/5396/836 5102/5368/5319
f 5106/4098/5134 5103/5370/5320 5102/5368/5319 5107/5396/836
f 5114/5382/5325 5110/5379/838 5109/5397/837 5105/5371/5322
f 5146/292/2568 5115/5383/5326 5104/5369/5321 5145/291/2569
f 5143/293/2567 5120/2854/3520 5118/2855/3519 5146/292/2568
f 5120/2854/3520 5143/293/2567 5142/294/2572 5141/2853/5334
f 5141/2853/5334 5124/2852/5327 5121/2851/3521 5120/2854/3520
f 5124/2852/5327 5141/2853/5334 5140/5395/5333 5147/5400/5335
f 5147/5400/5335 5127/5401/4018 5125/5387/4017 5124/2852/5327
f 5115/5383/5326 5114/5382/5325 5105/5371/5322 5104/5369/5321
f 5146/292/2568 5118/2855/3519 5116/2856/3524 5115/5383/5326
f 5104/5369/5321 5103/5370/5320 5145/291/2569
f 3726/1753/1651 2883/997/944 2789/996/943 2797/1637/1543
f 5151/6044/5336 5152/6045/5337 5153/6046/5338
f 5155/6047/5339 5156/6048/5340 5157/6049/5341 5158/6050/5342
f 5162/5848/5164 5163/6051/5343 5164/6052/5344 5165/1253/1187
f 4335/5435/4817 4330/5413/4801 4329/5412/4800 4333/5438/4820 4349/5436/4818
f 1303/2063/1927 1356/2302/2147 1359/2304/2148 1306/2064/1928
f 5168/6053/1185 5167/5402/1184 5170/692/651 5171/6054/5345
f 5171/6054/5345 5172/6055/5346 5173/6056/5347 5168/6053/1185
f 5172/6055/5346 5174/6057/529 5175/6058/528 5173/6056/5347
f 5172/6055/5346 5158/6050/5342 5157/6049/5341 5174/6057/529
f 5157/6049/5341 5176/6059/5348 5177/561/530 5174/560/529
f 5177/561/530 5176/6059/5348 5152/6045/5337 5178/562/531
f 2514/4809/4321 2515/4808/4277 2513/3914/3585 2512/3913/3584 2867/4171/3790 2435/3872/3550 2434/3871/3549 2437/3874/3552 2436/3873/3551
f 5180/6060/527 5181/6061/5349 5173/6062/5347 5175/6063/528
f 5181/6061/5349 5169/1252/1186 5168/1251/1185 5173/6062/5347
f 5181/6061/5349 5182/6064/5350 5183/5846/5162 5169/1252/1186
f 5166/5847/5163 5184/6065/5351 5185/6066/5352 5162/5848/5164
f 5162/5848/5164 5185/6066/5352 5186/6067/5353 5163/6051/5343
f 5186/6067/5353 5185/6066/5352 5187/6068/5354 5188/6069/5355
f 5187/6068/5354 5189/6070/5356 5159/4440/4015 5161/4439/4014
f 5161/4439/4014 5190/6071/5357 5188/6069/5355 5187/6068/5354
f 5189/6070/5356 5187/6068/5354 5185/6066/5352 5184/6065/5351
f 5184/6065/5351 5191/6072/5358 5192/6073/5359 5189/6070/5356
f 5184/6065/5351 5166/5847/5163 5183/5846/5162 5191/6072/5358
f 5191/6072/5358 5183/5846/5162 5182/6064/5350 5193/6074/5360
f 5179/563/532 5178/562/531 5193/6074/5360 5182/6064/5350
f 5178/562/531 5152/6045/5337 5151/6044/5336 5193/6074/5360
f 5193/6074/5360 5151/6044/5336 5192/6073/5359 5191/6072/5358
f 5189/6070/5356 5192/6073/5359 5194/4441/4016 5159/4440/4015
f 3467/4363/3946 3520/4362/3945 3523/4661/4204 3471/4619/4166
f 5198/691/650 5196/1937/1815 5156/6048/5340 5155/6047/5339
f 5199/6075/5361 5156/6048/5340 5196/1937/1815 5195/1940/1818
f 5157/6049/5341 5156/6048/5340 5199/6075/5361 5176/6059/5348
f 5195/1940/1818 5194/4441/4016 5153/6046/5338 5199/6075/5361
f 5153/6046/5338 5152/6045/5337 5176/6059/5348 5199/6075/5361
f 5170/692/651 5198/691/650 5155/6047/5339 5171/6054/5345
f 5182/6064/5350 5181/6061/5349 5180/6060/527 5179/563/532
f 5171/6054/5345 5155/6047/5339 5158/6050/5342 5172/6055/5346
f 5165/1253/1187 5200/6076/5362 5150/5403/4792 5149/1254/1188
f 5192/6073/5359 5151/6044/5336 5153/6046/5338 5194/4441/4016
f 5201/6077/5363 5202/6078/5364 5203/6079/5365
f 5204/6080/5366 5205/6081/5367 5206/6082/5368 5207/6083/5369
f 588/1135/1082 590/1134/1081 542/1464/1383 540/2863/2673
f 5211/6084/5370 5212/6085/5371 5213/5527/4902 5214/5526/4901
f 5215/6086/5372 5216/4186/3803 5217/4185/3802 5218/6087/5373
f 5209/3039/2843 5219/6088/4847 5210/6089/2839
f 1016/1931/1810 1018/1932/1811 1017/1921/1800 989/1877/1761 1008/1900/1779 1015/1909/1788
f 5220/3036/2840 5222/5467/4849 5218/6087/5373 5223/3037/2841
f 5218/6087/5373 5217/4185/3802 5224/6090/5374 5223/3037/2841
f 5217/4185/3802 5225/4189/3806 5226/6091/5375 5224/6090/5374
f 5225/4189/3806 5227/6092/5376 5228/6093/5377 5226/6091/5375
f 5229/6094/5378 5230/6095/5379 5231/6096/5380 5232/6097/5381
f 5232/6097/5381 5231/6096/5380 5233/6098/5382 5234/6099/5383
f 5234/6099/5383 5233/6098/5382 5219/6088/4847 5209/3039/2843
f 5235/6100/5384 5236/6101/5385 5233/6098/5382 5231/6096/5380
f 5236/6101/5385 5221/6102/4848 5219/6088/4847 5233/6098/5382
f 5237/6103/5386 5238/6104/5387 5222/5467/4849 5221/5466/4848
f 5222/5467/4849 5238/6104/5387 5215/6086/5372 5218/6087/5373
f 5238/6104/5387 5239/6105/5388 5216/4186/3803 5215/6086/5372
f 5240/4187/3804 5216/4186/3803 5241/6106/5389
f 404/912/864 409/749/704 407/748/703 402/916/868
f 5242/4188/3805 5240/4187/3804 5243/6107/5390 5244/6108/5391
f 5242/4188/3805 5244/6108/5391 5227/6092/5376 5225/4189/3806
f 5244/6108/5391 5243/6107/5390 5245/6109/5392 5246/6110/5393
f 5247/6111/5394 5227/6092/5376 5244/6108/5391 5246/6110/5393
f 5246/6110/5393 5245/6109/5392 5248/6112/5395 5249/6113/5396
f 5249/6113/5396 5250/6114/5397 5247/6111/5394 5246/6110/5393
f 5249/6113/5396 5248/6112/5395 5251/6115/5398 5252/6116/5399
f 5252/6116/5399 5253/6117/5400 5250/6114/5397 5249/6113/5396
f 5251/6115/5398 5254/6118/5401 5255/6119/5402 5252/6116/5399
f 5255/6119/5402 5256/6120/5403 5253/6117/5400 5252/6116/5399
f 5254/6118/5401 5257/6121/5404 5258/6122/5405 5255/6119/5402
f 5258/6122/5405 5259/6123/5406 5256/6120/5403 5255/6119/5402
f 5257/6121/5404 5260/6124/5407 5230/6095/5379 5258/6122/5405
f 5230/6095/5379 5229/6094/5378 5259/6123/5406 5258/6122/5405
f 5260/6124/5407 5257/6121/5404 5204/6080/5366 5261/6125/5408
f 5261/6125/5408 5235/6100/5384 5231/6096/5380 5260/6124/5407
f 5231/6096/5380 5230/6095/5379 5260/6124/5407
f 5262/6126/5409 5263/6127/5410 5236/6101/5385 5235/6100/5384
f 5263/6128/5410 5262/6129/5409 5264/5523/4898 5265/5522/4897
f 5265/5522/4897 5266/6130/5411 5237/6131/5386 5263/6128/5410
f 5263/6127/5410 5237/6132/5386 5221/6102/4848 5236/6101/5385
f 5266/6130/5411 5265/5522/4897 5213/5527/4902 5212/6085/5371
f 5212/6133/5371 5267/6134/5412 5239/6105/5388 5266/6135/5411
f 5266/6135/5411 5239/6105/5388 5238/6104/5387 5237/6103/5386
f 5241/6106/5389 5216/4186/3803 5239/6105/5388 5267/6134/5412
f 5241/6106/5389 5267/6134/5412 5268/6136/5413 5269/6137/5414
f 5269/6137/5414 5243/6107/5390 5240/4187/3804 5241/6106/5389
f 5270/6138/5415 5245/6109/5392 5243/6107/5390 5269/6137/5414
f 5271/6139/5416 5248/6112/5395 5245/6109/5392 5270/6138/5415
f 5251/6115/5398 5248/6112/5395 5271/6139/5416 5272/6140/5417
f 5272/6140/5417 5205/6081/5367 5254/6118/5401 5251/6115/5398
f 5205/6081/5367 5204/6080/5366 5257/6121/5404 5254/6118/5401
f 5207/6083/5369 5273/6141/5418 5261/6125/5408 5204/6080/5366
f 5274/5524/4899 5264/5523/4898 5262/6129/5409 5273/6141/5418
f 5273/6141/5418 5262/6126/5409 5235/6100/5384 5261/6125/5408
f 5214/5526/4901 5275/5525/4900 5203/6079/5365 5211/6084/5370
f 5211/6084/5370 5268/6136/5413 5267/6142/5412 5212/6085/5371
f 5202/6078/5364 5270/6138/5415 5269/6137/5414 5268/6136/5413
f 5201/6077/5363 5271/6139/5416 5270/6138/5415 5202/6078/5364
f 5201/6077/5363 5276/6143/5419 5272/6140/5417 5271/6139/5416
f 5276/6143/5419 5206/6082/5368 5205/6081/5367 5272/6140/5417
f 5206/6082/5368 5276/6143/5419 5275/5525/4900 5274/5524/4899
f 5274/5524/4899 5273/6141/5418 5207/6083/5369 5206/6082/5368
f 5275/5525/4900 5276/6143/5419 5201/6077/5363 5203/6079/5365
f 5211/6084/5370 5203/6079/5365 5202/6078/5364 5268/6136/5413
f 5277/6144/5420 5278/6145/5421 5279/6146/5422 5280/6147/5423
f 5281/6148/5424 5280/6147/5423 5279/6146/5422 5282/6149/5425
f 5281/6148/5424 5282/6149/5425 5283/6150/5426 5284/6151/5427
f 5285/6152/5428 5286/6153/251 5287/6154/5429
f 5288/6155/5430 5289/6156/5431 5290/6157/5432 5291/6158/5433
f 5292/6159/5434 5293/6160/5435 5294/6161/5436 5295/6162/5437
f 5296/6163/5438 5297/6164/5439 5298/6165/5440 5299/6166/5441
f 5299/6166/5441 5298/6165/5440 5300/6167/5442 5301/6168/5443
f 5302/6169/5444 5278/6145/5421 5301/6168/5443 5300/6167/5442
f 5278/6145/5421 5302/6169/5444 5303/6170/5445 5279/6146/5422
f 5304/6171/5446 5282/6149/5425 5279/6146/5422 5303/6170/5445
f 5282/6149/5425 5305/278/255 5306/277/254 5283/6150/5426
f 5307/6172/252 5308/6173/5447 5309/6174/5448 5310/6175/253
f 5311/6176/5449 5308/6173/5447 5285/6152/5428 5312/6177/5450
f 5311/6176/5449 5312/6177/5450 5313/6178/5451 5314/6179/5452
f 5313/6178/5451 5297/6164/5439 5296/6163/5438 5314/6179/5452
f 5313/6178/5451 5315/6180/5453 5289/6156/5431 5297/6164/5439
f 5297/6164/5439 5289/6156/5431 5288/6155/5430 5298/6165/5440
f 5316/6181/5454 5290/6157/5432 5289/6156/5431 5315/6180/5453
f 5290/6157/5432 5316/6181/5454 5293/6160/5435 5292/6159/5434
f 5292/6159/5434 5295/6162/5437 5291/6158/5433 5290/6157/5432
f 5291/6158/5433 5295/6162/5437 5302/6169/5444 5300/6167/5442
f 5295/6162/5437 5294/6161/5436 5303/6170/5445 5302/6169/5444
f 5294/6161/5436 5317/6182/5455 5304/6171/5446 5303/6170/5445
f 5317/6182/5455 5318/273/250 5319/272/249 5304/6171/5446
f 5305/278/255 5282/6149/5425 5304/6171/5446 5319/272/249
f 4001/4480/4052 4000/4479/4051 3975/5384/4784
f 5286/6153/251 5285/6152/5428 5308/6173/5447 5307/6172/252
f 5286/274/251 5318/273/250 5287/6183/5429
f 5320/6184/5456 5321/6185/5457 5287/6183/5429 5318/273/250
f 5312/6177/5450 5285/6152/5428 5287/6154/5429 5321/6186/5457
f 5312/6177/5450 5321/6186/5457 5315/6180/5453 5313/6178/5451
f 5321/6187/5457 5320/6188/5456 5316/6181/5454 5315/6180/5453
f 5322/6189/5458 5293/6160/5435 5316/6181/5454 5320/6188/5456
f 5318/273/250 5317/6182/5455 5322/6190/5458 5320/6184/5456
f 5317/6182/5455 5294/6161/5436 5293/6160/5435 5322/6190/5458
f 5288/6155/5430 5291/6158/5433 5300/6167/5442 5298/6165/5440
f 5323/113/96 5324/6191/5459 5325/114/97
f 5326/4806/4319 5327/6192/5460 5328/6193/5461 5329/4801/4314
f 4498/5604/4966 4515/5617/4979 4514/5602/4965 4496/5583/4949 4495/5582/4948 4497/5584/4950
f 5331/4805/4318 5332/6194/5462 5333/6195/5463 5326/4806/4319
f 5334/6196/4305 5335/6197/5464 5332/6194/5462 5331/4805/4318
f 5335/6197/5464 5336/6198/5465 5337/6199/5466 5332/6194/5462
f 5335/6200/5464 5338/6201/5467 5339/6202/5468 5336/6203/5465
f 5332/6194/5462 5337/6199/5466 5340/6204/5469 5333/6195/5463
f 5333/6195/5463 5341/6205/5470 5327/6192/5460 5326/4806/4319
f 5342/6206/5471 5328/6193/5461 5327/6192/5460 5343/6207/5472
f 5344/6208/5473 5345/6209/5474 5346/6210/5475
f 5329/4801/4314 5328/6193/5461 5345/6209/5474 5347/4802/4315
f 5334/6196/4305 5331/4805/4318 5330/4804/4317 5349/6211/4306
f 2334/3706/3421 2347/3724/3439 2330/6212/3409 2329/6213/3402 2328/3700/3401 2331/3699/3418
f 5338/6201/5467 5335/6200/5464 5334/4791/4305 5350/2315/2159
f 5339/6202/5468 5338/6201/5467 5351/6214/5476 5352/6215/5477
f 5343/6207/5472 5327/6192/5460 5341/6205/5470 5353/6216/5478
f 5353/6216/5478 5354/6217/5479 5355/6218/5480 5343/6207/5472
f 5356/6219/5481 5342/6206/5471 5343/6207/5472 5355/6218/5480
f 5355/6218/5480 5357/5624/4984 5358/6220/5482 5356/6219/5481
f 5359/117/100 5344/6208/5473 5360/6221/5483 5361/6222/5484
f 5359/117/100 5362/116/99 5344/6208/5473
f 5363/6223/4304 5348/4803/4316 5364/115/98 5325/6224/97
f 5349/6211/4306 5330/4804/4317 5348/4803/4316 5363/6223/4304
f 92/152/133 105/153/134 60/93/76 59/92/75
f 5351/6214/5476 5338/6201/5467 5350/2315/2159 5367/2314/2158
f 5367/2314/2158 5368/5623/4983 5369/5622/4982 5351/6214/5476
f 5369/5622/4982 5370/5621/4981 5352/6215/5477 5351/6214/5476
f 3072/653/612 3075/652/611 2854/1534/1448 2853/4153/3776 3084/1633/1539
f 5371/5625/4985 5357/5624/4984 5355/6218/5480 5354/6217/5479
f 5357/5624/4984 5368/5623/4983 5373/6225/5485 5358/6220/5482
f 5368/5623/4983 5367/2314/2158 5366/2313/2157 5373/6225/5485
f 5373/6225/5485 5366/2313/2157 5374/2312/2156 5375/6226/5486
f 5375/6226/5486 5361/6222/5484 5358/6220/5482 5373/6225/5485
f 5375/6226/5486 5374/2312/2156 5323/113/96 5376/112/95
f 5376/112/95 5359/117/100 5361/6222/5484 5375/6226/5486
f 5324/6227/5459 5365/2311/2155 5363/4790/4304 5325/6228/97
f 5323/113/96 5374/2312/2156 5365/2311/2155 5324/6191/5459
f 4530/5616/4978 4491/5578/4944 4490/5577/4943 4543/5628/4988 4527/5613/4975 4529/5615/4977
f 5364/115/98 5348/4803/4316 5347/4802/4315 5362/116/99
f 5362/116/99 5347/4802/4315 5345/6209/5474 5344/6208/5473
f 5328/6193/5461 5342/6206/5471 5346/6210/5475 5345/6209/5474
f 5361/6222/5484 5360/6221/5483 5356/6219/5481 5358/6220/5482
f 5360/6221/5483 5346/6210/5475 5342/6206/5471 5356/6219/5481
f 5344/6208/5473 5346/6210/5475 5360/6221/5483
f 5377/6229/5487 5378/6230/5488 5379/6231/5489 5380/6232/5490
f 5377/6229/5487 5381/6233/5491 5382/2556/2374 5378/6230/5488
f 3140/4681/4215 2745/4110/3748 2744/4109/3747 2746/4167/3787 2747/4166/3786 3462/4612/4160 3461/4611/4159
f 5386/6234/5492 5387/6235/5493 5388/6236/5494 5389/6237/5495
f 5381/6233/5491 5390/2557/2375 5382/2556/2374
f 213/4452/4029 541/1462/1381 578/1116/1063 253/420/397 214/867/821
f 5397/6238/5496 5398/6239/5497 5392/1406/1326 5396/1405/1325
f 5396/1405/1325 5399/6240/5498 5400/6241/5499 5397/6238/5496
f 5403/6242/5500 5386/6243/5492 5379/6231/5489 5401/6244/5501
f 5378/6230/5488 5404/6245/5502 5401/6244/5501 5379/6231/5489
f 5386/6243/5492 5389/6246/5495 5380/6232/5490 5379/6231/5489
f 5388/6236/5494 5405/6247/5503 5380/6248/5490 5389/6249/5495
f 5405/6247/5503 5406/6250/5504 5390/2557/2375 5381/6233/5491
f 5381/6233/5491 5377/6229/5487 5380/6248/5490 5405/6247/5503
f 5406/6250/5504 5407/6251/5505 5408/2558/2376 5390/2557/2375
f 5404/6245/5502 5378/6230/5488 5382/2556/2374 5409/2555/2373
f 5409/2555/2373 5410/2554/2372 5411/4908/4382 5404/6245/5502
f 5404/6245/5502 5411/4908/4382 5402/4907/4381 5401/6244/5501
f 5402/4907/4381 5412/4911/4385 5398/6252/5497 5397/6253/5496 5400/6254/5499 5403/6242/5500 5401/6244/5501
f 5413/6255/5506 5393/1407/1327 5392/1406/1326 5398/6239/5497
f 2145/2958/2767 2143/3464/3226 1143/3648/3372 1475/3640/3364 1472/2959/2768
f 5399/6240/5498 5396/1405/1325 5395/1404/1324 5417/747/702
f 5399/6240/5498 5417/747/702 5383/746/701 5418/6256/5507
f 5418/6256/5507 5403/6257/5500 5400/6241/5499 5399/6240/5498
f 5387/6235/5493 5386/6234/5492 5403/6257/5500 5418/6256/5507
f 5418/6256/5507 5385/745/700 5387/6235/5493
f 5385/745/700 5419/6258/5508 5388/6236/5494 5387/6235/5493
f 5419/6258/5508 5406/6250/5504 5405/6247/5503 5388/6236/5494
f 5407/6251/5505 5406/6250/5504 5419/6258/5508 5420/6259/5509
f 5420/6259/5509 5421/6260/5510 5422/6261/5511 5407/6251/5505
f 5423/2559/2377 5408/2558/2376 5407/6251/5505 5422/6261/5511
f 4387/1124/1071 4388/5468/4850 4389/5483/4863 4386/6262/4846 4376/6263/1072
f 5424/4909/4383 5411/4908/4382 5410/2554/2372 5425/1951/1827
f 5424/4909/4383 5425/1951/1827 5426/1956/1832 5427/4910/4384
f 5412/4911/4385 5427/4910/4384 5428/6264/5512 5429/6265/5513
f 5413/6266/5506 5398/6252/5497 5412/4911/4385 5429/6265/5513
f 5428/6264/5512 5427/4910/4384 5426/1956/1832 5430/1955/1831
f 4592/5313/4736 4594/5673/5022 4597/5677/5025 4599/6267/5514 4598/5678/5026 4600/5306/4729
f 5433/1952/1828 5434/6268/5515 5435/6269/5516 5431/1953/1829
f 5423/2559/2377 5422/6261/5511 5434/6268/5515 5433/1952/1828
f 5434/6268/5515 5436/6270/5517 5437/6271/5518 5435/6269/5516
f 5422/6261/5511 5421/6260/5510 5436/6270/5517 5434/6268/5515
f 5384/744/699 5416/743/698 5421/6260/5510 5420/6259/5509
f 5384/744/699 5420/6259/5509 5419/6258/5508 5385/745/700
f 5436/6270/5517 5421/6260/5510 5416/743/698 5415/3347/3120
f 5414/3348/3121 5437/6271/5518 5436/6270/5517 5415/3347/3120
f 5383/746/701 5385/745/700 5418/6256/5507
f 5438/6272/5519 5439/6273/5520 5440/5662/5012
f 5441/6274/5521 5442/6275/5522 5443/6276/5523 5444/6277/5524
f 5445/6278/5525 5446/3172/2964 5447/3171/2963 5442/6279/5522
f 2992/4279/3888 2995/4287/3894 2988/4275/3884 2986/4274/3883 2985/4273/3882 2989/4276/3885
f 217/4511/4079 231/6020/5308 228/377/354 221/367/344
f 5451/1062/1009 5452/6280/5526 5453/6281/5527 5454/1063/1010
f 5455/6282/5528 5456/6283/5529 5454/1063/1010 5453/6281/5527
f 5453/6281/5527 5457/6284/5530 5458/6285/5531 5455/6282/5528
f 5456/6283/5529 5459/3167/2959 5460/1064/1011 5454/1063/1010
f 5449/5725/2962 5461/5724/5067 5462/6286/5532 5447/6287/2963
f 5461/5724/5067 5463/5664/5014 5464/5663/5013 5462/6286/5532
f 5462/6286/5532 5464/5663/5013 5444/6277/5524 5443/6276/5523
f 5443/6276/5523 5442/6275/5522 5447/6287/2963 5462/6286/5532
f 4647/5721/5064 4631/5702/5048 4630/5701/5047 4606/5685/5033 4632/5717/5060 4643/5716/5059
f 5444/6277/5524 5464/5663/5013 5440/5662/5012
f 5439/6273/5520 5466/6288/5533 5441/6289/5521 5444/6277/5524
f 5441/6289/5521 5466/6288/5533 5467/6290/5534 5468/6291/5535
f 5445/6278/5525 5442/6279/5522 5441/6292/5521 5468/6293/5535
f 5469/6294/5536 5470/6295/5537 5467/6290/5534 5466/6288/5533
f 5469/6294/5536 5471/6296/5538 5472/6297/5539 5470/6295/5537
f 5438/6272/5519 5473/6298/5540 5471/6296/5538 5469/6294/5536
f 5474/6299/5541 5471/6296/5538 5473/6298/5540 5475/6300/5542
f 5465/5661/5011 5476/5660/5010 5475/6300/5542 5473/6298/5540
f 5476/5660/5010 5477/6301/5543 5478/6302/5544 5475/6300/5542
f 5477/6301/5543 5476/5660/5010 5479/5659/5009 5480/6303/5545
f 5480/6303/5545 5481/6304/5546 5482/6305/5547 5477/6301/5543
f 4147/5267/4695 4214/5776/5108 4213/5266/4694 4146/5265/4693
f 1440/4130/2247 2813/4129/3760 3213/3000/2809 1853/3001/2810 1851/1224/1161 1439/2414/2244
f 5486/5728/5069 5479/5659/5009 5463/5664/5014 5461/5724/5067
f 5465/5661/5011 5473/6298/5540 5438/6272/5519 5440/5662/5012
f 5485/5727/5068 5480/6303/5545 5479/5659/5009 5486/5728/5069
f 5485/5727/5068 5487/6306/5548 5481/6304/5546 5480/6303/5545
f 5483/6307/2960 5487/6306/5548 5485/5727/5068 5484/5726/2961
f 5488/6308/5549 5478/6302/5544 5477/6301/5543 5482/6305/5547
f 5478/6302/5544 5488/6308/5549 5458/6285/5531 5457/6284/5530
f 5457/6284/5530 5474/6299/5541 5475/6300/5542 5478/6302/5544
f 5452/6280/5526 5472/6297/5539 5471/6296/5538 5474/6299/5541
f 5450/1066/1013 5489/6309/5550 5470/6295/5537 5472/6297/5539
f 5467/6290/5534 5470/6295/5537 5489/6309/5550 5468/6291/5535
f 5489/6309/5550 5450/1066/1013 5448/1065/1012 5446/3172/2964
f 5446/3172/2964 5445/6278/5525 5468/6291/5535 5489/6309/5550
f 5452/6280/5526 5451/1062/1009 5450/1066/1013 5472/6297/5539
f 5457/6284/5530 5453/6281/5527 5452/6280/5526 5474/6299/5541
f 5466/6288/5533 5439/6273/5520 5438/6272/5519 5469/6294/5536
f 5444/6277/5524 5440/5662/5012 5439/6273/5520
f 2923/1440/1360 2768/4086/3729 2831/4146/3771 2919/1441/1361
f 5491/1013/960 5490/2815/2625 703/2814/2624 704/2813/2623
f 696/3682/1468 701/6310/1253 461/1213/893 482/1059/1006 697/3683/3403
f 509/992/939 448/932/883 453/937/888 454/6311/1222 510/993/940
f 5494/1257/1191 5493/786/741 518/3153/2945 659/1458/1377
f 5495/1258/1192 5494/1257/1191 659/1458/1377 660/1261/1195
f 5496/1260/1194 5495/1258/1192 660/1261/1195 661/1264/1198
f 490/969/919 5497/1265/1199 5496/1260/1194 661/1264/1198
f 5498/1468/1387 5497/1265/1199 490/969/919 489/968/918
f 168/243/223 167/242/222 5499/890/844
f 5500/892/846 5499/890/844 167/242/222 166/241/221
f 5501/1674/1580 5500/892/846 166/241/221 349/596/563
f 349/596/563 348/2057/1923 5502/594/561 5501/1674/1580
f 348/2057/1923 193/297/274 5503/305/282 5502/594/561
f 1658/2690/2497 1656/2685/2487 1657/2684/2494 1659/2691/2498
f 5508/1266/1200 5507/1467/1386 508/6312/938
f 5509/1259/1193 5508/1266/1200 508/6312/938 507/6313/2705
f 658/3069/2704 5510/1255/1189 5509/1259/1193 507/6313/2705
f 650/3068/1170 648/2575/1164 5513/788/743 5512/787/742
f 3228/4604/4155 3234/4603/4154 3231/4486/4058 3230/4483/4055 1892/3066/2867 1893/3067/2868 1894/3070/2869 1897/3383/3152 1891/3387/3156 1889/3386/3155 1890/4482/4054 3229/4605/4156
f 2141/3467/3229 2142/3466/3228 2139/3432/3197 1143/3648/3372 2143/3464/3226 2144/3463/3225
f 3578/3549/3293 3575/3548/3292 3574/4711/4242 3664/5319/1947 3665/6314/1946 3666/6315/4320 3656/3809/3504 3577/3808/3503
f 3473/2454/2277 3475/4636/4182 3476/4635/4181 3477/4634/4180 3478/4633/4179 2524/2455/2278
f 722/1070/1017 733/1069/1016 735/1490/1405 734/1216/1153 739/1215/1152 741/1223/1160 765/1222/1159 766/1159/1103
f 147/221/201 146/220/200 339/556/525 187/314/291 150/224/204
f 5525/891/845 5524/893/847 347/3703/551
f 168/243/223 5525/891/845 345/6316/550
f 5498/1468/1387 489/968/918 491/970/920
f 491/970/920 505/6317/936 5507/1467/1386
f 5525/891/845 347/3703/551 345/6316/550
f 508/6312/938 5507/1467/1386 505/6317/936
f 506/990/937 505/989/936 5526/1240/1177
f 491/970/920 5526/1243/1177 505/6317/936
f 1597/2613/2424 1545/2562/2379 1600/2623/2435 1601/2617/2429 1594/2616/2421 1593/6318/2420
f 53/80/65 54/84/67 11/77/63 9/26/18 10/25/17 20/28/20
f 5530/46/38 5532/45/37 5531/6319/5551
f 17/78/64 14/22/14 13/21/13 15/6320/23 16/23/15 9/26/18
f 5534/6321/5552 5527/4742/4264 5528/4741/4263 5536/6322/5553
f 5536/6322/5553 5528/4741/4263 5538/4740/4262 5537/6323/5554
f 5539/37/29 5534/6321/5552 5536/6322/5553 5540/52/44
f 5539/37/29 5541/40/32 5533/6324/5555 5534/6321/5552
f 26/802/757 50/69/60 49/68/59 24/35/27 25/34/26
f 5545/6325/5556 5546/6326/5557 5542/4749/4270 5543/4751/4272
f 5547/53/45 5540/52/44 5536/6322/5553 5537/6323/5554
f 5537/6323/5554 5549/6327/5558 5548/6328/5559 5547/53/45
f 5533/6329/5555 5531/6319/5551 5532/45/37 5535/6330/5560 5527/4742/4264 5534/6321/5552
f 5554/6331/5561 5555/6332/5562 5548/6328/5559 5549/6327/5558
f 402/916/868 407/748/703 406/2546/2364 403/917/869
f 3019/4313/2488 3020/3439/3203 3018/3438/3202 3015/4310/2489
f 5557/55/47 5558/54/46 5562/6333/5563 5561/6334/5564
f 5561/6334/5564 5562/6333/5563 5564/6335/5565 5563/6336/5566
f 5562/6333/5563 5548/6328/5559 5555/6332/5562 5564/6335/5565
f 5551/6337/39 5566/6338/5567 5565/6339/5568 5550/6340/40
f 5530/6341/38 5531/6342/5551 5568/86/69 5567/4750/4271
f 5566/6343/5567 5551/6344/39 5530/6341/38 5567/4750/4271
f 5546/6326/5557 5566/6343/5567 5567/4750/4271 5542/4749/4270
f 5569/6345/5569 5570/6346/5570 5546/6347/5557 5545/6348/5556
f 5529/4737/4259 5527/4742/4264 5535/6330/5560
f 185/553/522 186/3667/1882 183/6349/2334 391/730/681 401/729/685 184/2400/2235
f 5549/6350/5558 5537/6323/5554 5538/4740/4262 5571/4739/4261
f 5570/6346/5570 5569/6345/5569 5563/6336/5566 5564/6335/5565
f 5564/6335/5565 5555/6332/5562 5565/6339/5568 5570/6346/5570
f 5555/6332/5562 5554/6331/5561 5550/6340/40 5565/6339/5568
f 5554/6351/5561 5572/4738/4260 5553/49/41 5550/48/40
f 5553/49/41 5572/4738/4260 5529/4737/4259 5552/44/36
f 5535/6330/5560 5532/45/37 5552/44/36 5529/4737/4259
f 5541/40/32 5568/86/69 5531/6342/5551 5533/6324/5555
f 5549/6350/5558 5571/4739/4261 5572/4738/4260 5554/6351/5561
f 5566/6338/5567 5546/6347/5557 5570/6346/5570 5565/6339/5568
f 5548/6328/5559 5562/6333/5563 5558/54/46 5547/53/45
