# Blender 4.2.1 LTS
# www.blender.org
mtllib skullgold.mtl
o human_skull_1111
v 22.808834 0.342351 9.547616
v 23.135193 0.244544 9.888737
v 22.401134 0.068700 10.122825
v 21.196999 -0.308270 9.879648
v 21.317657 -0.012013 9.473233
v 21.598053 -0.165114 9.683780
v 21.951874 0.388198 9.246084
v 22.927387 0.646606 9.340642
v 22.066254 0.201894 9.478949
v 23.492811 0.541957 9.869131
v 23.517189 0.180862 10.507998
v 23.158791 0.063539 10.252158
v 22.789537 1.151351 9.491098
v 23.413761 1.110837 10.114015
v 21.762077 0.767701 9.324108
v 20.343132 0.703723 10.651874
v 19.921677 1.723081 11.259233
v 20.127871 2.024037 10.780663
v 20.115383 1.534104 11.840884
v 20.635748 0.432590 11.356470
v 23.590155 0.689124 10.822049
v 23.095058 0.220771 11.230299
v 23.043306 -0.090028 10.884070
v 22.129642 -0.484289 10.901750
v 21.572535 -0.497809 10.521877
v 21.954195 -0.257925 10.271616
v 22.253910 -0.311755 10.544551
v 22.565588 -0.272228 11.006292
v 22.442036 -0.101951 11.394841
v 22.136353 2.623498 11.176567
v 22.310652 2.423495 11.755009
v 22.925276 1.621432 11.376535
v 21.647560 2.678485 10.658386
v 20.821087 2.427623 10.490308
v 21.956045 2.094605 12.165959
v 22.532331 1.164235 11.773428
v 21.347830 1.780965 12.310805
v 21.904205 0.776128 11.907469
v 21.804337 -0.362494 11.314063
v 21.203758 -0.365240 10.879593
v 20.758858 -0.084523 10.096325
v 20.954327 0.303189 9.602306
v 20.606441 1.545550 12.189803
v 21.180771 0.489600 11.786417
v 22.864670 -0.039395 10.475170
v 22.550751 -0.134701 10.596247
v 16.799862 -9.115918 23.534649
v 16.915375 -9.365826 23.775692
v 16.758230 -9.342979 23.820219
v 16.649242 -9.279242 23.978512
v 16.505333 -8.917816 23.730251
v 16.620007 -8.781733 23.582855
v 16.956190 -9.040378 23.533102
v 17.043882 -9.148994 23.660702
v 15.890553 -7.059070 25.329206
v 16.085154 -6.893026 25.407043
v 15.913935 -6.676761 25.289186
v 15.746598 -6.996644 25.205074
v 16.604279 -9.125134 24.349588
v 16.785692 -9.508183 24.079046
v 16.779398 -9.443686 24.340454
v 17.903473 -7.777256 24.481167
v 17.887634 -7.908077 24.791426
v 18.014662 -8.682279 24.445040
v 17.778276 -8.846592 24.111948
v 17.740288 -8.442814 23.943983
v 17.499285 -8.183033 23.886551
v 17.699516 -7.710051 24.305193
v 17.780989 -8.775570 24.759058
v 17.847660 -9.110583 24.597618
v 17.996469 -9.014511 24.378798
v 17.555542 -8.067785 25.061970
v 17.098396 -8.223865 25.132704
v 17.373564 -8.927954 24.792542
v 17.475395 -9.247471 24.637463
v 16.677616 -8.380138 25.053480
v 16.989595 -9.053472 24.742905
v 17.135515 -9.369640 24.639175
v 16.761782 -9.108284 24.625916
v 16.906704 -9.425277 24.569216
v 16.412731 -8.467854 24.905647
v 15.890718 -7.711372 24.978416
v 16.053381 -7.716143 25.175760
v 15.819189 -7.609330 24.691072
v 16.896093 -8.594871 23.577734
v 17.203821 -8.854303 23.635498
v 17.461149 -8.649755 23.797348
v 17.438965 -9.083769 23.930672
v 17.594362 -8.932652 24.066723
v 17.529785 -7.026698 24.727682
v 17.699156 -7.059581 24.871109
v 17.665607 -7.160729 25.124453
v 17.321079 -7.304321 25.329428
v 16.827482 -7.461304 25.382526
v 16.361259 -7.622534 25.307392
v 15.779438 -6.967024 24.896622
v 15.898773 -7.495243 24.579014
v 16.449726 -7.989324 24.033232
v 16.807308 -7.838200 24.066565
v 17.193453 -7.046758 24.634571
v 17.262081 -6.315014 25.132114
v 16.968220 -6.306003 25.117071
v 17.449284 -6.388424 25.174753
v 17.372305 -6.460337 25.379036
v 16.995340 -6.482604 25.488586
v 16.471069 -6.583993 25.484184
v 16.356045 -6.356551 25.380682
v 16.929581 -6.226055 25.418991
v 16.410757 -6.429482 25.082510
v 17.234221 -6.262051 25.409943
v 15.987499 -6.680850 24.992342
v 16.894644 -9.522606 23.940573
v 17.726362 -9.066222 24.188353
v 24.321375 13.555585 5.401210
v 24.514442 13.813704 5.359343
v 24.654152 13.498032 4.010026
v 24.444166 13.207136 4.042706
v 24.260885 11.894368 4.556971
v 23.914242 13.172107 6.489486
v 24.187860 14.635688 6.304251
v 24.233984 13.517113 2.374760
v 23.998096 12.224730 2.227302
v 24.495407 13.815311 2.312592
v 26.587606 2.869884 10.061809
v 25.767504 3.064080 8.919084
v 25.843769 1.325965 10.257077
v 26.766493 1.512160 10.879635
v 26.254412 4.398439 9.651190
v 25.495146 4.618503 8.479409
v 28.301928 1.468123 11.013081
v 27.817776 2.990245 9.935007
v 27.401915 4.415303 9.407146
v 31.354418 -0.372741 0.373533
v 31.493198 -1.128537 1.465884
v 31.579573 -1.700057 1.075927
v 31.249746 -0.805041 -0.344510
v 23.575434 13.106462 1.295113
v 23.336466 12.290655 0.748140
v 23.839935 11.119560 1.475311
v 23.174120 13.936502 0.649960
v 22.823168 13.322647 0.188593
v 24.336983 9.425646 2.829396
v 24.315762 10.092352 3.485905
v 24.313646 10.458805 3.973729
v 24.063240 15.964181 9.048502
v 23.785028 15.563073 10.294790
v 23.860176 14.859040 10.338872
v 23.393133 16.275362 8.975544
v 23.295271 15.555125 10.351154
v 23.357998 14.725860 10.428843
v 25.126482 4.996346 6.804739
v 24.616554 7.598558 5.602526
v 25.139246 5.100883 4.595873
v 22.792416 18.120325 -2.642613
v 22.216311 17.761595 -2.088907
v 23.047110 17.321901 -1.534730
v 23.639065 17.600679 -2.152798
v 23.891872 17.346270 -2.892886
v 22.980995 17.858309 -3.412703
v 21.874117 17.385038 -3.132693
v 23.090710 15.456657 10.180602
v 23.185902 14.698312 10.223946
v 23.002871 15.321223 9.801460
v 23.125496 14.683743 9.623086
v 23.079140 15.594501 8.849882
v 23.150705 16.098043 8.948402
v 24.768654 14.066596 8.829069
v 25.037457 12.804967 8.792356
v 25.359104 12.842910 7.361116
v 25.150623 13.868054 7.005805
v 24.708164 14.552962 6.486641
v 24.454632 15.296466 7.407012
v 23.641695 15.340877 7.338854
v 23.870195 15.524074 7.224216
v 26.590498 6.116861 -1.280507
v 25.771009 5.222555 -0.210649
v 24.697609 8.408882 -0.285704
v 25.509369 9.071802 -1.355028
v 24.433407 8.558901 1.532607
v 24.200888 10.504409 7.233261
v 24.618345 14.725570 9.046233
v 25.737757 13.349356 -0.076307
v 25.402201 14.037643 0.626449
v 25.618305 13.396452 1.690517
v 25.426910 14.281578 -0.758997
v 25.105892 14.776176 -0.102618
v 25.600733 13.024380 4.034738
v 23.405449 13.465098 9.772833
v 23.815516 11.921950 9.044209
v 23.552496 13.447143 10.053967
v 24.018761 11.655953 9.450846
v 22.827860 16.295401 -0.632945
v 23.120337 15.806684 -0.252002
v 23.348724 16.018629 -0.394737
v 22.632898 16.810965 -1.081217
v 22.555548 15.475826 -0.264795
v 22.418161 16.314692 -0.737286
v 28.563496 2.573628 8.759995
v 28.292107 3.752870 7.285578
v 28.025335 4.150764 8.323414
v 25.295570 2.997504 6.129607
v 25.318947 3.268266 7.499430
v 22.417191 -11.390043 23.174664
v 21.057758 -12.023369 23.472013
v 22.153774 -14.381464 23.501247
v 23.588608 -13.726919 23.249418
v 23.845421 -10.688013 22.533773
v 24.955051 -10.016495 21.842972
v 25.664522 -9.439002 21.311197
v 24.743776 -7.773343 22.434526
v 25.622263 -6.827173 21.704609
v 26.422512 -5.769285 20.823355
v 27.004402 -7.205527 20.102606
v 27.777786 -5.962575 19.120159
v 27.154362 -4.655234 19.627056
v 28.787067 -4.224894 17.188566
v 27.878967 -3.276963 17.595919
v 28.716583 -7.217443 18.326721
v 29.659575 -5.229182 16.516296
v 27.990515 -8.342018 19.255533
v 29.465900 -7.995258 17.714130
v 30.255142 -6.045837 15.768869
v 27.719542 -9.567821 19.800371
v 29.952269 -8.544697 17.264036
v 30.319338 -9.053309 16.862463
v 30.942083 -7.319290 14.686081
v 29.150822 -9.628075 18.658083
v 28.118143 -10.406402 19.827923
v 28.646444 -11.181070 19.692692
v 29.593716 -10.211211 18.366360
v 26.932453 -11.081271 20.875351
v 27.532578 -12.021675 20.885530
v 29.106159 -12.017465 19.349113
v 30.009983 -10.964140 17.894680
v 30.649118 -9.731831 16.329273
v 27.964636 -12.875007 20.664032
v 26.646563 -12.462492 21.630333
v 25.265259 -13.032093 22.544546
v 25.637646 -14.049047 22.327816
v 27.064079 -13.381508 21.436008
v 28.086351 -13.461084 20.282505
v 29.206867 -12.568229 18.930193
v 25.802946 -14.714399 21.886898
v 27.212563 -14.010077 21.048819
v 23.926203 -14.777114 22.950743
v 24.095280 -15.432994 22.431540
v 23.936192 -15.692891 21.167431
v 25.424681 -14.952536 20.693157
v 23.152042 -14.398884 20.063959
v 22.577776 -13.185801 19.938345
v 21.381546 -13.789140 20.172419
v 20.831696 -12.550406 20.447336
v 22.076874 -11.961612 20.194363
v 19.696779 -9.642724 21.870346
v 20.953289 -9.039678 21.595949
v 19.289476 -8.400419 22.775272
v 20.472595 -7.809870 22.517660
v 19.174988 -7.845179 23.713739
v 20.401409 -7.246594 23.458511
v 20.706669 -7.319887 24.220982
v 19.709476 -8.796715 24.758093
v 21.204575 -8.080400 24.483572
v 22.048878 -6.613157 23.769560
v 22.584484 -7.325105 24.091852
v 23.571955 -6.645492 23.574141
v 22.999853 -5.979509 23.149260
v 24.194260 -6.124395 23.071535
v 23.576195 -5.519947 22.575117
v 25.006744 -5.302603 22.137997
v 24.308270 -4.872084 21.588160
v 25.715445 -4.434842 21.043634
v 24.931379 -4.199987 20.528788
v 26.324583 -3.539880 19.735317
v 25.444849 -3.485480 19.337812
v 26.867773 -2.467412 17.732626
v 28.071861 -2.068526 15.364824
v 26.892040 -1.595331 15.475990
v 29.255680 -2.558373 15.090136
v 29.178663 -1.279945 13.609808
v 27.969799 -1.134891 13.813891
v 30.031301 -3.282311 14.430348
v 31.546021 -6.504189 11.885708
v 31.231091 -8.061298 14.164589
v 31.238735 -8.668458 13.711621
v 31.589333 -7.152476 11.482409
v 30.679487 -10.284450 15.843522
v 30.080587 -11.502268 17.425982
v 29.159586 -11.843357 16.740448
v 29.756346 -10.753209 15.210395
v 28.340580 -12.819240 18.138594
v 27.350555 -13.682029 19.341637
v 26.613558 -14.233971 19.992777
v 25.281569 -12.925640 19.144320
v 25.879608 -12.443999 18.695057
v 24.356110 -13.601618 19.643270
v 24.557711 -11.894793 19.066137
v 23.711658 -12.485398 19.517771
v 23.190723 -11.385849 19.765339
v 24.001858 -10.888918 19.296663
v 25.109241 -11.462807 18.667160
v 24.529171 -10.497005 18.877176
v 22.771278 -7.954532 20.619354
v 23.282017 -7.554198 20.149401
v 23.885527 -9.087146 19.421986
v 22.004126 -8.467060 21.140593
v 22.432035 -6.636744 21.470163
v 22.965919 -6.245472 20.984072
v 21.588331 -7.174830 22.035303
v 22.567902 -6.024200 22.299999
v 23.160612 -5.627275 21.760372
v 21.620407 -6.585263 22.935467
v 23.845869 -5.050202 20.875023
v 24.387722 -4.465782 19.932610
v 24.771027 -3.856018 18.858717
v 26.741426 -0.895558 13.719592
v 26.641262 -0.387574 12.672953
v 25.807632 -0.313788 12.226688
v 27.781328 -0.509915 12.936441
v 25.150728 -0.603524 11.711416
v 25.300293 0.903644 9.681965
v 25.035400 0.423009 8.922618
v 26.320156 2.919704 1.223627
v 26.134689 2.236417 3.147092
v 27.379807 0.649992 0.953435
v 24.298031 9.119085 0.436275
v 23.610701 11.726143 -1.154070
v 24.419891 11.984423 -1.916659
v 24.012362 12.966133 -2.252597
v 23.080935 12.858290 -1.180645
v 23.578951 11.391237 -0.542878
v 23.388334 11.816860 -0.088231
v 22.416357 14.088652 -0.184972
v 21.976788 15.061220 -0.574848
v 22.052380 14.731550 -1.857901
v 22.884789 14.605532 0.213794
v 21.775751 16.720098 -1.371801
v 22.017738 16.516039 -3.284869
v 23.104727 14.765388 -3.120218
v 22.544367 15.862476 -3.815650
v 25.174623 15.072123 -1.310302
v 24.818050 16.068235 -1.975044
v 24.480024 16.303244 -1.289735
v 23.840557 16.288248 -0.753611
v 24.834547 15.421686 -0.658782
v 24.211216 15.602348 -0.130873
v 24.492439 15.078802 0.426770
v 23.678305 15.435097 0.171825
v 23.929552 14.963282 0.697194
v 24.229086 14.362194 1.401643
v 24.799599 14.449270 1.150030
v 25.049419 13.885662 2.106053
v 23.950764 14.063070 1.470183
v 23.650726 14.676376 0.771654
v 23.411663 15.184357 0.268483
v 25.146616 13.541580 3.976812
v 24.991035 13.823676 5.478572
v 25.394337 13.306636 5.884717
v 26.783432 8.967921 4.688955
v 26.455000 9.223744 7.741768
v 25.806747 10.258437 8.760098
v 26.130709 9.168275 8.794533
v 26.429701 8.083428 8.864012
v 25.457203 11.339025 8.768131
v 25.542988 7.922023 9.399313
v 25.293980 8.946725 9.371545
v 25.021141 9.983743 9.384123
v 24.600084 11.640487 9.577372
v 24.485956 10.026805 9.108700
v 24.053322 13.589581 10.065076
v 23.935246 14.269088 10.231969
v 23.431488 14.126319 10.281065
v 24.638836 8.921956 8.554793
v 24.455885 9.035775 7.310265
v 24.304768 10.098123 8.263701
v 24.056765 11.091897 8.286666
v 23.836889 12.126819 7.751924
v 25.859299 6.432811 9.442467
v 25.150362 6.612443 8.414845
v 26.838604 6.494699 9.028205
v 27.858572 5.927219 4.887684
v 27.481094 6.180286 7.004853
v 29.409639 2.985020 -1.010616
v 28.566772 2.305872 -1.627739
v 30.360220 1.092716 -0.921975
v 31.126453 0.439791 0.176930
v 30.865431 0.036736 -0.725891
v 30.052500 -0.665666 -1.446402
v 29.538300 0.403896 -1.641230
v 30.552618 -1.601994 -0.922177
v 28.979979 -1.328085 -0.625675
v 28.474823 -0.413814 -0.644573
v 29.486170 -1.861053 -0.660700
v 27.654434 1.341797 -0.536808
v 28.802233 -1.789772 0.701025
v 28.218620 -0.973491 0.765497
v 29.450603 -2.331217 0.627269
v 30.820526 -2.472930 0.589053
v 28.043528 -2.174552 3.995624
v 28.846598 -2.941041 3.819655
v 28.585424 -4.080722 6.323572
v 29.637646 -3.476713 3.680184
v 29.487537 -4.653161 6.027191
v 25.539272 -0.796637 7.902988
v 26.538460 -2.147091 7.173424
v 24.884760 -4.901389 15.651788
v 24.723783 -5.705684 17.278728
v 24.404192 -4.537021 18.216387
v 24.102242 -5.101966 19.246622
v 23.609682 -5.668684 20.152575
v 23.929970 -6.938589 19.305820
v 24.431807 -6.315093 18.358448
v 24.530727 -8.434313 18.573269
v 25.034187 -7.727344 17.607389
v 25.374868 -6.986825 16.492807
v 25.647461 -5.983135 14.797938
v 26.656853 -7.138252 14.057623
v 27.535334 -7.986294 13.581566
v 26.214550 -8.286563 15.868014
v 28.531118 -8.729608 13.217572
v 27.947283 -9.972057 15.251347
v 26.949299 -5.947379 12.012278
v 27.897701 -6.760022 11.471649
v 28.921715 -7.469236 11.048167
v 30.949095 -3.562774 3.698299
v 30.993521 -4.827229 5.952446
v 31.619749 -2.814440 4.077611
v 30.731577 -7.892230 10.892867
v 30.335577 -9.292082 13.104264
v 27.397369 -10.870230 16.638933
v 26.704693 -11.692000 17.785074
v 26.485535 -10.005463 16.803806
v 25.858267 -10.765570 17.849339
v 25.215290 -9.825720 18.060823
v 25.778324 -9.092703 17.065144
v 28.965174 -0.402833 12.674187
v 24.770853 -12.101606 22.472225
v 23.275167 14.128041 10.040905
v 23.220013 14.232764 9.512601
v 27.043137 -0.818145 4.293928
v -4.276246 0.142503 10.149916
v -3.373297 -0.152136 10.504823
v -3.215415 -0.992783 9.119479
v -4.449941 -0.345002 8.840645
v -4.804020 -0.318670 8.901629
v -4.597919 0.159194 10.193522
v -4.767470 1.054832 11.112357
v -3.925486 -0.872210 6.864082
v -5.000261 -0.194563 7.229179
v -5.398705 -0.205859 7.276583
v 2.573901 -6.710019 13.573439
v 3.631071 -7.900136 13.856770
v 3.675631 -7.299643 12.573681
v 2.554580 -6.142150 12.282001
v 1.804217 -7.591831 13.649676
v 2.765045 -8.762521 14.080618
v 5.142311 -9.192857 14.838550
v 4.204832 -10.276858 15.345630
v 0.617510 -14.778891 5.522099
v 0.712900 -15.072634 4.847289
v 1.706607 -15.711310 6.036407
v 1.460462 -15.214725 6.452896
v -3.199148 -1.562898 5.965217
v -4.277421 -0.024641 5.011264
v -4.858692 0.279034 5.660774
v -2.178677 -2.334276 7.885373
v -1.864938 -2.863786 7.180291
v -2.323082 -2.034562 8.396826
v -4.970209 2.320687 13.799148
v -3.663745 1.949555 14.909289
v -4.159529 2.456296 14.935055
v -4.809930 3.047339 13.658733
v -3.843161 2.826446 14.857558
v -3.236780 2.252170 14.844971
v 2.047570 -5.828601 10.636085
v 1.373278 -6.046018 8.542270
v 0.078473 -3.910483 9.677135
v -8.927664 3.242722 2.624586
v -8.995525 2.703875 3.019372
v -8.241892 2.996853 3.444864
v -8.163066 3.512817 2.955664
v -8.951383 2.915558 1.983491
v -9.095648 2.297712 2.438040
v -8.069363 3.245207 1.817987
v -3.691144 2.895221 14.627796
v -3.166813 2.338155 14.599879
v -3.637259 2.826259 14.225121
v -3.279515 2.299428 14.007707
v -4.142056 2.826999 13.370030
v -4.537615 3.111451 13.546118
v -4.017741 0.564975 13.609122
v -4.584191 -0.078403 11.943345
v -3.998754 -0.733999 12.096669
v -3.241004 -0.458418 13.488065
v -5.131654 1.419673 12.319889
v -4.970525 0.632827 11.414862
v -2.647060 0.493468 12.329932
v -7.621496 2.786423 1.456537
v -6.447164 2.674660 2.279796
v -7.180883 1.617041 1.450102
v -7.471690 2.162031 1.270119
v -4.692887 2.051169 12.043881
v -4.998967 1.983630 12.018011
v -1.319998 -5.405759 4.265869
v -3.073166 -5.052363 3.496953
v -0.199528 -6.086742 5.210008
v -1.424376 -1.505848 11.492616
v -4.364767 1.131682 13.858952
v -5.926606 -1.398993 6.928629
v -6.847015 -0.649370 5.592217
v -6.713581 -1.243224 5.089901
v -5.656467 -2.509720 6.027174
v -4.120233 -4.693714 6.415930
v -5.012345 -1.333631 9.118118
v -3.185879 -3.741318 9.464371
v -2.195313 0.392263 12.986402
v -1.921361 0.311030 13.610276
v -2.492394 1.231364 14.378785
v -1.896926 0.193151 13.922804
v -6.758225 2.534985 4.175463
v -7.052356 2.426592 4.225405
v -6.749398 1.796946 4.707943
v -6.127446 1.986891 4.513651
v -7.416814 2.449623 4.097418
v -7.084506 1.744593 4.658776
v -7.446110 2.970341 3.724353
v 1.201331 -8.953778 11.783427
v 2.315977 -9.738775 13.107859
v 1.339022 -8.366290 12.751532
v -3.077363 -2.147544 4.717176
v 3.415283 -7.006638 11.128555
v 3.268553 -7.334504 9.783072
v 19.613644 -12.704934 23.468117
v 20.621634 -15.159449 23.593575
v 17.906775 -13.389219 23.166822
v 16.038544 -11.860590 23.851139
v 16.436096 -13.773117 22.806648
v 14.602782 -12.000642 23.501970
v 13.089619 -12.028696 22.998764
v 11.491614 -12.008303 22.183235
v 11.963161 -13.388350 21.693527
v 13.625910 -13.487913 22.274982
v 9.477194 -11.915701 20.601458
v 9.533655 -13.263556 20.332954
v 9.583506 -14.653905 19.796005
v 12.129124 -15.005621 21.027456
v 13.660187 -15.071136 21.585001
v 14.663096 -15.122680 21.891161
v 9.639442 -15.723129 19.140112
v 12.099118 -16.149038 20.545238
v 14.736201 -15.700634 21.814825
v 12.099108 -16.926310 20.176874
v 9.894762 -17.198936 18.131882
v 12.153407 -17.581697 19.828197
v 13.768208 -16.850637 21.161642
v 13.862039 -17.597305 20.929489
v 15.516147 -17.346451 21.828995
v 15.288299 -16.430864 21.914337
v 17.137638 -16.903534 22.569872
v 16.789671 -15.845367 22.515572
v 14.051620 -18.456635 20.495771
v 15.776239 -18.276392 21.518244
v 12.322690 -18.335203 19.321980
v 17.460127 -17.807636 22.371384
v 19.137232 -17.111826 22.968931
v 18.715075 -16.162313 23.166105
v 16.018318 -18.760958 21.077129
v 17.725956 -18.325880 21.967535
v 19.420639 -17.698891 22.548960
v 21.410849 -16.730385 22.803917
v 21.139137 -16.119976 23.311283
v 19.613728 -17.590942 21.324921
v 21.417524 -16.857405 21.516392
v 20.660984 -15.463099 20.393984
v 20.102625 -14.276580 20.250797
v 19.589640 -13.113940 20.500854
v 18.453070 -10.186077 21.885710
v 18.035486 -8.904398 22.797369
v 17.870375 -8.397006 23.757935
v 17.893436 -8.616316 24.614714
v 18.203850 -9.452799 24.924227
v 16.349407 -9.175089 24.419847
v 16.630484 -9.986673 24.855127
v 15.086056 -9.503874 23.964689
v 15.300291 -10.297914 24.530411
v 13.894806 -9.759647 23.293888
v 13.943794 -10.494582 23.953501
v 12.731285 -9.926447 22.526049
v 12.572179 -10.603484 23.199120
v 11.567004 -10.000429 21.606920
v 11.183186 -10.646936 22.216169
v 9.515285 -10.613141 20.570353
v 8.243987 -10.348614 18.527567
v 7.858520 -11.556187 18.675037
v 6.805591 -11.067861 17.286814
v 6.131374 -12.095948 17.397030
v 7.439618 -12.797703 18.665838
v 5.949117 -13.163661 16.816536
v 7.340646 -13.931956 18.151924
v 6.828087 -17.070799 14.183011
v 8.172833 -17.473339 15.726723
v 10.139508 -17.961126 17.619030
v 8.526631 -17.975653 15.271546
v 10.470969 -18.416161 17.113899
v 12.590710 -18.776115 18.798378
v 14.288764 -18.916542 19.998781
v 14.918530 -18.529612 19.059910
v 16.518909 -18.370090 20.061453
v 13.331550 -18.464231 17.890549
v 18.085705 -18.032877 20.847315
v 17.869934 -16.205297 19.995203
v 19.119146 -15.905454 20.272814
v 17.589495 -14.994426 19.886595
v 18.719147 -14.706238 20.126799
v 17.268974 -13.906542 20.053835
v 18.333832 -13.596091 20.339396
v 16.742075 -12.442167 20.578297
v 16.147141 -10.905275 21.304605
v 17.227131 -10.617750 21.665527
v 15.575918 -9.715593 22.183250
v 16.688150 -9.386729 22.563343
v 15.200462 -9.363155 23.060009
v 16.399462 -8.962000 23.487488
v 14.117338 -9.616812 22.462841
v 13.099939 -9.765575 21.771955
v 12.123810 -9.794261 20.917053
v 7.341543 -10.000827 16.901154
v 7.070324 -9.107644 15.303366
v 6.741641 -9.726798 15.940709
v 5.510311 -8.448998 13.840419
v 6.216201 -10.630629 16.480116
v 7.547266 -8.865037 14.601744
v 5.796086 -8.217047 12.975394
v 8.098283 -9.022214 13.906966
v 6.111976 -8.469516 12.054225
v 2.541056 -8.829656 7.064873
v 1.403389 -8.766953 5.361118
v 2.398982 -11.066711 5.101564
v -3.766373 -3.941154 3.400181
v -2.641331 -3.532393 4.023454
v -4.457008 -2.857543 3.223869
v -3.514082 -2.350467 3.707448
v -5.389243 -1.411200 2.840779
v -3.980112 -1.153451 3.973203
v -5.724375 1.703478 2.754499
v -5.585112 2.133921 4.001875
v -5.015159 1.222506 4.370100
v -5.580176 1.254667 4.940473
v -6.479074 3.119455 3.559595
v -7.324923 3.443909 3.221406
v -6.681913 0.769609 1.903771
v -7.625125 -0.245982 4.315562
v -8.380990 0.586170 3.694798
v -8.987119 1.605721 2.947016
v -8.219082 0.966448 4.140034
v -8.838775 1.957863 3.487436
v -7.679411 1.504505 4.480360
v -8.130411 2.348412 3.858399
v -7.602212 0.208261 4.727424
v -7.221450 0.859550 5.088600
v -6.608608 0.104597 5.978149
v -6.693703 1.189781 5.215173
v -6.121067 0.497942 6.064268
v -5.840726 -0.602674 7.235440
v -5.713768 0.526808 6.021878
v -6.318614 1.240028 5.205271
v -5.142622 -0.664917 9.006415
v -4.607484 -0.765053 10.866595
v -4.861125 -0.177820 10.435598
v -2.963524 -2.002340 12.356999
v -1.243163 -5.239648 11.539599
v -1.682868 -3.973700 12.414130
v -1.816241 -5.862955 9.603102
v -1.165324 -3.634322 13.327106
v -1.798805 -2.689337 13.344069
v -0.511450 -4.552722 13.337657
v -2.398353 -1.726006 13.393616
v -0.340478 -3.076551 13.628211
v -0.952320 -2.198536 13.697082
v 0.287215 -3.923637 13.593098
v -1.527654 -1.301882 13.844654
v -2.270645 -0.073760 14.172246
v -1.257329 -0.935758 13.576478
v -0.658147 -1.821839 13.304229
v -0.895426 -1.713379 12.486178
v -2.898601 0.948377 14.540511
v -3.293890 1.497867 14.753435
v -2.869640 1.790359 14.648433
v -0.144141 -2.701950 12.670070
v -0.450678 -2.646096 11.446062
v -1.469049 -0.762056 12.747372
v -1.331208 -0.662024 13.357435
v 1.227559 -5.120403 13.531021
v 1.246675 -4.599377 12.383470
v 0.480204 -5.868420 13.404119
v -1.912750 -8.614364 6.559331
v -2.823899 -6.930107 6.547192
v -0.390529 -13.330240 4.184263
v -0.573567 -13.182440 5.180186
v 0.150965 -14.369205 4.374322
v -0.014630 -14.158062 5.247413
v 1.137416 -14.227644 3.355020
v 1.662101 -14.992673 3.874739
v 0.591467 -13.172973 3.165464
v 2.500846 -13.747534 3.771251
v 2.633271 -14.532749 3.869203
v 2.113036 -12.778225 3.732868
v 3.304803 -14.594324 4.968844
v 3.308369 -13.747106 4.934344
v 3.063756 -12.771824 4.942525
v 2.574828 -15.720630 5.279323
v 6.655028 -14.371634 9.931758
v 6.454733 -15.470284 9.819674
v 6.454533 -9.758894 11.056594
v 6.663892 -11.472069 10.453403
v 11.987368 -10.957185 17.749739
v 13.122523 -11.153660 19.162737
v 12.686207 -10.039771 20.120100
v 13.567616 -10.048990 20.957691
v 14.532244 -9.931470 21.625849
v 15.068434 -11.100113 20.742605
v 14.044433 -11.193241 20.043459
v 14.543087 -12.654411 19.308983
v 13.483717 -12.570668 18.423668
v 15.635726 -12.611826 20.014643
v 12.113478 -12.337830 17.000952
v 12.157257 -15.206189 16.090153
v 12.176103 -13.936982 16.417530
v 13.788282 -14.121708 17.887089
v 13.846249 -16.592636 17.547558
v 12.018627 -16.481543 15.914210
v 10.455165 -14.947425 14.326580
v 10.258320 -16.229418 14.107107
v 10.560039 -13.641062 14.691346
v 7.166361 -17.267164 11.908972
v 5.652397 -16.693974 10.060324
v 6.257945 -17.280067 12.726650
v 5.956410 -16.749914 13.106707
v 4.496347 -16.123308 11.173473
v 4.725520 -16.663809 10.803298
v 5.043736 -16.851374 10.439382
v 9.443364 -17.883175 14.387990
v 11.322971 -18.216591 16.215410
v 15.222992 -16.587278 18.617468
v 16.564234 -16.453932 19.432615
v 15.166697 -15.321029 18.641562
v 14.976442 -14.165215 18.818342
v 16.132807 -14.091248 19.534298
v 16.395199 -15.209761 19.384079
v 5.351947 -11.483603 16.560200
v 18.322098 -15.148555 23.075186
v -2.840584 1.879026 14.377491
v -3.026694 1.922328 13.870933
v 3.278364 -16.107340 8.783769
v 4.144494 -16.135147 8.147985
v 4.865720 -15.096160 7.789447
v 4.977068 -14.137191 7.778432
v 4.932073 -13.015164 7.829482
v 4.594915 -11.347709 8.017334
v 21.233944 -3.863429 24.929306
v 21.196672 -3.720636 24.907997
v 21.158066 -3.782647 25.149855
v 21.207836 -3.985833 25.026871
v 21.153280 -3.926593 24.803890
v 21.103619 -3.818850 24.732489
v 21.091507 -4.041693 24.843599
v 21.000000 -3.952217 24.745445
v 19.005148 -5.226837 25.465498
v 18.980473 -5.203882 25.688389
v 18.765165 -5.107391 25.616234
v 18.891588 -5.125371 25.379135
v 19.653339 -5.068113 25.385750
v 19.693441 -5.036675 25.613834
v 19.571087 -4.977851 25.260359
v 18.807596 -4.997961 25.799669
v 18.967775 -4.998049 25.839815
v 18.854309 -1.130579 25.541279
v 19.229671 -1.583536 25.630095
v 19.409575 -1.440424 25.439651
v 19.027666 -1.022215 25.355947
v 20.113777 -1.911023 25.193100
v 20.138271 -1.878633 24.786858
v 19.529150 -1.338678 24.858494
v 19.505558 -1.357914 25.220024
v 19.984209 -2.025269 24.358448
v 19.773149 -2.219467 24.127539
v 20.495110 -2.726519 24.368393
v 20.305902 -2.925205 24.186117
v 19.235428 -2.633527 24.049124
v 19.751139 -3.380168 24.215359
v 20.719416 -4.398184 25.079824
v 20.235638 -4.760938 25.243309
v 20.780766 -4.380825 25.308764
v 20.715038 -4.187942 25.468412
v 20.621281 -2.620946 25.136797
v 20.655228 -2.580255 24.753403
v 19.720463 -2.255574 25.652548
v 18.935966 -1.769981 25.779444
v 19.306660 -2.517454 25.821751
v 18.543427 -1.956201 25.858101
v 18.871029 -2.712019 25.923990
v 18.591578 -1.281114 25.680449
v 18.290174 -1.418732 25.761658
v 17.780521 -1.605266 25.668671
v 19.034588 -1.036823 24.562044
v 19.125227 -0.975065 24.760580
v 19.229914 -1.579795 24.281343
v 18.898674 -1.119135 24.401205
v 18.822426 -1.855772 24.169786
v 18.831518 -2.882164 24.170490
v 19.299221 -3.669249 24.363556
v 18.815048 -3.890029 24.550896
v 18.391632 -3.089970 24.399239
v 19.635241 -4.828296 25.771009
v 20.278730 -4.732135 25.473448
v 20.203102 -4.546137 25.632805
v 18.178185 -2.947353 25.884714
v 17.980518 -3.019812 25.750370
v 17.654202 -1.651585 25.569313
v 17.559978 -1.705059 25.330004
v 18.560066 -1.319002 24.301853
v 18.451944 -2.074820 24.265121
v 18.216322 -1.505469 24.381926
v 18.045528 -2.251096 24.507652
v 17.851685 -1.660373 24.595695
v 17.883039 -3.150511 24.907030
v 17.694969 -2.318335 24.975016
v 17.837767 -3.104134 25.382954
v 17.569960 -1.729329 24.997852
v 18.451744 -3.785238 25.927849
v 19.443445 -4.298525 25.873835
v 18.742737 -4.526904 25.902693
v 20.490969 -3.724213 25.571545
v 20.967154 -3.318442 25.149485
v 21.004934 -3.279063 24.834463
v 20.876005 -3.405165 24.551531
v 20.735989 -3.569596 24.468367
v 20.239370 -3.962000 24.598562
v 19.748493 -4.300584 24.772669
v 19.214397 -4.561772 24.937075
v 18.571964 -4.701737 25.196045
v 18.461130 -4.663217 25.521154
v 18.559395 -4.574885 25.808750
v 18.185200 -3.988261 24.975853
v 18.105406 -3.942960 25.426117
v 18.246132 -3.855346 25.801275
v 16.580198 -6.280017 25.909657
v 16.508490 -6.103804 26.103300
v 15.942280 -6.160199 25.860561
v 16.000521 -6.240233 25.712656
v 16.562109 -6.151270 25.572350
v 16.024719 -6.189633 25.577513
v 18.602238 -5.194472 25.611456
v 18.220955 -5.683439 25.807831
v 18.149982 -5.599247 25.490452
v 17.779284 -4.783553 26.158304
v 18.138714 -5.500900 26.011303
v 18.573469 -5.107773 25.838547
v 18.335876 -4.446635 25.832193
v 18.395245 -4.419643 25.597277
v 15.809331 -4.379944 26.216845
v 15.576338 -3.265809 26.156944
v 15.157880 -3.378143 25.708973
v 15.178654 -4.518930 25.744417
v 15.137249 -3.404247 25.464149
v 15.154999 -4.545934 25.442636
v 15.601566 -5.583579 25.565199
v 15.616292 -5.563364 25.806814
v 15.207768 -3.412357 25.178072
v 15.273502 -4.564899 25.112469
v 15.714687 -5.595077 25.315279
v 16.010357 -4.490955 24.560558
v 16.357651 -5.510931 25.046642
v 17.150835 -5.274891 25.029871
v 17.344351 -5.986445 25.576029
v 17.394030 -6.074350 25.910135
v 16.225988 -5.416131 26.210249
v 16.064072 -3.116980 26.256330
v 16.552120 -4.156048 26.307377
v 16.617943 -2.842203 26.142920
v 16.318533 -2.329336 26.052519
v 15.877586 -2.553357 26.131117
v 15.453270 -2.709650 26.028412
v 15.140866 -2.863089 25.208607
v 15.091057 -2.866833 25.430464
v 15.472591 -2.755695 24.837067
v 15.659134 -3.318441 24.720200
v 16.671642 -4.283040 24.498428
v 17.870037 -4.901883 25.033255
v 18.256573 -4.601735 25.146526
v 18.366659 -4.475697 25.345623
v 17.816122 -3.461101 25.215405
v 17.843693 -3.419428 25.560904
v 17.776131 -3.450234 25.831533
v 17.347649 -5.885424 26.106962
v 17.027624 -5.173126 26.253410
v 17.196753 -3.811100 26.204063
v 16.727152 -2.088936 25.561434
v 16.691612 -2.103065 25.729151
v 15.932014 -2.576873 24.761240
v 16.742075 -2.834564 24.814440
v 16.420525 -2.315544 24.910469
v 17.312546 -3.917366 24.612228
v 17.693535 -3.580152 24.899014
v 17.009874 -2.639664 25.088776
v 16.648470 -2.161533 25.150867
v 16.722452 -2.104624 25.375942
v 9.297829 -8.240463 19.252356
v 9.690424 -7.999581 19.085661
v 9.825464 -8.184377 19.613310
v 9.212521 -8.461325 19.735369
v 11.017872 -6.185292 20.138336
v 10.852613 -5.243723 20.250191
v 10.671399 -6.222126 20.790722
v 10.145940 -8.037851 19.503893
v 10.326046 -7.886455 19.191135
v 10.847496 -5.053410 19.438728
v 10.547183 -4.215086 19.763844
v 10.313333 -4.353433 20.343508
v 8.978329 -4.658488 20.846333
v 9.842106 -4.499182 20.714266
v 8.435440 -6.711062 20.327345
v 8.993649 -6.623682 21.131163
v 8.630954 -6.590030 19.599947
v 8.789031 -7.460628 19.359932
v 8.597345 -7.573720 20.083832
v 9.273661 -6.350366 19.025806
v 9.403068 -7.219591 18.908770
v 9.548975 -7.730441 18.921627
v 8.995573 -8.005443 19.228874
v 10.316698 -7.069129 18.834730
v 10.369550 -7.609791 18.997305
v 10.904811 -7.601407 19.588867
v 10.769612 -7.843114 19.753023
v 10.913922 -7.752526 20.258253
v 10.546014 -7.913183 20.670311
v 9.692036 -8.310194 20.579695
v 8.859291 -8.218421 19.853088
v 9.444403 -8.074280 20.830189
v 9.222378 -7.488454 21.005140
v 10.148985 -6.337560 21.102812
v 10.794481 -7.035154 20.792194
v 10.387183 -7.206276 21.039709
v 10.577518 -7.641220 20.921204
v 10.841311 -7.790432 20.514612
v 10.912103 -7.490374 20.700275
v 11.083761 -7.447535 20.277023
v 10.889368 -7.086998 19.413452
v 10.834727 -6.247534 19.213097
v 10.245770 -6.279981 18.754061
v 10.289479 -5.047854 18.939028
v 10.157879 -4.279354 19.205572
v 8.588165 -4.700904 20.259411
v 8.691779 -4.671464 19.744169
v 8.671963 -5.551090 19.717041
v 9.352059 -5.299749 19.200876
v 9.277734 -4.526551 19.335802
v 15.672503 -6.393021 25.286198
v 15.827373 -6.118328 25.444427
v 15.642492 -6.570184 25.529274
v 13.399670 -4.559403 25.534693
v 13.870410 -4.419483 25.721653
v 13.648493 -4.014381 25.623171
v 12.926100 -4.428885 25.146902
v 14.255750 -4.769810 25.787764
v 13.273494 -5.055770 25.423565
v 12.826015 -5.103876 24.997156
v 13.187349 -6.445885 24.966967
v 13.655769 -6.436251 25.404444
v 13.212072 -6.518494 24.295328
v 13.450130 -6.974428 24.607246
v 13.400764 -6.788443 24.960911
v 13.731422 -6.851900 24.534809
v 14.125665 -6.908621 24.772562
v 13.963982 -7.129789 25.007729
v 14.389354 -6.806306 25.535791
v 13.793805 -6.880107 25.260984
v 14.561266 -7.071319 25.300791
v 14.213853 -6.331023 25.644606
v 14.769614 -6.149504 25.792414
v 15.165200 -5.956073 25.839771
v 14.845123 -3.966932 25.650637
v 14.297841 -4.239042 25.836794
v 14.576397 -4.621224 25.838530
v 14.536032 -3.623300 25.626564
v 14.108520 -3.861145 25.744896
v 12.799645 -4.391038 24.226080
v 12.891124 -5.059813 24.082657
v 13.053056 -5.796050 24.189999
v 13.385627 -5.759725 24.052986
v 13.536619 -6.493071 24.238913
v 14.014080 -6.406202 24.378258
v 14.597802 -6.380337 24.631718
v 14.609295 -6.937486 25.031040
v 15.104347 -6.112653 24.777613
v 15.259957 -6.706905 25.196823
v 15.234963 -6.859153 25.474487
v 15.407363 -6.365664 25.768528
v 15.010021 -6.612883 25.707729
v 15.616074 -6.100272 25.681688
v 15.603194 -5.703147 25.650404
v 13.111591 -4.327872 24.000204
v 13.243309 -5.008077 23.866648
v 13.837778 -5.687842 24.144512
v 14.871326 -5.398772 24.509083
v 15.318368 -5.115873 24.782566
v 15.567812 -5.816085 25.001205
v 15.713378 -5.682725 25.308985
v 15.465908 -5.001336 25.204538
v 15.011539 -3.900820 25.199806
v 15.213804 -4.307658 25.098364
v 14.665176 -3.564648 25.277323
v 13.474217 -4.270000 24.028387
v 13.318373 -3.547962 24.211470
v 13.628531 -3.493934 24.328085
v 13.915139 -4.173095 24.182604
v 13.679816 -4.946237 23.912277
v 14.374856 -4.020098 24.382713
v 14.657470 -4.661295 24.241610
v 14.708657 -3.814433 24.714380
v 15.072273 -4.399303 24.562159
v 14.230799 -3.261313 24.827885
v 14.309118 -3.212712 25.123777
v 13.994278 -3.369212 24.542593
v 9.443307 7.308651 6.854574
v 9.795615 4.904611 2.422226
v 11.102973 6.415833 3.198508
v 14.262234 4.829369 26.527517
v 14.120299 4.765617 26.568117
v 14.294931 4.459782 26.755930
v 14.542022 4.766712 26.227484
v 14.128689 4.942209 24.881388
v 13.619617 5.075197 24.427345
v 13.847071 4.891810 25.279121
v 13.986193 4.934548 25.215462
v 15.579193 3.762619 25.895754
v 14.556260 3.871517 26.668100
v 14.909521 2.762722 26.044827
v 15.607099 3.160854 25.841995
v 22.483969 11.888663 15.307984
v 21.420174 12.473258 15.188902
v 22.578585 14.155908 15.382020
v 23.719685 13.762677 15.267796
v 24.672928 12.306148 15.194943
v 23.509623 11.223254 15.444017
v 25.224581 11.745858 15.179751
v 24.108652 10.764838 15.556816
v 23.179771 15.574954 15.348540
v 24.022409 15.273116 15.162320
v 25.124098 20.048752 16.151974
v 24.596899 19.948364 15.536467
v 23.639618 22.935211 16.380966
v 24.075897 22.879234 17.072035
v 23.360680 20.001072 15.474717
v 23.312359 22.051739 15.850136
v 24.399971 18.369545 15.136148
v 23.268719 18.500053 15.306555
v 24.382080 17.336521 15.011015
v 22.945358 17.231220 15.263178
v 25.390482 18.109917 14.984318
v 26.073769 18.060757 15.491311
v 22.059212 10.146678 -8.629693
v 20.782530 9.521245 -10.337371
v 21.550213 10.709647 -11.676443
v 23.761765 13.112338 -9.393742
v 23.813490 14.134240 -9.899118
v 24.156973 14.446412 -8.939967
v 24.158134 13.477494 -8.511623
v 23.990339 12.244272 -7.979686
v 23.120159 12.645722 -10.586944
v 23.178471 13.742719 -11.185537
v 21.833914 12.076760 -12.682503
v 21.832991 13.269360 -13.329430
v 21.230644 11.578886 -4.673983
v 20.829929 11.821520 -4.274417
v 19.851406 10.979839 -4.793069
v 20.364046 10.587336 -5.425348
v 20.653330 12.073380 -3.419066
v 19.417517 11.031595 -4.042087
v 18.799623 10.064623 -5.289788
v 18.480160 8.768427 -7.037434
v 20.385136 9.947592 -6.306762
v 18.879353 10.711952 -4.276014
v 18.822243 10.460537 -4.699718
v 15.920315 7.670349 -4.742738
v 16.724600 9.283325 -3.269412
v 15.364289 7.968527 -1.422526
v 15.109040 6.290064 -3.394666
v 17.895603 12.026148 -1.255967
v 15.993543 9.517128 -1.274556
v 16.943363 9.985559 -2.730489
v 15.413357 9.418621 -0.306393
v 14.832318 8.152576 -0.437069
v 16.785877 11.210823 0.914852
v 19.931463 11.186159 -3.630210
v 20.183672 11.139526 -2.850018
v 19.016537 11.017263 -3.041077
v 20.399183 10.229927 -2.460351
v 20.115053 10.215088 -1.943240
v 19.707134 11.006613 -2.032050
v 18.797131 11.783131 -2.075618
v 11.159913 22.539982 -23.800947
v 8.811674 22.251175 -25.003450
v 10.094484 20.784706 -24.678478
v 7.204940 21.514168 -25.734386
v 5.713619 26.177700 -25.201481
v 8.418250 19.387524 -25.641930
v 22.287273 8.607669 14.992724
v 23.079853 8.186961 15.781367
v 22.921246 7.592166 15.690966
v 21.134317 7.391824 13.563560
v 22.898981 9.521337 15.411627
v 23.647827 9.042220 15.927399
v 22.942989 6.954928 15.712883
v 23.471405 5.309420 15.906143
v 22.498796 4.941411 13.362263
v 21.611246 6.654506 13.552402
v 16.522009 4.794945 23.922588
v 16.707552 5.511238 22.623062
v 15.868783 4.617207 22.959999
v 15.330496 4.684115 24.826605
v 14.896869 4.760504 24.658499
v 14.480999 4.933586 24.323160
v 14.917376 4.839159 22.991739
v 20.350727 12.758371 -2.118298
v 21.148458 13.068232 -3.651801
v 20.923792 13.764223 -2.817415
v 20.781532 14.600349 -2.142956
v 20.021313 13.737936 -1.480057
v 19.524508 12.683836 -1.492920
v 20.159636 11.340145 -1.878674
v 20.561842 11.474554 -2.281854
v 19.055286 7.539545 22.564402
v 20.363020 8.378494 21.237482
v 18.800303 8.807470 22.514704
v 19.510023 5.686701 22.954971
v 20.652088 9.386642 21.047186
v 21.251741 10.323317 20.840897
v 18.500875 9.998943 22.692684
v 20.348352 12.506685 22.125549
v 17.735680 11.170855 23.204821
v 17.352377 38.028061 8.216092
v 16.990103 7.767066 -7.226770
v 13.986758 5.346815 -6.720615
v 15.033134 5.646189 -9.013869
v 14.066147 5.241837 -4.294497
v 12.560726 5.070807 -4.275403
v 12.295250 4.302476 -7.222348
v 23.845459 1.277659 17.011806
v 22.126329 0.980773 14.255486
v 22.664860 1.267119 13.669237
v 23.007544 1.560439 13.298969
v 24.280188 1.731496 15.766721
v 24.520908 1.534312 17.313196
v 16.316422 13.001337 23.657059
v 16.263542 11.650726 23.938274
v 18.176430 12.840201 22.969639
v 15.108708 13.438019 24.121084
v 15.152924 12.203815 24.570471
v 20.010590 13.244297 22.191948
v 17.742998 9.788443 -4.432357
v 19.724960 8.922164 -8.745135
v 21.163853 9.688036 -7.508099
v 23.559935 0.771177 18.470083
v 22.756157 0.783579 18.079182
v 20.994982 0.692482 17.733631
v 20.322338 0.858495 14.443511
v 17.944653 10.329348 -3.789862
v 24.101446 18.207235 -2.088732
v 23.927584 17.424772 -1.625567
v 23.570917 17.380449 -1.962901
v 23.616861 18.324369 -3.381376
v 23.244055 17.235506 -2.243118
v 22.877487 17.205336 -2.998330
v 22.537922 21.167000 18.598286
v 22.017653 20.186073 18.094978
v 23.176733 19.708969 18.356810
v 12.931765 14.753317 25.197294
v 11.105339 15.345057 26.860285
v 13.208092 13.358393 25.847338
v 12.252892 15.495096 25.446638
v 12.732580 15.497307 24.602160
v 12.143679 16.334038 24.818193
v 11.667418 16.373943 25.640457
v 13.351036 14.894091 24.386751
v 10.795011 15.882330 26.824167
v 10.416469 16.613411 26.837362
v 13.153003 10.891064 23.697834
v 13.283738 10.945654 24.826731
v 12.271437 11.368641 25.434389
v 14.182236 10.413265 24.755875
v 14.165276 10.230907 23.518948
v 13.395273 11.050724 25.339468
v 12.905598 11.488369 25.913841
v 24.174124 19.612764 -6.175842
v 24.247219 20.846838 -8.067858
v 24.129246 22.354342 -6.568913
v 24.129822 20.369295 -4.243998
v 23.923473 23.873384 -5.214700
v 23.899412 22.452463 -3.152669
v 23.324543 18.157049 -5.092646
v 22.925879 0.225739 21.118193
v 21.602251 -0.265373 21.257689
v 21.393570 0.197537 20.003078
v 22.902964 0.479647 20.004385
v 22.780014 0.047575 22.183378
v 21.689713 -0.572112 22.074331
v 21.705418 -0.644042 22.883602
v 22.045946 -0.235321 23.505642
v 19.817776 0.892348 17.557018
v 19.772858 -0.251783 21.035513
v 20.068111 -0.814254 22.012789
v 20.339849 -1.238260 22.756140
v 19.054840 13.495224 -0.383366
v 20.003887 14.391315 -0.616853
v 20.406528 14.735338 0.285943
v 20.947371 14.998657 0.858181
v 21.632607 15.302149 1.397646
v 20.051706 14.143921 2.769349
v 19.459862 13.677288 2.086588
v 17.966446 12.335545 2.323212
v 18.910421 13.076365 4.252753
v 22.934376 0.426722 22.550549
v 23.481255 0.599388 21.684973
v 23.545809 1.001339 21.886610
v 22.945974 0.857691 22.798471
v 23.395390 0.373436 21.421936
v 15.237826 16.858318 17.152534
v 14.754105 18.145100 16.632553
v 14.000645 17.405430 17.714825
v 14.445925 16.856800 17.454002
v 23.870518 14.102816 -6.303164
v 23.717493 13.330053 -5.808466
v 22.453314 13.303822 -4.773034
v 23.195004 12.287933 -5.164902
v 13.395900 3.710042 14.526285
v 13.466540 4.044186 15.239614
v 13.896086 3.740308 15.153712
v 14.059398 3.112454 14.446832
v 12.968098 4.191911 14.637774
v 13.077358 4.465508 15.295521
v 14.822873 1.927535 14.813957
v 13.598071 1.362460 14.828605
v 13.119588 2.255420 14.324509
v 12.713088 3.187743 14.241582
v 12.477942 3.786082 14.326015
v 22.138044 15.959755 18.795189
v 22.438629 17.025787 18.103031
v 20.654383 17.109543 17.554464
v 20.254749 15.950743 18.150484
v 20.275536 14.585285 20.000401
v 19.385019 14.981979 19.039671
v 18.493179 14.559851 19.668034
v 14.715661 18.755676 16.707386
v 14.161629 19.914402 18.289940
v 13.546929 18.320950 18.611895
v 18.196274 0.554947 20.095505
v 17.590837 -0.158144 21.294579
v 16.914825 0.458166 19.941780
v 17.633631 0.825436 19.472942
v 18.036957 -0.586742 21.891062
v 16.121119 1.018304 17.693855
v 16.934935 1.357898 17.527380
v 17.708071 1.472148 17.386597
v 18.281336 1.506583 16.862343
v 19.507547 7.468829 12.221479
v 20.075102 6.887652 12.128067
v 20.015762 6.942048 11.602798
v 19.539333 7.498471 11.580916
v 20.160313 6.887397 10.764361
v 19.658533 7.571147 10.604476
v 18.810896 8.431222 10.397347
v 18.558258 8.282851 12.272986
v 20.429560 6.423814 11.615173
v 20.573244 6.204209 10.929566
v 20.628078 6.319179 12.014694
v 21.329975 4.983747 11.142915
v 23.042803 24.371178 17.102625
v 22.434883 23.460918 16.036829
v 21.621822 24.332851 16.169388
v 21.713324 23.534718 15.656466
v 21.215628 23.991367 15.047925
v 21.002279 25.598118 16.216654
v 21.354239 25.609402 17.071190
v 21.591988 25.923916 17.619541
v 21.842443 25.461971 17.409889
v 21.515451 25.317848 17.007698
v 21.369152 1.070281 11.847986
v 21.369728 1.375661 11.219104
v 21.852180 1.501172 11.640320
v 21.756939 1.213199 12.065612
v 26.365376 17.233761 16.710993
v 26.753601 17.189220 14.723667
v 25.115067 19.964447 17.069046
v 24.600370 19.857212 18.117327
v 25.604788 17.505623 17.862465
v 26.738306 15.893528 17.151768
v 27.306339 14.319882 16.649410
v 26.182480 16.341381 17.874083
v 21.935202 10.539047 -5.463594
v 22.335091 10.970716 -5.109240
v 13.694228 10.898020 4.686761
v 15.281986 11.350405 4.448382
v 15.407333 11.333097 5.020187
v 13.251724 10.469913 5.644655
v 13.802214 10.922308 4.294041
v 15.115715 11.228052 3.880880
v 13.286254 10.597969 3.646057
v 14.436511 10.654869 2.839581
v 12.970012 10.462921 3.990144
v 16.713131 3.512729 11.932722
v 17.502499 2.396297 11.092524
v 17.542089 2.277061 11.656445
v 16.922415 3.025058 12.431047
v 18.580206 1.553678 11.245935
v 18.047398 1.987376 12.017924
v 17.349415 2.703910 12.804912
v 18.772606 3.892480 10.224171
v 18.421383 4.507989 10.288408
v 19.496088 5.008163 10.445107
v 19.688967 4.007670 10.286273
v 22.302784 25.441963 19.925449
v 21.710255 26.168976 20.346405
v 21.258957 25.523640 21.476841
v 22.620785 24.553524 19.878361
v 20.300797 26.989578 21.638208
v 21.026602 27.043499 20.609695
v 22.299412 23.797062 20.636150
v 21.452705 24.366772 21.812180
v 18.547102 22.380375 21.208509
v 16.123705 21.784077 20.379993
v 16.810171 21.362247 19.005924
v 19.207600 22.250420 20.432194
v 17.914324 22.418095 21.974272
v 7.374709 19.849804 28.551300
v 8.026035 18.304619 28.109221
v 9.840786 20.029186 28.186646
v 9.242202 21.128429 28.436361
v 9.319825 18.397907 27.899349
v 15.664239 3.673747 14.659410
v 15.531986 4.198241 16.892624
v 15.941524 5.282082 16.583210
v 16.076237 3.827458 14.116302
v 16.115789 4.400266 13.887606
v 16.507463 3.288098 13.997225
v 16.065786 3.191728 14.334026
v 14.524440 6.356697 -0.608812
v 14.186981 5.215540 -1.017461
v 25.396843 15.305885 19.042885
v 25.674414 13.645178 18.853855
v 26.663368 14.786308 17.821495
v 26.231035 15.378111 18.292875
v 20.043945 1.128736 10.904547
v 19.635082 1.817292 10.120984
v 20.761703 1.911164 10.181639
v 20.711517 1.178985 10.924730
v 20.702112 0.880900 11.706343
v 19.606741 1.140363 11.984330
v 11.513090 11.811499 26.816158
v 11.038850 11.465179 26.934456
v 11.479169 10.078207 25.668531
v 11.751314 10.302986 25.282526
v 15.660009 10.958055 5.946760
v 13.920443 10.289558 6.417384
v 20.672232 14.661415 3.244619
v 21.235250 15.205105 3.564670
v 18.442335 12.490684 6.159700
v 12.381844 5.364113 1.019024
v 11.853991 7.309351 2.972647
v 11.234102 8.817164 6.562920
v 22.683737 19.696756 3.087157
v 22.601246 20.612558 3.790781
v 22.179054 19.429235 5.363578
v 22.158808 18.364531 4.753591
v 23.241114 21.636251 0.780194
v 21.516876 16.334234 5.134257
v 22.179979 16.778852 3.686002
v 22.696955 18.085146 2.971730
v 23.706121 21.411383 -1.424447
v 23.429272 20.388063 0.174411
v 21.531025 18.366476 7.869703
v 21.374361 17.212175 7.390442
v 24.780107 19.012239 -0.902742
v 24.302475 19.749685 -1.385239
v 23.926325 19.454073 0.103722
v 24.606485 19.007666 0.372761
v 24.430529 18.977613 -1.902582
v 24.122856 19.036539 -2.758464
v 24.192591 20.087172 -2.676005
v 10.957889 9.100749 10.668784
v 11.038836 8.688060 12.829291
v 10.237085 7.781493 12.446573
v 9.878901 7.884036 10.672850
v 11.132685 8.262809 13.281516
v 10.461804 7.522704 12.941128
v 11.277236 9.898171 13.362163
v 11.201609 9.212546 13.806684
v 11.267866 8.693065 14.101300
v 17.309349 3.543082 10.116863
v 17.958855 2.738532 10.050027
v 16.224049 4.658879 11.456000
v 16.754374 4.528934 10.070405
v 18.435429 1.619317 15.974928
v 17.500530 2.014161 15.757500
v 17.877298 2.110343 15.248621
v 18.159307 2.087829 14.909231
v 18.606703 1.970162 14.044906
v 19.121979 1.474309 14.367459
v 18.729038 1.524919 15.713191
v 18.959644 20.266964 -17.297152
v 19.398361 16.765789 -16.897192
v 18.853348 23.761478 -16.774521
v 13.525273 20.598129 -22.501047
v 15.131329 18.737698 -21.333704
v 12.136767 18.596371 -23.684309
v 13.450706 16.776390 -22.805368
v 14.575386 26.416855 -20.360023
v 16.495403 15.650449 -19.994965
v 14.671304 14.159759 -21.563564
v 12.728276 8.727095 2.301514
v 22.039301 15.535166 1.977226
v 22.384443 15.859348 2.373355
v 22.675226 16.098253 0.052528
v 23.746794 16.140779 0.388353
v 23.480999 15.991781 1.194866
v 22.084246 16.030500 -0.292685
v 23.499008 16.115664 1.638354
v 23.592438 16.379232 1.961616
v 13.346651 9.621141 2.085452
v 10.840399 3.534190 -16.705734
v 9.719253 2.341540 -14.951809
v 9.940831 3.310758 -17.349377
v 8.485061 1.944875 -15.335782
v 21.413225 12.640001 -4.225204
v 21.788321 12.279741 -4.549097
v 20.601698 -1.276986 23.810526
v 18.392946 2.223594 13.707719
v 19.003929 1.655192 13.207033
v 18.141489 2.424348 13.373741
v 18.787329 1.777204 12.724275
v 13.856829 5.140185 -15.169635
v 13.145510 3.734717 -13.197039
v 12.181616 2.734254 -10.811485
v 9.124215 1.229690 -10.851192
v 22.957842 10.230843 -5.948850
v 23.265732 10.486271 -5.624147
v 23.592379 10.790579 -5.704324
v 22.782030 11.478210 -5.028272
v 23.485710 10.479889 -6.397996
v 23.438530 0.417935 21.004587
v 23.532082 0.579683 20.089066
v 11.184134 12.160181 27.600323
v 10.890385 12.095089 27.819595
v 24.975828 18.172018 -1.064512
v 24.795990 17.398180 -0.934514
v 28.120169 12.996499 15.308100
v 28.317072 14.905772 13.489925
v 28.236628 12.125749 14.678593
v 28.697126 14.020259 12.815355
v 27.338974 16.691597 13.710732
v 27.602312 16.668861 12.840899
v 28.632940 15.345069 11.217509
v 28.252901 16.086021 11.684001
v 23.849600 11.178331 -6.963518
v 17.624388 4.929976 24.151571
v 16.900383 4.446545 24.646423
v 17.167225 3.766306 24.828197
v 17.992786 6.095966 23.613495
v 20.718691 -0.803757 24.750753
v 20.902906 21.169819 18.606934
v 19.947319 20.405151 18.041443
v 19.856947 21.831356 19.489773
v 20.632456 18.521267 17.333960
v 22.228928 18.454533 17.745331
v -0.049395 16.028622 -26.951296
v -1.323308 18.849827 -26.654339
v 0.761732 19.683086 -26.868330
v 2.048550 16.883865 -27.136215
v 2.941054 15.088140 -27.037991
v 3.825223 13.374952 -26.761078
v 1.696666 12.422642 -26.621548
v 0.826817 14.186369 -26.878159
v 9.105493 15.901306 27.821581
v 9.661458 16.042252 27.615368
v 9.348351 16.693073 27.527605
v 8.829693 16.433048 27.630667
v 9.927377 15.543867 27.721745
v 15.866907 -1.149726 21.943407
v 15.310747 -0.457283 20.428577
v 9.243222 4.487707 -2.145848
v 12.125468 4.897835 -1.876021
v 11.368600 4.811337 -0.685766
v 9.648269 4.405073 -0.152936
v 9.876020 4.372210 1.136446
v 11.804055 4.682556 0.192912
v 15.411362 4.642197 25.305935
v 15.500422 4.377180 25.781549
v 16.646843 4.761688 24.301455
v 8.994084 4.207293 -4.176332
v 9.066360 2.956403 -7.293457
v 13.385241 4.699009 -1.546350
v 13.584013 3.974954 -10.114104
v 14.563469 4.824298 -12.428186
v 16.368479 6.319657 -11.385126
v 17.165716 7.361396 -13.426856
v 18.142649 7.708998 -10.188409
v 19.093452 8.557117 -12.035364
v 19.494705 9.734883 -13.892643
v 17.337463 10.480308 -17.403791
v 17.223249 11.847232 -18.259747
v 15.707359 7.858357 -16.870239
v 15.682508 9.599534 -18.550116
v 15.479107 10.897918 -19.525587
v 19.925856 12.806045 -15.633042
v 19.773285 14.290292 -16.203325
v 21.683361 14.673949 -13.851458
v 21.081146 19.979008 -14.700211
v 23.100803 15.020465 -11.640971
v 22.786491 19.751711 -12.142443
v 20.933081 22.930784 -14.339408
v 22.736435 22.286589 -11.730102
v 23.737181 19.485945 -10.413320
v 24.230455 19.137293 -9.042963
v 23.745014 21.645315 -9.824991
v 24.201260 18.516897 -7.506356
v 24.150345 16.976641 -7.991739
v 23.352419 17.544649 -6.041209
v 23.472038 16.577868 -6.450176
v 22.187103 16.790926 -4.210046
v 22.146709 16.307604 -4.785658
v 21.832663 16.242533 -2.373736
v 21.350653 15.586214 -3.111826
v 22.513308 16.642450 -1.621475
v 21.028763 15.373627 -1.429986
v 23.376963 16.736696 -0.932906
v 22.929199 16.739374 -1.243134
v 24.298277 16.648905 -0.441103
v 25.752815 16.275057 1.595700
v 24.989174 16.150431 0.974275
v 25.499374 16.610857 0.319449
v 26.256678 16.732500 1.053972
v 25.802118 17.436934 0.012345
v 26.388582 17.570890 0.821902
v 26.758677 17.814253 1.751209
v 26.954096 17.457071 2.922188
v 26.683990 17.062025 1.938742
v 26.565357 18.518057 1.652848
v 26.238352 18.327799 0.792307
v 25.808691 18.215223 -0.002760
v 26.191032 19.016954 1.691530
v 26.451090 19.205454 2.652899
v 25.904961 18.853559 0.910590
v 25.562248 18.776060 0.248420
v 25.663139 19.037924 1.981106
v 25.958017 19.175215 2.854189
v 25.367882 18.928694 1.319149
v 25.078691 18.902617 0.826397
v 25.330400 18.749380 2.301242
v 25.679615 18.867212 3.056898
v 24.989059 18.655630 1.773926
v 24.830299 18.332140 2.065589
v 25.204992 18.448618 2.508743
v 25.583677 18.583380 3.187282
v 24.261097 18.639570 1.154392
v 24.046972 18.222364 1.657191
v 24.504807 18.270060 1.808325
v 24.693062 18.626307 1.429024
v 25.177845 17.933252 2.723101
v 25.564466 18.134726 3.341866
v 24.780199 17.741983 2.328724
v 24.399050 17.615580 2.116801
v 23.826334 17.449945 2.077868
v 23.398376 18.157946 1.888018
v 23.026684 17.162436 2.498080
v 24.411959 17.033323 2.185412
v 24.468491 16.720327 2.082609
v 25.000837 16.952765 2.382278
v 24.874437 17.231874 2.428616
v 23.675150 16.740984 2.142029
v 22.658699 16.291864 2.605987
v 25.305809 17.487429 2.847798
v 25.696619 17.739065 3.460958
v 25.463438 17.245317 2.851279
v 25.860184 17.526674 3.488301
v 25.637354 17.009787 2.766973
v 25.847338 16.805231 2.618954
v 26.244740 17.203207 3.340208
v 26.039293 17.347506 3.439022
v 25.147381 16.668016 2.243273
v 25.340801 16.424585 2.026265
v 24.542397 16.433550 1.875234
v 24.664062 16.218592 1.570586
v 26.248810 16.653978 2.326601
v 26.605110 17.098833 3.154195
v 26.948103 17.420916 4.065959
v 26.594524 17.460451 4.182141
v 26.904776 17.512701 5.131214
v 27.265198 17.540995 5.060431
v 27.240286 17.776415 3.952654
v 27.515278 17.918180 5.048698
v 27.752281 17.781553 6.228485
v 27.982235 17.404692 7.470932
v 27.812204 16.971968 7.284009
v 27.543713 17.378992 6.137439
v 27.691994 18.300245 6.380724
v 27.866718 17.918570 7.711419
v 27.495647 18.462763 5.097262
v 27.266392 18.355070 3.898008
v 27.500235 18.804930 6.525802
v 27.627249 18.414396 7.916814
v 27.325747 19.004297 5.147980
v 27.097172 18.941282 3.831960
v 27.108219 19.153845 6.641239
v 27.211935 18.764311 8.077912
v 26.947393 19.374155 5.215306
v 26.715946 19.357958 3.856648
v 26.644131 19.047251 6.669383
v 26.738199 18.652918 8.085504
v 26.487890 19.272963 5.279945
v 26.245947 19.284441 3.980973
v 26.440676 18.723581 6.631784
v 26.559250 18.312864 7.995870
v 26.261963 18.954679 5.307474
v 26.202898 18.692125 5.313287
v 26.409786 18.458189 6.586292
v 26.561359 18.034136 7.909126
v 25.999094 18.969362 4.087483
v 25.921787 18.699118 4.151231
v 26.463205 18.077303 6.502957
v 26.660099 17.642202 7.765141
v 26.216095 18.306318 5.306043
v 25.913382 18.292418 4.227462
v 26.601070 17.722742 6.402003
v 26.826286 17.279669 7.603522
v 26.336863 17.949736 5.279552
v 26.485626 17.751371 5.244598
v 26.750122 17.523066 6.324617
v 26.986528 17.075262 7.488594
v 26.038076 17.924154 4.285332
v 26.195045 17.724016 4.292654
v 26.949305 17.372427 6.242559
v 27.198355 16.918982 7.375167
v 26.677828 17.601568 5.191008
v 27.183746 17.296103 6.173861
v 27.445044 16.847349 7.291264
v 26.380468 17.569029 4.251736
v 27.191523 16.444845 8.692955
v 27.429438 16.278532 8.557112
v 27.702532 16.204966 8.464905
v 28.098837 16.357012 8.489154
v 28.036329 14.647082 10.723561
v 28.510456 14.800292 10.800215
v 28.484915 13.444198 12.310275
v 27.934671 13.393165 12.219298
v 28.235483 16.826071 8.754421
v 27.816149 11.659860 14.152569
v 27.189035 11.826482 14.030281
v 26.814587 10.614295 15.415121
v 25.975437 11.067573 15.187635
v 27.336388 10.864146 15.930465
v 26.117317 9.893656 16.840538
v 25.647114 9.745412 16.205265
v 27.417528 11.649663 16.501926
v 26.251379 10.517443 17.435724
v 27.234007 12.373058 16.877802
v 26.187511 11.148239 17.776583
v 26.956467 13.226427 17.337849
v 24.387060 9.862209 18.632099
v 24.509687 9.333281 18.200287
v 23.768944 12.377508 19.972088
v 23.539894 13.548330 20.536875
v 21.633505 13.178856 21.611973
v 23.178743 14.357389 20.743027
v 24.254311 15.874737 19.597694
v 21.210526 13.830380 21.565168
v 22.662527 14.915951 20.549347
v 23.681234 16.257771 19.360106
v 23.817928 17.064579 18.771681
v 24.461235 16.868187 18.952099
v 21.942814 15.104584 19.942230
v 20.709232 14.280293 20.907440
v 19.669775 13.760235 21.707542
v 17.958757 13.314882 22.605576
v 17.149166 14.206558 20.610699
v 15.494601 14.875540 19.940647
v 14.925303 15.234430 19.836504
v 16.367182 15.104099 19.105293
v 14.145634 14.437120 23.415537
v 14.345813 15.603514 19.850990
v 13.871604 15.899628 20.108103
v 13.489726 16.129173 20.435093
v 13.288282 16.875523 20.175848
v 12.765098 16.586571 22.054611
v 13.181949 15.827990 22.049612
v 13.025826 17.727612 20.354681
v 12.508758 17.393707 22.173134
v 13.022964 18.680637 20.484529
v 12.881371 18.153591 20.677320
v 13.233345 19.624119 20.489527
v 12.723283 19.385872 22.633112
v 13.884306 20.794617 20.539282
v 13.386670 20.329315 20.968519
v 13.085841 20.159805 22.907391
v 16.834732 18.234901 16.677143
v 16.691784 19.107460 16.711397
v 17.181120 20.294258 17.933605
v 16.612530 16.946743 17.064835
v 18.933926 18.530254 17.056351
v 18.892599 17.465088 17.191212
v 19.313219 17.962658 17.087784
v 20.732399 17.817471 17.372585
v 18.503502 16.426834 17.616190
v 18.329067 15.467564 18.238821
v 17.519392 15.354221 18.460243
v 18.546385 19.610432 17.285877
v 19.043627 22.914097 23.470169
v 20.774923 22.748463 21.383745
v 21.536417 22.343323 20.040150
v 22.105795 22.715115 20.283516
v 21.246380 23.163921 21.673973
v 22.078026 21.864670 19.077049
v 22.687777 22.214947 19.343060
v 23.148998 21.511730 18.884274
v 23.190552 22.834507 19.229267
v 23.729931 21.966385 18.628460
v 23.863911 19.752331 18.537397
v 24.326088 18.193008 18.521969
v 23.579937 18.287769 18.342321
v 23.733177 17.654919 18.506193
v 24.435989 17.524509 18.679800
v 22.385378 17.730778 17.848516
v 24.082670 22.500294 17.878155
v 23.502192 23.613693 18.638889
v 23.474401 24.197376 17.826674
v 22.375568 22.027485 15.606655
v 22.201437 20.091991 15.211416
v 22.055170 18.793438 14.964416
v 21.796526 17.694294 14.793440
v 21.379354 16.654133 14.677670
v 22.423895 15.981719 15.288858
v 21.754755 14.641780 15.255812
v 20.717352 15.445765 14.503424
v 20.540165 13.017697 14.983489
v 19.504848 13.872174 14.094541
v 19.193825 12.264495 14.461002
v 18.532164 12.899325 13.672851
v 19.299370 11.724816 14.460291
v 17.965237 12.372037 13.356423
v 18.272980 11.135867 13.907218
v 17.831041 10.751069 13.593868
v 18.162724 9.615626 13.246666
v 19.281191 8.869866 13.324970
v 21.572210 9.074496 14.620178
v 20.432278 8.036021 13.450989
v 22.258600 9.933202 15.137661
v 17.111994 10.562707 12.556266
v 17.506937 10.757838 10.019299
v 17.160475 10.850360 11.358692
v 17.576668 12.199359 11.793596
v 17.979643 12.183879 10.230597
v 17.969955 12.733121 12.126106
v 17.516371 11.897231 13.030331
v 18.439259 13.322314 12.455399
v 18.808966 13.405908 10.959138
v 19.462057 14.498138 11.494879
v 19.227564 14.349427 12.944323
v 20.220434 16.106415 12.094950
v 20.239767 15.907435 13.495670
v 20.700386 17.363201 12.429761
v 20.839897 17.086689 13.762381
v 20.701168 16.473948 9.745977
v 20.132212 14.814839 9.265651
v 19.524809 13.674424 8.849774
v 19.043604 13.013019 8.513156
v 20.942757 15.155006 5.162709
v 20.988077 17.746416 10.178515
v 21.187431 19.137106 10.679637
v 21.050030 18.604557 12.777435
v 21.241974 18.150597 13.990602
v 21.497463 19.260380 14.257826
v 21.614956 20.488754 14.584788
v 21.278282 19.823448 13.154740
v 21.367603 21.064457 13.584100
v 21.695927 22.229969 15.113895
v 21.333885 22.756184 14.315593
v 21.278614 23.473846 12.966700
v 21.042164 24.734276 13.846496
v 21.387852 21.792461 11.935532
v 21.905682 23.550467 8.096226
v 21.330853 20.500500 11.258743
v 22.060049 24.472940 6.754756
v 22.873295 23.862696 2.626345
v 22.235477 26.150229 4.850497
v 23.134388 25.936903 0.606481
v 23.398268 26.653273 -2.750984
v 23.057896 27.894793 -1.487795
v 23.284182 27.204985 -6.128136
v 22.317240 28.846628 -8.257713
v 22.060907 30.230082 -6.969151
v 22.987028 28.516565 -4.913627
v 23.531353 25.435602 -7.548279
v 22.522842 26.860353 -9.748613
v 20.673409 28.569193 -12.405200
v 20.471365 30.926371 -10.835458
v 22.623537 24.663244 -10.903729
v 20.824728 25.850813 -13.579951
v 18.766113 27.115334 -15.895543
v 18.552332 30.234653 -14.665051
v 16.112108 31.936253 -16.634424
v 14.412867 29.830460 -19.329081
v 14.075115 33.171669 -17.977800
v 11.444389 31.262962 -20.987062
v 11.023216 34.604942 -19.507771
v 11.689104 27.934502 -22.055510
v 8.915159 28.844395 -23.236610
v 8.562178 32.203270 -22.080460
v 5.121952 29.573627 -24.332466
v 4.625706 32.998138 -22.989119
v 2.464206 29.730827 -24.650558
v 1.825924 33.143784 -23.162336
v 3.279996 26.168343 -25.634804
v 0.854278 25.937069 -25.821041
v -0.179273 29.580921 -24.723684
v -1.495486 25.355682 -25.712536
v -2.735921 28.957890 -24.532732
v 2.917412 20.342991 -26.825027
v 5.106487 20.908741 -26.405729
v 4.205266 17.644775 -27.003675
v 6.361705 18.429420 -26.456503
v 5.117198 15.950518 -26.851093
v 6.022461 14.339691 -26.530701
v 8.206546 15.468733 -25.860065
v 10.287838 16.846016 -24.896473
v 11.538060 14.964008 -24.114334
v 9.463415 13.412304 -25.117426
v 12.783957 12.564482 -22.869335
v 10.779794 11.042362 -23.858467
v 13.370537 10.891907 -21.584473
v 11.436749 9.557583 -22.481823
v 15.229788 12.188517 -20.426907
v 13.984909 8.587779 -19.456480
v 12.247483 7.488347 -20.177401
v 11.093321 4.977971 -18.847578
v 9.326649 4.027862 -19.028978
v 8.516669 5.273531 -20.973976
v 7.373458 3.078259 -18.828730
v 6.486796 4.242236 -20.880636
v 5.266662 6.003025 -23.255033
v 7.385359 7.040785 -23.419153
v 4.348193 7.471704 -24.637835
v 6.519245 8.477268 -24.828890
v 2.922292 10.046148 -25.953171
v 5.068814 11.037302 -26.092009
v 7.279593 12.107969 -25.832270
v 8.685254 9.643371 -24.586212
v 9.450987 8.233917 -23.165876
v -3.758594 24.478916 -25.420311
v -5.197057 27.982414 -24.187099
v -6.430279 31.211258 -22.493698
v -3.781269 32.254906 -22.865482
v -7.475142 34.176994 -20.409117
v -4.698884 35.265755 -20.811411
v -8.360266 36.942795 -17.927286
v -5.581436 38.077919 -18.340712
v -6.165721 40.032928 -16.166937
v -6.497479 41.635277 -13.638891
v -6.663792 42.939148 -10.949063
v -9.385527 42.747208 -7.706593
v -6.680131 43.894920 -8.128469
v -8.874215 44.082916 -0.854584
v -8.298567 44.307365 3.246040
v -7.274164 43.985443 8.505912
v -6.469824 43.418884 11.749517
v -5.449367 42.333710 14.829753
v -4.360364 40.996956 17.612183
v -3.232783 39.448120 20.027868
v -2.062460 37.728706 22.219177
v -0.826798 35.776596 24.146692
v 0.416394 33.708797 25.792761
v 1.238993 32.268642 26.678791
v 2.467434 30.005516 27.684328
v 5.623224 28.492310 28.012739
v 3.697223 27.631157 28.383802
v 7.283142 24.966492 28.456884
v 6.622373 21.539089 28.792097
v 8.444824 22.587170 28.553305
v 10.205473 23.781013 28.264605
v 10.910954 22.598461 28.321093
v 12.564770 23.912941 27.855410
v 9.125497 25.937649 28.022720
v 11.483185 21.765064 28.129065
v 12.954833 23.133747 27.743736
v 14.335985 24.882603 27.041851
v 14.595380 24.087753 27.004101
v 13.298276 22.298340 27.281998
v 14.742225 23.267502 26.755619
v 17.222080 24.703350 25.486950
v 17.003368 25.469955 25.349173
v 17.314369 23.982235 25.490183
v 17.186079 22.986656 25.242544
v 19.449535 24.642807 24.038292
v 19.374575 23.364056 23.886936
v 17.019232 22.542522 24.729488
v 20.402853 23.331493 22.802311
v 20.550283 24.586338 22.924345
v 13.678165 20.976986 25.779987
v 13.613074 21.366169 26.442572
v 12.549091 20.355068 26.481037
v 12.734238 20.060799 25.744764
v 11.825177 19.276024 26.369501
v 12.121645 19.085522 25.580956
v 12.032132 21.055168 27.540878
v 11.097922 19.679703 27.493513
v 11.433596 18.223248 26.161400
v 10.296146 17.778187 27.090069
v 11.352686 17.630432 25.967396
v 10.240561 17.270142 26.921736
v 11.388358 17.107838 25.790064
v 9.133497 17.763535 27.715508
v 9.161242 17.278725 27.556702
v 8.518258 17.118160 27.722246
v 8.322775 17.583736 27.860064
v 11.842749 17.087173 25.020372
v 11.758895 17.587006 25.186113
v 11.787111 18.130745 25.358578
v 12.280468 19.119915 24.675362
v 12.905876 15.532560 23.784027
v 14.143431 14.296110 24.060232
v 15.097136 13.773050 23.677383
v 16.199148 13.395434 23.293064
v 13.984501 14.032112 24.648849
v 19.068544 25.816891 23.771778
v 20.172663 25.782547 22.678879
v 19.453043 27.006340 22.564285
v 16.732166 31.737270 21.790321
v 15.871781 31.703789 22.632568
v 17.475613 31.716381 21.016619
v 15.716572 33.737854 21.099283
v 14.813209 33.771347 21.967701
v 19.062946 31.031792 18.692883
v 20.261293 28.768929 19.437021
v 21.345104 27.135822 19.585690
v 21.371552 27.009071 18.560667
v 20.505947 28.320530 18.308605
v 21.861816 26.314026 18.438313
v 22.299978 25.666290 18.082552
v 22.552414 25.555393 18.938173
v 21.261957 26.444817 17.669819
v 20.789204 26.403030 16.634163
v 21.190491 25.915024 17.139990
v 20.361839 27.314899 15.630994
v 19.974010 28.583141 16.385721
v 20.634686 26.462753 15.095011
v 19.776987 29.472336 15.342727
v 19.705790 30.469299 14.013880
v 21.229601 29.253290 8.462812
v 20.836790 30.112516 9.376020
v 21.787529 25.958250 8.184572
v 21.629255 29.875532 5.740210
v 21.475422 31.638975 4.098191
v 20.519419 34.776001 -0.211254
v 21.370993 32.883286 1.159617
v 22.222258 30.929480 -2.209708
v 21.356237 32.745636 -4.092508
v 19.721689 35.092804 -6.171290
v 20.285753 32.447227 -9.437757
v 18.079300 34.715591 -11.494844
v 17.883753 36.175476 -9.749990
v 18.274210 32.980362 -13.009733
v 15.764317 34.901726 -14.871641
v 15.519071 36.841705 -13.239126
v 13.664907 36.228493 -16.100708
v 13.389338 38.266579 -14.373705
v 12.148715 37.006943 -16.844252
v 11.861133 39.082001 -15.055338
v 10.530813 37.715752 -17.489782
v 10.227823 39.798843 -15.641088
v 7.403914 38.734940 -18.255901
v 7.025306 40.768806 -16.307390
v 8.030819 35.594696 -20.441452
v 3.961960 36.374352 -21.170280
v 3.103843 39.483330 -18.827826
v 1.088623 36.377510 -21.247679
v 0.169466 39.379456 -18.861744
v -1.825549 36.035255 -21.119816
v -2.736379 38.928345 -18.686672
v -1.012059 32.943787 -23.117254
v -3.363553 40.913826 -16.519024
v -0.450700 41.370934 -16.728642
v 2.557448 41.473099 -16.757866
v -0.792214 43.033775 -14.290806
v 2.215910 43.117462 -14.440510
v 6.688092 42.473732 -14.110233
v 1.997936 44.472839 -11.897134
v 6.373711 43.879158 -11.688769
v 1.852463 45.470520 -9.114015
v 6.069545 44.914536 -9.022277
v 9.925185 41.564545 -13.513349
v 9.197667 44.028885 -8.616915
v 9.579607 43.000366 -11.168363
v 5.700997 45.833000 -5.269988
v 8.751907 44.931595 -5.090889
v 11.269599 42.270126 -10.730581
v 11.602319 40.834892 -12.987358
v 10.884116 43.296158 -8.284173
v 12.495581 42.420692 -7.886192
v 12.866436 41.392769 -10.215216
v 13.172950 39.975517 -12.372468
v 12.081803 43.318756 -4.634287
v 14.309695 41.801216 -4.088132
v 14.729487 40.836349 -7.119839
v 13.740989 42.687866 1.335355
v 16.775366 39.489738 -3.038650
v 16.035076 40.472961 1.947998
v 13.604824 42.782967 2.890115
v 19.807985 35.659256 2.765121
v 20.681671 33.927170 3.807163
v 21.009687 33.507095 2.698562
v 20.273754 34.362770 4.946937
v 20.708740 32.810783 6.193986
v 17.729118 37.170853 9.452129
v 18.068584 36.213493 10.706809
v 20.393047 32.154434 8.678531
v 20.854336 31.370665 7.700861
v 16.901018 37.292381 13.462918
v 17.280584 36.118225 14.730060
v 16.513691 38.317169 12.119009
v 19.660885 32.321777 11.535275
v 20.416483 30.985079 10.259244
v 18.833681 32.311462 15.366472
v 17.965721 33.945625 16.748528
v 19.128328 31.218193 16.518896
v 16.805832 35.013298 18.205292
v 15.656749 35.476273 19.360748
v 14.321192 38.322838 17.349905
v 15.143318 39.011986 14.845472
v 13.564080 39.883286 15.888376
v 14.573598 40.202057 13.257572
v 12.874854 41.226372 14.121606
v 14.070007 41.166306 11.474805
v 12.271874 42.310287 12.116624
v 16.145988 39.207138 10.612567
v 13.493151 42.432892 7.404509
v 11.560042 43.742027 7.589206
v 8.722054 45.009476 8.099325
v 8.430795 45.555840 2.843645
v 11.546213 44.137741 2.720516
v 5.510857 46.312111 3.273331
v 5.457578 46.317436 -0.495138
v 1.574113 46.712440 -2.173560
v 1.564570 46.815956 -0.132808
v 1.612422 46.815994 1.914493
v 1.675023 46.353844 -5.202377
v -1.092961 46.148163 -4.909370
v -1.078192 46.483208 -1.891459
v -1.042508 45.329498 -8.808965
v -3.903495 44.815399 -8.479932
v -3.850160 45.618027 -4.573472
v -3.868295 43.882393 -11.316429
v -3.704666 42.560921 -14.010386
v -0.968229 44.378387 -11.638000
v -3.724987 45.944183 -1.561017
v -3.400315 46.071541 2.547028
v -0.905401 46.594543 2.236286
v -2.748459 45.579956 7.814206
v -0.398772 46.078224 7.432112
v 2.018859 46.339943 6.950788
v 1.724433 46.708099 3.962372
v 0.105945 45.460945 10.435986
v 2.471341 45.758186 9.808554
v 6.044834 45.594955 8.788511
v 3.215027 44.866913 12.515053
v 9.712678 43.342056 13.079884
v 7.315571 43.737007 13.970176
v 8.165754 42.380096 16.337128
v 10.450929 42.085793 15.340288
v 11.012870 42.894455 12.586120
v 11.683401 41.721382 14.731176
v 5.089673 42.294853 17.553223
v 6.089382 40.649971 19.785786
v 9.062252 40.792168 18.475281
v 4.113840 43.726601 15.120121
v 11.261614 40.560211 17.346453
v 10.063629 38.997871 20.259638
v 12.175621 38.841064 18.970255
v 11.136058 37.091782 21.762159
v 8.348101 36.736115 23.319221
v 9.139280 35.305786 24.203520
v 11.874490 35.754990 22.578077
v 7.183394 38.766373 21.694761
v 13.145333 37.029686 20.332546
v 13.809796 35.765526 21.080669
v 12.973597 33.651604 23.524260
v 14.080690 31.495651 24.197567
v 11.391920 30.839127 25.925943
v 10.279000 33.080845 25.221275
v 9.473885 30.116936 26.807751
v 5.255746 33.998188 25.697088
v 6.424150 31.688934 26.758102
v 4.442483 35.469818 24.802896
v 3.218466 37.549080 23.179016
v 5.212299 38.241104 22.491711
v 2.035661 39.481308 21.273006
v 4.070102 40.159363 20.577845
v 0.940919 41.198380 19.036228
v 3.010775 41.847549 18.327904
v -0.166862 42.705093 16.601599
v -1.244660 43.950867 13.902259
v 1.958890 43.316170 15.885941
v 0.956497 44.505234 13.242027
v -2.170247 44.963806 10.967850
v 7.549918 29.322601 27.513956
v 19.547804 30.080078 17.472248
v 21.282509 30.597395 6.708911
v 18.853775 37.149452 -1.727982
v 17.254993 38.481499 -5.845300
v 17.610973 37.452904 -7.863294
v 15.332581 38.447830 -11.333299
v 15.069021 39.803070 -9.292721
v 18.541676 12.429915 8.157922
v 18.044678 11.854159 7.804138
v 23.458687 8.558321 18.440901
v 22.601677 8.504307 19.121962
v 22.985722 8.047762 18.526745
v 22.656145 7.538344 18.659430
v 22.237089 7.944266 19.303312
v 21.630772 8.485464 20.027819
v 21.468613 7.722459 20.230984
v 22.056545 7.329607 19.527281
v 22.041042 6.624350 19.807812
v 21.497299 6.884274 20.497997
v 21.940220 5.330477 21.057299
v 22.430250 5.240065 20.384014
v 22.259436 2.511524 22.762526
v 23.153858 2.556089 21.905289
v 21.637737 1.420342 24.122435
v 22.743307 1.522179 22.877754
v 19.845360 0.981432 25.232279
v 18.318560 0.459503 25.911791
v 17.681822 1.941185 25.406269
v 17.331512 3.100809 25.008995
v 18.790373 -0.439409 26.005394
v 20.315742 0.151238 25.279255
v 16.252119 -0.464035 26.323524
v 15.378216 1.161779 25.853127
v 16.968571 -2.051824 26.272564
v 19.116512 -0.970759 25.851067
v 17.143497 -2.560204 25.975231
v 19.358425 -1.442511 25.487738
v 17.256044 -3.074532 25.174694
v 19.397326 -1.960046 24.541298
v 17.118042 -3.090259 24.252352
v 19.183598 -1.973372 23.499756
v 16.859077 -2.716650 23.737452
v 18.902378 -1.570652 22.930950
v 18.658873 -1.225942 22.591492
v 16.435968 -2.031006 23.055796
v 18.380884 -0.919068 22.284630
v 20.576424 -0.354708 25.115509
v 22.110407 0.174070 23.846985
v 22.024837 0.645674 24.067465
v 23.465466 1.620318 21.975594
v 23.931019 1.737383 21.342720
v 23.635849 2.668230 21.274443
v 24.200396 1.809921 20.518549
v 23.894497 2.699640 20.471790
v 23.967525 1.123114 21.241547
v 24.220047 1.205814 20.404209
v 24.380381 1.293018 18.977551
v 24.418510 1.882074 19.141813
v 24.016937 0.863493 20.262768
v 24.142742 0.975170 18.814423
v 23.817188 0.761219 21.087923
v 24.717117 2.078132 17.498806
v 24.575262 2.217242 15.787419
v 24.544792 2.989251 15.916889
v 24.568100 2.910022 17.711750
v 24.158518 2.723841 19.212633
v 23.513983 5.433329 17.147156
v 24.305965 3.588603 15.999058
v 22.950859 6.029203 18.083929
v 23.306374 5.856959 17.376709
v 22.978107 6.605260 17.930840
v 23.282322 6.920550 16.899046
v 23.404415 7.444873 16.836664
v 23.110981 7.125125 17.820713
v 23.352150 7.616146 17.740385
v 23.706760 8.106590 17.681421
v 23.636465 7.959618 16.800364
v 24.292946 8.713414 16.690237
v 24.552969 8.839380 17.498178
v 24.865164 10.185517 15.769686
v 23.237206 3.316424 13.063756
v 23.369473 2.738524 12.996725
v 23.280901 2.005813 13.072715
v 22.104572 2.257978 11.100575
v 21.540030 2.122594 10.559572
v 20.758190 2.833898 10.032465
v 19.725065 2.684917 9.959672
v 20.680792 4.230119 10.253993
v 21.556305 3.042352 10.378481
v 21.241297 4.309976 10.575495
v 22.141052 3.177714 11.002767
v 20.527287 5.320434 10.254128
v 20.263599 6.011638 10.152134
v 19.879446 6.724977 10.017544
v 18.561920 7.033034 10.315159
v 17.766024 8.013280 9.924275
v 18.566576 8.310889 9.672188
v 19.396915 7.432231 9.886635
v 18.999048 6.329715 10.422264
v 17.475170 6.410598 10.221874
v 17.921513 5.290771 10.242962
v 16.767143 7.512921 9.825449
v 18.381289 5.198026 10.496808
v 19.296379 5.648644 10.463742
v 16.140913 7.095836 9.280016
v 17.383612 4.875144 9.809809
v 15.487200 6.932534 9.483950
v 17.901066 3.969905 9.872910
v 18.469809 3.319163 9.903217
v 15.068791 7.122983 10.700748
v 14.401892 8.305871 10.504855
v 14.788602 8.043120 9.193205
v 15.699379 5.820027 11.071377
v 15.000355 7.437812 12.806979
v 14.321250 8.583362 12.813300
v 15.579226 6.223636 13.027489
v 15.936075 5.262803 13.422990
v 15.139025 7.819430 16.285194
v 15.755230 4.517911 20.366590
v 16.289600 5.533736 20.254807
v 14.522555 4.115275 17.170271
v 14.792599 4.585741 20.498056
v 15.181952 3.555057 14.897317
v 14.575990 3.556838 15.028818
v 13.486708 4.757741 17.348866
v 12.739823 4.975479 15.288897
v 12.628687 4.730554 14.658247
v 12.013720 6.337361 15.048267
v 11.656268 7.148513 14.799202
v 11.928246 6.083299 14.433482
v 11.570092 6.860648 14.163509
v 11.536604 5.732930 14.068811
v 11.150778 6.451493 13.808995
v 11.413526 7.969613 14.457685
v 11.307570 7.620374 13.753117
v 10.779629 7.063853 13.414261
v 12.211386 4.376021 14.316816
v 12.506996 10.286260 12.883856
v 12.487325 9.898160 10.455324
v 13.509562 9.329970 10.445030
v 12.736326 9.697057 7.949718
v 13.850488 9.143878 8.810122
v 14.319738 8.654609 9.004005
v 13.952444 8.886815 10.457038
v 14.637568 9.878049 7.339800
v 15.128132 9.480159 8.022374
v 14.434094 9.132083 8.213282
v 13.287588 9.750697 7.285429
v 14.927593 8.650662 8.566857
v 15.414946 8.083682 8.873869
v 15.581794 9.024158 8.638004
v 16.034210 8.491540 9.180927
v 16.042629 10.305280 7.052423
v 16.353273 9.791263 7.854618
v 16.645300 9.325412 8.599813
v 16.998041 8.852109 9.244544
v 17.824150 8.959153 9.304455
v 17.340237 11.656621 6.004435
v 17.326044 10.946590 7.337762
v 17.547213 10.219033 8.514223
v 14.929324 9.241747 20.475113
v 14.458466 9.837410 20.580576
v 15.659798 7.980981 20.333435
v 16.241333 7.939953 22.627205
v 13.842690 5.280038 20.495169
v 12.229267 8.249254 20.643515
v 12.016860 8.817188 20.676785
v 11.897109 9.277237 20.684332
v 11.841686 9.688309 20.681139
v 11.950276 10.337585 20.671061
v 15.437560 9.073742 22.963297
v 14.781043 9.718670 23.267492
v 16.540373 8.358011 23.536865
v 15.941275 9.059715 23.846760
v 16.957962 7.654705 23.336802
v 17.219753 6.969833 23.259996
v 17.322897 6.086222 23.340261
v 17.028954 5.223045 23.633833
v 17.542400 6.133396 23.551720
v 17.204741 5.200958 23.925196
v 17.458124 7.082338 23.431026
v 17.215300 7.802422 23.489393
v 17.870901 7.249998 23.411161
v 17.616301 8.079527 23.447945
v 16.260740 9.252388 24.000027
v 16.832191 8.532591 23.681213
v 17.219997 8.902126 23.638250
v 16.640989 9.681147 23.976587
v 15.452205 9.941174 24.441093
v 15.135322 9.739601 24.252678
v 15.837477 10.379396 24.457630
v 14.961629 11.022532 25.026667
v 14.597527 10.591845 24.975784
v 13.888156 11.197895 25.573786
v 13.286832 11.727131 26.203009
v 14.165366 11.636894 25.627445
v 13.453987 12.189463 26.245441
v 14.119582 12.798100 25.209444
v 12.183119 13.003281 27.526415
v 11.163237 13.227825 28.386114
v 10.576802 13.053551 28.638395
v 10.796914 12.589582 28.653435
v 11.320690 12.717745 28.368462
v 10.899643 12.298481 28.449856
v 11.333401 12.382074 28.140009
v 12.199789 12.473824 27.489975
v 12.040578 12.125996 27.220406
v 11.990983 10.410372 23.717722
v 12.008149 9.724726 23.519943
v 12.130589 9.290436 23.369205
v 12.306474 8.805473 23.197031
v 11.943271 9.560196 24.857946
v 11.728079 9.396406 25.241722
v 12.574982 7.156714 24.015749
v 12.799150 7.368719 23.732784
v 12.811964 6.561211 23.760860
v 13.071016 6.736027 23.495609
v 13.030428 6.071144 23.692263
v 13.318252 6.200783 23.449247
v 13.232468 5.671785 23.780956
v 13.557129 5.764984 23.548265
v 13.420079 5.348272 23.997004
v 13.805571 5.430380 23.747923
v 14.065945 5.180853 23.989315
v 14.025392 5.551096 22.718821
v 13.189681 6.896437 22.591267
v 13.532846 6.268158 22.578728
v 12.848720 7.581520 22.762619
v 15.560181 3.033023 14.456879
v 14.883947 2.986735 14.446838
v 15.541214 2.248632 14.906172
v 16.185524 2.504012 14.954670
v 16.715889 2.716735 14.807681
v 17.172556 2.870149 14.449683
v 16.549004 2.233987 15.399179
v 16.976885 1.932048 16.005102
v 16.294321 1.729169 16.074690
v 15.901861 1.977180 15.404124
v 17.078249 2.388242 15.218715
v 17.510454 2.520574 14.811438
v 13.879631 0.935960 15.400455
v 14.146680 0.615628 16.189062
v 17.020800 3.064284 13.764688
v 17.501696 2.825063 14.153624
v 26.739145 12.193452 14.101604
v 26.293083 12.673211 14.227071
v 25.858488 13.192132 14.346939
v 26.919146 14.274575 12.722425
v 27.223633 13.922893 12.536304
v 25.471123 14.198426 14.400796
v 26.485029 14.839902 13.131696
v 27.563658 13.603337 12.344033
v 26.197060 15.588414 13.394597
v 26.505957 15.804959 12.616787
v 26.645130 15.335065 12.547177
v 26.153400 16.162045 13.367720
v 26.435204 16.313850 12.620811
v 25.373720 16.182377 14.283646
v 25.523163 17.014946 14.251499
v 26.249113 16.834927 13.346753
v 26.519676 16.942295 12.615333
v 24.151220 16.132359 15.089788
v 26.084164 17.460155 14.334493
v 26.684589 17.174343 13.439775
v 26.961906 17.222588 12.679972
v 27.157339 17.436581 11.790894
v 27.263824 17.794319 10.733819
v 26.697390 17.210297 11.752926
v 26.786903 17.615444 10.716909
v 26.793108 18.135965 9.464619
v 26.599180 16.673016 11.688267
v 26.661934 17.176285 10.587226
v 26.723896 16.828125 10.475317
v 26.674238 16.247993 11.625484
v 26.640699 17.759970 9.335354
v 26.676075 17.457113 9.221067
v 26.890627 15.695743 11.443291
v 26.894896 16.358603 10.278998
v 26.810965 17.038404 9.038126
v 27.181074 15.226945 11.199587
v 27.424072 14.970098 11.017515
v 27.009008 16.658129 8.835109
v 27.712963 17.904997 9.272802
v 27.712749 14.756215 10.837913
v 28.031607 17.368170 9.053571
v 21.656130 15.749266 3.781825
v 21.366936 14.975222 -3.674778
v 21.696821 14.414837 -4.218667
v 22.418505 15.662811 -5.119192
v 22.069630 13.841343 -4.549598
v 22.743525 14.880510 -5.256535
v 23.616583 15.520807 -6.472083
v 24.167393 15.625641 -7.952804
v 24.269289 13.787552 -7.368920
v 24.239235 12.618412 -6.733683
v 23.984097 11.496304 -6.049760
v 23.783890 15.281501 -10.261160
v 17.026752 13.291800 -19.012882
v 21.032734 8.351887 -1.577319
v 21.143625 8.285519 -1.693247
v 21.012070 8.117571 -1.763079
v 20.732735 10.465765 -2.136528
v 20.463037 10.430710 -1.817459
v 20.906507 8.191532 -1.625539
v 22.282074 9.991993 -6.629901
v 19.741665 1.015224 12.811819
v 14.563799 9.421900 0.702756
v 15.925248 10.916853 1.741790
v 16.933210 11.793293 3.104505
v 17.250015 12.035799 3.878718
v 17.409740 12.087236 4.681355
v 17.506617 9.340789 8.855630
v 8.478247 5.184762 3.634351
v 9.197762 5.234718 3.374508
v 13.976018 4.694836 26.574724
v 13.774481 4.406391 26.354288
v 13.533396 4.663023 24.979919
v 13.714083 4.806919 25.260645
v 13.816220 2.933691 26.187525
v 14.237724 2.516190 26.068727
v -1.019845 3.087716 19.298998
v 0.892462 2.845397 18.595015
v 0.722120 1.681962 18.919029
v -2.250116 1.389325 19.290939
v -1.745470 0.080318 19.254450
v 0.639958 0.497005 19.238375
v 0.653381 -0.236077 19.448412
v -1.655036 -0.648032 19.253790
v -2.458246 3.550086 19.604836
v -3.366669 2.176615 19.403210
v -6.780792 5.084468 21.449860
v -8.031939 7.819760 22.403622
v -7.994863 8.097759 21.633951
v -6.551188 5.339040 20.708685
v -7.274498 7.705648 20.929161
v -5.861660 6.294982 20.327160
v -3.584795 4.787838 19.668575
v -5.170500 3.028180 19.555334
v -5.351849 4.415113 20.076511
v -4.722325 5.371472 19.954538
v -5.794453 3.483312 20.162655
v -6.034638 3.001020 20.822992
v -5.011117 -1.748357 -7.265868
v -3.298066 -1.773224 -6.338727
v -4.049634 -2.076138 -4.460769
v -7.543917 -1.570896 -4.195356
v -7.822721 -1.522418 -3.201123
v -8.664586 -0.947813 -3.489865
v -8.478024 -1.011377 -4.537032
v -7.123726 -1.539503 -5.564870
v -8.143088 -0.947963 -5.984515
v -6.477992 -1.202312 -7.981240
v -7.546381 -0.510382 -8.450912
v -2.146061 0.790005 -0.800707
v -3.352340 0.768785 0.437861
v -3.607890 -0.071077 -0.549482
v -2.464760 0.081436 -1.550468
v -2.212152 -0.610691 -2.601750
v -0.464929 -0.117350 -3.891554
v -1.376690 1.099203 -1.129041
v 2.515497 1.383118 -2.516835
v 4.401514 1.267935 -1.616655
v 3.510499 2.408770 0.545825
v 1.209799 2.006451 -0.693140
v 0.219506 3.395058 2.691463
v -0.785306 3.011196 1.608241
v 1.125442 3.668615 3.329777
v 3.955291 3.050945 1.369089
v -2.251163 0.781889 0.053270
v -1.415517 1.434061 0.351718
v -2.160523 0.659477 0.860292
v -1.555422 1.033880 1.498652
v -1.182653 0.225872 1.593297
v -1.502833 -0.042729 1.176534
v -1.533250 2.149141 1.155679
v -10.867389 12.208567 -20.143259
v -9.554048 13.637138 -21.953775
v -9.138585 11.763859 -21.484777
v -8.225394 14.276911 -23.172140
v -10.690639 18.483646 -22.477514
v -7.333514 11.999504 -23.026310
v 3.286805 -1.096165 19.063559
v 2.330450 -0.955884 19.463032
v 2.279555 -0.149462 18.832005
v 3.227891 -0.331399 18.153732
v 3.815557 -1.368568 18.859018
v 4.520184 -0.393197 16.097677
v 4.768984 -1.214002 16.118736
v 4.301874 -1.787909 18.803795
v 5.191060 -2.333454 16.003286
v 4.950806 -2.582026 18.858782
v 11.945545 2.647545 24.680588
v 12.988326 3.584585 25.214563
v 12.171152 2.926140 23.553013
v 13.178681 4.322842 24.538448
v 12.656275 3.755549 23.384754
v -4.571774 1.806093 1.416188
v -4.407493 0.988693 0.509846
v -3.300570 2.177382 2.147284
v -3.985705 2.587362 2.414100
v -4.935122 2.538521 2.127360
v -2.489270 0.662939 1.545841
v -2.038297 0.928696 1.807349
v -2.562884 2.324236 2.174747
v 9.226587 0.863459 24.662884
v 7.991738 2.350718 24.398001
v 6.221123 1.745890 23.581606
v 7.178929 3.357010 24.440933
v 6.511019 4.375652 24.680101
v 5.235811 2.156319 23.602924
v 4.114934 2.286017 23.682333
v 6.227739 5.773569 25.112535
v 3.360230 4.539045 24.943260
v -17.724863 21.575857 14.040756
v 1.136297 0.331192 -4.594206
v 3.435583 0.206613 -7.088066
v 4.902256 1.085932 -5.212111
v 5.579152 1.261200 -2.885209
v 6.620794 2.284813 -3.289063
v 6.574139 1.619115 -6.272343
v 8.263040 -5.487393 16.056524
v 8.969701 -5.189713 16.436007
v 8.530655 -5.905071 19.550695
v 7.569301 -6.105985 18.536793
v 7.727603 -5.605938 15.832071
v 8.015352 -6.207201 20.053345
v 5.827916 8.082119 25.396456
v 4.644156 6.493424 25.213818
v 6.950160 7.282700 25.482218
v 7.372531 8.554749 25.860500
v 6.351556 9.330826 25.573303
v 3.027003 5.278782 25.008907
v -0.093811 1.422483 -1.470510
v -2.823700 -1.535975 -3.644532
v -1.785900 -1.167027 -5.173203
v 9.840477 -5.273766 20.218088
v 9.481877 -5.831799 20.807459
v 10.168659 -3.903576 16.126024
v 10.834625 -4.072643 19.416288
v -8.440955 2.438108 2.578078
v -8.800011 2.088228 3.697271
v -9.662040 2.388668 3.517862
v -9.860609 2.663189 2.234980
v -4.493225 7.751738 22.497177
v -5.410602 8.058365 23.239206
v -4.763855 6.604054 22.996414
v 6.962194 11.953501 26.187592
v 8.017436 10.923910 26.708298
v 8.061625 13.917496 27.365381
v 6.880318 12.975260 26.338125
v 6.624210 14.008593 26.477255
v 6.148134 13.521988 25.813444
v 6.364536 12.510571 25.658949
v 6.387699 11.628168 25.542068
v 7.835196 14.494122 27.315332
v 7.517310 15.253651 27.318457
v 9.514289 9.177755 25.451694
v 9.252486 8.800854 24.339479
v 10.052906 9.717922 24.126282
v 10.506002 10.129967 25.608109
v 9.353774 8.148689 25.556374
v 9.145115 7.476118 24.276194
v 9.504511 9.225925 25.984579
v 9.623678 9.949135 26.457848
v -13.947031 4.496286 -0.255878
v -13.299416 3.236418 -1.833145
v -11.823751 2.728756 -0.198305
v -11.826661 3.501158 1.723119
v -12.868072 5.182875 2.950943
v -9.943733 2.547222 0.493248
v 12.111460 -4.714797 22.834309
v 12.487348 -4.885587 23.604025
v 11.414580 -5.281852 24.071928
v 10.939558 -5.395936 23.110153
v 11.574042 -4.408893 21.631062
v 10.486459 -5.344144 22.067463
v 12.725975 -4.852323 24.376925
v 12.369981 -4.770687 25.114944
v 11.309847 -3.097847 18.966574
v 12.378676 -3.485550 21.480114
v 13.148937 -4.018434 22.939766
v 13.506914 -4.390688 23.718287
v -2.843237 3.403125 6.566284
v -5.024149 2.779610 5.783844
v -4.286731 3.028101 4.457003
v -2.047307 3.483646 5.174873
v -0.524748 3.749647 5.867998
v -0.958139 3.757457 7.551978
v -2.589958 3.331945 3.186354
v 11.127501 -5.110097 24.512716
v 10.468815 -5.503991 23.847967
v 10.625811 -5.616007 23.544281
v 10.855055 -4.812384 24.807489
v 10.175941 -5.269684 24.108957
v 2.331558 11.932356 19.651863
v 1.032908 11.709502 18.910673
v 1.847078 10.577734 19.375463
v 2.406088 11.209833 19.452606
v -7.531537 -0.625623 -1.088774
v -6.450201 -1.042446 -0.652090
v -5.456473 -1.150410 -0.407253
v -5.668681 0.113823 -0.103305
v 11.987810 2.845326 15.469945
v 12.041262 3.375743 15.475644
v 12.145275 3.123492 14.733635
v 12.173179 2.227841 14.759081
v 11.974128 3.948087 15.478396
v 12.070650 3.771009 14.786476
v 12.701443 0.932576 15.165583
v -1.501706 6.717770 21.232899
v -2.368831 5.390451 22.221733
v -1.201827 5.012808 22.669550
v -0.230806 6.342551 21.550877
v 1.275606 5.673996 23.152819
v 1.258780 6.480422 22.047649
v 2.281349 6.956207 22.358122
v 2.155674 12.978157 20.503120
v 0.501144 13.507250 20.558300
v 0.564563 12.757996 19.728964
v 13.597142 -1.842312 21.469994
v 13.682616 -2.361033 21.999599
v 12.607178 -2.270425 20.708967
v 12.733396 -1.785745 20.393360
v 13.327043 -1.182972 20.295988
v 12.919235 -1.413793 20.150343
v 13.937734 -0.945092 20.435459
v 14.359013 -1.683218 21.833111
v 14.573857 -2.221402 22.469280
v 12.829097 -0.526298 18.225733
v 13.381879 -0.268446 18.147419
v 12.383216 -0.823122 18.262762
v 11.535371 -1.657227 17.979637
v 12.034673 -1.190756 18.326099
v 4.705822 1.785661 13.827421
v 4.229970 1.592544 12.816298
v 4.457028 0.324027 13.179541
v 4.806992 0.588805 14.024687
v 4.742915 -0.319970 13.657178
v 4.943800 -0.126887 14.102648
v 4.426413 0.520574 15.901368
v 4.449601 1.887229 15.599538
v 5.087135 -0.771949 14.159611
v 5.024253 -1.018908 13.828720
v -8.522516 9.566162 22.344126
v -7.755148 9.300951 21.049959
v -7.885096 10.493281 21.069086
v -8.450221 11.784075 21.107317
v -7.681882 10.437632 19.846430
v -7.476702 9.843783 20.503544
v -8.536932 11.213198 22.454458
v -8.677405 11.726725 22.645851
v -8.443501 11.633431 22.019178
v -8.338411 11.315554 21.965008
v 7.969743 -5.009790 13.941999
v 8.231114 -4.786454 13.397596
v 8.641765 -4.898932 13.957871
v 8.367135 -5.066705 14.285492
v -5.264003 2.398701 21.963129
v -5.993698 1.829827 20.161436
v -4.703160 3.290352 22.895176
v -5.797710 5.599667 23.165005
v -6.467827 5.151189 22.313465
v -3.657045 -0.202754 21.790314
v -4.363858 1.305746 22.316359
v -4.173085 2.103775 22.914700
v -3.496457 -1.357586 -1.173999
v -3.932589 -1.349558 -0.747425
v -3.246885 -1.435837 -1.610607
v 3.847301 6.266528 6.134315
v 4.785137 6.498847 7.050552
v 2.669753 5.358817 7.135294
v 2.600744 5.380377 6.256739
v 3.396347 5.386670 4.570632
v 4.327915 6.402553 5.279397
v 5.393520 6.643158 5.917337
v 9.602242 0.177682 13.111579
v 9.975358 -0.233149 13.582696
v 9.957788 -1.280004 12.913592
v 9.741894 -1.243460 12.378942
v 9.969900 -1.801012 13.356967
v 9.767960 -2.579302 12.706662
v 10.044159 -0.792442 13.990992
v 7.619699 -1.338360 12.073894
v 6.996829 -1.945060 12.390944
v 6.403213 -1.132554 12.616645
v 7.385825 -0.667812 12.118645
v -8.129878 11.168196 24.978868
v -7.666184 10.348089 24.907587
v -7.148750 12.199635 26.194010
v -8.207100 12.136900 25.314255
v -7.630155 13.889183 26.276213
v -8.382247 13.249930 25.493109
v -6.701838 10.194668 25.451880
v -6.306476 11.346945 26.421663
v -2.663991 12.766293 25.391354
v -3.221124 12.170467 24.823179
v -1.531693 13.503202 23.311718
v -3.728432 11.492785 24.240780
v -1.994327 12.542418 22.128456
v 5.655394 18.066120 28.881641
v 5.256358 19.258961 29.098221
v 7.119701 17.365986 28.264687
v 10.839693 1.411033 15.458935
v 10.331000 1.132941 15.068387
v 11.105928 2.175841 17.621092
v 10.119642 2.242038 17.596972
v 9.815511 1.445441 14.931537
v 10.873558 0.756585 15.194284
v 10.445847 0.445216 15.001526
v 5.445604 2.098473 0.898752
v 6.398402 1.562479 0.275852
v -3.307946 0.728979 22.797665
v -1.578685 0.862791 23.378338
v -2.609607 2.170130 23.692783
v -3.366644 1.496002 23.207315
v 9.118879 -3.995216 12.716114
v 8.688269 -4.459992 12.918013
v 7.901202 -4.120535 12.314269
v 8.632351 -3.343087 11.945447
v 9.138899 -4.542308 13.623235
v 9.671420 -3.519343 13.631227
v 10.460826 11.318009 26.990250
v 4.723074 5.975760 7.944309
v 3.045959 5.041739 8.041034
v -3.480926 3.332912 7.255312
v -4.144104 3.301480 7.778975
v -0.531577 3.859948 9.679871
v 0.272194 3.968379 9.176896
v 7.917539 3.270229 1.760333
v 7.293314 5.170268 3.729959
v 7.330552 7.269136 8.130002
v -7.389737 5.544156 10.292413
v -8.891258 5.775300 9.094363
v -6.742802 4.795620 9.569729
v -11.306070 6.436975 7.388073
v -10.814891 5.577413 6.548849
v -7.308069 3.984241 7.994462
v -5.864919 3.625014 8.342928
v -4.745135 4.016620 9.495130
v -11.367409 4.812140 4.616252
v -9.978982 4.531374 6.000365
v -10.355426 2.653343 5.202813
v -9.639523 2.834728 6.295489
v -9.556644 3.567790 5.990269
v -10.656171 3.312260 4.484070
v -11.214171 3.461081 3.226401
v -10.449842 2.820978 2.982420
v -10.363261 2.658352 3.875013
v -10.289159 2.432631 4.671810
v -12.009635 4.877310 3.794861
v 9.372111 7.906346 13.105734
v 9.755643 7.616963 13.509858
v 7.996171 7.943769 11.141449
v 9.139756 8.245507 14.148737
v 8.049637 8.560632 13.716907
v 9.568826 7.896195 14.383108
v 8.931806 -1.495222 11.546744
v 8.736436 -0.477695 11.538491
v 9.099103 0.902749 12.762055
v 8.485137 0.206811 11.515610
v 7.941401 1.342145 11.324455
v 11.117185 -1.812909 17.187254
v 10.868064 -1.176974 16.409954
v 11.300255 -0.893732 16.784504
v 10.626490 -1.445038 16.157187
v 10.946736 -2.124938 17.002253
v 10.378788 -2.626230 15.816080
v 10.213003 -1.966454 15.435490
v 11.487814 -2.532809 18.763672
v -9.656741 3.138137 -12.072520
v -12.131183 5.684501 -12.134442
v -14.555514 8.091790 -11.226895
v -10.487862 9.335299 -18.513605
v -9.746890 7.069120 -17.202614
v -8.460255 8.935793 -20.264122
v -7.650288 6.879436 -19.301497
v -14.926435 12.579680 -15.461170
v -7.891883 4.212132 -15.945395
v -6.088416 4.422873 -18.116360
v 5.521331 5.346838 3.498246
v -5.299811 2.712363 6.516953
v -5.646282 2.712158 7.027927
v -6.720940 1.826229 6.209973
v -7.207977 1.622128 5.528470
v -6.570481 2.331532 4.842159
v -5.908734 2.691059 3.762940
v -6.706895 1.948254 6.654120
v -6.875371 2.088980 7.020873
v 4.941813 -1.196991 13.201902
v 5.635145 -3.327922 15.538630
v 5.504775 1.031634 -15.819738
v 7.544641 1.321586 -14.590709
v 6.473838 0.556296 -13.100405
v 6.043991 1.483029 -16.702297
v -4.437973 -0.021124 -0.194155
v 13.637881 -4.503142 24.779263
v 10.052589 -1.688031 15.089769
v 9.983012 -2.575635 14.702090
v 9.883192 -2.398848 14.199942
v 9.956228 -1.414557 14.730357
v 4.897746 -0.133714 -11.827478
v 2.886830 -0.005052 -13.348039
v 6.866401 0.241269 -9.928882
v -4.018139 -2.428001 -1.382766
v -4.266693 -2.427204 -1.052319
v -4.562065 -1.347253 -0.487717
v -4.713857 -2.485835 -1.004003
v -4.623930 -2.718619 -1.622516
v 10.465334 -5.666962 23.160103
v 10.061821 -5.738401 22.327763
v 10.605900 11.888975 27.696339
v -9.863314 1.831486 4.720615
v -9.138388 1.482012 4.700375
v -3.509882 -1.838823 20.559706
v -5.548144 -0.977957 19.113329
v -5.291109 -1.921170 18.459187
v -3.092968 -2.568654 19.880308
v -6.242228 0.941077 19.286976
v -6.615510 0.619746 18.522858
v -6.673890 -1.214818 17.080296
v -6.877626 -0.391174 17.517515
v -5.504566 -2.288698 -3.635225
v -6.131248 -2.280371 -3.250108
v -6.362496 -2.317700 -2.448242
v -5.401205 -2.526020 -2.652382
v -5.518407 -2.602295 -1.976476
v -4.479191 -2.603372 -2.241872
v 11.558351 1.962319 25.275137
v 10.922054 1.905981 25.144995
v 12.172649 2.226441 25.429533
v 12.572527 1.606184 25.589527
v 9.997331 2.346138 24.937948
v 13.414923 -4.233395 25.755186
v -3.423231 9.442699 21.921534
v -4.001421 10.136312 22.932894
v -3.221882 8.601912 21.527981
v -3.411761 6.428332 22.003031
v -2.608566 7.620576 21.193190
v -2.007023 14.981691 -26.462776
v -3.264360 17.794735 -26.199789
v -1.168940 13.160440 -26.355516
v -0.340328 11.421194 -26.069376
v 8.609247 15.548761 27.789768
v 8.851975 15.039473 27.900316
v 8.490470 3.461414 -0.207845
v 7.652094 2.799698 -1.133206
v 8.558576 3.160336 0.731831
v 13.098669 3.556494 25.688995
v 13.371076 3.376835 26.134161
v 11.996254 2.579151 25.071762
v 7.129546 1.764915 -0.507577
v 5.273322 0.077008 -8.734094
v 3.427936 -0.398577 -10.579103
v 1.492570 -0.657558 -8.914944
v -0.315079 -0.837584 -10.524125
v -0.303571 -0.942795 -7.125367
v -2.006405 -1.339304 -8.531680
v -3.628403 -1.110499 -10.052994
v -3.822485 0.555701 -13.890129
v -2.467223 1.086804 -15.536306
v -0.725814 0.150742 -14.141469
v -5.009264 1.419562 -14.567984
v -3.580492 1.958434 -16.360691
v -7.836802 1.340390 -11.618601
v -8.484899 0.642606 -9.496004
v -10.093925 1.760814 -8.914701
v -12.502892 4.227162 -9.123498
v -10.458392 1.059453 -6.420876
v -12.679638 3.117110 -6.253203
v -14.445686 4.847140 -5.555917
v -14.537018 6.294322 -8.449510
v -12.263454 2.020634 -2.983058
v -12.592896 2.446129 -4.380620
v -14.064664 3.911524 -3.546600
v -10.137860 0.662003 -2.278323
v -11.370311 1.832838 -1.599607
v -9.064468 1.115936 -1.037760
v -9.737280 2.024656 -0.546581
v -8.488201 2.591423 0.814239
v -7.682403 2.673491 1.912191
v -7.532358 2.638317 1.040495
v -6.703724 2.783846 2.180492
v -6.280683 2.625357 1.488622
v -7.727711 2.122885 4.143056
v -7.198076 2.532520 3.093363
v -5.354725 2.874796 2.784172
v -3.871118 3.128157 3.217642
v -8.143463 1.432825 4.945930
v -8.636814 0.600037 5.987848
v -7.808578 0.767370 6.420424
v -8.197434 0.351443 7.233225
v -8.989496 0.201063 6.906688
v -9.522291 0.868803 5.878051
v -9.761224 0.615626 6.824668
v -9.920041 0.610915 7.841804
v -9.259467 0.203546 7.907244
v -9.457616 0.378966 8.968444
v -10.358827 1.199587 7.784201
v -10.247622 1.214859 6.850894
v -10.115487 1.365784 5.962540
v -10.497891 1.808828 7.783817
v -10.407240 1.820827 6.943205
v -10.540556 1.855344 8.795456
v -10.309669 1.946413 6.215936
v -10.118182 2.255485 7.922685
v -10.004048 2.325912 7.220299
v -10.166844 2.231647 8.852812
v -9.850132 2.470264 6.736301
v -9.615318 2.358866 8.104067
v -9.258298 2.284376 8.231458
v -9.056772 2.435641 7.698067
v -9.455170 2.490520 7.515262
v -9.713385 2.266912 8.933994
v -9.407393 2.171592 8.997637
v -8.797350 1.997941 8.364767
v -8.518690 2.123880 7.858089
v -9.017306 1.914912 9.084256
v -8.250172 2.302180 7.538287
v -7.790576 2.620733 7.327935
v -8.566906 2.903244 7.119897
v -8.863833 2.609030 7.371376
v -6.980240 3.088352 7.480806
v -8.058256 3.372710 7.169112
v -7.801891 1.924132 7.534603
v -8.165375 1.735282 7.914959
v -8.044086 1.453780 7.869471
v -7.628011 1.666178 7.412313
v -7.149236 2.283491 7.260496
v -6.074979 2.814969 7.377285
v -8.506117 1.628694 8.462353
v -8.767806 1.574290 9.183863
v -8.418214 1.353879 8.477413
v -8.699479 1.317229 9.227019
v -8.368451 1.060115 8.413722
v -8.685905 1.060422 9.205228
v -8.727623 0.800197 9.147456
v -8.380692 0.751334 8.302604
v -7.955362 1.141905 7.740067
v -7.946611 0.811492 7.553721
v -7.512156 1.399071 7.197971
v -7.505004 1.130405 6.912341
v -8.586930 0.315045 8.111162
v -8.916009 0.438443 9.052566
v -8.907885 0.808833 10.077406
v -9.122341 0.502877 10.055546
v -8.881649 0.727872 11.073640
v -9.139145 0.466346 11.105463
v -9.596031 0.499160 10.069417
v -9.576707 0.521007 11.207916
v -9.302857 0.401660 12.381584
v -8.898607 0.286529 12.188778
v -8.449280 -0.035680 13.305319
v -8.827437 0.139930 13.583270
v -9.615981 0.801766 12.575807
v -9.961421 0.894357 11.317102
v -9.080140 0.589461 13.846538
v -10.061422 0.847287 10.096386
v -9.841186 1.290767 12.726439
v -10.252636 1.378991 11.387964
v -9.253847 1.116132 14.041014
v -10.417717 1.345752 10.061401
v -9.836375 1.825801 12.775982
v -10.284614 1.911307 11.397775
v -9.223586 1.675038 14.128121
v -10.494522 1.905210 10.035540
v -9.468825 2.109271 12.666030
v -9.914182 2.199378 11.324600
v -8.852082 1.960088 13.995359
v -10.122678 2.226544 10.020074
v -9.112754 2.048034 12.535521
v -8.906680 1.893781 12.450681
v -9.296681 2.041839 11.208082
v -9.531266 2.166657 11.251029
v -8.512321 1.863322 13.819592
v -8.327104 1.670474 13.702442
v -9.708411 2.221231 10.016802
v -9.441734 2.112639 10.023431
v -8.674690 1.596652 12.337692
v -9.016474 1.781266 11.156501
v -8.130290 1.324544 13.542171
v -9.110571 1.865211 10.043277
v -8.518118 1.250865 12.233632
v -8.478477 0.999875 12.174415
v -8.778123 1.211694 11.100232
v -8.828246 1.456319 11.118805
v -8.000950 0.944722 13.386672
v -7.974497 0.677566 13.293961
v -8.893470 1.540288 10.085803
v -8.835709 1.293620 10.109598
v -8.507185 0.742341 12.130198
v -8.609483 0.508084 12.117415
v -8.795671 0.963508 11.081471
v -8.014941 0.402965 13.222422
v -8.132198 0.160628 13.198955
v -8.841893 1.048759 10.100500
v -7.492056 -0.302274 14.309054
v -7.358118 -0.037796 14.333672
v -7.303514 0.265714 14.420942
v -7.838947 -0.498810 14.456713
v -5.920723 -1.279721 16.362215
v -6.301477 -1.527475 16.580824
v -4.518404 -1.828233 17.608213
v -4.864429 -2.197572 17.848017
v -8.203441 -0.264797 14.805197
v -2.401781 -1.763302 18.940775
v -2.629196 -2.619751 19.206812
v -0.798333 -1.489860 19.630919
v -0.903067 -2.385844 20.015139
v -1.268351 -2.552114 20.678429
v 0.665708 -1.971273 20.349958
v 0.439638 -2.149682 21.101812
v 0.047495 -1.772780 21.785337
v -1.755702 -2.033292 21.344931
v -2.088830 -1.380093 21.745970
v -0.297553 -1.273860 22.172886
v -2.440633 -0.561551 22.218349
v 1.984569 -0.644949 22.349203
v 2.197795 -1.131331 21.901701
v 0.821256 1.614557 23.780685
v 0.229445 2.615213 24.406027
v 1.943095 3.943714 24.879047
v -0.106142 3.436234 24.608257
v -2.200599 3.466724 23.989637
v 1.695802 4.677666 24.802750
v -0.266398 4.161778 24.355146
v -2.206218 4.115915 23.657816
v -3.051898 4.461931 23.232840
v -3.244142 3.873615 23.552326
v -0.135824 4.749245 23.606518
v 2.715718 5.808546 24.519917
v 1.484814 5.263714 24.097136
v 4.321660 6.918913 24.867485
v 3.608546 7.855785 22.857224
v 3.925183 9.449265 21.860495
v 3.971020 10.096643 21.654530
v 3.004621 8.836815 21.322575
v 5.993464 10.613627 24.767942
v 4.046862 10.773098 21.560192
v 4.178662 11.353449 21.716679
v 4.323434 11.830006 21.956215
v 5.165370 12.068043 23.380142
v 4.847727 12.873158 23.368668
v 3.814834 12.432238 21.748619
v 3.380042 13.203493 21.956066
v 4.427041 13.603182 23.514801
v 2.699793 13.838781 22.198719
v 3.232752 13.628149 22.279175
v 1.864680 14.292273 22.377323
v 2.922224 14.788902 24.260603
v 0.605340 14.566416 22.744287
v 1.369614 14.692978 22.963984
v 2.326370 15.108665 25.008312
v -0.838333 10.885345 19.622316
v -0.277634 10.208754 19.518372
v 0.616963 12.142998 19.048510
v -1.755992 11.568056 21.220474
v 0.928120 9.590370 19.668631
v -0.803162 8.227278 20.461100
v -1.664796 8.868878 20.476820
v -1.458458 8.220186 20.536650
v -2.129600 7.094934 21.168240
v 0.325215 7.900814 20.633453
v 1.317400 7.488747 21.062046
v 1.949904 8.051830 21.043989
v -2.182159 9.888168 20.727903
v -4.533267 10.249462 23.867916
v -4.794907 10.755497 25.629679
v -3.319841 12.425007 27.183678
v -5.307227 9.752907 24.497604
v -5.314383 10.706182 26.084455
v -5.865405 9.595840 24.928204
v -5.530359 8.915564 23.661489
v -6.090684 8.717045 24.121796
v -5.962230 7.857750 23.718267
v -6.889950 8.725597 24.224211
v -6.722570 7.683312 23.685175
v -5.162967 6.138239 23.357386
v -4.273232 4.779129 23.270958
v -3.942282 5.379082 22.912455
v -3.794848 4.283461 23.367601
v -3.515233 4.874657 23.030859
v -2.934451 5.855072 22.052938
v -7.536506 7.670017 23.128595
v -7.821067 8.922215 23.840195
v -8.459401 9.219532 23.129360
v -6.756070 8.363934 20.444035
v -5.300941 7.192607 19.778255
v -4.302080 6.431155 19.341103
v -3.365140 5.892775 18.971598
v -2.362292 5.518666 18.619709
v -2.324325 4.374166 19.397720
v -1.100923 5.212466 18.125439
v -0.921903 4.005928 19.019722
v 0.704570 5.054477 17.214447
v 0.959222 3.833871 18.232706
v 2.369363 4.078774 17.260746
v 1.910467 5.103443 16.431000
v 2.564636 5.148883 15.911807
v 4.104218 4.194900 15.105701
v 3.415970 3.109284 16.693867
v 3.455038 4.186051 16.365208
v 3.204778 0.459947 17.666605
v 2.282883 0.564321 18.451147
v 3.662426 4.519530 13.598474
v 3.166534 4.031896 12.399275
v 2.512712 5.134450 14.293400
v 1.962825 5.225461 14.782526
v 1.865475 4.625966 12.905430
v 3.105619 5.138316 15.421669
v 1.324411 5.295104 15.295755
v 0.206871 5.428295 16.101471
v -0.432118 5.167268 14.797712
v 0.640370 4.884408 13.975117
v -1.428227 5.744593 17.093054
v -1.938953 5.713044 15.774570
v -2.605775 6.090015 17.655594
v -3.084290 6.207521 16.379267
v -3.130559 5.296205 13.703294
v -1.667761 4.590043 12.885591
v -0.554692 4.256606 12.183704
v 0.143250 4.148250 11.651288
v -3.504619 3.688506 9.222257
v -4.145243 5.958190 14.351966
v -5.177753 6.771098 15.057642
v -4.136010 6.791605 16.959642
v -3.587491 6.504884 18.113596
v -4.504908 7.064547 18.575586
v -5.412362 7.812186 19.072741
v -5.089735 7.456113 17.533216
v -5.962441 8.245908 18.122324
v -6.629583 8.944513 19.817419
v -7.019526 9.457961 19.023750
v -7.884770 9.795407 17.809351
v -8.455688 10.898961 18.744686
v -6.960905 8.496108 16.642914
v -9.617121 8.765395 13.330666
v -8.152666 6.571263 11.203513
v -6.135243 7.618133 15.819558
v -11.852826 7.543754 8.426909
v -9.552447 6.832036 10.039528
v -10.760944 9.078979 12.204765
v -12.634847 9.795077 10.640800
v -14.138518 8.448414 6.802452
v -13.668714 7.273741 5.613152
v -15.737947 8.297300 3.747684
v -16.982985 8.318563 0.558328
v -17.466772 9.542927 1.803829
v -18.743679 11.091593 -0.193448
v -18.201063 9.842417 -1.529548
v -16.179691 6.810017 -0.954160
v -17.228451 8.215891 -3.147812
v -19.337757 12.254784 -4.225054
v -18.105095 10.380998 -5.965933
v -16.465103 8.360845 -7.387881
v -15.944646 6.573689 -4.499386
v -15.197997 5.378786 -2.323900
v -18.679676 12.771804 -8.482582
v -16.790718 10.438188 -9.991242
v -19.011616 15.462247 -10.802042
v -19.069576 17.625885 -12.474040
v -17.120707 15.040339 -14.092853
v -18.713867 20.657421 -14.569854
v -16.848808 17.992661 -16.288908
v -14.778121 15.520638 -17.660561
v -16.108557 20.632000 -17.983820
v -14.103642 18.047932 -19.414280
v -14.573795 23.992714 -19.800995
v -12.655897 21.235325 -21.380409
v -13.040914 26.170822 -20.693659
v -11.255806 23.295761 -22.372316
v -9.331167 20.253357 -23.540688
v -9.568199 25.177250 -23.164629
v -7.743831 21.904316 -24.393303
v -7.507055 26.720467 -23.740473
v -5.860584 23.308327 -24.987701
v -5.049174 16.606441 -25.502153
v -6.683245 15.379028 -24.448013
v -3.844653 13.869141 -25.666965
v -5.589591 12.823933 -24.471962
v -3.080113 12.105749 -25.489908
v -2.329615 10.422336 -25.143818
v -4.317314 9.594694 -23.780449
v -6.351685 9.041616 -22.133438
v -3.331420 7.411171 -22.992811
v -5.482416 6.980931 -21.288042
v -2.008240 5.044418 -21.734983
v -4.098198 4.646281 -20.066011
v -2.852314 3.282937 -18.890627
v -0.921578 3.761186 -20.429693
v -4.640591 2.869075 -17.127377
v -0.923883 1.595141 -16.980839
v 0.758776 2.099823 -18.269672
v 4.462231 3.371886 -20.300724
v 5.428108 2.199336 -18.381618
v 3.696465 1.508641 -17.619312
v 3.164822 5.061235 -22.718323
v 2.231813 6.466343 -24.116953
v 0.845442 9.056421 -25.390709
v 0.113225 5.622852 -23.162804
v -1.223843 8.119619 -24.420250
v 1.089276 4.312043 -21.777393
v -8.911673 29.848602 -22.013565
v -10.075324 32.744057 -19.918640
v -10.999824 35.536545 -17.440977
v -11.538759 37.512825 -15.274730
v -11.870517 39.115173 -12.746684
v -12.034561 40.420105 -10.057233
v -11.992510 41.403267 -7.246336
v 3.557501 23.219063 29.075537
v 1.789309 26.694099 28.649370
v 4.671566 20.817410 29.179865
v 2.635148 20.230324 29.521675
v 1.004068 18.490646 29.775093
v 3.113870 18.941410 29.615816
v 1.600523 22.408230 29.272259
v 1.324967 17.679012 29.674904
v 3.344262 17.947681 29.480555
v -1.009880 17.684963 29.590071
v -0.578719 16.970680 29.523798
v -0.116676 16.298264 29.222977
v 1.623059 16.822334 29.220697
v -3.510890 15.848200 28.755617
v -2.455872 14.963616 28.856144
v -1.782250 14.089983 28.392282
v -4.713119 13.309473 28.050560
v -3.746835 12.519472 27.726303
v -1.484247 13.863876 27.802036
v -4.631262 11.589792 26.959288
v -5.631227 12.306477 27.271852
v 1.987641 15.493805 27.721228
v 1.910647 15.877405 28.385790
v 3.236466 15.606079 27.321892
v 3.322863 16.027714 28.013075
v 4.295650 15.414913 26.880480
v 4.541082 15.859606 27.578724
v 3.390375 17.001945 28.975864
v 4.975308 16.808399 28.510191
v 5.513504 15.446562 27.144445
v 5.956301 15.099428 26.862841
v 6.781393 16.129673 27.673702
v 6.280575 14.712172 26.637905
v 7.152113 15.821575 27.434580
v 7.965660 16.717964 27.755232
v 7.660134 17.072487 27.960163
v 5.817163 14.261030 26.020613
v 5.156132 15.020630 26.459669
v 5.536030 14.668335 26.219118
v 3.932930 15.204685 26.061493
v 6.015671 12.300940 24.927206
v 6.272441 10.604500 25.365946
v 5.988561 9.501005 25.188280
v 5.505428 8.379965 25.066536
v 6.723492 10.626600 25.853275
v -5.437223 14.323000 27.841021
v -6.368261 13.334114 27.086067
v -6.884932 14.653097 26.937771
v -9.007167 19.664806 26.064402
v -10.082850 21.637207 25.383345
v -9.645811 18.995678 25.520197
v -8.238857 20.395226 26.636200
v -9.332012 22.446564 25.977074
v -10.707015 17.068848 23.636261
v -9.530209 14.795885 24.383976
v -8.916359 12.942358 24.610682
v -9.109867 12.712439 23.622185
v -8.915518 11.878599 23.548967
v -9.641002 14.180773 23.314579
v -8.787450 11.085421 23.244696
v -8.628550 10.930653 24.115850
v -8.856643 12.318352 22.671085
v -8.815791 12.517464 21.550146
v -8.556229 11.962984 22.079506
v -9.177226 12.480133 20.045353
v -9.510728 13.303835 20.591406
v -10.029512 14.510653 21.367884
v -10.856926 15.104177 20.429565
v -11.917354 15.637164 19.264984
v -13.565843 13.976724 15.088663
v -13.399788 13.011142 14.213110
v -11.332784 10.423904 13.684284
v -14.833476 12.773498 11.794938
v -16.503756 13.825683 10.404730
v -18.158642 14.342781 7.723612
v -19.433123 16.037146 6.422966
v -18.099899 12.017265 4.485887
v -19.444384 13.609011 2.682537
v -20.776772 16.097895 0.553580
v -19.997288 13.553358 -2.748657
v -21.435001 17.733885 -3.221012
v -20.919725 16.423967 -5.018960
v -20.135811 14.964993 -6.631653
v -21.438562 19.507547 -7.102220
v -20.562361 17.863501 -8.839506
v -21.527468 21.889627 -8.575682
v -20.620945 20.147474 -10.407457
v -21.400341 23.481443 -9.532187
v -20.489740 21.698597 -11.424554
v -21.110170 25.100447 -10.437335
v -20.218746 23.293350 -12.383741
v -20.085346 28.053154 -11.805598
v -19.303110 26.208599 -13.821134
v -17.901823 23.431564 -16.135273
v -17.424585 29.854923 -15.419029
v -16.228031 26.904682 -17.817680
v -15.585699 31.989841 -16.245560
v -14.518016 29.057564 -18.656157
v -13.447306 33.904625 -16.908094
v -12.469014 31.043171 -19.352442
v -11.166862 28.180897 -21.431023
v -16.141241 34.011635 -14.123187
v -13.984909 35.932114 -14.755322
v -18.040138 31.812256 -13.337585
v -18.453672 33.422852 -11.008272
v -16.536612 35.649216 -11.676410
v -20.579023 29.684690 -9.582461
v -20.801569 31.133196 -7.176247
v -18.664274 34.781685 -8.466123
v -20.686798 32.365067 -4.579319
v -18.585825 35.884392 -5.720185
v -21.688883 26.736666 -8.263752
v -21.935827 28.218748 -5.935147
v -21.799620 29.490297 -3.469738
v -21.270891 30.850069 -0.105529
v -20.156250 33.705231 -0.976327
v -22.289494 26.529974 -5.158010
v -22.455704 24.825701 -4.349886
v -22.384945 26.060755 -2.094193
v -22.177238 27.789457 -2.794252
v -22.011766 25.068956 -7.405656
v -22.149193 23.408445 -6.507139
v -21.944975 27.359243 1.015945
v -22.336983 23.451143 -0.964858
v -22.002243 24.769907 1.941556
v -20.882166 26.448637 7.084617
v -21.471952 21.550684 3.312414
v -20.437296 23.366400 8.004328
v -20.457672 26.806707 8.546278
v -18.875845 17.515459 9.188667
v -17.823019 15.867398 10.200964
v -18.000109 15.210414 9.176235
v -17.601114 16.598406 11.236155
v -16.364538 15.422385 12.350098
v -16.129395 20.173691 16.385469
v -16.978500 20.892014 15.215417
v -14.968371 14.568816 13.649312
v -15.019227 15.545094 14.558826
v -14.511493 21.206856 20.009212
v -15.502742 22.094116 18.843643
v -16.397440 22.880932 17.583986
v -13.942989 16.560627 17.115282
v -13.733317 14.967877 15.929903
v -12.416445 17.654282 20.555632
v -11.465331 16.868912 21.599049
v -12.753788 19.537315 21.849579
v -12.469229 21.282478 23.066490
v -11.816716 22.590458 23.922787
v -13.686855 25.186279 22.000710
v -14.792610 26.583210 20.597075
v -15.367575 24.701527 19.911884
v -15.857121 27.750278 18.892624
v -16.341494 25.702019 18.391100
v -16.842190 28.654980 16.951086
v -17.237373 26.482273 16.673473
v -17.245869 23.545429 16.157368
v -18.694614 29.551748 12.613067
v -18.925350 27.227716 12.787682
v -17.800161 32.569817 12.503406
v -19.434395 32.486290 7.470731
v -20.279881 29.210417 8.005320
v -18.127558 35.225037 7.198548
v -19.102610 34.798027 3.583143
v -17.033014 38.093170 2.955366
v -17.504192 37.764183 0.994441
v -16.516907 38.312836 4.924913
v -18.101704 37.078011 -1.918402
v -15.657045 39.645317 0.529396
v -16.199593 39.062729 -2.400876
v -16.652546 38.007957 -6.216879
v -14.048616 40.834671 -2.879992
v -14.452858 39.867455 -6.728184
v -14.527688 38.882866 -9.546732
v -14.349833 37.568039 -12.242728
v -16.735298 36.983192 -9.019839
v -13.567433 41.327805 0.073346
v -14.746156 40.102844 4.534579
v -12.765429 41.679039 4.102129
v -13.280345 40.036407 9.571129
v -11.386814 41.528328 9.248627
v -15.958176 38.414459 6.898613
v -15.063408 38.327881 9.787344
v -14.138138 37.967880 12.566599
v -12.320977 39.632370 12.499507
v -16.442219 35.047897 12.522543
v -13.196035 37.169662 15.240152
v -15.818038 31.367439 17.319323
v -14.432251 33.536674 17.581457
v -14.716976 30.281345 19.519480
v -13.294648 32.314568 19.900682
v -16.397102 30.038414 17.137615
v -15.348455 29.042686 19.219883
v -12.072187 30.879528 21.984705
v -9.823377 33.186440 22.428139
v -11.051551 34.724167 20.233517
v -12.187246 36.080940 17.826958
v -13.524770 28.934711 21.462292
v -12.351121 27.337341 23.042982
v -10.851989 29.187870 23.732729
v -9.665611 27.335224 25.216328
v -8.888634 26.016506 26.025846
v -6.468492 27.985310 26.795229
v -7.302310 29.395958 25.918013
v -8.558733 31.382874 24.308779
v -11.211342 25.605732 24.377033
v -10.462412 24.381191 25.111128
v -7.718098 23.946629 26.960165
v -6.585493 21.802635 27.629238
v -4.010069 23.615166 28.483482
v -5.211991 25.815132 27.793594
v -2.075482 24.699959 28.725554
v -1.431322 28.004501 28.062525
v -2.745420 30.245415 27.025702
v -3.599498 31.697910 26.138288
v -4.856961 33.761475 24.519960
v -6.762666 32.624138 24.480183
v -6.103827 35.663658 22.624588
v -8.025751 34.486069 22.586391
v -7.330089 37.319046 20.409651
v -9.255150 36.094490 20.364693
v -8.442970 38.823364 17.975870
v -9.448070 40.102859 15.264454
v -10.375063 37.531204 17.934025
v -11.368383 38.724525 15.288605
v -10.432752 41.088463 12.339859
v -0.129957 25.720894 28.789223
v -10.608781 15.935799 22.479824
v -14.909248 13.622457 12.718641
v -20.616909 18.636606 4.826223
v -21.750124 20.186636 0.631595
v -21.728748 19.001478 -1.330833
v -22.343262 22.255667 -3.080318
v -22.026411 20.925425 -5.129744
v 0.789850 4.103841 11.105336
v 1.428293 4.060664 10.562689
v 3.489618 -0.807363 21.752323
v 4.226099 -0.113961 22.168457
v 4.190588 -0.767263 21.642595
v 4.923874 -0.175723 22.173403
v 5.566125 -0.404442 22.260424
v 5.796843 0.372355 22.828506
v 5.061093 0.714186 22.774765
v 4.817983 -0.827859 21.616686
v 6.197169 -0.806453 22.433594
v 7.196031 -1.905053 22.911768
v 7.585129 -1.402381 23.440037
v 6.496502 -0.151151 22.984426
v 9.228664 -3.975372 24.219526
v 9.995140 -3.240877 24.800322
v 10.491221 -4.223798 24.913527
v 11.512211 -3.324870 25.807032
v 12.684388 -2.446244 26.252501
v 13.653486 -1.833451 26.444834
v 14.652019 -1.259856 26.524803
v 13.790039 0.106360 26.053108
v 13.022902 1.072716 25.723776
v 14.024798 -2.725984 26.532587
v 15.066885 -2.182071 26.629164
v 13.026444 -3.318522 26.295830
v 15.230368 -2.788724 26.502813
v 15.345499 -3.320787 26.161812
v 15.468807 -3.801660 25.203274
v 15.341485 -3.774718 24.150593
v 15.062334 -3.370504 23.575024
v 14.721226 -2.644588 22.896135
v 14.034659 -3.679968 23.241474
v 13.827227 -3.290935 22.790854
v 14.331377 -3.780722 26.034283
v 13.226801 -3.831548 26.130003
v 12.107059 -4.514851 25.510645
v 11.855464 -4.120451 25.759022
v 14.193544 -3.297993 26.395239
v 9.775867 -4.800668 24.251034
v 8.704092 -4.335599 23.759033
v 8.328152 -4.601854 23.062077
v 8.839676 -5.395052 23.073730
v 9.258066 -5.144928 23.782728
v 9.677743 -5.579453 23.617611
v 9.258936 -5.811704 22.892712
v 8.304206 -5.676400 21.822767
v 8.732862 -6.046495 21.580675
v 9.073071 -6.093266 21.320951
v 9.603679 -5.897040 22.659975
v 10.003033 -5.718266 23.385008
v 7.533089 -5.981656 20.352259
v 7.040998 -5.310626 20.621523
v 6.488479 -5.479321 18.911013
v 7.026555 -6.013226 18.696934
v 7.831470 -4.934338 21.927950
v 5.998539 -3.506459 20.321272
v 6.191443 -4.907219 19.002207
v 5.695213 -3.822556 18.971050
v 5.159733 -1.751635 20.884491
v 4.910445 -2.230541 20.032310
v 5.339195 -2.637153 20.094383
v 5.668204 -2.076424 20.948622
v 4.451810 -1.911091 20.021088
v 3.953434 -1.677786 20.061735
v 4.644415 -1.535816 20.882317
v 4.095563 -1.415312 20.932854
v 3.486500 -1.376882 21.034229
v 2.362288 -1.568329 21.178827
v 2.398701 -1.555231 20.321339
v 3.404867 -1.529172 20.155056
v 0.689370 -1.153342 19.780928
v 6.199543 -4.614555 15.586585
v 6.639325 -5.120028 15.501863
v 7.159633 -5.555143 15.745198
v 7.379867 -4.518655 12.907693
v 7.168093 -3.540001 12.286245
v 7.882762 -2.869245 11.923550
v 6.222778 -2.550857 12.651893
v 6.625894 -3.959844 12.854505
v 5.912246 -2.879540 13.118034
v 5.495575 -1.729624 12.747291
v 4.629782 0.039205 12.442185
v 5.107737 -1.096649 12.665915
v 4.274821 1.607814 12.043444
v 5.048536 2.048581 12.034121
v 5.556538 0.479173 12.562174
v 6.000963 2.463414 11.611595
v 6.675481 0.887216 12.096831
v 7.138514 -0.127316 12.160228
v 6.046986 -0.565455 12.660949
v 6.547073 2.596190 10.871493
v 7.265189 1.020055 11.312794
v 7.118474 3.007472 10.872313
v 7.763927 -0.053843 11.470393
v 7.993680 -0.676777 11.516130
v 8.147971 -1.521884 11.614937
v 6.627361 4.215375 10.547117
v 7.012197 4.840003 11.730650
v 7.551492 3.597291 11.947411
v 7.466651 5.368495 13.949919
v 7.916730 4.115527 13.981628
v 9.516809 2.804410 17.544054
v 9.328506 1.863364 14.661327
v 10.081129 3.138693 21.273401
v 10.695070 2.607658 21.187830
v 11.644749 2.645609 21.047161
v 12.264439 3.367704 20.928308
v 11.899104 2.841393 17.612120
v 11.283201 1.726537 15.543429
v 11.556338 2.011947 15.524175
v 11.808813 2.387620 15.492773
v 12.096094 3.614585 17.589994
v 11.909374 4.638888 17.567795
v 11.792487 4.531178 15.445882
v 11.875798 4.377450 14.782945
v 10.681723 6.691450 14.960706
v 11.142488 5.928382 15.192616
v 11.221275 5.751735 14.550556
v 10.780973 6.490531 14.294545
v 10.119818 7.362853 14.672188
v 10.258760 7.128478 13.926953
v 7.234864 7.531304 13.818337
v 6.840858 7.029830 11.434599
v 6.798997 5.857139 11.601149
v 6.370650 6.526668 9.660505
v 6.350488 5.182015 10.232251
v 6.213980 6.915003 7.950535
v 5.909212 6.364710 8.647425
v 6.028173 5.264615 9.770305
v 5.671603 5.638166 9.163634
v 5.761619 5.064502 9.652726
v 4.845472 5.285336 8.965161
v 5.030481 4.744130 9.698473
v 5.920030 4.425942 10.061623
v 5.263516 4.184701 10.350097
v 6.134140 3.730804 10.414007
v 5.535658 3.567531 10.922956
v 3.600208 4.469838 9.118200
v 4.012983 4.003375 9.903112
v 4.385401 3.575284 10.634316
v 4.700110 3.084167 11.285042
v 4.137323 2.539781 11.575583
v 2.419986 3.955281 9.812308
v 1.522711 4.237762 8.630975
v 3.146719 3.464904 10.904178
v 6.496830 7.073442 7.573650
v 8.489692 7.345974 21.575722
v 8.644457 6.294100 21.517126
v 9.196489 4.746594 21.405411
v 9.481802 4.569195 23.738428
v 10.367548 2.991312 23.570099
v 11.129946 2.575138 23.584976
v 12.652867 4.437159 23.113073
v 12.352028 4.094754 20.809116
v 10.774173 8.234358 20.882818
v 10.502493 8.623148 20.915590
v 10.225982 8.930523 20.949112
v 9.126560 6.113867 24.009329
v 9.068378 5.836346 24.985455
v 9.151978 4.893255 24.760839
v 9.375826 4.098707 24.592947
v 9.712395 3.448937 24.503405
v 10.336003 2.809410 24.497566
v 11.007051 2.511679 24.569464
v 11.474387 2.504870 24.615366
v 10.972641 2.391020 24.873260
v 10.224437 2.701302 24.764000
v 11.485142 2.404806 24.957569
v 9.529564 3.363880 24.744375
v 9.149252 3.159561 24.856203
v 9.150169 4.019884 24.825743
v 8.688868 3.892572 24.927160
v 8.771626 5.739994 25.241045
v 8.883221 4.804562 24.997953
v 8.360026 4.746815 25.106260
v 8.213610 5.728706 25.373087
v 8.859034 6.848574 25.533979
v 9.027462 7.979483 25.898783
v 8.497569 7.990862 26.098114
v 8.301365 6.844935 25.706772
v 9.151422 6.933140 25.244392
v 9.158955 8.979849 26.358118
v 9.291139 9.853144 26.865217
v 8.675853 9.062290 26.537388
v 8.854038 10.032040 27.008310
v 7.719067 9.796211 26.270658
v 9.349668 11.674366 27.996273
v 10.024858 12.693922 28.574829
v 10.308730 12.243134 28.536180
v 10.492642 11.987762 28.279299
v 9.728019 11.314548 27.899778
v 10.013873 11.175438 27.556627
v 10.853845 9.183378 23.710979
v 11.066526 8.791359 23.545897
v 11.505165 7.757277 23.168653
v 11.372974 9.292709 24.952648
v 12.204992 7.090067 23.831125
v 12.453614 6.446474 23.597811
v 12.694614 5.908304 23.552483
v 12.904579 5.458948 23.656301
v 13.059483 5.080469 23.871489
v 13.154324 4.753304 24.140373
v 12.390761 5.390593 22.837076
v 12.020689 6.348175 22.785055
v 11.756826 7.069418 22.943611
v 11.330310 1.049228 15.157655
v 11.626999 1.325219 15.030054
v 11.913325 1.727901 14.895482
v 12.253458 0.715238 15.388905
v 11.849320 0.508533 15.580502
v 11.486263 0.300057 15.733388
v 10.971169 0.022483 15.759357
v 10.487638 -0.265083 15.557485
v 11.594586 -0.089617 16.219944
v 11.950119 0.138515 16.092173
v 12.076764 -0.246242 16.775360
v 11.735335 -0.526227 16.873549
v 11.116973 -0.407581 16.206354
v 10.651609 -0.695889 15.947801
v 12.540112 -0.033824 16.694544
v 10.246145 -0.577784 15.355861
v 10.241700 0.122695 14.735141
v -4.434722 -0.431263 17.928814
v -4.801270 0.375819 18.047895
v -4.403479 -0.911103 17.788065
v -4.419463 -1.397639 17.654911
v -4.808166 1.046098 18.543093
v -5.364351 0.856896 17.908932
v -5.220307 1.446899 18.577402
v -5.789565 1.807893 18.666855
v -4.026728 2.654285 19.467073
v -5.703247 1.240022 17.957481
v -6.228188 1.582637 18.053196
v -6.282784 1.712047 18.914093
v -5.897257 2.459981 19.645088
v -6.688456 1.439628 18.267698
v -7.203907 1.320195 17.496666
v -7.818517 1.339721 16.559330
v -6.766463 1.514815 17.309683
v -7.400877 1.580419 16.393877
v -8.129371 1.756352 15.263583
v -6.320455 1.232791 17.154655
v -6.062855 0.893380 17.061560
v -6.835193 1.087976 16.047888
v -7.029815 1.373916 16.181824
v -7.789143 1.611415 15.052515
v -7.613177 1.374496 14.914885
v -5.826622 0.350440 16.876072
v -6.637550 0.630950 15.847144
v -7.428403 0.979186 14.723659
v -5.716081 -0.573557 16.520523
v -5.714182 -0.201845 16.661928
v -7.315961 0.558765 14.534856
v -8.561560 0.891240 15.296278
v -5.777179 -0.951496 16.398998
v -8.408451 0.276771 15.104532
v -4.749304 3.364383 8.166512
v -7.256196 2.303053 0.353244
v -5.977843 2.149759 0.865890
v -7.037042 1.508844 -0.008091
v -5.874498 1.347584 0.319173
v -7.818706 -1.262611 -2.040628
v -6.417959 -2.085649 -1.443210
v -5.572715 -2.366665 -1.141777
v -6.177427 2.408393 -15.159770
v -0.237760 -1.624569 1.954699
v -0.285597 -1.765386 1.865129
v -0.098561 -1.783903 1.742394
v -1.795134 -0.100435 1.604282
v -1.521179 0.119499 1.833075
v -0.053894 -1.639481 1.854988
v -3.331789 -1.904886 -2.807917
v -3.765204 -2.300584 -1.901804
v -2.839900 -1.103619 -2.171617
v 9.920523 -3.590906 14.439436
v 2.067943 4.269053 3.893487
v 4.718419 3.934500 2.203814
v 0.809800 4.277925 6.195247
v 0.804797 4.299056 7.438647
v 3.922452 2.969541 11.110032
v -8.995930 2.952822 6.865488
v -9.273578 2.655077 7.157049
v -8.646134 3.474691 6.791749
v -8.362947 4.201005 7.343704
v 23.025652 19.032892 1.969935
v 23.629768 18.738523 1.201048
v 23.844093 21.778337 -2.259473
v 8.299023 16.089516 27.651239
v 21.384829 -3.713781 24.337654
v 21.600847 -3.775548 24.539875
v 21.126999 -3.632657 24.564415
v 21.442787 -0.786958 24.199114
v 21.527323 -0.394671 23.718647
v 20.906460 -0.610193 24.417967
v 21.103714 -1.026861 24.520546
v 21.152319 -1.535126 24.642572
v 21.862814 -1.027140 23.997290
v 22.055075 -0.775188 23.464645
v 22.838465 -1.919242 23.364376
v 22.665159 -2.210596 23.908413
v 22.965712 -2.302216 23.372627
v 22.981630 -2.503889 23.024517
v 22.699072 -2.068826 22.719988
v 22.700563 -2.645123 23.045462
v 22.894857 -2.940960 23.524733
v 22.568724 -2.948589 23.370571
v 22.877174 -2.619753 23.752666
v 22.535929 -2.985335 24.183031
v 22.568951 -3.315493 23.971096
v 22.313374 -2.532122 24.299660
v 21.880754 -2.814181 24.611589
v 21.509329 -2.980499 24.786312
v 20.860435 -1.673835 24.795050
v 20.740612 -1.217204 24.766956
v 20.156654 -1.475677 24.768642
v 20.546471 -0.841567 24.675858
v 20.078285 -1.023827 24.706259
v 21.739515 -0.909671 22.613359
v 21.329727 -0.390193 22.809639
v 22.223726 -1.494749 22.667185
v 22.469196 -2.303445 22.755636
v 21.959641 -1.738274 22.629248
v 22.153284 -2.588688 23.026722
v 21.849249 -2.979206 23.427593
v 22.367546 -3.298650 23.742764
v 21.845583 -3.618062 24.103264
v 21.381300 -3.168587 23.735310
v 22.049334 -3.663023 24.342943
v 22.061920 -3.305346 24.536741
v 21.652569 -3.436489 24.731495
v 21.304022 -3.432466 24.737190
v 21.004858 -3.169615 24.753445
v 21.033957 -0.612060 22.684675
v 21.430416 -1.168095 22.507158
v 21.656969 -2.020423 22.846115
v 20.913298 -2.564918 23.505798
v 20.938299 -3.297177 24.109421
v 20.504047 -2.683645 23.921473
v 20.832161 -3.281873 24.458998
v 20.441269 -2.667753 24.378366
v 19.886276 -1.614432 24.390343
v 20.043472 -2.042410 24.296387
v 19.863043 -1.126703 24.414204
v 20.779520 -0.843611 22.815325
v 20.481775 -1.093160 23.092196
v 20.182695 -0.419848 23.239750
v 20.379059 -0.236304 23.039024
v 21.133080 -1.450449 22.674646
v 20.416847 -1.959987 23.285252
v 20.142736 -1.314801 23.424942
v 20.054720 -2.062397 23.734814
v 19.874779 -1.391378 23.856531
v 19.772575 -0.650198 24.216557
v 19.777306 -0.659847 23.906870
v 19.925425 -0.587339 23.557709
v 24.697704 -1.457886 19.123756
v 24.512518 -1.401171 18.873623
v 24.785244 -1.380840 19.018858
v 25.012222 -1.350163 19.247921
v 23.546417 -1.971471 19.458244
v 23.617294 -1.874572 19.251575
v 23.801632 -1.741358 19.074787
v 23.937840 -1.797469 19.472500
v 24.890310 -1.609792 19.805613
v 24.720440 -1.730454 19.909071
v 24.631405 -1.658858 19.662415
v 24.870014 -1.547499 19.591007
v 25.093565 -1.412702 19.614382
v 25.036276 -1.531337 19.928782
v 24.861616 -1.705670 20.120121
v 23.578396 -2.101955 19.993536
v 23.555815 -2.083089 19.866114
v 23.759451 -2.029795 19.922640
v 23.749128 -2.082226 20.080801
v 23.443121 -2.110710 20.046434
v 23.364143 -2.095586 19.886106
v 23.618074 -2.093433 20.226725
v 24.008202 -2.033653 20.385456
v 24.068493 -2.008262 20.179270
v 23.523603 -1.966244 20.415298
v 23.262657 -1.996709 20.208004
v 23.972248 -1.894087 20.561033
v 24.528776 -1.876940 20.400372
v 24.497362 -1.715415 20.580107
v 24.344778 -1.216941 20.802999
v 23.831388 -1.446035 20.765343
v 24.908043 -1.446715 20.456083
v 24.760874 -0.930733 20.686501
v 25.160524 -1.202712 20.178459
v 25.022833 -0.672895 20.372990
v 24.695530 0.055670 20.536472
v 24.426491 -0.130154 20.842518
v 25.101500 -0.505253 19.923273
v 24.790356 0.202297 20.101271
v 24.998495 -0.410351 19.428339
v 24.705080 0.284016 19.635395
v 24.256716 0.930613 19.858349
v 24.330591 0.899632 20.258320
v 24.411776 0.264929 19.248352
v 23.935196 0.083641 18.996685
v 22.988232 0.416245 19.039759
v 22.949509 1.645521 19.599762
v 23.231401 1.806831 19.821487
v 22.427223 1.368378 19.421795
v 21.984039 1.142153 19.408297
v 21.442587 0.810711 20.073160
v 21.508528 0.856728 19.773979
v 21.731157 0.226294 19.678978
v 21.638973 0.140354 20.086407
v 21.693186 0.980547 19.529995
v 21.920790 0.390629 19.351517
v 22.176762 -0.176248 19.202402
v 21.980299 -0.350387 19.578161
v 22.506687 0.097002 19.015905
v 22.826145 -0.485123 18.882362
v 22.481022 -0.790355 19.119108
v 23.353699 -0.179459 18.859568
v 24.284740 -0.645012 18.805061
v 23.759815 -0.879556 18.727262
v 24.689604 -0.448270 19.021996
v 25.122705 -0.928737 19.274334
v 24.839033 -0.941870 18.898216
v 25.240055 -1.030968 19.743387
v 25.129520 -1.427214 20.032694
v 25.210812 -1.286792 19.658173
v 24.922411 -1.645676 20.268129
v 24.500071 -1.899910 20.247784
v 24.445435 -1.876088 20.077621
v 23.329948 -2.053001 19.676958
v 23.343969 -1.965149 19.417532
v 23.081934 -1.937188 19.694513
v 23.101713 -1.842876 19.387917
v 23.125908 -1.985720 19.971334
v 22.999538 -1.656129 20.409586
v 22.804434 -1.675783 20.133150
v 23.340101 -1.570146 20.624937
v 23.433424 -0.586519 20.934906
v 22.929502 -0.910129 20.800184
v 24.008307 -0.331015 20.974541
v 23.981794 0.625757 20.895855
v 24.231274 0.785717 20.635353
v 23.832283 1.301664 20.690786
v 23.901806 1.391909 20.361353
v 23.440924 1.858204 20.440453
v 23.388641 1.771566 20.745489
v 23.388577 1.873707 20.115763
v 21.658670 0.880831 20.622725
v 21.812244 0.252300 20.641121
v 21.959246 0.965185 20.805628
v 21.478973 0.822620 20.362137
v 21.654541 0.164946 20.407200
v 21.948013 -0.472940 20.436686
v 22.084034 -0.396830 20.682877
v 21.896008 -0.463620 20.051876
v 22.302530 -1.151800 19.900299
v 22.405834 -1.194878 20.287876
v 22.327391 -1.008693 19.481028
v 22.887590 -1.327368 19.056198
v 22.724836 -1.516837 19.402138
v 23.239580 -1.104096 18.789021
v 23.915770 -1.275748 18.711361
v 23.494896 -1.488135 18.828695
v 24.452681 -1.060719 18.723162
v 24.868116 -1.221813 18.891687
v 24.505541 -1.296196 18.753292
v 25.123253 -1.212493 19.232134
v 24.070051 -1.548784 18.913988
v 23.996733 -1.471232 18.797949
v 23.643789 -1.684199 18.933064
v 23.436882 -1.847983 19.162308
v 23.229595 -1.683617 19.085268
v 22.705034 -1.628530 19.780891
v 22.606833 -1.125276 20.591808
v 22.363249 -0.231542 20.814533
v 22.914486 0.077585 20.950539
v 22.949394 1.392214 21.036568
v 22.505487 1.149843 20.985874
v 23.222017 1.608337 20.961212
v 24.213568 -1.643798 19.362942
v 23.359213 -1.292920 15.076910
v 23.238773 -1.315432 15.408163
v 23.105787 -1.345468 15.131502
v 23.361532 -1.258364 14.888225
v 23.057329 -1.308996 14.814927
v 23.066095 1.643554 17.125399
v 23.978958 1.138038 17.048725
v 23.489782 2.266443 17.132486
v 23.043962 2.172318 17.165319
v 24.443264 1.399329 16.796537
v 23.871502 2.461241 16.802063
v 22.930489 1.210939 17.039593
v 23.673965 0.728623 16.981577
v 25.138815 -0.663014 16.201399
v 25.137417 -0.369409 16.400459
v 24.817129 -0.579596 16.612282
v 24.915953 -0.821363 16.205086
v 22.117769 1.692021 16.828337
v 22.464005 1.401132 16.978037
v 22.583397 1.765237 17.043133
v 22.294094 1.912833 16.820898
v 24.584208 1.680696 15.816458
v 23.748388 2.314374 15.675620
v 23.855350 2.538663 16.201572
v 23.358549 0.470517 16.861673
v 22.721619 0.451863 16.774521
v 22.968193 -0.561060 16.348148
v 23.705420 -0.451370 16.585155
v 21.975689 -0.254356 16.133255
v 22.135593 0.682323 16.783991
v 21.545462 0.098550 16.234272
v 23.394592 -1.191370 14.631276
v 23.540642 -1.062801 14.396057
v 23.903673 -0.847463 14.249623
v 24.335033 -0.758214 14.710082
v 22.631453 1.745685 14.327875
v 23.539320 1.055268 14.184391
v 22.947912 0.493751 14.147706
v 22.201056 1.031474 14.350382
v 21.955839 1.784259 14.452650
v 21.713242 1.243827 14.497666
v 23.334618 2.172135 14.583661
v 24.100260 1.420026 14.557245
v 22.611217 2.134666 17.082888
v 23.651184 2.338786 15.148556
v 24.411463 1.649062 15.234099
v 25.224663 0.622722 15.713994
v 25.089561 0.679099 15.048985
v 24.614231 1.597726 16.344276
v 25.149105 0.481774 16.242935
v 24.923687 0.286737 16.606773
v 24.621851 0.039241 16.766836
v 24.249437 -0.223896 16.740936
v 24.464865 -0.747034 16.577663
v 24.585674 -0.935474 16.200083
v 23.879978 -0.915897 16.368998
v 24.055412 -1.056963 16.079411
v 23.283911 -1.058166 16.023327
v 23.537251 -1.207254 15.737288
v 24.205559 -1.015847 15.736824
v 24.813725 -0.788166 15.708765
v 25.244692 -0.532921 15.692351
v 25.142544 -0.479775 15.152768
v 25.295467 -0.071299 15.053192
v 25.370007 -0.159828 15.680080
v 24.901474 -0.491446 14.632723
v 24.985991 -0.069309 14.432354
v 24.463177 -0.550182 14.212423
v 24.431171 -0.257054 14.032014
v 23.701048 -0.649167 13.953648
v 23.261690 -0.974597 14.172764
v 23.086163 -1.186235 14.483501
v 22.599566 -1.118319 14.792355
v 22.656073 -0.917242 14.386657
v 22.678892 -1.202164 15.207857
v 22.894087 -1.178972 15.600358
v 22.405266 -0.712577 15.860733
v 22.086535 -0.671113 14.827166
v 22.150206 -0.444897 14.431294
v 22.392572 -0.069555 14.223087
v 22.880175 -0.622705 14.078728
v 23.501652 -0.254246 13.925809
v 24.193632 0.272054 13.998059
v 24.720449 0.595658 14.406960
v 21.759420 0.446158 14.462710
v 21.082466 0.184890 15.123096
v 21.139050 0.418317 14.830543
v 21.220484 0.045037 15.633759
v 20.888569 0.470378 15.828694
v 20.797613 0.596576 15.362698
v 21.145342 0.466512 16.297224
v 20.895464 0.966437 16.342903
v 20.723873 0.973514 15.976918
v 21.695190 0.944251 16.762690
v 21.360674 1.307637 16.700932
v 21.825443 1.835954 16.784132
v 20.680470 1.090835 15.574150
v 20.821249 1.267797 15.237309
v 20.926998 0.861482 15.018238
v 21.143530 1.548411 15.132072
v 21.185890 1.152762 14.842486
v 21.353146 0.748080 14.634260
v 21.432907 1.444610 14.718184
v 24.312708 -1.425517 21.330402
v 24.266531 -1.495800 21.000742
v 24.002434 -1.024378 20.952686
v 24.136629 -0.997281 21.388046
v 24.338820 -1.794787 21.251717
v 22.829666 -2.311592 22.279829
v 23.426020 -2.596843 22.363071
v 22.912111 -2.279200 22.712370
v 23.687494 -1.225318 20.737299
v 23.992865 -1.671923 20.835672
v 23.413488 -1.525284 20.776213
v 23.806145 -1.335415 22.463322
v 23.924980 -1.876324 22.436930
v 24.210464 -1.727263 21.906734
v 24.044659 -1.182281 21.981182
v 23.574909 -1.604278 22.753950
v 23.282480 -2.050225 22.876505
v 23.839451 -2.327848 22.486439
v 23.186049 -1.100320 22.940857
v 22.748985 -1.440308 23.030458
v 23.509401 -0.811878 22.634178
v 23.123873 -0.227707 22.805815
v 22.786060 -0.495457 23.077459
v 23.750734 -0.573753 22.130135
v 23.369366 0.020075 22.313633
v 23.827803 -0.376652 21.515486
v 23.620472 -0.402813 21.049091
v 24.063404 -1.985886 21.084946
v 24.217960 -2.173284 21.835640
v 23.863636 -2.455556 21.717674
v 22.371634 -1.680324 22.714304
v 22.352505 -0.802717 23.135803
v 21.952892 -1.033121 22.748955
v 22.374809 0.086336 23.134302
v 21.996874 -0.171380 23.160725
v 22.711414 0.332152 22.880735
v 22.928364 0.531149 22.485590
v 23.430609 0.228956 21.696568
v 22.915144 0.683701 21.908398
v 23.203930 0.181168 21.220808
v 22.723181 -0.163204 20.896519
v 23.209881 -0.722838 20.749710
v 22.863327 -1.185064 20.734575
v 22.293434 -0.565807 20.819252
v 22.667870 -1.479125 20.952290
v 22.086386 -0.813510 20.968184
v 23.380472 -1.904481 21.037464
v 23.238768 -2.245516 21.584618
v 22.491535 -1.703556 21.373222
v 22.271736 -1.805133 22.111546
v 21.758848 -1.159394 22.090439
v 21.903591 -1.040598 21.372536
v 21.673901 -0.380457 22.807959
v 21.769163 0.244963 23.059093
v 21.521616 0.083969 22.789536
v 22.082239 0.432793 23.051601
v 22.366579 0.635790 22.856390
v 22.516727 0.807503 22.512169
v 22.528234 0.931374 22.117853
v 22.714668 0.628891 21.481167
v 22.294527 0.324034 21.190529
v 21.992399 0.662872 21.439762
v 22.277489 0.868824 21.602409
v 21.905430 0.005154 21.096224
v 21.720655 -0.194514 21.204069
v 21.547819 -0.414575 21.564722
v 21.458675 -0.515957 22.178963
v 21.331837 0.005142 22.250269
v 21.666342 0.428387 21.382118
v 21.509144 0.279963 21.468548
v 21.380850 0.107803 21.742952
v 24.612621 -1.036921 16.723198
v 24.912556 -0.964671 16.742418
v 25.141945 -1.007423 16.978760
v 23.757662 -1.638362 18.304447
v 23.856503 -1.621038 18.228823
v 23.968992 -1.573452 18.320885
v 23.936829 -1.574643 18.485853
v 23.698318 -1.669228 18.089874
v 22.290794 -0.212929 18.512051
v 22.025173 -0.162997 18.207680
v 22.446447 0.118130 18.736233
v 21.914984 0.434351 18.558418
v 23.004862 -0.348560 18.808952
v 24.090757 -1.494408 17.211771
v 24.480045 -1.231713 17.097420
v 24.525555 -1.291766 17.353062
v 24.391195 -1.194635 16.907715
v 21.762953 1.130650 18.508621
v 21.421446 1.006991 18.215237
v 21.511892 0.354388 18.077200
v 21.884573 -0.119230 17.782715
v 25.073256 -1.159813 17.725441
v 24.540510 -1.322847 17.676907
v 22.732681 1.711428 18.776146
v 22.268894 1.415707 18.716988
v 23.117008 1.280704 18.843330
v 22.958332 1.928145 18.683655
v 23.531164 0.886725 18.925577
v 23.094753 2.071879 18.448200
v 24.454332 0.601683 18.786245
v 24.655228 0.793799 18.385746
v 24.729677 0.884237 17.939585
v 24.580778 0.866637 17.459545
v 25.185253 0.146457 17.660089
v 25.031361 0.136218 17.155882
v 24.245857 0.729827 17.072851
v 24.707809 -0.006598 16.782335
v 24.288664 -0.230541 16.575064
v 23.782413 0.517829 16.805023
v 24.933548 -0.543076 16.647764
v 24.529285 -0.691680 16.532087
v 24.069601 -0.891605 16.544603
v 23.751554 -0.448420 16.519939
v 23.778851 -1.167206 16.709091
v 23.392929 -0.761615 16.616693
v 24.215155 -1.079347 16.609768
v 23.962297 -1.314279 16.791508
v 23.642033 -1.417157 16.987135
v 23.844709 -1.534821 17.059708
v 24.072895 -1.342137 16.878391
v 23.966803 -1.533574 17.131954
v 23.759594 -1.667309 17.410189
v 23.573223 -1.579597 17.346928
v 23.888151 -1.654212 17.471769
v 23.852209 -1.651266 17.825844
v 23.672813 -1.698335 17.828522
v 24.287897 -1.432022 18.419746
v 24.698599 -1.245989 18.505301
v 24.719490 -1.171219 18.642115
v 24.267311 -1.416883 18.594080
v 25.026653 -1.149356 18.189863
v 25.131874 -1.039652 18.334808
v 25.245672 -1.095801 17.788233
v 25.414679 -0.913505 17.874947
v 25.344276 -1.024676 17.311592
v 25.453182 -0.870319 17.328026
v 25.166103 -1.099069 17.323244
v 25.283110 -0.822536 16.881714
v 25.260948 -0.493337 16.947670
v 25.427258 -0.536893 17.415182
v 24.957827 -0.828418 16.637520
v 24.606998 -0.914587 16.577038
v 24.296492 -1.137872 16.721338
v 25.118513 0.037945 18.182562
v 25.383427 -0.610099 17.970884
v 24.890173 -0.158383 18.648659
v 24.057905 0.325646 18.960482
v 24.471292 -0.481884 18.855989
v 23.505451 -0.013094 18.950714
v 22.965288 0.523575 18.904469
v 23.186121 -1.149646 18.496017
v 23.513519 -0.991543 18.746349
v 23.963343 -0.784756 18.851419
v 24.653233 -0.949982 18.738098
v 24.123940 -1.232955 18.737854
v 25.112240 -0.716719 18.483459
v 23.741749 -1.398077 18.636045
v 23.519239 -1.509745 18.424469
v 23.453638 -1.577441 18.142714
v 22.457590 -0.714414 17.557011
v 21.880388 -0.006833 17.346682
v 22.522854 -0.631185 17.130985
v 22.038860 0.222756 16.994589
v 22.659859 -0.458866 16.830713
v 21.450462 0.409185 17.617136
v 21.538000 0.601996 17.298317
v 21.291611 0.966332 17.855165
v 21.375475 1.067582 17.504751
v 23.128544 2.135298 18.102503
v 23.050457 2.120824 17.731920
v 22.861795 2.011886 17.457190
v 23.723324 1.225831 17.277719
v 23.251980 1.032373 17.046623
v 23.232182 0.204009 16.651171
v 22.599884 0.675519 16.894615
v 22.867414 -0.190802 16.652899
v 23.226355 -1.048210 16.869713
v 23.145985 -1.228476 17.228798
v 23.475565 -1.623439 17.772165
v 22.231287 0.398662 16.899792
v 21.780270 0.799861 17.118505
v 21.622498 1.245751 17.272358
v 22.006775 1.477166 17.205578
v 22.539560 1.800824 17.282152
v 24.248341 -0.530257 13.622298
v 23.511984 -0.871589 13.021587
v 24.039839 -0.581449 12.860938
v 23.130409 2.059917 14.103815
v 22.670998 2.008487 14.320210
v 22.710451 1.619142 14.601646
v 23.436375 1.376382 14.352188
v 21.542110 0.172771 13.163390
v 22.125847 -0.170166 13.919154
v 21.512209 0.445882 14.278607
v 21.323324 0.595956 13.211503
v 22.148264 -0.059546 12.281763
v 22.806690 -0.608533 13.459014
v 21.525246 0.654304 12.513873
v 21.830664 0.863465 12.077568
v 22.307188 0.384944 11.751464
v 21.234669 1.082818 14.423332
v 21.197405 1.073684 13.361751
v 24.387335 0.800626 14.048857
v 24.724724 1.504272 13.295834
v 23.592833 2.352643 13.643732
v 24.140463 1.723409 11.906145
v 23.755585 0.654050 11.154908
v 23.190947 1.287385 11.455792
v 24.706951 1.049356 11.605720
v 24.559864 0.346257 12.079519
v 23.080927 -0.087652 11.409087
v 23.116997 -0.470599 11.833029
v 25.295868 0.864604 12.899114
v 23.697321 -0.144547 14.127767
v 22.935770 0.315906 14.447489
v 22.201971 0.820708 14.721011
v 22.221828 1.729148 14.823391
v 21.802658 1.303741 14.871053
v 24.844769 0.160687 13.541565
v 22.683584 1.722093 11.800364
v 21.521929 1.352695 12.383837
v 22.300320 2.146649 12.188539
v 21.285919 1.160663 12.745621
v 23.049944 2.512565 12.565928
v 20.187862 -4.885514 25.297958
v 19.907856 -5.170095 25.457064
v 20.483286 -5.081522 25.047638
v 19.737009 -4.951473 25.509947
v 19.765104 -5.339722 24.980732
v 19.977337 -4.985828 25.073503
v 20.324718 -5.100699 24.845642
v 19.597569 -4.993805 25.278946
v 19.115992 -5.165505 25.482126
v 19.153353 -5.541574 25.232645
v 18.916733 -5.367848 25.571850
v 18.992723 -5.414039 25.698824
v 19.228939 -5.207107 25.670006
v 19.118765 -5.729880 25.578533
v 19.398071 -5.546062 25.586336
v 18.987474 -5.690967 25.381210
v 19.257240 -6.063236 25.413370
v 19.103802 -6.022363 25.205330
v 19.287474 -6.512320 24.910473
v 19.454893 -6.556458 25.129622
v 19.376013 -6.336494 24.707300
v 19.218824 -5.871865 25.032585
v 19.643234 -6.929786 24.225492
v 19.574818 -7.147838 24.460390
v 19.689220 -6.111155 24.591452
v 20.244761 -7.299363 23.573547
v 20.006718 -7.526037 23.688946
v 20.563274 -7.106211 23.483946
v 20.755051 -6.274963 23.996876
v 20.979300 -6.980712 23.447605
v 21.129492 -7.111679 23.771341
v 20.938574 -6.420945 24.297915
v 20.053432 -5.884810 24.508762
v 20.540365 -5.649553 24.468391
v 20.734627 -5.721425 24.723988
v 20.680210 -6.724199 24.722008
v 20.907330 -7.436390 24.263405
v 20.465925 -7.705103 24.379110
v 20.148636 -7.028414 24.841805
v 19.755589 -7.202425 24.728294
v 20.117262 -7.843918 24.248987
v 20.418413 -5.989208 25.074512
v 19.823345 -6.370379 25.197241
v 20.155424 -5.487945 25.317600
v 19.564837 -5.879437 25.442417
v 19.950848 -7.761475 23.963070
v 26.113684 -1.623136 10.893188
v 26.235170 -2.364945 11.978482
v 25.636822 -1.978322 11.937469
v 25.818039 0.958589 12.094795
v 25.932348 0.975228 11.514125
v 25.482948 1.115621 11.838571
v 26.430609 -0.986539 10.515387
v 24.834362 0.742297 10.917948
v 25.406275 0.598979 10.641580
v 25.005159 0.277413 10.616380
v 24.824284 0.517558 10.754852
v 26.846493 0.106776 11.493315
v 27.231857 -0.406650 11.475825
v 26.945986 -0.412772 10.799610
v 26.381971 -1.316276 13.186082
v 25.874130 -1.963548 12.784344
v 26.652126 -1.930770 12.728078
v 26.829651 -1.596469 12.833336
v 25.696564 -0.841997 13.513603
v 24.725683 -1.477942 12.056849
v 24.416620 -1.061057 13.383448
v 23.951366 -0.935542 12.279896
v 24.213884 -0.266549 11.186796
v 24.885031 -0.868230 11.046001
v 23.700401 -0.567419 12.413108
v 24.008173 0.123267 11.323730
v 23.737234 -0.283791 12.486259
v 24.017286 0.394786 11.527982
v 24.453058 0.699399 12.093053
v 25.129129 1.075290 11.378456
v 24.929049 0.852758 12.560431
v 24.542868 0.228629 13.323002
v 24.056797 -0.362716 13.402007
v 24.112240 -0.694276 13.529811
v 25.149477 -0.326509 13.757687
v 24.817640 0.048684 13.707090
v 26.710855 -0.666461 13.026248
v 26.139206 -0.074653 13.150578
v 27.124050 -1.065668 12.789829
v 27.337214 -0.748168 12.276451
v 27.042324 -0.355967 12.355844
v 26.614191 0.218087 12.344538
v 27.435520 -0.871763 11.648374
v 26.152830 0.708139 12.240830
v 25.640524 0.475797 13.090677
v 25.299143 0.751308 12.894819
v 26.396906 0.638707 11.485103
v 26.176819 0.441598 10.857279
v 25.853279 0.188191 10.565398
v 26.686636 -0.627636 10.534672
v 25.474432 -0.177407 10.507351
v 25.711863 0.875630 10.971904
v 26.385784 -2.407844 12.470469
v 25.924843 -0.825863 18.238987
v 25.474075 -0.918409 18.318893
v 25.698767 -0.993819 18.681723
v 25.876886 -0.823310 16.609400
v 25.692507 -0.624437 16.876366
v 25.728771 -0.585650 17.117010
v 26.261024 -0.829821 16.957926
v 25.401876 -4.049968 17.318497
v 24.958651 -3.133054 17.043268
v 25.084682 -3.127992 16.734749
v 24.732510 -1.432985 17.974766
v 24.645962 -1.537969 18.347443
v 25.087399 -1.176191 18.494789
v 25.022690 -1.170685 17.782059
v 24.730242 -2.892369 18.581486
v 24.851803 -3.320776 18.237650
v 25.234299 -3.403175 18.523809
v 24.826799 -2.682292 18.804445
v 24.753099 -2.428051 16.959814
v 24.861477 -3.192511 17.440100
v 24.606804 -2.794419 17.895447
v 24.493721 -2.085188 17.330933
v 25.105879 -3.821275 17.785456
v 25.410360 -3.916164 18.118073
v 25.816418 -3.872610 18.196995
v 25.707930 -3.252067 18.632000
v 26.154015 -3.730983 18.119349
v 26.339289 -3.044671 18.541512
v 26.091909 -2.621974 16.154463
v 25.572136 -2.945948 16.312950
v 25.327337 -1.909744 16.372820
v 26.087805 -1.848176 16.134716
v 25.223450 -3.049483 16.516571
v 24.895761 -2.177711 16.620111
v 24.585676 -1.708153 16.898905
v 24.968554 -1.335712 16.651312
v 24.410398 -1.871139 17.714842
v 24.417698 -2.414891 18.329071
v 24.410849 -2.171755 18.599768
v 25.346462 -2.429858 19.026722
v 25.042179 -2.086602 19.102972
v 25.519060 -2.705010 18.924791
v 26.241022 -2.424184 18.867563
v 26.046127 -2.060327 19.011225
v 26.736034 -2.183844 18.491968
v 26.554527 -1.800849 18.638279
v 26.811563 -2.773561 18.213867
v 26.942623 -1.983595 17.993267
v 26.792797 -1.608513 18.118486
v 27.009947 -2.595427 17.739563
v 26.940079 -1.821894 17.303885
v 26.798071 -1.417628 17.396778
v 26.980337 -2.505691 17.177996
v 26.808882 -1.730355 16.704195
v 26.656801 -1.311448 16.779913
v 26.826797 -2.498783 16.679588
v 26.494473 -1.753193 16.249731
v 26.309887 -1.305534 16.342932
v 26.534754 -2.515224 16.275650
v 25.901850 -1.413232 16.247667
v 25.521833 -0.949863 16.524395
v 24.839285 -1.135712 16.955240
v 24.485931 -1.498797 17.304819
v 24.567928 -1.451770 17.601379
v 24.868633 -1.101039 17.255463
v 24.451862 -1.747490 17.992254
v 24.713045 -1.782951 18.951740
v 25.728373 -1.689192 19.131927
v 25.337627 -1.317035 19.062977
v 26.218447 -1.378972 18.770653
v 26.473454 -1.148057 18.243406
v 26.472099 -0.939557 17.525145
v 25.349922 -0.760446 16.801418
v 25.332296 -0.714183 17.090014
v 25.476213 -0.782364 17.649141
v 25.900518 -0.647902 17.626221
v 26.335493 -2.704699 13.586439
v 25.958075 -2.809733 13.815107
v 25.708805 -2.433779 13.595236
v 26.297649 -2.138232 13.546669
v 25.781609 -2.932223 13.860918
v 25.256927 -2.696035 13.821569
v 25.896873 -3.131334 13.973501
v 25.569389 -3.208998 13.913625
v 24.807173 -2.469113 15.962013
v 24.244413 -1.883678 16.026062
v 24.558321 -2.461882 15.384614
v 26.209869 -0.391209 15.207644
v 26.060160 -0.289400 14.649001
v 25.578905 -0.054279 15.140741
v 26.076973 -0.402055 15.660801
v 25.094778 -0.128715 14.193531
v 25.476122 -0.387284 13.872916
v 24.747660 -0.752596 13.778024
v 24.646559 -0.374806 14.438590
v 26.850315 -2.372226 14.985262
v 26.993473 -2.156352 14.642750
v 26.786806 -1.112111 15.052923
v 26.694656 -1.229490 15.491016
v 26.878420 -2.064837 14.082723
v 26.672222 -1.033392 14.353103
v 26.044224 -1.170630 13.582298
v 25.234863 -1.550673 13.490998
v 24.720797 -1.858199 13.826145
v 25.297966 -3.410365 14.216791
v 24.927896 -2.892805 14.350839
v 25.721653 -3.575033 14.852963
v 25.363693 -3.128920 15.409702
v 25.026560 -3.091872 15.038644
v 25.400370 -3.573923 14.644086
v 25.818470 -2.953179 15.508019
v 25.317358 -2.160226 16.252609
v 26.480869 -2.623252 15.298911
v 26.231472 -1.587177 15.982387
v 25.577030 -0.717221 16.263857
v 25.082491 -0.435324 15.668413
v 24.208961 -1.205026 14.230606
v 24.452991 -2.187209 14.548675
v 24.008543 -1.616071 15.091022
v 24.358116 -0.998282 15.706420
v 24.677414 -1.395830 16.476564
v 24.210876 -0.724758 14.770299
v 24.266443 -2.096027 20.595341
v 23.950562 -2.062832 19.975084
v 23.940855 -2.223534 20.416758
v 25.425249 -2.344129 19.053362
v 25.677341 -3.157129 18.786236
v 25.021139 -3.269688 18.652124
v 24.837835 -2.491211 18.952776
v 24.575285 -3.489633 18.829807
v 24.294210 -2.776166 19.128944
v 25.217361 -3.869944 18.557856
v 24.843693 -4.062425 18.685637
v 24.324623 -3.789321 19.257116
v 24.610388 -4.301007 19.055735
v 25.122925 -4.472424 18.698048
v 24.926966 -4.650597 18.980278
v 24.945778 -4.855505 19.443274
v 24.599134 -4.552257 19.666759
v 25.326761 -4.369070 18.599062
v 25.809042 -3.774549 18.708525
v 25.797461 -2.305383 19.391903
v 26.097534 -3.178156 19.210815
v 25.142313 -1.613435 19.734940
v 25.401743 -1.809278 19.589878
v 25.126829 -1.804979 19.228426
v 24.644451 -1.926351 19.223938
v 24.146069 -2.221085 19.357458
v 23.990023 -2.994595 19.565645
v 24.322367 -4.045730 19.960991
v 25.259132 -4.845377 19.774569
v 24.971676 -4.527801 20.041462
v 26.184954 -3.812652 19.103552
v 26.135284 -3.328636 19.826593
v 26.195343 -3.973393 19.615046
v 25.839029 -2.410393 19.950422
v 25.471281 -2.770240 20.535521
v 25.677780 -3.598557 20.329617
v 25.411339 -1.909171 19.914944
v 24.750736 -1.749334 20.336340
v 25.217035 -2.143437 20.566158
v 24.576937 -1.701817 19.645372
v 24.200459 -1.895503 19.725142
v 23.832296 -2.445158 19.741806
v 23.830784 -2.626269 20.411556
v 24.753023 -3.982377 20.384525
v 24.521881 -3.133157 20.718277
v 25.318085 -4.408202 20.107983
v 25.125650 -3.838951 20.454777
v 25.523037 -4.752747 19.838793
v 25.807535 -4.210219 20.007298
v 25.803368 -4.649137 19.813625
v 24.905951 -3.028197 20.759459
v 24.768272 -2.446289 20.879745
v 24.394136 -2.611276 20.916237
v 24.487370 -1.950976 20.529634
v 23.397228 -2.851598 22.417767
v 23.607889 -2.577067 22.315224
v 23.448997 -2.733209 22.071547
v 23.313541 -3.030839 22.295521
v 23.426655 -3.134514 22.500734
v 23.442118 -2.889729 22.554825
v 24.665926 -2.835201 20.915367
v 24.512480 -2.307245 21.195047
v 24.891045 -2.765184 21.289076
v 24.116236 -2.136306 21.857746
v 24.187115 -2.226352 21.106022
v 23.795263 -2.340494 21.562775
v 23.953787 -2.164933 21.763268
v 23.617741 -3.036892 22.632458
v 25.089518 -4.511127 20.436184
v 25.171785 -4.917387 20.376127
v 24.707119 -4.979992 20.224787
v 24.565805 -4.599007 20.226280
v 24.472334 -4.200763 20.275021
v 25.014610 -4.112430 20.510700
v 23.973711 -4.431929 20.607927
v 24.025791 -4.808957 20.533821
v 23.847485 -3.761351 20.813391
v 24.334787 -3.556455 20.482904
v 23.406906 -3.284961 21.752420
v 23.696987 -2.910781 21.183025
v 23.570084 -4.061416 21.421453
v 23.409678 -3.494108 22.074907
v 23.730394 -2.569704 22.468981
v 23.944580 -2.734181 22.529766
v 23.947573 -3.435329 22.490330
v 24.312731 -3.210840 22.384678
v 23.634342 -3.526915 22.347080
v 23.647673 -4.196771 21.774719
v 23.940842 -4.251644 22.067051
v 23.777790 -5.094946 21.013721
v 24.151005 -5.140466 20.494181
v 25.435505 -4.554413 20.796093
v 25.398846 -4.131702 20.921753
v 24.874643 -3.512281 20.668701
v 25.250744 -3.523622 21.087259
v 24.175955 -2.753240 20.821936
v 24.388866 -2.307391 21.966454
v 24.767216 -2.880207 21.954041
v 24.674652 -4.030214 22.085882
v 25.158243 -3.723375 21.695179
v 24.287771 -4.210381 22.194435
v 23.760252 -4.765954 21.549877
v 24.041710 -4.838504 21.779243
v 23.856714 -5.170282 21.323065
v 24.124537 -5.185498 21.508764
v 23.955633 -5.358118 20.875010
v 24.035744 -5.466544 21.070347
v 24.278021 -5.488193 21.269300
v 24.497309 -5.151243 21.648460
v 24.624836 -5.453283 21.418509
v 24.417595 -4.807869 21.899784
v 24.887125 -5.004988 21.617270
v 24.818058 -4.639444 21.827091
v 25.360868 -4.754475 21.306299
v 25.320662 -4.338097 21.473619
v 23.558046 -3.396862 23.155769
v 23.602303 -3.223781 22.678160
v 23.365780 -3.101328 23.120161
v 22.624386 -3.183505 23.563965
v 23.104965 -2.952101 22.839849
v 22.892899 -3.105922 22.857470
v 22.468288 -3.239312 23.354317
v 21.954422 -3.829748 23.820051
v 22.489904 -3.540515 23.117149
v 21.990520 -4.042705 23.642496
v 22.583401 -4.151675 22.701405
v 22.148388 -4.640547 23.281483
v 22.375456 -4.895824 23.853352
v 22.663565 -5.711278 23.406471
v 22.788950 -6.207600 22.906609
v 23.341164 -6.099190 23.148094
v 23.182306 -5.585330 23.557682
v 23.451317 -6.446236 22.795000
v 22.967060 -6.511652 22.573103
v 24.007160 -6.178187 22.651047
v 23.955109 -5.779957 23.004559
v 22.529316 -5.961218 22.386082
v 22.742157 -6.290526 22.073265
v 22.967239 -3.373368 22.615759
v 23.120173 -3.876105 22.250883
v 23.319426 -3.252050 22.457867
v 23.481833 -3.794331 22.168266
v 23.851353 -3.833818 22.454885
v 22.845135 -3.305920 23.783087
v 21.976307 -3.847443 24.108438
v 22.293850 -3.814251 24.148911
v 22.467424 -4.130224 24.124964
v 23.097071 -3.752305 23.790287
v 22.817081 -4.726455 23.943899
v 23.402399 -4.348181 23.664837
v 23.838812 -4.006699 23.038883
v 23.796469 -5.249549 23.349333
v 24.192604 -4.898449 22.774181
v 24.112484 -4.696723 22.118269
v 24.300247 -5.483524 22.510931
v 24.179272 -5.311093 21.879726
v 23.738310 -5.282475 21.468630
v 23.678860 -4.621969 21.734722
v 24.195169 -5.739306 21.743410
v 23.790243 -5.731998 21.406092
v 22.904968 -5.539066 21.894657
v 22.993422 -5.912268 21.707544
v 23.308250 -4.686826 21.794209
v 23.398508 -5.327870 21.513069
v 23.422066 -5.778518 21.421268
v 24.294781 -5.915904 22.242702
v 22.079325 -4.294558 24.070705
v 21.761915 -4.132138 24.396162
v 21.532049 -4.098237 24.515255
v 21.673275 -4.508243 24.561163
v 21.927370 -4.338236 24.305710
v 22.315281 -6.666634 22.942091
v 22.558949 -5.980961 23.245590
v 22.786732 -6.566881 23.309488
v 22.719500 -6.706693 23.099586
v 22.601261 -6.112555 23.680260
v 22.777401 -6.603982 23.585064
v 21.391787 -6.894446 23.779594
v 20.883219 -6.207510 24.314011
v 20.833830 -6.058516 24.032793
v 21.270321 -6.511863 23.404692
v 20.309425 -4.816267 24.758371
v 20.412603 -5.090745 24.602312
v 20.420359 -5.211438 24.821321
v 20.323875 -4.774259 24.915058
v 21.700439 -7.267037 23.964128
v 21.964222 -7.128645 23.980112
v 21.400394 -6.832103 24.150213
v 22.301941 -6.932503 23.901735
v 22.599586 -6.755683 23.797909
v 22.419733 -6.264661 23.967566
v 22.388836 -5.361505 23.958071
v 22.168703 -5.524328 24.263700
v 22.226889 -5.869847 22.884300
v 22.196682 -6.336581 22.702267
v 21.881218 -6.410162 22.834938
v 21.888365 -5.960041 22.903591
v 21.570690 -6.484511 23.108040
v 21.985767 -6.814945 23.160250
v 21.788960 -6.827354 23.368919
v 20.636580 -5.696787 24.597092
v 20.605284 -5.577374 24.347685
v 21.048731 -6.185846 24.481785
v 20.794231 -5.658354 24.728703
v 21.389585 -6.002207 24.553072
v 21.810921 -5.739634 24.473783
v 22.179613 -4.768998 24.156584
v 21.930490 -4.959252 24.448664
v 22.185894 -4.662106 23.880890
v 21.948801 -4.226960 24.091061
v 21.945618 -4.621406 23.660500
v 21.749449 -4.226871 23.917202
v 21.536404 -6.094901 23.131052
v 21.255541 -6.207856 23.380039
v 20.816530 -5.296277 24.099005
v 20.611134 -4.818554 24.435024
v 20.595264 -5.156709 24.904839
v 21.118193 -5.472212 24.764961
v 20.860252 -4.936617 24.896921
v 21.548069 -5.196061 24.664713
v 21.263308 -4.637095 24.771441
v 21.059029 -4.193876 24.752678
v 20.955423 -4.084354 24.602074
v 21.442720 -3.957031 24.363363
v 20.495312 -4.429101 24.822662
v 20.650864 -4.531992 24.938551
v 20.492496 -4.512416 24.651306
v 20.992876 -4.495212 24.227203
v 20.935238 -4.178290 24.451565
v 21.366381 -4.042036 24.217215
v 21.413830 -4.295731 24.016371
v 21.716803 -3.994690 24.242270
v 21.620483 -4.021705 24.082092
v 20.461092 -4.821092 24.985168
v 21.686539 -7.201160 23.698061
v 21.894760 -7.059996 23.561918
v 10.632172 -8.055014 21.459373
v 10.493518 -8.084059 21.392035
v 10.634631 -7.910288 21.178080
v 10.394532 -8.206267 21.675224
v 11.631135 -7.496415 21.241907
v 11.801756 -7.480044 21.408474
v 11.372728 -7.570860 21.138638
v 11.438641 -7.659943 21.548021
v 10.811737 -8.213035 22.143394
v 10.720012 -8.184242 21.940649
v 10.966665 -8.068002 21.931479
v 11.032460 -8.150498 22.181995
v 10.697497 -8.256622 22.309771
v 10.490048 -8.262159 22.039333
v 10.984860 -8.214256 22.424391
v 12.023079 -7.521721 21.912325
v 11.928502 -7.626429 22.043646
v 11.840751 -7.619997 21.901770
v 11.988593 -7.508439 21.786882
v 12.118917 -7.369910 21.753407
v 12.125332 -7.419068 21.925781
v 12.054817 -7.516922 22.146833
v 11.816826 -7.751749 22.409864
v 11.706484 -7.806390 22.232016
v 12.191467 -7.189404 22.046402
v 12.066358 -7.340012 22.317804
v 11.780307 -7.612448 22.585535
v 11.334329 -7.889245 22.765860
v 11.388987 -8.039867 22.582268
v 11.582473 -7.191118 22.799305
v 11.110599 -7.424140 23.000568
v 10.613424 -7.566281 23.035719
v 10.851297 -8.039721 22.790239
v 10.178384 -7.635355 22.837948
v 10.441928 -8.106145 22.622519
v 10.254666 -6.777135 23.195786
v 9.871490 -6.897217 22.998037
v 9.587915 -6.928072 22.625675
v 9.884886 -7.642269 22.450031
v 9.744182 -7.565048 21.961355
v 9.454167 -6.869087 22.167849
v 9.382969 -6.111221 22.740410
v 9.297756 -6.085557 22.342319
v 9.542385 -6.709228 21.717453
v 9.899142 -6.499659 21.327406
v 10.231662 -5.566944 21.158020
v 9.247499 -4.752005 22.143551
v 9.479783 -4.672156 21.836443
v 9.955800 -4.481066 21.492706
v 10.389606 -4.295960 21.333580
v 11.142375 -4.020373 21.783535
v 11.531506 -4.600328 21.764778
v 11.302828 -4.664884 21.410627
v 10.988361 -4.077523 21.520880
v 10.977719 -4.741978 21.168640
v 10.718937 -4.166680 21.352297
v 11.559340 -5.238109 21.308588
v 11.209881 -5.320021 21.023481
v 10.755788 -5.414499 20.967169
v 11.465671 -5.956861 20.948235
v 10.965270 -6.048203 20.851891
v 10.410902 -6.249990 21.008751
v 10.657154 -7.025069 20.902992
v 10.184911 -7.258225 21.146376
v 9.850542 -7.408203 21.486059
v 10.098611 -7.855539 21.345901
v 10.017769 -8.013372 21.782547
v 10.149008 -8.109089 22.249294
v 10.336318 -8.263344 22.128119
v 10.590630 -8.246359 22.446913
v 10.942480 -8.202653 22.589531
v 11.382953 -8.052202 22.425915
v 11.352695 -8.016948 22.251703
v 11.908268 -7.328813 21.316460
v 12.051843 -7.342748 21.549717
v 11.954560 -7.071202 21.238930
v 12.118737 -7.079233 21.514982
v 12.202395 -7.109152 21.785212
v 12.206317 -6.646594 21.892992
v 12.147453 -6.746059 22.211601
v 11.934727 -6.919585 22.518829
v 11.733030 -6.161587 22.659386
v 11.221640 -6.314186 22.962704
v 10.693346 -6.576104 23.185524
v 9.968981 -5.946642 23.222717
v 9.628890 -6.063209 23.060116
v 9.496341 -5.422292 23.071308
v 9.298859 -5.457281 22.786211
v 9.425152 -4.777699 23.064163
v 9.247272 -4.799014 22.797344
v 9.180755 -4.790158 22.475008
v 11.105623 -4.068844 22.375084
v 10.909598 -4.217408 22.640450
v 11.490493 -4.588889 22.355076
v 11.589022 -4.556063 22.078606
v 11.188400 -4.003945 22.070913
v 11.825773 -5.208240 22.386288
v 11.899504 -5.185971 22.105267
v 11.821421 -5.188882 21.724787
v 12.126598 -6.016127 21.994770
v 12.053054 -5.959089 21.602249
v 11.818846 -5.937494 21.225998
v 11.940212 -6.575126 21.192951
v 11.607498 -6.618046 20.929285
v 11.156199 -6.771541 20.795498
v 11.301537 -7.207161 20.853432
v 10.857046 -7.400656 20.879795
v 10.374679 -7.663695 21.060852
v 10.527875 -7.852109 21.074318
v 10.290107 -8.059305 21.312403
v 10.219848 -8.202605 21.706884
v 11.023232 -7.668107 21.080446
v 10.978254 -7.577261 20.959702
v 11.387222 -7.432873 20.968298
v 11.696190 -7.354696 21.111877
v 11.676830 -7.102188 21.003633
v 12.136965 -6.585250 21.535748
v 12.033660 -6.084388 22.347509
v 11.568136 -5.294750 22.607090
v 11.039438 -5.492144 22.922421
v 10.489281 -4.486092 22.981197
v 10.052801 -4.656648 23.178078
v 9.705809 -4.731144 23.205612
v 11.127630 -7.781466 21.535894
v 10.383214 -7.316238 17.231903
v 10.570811 -7.130913 17.213409
v 10.546974 -7.185554 17.516056
v 10.306282 -7.324441 17.056351
v 10.486546 -7.114006 16.902765
v 8.646902 -5.158185 19.519562
v 8.235717 -4.839409 19.623955
v 7.919959 -5.156225 19.717331
v 8.569341 -6.198315 19.607019
v 7.479988 -5.404289 19.523079
v 8.052175 -6.466377 19.517483
v 9.049596 -5.300653 19.344545
v 9.044982 -6.186515 19.410503
v 9.230392 -8.268227 18.842356
v 9.476217 -8.173918 18.768372
v 9.431675 -7.902540 19.166574
v 9.040918 -8.076030 19.072586
v 9.022759 -4.395525 19.003056
v 8.749249 -4.417408 19.070160
v 8.776209 -4.706518 19.335871
v 9.119429 -4.821238 19.194107
v 7.502692 -6.557309 18.651821
v 7.274221 -5.429421 18.954012
v 7.380751 -5.538627 18.392679
v 9.389311 -6.088788 19.181267
v 9.894686 -6.925157 18.878483
v 10.305945 -6.415246 18.451145
v 9.711674 -5.589825 18.935137
v 10.514076 -5.460700 18.037283
v 10.473304 -4.897938 18.073757
v 9.828732 -4.980112 18.828094
v 10.169757 -7.348853 16.827505
v 9.929753 -7.428545 16.656263
v 9.529221 -7.625081 16.636368
v 9.348959 -7.865901 17.198187
v 8.084702 -5.124927 16.743176
v 8.897230 -5.168590 16.559702
v 8.900132 -6.107606 16.480318
v 8.144326 -6.273162 16.740261
v 8.433862 -4.533500 16.698122
v 9.012794 -4.630723 16.606997
v 7.649522 -6.477857 17.288076
v 7.436683 -5.427411 17.222881
v 8.469538 -4.517328 19.431061
v 7.278566 -5.516869 17.866442
v 7.471299 -6.512590 18.046040
v 7.867992 -7.634333 17.907558
v 8.011479 -7.686460 18.571178
v 8.298824 -7.631762 19.039976
v 7.687675 -6.556796 19.153963
v 8.666415 -7.506464 19.305544
v 9.064949 -7.376304 19.349541
v 9.741989 -7.712813 19.022150
v 9.466491 -7.221680 19.195379
v 9.739087 -7.968004 18.665073
v 10.082328 -7.618394 18.399643
v 10.130188 -7.356580 18.652224
v 10.386991 -7.324543 17.921160
v 10.467834 -6.995298 18.151819
v 9.884636 -7.764473 18.114698
v 9.377249 -8.138819 18.271509
v 8.941264 -8.350911 18.398769
v 8.814810 -8.310866 17.863214
v 8.568031 -8.247246 18.469118
v 8.376588 -8.221530 17.861601
v 8.378876 -8.051340 17.189100
v 8.818483 -8.190720 17.302612
v 8.718864 -7.756611 16.640471
v 8.987514 -7.922035 16.781664
v 9.397323 -7.388713 16.328674
v 9.945795 -7.181389 16.384083
v 10.287709 -7.113726 16.609070
v 10.265545 -6.624826 16.444624
v 10.561434 -6.635881 16.791922
v 10.693460 -6.691175 17.198692
v 10.662065 -6.801038 17.632057
v 10.598628 -6.105490 17.821934
v 10.469534 -5.961513 16.756941
v 10.152132 -5.940899 16.424223
v 9.831302 -6.685417 16.245798
v 9.667276 -5.957520 16.336535
v 9.170073 -7.008929 16.305449
v 8.399805 -7.271323 16.620028
v 7.965627 -7.466134 17.188185
v 9.632917 -5.119076 16.476923
v 10.068876 -4.577240 16.669697
v 10.362682 -4.621530 16.904184
v 10.534078 -4.743280 17.409315
v 10.233217 -4.125787 17.118036
v 10.406560 -4.207808 17.570377
v 10.394875 -4.356375 18.083399
v 10.117309 -3.771822 17.739244
v 10.126546 -3.866541 18.132133
v 9.696807 -4.008255 18.638475
v 9.836444 -4.476239 18.732531
v 9.045033 -4.082060 18.906712
v 9.942377 -3.725237 17.358273
v 9.862803 -4.130580 16.856403
v 9.640287 -3.787383 17.094826
v 9.446580 -4.203679 16.792532
v 9.217460 -3.908551 17.113068
v 9.638846 -4.594551 16.580162
v 9.048777 -4.259655 16.775089
v 11.427452 -7.469062 23.470034
v 11.226998 -7.052258 23.531725
v 11.212418 -7.023252 23.076502
v 11.420393 -7.520998 23.133875
v 11.668133 -7.737692 23.355717
v 13.240625 -6.809119 23.872116
v 13.281970 -6.796004 24.311478
v 13.117873 -7.431651 24.074766
v 11.495835 -6.943546 22.761755
v 11.897285 -6.926704 22.688509
v 11.673935 -7.449842 22.881262
v 11.966528 -6.888525 24.429319
v 11.579471 -7.028801 24.051060
v 11.869427 -7.515553 23.955996
v 12.294830 -7.331188 24.368145
v 12.385522 -6.852412 24.611977
v 12.698817 -7.553117 24.336370
v 12.929832 -6.905906 24.595587
v 12.834262 -6.090590 24.676823
v 12.291162 -6.210324 24.749981
v 12.113965 -5.500967 24.849588
v 11.636581 -5.615566 24.713306
v 11.797619 -6.305031 24.578949
v 11.171189 -5.701209 24.339172
v 11.338836 -6.395279 24.191162
v 10.980245 -6.402514 23.648855
v 11.000807 -6.321788 23.144619
v 11.933537 -7.675133 23.099140
v 12.575607 -7.749956 23.592079
v 12.181065 -7.818925 23.834396
v 13.158161 -6.001698 24.244223
v 12.933016 -5.263696 24.246731
v 12.622021 -5.366585 24.751572
v 12.368435 -4.687386 24.759552
v 11.939677 -4.808031 24.867081
v 11.484328 -4.933665 24.745020
v 11.098665 -5.017309 24.449942
v 10.837996 -4.980816 23.913837
v 10.812927 -5.689089 23.791767
v 10.858927 -5.608984 23.270725
v 11.321492 -5.510914 22.789797
v 11.409381 -6.257603 22.709213
v 11.862554 -5.458181 22.551327
v 11.962206 -6.297995 22.544735
v 12.213329 -5.444248 22.607630
v 12.359154 -6.314199 22.664078
v 12.271868 -7.114726 22.882076
v 12.746031 -6.274468 22.991489
v 12.759417 -7.160623 23.324743
v 13.151518 -6.082769 23.625980
v 12.601967 -5.403319 22.917093
v 12.969698 -5.281752 23.549898
v 12.626529 -4.623926 24.310295
v 12.364265 -4.211082 24.310135
v 12.165383 -4.259478 24.653824
v 11.833332 -4.374230 24.753460
v 11.457521 -4.480863 24.667870
v 11.145933 -4.525717 24.400320
v 10.941167 -4.503282 24.041916
v 10.886675 -4.918768 23.445236
v 11.002217 -4.419591 23.474695
v 11.285440 -4.358990 23.217680
v 11.291649 -4.836624 23.017582
v 11.740991 -4.762253 22.784054
v 12.031558 -4.738971 22.812967
v 12.397272 -4.706437 23.084194
v 12.690783 -4.628343 23.634893
v 12.394160 -4.186877 23.734394
v 11.643061 -4.272813 23.046509
v 11.872766 -4.239766 23.068691
v 12.152640 -4.220484 23.275320
v 9.239264 -7.722311 15.590888
v 9.538272 -7.508758 15.720406
v 8.989236 -7.709175 16.156006
v 8.895937 -7.810168 15.773129
v 7.731326 -5.121531 16.639233
v 8.140051 -5.588897 16.932978
v 8.294298 -5.109979 16.995636
v 7.927091 -4.895266 16.768526
v 7.448793 -5.416960 16.729046
v 7.956611 -6.153891 16.881567
v 8.397450 -7.275738 14.212538
v 8.535086 -7.182620 13.996866
v 8.788584 -7.296328 14.327060
v 8.125517 -7.289640 14.215848
v 8.067647 -7.108838 13.903139
v 7.828728 -7.464851 14.222905
v 7.620376 -7.378678 14.003776
v 7.760569 -7.597903 14.482238
v 7.384978 -7.576133 14.319838
v 8.150681 -7.411379 14.528238
v 9.764923 -5.066592 15.279921
v 9.941627 -5.311743 15.732536
v 9.911846 -5.811130 15.486386
v 9.674347 -5.277715 14.975045
v 9.437663 -4.800012 14.986294
v 9.567101 -4.696457 15.364066
v 9.779657 -4.727500 15.911180
v 9.731876 -6.641103 15.122690
v 9.303976 -6.210366 14.305481
v 9.368074 -5.915362 14.404598
v 8.768538 -6.111682 13.927950
v 9.172923 -4.973269 14.565787
v 8.732358 -5.162469 14.253127
v 7.615589 -7.812600 15.125888
v 7.564819 -8.028345 15.761066
v 7.226615 -7.848018 15.055687
v 9.260136 -4.332540 15.527222
v 9.402733 -4.148576 16.083590
v 7.968490 -7.233282 16.704657
v 7.210084 -6.156473 16.644054
v 7.222509 -7.266167 16.491312
v 7.133343 -5.560031 16.618679
v 6.767830 -6.011080 15.566909
v 6.944547 -5.314843 15.699366
v 6.703094 -7.027274 15.303020
v 7.058326 -7.343329 14.277334
v 6.833907 -7.665259 15.117164
v 6.883623 -6.693228 14.454578
v 7.344575 -7.111618 13.902148
v 7.180491 -6.459843 14.092703
v 7.893562 -6.214637 13.879168
v 7.977211 -6.830026 13.752080
v 8.681685 -6.807828 13.800275
v 9.081604 -6.996444 14.163909
v 9.463292 -7.260168 14.976515
v 8.160292 -7.612805 15.167129
v 7.351562 -7.919887 16.197166
v 8.094008 -7.814116 16.322515
v 9.073683 -7.162696 16.485321
v 9.231574 -5.770032 16.776398
v 9.240576 -5.131961 16.873877
v 9.094749 -4.513649 16.981905
v 8.517165 -4.620290 17.099453
v 9.515107 -4.325529 16.675770
v 9.810117 -4.958322 16.539362
v 9.866890 -5.620245 16.374521
v 9.814138 -6.213784 16.218155
v 9.710192 -6.952809 15.998446
v 8.169630 -7.871187 15.843681
v 7.846043 -5.311992 14.215346
v 7.768921 -4.724465 14.524521
v 8.573739 -4.592719 14.534517
v 8.944975 -4.460930 14.795649
v 9.175080 -4.377975 15.176291
v 7.188073 -5.502907 14.422112
v 7.172380 -4.881427 14.777617
v 6.921112 -5.688933 14.759274
v 6.952210 -5.026528 15.045779
v 17.603951 -6.097441 25.727024
v 17.504250 -6.478773 25.542313
v 18.039652 -6.046336 25.767282
v 17.989553 -5.771079 25.800117
v 17.559967 -6.397444 25.304735
v 17.749435 -6.030776 25.443451
v 18.129044 -6.107079 25.252403
v 18.045124 -5.721944 25.536734
v 18.525288 -5.442562 25.580214
v 18.726480 -5.741790 25.303530
v 18.847597 -5.482106 25.722923
v 18.824612 -5.411055 25.587147
v 18.538744 -5.530828 25.784615
v 18.675564 -5.884939 25.706312
v 18.982141 -5.793960 25.601217
v 18.979540 -5.694690 25.382528
v 19.107296 -6.133564 25.438269
v 19.113724 -6.017710 25.203684
v 19.283409 -6.636890 25.158098
v 19.293140 -6.509662 24.909531
v 19.052315 -6.488317 24.761051
v 18.884638 -6.028607 25.088078
v 19.468807 -7.197560 24.477995
v 19.199924 -7.137711 24.299107
v 18.657753 -6.594942 24.762730
v 19.263519 -7.874618 23.812357
v 18.916237 -7.922476 23.794151
v 18.549946 -8.050520 23.818264
v 18.187904 -8.289953 23.911123
v 17.952034 -7.589656 24.462322
v 18.281124 -8.447643 24.244320
v 18.031250 -7.784561 24.780684
v 17.742168 -6.961985 24.933039
v 18.237665 -6.736456 24.810276
v 17.748503 -7.122001 25.219841
v 18.801029 -8.424303 24.613159
v 18.541597 -7.727268 25.077133
v 19.306057 -8.249114 24.571711
v 19.586931 -8.092658 24.337049
v 19.472424 -7.335236 24.775316
v 19.133041 -7.504755 25.010447
v 18.937286 -6.785965 25.344374
v 18.248337 -7.007034 25.434860
v 18.094759 -6.454455 25.659781
v 18.789606 -6.243042 25.571148
v 19.548634 -7.950125 24.029858
v 7.760154 -10.231454 13.940838
v 8.592821 -9.972434 14.767667
v 8.533566 -10.667490 14.917878
v 6.316825 -8.188022 15.333020
v 6.332928 -7.866272 15.018480
v 6.080794 -8.335702 14.810526
v 6.989770 -10.104834 13.743587
v 6.925721 -8.202348 13.618516
v 6.448998 -8.292512 13.789482
v 6.759742 -7.735204 13.919283
v 6.891387 -7.893468 13.732654
v 6.177191 -9.587703 14.925503
v 6.322887 -10.085580 14.224127
v 6.326162 -10.212005 14.947268
v 7.977702 -9.948392 16.242155
v 7.824756 -10.510294 15.989147
v 8.155170 -10.606358 15.799545
v 8.664027 -10.035565 15.642125
v 8.121945 -9.084982 16.431913
v 8.797894 -8.948518 14.701698
v 8.916161 -7.987473 14.776529
v 9.023700 -8.280765 15.939480
v 7.974246 -8.799857 13.854078
v 7.964102 -7.888149 13.885113
v 7.831236 -7.464167 14.009951
v 8.826474 -7.543705 14.882960
v 7.676235 -7.269623 14.241454
v 8.610471 -7.378664 14.998096
v 6.454168 -7.683790 14.479481
v 7.334792 -7.329546 14.935584
v 7.056527 -7.529951 15.528207
v 7.962017 -7.548251 16.076294
v 8.720568 -7.555835 15.948626
v 8.970739 -7.796062 16.044096
v 8.033560 -7.823516 16.494131
v 8.129001 -8.309587 16.583979
v 7.181362 -8.966411 16.298576
v 7.248476 -9.794860 16.258024
v 7.236215 -10.393618 16.092255
v 6.636346 -9.926940 15.744308
v 6.732540 -10.412335 15.697908
v 6.460199 -9.234696 15.691159
v 6.598983 -10.644679 15.108333
v 7.052012 -8.242732 16.177343
v 6.342377 -8.583516 15.530407
v 6.998897 -7.832016 15.933620
v 6.046197 -8.906343 14.864388
v 6.160016 -8.946839 14.181120
v 6.467713 -8.904180 13.784421
v 6.570623 -10.062606 13.874987
v 6.955934 -8.863099 13.582393
v 6.144323 -8.302092 14.221143
v 8.605669 -10.747214 15.422902
v 9.181295 -8.679054 21.019297
v 9.561511 -8.562641 21.361355
v 9.543740 -8.390180 20.964165
v 8.774212 -8.844942 19.449341
v 8.640203 -9.094475 19.883905
v 8.820258 -8.516214 19.924711
v 8.807234 -8.544099 19.680206
v 11.675915 -10.487825 19.597727
v 11.018582 -9.725384 19.070457
v 11.180249 -9.595507 19.331207
v 10.017893 -8.244209 20.997118
v 10.516936 -8.164874 20.693604
v 10.286592 -8.208525 20.373549
v 9.863049 -8.280979 20.299355
v 11.546799 -9.075771 20.770632
v 11.389670 -8.984680 21.035715
v 11.611513 -9.792644 20.785910
v 11.704075 -9.487427 20.420862
v 10.751907 -8.994999 19.284746
v 11.389201 -9.511383 19.677206
v 10.749336 -8.531687 19.613222
v 11.364687 -9.005340 20.094334
v 11.806789 -10.058918 19.993803
v 11.782756 -10.307890 20.380972
v 11.241035 -10.037445 21.034264
v 11.526396 -10.575028 20.569889
v 10.680212 -10.389215 21.141739
v 11.195339 -10.747019 20.603275
v 9.875858 -10.227756 18.847179
v 9.291533 -9.726093 18.923777
v 9.859588 -9.164549 18.941278
v 10.475420 -10.026727 18.819798
v 10.387200 -8.982630 19.029291
v 10.817780 -9.806143 18.908669
v 9.718777 -8.488282 19.183577
v 10.295652 -8.410570 19.271799
v 10.741124 -8.282408 19.984657
v 11.308803 -8.563329 20.505836
v 11.202461 -8.366856 20.793055
v 10.945893 -9.184124 21.417974
v 10.891331 -8.723745 21.452757
v 11.021269 -9.504879 21.332186
v 10.241926 -9.472939 21.635551
v 10.359724 -9.872955 21.504696
v 9.640912 -9.733808 21.446827
v 9.780468 -10.136477 21.307482
v 10.104013 -10.609867 20.988199
v 9.213928 -9.853493 21.037500
v 9.372260 -10.224586 20.910872
v 9.724445 -10.702807 20.609863
v 8.875380 -9.823868 20.372885
v 9.068975 -10.203939 20.271425
v 9.525052 -10.692704 20.076488
v 8.716251 -9.726065 19.758986
v 8.919353 -10.121041 19.674795
v 9.479789 -10.635013 19.560104
v 8.804714 -9.515946 19.249712
v 9.005175 -9.956161 19.153873
v 9.560761 -10.476500 19.094225
v 9.106716 -9.290617 19.036543
v 9.061168 -8.670374 19.257729
v 9.726980 -8.223804 19.464676
v 10.306167 -8.149500 19.659403
v 9.763414 -8.185806 19.763720
v 10.300296 -8.143684 19.970552
v 10.696993 -8.198909 20.276287
v 10.821265 -8.298584 21.258503
v 10.124130 -8.452588 21.589218
v 10.186362 -8.978830 21.712717
v 9.561350 -9.191614 21.536606
v 9.093849 -9.299576 21.129333
v 8.746405 -9.253400 20.468542
v 9.095886 -8.384041 19.500439
v 9.148558 -8.304807 19.777365
v 9.262148 -8.387212 20.341526
v 8.898749 -8.622204 20.449408
v 9.107531 -10.785092 16.447186
v 8.693836 -10.394911 16.469826
v 9.284419 -10.137273 16.322546
v 9.475297 -10.540614 16.552114
v 9.685739 -10.481635 16.533676
v 9.814406 -9.939009 16.385839
v 10.036161 -10.494514 16.492954
v 9.795904 -10.683139 16.647106
v 10.484551 -9.186819 18.340319
v 10.475781 -9.066986 17.723057
v 10.400822 -8.376709 18.324827
v 7.875328 -8.990619 18.252140
v 8.084269 -8.841133 18.648533
v 7.984730 -8.306438 18.062296
v 7.740641 -8.881764 17.691006
v 8.080822 -8.108735 17.018740
v 8.601146 -7.900554 17.102970
v 8.648672 -8.303470 16.451302
v 7.959894 -8.602883 16.781530
v 8.919405 -10.782322 17.962736
v 8.288970 -9.862269 18.547327
v 8.028509 -9.910275 18.167784
v 8.579567 -10.792987 17.700422
v 7.851853 -9.860671 17.478271
v 8.431068 -10.717160 17.145950
v 8.128617 -9.573548 16.557230
v 8.878505 -9.222260 16.207014
v 9.508718 -8.993089 16.352152
v 10.301418 -9.753030 16.779600
v 10.431976 -10.382930 16.685328
v 10.574688 -9.870202 17.438412
v 10.498270 -10.101218 17.878143
v 10.469322 -10.728801 17.385649
v 10.606943 -10.512454 17.100571
v 10.117725 -10.317266 18.115168
v 10.022229 -9.334066 18.792402
v 8.968082 -9.684189 18.849016
v 9.414474 -10.627867 18.132828
v 8.783312 -8.593943 19.052496
v 8.711110 -8.113956 18.386919
v 9.434244 -8.134782 16.683983
v 10.093238 -8.142737 17.401693
v 10.110249 -8.914357 16.930323
v 9.581697 -7.928835 18.160084
v 9.893056 -8.330104 18.931541
v 9.215353 -7.758078 17.260344
v 11.763844 -7.960096 22.671429
v 12.008553 -7.820117 22.398148
v 11.764286 -7.778534 21.998648
v 11.673581 -9.530064 20.868521
v 11.229156 -9.933731 21.185392
v 10.841005 -9.184546 21.475111
v 11.279107 -8.850632 21.204237
v 11.867857 -8.604471 21.192371
v 12.155451 -9.314881 20.892151
v 12.385593 -9.905620 20.754335
v 11.981479 -10.077942 20.755707
v 12.645722 -9.267052 21.196426
v 12.804218 -9.838429 21.016180
v 12.856339 -10.312057 20.984636
v 12.528768 -10.379433 20.789337
v 13.162866 -9.916185 21.565781
v 13.122318 -10.401037 21.406590
v 12.301764 -10.478155 20.761896
v 11.592999 -10.442270 21.069134
v 10.677218 -9.397198 21.902657
v 11.104561 -10.210278 21.700438
v 10.643673 -8.413702 22.142475
v 10.662201 -8.589293 21.630312
v 10.595845 -8.753658 22.048437
v 11.042922 -8.305849 21.482508
v 11.600666 -8.105228 21.440653
v 12.332096 -8.462488 21.501472
v 13.026970 -9.343584 21.836620
v 13.019249 -10.133821 22.026192
v 13.013618 -10.588864 21.807968
v 11.500086 -10.700265 21.542011
v 11.751125 -10.748134 22.013548
v 11.358581 -10.259322 22.280300
v 10.879786 -9.426696 22.434444
v 11.971376 -10.027243 22.605602
v 11.528195 -9.309935 22.850805
v 11.141840 -8.132286 22.596128
v 10.751418 -8.785084 22.349262
v 11.218111 -8.709322 22.890717
v 11.027281 -8.056986 21.895325
v 12.060707 -7.966361 21.696507
v 11.421214 -7.889325 21.847170
v 12.376373 -7.998708 22.313589
v 12.422056 -8.808311 22.727482
v 12.832339 -9.573509 22.363983
v 12.518740 -9.751943 22.548185
v 12.738102 -10.308565 22.196918
v 12.801897 -10.719314 21.951170
v 12.267514 -10.560866 22.255651
v 12.548215 -10.866175 22.014677
v 12.122454 -9.024014 22.882189
v 12.159391 -8.349710 22.947849
v 11.799968 -8.528787 23.033163
v 11.503757 -8.040653 22.685596
v 13.341067 -7.568218 24.087618
v 13.494058 -7.636451 23.926071
v 13.128944 -7.573602 23.785217
v 12.980292 -7.561705 24.079966
v 13.379149 -7.609541 24.225807
v 13.558135 -7.763125 24.139429
v 12.163889 -8.699003 22.991360
v 12.074950 -8.776289 23.417219
v 11.933914 -8.206944 23.283747
v 12.489380 -7.643269 23.440147
v 12.045627 -7.921048 23.122145
v 12.220780 -7.715606 23.833014
v 12.314850 -7.623918 23.695942
v 13.404831 -7.827031 24.328337
v 13.040716 -10.162351 22.436918
v 13.367064 -9.851528 22.085857
v 13.567904 -10.204596 22.074484
v 13.280865 -10.494560 22.350645
v 12.806229 -9.838502 22.537933
v 13.136687 -9.517496 22.157331
v 13.699861 -9.250652 22.313927
v 13.932213 -9.543125 22.209887
v 12.790808 -8.970903 22.399815
v 13.326467 -8.696001 22.560432
v 13.484247 -7.938964 23.400103
v 13.881554 -8.605607 23.030258
v 12.876366 -7.985953 22.979815
v 13.725681 -8.036171 23.682957
v 12.942084 -7.629721 24.260406
v 12.952755 -7.889653 24.354986
v 13.050496 -8.493142 24.254801
v 13.467371 -8.350836 24.230597
v 13.687021 -8.192486 23.998857
v 13.972549 -8.927053 23.722311
v 14.030287 -8.707592 23.371712
v 14.424578 -9.481863 22.566847
v 14.095407 -9.856821 22.163939
v 12.960681 -10.405453 22.867569
v 12.698400 -10.088566 23.030693
v 12.374559 -9.562912 23.225382
v 12.481167 -9.325166 22.726667
v 12.372621 -8.289333 22.781906
v 12.213929 -8.017776 23.988132
v 12.413139 -8.674612 24.005463
v 12.742094 -9.546895 23.756914
v 13.368484 -9.333121 23.963301
v 13.766472 -9.145164 23.941525
v 14.330509 -9.188766 23.115709
v 14.276363 -9.418722 23.400805
v 14.415316 -9.739393 23.121004
v 14.515972 -9.551350 22.874119
v 14.563482 -9.909298 22.643238
v 14.478557 -9.803131 22.448704
v 14.486599 -10.080643 22.895191
v 14.201916 -9.980068 23.358036
v 14.290895 -10.300190 23.134489
v 14.058710 -9.666474 23.619902
v 13.671188 -9.867638 23.678059
v 13.848816 -10.182262 23.450209
v 13.047370 -10.094614 23.511631
v 13.291659 -10.415270 23.310421
v 13.850807 -7.949827 24.767681
v 13.735072 -7.618399 24.719364
v 13.566832 -7.930696 24.344574
v 14.362163 -7.058717 24.935925
v 14.442462 -7.003648 24.687029
v 13.953804 -7.298606 24.341829
v 13.705551 -7.360687 24.400644
v 15.320326 -6.941324 24.921661
v 15.411129 -7.128623 24.735022
v 14.592482 -7.244627 24.428535
v 15.669336 -7.679402 24.357346
v 14.884959 -7.762460 23.979752
v 15.876563 -7.943986 24.932507
v 16.197269 -8.744151 24.480215
v 15.829669 -9.033922 24.778605
v 16.011486 -9.537014 24.365204
v 16.361486 -9.222259 23.973904
v 16.112001 -9.888578 24.013712
v 16.393906 -9.594646 23.664593
v 15.362669 -9.810051 24.431355
v 15.536887 -10.150982 24.057556
v 16.230509 -9.344670 23.154539
v 16.194256 -8.932538 23.438034
v 14.234082 -8.043930 23.726440
v 14.045437 -7.557943 24.097250
v 13.932758 -8.273114 23.753912
v 13.699774 -7.763936 24.055235
v 13.815598 -8.540869 24.121347
v 14.379397 -7.276586 25.188843
v 15.191214 -7.145585 25.328320
v 15.397201 -6.933227 25.200918
v 14.564724 -7.754213 25.207106
v 15.317737 -7.483627 25.312187
v 14.795505 -8.385054 25.094032
v 15.506961 -8.155104 25.157763
v 14.108898 -8.570300 24.654558
v 15.151592 -9.304237 24.784836
v 14.495569 -9.446628 24.384398
v 14.217602 -9.337697 23.761335
v 14.575775 -9.815401 23.474413
v 14.800210 -9.939308 24.088438
v 14.320543 -9.011279 23.288694
v 14.710778 -9.516639 22.967676
v 15.000525 -9.854622 22.865644
v 14.851594 -10.121704 23.294933
v 15.696906 -9.334537 22.919147
v 15.519451 -9.003080 23.121042
v 14.961401 -9.285110 22.914074
v 14.608669 -8.767172 23.238796
v 15.261602 -9.606003 22.776335
v 15.057497 -10.248446 23.776575
v 15.661215 -7.304831 25.136448
v -2.353684 -9.029157 5.105432
v -3.073264 -7.312386 5.215377
v -4.201146 -5.052063 5.175747
v -6.549959 -1.547677 4.341842
v -7.425184 -0.417963 3.756699
v -8.133760 0.487114 3.156663
v -8.668756 1.431610 2.476067
v -8.818464 2.065626 2.106986
v -8.801420 2.545124 1.801235
v 23.177130 17.440817 -3.774125
v 23.881277 17.050787 -3.247957
v 24.728703 15.849054 -2.387940
v 25.161976 14.864635 -1.813020
v 25.502295 14.009760 -1.348114
v 25.835009 13.073444 -0.852557
v 26.228168 12.002447 -0.441094
v 27.529976 8.437643 0.072905
v -8.427103 2.455536 1.569165
v -8.357399 1.976517 1.667722
v -8.157086 1.358431 1.928695
v -7.664152 0.451250 2.498053
v -7.044330 -0.509083 3.006152
v -6.207467 -1.697283 3.557594
v -5.231599 -3.079101 3.965003
v -3.901725 -5.171875 4.275479
v -2.835740 -7.434307 4.318967
v -2.190979 -9.092205 4.210805
v 27.662924 6.870472 -0.745412
v 27.189518 8.026278 -0.748583
v 26.527433 9.791294 -0.885549
v 25.886995 11.533922 -1.166628
v 25.450821 12.658094 -1.424986
v 25.088703 13.608646 -1.808721
v 24.701487 14.478144 -2.210799
v 23.475588 16.603395 -3.476231
v 22.926035 17.042505 -3.756428
v -7.358130 3.145407 1.981160
v 7.674987 -6.755845 12.060628
v 7.642499 -7.021959 12.461338
v 8.279765 -6.554617 12.467714
v 9.224730 -5.923598 11.867674
v 8.821007 -5.873291 11.548334
v 8.823059 -6.156943 11.805099
v 8.077101 -6.119456 11.550025
v 7.319614 -6.673876 11.932351
v 8.210190 -6.296987 11.779783
v 7.197962 -7.100781 12.574933
v 7.624837 -7.273094 13.146963
v 7.861111 -7.111499 12.792377
v 7.063284 -6.224702 12.102481
v 6.883082 -6.642512 12.858974
v 7.926989 -5.721341 11.621459
v 9.184358 -4.530055 12.504816
v 8.833764 -3.477460 13.100410
v 8.355714 -3.497434 12.735459
v 9.013865 -3.672819 13.684319
v 9.399310 -4.837616 13.222309
v 7.282264 -6.959731 13.530015
v 8.041710 -6.839671 13.729945
v 8.214449 -7.045175 13.346439
v 9.066662 -6.611191 13.070889
v 9.311712 -6.248475 12.557817
v 8.834528 -6.411415 12.450170
v 8.766894 -6.637542 12.784103
v 8.672108 -6.788656 13.313340
v 8.722027 -6.537017 13.673083
v 6.798989 -4.570152 13.723374
v 6.998232 -4.758456 14.297673
v 7.129862 -5.787056 13.999403
v 6.914508 -4.231729 13.104847
v 7.556861 -3.793670 12.692866
v 7.568798 -4.653415 14.554997
v 7.816286 -5.738000 14.217064
v 8.210020 -4.381033 14.492371
v 8.522631 -5.500202 14.129513
v 9.281043 -6.236268 13.393588
v 9.529675 -5.840710 12.818104
v 9.378427 -5.422261 11.986074
v 8.837498 -5.379941 11.614335
v 8.801972 -3.991075 14.149965
v 9.142175 -5.156837 13.785456
v 8.175268 -6.929135 12.914383
v 8.468493 -6.739672 12.934640
vn 0.7179 0.6864 0.1164
vn 0.7444 0.6559 0.1252
vn 0.8097 0.5705 0.1374
vn 0.7169 0.6330 -0.2921
vn 0.6510 0.7034 -0.2854
vn -0.3055 -0.8866 -0.3472
vn -0.3240 -0.3607 -0.8746
vn 0.3024 -0.8252 -0.4770
vn 0.4178 0.0551 -0.9069
vn 0.8745 -0.0259 -0.4842
vn 0.3690 -0.7856 -0.4966
vn 0.2894 -0.7523 -0.5919
vn 0.8986 -0.4377 0.0295
vn 0.3090 -0.8824 -0.3547
vn 0.2865 0.5997 -0.7472
vn 0.7750 0.5766 -0.2587
vn -0.0140 -0.1127 -0.9935
vn -0.2150 0.3832 -0.8983
vn -0.7364 -0.5263 0.4251
vn -0.9368 -0.3368 -0.0948
vn -0.9165 -0.3865 -0.1028
vn -0.6897 -0.5935 0.4149
vn -0.8226 0.0794 -0.5630
vn -0.8305 0.1895 -0.5238
vn -0.3781 0.4135 -0.8283
vn -0.3976 0.2975 -0.8680
vn 0.9113 0.1929 0.3638
vn 0.5938 -0.2607 0.7612
vn 0.5601 -0.7809 0.2766
vn 0.3210 -0.8601 -0.3965
vn 0.3111 -0.8212 -0.4784
vn 0.7585 -0.3875 -0.5239
vn 0.7851 -0.5703 -0.2417
vn 0.6552 -0.7546 0.0367
vn 0.2800 -0.8776 -0.3891
vn 0.4061 -0.8754 0.2621
vn 0.2700 -0.4841 0.8323
vn -0.9698 -0.2418 0.0310
vn -0.5977 -0.5149 0.6145
vn -0.6494 -0.3251 0.6875
vn -0.6740 -0.2897 0.6796
vn -0.9954 -0.0863 0.0408
vn 0.8052 0.4041 0.4339
vn 0.4840 -0.0567 0.8732
vn 0.5177 -0.0997 0.8497
vn 0.8191 0.3637 0.4436
vn 0.1294 -0.3017 0.9446
vn 0.1783 -0.3395 0.9236
vn -0.1090 -0.9897 -0.0932
vn 0.1820 -0.9765 0.1153
vn -0.1148 -0.7062 0.6986
vn -0.5512 -0.7719 0.3168
vn -0.8156 -0.5546 -0.1650
vn -0.6387 0.0441 -0.7682
vn -0.2670 -0.4721 0.8401
vn -0.2226 -0.5259 0.8209
vn 0.3143 -0.8560 -0.4105
vn 0.3000 -0.7679 -0.5660
vn 0.1945 -0.9323 -0.3051
vn 0.3874 -0.8272 -0.4070
vn 0.3501 -0.8648 -0.3599
vn 0.3477 -0.8476 -0.4008
vn 0.1476 0.4129 -0.8987
vn 0.1677 0.5435 -0.8225
vn -0.3875 -0.4471 -0.8062
vn -0.3029 -0.6530 -0.6941
vn -0.6408 -0.6059 -0.4715
vn -0.8549 -0.5051 -0.1182
vn -0.8880 -0.3575 -0.2892
vn -0.4786 0.1829 -0.8588
vn 0.1982 -0.1801 -0.9635
vn 0.4896 -0.4503 -0.7466
vn -0.4827 -0.2238 0.8467
vn -0.2066 -0.0897 0.9743
vn -0.6863 0.6285 0.3660
vn -0.9539 0.0022 0.3003
vn -0.8459 -0.5062 0.1680
vn -0.8365 -0.5463 -0.0426
vn -0.8386 -0.4677 0.2792
vn 0.8935 0.2861 -0.3462
vn 0.9137 0.0057 0.4064
vn 0.9942 -0.0018 0.1072
vn 0.8339 -0.0855 -0.5453
vn 0.7631 0.0779 -0.6415
vn 0.5152 -0.2469 0.8207
vn 0.5266 -0.2868 0.8003
vn 0.9888 -0.1477 -0.0205
vn 0.4444 -0.2204 0.8683
vn -0.3168 0.7287 0.6072
vn -0.0120 0.8044 0.5940
vn 0.0008 0.9922 -0.1244
vn -0.2834 0.9394 -0.1928
vn -0.5151 0.8431 -0.1542
vn -0.5457 0.6058 0.5789
vn -0.1313 -0.4144 0.9006
vn -0.1021 -0.4360 0.8941
vn 0.1305 -0.3774 0.9168
vn 0.0998 -0.3332 0.9376
vn -0.0645 -0.3605 0.9305
vn 0.1464 -0.3683 0.9181
vn -0.5478 -0.5270 0.6498
vn -0.5634 -0.4197 0.7116
vn -0.5131 -0.5276 0.6770
vn -0.5050 -0.8537 0.1273
vn -0.5123 -0.8486 0.1322
vn -0.4226 -0.9019 0.0890
vn -0.7520 -0.5075 0.4206
vn -0.7854 -0.4498 0.4252
vn -0.7437 -0.5442 0.3882
vn -0.3655 -0.9297 -0.0465
vn -0.0898 0.3784 -0.9213
vn 0.4490 -0.0696 -0.8908
vn 0.6692 -0.2740 -0.6907
vn 0.5234 -0.0679 -0.8494
vn 0.6166 -0.3028 -0.7267
vn 0.4770 0.4997 -0.7230
vn 0.3253 0.4557 -0.8285
vn 0.3528 0.5562 -0.7525
vn 0.9029 0.3973 -0.1641
vn 0.7537 0.0214 0.6568
vn 0.3121 -0.1527 0.9377
vn 0.0403 -0.2110 0.9767
vn -0.1465 -0.2858 0.9470
vn -0.4979 -0.4191 0.7592
vn -0.8750 -0.4044 0.2661
vn -0.8211 0.3001 -0.4856
vn -0.9585 -0.2594 -0.1187
vn -0.5940 0.2821 -0.7534
vn 0.3725 -0.8209 0.4329
vn 0.2789 -0.8861 0.3702
vn 0.3738 -0.7574 -0.5353
vn 0.3449 -0.8089 -0.4762
vn 0.2988 -0.8367 -0.4590
vn 0.2475 -0.8410 -0.4811
vn 0.5378 -0.7527 0.3798
vn 0.4649 -0.7745 0.4289
vn 0.7964 0.5647 0.2164
vn 0.7757 0.5367 0.3320
vn 0.6875 0.6456 0.3325
vn 0.5812 0.7813 0.2274
vn 0.5462 0.7377 0.3967
vn 0.7338 0.5870 0.3419
vn 0.8103 0.4950 0.3136
vn 0.8062 0.5374 0.2474
vn 0.2244 0.6695 -0.7081
vn 0.0716 0.5662 -0.8211
vn -0.0098 0.7035 -0.7106
vn 0.8488 0.4927 -0.1917
vn 0.5961 0.0513 0.8013
vn 0.1486 -0.0277 0.9885
vn -0.0682 -0.0142 0.9976
vn -0.3968 0.8276 0.3970
vn -0.1018 0.9031 0.4172
vn -0.1688 0.7045 -0.6894
vn 0.2507 0.7811 0.5719
vn 0.6878 -0.7106 0.1482
vn 0.6236 -0.7298 0.2803
vn 0.1817 -0.8292 -0.5287
vn 0.0940 -0.8267 -0.5547
vn 0.0439 -0.8260 -0.5619
vn 0.7264 -0.6864 0.0342
vn -0.3667 0.6440 -0.6714
vn -0.7989 -0.4069 0.4429
vn -0.7318 -0.5322 0.4257
vn -0.7385 -0.4514 0.5009
vn -0.7671 -0.4059 0.4969
vn -0.6612 -0.3137 0.6815
vn -0.7159 -0.2932 0.6336
vn -0.6888 -0.6420 -0.3367
vn 0.7361 -0.1058 -0.6685
vn -0.9471 0.1877 -0.2603
vn -0.2788 0.8483 -0.4501
vn -0.3853 0.9226 0.0214
vn -0.9702 0.2414 0.0184
vn -0.9997 -0.0000 -0.0257
vn -0.9792 -0.0406 -0.1990
vn -0.9716 0.0237 0.2354
vn -0.9170 0.2765 0.2876
vn -0.2778 0.8946 0.3501
vn -0.8708 0.1765 0.4588
vn -0.6928 0.4946 0.5248
vn -0.2398 0.6273 0.7409
vn -0.3668 0.3991 0.8403
vn -0.9265 -0.0966 0.3636
vn -0.4060 0.1131 0.9069
vn 0.4535 0.6588 0.6003
vn 0.5441 0.5188 0.6594
vn 0.6246 0.3451 0.7005
vn 0.8607 -0.1582 -0.4839
vn 0.9696 0.2365 -0.0633
vn 0.9611 0.2586 0.0967
vn 0.9147 -0.3254 -0.2398
vn -0.8652 0.0509 0.4989
vn -0.9417 -0.2137 0.2598
vn -0.9690 -0.1666 0.1824
vn -0.7509 0.1212 0.6492
vn -0.9279 -0.2816 0.2443
vn -0.9831 -0.1669 0.0752
vn -0.9903 -0.0884 0.1070
vn -0.9961 -0.0783 0.0405
vn 0.7151 0.6898 0.1136
vn 0.4997 0.6279 0.5968
vn 0.7420 0.1942 0.6416
vn 0.0413 0.9983 -0.0418
vn -0.0766 0.7105 0.6995
vn -0.1689 -0.0809 0.9823
vn 0.2990 0.1659 -0.9397
vn 0.1990 0.1559 -0.9675
vn 0.1026 0.2561 -0.9612
vn 0.2593 0.2581 -0.9307
vn 0.5410 0.7828 0.3076
vn -0.0199 0.9991 0.0380
vn -0.4304 0.8295 0.3558
vn 0.1319 0.7360 0.6640
vn 0.7525 0.6443 -0.1362
vn 0.0966 0.9117 -0.3993
vn -0.8500 0.4167 -0.3224
vn -0.8783 0.3209 0.3544
vn -0.9148 -0.1697 0.3666
vn -0.9987 -0.0453 -0.0230
vn -0.9817 -0.1716 -0.0831
vn -0.8713 0.4543 -0.1856
vn -0.9732 -0.0083 -0.2297
vn 0.9259 0.2278 0.3014
vn 0.8965 0.1932 0.3988
vn 0.9537 0.2506 0.1660
vn 0.9307 0.3570 0.0791
vn 0.7757 0.6048 -0.1804
vn 0.7883 0.6037 -0.1190
vn 0.1087 0.8715 -0.4782
vn -0.8873 0.1993 -0.4159
vn 0.1880 0.6211 0.7608
vn 0.5267 0.6465 0.5520
vn 0.3864 0.8058 0.4487
vn 0.3045 0.8465 0.4367
vn 0.1850 0.8200 0.5416
vn 0.6602 -0.7174 0.2225
vn 0.6895 -0.4385 0.5764
vn 0.5947 -0.5231 0.6105
vn 0.5889 -0.5119 0.6254
vn 0.7183 -0.6221 0.3115
vn 0.6398 -0.7249 0.2554
vn 0.7548 0.2926 -0.5871
vn 0.6514 0.7056 -0.2791
vn 0.9660 0.1847 -0.1810
vn 0.9826 0.1256 -0.1367
vn 0.9932 0.0702 -0.0934
vn 0.7798 0.2022 -0.5924
vn 0.7806 0.2316 -0.5805
vn 0.9976 -0.0288 -0.0628
vn 0.9771 0.1913 -0.0935
vn 0.9871 0.0816 -0.1378
vn 0.9876 -0.1184 -0.1030
vn -0.5635 -0.7972 -0.2167
vn -0.4892 -0.8710 -0.0442
vn -0.5380 -0.8282 0.1573
vn -0.6441 -0.7615 -0.0719
vn -0.6395 -0.7569 -0.1349
vn -0.4520 -0.8907 -0.0489
vn -0.4054 -0.9040 -0.1359
vn 0.5786 -0.1684 0.7980
vn 0.5071 -0.1337 0.8515
vn 0.2780 -0.2895 0.9159
vn 0.2566 -0.3515 0.9003
vn 0.2444 -0.4256 0.8713
vn 0.6526 -0.2061 0.7292
vn 0.9309 0.2717 0.2443
vn 0.9259 0.3745 0.0503
vn 0.8037 0.5457 0.2372
vn 0.8528 0.4992 0.1531
vn 0.9331 0.3572 0.0411
vn 0.9339 0.2289 -0.2746
vn 0.9406 0.2873 -0.1808
vn 0.6275 0.0761 -0.7749
vn 0.6162 -0.0217 -0.7873
vn 0.9112 0.1487 -0.3841
vn 0.5878 -0.1108 -0.8014
vn 0.2691 -0.2439 0.9317
vn 0.2656 -0.3436 0.9008
vn 0.0934 -0.2758 0.9567
vn 0.2184 -0.1450 0.9650
vn 0.4064 -0.1216 0.9056
vn 0.3379 -0.3097 0.8888
vn -0.9840 -0.1781 -0.0058
vn -0.9712 -0.2376 -0.0195
vn -0.9713 -0.2220 -0.0848
vn -0.9874 -0.1364 0.0800
vn -0.9771 -0.1963 0.0824
vn -0.9088 -0.2352 0.3447
vn -0.9690 -0.2330 0.0825
vn -0.9662 -0.2567 0.0244
vn -0.9523 -0.2937 0.0834
vn -0.9436 -0.2962 0.1481
vn -0.9390 -0.2536 0.2321
vn -0.9821 -0.1694 -0.0829
vn -0.9753 -0.2064 -0.0784
vn -0.9840 -0.1763 -0.0270
vn -0.4211 -0.3629 0.8312
vn -0.6140 -0.3504 0.7072
vn -0.1506 0.5503 0.8213
vn -0.2645 0.4959 0.8271
vn 0.0632 0.6768 0.7335
vn -0.0925 0.6686 0.7379
vn -0.4957 0.3813 0.7803
vn -0.5181 0.2945 0.8030
vn -0.0068 0.3286 -0.9444
vn -0.2892 0.1195 -0.9498
vn -0.2747 0.2198 -0.9361
vn 0.0032 0.3621 -0.9321
vn -0.8370 0.2537 0.4849
vn -0.7758 0.3741 0.5082
vn -0.8417 0.4040 0.3583
vn -0.9136 0.1724 0.3684
vn -0.8722 0.1506 0.4654
vn -0.9775 -0.1465 -0.1520
vn -0.9888 0.0522 0.1400
vn 0.6329 -0.3572 -0.6869
vn 0.6069 -0.5007 -0.6172
vn 0.5684 -0.5310 -0.6284
vn 0.5792 -0.4427 -0.6845
vn 0.5379 -0.3603 0.7621
vn 0.5346 -0.4299 0.7276
vn -0.2504 -0.3183 0.9143
vn -0.1434 -0.2880 0.9468
vn -0.0947 -0.2438 0.9652
vn 0.4827 -0.3008 0.8225
vn -0.3298 -0.4112 0.8498
vn -0.5061 -0.2643 0.8210
vn -0.3243 -0.1980 0.9250
vn -0.2090 -0.3142 0.9261
vn -0.2543 -0.3562 0.8991
vn -0.6382 -0.7231 -0.2642
vn -0.5599 -0.7915 -0.2449
vn -0.5817 -0.8009 -0.1422
vn -0.7022 -0.6990 -0.1351
vn -0.6988 -0.6658 -0.2616
vn 0.7408 0.1232 0.6603
vn 0.7372 0.0366 0.6747
vn 0.7634 0.1776 0.6210
vn 0.7355 0.3213 0.5965
vn 0.7467 0.3637 0.5570
vn 0.6522 0.5543 0.5171
vn 0.6301 0.7765 -0.0057
vn 0.6506 0.7505 -0.1158
vn 0.5426 0.8292 -0.1340
vn 0.5091 0.8605 0.0203
vn 0.6283 0.7772 0.0345
vn 0.6859 0.1269 0.7166
vn 0.7516 0.1807 0.6344
vn -0.3580 0.4870 0.7967
vn -0.4753 0.4009 0.7832
vn -0.4365 0.3386 0.8336
vn -0.2399 0.4655 0.8519
vn -0.2805 0.5328 0.7984
vn 0.1920 -0.8423 0.5037
vn 0.3383 -0.9340 0.1150
vn 0.3599 -0.9060 0.2230
vn 0.3057 -0.7067 0.6381
vn 0.2336 -0.7835 0.5758
vn -0.5494 -0.7086 0.4427
vn -0.5472 -0.7134 0.4377
vn -0.5019 -0.7391 0.4493
vn -0.5308 -0.7164 0.4528
vn -0.4921 -0.7560 0.4316
vn -0.5609 -0.7292 0.3921
vn -0.5690 -0.7558 0.3239
vn -0.6301 -0.6982 0.3399
vn -0.6254 -0.6636 0.4106
vn -0.5943 -0.6923 0.4093
vn -0.6197 -0.6534 0.4348
vn -0.5673 -0.6867 0.4546
vn -0.6367 -0.6441 0.4240
vn -0.6177 -0.6777 0.3991
vn -0.6525 -0.6036 0.4581
vn -0.6191 -0.5673 0.5430
vn 0.7022 0.2421 0.6696
vn 0.5912 0.2709 0.7596
vn 0.6820 0.1979 0.7041
vn 0.7890 0.1685 0.5909
vn 0.8303 0.2027 0.5191
vn 0.8801 0.1596 0.4471
vn 0.8067 -0.0205 0.5906
vn 0.8885 -0.0072 0.4587
vn 0.9443 0.0180 0.3285
vn 0.5998 0.2180 0.7699
vn 0.7226 -0.0318 0.6905
vn 0.5175 0.1908 0.8341
vn 0.4261 0.1089 0.8981
vn 0.4950 -0.1873 0.8485
vn 0.6108 -0.0928 0.7863
vn 0.3702 -0.2831 0.8848
vn -0.2330 -0.0590 -0.9707
vn -0.1268 -0.0028 -0.9919
vn -0.2248 0.2347 -0.9457
vn -0.3517 0.1704 -0.9205
vn -0.3408 0.8599 0.3800
vn -0.5089 0.6986 0.5030
vn -0.8128 0.5091 0.2832
vn -0.7508 0.6414 0.1577
vn -0.2933 0.4240 -0.8569
vn -0.3616 0.6195 -0.6968
vn -0.5006 0.5529 -0.6661
vn -0.4397 0.3482 -0.8279
vn -0.4236 0.8909 -0.1639
vn -0.4903 0.8602 -0.1402
vn 0.6286 -0.7538 -0.1911
vn 0.6875 -0.6053 -0.4011
vn 0.7303 -0.5842 -0.3542
vn 0.8797 -0.4340 -0.1942
vn 0.6831 -0.7243 -0.0935
vn 0.5741 -0.8024 -0.1629
vn 0.6128 -0.7753 -0.1529
vn -0.1495 0.7422 0.6532
vn -0.1688 0.6820 0.7116
vn 0.2685 -0.0608 0.9614
vn 0.3739 0.0020 0.9275
vn -0.1590 0.8113 0.5626
vn 0.4747 0.1044 0.8739
vn -0.1764 0.8516 0.4936
vn 0.5463 0.2330 0.8045
vn -0.2472 0.8654 0.4358
vn 0.5286 0.3755 0.7613
vn 0.6779 -0.0821 0.7306
vn 0.7185 -0.0041 0.6955
vn -0.3126 0.8602 0.4029
vn 0.4706 0.5350 0.7016
vn 0.4046 0.6940 0.5955
vn 0.3162 0.8240 0.4702
vn 0.1725 0.9001 0.4000
vn 0.0258 0.9031 0.4286
vn -0.1923 0.7780 0.5981
vn 0.4534 0.7570 0.4705
vn 0.6690 0.5544 0.4950
vn 0.5643 0.6685 0.4845
vn 0.2266 0.8283 0.5125
vn 0.8164 0.2566 0.5173
vn 0.8621 0.3475 0.3688
vn 0.1739 0.0770 -0.9817
vn 0.1011 0.0337 -0.9943
vn 0.0820 -0.0549 -0.9951
vn 0.3237 0.0813 -0.9427
vn 0.4160 0.0930 -0.9046
vn 0.3947 -0.0933 -0.9141
vn 0.9242 0.1955 0.3282
vn 0.9675 0.0672 0.2436
vn 0.8684 -0.4736 -0.1469
vn 0.8961 -0.4156 -0.1561
vn 0.9723 0.1403 0.1867
vn 0.8325 -0.5376 -0.1338
vn 0.7821 -0.6188 -0.0735
vn 0.0367 -0.8234 -0.5663
vn 0.0719 -0.8290 -0.5547
vn -0.1774 -0.5164 -0.8378
vn -0.2997 -0.5573 -0.7744
vn -0.0811 -0.4861 -0.8701
vn 0.7848 0.1998 0.5866
vn -0.4112 -0.1957 -0.8903
vn -0.3291 -0.1264 -0.9358
vn -0.4674 0.0919 -0.8793
vn -0.5610 0.0052 -0.8278
vn -0.5169 -0.2932 -0.8043
vn -0.6611 -0.1151 -0.7415
vn 0.0095 -0.4496 -0.8932
vn 0.7301 0.5762 -0.3673
vn 0.7418 0.4700 -0.4784
vn 0.7566 0.4270 -0.4952
vn 0.7480 0.5093 -0.4255
vn 0.6392 0.4204 -0.6440
vn 0.6308 0.3256 -0.7043
vn 0.5836 0.2638 -0.7680
vn 0.8008 0.5303 -0.2784
vn 0.3377 -0.6398 -0.6904
vn 0.3648 -0.8734 -0.3227
vn 0.4383 -0.8319 -0.3405
vn 0.5225 -0.6709 -0.5262
vn 0.4534 -0.6400 -0.6203
vn -0.6742 0.1806 -0.7161
vn -0.7108 0.4264 -0.5594
vn -0.8098 0.3547 -0.4673
vn -0.7786 0.0917 -0.6208
vn -0.5689 0.2608 -0.7799
vn -0.6162 0.4881 -0.6181
vn -0.5962 0.7974 -0.0934
vn -0.6591 0.7499 -0.0576
vn -0.5417 0.8336 -0.1083
vn 0.8778 0.4508 -0.1617
vn 0.9174 0.3313 -0.2203
vn 0.2725 -0.3311 -0.9034
vn 0.1262 -0.2646 -0.9561
vn 0.0664 -0.9955 -0.0679
vn 0.9355 0.0340 0.3516
vn 0.7617 0.6297 0.1525
vn 0.8352 0.5313 0.1421
vn 0.8135 0.5703 0.1143
vn 0.8276 0.5556 0.0798
vn 0.8619 0.5070 -0.0117
vn 0.7975 0.6009 -0.0537
vn 0.7274 0.6856 0.0295
vn -0.6569 -0.0677 -0.7509
vn -0.6445 -0.0274 -0.7641
vn -0.6521 -0.1615 -0.7408
vn 0.0340 0.7493 0.6613
vn 0.0523 -0.5785 0.8140
vn 0.1342 -0.5397 0.8311
vn 0.1993 -0.7105 0.6748
vn 0.1992 -0.6979 0.6879
vn 0.0386 -0.6911 0.7217
vn -0.9098 0.3305 0.2510
vn -0.9888 -0.0530 -0.1396
vn -0.7464 -0.3749 0.5498
vn -0.6918 -0.4986 0.5223
vn -0.5085 -0.6362 0.5802
vn -0.5804 -0.5090 0.6356
vn -0.6579 -0.4330 0.6161
vn -0.7288 -0.4048 -0.5522
vn -0.8395 -0.3127 -0.4444
vn -0.9367 -0.3350 -0.1021
vn -0.9184 -0.3699 -0.1406
vn -0.9398 -0.3412 0.0172
vn -0.8170 -0.4710 -0.3327
vn 0.3619 0.8600 0.3598
vn 0.2768 0.9609 -0.0063
vn -0.0459 0.9788 -0.1996
vn -0.1921 0.9782 0.0783
vn -0.3583 0.8766 0.3214
vn -0.0957 0.8944 0.4369
vn 0.3519 -0.5854 -0.7303
vn 0.3472 -0.6345 -0.6906
vn 0.3389 -0.7474 -0.5714
vn 0.2712 -0.7759 -0.5696
vn 0.1892 -0.6604 -0.7267
vn -0.1987 -0.8074 -0.5555
vn -0.1109 -0.8496 -0.5157
vn -0.1539 -0.8575 -0.4909
vn -0.2960 -0.7929 -0.5327
vn -0.9078 -0.3127 0.2794
vn -0.6078 0.2013 0.7681
vn -0.9675 -0.1324 0.2154
vn 0.0107 0.8937 0.4486
vn 0.1123 0.9126 0.3931
vn 0.1648 0.8117 0.5603
vn 0.0214 0.8379 0.5453
vn -0.9805 0.1001 0.1691
vn -0.8979 -0.2366 -0.3712
vn -0.3115 -0.4535 -0.8351
vn -0.1981 -0.5038 -0.8408
vn -0.9027 -0.3561 -0.2415
vn -0.0845 -0.2591 0.9621
vn -0.0514 -0.2406 0.9693
vn -0.0449 -0.3568 0.9331
vn -0.0493 -0.4565 0.8884
vn -0.1266 -0.2339 0.9640
vn -0.0930 -0.2857 0.9538
vn 0.5486 -0.1581 -0.8210
vn 0.8583 0.0763 -0.5074
vn 0.6690 0.6459 0.3677
vn 0.8751 0.4838 -0.0091
vn 0.3208 0.6974 0.6409
vn 0.7471 0.5754 0.3327
vn 0.4087 0.7170 0.5647
vn 0.4665 0.7374 0.4885
vn -0.6988 0.4831 0.5275
vn -0.6127 0.5755 0.5416
vn -0.6520 0.6059 0.4558
vn -0.6888 0.6270 0.3640
vn -0.7728 0.5223 0.3604
vn -0.1200 0.7847 0.6082
vn 0.5133 0.8266 0.2308
vn 0.5022 0.7631 0.4068
vn -0.7447 0.3228 0.5842
vn -0.5877 0.3883 0.7098
vn -0.0501 0.7337 0.6777
vn -0.4157 0.4454 0.7930
vn 0.0047 0.7067 0.7075
vn 0.5168 0.8547 0.0486
vn 0.8984 0.4345 0.0630
vn 0.8899 0.4460 0.0961
vn 0.9209 0.3890 0.0238
vn 0.6306 0.7536 -0.1854
vn -0.0587 0.7411 -0.6688
vn 0.0797 0.4505 -0.8892
vn 0.0656 0.3475 -0.9354
vn 0.3328 0.5430 -0.7709
vn 0.3224 0.6133 -0.7210
vn 0.7918 0.0303 0.6100
vn 0.7927 -0.0626 0.6064
vn 0.8132 -0.0731 0.5774
vn 0.8481 -0.2350 0.4749
vn 0.9395 0.0431 0.3397
vn 0.9021 0.1863 0.3893
vn 0.8497 0.2347 0.4721
vn 0.4192 -0.0319 0.9073
vn 0.1776 -0.0417 0.9832
vn 0.8048 0.2350 0.5450
vn -0.7080 -0.3009 0.6389
vn 0.6385 -0.0354 0.7688
vn -0.2189 -0.2913 0.9312
vn 0.7552 0.0765 0.6510
vn -0.0708 -0.0317 0.9970
vn -0.1504 0.9851 -0.0838
vn -0.1434 0.9890 0.0361
vn 0.0351 0.9992 0.0194
vn 0.0353 0.9990 -0.0289
vn 0.0332 0.9953 -0.0906
vn 0.6886 -0.4559 0.5639
vn 0.6061 -0.2370 0.7593
vn 0.3474 -0.4945 0.7968
vn 0.4249 -0.6100 0.6688
vn 0.3660 -0.7520 0.5482
vn 0.6588 -0.6154 0.4327
vn 0.4899 0.7774 0.3945
vn 0.3211 0.8013 0.5048
vn 0.0311 0.2943 -0.9552
vn 0.4037 0.3418 -0.8486
vn 0.4607 0.1298 -0.8780
vn -0.0429 0.1240 -0.9914
vn -0.0270 0.1499 -0.9883
vn -0.2959 -0.8611 -0.4136
vn -0.3344 -0.8287 -0.4488
vn -0.1130 -0.8440 -0.5243
vn -0.0755 -0.7883 -0.6106
vn -0.3125 -0.5150 -0.7982
vn -0.5890 -0.7685 -0.2501
vn -0.9260 -0.1681 0.3379
vn -0.3591 0.0168 0.9331
vn 0.6818 0.2702 0.6798
vn 0.7432 0.2460 0.6223
vn -0.2328 -0.0150 0.9724
vn 0.9055 0.3475 0.2433
vn 0.8901 0.4088 0.2016
vn 0.9357 0.3044 0.1784
vn 0.9315 0.3409 0.1270
vn 0.9380 0.3266 0.1165
vn 0.9255 0.3499 0.1452
vn 0.9354 0.3366 0.1082
vn 0.9238 0.3484 -0.1589
vn -0.2609 0.0175 0.9652
vn -0.5050 -0.0838 0.8590
vn -0.5500 -0.2229 0.8049
vn -0.3631 -0.1929 0.9116
vn -0.1706 -0.0093 0.9853
vn 0.6527 -0.1294 0.7465
vn 0.6509 -0.2452 0.7185
vn 0.0775 -0.0341 -0.9964
vn 0.5407 -0.0567 -0.8393
vn 0.5846 -0.1619 -0.7950
vn 0.0827 -0.1281 -0.9883
vn 0.8193 -0.3468 0.4566
vn 0.7625 -0.2887 0.5789
vn 0.6957 -0.5937 0.4044
vn 0.5883 -0.6196 0.5197
vn 0.6411 -0.5808 0.5017
vn -0.0644 0.7314 0.6789
vn -0.0995 0.7967 0.5961
vn -0.2384 0.7336 0.6363
vn -0.1971 0.6728 0.7131
vn 0.0474 -0.9911 -0.1241
vn 0.0145 -0.9712 -0.2377
vn 0.3566 -0.9203 -0.1608
vn 0.3251 -0.9213 -0.2133
vn 0.5829 -0.7943 -0.1713
vn 0.6122 -0.7740 -0.1618
vn 0.4439 -0.8795 -0.1715
vn -0.0504 -0.9978 0.0434
vn 0.7549 0.1525 -0.6379
vn 0.9273 0.3703 -0.0551
vn 0.2567 -0.0901 0.9623
vn -0.0018 0.0334 0.9994
vn 0.0871 -0.0623 0.9943
vn 0.6773 0.2812 -0.6798
vn 0.1192 -0.2024 -0.9720
vn -0.0981 -0.0917 -0.9909
vn 0.4144 -0.5877 -0.6949
vn 0.6146 0.3282 -0.7173
vn -0.1931 -0.0470 -0.9800
vn -0.6085 -0.5054 -0.6118
vn -0.7173 -0.3675 -0.5920
vn -0.2591 -0.7735 -0.5784
vn -0.7593 -0.3338 -0.5586
vn 0.7188 -0.6935 -0.0480
vn 0.8749 -0.4608 0.1493
vn 0.8208 -0.5644 0.0876
vn 0.8959 -0.4312 0.1066
vn 0.8803 -0.4582 -0.1226
vn 0.7174 -0.6800 -0.1513
vn -0.1059 -0.9934 -0.0432
vn 0.0396 -0.9947 -0.0949
vn 0.2025 -0.9741 -0.1005
vn 0.1739 -0.9813 -0.0828
vn 0.1567 -0.9786 -0.1334
vn -0.0069 -0.9902 -0.1396
vn -0.8657 -0.4722 0.1662
vn -0.8958 -0.3354 0.2915
vn -0.9824 -0.0232 0.1854
vn -0.8317 -0.1554 -0.5330
vn -0.8039 -0.2151 -0.5545
vn -0.6412 -0.6859 -0.3441
vn -0.3039 -0.8594 -0.4111
vn -0.3283 -0.8189 -0.4708
vn -0.6372 -0.6617 -0.3950
vn 0.9152 0.3791 -0.1369
vn 0.9395 0.2924 -0.1782
vn 0.9725 0.1770 -0.1511
vn 0.9489 0.2935 -0.1163
vn -0.1372 -0.0975 -0.9857
vn 0.0138 -0.0447 -0.9989
vn 0.0248 -0.1198 -0.9925
vn 0.5467 0.2350 -0.8037
vn -0.3112 0.6115 -0.7275
vn -0.2055 0.6372 -0.7428
vn -0.1672 0.5540 -0.8156
vn -0.2781 0.5328 -0.7993
vn -0.3654 0.5015 -0.7842
vn -0.3914 0.5821 -0.7127
vn -0.9392 0.2183 -0.2652
vn -0.7453 0.6643 0.0567
vn -0.9820 0.1499 -0.1148
vn -0.8759 0.2901 -0.3856
vn -0.7106 0.7033 -0.0204
vn -0.8467 0.0201 -0.5317
vn -0.9089 -0.0736 -0.4105
vn -0.9418 -0.1877 -0.2788
vn -0.7984 -0.1012 -0.5936
vn -0.8507 -0.1975 -0.4871
vn -0.8650 -0.3179 -0.3882
vn -0.9366 -0.2766 -0.2152
vn -0.8377 -0.4247 -0.3434
vn -0.2775 -0.1254 -0.9525
vn -0.3887 -0.1592 -0.9075
vn -0.4205 -0.4714 -0.7752
vn -0.4907 -0.4769 -0.7292
vn -0.5073 -0.3086 -0.8046
vn -0.1737 -0.1990 -0.9645
vn -0.8641 -0.5023 0.0327
vn -0.7872 -0.6129 -0.0687
vn -0.6068 -0.6097 -0.5100
vn -0.6599 -0.5672 -0.4928
vn -0.7428 -0.4487 -0.4969
vn -0.5245 -0.4772 -0.7051
vn -0.5952 -0.4990 -0.6299
vn -0.6547 -0.5022 -0.5649
vn -0.6553 -0.3581 -0.6650
vn -0.6030 -0.3563 -0.7137
vn -0.5487 -0.3124 -0.7755
vn 0.7250 0.5623 -0.3977
vn 0.7363 0.5949 -0.3223
vn 0.5116 0.8452 -0.1547
vn 0.5467 0.7990 -0.2504
vn 0.5460 0.7519 -0.3696
vn 0.6774 0.5542 -0.4837
vn -0.7287 0.1231 -0.6736
vn -0.3034 0.4485 -0.8407
vn 0.3437 -0.8437 -0.4123
vn 0.3127 -0.8214 -0.4770
vn 0.4201 0.0276 0.9071
vn 0.4285 -0.0702 0.9008
vn 0.4698 0.0041 0.8827
vn 0.5437 -0.0804 0.8354
vn 0.5765 -0.0849 0.8127
vn 0.4395 0.2133 0.8726
vn -0.2697 -0.9622 0.0370
vn -0.6416 -0.6169 0.4558
vn -0.6989 -0.5697 0.4325
vn 0.1292 0.0050 0.9916
vn 0.1400 0.0727 0.9875
vn -0.2020 -0.0738 0.9766
vn -0.1547 -0.1449 0.9773
vn 0.9728 0.1597 0.1678
vn 0.9591 0.2514 -0.1300
vn 0.7445 0.6217 -0.2433
vn 0.8280 0.5587 -0.0483
vn 0.9963 0.0220 0.0825
vn 0.6412 -0.4703 -0.6063
vn 0.6409 -0.6110 -0.4647
vn 0.5195 -0.6663 -0.5350
vn 0.4844 -0.5254 -0.6995
vn -0.2525 -0.5467 0.7984
vn -0.3724 -0.6199 0.6907
vn -0.4058 -0.6488 0.6437
vn 0.2378 -0.3517 0.9054
vn 0.2071 -0.3123 0.9271
vn 0.2189 -0.2040 0.9542
vn -0.1138 -0.4128 0.9037
vn -0.3774 -0.5916 -0.7124
vn -0.6473 -0.4478 -0.6168
vn -0.5907 -0.3712 -0.7164
vn -0.7250 -0.2092 -0.6562
vn -0.7730 -0.3039 -0.5568
vn -0.4264 -0.6336 -0.6455
vn 0.1342 -0.8414 -0.5236
vn -0.5306 -0.3801 0.7576
vn -0.5623 -0.4332 0.7044
vn -0.5768 -0.4917 0.6524
vn -0.7193 -0.5367 0.4411
vn -0.7368 -0.5040 0.4507
vn -0.7457 -0.4843 0.4575
vn -0.5037 -0.3515 0.7892
vn -0.7326 -0.0193 -0.6804
vn 0.2495 -0.8821 -0.3996
vn 0.3519 -0.8272 -0.4381
vn -0.8891 -0.4483 0.0924
vn -0.8729 -0.4877 0.0156
vn -0.7981 -0.5742 0.1827
vn -0.8115 -0.5358 0.2333
vn -0.8215 -0.4873 0.2960
vn -0.8991 -0.3944 0.1899
vn 0.8408 0.4446 -0.3089
vn 0.8307 0.5265 -0.1810
vn 0.8894 0.4444 -0.1070
vn 0.8979 0.3898 -0.2044
vn 0.4664 0.6952 0.5470
vn 0.2976 0.9543 0.0272
vn 0.2993 0.9391 0.1689
vn 0.5195 0.8445 0.1303
vn 0.2955 0.0002 0.9553
vn -0.3285 -0.0300 -0.9440
vn -0.3572 -0.0281 -0.9336
vn -0.2081 0.0770 -0.9751
vn -0.1630 0.1205 -0.9792
vn -0.0952 0.0542 -0.9940
vn -0.3030 -0.1696 -0.9378
vn -0.1092 0.5855 -0.8033
vn 0.0281 0.5855 -0.8102
vn 0.1276 0.5954 -0.7932
vn -0.2087 0.5459 -0.8114
vn -0.1707 0.5494 -0.8179
vn -0.3800 0.4907 -0.7841
vn -0.3462 0.4916 -0.7991
vn -0.2985 0.5092 -0.8072
vn -0.5835 0.6131 -0.5325
vn -0.4580 0.7668 -0.4497
vn -0.2852 0.8383 -0.4647
vn 0.6755 -0.0542 0.7354
vn 0.6708 -0.0283 0.7411
vn 0.4381 -0.1680 0.8831
vn 0.4301 -0.2381 0.8708
vn 0.6346 -0.0474 0.7714
vn 0.3612 0.3867 -0.8485
vn -0.0336 0.0392 -0.9987
vn 0.7316 0.1841 -0.6564
vn 0.5094 -0.1913 -0.8390
vn 0.4675 -0.2389 -0.8511
vn 0.4439 -0.4707 -0.7625
vn 0.5731 0.0033 -0.8195
vn 0.5454 0.0989 -0.8323
vn 0.3067 -0.0497 -0.9505
vn 0.2391 -0.0082 0.9710
vn 0.2534 0.0847 0.9637
vn -0.1646 -0.0028 0.9864
vn -0.1619 -0.0642 0.9847
vn -0.1372 -0.1725 0.9754
vn -0.8299 -0.3415 0.4412
vn -0.8279 -0.3806 0.4120
vn -0.8225 -0.4299 0.3723
vn -0.7391 -0.5395 0.4034
vn -0.7667 -0.4374 0.4699
vn 0.3916 -0.8252 -0.4072
vn -0.3006 -0.8881 -0.3478
vn 0.4552 0.0118 0.8903
vn 0.3215 -0.0326 0.9464
vn 0.3914 0.2281 0.8915
vn -0.7282 -0.6318 -0.2656
vn -0.8374 -0.4711 -0.2772
vn -0.7882 -0.3958 -0.4712
vn -0.7712 -0.4783 -0.4201
vn -0.3408 0.8610 0.3775
vn -0.3522 0.8430 0.4065
vn -0.3870 0.8010 0.4567
vn -0.1061 0.9869 -0.1215
vn -0.0351 0.9974 -0.0623
vn 0.0123 0.9995 0.0301
vn 0.4182 -0.8841 0.2086
vn 0.3375 -0.9103 0.2397
vn 0.1625 -0.9561 0.2439
vn 0.2231 -0.9640 0.1445
vn 0.3061 -0.9151 0.2623
vn 0.3823 0.7874 -0.4836
vn 0.5551 0.7030 -0.4446
vn 0.5993 0.7541 -0.2686
vn 0.4183 0.8889 -0.1868
vn -0.4556 0.8896 0.0332
vn -0.5896 0.7025 -0.3985
vn 0.6350 0.7725 0.0063
vn 0.4194 0.8998 0.1200
vn -0.3965 0.8112 0.4299
vn 0.4938 0.8321 0.2526
vn 0.7289 0.6788 0.0892
vn 0.4042 0.4894 0.7727
vn 0.1213 0.6466 0.7532
vn -0.4464 -0.1596 0.8805
vn -0.5401 0.0388 0.8407
vn -0.1515 0.6627 0.7334
vn -0.6071 0.1591 0.7785
vn -0.7462 -0.5842 0.3191
vn -0.4836 -0.8410 -0.2427
vn 0.7699 0.6264 -0.1216
vn 0.8244 0.5627 -0.0603
vn 0.5896 0.7438 0.3148
vn 0.6922 0.7008 -0.1724
vn 0.7389 0.6386 -0.2149
vn 0.6705 0.7033 -0.2362
vn -0.9241 -0.0818 0.3733
vn -0.4310 -0.3461 0.8333
vn -0.6325 0.0808 0.7703
vn -0.3258 0.5891 0.7395
vn -0.7816 0.6133 0.1139
vn 0.4241 0.1972 0.8839
vn -0.6410 0.7669 0.0325
vn -0.8278 0.3110 0.4669
vn -0.4220 0.5483 0.7220
vn -0.1728 0.9773 0.1228
vn -0.6955 0.6008 -0.3942
vn -0.9910 -0.0923 -0.0974
vn -0.0693 0.9071 -0.4151
vn 0.3828 0.9124 0.1450
vn 0.7769 0.6238 0.0856
vn 0.6302 0.7188 -0.2935
vn 0.6990 0.6167 -0.3621
vn -0.8974 -0.1544 0.4133
vn -0.8341 -0.4779 0.2754
vn -0.3772 -0.4933 0.7838
vn -0.3939 -0.4086 0.8233
vn -0.3984 -0.0978 0.9120
vn 0.1344 0.9261 -0.3526
vn 0.5320 0.6978 -0.4796
vn -0.6587 -0.5147 0.5488
vn -0.8104 -0.4571 0.3664
vn -0.9607 -0.2182 0.1714
vn -0.9706 -0.2143 0.1095
vn 0.2185 0.4557 -0.8629
vn 0.7179 0.4954 -0.4891
vn 0.1304 -0.0906 -0.9873
vn 0.2725 0.7453 -0.6085
vn -0.8442 0.4263 -0.3248
vn -0.6894 -0.6365 -0.3459
vn -0.6797 -0.5971 -0.4261
vn -0.6268 -0.6525 -0.4260
vn -0.5519 -0.7193 -0.4220
vn -0.5707 -0.7272 -0.3813
vn -0.6369 -0.6923 -0.3392
vn -0.2476 -0.0493 0.9676
vn -0.2156 -0.1214 0.9689
vn -0.1028 -0.2151 0.9712
vn -0.0235 -0.0997 0.9947
vn -0.0016 -0.0633 0.9980
vn -0.1841 -0.0857 0.9792
vn 0.4568 0.0212 0.8893
vn 0.1029 -0.1021 0.9894
vn 0.1634 -0.1765 0.9706
vn 0.3198 -0.3887 0.8641
vn 0.6587 -0.2440 0.7117
vn 0.4946 -0.0052 0.8691
vn -0.8059 -0.3256 -0.4944
vn -0.8960 -0.4238 0.1328
vn -0.8605 0.4909 0.1366
vn -0.8287 0.5143 0.2206
vn -0.7466 0.6300 0.2139
vn -0.7674 0.6228 0.1527
vn -0.7801 0.6165 0.1065
vn -0.6999 -0.4897 0.5199
vn 0.4405 0.1183 0.8899
vn 0.6902 0.2994 0.6588
vn 0.7053 0.3942 0.5891
vn 0.6788 0.5180 0.5205
vn 0.4476 0.2743 0.8511
vn -0.3076 -0.0857 0.9476
vn -0.4061 0.0201 0.9136
vn -0.5115 -0.0382 0.8585
vn -0.4194 -0.1116 0.9009
vn 0.9135 0.0637 -0.4018
vn 0.9165 -0.0471 -0.3973
vn 0.8632 -0.0587 -0.5015
vn 0.8518 0.0665 -0.5196
vn 0.8531 0.5088 -0.1156
vn 0.8283 0.5399 -0.1496
vn 0.8189 0.5708 -0.0597
vn 0.5990 0.0922 0.7954
vn 0.7060 0.1405 0.6941
vn 0.7358 0.2103 0.6437
vn 0.8015 0.3342 0.4958
vn 0.1556 0.6684 0.7273
vn -0.1229 0.5749 0.8090
vn 0.0006 0.6187 0.7856
vn 0.3081 0.6531 0.6918
vn -0.3102 0.4920 0.8134
vn -0.3483 0.4820 0.8040
vn -0.1397 0.6641 0.7345
vn -0.6278 0.0221 -0.7781
vn -0.8300 0.0152 -0.5576
vn -0.7960 -0.0960 -0.5977
vn -0.7912 -0.2012 -0.5775
vn -0.5685 -0.1254 -0.8131
vn 0.7946 0.5791 0.1823
vn 0.8073 0.5778 0.1204
vn 0.2963 0.9156 0.2717
vn 0.2980 0.8917 0.3407
vn 0.2823 0.9092 0.3061
vn 0.2426 0.9490 0.2014
vn 0.8045 0.5416 0.2438
vn 0.7195 0.6641 -0.2033
vn 0.5926 0.7956 -0.1257
vn 0.6583 0.6220 -0.4239
vn 0.9360 0.1494 0.3188
vn 0.9782 0.0854 0.1892
vn 0.6757 0.5531 -0.4873
vn 0.5890 0.6188 -0.5198
vn 0.9082 0.2248 0.3530
vn 0.6835 0.4460 -0.5779
vn 0.7154 0.4985 -0.4897
vn 0.7330 0.3123 -0.6044
vn 0.7395 0.2551 -0.6230
vn 0.0769 0.4896 0.8686
vn 0.0215 0.5881 0.8085
vn -0.1117 0.5346 0.8377
vn -0.0531 0.4321 0.9003
vn -0.4245 -0.0025 -0.9054
vn -0.2145 -0.0528 -0.9753
vn -0.3722 -0.0164 -0.9280
vn -0.3652 -0.3996 0.8408
vn -0.5274 -0.2747 0.8040
vn -0.4293 -0.3832 0.8178
vn -0.2947 -0.4452 0.8455
vn -0.6728 -0.0697 0.7366
vn -0.5750 -0.2576 0.7765
vn 0.9842 0.1336 -0.1160
vn 0.2420 0.1478 0.9589
vn 0.2590 0.0183 0.9657
vn 0.9211 -0.0908 -0.3785
vn -0.4208 -0.3689 0.8287
vn -0.3194 -0.3414 0.8840
vn 0.8996 0.3922 -0.1923
vn 0.8337 0.5091 -0.2141
vn 0.6933 0.1116 0.7119
vn 0.9357 0.3219 -0.1448
vn 0.8797 0.2147 0.4242
vn -0.4300 -0.2906 0.8548
vn -0.4464 -0.4100 0.7954
vn -0.3746 -0.2962 0.8786
vn -0.3563 -0.1754 0.9178
vn -0.5151 -0.4276 0.7429
vn -0.5319 -0.5021 0.6819
vn 0.4078 0.3644 -0.8372
vn 0.1954 0.5150 -0.8346
vn -0.2741 0.1241 -0.9537
vn -0.0937 0.1693 -0.9811
vn 0.0931 0.1082 -0.9898
vn 0.1745 0.1953 -0.9651
vn -0.4091 -0.6154 0.6738
vn -0.3159 -0.5458 0.7761
vn -0.4957 -0.6571 0.5678
vn -0.2049 -0.4696 0.8587
vn -0.3067 -0.2067 0.9291
vn -0.0412 -0.4158 0.9085
vn -0.1969 -0.1596 0.9673
vn 0.0872 -0.9863 0.1402
vn 0.1732 -0.9509 0.2564
vn 0.1338 -0.3726 0.9183
vn -0.1445 0.1509 0.9779
vn -0.0601 0.1796 0.9819
vn -0.1364 0.2888 0.9476
vn -0.3349 0.1705 0.9267
vn -0.2808 0.0885 0.9557
vn -0.0004 0.0380 -0.9993
vn -0.0759 0.2877 -0.9547
vn -0.8848 -0.4142 -0.2136
vn -0.8532 -0.4226 -0.3058
vn -0.8288 -0.3031 -0.4703
vn -0.8269 -0.4831 -0.2877
vn -0.8369 -0.5473 -0.0115
vn -0.2112 0.6854 -0.6969
vn -0.1210 0.4838 -0.8668
vn -0.3532 0.9242 -0.1457
vn -0.2627 0.6622 0.7017
vn -0.3473 0.6961 0.6283
vn -0.0847 -0.1825 0.9796
vn 0.0712 -0.1523 0.9858
vn -0.3984 0.7456 0.5342
vn -0.2662 -0.1614 0.9503
vn -0.4004 -0.0641 0.9141
vn -0.2468 -0.4601 0.8529
vn -0.1299 -0.4707 0.8727
vn -0.5020 0.0751 0.8616
vn -0.6097 0.2159 0.7626
vn -0.1351 0.8826 0.4502
vn -0.3513 0.7125 0.6074
vn -0.5800 0.6180 0.5308
vn -0.6743 0.5020 0.5415
vn -0.6862 0.3523 0.6364
vn -0.7168 0.2068 0.6659
vn -0.6217 0.4293 0.6551
vn -0.7125 0.0685 0.6983
vn -0.6875 -0.0830 0.7215
vn 0.1720 0.9836 0.0545
vn 0.1693 0.9642 0.2040
vn -0.6820 -0.3774 0.6265
vn -0.5471 -0.3832 0.7442
vn 0.7453 0.3087 -0.5910
vn 0.7513 0.3664 -0.5490
vn 0.7836 0.2918 -0.5485
vn -0.6166 -0.5270 0.5849
vn -0.5689 -0.6535 0.4993
vn -0.2066 -0.9779 0.0313
vn -0.1333 -0.9907 0.0262
vn -0.0255 -0.9979 0.0602
vn 0.4480 -0.6299 -0.6344
vn 0.4476 -0.6362 -0.6284
vn 0.4329 -0.6591 -0.6149
vn 0.4118 -0.6861 -0.5997
vn 0.3763 -0.2422 -0.8943
vn 0.2514 -0.3196 -0.9136
vn 0.1492 -0.3824 -0.9119
vn 0.2947 0.0956 -0.9508
vn 0.1298 0.0680 -0.9892
vn 0.2619 0.3296 -0.9071
vn 0.0792 0.3183 -0.9447
vn 0.7993 -0.4399 -0.4093
vn 0.8783 -0.4144 -0.2384
vn 0.5506 -0.7846 -0.2851
vn 0.5158 -0.7652 -0.3852
vn 0.7010 -0.4405 -0.5608
vn 0.0737 0.7746 -0.6281
vn -0.0754 0.7320 -0.6771
vn 0.0427 0.5265 -0.8491
vn 0.2113 0.5634 -0.7987
vn -0.1965 0.9701 -0.1425
vn -0.2862 0.9470 -0.1456
vn -0.0805 -0.9115 0.4034
vn 0.0436 -0.9579 0.2838
vn 0.1103 -0.9188 0.3791
vn 0.0467 -0.9171 0.3960
vn 0.0743 -0.9530 0.2939
vn -0.0520 -0.9786 0.1989
vn -0.4649 -0.6492 -0.6021
vn -0.7482 -0.6294 -0.2098
vn -0.7640 -0.4476 -0.4647
vn -0.5777 -0.4159 -0.7024
vn -0.4285 -0.2724 -0.8615
vn -0.3583 -0.6594 -0.6609
vn 0.1591 0.8922 0.4226
vn 0.6201 -0.3070 0.7220
vn 0.6898 -0.3788 0.6170
vn 0.5466 -0.3450 0.7630
vn -0.4194 0.5506 0.7218
vn 0.1817 0.9759 0.1212
vn 0.3751 0.9261 0.0414
vn 0.7380 0.0661 -0.6715
vn 0.6995 0.0915 -0.7087
vn 0.6537 -0.2176 -0.7248
vn 0.6784 -0.2522 -0.6901
vn 0.6883 -0.3378 -0.6420
vn 0.7750 0.0018 -0.6319
vn 0.8090 -0.0042 -0.5878
vn 0.7923 0.1547 -0.5902
vn 0.7506 0.1630 -0.6403
vn 0.3761 -0.7621 -0.5270
vn 0.3783 -0.6792 -0.6290
vn 0.3352 -0.6076 -0.7201
vn 0.0300 -0.1664 -0.9856
vn 0.5270 0.4793 0.7018
vn 0.2665 0.3293 0.9059
vn 0.2651 0.2594 0.9287
vn 0.2693 0.1709 0.9478
vn 0.5436 0.3683 0.7542
vn 0.2124 -0.2000 -0.9565
vn 0.7695 0.3501 -0.5342
vn 0.8477 0.5291 -0.0382
vn 0.4517 0.7012 0.5516
vn 0.7957 0.6036 0.0500
vn 0.7954 0.2831 -0.5359
vn 0.5989 0.7982 0.0648
vn 0.3588 0.8728 -0.3308
vn 0.2469 0.9654 0.0843
vn -0.2707 -0.5031 0.8207
vn -0.3129 -0.4067 0.8583
vn -0.3540 -0.4316 0.8297
vn -0.1428 -0.3633 0.9207
vn -0.1444 -0.3399 0.9293
vn 0.8781 -0.1282 -0.4609
vn 0.8910 0.0595 -0.4502
vn 0.9305 -0.0836 0.3567
vn 0.9192 -0.2391 0.3129
vn 0.8714 -0.1798 -0.4565
vn -0.4577 -0.6344 -0.6229
vn -0.5254 -0.6354 -0.5659
vn -0.7266 -0.6650 -0.1725
vn -0.6889 -0.6600 -0.2996
vn -0.4357 -0.5799 -0.6884
vn -0.7075 -0.5780 -0.4068
vn -0.8534 -0.4968 0.1578
vn -0.7602 -0.0465 0.6481
vn -0.7915 0.0752 0.6065
vn -0.9333 -0.3541 0.0600
vn -0.7557 -0.3899 -0.5262
vn -0.4775 -0.4218 -0.7708
vn -0.5533 0.2668 0.7891
vn -0.5012 0.3431 0.7944
vn 0.6133 -0.7674 0.1869
vn 0.5850 -0.7940 0.1652
vn 0.3830 -0.8728 0.3024
vn 0.4680 -0.8712 0.1485
vn 0.6172 -0.7750 0.1360
vn -0.8050 -0.1573 0.5721
vn -0.6548 0.2156 0.7244
vn -0.8514 -0.2699 0.4498
vn -0.7434 0.1853 0.6427
vn -0.3565 0.6468 0.6742
vn -0.3543 0.5515 0.7552
vn -0.8508 0.1784 0.4943
vn 0.3148 0.8272 0.4654
vn 0.1545 0.7278 0.6682
vn -0.9414 0.1708 0.2907
vn -0.8492 -0.3599 0.3866
vn -0.8518 -0.3863 0.3538
vn -0.8451 -0.4330 0.3135
vn -0.9964 -0.0095 0.0848
vn -0.7000 0.4402 -0.5624
vn 0.4340 -0.8837 -0.1754
vn 0.6366 -0.6959 -0.3324
vn 0.6835 -0.6889 -0.2413
vn 0.7949 -0.5982 -0.1018
vn 0.3491 -0.9243 -0.1543
vn 0.4386 -0.8678 -0.2336
vn 0.7782 0.2498 0.5762
vn -0.0485 -0.2051 0.9775
vn -0.1452 -0.3361 0.9306
vn 0.1689 -0.0382 0.9849
vn -0.1968 -0.4363 0.8780
vn -0.3448 -0.4321 0.8333
vn 0.7836 -0.0040 -0.6212
vn 0.6276 0.2185 -0.7472
vn 0.8498 0.1342 -0.5097
vn 0.9713 -0.0658 -0.2284
vn 0.9381 -0.1549 -0.3097
vn -0.4150 0.9075 0.0644
vn -0.5640 0.8200 0.0976
vn -0.5356 0.8104 0.2375
vn -0.3875 0.8987 0.2052
vn 0.3306 0.9304 -0.1582
vn 0.7778 0.5861 -0.2271
vn 0.7833 0.5511 -0.2875
vn 0.2476 0.2142 -0.9449
vn 0.1410 0.0136 -0.9899
vn -0.0849 -0.1113 -0.9902
vn -0.0778 0.0614 -0.9951
vn 0.0045 0.1814 -0.9834
vn 0.1639 0.2581 -0.9521
vn 0.7751 0.6293 0.0559
vn 0.4538 0.3957 0.7984
vn -0.4314 -0.2535 0.8658
vn 0.4108 0.2864 0.8656
vn -0.4672 -0.3220 0.8234
vn -0.7391 -0.4248 0.5227
vn -0.7887 -0.3675 0.4929
vn 0.4262 -0.2294 0.8751
vn 0.4124 -0.1283 0.9019
vn -0.7098 -0.6187 0.3367
vn -0.6881 -0.6418 0.3385
vn -0.7670 -0.5603 0.3128
vn -0.7013 -0.5322 0.4742
vn -0.6828 -0.5635 0.4650
vn -0.7058 -0.5356 0.4636
vn -0.6836 -0.5951 0.4226
vn -0.1630 0.0064 0.9866
vn -0.1880 0.1140 0.9755
vn 0.0342 -0.2552 0.9663
vn -0.1679 -0.1710 0.9709
vn -0.2656 -0.0259 0.9637
vn 0.8040 0.4503 0.3884
vn 0.9331 0.3525 0.0708
vn 0.8868 0.2602 0.3819
vn 0.8415 0.3150 0.4389
vn -0.1828 -0.5311 -0.8274
vn -0.2828 -0.3116 -0.9071
vn -0.5629 -0.3634 -0.7424
vn -0.5399 -0.4353 -0.7204
vn -0.2094 -0.6819 -0.7008
vn 0.2115 -0.6971 -0.6851
vn -0.7818 -0.3928 -0.4842
vn -0.6863 -0.5911 -0.4238
vn -0.8230 -0.4837 0.2978
vn -0.8708 -0.4038 0.2806
vn -0.1571 -0.3736 -0.9142
vn -0.0130 -0.7764 -0.6302
vn -0.8082 -0.3128 -0.4990
vn 0.5834 0.0462 -0.8109
vn 0.5798 -0.4104 -0.7039
vn 0.5314 0.2873 0.7969
vn 0.4318 0.1757 0.8847
vn 0.4064 0.1593 0.8997
vn 0.5339 0.2024 0.8210
vn 0.2029 -0.9713 -0.1239
vn 0.0751 -0.9641 -0.2546
vn 0.1879 -0.9313 -0.3121
vn 0.3511 -0.9085 -0.2268
vn 0.3033 -0.9325 -0.1961
vn 0.8920 0.2522 0.3753
vn 0.7499 0.3502 0.5612
vn 0.3239 0.2578 0.9103
vn 0.1939 0.0938 0.9765
vn 0.6643 0.1866 0.7238
vn 0.1870 0.4557 -0.8703
vn 0.1784 0.3759 -0.9093
vn -0.0135 0.2359 -0.9717
vn -0.6960 -0.5323 -0.4819
vn 0.2800 -0.1611 -0.9464
vn 0.1711 -0.0205 -0.9850
vn -0.7247 -0.4504 -0.5215
vn 0.3320 0.8147 -0.4754
vn 0.4491 0.8210 -0.3524
vn 0.2085 0.7988 -0.5643
vn 0.3560 0.5837 -0.7298
vn 0.4953 0.5846 -0.6426
vn 0.6352 0.5520 -0.5402
vn 0.5334 0.4510 -0.7156
vn 0.6578 0.3963 -0.6405
vn 0.4020 0.4610 -0.7911
vn -0.6771 -0.3215 -0.6620
vn -0.7558 -0.2939 -0.5851
vn -0.3087 0.1453 -0.9400
vn -0.2478 0.0174 -0.9687
vn -0.2570 -0.0631 -0.9644
vn -0.5621 -0.2494 -0.7886
vn -0.4677 -0.3870 0.7946
vn -0.5786 -0.4692 0.6671
vn 0.5210 0.3049 -0.7972
vn 0.4988 0.3960 -0.7710
vn 0.9215 0.3659 -0.1305
vn 0.9482 0.2338 -0.2151
vn 0.9560 0.1550 -0.2490
vn 0.4737 0.2184 -0.8532
vn 0.7231 0.0874 0.6852
vn 0.7870 -0.1243 0.6043
vn 0.9928 -0.1155 0.0310
vn 0.9955 0.0817 0.0474
vn 0.0533 -0.7735 -0.6315
vn -0.0000 -0.7543 -0.6565
vn 0.1792 -0.8172 -0.5478
vn 0.3658 -0.7747 -0.5157
vn 0.3877 -0.7534 -0.5311
vn 0.4119 -0.7105 -0.5706
vn 0.9407 0.3393 0.0034
vn 0.9303 0.3626 0.0546
vn -0.1780 -0.9719 -0.1541
vn -0.5669 0.3116 -0.7626
vn -0.5766 0.1959 -0.7932
vn -0.9387 0.0333 -0.3430
vn -0.9478 0.1612 -0.2753
vn -0.9538 0.2068 -0.2181
vn -0.5913 0.3682 -0.7175
vn 0.7694 0.5000 -0.3976
vn 0.7696 0.5525 -0.3202
vn 0.7620 0.6027 -0.2367
vn -0.9769 0.1859 -0.1056
vn -0.9957 0.0921 -0.0053
vn -0.7557 -0.5714 -0.3201
vn -0.8550 -0.4857 -0.1820
vn -0.8907 -0.4494 -0.0689
vn -0.9761 0.2046 -0.0732
vn 0.4857 -0.1867 -0.8540
vn 0.4226 0.3284 -0.8447
vn 0.4479 0.1155 -0.8866
vn 0.5645 0.1205 -0.8166
vn 0.5482 0.3153 -0.7747
vn 0.5634 -0.1692 -0.8087
vn -0.9783 -0.2030 0.0412
vn -0.9907 -0.1306 -0.0374
vn -0.8627 -0.3003 0.4069
vn -0.8737 -0.2368 0.4250
vn -0.9491 -0.2983 0.1009
vn 0.2501 0.4509 -0.8568
vn -0.8164 -0.5455 0.1897
vn 0.8279 0.5594 0.0401
vn 0.7656 0.6398 0.0673
vn -0.6656 0.1655 0.7277
vn -0.0309 -0.1260 0.9915
vn -0.2370 -0.0782 0.9684
vn -0.1147 -0.2697 0.9561
vn -0.2005 -0.3315 0.9219
vn -0.3117 -0.1294 0.9413
vn -0.4605 0.0358 -0.8870
vn -0.6900 -0.0724 -0.7202
vn 0.9740 -0.1984 0.1098
vn 0.9663 -0.1433 0.2139
vn 0.9827 -0.0225 -0.1839
vn 0.8961 -0.4231 -0.1344
vn 0.8542 -0.5185 0.0385
vn 0.1863 0.9818 -0.0372
vn 0.0337 0.9959 0.0844
vn 0.9133 -0.0101 -0.4072
vn 0.9374 -0.0044 -0.3481
vn 0.9884 -0.1011 -0.1130
vn 0.9432 -0.1847 -0.2762
vn 0.8778 -0.1024 -0.4679
vn 0.8889 -0.2794 -0.3630
vn 0.9286 -0.2255 -0.2946
vn 0.7515 -0.3952 -0.5283
vn 0.8436 0.1057 -0.5264
vn 0.6480 0.2778 -0.7092
vn 0.7128 0.2179 -0.6667
vn 0.3249 -0.7308 0.6003
vn 0.4365 -0.8149 0.3813
vn 0.3275 -0.9162 0.2308
vn -0.1861 -0.9676 0.1704
vn 0.5447 -0.7842 -0.2971
vn -0.4892 -0.6572 0.5735
vn -0.3667 0.1698 0.9147
vn -0.9694 0.0569 0.2389
vn -0.9593 -0.0865 0.2687
vn -0.4261 -0.0397 0.9038
vn -0.8153 -0.2878 0.5024
vn -0.7244 -0.4972 0.4776
vn -0.7510 -0.4489 0.4842
vn -0.7258 -0.4864 0.4865
vn -0.7528 -0.4369 0.4923
vn -0.7466 -0.4907 0.4493
vn -0.7868 -0.4513 0.4209
vn -0.8081 -0.3340 0.4853
vn -0.1250 0.0316 0.9917
vn -0.2622 -0.0443 0.9640
vn -0.4629 0.1318 0.8765
vn -0.2586 0.2488 0.9334
vn -0.2463 0.1444 0.9584
vn -0.3002 0.0288 0.9534
vn -0.1957 0.1171 0.9737
vn -0.0537 0.1988 0.9786
vn -0.0925 0.1705 0.9810
vn -0.2684 0.4702 -0.8407
vn -0.0380 0.5535 -0.8320
vn 0.6884 -0.7026 0.1798
vn 0.7423 -0.6216 0.2502
vn 0.4039 -0.9067 -0.1215
vn 0.4788 -0.8549 -0.1995
vn 0.3227 -0.9465 -0.0028
vn 0.5097 -0.6349 -0.5806
vn 0.7187 -0.3740 -0.5862
vn -0.2392 -0.8320 0.5006
vn -0.3356 -0.8030 0.4925
vn -0.4749 -0.7181 0.5087
vn -0.4032 -0.7083 0.5795
vn 0.5986 0.6916 -0.4041
vn 0.6298 -0.3973 0.6675
vn 0.7150 -0.4068 0.5686
vn 0.7334 -0.5986 0.3221
vn 0.7098 -0.6016 0.3665
vn 0.6581 -0.6397 0.3971
vn 0.0901 -0.7143 0.6940
vn -0.5887 -0.6343 0.5011
vn -0.0430 -0.9979 -0.0477
vn 0.1725 -0.9811 -0.0882
vn 0.1453 -0.9840 -0.1027
vn 0.3616 -0.6857 0.6317
vn -0.7697 -0.6293 0.1071
vn -0.9977 -0.0679 -0.0052
vn -0.8316 -0.4513 -0.3237
vn -0.7995 -0.5095 -0.3181
vn -0.7798 -0.5297 -0.3336
vn -0.6764 -0.7132 0.1838
vn -0.7235 -0.6745 0.1467
vn -0.2231 0.9570 0.1856
vn -0.2503 0.9671 0.0455
vn 0.8278 0.4285 0.3621
vn 0.8206 0.5691 0.0529
vn 0.3286 0.1450 0.9333
vn 0.9948 -0.0251 -0.0990
vn 0.8104 -0.4846 0.3292
vn 0.7438 -0.2997 -0.5975
vn 0.7038 0.0269 -0.7099
vn 0.5257 -0.7408 -0.4182
vn 0.2318 -0.5221 -0.8208
vn 0.0650 -0.9653 -0.2529
vn 0.1026 -0.8540 0.5100
vn -0.7519 -0.6548 0.0763
vn -0.2687 -0.6694 -0.6926
vn 0.2978 -0.9227 -0.2450
vn 0.3758 -0.7843 0.4937
vn 0.0328 -0.6260 -0.7791
vn -0.5889 -0.4446 0.6749
vn 0.0724 -0.2908 0.9540
vn 0.3240 0.4340 0.8406
vn 0.3369 0.3357 0.8797
vn 0.5180 0.4692 0.7152
vn 0.4242 0.5161 0.7441
vn 0.7246 0.6598 -0.1989
vn 0.6503 0.7250 -0.2269
vn 0.6390 0.6171 0.4592
vn 0.3580 -0.9310 -0.0714
vn 0.4030 -0.7933 0.4564
vn 0.1356 -0.9004 0.4134
vn -0.0634 -0.9340 0.3516
vn 0.2240 -0.9677 -0.1156
vn 0.2530 -0.9602 -0.1185
vn 0.2103 0.1838 -0.9602
vn 0.5794 0.5440 -0.6069
vn 0.6759 0.3621 -0.6419
vn 0.2668 -0.0858 -0.9599
vn -0.0423 -0.0496 -0.9979
vn 0.0598 -0.3138 -0.9476
vn 0.5022 -0.7944 -0.3417
vn 0.4409 -0.8477 -0.2950
vn 0.6853 -0.6142 0.3913
vn 0.5087 -0.0821 0.8570
vn 0.2041 0.2240 0.9530
vn 0.2365 0.1303 0.9629
vn -0.0357 0.1225 0.9918
vn 0.0334 0.0670 0.9972
vn 0.1700 0.3015 0.9382
vn -0.0810 0.1572 0.9842
vn -0.8923 -0.1461 0.4272
vn -0.9463 -0.0994 0.3075
vn -0.9471 -0.2174 0.2359
vn -0.9041 -0.3213 0.2816
vn -0.8957 -0.2527 0.3660
vn -0.8890 -0.2282 0.3970
vn -0.8654 -0.2664 0.4244
vn -0.6937 -0.3407 0.6346
vn -0.6520 -0.4257 0.6274
vn -0.4719 -0.3767 0.7971
vn -0.4454 -0.2940 0.8457
vn -0.4288 -0.2044 0.8800
vn -0.7295 -0.2287 0.6446
vn -0.0996 0.1462 -0.9842
vn 0.1836 0.3524 -0.9177
vn -0.2718 -0.1984 -0.9417
vn -0.0850 -0.4328 -0.8975
vn -0.3094 -0.4522 -0.8365
vn -0.5136 -0.2573 -0.8185
vn 0.2411 -0.2526 0.9370
vn 0.5543 -0.7108 0.4330
vn 0.3727 -0.2011 0.9059
vn 0.5093 0.1663 0.8443
vn 0.4528 0.1742 0.8744
vn 0.2233 0.2830 0.9328
vn 0.6590 -0.1550 0.7360
vn 0.6315 -0.0177 0.7752
vn 0.6273 -0.0181 0.7785
vn 0.5276 0.2629 0.8078
vn -0.5784 -0.6470 -0.4968
vn -0.6319 -0.5770 -0.5174
vn -0.5696 -0.5778 -0.5846
vn -0.5080 -0.6663 -0.5459
vn -0.6476 0.7525 0.1198
vn -0.7225 0.6344 0.2748
vn -0.6119 0.7477 0.2579
vn 0.9896 -0.1245 0.0720
vn 0.9857 -0.1037 0.1331
vn 0.9848 -0.0326 0.1706
vn 0.9847 0.0546 0.1653
vn 0.9954 0.0192 0.0934
vn 0.9758 -0.1252 -0.1790
vn 0.9803 -0.0540 -0.1898
vn 0.9855 0.0249 -0.1677
vn 0.9922 0.0828 -0.0936
vn 0.9939 0.1065 -0.0283
vn 0.9980 -0.0573 0.0263
vn -0.0917 0.1990 -0.9757
vn 0.2263 0.3901 -0.8925
vn -0.3815 -0.0233 -0.9241
vn -0.4029 0.0233 -0.9149
vn -0.8177 -0.2824 -0.5016
vn -0.8895 -0.1872 -0.4169
vn -0.6356 -0.1214 -0.7625
vn 0.9105 0.1634 0.3798
vn 0.8531 0.3815 0.3560
vn 0.8998 0.3499 0.2605
vn 0.9478 0.1832 0.2610
vn -0.6711 -0.1023 -0.7343
vn -0.9083 -0.1834 -0.3761
vn -0.2548 -0.9522 -0.1685
vn -0.3896 -0.9201 0.0403
vn -0.5473 -0.8356 0.0474
vn -0.4098 -0.9020 -0.1362
vn 0.1515 -0.0509 0.9871
vn -0.0389 -0.1006 0.9942
vn 0.7987 0.0809 -0.5963
vn 0.7251 0.1818 -0.6642
vn 0.2694 -0.3403 -0.9009
vn 0.6100 0.2124 -0.7634
vn 0.5217 -0.0573 -0.8512
vn -0.2924 -0.1248 -0.9481
vn -0.3280 -0.1450 -0.9335
vn -0.3521 -0.2450 -0.9033
vn 0.6365 0.1942 -0.7464
vn -0.4794 -0.5876 -0.6518
vn -0.1185 -0.5617 -0.8188
vn -0.8687 -0.4886 0.0816
vn -0.7021 -0.3377 0.6269
vn 0.1280 -0.4985 -0.8574
vn 0.0530 -0.5595 -0.8271
vn -0.6717 -0.4544 -0.5851
vn -0.9232 -0.3665 0.1159
vn -0.7546 -0.2576 0.6035
vn -0.1205 -0.0455 0.9917
vn -0.9569 -0.2538 0.1410
vn -0.7880 -0.1732 0.5908
vn -0.1932 0.0111 0.9811
vn 0.1297 -0.9757 0.1767
vn -0.1096 -0.3479 0.9311
vn -0.5465 -0.4299 0.7187
vn -0.4681 -0.8832 -0.0282
vn 0.0823 -0.7062 -0.7032
vn -0.2584 -0.6819 -0.6843
vn 0.8168 -0.3147 -0.4835
vn 0.5579 -0.8103 0.1792
vn 0.3649 -0.5756 -0.7318
vn 0.2753 0.0571 0.9597
vn 0.3554 -0.1961 0.9139
vn 0.6512 0.0334 0.7582
vn 0.5803 0.2554 0.7733
vn 0.9044 0.4254 0.0328
vn -0.3752 -0.0848 0.9230
vn -0.3993 0.0044 0.9168
vn -0.7842 -0.0372 0.6195
vn -0.7612 -0.1553 0.6297
vn -0.9906 -0.0344 -0.1324
vn -0.9682 -0.2122 -0.1322
vn -0.8847 -0.4450 -0.1388
vn -0.6585 -0.2863 0.6960
vn -0.7737 -0.0490 -0.6316
vn -0.6836 -0.2419 -0.6886
vn -0.4881 -0.4937 -0.7197
vn -0.2930 -0.2363 -0.9265
vn -0.0930 -0.5031 -0.8592
vn 0.1763 -0.4554 -0.8727
vn 0.2268 -0.6948 -0.6825
vn 0.3422 -0.9233 0.1746
vn -0.2502 -0.1582 0.9552
vn -0.0376 0.0939 0.9949
vn 0.0120 0.0147 0.9998
vn -0.0742 0.1939 0.9782
vn -0.2599 0.1445 0.9548
vn -0.8156 -0.0827 -0.5726
vn -0.9682 -0.1014 -0.2285
vn -0.4940 0.0243 -0.8691
vn -0.4467 0.0175 -0.8945
vn 0.0918 -0.1471 -0.9849
vn 0.3457 -0.3118 -0.8850
vn 0.6034 -0.0338 -0.7967
vn 0.8631 0.3562 -0.3581
vn 0.7886 0.5174 -0.3322
vn 0.1628 -0.2956 0.9413
vn 0.0647 -0.0754 0.9951
vn -0.2307 -0.8658 -0.4441
vn -0.3026 -0.9070 -0.2928
vn -0.5173 -0.7936 -0.3204
vn -0.4663 -0.7362 -0.4904
vn -0.3570 -0.7986 -0.4845
vn -0.8932 -0.2867 -0.3464
vn -0.8984 -0.1313 -0.4191
vn -0.7193 0.1642 -0.6750
vn -0.7591 0.0858 -0.6453
vn 0.2951 0.0216 -0.9552
vn 0.5667 0.3038 -0.7658
vn 0.5406 0.5028 -0.6745
vn 0.2516 0.3106 -0.9166
vn 0.2862 0.3483 -0.8926
vn 0.5850 0.5186 -0.6236
vn -0.0668 -0.8184 -0.5707
vn 0.1597 -0.7166 -0.6789
vn 0.3476 -0.9159 -0.2008
vn -0.1464 -0.9890 -0.0230
vn 0.3236 -0.9217 -0.2137
vn 0.4003 -0.7474 -0.5302
vn 0.9010 0.2487 -0.3555
vn 0.8932 0.4332 -0.1206
vn 0.5937 -0.7248 -0.3495
vn 0.6504 -0.7261 -0.2232
vn 0.4167 -0.8597 -0.2954
vn 0.2983 -0.8983 -0.3226
vn 0.4449 -0.7601 -0.4736
vn -0.8495 0.0469 -0.5255
vn -0.8166 -0.0910 -0.5700
vn -0.9199 -0.3192 0.2278
vn -0.4597 0.1032 -0.8821
vn -0.3665 -0.0256 -0.9301
vn -0.1738 -0.2371 -0.9558
vn -0.7020 -0.3473 -0.6218
vn 0.2707 -0.0875 -0.9587
vn 0.4184 -0.3000 -0.8573
vn 0.8618 -0.2655 -0.4321
vn 0.6126 -0.7552 -0.2332
vn 0.7075 0.1416 0.6924
vn 0.7933 0.1164 0.5976
vn 0.8761 0.1848 0.4454
vn 0.8559 0.1311 0.5002
vn 0.7130 -0.7009 0.0179
vn 0.6154 -0.7491 0.2452
vn 0.3676 -0.8021 0.4706
vn 0.0608 -0.9204 0.3863
vn -0.5392 -0.8242 0.1732
vn -0.3420 -0.9364 -0.0794
vn -0.3737 -0.9274 -0.0173
vn -0.5962 -0.8024 0.0260
vn -0.7851 -0.5930 0.1788
vn -0.3541 -0.5538 0.7536
vn -0.4072 -0.2962 0.8639
vn 0.1607 -0.1155 0.9802
vn 0.2299 -0.3542 0.9065
vn 0.8588 0.0501 -0.5099
vn 0.1415 0.0803 -0.9867
vn 0.1846 0.2336 -0.9546
vn 0.2290 0.3563 -0.9059
vn -0.1831 0.9829 -0.0178
vn -0.2917 0.9558 -0.0368
vn -0.3740 0.9274 -0.0064
vn 0.3935 0.8883 -0.2367
vn 0.4224 0.8549 -0.3012
vn 0.4604 0.8234 -0.3317
vn -0.8333 0.0942 -0.5448
vn -0.4367 0.1504 -0.8869
vn 0.8789 -0.0551 -0.4738
vn -0.0330 -0.9735 0.2264
vn -0.0233 -0.9881 0.1519
vn -0.2071 -0.9408 0.2682
vn -0.2496 -0.7863 0.5652
vn -0.2494 -0.7276 0.6391
vn -0.8042 0.0492 -0.5923
vn -0.4174 0.1470 -0.8967
vn 0.5575 -0.7079 -0.4336
vn 0.3707 -0.7829 -0.4997
vn 0.3078 -0.8198 -0.4829
vn 0.8008 -0.5723 0.1765
vn 0.6514 -0.3753 -0.6595
vn 0.9994 -0.0162 0.0316
vn 0.6508 -0.6556 0.3829
vn -0.5213 0.0025 0.8534
vn -0.3516 0.0099 0.9361
vn -0.4354 0.0932 0.8954
vn -0.9038 -0.0024 0.4279
vn -0.5627 -0.1166 0.8184
vn -0.9540 -0.1316 0.2693
vn -0.8860 -0.3084 0.3462
vn -0.8154 -0.4022 -0.4164
vn -0.5283 -0.8209 -0.2167
vn -0.7196 -0.5737 0.3912
vn 0.2323 -0.6320 -0.7393
vn 0.3248 -0.6465 -0.6903
vn -0.1310 -0.9843 0.1182
vn -0.1885 -0.5123 0.8379
vn -0.4222 -0.5863 0.6914
vn 0.1034 -0.9541 0.2810
vn -0.2840 -0.1957 0.9386
vn -0.4996 -0.2479 0.8300
vn 0.7460 0.6658 -0.0131
vn 0.6449 0.4498 0.6179
vn 0.7087 0.3188 0.6294
vn 0.8585 0.5098 0.0563
vn 0.4043 -0.8545 -0.3261
vn 0.4472 -0.8537 -0.2670
vn 0.5632 -0.8116 -0.1553
vn 0.6472 -0.7568 -0.0919
vn 0.5646 -0.8080 -0.1685
vn 0.6217 -0.7338 -0.2739
vn 0.6339 -0.6717 -0.3834
vn 0.0127 0.1152 0.9933
vn 0.5489 0.3821 0.7435
vn 0.4126 0.4578 0.7875
vn -0.0550 0.1819 0.9818
vn -0.9726 0.0232 -0.2311
vn -0.9270 -0.1263 -0.3532
vn -0.0236 -0.2443 -0.9694
vn 0.1055 -0.3631 -0.9258
vn -0.8813 -0.2802 -0.3804
vn 0.8342 0.3031 -0.4607
vn 0.7942 0.1726 -0.5827
vn 0.5626 0.7633 -0.3175
vn 0.8571 0.3698 -0.3586
vn 0.3780 -0.6555 -0.6537
vn 0.4826 -0.5686 -0.6662
vn 0.3447 -0.8834 0.3176
vn 0.2742 -0.2675 0.9237
vn -0.0068 -0.4447 0.8956
vn 0.6006 0.0202 0.7993
vn 0.6312 0.2373 0.7384
vn -0.2725 0.1422 -0.9516
vn -0.1663 -0.0691 -0.9837
vn 0.3010 -0.2228 -0.9272
vn 0.3521 -0.3347 -0.8741
vn 0.4816 -0.1573 -0.8622
vn 0.7486 0.0497 -0.6612
vn 0.6882 -0.0887 -0.7201
vn 0.4651 -0.2924 -0.8356
vn 0.9651 0.2423 -0.0990
vn 0.7586 -0.4506 -0.4707
vn 0.6785 -0.5726 -0.4602
vn 0.8461 -0.4240 -0.3229
vn 0.8426 -0.3794 -0.3823
vn 0.7941 -0.4463 -0.4127
vn 0.7542 -0.0069 -0.6566
vn 0.7442 0.0730 -0.6639
vn 0.8016 0.0676 -0.5941
vn 0.8102 -0.0773 -0.5811
vn 0.7640 -0.1020 -0.6371
vn 0.7273 0.6859 -0.0231
vn 0.8279 0.5609 0.0016
vn 0.2760 0.3011 -0.9128
vn 0.3773 0.3947 -0.8378
vn 0.4528 0.0705 -0.8888
vn 0.2306 -0.0270 -0.9727
vn 0.1957 0.2492 -0.9485
vn 0.2697 0.2997 -0.9151
vn 0.2959 0.3325 -0.8955
vn 0.6075 0.5443 -0.5785
vn 0.7094 0.2667 -0.6523
vn 0.9465 0.3210 -0.0340
vn 0.9129 0.4030 -0.0649
vn 0.6132 0.5934 -0.5214
vn 0.7168 0.6492 -0.2546
vn 0.4041 0.4365 -0.8039
vn -0.6013 -0.0619 -0.7966
vn -0.5929 -0.1224 -0.7959
vn -0.9570 -0.1584 -0.2432
vn -0.9324 -0.0944 -0.3490
vn -0.0106 0.2082 -0.9780
vn 0.4373 -0.8444 0.3093
vn 0.4407 -0.7561 0.4839
vn 0.6159 -0.6234 0.4817
vn 0.4110 0.7432 0.5279
vn -0.1083 0.5277 0.8425
vn 0.0887 0.1577 0.9835
vn 0.4579 0.7971 0.3938
vn 0.8420 0.0876 0.5323
vn 0.5523 -0.2457 0.7966
vn 0.6934 -0.2587 0.6725
vn 0.8226 -0.1694 0.5428
vn 0.8907 -0.1116 0.4407
vn 0.8834 -0.0492 0.4661
vn 0.1913 0.9710 0.1434
vn -0.3163 0.8340 0.4521
vn -0.3866 0.8982 0.2092
vn 0.0665 0.9914 0.1125
vn 0.5515 0.1278 0.8243
vn 0.2257 -0.1310 0.9654
vn 0.2548 -0.2091 0.9441
vn 0.3714 0.0661 0.9261
vn 0.0399 0.0053 -0.9992
vn -0.2344 -0.1621 -0.9585
vn 0.0856 -0.2271 -0.9701
vn -0.0839 -0.0362 -0.9958
vn 0.8688 0.4352 -0.2362
vn 0.5758 0.4352 -0.6921
vn 0.8831 0.4236 -0.2018
vn 0.2447 0.2567 -0.9350
vn 0.0953 -0.9832 -0.1557
vn 0.1368 -0.9845 -0.1095
vn -0.0663 -0.9589 -0.2759
vn -0.0508 -0.9355 -0.3497
vn 0.0452 -0.8887 -0.4562
vn 0.1098 -0.0357 -0.9933
vn 0.8382 0.5336 -0.1124
vn 0.8799 -0.3251 -0.3466
vn 0.9178 -0.1507 -0.3672
vn 0.9099 -0.3293 -0.2524
vn 0.7871 -0.3973 -0.4719
vn 0.8437 -0.3707 -0.3882
vn 0.8683 -0.1865 -0.4597
vn 0.8094 -0.2068 -0.5496
vn 0.1766 -0.5590 0.8101
vn 0.5032 -0.6803 0.5329
vn 0.3804 -0.7644 0.5205
vn 0.1939 -0.7925 0.5782
vn 0.8634 -0.4329 0.2591
vn 0.4170 -0.7638 0.4927
vn 0.4503 -0.8269 0.3369
vn 0.2608 -0.8696 0.4193
vn 0.4687 -0.7490 0.4682
vn 0.7499 -0.6361 0.1817
vn 0.7902 -0.5457 0.2790
vn 0.8708 -0.4116 0.2689
vn 0.8201 -0.5696 0.0540
vn -0.6794 -0.5554 -0.4795
vn 0.7188 -0.5938 0.3616
vn 0.7856 -0.5377 0.3060
vn 0.4874 -0.8403 -0.2373
vn -0.0646 -0.2814 -0.9574
vn 0.6137 0.1312 -0.7785
vn -0.1758 -0.1779 -0.9682
vn -0.1350 -0.4960 0.8578
vn 0.0763 -0.4986 0.8635
vn -0.1711 -0.5706 0.8032
vn 0.8928 0.4031 0.2010
vn 0.9109 0.4053 0.0774
vn 0.7971 0.5742 0.1866
vn 0.7827 0.6179 0.0753
vn 0.8784 0.3872 0.2801
vn 0.9312 0.2626 0.2528
vn 0.3763 0.1773 -0.9094
vn 0.4416 0.1337 -0.8872
vn 0.3593 0.1135 -0.9263
vn 0.6407 0.0838 -0.7632
vn 0.7224 -0.1703 -0.6702
vn 0.8075 0.0553 -0.5873
vn 0.6392 0.3882 -0.6638
vn 0.3894 -0.1139 -0.9140
vn 0.4392 -0.3888 -0.8099
vn 0.8602 0.2774 -0.4280
vn 0.8787 0.3716 -0.2996
vn 0.8037 0.4217 -0.4198
vn 0.7610 0.4193 -0.4951
vn -0.3550 0.9252 0.1339
vn -0.9603 0.1574 0.2304
vn -0.3172 0.9478 0.0332
vn 0.0329 0.9974 0.0644
vn -0.7872 -0.6039 0.1248
vn -0.7841 -0.6183 0.0541
vn -0.6869 -0.6772 0.2638
vn 0.3750 0.9260 -0.0435
vn 0.3055 0.9446 0.1197
vn 0.2228 0.9739 0.0427
vn 0.8351 -0.1616 0.5259
vn 0.8476 -0.2226 0.4817
vn 0.8796 -0.1857 0.4380
vn 0.8697 -0.3660 0.3313
vn 0.7734 -0.3913 0.4988
vn 0.4375 -0.5109 0.7400
vn 0.2352 -0.0914 0.9677
vn 0.9590 -0.0064 0.2834
vn 0.9185 0.3911 0.0576
vn 0.5587 -0.2715 0.7837
vn 0.5744 -0.2332 0.7847
vn 0.6091 -0.1462 0.7795
vn 0.7697 0.3144 0.5556
vn 0.7793 0.3364 0.5287
vn 0.8864 0.2914 0.3597
vn 0.9019 0.3325 0.2757
vn 0.7348 0.1992 0.6484
vn 0.2798 -0.9136 0.2950
vn 0.2804 -0.9511 0.1294
vn 0.2018 -0.9756 0.0868
vn 0.2569 -0.9346 0.2461
vn 0.2882 -0.9332 0.2146
vn 0.5536 -0.8316 -0.0440
vn 0.2375 -0.9633 0.1251
vn 0.4359 0.3035 0.8473
vn 0.5522 0.4182 0.7213
vn 0.5747 0.2417 0.7819
vn 0.4880 0.1369 0.8621
vn 0.4839 -0.8667 0.1214
vn 0.3599 -0.9204 0.1527
vn 0.2720 -0.9515 -0.1437
vn -0.8982 -0.3686 0.2396
vn -0.9357 -0.2646 0.2333
vn -0.7693 -0.0391 0.6377
vn -0.7073 -0.2713 0.6528
vn -0.7022 -0.3871 0.5976
vn 0.6678 -0.6742 0.3153
vn 0.5594 -0.7036 0.4382
vn 0.6332 -0.6851 0.3602
vn 0.5967 -0.7650 0.2424
vn 0.6228 -0.6472 -0.4397
vn 0.5023 -0.7010 -0.5063
vn 0.5794 -0.3820 -0.7200
vn 0.7816 -0.2726 -0.5611
vn 0.8363 -0.3333 -0.4353
vn 0.8055 -0.3443 -0.4824
vn 0.5483 -0.6175 -0.5639
vn 0.2806 -0.2039 0.9379
vn 0.1470 -0.0661 0.9869
vn 0.5817 0.2234 0.7821
vn 0.6067 -0.1437 0.7818
vn 0.7180 -0.3787 -0.5841
vn 0.7054 -0.3306 -0.6270
vn 0.7872 -0.3119 -0.5320
vn 0.7171 0.4270 0.5509
vn 0.7458 0.2876 0.6009
vn 0.6878 0.4637 0.5585
vn 0.6384 0.2200 0.7376
vn 0.6445 0.3686 0.6699
vn -0.0744 -0.9935 0.0865
vn -0.4179 -0.8927 0.1685
vn 0.3755 -0.8207 0.4307
vn 0.5403 0.5965 -0.5935
vn 0.6883 0.7134 -0.1316
vn 0.7657 0.6370 -0.0891
vn 0.8069 0.5905 -0.0150
vn 0.6317 0.5865 -0.5069
vn -0.1649 -0.8469 0.5055
vn 0.0192 -0.8774 0.4794
vn -0.4011 -0.8492 0.3435
vn 0.2971 -0.9238 -0.2414
vn 0.1841 -0.9144 -0.3604
vn 0.0796 -0.9576 -0.2770
vn 0.1625 -0.9631 -0.2147
vn 0.5821 -0.8124 0.0339
vn 0.3573 -0.9048 -0.2317
vn 0.5251 -0.8493 0.0533
vn 0.6715 -0.6666 0.3238
vn -0.2237 -0.9595 -0.1714
vn -0.0503 -0.9150 -0.4004
vn 0.0727 -0.8658 -0.4951
vn 0.2953 -0.9008 -0.3184
vn 0.3440 -0.9129 0.2199
vn 0.3782 -0.8940 0.2402
vn -0.0438 -0.9523 0.3021
vn 0.0149 -0.9775 0.2103
vn 0.0704 -0.9507 0.3020
vn 0.4910 -0.8654 -0.0997
vn 0.6203 -0.7829 -0.0472
vn 0.6336 -0.7698 -0.0767
vn -0.8192 -0.4580 0.3451
vn 0.9136 0.3447 0.2156
vn 0.9330 0.2916 0.2110
vn 0.9194 0.3345 0.2068
vn 0.9378 0.2825 0.2016
vn 0.9164 0.3521 0.1904
vn 0.8418 0.4896 0.2272
vn 0.8677 0.4519 0.2070
vn 0.9260 0.3520 0.1364
vn 0.9388 0.2998 0.1694
vn 0.8012 -0.4215 0.4247
vn 0.7822 -0.5026 0.3682
vn 0.8326 -0.1179 0.5412
vn 0.8097 0.0123 0.5867
vn 0.5709 -0.8169 0.0827
vn 0.4301 0.0725 0.8999
vn 0.8161 0.3169 0.4833
vn 0.3565 0.4049 -0.8420
vn 0.5427 0.7770 -0.3188
vn 0.4031 0.8386 -0.3664
vn 0.2154 0.0882 -0.9725
vn 0.5488 0.4662 -0.6939
vn 0.7659 0.5837 -0.2697
vn 0.2460 -0.4608 -0.8527
vn 0.0975 -0.5139 -0.8523
vn -0.0356 -0.2657 -0.9634
vn -0.1721 0.0223 -0.9848
vn -0.2010 0.0913 -0.9753
vn -0.2860 0.6918 0.6630
vn -0.3179 0.4741 0.8211
vn -0.1986 0.4385 0.8765
vn -0.1943 0.6461 0.7381
vn -0.1896 0.8429 0.5036
vn -0.1433 0.7981 0.5852
vn -0.0323 -0.1844 0.9823
vn -0.1928 -0.0833 0.9777
vn -0.0672 -0.3870 0.9196
vn -0.0886 -0.9194 -0.3832
vn 0.3143 -0.8578 -0.4066
vn 0.1313 -0.9272 -0.3508
vn -0.4153 0.0228 0.9094
vn -0.4198 -0.0640 0.9054
vn 0.0559 0.2249 0.9728
vn 0.0201 0.2565 0.9663
vn 0.0974 0.0894 0.9912
vn -0.1636 -0.1053 0.9809
vn -0.3367 0.0012 0.9416
vn 0.3739 -0.8648 -0.3353
vn 0.2086 -0.9197 -0.3327
vn -0.0942 -0.9487 -0.3017
vn 0.5892 0.6511 -0.4784
vn 0.6313 0.5922 -0.5007
vn 0.7732 0.6321 0.0511
vn 0.7029 0.7021 0.1141
vn 0.8310 0.5309 -0.1659
vn 0.7545 0.6511 -0.0822
vn -0.1214 0.0766 -0.9896
vn -0.1735 0.2087 -0.9625
vn 0.3167 0.1630 -0.9344
vn -0.0543 0.0321 -0.9980
vn 0.8128 0.5799 -0.0559
vn 0.8403 0.4673 -0.2748
vn 0.7172 0.5473 -0.4313
vn 0.7656 0.4442 -0.4653
vn 0.2554 -0.8202 -0.5119
vn 0.2611 -0.8423 -0.4715
vn -0.0443 -0.6657 -0.7449
vn 0.0812 -0.5095 -0.8567
vn 0.2460 -0.3444 -0.9060
vn 0.2763 -0.7982 -0.5353
vn -0.9530 -0.1408 -0.2681
vn -0.9204 -0.2708 -0.2822
vn -0.8483 -0.4136 -0.3306
vn -0.7959 -0.1604 -0.5838
vn -0.8588 -0.2376 -0.4540
vn 0.7650 0.4720 -0.4382
vn 0.6349 0.5676 -0.5242
vn 0.5167 0.6321 -0.5775
vn 0.6725 0.5355 -0.5109
vn 0.4245 -0.8043 0.4158
vn 0.4334 -0.8340 0.3414
vn 0.2580 -0.8625 0.4354
vn 0.4650 -0.6946 0.5489
vn -0.8335 -0.4129 0.3672
vn -0.7881 -0.3852 0.4802
vn -0.9367 -0.2989 0.1823
vn -0.9165 -0.1791 0.3576
vn -0.8628 -0.2044 0.4623
vn -0.8276 -0.2238 0.5148
vn -0.8661 -0.1998 0.4581
vn -0.5821 -0.3022 0.7549
vn -0.5528 -0.3059 0.7752
vn -0.4204 -0.3426 0.8402
vn -0.7205 -0.4286 0.5451
vn -0.0181 -0.7951 0.6062
vn 0.1227 -0.5150 0.8484
vn 0.3183 -0.9476 -0.0264
vn 0.2942 -0.9150 -0.2759
vn 0.3077 -0.9308 0.1970
vn 0.3443 -0.9119 0.2234
vn 0.4167 -0.8215 0.3892
vn 0.4064 -0.8282 0.3859
vn -0.8894 -0.4113 -0.1995
vn -0.6843 -0.6312 -0.3651
vn -0.7031 -0.7111 0.0057
vn -0.8311 -0.5471 -0.0999
vn -0.4480 -0.8521 -0.2706
vn -0.5301 -0.8280 0.1828
vn -0.5825 -0.8005 0.1408
vn 0.7300 0.0981 0.6764
vn 0.6586 0.0764 0.7486
vn 0.6084 0.0700 0.7905
vn 0.5877 0.2336 0.7746
vn 0.7116 0.3262 0.6222
vn -0.3292 -0.5517 0.7663
vn -0.3762 -0.4846 0.7897
vn -0.5698 -0.2837 0.7713
vn -0.6725 -0.2649 0.6911
vn -0.6638 -0.3424 0.6649
vn -0.5718 -0.4353 0.6953
vn 0.9623 0.2176 -0.1630
vn 0.9877 0.1442 0.0602
vn 0.9671 0.2531 0.0248
vn 0.9270 0.3332 -0.1719
vn -0.5460 -0.1892 0.8162
vn -0.5581 -0.1205 0.8209
vn -0.6110 -0.1642 0.7744
vn -0.7118 -0.1981 0.6738
vn 0.1866 -0.8339 0.5194
vn 0.0953 -0.9024 0.4202
vn 0.4681 -0.8607 0.2004
vn 0.5733 -0.7898 0.2180
vn 0.6288 -0.7737 0.0772
vn 0.6858 -0.7107 0.1570
vn 0.5448 -0.8131 0.2053
vn -0.7463 0.5637 -0.3539
vn -0.6440 0.7564 -0.1145
vn -0.9915 -0.1165 0.0583
vn -0.9632 -0.0807 -0.2564
vn -0.9633 -0.2526 -0.0914
vn 0.8321 -0.3455 0.4339
vn 0.7244 -0.6315 0.2766
vn 0.6161 0.0965 0.7817
vn 0.7327 0.1480 0.6643
vn -0.1793 -0.8952 -0.4081
vn -0.2020 -0.6395 -0.7418
vn 0.2663 -0.4500 -0.8524
vn 0.1860 -0.8341 -0.5193
vn 0.2852 -0.8512 -0.4405
vn 0.1421 -0.8807 -0.4518
vn 0.7675 0.6263 0.1369
vn 0.5566 0.3500 0.7535
vn 0.7637 0.1352 0.6313
vn 0.8071 0.0622 0.5871
vn 0.9358 0.3521 -0.0183
vn 0.5347 -0.6592 0.5288
vn 0.7629 -0.4602 0.4541
vn 0.9549 -0.1803 0.2360
vn 0.9217 -0.3265 0.2093
vn 0.8884 -0.2520 0.3836
vn 0.9196 -0.0444 0.3904
vn 0.4050 0.1656 0.8992
vn 0.3404 0.0645 0.9381
vn 0.3186 -0.1130 0.9411
vn -0.0763 -0.3218 0.9437
vn 0.0158 -0.3697 0.9290
vn 0.1102 -0.4014 0.9093
vn 0.2001 -0.4968 0.8445
vn 0.5492 0.0936 0.8304
vn 0.7864 0.5842 -0.2005
vn 0.9170 0.3657 0.1592
vn 0.7622 0.5183 0.3878
vn 0.3328 0.9070 0.2580
vn 0.9379 0.0096 -0.3468
vn 0.9524 -0.1897 -0.2386
vn 0.9972 0.0677 -0.0315
vn 0.9430 0.1660 0.2885
vn 0.9685 0.1551 0.1950
vn 0.6113 -0.7889 0.0624
vn 0.9137 -0.3701 -0.1681
vn 0.3542 -0.9232 -0.1494
vn 0.4066 -0.9109 0.0702
vn 0.8932 -0.1554 -0.4220
vn 0.2406 -0.7411 -0.6268
vn 0.6383 -0.7683 0.0471
vn 0.6605 -0.7508 -0.0057
vn -0.5777 -0.8072 -0.1213
vn -0.6684 -0.7260 -0.1618
vn -0.7599 -0.6356 0.1366
vn -0.6934 -0.7066 0.1413
vn -0.4022 -0.9019 0.1572
vn -0.2674 -0.9592 0.0922
vn -0.7309 -0.4202 -0.5378
vn -0.4981 -0.5359 -0.6817
vn -0.5516 -0.5988 0.5807
vn -0.4056 -0.6793 0.6116
vn -0.3739 -0.8070 0.4571
vn -0.3538 -0.9112 -0.2110
vn -0.2442 -0.9345 -0.2589
vn -0.1913 -0.9206 -0.3405
vn -0.3679 -0.8687 -0.3318
vn 0.6888 0.3899 0.6112
vn 0.7621 0.3412 0.5502
vn 0.7887 0.4204 0.4485
vn 0.7577 0.4911 0.4298
vn 0.6981 0.4498 0.5570
vn 0.6458 0.4441 0.6211
vn -0.1944 -0.0495 0.9797
vn -0.7387 -0.5410 -0.4020
vn -0.7433 -0.4379 -0.5057
vn 0.5665 0.0459 -0.8228
vn 0.6221 0.0966 -0.7769
vn 0.6772 0.0370 -0.7348
vn 0.6223 -0.0187 -0.7825
vn -0.4215 -0.6908 0.5875
vn -0.0490 -0.0674 0.9965
vn -0.6017 -0.3482 0.7188
vn 0.5321 -0.8368 0.1290
vn 0.6025 -0.7332 0.3153
vn 0.7001 -0.7017 0.1325
vn 0.6398 -0.7683 0.0202
vn 0.2852 -0.9041 -0.3183
vn 0.1952 -0.9296 -0.3126
vn 0.2404 -0.9687 -0.0626
vn -0.8754 -0.3975 -0.2750
vn -0.8393 -0.4350 -0.3260
vn -0.8044 -0.4693 -0.3643
vn -0.9015 -0.2988 -0.3132
vn -0.9281 -0.3134 -0.2008
vn -0.9101 -0.3535 -0.2163
vn -0.8001 -0.3107 -0.5131
vn 0.3222 -0.8813 0.3455
vn 0.3573 -0.6832 0.6369
vn -0.6494 0.5553 0.5196
vn -0.5589 0.6264 0.5433
vn -0.4978 0.5944 0.6316
vn -0.5606 0.4713 0.6809
vn 0.5805 -0.8104 0.0795
vn 0.6349 -0.7724 0.0149
vn 0.3779 -0.8302 -0.4099
vn 0.5039 -0.7831 -0.3645
vn 0.4094 -0.8816 -0.2350
vn 0.3654 -0.8838 -0.2921
vn 0.6720 -0.2586 0.6939
vn 0.3795 -0.1939 0.9047
vn 0.8966 0.3737 -0.2375
vn 0.9030 0.4049 -0.1434
vn 0.8080 0.5738 -0.1339
vn 0.8103 0.5519 -0.1970
vn 0.7928 0.5297 -0.3014
vn 0.1775 -0.9267 0.3313
vn 0.3473 -0.6365 0.6887
vn 0.7302 -0.3539 0.5845
vn 0.4263 -0.1831 0.8859
vn 0.4289 -0.8991 -0.0877
vn 0.3105 -0.9440 -0.1116
vn 0.3388 -0.8256 0.4512
vn 0.4423 -0.7997 0.4060
vn 0.3706 -0.6457 0.6677
vn 0.3892 -0.7608 0.5194
vn 0.7807 -0.0349 -0.6239
vn 0.5636 -0.4954 -0.6610
vn 0.9538 -0.2744 0.1220
vn 0.9962 -0.0170 0.0859
vn -0.9339 -0.1863 -0.3052
vn -0.8951 -0.1672 -0.4134
vn -0.7452 -0.2536 -0.6167
vn -0.7554 -0.1915 -0.6266
vn -0.9109 -0.4006 -0.0989
vn 0.9875 0.1533 0.0364
vn -0.1032 0.3124 -0.9443
vn -0.1150 0.2560 -0.9598
vn -0.5725 -0.1566 0.8048
vn -0.4045 -0.0786 0.9111
vn 0.5371 -0.8359 0.1130
vn 0.6267 -0.6169 0.4761
vn -0.0206 -0.6536 0.7566
vn 0.0451 -0.6561 0.7533
vn 0.0587 -0.8101 0.5833
vn -0.1515 -0.0267 -0.9881
vn -0.1887 0.0550 -0.9805
vn -0.0754 0.0979 -0.9923
vn -0.0255 0.0212 -0.9995
vn 0.0411 -0.0891 -0.9952
vn 0.0982 -0.1805 -0.9787
vn -0.0466 -0.2437 -0.9687
vn -0.0961 -0.1438 -0.9849
vn 0.4626 0.3488 0.8151
vn 0.4320 0.1691 0.8859
vn -0.8667 -0.4887 0.1000
vn -0.9067 -0.3827 0.1774
vn -0.8539 -0.4389 0.2798
vn -0.8314 -0.5057 0.2302
vn -0.7999 -0.5278 0.2855
vn 0.1939 -0.9629 0.1879
vn -0.8950 -0.4429 0.0529
vn -0.8642 -0.5014 -0.0418
vn -0.9109 -0.4006 -0.0992
vn -0.9006 -0.4202 -0.1110
vn -0.8507 -0.5069 -0.1394
vn -0.8861 -0.4571 0.0768
vn 0.5450 0.4864 0.6829
vn 0.2829 0.9022 0.3256
vn 0.3850 0.5277 0.7572
vn 0.0551 0.9090 0.4131
vn 0.4207 0.3040 0.8547
vn 0.4425 -0.8802 0.1717
vn 0.4439 -0.8318 0.3332
vn 0.3424 -0.9390 0.0316
vn 0.2625 -0.9405 0.2156
vn 0.0987 -0.9924 -0.0740
vn 0.1042 -0.9938 -0.0396
vn 0.4391 -0.8856 0.1514
vn 0.5137 -0.8128 0.2746
vn 0.2466 -0.9488 0.1975
vn 0.4093 -0.8989 0.1561
vn 0.5668 -0.8031 -0.1836
vn 0.6600 -0.7470 -0.0800
vn 0.1422 -0.9898 0.0060
vn 0.6404 -0.7275 -0.2461
vn 0.4794 -0.8096 0.3386
vn 0.9786 0.0565 -0.1979
vn 0.9695 0.0321 -0.2428
vn 0.9173 -0.0700 -0.3919
vn 0.7775 -0.6165 -0.1238
vn 0.8607 -0.5069 -0.0481
vn 0.9166 -0.3954 -0.0597
vn 0.5833 0.1900 -0.7897
vn 0.5810 0.2726 -0.7669
vn -0.2333 -0.0456 -0.9713
vn 0.7560 -0.2287 -0.6133
vn -0.1585 0.8958 0.4152
vn -0.1933 0.9349 0.2977
vn -0.3562 0.8752 0.3273
vn -0.3150 0.8328 0.4551
vn 0.8189 -0.5669 0.0898
vn 0.7369 -0.6378 0.2239
vn 0.8424 -0.4577 0.2844
vn 0.8994 -0.4134 0.1419
vn 0.9203 -0.3568 0.1604
vn 0.8047 0.1477 -0.5751
vn 0.8607 0.1526 -0.4857
vn 0.6756 -0.2591 -0.6903
vn 0.6526 -0.3664 -0.6632
vn 0.6869 -0.3090 -0.6578
vn 0.6719 -0.4424 -0.5940
vn 0.9333 0.1533 -0.3249
vn 0.8841 -0.2642 0.3855
vn 0.8689 -0.0243 0.4943
vn 0.8514 -0.2489 0.4618
vn 0.8118 -0.4344 -0.3902
vn 0.8205 -0.5577 0.1258
vn 0.3457 -0.9105 -0.2267
vn 0.3192 -0.8329 -0.4522
vn 0.7095 -0.3221 -0.6268
vn -0.4036 -0.7603 -0.5090
vn -0.4235 -0.7234 -0.5453
vn -0.6739 -0.5965 -0.4360
vn -0.7458 -0.5394 -0.3910
vn -0.7510 -0.5707 -0.3320
vn -0.5661 0.7735 0.2850
vn -0.6385 0.7120 0.2921
vn -0.7279 0.6470 0.2272
vn 0.7374 -0.6603 0.1421
vn 0.7548 -0.6522 0.0698
vn 0.6963 -0.6940 0.1829
vn 0.2786 -0.8368 -0.4713
vn 0.8295 0.1411 0.5404
vn 0.8611 0.1530 0.4849
vn 0.8750 0.2554 0.4114
vn 0.3113 0.0195 0.9501
vn 0.3857 -0.1459 0.9110
vn 0.4485 -0.1890 0.8736
vn 0.3077 -0.7907 -0.5293
vn 0.3814 -0.9244 -0.0072
vn 0.2212 -0.9502 -0.2195
vn 0.4623 -0.7193 -0.5185
vn 0.7227 -0.5913 -0.3578
vn 0.6993 -0.3202 -0.6392
vn 0.8700 -0.1170 -0.4790
vn 0.9496 -0.0013 -0.3133
vn 0.8737 -0.4601 -0.1580
vn -0.9294 -0.3605 0.0792
vn -0.6552 -0.7540 -0.0469
vn -0.7299 -0.6809 0.0606
vn 0.6401 -0.7395 0.2086
vn 0.0275 0.9956 0.0894
vn -0.6568 0.7215 0.2191
vn -0.7595 0.6200 0.1968
vn -0.5257 0.8093 0.2620
vn -0.6670 0.4961 0.5559
vn -0.8004 0.3930 0.4527
vn -0.8921 0.2845 0.3510
vn 0.0668 0.8406 0.5375
vn 0.0263 0.6260 0.7794
vn -0.4067 0.6073 0.6825
vn -0.3081 0.8753 0.3727
vn -0.8051 0.1229 0.5802
vn -0.8986 0.0249 0.4380
vn -0.6550 0.2083 0.7263
vn -0.3432 0.3042 0.8886
vn 0.1698 0.2709 0.9475
vn 0.6640 0.3152 0.6780
vn 0.7296 -0.0437 0.6825
vn -0.1965 -0.0847 0.9768
vn -0.0609 -0.5336 0.8435
vn -0.3752 -0.4740 0.7966
vn -0.5529 -0.1191 0.8247
vn 0.3391 -0.2168 0.9154
vn 0.7186 -0.4324 0.5446
vn -0.7219 -0.1868 0.6663
vn -0.8190 -0.2829 0.4992
vn -0.5311 -0.5067 0.6792
vn -0.6254 -0.5871 0.5141
vn -0.3438 -0.6797 0.6479
vn -0.0590 -0.8472 0.5280
vn -0.1367 -0.8847 0.4457
vn -0.4295 -0.7505 0.5022
vn -0.2262 -0.6804 0.6971
vn -0.0075 -0.8987 0.4384
vn 0.0036 -0.7879 0.6159
vn 0.0681 -0.9767 0.2037
vn 0.4942 -0.8681 0.0469
vn -0.1561 -0.9576 0.2422
vn 0.4802 -0.8530 0.2045
vn -0.1113 -0.9934 -0.0290
vn 0.5673 -0.8069 -0.1644
vn 0.9346 -0.3128 -0.1690
vn 0.9596 -0.1927 -0.2048
vn 0.9145 -0.3891 -0.1110
vn 0.4840 -0.8537 0.1923
vn 0.9777 -0.0723 -0.1970
vn 0.9855 0.0440 -0.1640
vn 0.7287 -0.5552 -0.4010
vn 0.6536 -0.6850 -0.3219
vn 0.9587 0.2737 -0.0770
vn 0.9386 0.3451 0.0022
vn 0.9668 0.1989 -0.1602
vn 0.9683 0.1157 -0.2215
vn 0.8234 0.5668 0.0286
vn 0.8382 0.5364 -0.0981
vn 0.8527 0.4753 -0.2168
vn 0.3004 0.9383 0.1714
vn 0.3192 0.9475 0.0203
vn 0.3556 0.9249 -0.1346
vn -0.5154 0.8252 0.2312
vn -0.4759 0.8675 0.1449
vn -0.4363 0.8982 0.0543
vn -0.9199 0.3492 0.1785
vn -0.9593 0.2397 0.1493
vn 0.1700 -0.9825 -0.0762
vn 0.2027 -0.9753 -0.0878
vn 0.1982 -0.9684 -0.1515
vn -0.1121 -0.9786 -0.1725
vn -0.0607 -0.9776 -0.2017
vn -0.0936 -0.9717 -0.2169
vn -0.9767 0.0703 0.2029
vn -0.9910 -0.0534 0.1229
vn -0.8732 0.4497 0.1878
vn -0.9875 -0.1522 0.0403
vn -0.8267 0.5310 0.1859
vn -0.9458 0.1810 0.2697
vn -0.9597 -0.2659 0.0908
vn -0.9473 -0.3203 -0.0087
vn -0.9626 -0.1770 0.2051
vn -0.9454 -0.0769 0.3168
vn -0.8841 -0.4655 0.0413
vn -0.8794 -0.4712 -0.0672
vn -0.8808 -0.4370 0.1823
vn -0.7025 -0.7015 0.1200
vn -0.7240 -0.6880 -0.0496
vn -0.7356 -0.6566 -0.1665
vn -0.8623 -0.3755 0.3397
vn -0.6717 -0.6669 0.3226
vn -0.5069 -0.8497 -0.1455
vn -0.5199 -0.8082 -0.2765
vn -0.4925 -0.8686 0.0552
vn -0.0435 -0.9618 -0.2702
vn 0.0118 -0.9050 -0.4252
vn -0.4711 -0.8318 0.2936
vn -0.7361 -0.6285 -0.2512
vn -0.5274 -0.7681 -0.3631
vn 0.0444 -0.8546 -0.5174
vn 0.4249 -0.5720 -0.7016
vn 0.4780 -0.6513 -0.5893
vn 0.7990 -0.1459 -0.5834
vn 0.7056 -0.0289 -0.7080
vn 0.8497 0.1153 -0.5145
vn 0.7396 0.1703 -0.6512
vn 0.7805 -0.4586 -0.4248
vn 0.7292 -0.5589 -0.3947
vn -0.1394 -0.7178 -0.6821
vn -0.0129 -0.7774 -0.6289
vn 0.8154 -0.4252 -0.3927
vn -0.1314 -0.7930 0.5948
vn -0.1849 -0.8437 0.5040
vn -0.2332 -0.7361 0.6354
vn -0.1420 -0.6565 0.7408
vn -0.0422 -0.8382 0.5437
vn -0.1173 -0.7010 0.7035
vn 0.9847 0.1372 -0.1077
vn 0.5228 -0.7386 -0.4257
vn 0.2294 -0.9184 0.3224
vn 0.2016 -0.9329 0.2984
vn -0.0054 -0.9506 0.3102
vn 0.3052 -0.7990 -0.5181
vn 0.2325 -0.8483 -0.4758
vn 0.0833 -0.9322 -0.3523
vn 0.6429 0.2123 -0.7360
vn 0.4875 0.1779 -0.8548
vn 0.4891 0.2741 -0.8280
vn 0.4727 0.3614 -0.8037
vn 0.6375 0.2977 -0.7106
vn 0.4280 0.3374 0.8384
vn 0.1235 0.5753 0.8086
vn -0.0312 0.6732 0.7388
vn 0.2873 0.3371 0.8966
vn -0.1814 0.6466 0.7410
vn -0.2998 0.5010 0.8119
vn 0.3485 0.4190 0.8385
vn -0.2532 0.8060 0.5350
vn -0.1446 0.8414 0.5206
vn -0.3735 -0.9264 0.0482
vn -0.2230 -0.9745 0.0241
vn -0.2886 -0.9533 0.0887
vn 0.3310 -0.8968 -0.2934
vn 0.1820 -0.9575 -0.2239
vn 0.1617 -0.9313 -0.3265
vn 0.1753 -0.8923 -0.4160
vn 0.2864 -0.9057 -0.3125
vn 0.3644 -0.8802 -0.3041
vn -0.7751 0.1840 0.6045
vn -0.8155 0.0530 0.5763
vn -0.8775 0.0970 0.4696
vn -0.7785 0.1163 0.6168
vn -0.7195 0.2869 0.6324
vn 0.8922 0.3122 0.3263
vn 0.2380 -0.1689 0.9565
vn 0.3063 -0.2961 0.9047
vn 0.2412 -0.2131 0.9468
vn 0.3222 -0.1936 0.9267
vn 0.1619 0.0218 0.9866
vn 0.1369 -0.0815 0.9872
vn 0.2044 -0.0909 0.9746
vn 0.2136 -0.9028 0.3732
vn 0.6720 -0.4461 0.5910
vn 0.6823 -0.3789 0.6252
vn 0.5978 -0.3770 0.7075
vn 0.5240 -0.4869 0.6988
vn 0.5239 -0.5400 0.6587
vn 0.5303 -0.8249 0.1956
vn 0.9414 0.1388 0.3074
vn 0.9232 -0.0698 0.3778
vn 0.9373 -0.2060 0.2811
vn 0.9618 -0.0441 0.2701
vn 0.4923 -0.6716 0.5537
vn 0.9019 -0.3338 0.2742
vn 0.5067 -0.8337 0.2197
vn 0.8237 -0.5428 0.1636
vn -0.0992 0.1321 0.9863
vn -0.0322 -0.4214 0.9063
vn 0.4451 -0.4789 0.7567
vn 0.3494 -0.3083 0.8848
vn 0.2940 -0.2819 0.9133
vn 0.0280 -0.3603 0.9324
vn -0.0024 -0.4406 0.8977
vn -0.0372 -0.5260 0.8497
vn 0.4051 -0.3522 0.8437
vn -0.0017 0.5331 0.8460
vn -0.1713 -0.1182 0.9781
vn -0.1338 0.3363 0.9322
vn -0.1588 0.1360 0.9779
vn -0.2208 0.1648 0.9613
vn -0.2075 -0.1698 0.9634
vn -0.0961 0.5145 0.8521
vn -0.0499 0.7022 0.7102
vn 0.0629 0.7703 0.6346
vn -0.5031 0.4085 -0.7616
vn -0.7391 0.1909 -0.6460
vn -0.6752 0.2540 -0.6925
vn -0.5896 0.3572 -0.7244
vn -0.5847 0.6974 -0.4144
vn -0.4197 0.7846 -0.4563
vn -0.2465 0.7710 -0.5872
vn -0.4189 0.4521 -0.7875
vn -0.3736 0.4789 -0.7944
vn -0.3496 0.5048 -0.7893
vn -0.5330 0.3830 -0.7545
vn 0.0865 -0.7377 0.6696
vn -0.9217 -0.3496 -0.1680
vn -0.9348 -0.3430 -0.0919
vn -0.8699 -0.4688 -0.1533
vn -0.8380 -0.4212 -0.3470
vn -0.8954 -0.3380 -0.2900
vn 0.1757 -0.8473 0.5011
vn 0.5832 -0.5342 0.6119
vn 0.0873 -0.6985 0.7103
vn 0.4427 -0.5005 0.7440
vn -0.1102 -0.4342 0.8940
vn 0.2338 -0.2259 0.9457
vn -0.1954 -0.3462 0.9176
vn 0.7916 -0.0553 0.6085
vn 0.8174 -0.0139 0.5759
vn 0.7537 0.0930 0.6506
vn 0.2237 -0.0301 0.9742
vn 0.3170 0.1372 0.9385
vn -0.3106 -0.1951 0.9303
vn -0.3316 -0.0474 0.9422
vn -0.3439 0.2356 0.9090
vn 0.2997 0.3633 0.8822
vn -0.3331 0.1876 0.9240
vn -0.3008 -0.1255 0.9454
vn -0.7681 -0.3562 0.5320
vn -0.7834 -0.4642 0.4134
vn -0.7841 -0.4912 0.3793
vn -0.7871 -0.4612 0.4096
vn -0.7812 -0.4916 0.3848
vn -0.8043 -0.4861 0.3417
vn -0.8079 -0.4428 0.3888
vn -0.7988 -0.4279 0.4228
vn -0.8932 -0.4049 0.1958
vn -0.3268 -0.2005 0.9236
vn -0.2617 -0.3097 0.9141
vn 0.9150 0.2705 0.2994
vn -0.8903 -0.3557 0.2844
vn -0.6173 -0.4687 0.6318
vn 0.8801 0.4746 -0.0095
vn 0.8929 0.2397 0.3811
vn 0.6093 0.5920 -0.5276
vn 0.4452 0.4218 -0.7899
vn 0.4384 0.2143 -0.8729
vn -0.5673 -0.4706 -0.6758
vn -0.3988 -0.0604 -0.9150
vn -0.5090 -0.1253 -0.8516
vn -0.5896 -0.1345 -0.7964
vn -0.6580 -0.2999 -0.6907
vn -0.6168 -0.3775 -0.6906
vn 0.5543 -0.0971 -0.8266
vn 0.5161 0.0375 -0.8557
vn 0.5893 -0.2017 -0.7823
vn 0.2252 -0.1083 -0.9683
vn 0.3505 -0.1179 -0.9291
vn 0.5582 -0.1814 -0.8096
vn 0.7213 -0.4001 -0.5654
vn 0.6582 -0.3505 -0.6663
vn 0.7454 -0.3779 -0.5492
vn -0.0071 0.3472 0.9377
vn -0.1833 0.3675 0.9118
vn -0.9486 0.1768 0.2623
vn -0.9864 0.1120 0.1199
vn -0.9876 -0.0178 0.1563
vn -0.9654 0.0281 0.2592
vn -0.9542 0.0350 0.2972
vn 0.4653 0.2994 -0.8330
vn 0.4925 0.4608 -0.7383
vn -0.9537 -0.2975 -0.0444
vn -0.9290 -0.3700 -0.0063
vn -0.9005 -0.4330 -0.0411
vn -0.3381 -0.6380 0.6918
vn -0.2938 -0.5704 0.7670
vn -0.2503 -0.5189 0.8174
vn -0.2372 -0.4374 0.8674
vn -0.9707 -0.1235 -0.2059
vn 0.5488 0.0588 -0.8339
vn 0.4708 0.4916 -0.7326
vn 0.5454 0.5006 -0.6723
vn 0.6469 0.1562 -0.7464
vn 0.1838 -0.1010 0.9778
vn -0.0008 -0.1952 0.9808
vn 0.1575 -0.1049 0.9819
vn 0.6992 -0.6822 -0.2139
vn 0.8024 -0.5600 -0.2062
vn 0.7335 -0.6315 -0.2515
vn 0.6093 -0.7640 -0.2122
vn 0.3133 -0.9493 -0.0267
vn 0.3658 -0.9294 -0.0494
vn 0.3583 -0.9177 -0.1714
vn 0.3143 -0.9369 -0.1533
vn 0.8721 -0.3090 -0.3795
vn 0.8937 -0.4375 0.0991
vn 0.7778 -0.6282 0.0186
vn 0.8497 -0.5023 0.1603
vn 0.7962 -0.6023 -0.0570
vn 0.8383 -0.5182 -0.1694
vn 0.8575 -0.4979 0.1294
vn 0.9115 -0.4056 0.0681
vn 0.8639 -0.4208 -0.2767
vn 0.6258 -0.2727 -0.7308
vn 0.9568 -0.2907 -0.0053
vn 0.8845 -0.3020 -0.3557
vn 0.9273 -0.3389 0.1591
vn 0.8820 -0.4403 0.1682
vn 0.7896 -0.5907 0.1663
vn 0.8138 -0.5610 0.1514
vn 0.9469 -0.2667 0.1795
vn 0.9692 -0.1642 0.1833
vn 0.9638 -0.2342 0.1276
vn 0.9827 -0.1612 0.0916
vn 0.9803 -0.1893 -0.0569
vn 0.3086 -0.2614 -0.9146
vn 0.2884 -0.2504 -0.9242
vn 0.9017 -0.1758 -0.3949
vn 0.9095 -0.0432 -0.4135
vn 0.8839 0.0700 -0.4623
vn 0.4720 0.1332 -0.8715
vn 0.9925 -0.0920 -0.0810
vn 0.9956 0.0138 -0.0930
vn 0.8323 0.1660 -0.5288
vn 0.9872 0.1081 -0.1175
vn 0.7346 0.3288 -0.5935
vn -0.5691 -0.4920 0.6589
vn -0.5451 -0.5564 0.6271
vn -0.2478 -0.3194 0.9146
vn -0.2722 -0.2529 0.9284
vn 0.9955 0.0642 0.0700
vn 0.9977 -0.0209 0.0638
vn 0.9925 -0.1035 0.0644
vn 0.9808 0.0972 0.1690
vn 0.9879 0.0498 0.1466
vn 0.9854 0.0919 0.1432
vn 0.9909 -0.0015 0.1343
vn 0.9738 -0.1111 0.1986
vn 0.9784 -0.0450 0.2020
vn 0.9713 -0.0301 0.2359
vn 0.9801 0.0157 0.1981
vn 0.9853 0.1371 0.1021
vn 0.9919 0.0960 0.0836
vn 0.9811 0.1161 0.1549
vn 0.9795 0.0384 0.1979
vn -0.8495 -0.3508 -0.3940
vn -0.8898 -0.4510 -0.0703
vn -0.9362 -0.3380 -0.0959
vn -0.9548 -0.2784 -0.1043
vn -0.8729 -0.2242 -0.4333
vn -0.8688 -0.2675 -0.4167
vn 0.6681 -0.7349 -0.1162
vn 0.5434 -0.8370 -0.0652
vn 0.3610 -0.8889 -0.2822
vn 0.4836 -0.8361 -0.2591
vn 0.9609 0.2197 -0.1684
vn 0.8915 0.2840 -0.3529
vn 0.8973 0.3426 -0.2783
vn 0.9608 0.2545 -0.1097
vn 0.8291 0.3120 -0.4639
vn 0.8364 0.3853 -0.3899
vn 0.8773 0.2212 -0.4259
vn 0.8165 0.2245 -0.5319
vn 0.6717 -0.5706 0.4725
vn 0.2764 -0.8220 0.4979
vn 0.4423 -0.6866 0.5771
vn 0.6140 -0.6190 0.4897
vn 0.0796 -0.5798 0.8109
vn 0.3619 -0.5645 0.7419
vn 0.7525 0.2398 -0.6133
vn 0.7601 0.3407 -0.5533
vn 0.8395 0.3581 -0.4086
vn 0.8110 0.2881 -0.5092
vn 0.8874 0.3998 -0.2295
vn 0.3727 0.3069 -0.8757
vn 0.3478 0.4031 -0.8465
vn 0.2346 0.3331 -0.9132
vn 0.1998 0.4379 -0.8765
vn 0.3570 0.3502 0.8660
vn 0.2987 0.4047 0.8643
vn 0.3038 0.2388 0.9223
vn 0.1914 0.2983 0.9351
vn 0.1568 0.2930 0.9432
vn 0.0617 0.3480 -0.9355
vn 0.0139 0.4587 -0.8885
vn -0.0319 0.2451 -0.9690
vn -0.0759 0.3443 -0.9358
vn -0.1564 0.2207 -0.9627
vn -0.1990 0.3200 -0.9263
vn -0.4230 0.0617 -0.9040
vn -0.3279 0.1402 -0.9343
vn -0.2923 -0.0038 -0.9563
vn -0.4018 -0.0848 -0.9118
vn -0.5103 -0.0313 -0.8594
vn -0.4948 -0.1695 -0.8523
vn -0.5552 -0.2347 -0.7979
vn -0.5982 -0.1441 -0.7883
vn 0.0634 0.1334 -0.9890
vn 0.1222 0.0647 -0.9904
vn 0.2584 0.0978 -0.9611
vn 0.1923 -0.0361 -0.9807
vn 0.2512 -0.1158 -0.9610
vn 0.2823 0.5553 0.7823
vn 0.2305 0.6514 0.7229
vn -0.4360 -0.4404 -0.7848
vn -0.4852 -0.2510 -0.8376
vn 0.4875 -0.0026 -0.8731
vn 0.5460 -0.0769 -0.8343
vn 0.4477 -0.1382 -0.8834
vn 0.3852 -0.0553 -0.9212
vn 0.6022 -0.1975 -0.7735
vn 0.5220 -0.2733 -0.8080
vn 0.6621 -0.1175 -0.7402
vn -0.8954 -0.4201 -0.1473
vn -0.8905 -0.4449 -0.0952
vn -0.8710 -0.4876 -0.0605
vn 0.6836 0.4815 -0.5485
vn -0.0833 -0.7916 -0.6053
vn 0.0630 -0.7353 -0.6748
vn 0.1151 -0.8026 -0.5853
vn 0.2059 -0.8419 -0.4988
vn 0.3003 -0.8155 -0.4947
vn 0.2525 -0.7533 -0.6073
vn 0.1950 -0.6695 -0.7167
vn 0.0973 -0.5100 -0.8547
vn 0.2375 -0.4425 -0.8647
vn 0.0144 -0.3609 -0.9325
vn 0.1574 -0.2908 -0.9438
vn 0.3150 -0.2095 -0.9257
vn 0.3997 -0.3538 -0.8456
vn 0.8243 -0.2663 -0.4997
vn 0.7404 0.0345 -0.6713
vn 0.2046 -0.5541 -0.8069
vn 0.3884 -0.3571 -0.8495
vn 0.2508 -0.6294 -0.7355
vn 0.2833 -0.6540 -0.7014
vn -0.2466 0.1892 -0.9505
vn -0.2865 0.2872 -0.9140
vn -0.3307 0.4030 -0.8533
vn -0.2413 0.4367 -0.8667
vn -0.5530 0.4743 -0.6850
vn -0.4658 0.5390 -0.7018
vn -0.4457 0.4541 -0.7714
vn -0.5329 0.3825 -0.7548
vn -0.9741 -0.1801 0.1369
vn -0.9262 -0.2303 0.2987
vn -0.9761 -0.2027 -0.0789
vn -0.9960 -0.0895 0.0040
vn -0.9622 -0.2086 0.1751
vn -0.9351 -0.2710 0.2284
vn 0.7509 0.3301 -0.5720
vn 0.7881 0.3706 -0.4915
vn 0.9131 0.2737 -0.3022
vn 0.7853 0.2734 -0.5555
vn 0.6026 0.3687 -0.7078
vn -0.2643 0.9523 -0.1525
vn -0.2670 0.9325 -0.2433
vn -0.3709 0.8981 -0.2364
vn -0.4443 0.8661 -0.2291
vn -0.4313 0.9006 -0.0537
vn -0.2607 0.9627 -0.0725
vn -0.5923 -0.6377 -0.4925
vn -0.7474 -0.5272 -0.4043
vn 0.8131 -0.4382 0.3832
vn 0.8663 -0.4143 0.2792
vn 0.4062 -0.8877 0.2168
vn 0.4010 -0.8926 0.2060
vn 0.4630 -0.8861 -0.0208
vn 0.7970 -0.5214 0.3048
vn -0.3304 0.6067 0.7230
vn -0.3803 0.6649 0.6429
vn -0.1516 0.6011 0.7847
vn -0.7364 -0.4178 0.5321
vn -0.6398 -0.5616 0.5246
vn -0.5903 -0.5797 0.5617
vn -0.6860 -0.4282 0.5883
vn 0.6761 0.6977 -0.2368
vn 0.2190 0.6817 -0.6981
vn 0.1480 0.0344 0.9884
vn 0.1143 0.0555 0.9919
vn 0.1378 0.1466 0.9795
vn 0.3996 -0.1065 0.9105
vn 0.2585 0.1430 0.9554
vn 0.2668 -0.2010 0.9426
vn 0.2787 -0.3091 0.9093
vn 0.2415 -0.0324 0.9699
vn 0.1486 0.0155 0.9888
vn 0.1979 -0.2520 0.9473
vn -0.0091 0.0175 0.9998
vn 0.4626 0.0240 0.8862
vn 0.4058 0.2489 0.8794
vn 0.4966 -0.3681 0.7861
vn 0.4868 -0.3025 0.8195
vn 0.5094 0.1650 0.8446
vn 0.4970 0.3222 0.8057
vn 0.5284 -0.1353 0.8381
vn 0.6322 0.0921 0.7693
vn 0.7460 0.1082 0.6571
vn 0.8015 0.0679 0.5941
vn -0.0241 -0.9904 0.1362
vn 0.7303 -0.6771 0.0905
vn 0.0875 -0.7203 0.6881
vn 0.6442 -0.7032 0.3008
vn 0.2654 -0.6612 0.7017
vn 0.2115 -0.6011 0.7707
vn 0.1023 -0.5862 0.8037
vn 0.0399 -0.6803 0.7318
vn 0.6315 -0.5228 0.5726
vn 0.7035 -0.4509 0.5493
vn 0.5122 -0.3951 0.7626
vn 0.5385 -0.3873 0.7483
vn 0.6166 -0.0763 0.7835
vn 0.7663 0.0291 0.6418
vn 0.7502 -0.2565 0.6095
vn 0.5698 -0.3310 0.7521
vn 0.9300 -0.0829 0.3581
vn 0.9032 -0.2961 0.3108
vn 0.7369 -0.3742 0.5630
vn -0.9683 0.2495 -0.0103
vn -0.4734 0.8808 0.0102
vn -0.5519 0.8339 -0.0002
vn -0.6179 0.7858 0.0276
vn -0.6874 0.6865 0.2370
vn -0.7066 -0.3501 0.6150
vn -0.5708 -0.5314 0.6259
vn -0.9724 -0.1272 0.1954
vn -0.8473 -0.2063 0.4894
vn -0.7830 -0.1945 0.5908
vn -0.8244 -0.2275 0.5182
vn 0.6053 0.7195 0.3404
vn 0.3559 0.2502 0.9004
vn 0.6335 0.4628 0.6201
vn 0.5817 0.3812 0.7186
vn 0.6717 0.5063 0.5408
vn 0.6546 0.5770 0.4885
vn 0.5227 0.5848 0.6203
vn 0.5490 0.5285 0.6475
vn 0.6089 0.5396 0.5815
vn 0.6163 0.4900 0.6165
vn 0.6399 0.5380 0.5487
vn 0.3640 0.2451 0.8986
vn 0.4081 0.2032 0.8900
vn 0.7132 0.4250 0.5575
vn 0.6627 0.5062 0.5518
vn 0.8181 0.5567 0.1441
vn 0.8236 0.5332 -0.1935
vn 0.8818 0.4562 -0.1195
vn 0.8416 0.5186 0.1509
vn 0.7536 0.6094 -0.2464
vn 0.7927 0.4541 -0.4067
vn 0.6858 0.6557 -0.3158
vn -0.2768 0.7859 0.5530
vn -0.4262 0.7110 0.5593
vn 0.9168 0.3478 -0.1962
vn 0.8114 0.4173 -0.4092
vn -0.8045 -0.5172 0.2920
vn -0.8281 -0.5172 0.2163
vn 0.9553 0.2955 -0.0060
vn -0.1945 -0.8623 -0.4675
vn -0.8554 -0.5028 0.1241
vn -0.7875 -0.6030 0.1275
vn -0.5804 0.3168 -0.7502
vn -0.5294 0.3034 -0.7922
vn -0.4779 0.2485 -0.8426
vn -0.7624 0.1527 -0.6289
vn -0.7814 0.1896 -0.5945
vn 0.4373 0.2261 0.8704
vn 0.1238 0.0651 0.9902
vn 0.1822 0.0298 0.9828
vn 0.4624 0.1445 0.8748
vn 0.6822 0.4725 -0.5580
vn 0.1900 0.5428 -0.8181
vn 0.1775 0.5936 -0.7850
vn 0.1704 0.6361 -0.7526
vn 0.1287 0.6887 -0.7135
vn 0.4646 0.6758 -0.5722
vn 0.9504 0.2787 0.1381
vn 0.9513 0.1907 -0.2422
vn -0.9451 -0.3063 0.1139
vn -0.9236 -0.3830 -0.0158
vn -0.9758 -0.2124 0.0520
vn -0.9648 -0.2611 -0.0321
vn -0.9458 -0.3045 -0.1128
vn 0.7650 0.4266 -0.4825
vn 0.6950 0.4671 -0.5465
vn 0.6957 0.5499 -0.4622
vn 0.6961 0.3734 -0.6132
vn 0.6231 0.5063 -0.5962
vn 0.6173 0.5958 -0.5138
vn 0.6315 0.4075 -0.6597
vn 0.5444 0.5423 -0.6400
vn 0.5305 0.6393 -0.5567
vn 0.4224 0.5894 -0.6886
vn 0.3977 0.6944 -0.5997
vn -0.9065 -0.1382 -0.3989
vn -0.8813 -0.0221 -0.4721
vn -0.8327 -0.1203 -0.5404
vn -0.8629 -0.2934 -0.4115
vn -0.9152 -0.2152 -0.3408
vn 0.2818 0.6371 -0.7175
vn 0.2525 0.7433 -0.6195
vn 0.4489 0.4808 -0.7532
vn 0.3152 0.5256 -0.7902
vn 0.1591 0.5568 -0.8153
vn 0.1212 0.6648 -0.7372
vn -0.0355 0.5619 -0.8264
vn -0.0747 0.6576 -0.7497
vn -0.1223 0.4590 -0.8800
vn -0.2387 0.7435 -0.6247
vn -0.1023 0.7666 -0.6339
vn -0.3476 0.7139 -0.6079
vn 0.0931 0.7714 -0.6295
vn -0.1186 0.8494 -0.5143
vn 0.0735 0.8493 -0.5227
vn 0.2293 0.8241 -0.5180
vn 0.0582 0.9130 -0.4037
vn 0.2122 0.8918 -0.3996
vn 0.0471 0.9617 -0.2702
vn 0.2009 0.9430 -0.2652
vn 0.3754 0.7809 -0.4993
vn 0.3404 0.9079 -0.2445
vn 0.3557 0.8546 -0.3784
vn 0.1933 0.9660 -0.1717
vn 0.4907 0.8003 -0.3446
vn 0.5137 0.7233 -0.4615
vn 0.4642 0.8584 -0.2184
vn 0.5654 0.7999 -0.2012
vn 0.5941 0.7401 -0.3152
vn 0.6108 0.6691 -0.4234
vn 0.1780 -0.4838 0.8569
vn 0.1864 -0.5136 0.8375
vn 0.0813 -0.2557 0.9633
vn -0.0730 -0.2232 0.9720
vn -0.1227 -0.2672 0.9558
vn -0.2291 -0.3032 0.9250
vn -0.6907 -0.6073 0.3926
vn -0.5785 -0.7921 0.1948
vn -0.4741 -0.6821 0.5568
vn 0.6673 0.7235 -0.1768
vn 0.7341 0.6733 -0.0879
vn -0.7660 -0.1718 0.6194
vn -0.6418 -0.1098 0.7590
vn -0.6986 -0.0578 0.7132
vn 0.1501 0.6124 -0.7762
vn 0.2602 0.6358 -0.7267
vn 0.2883 0.6413 -0.7111
vn 0.7044 -0.5469 -0.4524
vn 0.5218 -0.6382 -0.5660
vn 0.5750 -0.5217 -0.6302
vn 0.5347 -0.5590 -0.6337
vn 0.8747 0.4581 0.1581
vn 0.8578 0.4859 0.1676
vn 0.7894 0.5859 0.1832
vn 0.8174 0.5349 0.2137
vn 0.3342 -0.9397 0.0722
vn 0.4035 -0.8897 -0.2136
vn 0.3667 -0.8859 -0.2842
vn 0.3495 -0.8822 -0.3155
vn 0.5153 -0.8346 0.1948
vn 0.4449 -0.8617 0.2440
vn 0.9495 0.2417 0.2002
vn 0.9593 0.2067 0.1923
vn 0.9518 0.2419 0.1884
vn 0.9722 0.1815 0.1476
vn 0.9588 0.2568 0.1214
vn 0.9328 0.3503 0.0845
vn 0.9502 0.2932 0.1054
vn 0.9430 0.3266 -0.0645
vn -0.7501 0.0226 0.6609
vn -0.7887 0.0740 0.6103
vn -0.8310 -0.0704 0.5518
vn -0.8383 -0.2417 0.4887
vn -0.8311 -0.3166 0.4572
vn -0.8574 -0.2783 0.4330
vn 0.6737 0.6983 0.2418
vn 0.5561 0.7724 0.3068
vn 0.5826 0.7171 0.3826
vn 0.7011 0.6481 0.2974
vn 0.6496 0.7366 0.1885
vn 0.5367 0.8114 0.2314
vn 0.6276 0.7701 0.1145
vn -0.9270 0.0410 0.3727
vn -0.0776 -0.5368 0.8402
vn -0.8898 0.3974 0.2244
vn -0.3232 0.0842 -0.9426
vn -0.4202 0.1173 -0.8998
vn -0.4361 0.1490 -0.8875
vn -0.0616 0.2687 -0.9612
vn -0.2805 -0.0426 -0.9589
vn -0.7926 0.6080 0.0465
vn -0.8091 0.5866 -0.0346
vn -0.8886 0.4586 0.0079
vn 0.8240 0.4554 -0.3370
vn 0.6024 0.4282 -0.6737
vn 0.4845 0.5226 -0.7015
vn 0.3954 0.4900 -0.7769
vn 0.6278 0.6752 -0.3873
vn 0.6992 0.6298 -0.3383
vn -0.1462 0.9753 -0.1654
vn 0.0376 0.9838 -0.1752
vn -0.1389 0.9564 -0.2569
vn -0.2676 0.8881 -0.3736
vn -0.2585 0.8280 -0.4975
vn -0.3701 0.7959 -0.4791
vn -0.3774 0.8523 -0.3622
vn -0.1305 0.9117 -0.3896
vn -0.6723 0.7403 0.0028
vn -0.1245 0.9763 0.1770
vn -0.1000 0.9549 0.2796
vn 0.0408 0.9692 0.2428
vn 0.0319 0.9882 0.1496
vn -0.7495 -0.5812 -0.3170
vn -0.8028 -0.5350 -0.2631
vn -0.7975 -0.4872 -0.3559
vn 0.3219 0.8889 0.3259
vn 0.1986 0.9041 0.3785
vn 0.2278 0.8535 0.4687
vn 0.3485 0.8391 0.4176
vn 0.4656 0.8089 0.3590
vn 0.4430 0.8542 0.2723
vn 0.1110 0.8503 0.5144
vn 0.1495 0.7873 0.5982
vn 0.2700 0.7900 0.5505
vn 0.0811 0.9009 0.4265
vn 0.3900 0.7743 0.4984
vn -0.6508 0.1991 0.7326
vn -0.6290 0.1410 0.7645
vn -0.5420 0.2433 0.8044
vn -0.5713 0.3048 0.7621
vn -0.6103 0.3772 0.6966
vn -0.6847 0.2702 0.6769
vn -0.8050 -0.5884 0.0759
vn -0.7595 -0.6495 0.0358
vn 0.3580 0.6656 0.6548
vn 0.4091 0.5781 0.7060
vn 0.3182 0.7220 0.6144
vn 0.1937 0.7147 0.6721
vn 0.4769 0.6597 0.5808
vn 0.5974 -0.8018 0.0155
vn 0.6522 -0.7486 0.1191
vn 0.4896 -0.8634 0.1218
vn 0.5759 -0.7259 0.3761
vn 0.5731 -0.6312 0.5226
vn 0.7055 -0.3635 0.6084
vn 0.7892 -0.4875 0.3734
vn 0.7601 -0.5784 0.2962
vn -0.5899 0.0629 0.8051
vn 0.4438 0.5091 0.7374
vn 0.3205 0.4779 0.8179
vn 0.3573 0.3877 0.8497
vn 0.4729 0.4324 0.7677
vn -0.7300 0.3333 0.5967
vn -0.7935 0.2184 0.5680
vn -0.8345 0.1202 0.5377
vn 0.8448 -0.3327 -0.4192
vn 0.0620 0.6839 0.7270
vn 0.0192 0.7609 0.6486
vn -0.0191 0.6554 0.7550
vn -0.0164 0.8261 0.5634
vn -0.0451 0.8780 0.4766
vn -0.1286 0.8505 0.5100
vn -0.0714 0.9200 0.3853
vn 0.0590 0.9394 0.3377
vn 0.1660 0.2082 0.9639
vn 0.2340 0.3285 0.9151
vn 0.1626 0.2840 0.9449
vn 0.1038 0.2445 0.9641
vn 0.1206 0.1511 0.9811
vn 0.9195 0.3928 -0.0147
vn 0.8610 0.4771 0.1761
vn 0.1791 -0.7949 -0.5798
vn 0.2634 -0.8084 -0.5265
vn 0.3507 -0.8205 -0.4514
vn 0.4382 -0.7573 -0.4842
vn 0.4073 -0.6986 -0.5883
vn 0.3138 -0.6836 -0.6590
vn 0.1261 -0.6876 -0.7150
vn 0.1341 -0.7238 -0.6768
vn 0.7459 0.6497 -0.1467
vn 0.6961 0.6117 -0.3759
vn 0.6875 0.6708 -0.2782
vn 0.4694 -0.8538 -0.2252
vn 0.4864 -0.8565 -0.1726
vn 0.0250 -0.9970 0.0727
vn 0.0360 -0.9884 -0.1476
vn 0.0583 -0.9419 -0.3308
vn 0.1520 -0.8448 -0.5130
vn 0.3240 -0.8039 -0.4988
vn 0.4253 -0.7377 -0.5243
vn 0.5191 -0.7883 -0.3302
vn 0.5312 -0.8171 -0.2239
vn 0.5952 -0.7946 -0.1195
vn 0.5799 -0.8026 -0.1402
vn 0.8419 -0.5366 -0.0577
vn 0.7952 -0.6043 0.0499
vn -0.5146 0.8307 -0.2126
vn -0.6049 0.7740 -0.1872
vn -0.5973 0.7961 -0.0973
vn -0.5859 0.8101 -0.0185
vn 0.7538 -0.6492 0.1015
vn 0.8155 -0.5019 0.2883
vn 0.8501 -0.5096 0.1328
vn 0.7963 -0.1927 0.5734
vn 0.7449 -0.1294 0.6546
vn 0.8259 0.0758 0.5588
vn 0.9128 0.0487 0.4054
vn 0.9104 -0.1129 0.3980
vn 0.6814 -0.1071 0.7240
vn 0.6617 0.4435 0.6045
vn -0.2738 -0.5551 0.7854
vn -0.6755 -0.4755 0.5635
vn -0.3513 -0.4253 0.8341
vn -0.7258 -0.6650 0.1762
vn -0.2390 -0.9368 -0.2556
vn -0.2767 -0.9374 -0.2115
vn -0.7012 -0.6387 0.3169
vn 0.5789 -0.8120 0.0741
vn 0.4790 -0.8626 0.1626
vn 0.4237 -0.8881 0.1783
vn 0.2527 0.0906 0.9633
vn 0.4630 0.1471 0.8741
vn 0.0580 0.2015 0.9778
vn 0.0466 0.2456 0.9682
vn -0.3253 -0.7941 -0.5134
vn -0.2702 -0.8681 -0.4165
vn -0.3704 -0.4556 -0.8094
vn -0.3672 -0.7381 -0.5660
vn 0.4110 -0.6486 0.6406
vn 0.5167 -0.6124 0.5983
vn 0.3938 -0.2311 0.8897
vn 0.2849 -0.2801 0.9167
vn 0.1050 -0.7675 -0.6324
vn 0.0209 -0.7521 -0.6587
vn 0.5897 -0.2170 0.7779
vn 0.7372 -0.3027 0.6041
vn 0.6545 0.1129 0.7476
vn 0.6962 0.3251 0.6400
vn 0.5329 0.3660 0.7629
vn 0.7521 0.2196 0.6214
vn 0.6690 0.3841 0.6363
vn 0.6136 0.4391 0.6563
vn 0.8680 0.1852 0.4607
vn 0.8020 0.3917 0.4510
vn 0.9582 0.1754 0.2261
vn 0.8889 0.3934 0.2345
vn 0.9033 -0.1856 0.3869
vn 0.9582 -0.2359 0.1617
vn 0.9036 -0.4271 0.0344
vn 0.9808 0.0847 0.1755
vn 0.6636 -0.7480 0.0095
vn 0.5608 -0.8220 -0.0991
vn 0.7575 -0.6337 0.1567
vn 0.9983 -0.0303 0.0506
vn 0.9451 -0.1639 -0.2827
vn 0.9100 0.3439 0.2314
vn 0.3432 -0.8908 -0.2978
vn 0.4964 -0.7566 -0.4256
vn 0.6357 -0.7542 -0.1644
vn 0.6119 -0.7124 -0.3436
vn 0.8768 0.0843 0.4734
vn 0.9957 0.0843 -0.0389
vn 0.9392 -0.2871 -0.1886
vn 0.8321 -0.4153 0.3676
vn 0.7876 -0.5304 -0.3136
vn 0.1225 -0.4668 -0.8758
vn 0.4378 0.7098 0.5519
vn 0.8932 0.0751 -0.4433
vn 0.1996 0.0417 -0.9790
vn 0.0161 -0.0001 -0.9999
vn 0.2050 0.1804 -0.9620
vn 0.5932 0.1035 -0.7984
vn 0.6282 0.2778 -0.7268
vn 0.3943 0.1855 -0.9001
vn 0.4077 0.1279 -0.9041
vn 0.3015 0.0527 -0.9520
vn 0.0014 -0.2421 -0.9702
vn 0.1064 -0.3849 -0.9168
vn 0.5431 0.1020 -0.8334
vn 0.3189 0.0662 -0.9455
vn -0.0462 -0.1667 -0.9849
vn 0.3544 -0.0079 -0.9351
vn 0.3874 0.1022 -0.9162
vn 0.4075 -0.1588 -0.8993
vn -0.4378 -0.6797 -0.5885
vn -0.4891 0.6473 -0.5846
vn -0.5465 -0.7253 0.4186
vn -0.6160 -0.6963 0.3684
vn -0.4446 -0.7248 0.5263
vn -0.5715 -0.4947 0.6547
vn -0.4171 -0.5837 0.6967
vn 0.0626 0.0178 -0.9979
vn 0.0180 0.0207 -0.9996
vn -0.8326 -0.5531 -0.0297
vn -0.7120 -0.5972 -0.3693
vn 0.1912 -0.8464 -0.4970
vn -0.9396 -0.3414 -0.0247
vn -0.5404 0.8412 -0.0162
vn -0.9910 -0.0307 0.1304
vn 0.2455 0.9493 -0.1961
vn 0.3384 0.9314 -0.1344
vn -0.1957 0.8928 -0.4057
vn 0.0609 0.8815 -0.4682
vn 0.6601 0.7209 -0.2111
vn -0.9332 -0.3559 0.0492
vn -0.8879 -0.4514 0.0890
vn -0.8352 -0.5108 -0.2037
vn -0.8841 -0.3739 -0.2804
vn 0.7033 0.3607 -0.6126
vn 0.8340 0.4945 -0.2449
vn 0.8986 0.3866 -0.2076
vn 0.8058 0.2419 -0.5406
vn 0.8497 0.1177 -0.5139
vn -0.0195 -0.2958 -0.9550
vn 0.0692 -0.4595 -0.8855
vn -0.5072 0.7876 0.3499
vn 0.8758 -0.0309 -0.4817
vn 0.1586 -0.6131 -0.7739
vn -0.1274 -0.0739 -0.9891
vn 0.6613 0.0056 0.7501
vn 0.5491 0.0374 0.8349
vn 0.6372 0.0073 0.7706
vn 0.7726 0.0188 0.6346
vn 0.8036 -0.0321 0.5943
vn -0.4595 -0.8681 0.1877
vn -0.7580 -0.6225 0.1946
vn -0.9304 -0.3653 0.0298
vn -0.9007 -0.4314 0.0513
vn -0.8390 -0.5393 0.0724
vn 0.1259 -0.9846 0.1212
vn -0.4726 -0.8750 -0.1053
vn -0.5691 -0.8210 0.0459
vn -0.6646 -0.6995 -0.2628
vn -0.7523 -0.6588 -0.0035
vn -0.3795 0.2448 0.8922
vn -0.0812 -0.9107 -0.4051
vn -0.0801 -0.8348 -0.5447
vn 0.1454 -0.8168 -0.5583
vn -0.0282 -0.6083 -0.7932
vn 0.1490 -0.3463 -0.9262
vn 0.1540 -0.7616 -0.6294
vn 0.7255 0.6414 0.2495
vn 0.6077 0.7459 0.2726
vn 0.4519 0.4770 0.7538
vn 0.3090 -0.7870 -0.5340
vn 0.3354 -0.7218 -0.6054
vn 0.5092 -0.8056 -0.3028
vn 0.6822 -0.6442 -0.3460
vn 0.8821 -0.3615 -0.3021
vn -0.6623 -0.7014 -0.2635
vn -0.7723 -0.5914 -0.2321
vn -0.7017 -0.2545 -0.6654
vn -0.5652 -0.4234 -0.7080
vn -0.5024 0.7338 -0.4573
vn -0.5096 0.7903 -0.3402
vn -0.4204 -0.0726 0.9044
vn -0.3627 -0.2289 0.9034
vn 0.1701 0.1890 0.9671
vn -0.9202 -0.3619 0.1495
vn -0.9163 -0.3884 0.0978
vn -0.8889 -0.3673 0.2737
vn 0.6861 0.7088 -0.1638
vn -0.5628 -0.8240 0.0651
vn -0.6489 -0.7525 0.1125
vn -0.4292 -0.8016 0.4162
vn -0.7327 -0.6745 0.0906
vn -0.8111 -0.5707 0.1280
vn -0.7398 -0.6452 0.1909
vn -0.5428 -0.6004 0.5873
vn -0.4933 -0.6985 0.5184
vn -0.6082 -0.2422 0.7559
vn -0.6429 -0.1486 0.7514
vn -0.7659 0.1930 0.6133
vn -0.6399 0.6469 0.4147
vn -0.3201 0.3028 0.8977
vn -0.2718 0.6165 0.7389
vn 0.3674 0.3073 0.8778
vn -0.2060 0.0081 0.9785
vn -0.0328 -0.1825 0.9827
vn 0.4453 0.1926 0.8744
vn 0.5087 0.0641 0.8585
vn 0.1478 -0.3595 0.9214
vn 0.0874 -0.2806 0.9558
vn 0.5245 0.0041 0.8514
vn 0.5266 0.3703 0.7652
vn 0.1536 -0.4550 0.8771
vn 0.7148 0.2501 0.6530
vn 0.7800 0.2104 0.5894
vn 0.8803 0.2931 0.3730
vn 0.8435 0.3803 0.3793
vn 0.7836 0.4810 0.3933
vn 0.6465 0.2999 0.7015
vn 0.1490 -0.5428 0.8265
vn 0.4970 0.0339 0.8671
vn 0.5016 0.0161 0.8650
vn 0.5548 0.0396 0.8310
vn 0.1939 -0.5895 0.7841
vn 0.4035 -0.5450 0.7350
vn 0.6335 0.0964 0.7677
vn 0.7255 0.2102 0.6553
vn 0.6451 0.3274 0.6904
vn 0.7011 0.4068 0.5856
vn -0.1113 -0.3963 -0.9114
vn -0.5667 -0.1167 0.8156
vn -0.5140 -0.2439 0.8224
vn 0.2272 -0.1440 0.9631
vn 0.6145 -0.0909 0.7837
vn 0.5421 0.3874 0.7457
vn 0.4186 -0.6795 0.6026
vn 0.4327 -0.7216 0.5405
vn 0.6036 -0.3340 0.7240
vn 0.7122 0.3314 0.6189
vn 0.1869 -0.8447 0.5015
vn 0.9974 0.0714 0.0029
vn 0.9611 0.2745 -0.0298
vn 0.7595 0.6166 -0.2073
vn 0.7259 0.6238 -0.2898
vn 0.7211 0.6200 -0.3092
vn 0.6767 0.6071 -0.4165
vn 0.7303 0.5848 -0.3531
vn 0.6977 0.6184 -0.3617
vn 0.9375 0.3453 -0.0437
vn -0.8998 -0.0259 -0.4356
vn -0.6871 0.0457 -0.7251
vn -0.6323 -0.0042 -0.7747
vn -0.8595 -0.1305 -0.4942
vn -0.9611 0.0376 -0.2736
vn -0.9270 -0.2135 -0.3085
vn -0.8997 -0.2802 -0.3346
vn 0.8873 -0.2843 0.3631
vn 0.9715 0.1055 0.2122
vn 0.2759 -0.4938 0.8247
vn 0.2882 -0.2927 0.9118
vn 0.9174 0.2828 0.2800
vn 0.3411 -0.5899 0.7319
vn 0.2311 -0.1539 0.9607
vn 0.8791 0.3379 0.3362
vn 0.1151 0.1033 0.9880
vn 0.7943 0.4688 0.3864
vn -0.0308 0.3904 0.9201
vn 0.6891 0.5937 0.4155
vn -0.1821 0.6491 0.7386
vn 0.5167 0.7958 0.3157
vn 0.4330 0.8687 0.2404
vn 0.7001 0.7122 -0.0515
vn 0.8888 0.4554 -0.0522
vn 0.8536 0.5188 -0.0464
vn -0.8123 -0.4341 0.3896
vn -0.8814 -0.0568 -0.4689
vn -0.8185 -0.5675 0.0898
vn -0.8096 -0.5038 0.3013
vn 0.9027 0.4270 -0.0535
vn -0.0380 -0.1889 -0.9813
vn 0.0768 0.0381 -0.9963
vn 0.2285 -0.5367 -0.8122
vn 0.1506 -0.6681 -0.7286
vn 0.1644 -0.8097 -0.5634
vn 0.0610 -0.9224 -0.3813
vn 0.2998 -0.8672 -0.3977
vn 0.3530 -0.7472 -0.5631
vn 0.4754 0.4404 0.7616
vn 0.2812 -0.7912 -0.5431
vn -0.0299 -0.2413 0.9700
vn -0.0329 -0.2898 0.9565
vn 0.0380 -0.5789 0.8145
vn 0.3699 -0.3618 0.8557
vn 0.3039 -0.1006 0.9474
vn 0.2791 -0.0071 0.9602
vn -0.4147 -0.9070 0.0731
vn -0.4614 -0.7549 0.4662
vn -0.6915 -0.4718 0.5471
vn -0.5531 -0.2436 -0.7967
vn -0.7702 -0.3282 -0.5469
vn -0.6038 -0.5150 -0.6084
vn -0.9262 -0.1851 -0.3285
vn -0.9320 -0.1651 -0.3228
vn 0.6133 -0.7051 -0.3559
vn 0.5733 -0.7694 -0.2817
vn 0.4942 -0.8577 -0.1416
vn 0.5150 -0.8369 -0.1852
vn -0.9624 0.0086 -0.2714
vn -0.5403 0.3093 -0.7825
vn -0.7447 0.4285 -0.5117
vn -0.8522 0.5063 -0.1318
vn 0.0731 0.8356 -0.5444
vn 0.1826 0.9764 -0.1151
vn -0.8063 0.4569 0.3756
vn -0.7725 0.4144 0.4811
vn -0.7596 0.3956 0.5163
vn -0.7949 0.4038 0.4529
vn -0.8893 -0.2180 0.4021
vn -0.8122 0.5771 0.0855
vn -0.1641 0.9619 0.2188
vn 0.0131 0.9945 0.1042
vn -0.0725 0.9775 0.1981
vn -0.9930 0.0300 -0.1141
vn -0.9972 0.0748 0.0060
vn -0.6923 -0.4000 -0.6006
vn -0.6241 -0.2086 -0.7530
vn -0.8513 -0.4188 -0.3160
vn -0.7517 -0.5343 -0.3867
vn -0.9531 -0.2217 -0.2060
vn -0.9853 0.1431 0.0938
vn -0.9772 -0.2088 -0.0378
vn -0.9660 -0.2308 -0.1168
vn 0.7741 0.4457 -0.4496
vn 0.7973 0.4694 -0.3795
vn 0.8099 0.5038 -0.3005
vn 0.7208 0.6490 -0.2433
vn 0.7319 0.3241 -0.5994
vn 0.8363 0.3315 -0.4367
vn 0.7102 0.4401 -0.5495
vn -0.7041 -0.4196 -0.5729
vn 0.8987 -0.1527 0.4112
vn -0.8239 -0.5380 0.1781
vn -0.8340 -0.5394 0.1162
vn -0.8634 -0.4409 0.2452
vn -0.7940 -0.5487 0.2617
vn 0.9110 -0.1596 0.3804
vn 0.9786 -0.0653 0.1951
vn -0.2946 -0.8107 -0.5060
vn -0.3964 -0.7619 -0.5122
vn 0.7043 -0.1872 -0.6848
vn 0.7031 -0.0459 -0.7096
vn 0.4039 -0.9075 -0.1148
vn 0.4431 -0.8652 0.2349
vn 0.6465 0.4524 0.6143
vn -0.6142 -0.7861 0.0688
vn -0.6574 -0.7466 0.1022
vn -0.7249 -0.6681 0.1679
vn -0.5879 -0.7988 -0.1280
vn 0.7575 -0.0455 0.6513
vn 0.8109 -0.0571 0.5825
vn 0.8381 0.4527 -0.3044
vn 0.7855 0.5212 -0.3337
vn 0.6187 0.6313 -0.4677
vn 0.7007 0.0074 0.7134
vn -0.1316 -0.3855 -0.9133
vn 0.7561 0.5421 0.3665
vn 0.9565 -0.2496 -0.1509
vn 0.4514 -0.8738 0.1808
vn 0.6229 -0.7803 0.0550
vn 0.4465 -0.8941 0.0354
vn 0.4633 -0.8728 -0.1533
vn 0.6193 -0.7825 -0.0645
vn 0.6498 -0.7494 -0.1270
vn 0.0030 -0.8352 0.5500
vn -0.0121 -0.7981 0.6024
vn 0.0878 -0.7173 0.6912
vn 0.0591 -0.7912 0.6087
vn -0.1266 -0.7951 0.5931
vn -0.2978 0.0693 0.9521
vn -0.6321 0.2005 -0.7485
vn -0.5967 0.3325 -0.7303
vn -0.4744 0.4163 -0.7756
vn -0.4005 0.3365 -0.8523
vn -0.8611 -0.5029 0.0750
vn -0.1559 -0.5320 -0.8323
vn 0.2606 -0.9591 0.1105
vn 0.3444 -0.9330 0.1044
vn -0.9411 0.3340 0.0530
vn -0.6668 0.2371 0.7065
vn -0.7709 0.2201 0.5978
vn -0.8075 0.5023 0.3093
vn -0.7556 0.6058 0.2491
vn -0.2202 -0.2238 0.9494
vn -0.0565 -0.1322 0.9896
vn -0.2343 -0.0533 -0.9707
vn 0.0631 0.1328 -0.9891
vn 0.1819 0.0232 -0.9831
vn -0.0643 -0.3250 -0.9435
vn -0.1081 0.0260 -0.9938
vn 0.0650 0.3072 -0.9494
vn -0.9141 -0.4011 0.0599
vn -0.9048 -0.4150 0.0951
vn -0.7484 -0.1714 -0.6407
vn -0.2547 -0.1252 -0.9589
vn -0.1507 0.3202 -0.9353
vn -0.3596 0.1427 -0.9221
vn -0.7817 0.0180 -0.6234
vn -0.3414 -0.9189 -0.1975
vn 0.1978 -0.9140 0.3544
vn 0.3213 -0.9443 -0.0714
vn 0.5399 -0.7626 0.3562
vn 0.8163 -0.5758 0.0463
vn -0.9115 -0.3885 0.1353
vn -0.6024 -0.2817 -0.7469
vn -0.4859 -0.7421 -0.4616
vn -0.1852 -0.6853 -0.7043
vn -0.3909 -0.4824 -0.7839
vn -0.6594 -0.5287 -0.5345
vn -0.6825 -0.6513 -0.3315
vn -0.8715 -0.3374 -0.3558
vn -0.8942 -0.3928 -0.2148
vn -0.8141 -0.5516 -0.1816
vn -0.5354 0.8327 0.1411
vn -0.7725 0.6083 0.1821
vn -0.5878 0.8057 0.0738
vn -0.5989 0.7875 0.1458
vn -0.7614 0.6433 -0.0808
vn -0.8911 0.4132 0.1877
vn -0.7692 0.3293 0.5476
vn -0.4986 0.7055 0.5037
vn -0.3575 0.8769 0.3213
vn -0.7715 -0.6341 0.0522
vn -0.5158 -0.6794 0.5219
vn 0.3260 -0.5624 0.7599
vn -0.9458 0.3144 0.0815
vn -0.0942 -0.9120 0.3993
vn -0.1807 -0.9321 0.3138
vn -0.2610 -0.8933 0.3660
vn -0.2192 -0.8615 0.4580
vn 0.0382 -0.4850 0.8737
vn -0.0974 -0.4813 0.8711
vn -0.0163 -0.5588 0.8292
vn 0.2797 -0.9601 0.0015
vn 0.6300 -0.7751 0.0477
vn -0.7040 0.3733 0.6042
vn -0.6619 0.3401 0.6680
vn -0.4067 0.7185 0.5642
vn -0.3577 0.6974 0.6210
vn -0.3851 0.7511 0.5362
vn -0.3204 -0.1783 0.9304
vn -0.4555 -0.0547 0.8885
vn 0.3867 -0.9112 0.1418
vn -0.4899 -0.1591 0.8572
vn -0.6069 -0.1941 0.7707
vn -0.6147 -0.1474 0.7748
vn -0.5730 -0.1909 0.7970
vn -0.4213 -0.3279 0.8456
vn 0.0170 -0.9885 -0.1506
vn -0.0158 -0.9234 -0.3834
vn -0.3152 -0.9009 -0.2984
vn -0.2481 -0.9675 0.0495
vn -0.5037 -0.2684 -0.8211
vn -0.5291 -0.1650 -0.8323
vn -0.5462 -0.0748 -0.8343
vn -0.4007 -0.0087 -0.9162
vn -0.2672 -0.0580 -0.9619
vn -0.1469 -0.1414 -0.9790
vn -0.5060 -0.2996 0.8088
vn -0.8116 -0.0576 0.5814
vn -0.3494 -0.2437 0.9047
vn 0.6188 -0.1838 -0.7638
vn 0.7675 -0.4837 0.4206
vn -0.5638 -0.7692 0.3007
vn -0.4909 -0.8107 0.3190
vn 0.4925 -0.7781 -0.3898
vn 0.2653 -0.9605 0.0838
vn 0.4535 -0.8511 -0.2644
vn 0.1680 -0.9137 0.3700
vn 0.1460 -0.9601 0.2386
vn 0.1511 -0.9855 0.0773
vn 0.2265 -0.9663 0.1219
vn -0.0621 -0.8301 0.5542
vn -0.0014 -0.8736 0.4866
vn 0.2897 -0.9488 0.1255
vn -0.3535 -0.5411 0.7631
vn -0.2769 -0.6467 0.7107
vn -0.3778 0.3555 0.8549
vn -0.6568 0.0914 0.7485
vn -0.9727 0.2015 -0.1152
vn -0.9967 -0.0767 -0.0265
vn -0.8063 -0.1032 -0.5825
vn -0.5202 -0.2309 -0.8223
vn -0.9808 -0.1946 0.0114
vn -0.9022 -0.2021 -0.3811
vn -0.0647 -0.5965 -0.8000
vn 0.0238 0.5425 0.8397
vn 0.0542 0.6483 0.7594
vn -0.1710 0.7456 0.6441
vn -0.1718 0.6564 0.7346
vn 0.8128 0.3831 -0.4388
vn 0.8706 0.3381 -0.3574
vn 0.4522 -0.7846 -0.4241
vn 0.5892 -0.6910 -0.4187
vn 0.3305 -0.8504 -0.4093
vn 0.4077 -0.8398 -0.3586
vn 0.3146 -0.8918 -0.3251
vn 0.5459 -0.7396 -0.3936
vn 0.7069 -0.5724 -0.4155
vn -0.9649 -0.2362 -0.1151
vn -0.9648 -0.2628 -0.0038
vn -0.9407 -0.0515 -0.3354
vn -0.9492 -0.1755 -0.2611
vn -0.9329 -0.3244 -0.1564
vn -0.9443 -0.2228 -0.2424
vn -0.1339 -0.9385 -0.3182
vn -0.0313 -0.9211 -0.3881
vn 0.4713 -0.5423 0.6955
vn 0.5218 -0.3118 0.7940
vn 0.9739 0.2134 0.0776
vn 0.9826 0.1771 0.0556
vn 0.9543 0.2928 -0.0599
vn 0.9184 0.3867 0.0831
vn 0.4912 -0.8704 0.0342
vn 0.3956 -0.8915 -0.2207
vn 0.4556 -0.8553 -0.2469
vn 0.5316 -0.8370 0.1297
vn 0.3773 -0.7920 0.4799
vn 0.2691 -0.8675 0.4185
vn 0.7870 0.3794 -0.4865
vn 0.8793 0.2831 -0.3830
vn 0.9608 0.0699 -0.2683
vn 0.7898 0.0606 -0.6104
vn 0.9911 -0.1085 -0.0770
vn 0.8370 -0.2459 -0.4888
vn 0.9936 -0.0876 -0.0711
vn -0.0131 -0.7260 0.6875
vn -0.0973 -0.6541 0.7501
vn 0.1054 -0.5489 0.8292
vn 0.1656 -0.5622 0.8102
vn 0.0610 -0.7523 0.6560
vn -0.2722 0.7831 -0.5592
vn 0.4787 0.7234 -0.4976
vn -0.2881 0.9440 -0.1610
vn 0.4201 0.8771 -0.2327
vn 0.6345 0.6748 -0.3768
vn 0.3638 -0.1952 -0.9108
vn 0.8277 -0.1463 -0.5418
vn 0.1117 -0.9189 0.3783
vn -0.3378 -0.4997 0.7976
vn -0.2357 -0.3032 0.9233
vn -0.3761 -0.3723 0.8485
vn 0.6713 -0.4923 -0.5541
vn 0.3753 -0.7438 -0.5531
vn -0.0495 -0.5989 -0.7993
vn 0.4038 -0.3534 -0.8439
vn 0.8879 -0.3531 -0.2951
vn 0.2202 -0.8208 0.5271
vn 0.3083 -0.7609 0.5710
vn 0.3188 -0.7869 0.5283
vn -0.2397 -0.7850 0.5712
vn -0.2531 -0.8788 0.4045
vn -0.9144 0.1700 0.3673
vn -0.7386 0.4638 0.4892
vn -0.7403 -0.1341 0.6588
vn -0.8026 -0.3923 0.4493
vn -0.6891 -0.6727 0.2697
vn -0.5195 -0.8542 0.0195
vn -0.6917 -0.7194 -0.0633
vn -0.8440 -0.5066 -0.1764
vn -0.6768 -0.6336 0.3748
vn -0.6412 -0.6778 0.3599
vn 0.2897 -0.9501 0.1159
vn -0.5107 -0.8207 0.2561
vn 0.6114 0.6612 0.4348
vn 0.7202 -0.4824 -0.4986
vn 0.0795 0.6655 -0.7422
vn -0.1766 -0.6454 -0.7432
vn -0.2831 -0.6433 -0.7114
vn -0.4019 -0.5716 -0.7154
vn -0.5627 -0.4057 -0.7203
vn -0.3778 -0.3124 -0.8716
vn -0.2609 -0.4864 -0.8339
vn -0.1933 -0.5906 -0.7834
vn -0.0645 -0.9172 0.3931
vn 0.1574 -0.9530 0.2590
vn 0.3415 -0.9252 0.1653
vn 0.1974 -0.9755 0.0972
vn 0.1406 -0.9641 0.2254
vn 0.2718 -0.8883 0.3702
vn 0.2982 -0.9544 -0.0158
vn 0.2010 -0.9789 0.0365
vn 0.5588 -0.8240 -0.0930
vn 0.4873 -0.8057 -0.3368
vn 0.3550 -0.9090 -0.2183
vn 0.2314 -0.9669 -0.1074
vn 0.2244 -0.9744 -0.0161
vn 0.5584 -0.7705 0.3074
vn 0.4678 -0.6314 0.6185
vn -0.8885 -0.4309 -0.1578
vn 0.2872 -0.8727 -0.3948
vn 0.0681 -0.4247 0.9028
vn 0.7453 0.1550 -0.6484
vn 0.9661 -0.0544 -0.2523
vn 0.6265 -0.6903 0.3621
vn 0.4279 -0.5551 0.7132
vn 0.1164 -0.3285 0.9373
vn -0.0239 -0.6672 0.7445
vn 0.0435 -0.9949 0.0909
vn 0.3937 -0.9156 -0.0819
vn 0.5364 -0.7330 0.4183
vn -0.5981 -0.6940 -0.4008
vn -0.1461 -0.8342 -0.5318
vn -0.5651 -0.7493 0.3453
vn -0.3364 -0.8797 0.3362
vn -0.2456 -0.9668 0.0700
vn 0.7125 -0.2885 0.6396
vn -0.2667 -0.0919 -0.9594
vn -0.2227 -0.2129 -0.9514
vn -0.1841 -0.3129 -0.9318
vn -0.4798 -0.4011 0.7803
vn -0.2831 -0.5858 0.7594
vn 0.1171 -0.4947 0.8611
vn 0.0741 -0.3992 0.9139
vn 0.0503 -0.2674 0.9623
vn 0.2013 -0.9794 0.0157
vn 0.1378 -0.9896 -0.0419
vn 0.1032 -0.9927 0.0619
vn 0.0850 -0.9921 0.0925
vn 0.1554 -0.9720 0.1764
vn -0.7624 0.4109 0.4998
vn -0.5129 -0.0102 0.8584
vn -0.6519 0.5736 0.4960
vn 0.5080 -0.8613 0.0041
vn 0.6933 -0.7042 -0.1533
vn 0.6968 -0.6930 -0.1850
vn 0.6227 -0.7664 0.1580
vn 0.4200 -0.9070 -0.0293
vn -0.4675 0.7509 0.4665
vn -0.5561 0.0102 0.8310
vn -0.4542 0.0879 0.8866
vn -0.4935 0.1548 0.8559
vn 0.8134 -0.0715 0.5774
vn 0.7986 0.1985 0.5681
vn 0.4270 -0.0908 0.8997
vn 0.4988 -0.1999 0.8434
vn 0.5306 -0.3007 0.7925
vn -0.9589 -0.1073 -0.2626
vn -0.9531 -0.2109 -0.2168
vn -0.6038 -0.6566 0.4520
vn -0.5919 -0.5673 0.5725
vn -0.6229 -0.4933 0.6072
vn -0.6887 -0.1910 -0.6995
vn -0.6351 -0.0748 -0.7688
vn 0.2699 -0.9625 0.0289
vn 0.4238 -0.8815 -0.2085
vn -0.6867 -0.7020 0.1888
vn -0.7648 -0.6429 -0.0419
vn -0.7632 -0.6090 -0.2160
vn -0.4877 -0.7876 0.3767
vn 0.1180 -0.9917 -0.0509
vn 0.0583 -0.9983 0.0090
vn -0.1968 -0.9076 0.3708
vn 0.2574 -0.9024 -0.3455
vn 0.1875 -0.9626 -0.1954
vn 0.2578 -0.8256 -0.5019
vn 0.1240 -0.8780 -0.4623
vn 0.5225 -0.8089 -0.2696
vn -0.0866 -0.9709 -0.2234
vn -0.3511 -0.8129 -0.4647
vn -0.5642 -0.7897 -0.2409
vn -0.2557 -0.1679 0.9521
vn -0.3243 -0.1141 0.9390
vn -0.6260 -0.1438 0.7665
vn -0.6147 -0.1787 0.7682
vn -0.5324 -0.3424 0.7741
vn -0.0891 0.9884 0.1231
vn 0.3097 0.9114 0.2710
vn 0.1873 0.8837 0.4290
vn -0.2239 0.9536 0.2014
vn 0.0443 0.9970 0.0634
vn 0.4176 0.8988 0.1336
vn 0.5483 0.7565 0.3565
vn 0.4347 0.7124 0.5510
vn 0.6399 0.7465 0.1825
vn 0.2247 0.5485 0.8054
vn -0.0386 0.1437 0.9889
vn -0.2355 0.4423 0.8654
vn 0.0011 0.7583 0.6519
vn -0.2146 -0.4997 0.8392
vn -0.4276 -0.2390 0.8718
vn 0.4423 0.2149 0.8708
vn 0.6425 0.4416 0.6262
vn 0.7948 0.0747 0.6023
vn 0.6626 -0.1943 0.7234
vn 0.2022 -0.2810 0.9382
vn 0.0367 -0.7523 0.6578
vn 0.7532 0.5051 0.4214
vn 0.8396 0.4950 0.2237
vn 0.8820 0.1561 0.4445
vn 0.9555 0.1543 0.2515
vn 0.8909 -0.1005 0.4429
vn 0.9571 -0.1002 0.2720
vn 0.8336 -0.1831 0.5212
vn 0.7542 -0.4357 0.4913
vn 0.7475 -0.6580 0.0908
vn 0.8787 -0.4722 0.0703
vn 0.3672 -0.9276 0.0680
vn 0.8064 -0.5629 -0.1813
vn 0.2209 -0.9694 -0.1068
vn -0.4884 -0.8719 0.0357
vn -0.5879 -0.8065 0.0630
vn 0.0352 -0.9751 -0.2191
vn -0.1288 -0.9574 -0.2586
vn -0.6711 -0.7330 0.1110
vn -0.8045 -0.5533 0.2158
vn -0.7753 -0.6183 0.1290
vn -0.8250 -0.4820 0.2951
vn -0.9152 -0.2486 0.3171
vn -0.9352 -0.2951 0.1960
vn -0.8411 0.4029 0.3609
vn -0.8996 0.3758 0.2226
vn -0.2481 0.9506 0.1868
vn -0.3266 0.9375 0.1198
vn -0.3976 0.9163 0.0479
vn 0.3398 0.9400 -0.0306
vn 0.6705 0.7259 -0.1530
vn 0.5902 0.8052 -0.0573
vn 0.2384 0.9712 0.0031
vn -0.9408 0.0167 -0.3385
vn -0.7854 0.2601 -0.5617
vn -0.7405 0.1063 -0.6636
vn -0.9152 -0.2769 -0.2929
vn 0.4381 0.8951 -0.0827
vn 0.1490 0.9886 0.0239
vn 0.5060 0.8621 0.0286
vn 0.8030 0.5608 -0.2019
vn 0.7682 0.6349 -0.0823
vn 0.7124 0.7006 0.0415
vn 0.8942 0.3686 -0.2540
vn 0.9408 0.0929 -0.3260
vn 0.9831 0.0891 -0.1599
vn 0.9084 0.4021 -0.1148
vn 0.8669 0.3478 -0.3571
vn 0.8930 0.1074 -0.4370
vn 0.8929 0.4477 0.0482
vn 0.9925 0.1135 0.0464
vn 0.9058 -0.1871 -0.3801
vn 0.6776 -0.6236 -0.3899
vn 0.9648 -0.1851 -0.1868
vn 0.8477 -0.1668 -0.5036
vn 0.5602 -0.6478 -0.5162
vn 0.9877 -0.1476 0.0514
vn -0.7708 -0.2219 -0.5972
vn -0.7975 -0.3753 -0.4724
vn -0.0855 -0.9513 -0.2961
vn 0.1691 -0.8868 -0.4301
vn 0.2674 -0.3577 -0.8947
vn 0.0684 -0.7308 0.6792
vn -0.2081 -0.7307 0.6502
vn 0.6375 0.1507 -0.7555
vn 0.6878 0.1247 -0.7151
vn -0.2817 -0.5867 0.7592
vn -0.9679 -0.1843 0.1707
vn -0.2884 0.0013 0.9575
vn -0.2915 0.3807 0.8776
vn -0.2904 0.5516 0.7819
vn -0.1793 0.6475 0.7407
vn 0.0208 0.6510 0.7588
vn -0.3016 0.1139 0.9466
vn -0.3107 0.7790 0.5446
vn -0.2602 0.4374 -0.8608
vn -0.2740 0.4801 -0.8333
vn 0.3530 0.8207 -0.4493
vn 0.4564 0.7602 -0.4624
vn -0.1696 0.3722 -0.9125
vn -0.5840 0.4592 0.6694
vn -0.7832 0.0801 -0.6165
vn -0.7804 0.1092 -0.6156
vn 0.5684 0.5973 -0.5658
vn 0.6438 0.6339 -0.4286
vn -0.7929 -0.1292 0.5955
vn -0.7774 -0.2499 0.5772
vn -0.1725 -0.6611 0.7302
vn -0.2617 -0.7647 0.5888
vn -0.4362 -0.6490 0.6233
vn -0.3965 -0.5181 0.7579
vn -0.1744 0.4518 0.8749
vn 0.0764 0.4345 0.8974
vn 0.2543 0.3292 0.9094
vn 0.2655 0.3925 0.8806
vn -0.1019 0.5115 0.8532
vn -0.3088 0.5807 0.7533
vn -0.4481 0.5305 0.7196
vn 0.2129 -0.7079 0.6734
vn 0.3074 -0.5640 0.7664
vn -0.0445 -0.0323 0.9985
vn 0.4865 0.3363 0.8064
vn -0.2188 0.1199 0.9684
vn 0.2726 0.5244 0.8067
vn 0.3061 0.4872 0.8179
vn -0.3016 -0.9250 -0.2312
vn -0.2329 -0.8533 -0.4665
vn 0.2677 -0.9136 -0.3060
vn 0.2604 -0.9184 -0.2978
vn 0.3940 -0.3777 -0.8379
vn -0.4815 -0.5827 -0.6547
vn -0.4123 -0.6711 -0.6161
vn -0.2655 -0.3052 -0.9145
vn -0.6531 -0.4562 -0.6045
vn -0.8034 -0.4642 0.3729
vn -0.9774 -0.1586 0.1394
vn -0.7631 -0.5717 0.3014
vn -0.5954 -0.7246 0.3470
vn -0.2562 -0.9331 0.2525
vn -0.0920 -0.9440 0.3168
vn -0.4776 -0.8679 -0.1364
vn -0.3013 -0.8829 -0.3602
vn 0.0082 -0.9892 0.1464
vn -0.0424 -0.9957 0.0822
vn -0.1610 -0.9869 -0.0034
vn -0.2784 -0.9565 -0.0869
vn -0.2266 -0.9394 0.2571
vn -0.1084 -0.9509 0.2898
vn -0.4011 -0.9049 -0.1422
vn -0.3599 -0.9083 0.2133
vn -0.2621 -0.8967 0.3567
vn -0.1560 -0.9272 0.3406
vn -0.0287 -0.9562 0.2912
vn 0.0123 -0.9553 0.2955
vn -0.3713 -0.8603 0.3492
vn -0.4641 -0.8667 0.1830
vn -0.4471 -0.8318 0.3291
vn -0.5168 -0.8411 -0.1593
vn -0.6261 -0.7634 -0.1586
vn -0.7089 -0.6770 -0.1978
vn -0.5510 -0.8159 0.1753
vn -0.6356 -0.7512 0.1779
vn -0.7676 -0.5844 -0.2632
vn -0.7079 -0.6870 0.1640
vn -0.5036 -0.8053 0.3129
vn -0.8452 -0.5306 -0.0645
vn -0.8980 -0.4281 -0.1019
vn -0.8581 -0.4794 -0.1837
vn -0.8088 -0.5696 -0.1459
vn -0.8620 -0.4201 -0.2838
vn 0.5440 -0.7366 -0.4019
vn -0.7215 -0.2938 -0.6270
vn -0.7382 -0.1062 -0.6662
vn -0.6831 0.0238 -0.7299
vn -0.5898 0.1756 -0.7882
vn -0.5479 0.0620 -0.8343
vn -0.4622 0.1631 -0.8716
vn -0.3671 0.2411 -0.8984
vn -0.9347 -0.2263 0.2741
vn -0.9645 -0.1744 0.1982
vn -0.9866 -0.0724 0.1464
vn 0.2238 0.5707 -0.7901
vn 0.2417 0.5511 -0.7987
vn -0.3860 -0.1737 -0.9060
vn -0.3501 -0.2905 -0.8905
vn -0.3202 -0.3838 -0.8661
vn -0.4013 -0.5364 -0.7424
vn -0.4936 -0.5645 -0.6616
vn -0.8670 -0.0243 0.4977
vn -0.8954 0.0119 0.4450
vn -0.8679 -0.1914 0.4584
vn -0.3244 -0.6703 -0.6674
vn -0.4206 -0.6772 -0.6037
vn 0.1533 -0.0823 0.9847
vn -0.8126 -0.1098 0.5724
vn -0.0407 -0.5730 -0.8185
vn -0.1274 -0.4244 -0.8965
vn -0.2001 -0.6352 -0.7460
vn -0.2789 -0.4880 -0.8271
vn -0.4135 0.3560 -0.8380
vn -0.0285 0.1663 0.9857
vn 0.0339 0.1546 0.9874
vn 0.1588 0.0530 0.9859
vn 0.5317 0.3208 0.7838
vn 0.3358 0.4456 0.8299
vn -0.0378 0.1387 0.9896
vn 0.9912 0.1319 0.0101
vn -0.7028 -0.7068 -0.0807
vn -0.6663 -0.6278 -0.4023
vn -0.5941 -0.7260 -0.3464
vn -0.4924 -0.8130 -0.3107
vn -0.5566 -0.8276 -0.0727
vn 0.4896 -0.8403 0.2326
vn 0.2485 -0.9390 0.2379
vn 0.1520 -0.9583 0.2420
vn 0.3218 -0.9418 -0.0973
vn 0.4060 -0.8999 -0.1592
vn 0.1173 0.4077 0.9055
vn 0.0594 0.2183 0.9741
vn 0.1534 0.0739 0.9854
vn 0.9168 -0.3119 -0.2492
vn 0.9908 -0.0970 -0.0949
vn 0.0675 0.1135 0.9912
vn -0.3563 -0.4088 0.8402
vn 0.1647 -0.7418 0.6501
vn 0.1912 -0.5457 0.8159
vn 0.1223 -0.9045 0.4085
vn -0.3131 -0.4773 0.8211
vn -0.0991 -0.4155 0.9042
vn 0.7425 0.6185 -0.2571
vn -0.5651 -0.0995 0.8190
vn -0.9205 -0.2594 0.2924
vn -0.8708 -0.4338 0.2315
vn -0.8212 -0.5082 0.2598
vn -0.7907 -0.5812 0.1925
vn -0.5760 -0.0693 0.8145
vn -0.6182 -0.0360 0.7852
vn 0.5656 0.4671 0.6796
vn 0.8544 0.5051 0.1218
vn -0.9278 -0.3528 -0.1210
vn -0.9121 -0.3911 -0.1230
vn 0.5673 0.7453 -0.3502
vn 0.5436 0.2702 0.7947
vn 0.6285 0.0525 0.7761
vn 0.5488 0.0359 0.8352
vn 0.4831 -0.8458 -0.2263
vn 0.3473 -0.8545 -0.3862
vn -0.9106 -0.3593 -0.2043
vn -0.9561 -0.2248 -0.1878
vn -0.9159 -0.2885 -0.2790
vn -0.8639 -0.3583 -0.3541
vn -0.9571 -0.1427 -0.2524
vn -0.9488 -0.0547 -0.3110
vn -0.9216 0.0756 -0.3806
vn -0.8761 0.2139 -0.4321
vn -0.8400 0.1110 -0.5312
vn -0.7957 0.0046 -0.6057
vn -0.7691 0.2472 -0.5894
vn -0.7316 0.1390 -0.6674
vn -0.6490 0.3882 -0.6543
vn -0.6211 0.2874 -0.7291
vn -0.5057 0.2792 -0.8163
vn -0.6834 0.4940 -0.5375
vn -0.5813 0.5828 -0.5678
vn -0.8038 0.3507 -0.4805
vn -0.8221 0.4293 -0.3740
vn -0.7040 0.5748 -0.4171
vn -0.8959 0.2964 -0.3310
vn -0.9049 0.3679 -0.2141
vn -0.8291 0.4968 -0.2564
vn -0.9009 0.4262 -0.0823
vn -0.8234 0.5534 -0.1256
vn -0.9465 0.1609 -0.2797
vn -0.9578 0.2385 -0.1603
vn -0.9531 0.3013 -0.0297
vn -0.9895 0.1060 -0.0986
vn -0.9987 -0.0069 -0.0507
vn -0.9960 0.0675 0.0581
vn -0.9836 0.1793 0.0220
vn -0.9765 0.0244 -0.2142
vn -0.9842 -0.0791 -0.1586
vn -0.9935 -0.0555 0.0989
vn 0.8952 0.4276 0.1259
vn 0.3202 -0.9463 0.0440
vn 0.3094 -0.9494 0.0538
vn 0.3789 -0.9240 0.0514
vn 0.0647 -0.8156 0.5750
vn -0.1630 -0.9131 0.3738
vn -0.1689 -0.9731 0.1569
vn -0.1590 -0.9873 -0.0024
vn -0.8380 -0.3097 0.4492
vn 0.2778 0.6961 -0.6620
vn 0.4145 0.6306 -0.6562
vn 0.0546 0.4012 -0.9144
vn -0.0211 0.5183 -0.8549
vn -0.0512 0.5466 -0.8358
vn 0.0739 0.6029 -0.7944
vn -0.6823 0.2183 -0.6977
vn -0.7656 -0.5115 0.3902
vn -0.7339 -0.5689 -0.3712
vn -0.8803 -0.4399 -0.1776
vn -0.7653 -0.2083 -0.6090
vn -0.6020 -0.3007 -0.7397
vn -0.5388 -0.4245 -0.7277
vn -0.6893 0.7206 -0.0752
vn -0.7038 0.6914 -0.1632
vn -0.6058 0.7295 -0.3175
vn -0.5992 0.6682 -0.4410
vn -0.7105 0.6396 -0.2933
vn 0.3482 -0.8671 -0.3562
vn -0.5834 0.7280 0.3601
vn -0.6544 0.4397 0.6152
vn -0.5230 0.4719 0.7098
vn -0.5694 0.5312 0.6273
vn -0.4110 0.5590 0.7201
vn -0.4613 0.6174 0.6372
vn -0.5061 0.6618 0.5531
vn -0.5461 0.6973 0.4642
vn -0.0000 0.1303 0.9915
vn 0.0748 0.1296 0.9887
vn 0.0102 0.2006 0.9796
vn -0.9931 -0.1175 0.0009
vn -0.9798 -0.1744 -0.0975
vn -0.0119 -0.9828 0.1841
vn -0.1197 -0.9876 0.1020
vn 0.8574 0.2350 0.4579
vn -0.2695 -0.5609 0.7828
vn 0.4927 -0.8387 0.2321
vn 0.7664 -0.6269 0.1402
vn 0.6997 -0.6955 0.1631
vn -0.6187 -0.3994 0.6765
vn -0.2876 -0.2037 -0.9359
vn 0.1971 0.3126 -0.9292
vn 0.2379 0.2672 -0.9338
vn -0.2166 -0.2686 -0.9386
vn -0.1123 -0.0797 0.9905
vn 0.0521 -0.0007 0.9986
vn -0.2113 -0.1879 0.9592
vn 0.1839 -0.3249 0.9277
vn -0.0298 -0.5383 0.8422
vn -0.0847 -0.7142 0.6948
vn -0.3231 -0.3691 0.8714
vn 0.0460 -0.4138 0.9092
vn -0.4390 -0.1055 0.8923
vn -0.5066 -0.2491 0.8254
vn -0.5362 -0.1123 0.8366
vn -0.5299 -0.1927 0.8259
vn -0.4613 -0.3617 0.8102
vn -0.6475 -0.5932 0.4784
vn -0.5439 -0.4915 0.6801
vn -0.3068 -0.7603 0.5725
vn -0.3574 -0.8585 0.3678
vn -0.6009 -0.6720 0.4328
vn -0.2105 -0.9535 0.2155
vn 0.2537 -0.9661 -0.0487
vn 0.1623 -0.9828 0.0885
vn 0.0565 -0.9628 0.2644
vn -0.5518 -0.7719 0.3157
vn -0.5254 -0.8505 -0.0226
vn -0.0942 -0.9525 0.2896
vn 0.2067 -0.4732 0.8564
vn 0.1985 -0.5086 0.8378
vn 0.3058 -0.4250 0.8520
vn 0.5488 -0.2983 0.7809
vn 0.5996 -0.1305 0.7896
vn 0.2169 -0.3419 0.9144
vn -0.6272 -0.7113 0.3173
vn -0.7509 -0.5141 0.4145
vn -0.6348 -0.4749 0.6095
vn -0.5571 -0.8084 0.1900
vn -0.3833 -0.9229 0.0372
vn -0.0815 -0.8523 0.5167
vn -0.1501 -0.9767 -0.1532
vn 0.0685 -0.5074 -0.8590
vn -0.6427 -0.7332 -0.2220
vn -0.4373 -0.8698 -0.2284
vn -0.4067 -0.7986 -0.4437
vn -0.4125 -0.2462 -0.8771
vn -0.2757 -0.1370 -0.9514
vn 0.0606 -0.9744 0.2167
vn -0.0376 -0.9020 0.4302
vn -0.4563 -0.3037 -0.8364
vn -0.5788 -0.3879 -0.7173
vn -0.5931 -0.4293 -0.6811
vn -0.0365 -0.4104 -0.9112
vn -0.0730 -0.2531 -0.9647
vn -0.3820 -0.4975 -0.7788
vn -0.4563 -0.3766 -0.8062
vn -0.3025 -0.4180 -0.8566
vn -0.3715 -0.3565 -0.8573
vn 0.7926 0.0925 -0.6027
vn 0.9187 0.2400 -0.3136
vn 0.9362 0.2746 -0.2195
vn 0.8859 -0.3198 0.3361
vn 0.8859 -0.2218 0.4075
vn 0.8625 -0.1002 0.4961
vn 0.3246 -0.1771 0.9291
vn 0.3581 -0.3440 0.8680
vn 0.2668 0.9578 -0.1066
vn -0.4395 0.8978 -0.0290
vn -0.8851 0.4622 0.0550
vn -0.8491 0.5277 -0.0232
vn -0.6108 0.7089 -0.3527
vn -0.7079 0.6423 -0.2940
vn -0.9073 0.3648 -0.2091
vn -0.9983 -0.0035 0.0584
vn -0.9571 -0.2744 0.0927
vn 0.6832 0.3009 -0.6654
vn 0.6410 0.4338 -0.6332
vn 0.5601 0.5712 -0.6001
vn -0.7655 -0.6175 -0.1811
vn -0.8834 -0.4655 -0.0541
vn -0.9619 -0.2662 -0.0630
vn -0.9744 -0.1889 -0.1219
vn -0.8006 -0.1551 -0.5788
vn -0.8545 -0.1996 -0.4797
vn -0.8311 -0.3451 -0.4361
vn 0.7829 -0.3328 -0.5256
vn 0.4681 -0.6351 -0.6144
vn 0.3865 -0.5901 -0.7088
vn 0.2451 -0.4790 -0.8429
vn -0.0609 -0.4473 -0.8923
vn -0.1918 -0.6291 -0.7533
vn 0.3447 -0.8417 -0.4156
vn 0.3434 -0.8680 -0.3588
vn 0.5024 -0.7878 -0.3563
vn 0.3827 -0.8479 -0.3669
vn 0.2360 -0.8480 -0.4746
vn 0.2335 -0.7785 -0.5826
vn 0.0784 -0.6131 -0.7861
vn -0.6513 -0.6180 -0.4404
vn -0.0191 -0.9731 -0.2297
vn 0.2181 -0.9422 -0.2545
vn -0.3406 -0.9349 -0.0992
vn 0.8161 0.4261 -0.3905
vn 0.8650 0.2336 -0.4441
vn 0.7930 0.4745 -0.3820
vn 0.8348 0.3605 0.4161
vn 0.9228 0.3831 -0.0421
vn 0.7692 0.6389 0.0098
vn 0.0994 0.9949 0.0196
vn -0.9035 0.3978 0.1598
vn -0.9750 -0.0255 0.2207
vn -0.9926 -0.0500 0.1103
vn 0.0763 0.6168 -0.7834
vn 0.2410 0.5706 -0.7851
vn 0.4490 0.3966 -0.8007
vn 0.9824 0.1562 -0.1025
vn 0.9544 0.2466 -0.1685
vn 0.9635 -0.0107 0.2674
vn 0.9320 0.1019 0.3477
vn 0.8360 0.2628 0.4817
vn 0.7749 0.5074 0.3769
vn 0.6294 0.7139 0.3070
vn 0.2938 0.9319 0.2127
vn -0.2529 0.9498 0.1842
vn -0.2198 0.0259 0.9752
vn 0.0159 0.6487 0.7608
vn 0.2494 0.5090 0.8239
vn -0.2765 0.7022 0.6561
vn 0.3785 0.2821 0.8815
vn -0.1806 -0.1016 0.9783
vn 0.4184 0.0291 0.9078
vn 0.7404 0.5343 0.4078
vn 0.5933 0.6886 0.4169
vn -0.4516 -0.1872 0.8724
vn -0.0939 -0.4231 0.9012
vn 0.4253 -0.7250 0.5417
vn 0.4785 0.7128 -0.5128
vn 0.6644 0.4534 -0.5942
vn 0.6375 0.5203 -0.5682
vn -0.8003 0.0994 0.5913
vn -0.8600 0.2912 0.4191
vn -0.8624 -0.3704 0.3451
vn -0.9524 -0.0866 -0.2922
vn -0.9310 -0.2193 -0.2918
vn -0.7448 -0.5426 0.3884
vn -0.8230 -0.3811 0.4213
vn -0.3840 0.2161 -0.8977
vn -0.4661 0.4798 -0.7433
vn -0.0397 0.6086 -0.7925
vn 0.1138 0.4458 -0.8879
vn 0.1694 0.3820 -0.9085
vn -0.3640 0.1229 -0.9233
vn -0.8797 -0.4090 0.2425
vn -0.8662 0.4101 0.2855
vn -0.0672 -0.1840 -0.9806
vn -0.2910 -0.1760 -0.9404
vn -0.3977 -0.1340 -0.9077
vn 0.0245 -0.6048 -0.7960
vn 0.0960 -0.6499 -0.7539
vn 0.2513 -0.6272 -0.7372
vn 0.4764 -0.5262 -0.7044
vn 0.4010 -0.6859 -0.6072
vn 0.2413 -0.7981 -0.5520
vn 0.4269 -0.7924 -0.4358
vn 0.6005 -0.6434 -0.4748
vn 0.5648 -0.5201 -0.6407
vn 0.6538 0.0308 0.7561
vn 0.5846 0.0544 0.8095
vn 0.6637 0.0592 0.7456
vn 0.6480 0.1024 0.7548
vn 0.4543 0.2399 0.8579
vn 0.4733 0.0955 0.8757
vn 0.3108 -0.8700 -0.3828
vn 0.3308 -0.8479 -0.4143
vn 0.9593 -0.1145 -0.2582
vn -0.4424 -0.6437 -0.6245
vn -0.5068 -0.5480 -0.6654
vn 0.4744 0.2289 -0.8500
vn 0.4291 0.3547 -0.8307
vn -0.1253 -0.0900 0.9880
vn -0.1570 -0.1004 0.9825
vn 0.2346 0.4780 -0.8465
vn 0.6126 0.5513 -0.5663
vn 0.2516 0.5175 -0.8179
vn -0.0444 0.7043 -0.7085
vn 0.0943 0.3125 -0.9452
vn 0.5018 0.6953 -0.5145
vn 0.0982 0.9521 -0.2897
vn -0.8812 0.4709 0.0403
vn -0.8814 0.3883 -0.2691
vn 0.0787 0.9949 -0.0625
vn -0.3239 -0.7140 0.6207
vn -0.7449 -0.6645 0.0596
vn -0.2810 -0.7018 0.6546
vn 0.2600 -0.9009 -0.3475
vn 0.2893 -0.9123 -0.2898
vn -0.4300 -0.8545 -0.2915
vn 0.3533 -0.8268 0.4377
vn 0.4218 -0.8924 0.1604
vn 0.3495 -0.9320 -0.0959
vn -0.7521 0.1954 -0.6295
vn -0.8451 0.1222 -0.5204
vn -0.8248 0.1391 -0.5481
vn -0.5257 0.5604 0.6400
vn -0.3722 0.8516 0.3690
vn -0.6355 -0.1129 0.7638
vn 0.9345 0.1103 0.3385
vn 0.6581 0.5157 0.5486
vn -0.4494 -0.7795 0.4363
vn -0.7542 -0.3642 -0.5463
vn -0.8171 -0.2265 -0.5302
vn -0.5709 -0.0653 -0.8184
vn -0.4588 -0.1891 -0.8682
vn 0.5619 0.6235 -0.5437
vn 0.8907 0.4513 0.0545
vn 0.8951 0.4245 0.1364
vn 0.9606 0.2571 0.1054
vn 0.6488 0.5216 -0.5541
vn -0.2863 -0.8151 -0.5037
vn 0.2023 -0.8659 0.4575
vn -0.5821 -0.7580 0.2942
vn 0.5396 0.5002 0.6772
vn 0.6608 0.7315 0.1681
vn 0.4308 0.4995 0.7516
vn 0.4538 0.3877 0.8024
vn 0.9696 0.2184 0.1106
vn 0.8783 -0.1610 -0.4501
vn 0.1384 -0.6761 -0.7237
vn 0.8506 -0.5239 -0.0448
vn 0.1065 -0.7489 -0.6540
vn 0.8796 0.0240 0.4752
vn 0.7220 -0.0852 0.6866
vn 0.7298 -0.6603 0.1770
vn 0.5683 0.2040 0.7971
vn 0.8248 0.2701 -0.4968
vn 0.8501 0.1142 -0.5141
vn 0.1578 0.2817 0.9464
vn -0.3834 0.0844 0.9197
vn 0.5075 0.7175 -0.4771
vn -0.0371 -0.4300 -0.9021
vn -0.0601 -0.2614 -0.9634
vn 0.0909 -0.7902 -0.6061
vn 0.5409 -0.7914 0.2850
vn -0.0410 -0.8141 -0.5793
vn 0.5769 -0.1708 0.7988
vn 0.2817 -0.2639 0.9225
vn -0.1647 -0.3389 0.9263
vn -0.1958 0.1782 -0.9643
vn -0.1096 -0.0425 -0.9931
vn -0.5401 -0.6648 -0.5161
vn -0.6649 -0.6133 -0.4264
vn -0.9605 -0.1056 0.2575
vn -0.7472 -0.1327 -0.6512
vn -0.6361 -0.1269 -0.7611
vn -0.6669 -0.1192 -0.7355
vn -0.6317 -0.1232 -0.7653
vn -0.5580 -0.1044 -0.8233
vn -0.8020 -0.4423 -0.4014
vn -0.9296 -0.1767 -0.3235
vn -0.9882 -0.1502 0.0288
vn -0.9548 -0.1419 -0.2613
vn -0.7858 -0.1216 -0.6064
vn 0.4343 -0.8443 -0.3139
vn 0.3755 -0.8821 -0.2845
vn 0.4282 -0.8220 -0.3754
vn 0.3165 -0.9067 -0.2788
vn 0.4096 -0.8461 -0.3411
vn 0.1771 -0.8857 -0.4292
vn 0.2910 -0.7913 -0.5377
vn 0.3263 -0.7870 -0.5236
vn 0.4250 -0.8406 -0.3357
vn 0.3612 -0.8817 -0.3036
vn 0.5378 -0.8266 -0.1658
vn 0.4652 -0.8807 -0.0893
vn 0.0943 -0.9869 -0.1309
vn 0.0940 -0.9592 -0.2666
vn 0.3966 -0.8661 -0.3043
vn 0.5617 -0.8093 -0.1718
vn 0.3502 -0.8005 -0.4864
vn 0.4545 -0.7613 -0.4624
vn 0.2679 -0.9372 -0.2233
vn 0.2843 -0.9585 -0.0223
vn 0.1189 -0.9926 -0.0248
vn 0.1396 -0.9848 -0.1038
vn -0.2275 -0.9535 0.1978
vn -0.2812 -0.9586 -0.0457
vn 0.7053 -0.6332 0.3188
vn 0.4749 -0.7596 0.4445
vn 0.8342 -0.5130 0.2025
vn -0.2265 -0.6370 0.7368
vn -0.4357 -0.7468 0.5024
vn 0.0143 -0.5456 0.8379
vn 0.3033 -0.4385 0.8460
vn 0.1923 -0.2073 0.9592
vn -0.0374 -0.3033 0.9522
vn 0.6357 -0.2599 0.7269
vn 0.5444 -0.0409 0.8378
vn 0.9111 -0.0292 0.4112
vn 0.8509 0.1746 0.4955
vn 0.7813 0.3189 0.5366
vn 0.4721 0.1132 0.8742
vn 0.9443 0.3200 0.0773
vn 0.8824 0.4553 0.1189
vn 0.8455 0.4022 -0.3512
vn 0.7892 0.5259 -0.3173
vn -0.4944 0.0999 -0.8635
vn -0.5223 0.1157 -0.8449
vn -0.2487 0.2318 -0.9404
vn -0.1682 0.1763 -0.9699
vn 0.6714 0.3623 -0.6465
vn 0.6142 0.4281 -0.6629
vn 0.5797 0.4571 -0.6745
vn 0.7574 0.5247 -0.3886
vn 0.7933 0.4731 -0.3831
vn 0.8571 0.3682 -0.3604
vn 0.2060 0.3715 -0.9053
vn 0.2472 0.3564 -0.9010
vn 0.3177 0.2931 -0.9018
vn -0.2863 0.0094 -0.9581
vn -0.6195 -0.2728 -0.7361
vn 0.1755 0.2848 -0.9424
vn -0.0272 0.1303 -0.9911
vn 0.5220 0.4014 -0.7526
vn 0.4850 0.5000 -0.7174
vn 0.8848 0.2491 -0.3938
vn 0.5833 0.2633 -0.7684
vn 0.9898 0.1421 0.0086
vn 0.8973 -0.3998 0.1871
vn 0.9584 -0.2656 -0.1041
vn 0.6928 -0.6016 0.3977
vn -0.2407 -0.8823 -0.4044
vn -0.2599 -0.9369 -0.2336
vn -0.5923 -0.7919 -0.1482
vn -0.5484 -0.7188 -0.4273
vn -0.5761 -0.8029 0.1534
vn -0.4511 -0.5929 0.6671
vn -0.6623 -0.6950 0.2799
vn -0.2155 -0.4141 0.8844
vn -0.0751 -0.1622 0.9839
vn -0.2102 -0.2772 0.9375
vn 0.1204 -0.0640 0.9907
vn -0.6444 -0.0644 0.7620
vn -0.6334 -0.1017 0.7671
vn -0.6013 -0.1915 0.7757
vn -0.9180 -0.0809 0.3882
vn -0.9975 -0.0699 -0.0116
vn -0.9861 -0.1657 -0.0094
vn -0.8808 -0.2223 0.4181
vn -0.9088 -0.1195 0.3997
vn 0.7847 0.2754 0.5554
vn 0.7096 0.4425 0.5483
vn 0.6897 0.4733 0.5480
vn -0.9102 -0.2287 0.3452
vn -0.8916 -0.3037 0.3359
vn -0.8090 -0.4781 0.3420
vn -0.8292 -0.5557 -0.0601
vn -0.7317 -0.5985 0.3262
vn -0.7994 -0.4539 -0.3936
vn -0.5466 -0.3923 -0.7398
vn -0.6949 -0.5839 -0.4198
vn -0.2745 -0.1082 -0.9555
vn -0.0325 -0.0982 -0.9946
vn -0.2417 -0.3448 -0.9070
vn 0.1878 0.1143 -0.9755
vn 0.6269 -0.1875 -0.7562
vn 0.8854 -0.1756 -0.4304
vn 0.1060 -0.4977 -0.8608
vn 0.3291 -0.4905 -0.8069
vn -0.1305 -0.5211 -0.8434
vn -0.1799 -0.7896 -0.5867
vn -0.4421 -0.5670 -0.6950
vn -0.7316 -0.6766 -0.0828
vn -0.4637 -0.4822 0.7433
vn 0.0400 -0.0154 0.9991
vn 0.3379 -0.9215 -0.1916
vn 0.3127 -0.9471 -0.0730
vn -0.1519 -0.9879 0.0326
vn -0.2163 -0.9429 -0.2533
vn 0.3001 0.0854 0.9501
vn 0.6679 0.2806 0.6893
vn 0.6908 0.4034 0.6001
vn 0.7928 -0.5732 0.2070
vn 0.8129 -0.1401 0.5653
vn -0.2496 0.0022 0.9683
vn -0.4321 0.1305 0.8923
vn 0.7995 0.5960 -0.0740
vn 0.6327 0.7360 -0.2408
vn 0.7802 0.6212 0.0735
vn -0.1433 -0.3382 0.9301
vn -0.2041 -0.4089 0.8895
vn -0.2848 -0.5257 0.8015
vn -0.1730 -0.4152 0.8931
vn -0.3887 -0.6283 0.6739
vn -0.2291 -0.3706 0.9001
vn -0.4004 -0.6258 0.6694
vn -0.0039 0.2071 -0.9783
vn 0.0966 0.2900 -0.9521
vn -0.2144 0.0626 -0.9747
vn -0.3308 0.0665 -0.9413
vn 0.3438 0.0984 0.9339
vn 0.4117 0.3063 0.8583
vn 0.4115 0.2355 0.8805
vn 0.3035 0.1013 0.9474
vn 0.9073 0.4187 -0.0382
vn 0.8363 0.4773 0.2697
vn 0.8846 0.3150 0.3439
vn 0.6435 0.1204 0.7559
vn -0.1222 -0.6751 0.7275
vn -0.2487 -0.7396 0.6254
vn 0.0769 -0.9633 0.2572
vn -0.0449 -0.9702 0.2383
vn -0.0995 -0.8852 -0.4544
vn -0.2334 -0.3686 -0.8998
vn 0.0795 0.0437 -0.9959
vn 0.6332 -0.6457 -0.4268
vn 0.8214 -0.5674 -0.0591
vn 0.7531 -0.6015 -0.2665
vn 0.9483 0.0535 -0.3129
vn 1.0000 -0.0014 0.0074
vn 0.6574 -0.6187 -0.4301
vn 0.7692 0.0427 -0.6375
vn 0.4837 -0.6658 -0.5680
vn 0.4157 -0.1027 -0.9037
vn 0.3650 -0.7818 -0.5055
vn 0.0963 -0.3272 -0.9400
vn 0.2519 -0.8312 -0.4957
vn -0.0951 -0.5822 -0.8074
vn -0.2018 -0.8226 -0.5317
vn 0.2938 -0.9100 -0.2926
vn -0.5567 -0.7921 -0.2504
vn -0.4897 -0.5888 -0.6431
vn -0.5215 -0.8420 0.1384
vn -0.3873 -0.8034 0.4524
vn -0.4452 -0.6702 0.5938
vn -0.6595 -0.7275 0.1893
vn -0.2604 0.0679 -0.9631
vn -0.2005 0.0811 -0.9763
vn 0.0596 0.0260 -0.9979
vn -0.2450 -0.0267 -0.9692
vn 0.2086 0.2491 -0.9458
vn -0.8097 -0.5395 0.2311
vn -0.9199 -0.3550 -0.1669
vn -0.5371 -0.5048 0.6758
vn -0.6144 -0.3520 0.7061
vn -0.8975 -0.3635 0.2498
vn -0.3103 -0.2507 0.9170
vn -0.3361 -0.1684 0.9267
vn -0.1662 0.0006 0.9861
vn -0.9718 -0.1855 -0.1458
vn -0.8132 0.1459 -0.5634
vn -0.8072 0.0015 -0.5903
vn -0.6482 0.3189 -0.6915
vn -0.6227 0.1873 -0.7597
vn -0.4970 0.0094 -0.8677
vn -0.5595 0.1620 -0.8129
vn 0.9629 0.2528 0.0940
vn 0.7579 0.1130 -0.6425
vn 0.6398 0.4021 -0.6549
vn 0.9080 0.4185 0.0181
vn 0.9118 -0.3664 -0.1856
vn -0.5496 -0.8227 -0.1453
vn -0.0035 -0.9921 0.1256
vn -0.3835 -0.6592 0.6468
vn 0.2442 0.1468 -0.9586
vn 0.2777 -0.3379 -0.8993
vn -0.0911 -0.3577 -0.9294
vn 0.7849 -0.0037 0.6196
vn 0.9260 0.0948 0.3655
vn 0.5125 0.0169 0.8585
vn 0.1596 -0.3469 0.9242
vn 0.6051 -0.5516 0.5740
vn 0.4217 0.0503 0.9053
vn -0.0983 -0.2467 0.9641
vn 0.3460 0.0859 0.9343
vn 0.8591 0.5111 -0.0245
vn 0.5411 0.5087 -0.6696
vn 0.2519 -0.7499 -0.6118
vn 0.8523 -0.5094 0.1190
vn 0.1666 -0.9375 -0.3055
vn -0.6310 -0.5427 0.5544
vn -0.2141 -0.2222 0.9512
vn -0.7109 -0.4510 0.5397
vn 0.2361 0.1947 0.9520
vn -0.3153 -0.1263 0.9406
vn 0.5402 0.4230 0.7275
vn 0.6790 0.6126 0.4045
vn 0.7619 0.6469 -0.0332
vn 0.6644 0.7467 0.0317
vn 0.1402 0.2535 -0.9571
vn -0.1773 -0.1604 -0.9710
vn -0.2578 0.0873 -0.9622
vn -0.4390 -0.5727 -0.6923
vn -0.6219 -0.3306 -0.7099
vn -0.2094 -0.7201 -0.6616
vn -0.3386 -0.8293 -0.4445
vn -0.5774 -0.6976 -0.4242
vn -0.7094 -0.6995 -0.0862
vn -0.8425 -0.5387 0.0016
vn -0.7704 -0.5013 -0.3940
vn -0.7664 -0.3339 0.5488
vn -0.4240 -0.0175 0.9055
vn -0.8132 -0.2417 0.5294
vn 0.1135 0.3172 0.9415
vn 0.4072 0.5520 0.7276
vn 0.5526 0.7345 0.3939
vn 0.5800 0.7838 0.2220
vn -0.6047 0.2445 -0.7580
vn -0.5781 0.1044 -0.8093
vn -0.8988 0.0147 -0.4381
vn -0.8673 0.1588 -0.4717
vn -0.7096 0.2355 -0.6641
vn -0.6029 0.2880 -0.7440
vn -0.3274 0.2949 -0.8977
vn -0.7465 -0.1080 -0.6566
vn -0.8921 -0.3005 -0.3374
vn -0.9260 -0.3685 0.0818
vn -0.9582 -0.2620 0.1146
vn -0.3470 0.3777 -0.8584
vn -0.7886 -0.0036 -0.6149
vn -0.9360 -0.1863 -0.2986
vn 0.3418 -0.8739 -0.3456
vn 0.3397 -0.7955 -0.5019
vn 0.2971 -0.7895 -0.5370
vn -0.8010 -0.2076 0.5615
vn -0.8147 -0.4348 0.3836
vn 0.7581 0.6522 0.0027
vn 0.6487 0.7610 0.0083
vn 0.6049 0.6766 -0.4199
vn 0.8870 0.4601 -0.0395
vn 0.7061 0.5273 -0.4727
vn 0.3499 0.5770 -0.7380
vn 0.3982 0.4662 -0.7900
vn 0.1409 0.2949 -0.9451
vn 0.1155 0.4305 -0.8952
vn 0.4540 0.2917 -0.8419
vn 0.1399 0.0834 -0.9867
vn -0.0487 -0.1618 -0.9856
vn -0.0403 0.0876 -0.9953
vn -0.2276 -0.4631 -0.8566
vn -0.2583 -0.2506 -0.9330
vn 0.0619 -0.4865 -0.8715
vn -0.0286 -0.6734 -0.7387
vn -0.3902 -0.7061 -0.5909
vn -0.0892 -0.8505 -0.5183
vn -0.1290 -0.9632 -0.2357
vn 0.3180 -0.9430 -0.0980
vn 0.4545 -0.5060 0.7330
vn 0.2343 -0.6911 0.6837
vn 0.4047 -0.9108 0.0820
vn 0.7515 -0.4038 0.5216
vn 0.9339 -0.2710 0.2331
vn 0.9722 -0.1789 -0.1507
vn 0.8434 0.4771 -0.2471
vn 0.8676 0.3195 -0.3811
vn 0.8097 -0.1214 -0.5742
vn 0.7908 0.3499 -0.5023
vn 0.9542 0.2864 -0.0867
vn 0.4675 -0.1850 -0.8644
vn 0.3436 -0.7435 -0.5737
vn 0.1877 -0.3410 -0.9211
vn 0.2584 -0.7969 -0.5461
vn 0.0637 -0.4749 0.8777
vn 0.1043 -0.3504 0.9308
vn 0.1194 -0.2708 0.9552
vn 0.0506 -0.1027 0.9934
vn -0.6105 -0.4411 0.6578
vn -0.5053 -0.4878 0.7118
vn -0.4625 -0.4648 0.7550
vn -0.4319 -0.5100 0.7439
vn 0.8706 0.3374 0.3581
vn 0.9382 0.1691 0.3020
vn 0.6521 0.1601 0.7411
vn 0.2497 -0.0629 0.9663
vn -0.0742 -0.0914 0.9930
vn -0.0128 -0.1806 0.9835
vn 0.3487 -0.1937 0.9170
vn 0.0455 -0.3419 0.9386
vn 0.7436 0.0116 0.6686
vn -0.2019 -0.4933 0.8461
vn -0.9727 -0.2311 0.0207
vn -0.8531 -0.0677 -0.5173
vn -0.4719 -0.5817 -0.6626
vn 0.5458 -0.7383 0.3963
vn -0.0242 -0.9970 -0.0740
vn 0.5806 -0.7324 -0.3555
vn 0.3851 0.5053 0.7722
vn -0.6762 -0.7329 -0.0747
vn -0.3918 -0.8265 0.4042
vn -0.5961 -0.6042 0.5287
vn -0.8767 -0.4766 -0.0653
vn -0.5742 -0.7652 -0.2911
vn -0.3249 -0.9188 0.2240
vn -0.8128 -0.3610 -0.4572
vn -0.5972 0.0180 -0.8019
vn -0.5392 -0.1400 -0.8305
vn -0.7309 -0.4511 0.5122
vn -0.9434 -0.3314 -0.0153
vn 0.6593 0.4557 -0.5980
vn 0.9575 0.2860 0.0381
vn 0.8407 -0.3822 0.3837
vn -0.6067 0.1450 -0.7816
vn -0.8989 -0.2042 -0.3877
vn 0.3368 0.9194 0.2032
vn 0.3789 -0.0858 0.9215
vn 0.8508 0.4099 0.3288
vn 0.0728 0.6755 0.7338
vn -0.7450 0.6488 0.1551
vn -0.6579 0.7406 0.1366
vn -0.5910 0.7875 0.1747
vn -0.4338 0.8763 0.2094
vn -0.5053 0.8564 0.1062
vn -0.6281 0.7657 0.1388
vn -0.9582 0.2531 -0.1334
vn -0.3262 -0.1062 0.9393
vn 0.0135 0.3836 0.9234
vn 0.2778 -0.1841 0.9428
vn 0.3994 -0.8916 -0.2136
vn 0.9699 0.1914 0.1506
vn 0.9593 0.1663 0.2284
vn 0.9289 0.1938 0.3157
vn 0.7097 -0.2209 0.6689
vn 0.2377 -0.4848 0.8417
vn -0.3786 -0.6799 0.6280
vn -0.8891 -0.4495 -0.0867
vn 0.9099 -0.1301 -0.3939
vn 0.3367 0.8880 0.3133
vn 0.4371 0.8829 -0.1715
vn -0.0836 0.9917 0.0978
vn -0.4564 0.7844 -0.4200
vn 0.0239 0.5596 -0.8284
vn -0.4004 -0.0816 -0.9127
vn -0.5419 0.2637 -0.7980
vn 0.2388 -0.3076 0.9211
vn -0.2914 -0.8069 0.5138
vn 0.1657 -0.5415 0.8242
vn 0.3342 -0.3542 0.8734
vn 0.7734 0.5463 -0.3215
vn 0.6970 0.4562 -0.5532
vn 0.6509 0.6122 -0.4489
vn 0.7043 0.6333 -0.3207
vn 0.8332 0.5456 -0.0901
vn 0.9055 0.4184 -0.0709
vn -0.7020 -0.6876 -0.1856
vn -0.6475 -0.4015 -0.6478
vn -0.5558 -0.8009 -0.2228
vn -0.9416 -0.3313 -0.0611
vn -0.8416 0.0131 -0.5400
vn -0.2963 0.9402 -0.1680
vn -0.6346 -0.3112 0.7075
vn -0.4034 -0.7093 0.5781
vn 0.1773 -0.0336 0.9836
vn -0.0872 0.4199 0.9034
vn 0.2066 -0.2315 0.9506
vn 0.5760 0.2565 0.7762
vn 0.5328 0.3900 0.7510
vn 0.6400 0.1538 0.7528
vn 0.8152 0.4822 0.3207
vn 0.7607 0.5316 0.3726
vn 0.6961 0.6091 0.3800
vn 0.8548 0.5084 0.1044
vn 0.5898 0.7222 0.3615
vn 0.4408 0.5701 0.6933
vn 0.0998 0.8251 0.5562
vn 0.2467 0.8157 -0.5233
vn -0.5119 -0.8286 -0.2267
vn -0.5558 -0.8176 -0.1506
vn -0.5691 -0.8088 0.1479
vn 0.2805 0.8936 0.3505
vn -0.4191 0.8788 0.2283
vn 0.1362 0.7746 0.6177
vn 0.2539 0.7219 -0.6438
vn 0.0584 0.9208 -0.3856
vn 0.1128 0.9936 -0.0053
vn 0.5807 0.7803 -0.2322
vn -0.7500 0.6086 0.2590
vn -0.5696 0.7718 0.2825
vn -0.7695 -0.5026 0.3940
vn -0.8131 -0.5409 0.2152
vn -0.8779 -0.2811 -0.3877
vn 0.6376 0.4297 -0.6394
vn 0.6665 0.5256 -0.5288
vn 0.7952 0.4510 -0.4053
vn -0.9266 -0.3566 -0.1192
vn -0.3365 -0.6624 0.6693
vn 0.1579 -0.5744 0.8032
vn 0.3271 -0.5316 0.7813
vn 0.4174 -0.3953 0.8182
vn -0.1501 -0.0199 -0.9885
vn -0.3832 -0.0428 -0.9227
vn -0.4073 0.0555 -0.9116
vn -0.0562 0.0481 -0.9973
vn -0.6166 -0.1299 -0.7765
vn -0.6520 -0.0854 -0.7534
vn -0.8099 0.0643 -0.5831
vn -0.5441 0.2784 -0.7915
vn -0.9380 -0.2267 -0.2624
vn -0.9939 -0.0521 -0.0976
vn -0.9639 -0.2545 0.0783
vn -0.8829 0.0260 0.4689
vn -0.2605 -0.1028 0.9600
vn 0.4460 -0.2577 0.8571
vn 0.3647 -0.0600 0.9292
vn 0.7902 -0.0603 0.6099
vn 0.7033 0.2121 0.6786
vn 0.8045 -0.1697 0.5692
vn 0.9682 0.1334 0.2117
vn 0.8677 0.4014 0.2931
vn 0.9881 0.0287 0.1509
vn 0.9780 0.1903 -0.0855
vn 0.8745 0.4850 0.0033
vn 0.9885 0.0749 -0.1316
vn 0.8984 0.1901 -0.3959
vn 0.7670 0.5520 -0.3271
vn 0.9068 0.0481 -0.4187
vn 0.5892 0.1550 -0.7930
vn 0.4363 0.5392 -0.7204
vn 0.5884 0.0063 -0.8085
vn -0.1635 0.3122 -0.9358
vn -0.3063 0.4307 -0.8489
vn -0.7115 0.5924 -0.3778
vn -0.9233 0.3320 -0.1934
vn -0.9293 0.3450 0.1315
vn -0.6453 0.2938 0.7052
vn 0.1943 0.1711 0.9659
vn -0.2137 0.5616 0.7993
vn 0.5240 0.4743 0.7074
vn 0.6669 0.6549 0.3554
vn 0.6704 0.7382 0.0749
vn -0.4881 0.7353 -0.4702
vn 0.0027 0.9995 0.0308
vn -0.1600 0.9852 0.0609
vn -0.3109 0.9476 0.0739
vn -0.3414 0.9197 0.1939
vn -0.1891 0.9760 0.1080
vn -0.1237 0.9912 0.0478
vn 0.2154 0.9621 0.1674
vn -0.1444 -0.3035 -0.9418
vn -0.1196 -0.3807 -0.9169
vn -0.1423 -0.1949 -0.9705
vn 0.3626 0.0938 -0.9272
vn -0.0157 -0.3731 -0.9277
vn -0.5443 -0.3756 -0.7501
vn 0.0687 -0.2372 -0.9690
vn -0.4543 -0.3751 -0.8080
vn -0.3153 -0.6406 0.7001
vn -0.7962 -0.1736 0.5797
vn 0.6940 0.7144 0.0895
vn 0.5500 0.7782 -0.3033
vn -0.0583 0.9848 0.1638
vn 0.4797 0.6536 0.5854
vn -0.2089 0.9512 -0.2271
vn 0.2169 0.6755 -0.7047
vn -0.4425 0.3307 -0.8335
vn -0.5940 0.8022 -0.0606
vn 0.8451 -0.1202 0.5209
vn 0.9867 0.1564 0.0441
vn 0.9227 0.3776 0.0771
vn 0.8093 0.1453 0.5691
vn 0.8361 0.2638 -0.4810
vn 0.7776 0.4729 -0.4144
vn 0.3928 0.3661 -0.8436
vn -0.2216 0.0367 -0.9745
vn -0.6643 -0.2534 -0.7032
vn -0.4314 -0.7888 0.4378
vn -0.2989 -0.7510 0.5888
vn 0.3395 -0.5053 0.7933
vn 0.2146 -0.3438 0.9142
vn 0.6024 -0.3297 0.7269
vn 0.5475 -0.1081 0.8298
vn 0.1684 0.4134 0.8948
vn -0.3725 0.8199 0.4347
vn -0.8877 0.0415 -0.4585
vn -0.7295 0.5578 0.3958
vn -0.2767 0.1585 0.9478
vn -0.8074 0.5869 0.0609
vn -0.4394 0.6039 0.6650
vn -0.7797 0.6261 0.0053
vn -0.8057 0.3630 0.4681
vn 0.3546 0.4380 -0.8261
vn 0.4068 0.3167 -0.8569
vn -0.1187 0.2379 -0.9640
vn -0.1699 0.3165 -0.9333
vn -0.6313 0.0066 -0.7755
vn -0.0894 0.0828 -0.9925
vn -0.5659 -0.1715 -0.8065
vn -0.8135 -0.4161 -0.4064
vn -0.4790 -0.3234 -0.8161
vn -0.7015 -0.5563 -0.4455
vn -0.6413 -0.7635 0.0766
vn -0.7590 -0.6351 0.1431
vn -0.2806 -0.1756 -0.9436
vn 0.4655 0.2145 -0.8587
vn 0.8246 0.4726 -0.3108
vn 0.8939 0.2959 -0.3366
vn 0.2159 0.9720 0.0928
vn 0.6933 0.6795 -0.2400
vn 0.1538 0.6671 -0.7289
vn -0.2776 0.5682 -0.7746
vn -0.6403 0.0921 -0.7626
vn -0.2381 -0.7463 0.6216
vn -0.3082 -0.6615 0.6837
vn 0.9251 0.1776 -0.3357
vn 0.9168 0.1129 0.3830
vn 0.9271 -0.0361 0.3730
vn 0.8634 0.3408 0.3720
vn 0.6268 0.0859 0.7744
vn 0.6635 0.6374 0.3918
vn 0.0277 0.8748 0.4838
vn 0.5202 0.4774 0.7082
vn -0.3642 0.9139 -0.1793
vn -0.5868 0.7971 -0.1425
vn -0.6447 0.3248 -0.6920
vn 0.3619 -0.3987 0.8427
vn 0.4858 -0.3739 0.7901
vn 0.4591 -0.3549 0.8144
vn 0.3698 -0.2703 0.8889
vn -0.0534 -0.4367 0.8980
vn 0.1013 -0.5083 0.8552
vn 0.2624 -0.1905 0.9460
vn 0.2220 0.2174 0.9505
vn -0.1952 0.7857 0.5870
vn -0.8325 0.4903 0.2579
vn -0.6518 0.7325 0.1965
vn -0.9015 0.3916 -0.1841
vn -0.9977 -0.0248 0.0625
vn -0.4555 0.3690 0.8102
vn 0.1017 0.9567 0.2728
vn -0.3075 0.7786 -0.5469
vn -0.7823 0.5289 -0.3289
vn -0.5377 0.8430 0.0135
vn -0.7698 0.0317 -0.6376
vn -0.7101 -0.0626 -0.7014
vn -0.7870 0.0798 -0.6117
vn -0.2370 0.2952 -0.9256
vn -0.8162 0.2217 -0.5336
vn -0.9510 0.0548 -0.3043
vn -0.9241 -0.3217 0.2061
vn -0.0517 0.7141 0.6982
vn 0.4040 0.3337 0.8517
vn 0.5390 0.0592 0.8403
vn -0.6161 -0.1744 -0.7681
vn -0.7527 -0.0654 -0.6551
vn -0.8795 -0.4744 -0.0379
vn -0.9134 -0.4050 0.0402
vn -0.9555 -0.2800 0.0924
vn -0.6810 0.2313 -0.6948
vn -0.7331 0.0513 -0.6782
vn -0.3860 0.3798 -0.8407
vn 0.4766 0.4582 -0.7502
vn 0.6593 0.7468 -0.0873
vn 0.6088 0.6290 0.4834
vn 0.7754 0.3145 0.5475
vn 0.5508 -0.1115 0.8272
vn 0.8335 0.1284 0.5373
vn -0.3717 -0.6379 0.6745
vn -0.8558 -0.3801 -0.3509
vn -0.6560 -0.6734 0.3410
vn -0.3360 -0.6870 0.6444
vn -0.0447 -0.6049 0.7950
vn 0.5121 -0.3547 0.7823
vn 0.5305 -0.2655 0.8051
vn 0.8573 -0.1332 0.4973
vn 0.8578 -0.0360 0.5128
vn 0.8702 0.4927 -0.0017
vn 0.7874 0.3416 0.5132
vn 0.8114 0.5487 -0.2012
vn 0.4630 0.7354 0.4948
vn -0.2463 0.8979 0.3649
vn -0.0795 0.9948 -0.0635
vn -0.6322 0.6251 -0.4577
vn -0.7429 0.6221 -0.2471
vn -0.9015 0.4180 -0.1126
vn 0.1956 -0.6177 0.7617
vn 0.2405 -0.4066 0.8814
vn 0.1760 -0.6841 0.7078
vn -0.5620 -0.7336 0.3820
vn 0.6801 -0.4371 0.5886
vn 0.6791 -0.3341 0.6536
vn -0.6396 0.3565 -0.6810
vn 0.0516 0.5750 -0.8165
vn 0.2229 0.4998 -0.8370
vn 0.2896 0.6131 0.7350
vn -0.6400 0.4386 0.6309
vn 0.0605 0.3939 0.9172
vn 0.2639 -0.0410 0.9637
vn 0.5737 0.1977 0.7948
vn 0.2690 -0.2199 0.9377
vn 0.6272 0.0476 0.7774
vn 0.8720 0.2458 0.4233
vn 0.6583 -0.1059 0.7453
vn 0.9277 0.1534 0.3404
vn 0.8770 0.3496 -0.3297
vn 0.8661 0.4297 -0.2554
vn 0.9759 -0.0156 0.2174
vn 0.8737 0.2306 -0.4283
vn 0.3594 0.3142 -0.8787
vn 0.3286 0.4418 -0.8348
vn 0.8698 0.1600 -0.4667
vn 0.3877 0.2101 -0.8975
vn -0.0879 0.5478 -0.8320
vn -0.1229 0.4150 -0.9015
vn -0.1196 0.4956 -0.8603
vn -0.4491 0.1758 -0.8760
vn 0.9846 -0.0998 0.1438
vn -0.6860 -0.4087 0.6020
vn 0.6176 0.4430 0.6498
vn 0.3692 0.4599 0.8076
vn 0.5047 0.1467 0.8507
vn 0.7600 0.3048 0.5740
vn 0.4721 -0.1566 -0.8675
vn 0.8177 0.3504 -0.4566
vn 0.5525 0.2802 -0.7850
vn -0.9185 0.0877 -0.3856
vn -0.8454 0.1374 0.5162
vn 0.9067 0.2483 0.3409
vn 0.9331 0.1952 0.3019
vn 0.9219 0.1659 0.3502
vn 0.8542 0.2230 0.4696
vn 0.4121 -0.0706 -0.9084
vn 0.6046 0.0545 0.7947
vn 0.7697 0.6139 -0.1751
vn -0.0443 -0.2770 0.9598
vn 0.2436 -0.0530 0.9684
vn 0.3971 -0.0665 0.9153
vn 0.3539 0.0776 0.9321
vn 0.2001 0.4173 0.8865
vn -0.3335 0.9100 0.2463
vn -0.0427 0.9815 0.1868
vn -0.5983 0.7245 0.3423
vn 0.0841 0.2644 0.9607
vn -0.7185 0.4084 -0.5630
vn -0.5942 0.5400 -0.5962
vn -0.4605 0.6324 -0.6229
vn 0.4750 0.8797 0.0215
vn -0.0546 0.7480 -0.6614
vn -0.0962 -0.0379 0.9946
vn -0.6807 -0.6184 -0.3927
vn -0.4774 -0.5034 -0.7202
vn 0.6287 -0.7554 -0.1850
vn 0.9068 -0.4214 0.0093
vn 0.5737 0.7228 -0.3852
vn 0.9581 -0.0927 0.2710
vn 0.8117 -0.1498 0.5646
vn 0.6247 -0.2592 0.7366
vn 0.3721 -0.4062 0.8346
vn 0.5041 -0.0494 0.8623
vn 0.2951 -0.1591 0.9421
vn -0.0745 -0.3312 0.9406
vn 0.0055 -0.5555 0.8315
vn -0.5126 -0.4649 0.7219
vn -0.4181 -0.6528 0.6317
vn -0.5682 -0.3139 0.7606
vn -0.8429 -0.3538 0.4054
vn -0.7895 -0.4932 0.3653
vn -0.9059 -0.4191 -0.0604
vn -0.9559 -0.2924 -0.0277
vn 0.4461 0.6054 -0.6591
vn 0.3829 0.1972 -0.9025
vn -0.0894 0.1018 -0.9908
vn -0.4280 0.0416 -0.9028
vn -0.3454 -0.0190 -0.9383
vn -0.8257 -0.5533 -0.1096
vn -0.7014 -0.6513 0.2896
vn -0.4058 -0.9057 0.1225
vn -0.1907 -0.9102 0.3677
vn 0.1405 -0.8607 0.4894
vn -0.7410 0.2832 -0.6088
vn 0.7575 -0.1060 -0.6442
vn 0.9134 -0.0855 -0.3980
vn 0.9920 -0.0671 -0.1071
vn 0.9965 0.0829 0.0043
vn 0.8954 0.0387 0.4435
vn 0.6768 0.0043 0.7362
vn 0.5849 0.0955 0.8055
vn 0.4292 0.0743 0.9002
vn 0.8555 0.5158 0.0458
vn 0.8128 0.5795 0.0591
vn 0.9385 0.3414 0.0518
vn 0.9782 0.2033 0.0422
vn 0.9020 0.2560 -0.3477
vn 0.7187 0.2579 -0.6457
vn 0.7464 0.0922 -0.6591
vn 0.4278 0.0647 -0.9016
vn -0.0075 0.0170 -0.9998
vn 0.1636 -0.1547 -0.9743
vn -0.1712 -0.1634 -0.9716
vn -0.4380 -0.6873 -0.5794
vn -0.5162 -0.8334 -0.1975
vn 0.5461 -0.4489 -0.7073
vn 0.5078 -0.1213 -0.8529
vn 0.9280 0.1018 -0.3585
vn 0.8402 0.1291 0.5267
vn 0.8196 -0.3840 -0.4251
vn 0.8951 -0.4230 -0.1408
vn 0.1801 -0.0322 0.9831
vn 0.3026 -0.1866 0.9347
vn 0.3325 -0.2637 0.9055
vn 0.0138 -0.0691 0.9975
vn -0.5364 -0.2585 0.8034
vn -0.4017 -0.2963 0.8665
vn 0.1113 -0.9409 0.3198
vn -0.1633 -0.6669 0.7270
vn 0.3707 0.3368 0.8655
vn 0.3412 0.5473 0.7642
vn -0.9197 -0.3313 0.2109
vn -0.8931 -0.2815 0.3508
vn -0.9899 -0.1392 0.0283
vn 0.7789 0.0481 0.6253
vn 0.8845 0.0584 0.4629
vn 0.8873 0.0686 0.4560
vn -0.4134 -0.0137 -0.9105
vn -0.5265 -0.0461 -0.8489
vn -0.1854 0.0782 -0.9795
vn -0.1201 0.1802 -0.9763
vn -0.8213 -0.5137 0.2481
vn -0.6286 -0.5012 0.5947
vn -0.7551 -0.3812 0.5335
vn -0.2412 -0.3567 0.9025
vn 0.7985 -0.1784 0.5749
vn 0.8131 -0.5663 0.1352
vn 0.8910 -0.1249 0.4365
vn 0.8769 -0.4730 0.0855
vn -0.5138 -0.8182 0.2580
vn -0.6126 -0.7885 -0.0544
vn -0.5928 -0.6921 -0.4118
vn -0.3578 -0.5202 -0.7755
vn -0.0183 -0.3891 -0.9210
vn 0.3227 -0.3569 -0.8767
vn 0.6437 -0.3663 -0.6719
vn 0.5732 -0.0154 -0.8193
vn 0.8730 -0.0210 -0.4873
vn 0.9933 -0.0249 -0.1128
vn 0.9713 -0.0706 0.2272
vn 0.9279 0.0704 0.3662
vn 0.9838 0.1588 -0.0830
vn -0.5495 -0.1598 -0.8201
vn 0.7240 0.5318 -0.4393
vn 0.9181 0.3924 -0.0553
vn 0.8606 0.2491 0.4442
vn 0.8242 0.5652 -0.0356
vn 0.7832 0.4018 0.4745
vn 0.5445 0.3065 0.7807
vn 0.5960 0.2382 0.7669
vn 0.3334 0.2701 0.9033
vn 0.6175 0.6718 -0.4091
vn 0.2675 0.5812 -0.7685
vn 0.1592 0.6704 -0.7247
vn -0.0224 0.5112 -0.8592
vn -0.0997 0.6146 -0.7825
vn -0.0477 0.4384 -0.8975
vn -0.7459 -0.5485 0.3779
vn -0.8574 -0.4098 0.3113
vn -0.8626 -0.3028 -0.4053
vn -0.7132 -0.5769 -0.3981
vn -0.3241 -0.9458 0.0197
vn 0.9113 -0.1374 -0.3880
vn 0.8992 -0.0577 0.4338
vn 0.7815 -0.6239 -0.0047
vn -0.5128 -0.2083 -0.8328
vn 0.0765 -0.2790 -0.9572
vn -0.1526 -0.5398 -0.8278
vn -0.5326 -0.5891 0.6077
vn -0.3059 -0.5152 0.8006
vn -0.0933 -0.2671 0.9591
vn 0.2026 -0.7405 0.6408
vn 0.4105 -0.2292 0.8826
vn 0.5015 0.0347 0.8645
vn -0.0512 -0.1714 0.9839
vn -0.0246 -0.0880 0.9958
vn -0.9091 -0.3180 0.2693
vn -0.8871 -0.1611 -0.4325
vn 0.2490 -0.7512 -0.6113
vn 0.5230 -0.7704 -0.3646
vn -0.0994 -0.9557 0.2771
vn 0.9363 0.1924 0.2939
vn 0.9116 0.3099 0.2701
vn 0.5495 0.1359 0.8243
vn 0.5356 0.2728 0.7992
vn -0.0353 0.0674 0.9971
vn -0.4502 -0.0415 0.8920
vn -0.7624 -0.0636 0.6440
vn -0.9537 -0.0124 0.3004
vn -0.9547 -0.1582 0.2519
vn -0.5300 -0.0607 -0.8458
vn -0.1663 0.1302 -0.9774
vn -0.0309 -0.0917 -0.9953
vn 0.4347 0.1650 -0.8853
vn 0.5112 -0.1270 -0.8500
vn 0.4917 -0.3913 -0.7779
vn 0.7599 -0.0702 -0.6462
vn 0.7095 -0.3377 -0.6185
vn 0.9308 0.0699 -0.3587
vn 0.7367 0.2054 -0.6443
vn 0.9137 0.2848 -0.2900
vn 0.8594 0.4286 0.2787
vn 0.8129 0.5215 0.2593
vn 0.5097 0.4207 0.7505
vn -0.0565 0.2375 0.9697
vn -0.4670 0.1418 0.8728
vn -0.7807 0.1091 0.6154
vn -0.8801 0.0990 0.4644
vn -0.2632 0.3249 -0.9084
vn 0.3566 0.4093 -0.8399
vn 0.6743 0.4339 -0.5975
vn 0.8575 0.4678 -0.2142
vn 0.8052 0.5654 -0.1786
vn -0.3032 0.3983 -0.8657
vn 0.3144 0.5139 -0.7982
vn 0.6252 0.5460 -0.5577
vn -0.3678 0.1171 0.9225
vn -0.0221 -0.0636 0.9977
vn 0.0005 -0.1351 0.9908
vn -0.5351 0.0358 0.8440
vn -0.2778 0.0772 0.9575
vn -0.0406 -0.1346 0.9901
vn 0.2373 -0.8591 -0.4534
vn 0.0927 -0.5633 -0.8211
vn 0.2088 -0.6770 -0.7057
vn 0.0316 -0.9209 -0.3886
vn 0.3141 -0.8317 -0.4579
vn -0.0314 -0.6585 -0.7519
vn 0.2750 -0.9166 -0.2902
vn 0.8963 0.2955 -0.3307
vn 0.9931 0.1043 -0.0528
vn 0.2562 0.2322 -0.9383
vn 0.5767 0.3848 -0.7207
vn 0.1152 0.3926 -0.9125
vn -0.0096 -0.3042 0.9526
vn -0.7473 -0.0594 0.6618
vn -0.7225 -0.2286 0.6525
vn -0.8007 0.0305 0.5984
vn -0.9858 0.0374 0.1636
vn -0.9843 0.1060 0.1412
vn -0.9859 -0.1005 0.1338
vn -0.8045 -0.3502 -0.4797
vn -0.8809 -0.4732 0.0010
vn -0.4702 -0.1097 -0.8757
vn -0.1629 0.2747 -0.9476
vn -0.0982 0.0263 -0.9948
vn 0.3277 -0.0547 -0.9432
vn 0.5960 0.2150 0.7737
vn 0.2211 -0.9214 -0.3197
vn 0.3471 -0.1252 0.9294
vn 0.3534 -0.0915 0.9310
vn 0.1627 -0.1962 0.9670
vn 0.8199 0.2987 0.4884
vn 0.8541 0.1384 0.5014
vn -0.1832 0.3726 -0.9097
vn -0.2212 0.4391 -0.8708
vn 0.1112 0.4774 -0.8716
vn 0.4952 0.5439 -0.6774
vn -0.8357 0.3685 0.4073
vn -0.7194 -0.3365 0.6076
vn 0.0846 -0.2259 0.9705
vn -0.3546 0.4761 0.8047
vn 0.5199 0.2975 0.8008
vn 0.3420 0.8730 -0.3477
vn -0.0504 0.3523 0.9345
vn 0.2226 -0.2106 0.9519
vn 0.8607 0.3746 -0.3448
vn -0.6877 -0.5759 0.4421
vn -0.6360 -0.5777 0.5116
vn -0.6084 -0.5317 0.5892
vn -0.0817 -0.5855 0.8065
vn 0.4414 -0.3921 0.8071
vn 0.9067 -0.0977 0.4102
vn 0.8700 -0.0846 0.4857
vn 0.8533 0.3443 -0.3916
vn -0.7874 0.3607 0.5000
vn -0.6691 0.7171 0.1950
vn -0.9732 0.2214 0.0628
vn 0.0598 0.1343 -0.9891
vn -0.6557 0.2410 -0.7156
vn -0.4264 0.7985 -0.4250
vn -0.0838 0.4785 -0.8741
vn 0.2974 -0.3715 0.8795
vn 0.5266 -0.3722 0.7644
vn 0.5200 0.1461 -0.8416
vn 0.3539 0.5738 -0.7386
vn 0.8008 0.4857 -0.3504
vn -0.5730 0.8104 -0.1221
vn 0.8052 0.3638 0.4682
vn -0.0226 0.4501 0.8927
vn -0.4146 -0.0544 0.9084
vn -0.3336 -0.1700 0.9272
vn -0.3013 -0.2876 0.9091
vn -0.7593 -0.1812 0.6250
vn -0.7688 -0.2610 0.5838
vn -0.7767 -0.0816 0.6246
vn -0.8700 -0.3009 0.3907
vn -0.5101 0.1241 0.8511
vn -0.8025 0.0690 0.5926
vn -0.5325 0.5285 0.6611
vn -0.9014 0.2772 -0.3326
vn 0.9908 -0.0774 -0.1109
vn -0.7478 0.4113 0.5212
vn -0.5001 0.4762 0.7232
vn -0.3473 0.9125 0.2164
vn -0.8672 0.1961 -0.4577
vn -0.9988 0.0396 0.0301
vn -0.8165 0.5578 0.1491
vn -0.8302 0.5041 -0.2380
vn -0.1617 0.9632 0.2148
vn 0.0637 0.9902 0.1239
vn 0.9469 0.3026 0.1089
vn 0.9544 0.2882 -0.0784
vn 0.8791 -0.0924 0.4675
vn 0.5505 -0.3904 0.7379
vn 0.2634 -0.4675 0.8439
vn 0.4105 -0.4926 0.7674
vn -0.1577 -0.0234 -0.9872
vn -0.2677 -0.0510 -0.9621
vn -0.0388 0.2284 -0.9728
vn 0.0177 0.1452 -0.9892
vn 0.2568 0.3408 -0.9044
vn 0.2629 0.2828 -0.9225
vn -0.0919 0.4905 -0.8666
vn 0.2850 0.5777 -0.7648
vn 0.6127 0.7012 -0.3645
vn 0.7936 0.5697 -0.2137
vn 0.6378 0.7391 0.2165
vn 0.4899 0.2491 0.8354
vn 0.0726 -0.1971 0.9777
vn 0.1530 -0.3952 0.9058
vn -0.4029 -0.3068 0.8623
vn -0.2687 -0.5570 0.7858
vn -0.2062 -0.6436 0.7370
vn -0.7472 -0.3560 0.5612
vn -0.6279 -0.6152 0.4767
vn -0.5773 -0.7056 0.4109
vn -0.8912 -0.3433 0.2965
vn -0.7557 -0.6228 0.2025
vn -0.6875 -0.7111 0.1468
vn -0.9647 -0.2603 -0.0395
vn -0.7902 -0.6019 -0.1154
vn -0.6946 -0.7030 -0.1527
vn -0.8602 -0.0688 -0.5053
vn -0.6830 -0.4416 -0.5818
vn -0.5749 -0.5393 -0.6154
vn -0.3852 0.2082 -0.8990
vn -0.3651 0.4032 -0.8391
vn -0.1169 0.8714 -0.4764
vn 0.2556 0.8850 -0.3891
vn 0.3362 0.9385 -0.0787
vn 0.3561 0.7633 0.5390
vn -0.0805 0.6240 0.7772
vn 0.0113 0.0853 0.9963
vn -0.4845 0.0013 0.8748
vn -0.8001 -0.0331 0.5990
vn -0.9394 -0.0169 0.3424
vn -0.3838 0.7843 -0.4875
vn -0.8087 0.4817 0.3376
vn 0.0645 -0.2055 -0.9765
vn -0.5359 -0.3277 -0.7781
vn -0.0260 -0.1403 -0.9898
vn 0.1143 -0.2710 -0.9558
vn 0.0431 -0.3455 -0.9374
vn 0.4111 0.0726 -0.9087
vn 0.3409 -0.0020 -0.9401
vn -0.1209 -0.3262 -0.9375
vn 0.8583 -0.0903 0.5052
vn 0.7651 0.5586 0.3203
vn -0.9319 -0.0483 0.3594
vn -0.6250 0.1354 0.7688
vn -0.6617 0.7018 0.2639
vn -0.9975 0.0524 -0.0464
vn -0.6496 0.7445 -0.1540
vn -0.2610 0.9584 -0.1158
vn -0.2036 0.4428 -0.8732
vn -0.8263 0.1862 -0.5315
vn -0.2808 -0.6481 0.7079
vn -0.4458 -0.4434 0.7776
vn -0.8199 -0.4397 0.3666
vn -0.7010 -0.6351 0.3245
vn -0.9349 -0.3302 -0.1300
vn -0.8307 -0.5179 -0.2042
vn -0.7368 -0.1635 -0.6561
vn -0.1533 0.0686 -0.9858
vn 0.4040 0.2476 -0.8806
vn 0.9017 -0.1879 0.3894
vn 0.9698 -0.1316 0.2052
vn 0.3863 -0.4833 0.7856
vn 0.3725 -0.2698 0.8880
vn -0.0279 -0.3780 0.9254
vn 0.0780 -0.5756 0.8140
vn -0.1743 0.2527 0.9517
vn -0.2760 0.8652 0.4187
vn 0.3821 0.6372 -0.6693
vn 0.1259 0.9590 0.2538
vn 0.2999 0.4290 0.8521
vn 0.0617 0.9946 -0.0835
vn 0.3376 0.8992 0.2782
vn -0.7116 -0.2078 -0.6711
vn -0.7631 -0.0863 -0.6405
vn 0.2555 0.2137 -0.9429
vn -0.2725 -0.0031 -0.9622
vn 0.6952 0.2915 -0.6570
vn 0.7227 0.1120 -0.6820
vn 0.3146 0.0490 -0.9479
vn 0.9735 0.1775 -0.1444
vn 0.9813 -0.0024 -0.1926
vn 0.0501 -0.0205 -0.9985
vn -0.6708 -0.3182 -0.6699
vn -0.9355 -0.3529 -0.0188
vn -0.8513 -0.5226 -0.0470
vn -0.8364 0.4785 0.2674
vn -0.7884 0.2252 -0.5724
vn -0.9930 -0.1112 0.0397
vn 0.8652 -0.1111 0.4889
vn 0.8701 -0.2265 0.4377
vn -0.7809 -0.6224 -0.0522
vn -0.4326 -0.6740 0.5988
vn -0.5359 -0.5685 0.6242
vn -0.6780 -0.3821 0.6280
vn -0.2364 -0.3190 0.9178
vn -0.7752 -0.0374 0.6306
vn -0.4843 0.0062 0.8749
vn 0.2368 -0.2026 0.9502
vn -0.0444 0.0925 0.9947
vn 0.2020 0.9756 0.0865
vn 0.6372 0.7420 -0.2085
vn 0.2002 0.9084 -0.3670
vn -0.1053 0.9888 0.1058
vn 0.2129 0.6824 0.6992
vn -0.0134 0.8896 -0.4565
vn -0.5455 0.6670 -0.5075
vn -0.7081 0.5767 0.4074
vn -0.3060 0.9517 -0.0251
vn 0.2706 0.5197 -0.8104
vn 0.2886 0.4058 -0.8672
vn -0.3253 0.2538 -0.9109
vn 0.2518 0.5670 -0.7843
vn 0.1835 0.6905 -0.6997
vn 0.4514 0.7125 -0.5373
vn 0.8543 0.5121 -0.0888
vn -0.3199 0.5882 0.7428
vn -0.2680 0.0185 0.9633
vn -0.1459 -0.2619 0.9540
vn 0.2982 0.2547 -0.9199
vn -0.2767 0.4311 -0.8588
vn -0.7114 0.0098 0.7027
vn -0.5584 -0.3110 0.7691
vn -0.4564 -0.4765 0.7514
vn -0.0282 -0.3830 0.9233
vn 0.9927 0.0999 0.0675
vn 0.7086 0.3539 -0.6105
vn -0.2242 -0.6604 0.7167
vn 0.0940 -0.4702 0.8775
vn 0.1663 -0.5169 0.8397
vn -0.3539 -0.6043 0.7138
vn -0.2845 -0.6688 0.6868
vn -0.5953 -0.3067 0.7427
vn -0.7006 0.1898 0.6879
vn -0.4294 0.8119 0.3955
vn -0.0853 0.9304 -0.3564
vn -0.2105 0.8228 -0.5279
vn -0.7169 0.6959 0.0424
vn 0.1995 0.9342 -0.2957
vn 0.3953 -0.3340 0.8557
vn 0.5493 -0.4519 0.7029
vn 0.5968 -0.4868 0.6379
vn 0.9923 -0.0044 0.1239
vn 0.0156 -0.6453 0.7638
vn 0.0754 -0.7209 0.6889
vn -0.0635 0.6266 -0.7767
vn -0.4400 0.2710 0.8561
vn -0.0885 0.3240 0.9419
vn 0.2243 0.8438 0.4876
vn -0.2832 -0.2042 0.9371
vn 0.1282 -0.1046 0.9862
vn -0.2071 -0.3438 0.9159
vn 0.2527 -0.2275 0.9404
vn -0.5980 -0.4437 0.6675
vn -0.1190 -0.4704 0.8744
vn -0.5842 -0.5557 0.5915
vn -0.8144 -0.5611 -0.1481
vn -0.5192 -0.7167 0.4656
vn -0.6870 -0.1766 -0.7049
vn -0.6308 -0.2677 -0.7283
vn -0.7693 -0.6086 -0.1944
vn -0.0945 0.3422 -0.9349
vn -0.4803 -0.7871 0.3870
vn 0.8814 0.3262 0.3418
vn 0.2339 -0.0992 -0.9672
vn -0.5348 -0.3917 -0.7487
vn -0.6369 -0.7348 -0.2332
vn -0.2050 -0.9554 0.2128
vn -0.1712 -0.1864 -0.9674
vn 0.9530 0.2661 0.1446
vn 0.9727 0.1862 0.1388
vn 0.3230 -0.8921 0.3160
vn 0.0406 -0.5202 0.8531
vn 0.2457 -0.7933 -0.5570
vn 0.4830 -0.8393 0.2494
vn 0.4226 -0.4125 0.8070
vn -0.0110 -0.3478 0.9375
vn -0.0169 -0.2916 0.9564
vn 0.3937 -0.2384 0.8878
vn 0.4002 -0.1747 0.8996
vn 0.9972 -0.0456 0.0597
vn 0.7862 -0.2835 0.5491
vn 0.7397 -0.0000 0.6730
vn 0.7482 -0.0706 0.6597
vt 0.833400 0.417800
vt 0.829700 0.414800
vt 0.826300 0.412100
vt 0.828000 0.409700
vt 0.835200 0.415100
vt 0.954000 0.647200
vt 0.957100 0.648300
vt 0.955400 0.649500
vt 0.959700 0.660000
vt 0.956500 0.663500
vt 0.954900 0.660800
vt 0.957500 0.658600
vt 0.951900 0.665500
vt 0.952300 0.661600
vt 0.962800 0.662400
vt 0.959500 0.666500
vt 0.963000 0.653100
vt 0.966900 0.656300
vt 0.990700 0.652100
vt 0.987800 0.655800
vt 0.980200 0.651000
vt 0.982800 0.646100
vt 0.691514 0.861130
vt 0.701853 0.871212
vt 0.695947 0.876768
vt 0.686080 0.865342
vt 0.955000 0.669100
vt 0.950600 0.672000
vt 0.948100 0.669400
vt 0.681188 0.851234
vt 0.679008 0.855038
vt 0.676773 0.853877
vt 0.678648 0.849719
vt 0.682229 0.847226
vt 0.682928 0.849242
vt 0.945100 0.672300
vt 0.946700 0.675300
vt 0.695132 0.857791
vt 0.697275 0.853427
vt 0.703807 0.858517
vt 0.709255 0.862836
vt 0.705688 0.866922
vt 0.965900 0.681200
vt 0.961400 0.685100
vt 0.956200 0.678800
vt 0.960900 0.675700
vt 0.956300 0.689200
vt 0.951200 0.682200
vt 0.938400 0.675600
vt 0.941900 0.674200
vt 0.942700 0.678000
vt 0.939300 0.679800
vt 0.970100 0.646100
vt 0.973700 0.647600
vt 0.971300 0.651100
vt 0.968100 0.649500
vt 0.975700 0.641700
vt 0.971700 0.641100
vt 0.951000 0.693200
vt 0.948300 0.695400
vt 0.943000 0.687500
vt 0.946200 0.685500
vt 0.953300 0.655800
vt 0.957900 0.653500
vt 0.948400 0.660400
vt 0.950600 0.659300
vt 0.947300 0.656900
vt 0.947300 0.653500
vt 0.949500 0.654100
vt 0.949700 0.656800
vt 0.951500 0.652100
vt 0.681505 0.869776
vt 0.690296 0.881932
vt 0.372300 0.427100
vt 0.371800 0.424700
vt 0.373200 0.424500
vt 0.374800 0.424400
vt 0.374900 0.427700
vt 0.374000 0.429000
vt 0.371300 0.427800
vt 0.370400 0.426800
vt 0.390700 0.434400
vt 0.392500 0.433600
vt 0.393200 0.435800
vt 0.390300 0.435800
vt 0.377800 0.424000
vt 0.374500 0.422400
vt 0.376500 0.421700
vt 0.393500 0.416400
vt 0.391600 0.418000
vt 0.387700 0.413500
vt 0.388700 0.409800
vt 0.391900 0.410800
vt 0.385500 0.416600
vt 0.383500 0.414800
vt 0.385900 0.411900
vt 0.389300 0.420500
vt 0.164500 0.206900
vt 0.162700 0.207600
vt 0.161500 0.202600
vt 0.166900 0.199800
vt 0.170500 0.200800
vt 0.166800 0.205900
vt 0.384800 0.425200
vt 0.380900 0.421000
vt 0.383100 0.418800
vt 0.387100 0.423000
vt 0.379300 0.419000
vt 0.381300 0.417000
vt 0.379600 0.422400
vt 0.378000 0.420400
vt 0.383200 0.426600
vt 0.078500 0.494100
vt 0.093000 0.484600
vt 0.106500 0.474200
vt 0.109700 0.478600
vt 0.096200 0.488900
vt 0.062200 0.507500
vt 0.058800 0.503700
vt 0.372500 0.430800
vt 0.369900 0.429500
vt 0.367000 0.428400
vt 0.368300 0.431600
vt 0.365800 0.429800
vt 0.389000 0.408300
vt 0.392300 0.408100
vt 0.395200 0.415300
vt 0.394600 0.410800
vt 0.398500 0.419900
vt 0.397200 0.420800
vt 0.395700 0.422300
vt 0.393600 0.424500
vt 0.391300 0.427200
vt 0.388900 0.429500
vt 0.387200 0.431100
vt 0.386000 0.432400
vt 0.387700 0.437700
vt 0.384700 0.434100
vt 0.384100 0.435300
vt 0.201200 0.392500
vt 0.189400 0.401300
vt 0.182800 0.393100
vt 0.194200 0.384400
vt 0.209600 0.371400
vt 0.219000 0.362800
vt 0.225900 0.371000
vt 0.216500 0.379600
vt 0.544500 0.602600
vt 0.546500 0.599500
vt 0.548600 0.605600
vt 0.850100 0.924200
vt 0.872000 0.925400
vt 0.870800 0.929200
vt 0.869400 0.932300
vt 0.860800 0.935000
vt 0.402100 0.424800
vt 0.400600 0.418600
vt 0.404100 0.424100
vt 0.400600 0.425000
vt 0.399300 0.426600
vt 0.397900 0.429100
vt 0.395600 0.432200
vt 0.396900 0.434000
vt 0.399600 0.430400
vt 0.407600 0.422200
vt 0.400200 0.428200
vt 0.240000 0.356800
vt 0.234100 0.362600
vt 0.227000 0.354900
vt 0.232700 0.349200
vt 0.242100 0.340400
vt 0.249100 0.348000
vt 0.387300 0.443600
vt 0.388000 0.440200
vt 0.720900 0.581300
vt 0.727300 0.595700
vt 0.718900 0.603300
vt 0.711700 0.609400
vt 0.707000 0.613500
vt 0.697200 0.594000
vt 0.373100 0.422600
vt 0.387100 0.408900
vt 0.806300 0.854700
vt 0.808100 0.852900
vt 0.814500 0.859100
vt 0.813800 0.861300
vt 0.806200 0.868200
vt 0.797700 0.853400
vt 0.822400 0.873900
vt 0.825100 0.864400
vt 0.826400 0.862500
vt 0.385300 0.341500
vt 0.374300 0.346600
vt 0.370700 0.341700
vt 0.381200 0.337000
vt 0.395000 0.338900
vt 0.392400 0.334100
vt 0.364000 0.331000
vt 0.377900 0.326700
vt 0.389600 0.324700
vt 0.362000 0.245500
vt 0.363321 0.250185
vt 0.356400 0.256600
vt 0.353200 0.252700
vt 0.831900 0.871300
vt 0.833200 0.878700
vt 0.823700 0.883600
vt 0.839400 0.868100
vt 0.841400 0.874300
vt 0.808800 0.889800
vt 0.807000 0.883300
vt 0.805100 0.879300
vt 0.476800 0.334000
vt 0.472900 0.343200
vt 0.467600 0.343500
vt 0.483000 0.335600
vt 0.474600 0.346900
vt 0.467200 0.348400
vt 0.126100 0.830100
vt 0.111300 0.836500
vt 0.095800 0.799100
vt 0.113100 0.797800
vt 0.500000 0.256500
vt 0.505100 0.252000
vt 0.509700 0.253300
vt 0.503900 0.260500
vt 0.497000 0.252200
vt 0.502400 0.248000
vt 0.507900 0.243600
vt 0.780600 0.826500
vt 0.778000 0.831500
vt 0.775800 0.830300
vt 0.779200 0.824600
vt 0.782800 0.828600
vt 0.782100 0.833300
vt 0.791600 0.823600
vt 0.790800 0.826200
vt 0.789800 0.829900
vt 0.462300 0.330200
vt 0.453200 0.328700
vt 0.454500 0.318200
vt 0.462300 0.316800
vt 0.469300 0.313800
vt 0.473600 0.321300
vt 0.801900 0.835500
vt 0.799300 0.836700
vt 0.888200 0.924400
vt 0.884700 0.927600
vt 0.872600 0.921100
vt 0.872900 0.916900
vt 0.880100 0.913600
vt 0.532600 0.711700
vt 0.530800 0.707300
vt 0.541000 0.706800
vt 0.550000 0.707000
vt 0.548200 0.714700
vt 0.540700 0.713100
vt 0.547500 0.162000
vt 0.551200 0.167400
vt 0.544500 0.165600
vt 0.540100 0.160500
vt 0.537200 0.156200
vt 0.539200 0.154500
vt 0.542700 0.157700
vt 0.023700 0.034800
vt 0.026600 0.035200
vt 0.021800 0.082000
vt 0.017700 0.083400
vt 0.941300 0.764600
vt 0.932700 0.760200
vt 0.937400 0.753700
vt 0.940200 0.755700
vt 0.943000 0.757600
vt 0.948700 0.758500
vt 0.948900 0.768500
vt 0.175100 0.565100
vt 0.177900 0.568100
vt 0.181700 0.564800
vt 0.178800 0.561700
vt 0.175000 0.557600
vt 0.171600 0.560500
vt 0.466700 0.332300
vt 0.474000 0.262600
vt 0.477700 0.268100
vt 0.471100 0.272000
vt 0.466400 0.265900
vt 0.464632 0.258282
vt 0.456332 0.260710
vt 0.455037 0.252322
vt 0.463308 0.250822
vt 0.472232 0.255798
vt 0.470966 0.248780
vt 0.546600 0.554900
vt 0.551800 0.551600
vt 0.553900 0.555000
vt 0.549600 0.557900
vt 0.546700 0.562100
vt 0.543200 0.559900
vt 0.785000 0.892100
vt 0.813700 0.899800
vt 0.782200 0.911500
vt 0.768000 0.904400
vt 0.779200 0.877300
vt 0.770200 0.873700
vt 0.776200 0.867500
vt 0.779700 0.860900
vt 0.777400 0.853200
vt 0.777400 0.840900
vt 0.777600 0.835800
vt 0.781400 0.836600
vt 0.786300 0.855900
vt 0.784600 0.868200
vt 0.774800 0.840000
vt 0.773000 0.854300
vt 0.854600 0.855100
vt 0.849800 0.856800
vt 0.850100 0.854400
vt 0.859700 0.853300
vt 0.857000 0.857000
vt 0.851300 0.861200
vt 0.834100 0.399600
vt 0.835700 0.395800
vt 0.843100 0.400800
vt 0.841100 0.404300
vt 0.541100 0.328300
vt 0.530800 0.326500
vt 0.541600 0.288500
vt 0.562100 0.297800
vt 0.551500 0.330500
vt 0.765100 0.919600
vt 0.757500 0.912800
vt 0.194800 0.893300
vt 0.212000 0.907900
vt 0.201400 0.919300
vt 0.182600 0.906200
vt 0.616300 0.585300
vt 0.607900 0.583900
vt 0.607900 0.580200
vt 0.616800 0.581500
vt 0.626100 0.583200
vt 0.625200 0.587100
vt 0.684200 0.579200
vt 0.686100 0.585500
vt 0.661300 0.593400
vt 0.655600 0.584900
vt 0.671200 0.580900
vt 0.825500 0.293400
vt 0.845300 0.303000
vt 0.840300 0.312600
vt 0.803000 0.301000
vt 0.805200 0.286700
vt 0.290100 0.385200
vt 0.281800 0.376300
vt 0.292700 0.370000
vt 0.300600 0.377600
vt 0.308800 0.358400
vt 0.315200 0.366200
vt 0.262300 0.607600
vt 0.235900 0.635700
vt 0.220800 0.623100
vt 0.259200 0.586700
vt 0.270500 0.600300
vt 0.276300 0.365400
vt 0.286000 0.359600
vt 0.477900 0.409000
vt 0.492600 0.399200
vt 0.502900 0.416500
vt 0.476500 0.436200
vt 0.463800 0.420000
vt 0.692500 0.651900
vt 0.699700 0.655500
vt 0.687800 0.669100
vt 0.680300 0.664700
vt 0.686500 0.658000
vt 0.746500 0.372300
vt 0.736800 0.372500
vt 0.738600 0.395100
vt 0.726900 0.394100
vt 0.726200 0.407800
vt 0.700700 0.405200
vt 0.692300 0.434800
vt 0.677000 0.431600
vt 0.686000 0.394000
vt 0.701700 0.393300
vt 0.700600 0.374900
vt 0.724800 0.372800
vt 0.721400 0.351600
vt 0.734000 0.350000
vt 0.758100 0.360300
vt 0.756800 0.375500
vt 0.269400 0.354400
vt 0.261400 0.363000
vt 0.257000 0.357900
vt 0.266300 0.349800
vt 0.279400 0.346200
vt 0.276800 0.341600
vt 0.252500 0.352300
vt 0.262300 0.344000
vt 0.273300 0.336000
vt 0.248400 0.366100
vt 0.243600 0.360900
vt 0.243100 0.372200
vt 0.235800 0.381000
vt 0.230000 0.375500
vt 0.238000 0.366900
vt 0.220800 0.384500
vt 0.617300 0.976100
vt 0.607600 0.976400
vt 0.607200 0.966500
vt 0.617500 0.966400
vt 0.665000 0.915500
vt 0.716100 0.916700
vt 0.718400 0.923000
vt 0.665500 0.922500
vt 0.606500 0.942100
vt 0.606500 0.930600
vt 0.616300 0.930300
vt 0.617200 0.942000
vt 0.606400 0.922300
vt 0.615800 0.922100
vt 0.277000 0.899200
vt 0.265500 0.888300
vt 0.285200 0.876500
vt 0.321100 0.866900
vt 0.324400 0.872800
vt 0.307100 0.880500
vt 0.292800 0.888400
vt 0.271900 0.421200
vt 0.262400 0.429600
vt 0.258400 0.425000
vt 0.268000 0.417200
vt 0.280400 0.414900
vt 0.275800 0.411100
vt 0.286600 0.410700
vt 0.281500 0.406700
vt 0.295200 0.403400
vt 0.290300 0.399900
vt 0.271300 0.397500
vt 0.280300 0.391500
vt 0.304000 0.395900
vt 0.299400 0.392600
vt 0.312900 0.388000
vt 0.309000 0.384500
vt 0.322100 0.373300
vt 0.336300 0.363100
vt 0.347900 0.356300
vt 0.355100 0.352400
vt 0.359000 0.355000
vt 0.330400 0.355700
vt 0.324900 0.347500
vt 0.337200 0.340900
vt 0.341900 0.349200
vt 0.303100 0.349600
vt 0.320500 0.339700
vt 0.497700 0.729800
vt 0.505800 0.726100
vt 0.515300 0.725500
vt 0.519100 0.733100
vt 0.494900 0.743100
vt 0.490500 0.732700
vt 0.292300 0.330800
vt 0.288200 0.325400
vt 0.284600 0.320900
vt 0.298900 0.310100
vt 0.302800 0.314300
vt 0.270100 0.331400
vt 0.259200 0.339600
vt 0.252400 0.331800
vt 0.263300 0.323500
vt 0.640600 0.994000
vt 0.634800 0.994500
vt 0.635000 0.984500
vt 0.640800 0.984200
vt 0.626300 0.995100
vt 0.626800 0.985000
vt 0.282100 0.351700
vt 0.635100 0.975300
vt 0.627200 0.975600
vt 0.627300 0.966600
vt 0.635100 0.966800
vt 0.640700 0.975200
vt 0.640800 0.966800
vt 0.616900 0.985700
vt 0.434900 0.919900
vt 0.436700 0.944100
vt 0.422400 0.947200
vt 0.410300 0.928900
vt 0.399100 0.926300
vt 0.388500 0.914300
vt 0.380600 0.907500
vt 0.387200 0.902900
vt 0.960300 0.841300
vt 0.964700 0.844700
vt 0.952700 0.851900
vt 0.947100 0.848400
vt 0.953200 0.844900
vt 0.634800 0.942000
vt 0.634700 0.930200
vt 0.640600 0.930200
vt 0.640800 0.942000
vt 0.626900 0.942100
vt 0.626300 0.930200
vt 0.634500 0.922400
vt 0.640500 0.922600
vt 0.625900 0.922200
vt 0.624100 0.519000
vt 0.616500 0.503500
vt 0.618500 0.501900
vt 0.628500 0.515700
vt 0.632900 0.520400
vt 0.627200 0.524800
vt 0.332400 0.594700
vt 0.336700 0.615100
vt 0.326000 0.614600
vt 0.309400 0.656600
vt 0.297600 0.674900
vt 0.276900 0.663600
vt 0.279300 0.623700
vt 0.840900 0.395600
vt 0.844600 0.398600
vt 0.837000 0.392600
vt 0.349200 0.346100
vt 0.691700 0.567100
vt 0.693400 0.551600
vt 0.698200 0.552400
vt 0.698300 0.561100
vt 0.698800 0.566100
vt 0.733400 0.913800
vt 0.735800 0.920000
vt 0.747300 0.907900
vt 0.755500 0.900300
vt 0.738900 0.926400
vt 0.073600 0.411800
vt 0.085000 0.386900
vt 0.100400 0.397900
vt 0.092800 0.409900
vt 0.083300 0.412800
vt 0.842300 0.890600
vt 0.824300 0.907800
vt 0.822500 0.900200
vt 0.837400 0.889600
vt 0.836600 0.885100
vt 0.847600 0.883600
vt 0.242300 0.471100
vt 0.247900 0.465700
vt 0.259300 0.464500
vt 0.256700 0.470300
vt 0.254100 0.475400
vt 0.245100 0.481400
vt 0.955100 0.836200
vt 0.952200 0.832900
vt 0.948100 0.828600
vt 0.956700 0.821600
vt 0.965200 0.828300
vt 0.901300 0.195700
vt 0.914100 0.214600
vt 0.902700 0.225000
vt 0.888300 0.207700
vt 0.847200 0.870900
vt 0.844800 0.865200
vt 0.853900 0.866500
vt 0.884600 0.901300
vt 0.873900 0.905700
vt 0.864700 0.895300
vt 0.877900 0.887800
vt 0.864700 0.858500
vt 0.513900 0.254600
vt 0.506900 0.264900
vt 0.870600 0.868600
vt 0.872500 0.874900
vt 0.864800 0.879800
vt 0.860600 0.874600
vt 0.634800 0.585800
vt 0.638600 0.572300
vt 0.649000 0.577700
vt 0.669700 0.573200
vt 0.647600 0.594500
vt 0.641900 0.589600
vt 0.477639 0.246722
vt 0.478636 0.253638
vt 0.490300 0.262300
vt 0.487500 0.257200
vt 0.493900 0.267300
vt 0.495800 0.271700
vt 0.483300 0.265400
vt 0.487200 0.270700
vt 0.481800 0.273400
vt 0.477200 0.037100
vt 0.478100 0.053400
vt 0.456600 0.053700
vt 0.435400 0.053400
vt 0.434400 0.035800
vt 0.478900 0.281200
vt 0.472800 0.285200
vt 0.470000 0.282900
vt 0.475700 0.277300
vt 0.832700 0.863600
vt 0.833300 0.860400
vt 0.839200 0.861500
vt 0.840200 0.858200
vt 0.844100 0.859500
vt 0.844300 0.856600
vt 0.468100 0.296600
vt 0.465000 0.295200
vt 0.459400 0.294600
vt 0.464900 0.278500
vt 0.459400 0.308100
vt 0.465200 0.305900
vt 0.469200 0.304700
vt 0.473700 0.311700
vt 0.932100 0.640400
vt 0.937700 0.645600
vt 0.935300 0.648300
vt 0.928900 0.642700
vt 0.635700 0.849600
vt 0.634900 0.859300
vt 0.631800 0.865800
vt 0.629400 0.871300
vt 0.618700 0.862800
vt 0.627900 0.852100
vt 0.442400 0.326900
vt 0.444600 0.336400
vt 0.432700 0.333900
vt 0.434300 0.325500
vt 0.443700 0.341500
vt 0.432200 0.337200
vt 0.457100 0.346200
vt 0.458500 0.341300
vt 0.462200 0.347300
vt 0.463300 0.342700
vt 0.424800 0.338100
vt 0.425200 0.333000
vt 0.350600 0.180500
vt 0.379600 0.176900
vt 0.380700 0.195000
vt 0.366000 0.197200
vt 0.351500 0.199500
vt 0.949500 0.509800
vt 0.948400 0.520400
vt 0.938200 0.520700
vt 0.935800 0.517000
vt 0.932700 0.512500
vt 0.946500 0.502000
vt 0.850200 0.914700
vt 0.855200 0.906200
vt 0.841000 0.442600
vt 0.844100 0.442700
vt 0.844700 0.452300
vt 0.841100 0.452400
vt 0.840800 0.446400
vt 0.930900 0.763000
vt 0.935200 0.765200
vt 0.933800 0.769600
vt 0.929300 0.767300
vt 0.924300 0.764900
vt 0.925900 0.760900
vt 0.408000 0.337800
vt 0.407000 0.332500
vt 0.406000 0.323600
vt 0.418100 0.323800
vt 0.417800 0.332500
vt 0.388000 0.315000
vt 0.375200 0.315700
vt 0.427100 0.316500
vt 0.386400 0.306900
vt 0.405100 0.307800
vt 0.405400 0.292200
vt 0.428600 0.294400
vt 0.429092 0.260170
vt 0.921000 0.663400
vt 0.917500 0.667000
vt 0.913000 0.664600
vt 0.911700 0.660500
vt 0.915200 0.657400
vt 0.647800 0.857900
vt 0.642000 0.874600
vt 0.276100 0.480300
vt 0.282300 0.484400
vt 0.276000 0.492900
vt 0.274800 0.488200
vt 0.832300 0.684000
vt 0.823900 0.659900
vt 0.832700 0.655500
vt 0.834700 0.665100
vt 0.838000 0.678200
vt 0.526400 0.152100
vt 0.504900 0.152400
vt 0.505900 0.118900
vt 0.527500 0.118400
vt 0.744500 0.595800
vt 0.762000 0.586300
vt 0.889200 0.855900
vt 0.876800 0.850400
vt 0.876500 0.847700
vt 0.892700 0.852800
vt 0.739800 0.606000
vt 0.735800 0.603100
vt 0.368200 0.243600
vt 0.368800 0.250600
vt 0.623000 0.527600
vt 0.620600 0.521100
vt 0.615800 0.506300
vt 0.376100 0.243600
vt 0.365600 0.232800
vt 0.374500 0.232300
vt 0.356900 0.236400
vt 0.390400 0.245300
vt 0.390000 0.234000
vt 0.801500 0.978300
vt 0.794700 0.976000
vt 0.797600 0.969200
vt 0.805800 0.971500
vt 0.793400 0.981000
vt 0.794000 0.984100
vt 0.802300 0.956400
vt 0.811100 0.957900
vt 0.879400 0.601500
vt 0.871400 0.599300
vt 0.877900 0.587800
vt 0.886100 0.576000
vt 0.894000 0.585400
vt 0.887000 0.593100
vt 0.958800 0.755600
vt 0.956900 0.736100
vt 0.961800 0.734900
vt 0.971100 0.749100
vt 0.983600 0.771800
vt 0.971200 0.775000
vt 0.184900 0.155500
vt 0.180200 0.152000
vt 0.178100 0.148700
vt 0.182100 0.149800
vt 0.186700 0.152000
vt 0.761600 0.973200
vt 0.761000 0.980100
vt 0.743000 0.980500
vt 0.742500 0.972600
vt 0.034200 0.036600
vt 0.033900 0.078900
vt 0.027400 0.080400
vt 0.030000 0.035800
vt 0.414200 0.981000
vt 0.389400 0.924200
vt 0.383200 0.916900
vt 0.422400 0.978200
vt 0.036900 0.693700
vt 0.058300 0.691200
vt 0.063000 0.718700
vt 0.041800 0.721100
vt 0.020400 0.724600
vt 0.015400 0.697100
vt 0.657700 0.930200
vt 0.657000 0.922700
vt 0.666300 0.930100
vt 0.649300 0.930200
vt 0.648800 0.922800
vt 0.649900 0.942000
vt 0.658900 0.941800
vt 0.668100 0.941700
vt 0.650000 0.954700
vt 0.659400 0.954100
vt 0.669300 0.953400
vt 0.681100 0.941600
vt 0.683300 0.952500
vt 0.717400 0.517100
vt 0.721200 0.509100
vt 0.724200 0.502000
vt 0.734100 0.504300
vt 0.724600 0.530500
vt 0.717100 0.526700
vt 0.053578 0.588892
vt 0.044798 0.618175
vt 0.037866 0.615729
vt 0.042309 0.604229
vt 0.045193 0.586800
vt 0.854000 0.166800
vt 0.839100 0.179400
vt 0.823000 0.188900
vt 0.813600 0.167500
vt 0.827400 0.160600
vt 0.839400 0.149100
vt 0.050200 0.369300
vt 0.050500 0.358900
vt 0.052800 0.358900
vt 0.052900 0.369300
vt 0.052400 0.378500
vt 0.049000 0.378700
vt 0.984900 0.659600
vt 0.979800 0.666000
vt 0.760700 0.985500
vt 0.743900 0.987400
vt 0.537600 0.665400
vt 0.545700 0.660000
vt 0.562200 0.647400
vt 0.567700 0.657800
vt 0.528300 0.675900
vt 0.525000 0.670700
vt 0.124000 0.459200
vt 0.127600 0.463700
vt 0.117000 0.472600
vt 0.624600 0.127300
vt 0.617500 0.119800
vt 0.619300 0.118200
vt 0.626800 0.125600
vt 0.484900 0.767700
vt 0.491300 0.761900
vt 0.509300 0.767400
vt 0.505000 0.780800
vt 0.479900 0.775300
vt 0.223200 0.897300
vt 0.235000 0.909800
vt 0.206500 0.940100
vt 0.171000 0.919300
vt 0.137700 0.277200
vt 0.141600 0.281300
vt 0.144100 0.284200
vt 0.142300 0.286000
vt 0.135600 0.279000
vt 0.132600 0.275800
vt 0.134500 0.274100
vt 0.650100 0.984000
vt 0.650400 0.993900
vt 0.659700 0.974600
vt 0.649900 0.974900
vt 0.649900 0.966600
vt 0.659500 0.966100
vt 0.660300 0.983600
vt 0.277900 0.312800
vt 0.117900 0.595400
vt 0.118000 0.603600
vt 0.118100 0.614500
vt 0.106500 0.615400
vt 0.109100 0.603800
vt 0.110100 0.586900
vt 0.118200 0.587200
vt 0.640800 0.955000
vt 0.052100 0.496600
vt 0.073300 0.486400
vt 0.722500 0.288700
vt 0.735400 0.286100
vt 0.739400 0.306200
vt 0.726900 0.308500
vt 0.701500 0.314200
vt 0.696500 0.295200
vt 0.252000 0.720800
vt 0.261000 0.693400
vt 0.284500 0.702500
vt 0.277600 0.728500
vt 0.345900 0.337100
vt 0.245600 0.566400
vt 0.279800 0.547600
vt 0.288800 0.568200
vt 0.226900 0.390400
vt 0.829900 0.510400
vt 0.835900 0.510700
vt 0.835800 0.516200
vt 0.829000 0.515900
vt 0.822200 0.513200
vt 0.824700 0.508800
vt 0.168200 0.581000
vt 0.165800 0.579300
vt 0.162700 0.576600
vt 0.164700 0.574500
vt 0.157200 0.565600
vt 0.159200 0.563700
vt 0.167000 0.572400
vt 0.170500 0.576600
vt 0.173500 0.576100
vt 0.172800 0.579100
vt 0.171000 0.582600
vt 0.135200 0.287600
vt 0.130900 0.283700
vt 0.133000 0.281300
vt 0.140100 0.288200
vt 0.138100 0.290200
vt 0.500019 0.245619
vt 0.500608 0.242908
vt 0.495096 0.247439
vt 0.494952 0.242364
vt 0.019000 0.398100
vt 0.026400 0.383300
vt 0.029200 0.385200
vt 0.032400 0.387000
vt 0.023000 0.407200
vt 0.775300 0.835200
vt 0.479300 0.319600
vt 0.212000 0.311900
vt 0.221700 0.322300
vt 0.219400 0.324800
vt 0.213600 0.318600
vt 0.209900 0.314000
vt 0.649500 0.337500
vt 0.657600 0.333700
vt 0.665300 0.329800
vt 0.670900 0.345900
vt 0.653800 0.351300
vt 0.783500 0.986200
vt 0.783700 0.980300
vt 0.248800 0.396000
vt 0.239600 0.404600
vt 0.241200 0.386400
vt 0.784800 0.974400
vt 0.786800 0.967500
vt 0.347200 0.244900
vt 0.670000 0.965400
vt 0.685200 0.964400
vt 0.552200 0.918200
vt 0.561100 0.918600
vt 0.569400 0.918200
vt 0.568700 0.924700
vt 0.560500 0.925100
vt 0.552000 0.925200
vt 0.489200 0.599100
vt 0.905200 0.955200
vt 0.920500 0.958000
vt 0.482000 0.612600
vt 0.479600 0.611800
vt 0.408100 0.864400
vt 0.414700 0.867500
vt 0.408900 0.877900
vt 0.401000 0.871300
vt 0.400200 0.869200
vt 0.406200 0.862600
vt 0.804800 0.844600
vt 0.393000 0.884300
vt 0.389700 0.875000
vt 0.388300 0.873100
vt 0.141500 0.549500
vt 0.137300 0.558700
vt 0.133000 0.555300
vt 0.137600 0.544700
vt 0.124100 0.551100
vt 0.128000 0.539800
vt 0.146100 0.531000
vt 0.136300 0.523400
vt 0.055500 0.512900
vt 0.050600 0.511300
vt 0.392100 0.894100
vt 0.378100 0.887600
vt 0.379500 0.880800
vt 0.408800 0.892900
vt 0.407300 0.899500
vt 0.410500 0.888900
vt 0.119000 0.638500
vt 0.130300 0.631100
vt 0.129200 0.636300
vt 0.132500 0.638500
vt 0.120000 0.645100
vt 0.135200 0.631500
vt 0.034100 0.653600
vt 0.037400 0.651200
vt 0.040200 0.655800
vt 0.034600 0.658300
vt 0.030600 0.650300
vt 0.033900 0.647500
vt 0.025300 0.655000
vt 0.432300 0.835000
vt 0.433700 0.833000
vt 0.437300 0.838500
vt 0.435100 0.839800
vt 0.430200 0.837200
vt 0.431200 0.841800
vt 0.054300 0.436700
vt 0.065200 0.441100
vt 0.063100 0.445200
vt 0.057000 0.442700
vt 0.053100 0.441700
vt 0.422100 0.835200
vt 0.421200 0.832600
vt 0.423300 0.838700
vt 0.118100 0.623700
vt 0.104800 0.621600
vt 0.107500 0.633400
vt 0.100800 0.628000
vt 0.342000 0.880000
vt 0.347100 0.882600
vt 0.341200 0.886700
vt 0.414200 0.846000
vt 0.411500 0.844900
vt 0.809400 0.264800
vt 0.813300 0.241200
vt 0.835800 0.250900
vt 0.851200 0.260000
vt 0.845300 0.275500
vt 0.831000 0.275200
vt 0.807100 0.552300
vt 0.804300 0.551300
vt 0.805500 0.547800
vt 0.808800 0.548900
vt 0.811900 0.551200
vt 0.809500 0.553600
vt 0.809800 0.476600
vt 0.809800 0.472800
vt 0.818100 0.476900
vt 0.822700 0.479300
vt 0.821600 0.481700
vt 0.817600 0.479800
vt 0.045603 0.569147
vt 0.054502 0.570732
vt 0.363000 0.028200
vt 0.391900 0.031600
vt 0.392200 0.049900
vt 0.377500 0.048400
vt 0.362700 0.046800
vt 0.119400 0.628500
vt 0.209200 0.054300
vt 0.204500 0.056400
vt 0.201500 0.051900
vt 0.198300 0.046500
vt 0.202600 0.044400
vt 0.579400 0.478000
vt 0.551300 0.443300
vt 0.566000 0.434700
vt 0.594400 0.468900
vt 0.289000 0.809000
vt 0.296600 0.838500
vt 0.286000 0.842800
vt 0.274600 0.811100
vt 0.439900 0.865500
vt 0.437500 0.857800
vt 0.435800 0.844000
vt 0.438100 0.843300
vt 0.438800 0.848100
vt 0.439900 0.857300
vt 0.442600 0.867200
vt 0.358200 0.869500
vt 0.358500 0.867300
vt 0.364700 0.868500
vt 0.363600 0.873300
vt 0.357100 0.864900
vt 0.364300 0.866200
vt 0.352200 0.866000
vt 0.608700 0.814500
vt 0.599700 0.817300
vt 0.599100 0.812900
vt 0.595700 0.807500
vt 0.606800 0.800900
vt 0.569300 0.840600
vt 0.559100 0.842200
vt 0.558700 0.838000
vt 0.579100 0.834200
vt 0.587600 0.832300
vt 0.595000 0.830500
vt 0.596900 0.837800
vt 0.448800 0.912100
vt 0.459700 0.920000
vt 0.452400 0.927200
vt 0.251600 0.278500
vt 0.253900 0.282700
vt 0.249700 0.285300
vt 0.243100 0.275400
vt 0.247600 0.273100
vt 0.476900 0.945100
vt 0.537400 0.945100
vt 0.535700 0.956100
vt 0.476800 0.958100
vt 0.438500 0.492800
vt 0.428200 0.484300
vt 0.451500 0.459400
vt 0.460800 0.468800
vt 0.618400 0.811200
vt 0.617500 0.794800
vt 0.616200 0.806100
vt 0.199600 0.462400
vt 0.190500 0.471600
vt 0.184200 0.462600
vt 0.192200 0.452800
vt 0.176900 0.484200
vt 0.170200 0.476700
vt 0.514900 0.625800
vt 0.513900 0.629700
vt 0.499000 0.625200
vt 0.497500 0.623200
vt 0.175000 0.454300
vt 0.182300 0.445700
vt 0.202600 0.057500
vt 0.199300 0.053200
vt 0.206400 0.059400
vt 0.204700 0.060200
vt 0.299000 0.341700
vt 0.172500 0.437100
vt 0.168400 0.433300
vt 0.177900 0.425400
vt 0.182200 0.430500
vt 0.162800 0.445600
vt 0.158600 0.442400
vt 0.466300 0.684400
vt 0.476600 0.693100
vt 0.476000 0.700500
vt 0.471500 0.694600
vt 0.465300 0.698400
vt 0.459300 0.689200
vt 0.163400 0.428400
vt 0.173100 0.420000
vt 0.153700 0.437900
vt 0.183000 0.412600
vt 0.187400 0.418100
vt 0.193100 0.405800
vt 0.197700 0.411900
vt 0.169400 0.416000
vt 0.179400 0.408400
vt 0.205200 0.397500
vt 0.520700 0.466300
vt 0.509500 0.476400
vt 0.497300 0.461800
vt 0.521300 0.442400
vt 0.532400 0.456300
vt 0.597900 0.976400
vt 0.597100 0.967100
vt 0.963600 0.337000
vt 0.928700 0.379700
vt 0.930900 0.379300
vt 0.969800 0.340900
vt 0.966300 0.342200
vt 0.596600 0.930800
vt 0.596300 0.942700
vt 0.596800 0.922700
vt 0.243000 0.446000
vt 0.233000 0.454900
vt 0.229900 0.450000
vt 0.239300 0.441400
vt 0.225300 0.463000
vt 0.222200 0.457300
vt 0.216700 0.470300
vt 0.214100 0.464900
vt 0.207400 0.453700
vt 0.214700 0.445700
vt 0.208000 0.477800
vt 0.205400 0.472800
vt 0.198800 0.485400
vt 0.195900 0.480900
vt 0.158800 0.525700
vt 0.157000 0.521400
vt 0.161900 0.515000
vt 0.170500 0.504500
vt 0.182800 0.492100
vt 0.164100 0.497500
vt 0.155900 0.507900
vt 0.148500 0.502000
vt 0.156900 0.490800
vt 0.236900 0.549800
vt 0.274400 0.531000
vt 0.149900 0.485200
vt 0.162400 0.469600
vt 0.454500 0.960500
vt 0.428800 0.963800
vt 0.433100 0.976100
vt 0.145500 0.456000
vt 0.140900 0.451000
vt 0.137000 0.446800
vt 0.149700 0.434000
vt 0.159400 0.424600
vt 0.152900 0.416700
vt 0.163000 0.407900
vt 0.143000 0.426200
vt 0.173100 0.400100
vt 0.580300 0.995400
vt 0.579700 0.985700
vt 0.588300 0.985700
vt 0.589200 0.995800
vt 0.598800 0.985900
vt 0.600000 0.995500
vt 0.579300 0.976700
vt 0.587600 0.976500
vt 0.578900 0.968300
vt 0.587200 0.967900
vt 0.195800 0.297400
vt 0.197400 0.296900
vt 0.197800 0.298300
vt 0.194600 0.299600
vt 0.193800 0.298400
vt 0.577200 0.931700
vt 0.586000 0.931300
vt 0.586400 0.943200
vt 0.577700 0.943500
vt 0.577000 0.924100
vt 0.585900 0.923400
vt 0.758300 0.733600
vt 0.757900 0.762800
vt 0.746600 0.763000
vt 0.740600 0.740400
vt 0.735100 0.723700
vt 0.748000 0.717300
vt 0.148900 0.279800
vt 0.144600 0.280100
vt 0.146000 0.276200
vt 0.124700 0.300000
vt 0.127000 0.298300
vt 0.128500 0.301800
vt 0.149900 0.537000
vt 0.556200 0.700500
vt 0.555000 0.707500
vt 0.540000 0.702200
vt 0.151600 0.514600
vt 0.485900 0.920300
vt 0.501200 0.921800
vt 0.499300 0.928200
vt 0.482000 0.925800
vt 0.461000 0.907400
vt 0.469600 0.914600
vt 0.517000 0.977400
vt 0.533600 0.977200
vt 0.533000 0.986400
vt 0.516200 0.986600
vt 0.477300 0.987000
vt 0.477400 0.979100
vt 0.458600 0.980500
vt 0.457200 0.972600
vt 0.518100 0.968000
vt 0.198500 0.952100
vt 0.181800 0.944200
vt 0.160400 0.932600
vt 0.376900 0.909700
vt 0.158100 0.335900
vt 0.155300 0.339200
vt 0.151900 0.336700
vt 0.145700 0.331500
vt 0.149300 0.327400
vt 0.367200 0.902400
vt 0.377000 0.899100
vt 0.367900 0.882400
vt 0.370000 0.876700
vt 0.361100 0.878400
vt 0.354800 0.886900
vt 0.352900 0.873000
vt 0.343487 0.876562
vt 0.346800 0.868900
vt 0.035300 0.662800
vt 0.025636 0.654862
vt 0.044100 0.659700
vt 0.711200 0.787800
vt 0.705900 0.794900
vt 0.693100 0.780700
vt 0.696900 0.774800
vt 0.704400 0.781000
vt 0.260400 0.509100
vt 0.250400 0.510000
vt 0.249900 0.500500
vt 0.263400 0.501100
vt 0.271700 0.502300
vt 0.029509 0.633008
vt 0.033138 0.625632
vt 0.039810 0.627715
vt 0.036051 0.634651
vt 0.026658 0.640029
vt 0.032203 0.641215
vt 0.041900 0.637100
vt 0.046500 0.640600
vt 0.041100 0.647300
vt 0.037100 0.643800
vt 0.030023 0.644779
vt 0.025624 0.644050
vt 0.050900 0.645000
vt 0.044900 0.651700
vt 0.771700 0.624200
vt 0.776600 0.635700
vt 0.762200 0.642600
vt 0.740000 0.630600
vt 0.754000 0.626800
vt 0.048900 0.655100
vt 0.050700 0.634200
vt 0.055300 0.638800
vt 0.056700 0.626100
vt 0.061300 0.631300
vt 0.064500 0.635000
vt 0.059300 0.641600
vt 0.072000 0.627000
vt 0.070200 0.623900
vt 0.378900 0.873600
vt 0.377900 0.870400
vt 0.370500 0.870900
vt 0.370200 0.868100
vt 0.083900 0.624200
vt 0.083100 0.620800
vt 0.066600 0.618100
vt 0.083400 0.615200
vt 0.096700 0.617400
vt 0.093600 0.622700
vt 0.091800 0.626600
vt 0.098000 0.632100
vt 0.579000 0.772000
vt 0.574700 0.771000
vt 0.584200 0.753600
vt 0.591700 0.745100
vt 0.985800 0.761800
vt 0.964500 0.734400
vt 0.426200 0.324500
vt 0.126800 0.602700
vt 0.128100 0.613000
vt 0.126400 0.595100
vt 0.131700 0.602200
vt 0.132700 0.612200
vt 0.134700 0.621200
vt 0.129600 0.621800
vt 0.130200 0.626800
vt 0.134900 0.626300
vt 0.861000 0.481200
vt 0.862000 0.483100
vt 0.862700 0.489400
vt 0.857200 0.490400
vt 0.854400 0.484300
vt 0.376800 0.121700
vt 0.376900 0.084700
vt 0.414000 0.086700
vt 0.413900 0.120900
vt 0.201300 0.605100
vt 0.438900 0.875500
vt 0.436000 0.867900
vt 0.927700 0.715400
vt 0.924600 0.711700
vt 0.927700 0.704500
vt 0.931600 0.707200
vt 0.937100 0.712000
vt 0.932300 0.716900
vt 0.134200 0.571300
vt 0.129200 0.569500
vt 0.120500 0.567100
vt 0.127400 0.580100
vt 0.118800 0.579100
vt 0.114900 0.548000
vt 0.117600 0.535500
vt 0.633600 0.589600
vt 0.640300 0.593200
vt 0.730700 0.328900
vt 0.664900 0.429600
vt 0.648100 0.426900
vt 0.655100 0.380500
vt 0.664900 0.379900
vt 0.665100 0.364400
vt 0.674200 0.362700
vt 0.635600 0.559500
vt 0.646400 0.551600
vt 0.651600 0.555600
vt 0.626200 0.573400
vt 0.622600 0.564000
vt 0.583100 0.706400
vt 0.564400 0.729000
vt 0.565600 0.718700
vt 0.572200 0.702600
vt 0.605000 0.776400
vt 0.610100 0.782100
vt 0.600600 0.789900
vt 0.597300 0.786500
vt 0.593700 0.783100
vt 0.971100 0.832900
vt 0.046300 0.524900
vt 0.047500 0.517100
vt 0.054300 0.518900
vt 0.053400 0.526500
vt 0.037300 0.512800
vt 0.041600 0.505700
vt 0.035300 0.521500
vt 0.045274 0.556205
vt 0.035600 0.584100
vt 0.425600 0.984900
vt 0.427700 0.990200
vt 0.424200 0.991800
vt 0.418900 0.987600
vt 0.228400 0.314900
vt 0.224900 0.318700
vt 0.219400 0.312300
vt 0.222100 0.308500
vt 0.944100 0.264300
vt 0.929800 0.253700
vt 0.948200 0.233400
vt 0.963400 0.241100
vt 0.955600 0.253600
vt 0.984500 0.590100
vt 0.987800 0.596900
vt 0.984200 0.600400
vt 0.974000 0.591100
vt 0.976900 0.588200
vt 0.838700 0.409000
vt 0.827400 0.400400
vt 0.829500 0.396700
vt 0.899700 0.719100
vt 0.902100 0.713200
vt 0.920000 0.719700
vt 0.918500 0.726800
vt 0.560200 0.932600
vt 0.551600 0.932900
vt 0.568600 0.932200
vt 0.568600 0.943900
vt 0.559500 0.944200
vt 0.550300 0.944500
vt 0.559600 0.956500
vt 0.549700 0.956300
vt 0.569000 0.956700
vt 0.193300 0.155300
vt 0.190700 0.154000
vt 0.192400 0.149900
vt 0.195000 0.151100
vt 0.197600 0.152400
vt 0.196300 0.156200
vt 0.167800 0.449200
vt 0.155300 0.464200
vt 0.380100 0.388000
vt 0.378100 0.384100
vt 0.381600 0.382300
vt 0.384100 0.386000
vt 0.385500 0.388700
vt 0.381400 0.390700
vt 0.972500 0.584200
vt 0.970400 0.581400
vt 0.972800 0.579100
vt 0.980400 0.584300
vt 0.968200 0.811700
vt 0.972100 0.813600
vt 0.962900 0.808900
vt 0.100000 0.466500
vt 0.117100 0.451200
vt 0.130100 0.438900
vt 0.303400 0.707800
vt 0.313900 0.682100
vt 0.090400 0.481600
vt 0.877000 0.475000
vt 0.872100 0.469700
vt 0.874200 0.466800
vt 0.879200 0.472500
vt 0.882800 0.476100
vt 0.880900 0.478400
vt 0.227200 0.710900
vt 0.232200 0.696300
vt 0.238200 0.681900
vt 0.057600 0.296100
vt 0.057900 0.290600
vt 0.063200 0.289600
vt 0.062500 0.296000
vt 0.061900 0.302600
vt 0.057200 0.302200
vt 0.570600 0.995900
vt 0.570400 0.985900
vt 0.569700 0.968500
vt 0.570200 0.976900
vt 0.560200 0.976900
vt 0.560100 0.968400
vt 0.560200 0.986000
vt 0.632200 0.447300
vt 0.637800 0.450300
vt 0.633500 0.455200
vt 0.620900 0.447100
vt 0.627400 0.443300
vt 0.578200 0.956500
vt 0.046000 0.630300
vt 0.150500 0.325900
vt 0.158900 0.334900
vt 0.143300 0.509800
vt 0.209900 0.404400
vt 0.202100 0.418300
vt 0.211300 0.427600
vt 0.203000 0.435100
vt 0.192000 0.424500
vt 0.025848 0.647747
vt 0.028628 0.647579
vt 0.615200 0.588300
vt 0.624400 0.589900
vt 0.620500 0.594600
vt 0.612300 0.594100
vt 0.608100 0.590400
vt 0.395800 0.211100
vt 0.367000 0.215700
vt 0.395400 0.192800
vt 0.104900 0.638900
vt 0.763000 0.888500
vt 0.893200 0.823400
vt 0.890600 0.821200
vt 0.887900 0.819100
vt 0.892900 0.812900
vt 0.899500 0.819900
vt 0.905400 0.826100
vt 0.895600 0.828700
vt 0.437200 0.994500
vt 0.436800 0.988700
vt 0.435400 0.982800
vt 0.549500 0.968300
vt 0.534400 0.968000
vt 0.845400 0.623900
vt 0.830100 0.614900
vt 0.834400 0.612000
vt 0.517400 0.644900
vt 0.513400 0.642100
vt 0.517800 0.636300
vt 0.977900 0.606300
vt 0.972600 0.611300
vt 0.963100 0.601200
vt 0.968100 0.596600
vt 0.589100 0.377600
vt 0.655500 0.365900
vt 0.645900 0.367100
vt 0.645300 0.380700
vt 0.630400 0.380600
vt 0.629100 0.401700
vt 0.610500 0.399300
vt 0.593000 0.397800
vt 0.656500 0.637900
vt 0.654300 0.633400
vt 0.651200 0.629000
vt 0.654500 0.624100
vt 0.656500 0.618600
vt 0.680400 0.642700
vt 0.673800 0.648700
vt 0.667400 0.655000
vt 0.660700 0.645700
vt 0.377800 0.433900
vt 0.400400 0.411200
vt 0.845300 0.713600
vt 0.848700 0.688500
vt 0.856200 0.687900
vt 0.857800 0.695900
vt 0.864700 0.712200
vt 0.476800 0.994000
vt 0.460000 0.992900
vt 0.459500 0.987400
vt 0.576400 0.541400
vt 0.917900 0.515100
vt 0.915700 0.517900
vt 0.578400 0.544900
vt 0.479000 0.932700
vt 0.637100 0.485100
vt 0.966000 0.502400
vt 0.958300 0.490300
vt 0.628600 0.487300
vt 0.629600 0.483700
vt 0.876100 0.446800
vt 0.880300 0.452300
vt 0.876300 0.452000
vt 0.873700 0.448300
vt 0.869800 0.444700
vt 0.871100 0.442900
vt 0.314100 0.447700
vt 0.312300 0.441000
vt 0.317700 0.444700
vt 0.322000 0.449500
vt 0.325200 0.453000
vt 0.323500 0.454900
vt 0.319200 0.452100
vt 0.415500 0.155100
vt 0.378500 0.158700
vt 0.432100 0.338700
vt 0.129400 0.595200
vt 0.131900 0.588100
vt 0.126700 0.587500
vt 0.205300 0.061200
vt 0.206900 0.061100
vt 0.204200 0.062100
vt 0.203500 0.061400
vt 0.205200 0.063200
vt 0.204000 0.063100
vt 0.203000 0.062600
vt 0.224833 0.049012
vt 0.223433 0.049112
vt 0.223700 0.047400
vt 0.225500 0.047600
vt 0.193613 0.076416
vt 0.195833 0.074312
vt 0.196733 0.075212
vt 0.194865 0.077373
vt 0.194933 0.073512
vt 0.192390 0.075584
vt 0.222300 0.047600
vt 0.221900 0.048600
vt 0.197900 0.035200
vt 0.199500 0.039200
vt 0.197300 0.040200
vt 0.196000 0.036000
vt 0.195900 0.048100
vt 0.192500 0.043500
vt 0.195300 0.041400
vt 0.808100 0.405100
vt 0.808300 0.406100
vt 0.804600 0.407200
vt 0.801900 0.403900
vt 0.803200 0.403300
vt 0.805200 0.405000
vt 0.191600 0.052100
vt 0.193300 0.050300
vt 0.197100 0.055000
vt 0.195700 0.056700
vt 0.188300 0.055500
vt 0.192700 0.060300
vt 0.202300 0.067100
vt 0.199500 0.070800
vt 0.203300 0.067800
vt 0.211100 0.057700
vt 0.211900 0.059300
vt 0.202000 0.037800
vt 0.205600 0.042500
vt 0.204700 0.035900
vt 0.208300 0.040500
vt 0.200100 0.033900
vt 0.202300 0.032400
vt 0.588000 0.341700
vt 0.617800 0.289000
vt 0.657700 0.287200
vt 0.668700 0.308000
vt 0.650300 0.319700
vt 0.608100 0.335600
vt 0.608400 0.346300
vt 0.215500 0.521700
vt 0.218800 0.525300
vt 0.215700 0.527400
vt 0.212500 0.524500
vt 0.208700 0.521100
vt 0.211800 0.518200
vt 0.185100 0.050100
vt 0.188100 0.047500
vt 0.185800 0.057700
vt 0.190100 0.063000
vt 0.186933 0.065612
vt 0.182633 0.059912
vt 0.220500 0.053900
vt 0.219100 0.052500
vt 0.216300 0.057100
vt 0.215300 0.055500
vt 0.200400 0.071600
vt 0.968500 0.526500
vt 0.959400 0.525000
vt 0.948300 0.525300
vt 0.958200 0.517600
vt 0.968100 0.517900
vt 0.978400 0.515900
vt 0.977600 0.529700
vt 0.850200 0.223500
vt 0.832500 0.205400
vt 0.848900 0.193100
vt 0.863900 0.209200
vt 0.377200 0.066500
vt 0.414000 0.052000
vt 0.414200 0.069500
vt 0.319700 0.796700
vt 0.312700 0.808900
vt 0.311700 0.822100
vt 0.313400 0.832700
vt 0.318800 0.846800
vt 0.310500 0.849900
vt 0.307000 0.842900
vt 0.300100 0.808200
vt 0.303000 0.793600
vt 0.308900 0.778800
vt 0.330800 0.784300
vt 0.182900 0.046400
vt 0.185500 0.044400
vt 0.182500 0.052100
vt 0.180400 0.048100
vt 0.180360 0.060952
vt 0.176917 0.054942
vt 0.179133 0.053912
vt 0.538900 0.588300
vt 0.542800 0.592900
vt 0.862900 0.941000
vt 0.865200 0.946700
vt 0.177333 0.049812
vt 0.175075 0.049896
vt 0.857400 0.325100
vt 0.854500 0.330400
vt 0.843600 0.323000
vt 0.847600 0.316600
vt 0.216300 0.049500
vt 0.219700 0.045800
vt 0.486072 0.250942
vt 0.200800 0.059000
vt 0.199900 0.060400
vt 0.860400 0.815200
vt 0.862100 0.821900
vt 0.856100 0.823700
vt 0.854100 0.818100
vt 0.851900 0.814100
vt 0.858300 0.810700
vt 0.188654 0.072310
vt 0.191233 0.070612
vt 0.222700 0.043800
vt 0.225000 0.043300
vt 0.220700 0.044800
vt 0.197400 0.064100
vt 0.194700 0.067500
vt 0.184381 0.067120
vt 0.219900 0.038900
vt 0.222700 0.037400
vt 0.217500 0.040600
vt 0.216200 0.041700
vt 0.215900 0.034200
vt 0.218600 0.032100
vt 0.213600 0.036000
vt 0.212200 0.037100
vt 0.126800 0.332300
vt 0.128500 0.333000
vt 0.127000 0.337400
vt 0.125700 0.338000
vt 0.121700 0.340800
vt 0.120800 0.339000
vt 0.125400 0.339100
vt 0.139306 0.318124
vt 0.137547 0.314380
vt 0.141412 0.313777
vt 0.139800 0.326200
vt 0.135600 0.322300
vt 0.139300 0.320200
vt 0.143300 0.322500
vt 0.144200 0.321100
vt 0.140000 0.340100
vt 0.147200 0.344200
vt 0.144200 0.349200
vt 0.137400 0.344700
vt 0.142700 0.351000
vt 0.136200 0.346200
vt 0.130000 0.341500
vt 0.130900 0.340200
vt 0.141000 0.352800
vt 0.134700 0.347900
vt 0.128800 0.342900
vt 0.130300 0.352100
vt 0.124800 0.345900
vt 0.120500 0.349600
vt 0.116800 0.344100
vt 0.115600 0.342600
vt 0.133200 0.335600
vt 0.149100 0.340500
vt 0.142500 0.335500
vt 0.152900 0.342400
vt 0.151300 0.345600
vt 0.143700 0.355700
vt 0.144900 0.354600
vt 0.141000 0.358900
vt 0.137400 0.356600
vt 0.127100 0.355400
vt 0.112500 0.348900
vt 0.116700 0.354000
vt 0.145306 0.317324
vt 0.145000 0.319500
vt 0.151900 0.324000
vt 0.131400 0.327200
vt 0.136000 0.330600
vt 0.129700 0.326300
vt 0.134500 0.320600
vt 0.111100 0.347600
vt 0.882300 0.248500
vt 0.860400 0.291200
vt 0.852500 0.285900
vt 0.864500 0.234500
vt 0.873500 0.241500
vt 0.140300 0.274100
vt 0.136900 0.271500
vt 0.138500 0.268900
vt 0.145700 0.273900
vt 0.124300 0.359700
vt 0.153306 0.321524
vt 0.158406 0.328624
vt 0.160358 0.325501
vt 0.163001 0.329277
vt 0.161006 0.332124
vt 0.154706 0.319082
vt 0.146650 0.314163
vt 0.949700 0.593900
vt 0.947300 0.590300
vt 0.951000 0.588200
vt 0.953000 0.592200
vt 0.949800 0.586000
vt 0.947200 0.585100
vt 0.989700 0.586800
vt 0.991900 0.593800
vt 0.814500 0.399500
vt 0.813500 0.401600
vt 0.812100 0.400900
vt 0.813500 0.397700
vt 0.814700 0.397500
vt 0.959600 0.604700
vt 0.954400 0.600400
vt 0.958400 0.597600
vt 0.955700 0.609100
vt 0.951000 0.604400
vt 0.948200 0.601500
vt 0.951200 0.597200
vt 0.946200 0.609000
vt 0.943600 0.605700
vt 0.942600 0.604300
vt 0.946900 0.600300
vt 0.939500 0.607100
vt 0.938700 0.605700
vt 0.861800 0.582000
vt 0.849600 0.575800
vt 0.854900 0.572000
vt 0.864900 0.570300
vt 0.954700 0.578800
vt 0.956700 0.579100
vt 0.958400 0.581100
vt 0.958300 0.587500
vt 0.951000 0.580800
vt 0.943100 0.747800
vt 0.949500 0.740700
vt 0.951700 0.746200
vt 0.945500 0.750800
vt 0.954900 0.594600
vt 0.960900 0.589300
vt 0.964000 0.592200
vt 0.969600 0.586000
vt 0.967600 0.583000
vt 0.966200 0.581500
vt 0.968900 0.579800
vt 0.984700 0.579000
vt 0.946800 0.615800
vt 0.950000 0.613400
vt 0.955700 0.620500
vt 0.952800 0.623500
vt 0.959900 0.624700
vt 0.957800 0.628200
vt 0.508400 0.845200
vt 0.513800 0.843700
vt 0.520500 0.842000
vt 0.521300 0.846500
vt 0.514600 0.848800
vt 0.508800 0.850900
vt 0.965000 0.609900
vt 0.960700 0.615000
vt 0.942000 0.610500
vt 0.975200 0.574500
vt 0.971200 0.577700
vt 0.973600 0.574000
vt 0.714300 0.804600
vt 0.709800 0.810100
vt 0.702400 0.818000
vt 0.695700 0.812900
vt 0.710100 0.800000
vt 0.969100 0.614700
vt 0.964700 0.619000
vt 0.537900 0.719400
vt 0.633800 0.891200
vt 0.623900 0.884000
vt 0.626600 0.878000
vt 0.623600 0.135200
vt 0.623100 0.132800
vt 0.625300 0.135700
vt 0.620600 0.112000
vt 0.618000 0.114600
vt 0.616300 0.111700
vt 0.622600 0.107600
vt 0.624100 0.113100
vt 0.626900 0.109800
vt 0.633900 0.116500
vt 0.637900 0.113700
vt 0.640300 0.118000
vt 0.635800 0.118100
vt 0.642000 0.115700
vt 0.645000 0.116100
vt 0.644700 0.118400
vt 0.632300 0.125400
vt 0.634600 0.121900
vt 0.637300 0.123300
vt 0.634600 0.127300
vt 0.629400 0.123000
vt 0.631600 0.120000
vt 0.180600 0.109000
vt 0.177300 0.111800
vt 0.170400 0.104300
vt 0.173900 0.102000
vt 0.891000 0.605200
vt 0.887100 0.614400
vt 0.882400 0.626800
vt 0.876400 0.625600
vt 0.887000 0.603900
vt 0.891400 0.597200
vt 0.894600 0.598000
vt 0.615700 0.116900
vt 0.612300 0.120100
vt 0.610200 0.117700
vt 0.613500 0.114600
vt 0.628500 0.101900
vt 0.632000 0.105100
vt 0.637300 0.108200
vt 0.640000 0.112900
vt 0.635000 0.109400
vt 0.510200 0.855600
vt 0.504200 0.858200
vt 0.503700 0.852900
vt 0.516300 0.853300
vt 0.622400 0.143400
vt 0.623500 0.138800
vt 0.625400 0.139300
vt 0.624100 0.144000
vt 0.648600 0.116400
vt 0.649000 0.118300
vt 0.630800 0.131200
vt 0.627100 0.133100
vt 0.626500 0.130200
vt 0.629200 0.128500
vt 0.623800 0.131100
vt 0.621700 0.129400
vt 0.631000 0.100000
vt 0.634400 0.103500
vt 0.640100 0.106900
vt 0.643300 0.111800
vt 0.613000 0.134800
vt 0.614400 0.131200
vt 0.619100 0.133700
vt 0.618200 0.137500
vt 0.620100 0.131300
vt 0.933500 0.833200
vt 0.936000 0.843300
vt 0.917700 0.837000
vt 0.917700 0.832300
vt 0.914000 0.824100
vt 0.238600 0.841200
vt 0.229100 0.818700
vt 0.252800 0.815100
vt 0.268000 0.849300
vt 0.247500 0.856800
vt 0.607900 0.120300
vt 0.610100 0.122900
vt 0.601800 0.130100
vt 0.604400 0.127900
vt 0.607700 0.132000
vt 0.636900 0.102000
vt 0.633100 0.098400
vt 0.629400 0.094600
vt 0.631100 0.093000
vt 0.606400 0.125000
vt 0.609600 0.128600
vt 0.616100 0.128400
vt 0.612000 0.125500
vt 0.602500 0.121700
vt 0.603600 0.119800
vt 0.600600 0.123800
vt 0.598300 0.125800
vt 0.272700 0.479300
vt 0.273000 0.486400
vt 0.271000 0.486100
vt 0.269600 0.479400
vt 0.138700 0.362200
vt 0.136900 0.366000
vt 0.132700 0.364300
vt 0.832100 0.727600
vt 0.802000 0.704900
vt 0.817500 0.700600
vt 0.630900 0.642700
vt 0.631900 0.641800
vt 0.633600 0.643500
vt 0.629300 0.644400
vt 0.178000 0.170300
vt 0.180400 0.168400
vt 0.182200 0.171000
vt 0.183700 0.173500
vt 0.181300 0.175200
vt 0.179600 0.172900
vt 0.624900 0.639100
vt 0.624500 0.634200
vt 0.628000 0.637700
vt 0.626900 0.638600
vt 0.631600 0.653000
vt 0.636000 0.646000
vt 0.640800 0.650200
vt 0.635300 0.654300
vt 0.490000 0.719000
vt 0.497200 0.714600
vt 0.613800 0.786200
vt 0.623100 0.778500
vt 0.627300 0.782200
vt 0.618900 0.774900
vt 0.482400 0.711600
vt 0.487900 0.708800
vt 0.469900 0.679700
vt 0.451300 0.668200
vt 0.455900 0.664100
vt 0.451600 0.676300
vt 0.906400 0.275500
vt 0.893300 0.290100
vt 0.882500 0.278400
vt 0.904300 0.248200
vt 0.934900 0.220000
vt 0.470800 0.706200
vt 0.480400 0.689700
vt 0.304000 0.853800
vt 0.300100 0.846500
vt 0.314300 0.859100
vt 0.278600 0.866300
vt 0.295100 0.859000
vt 0.290500 0.851300
vt 0.273300 0.858400
vt 0.838400 0.597700
vt 0.840900 0.601700
vt 0.831500 0.606600
vt 0.827600 0.601100
vt 0.845400 0.606600
vt 0.822000 0.611800
vt 0.812000 0.608300
vt 0.820200 0.598700
vt 0.826700 0.613800
vt 0.804200 0.632800
vt 0.821800 0.633600
vt 0.819900 0.652500
vt 0.801500 0.646900
vt 0.686400 0.973600
vt 0.828500 0.634000
vt 0.830300 0.647300
vt 0.511300 0.647600
vt 0.511400 0.651200
vt 0.462100 0.241300
vt 0.441837 0.252577
vt 0.440700 0.242700
vt 0.682900 0.573200
vt 0.669900 0.565100
vt 0.691800 0.572200
vt 0.589700 0.846200
vt 0.569500 0.845300
vt 0.603700 0.835900
vt 0.612200 0.831700
vt 0.620200 0.826700
vt 0.624400 0.833100
vt 0.603700 0.851200
vt 0.137500 0.823200
vt 0.148300 0.831900
vt 0.136800 0.843800
vt 0.529200 0.737100
vt 0.537200 0.730500
vt 0.541200 0.733100
vt 0.529400 0.753400
vt 0.524800 0.730100
vt 0.531700 0.725500
vt 0.546000 0.734700
vt 0.559300 0.738300
vt 0.549900 0.758600
vt 0.536200 0.754200
vt 0.613800 0.656400
vt 0.604600 0.654400
vt 0.611700 0.650400
vt 0.621700 0.648600
vt 0.755400 0.303600
vt 0.771100 0.301600
vt 0.772400 0.320600
vt 0.613600 0.644200
vt 0.621100 0.641000
vt 0.621800 0.645000
vt 0.854200 0.613600
vt 0.852100 0.601100
vt 0.859300 0.605700
vt 0.866600 0.609100
vt 0.861900 0.617800
vt 0.854600 0.621500
vt 0.520500 0.632000
vt 0.522300 0.627200
vt 0.529300 0.629100
vt 0.526200 0.634400
vt 0.522000 0.619800
vt 0.529300 0.620400
vt 0.480200 0.260100
vt 0.554900 0.678400
vt 0.528000 0.704500
vt 0.517100 0.688300
vt 0.532900 0.683600
vt 0.562900 0.678500
vt 0.491800 0.678000
vt 0.498300 0.682300
vt 0.497800 0.687200
vt 0.488800 0.686100
vt 0.473900 0.674700
vt 0.478300 0.668100
vt 0.918800 0.315600
vt 0.905500 0.300400
vt 0.919300 0.287100
vt 0.718100 0.694600
vt 0.730500 0.696300
vt 0.788200 0.649000
vt 0.779900 0.656100
vt 0.553700 0.631400
vt 0.554300 0.621500
vt 0.562900 0.624500
vt 0.563300 0.635000
vt 0.301700 0.899900
vt 0.313600 0.889700
vt 0.319500 0.896000
vt 0.309700 0.911600
vt 0.990000 0.771900
vt 0.619200 0.618800
vt 0.624500 0.621600
vt 0.622300 0.626700
vt 0.619500 0.624700
vt 0.616400 0.622000
vt 0.848100 0.633400
vt 0.828000 0.622900
vt 0.821700 0.621700
vt 0.803700 0.620900
vt 0.567900 0.784300
vt 0.566900 0.788800
vt 0.559400 0.787800
vt 0.561000 0.782400
vt 0.570600 0.769400
vt 0.899900 0.593600
vt 0.897200 0.599000
vt 0.644700 0.482900
vt 0.654300 0.492000
vt 0.650700 0.494700
vt 0.646600 0.495600
vt 0.642800 0.487900
vt 0.895100 0.810400
vt 0.898400 0.813900
vt 0.902200 0.818000
vt 0.549300 0.593600
vt 0.545000 0.586800
vt 0.552300 0.600900
vt 0.547600 0.574300
vt 0.551800 0.579000
vt 0.584600 0.619700
vt 0.580500 0.617300
vt 0.582500 0.608100
vt 0.323300 0.486900
vt 0.323700 0.482300
vt 0.327100 0.483400
vt 0.329700 0.484100
vt 0.330000 0.488300
vt 0.577600 0.615600
vt 0.577000 0.609200
vt 0.578100 0.624200
vt 0.335800 0.794600
vt 0.329300 0.802100
vt 0.994100 0.789400
vt 0.986600 0.795300
vt 0.980800 0.788000
vt 0.990300 0.782800
vt 0.997000 0.793400
vt 0.990100 0.799600
vt 0.637600 0.715500
vt 0.632800 0.721900
vt 0.626200 0.719800
vt 0.633700 0.710400
vt 0.962700 0.777400
vt 0.975000 0.800100
vt 0.980900 0.805900
vt 0.985700 0.810100
vt 0.575300 0.517700
vt 0.925300 0.502500
vt 0.920700 0.504400
vt 0.577300 0.527500
vt 0.573700 0.526500
vt 0.889100 0.627300
vt 0.883700 0.642700
vt 0.876400 0.641800
vt 0.675800 0.324400
vt 0.370700 0.637400
vt 0.370600 0.652400
vt 0.357000 0.652800
vt 0.355600 0.662500
vt 0.341100 0.660600
vt 0.368400 0.596200
vt 0.388600 0.600400
vt 0.389700 0.617900
vt 0.391900 0.636500
vt 0.623700 0.716500
vt 0.618100 0.722300
vt 0.615800 0.719700
vt 0.621400 0.713500
vt 0.620500 0.725100
vt 0.892100 0.930400
vt 0.884400 0.931700
vt 0.059400 0.084500
vt 0.059500 0.078700
vt 0.063100 0.079700
vt 0.063000 0.086200
vt 0.055700 0.082800
vt 0.055600 0.077900
vt 0.918100 0.778800
vt 0.911000 0.786700
vt 0.904400 0.781600
vt 0.910600 0.773800
vt 0.903200 0.770400
vt 0.898700 0.777100
vt 0.895200 0.774300
vt 0.898400 0.768900
vt 0.911000 0.892800
vt 0.918800 0.898200
vt 0.911700 0.906800
vt 0.903500 0.902100
vt 0.891300 0.892700
vt 0.892700 0.900000
vt 0.657500 0.547500
vt 0.663100 0.534900
vt 0.668400 0.538200
vt 0.961100 0.798500
vt 0.953100 0.802500
vt 0.955200 0.796400
vt 0.563800 0.566000
vt 0.576700 0.580000
vt 0.573300 0.582200
vt 0.557000 0.565400
vt 0.553800 0.562100
vt 0.557700 0.559300
vt 0.560800 0.562900
vt 0.938900 0.792000
vt 0.943000 0.786800
vt 0.947300 0.782700
vt 0.518500 0.767500
vt 0.524600 0.767900
vt 0.523000 0.772200
vt 0.517300 0.772500
vt 0.522900 0.778400
vt 0.515700 0.779600
vt 0.377200 0.392400
vt 0.376000 0.389700
vt 0.382300 0.393600
vt 0.378500 0.394900
vt 0.528200 0.772000
vt 0.529400 0.777200
vt 0.530500 0.768600
vt 0.540500 0.776200
vt 0.810300 0.394400
vt 0.807200 0.395300
vt 0.806700 0.393800
vt 0.810400 0.393300
vt 0.816200 0.394800
vt 0.814600 0.395500
vt 0.649700 0.455300
vt 0.655400 0.445000
vt 0.662800 0.446900
vt 0.660800 0.452300
vt 0.659900 0.461900
vt 0.431900 0.651200
vt 0.434100 0.646700
vt 0.436000 0.650500
vt 0.433300 0.653300
vt 0.960600 0.729900
vt 0.964700 0.730900
vt 0.571400 0.784000
vt 0.723800 0.751900
vt 0.713500 0.737700
vt 0.723500 0.726400
vt 0.729100 0.743500
vt 0.736900 0.764600
vt 0.069600 0.355800
vt 0.076200 0.374900
vt 0.066300 0.409600
vt 0.068700 0.400600
vt 0.070300 0.391200
vt 0.070200 0.384200
vt 0.065000 0.357000
vt 0.676300 0.498700
vt 0.676500 0.507300
vt 0.672200 0.507800
vt 0.668500 0.501500
vt 0.659200 0.488600
vt 0.666000 0.484200
vt 0.829800 0.590100
vt 0.834200 0.588400
vt 0.862900 0.678100
vt 0.866400 0.680600
vt 0.854800 0.685300
vt 0.859100 0.676200
vt 0.848900 0.685000
vt 0.849500 0.675000
vt 0.923500 0.742700
vt 0.932400 0.737300
vt 0.933300 0.741300
vt 0.927100 0.747000
vt 0.941600 0.737300
vt 0.937400 0.743500
vt 0.931400 0.749800
vt 0.568500 0.693200
vt 0.570500 0.680100
vt 0.574800 0.664600
vt 0.583200 0.670400
vt 0.574800 0.695200
vt 0.627300 0.471300
vt 0.616900 0.470800
vt 0.615100 0.463000
vt 0.621000 0.455800
vt 0.627400 0.459000
vt 0.630900 0.464500
vt 0.429100 0.671100
vt 0.419100 0.672700
vt 0.416700 0.655800
vt 0.426900 0.655500
vt 0.604200 0.465200
vt 0.598200 0.458200
vt 0.606400 0.455100
vt 0.614500 0.451400
vt 0.909100 0.946100
vt 0.924900 0.951600
vt 0.589700 0.497000
vt 0.602600 0.488100
vt 0.945100 0.482700
vt 0.951600 0.486400
vt 0.939100 0.495600
vt 0.075600 0.084000
vt 0.075500 0.066400
vt 0.085500 0.067300
vt 0.079000 0.087900
vt 0.083600 0.088200
vt 0.076200 0.092100
vt 0.074400 0.089600
vt 0.812300 0.663900
vt 0.803900 0.665300
vt 0.509400 0.680300
vt 0.505900 0.689200
vt 0.505100 0.684600
vt 0.951200 0.732100
vt 0.945900 0.725800
vt 0.951400 0.722100
vt 0.955400 0.730100
vt 0.872300 0.685000
vt 0.865500 0.697500
vt 0.158100 0.213800
vt 0.163000 0.212700
vt 0.164100 0.216600
vt 0.166500 0.222700
vt 0.162500 0.224800
vt 0.807200 0.683800
vt 0.824000 0.694400
vt 0.399700 0.754400
vt 0.413200 0.764500
vt 0.401400 0.768700
vt 0.389800 0.764500
vt 0.881700 0.418900
vt 0.883200 0.424500
vt 0.883400 0.428700
vt 0.879900 0.431400
vt 0.877000 0.427900
vt 0.873700 0.422300
vt 0.870600 0.416400
vt 0.877300 0.412000
vt 0.493400 0.855600
vt 0.490400 0.852000
vt 0.494300 0.845300
vt 0.499000 0.846600
vt 0.351500 0.782300
vt 0.343700 0.788500
vt 0.342600 0.780000
vt 0.355000 0.775800
vt 0.486500 0.860100
vt 0.360900 0.763900
vt 0.364100 0.771700
vt 0.346200 0.765000
vt 0.862200 0.734900
vt 0.870900 0.746300
vt 0.865400 0.752300
vt 0.854800 0.744300
vt 0.872200 0.749900
vt 0.868900 0.754600
vt 0.019800 0.091300
vt 0.013800 0.094500
vt 0.012100 0.085900
vt 0.019100 0.033800
vt 0.131400 0.187200
vt 0.125800 0.184500
vt 0.127200 0.178900
vt 0.132800 0.180600
vt 0.136900 0.182100
vt 0.134700 0.190000
vt 0.926000 0.728300
vt 0.933000 0.728100
vt 0.756400 0.392000
vt 0.757200 0.401900
vt 0.747000 0.411400
vt 0.947400 0.771100
vt 0.949300 0.777400
vt 0.939300 0.772400
vt 0.940100 0.767700
vt 0.456100 0.612600
vt 0.453400 0.623500
vt 0.446100 0.629200
vt 0.441900 0.622600
vt 0.445900 0.614600
vt 0.449300 0.606500
vt 0.562300 0.490400
vt 0.789500 0.237200
vt 0.780300 0.194600
vt 0.167000 0.843800
vt 0.176700 0.827800
vt 0.193100 0.837400
vt 0.180600 0.853800
vt 0.926500 0.519900
vt 0.938000 0.523500
vt 0.930500 0.525800
vt 0.399500 0.785100
vt 0.398700 0.780500
vt 0.411700 0.779000
vt 0.414700 0.784500
vt 0.400100 0.790000
vt 0.417600 0.790500
vt 0.499900 0.889200
vt 0.505100 0.882800
vt 0.509900 0.887600
vt 0.505500 0.896500
vt 0.891800 0.615300
vt 0.790500 0.955100
vt 0.764600 0.953000
vt 0.742200 0.951700
vt 0.741500 0.938700
vt 0.781600 0.935800
vt 0.796000 0.938200
vt 0.812700 0.928000
vt 0.500300 0.817500
vt 0.500700 0.820800
vt 0.493500 0.819000
vt 0.492400 0.814500
vt 0.500200 0.814100
vt 0.491400 0.810000
vt 0.932300 0.553800
vt 0.943900 0.553000
vt 0.943800 0.568100
vt 0.928600 0.567000
vt 0.287200 0.911600
vt 0.286400 0.939400
vt 0.273800 0.925100
vt 0.212200 0.957200
vt 0.219800 0.953500
vt 0.227400 0.968800
vt 0.219700 0.975600
vt 0.847500 0.597400
vt 0.844200 0.594000
vt 0.647800 0.916300
vt 0.656100 0.916200
vt 0.046700 0.188600
vt 0.054600 0.135000
vt 0.067600 0.137200
vt 0.065200 0.164600
vt 0.066100 0.186800
vt 0.334200 0.876200
vt 0.330900 0.880600
vt 0.327400 0.877400
vt 0.330100 0.874400
vt 0.329900 0.870900
vt 0.334900 0.870900
vt 0.996900 0.786600
vt 0.994500 0.781100
vt 0.998100 0.789900
vt 0.579500 0.591900
vt 0.580400 0.589600
vt 0.585200 0.594600
vt 0.581400 0.597400
vt 0.495400 0.862400
vt 0.497300 0.868500
vt 0.489800 0.872500
vt 0.486200 0.867200
vt 0.615400 0.870000
vt 0.600300 0.859100
vt 0.749800 0.522700
vt 0.747900 0.532900
vt 0.732200 0.533700
vt 0.739900 0.513900
vt 0.750900 0.505500
vt 0.587900 0.853000
vt 0.936200 0.636800
vt 0.941400 0.642200
vt 0.691100 0.597300
vt 0.668500 0.606800
vt 0.647900 0.707000
vt 0.644100 0.699600
vt 0.922500 0.929100
vt 0.930300 0.932000
vt 0.927200 0.942800
vt 0.079400 0.876900
vt 0.066700 0.855500
vt 0.081300 0.848500
vt 0.093700 0.868800
vt 0.103000 0.881100
vt 0.112600 0.892500
vt 0.099400 0.903700
vt 0.089400 0.890300
vt 0.554400 0.569100
vt 0.550500 0.565200
vt 0.640600 0.435000
vt 0.620600 0.434200
vt 0.613900 0.420500
vt 0.628500 0.422600
vt 0.640100 0.425200
vt 0.321700 0.882300
vt 0.731100 0.576000
vt 0.727800 0.565300
vt 0.749900 0.555600
vt 0.755500 0.562600
vt 0.757600 0.572500
vt 0.734900 0.584100
vt 0.627500 0.651300
vt 0.624000 0.649800
vt 0.618800 0.660800
vt 0.615700 0.658000
vt 0.623200 0.664100
vt 0.761800 0.674400
vt 0.743000 0.660200
vt 0.796200 0.667000
vt 0.798000 0.683100
vt 0.791300 0.680600
vt 0.788800 0.670900
vt 0.724000 0.646700
vt 0.733400 0.680500
vt 0.715900 0.676900
vt 0.715900 0.662400
vt 0.272500 0.952100
vt 0.261900 0.963700
vt 0.250800 0.949700
vt 0.260800 0.939200
vt 0.933500 0.274300
vt 0.262300 0.912200
vt 0.850700 0.661500
vt 0.035600 0.131100
vt 0.843000 0.773200
vt 0.833900 0.776300
vt 0.831300 0.764300
vt 0.021000 0.193800
vt 0.022000 0.184700
vt 0.029200 0.107400
vt 0.038000 0.109500
vt 0.428611 0.251332
vt 0.419913 0.249946
vt 0.419700 0.239500
vt 0.253300 0.866300
vt 0.461000 0.152400
vt 0.438300 0.153100
vt 0.437400 0.120400
vt 0.461200 0.119900
vt 0.877900 0.963400
vt 0.518100 0.581600
vt 0.525900 0.581800
vt 0.862900 0.967800
vt 0.873500 0.958700
vt 0.248800 0.794900
vt 0.272000 0.793300
vt 0.207700 0.880900
vt 0.215300 0.889000
vt 0.228700 0.878900
vt 0.235600 0.887700
vt 0.288300 0.793000
vt 0.322800 0.810800
vt 0.320500 0.820900
vt 0.872900 0.585100
vt 0.879800 0.571100
vt 0.862300 0.446000
vt 0.866100 0.442100
vt 0.867100 0.443700
vt 0.861700 0.452400
vt 0.859300 0.451900
vt 0.704200 0.982100
vt 0.687500 0.982700
vt 0.702900 0.972900
vt 0.701400 0.963500
vt 0.762600 0.965200
vt 0.557900 0.833900
vt 0.568500 0.831700
vt 0.578500 0.829300
vt 0.869200 0.622200
vt 0.874600 0.611500
vt 0.862700 0.629600
vt 0.894300 0.606300
vt 0.175100 0.166700
vt 0.170800 0.162600
vt 0.168500 0.160300
vt 0.169300 0.158900
vt 0.172500 0.160900
vt 0.177200 0.165000
vt 0.500300 0.875800
vt 0.494100 0.880200
vt 0.518100 0.872400
vt 0.512300 0.876500
vt 0.508300 0.870500
vt 0.514500 0.866700
vt 0.505800 0.863900
vt 0.512100 0.860800
vt 0.518600 0.858000
vt 0.520800 0.863200
vt 0.061500 0.318000
vt 0.067200 0.303400
vt 0.065900 0.318600
vt 0.851000 0.652400
vt 0.034600 0.592900
vt 0.033000 0.601600
vt 0.504100 0.846400
vt 0.514000 0.839400
vt 0.520300 0.838500
vt 0.509100 0.840000
vt 0.509800 0.836400
vt 0.514400 0.836400
vt 0.520500 0.836000
vt 0.501600 0.840200
vt 0.503000 0.835500
vt 0.506600 0.836200
vt 0.505600 0.840400
vt 0.515100 0.832100
vt 0.520900 0.832500
vt 0.510500 0.831300
vt 0.507000 0.830500
vt 0.502600 0.829200
vt 0.500800 0.834600
vt 0.498400 0.827500
vt 0.507200 0.825900
vt 0.507400 0.823200
vt 0.511800 0.824800
vt 0.511300 0.827200
vt 0.501500 0.824000
vt 0.495600 0.822100
vt 0.516000 0.828500
vt 0.521700 0.829300
vt 0.516700 0.826300
vt 0.522300 0.827300
vt 0.517100 0.824100
vt 0.517300 0.821900
vt 0.522200 0.824200
vt 0.522600 0.825400
vt 0.512100 0.822300
vt 0.512300 0.819500
vt 0.507500 0.820400
vt 0.507700 0.817500
vt 0.516300 0.880200
vt 0.521200 0.875900
vt 0.535600 0.860500
vt 0.536900 0.863200
vt 0.531100 0.866500
vt 0.529300 0.864200
vt 0.542700 0.859900
vt 0.542500 0.857600
vt 0.534100 0.856600
vt 0.541700 0.853700
vt 0.527200 0.859900
vt 0.523700 0.868200
vt 0.550100 0.851700
vt 0.559200 0.850500
vt 0.558900 0.854700
vt 0.550300 0.855700
vt 0.549700 0.847800
vt 0.559300 0.846300
vt 0.540800 0.849800
vt 0.532800 0.852500
vt 0.549300 0.843900
vt 0.539800 0.846000
vt 0.531000 0.848400
vt 0.548500 0.840000
vt 0.538800 0.842100
vt 0.529500 0.844300
vt 0.547700 0.836200
vt 0.537800 0.838300
vt 0.528600 0.840200
vt 0.547000 0.833300
vt 0.557200 0.831000
vt 0.882300 0.305700
vt 0.874800 0.318700
vt 0.868100 0.333900
vt 0.862000 0.330000
vt 0.862600 0.323100
vt 0.870500 0.298000
vt 0.537100 0.833500
vt 0.546600 0.831500
vt 0.537300 0.835400
vt 0.556700 0.829000
vt 0.528300 0.837100
vt 0.528200 0.835000
vt 0.546000 0.828700
vt 0.555800 0.826100
vt 0.536800 0.830700
vt 0.528300 0.832000
vt 0.545400 0.826000
vt 0.554800 0.823300
vt 0.536600 0.828000
vt 0.536500 0.826200
vt 0.545000 0.824200
vt 0.554000 0.821400
vt 0.528600 0.829100
vt 0.528900 0.827300
vt 0.544500 0.822300
vt 0.553200 0.819500
vt 0.536300 0.824400
vt 0.535700 0.823100
vt 0.544000 0.820500
vt 0.552300 0.817800
vt 0.528900 0.823700
vt 0.529000 0.825500
vt 0.563300 0.818000
vt 0.562200 0.816000
vt 0.561000 0.813900
vt 0.032300 0.373100
vt 0.037100 0.356600
vt 0.039300 0.357200
vt 0.034900 0.374400
vt 0.041600 0.357700
vt 0.037500 0.375700
vt 0.568200 0.854800
vt 0.567600 0.858300
vt 0.558500 0.857400
vt 0.550600 0.858700
vt 0.597300 0.865500
vt 0.595300 0.869400
vt 0.584200 0.862700
vt 0.585800 0.858700
vt 0.734300 0.785100
vt 0.728900 0.790200
vt 0.723600 0.783900
vt 0.716500 0.777700
vt 0.719800 0.770100
vt 0.733800 0.779100
vt 0.569000 0.850100
vt 0.612300 0.876400
vt 0.610100 0.881000
vt 0.622300 0.888400
vt 0.704700 0.551700
vt 0.127500 0.409300
vt 0.117300 0.401200
vt 0.122100 0.396900
vt 0.708200 0.541800
vt 0.711000 0.548900
vt 0.640200 0.879600
vt 0.637300 0.885500
vt 0.628100 0.842200
vt 0.376200 0.436200
vt 0.182900 0.785200
vt 0.155400 0.818200
vt 0.158100 0.778900
vt 0.156400 0.754600
vt 0.181300 0.760700
vt 0.510200 0.672600
vt 0.534300 0.660300
vt 0.522100 0.665900
vt 0.541700 0.654800
vt 0.508400 0.668600
vt 0.502000 0.664500
vt 0.507800 0.665400
vt 0.501300 0.667800
vt 0.501500 0.671700
vt 0.520700 0.661900
vt 0.531800 0.656500
vt 0.539100 0.652400
vt 0.901700 0.886600
vt 0.888200 0.886800
vt 0.070200 0.318700
vt 0.072800 0.304000
vt 0.071400 0.311100
vt 0.803800 0.401900
vt 0.802600 0.400900
vt 0.803900 0.397700
vt 0.805200 0.396300
vt 0.809200 0.398000
vt 0.806700 0.398500
vt 0.612500 0.562000
vt 0.604500 0.560300
vt 0.902900 0.547400
vt 0.922100 0.536800
vt 0.924500 0.540400
vt 0.872500 0.936300
vt 0.542000 0.550300
vt 0.538300 0.558600
vt 0.525800 0.556200
vt 0.510100 0.561100
vt 0.506100 0.555000
vt 0.519800 0.549000
vt 0.532700 0.541000
vt 0.473800 0.628500
vt 0.469300 0.627900
vt 0.471700 0.619000
vt 0.475500 0.610000
vt 0.485300 0.596200
vt 0.506700 0.579300
vt 0.509400 0.583700
vt 0.874300 0.941700
vt 0.883300 0.938600
vt 0.877700 0.946800
vt 0.874500 0.945200
vt 0.892200 0.942700
vt 0.882400 0.950500
vt 0.889800 0.954800
vt 0.884800 0.955100
vt 0.900600 0.924300
vt 0.902900 0.928700
vt 0.893600 0.932800
vt 0.894100 0.919800
vt 0.910800 0.919800
vt 0.905900 0.914500
vt 0.910100 0.915700
vt 0.915500 0.910300
vt 0.918300 0.914600
vt 0.899100 0.911000
vt 0.892800 0.907200
vt 0.888000 0.909900
vt 0.908200 0.936600
vt 0.575300 0.819300
vt 0.565800 0.823100
vt 0.564400 0.820000
vt 0.581300 0.811100
vt 0.583700 0.814800
vt 0.476600 0.637900
vt 0.473100 0.638700
vt 0.476600 0.629300
vt 0.468400 0.639200
vt 0.473900 0.646400
vt 0.469100 0.647500
vt 0.476700 0.652100
vt 0.472000 0.653800
vt 0.477600 0.645100
vt 0.484500 0.655700
vt 0.463400 0.649000
vt 0.461200 0.635900
vt 0.467000 0.656600
vt 0.481600 0.663300
vt 0.491500 0.669100
vt 0.484000 0.659700
vt 0.492500 0.665000
vt 0.496900 0.666600
vt 0.496300 0.670600
vt 0.497500 0.663200
vt 0.493000 0.661900
vt 0.141100 0.496800
vt 0.107100 0.545100
vt 0.103800 0.577300
vt 0.088700 0.575500
vt 0.087000 0.593600
vt 0.063100 0.591000
vt 0.064500 0.572500
vt 0.064700 0.558900
vt 0.054361 0.557540
vt 0.183800 0.436800
vt 0.186700 0.439800
vt 0.461100 0.660500
vt 0.646200 0.460700
vt 0.642900 0.467100
vt 0.450200 0.654500
vt 0.456600 0.651400
vt 0.444800 0.657900
vt 0.441600 0.669000
vt 0.445700 0.679900
vt 0.694500 0.468100
vt 0.690400 0.476300
vt 0.681100 0.470100
vt 0.668100 0.462300
vt 0.671800 0.456400
vt 0.685600 0.462900
vt 0.461900 0.710000
vt 0.457000 0.702600
vt 0.466700 0.717000
vt 0.476600 0.713700
vt 0.483400 0.721500
vt 0.490700 0.742100
vt 0.482200 0.745600
vt 0.478900 0.737200
vt 0.483700 0.750500
vt 0.474500 0.482700
vt 0.484900 0.446600
vt 0.581000 0.268400
vt 0.617900 0.230600
vt 0.630300 0.245800
vt 0.601800 0.271800
vt 0.594500 0.279900
vt 0.522400 0.740700
vt 0.522000 0.754600
vt 0.185100 0.562000
vt 0.182600 0.558300
vt 0.178800 0.553600
vt 0.177100 0.555300
vt 0.181000 0.559600
vt 0.183600 0.563100
vt 0.185000 0.565500
vt 0.186700 0.564400
vt 0.494600 0.750700
vt 0.511600 0.756700
vt 0.502300 0.758400
vt 0.495100 0.754500
vt 0.248800 0.433300
vt 0.222000 0.419300
vt 0.231200 0.412000
vt 0.520100 0.722900
vt 0.876300 0.842700
vt 0.895600 0.839200
vt 0.917700 0.845800
vt 0.918000 0.858700
vt 0.908900 0.634700
vt 0.906000 0.632900
vt 0.907400 0.630600
vt 0.911000 0.632600
vt 0.485100 0.754700
vt 0.477600 0.759800
vt 0.475500 0.755200
vt 0.469900 0.767100
vt 0.473300 0.750100
vt 0.469600 0.741300
vt 0.460500 0.746800
vt 0.454700 0.734100
vt 0.463700 0.728900
vt 0.472400 0.725200
vt 0.449700 0.724800
vt 0.458600 0.720200
vt 0.439000 0.742300
vt 0.445700 0.754400
vt 0.464700 0.756100
vt 0.450900 0.763500
vt 0.421300 0.748700
vt 0.418100 0.739800
vt 0.434700 0.732700
vt 0.430400 0.722100
vt 0.445000 0.715500
vt 0.350900 0.892200
vt 0.344700 0.888800
vt 0.454100 0.712400
vt 0.449600 0.704300
vt 0.444900 0.695200
vt 0.451900 0.693700
vt 0.440600 0.706200
vt 0.436400 0.696500
vt 0.439300 0.681800
vt 0.431600 0.682500
vt 0.436200 0.670800
vt 0.908700 0.661400
vt 0.902900 0.654100
vt 0.904700 0.651700
vt 0.908800 0.656100
vt 0.420900 0.684800
vt 0.423900 0.700000
vt 0.426700 0.711100
vt 0.364100 0.707700
vt 0.382400 0.708900
vt 0.383300 0.693300
vt 0.394200 0.708100
vt 0.398000 0.745300
vt 0.382900 0.745800
vt 0.382900 0.754400
vt 0.359600 0.753400
vt 0.339200 0.766600
vt 0.331000 0.765800
vt 0.340400 0.728100
vt 0.361300 0.731700
vt 0.803800 0.431200
vt 0.806600 0.428900
vt 0.809900 0.432600
vt 0.813100 0.436500
vt 0.811300 0.438000
vt 0.807500 0.434700
vt 0.812200 0.403200
vt 0.810500 0.404200
vt 0.810100 0.402700
vt 0.811500 0.402300
vt 0.292100 0.761500
vt 0.272200 0.758400
vt 0.274900 0.741300
vt 0.294800 0.745600
vt 0.246600 0.753900
vt 0.248900 0.734600
vt 0.271200 0.775700
vt 0.246800 0.774300
vt 0.600200 0.586700
vt 0.598100 0.596600
vt 0.588200 0.590700
vt 0.588500 0.585300
vt 0.587200 0.582100
vt 0.600300 0.582900
vt 0.223300 0.771200
vt 0.222500 0.748200
vt 0.561800 0.764500
vt 0.554600 0.779700
vt 0.572600 0.743900
vt 0.136400 0.775400
vt 0.134500 0.750400
vt 0.108700 0.772900
vt 0.106300 0.746600
vt 0.635100 0.687000
vt 0.611100 0.665000
vt 0.627600 0.666400
vt 0.635400 0.670600
vt 0.644600 0.677400
vt 0.090000 0.772400
vt 0.086800 0.745400
vt 0.078700 0.801300
vt 0.071400 0.773300
vt 0.061900 0.805300
vt 0.053000 0.776400
vt 0.797600 0.090500
vt 0.801800 0.073800
vt 0.844800 0.093800
vt 0.838500 0.108500
vt 0.795200 0.107600
vt 0.832400 0.123600
vt 0.825900 0.138300
vt 0.793700 0.124900
vt 0.096100 0.842300
vt 0.108000 0.861000
vt 0.122600 0.853000
vt 0.117000 0.872100
vt 0.126300 0.882300
vt 0.419100 0.518000
vt 0.408300 0.510600
vt 0.866800 0.153100
vt 0.848800 0.135100
vt 0.154300 0.858600
vt 0.167300 0.869200
vt 0.153800 0.883200
vt 0.140400 0.871200
vt 0.183100 0.883000
vt 0.170300 0.896900
vt 0.196500 0.868900
vt 0.915200 0.737700
vt 0.906900 0.733000
vt 0.897400 0.727800
vt 0.434500 0.663400
vt 0.914500 0.184200
vt 0.928000 0.173800
vt 0.939400 0.195300
vt 0.947100 0.212100
vt 0.191800 0.966400
vt 0.173200 0.958200
vt 0.941600 0.164200
vt 0.953300 0.186800
vt 0.150700 0.946200
vt 0.135400 0.936300
vt 0.146200 0.923100
vt 0.115200 0.919400
vt 0.127300 0.907400
vt 0.140300 0.895800
vt 0.157900 0.910200
vt 0.896800 0.691300
vt 0.902300 0.694100
vt 0.898700 0.697700
vt 0.895100 0.704900
vt 0.888500 0.703500
vt 0.892600 0.696000
vt 0.807300 0.057000
vt 0.851900 0.079200
vt 0.034500 0.781100
vt 0.026500 0.752400
vt 0.046700 0.748400
vt 0.687800 0.068900
vt 0.690500 0.047600
vt 0.694100 0.026100
vt 0.721500 0.031400
vt 0.717900 0.052700
vt 0.715200 0.073900
vt 0.770800 0.528400
vt 0.767300 0.534900
vt 0.763600 0.534700
vt 0.763900 0.528900
vt 0.764500 0.519400
vt 0.772300 0.516800
vt 0.910700 0.434600
vt 0.913200 0.433300
vt 0.918300 0.436100
vt 0.962400 0.399400
vt 0.955400 0.400600
vt 0.328600 0.163000
vt 0.300800 0.165000
vt 0.299800 0.144300
vt 0.299200 0.123400
vt 0.348100 0.122300
vt 0.349800 0.161200
vt 0.577400 0.806800
vt 0.579400 0.808900
vt 0.082000 0.306800
vt 0.078900 0.313000
vt 0.076200 0.311900
vt 0.078400 0.305300
vt 0.080900 0.298800
vt 0.085100 0.300700
vt 0.055000 0.647500
vt 0.525000 0.084800
vt 0.503400 0.085400
vt 0.437100 0.444900
vt 0.422100 0.429800
vt 0.451100 0.403300
vt 0.907100 0.526700
vt 0.906700 0.520500
vt 0.917000 0.521100
vt 0.917800 0.526800
vt 0.970000 0.677100
vt 0.974300 0.672700
vt 0.522900 0.531200
vt 0.511800 0.539800
vt 0.028700 0.613100
vt 0.020200 0.631800
vt 0.499800 0.547600
vt 0.497400 0.566500
vt 0.493300 0.561900
vt 0.548000 0.534200
vt 0.550500 0.546600
vt 0.540800 0.528200
vt 0.546700 0.514500
vt 0.552800 0.518500
vt 0.553400 0.501700
vt 0.486600 0.574700
vt 0.482200 0.571000
vt 0.501600 0.572000
vt 0.491300 0.578500
vt 0.474500 0.590900
vt 0.469700 0.588200
vt 0.478800 0.593200
vt 0.467500 0.606600
vt 0.463600 0.616200
vt 0.461200 0.625500
vt 0.134900 0.088300
vt 0.129100 0.010400
vt 0.137200 0.009300
vt 0.137100 0.033000
vt 0.143400 0.088100
vt 0.619100 0.479000
vt 0.619400 0.483600
vt 0.570800 0.515100
vt 0.587000 0.493300
vt 0.601000 0.484000
vt 0.610100 0.480800
vt 0.516500 0.576400
vt 0.525600 0.576100
vt 0.513200 0.567800
vt 0.524800 0.566600
vt 0.543500 0.570900
vt 0.540800 0.582400
vt 0.537600 0.579900
vt 0.539900 0.569000
vt 0.536100 0.585800
vt 0.532700 0.583700
vt 0.533600 0.577800
vt 0.057000 0.309300
vt 0.052400 0.309800
vt 0.052100 0.302900
vt 0.051800 0.297500
vt 0.051000 0.293600
vt 0.584900 0.551900
vt 0.580700 0.547800
vt 0.645000 0.266500
vt 0.594400 0.554100
vt 0.591200 0.555900
vt 0.907700 0.533000
vt 0.550100 0.613100
vt 0.548000 0.614100
vt 0.549500 0.644300
vt 0.547100 0.642400
vt 0.550800 0.630300
vt 0.551200 0.621300
vt 0.553800 0.611300
vt 0.460200 0.602900
vt 0.418900 0.588600
vt 0.393000 0.571900
vt 0.399500 0.554400
vt 0.413200 0.563700
vt 0.409300 0.571900
vt 0.422100 0.581600
vt 0.831300 0.420200
vt 0.829100 0.422500
vt 0.822900 0.416700
vt 0.824600 0.414400
vt 0.828000 0.417300
vt 0.437400 0.629000
vt 0.433400 0.635400
vt 0.424500 0.628500
vt 0.427400 0.619500
vt 0.437300 0.640300
vt 0.431100 0.643300
vt 0.440100 0.645900
vt 0.484100 0.119400
vt 0.481800 0.086400
vt 0.424900 0.648500
vt 0.430400 0.649000
vt 0.059600 0.610100
vt 0.051600 0.621100
vt 0.415100 0.647800
vt 0.892000 0.236200
vt 0.647600 0.437200
vt 0.663300 0.439700
vt 0.174500 0.264200
vt 0.178600 0.269700
vt 0.181600 0.273700
vt 0.177700 0.276200
vt 0.170100 0.266500
vt 0.172200 0.116600
vt 0.170600 0.118400
vt 0.163100 0.111300
vt 0.164800 0.109100
vt 0.251500 0.288300
vt 0.248900 0.289800
vt 0.246800 0.287200
vt 0.239100 0.277000
vt 0.236600 0.271700
vt 0.240800 0.270700
vt 0.584400 0.736600
vt 0.576400 0.746700
vt 0.687700 0.271600
vt 0.715200 0.263000
vt 0.676500 0.248700
vt 0.690900 0.242900
vt 0.705600 0.238000
vt 0.224000 0.726300
vt 0.199700 0.717500
vt 0.202700 0.700300
vt 0.198400 0.741200
vt 0.181300 0.710700
vt 0.184400 0.692400
vt 0.180100 0.735700
vt 0.168900 0.706400
vt 0.172100 0.687400
vt 0.156200 0.702200
vt 0.159500 0.682400
vt 0.701800 0.179700
vt 0.697700 0.167000
vt 0.724300 0.166400
vt 0.730900 0.191300
vt 0.705900 0.192200
vt 0.132900 0.695300
vt 0.135000 0.674100
vt 0.155300 0.728800
vt 0.133100 0.723300
vt 0.104100 0.718800
vt 0.101100 0.690300
vt 0.083800 0.718100
vt 0.079600 0.690100
vt 0.066800 0.745700
vt 0.054200 0.670100
vt 0.076000 0.669000
vt 0.033000 0.672500
vt 0.098700 0.669100
vt 0.237900 0.191000
vt 0.259000 0.188900
vt 0.259400 0.210600
vt 0.239400 0.213300
vt 0.260200 0.232400
vt 0.240500 0.235700
vt 0.279900 0.208400
vt 0.280500 0.229500
vt 0.301000 0.206300
vt 0.301600 0.226600
vt 0.165800 0.663100
vt 0.147100 0.653600
vt 0.156900 0.633600
vt 0.168700 0.614700
vt 0.184900 0.626800
vt 0.174300 0.644400
vt 0.187400 0.591200
vt 0.185800 0.651400
vt 0.178100 0.669100
vt 0.195600 0.634700
vt 0.206400 0.642500
vt 0.197500 0.658200
vt 0.190300 0.675000
vt 0.569600 0.499500
vt 0.563500 0.510000
vt 0.558000 0.505700
vt 0.565900 0.494800
vt 0.582200 0.486800
vt 0.597800 0.476100
vt 0.907900 0.664100
vt 0.898800 0.652600
vt 0.900500 0.651400
vt 0.223100 0.653900
vt 0.256400 0.650600
vt 0.576800 0.399100
vt 0.580800 0.427800
vt 0.564500 0.401800
vt 0.169800 0.569600
vt 0.165800 0.565600
vt 0.161400 0.561100
vt 0.932700 0.829100
vt 0.942400 0.830400
vt 0.945300 0.834700
vt 0.949900 0.842000
vt 0.327300 0.656100
vt 0.347800 0.615800
vt 0.344700 0.594000
vt 0.356500 0.594600
vt 0.968700 0.848000
vt 0.956400 0.854900
vt 0.950900 0.857600
vt 0.946600 0.857200
vt 0.975100 0.836000
vt 0.983000 0.820500
vt 0.991600 0.803600
vt 0.989700 0.813100
vt 0.987300 0.823400
vt 0.979100 0.839000
vt 0.639700 0.915600
vt 0.634000 0.914900
vt 0.370200 0.662200
vt 0.369400 0.671900
vt 0.354000 0.672100
vt 0.352100 0.681100
vt 0.335400 0.677600
vt 0.400600 0.619100
vt 0.403200 0.635900
vt 0.412700 0.636100
vt 0.554600 0.378400
vt 0.550700 0.363300
vt 0.566400 0.363500
vt 0.587600 0.365700
vt 0.601500 0.421400
vt 0.611700 0.436900
vt 0.340400 0.572600
vt 0.338300 0.556700
vt 0.354500 0.557700
vt 0.354500 0.573400
vt 0.325900 0.573700
vt 0.321700 0.558100
vt 0.297100 0.582800
vt 0.576600 0.306300
vt 0.912900 0.927000
vt 0.931900 0.919800
vt 0.525100 0.282900
vt 0.544400 0.245700
vt 0.560900 0.254600
vt 0.938400 0.634300
vt 0.942200 0.637000
vt 0.944100 0.640000
vt 0.931200 0.633500
vt 0.933200 0.630400
vt 0.348100 0.045200
vt 0.326200 0.042900
vt 0.326300 0.023600
vt 0.817100 0.526900
vt 0.819900 0.523300
vt 0.825900 0.526900
vt 0.832900 0.529500
vt 0.829600 0.534600
vt 0.823100 0.532200
vt 0.329300 0.182900
vt 0.329700 0.202700
vt 0.301200 0.185600
vt 0.330600 0.222000
vt 0.279800 0.166200
vt 0.258500 0.167500
vt 0.257800 0.146100
vt 0.278900 0.145200
vt 0.280100 0.187200
vt 0.348000 0.064200
vt 0.416500 0.172300
vt 0.438400 0.170000
vt 0.438300 0.187400
vt 0.417100 0.189800
vt 0.789300 0.260600
vt 0.768700 0.258300
vt 0.765900 0.234900
vt 0.317900 0.537200
vt 0.315900 0.521500
vt 0.337900 0.519700
vt 0.337800 0.535600
vt 0.337900 0.546100
vt 0.319600 0.547600
vt 0.502300 0.185100
vt 0.523300 0.184900
vt 0.522800 0.200600
vt 0.502000 0.201100
vt 0.480700 0.201900
vt 0.480900 0.185500
vt 0.361500 0.516800
vt 0.357000 0.536600
vt 0.534400 0.382800
vt 0.541300 0.398400
vt 0.524300 0.405300
vt 0.516100 0.388500
vt 0.509700 0.369700
vt 0.529600 0.365600
vt 0.188600 0.158000
vt 0.191300 0.159400
vt 0.438100 0.205100
vt 0.396900 0.531800
vt 0.407200 0.538300
vt 0.380100 0.523400
vt 0.391100 0.500100
vt 0.372700 0.490300
vt 0.389900 0.548800
vt 0.878800 0.331300
vt 0.873400 0.337400
vt 0.884300 0.325600
vt 0.707100 0.747500
vt 0.712700 0.754900
vt 0.700800 0.760400
vt 0.700600 0.756800
vt 0.703300 0.752200
vt 0.546800 0.408100
vt 0.421500 0.548600
vt 0.434100 0.529300
vt 0.448000 0.540700
vt 0.434800 0.559400
vt 0.528900 0.346300
vt 0.539400 0.346500
vt 0.549900 0.347100
vt 0.907400 0.824000
vt 0.401000 0.485500
vt 0.383400 0.474000
vt 0.395500 0.458600
vt 0.412100 0.471500
vt 0.525000 0.168600
vt 0.503500 0.168900
vt 0.482000 0.169000
vt 0.483200 0.152400
vt 0.460300 0.169200
vt 0.459500 0.186200
vt 0.487700 0.535600
vt 0.458000 0.528900
vt 0.468200 0.517800
vt 0.478300 0.507100
vt 0.498500 0.526300
vt 0.410900 0.621500
vt 0.412100 0.609200
vt 0.815600 0.786900
vt 0.810700 0.781700
vt 0.803600 0.775400
vt 0.813800 0.765400
vt 0.818600 0.773700
vt 0.822300 0.779900
vt 0.825700 0.786000
vt 0.819700 0.792100
vt 0.245300 0.668000
vt 0.208300 0.684200
vt 0.215100 0.668600
vt 0.237000 0.169100
vt 0.236400 0.147200
vt 0.877300 0.340800
vt 0.883700 0.335900
vt 0.835600 0.470600
vt 0.830000 0.476400
vt 0.827400 0.474300
vt 0.829600 0.471600
vt 0.832100 0.469100
vt 0.835100 0.466800
vt 0.839100 0.467300
vt 0.841600 0.469300
vt 0.842500 0.471500
vt 0.842400 0.473600
vt 0.842100 0.475000
vt 0.834200 0.478300
vt 0.460000 0.781100
vt 0.457100 0.775300
vt 0.298900 0.102500
vt 0.298900 0.081700
vt 0.326900 0.082500
vt 0.348100 0.083400
vt 0.454100 0.769500
vt 0.408600 0.774400
vt 0.420800 0.771400
vt 0.559700 0.707900
vt 0.561400 0.700700
vt 0.566500 0.701300
vt 0.561000 0.717700
vt 0.556700 0.716800
vt 0.562600 0.691800
vt 0.586500 0.700300
vt 0.640200 0.474100
vt 0.651800 0.471700
vt 0.647800 0.477700
vt 0.849800 0.938400
vt 0.074000 0.354000
vt 0.078300 0.351900
vt 0.087100 0.367600
vt 0.082200 0.371300
vt 0.909600 0.635600
vt 0.907400 0.637800
vt 0.904800 0.640000
vt 0.649400 0.682500
vt 0.639500 0.692100
vt 0.648900 0.655800
vt 0.657500 0.665000
vt 0.728800 0.490400
vt 0.737200 0.493700
vt 0.713000 0.494900
vt 0.716800 0.483800
vt 0.669500 0.676700
vt 0.654000 0.690600
vt 0.651700 0.686300
vt 0.666200 0.673600
vt 0.674800 0.681700
vt 0.658400 0.698100
vt 0.978500 0.817300
vt 0.975300 0.815200
vt 0.641900 0.695600
vt 0.631200 0.707300
vt 0.628800 0.704100
vt 0.617500 0.709700
vt 0.624600 0.699400
vt 0.612200 0.716500
vt 0.606300 0.712000
vt 0.611300 0.704300
vt 0.608200 0.720600
vt 0.602400 0.716400
vt 0.603700 0.725300
vt 0.598300 0.721100
vt 0.611600 0.723800
vt 0.607000 0.728600
vt 0.600200 0.736400
vt 0.597000 0.732700
vt 0.609200 0.730900
vt 0.602100 0.739100
vt 0.611500 0.733100
vt 0.604100 0.741900
vt 0.616200 0.728500
vt 0.613900 0.726100
vt 0.588700 0.741300
vt 0.594600 0.749100
vt 0.580900 0.750700
vt 0.592100 0.728200
vt 0.908600 0.628900
vt 0.913000 0.630900
vt 0.911900 0.633200
vt 0.240300 0.935300
vt 0.562700 0.725300
vt 0.552700 0.725100
vt 0.548500 0.723800
vt 0.552500 0.715800
vt 0.544300 0.722200
vt 0.526100 0.720200
vt 0.531400 0.716400
vt 0.614100 0.769900
vt 0.631200 0.895500
vt 0.374200 0.541600
vt 0.565600 0.766700
vt 0.566600 0.794300
vt 0.558400 0.794100
vt 0.947500 0.715600
vt 0.942800 0.719600
vt 0.941500 0.706800
vt 0.551300 0.791800
vt 0.552700 0.785600
vt 0.542300 0.786500
vt 0.543900 0.782100
vt 0.534900 0.783800
vt 0.528800 0.784400
vt 0.522100 0.785300
vt 0.917500 0.700400
vt 0.908200 0.698900
vt 0.910300 0.692400
vt 0.919600 0.693100
vt 0.923100 0.702100
vt 0.926200 0.694500
vt 0.914200 0.709900
vt 0.921500 0.713900
vt 0.904900 0.707200
vt 0.671500 0.983100
vt 0.672500 0.992900
vt 0.661100 0.993500
vt 0.669300 0.043400
vt 0.817500 0.324200
vt 0.840400 0.331200
vt 0.851800 0.337600
vt 0.849100 0.343100
vt 0.837900 0.338100
vt 0.816300 0.333100
vt 0.927000 0.721500
vt 0.933000 0.721800
vt 0.888200 0.724400
vt 0.889900 0.715600
vt 0.705300 0.991500
vt 0.688500 0.992000
vt 0.090500 0.090000
vt 0.090100 0.098200
vt 0.083200 0.096600
vt 0.074200 0.040700
vt 0.083700 0.040200
vt 0.067400 0.064800
vt 0.066800 0.040400
vt 0.072100 0.082100
vt 0.067900 0.081000
vt 0.058000 0.063100
vt 0.103300 0.175400
vt 0.114300 0.176100
vt 0.113500 0.180800
vt 0.103000 0.180200
vt 0.051600 0.082200
vt 0.051400 0.077400
vt 0.040400 0.077900
vt 0.041100 0.082600
vt 0.034800 0.083500
vt 0.885300 0.762000
vt 0.883100 0.764800
vt 0.878100 0.761100
vt 0.880200 0.758600
vt 0.436900 0.087800
vt 0.028800 0.086000
vt 0.876200 0.754200
vt 0.873300 0.757600
vt 0.891700 0.771500
vt 0.894400 0.767100
vt 0.855600 0.590500
vt 0.851300 0.587900
vt 0.843400 0.582300
vt 0.867700 0.583100
vt 0.860600 0.593200
vt 0.131900 0.133300
vt 0.129000 0.133700
vt 0.098400 0.100000
vt 0.098100 0.091600
vt 0.107700 0.091700
vt 0.117000 0.090500
vt 0.118000 0.100200
vt 0.108300 0.101000
vt 0.871200 0.725700
vt 0.877800 0.713500
vt 0.878900 0.723800
vt 0.883600 0.714200
vt 0.883300 0.723800
vt 0.510200 0.427300
vt 0.865900 0.706200
vt 0.879600 0.707700
vt 0.874700 0.699900
vt 0.886000 0.708900
vt 0.892500 0.710400
vt 0.881700 0.701800
vt 0.883000 0.406900
vt 0.890500 0.414100
vt 0.887400 0.420000
vt 0.880300 0.690200
vt 0.886600 0.693500
vt 0.878600 0.677700
vt 0.885900 0.684400
vt 0.891400 0.688500
vt 0.830300 0.503500
vt 0.839700 0.504700
vt 0.839700 0.507400
vt 0.830100 0.506800
vt 0.256800 0.102500
vt 0.278000 0.102500
vt 0.170200 0.123600
vt 0.160900 0.114200
vt 0.173500 0.120200
vt 0.102300 0.037800
vt 0.105700 0.066700
vt 0.081700 0.021600
vt 0.098800 0.020300
vt 0.072000 0.020600
vt 0.065700 0.020900
vt 0.058100 0.040300
vt 0.045000 0.810600
vt 0.126700 0.098400
vt 0.583700 0.626400
vt 0.585300 0.632600
vt 0.579800 0.633400
vt 0.135600 0.097200
vt 0.692200 0.804900
vt 0.690100 0.788700
vt 0.122500 0.099300
vt 0.117900 0.034800
vt 0.112500 0.035900
vt 0.108500 0.017100
vt 0.114800 0.014300
vt 0.121200 0.011500
vt 0.586800 0.638700
vt 0.591600 0.647000
vt 0.585500 0.647900
vt 0.582200 0.641300
vt 0.589400 0.653100
vt 0.593800 0.656800
vt 0.600500 0.659600
vt 0.608500 0.659200
vt 0.599900 0.661600
vt 0.609400 0.661200
vt 0.599200 0.665200
vt 0.592300 0.658500
vt 0.587400 0.654500
vt 0.590000 0.661200
vt 0.584400 0.656700
vt 0.579600 0.642600
vt 0.583200 0.649300
vt 0.579600 0.650900
vt 0.596300 0.677900
vt 0.577000 0.634200
vt 0.101500 0.228000
vt 0.098500 0.224800
vt 0.100700 0.221700
vt 0.104200 0.225000
vt 0.107800 0.228700
vt 0.104900 0.231800
vt 0.575200 0.625200
vt 0.573100 0.635000
vt 0.575700 0.643700
vt 0.571400 0.625700
vt 0.573900 0.616900
vt 0.573200 0.609300
vt 0.570200 0.616800
vt 0.569600 0.608500
vt 0.562300 0.614300
vt 0.561800 0.604900
vt 0.845900 0.893400
vt 0.830800 0.909800
vt 0.852200 0.888200
vt 0.574200 0.563700
vt 0.585500 0.578700
vt 0.575600 0.584600
vt 0.573800 0.587900
vt 0.571000 0.585500
vt 0.577600 0.586600
vt 0.576200 0.589800
vt 0.572800 0.596200
vt 0.569400 0.594400
vt 0.576000 0.597600
vt 0.027000 0.013100
vt 0.029800 0.014600
vt 0.022500 0.010900
vt 0.445100 0.881600
vt 0.436200 0.885600
vt 0.431200 0.900600
vt 0.430400 0.876700
vt 0.427000 0.859400
vt 0.432700 0.858800
vt 0.432000 0.845100
vt 0.033500 0.016600
vt 0.209100 0.332700
vt 0.205900 0.334400
vt 0.197300 0.323100
vt 0.200400 0.321400
vt 0.054900 0.432900
vt 0.060000 0.434300
vt 0.067200 0.437700
vt 0.590600 0.615000
vt 0.591600 0.606900
vt 0.596300 0.610400
vt 0.594400 0.616800
vt 0.469900 0.239400
vt 0.485800 0.234900
vt 0.496800 0.235400
vt 0.598000 0.607400
vt 0.610900 0.620600
vt 0.608700 0.622500
vt 0.594000 0.603400
vt 0.614400 0.624200
vt 0.612100 0.626200
vt 0.617300 0.627000
vt 0.614900 0.629200
vt 0.619800 0.629400
vt 0.617100 0.631900
vt 0.622000 0.631600
vt 0.618900 0.634500
vt 0.620200 0.637100
vt 0.613000 0.637100
vt 0.608600 0.629300
vt 0.610700 0.632600
vt 0.132500 0.270600
vt 0.133700 0.269000
vt 0.138800 0.276000
vt 0.135600 0.273100
vt 0.605300 0.626000
vt 0.058200 0.023000
vt 0.072000 0.088200
vt 0.068400 0.087300
vt 0.916800 0.770800
vt 0.922700 0.774500
vt 0.921500 0.768000
vt 0.926700 0.771000
vt 0.931200 0.773200
vt 0.936800 0.776100
vt 0.932800 0.780000
vt 0.927300 0.777000
vt 0.603300 0.490400
vt 0.620100 0.486500
vt 0.611700 0.488400
vt 0.557500 0.572300
vt 0.915400 0.790100
vt 0.805800 0.541700
vt 0.802600 0.533900
vt 0.800700 0.529900
vt 0.803100 0.528800
vt 0.805500 0.533400
vt 0.809600 0.541700
vt 0.927900 0.757800
vt 0.076100 0.096900
vt 0.074800 0.096000
vt 0.079200 0.096300
vt 0.491800 0.787600
vt 0.502500 0.786900
vt 0.514200 0.786100
vt 0.601100 0.605700
vt 0.612900 0.618500
vt 0.603900 0.793700
vt 0.591300 0.803400
vt 0.586100 0.798300
vt 0.583500 0.796000
vt 0.087000 0.476700
vt 0.593000 0.815400
vt 0.591800 0.811800
vt 0.932900 0.851500
vt 0.930500 0.862000
vt 0.930000 0.866600
vt 0.919800 0.864800
vt 0.593700 0.819400
vt 0.609700 0.820200
vt 0.600500 0.822800
vt 0.594200 0.824700
vt 0.619800 0.817800
vt 0.610100 0.825800
vt 0.601500 0.828700
vt 0.617800 0.823000
vt 0.062700 0.384400
vt 0.062400 0.376800
vt 0.061700 0.368200
vt 0.059400 0.347500
vt 0.063600 0.346800
vt 0.587000 0.826900
vt 0.055400 0.348000
vt 0.056900 0.369000
vt 0.056200 0.358800
vt 0.586300 0.822300
vt 0.577700 0.825500
vt 0.775100 0.546700
vt 0.777800 0.554100
vt 0.773300 0.555700
vt 0.776700 0.564600
vt 0.585600 0.819000
vt 0.567700 0.828400
vt 0.567000 0.826200
vt 0.576900 0.822900
vt 0.046300 0.368800
vt 0.047200 0.358600
vt 0.047300 0.348200
vt 0.050300 0.348200
vt 0.040200 0.376800
vt 0.043900 0.358100
vt 0.044400 0.378100
vt 0.588800 0.800800
vt 0.575500 0.804700
vt 0.390700 0.772800
vt 0.381400 0.769900
vt 0.396500 0.777100
vt 0.865800 0.596700
vt 0.125600 0.134300
vt 0.120800 0.177300
vt 0.118700 0.116800
vt 0.126200 0.113100
vt 0.872400 0.569600
vt 0.901300 0.585800
vt 0.906200 0.590700
vt 0.321700 0.830900
vt 0.329400 0.853200
vt 0.333400 0.862700
vt 0.328100 0.864500
vt 0.323500 0.855700
vt 0.837900 0.585600
vt 0.883800 0.228300
vt 0.875700 0.220600
vt 0.221800 0.869800
vt 0.210900 0.855300
vt 0.302300 0.925000
vt 0.785600 0.692000
vt 0.793500 0.698100
vt 0.554800 0.582600
vt 0.922200 0.902700
vt 0.925100 0.907700
vt 0.836600 0.319500
vt 0.802000 0.312100
vt 0.616700 0.522100
vt 0.613800 0.504800
vt 0.514400 0.620200
vt 0.390200 0.584200
vt 0.235400 0.102300
vt 0.325500 0.886200
vt 0.340600 0.270600
vt 0.864400 0.662300
vt 0.866600 0.652400
vt 0.870200 0.664500
vt 0.875500 0.667100
vt 0.443400 0.798200
vt 0.432800 0.790700
vt 0.446900 0.785600
vt 0.453400 0.794000
vt 0.799700 0.726400
vt 0.791900 0.737000
vt 0.777000 0.735300
vt 0.766500 0.735400
vt 0.767200 0.723200
vt 0.205700 0.029600
vt 0.123100 0.297100
vt 0.114300 0.284300
vt 0.117700 0.283100
vt 0.125500 0.295300
vt 0.522700 0.638800
vt 0.482100 0.705300
vt 0.496300 0.626000
vt 0.495000 0.624000
vt 0.464700 0.790000
vt 0.475800 0.786100
vt 0.936500 0.700500
vt 0.931300 0.697500
vt 0.484300 0.788600
vt 0.523300 0.614300
vt 0.526200 0.611800
vt 0.605800 0.598200
vt 0.011800 0.184400
vt 0.600000 0.210900
vt 0.632900 0.640800
vt 0.634600 0.639200
vt 0.629400 0.634600
vt 0.628900 0.636600
vt 0.643100 0.641600
vt 0.644400 0.645400
vt 0.710200 0.501500
vt 0.705600 0.508500
vt 0.027800 0.409300
vt 0.020900 0.426200
vt 0.016300 0.423300
vt 0.025700 0.429300
vt 0.036200 0.410200
vt 0.703000 0.494100
vt 0.699800 0.499800
vt 0.671300 0.480400
vt 0.655700 0.466400
vt 0.676300 0.477000
vt 0.698000 0.482100
vt 0.692800 0.487300
vt 0.686900 0.482500
vt 0.685700 0.487500
vt 0.681200 0.490800
vt 0.852900 0.307700
vt 0.766300 0.760900
vt 0.638300 0.518200
vt 0.642000 0.518300
vt 0.635800 0.524300
vt 0.511900 0.633300
vt 0.508700 0.637800
vt 0.494700 0.628000
vt 0.629800 0.529600
vt 0.818800 0.149700
vt 0.721900 0.548500
vt 0.717100 0.542900
vt 0.721600 0.536100
vt 0.728600 0.540500
vt 0.724500 0.552500
vt 0.746800 0.540200
vt 0.747400 0.546900
vt 0.726100 0.557300
vt 0.646800 0.624000
vt 0.638900 0.631700
vt 0.641000 0.621800
vt 0.314200 0.474000
vt 0.308400 0.476600
vt 0.309600 0.465300
vt 0.315000 0.459600
vt 0.325300 0.462400
vt 0.319300 0.471500
vt 0.737600 0.587900
vt 0.618200 0.529400
vt 0.625400 0.533300
vt 0.620200 0.536500
vt 0.611500 0.536500
vt 0.610800 0.529300
vt 0.057100 0.317800
vt 0.574300 0.534500
vt 0.895500 0.502500
vt 0.909000 0.506100
vt 0.920500 0.509600
vt 0.023100 0.088500
vt 0.676400 0.542400
vt 0.680900 0.526000
vt 0.695800 0.540400
vt 0.746400 0.703900
vt 0.751100 0.694000
vt 0.907100 0.555900
vt 0.926600 0.544100
vt 0.915300 0.561400
vt 0.953500 0.564600
vt 0.951700 0.550700
vt 0.953700 0.557900
vt 0.615700 0.573100
vt 0.612800 0.564700
vt 0.890600 0.331900
vt 0.893700 0.314700
vt 0.905300 0.322900
vt 0.909000 0.863500
vt 0.570700 0.560500
vt 0.585300 0.558500
vt 0.592400 0.561800
vt 0.596200 0.571400
vt 0.599600 0.579300
vt 0.730800 0.759900
vt 0.720100 0.757700
vt 0.721200 0.815800
vt 0.727300 0.822300
vt 0.722800 0.826300
vt 0.713400 0.823600
vt 0.845800 0.817300
vt 0.848400 0.820300
vt 0.851100 0.824300
vt 0.847700 0.830300
vt 0.841600 0.826400
vt 0.837900 0.823400
vt 0.578700 0.553900
vt 0.597200 0.558400
vt 0.566200 0.556200
vt 0.548900 0.986000
vt 0.559900 0.995900
vt 0.548500 0.995900
vt 0.606500 0.587500
vt 0.777800 0.342700
vt 0.790200 0.331600
vt 0.795500 0.341300
vt 0.787900 0.347700
vt 0.941500 0.855000
vt 0.942500 0.865700
vt 0.937900 0.864000
vt 0.705500 0.648700
vt 0.700500 0.644700
vt 0.710000 0.637300
vt 0.712000 0.643900
vt 0.747500 0.780700
vt 0.761400 0.786900
vt 0.772400 0.782000
vt 0.706700 0.634800
vt 0.712700 0.629300
vt 0.715300 0.631600
vt 0.703800 0.632300
vt 0.710100 0.626900
vt 0.937000 0.530700
vt 0.932500 0.529300
vt 0.532400 0.995800
vt 0.515600 0.996000
vt 0.091600 0.177500
vt 0.095200 0.176600
vt 0.095200 0.182300
vt 0.091500 0.184000
vt 0.099100 0.175800
vt 0.098900 0.180700
vt 0.906700 0.793800
vt 0.900000 0.788000
vt 0.894600 0.781800
vt 0.891800 0.777700
vt 0.965900 0.536300
vt 0.976000 0.541000
vt 0.971300 0.549200
vt 0.960600 0.544100
vt 0.066200 0.195000
vt 0.046000 0.197800
vt 0.935300 0.823700
vt 0.932500 0.825700
vt 0.939200 0.821000
vt 0.922400 0.813900
vt 0.925200 0.810200
vt 0.920200 0.817200
vt 0.918600 0.820700
vt 0.763400 0.539900
vt 0.766100 0.541000
vt 0.642500 0.446200
vt 0.638700 0.444200
vt 0.643300 0.442100
vt 0.645300 0.443600
vt 0.873500 0.851600
vt 0.871400 0.847900
vt 0.775000 0.583200
vt 0.762900 0.590800
vt 0.775300 0.579700
vt 0.710300 0.766000
vt 0.700400 0.764400
vt 0.320100 0.724400
vt 0.317600 0.737100
vt 0.297300 0.733100
vt 0.319400 0.671700
vt 0.800600 0.758700
vt 0.810200 0.758400
vt 0.797700 0.770800
vt 0.792900 0.766500
vt 0.788100 0.754300
vt 0.799000 0.752200
vt 0.873700 0.808500
vt 0.878700 0.810900
vt 0.874900 0.818400
vt 0.870800 0.818700
vt 0.878200 0.821900
vt 0.873400 0.827600
vt 0.882500 0.814300
vt 0.570200 0.542100
vt 0.572200 0.546200
vt 0.561100 0.548300
vt 0.558600 0.533300
vt 0.568300 0.534200
vt 0.079000 0.181600
vt 0.075500 0.185400
vt 0.079400 0.163900
vt 0.071400 0.164700
vt 0.071000 0.185600
vt 0.080100 0.187100
vt 0.078200 0.189600
vt 0.766300 0.714700
vt 0.677800 0.515300
vt 0.671600 0.519400
vt 0.674400 0.514600
vt 0.871000 0.838300
vt 0.870200 0.842900
vt 0.861500 0.841200
vt 0.863500 0.834900
vt 0.878800 0.834300
vt 0.949700 0.649500
vt 0.804000 0.718400
vt 0.785100 0.712900
vt 0.805700 0.712800
vt 0.761200 0.413200
vt 0.756800 0.424900
vt 0.055700 0.281800
vt 0.049000 0.289400
vt 0.046000 0.286100
vt 0.053400 0.278100
vt 0.773200 0.354700
vt 0.781700 0.355500
vt 0.775500 0.363300
vt 0.768800 0.367200
vt 0.060000 0.272100
vt 0.059400 0.278400
vt 0.759800 0.352300
vt 0.759200 0.343000
vt 0.862400 0.758000
vt 0.866200 0.758100
vt 0.846600 0.755100
vt 0.133600 0.109400
vt 0.142400 0.184700
vt 0.140600 0.193300
vt 0.129000 0.111600
vt 0.369600 0.561800
vt 0.906500 0.815900
vt 0.173400 0.573100
vt 0.149100 0.118400
vt 0.152900 0.117700
vt 0.155600 0.122900
vt 0.158400 0.128200
vt 0.188400 0.099000
vt 0.183400 0.095800
vt 0.178600 0.092600
vt 0.807400 0.749000
vt 0.828400 0.747100
vt 0.777700 0.411300
vt 0.776900 0.426600
vt 0.771400 0.423500
vt 0.773000 0.410500
vt 0.782500 0.411900
vt 0.782800 0.429500
vt 0.093000 0.286600
vt 0.087100 0.283300
vt 0.091700 0.276500
vt 0.100300 0.279800
vt 0.736700 0.803500
vt 0.747300 0.796400
vt 0.752300 0.806900
vt 0.741500 0.812800
vt 0.018100 0.290800
vt 0.023100 0.297400
vt 0.019900 0.298200
vt 0.013400 0.291100
vt 0.022700 0.290500
vt 0.026500 0.296900
vt 0.771000 0.541300
vt 0.952000 0.225900
vt 0.970300 0.233500
vt 0.708400 0.772600
vt 0.225300 0.794800
vt 0.887400 0.827700
vt 0.973100 0.266300
vt 0.958000 0.275700
vt 0.870400 0.340700
vt 0.873400 0.344300
vt 0.869700 0.347000
vt 0.867900 0.342900
vt 0.864400 0.347600
vt 0.864400 0.342600
vt 0.866100 0.337900
vt 0.935900 0.867400
vt 0.939400 0.867700
vt 0.582800 0.588700
vt 0.064800 0.279900
vt 0.066700 0.269700
vt 0.072800 0.271700
vt 0.071200 0.280000
vt 0.091600 0.381300
vt 0.106300 0.392700
vt 0.860200 0.334600
vt 0.966000 0.511600
vt 0.873200 0.092200
vt 0.864900 0.106400
vt 0.886400 0.102300
vt 0.877200 0.115800
vt 0.899700 0.112400
vt 0.888500 0.125600
vt 0.955700 0.343500
vt 0.961300 0.346000
vt 0.960100 0.349700
vt 0.955700 0.348400
vt 0.953700 0.347000
vt 0.782900 0.444700
vt 0.777600 0.458800
vt 0.771500 0.454800
vt 0.765800 0.797600
vt 0.732500 0.795800
vt 0.741500 0.788400
vt 0.640100 0.634100
vt 0.641500 0.637600
vt 0.648400 0.625900
vt 0.765900 0.706800
vt 0.767700 0.698600
vt 0.777800 0.698500
vt 0.781900 0.704300
vt 0.773700 0.683100
vt 0.459600 0.087400
vt 0.946200 0.286100
vt 0.933300 0.299900
vt 0.556000 0.421800
vt 0.540700 0.429900
vt 0.530600 0.415500
vt 0.922100 0.431000
vt 0.919700 0.425400
vt 0.923200 0.423400
vt 0.924500 0.425400
vt 0.925900 0.429800
vt 0.193700 0.243300
vt 0.203600 0.249800
vt 0.200900 0.254000
vt 0.196700 0.251800
vt 0.191300 0.247700
vt 0.771100 0.148100
vt 0.768900 0.120200
vt 0.821700 0.750300
vt 0.822100 0.754500
vt 0.616300 0.995100
vt 0.787400 0.314900
vt 0.786900 0.300200
vt 0.787400 0.283800
vt 0.804300 0.334800
vt 0.802600 0.324800
vt 0.719400 0.808500
vt 0.724200 0.802700
vt 0.720800 0.797400
vt 0.733500 0.817500
vt 0.728300 0.809400
vt 0.737700 0.775200
vt 0.079000 0.280800
vt 0.081500 0.273600
vt 0.076300 0.289900
vt 0.083100 0.292000
vt 0.074400 0.297000
vt 0.069200 0.289400
vt 0.068000 0.296400
vt 0.812800 0.425200
vt 0.819200 0.431600
vt 0.816900 0.433600
vt 0.813700 0.430200
vt 0.810600 0.426300
vt 0.048100 0.304300
vt 0.045300 0.305500
vt 0.043900 0.301200
vt 0.047100 0.299500
vt 0.049000 0.310700
vt 0.046700 0.311500
vt 0.041300 0.307400
vt 0.039300 0.303300
vt 0.043400 0.312900
vt 0.037500 0.300100
vt 0.035000 0.296300
vt 0.040800 0.295200
vt 0.042700 0.298200
vt 0.032200 0.292700
vt 0.039700 0.293100
vt 0.033100 0.301600
vt 0.035500 0.305200
vt 0.033400 0.306400
vt 0.030600 0.302600
vt 0.029700 0.296700
vt 0.026200 0.291600
vt 0.038100 0.309400
vt 0.040500 0.314600
vt 0.036300 0.310600
vt 0.038800 0.315700
vt 0.034300 0.311600
vt 0.037100 0.316500
vt 0.035900 0.316500
vt 0.032200 0.312400
vt 0.031100 0.307400
vt 0.028500 0.308300
vt 0.028000 0.303500
vt 0.025300 0.304500
vt 0.087800 0.294800
vt 0.077400 0.319500
vt 0.074400 0.318900
vt 0.075900 0.326000
vt 0.073600 0.326400
vt 0.069700 0.326700
vt 0.070100 0.335400
vt 0.074000 0.334500
vt 0.075600 0.343000
vt 0.071600 0.344500
vt 0.066300 0.336200
vt 0.065700 0.327000
vt 0.067600 0.345800
vt 0.062400 0.336800
vt 0.061700 0.327200
vt 0.058400 0.337200
vt 0.057600 0.327300
vt 0.054500 0.337500
vt 0.053800 0.327500
vt 0.053000 0.318100
vt 0.051700 0.337700
vt 0.049800 0.337900
vt 0.049000 0.328100
vt 0.050900 0.327800
vt 0.189000 0.240900
vt 0.189900 0.236700
vt 0.195200 0.239200
vt 0.205400 0.246900
vt 0.208000 0.249000
vt 0.206500 0.251600
vt 0.052300 0.348100
vt 0.049900 0.318700
vt 0.047900 0.319200
vt 0.047000 0.338100
vt 0.046200 0.328700
vt 0.045000 0.320100
vt 0.044200 0.338300
vt 0.042300 0.338400
vt 0.041800 0.329700
vt 0.043600 0.329300
vt 0.044300 0.348000
vt 0.042200 0.347900
vt 0.042400 0.321300
vt 0.040700 0.322100
vt 0.040400 0.338500
vt 0.038500 0.338500
vt 0.038700 0.329800
vt 0.040100 0.330000
vt 0.040100 0.347600
vt 0.038300 0.347200
vt 0.039000 0.322700
vt 0.037300 0.323200
vt 0.750100 0.167800
vt 0.755900 0.192800
vt 0.081500 0.350300
vt 0.078000 0.341800
vt 0.076900 0.333900
vt 0.090500 0.365000
vt 0.100100 0.373700
vt 0.096800 0.376700
vt 0.115400 0.384500
vt 0.111600 0.388000
vt 0.125900 0.394100
vt 0.122600 0.413800
vt 0.111600 0.405800
vt 0.853100 0.803400
vt 0.843900 0.792400
vt 0.851700 0.787900
vt 0.868400 0.804100
vt 0.118400 0.416900
vt 0.107000 0.409700
vt 0.092600 0.418000
vt 0.208100 0.027500
vt 0.210000 0.025700
vt 0.213500 0.028300
vt 0.699000 0.542600
vt 0.664800 0.520300
vt 0.652300 0.544200
vt 0.658200 0.532100
vt 0.660800 0.518500
vt 0.657000 0.511900
vt 0.659800 0.511300
vt 0.657800 0.517800
vt 0.663400 0.511500
vt 0.654200 0.530700
vt 0.644100 0.549000
vt 0.648500 0.541600
vt 0.965700 0.558800
vt 0.901200 0.397900
vt 0.904500 0.401600
vt 0.898600 0.406700
vt 0.890900 0.399400
vt 0.897200 0.394300
vt 0.934500 0.543900
vt 0.155200 0.567200
vt 0.158900 0.572200
vt 0.615900 0.915300
vt 0.625800 0.914500
vt 0.585900 0.915700
vt 0.596400 0.915500
vt 0.186800 0.043200
vt 0.187900 0.041900
vt 0.919300 0.533900
vt 0.916700 0.531700
vt 0.699100 0.570600
vt 0.707900 0.567800
vt 0.708800 0.572100
vt 0.692300 0.577400
vt 0.908700 0.499100
vt 0.944400 0.532200
vt 0.957300 0.531800
vt 0.960600 0.529000
vt 0.967800 0.531500
vt 0.952700 0.538000
vt 0.948700 0.544200
vt 0.943300 0.543800
vt 0.479300 0.620900
vt 0.630300 0.478800
vt 0.638500 0.480000
vt 0.635600 0.489000
vt 0.660400 0.501500
vt 0.656400 0.502800
vt 0.662100 0.506300
vt 0.658400 0.507000
vt 0.655300 0.507600
vt 0.653500 0.503300
vt 0.052000 0.023500
vt 0.873400 0.456900
vt 0.868900 0.460200
vt 0.867900 0.457200
vt 0.872100 0.454600
vt 0.577400 0.917100
vt 0.617500 0.141300
vt 0.701900 0.473100
vt 0.708700 0.478100
vt 0.705300 0.488100
vt 0.742200 0.506200
vt 0.611600 0.410200
vt 0.662400 0.255600
vt 0.714600 0.531600
vt 0.759300 0.496500
vt 0.766900 0.491700
vt 0.751500 0.489200
vt 0.758900 0.481600
vt 0.746300 0.496700
vt 0.742100 0.495300
vt 0.746900 0.487100
vt 0.741800 0.484800
vt 0.733000 0.481100
vt 0.720600 0.475100
vt 0.726000 0.466000
vt 0.738600 0.472100
vt 0.712000 0.469900
vt 0.716700 0.460900
vt 0.734300 0.450400
vt 0.746500 0.457300
vt 0.755500 0.462600
vt 0.747900 0.476300
vt 0.724800 0.446100
vt 0.707500 0.456100
vt 0.714200 0.441600
vt 0.704300 0.465300
vt 0.696300 0.460600
vt 0.687200 0.455800
vt 0.698300 0.451600
vt 0.688600 0.447400
vt 0.673800 0.450100
vt 0.674600 0.442400
vt 0.703300 0.437800
vt 0.325700 0.844400
vt 0.752500 0.283600
vt 0.729000 0.260000
vt 0.748400 0.258000
vt 0.769800 0.282800
vt 0.742900 0.233800
vt 0.823700 0.762400
vt 0.774300 0.169700
vt 0.746100 0.145800
vt 0.742600 0.117500
vt 0.741600 0.098000
vt 0.768700 0.101500
vt 0.769700 0.083000
vt 0.773000 0.064600
vt 0.266800 0.485800
vt 0.266000 0.483200
vt 0.264900 0.479800
vt 0.857000 0.120600
vt 0.868000 0.129700
vt 0.878000 0.139100
vt 0.878700 0.166700
vt 0.864600 0.180000
vt 0.565700 0.349300
vt 0.567100 0.334900
vt 0.587100 0.353900
vt 0.892100 0.183300
vt 0.878200 0.195900
vt 0.219000 0.397400
vt 0.961400 0.205600
vt 0.206700 0.028800
vt 0.918700 0.159500
vt 0.932000 0.148800
vt 0.903200 0.140400
vt 0.915400 0.128500
vt 0.905600 0.171000
vt 0.891400 0.153300
vt 0.777900 0.046300
vt 0.745100 0.058000
vt 0.749300 0.037900
vt 0.921200 0.656800
vt 0.918400 0.653900
vt 0.914400 0.650100
vt 0.916700 0.647800
vt 0.926400 0.657600
vt 0.924100 0.659600
vt 0.312700 0.764100
vt 0.900800 0.663000
vt 0.898300 0.664900
vt 0.895100 0.659100
vt 0.893600 0.655100
vt 0.896400 0.653800
vt 0.803400 0.524700
vt 0.802100 0.522000
vt 0.801400 0.517300
vt 0.804100 0.517300
vt 0.806000 0.521500
vt 0.453600 0.505400
vt 0.488400 0.496600
vt 0.531600 0.520200
vt 0.884600 0.834900
vt 0.883900 0.826200
vt 0.539300 0.508200
vt 0.607500 0.472700
vt 0.568400 0.524900
vt 0.559600 0.521700
vt 0.703500 0.543600
vt 0.706000 0.559200
vt 0.574600 0.549600
vt 0.562900 0.552000
vt 0.159900 0.333800
vt 0.605500 0.558300
vt 0.621500 0.561200
vt 0.633800 0.557000
vt 0.602600 0.563800
vt 0.167500 0.125900
vt 0.164900 0.123900
vt 0.161900 0.119900
vt 0.159000 0.115800
vt 0.573700 0.430900
vt 0.564200 0.418100
vt 0.426100 0.573900
vt 0.445000 0.641700
vt 0.635300 0.441200
vt 0.641100 0.440600
vt 0.498300 0.934900
vt 0.253900 0.371700
vt 0.262600 0.384200
vt 0.256600 0.388900
vt 0.905000 0.628200
vt 0.909100 0.627500
vt 0.721000 0.235000
vt 0.695200 0.213500
vt 0.712400 0.210700
vt 0.736200 0.209700
vt 0.687500 0.195100
vt 0.682600 0.182700
vt 0.677800 0.170000
vt 0.669900 0.145500
vt 0.691000 0.143600
vt 0.719100 0.144100
vt 0.686400 0.111700
vt 0.714800 0.115000
vt 0.686500 0.090300
vt 0.714300 0.094700
vt 0.742200 0.078100
vt 0.665300 0.086500
vt 0.666600 0.064700
vt 0.665200 0.109100
vt 0.255700 0.038000
vt 0.256200 0.059600
vt 0.235000 0.058500
vt 0.235500 0.036200
vt 0.235700 0.013700
vt 0.255500 0.016200
vt 0.275900 0.018200
vt 0.276300 0.039300
vt 0.297100 0.020200
vt 0.297400 0.040500
vt 0.658500 0.176000
vt 0.649200 0.157200
vt 0.629200 0.166800
vt 0.639700 0.184300
vt 0.621900 0.194700
vt 0.610000 0.178400
vt 0.586300 0.196800
vt 0.646500 0.196000
vt 0.653200 0.207700
vt 0.637300 0.216400
vt 0.629700 0.205500
vt 0.664300 0.188400
vt 0.670000 0.200700
vt 0.648600 0.233200
vt 0.323400 0.664100
vt 0.900900 0.631500
vt 0.899600 0.634400
vt 0.900100 0.635400
vt 0.899300 0.636400
vt 0.898700 0.634500
vt 0.899000 0.632900
vt 0.899700 0.631000
vt 0.608900 0.357400
vt 0.117300 0.225500
vt 0.113300 0.222400
vt 0.115600 0.218200
vt 0.119700 0.221200
vt 0.122800 0.223100
vt 0.121600 0.225600
vt 0.136700 0.263200
vt 0.148000 0.272600
vt 0.134800 0.266500
vt 0.628300 0.413100
vt 0.942100 0.630600
vt 0.946100 0.633300
vt 0.944100 0.635300
vt 0.939800 0.632900
vt 0.934700 0.628100
vt 0.936400 0.626000
vt 0.214000 0.566200
vt 0.326600 0.062600
vt 0.298500 0.061100
vt 0.277900 0.081500
vt 0.256600 0.081100
vt 0.277400 0.060400
vt 0.920500 0.794000
vt 0.436200 0.070900
vt 0.513000 0.346300
vt 0.515000 0.324300
vt 0.519100 0.036600
vt 0.520400 0.052200
vt 0.499500 0.052900
vt 0.498400 0.037000
vt 0.561000 0.223000
vt 0.483000 0.380800
vt 0.466600 0.391400
vt 0.522800 0.068300
vt 0.501300 0.069100
vt 0.479800 0.069900
vt 0.458100 0.070700
vt 0.527300 0.496100
vt 0.518000 0.506800
vt 0.498800 0.486500
vt 0.663400 0.225400
vt 0.679100 0.218900
vt 0.235100 0.080300
vt 0.485000 0.277100
vt 0.489300 0.274900
vt 0.767200 0.468900
vt 0.773000 0.471900
vt 0.454400 0.639300
vt 0.104100 0.427200
vt 0.101700 0.414500
vt 0.826700 0.479000
vt 0.834200 0.481000
vt 0.829500 0.480300
vt 0.693500 0.583000
vt 0.324200 0.493400
vt 0.323200 0.490100
vt 0.330300 0.490400
vt 0.332100 0.492100
vt 0.131300 0.595300
vt 0.678700 0.653300
vt 0.672300 0.659900
vt 0.685400 0.647100
vt 0.676100 0.662300
vt 0.688700 0.649600
vt 0.697400 0.642100
vt 0.694300 0.639600
vt 0.682300 0.655700
vt 0.689600 0.635400
vt 0.700000 0.628400
vt 0.694700 0.622200
vt 0.702400 0.617300
vt 0.706900 0.623200
vt 0.715800 0.614900
vt 0.711100 0.619200
vt 0.714200 0.622700
vt 0.719000 0.618200
vt 0.723300 0.608300
vt 0.726900 0.611500
vt 0.729600 0.613500
vt 0.721400 0.620500
vt 0.732400 0.615500
vt 0.723500 0.622700
vt 0.716500 0.625100
vt 0.718900 0.627400
vt 0.732100 0.600100
vt 0.741600 0.592400
vt 0.763600 0.432500
vt 0.066200 0.449800
vt 0.069300 0.451100
vt 0.068700 0.453300
vt 0.064300 0.454200
vt 0.059900 0.451800
vt 0.061800 0.447800
vt 0.717500 0.568300
vt 0.718600 0.572900
vt 0.709800 0.576800
vt 0.716400 0.563900
vt 0.715100 0.559600
vt 0.707100 0.563600
vt 0.713600 0.555500
vt 0.712000 0.537200
vt 0.013700 0.409600
vt 0.010000 0.420100
vt 0.131900 0.404300
vt 0.135300 0.400500
vt 0.759900 0.577000
vt 0.760400 0.582300
vt 0.778900 0.571400
vt 0.779800 0.578800
vt 0.785200 0.570400
vt 0.785300 0.578600
vt 0.854100 0.839300
vt 0.856600 0.833700
vt 0.844000 0.836000
vt 0.783000 0.563200
vt 0.761400 0.465800
vt 0.766800 0.420400
vt 0.777100 0.530000
vt 0.775700 0.540600
vt 0.821300 0.810100
vt 0.827000 0.806300
vt 0.832700 0.817200
vt 0.826300 0.821700
vt 0.834100 0.800800
vt 0.841100 0.811300
vt 0.839000 0.796400
vt 0.846900 0.807100
vt 0.837800 0.783900
vt 0.845600 0.779900
vt 0.036300 0.196900
vt 0.037400 0.187200
vt 0.896200 0.440900
vt 0.901100 0.443600
vt 0.904800 0.445900
vt 0.901500 0.450400
vt 0.892600 0.445600
vt 0.071200 0.194000
vt 0.073500 0.137800
vt 0.081200 0.138200
vt 0.088600 0.138000
vt 0.087600 0.162500
vt 0.082500 0.179800
vt 0.085200 0.179000
vt 0.088200 0.178300
vt 0.093500 0.161500
vt 0.101200 0.160600
vt 0.176700 0.098000
vt 0.180900 0.100900
vt 0.185200 0.103900
vt 0.119800 0.181900
vt 0.881400 0.767100
vt 0.876800 0.763200
vt 0.871500 0.760600
vt 0.888900 0.774400
vt 0.824600 0.465300
vt 0.819300 0.459300
vt 0.816900 0.452800
vt 0.822000 0.449500
vt 0.824600 0.456500
vt 0.828200 0.462500
vt 0.010700 0.192000
vt 0.292100 0.302000
vt 0.321900 0.276800
vt 0.333800 0.264300
vt 0.841900 0.765200
vt 0.829600 0.774800
vt 0.824600 0.770300
vt 0.827400 0.776200
vt 0.830300 0.782100
vt 0.833500 0.787900
vt 0.829000 0.792000
vt 0.684755 0.852681
vt 0.685461 0.849258
vt 0.687851 0.849940
vt 0.690104 0.851381
vt 0.689522 0.853858
vt 0.687633 0.856424
vt 0.882300 0.657100
vt 0.823100 0.797500
vt 0.820600 0.801900
vt 0.806600 0.788700
vt 0.798300 0.783400
vt 0.812100 0.792900
vt 0.681973 0.878089
vt 0.678390 0.872237
vt 0.686933 0.884879
vt 0.449100 0.635700
vt 0.058200 0.117400
vt 0.070200 0.119500
vt 0.075900 0.118900
vt 0.083600 0.118400
vt 0.090100 0.118500
vt 0.094800 0.119900
vt 0.094000 0.138200
vt 0.120100 0.282400
vt 0.122100 0.285300
vt 0.127600 0.293700
vt 0.047500 0.113900
vt 0.043000 0.132700
vt 0.629700 0.596700
vt 0.632300 0.592300
vt 0.638800 0.595500
vt 0.638300 0.602300
vt 0.643900 0.599500
vt 0.647500 0.603900
vt 0.650100 0.610600
vt 0.645500 0.611000
vt 0.650300 0.616800
vt 0.645700 0.616300
vt 0.649000 0.620500
vt 0.655800 0.609400
vt 0.652300 0.617400
vt 0.652100 0.610100
vt 0.650900 0.621800
vt 0.649200 0.602500
vt 0.652000 0.600200
vt 0.645400 0.597500
vt 0.918900 0.645700
vt 0.928500 0.655500
vt 0.525900 0.585600
vt 0.605500 0.572300
vt 0.578900 0.582900
vt 0.580700 0.585400
vt 0.607700 0.603600
vt 0.154200 0.214500
vt 0.159000 0.226800
vt 0.155600 0.219600
vt 0.624900 0.628400
vt 0.627500 0.629700
vt 0.630400 0.622900
vt 0.394600 0.370000
vt 0.396200 0.367700
vt 0.402100 0.373500
vt 0.400400 0.375000
vt 0.397900 0.373000
vt 0.180000 0.202000
vt 0.175400 0.200100
vt 0.177500 0.196700
vt 0.181900 0.198100
vt 0.187300 0.201000
vt 0.185700 0.204500
vt 0.616200 0.615100
vt 0.634900 0.623500
vt 0.631500 0.630800
vt 0.082500 0.185800
vt 0.084400 0.185200
vt 0.087900 0.184700
vt 0.899100 0.792500
vt 0.904800 0.797600
vt 0.898400 0.796900
vt 0.903100 0.801100
vt 0.901600 0.804200
vt 0.897400 0.800000
vt 0.898800 0.807700
vt 0.895200 0.803600
vt 0.905000 0.807900
vt 0.906500 0.804800
vt 0.910900 0.809200
vt 0.909400 0.812400
vt 0.902300 0.811400
vt 0.815900 0.483500
vt 0.809400 0.479600
vt 0.806100 0.482500
vt 0.801900 0.483900
vt 0.800200 0.478100
vt 0.803700 0.476900
vt 0.913200 0.805900
vt 0.946500 0.813900
vt 0.889400 0.809000
vt 0.891800 0.806200
vt 0.078500 0.192900
vt 0.079000 0.196500
vt 0.075200 0.193800
vt 0.779200 0.503600
vt 0.778500 0.514400
vt 0.336800 0.493300
vt 0.328300 0.499600
vt 0.035700 0.388600
vt 0.042300 0.389300
vt 0.816600 0.422600
vt 0.823000 0.428000
vt 0.047000 0.393400
vt 0.045700 0.407200
vt 0.047700 0.386900
vt 0.051400 0.392800
vt 0.056900 0.391900
vt 0.058000 0.405100
vt 0.051100 0.407300
vt 0.051700 0.386400
vt 0.056900 0.385400
vt 0.062800 0.391200
vt 0.062500 0.400300
vt 0.062000 0.408400
vt 0.057000 0.377800
vt 0.765500 0.402400
vt 0.762700 0.393400
vt 0.769600 0.408200
vt 0.716700 0.792600
vt 0.906000 0.666700
vt 0.715600 0.829700
vt 0.721700 0.833100
vt 0.858100 0.340700
vt 0.856200 0.346000
vt 0.698600 0.768700
vt 0.977200 0.535400
vt 0.042200 0.021000
vt 0.047300 0.023500
vt 0.497000 0.620800
vt 0.611100 0.521700
vt 0.810400 0.400900
vt 0.807800 0.403800
vt 0.896400 0.534700
vt 0.816300 0.797400
vt 0.775300 0.758400
vt 0.781400 0.776300
vt 0.787200 0.783300
vt 0.779300 0.792500
vt 0.790300 0.455400
vt 0.786000 0.465400
vt 0.696800 0.493700
vt 0.614500 0.502300
vt 0.781800 0.476600
vt 0.777800 0.487700
vt 0.836600 0.833000
vt 0.832200 0.828800
vt 0.780300 0.496100
vt 0.602900 0.533600
vt 0.605400 0.530700
vt 0.043900 0.293400
vt 0.045900 0.296500
vt 0.041900 0.290700
vt 0.762900 0.388400
vt 0.764100 0.379400
vt 0.378700 0.763700
vt 0.374300 0.770400
vt 0.498000 0.839200
vt 0.737900 0.409700
vt 0.195000 0.313700
vt 0.196900 0.317000
vt 0.193800 0.317600
vt 0.192300 0.314100
vt 0.170300 0.170100
vt 0.172600 0.168500
vt 0.175700 0.171800
vt 0.177700 0.174300
vt 0.176100 0.176000
vt 0.155200 0.112400
vt 0.154700 0.110600
vt 0.157600 0.112800
vt 0.178400 0.115300
vt 0.182800 0.113400
vt 0.178700 0.119600
vt 0.175700 0.117900
vt 0.172200 0.100100
vt 0.172400 0.095700
vt 0.174700 0.093900
vt 0.172000 0.091200
vt 0.174300 0.090900
vt 0.167100 0.098600
vt 0.168500 0.101300
vt 0.164900 0.103700
vt 0.163100 0.101300
vt 0.167400 0.106500
vt 0.846800 0.442700
vt 0.848000 0.452100
vt 0.175800 0.122400
vt 0.172700 0.125700
vt 0.188500 0.107400
vt 0.177500 0.095900
vt 0.182100 0.098700
vt 0.147000 0.113600
vt 0.146400 0.111800
vt 0.151100 0.110500
vt 0.151600 0.112400
vt 0.173900 0.087300
vt 0.172100 0.086900
vt 0.159200 0.105200
vt 0.161800 0.106700
vt 0.160200 0.109500
vt 0.157300 0.108800
vt 0.159300 0.112100
vt 0.190400 0.104900
vt 0.186900 0.101500
vt 0.156700 0.116900
vt 0.159200 0.121600
vt 0.170100 0.128100
vt 0.162500 0.131500
vt 0.194100 0.100400
vt 0.197400 0.104800
vt 0.195800 0.106500
vt 0.192000 0.102800
vt 0.161700 0.126300
vt 0.165400 0.129500
vt 0.170600 0.132300
vt 0.168700 0.133500
vt 0.166600 0.135300
vt 0.164600 0.137600
vt 0.160300 0.134100
vt 0.200600 0.303600
vt 0.199600 0.305800
vt 0.197800 0.306100
vt 0.197800 0.307800
vt 0.194600 0.309200
vt 0.194400 0.310400
vt 0.192400 0.310400
vt 0.191300 0.306100
vt 0.194800 0.304900
vt 0.195300 0.302400
vt 0.201900 0.300900
vt 0.201900 0.303800
vt 0.198500 0.309200
vt 0.196400 0.310200
vt 0.198800 0.299500
vt 0.200200 0.298900
vt 0.192100 0.303000
vt 0.193200 0.300900
vt 0.199200 0.307200
vt 0.201100 0.306300
vt 0.200100 0.307900
vt 0.802300 0.402000
vt 0.801300 0.401900
vt 0.801200 0.400600
vt 0.204100 0.300300
vt 0.202900 0.304000
vt 0.200800 0.297700
vt 0.802000 0.410900
vt 0.803400 0.412100
vt 0.801800 0.414100
vt 0.800400 0.412700
vt 0.805600 0.409100
vt 0.808900 0.407600
vt 0.811200 0.410700
vt 0.808200 0.412400
vt 0.811700 0.406600
vt 0.814100 0.409400
vt 0.814000 0.405300
vt 0.816400 0.407700
vt 0.820300 0.410900
vt 0.818300 0.413100
vt 0.818400 0.405500
vt 0.822200 0.408600
vt 0.820000 0.402900
vt 0.823900 0.406100
vt 0.196400 0.329800
vt 0.201200 0.336900
vt 0.197600 0.338800
vt 0.192600 0.331400
vt 0.228100 0.299600
vt 0.231500 0.303200
vt 0.234900 0.307000
vt 0.233400 0.308800
vt 0.229400 0.305600
vt 0.225700 0.302300
vt 0.846200 0.396600
vt 0.842600 0.393100
vt 0.838900 0.389900
vt 0.195400 0.340300
vt 0.192500 0.336600
vt 0.189500 0.332700
vt 0.831500 0.393000
vt 0.832700 0.389600
vt 0.821900 0.397000
vt 0.823900 0.393700
vt 0.821200 0.400000
vt 0.825600 0.403500
vt 0.817200 0.400800
vt 0.818000 0.398200
vt 0.815700 0.403300
vt 0.812800 0.404000
vt 0.814400 0.402200
vt 0.811000 0.405100
vt 0.796100 0.415300
vt 0.798000 0.414600
vt 0.798500 0.416500
vt 0.796400 0.417400
vt 0.799400 0.413700
vt 0.800300 0.415500
vt 0.804000 0.416900
vt 0.802200 0.418500
vt 0.806000 0.414900
vt 0.813100 0.417800
vt 0.809600 0.419800
vt 0.816200 0.415200
vt 0.217100 0.327000
vt 0.214100 0.323700
vt 0.211200 0.320300
vt 0.214600 0.329100
vt 0.211900 0.330900
vt 0.206500 0.323700
vt 0.208900 0.322000
vt 0.211700 0.325400
vt 0.223200 0.306300
vt 0.227100 0.309500
vt 0.230400 0.312600
vt 0.814900 0.435200
vt 0.811800 0.431300
vt 0.808800 0.427400
vt 0.802600 0.424200
vt 0.804800 0.422500
vt 0.800100 0.426100
vt 0.833800 0.386600
vt 0.828100 0.387600
vt 0.828900 0.384600
vt 0.826300 0.390700
vt 0.821200 0.392100
vt 0.823300 0.389200
vt 0.818300 0.395500
vt 0.816200 0.397500
vt 0.815500 0.400000
vt 0.190200 0.306100
vt 0.190600 0.302400
vt 0.191600 0.312000
vt 0.819700 0.391000
vt 0.804200 0.395100
vt 0.821700 0.388100
vt 0.822600 0.385800
vt 0.824500 0.386400
vt 0.825000 0.383900
vt 0.823000 0.383700
vt 0.800100 0.420000
vt 0.797500 0.421300
vt 0.807000 0.421100
vt 0.826600 0.424900
vt 0.802700 0.396900
vt 0.808800 0.509100
vt 0.807400 0.509400
vt 0.806500 0.507800
vt 0.808900 0.506900
vt 0.814800 0.548800
vt 0.813200 0.539600
vt 0.818700 0.546000
vt 0.805000 0.525800
vt 0.805800 0.528300
vt 0.803800 0.554700
vt 0.805900 0.555000
vt 0.819900 0.535300
vt 0.826500 0.538700
vt 0.823300 0.542900
vt 0.802800 0.542100
vt 0.799800 0.545400
vt 0.794600 0.538900
vt 0.798900 0.535600
vt 0.790900 0.545400
vt 0.798500 0.549600
vt 0.791100 0.549400
vt 0.836100 0.522700
vt 0.828100 0.521700
vt 0.840400 0.519600
vt 0.839700 0.515100
vt 0.802600 0.473600
vt 0.799200 0.475300
vt 0.797900 0.472900
vt 0.800200 0.470500
vt 0.813800 0.529700
vt 0.816600 0.537800
vt 0.810900 0.531500
vt 0.808200 0.532700
vt 0.799800 0.527600
vt 0.796900 0.532200
vt 0.795900 0.530500
vt 0.792600 0.534500
vt 0.791600 0.532300
vt 0.802800 0.512400
vt 0.804700 0.509300
vt 0.876100 0.381900
vt 0.880300 0.381100
vt 0.885600 0.386000
vt 0.879600 0.392700
vt 0.808100 0.524100
vt 0.810800 0.521900
vt 0.813100 0.523800
vt 0.810000 0.526000
vt 0.813300 0.519400
vt 0.815900 0.520900
vt 0.815600 0.516400
vt 0.817800 0.517100
vt 0.815100 0.512400
vt 0.818700 0.511200
vt 0.813100 0.509900
vt 0.814800 0.507800
vt 0.811600 0.506700
vt 0.810900 0.509000
vt 0.822800 0.504600
vt 0.822800 0.501900
vt 0.825500 0.502400
vt 0.825400 0.505600
vt 0.822800 0.499300
vt 0.825400 0.499300
vt 0.785800 0.533400
vt 0.788200 0.533200
vt 0.788600 0.535500
vt 0.785400 0.535900
vt 0.789600 0.540700
vt 0.786300 0.550400
vt 0.835600 0.453400
vt 0.835300 0.446600
vt 0.842700 0.457700
vt 0.838300 0.460200
vt 0.818600 0.511600
vt 0.822100 0.507700
vt 0.821400 0.518900
vt 0.840000 0.500900
vt 0.844200 0.501500
vt 0.843500 0.505000
vt 0.791300 0.553200
vt 0.787600 0.554400
vt 0.792200 0.557100
vt 0.789400 0.558000
vt 0.797600 0.553100
vt 0.797500 0.556600
vt 0.802900 0.557000
vt 0.847300 0.505800
vt 0.846500 0.508900
vt 0.843300 0.508200
vt 0.846600 0.512100
vt 0.843000 0.511400
vt 0.839700 0.510500
vt 0.842800 0.514400
vt 0.848100 0.502800
vt 0.101000 0.216600
vt 0.101900 0.214200
vt 0.105300 0.216000
vt 0.103500 0.218600
vt 0.098900 0.214700
vt 0.087300 0.232400
vt 0.085400 0.228000
vt 0.089900 0.230400
vt 0.106700 0.213500
vt 0.103000 0.211700
vt 0.107600 0.210800
vt 0.095100 0.223100
vt 0.097400 0.219500
vt 0.096000 0.226800
vt 0.092500 0.228100
vt 0.091800 0.222800
vt 0.098800 0.230500
vt 0.095800 0.232900
vt 0.102400 0.234200
vt 0.107200 0.221800
vt 0.109400 0.219100
vt 0.098400 0.212700
vt 0.094700 0.217900
vt 0.092000 0.216800
vt 0.088800 0.223000
vt 0.092900 0.235300
vt 0.099600 0.236700
vt 0.096500 0.239500
vt 0.105800 0.237900
vt 0.103200 0.240200
vt 0.108400 0.235300
vt 0.111000 0.232500
vt 0.111000 0.225400
vt 0.114600 0.229100
vt 0.111200 0.215400
vt 0.112100 0.211500
vt 0.117400 0.214400
vt 0.112800 0.208600
vt 0.118600 0.212100
vt 0.106600 0.207700
vt 0.106000 0.204700
vt 0.113300 0.206300
vt 0.101700 0.209100
vt 0.100700 0.205300
vt 0.081600 0.233300
vt 0.079700 0.228700
vt 0.084100 0.240100
vt 0.089100 0.237600
vt 0.092500 0.242400
vt 0.088300 0.245500
vt 0.100200 0.242700
vt 0.105500 0.242700
vt 0.102900 0.245000
vt 0.107900 0.240400
vt 0.110400 0.237800
vt 0.113000 0.235500
vt 0.115600 0.233500
vt 0.219300 0.506300
vt 0.222300 0.510300
vt 0.218100 0.512600
vt 0.215000 0.508600
vt 0.214900 0.504400
vt 0.217400 0.503100
vt 0.121500 0.217700
vt 0.122700 0.215900
vt 0.119700 0.210300
vt 0.124200 0.214500
vt 0.092900 0.248900
vt 0.096300 0.245800
vt 0.099300 0.248200
vt 0.124500 0.220400
vt 0.125600 0.219000
vt 0.126800 0.217900
vt 0.096500 0.251100
vt 0.493100 0.995200
vt 0.904600 0.627300
vt 0.906900 0.626100
vt 0.909600 0.626000
vt 0.915300 0.670000
vt 0.910700 0.668400
vt 0.920700 0.643500
vt 0.930700 0.653100
vt 0.922900 0.641200
vt 0.917100 0.639000
vt 0.919200 0.636300
vt 0.925300 0.638900
vt 0.921000 0.633600
vt 0.923300 0.631300
vt 0.928100 0.636400
vt 0.917800 0.630400
vt 0.920400 0.628400
vt 0.923700 0.626500
vt 0.926700 0.629200
vt 0.925800 0.624100
vt 0.928900 0.626700
vt 0.922400 0.625200
vt 0.924400 0.623000
vt 0.926800 0.621500
vt 0.925400 0.620500
vt 0.904200 0.626300
vt 0.906800 0.625000
vt 0.926300 0.617900
vt 0.927600 0.618700
vt 0.901800 0.628300
vt 0.902400 0.629200
vt 0.904900 0.641600
vt 0.901300 0.638500
vt 0.902000 0.637400
vt 0.908100 0.639000
vt 0.910700 0.636600
vt 0.912800 0.633900
vt 0.124100 0.284000
vt 0.130800 0.291800
vt 0.914500 0.631400
vt 0.916200 0.632800
vt 0.914200 0.635400
vt 0.915900 0.628800
vt 0.914100 0.628900
vt 0.919300 0.627000
vt 0.913000 0.626400
vt 0.911900 0.627300
vt 0.394500 0.377700
vt 0.391100 0.374600
vt 0.387000 0.369800
vt 0.385000 0.366600
vt 0.386400 0.365800
vt 0.388700 0.368200
vt 0.392800 0.372400
vt 0.396400 0.375300
vt 0.914900 0.641500
vt 0.912000 0.638100
vt 0.912200 0.643900
vt 0.909200 0.646000
vt 0.911700 0.653200
vt 0.101500 0.121400
vt 0.906600 0.648800
vt 0.906300 0.643200
vt 0.903600 0.646800
vt 0.909400 0.640900
vt 0.902100 0.645400
vt 0.902000 0.649600
vt 0.900400 0.648100
vt 0.904000 0.669200
vt 0.908800 0.671200
vt 0.948800 0.637000
vt 0.946400 0.638300
vt 0.913500 0.672300
vt 0.930100 0.624000
vt 0.931100 0.621300
vt 0.893200 0.653500
vt 0.896000 0.652200
vt 0.897600 0.651000
vt 0.899000 0.649900
vt 0.867100 0.393700
vt 0.868200 0.386800
vt 0.870600 0.389800
vt 0.886800 0.423800
vt 0.914900 0.385300
vt 0.916400 0.380800
vt 0.921300 0.385300
vt 0.916600 0.388200
vt 0.907300 0.384600
vt 0.909900 0.377700
vt 0.911600 0.390000
vt 0.907900 0.391800
vt 0.903900 0.388200
vt 0.924200 0.389400
vt 0.918700 0.391200
vt 0.892700 0.389500
vt 0.886000 0.394700
vt 0.878700 0.401700
vt 0.875800 0.435800
vt 0.872000 0.432400
vt 0.867400 0.426800
vt 0.863700 0.421200
vt 0.860900 0.415500
vt 0.867200 0.411300
vt 0.872300 0.407000
vt 0.900300 0.380500
vt 0.903900 0.374700
vt 0.898300 0.384200
vt 0.911100 0.395100
vt 0.914300 0.393300
vt 0.178000 0.572200
vt 0.180100 0.570100
vt 0.175200 0.571500
vt 0.181400 0.571700
vt 0.871000 0.398700
vt 0.930200 0.350000
vt 0.933000 0.348500
vt 0.934000 0.351400
vt 0.936400 0.354700
vt 0.933400 0.357900
vt 0.930900 0.354200
vt 0.186100 0.570600
vt 0.187800 0.567600
vt 0.186400 0.567600
vt 0.185000 0.569400
vt 0.183400 0.567100
vt 0.811800 0.515800
vt 0.184000 0.557300
vt 0.186500 0.561200
vt 0.180200 0.552300
vt 0.163800 0.558900
vt 0.168100 0.563200
vt 0.188100 0.563900
vt 0.189200 0.567100
vt 0.171800 0.567600
vt 0.167700 0.555900
vt 0.170800 0.553200
vt 0.172800 0.551000
vt 0.178000 0.574600
vt 0.182100 0.573600
vt 0.609000 0.605900
vt 0.613300 0.611500
vt 0.174500 0.549100
vt 0.176000 0.547600
vt 0.287300 0.489500
vt 0.270400 0.500100
vt 0.321500 0.477300
vt 0.320900 0.481400
vt 0.319000 0.478700
vt 0.314600 0.488300
vt 0.319200 0.489200
vt 0.319100 0.492500
vt 0.316400 0.491000
vt 0.578300 0.534400
vt 0.339300 0.477100
vt 0.345000 0.480700
vt 0.341100 0.481900
vt 0.339400 0.480900
vt 0.865200 0.493800
vt 0.866100 0.491000
vt 0.869100 0.493200
vt 0.868100 0.495800
vt 0.866800 0.500100
vt 0.862700 0.497100
vt 0.322800 0.507800
vt 0.319900 0.500400
vt 0.333400 0.504700
vt 0.318700 0.508300
vt 0.315900 0.499800
vt 0.316100 0.508500
vt 0.313100 0.499500
vt 0.316300 0.482400
vt 0.341200 0.460900
vt 0.353200 0.461100
vt 0.353400 0.463600
vt 0.342900 0.463200
vt 0.353900 0.467800
vt 0.344400 0.467200
vt 0.334600 0.467000
vt 0.331400 0.464700
vt 0.337900 0.471900
vt 0.334700 0.476700
vt 0.331100 0.473000
vt 0.336400 0.480200
vt 0.333100 0.480700
vt 0.331200 0.479200
vt 0.327800 0.477800
vt 0.332000 0.483000
vt 0.324100 0.477000
vt 0.326500 0.470900
vt 0.323100 0.470500
vt 0.319700 0.485500
vt 0.346200 0.489000
vt 0.344000 0.487800
vt 0.343700 0.484200
vt 0.941300 0.353500
vt 0.939500 0.350900
vt 0.942700 0.350500
vt 0.936100 0.362300
vt 0.935300 0.360000
vt 0.936100 0.358700
vt 0.939300 0.361200
vt 0.934900 0.345900
vt 0.938300 0.347800
vt 0.957500 0.342400
vt 0.961300 0.342300
vt 0.927700 0.374500
vt 0.907200 0.430100
vt 0.908200 0.426000
vt 0.914000 0.428800
vt 0.959100 0.337800
vt 0.966000 0.346200
vt 0.965700 0.349700
vt 0.965400 0.352700
vt 0.958700 0.354800
vt 0.939700 0.375000
vt 0.935500 0.377700
vt 0.932900 0.370300
vt 0.938300 0.369800
vt 0.932600 0.378500
vt 0.929500 0.372200
vt 0.926600 0.368400
vt 0.929800 0.365600
vt 0.924600 0.370000
vt 0.953300 0.333600
vt 0.956300 0.332000
vt 0.955000 0.338800
vt 0.952700 0.339600
vt 0.951000 0.344900
vt 0.953900 0.353300
vt 0.951300 0.351400
vt 0.952300 0.357300
vt 0.949800 0.355500
vt 0.956100 0.359800
vt 0.950300 0.360500
vt 0.948100 0.358600
vt 0.953600 0.363800
vt 0.947200 0.364000
vt 0.945100 0.361900
vt 0.950500 0.367700
vt 0.944200 0.366600
vt 0.942200 0.364400
vt 0.947300 0.370800
vt 0.941100 0.368600
vt 0.939100 0.365900
vt 0.943500 0.373100
vt 0.936400 0.366900
vt 0.933600 0.362900
vt 0.927800 0.363500
vt 0.924100 0.366300
vt 0.928300 0.351000
vt 0.929300 0.355700
vt 0.928300 0.348300
vt 0.930400 0.347600
vt 0.921900 0.368000
vt 0.948200 0.337100
vt 0.951400 0.334900
vt 0.949100 0.341900
vt 0.948400 0.349200
vt 0.944900 0.346600
vt 0.946800 0.352900
vt 0.945000 0.356100
vt 0.942200 0.359200
vt 0.932500 0.360100
vt 0.926100 0.399900
vt 0.930300 0.400600
vt 0.934100 0.403200
vt 0.930800 0.406100
vt 0.927500 0.403800
vt 0.924600 0.402700
vt 0.937400 0.343800
vt 0.938800 0.356500
vt 0.335000 0.446500
vt 0.331600 0.448200
vt 0.330000 0.445100
vt 0.334600 0.442100
vt 0.330100 0.449200
vt 0.326300 0.447200
vt 0.330800 0.450900
vt 0.328100 0.451200
vt 0.350500 0.411200
vt 0.347800 0.405900
vt 0.354000 0.408700
vt 0.333600 0.423700
vt 0.331400 0.426500
vt 0.329000 0.422500
vt 0.333800 0.420600
vt 0.324100 0.427800
vt 0.326600 0.430700
vt 0.321800 0.433400
vt 0.320500 0.426000
vt 0.348300 0.428500
vt 0.344300 0.431200
vt 0.339100 0.427100
vt 0.340100 0.424500
vt 0.341200 0.435500
vt 0.336600 0.431100
vt 0.331400 0.435900
vt 0.326200 0.439100
vt 0.322200 0.441400
vt 0.359900 0.419900
vt 0.355500 0.416500
vt 0.358000 0.413800
vt 0.361600 0.417500
vt 0.353200 0.419500
vt 0.346700 0.414000
vt 0.350300 0.424700
vt 0.342300 0.420100
vt 0.334300 0.413900
vt 0.326700 0.417700
vt 0.317400 0.437000
vt 0.307100 0.443400
vt 0.307600 0.438100
vt 0.303500 0.441500
vt 0.342000 0.408300
vt 0.323100 0.410100
vt 0.320700 0.415000
vt 0.317900 0.421700
vt 0.314000 0.434200
vt 0.048000 0.441300
vt 0.043000 0.440100
vt 0.047500 0.438500
vt 0.046200 0.457100
vt 0.049700 0.462300
vt 0.044900 0.464400
vt 0.042400 0.458700
vt 0.041400 0.465900
vt 0.047000 0.468500
vt 0.043800 0.469900
vt 0.038000 0.468000
vt 0.040700 0.471800
vt 0.045100 0.473200
vt 0.042700 0.474600
vt 0.071300 0.440500
vt 0.073800 0.443200
vt 0.072200 0.445600
vt 0.069300 0.443400
vt 0.046800 0.472700
vt 0.052400 0.466100
vt 0.049100 0.455400
vt 0.053700 0.459800
vt 0.045000 0.450200
vt 0.046000 0.452100
vt 0.043500 0.453500
vt 0.040500 0.454100
vt 0.034700 0.461700
vt 0.038500 0.460600
vt 0.070300 0.449000
vt 0.067400 0.447100
vt 0.056900 0.463000
vt 0.057000 0.456400
vt 0.060800 0.459100
vt 0.051500 0.452900
vt 0.054600 0.449200
vt 0.047200 0.451100
vt 0.046300 0.445400
vt 0.050400 0.447300
vt 0.041200 0.449200
vt 0.040200 0.445500
vt 0.037100 0.456100
vt 0.033500 0.457200
vt 0.033500 0.454500
vt 0.174600 0.228300
vt 0.172500 0.228900
vt 0.171100 0.225800
vt 0.169100 0.221400
vt 0.173200 0.219500
vt 0.175500 0.223900
vt 0.056200 0.445300
vt 0.052300 0.444100
vt 0.047400 0.443100
vt 0.052200 0.436200
vt 0.052300 0.432900
vt 0.384900 0.364000
vt 0.384100 0.361700
vt 0.386600 0.361800
vt 0.386800 0.364300
vt 0.384700 0.364900
vt 0.375600 0.370000
vt 0.372700 0.375000
vt 0.369000 0.373400
vt 0.371400 0.369600
vt 0.029700 0.195400
vt 0.371600 0.391700
vt 0.372600 0.394300
vt 0.369700 0.386500
vt 0.374100 0.385300
vt 0.392100 0.360500
vt 0.391100 0.363800
vt 0.386200 0.358300
vt 0.390200 0.366200
vt 0.383700 0.357800
vt 0.381200 0.364800
vt 0.381400 0.366100
vt 0.374300 0.369200
vt 0.382300 0.367900
vt 0.384600 0.371600
vt 0.401900 0.369000
vt 0.403700 0.371300
vt 0.398100 0.365000
vt 0.373800 0.396600
vt 0.268200 0.262700
vt 0.265600 0.266100
vt 0.261000 0.261500
vt 0.257700 0.258300
vt 0.259100 0.256200
vt 0.262900 0.258700
vt 0.372400 0.379300
vt 0.375900 0.379500
vt 0.368100 0.379100
vt 0.374800 0.375400
vt 0.377700 0.371200
vt 0.381200 0.374400
vt 0.388800 0.376600
vt 0.385200 0.379600
vt 0.399000 0.377000
vt 0.403800 0.375200
vt 0.402800 0.376700
vt 0.405300 0.373500
vt 0.401300 0.378700
vt 0.397100 0.379500
vt 0.394400 0.382100
vt 0.392200 0.380000
vt 0.390000 0.385700
vt 0.388000 0.383300
vt 0.378100 0.377600
vt 0.178700 0.255500
vt 0.176500 0.257800
vt 0.176300 0.254800
vt 0.165500 0.257400
vt 0.172500 0.255200
vt 0.170500 0.258000
vt 0.166100 0.259000
vt 0.186500 0.240000
vt 0.186700 0.235500
vt 0.197900 0.257700
vt 0.194200 0.254900
vt 0.200700 0.259700
vt 0.203600 0.255800
vt 0.196800 0.264200
vt 0.194200 0.261700
vt 0.167400 0.261500
vt 0.171900 0.260300
vt 0.174400 0.259200
vt 0.176900 0.263000
vt 0.176100 0.247900
vt 0.178900 0.249300
vt 0.184100 0.243000
vt 0.183100 0.244800
vt 0.185200 0.235000
vt 0.184900 0.240000
vt 0.185400 0.246900
vt 0.182000 0.251100
vt 0.189000 0.250300
vt 0.185700 0.254000
vt 0.182300 0.258200
vt 0.190900 0.258600
vt 0.187500 0.262400
vt 0.184300 0.265800
vt 0.179700 0.261100
vt 0.190800 0.265400
vt 0.187400 0.269200
vt 0.183900 0.272300
vt 0.180900 0.268300
vt 0.189600 0.271600
vt 0.185900 0.274700
vt 0.264100 0.256300
vt 0.266400 0.251900
vt 0.276100 0.259500
vt 0.273600 0.263400
vt 0.269600 0.260300
vt 0.183200 0.276500
vt 0.179800 0.278500
vt 0.193200 0.268100
vt 0.187500 0.244500
vt 0.122000 0.278400
vt 0.122300 0.276600
vt 0.125000 0.278000
vt 0.123100 0.280100
vt 0.130800 0.298800
vt 0.135000 0.293700
vt 0.134600 0.295700
vt 0.131700 0.267600
vt 0.130200 0.268100
vt 0.136300 0.291900
vt 0.133300 0.289600
vt 0.128900 0.285700
vt 0.125600 0.282700
vt 0.179000 0.088500
vt 0.128900 0.296800
vt 0.127600 0.280600
vt 0.121700 0.281100
vt 0.148800 0.275700
vt 0.131500 0.271600
vt 0.129500 0.272900
vt 0.129900 0.278200
vt 0.126700 0.275200
vt 0.124000 0.273100
vt 0.122600 0.272100
vt 0.120700 0.276100
vt 0.126300 0.269200
vt 0.127200 0.270700
vt 0.131500 0.264800
vt 0.132300 0.265100
vt 0.134400 0.261400
vt 0.113300 0.281600
vt 0.116800 0.280800
vt 0.113000 0.280700
vt 0.116800 0.279900
vt 0.133600 0.260900
vt 0.120500 0.278500
vt 0.118800 0.280800
vt 0.119000 0.279900
vt 0.129600 0.269900
vt 0.146200 0.282800
vt 0.148200 0.282400
vt 0.198900 0.298000
vt 0.198800 0.297000
vt 0.933200 0.650600
vt 0.207800 0.297700
vt 0.209500 0.296200
vt 0.210900 0.297500
vt 0.208900 0.299100
vt 0.205900 0.301400
vt 0.204500 0.304600
vt 0.209200 0.304000
vt 0.207600 0.306900
vt 0.206300 0.309800
vt 0.203500 0.307400
vt 0.204500 0.312100
vt 0.202100 0.309700
vt 0.207800 0.316000
vt 0.205500 0.317900
vt 0.202300 0.314100
vt 0.199700 0.315700
vt 0.202900 0.319600
vt 0.836900 0.412300
vt 0.193500 0.341900
vt 0.189900 0.338300
vt 0.186800 0.334600
vt 0.186500 0.328400
vt 0.189900 0.327200
vt 0.193600 0.325200
vt 0.190600 0.319600
vt 0.197700 0.312900
vt 0.200100 0.311500
vt 0.199100 0.310100
vt 0.200900 0.308600
vt 0.202000 0.306700
vt 0.801700 0.398900
vt 0.212200 0.291800
vt 0.214300 0.292100
vt 0.213300 0.294200
vt 0.211400 0.293700
vt 0.212300 0.296000
vt 0.210500 0.295100
vt 0.215300 0.297900
vt 0.213800 0.299700
vt 0.211700 0.301700
vt 0.216600 0.305300
vt 0.214700 0.308900
vt 0.228200 0.307600
vt 0.232100 0.310600
vt 0.224200 0.304500
vt 0.219300 0.300500
vt 0.221000 0.298300
vt 0.223000 0.295800
vt 0.183400 0.329500
vt 0.181500 0.324600
vt 0.184500 0.323800
vt 0.187600 0.322100
vt 0.186000 0.319000
vt 0.188900 0.316900
vt 0.194300 0.311900
vt 0.196800 0.311200
vt 0.187900 0.315400
vt 0.192000 0.300000
vt 0.185000 0.317400
vt 0.183300 0.320300
vt 0.182700 0.318400
vt 0.180700 0.320700
vt 0.180600 0.318700
vt 0.218100 0.293200
vt 0.216800 0.295800
vt 0.217900 0.302700
vt 0.979000 0.575900
vt 0.844600 0.473500
vt 0.843700 0.475900
vt 0.249700 0.490700
vt 0.254500 0.494000
vt 0.259700 0.495400
vt 0.802700 0.467600
vt 0.805500 0.463700
vt 0.811900 0.469200
vt 0.825700 0.477400
vt 0.823200 0.476600
vt 0.796800 0.478600
vt 0.796500 0.476500
vt 0.816200 0.462500
vt 0.808600 0.459100
vt 0.812800 0.455900
vt 0.812600 0.487800
vt 0.806100 0.491400
vt 0.802100 0.491300
vt 0.828800 0.446300
vt 0.829800 0.454300
vt 0.831900 0.442000
vt 0.836400 0.442700
vt 0.611300 0.504300
vt 0.821800 0.468600
vt 0.820000 0.471500
vt 0.813700 0.465800
vt 0.818800 0.474200
vt 0.823900 0.482500
vt 0.821000 0.486500
vt 0.819300 0.485500
vt 0.819200 0.490800
vt 0.817000 0.489800
vt 0.842200 0.477700
vt 0.839100 0.479600
vt 0.825500 0.472400
vt 0.827700 0.469300
vt 0.830600 0.466500
vt 0.834400 0.464600
vt 0.840300 0.463700
vt 0.843700 0.467600
vt 0.844800 0.470800
vt 0.846900 0.459600
vt 0.845900 0.457000
vt 0.849100 0.456800
vt 0.849600 0.459600
vt 0.852200 0.457000
vt 0.852200 0.459600
vt 0.818100 0.496600
vt 0.815600 0.497000
vt 0.816000 0.493800
vt 0.818300 0.494200
vt 0.810800 0.492800
vt 0.801100 0.496100
vt 0.843800 0.460300
vt 0.839900 0.463800
vt 0.832600 0.460900
vt 0.353000 0.477800
vt 0.850600 0.442400
vt 0.846500 0.438900
vt 0.850000 0.438200
vt 0.797100 0.494800
vt 0.798300 0.491100
vt 0.909800 0.624900
vt 0.793500 0.493000
vt 0.794400 0.490200
vt 0.794900 0.484900
vt 0.798400 0.484800
vt 0.794500 0.479500
vt 0.845700 0.435100
vt 0.843300 0.439100
vt 0.842600 0.435900
vt 0.840100 0.439300
vt 0.839400 0.435800
vt 0.837100 0.439600
vt 0.848700 0.434300
vt 0.223900 0.525000
vt 0.221900 0.522500
vt 0.224500 0.520700
vt 0.226300 0.524100
vt 0.225800 0.527000
vt 0.208100 0.538700
vt 0.210100 0.536100
vt 0.212500 0.540600
vt 0.227000 0.519200
vt 0.229700 0.518400
vt 0.228800 0.522900
vt 0.221000 0.528600
vt 0.217400 0.530900
vt 0.213700 0.529900
vt 0.217700 0.534100
vt 0.212400 0.533500
vt 0.207600 0.530100
vt 0.210000 0.527100
vt 0.206300 0.523500
vt 0.218700 0.518800
vt 0.221400 0.516600
vt 0.227800 0.527600
vt 0.223700 0.533900
vt 0.222600 0.531300
vt 0.217500 0.537200
vt 0.205200 0.533000
vt 0.201000 0.529500
vt 0.203800 0.526300
vt 0.200300 0.522700
vt 0.202600 0.520100
vt 0.205200 0.517600
vt 0.208000 0.515000
vt 0.211400 0.511400
vt 0.215100 0.514900
vt 0.225100 0.514800
vt 0.226100 0.508500
vt 0.229000 0.513800
vt 0.228400 0.507400
vt 0.231900 0.513200
vt 0.232800 0.519400
vt 0.234200 0.512700
vt 0.235800 0.519900
vt 0.235200 0.525300
vt 0.231400 0.524300
vt 0.207200 0.544300
vt 0.211800 0.546300
vt 0.200400 0.541800
vt 0.202900 0.536900
vt 0.195000 0.537700
vt 0.198100 0.533500
vt 0.197800 0.525700
vt 0.195500 0.523100
vt 0.197800 0.520400
vt 0.200100 0.518100
vt 0.202700 0.515600
vt 0.205000 0.513000
vt 0.207000 0.510400
vt 0.222800 0.504400
vt 0.224600 0.503300
vt 0.226000 0.501800
vt 0.230200 0.506300
vt 0.191600 0.533000
vt 0.194700 0.529700
vt 0.192300 0.526700
vt 0.220100 0.501400
vt 0.221500 0.500400
vt 0.222600 0.499200
vt 0.189400 0.529400
vt 0.898900 0.463200
vt 0.898300 0.458100
vt 0.901900 0.459000
vt 0.901200 0.462600
vt 0.895800 0.463300
vt 0.894300 0.456800
vt 0.864200 0.456700
vt 0.862400 0.458700
vt 0.861000 0.455400
vt 0.862900 0.455100
vt 0.866100 0.458200
vt 0.865800 0.460500
vt 0.865900 0.454900
vt 0.862600 0.492100
vt 0.859300 0.494000
vt 0.864600 0.478200
vt 0.867400 0.487500
vt 0.869200 0.483700
vt 0.888200 0.451900
vt 0.890500 0.461300
vt 0.884700 0.455800
vt 0.893200 0.464700
vt 0.883800 0.467600
vt 0.887000 0.471000
vt 0.878600 0.462500
vt 0.870400 0.463100
vt 0.875300 0.459200
vt 0.868200 0.466300
vt 0.868800 0.473900
vt 0.865500 0.470700
vt 0.861200 0.460100
vt 0.865600 0.462700
vt 0.858500 0.456100
vt 0.266800 0.366800
vt 0.869500 0.451600
vt 0.884400 0.448100
vt 0.888700 0.443000
vt 0.905300 0.452800
vt 0.908800 0.455700
vt 0.906100 0.459200
vt 0.911900 0.452600
vt 0.908500 0.448900
vt 0.911000 0.446700
vt 0.914500 0.450600
vt 0.903800 0.440300
vt 0.907300 0.443200
vt 0.898300 0.436800
vt 0.892300 0.438500
vt 0.647400 0.111400
vt 0.893600 0.434800
vt 0.852100 0.479700
vt 0.857900 0.476100
vt 0.861600 0.474100
vt 0.873500 0.479000
vt 0.877100 0.482200
vt 0.872500 0.486900
vt 0.870700 0.490100
vt 0.259900 0.477600
vt 0.261300 0.475100
vt 0.264000 0.477000
vt 0.275100 0.475200
vt 0.271800 0.475300
vt 0.270900 0.470700
vt 0.273600 0.472500
vt 0.263500 0.495500
vt 0.264500 0.497200
vt 0.290400 0.478900
vt 0.283100 0.476000
vt 0.282400 0.472000
vt 0.290900 0.474800
vt 0.282200 0.469200
vt 0.291100 0.472200
vt 0.265000 0.472400
vt 0.243500 0.497300
vt 0.245900 0.499000
vt 0.246200 0.509500
vt 0.243700 0.509300
vt 0.247400 0.487500
vt 0.255600 0.487200
vt 0.259300 0.490800
vt 0.262800 0.492500
vt 0.261800 0.487300
vt 0.263300 0.489200
vt 0.260400 0.483900
vt 0.265600 0.488100
vt 0.253600 0.482600
vt 0.259700 0.480200
vt 0.253200 0.479200
vt 0.268200 0.475800
vt 0.266800 0.499800
vt 0.929700 0.411000
vt 0.926600 0.412400
vt 0.927000 0.409200
vt 0.938500 0.405800
vt 0.937400 0.409000
vt 0.934900 0.405800
vt 0.936100 0.405000
vt 0.923900 0.408000
vt 0.922100 0.404600
vt 0.918600 0.427300
vt 0.918400 0.431000
vt 0.950700 0.397400
vt 0.955900 0.398400
vt 0.922300 0.435700
vt 0.925900 0.435400
vt 0.931000 0.428400
vt 0.928800 0.435100
vt 0.951100 0.409400
vt 0.946000 0.408100
vt 0.946400 0.402600
vt 0.953800 0.405200
vt 0.948400 0.399200
vt 0.954700 0.402300
vt 0.941800 0.399500
vt 0.944500 0.396300
vt 0.946100 0.394300
vt 0.909700 0.423000
vt 0.914900 0.424700
vt 0.915800 0.422400
vt 0.921000 0.420700
vt 0.927600 0.421100
vt 0.929400 0.423600
vt 0.931600 0.419500
vt 0.933500 0.422000
vt 0.935900 0.425800
vt 0.934800 0.417800
vt 0.936600 0.420000
vt 0.939900 0.423300
vt 0.938100 0.414800
vt 0.940100 0.417000
vt 0.943800 0.420200
vt 0.940500 0.411900
vt 0.942700 0.413900
vt 0.946900 0.417000
vt 0.942100 0.408800
vt 0.944700 0.410800
vt 0.949200 0.413200
vt 0.943100 0.406100
vt 0.939000 0.403300
vt 0.939700 0.397600
vt 0.942500 0.393800
vt 0.927100 0.398100
vt 0.931800 0.399000
vt 0.923700 0.400100
vt 0.924400 0.398000
vt 0.944200 0.391600
vt 0.913200 0.417900
vt 0.918100 0.418800
vt 0.911100 0.421100
vt 0.922700 0.414600
vt 0.925300 0.418100
vt 0.929100 0.416500
vt 0.932200 0.414700
vt 0.935400 0.411900
vt 0.936300 0.402200
vt 0.920000 0.407100
vt 0.932600 0.408500
vt 0.545700 0.144700
vt 0.550100 0.145100
vt 0.547100 0.149700
vt 0.543900 0.148100
vt 0.543000 0.149600
vt 0.544900 0.153400
vt 0.541000 0.151600
vt 0.541300 0.148900
vt 0.581000 0.129200
vt 0.583400 0.125700
vt 0.586300 0.131900
vt 0.568500 0.146100
vt 0.571600 0.145900
vt 0.569700 0.150700
vt 0.565700 0.148300
vt 0.564300 0.155600
vt 0.566200 0.159200
vt 0.558800 0.157900
vt 0.561500 0.153100
vt 0.563700 0.131400
vt 0.567700 0.139600
vt 0.565100 0.140600
vt 0.561000 0.135400
vt 0.561100 0.143100
vt 0.556700 0.138500
vt 0.556300 0.148300
vt 0.553000 0.153500
vt 0.550800 0.157500
vt 0.578400 0.121700
vt 0.575700 0.124200
vt 0.572300 0.119800
vt 0.574700 0.118100
vt 0.572600 0.126500
vt 0.578100 0.133000
vt 0.572100 0.137400
vt 0.567500 0.129400
vt 0.578200 0.145400
vt 0.574400 0.153000
vt 0.555200 0.162300
vt 0.548800 0.172600
vt 0.554100 0.172100
vt 0.550700 0.176200
vt 0.583900 0.137700
vt 0.582100 0.156600
vt 0.577100 0.159000
vt 0.570400 0.161800
vt 0.557900 0.165700
vt 0.159900 0.207100
vt 0.183700 0.209300
vt 0.178500 0.205800
vt 0.191200 0.203400
vt 0.189800 0.206600
vt 0.189300 0.197600
vt 0.193100 0.200300
vt 0.195900 0.202300
vt 0.194500 0.204700
vt 0.161900 0.230900
vt 0.164700 0.228900
vt 0.167000 0.231800
vt 0.164600 0.233400
vt 0.194000 0.206400
vt 0.187400 0.212000
vt 0.176800 0.208600
vt 0.181200 0.213200
vt 0.171600 0.204600
vt 0.174800 0.203100
vt 0.173500 0.205600
vt 0.183100 0.194300
vt 0.599300 0.620500
vt 0.596600 0.618200
vt 0.168400 0.227000
vt 0.170400 0.229900
vt 0.184300 0.216500
vt 0.180500 0.220400
vt 0.177800 0.216600
vt 0.174200 0.211100
vt 0.170500 0.214100
vt 0.172500 0.206800
vt 0.168700 0.210000
vt 0.178600 0.193100
vt 0.175800 0.193000
vt 0.166600 0.215800
vt 0.165500 0.211900
vt 0.157600 0.211800
vt 0.154200 0.211800
vt 0.166700 0.158800
vt 0.167000 0.160700
vt 0.164400 0.160500
vt 0.164400 0.158000
vt 0.167600 0.158600
vt 0.176000 0.142900
vt 0.177700 0.146600
vt 0.172600 0.149500
vt 0.172300 0.145300
vt 0.194300 0.145500
vt 0.197000 0.146500
vt 0.187900 0.148000
vt 0.189100 0.143600
vt 0.163100 0.166000
vt 0.161000 0.160100
vt 0.166400 0.165000
vt 0.168800 0.164100
vt 0.160500 0.157600
vt 0.168800 0.155300
vt 0.167500 0.155100
vt 0.171900 0.148200
vt 0.170500 0.156200
vt 0.174200 0.158500
vt 0.174000 0.177600
vt 0.171700 0.175800
vt 0.167600 0.172000
vt 0.199300 0.147700
vt 0.181900 0.146300
vt 0.181700 0.142000
vt 0.173800 0.151600
vt 0.177000 0.155100
vt 0.182200 0.159100
vt 0.179200 0.162700
vt 0.960400 0.331100
vt 0.964900 0.334600
vt 0.179400 0.176700
vt 0.177800 0.177700
vt 0.176200 0.179200
vt 0.399600 0.381000
vt 0.182700 0.166100
vt 0.184700 0.168300
vt 0.185900 0.161900
vt 0.188300 0.163900
vt 0.255400 0.260500
vt 0.254600 0.258100
vt 0.257300 0.247300
vt 0.258900 0.247900
vt 0.257900 0.252300
vt 0.255000 0.254300
vt 0.239900 0.268300
vt 0.235400 0.268500
vt 0.254700 0.276000
vt 0.257600 0.279600
vt 0.259600 0.282400
vt 0.255700 0.285400
vt 0.261600 0.276000
vt 0.264100 0.278600
vt 0.260200 0.253700
vt 0.261400 0.249100
vt 0.249100 0.260700
vt 0.247700 0.257900
vt 0.244700 0.264900
vt 0.242900 0.265900
vt 0.234900 0.267000
vt 0.239800 0.266700
vt 0.251000 0.263800
vt 0.246800 0.267200
vt 0.253900 0.267400
vt 0.250200 0.270800
vt 0.258000 0.264100
vt 0.258400 0.272700
vt 0.262300 0.269300
vt 0.269100 0.269100
vt 0.265300 0.272600
vt 0.272200 0.265700
vt 0.274600 0.267600
vt 0.271500 0.271300
vt 0.276400 0.265000
vt 0.278400 0.261600
vt 0.268000 0.274900
vt 0.244400 0.269300
vt 0.453000 0.896000
vt 0.409000 0.854300
vt 0.019300 0.645400
vt 0.018700 0.640100
vt 0.108500 0.121600
vt 0.113600 0.119200
vt 0.504800 0.239000
vt 0.021300 0.651300
vt 0.526100 0.871200
vt 0.677995 0.856701
vt 0.960600 0.652800
vt 0.689078 0.858388
vt 0.692143 0.855181
vt 0.693719 0.850762
vt 0.682847 0.861904
vt 0.683663 0.887819
vt 0.677564 0.880825
vt 0.697119 0.846969
vt 0.699703 0.849138
vt 0.682416 0.859683
vt 0.682899 0.857119
vt 0.699636 0.843986
vt 0.702537 0.845290
vt 0.706403 0.853935
vt 0.712611 0.858390
vt 0.709260 0.849054
vt 0.716115 0.853372
vt 0.702293 0.837525
vt 0.706269 0.838100
vt 0.704804 0.841386
vt 0.701207 0.840880
vt 0.676763 0.868972
vt 0.679810 0.866891
vt 0.673010 0.874476
vt 0.672197 0.870781
vt 0.719514 0.848173
vt 0.712025 0.844179
vt 0.713689 0.841067
vt 0.721397 0.845514
vt 0.820000 0.928800
vt 0.688738 0.847817
vt 0.685402 0.847012
s 1
usemtl Material.002
f 3897/1/1 3896/2/2 3851/3/3 3850/4/4 3899/5/5
f 4/6/6 5/7/7 6/8/8
f 8/9/9 10/10/10 2/11/11 1/12/12
f 10/10/10 11/13/13 12/14/14 2/11/11
f 13/15/15 14/16/16 10/10/10 8/9/9
f 13/15/15 8/9/9 7/17/17 15/18/18
f 19/19/19 17/20/20 16/21/21 20/22/22
f 5531/23/23 5551/24/24 5552/25/25 5533/26/26
f 21/27/27 11/13/13 10/10/10 14/16/16
f 11/13/13 21/27/27 22/28/28 23/29/29
f 5544/30/30 5524/31/31 5522/32/32 5543/33/33 5542/34/34 5545/35/35
f 28/36/36 23/29/29 22/28/28 29/37/37
f 5532/38/38 5539/39/39 5550/40/40 5549/41/41 5548/42/42
f 5531/23/23 5532/38/38 5548/42/42 5551/24/24
f 31/43/43 35/44/44 36/45/45 32/46/46
f 35/44/44 37/47/47 38/48/48 36/45/45
f 36/45/45 38/48/48 29/37/37 22/28/28
f 25/49/49 24/50/50 39/51/51 40/52/52
f 4/53/6 41/54/53 42/55/54 5/56/7
f 40/57/52 41/54/53 4/53/6 25/58/49
f 20/22/22 16/21/21 41/54/53 40/57/52
f 43/59/55 19/60/19 20/61/22 44/62/56
f 3/63/57 9/64/58 1/12/12
f 23/65/29 45/66/59 12/14/14 11/13/13
f 44/62/56 38/48/48 37/47/47 43/59/55
f 38/48/48 44/62/56 39/51/51 29/37/37
f 29/37/37 39/51/51 24/50/50 28/36/36
f 28/67/36 24/68/50 27/69/60 46/70/61
f 27/69/60 26/71/62 3/63/57 46/70/61
f 9/64/58 3/63/57 26/71/62 6/8/8
f 15/18/18 7/17/17 5/56/7 42/55/54
f 5560/72/63 5533/26/26 5552/25/25 5536/73/64
f 23/65/29 28/67/36 46/70/61 45/66/59
f 40/52/52 39/51/51 44/62/56 20/61/22
f 22/28/28 21/27/27 32/46/46 36/45/45
f 47/74/65 48/75/66 49/76/67 50/77/68
f 47/74/65 50/77/68 51/78/69
f 47/74/65 51/78/69 52/79/70 53/80/71
f 54/81/72 48/75/66 47/74/65 53/80/71
f 55/82/73 56/83/74 57/84/75 58/85/76
f 50/77/68 59/86/77 51/78/69
f 50/77/68 60/87/78 61/88/79 59/86/77
f 62/89/80 63/90/81 64/91/82 65/92/83
f 62/89/80 65/92/83 66/93/84
f 64/91/82 69/94/85 70/95/86 71/96/87
f 63/90/81 72/97/88 69/94/85 64/91/82
f 5368/98/89 5315/99/90 5317/100/91 5356/101/92 5354/102/93 5351/103/94
f 76/104/95 77/105/96 74/106/97 73/107/98
f 74/106/97 77/105/96 78/108/99 75/109/100
f 77/105/96 79/110/101 80/111/102 78/108/99
f 79/110/101 59/86/77 61/88/79 80/111/102
f 81/112/103 79/110/101 77/105/96 76/104/95
f 753/113/104 739/114/105 736/115/106 737/116/107 738/117/108 461/118/109 460/119/110
f 53/80/71 52/79/70 85/120/111 86/121/112
f 88/122/113 86/121/112 87/123/114 89/124/115
f 65/92/83 89/125/115 87/126/114 66/93/84
f 68/127/116 62/89/80 66/93/84 67/128/117
f 68/127/116 90/129/118 91/130/119 62/89/80
f 63/90/81 62/89/80 91/130/119 92/131/120
f 92/131/120 93/132/121 72/97/88 63/90/81
f 93/132/121 94/133/122 73/107/98 72/97/88
f 95/134/123 76/104/95 73/107/98 94/133/122
f 83/135/124 81/112/103 76/104/95 95/134/123
f 55/82/73 83/135/124 95/134/123 56/83/74
f 55/82/73 58/85/76 82/136/125 83/135/124
f 96/137/126 84/138/127 82/136/125 58/85/76
f 97/139/128 84/138/127 96/137/126
f 569/140/129 568/141/130 571/142/131 572/143/132 247/144/133 248/145/134 243/146/135 246/147/136
f 1926/148/137 1181/149/138 1184/150/139 1687/151/140 1688/152/141 1689/153/142 1690/154/143 1693/155/144
f 101/156/145 90/129/118 100/157/146 102/158/147
f 103/159/148 91/130/119 90/129/118 101/156/145
f 103/159/148 104/160/149 92/131/120 91/130/119
f 104/160/149 105/161/150 93/132/121 92/131/120
f 105/161/150 106/162/151 94/133/122 93/132/121
f 56/83/74 95/134/123 94/133/122 106/162/151
f 106/162/151 107/163/152 57/84/75 56/83/74
f 106/162/151 105/161/150 108/164/153 107/163/152
f 109/165/154 107/163/152 108/164/153 102/158/147
f 110/166/155 101/156/145 102/158/147 108/164/153
f 103/159/148 101/156/145 110/166/155
f 241/167/156 244/168/157 292/169/158 291/170/159 290/171/160 242/172/161
f 57/84/75 107/163/152 109/173/154 111/174/162
f 111/174/162 96/137/126 58/85/76 57/84/75
f 3509/175/163 3505/176/164 3508/177/165 3494/178/166 3493/179/167 3464/180/168
f 105/161/150 104/160/149 110/166/155 108/164/153
f 49/76/67 112/181/169 60/87/78 50/77/68
f 71/96/87 113/182/170 65/92/83 64/91/82
f 54/81/72 53/80/71 86/121/112 88/122/113
f 103/159/148 110/166/155 104/160/149
f 114/183/171 115/184/172 116/185/173 117/186/174
f 118/187/175 119/188/176 114/183/171 117/186/174
f 122/189/177 118/187/175 117/186/174 121/190/178
f 116/185/173 123/191/179 121/190/178 117/186/174
f 125/192/180 126/193/181 127/194/182 124/195/183
f 129/196/184 125/192/180 124/195/183 128/197/185
f 127/194/182 130/198/186 131/199/187 124/195/183
f 124/195/183 131/199/187 132/200/188 128/197/185
f 136/201/189 133/202/190 134/203/191 135/204/192
f 122/189/177 137/205/193 138/206/194 139/207/195
f 137/205/193 140/208/196 141/209/197 138/206/194
f 139/207/195 142/210/198 143/211/199 122/189/177
f 118/187/175 122/189/177 143/211/199 144/212/200
f 145/213/201 146/214/202 147/215/203
f 148/216/204 149/217/205 146/214/202 145/213/201
f 149/217/205 150/218/206 147/215/203 146/214/202
f 1104/219/207 1826/220/208 1820/221/209 1105/222/210
f 157/223/211 154/224/212 155/225/213 156/226/214
f 154/224/212 157/223/211 158/227/215 159/228/216
f 154/224/212 159/228/216 160/229/217 155/225/213
f 161/230/218 162/231/219 150/232/206 149/233/205
f 163/234/220 164/235/221 162/231/219 161/230/218
f 161/230/218 149/233/205 148/236/204 166/237/222
f 165/238/223 163/234/220 161/230/218 166/237/222
f 167/239/224 168/240/225 169/241/226 170/242/227
f 167/239/224 170/242/227 171/243/228 172/244/229
f 148/236/204 174/245/230 173/246/231 166/237/222
f 1227/247/232 1230/248/233 1688/152/141 1685/249/234 1684/250/235 1686/251/236
f 1660/252/237 1663/253/238 1668/254/239 2121/255/240 2187/256/241 2190/257/242
f 5311/258/243 5310/259/244 5278/260/245 5299/261/246 5302/262/247 5298/263/248 5297/264/249
f 2280/265/250 2279/266/251 1397/267/252 1396/268/253
f 1405/269/254 2355/270/255 1438/271/256 1436/272/257 1406/273/258 1407/274/259 1408/275/260
f 4302/276/261 4304/277/262 4305/278/263 4303/279/264 4299/280/265 4296/281/266
f 181/282/267 167/239/224 172/244/229 145/213/201
f 185/283/268 186/284/269 183/285/270 182/286/271
f 5496/287/272 5497/288/273 5512/289/274 5513/290/275
f 5495/291/276 5496/287/272 5513/290/275 5514/292/277
f 1921/293/278 3255/294/279 3254/295/280 1920/296/281 1919/297/282 1918/298/283
f 152/299/284 142/210/198 179/300/285 153/301/286 151/302/287 373/303/288 372/304/289 374/305/290 375/306/291 189/307/292 188/308/293 437/309/294 162/231/219 164/235/221 438/310/295 376/311/296 180/312/297
f 190/313/298 188/308/293 189/307/292 191/314/299
f 192/315/300 193/316/301 194/317/302 195/318/303
f 192/315/300 197/319/304 196/320/305 193/316/301
f 197/319/304 192/315/300 195/318/303
f 3854/321/306 3867/322/307 3858/323/308 3857/324/309
f 3410/325/310 3406/326/311 3378/327/312 3376/328/313 3373/329/314
f 151/302/287 153/301/286 201/330/315 202/331/316
f 1837/332/317 1840/333/318 1841/334/319 1838/335/320
f 3631/336/321 3635/337/322 3637/338/323 3632/339/324 3633/340/325 3630/341/326
f 3460/342/327 3466/343/328 2517/344/329 2519/345/330 2518/346/331
f 2879/347/332 2462/348/333 2460/349/334 2884/350/335 2880/351/336
f 212/352/337 213/353/338 214/354/339 215/355/340
f 216/356/341 217/357/342 215/355/340 214/354/339
f 2011/358/343 2009/359/344 2008/360/345 2046/361/346 2014/362/347
f 214/354/339 213/353/338 220/363/348 218/364/349
f 3435/365/350 3423/366/351 3422/367/352 3433/368/353 3434/369/354
f 2844/370/355 2807/371/356 3481/372/357 3480/373/358 3487/374/359
f 2747/375/360 2746/376/361 2744/377/362 3151/378/363 3148/379/364 3147/380/365 3146/381/366 3144/382/367 3291/383/368 3152/384/369 3153/385/370 3150/386/371 3154/387/372 3155/388/373 2751/389/374 2752/390/375
f 227/391/376 228/392/377 229/393/378 230/394/379
f 224/395/380 227/391/376 230/394/379 225/396/381
f 233/397/382 234/398/383 230/394/379 229/393/378
f 234/398/383 235/399/384 225/396/381 230/394/379
f 229/393/378 232/400/385 236/401/386 233/397/382
f 237/402/387 238/403/388 239/404/389 240/405/390
f 232/400/385 237/402/387 240/405/390 236/401/386
f 241/167/156 242/172/161 233/397/382 236/401/386
f 240/405/390 239/404/389 243/146/135 244/168/157
f 236/401/386 240/405/390 244/168/157 241/167/156
f 239/404/389 245/406/391 246/147/136 243/146/135
f 250/407/392 251/408/393 252/409/394 253/410/395
f 274/411/396 317/412/397 319/413/398 314/414/399
f 254/415/400 256/416/401 257/417/402 255/418/403
f 256/416/401 258/419/404 259/420/405 257/417/402
f 1506/421/406 1507/422/407 1063/423/408 1463/424/409 1448/425/410 1061/426/411 1062/427/412
f 263/428/413 260/429/414 262/430/415 264/431/416
f 266/432/417 263/428/413 264/431/416 265/433/418
f 268/434/419 266/432/417 265/433/418 267/435/420
f 270/436/421 268/434/419 267/435/420 269/437/422
f 267/435/420 210/438/423 211/439/424 269/437/422
f 272/440/425 270/436/421 269/437/422 271/441/426
f 274/442/396 272/440/425 271/441/426 273/443/427
f 271/441/426 212/352/337 215/355/340 273/443/427
f 269/437/422 211/439/424 212/352/337 271/441/426
f 274/442/396 273/443/427 275/444/428 277/445/429 315/446/430 316/447/431 317/448/397
f 273/443/427 215/355/340 217/357/342 275/444/428
f 276/449/432 277/445/429 275/444/428 217/357/342
f 276/449/432 278/450/433 279/451/434 280/452/435
f 276/449/432 217/357/342 216/356/341 278/450/433
f 278/450/433 216/356/341 219/453/436 281/454/437
f 1040/455/438 1039/456/439 1044/457/440 1754/458/441 1746/459/442 1742/460/443
f 226/461/444 225/396/381 235/399/384 283/462/445
f 284/463/446 285/464/447 282/465/448 283/462/445
f 283/462/445 235/399/384 286/466/449 284/463/446
f 234/398/383 233/397/382 242/172/161 287/467/450
f 235/399/384 234/398/383 287/467/450 286/466/449
f 286/466/449 287/467/450 288/468/451 289/469/452
f 287/467/450 242/172/161 290/171/160 288/468/451
f 244/168/157 243/146/135 248/145/134 292/169/158
f 291/470/159 292/471/158 293/472/453 294/473/454
f 292/471/158 248/474/134 295/475/455 293/472/453
f 220/363/348 227/391/376 224/395/380 221/476/456 218/364/349
f 296/477/457 297/478/458 298/479/459 299/480/460
f 300/481/461 296/477/457 299/480/460 301/482/462
f 294/473/454 293/472/453 296/477/457 300/481/461
f 293/472/453 295/475/455 297/478/458 296/477/457
f 297/478/458 250/407/392 253/410/395 298/479/459
f 295/475/455 249/483/463 250/407/392 297/478/458
f 475/484/464 635/485/465 636/486/466 505/487/467 503/488/468 639/489/469 641/490/470 529/491/471
f 3483/492/472 3482/493/473 2593/494/474 2592/495/475 3485/496/476
f 302/497/477 306/498/478 307/499/479 303/500/480
f 305/501/481 308/502/482 306/498/478 302/497/477
f 255/418/403 257/417/402 308/502/482 305/501/481
f 306/498/478 309/503/483 310/504/484 307/499/479
f 308/502/482 311/505/485 309/503/483 306/498/478
f 257/417/402 259/420/405 311/505/485 308/502/482
f 2484/506/486 3724/507/487 3721/508/488 2485/509/489 2482/510/490 2483/511/491
f 2041/512/492 2020/513/493 1141/514/494 2015/515/495 1960/516/496 2114/517/497 2013/518/498
f 3864/519/499 3863/520/500 3858/323/308 3867/322/307 3865/521/501
f 126/193/181 317/448/397 316/447/431 127/194/182
f 318/522/502 127/194/182 316/447/431
f 315/446/430 280/452/435 318/522/502 316/447/431
f 277/445/429 276/449/432 280/452/435 315/446/430
f 3456/523/503 3028/524/504 3029/525/505 3455/526/506 3457/527/507
f 317/412/397 126/528/181 320/529/508 319/413/398
f 126/528/181 125/530/180 202/331/316 320/529/508
f 125/530/180 129/531/184 151/302/287 202/331/316
f 202/331/316 201/330/315 321/532/509 320/529/508
f 2669/533/510 2826/534/511 2825/535/512 2674/536/513 2675/537/514
f 326/538/515 177/539/516 325/540/517 330/541/518 331/542/519 329/543/520
f 325/540/517 177/539/516 179/300/285
f 5172/544/521 5167/545/522 5166/546/523 5169/547/524 5170/548/525 5171/549/526
f 3484/550/527 2639/551/528 2638/552/529 1487/553/530 2156/554/531
f 331/542/519 138/206/194 141/209/197 329/543/520
f 3200/555/532 3203/556/533 3202/557/534 3199/558/535
f 332/559/536 141/209/197 140/208/196 335/560/537
f 333/561/538 332/559/536 335/560/537 196/320/305
f 1252/562/539 1683/563/540 1682/564/541 1681/565/542
f 333/561/538 196/320/305 197/319/304 336/566/543
f 195/318/303 336/566/543 197/319/304
f 160/229/217 336/567/543 155/225/213
f 336/567/543 195/568/303 156/226/214 155/225/213
f 337/569/544 339/570/545 338/571/546 334/572/547
f 3629/573/548 2523/574/549 2520/575/550 2521/576/551 2518/346/331 2519/345/330 3625/577/552 3628/578/553
f 5495/291/276 5514/292/277 5515/579/554 5494/580/555
f 157/223/211 342/581/556 341/582/557 158/227/215
f 342/581/556 157/223/211 156/226/214 343/583/558
f 195/568/303 194/584/302 343/583/558 156/226/214
f 344/585/559 342/581/556 343/583/558 345/586/560
f 186/284/269 344/585/559 345/586/560 346/587/561
f 3407/588/562 3415/589/563 3405/590/564 3402/591/565 3404/592/566
f 349/593/567 123/594/179 351/595/568 350/596/569
f 352/597/570 121/190/178 123/191/179 349/598/567
f 353/599/571 352/597/570 349/598/567 348/600/572
f 140/208/196 137/205/193 352/597/570 353/599/571
f 137/205/193 122/189/177 121/190/178 352/597/570
f 196/320/305 335/560/537 354/601/573 193/316/301
f 335/560/537 140/208/196 353/599/571 354/601/573
f 348/600/572 347/602/574 354/601/573 353/599/571
f 347/602/574 194/317/302 193/316/301 354/601/573
f 123/594/179 116/603/173 355/604/575 351/595/568
f 187/605/576 184/606/577 351/595/568 355/604/575
f 357/607/578 187/605/576 355/604/575 356/608/579
f 170/242/227 357/607/578 356/608/579 171/243/228
f 116/603/173 115/609/172 356/608/579 355/604/575
f 115/609/172 120/610/580 171/243/228 356/608/579
f 4209/611/581 4220/612/582 4207/613/583 4208/614/584
f 1350/615/585 1666/616/586 1664/617/587 1662/618/588 1455/619/589 1297/620/590
f 363/621/591 367/622/592 366/623/593 360/624/594
f 367/622/592 363/621/591 168/240/225
f 191/625/299 368/626/595 366/623/593 367/622/592
f 190/627/298 191/625/299 367/622/592 369/628/596
f 168/240/225 167/239/224 369/628/596 367/622/592
f 371/629/597 370/630/598 147/215/203 150/218/206
f 371/629/597 190/627/298 369/628/596 370/630/598
f 181/282/267 370/630/598 369/628/596 167/239/224
f 370/630/598 181/282/267 145/213/201 147/215/203
f 368/626/595 372/631/289 365/632/599 366/623/593
f 2054/633/600 2063/634/601 2051/635/602 2050/636/603 2049/637/604
f 3067/638/605 3064/639/606 3066/640/607 2630/641/608 2629/642/609 2710/643/610
f 1928/644/611 1929/645/612 1684/250/235 1685/249/234
f 4943/646/613 4927/647/614 4920/648/615 4922/649/616 4926/650/617
f 2345/651/618 2351/652/619 2350/653/620 2344/654/621 1345/655/622 1344/656/623
f 378/657/624 129/196/184 128/197/185 377/658/625
f 128/197/185 132/200/188 379/659/626 377/658/625
f 377/658/625 379/659/626 362/660/627 364/661/628
f 200/662/629 132/200/188 131/199/187 198/663/630
f 5497/288/273 5496/287/272 5495/291/276 185/283/268 182/286/271 183/285/270 184/606/577 187/605/576 357/607/578 170/242/227 169/241/226 359/664/631 200/662/629 199/665/632 381/666/633 380/667/634 358/668/635 5498/669/636
f 4131/670/637 4124/671/638 4118/672/639 4117/673/640 4186/674/641
f 1666/616/586 1350/615/585 1349/675/642 1665/676/643 1664/617/587
f 5190/677/644 5162/678/645 5140/679/646 5146/680/647
f 1419/681/648 1092/682/649 1091/683/650 2418/684/651 1428/685/652
f 2102/686/653 2104/687/654 1875/688/655 1876/689/656
f 2535/690/657 2536/691/658 2532/692/659 2668/693/660 2667/694/661 2533/695/662 2534/696/663 2537/697/664
f 133/202/190 136/201/189 386/698/665 385/699/666
f 2484/506/486 2483/511/491 2514/700/667 3723/701/668 3719/702/669 3724/507/487
f 384/703/670 386/698/665 387/704/671 388/705/672
f 386/698/665 136/201/189 389/706/673 387/704/671
f 382/707/674 384/703/670 388/705/672 383/708/675
f 387/709/671 390/710/676 391/711/677 388/712/672
f 392/713/678 390/710/676 387/709/671 389/714/673
f 393/715/679 383/716/675 388/712/672 391/711/677
f 1530/717/680 1531/718/681 1528/719/682 1200/720/683 1171/721/684 1173/722/685
f 1166/723/686 1356/724/687 1287/725/688 1149/726/689 1164/727/690 1165/728/691
f 5408/729/692 5376/730/693 5377/731/694 5375/732/695 5409/733/696
f 399/734/697 401/735/698 402/736/699 400/737/700
f 2277/738/701 2240/739/702 2245/740/703 2278/741/704
f 703/742/705 504/743/706 638/744/707 639/489/469 503/488/468 706/745/708
f 1863/746/709 1985/747/710 1984/748/711 1861/749/712 1860/750/713 1862/751/714
f 408/752/715 313/753/716 314/414/399 407/754/717
f 409/755/718 312/756/719 313/753/716 408/752/715
f 303/500/480 307/499/479 409/755/718 410/757/720
f 408/752/715 411/758/721 410/757/720 409/755/718
f 407/754/717 406/759/722 411/758/721 408/752/715
f 312/756/719 409/755/718 307/499/479 310/504/484
f 412/760/723 410/757/720 411/758/721 413/761/724
f 413/761/724 411/758/721 406/759/722 414/762/725
f 405/763/726 415/764/727 414/762/725 406/759/722
f 2434/765/728 2433/766/729 3106/767/730 3107/768/731 3114/769/732 2437/770/733
f 5484/771/734 5485/772/735 5504/773/736 5505/774/737 5506/775/738
f 3194/776/739 2786/777/740 2784/778/741 2487/779/742 2489/780/743 2492/781/744
f 3697/782/745 3700/783/746 3699/784/747 3698/785/748 3695/786/749 3696/787/750
f 15/18/18 42/55/54 18/788/751 34/789/752
f 424/790/753 425/791/754 402/736/699 401/735/698
f 1671/792/755 1139/793/756 1140/794/757 1138/795/758 1670/796/759 1672/797/760
f 602/798/761 600/799/762 599/800/763 737/116/107 736/115/106
f 980/801/764 983/802/765 964/803/766 979/804/767
f 1757/805/768 1755/806/769 1272/807/770 1271/808/771 1756/809/772
f 1838/335/320 1841/334/319 1840/333/318 1511/810/773 1510/811/774 1842/812/775 1855/813/776
f 4684/814/777 4669/815/778 4667/816/779 4668/817/780 4686/818/781 4699/819/782 4685/820/783
f 294/473/454 430/821/784 290/822/160 291/470/159
f 431/823/785 432/824/786 433/825/787 434/826/788
f 430/821/784 432/824/786 431/823/785 429/827/789
f 432/824/786 300/481/461 301/482/462 433/825/787
f 430/821/784 294/473/454 300/481/461 432/824/786
f 284/463/446 286/466/449 289/469/452 428/828/790
f 674/829/791 676/830/792 493/831/793 492/832/794 669/833/795 671/834/796 673/835/797
f 304/836/798 303/500/480 410/757/720 412/760/723
f 753/113/104 460/119/110 710/837/799 754/838/800
f 183/285/270 186/284/269 346/587/561 350/596/569
f 184/606/577 183/285/270 350/596/569 351/595/568
f 3159/839/801 3160/840/802 3157/841/803 3158/842/804 3296/843/805 3297/844/806
f 1965/845/807 1964/846/808 1963/847/809 1798/848/810
f 435/849/811 318/522/502 280/452/435 279/451/434
f 130/198/186 127/194/182 318/522/502 435/849/811
f 2045/850/812 2044/851/813 2043/852/814 2046/361/346
f 238/403/388 206/853/815 245/406/391 239/404/389
f 4012/854/816 4017/855/817 3971/856/818 3970/857/819 4014/858/820 4013/859/821
f 5103/860/822 5115/861/823 5114/862/824 5118/863/825 5120/864/826 5121/865/827 5127/866/828 5100/867/829 5099/868/830 5101/869/831 5102/870/832
f 4672/871/833 4674/872/834 4687/873/835 4670/874/836 4671/875/837
f 5491/876/838 5517/877/839 160/229/217
f 5492/878/840 5516/879/841 5517/877/839 5491/876/838
f 3016/880/842 3013/881/843 3679/882/844 3678/883/845 2439/884/846
f 190/313/298 371/885/597 437/309/294 188/308/293
f 437/309/294 371/885/597 150/232/206 162/231/219
f 174/886/230 148/216/204 145/213/201 172/244/229
f 120/610/580 174/886/230 172/244/229 171/243/228
f 4801/887/847 4839/888/848 4840/889/849 4802/890/850 4753/891/851
f 3352/892/852 3350/893/853 3351/894/854 3293/895/855 3353/896/856
f 392/713/678 389/714/673 397/897/857 396/898/858
f 207/899/859 203/900/860 206/853/815 238/403/388 436/901/861
f 391/711/677 390/710/676 394/902/862 395/903/863
f 390/710/676 392/713/678 396/898/858 394/902/862
f 136/201/189 135/204/192 397/904/857 389/706/673
f 433/825/787 301/482/462 304/836/798 412/760/723
f 434/826/788 433/825/787 412/760/723 413/761/724
f 418/905/864 434/826/788 413/761/724 414/762/725
f 418/905/864 414/762/725 415/764/727 416/906/865
f 589/907/866 587/908/867 585/909/868 623/910/869 624/911/870 625/912/871
f 1902/913/872 1330/914/873 1329/915/874 1333/916/875 1715/917/876
f 440/918/877 441/919/878 442/920/879 443/921/880
f 444/922/881 445/923/882 440/918/877 443/921/880
f 173/246/231 174/245/230 120/924/580 115/184/172 114/183/171
f 447/925/883 448/926/884 443/921/880 442/920/879
f 448/926/884 449/927/885 444/922/881 443/921/880
f 452/928/886 453/929/887 450/930/888 451/931/889
f 451/931/889 450/930/888 454/932/890 455/933/891
f 456/934/892 451/931/889 455/933/891 457/935/893
f 458/936/894 459/937/895 460/119/110 461/118/109
f 447/925/883 462/938/896 463/939/897 464/940/898
f 465/941/899 466/942/900 462/938/896 447/925/883
f 465/941/899 447/925/883 442/920/879 467/943/901
f 468/944/902 469/945/903 470/946/904
f 472/947/905 471/948/906 468/944/902 470/946/904
f 473/949/907 472/947/905 470/946/904 469/945/903
f 477/950/908 478/951/909 479/952/910 480/953/911
f 477/950/908 481/954/912 482/955/913 478/951/909
f 481/954/912 477/950/908 480/953/911 483/956/914
f 484/957/915 472/958/905 473/959/907 485/960/916
f 486/961/917 484/957/915 485/960/916 487/962/918
f 4524/963/919 4509/964/920 4525/965/921 4526/966/922 4534/967/923
f 484/957/915 489/968/924 471/969/906 472/958/905
f 486/961/917 488/970/925 489/968/924 484/957/915
f 490/971/926 491/972/927 492/832/794 493/831/793
f 491/972/927 490/971/926 494/973/928 495/974/929
f 497/975/930 498/976/931 500/977/932
f 501/978/933 502/979/934 471/969/906 489/968/924
f 2878/980/935 2782/981/936 2781/982/937 2875/983/938 2876/984/939 2877/985/940
f 3952/986/941 3951/987/942 3944/988/943 3938/989/944 3941/990/945 3976/991/946
f 4854/992/947 4850/993/948 4893/994/949 4857/995/950 4894/996/951 4895/997/952
f 5484/771/734 5506/775/738 5507/998/953 5483/999/954
f 3382/1000/955 3381/1001/956 3400/1002/957 3385/1003/958 3383/1004/959
f 490/971/926 507/1005/960 468/944/902 494/973/928
f 832/1006/961 833/1007/962 794/1008/963 780/1009/964 796/1010/965
f 3233/1011/966 3427/1012/967 3271/1013/968 3265/1014/969
f 1521/1015/970 2408/1016/971 1517/1017/972 1518/1018/973
f 691/1019/974 516/1020/975 751/1021/976 687/1022/977 517/1023/978 518/1024/979 682/1025/980
f 519/1026/981 520/1027/982 521/1028/983 522/1029/984
f 520/1027/982 523/1030/985 524/1031/986 521/1028/983
f 519/1026/981 525/1032/987 523/1030/985 520/1027/982
f 2369/1033/988 2367/1034/989 2364/1035/990 2362/1036/991 2361/1037/992
f 2394/1038/993 1609/1039/994 1613/1040/995 2378/1041/996 2377/1042/997 2376/1043/998 1460/1044/999
f 474/1045/1000 530/1046/1001 531/1047/1002 475/484/464
f 5443/1048/1003 5446/1049/1004 5452/1050/1005 5440/1051/1006 5442/1052/1007
f 713/1053/1008 715/1054/1009 725/1055/1010 714/1056/1011
f 2097/1057/1012 2099/1058/1013 1878/1059/1014 1879/1060/1015
f 2373/1061/1016 2369/1033/988 2361/1037/992 1042/1062/1017 1048/1063/1018
f 538/1064/1019 539/1065/1020 540/1066/1021 541/1067/1022
f 539/1065/1020 542/1068/1023 543/1069/1024 540/1066/1021
f 142/210/198 152/299/284 180/312/297 118/187/175 144/212/200 143/211/199
f 2413/1070/1025 2414/1071/1026 2410/1072/1027 2411/1073/1028
f 540/1066/1021 545/1074/1029 546/1075/1030 541/1067/1022
f 834/1076/1031 795/1077/1032 794/1008/963 833/1007/962 761/1078/1033 760/1079/1034
f 225/396/381 226/461/444 222/1080/1035 221/476/456 224/395/380
f 554/1081/1036 555/1082/1037 556/1083/1038 557/1084/1039
f 551/1085/1040 553/1086/1041 555/1082/1037 554/1081/1036
f 1050/1087/1042 1059/1088/1043 1057/1089/1044 1055/1090/1045 1056/1091/1046 1053/1092/1047
f 555/1082/1037 560/1093/1048 561/1094/1049 556/1083/1038
f 553/1086/1041 562/1095/1050 560/1093/1048 555/1082/1037
f 556/1083/1038 561/1094/1049 563/1096/1051 558/1097/1052
f 564/1098/1053 565/1099/1054 558/1097/1052 563/1096/1051
f 561/1094/1049 566/1100/1055 567/1101/1056 563/1096/1051
f 563/1096/1051 567/1101/1056 568/141/130 564/1098/1053
f 569/140/129 570/1102/1057 564/1098/1053 568/141/130
f 3430/1103/1058 3445/1104/1059 3431/1105/1060 3429/1106/1061 3428/1107/1062
f 574/1108/1063 575/1109/1064 252/409/394 251/408/393
f 4379/1110/1065 4368/1111/1066 4369/1112/1067 4367/1113/1068 4382/1114/1069
f 577/1115/1070 256/416/401 254/415/400 576/1116/1071
f 578/1117/1072 258/419/404 256/416/401 577/1115/1070
f 579/1118/1073 581/1119/1074 582/1120/1075 580/1121/1076
f 581/1119/1074 583/1122/1077 584/1123/1078 582/1120/1075
f 583/1122/1077 585/1124/868 586/1125/1079 584/1123/1078
f 584/1123/1078 586/1125/1079 537/1126/1080 535/1127/1081
f 585/1124/868 587/1128/867 588/1129/1082 586/1125/1079
f 587/1128/867 589/1130/866 590/1131/1083 588/1129/1082
f 588/1129/1082 590/1131/1083 539/1065/1020 538/1064/1019
f 586/1125/1079 588/1129/1082 538/1064/1019 537/1126/1080
f 589/1130/866 627/1132/1084 628/1133/1085 626/1134/1086 592/1135/1087 591/1136/1088 590/1131/1083
f 590/1131/1083 591/1136/1088 542/1068/1023 539/1065/1020
f 591/1136/1088 592/1135/1087 593/1137/1089 542/1068/1023
f 593/1137/1089 594/1138/1090 595/1139/1091 596/1140/1092
f 593/1137/1089 596/1140/1092 543/1069/1024 542/1068/1023
f 2044/851/813 2045/850/812 2047/1141/1093 2070/1142/1094
f 596/1140/1092 598/1143/1095 544/1144/1096 543/1069/1024
f 706/745/708 503/488/468 505/487/467 636/486/466 635/485/465 713/1053/1008 714/1056/1011 758/1145/1097 637/1146/1098 709/1147/1099
f 562/1095/1050 553/1086/1041 552/1148/1100 601/1149/1101
f 600/799/762 602/798/761 603/1150/1102 601/1149/1101
f 601/1149/1101 603/1150/1102 604/1151/1103 562/1095/1050
f 605/1152/1104 560/1093/1048 562/1095/1050 604/1151/1103
f 566/1100/1055 561/1094/1049 560/1093/1048 605/1152/1104
f 566/1100/1055 605/1152/1104 606/1153/1105 607/1154/1106
f 605/1152/1104 604/1151/1103 608/1155/1107 606/1153/1105
f 567/1101/1056 566/1100/1055 607/1154/1106 609/1156/1108
f 568/141/130 567/1101/1056 609/1156/1108 571/142/131
f 609/1157/1108 610/1158/1109 611/1159/1110 571/1160/131
f 571/1160/131 611/1159/1110 573/1161/1111 572/1162/132
f 610/1158/1109 612/1163/1112 613/1164/1113 611/1159/1110
f 612/1163/1112 614/1165/1114 615/1166/1115 613/1164/1113
f 611/1159/1110 613/1164/1113 574/1108/1063 573/1161/1111
f 613/1164/1113 615/1166/1115 575/1109/1064 574/1108/1063
f 4792/1167/1116 4737/1168/1117 4736/1169/1118 4723/1170/1119 4791/1171/1120
f 619/1172/1121 620/1173/1122 618/1174/1123 617/1175/1124
f 620/1173/1122 577/1115/1070 576/1116/1071 618/1174/1123
f 621/1176/1125 622/1177/1126 620/1173/1122 619/1172/1121
f 622/1177/1126 578/1117/1072 577/1115/1070 620/1173/1122
f 2474/1178/1127 2476/1179/1128 2477/1180/1129 2475/1181/1130 2472/1182/1131 2473/1183/1132
f 4681/1184/1133 4659/1185/1134 4662/1186/1135 4679/1187/1136 4677/1188/1137 4680/1189/1138
f 627/1132/1084 629/1190/1139 456/934/892 628/1133/1085
f 2122/1191/1140 2123/1192/1141 2121/255/240 1668/254/239 1667/1193/1142
f 626/1134/1086 628/1133/1085 630/1194/1143 594/1138/1090
f 594/1138/1090 593/1137/1089 592/1135/1087 626/1134/1086
f 629/1195/1139 627/1196/1084 631/1197/1144 632/1198/1145
f 453/1199/887 452/1200/886 530/1046/1001 474/1045/1000
f 731/1201/1146 726/1202/1147 730/1203/1148 732/1204/1149 712/1205/1150 711/1206/1151 756/1207/1152 757/1208/1153 733/1209/1154
f 1855/813/776 1842/812/775 1843/1210/1155 1844/1211/1156 1848/1212/1157
f 638/744/707 640/1213/1158 641/490/470 639/489/469
f 898/1214/1159 880/1215/1160 879/1216/1161 896/1217/1162 893/1218/1163
f 640/1213/1158 642/1219/1164 643/1220/1165 641/490/470
f 641/490/470 643/1220/1165 529/491/471
f 462/938/896 529/491/471 643/1220/1165 463/939/897
f 646/1221/1166 647/1222/1167 464/940/898 463/939/897
f 645/1223/1168 522/1029/984 647/1222/1167 646/1221/1166
f 644/1224/1169 498/976/931 648/1225/1170 645/1223/1168
f 645/1223/1168 648/1225/1170 519/1026/981 522/1029/984
f 498/976/931 5518/1226/1171 649/1227/1172 648/1225/1170
f 648/1225/1170 649/1227/1172 525/1032/987 519/1026/981
f 649/1228/1172 5518/1229/1171 483/956/914 480/953/911
f 525/1230/987 649/1228/1172 480/953/911 479/952/910
f 3714/1231/1173 3713/1232/1174 2611/1233/1175 2612/1234/1176 2613/1235/1177
f 5159/1236/1178 5160/1237/1179 5161/1238/1180 5157/1239/1181 5141/1240/1182
f 5502/1241/1183 5503/1242/1184 5486/1243/1185 5487/1244/1186
f 5486/1243/1185 5503/1242/1184 5504/773/736 5485/772/735
f 5501/1245/1187 5502/1241/1183 5487/1244/1186 5488/1246/1188
f 652/1247/1189 654/1248/1190 655/1249/1191 653/1250/1192
f 653/1250/1192 655/1249/1191 478/951/909 482/955/913
f 5501/1245/1187 5488/1246/1188 5489/1251/1193 5500/1252/1194
f 655/1249/1191 654/1248/1190 656/1253/1195 657/1254/1196
f 478/951/909 655/1249/1191 657/1254/1196 479/952/910
f 1144/1255/1197 1143/1256/1198 1147/1257/1199 1442/1258/1200 1501/1259/1201
f 523/1260/985 525/1230/987 479/952/910 657/1254/1196
f 654/1248/1190 658/1261/1202 659/1262/1203 656/1253/1195
f 658/1261/1202 509/1263/1204 660/1264/1205 659/1262/1203
f 662/1265/1206 661/1266/1207 659/1262/1203 660/1264/1205
f 449/1267/885 662/1265/1206 660/1264/1205 663/1268/1208
f 449/927/885 448/926/884 664/1269/1209 662/1270/1206
f 448/926/884 447/925/883 464/940/898 664/1269/1209
f 665/1271/1210 647/1222/1167 522/1029/984 521/1028/983
f 661/1272/1207 665/1271/1210 521/1028/983 524/1031/986
f 662/1270/1206 664/1269/1209 665/1271/1210 661/1272/1207
f 664/1269/1209 464/940/898 647/1222/1167 665/1271/1210
f 444/1273/881 449/1267/885 663/1268/1208 666/1274/1211
f 508/1275/1212 513/1276/1213 666/1274/1211 663/1268/1208
f 513/1276/1213 667/1277/1214 668/1278/1215 666/1274/1211
f 667/1277/1214 491/972/927 495/974/929 668/1278/1215
f 445/1279/882 444/1273/881 666/1274/1211 668/1278/1215
f 446/1280/1216 445/1279/882 668/1278/1215 495/974/929
f 1150/1281/1217 1151/1282/1218 1152/1283/1219 1153/1284/1220 1148/1285/1221 1149/726/689 1287/725/688 1290/1286/1222
f 366/623/593 365/632/599 364/661/628 362/660/627 361/1287/1223 360/624/594
f 676/830/792 680/1288/1224 681/1289/1225 493/831/793
f 674/829/791 678/1290/1226 680/1288/1224 676/830/792
f 682/1291/980 518/1292/979 681/1289/1225 680/1288/1224
f 518/1292/979 517/1293/978 685/1294/1227 681/1289/1225
f 685/1294/1227 490/971/926 493/831/793 681/1289/1225
f 686/1295/1228 687/1296/977 473/949/907 469/945/903
f 517/1293/978 687/1296/977 686/1295/1228 685/1294/1227
f 507/1005/960 490/971/926 685/1294/1227 686/1295/1228
f 507/1005/960 686/1295/1228 469/945/903 468/944/902
f 5044/1297/1229 5045/1298/1230 5039/1299/1231 5038/1300/1232 5043/1301/1233
f 1870/1302/1234 3397/1303/1235 3399/1304/1236 1871/1305/1237
f 2008/360/345 2001/1306/1238 2045/850/812 2046/361/346
f 682/1025/980 684/1307/1239 690/1308/1240 691/1019/974
f 1318/1309/1241 2214/1310/1242 2215/1311/1243 1319/1312/1244 1320/1313/1245 1317/1314/1246
f 453/929/887 693/1315/1247 692/1316/1248 450/930/888
f 694/1317/1249 454/932/890 450/930/888 692/1316/1248
f 692/1316/1248 679/1318/1250 675/1319/1251 694/1317/1249
f 528/1320/1252 527/1321/1253 455/933/891 454/932/890
f 3626/1322/1254 3630/341/326 3633/340/325 3629/573/548 3628/578/553 3627/1323/1255
f 3293/895/855 3156/1324/1256 3155/388/373 3154/387/372 3150/386/371 3153/385/370 3152/384/369 3291/383/368 3144/382/367 3145/1325/1257 3284/1326/1258 3289/1327/1259 3290/1328/1260 3447/1329/1261 3292/1330/1262
f 2539/1331/1263 2543/1332/1264 2524/1333/1265 2523/574/549 2540/1334/1266 2538/1335/1267
f 2132/1336/1268 2178/1337/1269 2180/1338/1270 2129/1339/1271
f 1658/1340/1272 1045/1341/1273 2357/1342/1274 2356/1343/1275 1656/1344/1276
f 3483/492/472 3484/550/527 2156/554/531 2153/1345/1277
f 697/1346/1278 699/1347/1279 700/1348/1280 698/1349/1281
f 459/937/895 458/936/894 700/1348/1280 699/1347/1279
f 459/937/895 699/1347/1279 701/1350/1282 702/1351/1283
f 699/1347/1279 697/1346/1278 703/1352/705 701/1350/1282
f 5508/1353/1284 5507/998/953 5506/775/738 504/1354/706 703/1352/705 697/1346/1278
f 704/1355/1285 705/1356/1286 702/1357/1283 701/1358/1282
f 706/745/708 704/1355/1285 701/1358/1282 703/742/705
f 4810/1359/1287 4838/1360/1288 4837/1361/1289 4836/1362/1290
f 336/567/543 160/229/217 337/569/544 334/572/547 333/561/538
f 2812/1363/1291 2813/1364/1292 2802/1365/1293 2803/1366/1294 2804/1367/1295
f 912/1368/1296 918/1369/1297 920/1370/1298 940/1371/1299 913/1372/1300
f 3854/321/306 3857/324/309 3855/1373/1301 3853/1374/1302 3870/1375/1303
f 2218/1376/1304 2216/1377/1305 2217/1378/1306 1401/1379/1307
f 625/912/871 624/911/870 718/1380/1308 717/1381/1309
f 624/911/870 623/910/869 719/1382/1310 718/1380/1308
f 617/1175/1124 720/1383/1311 719/1382/1310 619/1172/1121
f 721/1384/1312 716/1385/1313 717/1381/1309 718/1380/1308
f 720/1383/1311 721/1384/1312 718/1380/1308 719/1382/1310
f 623/910/869 621/1176/1125 619/1172/1121 719/1382/1310
f 722/1386/1314 723/1387/1315 716/1385/1313 721/1384/1312
f 724/1388/1316 722/1386/1314 721/1384/1312 720/1383/1311
f 723/1387/1315 725/1055/1010 715/1054/1009 716/1385/1313
f 758/1145/1097 757/1208/1153 709/1147/1099 637/1146/1098
f 5383/1389/1317 5387/1390/1318 5388/1391/1319 5384/1392/1320 5385/1393/1321 5386/1394/1322
f 552/1148/1100 553/1086/1041 551/1085/1040 549/1395/1323 548/1396/1324
f 4555/1397/1325 4575/1398/1326 4576/1399/1327 4574/1400/1328 4573/1401/1329 4550/1402/1330
f 913/1372/1300 941/1403/1331 945/1404/1332 946/1405/1333 911/1406/1334 912/1368/1296
f 1260/1407/1335 2157/1408/1336 2156/554/531 1487/553/530 1257/1409/1337
f 602/798/761 736/115/106 734/1410/1338 741/1411/1339 742/1412/1340 603/1150/1102
f 1962/1413/1341 1963/847/809 1960/516/496 1961/1414/1342
f 736/115/106 739/114/105 740/1415/1343 734/1410/1338
f 5090/1416/1344 5065/1417/1345 5063/1418/1346 5092/1419/1347 5093/1420/1348 5091/1421/1349
f 1964/846/808 1965/845/807 1966/1422/1350 1967/1423/1351 2116/1424/1352
f 2913/1425/1353 2915/1426/1354 2911/1427/1355 2910/1428/1356 2909/1429/1357 2912/1430/1358
f 610/1158/1109 609/1157/1108 607/1431/1106 744/1432/1359
f 747/1433/1360 748/1434/1361 745/1435/1362 746/1436/1363
f 744/1432/1359 743/1437/1364 745/1435/1362 748/1434/1361
f 748/1434/1361 747/1433/1360 614/1165/1114 612/1163/1112
f 744/1432/1359 748/1434/1361 612/1163/1112 610/1158/1109
f 604/1151/1103 603/1150/1102 742/1412/1340 608/1155/1107
f 3277/1438/1365 3279/1439/1366 3280/1440/1367 3275/1441/1368 3276/1442/1369
f 720/1383/1311 617/1175/1124 616/1443/1370 724/1388/1316
f 509/1263/1204 508/1275/1212 663/1268/1208 660/1264/1205
f 651/1444/1371 658/1261/1202 654/1248/1190 652/1247/1189
f 898/1214/1159 893/1218/1163 892/1445/1372 897/1446/1373
f 594/1138/1090 630/1194/1143 749/1447/1374 595/1139/1091
f 565/1099/1054 564/1098/1053 570/1102/1057 533/1448/1375
f 750/1449/1376 534/1450/1377 536/1451/1378 559/1452/1379
f 565/1099/1054 750/1449/1376 559/1452/1379 558/1097/1052
f 5499/1453/1380 5490/1454/1381 483/956/914
f 5490/1454/1381 5499/1453/1380 5500/1252/1194 5489/1251/1193
f 687/1022/977 751/1021/976 485/960/916 473/959/907
f 2572/1455/1382 3634/1456/1383 2573/1457/1384 2569/1458/1385 2568/1459/1386
f 2047/1460/1093 2048/1461/1387 2050/636/603 2051/635/602 2067/1462/1388
f 471/948/906 502/1463/934 494/973/928 468/944/902
f 502/1463/934 446/1280/1216 495/974/929 494/973/928
f 378/1464/624 372/304/289 373/303/288 151/302/287 129/531/184
f 2779/1465/1389 2808/1466/1390 2811/1467/1391 3674/1468/1392 2776/1469/1393 2777/1470/1394 2778/1471/1395
f 710/1472/799 702/1357/1283 705/1356/1286 707/1473/1396
f 708/1474/1397 707/1473/1396 705/1356/1286 704/1355/1285
f 709/1147/1099 708/1474/1397 704/1355/1285 706/745/708
f 747/1433/1360 724/1388/1316 616/1443/1370 614/1165/1114
f 746/1436/1363 722/1386/1314 724/1388/1316 747/1433/1360
f 728/1475/1398 723/1387/1315 722/1386/1314 746/1436/1363
f 728/1475/1398 727/1476/1399 725/1055/1010 723/1387/1315
f 1100/1477/1400 1082/1478/1401 1078/1479/1402 1096/1480/1403 1095/1481/1404 1099/1482/1405
f 919/1483/1406 952/1484/1407 921/1485/1408 922/1486/1409
f 3358/1487/1410 3353/896/856 3356/1488/1411 3357/1489/1412 3362/1490/1413 3361/1491/1414 3288/1492/1415 3363/1493/1416 3365/1494/1417
f 739/114/105 753/113/104 754/838/800 740/1415/1343
f 3475/1495/1418 2842/1496/1419 2841/1497/1420 2839/1498/1421 2840/1499/1422 3471/1500/1423 3472/1501/1424 3473/1502/1425 3474/1503/1426
f 100/157/146 67/128/117 85/120/111 98/1504/1427 99/1505/1428 109/165/154 102/158/147
f 1369/1506/1429 1309/1507/1430 1301/1508/1431 1304/1509/1432 2252/1510/1433
f 735/1511/1434 754/1512/800 755/1513/1435 712/1205/1150
f 712/1205/1150 755/1513/1435 756/1207/1152 711/1206/1151
f 3257/1514/1436 3057/1515/1437 3058/1516/1438 3258/1517/1439
f 634/1518/1440 531/1047/1002 530/1046/1001 632/1198/1145
f 452/1200/886 629/1195/1139 632/1198/1145 530/1046/1001
f 629/1190/1139 452/928/886 451/931/889 456/934/892
f 3083/1519/1441 2846/1520/1442 2709/1521/1443 3077/1522/1444 3080/1523/1445
f 5073/1524/1446 5072/1525/1447 5050/1526/1448 5084/1527/1449 5019/1528/1450 5018/1529/1451
f 4446/1530/1452 4478/1531/1453 4477/1532/1454 4465/1533/1455 4464/1534/1456 4469/1535/1457 4468/1536/1458
f 2064/1537/1459 2062/1538/1460 1870/1302/1234 1871/1305/1237
f 372/631/289 368/626/595 374/1539/290
f 683/1540/1461 682/1291/980 680/1288/1224 678/1290/1226
f 688/1541/1462 683/1540/1461 678/1290/1226 677/1542/1463
f 460/119/110 459/937/895 702/1351/1283 710/837/799
f 759/1543/1464 760/1079/1034 761/1078/1033 762/1544/1465
f 763/1545/1466 764/1546/1467 760/1079/1034 759/1543/1464
f 762/1547/1465 765/1548/1468 763/1545/1466 759/1543/1464
f 763/1545/1466 765/1548/1468 766/1549/1469 764/1546/1467
f 767/1550/1470 768/1551/1471 769/1552/1472 770/1553/1473
f 767/1554/1470 771/1555/1474 772/1556/1475 768/1557/1471
f 773/1558/1476 771/1555/1474 767/1554/1470 770/1559/1473
f 774/1560/1477 769/1552/1472 768/1551/1471 775/1561/1478
f 776/1562/1479 777/1563/1480 778/1564/1481 779/1565/1482
f 780/1009/964 781/1566/1483 782/1567/1484 783/1568/1485
f 3880/1569/1486 3836/1570/1487 3831/1571/1488 3830/1572/1489 3827/1573/1490 3832/1574/1491
f 785/1575/1492 784/1576/1493 786/1577/1494 787/1578/1495
f 788/1579/1496 785/1575/1492 787/1578/1495 789/1580/1497
f 765/1548/1468 790/1581/1498 791/1582/1499 771/1555/1474 773/1558/1476 766/1549/1469
f 762/1547/1465 792/1583/1500 790/1581/1498 765/1548/1468
f 762/1544/1465 761/1078/1033 793/1584/1501 792/1585/1500
f 781/1566/1483 780/1009/964 794/1008/963 795/1077/1032
f 778/1564/1481 777/1563/1480 796/1010/965
f 797/1586/1502 798/1587/1503 796/1010/965 777/1563/1480
f 799/1588/1504 800/1589/1505 798/1587/1503 797/1586/1502
f 801/1590/1506 802/1591/1507 799/1588/1504 797/1586/1502
f 797/1586/1502 777/1563/1480 776/1562/1479 801/1590/1506
f 3375/1592/1508 3347/1593/1509 3448/1594/1510 3295/1595/1511 3349/1596/1512 2525/1597/1513 3355/1598/1514
f 4969/1599/1515 4957/1600/1516 4956/1601/1517 4967/1602/1518 4966/1603/1519 4968/1604/1520
f 785/1575/1492 788/1579/1496 808/1605/1521 806/1606/1522
f 809/1607/1523 788/1579/1496 789/1580/1497 810/1608/1524
f 809/1607/1523 810/1608/1524 811/1609/1525 812/1610/1526
f 768/1551/1471 772/1611/1475 813/1612/1527 775/1561/1478
f 772/1611/1475 814/1613/1528 815/1614/1529 813/1612/1527
f 792/1585/1500 793/1584/1501 815/1614/1529 814/1613/1528
f 771/1555/1474 791/1582/1499 814/1615/1528 772/1556/1475
f 2849/1616/1530 3070/1617/1531 3065/1618/1532 3064/639/606 3076/1619/1533 2847/1620/1534 2555/1621/1535 2848/1622/1536
f 791/1582/1499 790/1581/1498 792/1583/1500 814/1615/1528
f 2789/1623/1537 2781/982/937 2782/981/936 2785/1624/1538 2787/1625/1539 2790/1626/1540
f 3396/1627/1541 3385/1003/958 3400/1002/957 3401/1628/1542 3398/1629/1543
f 1194/1630/1544 1524/1631/1545 1525/1632/1546 2404/1633/1547 2405/1634/1548 1067/1635/1549 1066/1636/1550 1522/1637/1551 1195/1638/1552 1196/1639/1553 1197/1640/1554
f 806/1606/1522 808/1605/1521 820/1641/1555 807/1642/1556
f 808/1605/1521 821/1643/1557 822/1644/1558 820/1641/1555
f 788/1579/1496 809/1607/1523 821/1643/1557 808/1605/1521
f 825/1645/1559 826/1646/1560 823/1647/1561 812/1610/1526
f 1922/1648/1562 1182/1649/1563 1692/1650/1564 1695/1651/1565
f 824/1652/1566 823/1647/1561 826/1646/1560 828/1653/1567
f 2834/1654/1568 2835/1655/1569 2458/1656/1570 2457/1657/1571
f 830/1658/1572 831/1659/1573 775/1561/1478 813/1612/1527
f 5515/579/554 5516/879/841 5492/878/840 5493/1660/1574 5494/580/555
f 832/1006/961 793/1584/1501 761/1078/1033 833/1007/962
f 812/1610/1526 823/1647/1561 824/1652/1566 822/1644/1558 821/1643/1557 809/1607/1523
f 764/1546/1467 835/1661/1575 834/1076/1031 760/1079/1034
f 764/1546/1467 766/1549/1469 836/1662/1576 835/1661/1575
f 2769/1663/1577 2768/1664/1578 3549/1665/1579 3548/1666/1580 3547/1667/1581 2771/1668/1582
f 770/1559/1473 840/1669/1583 839/1670/1584 773/1558/1476
f 769/1552/1472 841/1671/1585 840/1672/1583 770/1553/1473
f 774/1560/1477 842/1673/1586 841/1671/1585 769/1552/1472
f 831/1659/1573 842/1673/1586 774/1560/1477 775/1561/1478
f 835/1661/1575 836/1662/1576 787/1578/1495 786/1577/1494
f 789/1580/1497 787/1578/1495 836/1662/1576 837/1674/1587
f 837/1674/1587 838/1675/1588 810/1608/1524 789/1580/1497
f 838/1675/1588 839/1670/1584 811/1609/1525 810/1608/1524
f 811/1609/1525 839/1670/1584 840/1669/1583 843/1676/1589
f 841/1671/1585 844/1677/1590 843/1678/1589 840/1672/1583
f 842/1673/1586 845/1679/1591 844/1677/1590 841/1671/1585
f 842/1673/1586 831/1659/1573 829/1680/1592 845/1679/1591
f 795/1077/1032 834/1076/1031 835/1661/1575 786/1577/1494
f 795/1077/1032 786/1577/1494 784/1576/1493 781/1566/1483
f 812/1610/1526 811/1609/1525 843/1676/1589 825/1645/1559
f 844/1677/1590 827/1681/1593 825/1682/1559 843/1678/1589
f 845/1679/1591 817/1683/1594 827/1681/1593 844/1677/1590
f 845/1679/1591 829/1680/1592 816/1684/1595 817/1683/1594
f 780/1009/964 783/1568/1485 778/1564/1481 796/1010/965
f 846/1685/1596 847/1686/1597 848/1687/1598 849/1688/1599
f 850/1689/1600 846/1690/1596 849/1688/1599 851/1691/1601
f 852/1692/1602 853/1693/1603 854/1694/1604
f 855/1695/1605 856/1696/1606 857/1697/1607 858/1698/1608
f 859/1699/1609 858/1698/1608 857/1697/1607 852/1692/1602
f 860/1700/1610 861/1701/1611 862/1702/1612 863/1703/1613
f 864/1704/1614 865/1705/1615 863/1703/1613 862/1702/1612
f 866/1706/1616 867/1707/1617 863/1703/1613 865/1705/1615
f 868/1708/1618 869/1709/1619 865/1705/1615 864/1704/1614
f 866/1706/1616 865/1705/1615 869/1709/1619 870/1710/1620
f 871/1711/1621 872/1712/1622 870/1710/1620 869/1709/1619
f 851/1691/1601 870/1710/1620 872/1712/1622 850/1689/1600
f 873/1713/1623 874/1714/1624 850/1689/1600 872/1712/1622
f 874/1714/1624 875/1715/1625 846/1690/1596 850/1689/1600
f 876/1716/1626 867/1707/1617 848/1687/1598 847/1686/1597
f 866/1706/1616 849/1688/1599 848/1687/1598 867/1707/1617
f 851/1691/1601 849/1688/1599 866/1706/1616 870/1710/1620
f 860/1700/1610 863/1703/1613 867/1707/1617 876/1716/1626
f 877/1717/1627 861/1701/1611 860/1700/1610 878/1718/1628
f 879/1216/1161 880/1215/1160 881/1719/1629 877/1717/1627
f 877/1717/1627 881/1719/1629 882/1720/1630 861/1701/1611
f 883/1721/1631 868/1708/1618 864/1704/1614 884/1722/1632
f 885/1723/1633 886/1724/1634 868/1708/1618 883/1721/1631
f 886/1724/1634 871/1711/1621 869/1709/1619 868/1708/1618
f 887/1725/1635 873/1713/1623 872/1712/1622 871/1711/1621
f 854/1726/1604 874/1714/1624 873/1713/1623 888/1727/1636
f 852/1692/1602 889/1728/1637 890/1729/1638
f 891/1730/1639 892/1445/1372 859/1699/1609 890/1729/1638
f 893/1218/1163 858/1698/1608 859/1699/1609 892/1445/1372
f 894/1731/1640 856/1696/1606 855/1695/1605 895/1732/1641
f 875/1733/1625 853/1734/1603 856/1696/1606 894/1731/1640
f 894/1731/1640 847/1686/1597 846/1685/1596 875/1733/1625
f 853/1735/1603 875/1715/1625 874/1714/1624 854/1726/1604
f 895/1732/1641 876/1716/1626 847/1686/1597 894/1731/1640
f 878/1718/1628 860/1700/1610 876/1716/1626 895/1732/1641
f 895/1732/1641 855/1695/1605 896/1217/1162 878/1718/1628
f 879/1216/1161 877/1717/1627 878/1718/1628 896/1217/1162
f 2870/1736/1642 2463/1737/1643 2464/1738/1644 2876/984/939 2875/983/938 3718/1739/1645 2873/1740/1646
f 4661/1741/1647 4683/1742/1648 4696/1743/1649 4695/1744/1650 4662/1186/1135
f 281/454/437 198/663/630 131/199/187 130/198/186 435/849/811 279/451/434 278/450/433
f 902/1745/1651 888/1727/1636 873/1713/1623 887/1725/1635
f 890/1729/1638 889/1728/1637 903/1746/1652 891/1730/1639
f 904/1747/1653 900/1748/1654 901/1749/1655 905/1750/1656
f 859/1699/1609 852/1692/1602 890/1729/1638
f 900/1748/1654 904/1747/1653 903/1746/1652 902/1751/1651
f 889/1728/1637 888/1752/1636 902/1751/1651 903/1746/1652
f 888/1752/1636 889/1728/1637 852/1692/1602 854/1694/1604
f 853/1734/1603 852/1692/1602 857/1697/1607 856/1696/1606
f 896/1217/1162 855/1695/1605 858/1698/1608 893/1218/1163
f 907/1753/1657 908/1754/1658 909/1755/1659 910/1756/1660
f 914/1757/1661 909/1755/1659 908/1754/1658 915/1758/1662
f 912/1368/1296 916/1759/1663 917/1760/1664 918/1369/1297
f 3812/1761/1665 3821/1762/1666 3820/1763/1667 3809/1764/1668 3811/1765/1669
f 923/1766/1670 924/1767/1671 925/1768/1672 921/1485/1408
f 923/1766/1670 926/1769/1673 927/1770/1674 924/1767/1671
f 928/1771/1675 929/1772/1676 924/1767/1671 927/1770/1674
f 928/1771/1675 927/1770/1674 930/1773/1677 931/1774/1678
f 931/1774/1678 915/1775/1662 908/1776/1658 928/1771/1675
f 915/1775/1662 931/1774/1678 932/1777/1679 933/1778/1680
f 2402/1779/1681 1232/1780/1682 1231/1781/1683 2403/1782/1684
f 934/1783/1685 944/1784/1686 935/1785/1687 936/1786/1688 933/1787/1680
f 1439/1788/1689 1357/1789/1690 2417/1790/1691 1437/1791/1692 1436/272/257 1438/271/256
f 910/1756/1660 937/1792/1693 929/1772/1676 907/1753/1657
f 907/1753/1657 929/1772/1676 928/1771/1675 908/1776/1658
f 937/1792/1693 925/1768/1672 924/1767/1671 929/1772/1676
f 925/1768/1672 937/1792/1693 938/1793/1694 939/1794/1695
f 939/1794/1695 922/1486/1409 921/1485/1408 925/1768/1672
f 940/1371/1299 942/1795/1696 941/1403/1331 913/1372/1300
f 940/1371/1299 922/1486/1409 939/1794/1695 942/1795/1696
f 938/1793/1694 943/1796/1697 942/1795/1696 939/1794/1695
f 937/1792/1693 910/1756/1660 936/1786/1688 938/1793/1694
f 938/1793/1694 936/1786/1688 935/1797/1687 943/1796/1697
f 943/1796/1697 935/1797/1687 944/1798/1686 945/1404/1332
f 941/1403/1331 942/1795/1696 943/1796/1697 945/1404/1332
f 916/1759/1663 912/1368/1296 911/1406/1334 948/1799/1698
f 948/1800/1698 949/1801/1699 950/1802/1700 916/1803/1663
f 916/1803/1663 950/1802/1700 951/1804/1701 917/1805/1664
f 1555/1806/1702 1553/1807/1703 1554/1808/1704 1550/1809/1705 1549/1810/1706 1551/1811/1707
f 954/1812/1708 955/1813/1709 926/1769/1673 923/1766/1670
f 949/1801/1699 930/1773/1677 927/1770/1674 926/1769/1673
f 947/1814/1710 932/1777/1679 931/1774/1678 930/1773/1677
f 932/1815/1679 946/1405/1333 934/1816/1685 933/1817/1680
f 930/1773/1677 949/1801/1699 948/1800/1698 947/1814/1710
f 2892/1818/1711 2890/1819/1712 2581/1820/1713 2889/1821/1714 3711/1822/1715
f 955/1813/1709 954/1812/1708 953/1823/1716 956/1824/1717
f 944/1798/1686 934/1816/1685 946/1405/1333 945/1404/1332
f 1660/252/237 2190/257/242 2189/1825/1718 1661/1826/1719 1657/1827/1720 1659/1828/1721
f 957/1829/1722 958/1830/1723 959/1831/1724
f 960/1832/1725 961/1833/1726 962/1834/1727 963/1835/1728
f 965/1836/1729 960/1832/1725 963/1835/1728 966/1837/1730
f 967/1838/1731 969/1839/1732 970/1840/1733 971/1841/1734
f 972/1842/1735 973/1843/1736 974/1844/1737 970/1840/1733
f 975/1845/1738 976/1846/1739 974/1847/1737 977/1848/1740
f 974/1847/1737 976/1846/1739 971/1841/1734 970/1840/1733
f 976/1846/1739 975/1845/1738 978/1849/1741 968/1850/1742
f 968/1850/1742 967/1838/1731 971/1841/1734 976/1846/1739
f 3751/1851/1743 3750/1852/1744 3753/1853/1745 3752/1854/1746
f 1535/1855/1747 1425/1856/1748 1216/1857/1749 1215/1858/1750 1532/1859/1751 1530/717/680 1173/722/685 1172/1860/1752 1170/1861/1753
f 982/1862/1754 981/1863/1755 984/1864/1756 985/1865/1757
f 985/1865/1757 962/1834/1727 961/1833/1726 982/1862/1754
f 966/1837/1730 963/1835/1728 986/1866/1758 987/1867/1759
f 989/1868/1760 990/1869/1761 969/1839/1732 988/1870/1762
f 970/1840/1733 969/1839/1732 990/1869/1761 972/1842/1735
f 1547/1871/1763 1548/1872/1764 1552/1873/1765 1551/1811/1707 1549/1810/1706 1546/1874/1766
f 993/1875/1767 995/1876/1768 996/1877/1769 977/1878/1740
f 974/1844/1737 973/1843/1736 993/1879/1767 977/1880/1740
f 995/1876/1768 957/1829/1722 959/1831/1724 996/1877/1769
f 996/1881/1769 959/1882/1724 997/1883/1770 998/1884/1771
f 998/1884/1771 975/1845/1738 977/1848/1740 996/1881/1769
f 997/1883/1770 980/801/764 979/804/767 998/1884/1771
f 979/804/767 978/1849/1741 975/1845/1738 998/1884/1771
f 999/1885/1772 1000/1886/1773 980/801/764 997/1883/1770
f 1001/1887/1774 1002/1888/1775 987/1867/1759 986/1866/1758
f 1003/1889/1776 991/1890/1777 990/1869/1761 989/1868/1760
f 1004/1891/1778 1005/1892/1779 1006/1893/1780 994/1894/1781
f 957/1829/1722 995/1876/1768 994/1894/1781 1006/1893/1780
f 1006/1893/1780 1007/1895/1782 958/1830/1723 957/1829/1722
f 999/1885/1772 997/1883/1770 959/1882/1724 958/1830/1723
f 958/1830/1723 1007/1895/1782 1000/1886/1773 999/1885/1772
f 2633/1896/1783 2591/1897/1784 2590/1898/1785 2780/1899/1786 2643/1900/1787
f 1410/1901/1788 1409/1902/1789 1516/1903/1790 1518/1018/973 1517/1017/972 1515/1904/1791 1514/1905/1792
f 1011/1906/1793 984/1864/1756 981/1863/1755 1009/1907/1794
f 1015/1908/1795 1017/1909/1796 1018/1910/1797 1016/1911/1798 1012/1912/1799 1013/1913/1800 1014/1914/1801
f 1017/1909/1796 1019/1915/1802 1020/1916/1803 1018/1910/1797
f 1008/1917/1804 1007/1895/1782 1006/1893/1780 1005/1892/1779
f 1019/1915/1802 1009/1907/1794 1010/1918/1805 1020/1916/1803
f 1009/1907/1794 1019/1915/1802 1011/1906/1793
f 1021/1919/1806 1022/1920/1807 1011/1906/1793 1019/1915/1802
f 1023/1921/1808 1017/1909/1796 1015/1908/1795 1014/1922/1801
f 1023/1921/1808 1021/1919/1806 1019/1915/1802 1017/1909/1796
f 1012/1912/1799 1016/1911/1798 1002/1888/1775 1001/1887/1774
f 987/1867/1759 1002/1888/1775 989/1868/1760 988/1870/1762
f 1016/1911/1798 1003/1889/1776 989/1868/1760 1002/1888/1775
f 5188/1923/1809 5189/1924/1810 5152/1925/1811 5187/1926/1812
f 902/1745/1651 887/1725/1635 899/1927/1813 901/1928/1655 900/1929/1654
f 1018/1910/1797 1020/1916/1803 1005/1892/1779 1004/1891/1778
f 1010/1918/1805 1008/1917/1804 1005/1892/1779 1020/1916/1803
f 1024/1930/1814 1025/1931/1815 1026/1932/1816
f 899/1927/1813 887/1725/1635 871/1711/1621 886/1724/1634 885/1723/1633
f 1027/1933/1817 1028/1934/1818 1029/1935/1819 1030/1936/1820
f 5417/1937/1821 5425/1938/1822 5423/1939/1823 5424/1940/1824 5422/1941/1825 5418/1942/1826
f 1031/1943/1827 1032/1944/1828 1033/1945/1829 1034/1946/1830
f 1035/1947/1831 1036/1948/1832 1037/1949/1833 1038/1950/1834
f 1039/456/439 1040/455/438 1041/1951/1835 1042/1952/1017
f 1043/1953/1836 1044/1954/440 1039/1955/439 1042/1062/1017
f 1043/1953/1836 1045/1341/1273 1046/1956/1837 1044/1954/440
f 1041/1951/1835 1047/1957/1838 1048/1958/1018 1042/1952/1017
f 1049/1959/1839 1050/1087/1042 1051/1960/1840 1052/1961/1841
f 1050/1087/1042 1053/1092/1047 1054/1962/1842 1051/1960/1840
f 2813/1364/1292 2866/1963/1843 2868/1964/1844 2869/1965/1845 2872/1966/1846 3206/1967/1847 2802/1365/1293
f 1057/1089/1044 1058/1968/1848 1056/1091/1046 1055/1090/1045
f 1059/1088/1043 1050/1087/1042 1049/1959/1839 1060/1969/1849
f 1064/1970/1850 1065/1971/1851 1066/1636/1550 1067/1635/1549
f 1067/1635/1549 1068/1972/1852 1064/1970/1850
f 1463/424/409 1063/423/408 1071/1973/1853 1069/1974/1854 1064/1970/1850 1068/1972/1852
f 1069/1974/1854 1070/1975/1855 1065/1971/1851 1064/1970/1850
f 1071/1973/1853 1072/1976/1856 1070/1975/1855 1069/1974/1854
f 1073/1977/1857 1074/1978/1858 1075/1979/1859 1076/1980/1860
f 1074/1978/1858 1077/1981/1861 1078/1479/1402 1075/1979/1859
f 1079/1982/1862 1080/1983/1863 1081/1984/1864 1076/1980/1860
f 1078/1479/1402 1082/1478/1401 1083/1985/1865 1075/1979/1859
f 1075/1979/1859 1083/1985/1865 1079/1982/1862 1076/1980/1860
f 1084/1986/1866 1085/1987/1867 1086/1988/1868 1087/1989/1869
f 431/823/785 434/826/788 418/905/864 416/906/865 417/1990/1870
f 1085/1987/1867 1090/1991/1871 1089/1992/1872 1086/1988/1868
f 1091/683/650 1092/682/649 1086/1988/1868 1089/1992/1872
f 1094/1993/1873 1095/1481/1404 1096/1480/1403 1078/1994/1402
f 327/1995/1874 5513/290/275 5512/289/274 5511/1996/1875 178/1997/1876
f 3461/1998/1877 2521/576/551 2522/1999/1878 3456/523/503 3458/2000/1879
f 1462/2001/1880 2396/2002/1881 2394/1038/993 1460/1044/999 1459/2003/1882 1292/2004/1883 1060/2005/1849 1291/2006/1884 1456/2007/1885
f 1102/2008/1886 1103/2009/1887 1106/2010/1888 1104/219/207
f 1107/2011/1889 1108/2012/1890 1109/2013/1891 1110/2014/1892
f 1111/2015/1893 1112/2016/1894 1108/2012/1890 1107/2011/1889
f 1113/2017/1895 1114/2018/1896 1115/2019/1897 1116/2020/1898
f 1109/2013/1891 1113/2017/1895 1116/2020/1898 1110/2014/1892
f 1117/2021/1899 1118/2022/1900 1119/2023/1901 1120/2024/1902
f 3161/2025/1903 3167/2026/1904 2576/2027/1905 3156/1324/1256 3158/842/804 3157/841/803
f 1123/2028/1906 1122/2029/1907 1121/2030/1908
f 1124/2031/1909 1077/1981/1861 1125/2032/1910 1126/2033/1911
f 1126/2033/1911 1127/2034/1912 1128/2035/1913 1124/2031/1909
f 1129/2036/1914 1124/2031/1909 1128/2035/1913
f 1130/2037/1915 1131/2038/1916 1124/2039/1909 1129/2040/1914
f 1131/2038/1916 1095/2041/1404 1077/2042/1861 1124/2039/1909
f 186/284/269 185/283/268 340/2043/1917 341/582/557 342/581/556 344/585/559
f 829/1680/1592 831/1659/1573 830/1658/1572 800/1589/1505 816/1684/1595
f 1137/2044/1918 2122/1191/1140 1667/1193/1142 1665/2045/643 1349/2046/642 1669/2047/1919 1670/796/759 1138/795/758 1136/2048/1920
f 537/1126/1080 538/1064/1019 541/1067/1022 536/1451/1378 535/1127/1081
f 1295/2049/1921 1298/2050/1922 1296/2051/1923 1291/2052/1884 1293/2053/1924 1294/2054/1925
f 2526/2055/1926 2867/2056/1927 2865/2057/1928 2527/2058/1929 2528/2059/1930 2472/1182/1131
f 1145/2060/1931 1143/1256/1198 1084/1986/1866 1087/1989/1869
f 1146/2061/1932 1147/1257/1199 1143/1256/1198 1145/2060/1931
f 1154/2062/1933 1157/2063/1934 1158/2064/1935 1155/2065/1936
f 1161/2066/1937 1162/2067/1938 1081/2068/1864 1080/2069/1863
f 1148/1285/1221 1163/2070/1939 1164/727/690 1149/726/689
f 3657/2071/1940 3656/2072/1941 3653/2073/1942 3652/2074/1943 3651/2075/1944
f 1079/1982/1862 1083/1985/1865 1082/1478/1401 1100/1477/1400 1088/2076/1945 1090/1991/1871 1167/2077/1946 1160/2078/1947 1142/2079/1948 1080/1983/1863
f 1167/2077/1946 1090/1991/1871 1085/1987/1867 1160/2078/1947
f 1289/2080/1949 1288/2081/1950 2196/2082/1951 2195/2083/1952 2194/2084/1953 1151/1282/1218
f 1168/2085/1954 1169/2086/1955 1170/1861/1753 1171/721/684
f 1170/1861/1753 1172/1860/1752 1173/722/685 1171/721/684
f 3085/2087/1956 3088/2088/1957 2557/2089/1958 2555/2090/1535 2556/2091/1959
f 2776/1469/1393 3674/1468/1392 3666/2092/1960 3672/2093/1961 2774/2094/1962
f 1180/2095/1963 1181/149/138 1182/1649/1563 1183/2096/1964
f 1177/2097/1965 1184/150/139 1181/149/138 1180/2095/1963
f 1183/2096/1964 1186/2098/1966 1185/2099/1967 1180/2095/1963
f 1187/2100/1968 1188/2101/1969 1189/2102/1970
f 4354/2103/1971 4353/2104/1972 4318/2105/1973 4319/2106/1974 4320/2107/1975
f 1192/2108/1976 1193/2109/1977 1189/2102/1970 1188/2101/1969
f 1192/2108/1976 1188/2101/1969 1190/2110/1978
f 1197/1640/1554 1171/2111/684 1200/2112/683 1194/1630/1544
f 1201/2113/1979 1202/2114/1980 1203/2115/1981 1204/2116/1982
f 1205/2117/1983 1206/2118/1984 1202/2114/1980 1201/2113/1979
f 1207/2119/1985 1206/2120/1984 1205/2121/1983 1208/2122/1986
f 1209/2123/1987 1165/728/691 1203/2115/1981 1210/2124/1988
f 1202/2114/1980 1211/2125/1989 1210/2124/1988 1203/2115/1981
f 1206/2118/1984 1212/2126/1990 1211/2125/1989 1202/2114/1980
f 3241/2127/1991 3061/2128/1992 3062/2129/1993 3063/2130/1994 3243/2131/1995
f 1216/1857/1749 1217/2132/1996 1218/2133/1997 1219/2134/1998
f 3158/842/804 3156/1324/1256 3293/895/855 3351/894/854 3294/2135/1999 3296/843/805
f 2027/2136/2000 2028/2137/2001 2022/2138/2002 2023/2139/2003 2019/2140/2004 2025/2141/2005 2030/2142/2006 2029/2143/2007 1954/2144/2008
f 1222/2145/2009 1223/2146/2010 1224/2147/2011 1225/2148/2012
f 1205/2121/1983 1226/2149/2013 1223/2146/2010 1222/2145/2009
f 1227/247/232 1228/2150/2014 1229/2151/2015 1230/248/233
f 1235/2152/2016 1236/2153/2017 1237/2154/2018 1238/2155/2019
f 1239/2156/2020 1240/2157/2021 1236/2153/2017 1235/2152/2016
f 1241/2158/2022 1242/2159/2023 1243/2160/2024 1238/2161/2019
f 1235/2162/2016 1244/2163/2025 1245/2164/2026 1239/2165/2020
f 1238/2161/2019 1243/2160/2024 1244/2163/2025 1235/2162/2016
f 1246/2166/2027 1247/2167/2028 1248/2168/2029 1249/2169/2030
f 1250/2170/2031 1246/2166/2027 1249/2169/2030 1251/2171/2032
f 2520/575/550 2523/574/549 2524/1333/1265 3032/2172/2033 3033/2173/2034 3031/2174/2035
f 1256/2175/2036 1257/1409/1337 1258/2176/2037 1259/2177/2038
f 2855/2178/2039 3641/2179/2040 2312/2180/2041 1482/2181/2042 1485/2182/2043 3741/2183/2044 2854/2184/2045
f 1259/2177/2038 1258/2176/2037 1261/2185/2046 1262/2186/2047
f 1259/2177/2038 1262/2186/2047 1263/2187/2048 1256/2175/2036
f 1265/2188/2049 1266/2189/2050 1267/2190/2051 1268/2191/2052
f 1268/2191/2052 1267/2190/2051 1269/2192/2053 1270/2193/2054
f 4553/2194/2055 4554/2195/2056 4555/1397/1325 4550/1402/1330 4551/2196/2057 4552/2197/2058
f 1273/2198/2059 1274/2199/2060 1269/2192/2053 1267/2190/2051
f 1273/2198/2059 1267/2190/2051 1266/2189/2050 1275/2200/2061
f 1275/2200/2061 1276/2201/2062 1274/2199/2060 1273/2198/2059
f 3920/2202/2063 3815/2203/2064 3922/2204/2065 3921/2205/2066 3918/2206/2067 3810/2207/2068
f 2655/2208/2069 2657/2209/2070 2660/2210/2071 2656/2211/2072 2444/2212/2073
f 1283/2213/2074 1284/2214/2075 1285/2215/2076 1286/2216/2077
f 1287/725/688 1288/2217/1950 1289/2218/1949 1290/1286/1222
f 1290/2219/1222 1289/2080/1949 1151/1282/1218 1150/1281/1217
f 2471/2220/2078 2470/2221/2079 2526/2222/1926 2544/2223/2080 2486/2224/2081
f 3709/2225/2082 2832/2226/2083 2826/534/511 2669/533/510 2453/2227/2084 2670/2228/2085 2829/2229/2086 2830/2230/2087 3707/2231/2088
f 2669/2232/510 2675/2233/514 2676/2234/2089 2671/2235/2090 2672/2236/2091 2673/2237/2092
f 1299/2238/2093 1300/2239/2094 1073/1977/1857 1076/1980/1860
f 1301/1508/1431 1302/2240/2095 1303/2241/2096 1304/1509/1432
f 1305/2242/2097 1306/2243/2098 1302/2240/2095 1301/1508/1431
f 1305/2242/2097 1307/2244/2099 1308/2245/2100 1306/2243/2098
f 1305/2242/2097 1301/1508/1431 1309/1507/1430 1307/2244/2099
f 1310/2246/2101 1311/2247/2102 1312/2248/2103 1313/2249/2104
f 1311/2247/2102 1314/2250/2105 1315/2251/2106 1312/2248/2103
f 1312/2248/2103 1315/2251/2106 1316/2252/2107 1313/2249/2104
f 2127/2253/2108 1133/2254/2109 1134/2255/2110 1132/2256/2111 2130/2257/2112
f 2704/2258/2113 2705/2259/2114 2700/2260/2115 2701/2261/2116 2698/2262/2117 2699/2263/2118
f 1281/2264/2119 1786/2265/2120 1952/2266/2121 1282/2267/2122
f 3266/2268/2123 3267/2269/2124 2702/2270/2125 2703/2271/2126 2701/2261/2116 2700/2260/2115
f 1329/915/874 1330/914/873 1331/2272/2127 1332/2273/2128
f 3238/2274/2129 3079/2275/2130 2706/2276/2131 2707/2277/2132 2708/2278/2133
f 1339/2279/2134 1340/2280/2135 1341/2281/2136 1342/2282/2137
f 1341/2281/2136 1343/2283/2138 1342/2282/2137
f 1342/2282/2137 1344/2284/623 1345/2285/622 1339/2279/2134
f 1092/682/649 1346/2286/2139 1086/1988/1868
f 1087/1989/1869 1086/1988/1868 1346/2286/2139 1347/2287/2140
f 1348/2288/2141 1349/2046/642 1350/2289/585 1351/2290/2142
f 1351/2290/2142 1350/2289/585 1296/2051/1923 1298/2050/1922
f 1352/2291/2143 1353/2292/2144 1354/2293/2145 1355/2294/2146
f 1352/2291/2143 1355/2294/2146 1356/724/687 1357/1789/1690
f 1352/2291/2143 1357/1789/1690 1314/2250/2105 1353/2292/2144
f 1303/2241/2096 1362/2295/2147 1363/2296/2148 1304/1509/1432
f 5357/2297/2149 5366/2298/2150 5358/2299/2151 5359/2300/2152 5342/2301/2153
f 1025/1931/1815 1367/2302/2154 1026/1932/1816
f 1026/1932/1816 1368/2303/2155 1369/1506/1429 1024/1930/1814
f 1373/2304/2156 1375/2305/2157 1376/2306/2158 1377/2307/2159
f 4227/2308/2160 4226/2309/2161 4253/2310/2162 4254/2311/2163 4252/2312/2164 4251/2313/2165 4250/2314/2166 4239/2315/2167
f 1382/2316/2168 1383/2317/2169 1384/2318/2170 1385/2319/2171
f 1386/2320/2172 1387/2321/2173 1388/2322/2174 1383/2323/2169
f 1171/2111/684 1197/1640/1554 1388/2322/2174 1387/2321/2173
f 1386/2324/2172 1383/2317/2169 1382/2316/2168
f 1379/2325/2175 1384/2326/2170 1383/2323/2169 1378/2327/2176
f 1389/2328/2177 1390/2329/2178 1391/2330/2179 1392/2331/2180
f 1390/2329/2178 1393/2332/2181 1394/2333/2182 1391/2330/2179
f 1396/268/253 1390/2334/2178 1389/2335/2177 1395/2336/2183 2281/2337/2184 2280/265/250
f 2763/2338/2185 3574/2339/2186 3573/2340/2187 2767/2341/2188 2765/2342/2189 2762/2343/2190
f 1398/2344/2191 1399/2345/2192 1311/2247/2102 1310/2246/2101
f 2752/390/375 3737/2346/2193 2748/2347/2194 2745/2348/2195 2747/375/360
f 1402/2349/2196 1264/2350/2197 1403/2351/2198 1404/2352/2199
f 1932/2353/2200 1323/2354/2201 1322/2355/2202 1326/2356/2203 1325/2357/2204 1933/2358/2205
f 1404/2352/2199 1405/269/254 1408/275/260 1402/2349/2196
f 3233/1011/966 3229/2359/2206 3428/1107/1062 3427/1012/967
f 119/188/176 118/187/175 180/312/297 376/311/296 438/310/295 164/235/221 163/234/220 165/238/223
f 2783/2360/2207 2788/2361/2208 2784/778/741 2785/1624/1538 2782/981/936
f 1414/2362/2209 1412/2363/2210 1413/2364/2211 1415/2365/2212
f 2628/2366/2213 2630/641/608 3066/640/607 2607/2367/2214 2606/2368/2215
f 1420/2369/2216 1421/2370/2217 1365/2371/2218 1364/2372/2219
f 1217/2373/1996 1420/2369/2216 1364/2372/2219 1218/2374/1997
f 1422/2375/2220 1423/2376/2221 1424/2377/2222 1217/2378/1996
f 1217/2132/1996 1216/1857/1749 1425/1856/1748 1422/2379/2220
f 393/715/679 391/711/677 395/903/863 324/2380/2223 439/2381/2224 404/2382/2225 403/2383/2226 323/2384/2227 322/2385/2228 177/539/516 176/2386/2229
f 1426/2387/2230 1427/2388/2231 1421/2389/2217 1420/2390/2216
f 1424/2391/2222 1426/2387/2230 1420/2390/2216 1217/2392/1996
f 3044/2393/2232 2627/2394/2233 3041/2395/2234 3043/2396/2235
f 1275/2200/2061 1116/2020/1898 1115/2019/1897 1276/2201/2062
f 1110/2014/1892 1116/2020/1898 1275/2200/2061 1266/2189/2050
f 1505/2397/2236 1142/2079/1948 1084/1986/1866 1143/1256/1198 1144/2398/1197 1503/2399/2237
f 1431/2400/2238 1429/2401/2239 1430/2402/2240 1432/2403/2241
f 1077/1981/1861 1074/1978/1858 1433/2404/2242 1125/2032/1910
f 1074/1978/1858 1073/1977/1857 1434/2405/2243 1433/2404/2242
f 270/2406/421 272/2407/425 274/411/396 314/414/399 313/753/716 312/756/719
f 1406/273/258 1436/272/257 1437/1791/1692 1407/274/259
f 3554/2408/2244 3602/2409/2245 3557/2410/2246 3555/2411/2247 3556/2412/2248
f 1300/2413/2094 1299/2414/2093 1444/2415/2249 1445/2416/2250
f 1445/2416/2250 1446/2417/2251 1447/2418/2252 1300/2413/2094
f 1445/2416/2250 1444/2415/2249 1448/425/410 1446/2417/2251
f 1449/2419/2253 1201/2113/1979 1204/2116/1982 1450/2420/2254
f 1226/2421/2013 1205/2117/1983 1201/2113/1979 1449/2419/2253
f 1451/2422/2255 1452/2423/2256 1359/2424/2257 1358/2425/2258
f 1453/2426/2259 1454/2427/2260 1169/2428/1955 1168/2429/1954
f 1386/2324/2172 1382/2316/2168 1453/2426/2259 1168/2429/1954
f 1455/619/589 1457/2430/2261 1458/2431/2262 1456/2007/1885
f 2652/2432/2263 2651/2433/2264 3113/2434/2265 3111/2435/2266 3110/2436/2267
f 84/138/127 51/78/69 59/86/77 82/136/125
f 1461/2437/2268 1462/2001/1880 1456/2007/1885 1458/2431/2262
f 4211/2438/2269 4219/2439/2270 4220/612/582 4209/611/581
f 3466/343/328 3465/2440/2271 2516/2441/2272 2517/344/329
f 1435/2442/2273 1207/2119/1985 1208/2122/1986 1468/2443/2274
f 1470/2444/2275 1469/2445/2276 1471/2446/2277
f 1474/2447/2278 1475/2448/2279 1476/2449/2280 1477/2450/2281
f 1478/2451/2282 1479/2452/2283 1480/2453/2284 1481/2454/2285
f 1477/2450/2281 1478/2451/2282 1481/2454/2285 1474/2447/2278
f 1482/2181/2042 1483/2455/2286 1484/2456/2287 1485/2182/2043
f 3282/2457/2288 3278/2458/2289 3446/2459/2290 3286/2460/2291 3285/2461/2292
f 1448/425/410 1444/2415/2249 2416/2462/2293 1162/2067/1938 1061/426/411
f 3511/2463/2294 2502/2464/2295 2501/2465/2296 2801/2466/2297 3525/2467/2298 3510/2468/2299
f 981/1863/1755 982/1862/1754 983/802/765 980/801/764 1000/1886/1773
f 1030/1936/1820 1029/1935/1819 1496/2469/2300 1495/2470/2301
f 1036/1948/1832 1035/1947/1831 1496/2469/2300 1029/1935/1819
f 1465/2471/2302 1497/2472/2303 1495/2470/2301 1496/2469/2300
f 1497/2472/2303 1117/2021/1899 1120/2024/1902 1495/2470/2301
f 1035/1947/1831 1466/2473/2304 1465/2471/2302 1496/2469/2300
f 1498/2474/2305 1499/2475/2306 1147/1257/1199 1146/2061/1932
f 1087/1989/1869 1347/2287/2140 1500/2476/2307 1145/2060/1931
f 1494/2477/2308 1491/2478/2309 1490/2479/2310 1500/2476/2307
f 1500/2476/2307 1490/2479/2310 1146/2061/1932 1145/2060/1931
f 1442/1258/1200 1147/1257/1199 1499/2475/2306 1443/2480/2311
f 2531/2481/2312 2528/2059/1930 2527/2058/1929 2863/2482/2313 2814/2483/2314
f 1501/2484/1201 1442/2485/1200 1441/2486/2315 1502/2487/2316
f 1502/2487/2316 1503/2399/2237 1144/2398/1197 1501/2484/1201
f 2813/1364/1292 2812/1363/1291 2864/2488/2317 2865/2057/1928 2866/1963/1843
f 1504/2489/2318 1506/421/406 1505/2397/2236 1503/2399/2237
f 1062/427/412 1161/2066/1937 1505/2397/2236 1506/421/406
f 2418/684/651 2419/2490/2319 1308/2245/2100 1307/2244/2099 1309/1507/1430 1428/685/652
f 3600/2491/2320 3577/2492/2321 3579/2493/2322 3578/2494/2323 3576/2495/2324 3575/2496/2325 2569/2497/1385 2573/2498/1384
f 5511/1996/1875 5510/2499/2326 5509/2500/2327 175/2501/2328 178/1997/1876
f 1513/2502/2329 1514/1905/1792 1515/1904/1791 1072/1976/1856
f 2107/2503/2330 2110/2504/2331 1872/2505/2332 1873/2506/2333
f 1517/1017/972 1070/1975/1855 1072/1976/1856 1515/1904/1791
f 1702/2507/2334 1908/2508/2335 1910/2509/2336 1925/2510/2337 1699/2511/2338
f 1516/1903/1790 1519/2512/2339 1520/2513/2340 1518/1018/973
f 1511/810/773 1840/333/318 1837/332/317 1839/2514/2341 1512/2515/2342 1509/2516/2343 1508/2517/2344
f 1523/2518/2345 1195/1638/1552 1522/1637/1551 1521/1015/970
f 1518/1018/973 1520/2513/2340 1523/2518/2345 1521/1015/970
f 1526/2519/2346 1527/2520/2347 1525/1632/1546 1524/1631/1545
f 1194/1630/1544 1200/2112/683 1526/2519/2346 1524/1631/1545
f 1200/720/683 1528/719/682 1529/2521/2348 1526/2522/2346
f 5070/2523/2349 5017/2524/2350 5016/2525/2351 5028/2526/2352 5069/2527/2353
f 402/736/699 423/2528/2354 419/2529/2355 417/1990/1870 422/2530/2356 421/2531/2357 398/2532/2358 399/734/697 400/737/700
f 2378/1041/996 1613/1040/995 1617/2533/2359 2381/2534/2360 2380/2535/2361
f 1214/2536/2362 1128/2035/1913 1127/2034/1912 1533/2537/2363
f 1213/2538/2364 1129/2036/1914 1128/2035/1913 1214/2536/2362
f 1088/2076/1945 1100/1477/1400 1129/2036/1914 1213/2538/2364
f 1533/2537/2363 1127/2034/1912 1531/718/681 1530/717/680
f 1170/1861/1753 1169/2086/1955 1534/2539/2365 1535/1855/1747
f 5425/1938/1822 5417/1937/1821 5402/2540/2366 5401/2541/2367 5374/2542/2368 5382/2543/2369 5400/2544/2370 5415/2545/2371
f 1535/1855/1747 1534/2539/2365 1422/2379/2220 1425/1856/1748
f 1169/2428/1955 1454/2427/2260 1536/2546/2372 1534/2547/2365
f 1537/2548/2373 1538/2549/2374 1539/2550/2375 1540/2551/2376
f 1540/2551/2376 1539/2550/2375 1541/2552/2377 1542/2553/2378
f 1539/2550/2375 1536/2546/2372 1454/2427/2260 1541/2552/2377
f 1542/2553/2378 1543/2554/2379 1545/2555/2380 1540/2551/2376
f 2972/2556/2381 2909/1429/1357 2906/2557/2382 2968/2558/2383
f 1547/1871/1763 1546/1874/1766 1543/2554/2379 1542/2553/2378
f 1542/2553/2378 1541/2552/2377 1548/1872/1764 1547/1871/1763
f 1541/2552/2377 1454/2427/2260 1453/2426/2259 1548/1872/1764
f 1093/2559/2384 1091/683/650 1089/1992/1872 1090/1991/1871 1088/2076/1945
f 638/2560/707 504/1354/706 5506/775/738 5505/774/737 640/2561/1158
f 1453/2426/2259 1382/2316/2168 1552/1873/1765 1548/1872/1764
f 575/1109/1064 615/1166/1115 618/1174/1123 576/1116/1071
f 1551/1811/1707 1552/1873/1765 1556/2562/2385 1555/1806/1702
f 1552/1873/1765 1382/2316/2168 1385/2319/2171 1556/2562/2385
f 1557/2563/2386 1558/2564/2387 1554/1808/1704 1553/1807/1703
f 1559/2565/2388 1557/2563/2386 1553/1807/1703 1555/1806/1702
f 1560/2566/2389 1561/2567/2390 1557/2563/2386 1559/2565/2388
f 1561/2567/2390 1562/2568/2391 1558/2564/2387 1557/2563/2386
f 1563/2569/2392 1564/2570/2393 1565/2571/2394 1566/2572/2395
f 1559/2565/2388 1566/2572/2395 1565/2571/2394 1560/2566/2389
f 1555/1806/1702 1556/2562/2385 1566/2572/2395 1559/2565/2388
f 1556/2562/2385 1385/2319/2171 1563/2569/2392 1566/2572/2395
f 1567/2573/2396 1568/2574/2397 1562/2568/2391 1561/2567/2390
f 1569/2575/2398 1567/2573/2396 1561/2567/2390 1560/2566/2389
f 1565/2571/2394 1570/2576/2399 1569/2575/2398 1560/2566/2389
f 1564/2570/2393 1571/2577/2400 1570/2576/2399 1565/2571/2394
f 1571/2577/2400 1564/2570/2393 1572/2578/2401 1573/2579/2402
f 1574/2580/2403 1575/2581/2404 1576/2582/2405 1577/2583/2406
f 1570/2576/2399 1574/2580/2403 1577/2583/2406 1569/2575/2398
f 1571/2577/2400 1578/2584/2407 1574/2580/2403 1570/2576/2399
f 1578/2584/2407 1427/2388/2231 1575/2581/2404 1574/2580/2403
f 1573/2579/2402 1579/2585/2408 1578/2584/2407 1571/2577/2400
f 1579/2585/2408 1421/2389/2217 1427/2388/2231 1578/2584/2407
f 1580/2586/2409 1581/2587/2410 1568/2574/2397 1567/2573/2396
f 1580/2586/2409 1567/2573/2396 1569/2575/2398 1577/2583/2406
f 1582/2588/2411 1580/2586/2409 1577/2583/2406 1576/2582/2405
f 1582/2588/2411 1583/2589/2412 1581/2587/2410 1580/2586/2409
f 1584/2590/2413 1585/2591/2414 1586/2592/2415 1587/2593/2416
f 1582/2588/2411 1584/2590/2413 1587/2593/2416 1583/2589/2412
f 1576/2582/2405 1588/2594/2417 1584/2590/2413 1582/2588/2411
f 1588/2594/2417 1589/2595/2418 1585/2591/2414 1584/2590/2413
f 1590/2596/2419 1591/2597/2420 1589/2595/2418 1588/2594/2417
f 1575/2581/2404 1590/2596/2419 1588/2594/2417 1576/2582/2405
f 1427/2388/2231 1426/2387/2230 1590/2596/2419 1575/2581/2404
f 1426/2387/2230 1424/2391/2222 1591/2597/2420 1590/2596/2419
f 1591/2598/2420 1424/2377/2222 1423/2376/2221 1538/2549/2374
f 1537/2548/2373 1589/2599/2418 1591/2598/2420 1538/2549/2374
f 1594/2600/2421 1595/2601/2422 1586/2602/2415 1593/2603/2423
f 1596/2604/2424 1595/2601/2422 1594/2600/2421 1597/2605/2425
f 1598/2606/2426 1599/2607/2427 1597/2605/2425 1594/2600/2421
f 1544/2608/2428 1598/2606/2426 1594/2600/2421 1593/2603/2423
f 1592/2609/2429 1545/2555/2380 1544/2608/2428 1593/2603/2423
f 1537/2548/2373 1540/2551/2376 1545/2555/2380 1592/2609/2429
f 1600/2610/2430 1601/2611/2431 1602/2612/2432 1603/2613/2433
f 1599/2607/2427 1600/2610/2430 1603/2613/2433 1597/2605/2425
f 1604/2614/2434 1605/2615/2435 1601/2611/2431 1600/2610/2430
f 1606/2616/2436 1604/2614/2434 1600/2610/2430 1599/2607/2427
f 1599/2607/2427 1598/2606/2426 1607/2617/2437 1606/2616/2436
f 1608/2618/2438 1609/1039/994 1605/2615/2435 1604/2614/2434
f 1608/2618/2438 1604/2614/2434 1606/2616/2436 1610/2619/2439
f 1611/2620/2440 1610/2619/2439 1606/2616/2436 1607/2617/2437
f 1612/2621/2441 1613/1040/995 1609/1039/994 1608/2618/2438
f 1612/2621/2441 1608/2618/2438 1610/2619/2439 1614/2622/2442
f 1611/2620/2440 1615/2623/2443 1614/2622/2442 1610/2619/2439
f 1616/2624/2444 1617/2533/2359 1613/1040/995 1612/2621/2441
f 1618/2625/2445 1616/2624/2444 1612/2621/2441 1614/2622/2442
f 1614/2622/2442 1615/2623/2443 1619/2626/2446 1618/2625/2445
f 1615/2623/2443 1550/1809/1705 1554/1808/1704 1619/2626/2446
f 1620/2627/2447 1621/2628/2448 1617/2533/2359 1616/2624/2444
f 2868/1964/1844 2455/2629/2449 2456/2630/2450 2838/2631/2451 2836/2632/2452 2833/2633/2453 2454/2634/2454 2869/1965/1845
f 1623/2635/2455 1624/2636/2456 1620/2627/2447 1622/2637/2457
f 1624/2636/2456 1625/2638/2458 1621/2628/2448 1620/2627/2447
f 1626/2639/2459 1558/2564/2387 1562/2568/2391 1627/2640/2460
f 1622/2637/2457 1626/2639/2459 1627/2640/2460 1623/2635/2455
f 1619/2626/2446 1554/1808/1704 1558/2564/2387 1626/2639/2459
f 1628/2641/2461 1629/2642/2462 1625/2638/2458 1624/2636/2456
f 1630/2643/2463 1628/2641/2461 1624/2636/2456 1623/2635/2455
f 1623/2635/2455 1627/2640/2460 1631/2644/2464 1630/2643/2463
f 1627/2640/2460 1562/2568/2391 1568/2574/2397 1631/2644/2464
f 1632/2645/2465 1633/2646/2466 1629/2642/2462 1628/2641/2461
f 1634/2647/2467 1632/2645/2465 1628/2641/2461 1630/2643/2463
f 1635/2648/2468 1636/2649/2469 1632/2645/2465 1634/2647/2467
f 1636/2649/2469 1637/2650/2470 1633/2646/2466 1632/2645/2465
f 1638/2651/2471 1581/2587/2410 1583/2589/2412 1639/2652/2472
f 1634/2647/2467 1638/2651/2471 1639/2652/2472 1635/2648/2468
f 1630/2643/2463 1631/2644/2464 1638/2651/2471 1634/2647/2467
f 1631/2644/2464 1568/2574/2397 1581/2587/2410 1638/2651/2471
f 1640/2653/2473 1641/2654/2474 1637/2650/2470 1636/2649/2469
f 1642/2655/2475 1640/2653/2473 1636/2649/2469 1635/2648/2468
f 1596/2656/2424 1643/2657/2476 1640/2653/2473 1642/2655/2475
f 1643/2657/2476 1644/2658/2477 1641/2654/2474 1640/2653/2473
f 1595/2659/2422 1596/2656/2424 1642/2655/2475 1645/2660/2478
f 1645/2660/2478 1642/2655/2475 1635/2648/2468 1639/2652/2472
f 1583/2589/2412 1587/2593/2416 1645/2660/2478 1639/2652/2472
f 1587/2593/2416 1586/2592/2415 1595/2659/2422 1645/2660/2478
f 1646/2661/2479 1637/2650/2470 1641/2654/2474 1647/2662/2480
f 1647/2662/2480 1641/2654/2474 1644/2658/2477 1648/2663/2481
f 3011/2664/2482 3007/2665/2483 3008/2666/2484 3708/2667/2485
f 3708/2667/2485 3008/2666/2484 3009/2668/2486 3704/2669/2487
f 1602/2612/2432 1649/2670/2488 1648/2671/2481 1644/2672/2477
f 1644/2672/2477 1643/2673/2476 1603/2613/2433 1602/2612/2432
f 1643/2673/2476 1596/2604/2424 1597/2605/2425 1603/2613/2433
f 1652/2674/2489 1653/2675/2490 1650/2676/2491 1651/2677/2492
f 1458/2431/2262 1652/2674/2489 1651/2677/2492 1461/2437/2268
f 2511/2678/2493 2512/2679/2494 2508/2680/2495 2509/2681/2496 2466/2682/2497 2510/2683/2498
f 1649/2670/2488 1602/2612/2432 1601/2611/2431 1654/2684/2499
f 1655/2685/2500 1656/2686/1276 1653/2675/2490 1652/2674/2489
f 1652/2674/2489 1458/2431/2262 1457/2430/2261 1655/2685/2500
f 1657/1827/1720 1658/2687/1272 1656/2686/1276 1655/2685/2500
f 1655/2685/2500 1457/2430/2261 1659/1828/1721 1657/1827/1720
f 3521/2688/2501 3022/2689/2502 3020/2690/2503 3019/2691/2504 3021/2692/2505 3522/2693/2506
f 1659/1828/1721 1662/618/588 1663/2694/238 1660/2695/237
f 1457/2430/2261 1455/619/589 1662/618/588 1659/1828/1721
f 1662/618/588 1664/617/587 1665/676/643 1663/2694/238
f 1350/615/585 1297/620/590 1296/2696/1923
f 1667/1193/1142 1668/254/239 1663/253/238 1665/2045/643
f 99/2697/1428 98/1504/1427 111/174/162 109/173/154
f 1349/2046/642 1348/2288/2141 1670/796/759 1669/2047/1919
f 1416/2698/2507 1412/2363/2210 1101/2699/2508 1813/2700/2509 1811/2701/2510 1809/2702/2511
f 1673/2703/2512 1672/797/760 1670/796/759 1348/2288/2141
f 1674/2704/2513 1671/792/755 1672/797/760 1675/2705/2514
f 1674/2704/2513 1159/2706/2515 1139/793/756 1671/792/755
f 1673/2703/2512 1676/2707/2516 1675/2705/2514 1672/797/760
f 1247/2708/2028 1246/2709/2027 1676/2707/2516 1677/2710/2517
f 1676/2707/2516 1673/2703/2512 1678/2711/2518 1677/2710/2517
f 1246/2709/2027 1679/2712/2519 1675/2705/2514 1676/2707/2516
f 1680/2713/2520 1674/2704/2513 1675/2705/2514 1679/2712/2519
f 1681/2714/542 1159/2706/2515 1674/2704/2513 1680/2713/2520
f 1679/2715/2519 1246/2166/2027 1250/2170/2031 1680/2716/2520
f 2959/2717/2521 2968/2558/2383 2906/2557/2382 2907/2718/2522 2908/2719/2523
f 1682/564/541 1683/563/540 1686/251/236 1684/250/235 1929/645/612
f 3832/1574/1491 3827/1573/1490 3826/2720/2524 3825/2721/2525 3813/2722/2526 3814/2723/2527 3815/2203/2064 3920/2202/2063 3932/2724/2528 3816/2725/2529
f 1688/152/141 1230/248/233 1229/2151/2015 1689/153/142
f 3262/2726/2530 3261/2727/2531 3048/2728/2532 3049/2729/2533 3046/2730/2534
f 1690/154/143 1691/2731/2535 1692/1650/1564 1693/155/144
f 1335/2732/2536 1338/2733/2537 1336/2734/2538 1890/2735/2539 1887/2736/2540 1337/2737/2541 1334/2738/2542
f 1689/153/142 1229/2151/2015 1691/2731/2535 1690/154/143
f 1715/917/876 1716/2739/2543 1719/2740/2544 1903/2741/2545 1901/2742/2546 1899/2743/2547 1906/2744/2548 1905/2745/2549 1902/913/872
f 1694/2746/2550 1255/2747/2551 1696/2748/2552 1697/2749/2553
f 1419/681/648 1368/2303/2155 1346/2286/2139 1092/682/649
f 262/430/415 203/900/860 207/899/859 264/431/416
f 1255/2747/2551 1254/2750/2554 1698/2751/2555 1696/2748/2552
f 1698/2751/2555 1254/2750/2554 1700/2752/2556 1701/2753/2557
f 1701/2753/2557 1702/2507/2334 1699/2511/2338 1698/2751/2555
f 1228/2150/2014 1703/2754/2558 1704/2755/2559 1253/2756/2560
f 5135/279/2561 5138/278/2562 5137/277/2563 5136/276/2564 5130/281/2565 5134/280/2566
f 1227/247/232 1706/2757/2567 1703/2754/2558 1228/2150/2014
f 1707/2758/2568 1703/2754/2558 1708/2759/2569 1709/2760/2570
f 1709/2760/2570 1708/2759/2569 1248/2168/2029 1710/2761/2571
f 1709/2760/2570 1710/2761/2571 1472/2762/2572 1707/2758/2568
f 1249/2169/2030 1248/2168/2029 1708/2759/2569 1711/2763/2573
f 1706/2757/2567 1711/2763/2573 1708/2759/2569 1703/2754/2558
f 1712/2764/2574 1713/2765/2575 1252/562/539 1251/2171/2032
f 1712/2764/2574 1251/2171/2032 1249/2169/2030 1711/2763/2573
f 1711/2763/2573 1706/2757/2567 1713/2765/2575 1712/2764/2574
f 1252/562/539 1713/2765/2575 1686/251/236 1683/563/540
f 1706/2757/2567 1227/247/232 1686/251/236 1713/2765/2575
f 4285/863/2576 4281/862/2577 4282/861/2578 4270/860/2579 4269/870/2580 4268/869/2581 4266/868/2582 4265/867/2583 4293/866/2584 4288/865/2585 4286/864/2586
f 1471/2446/2277 1332/2273/2128 1331/2272/2127 1705/2766/2587
f 1331/2272/2127 1330/914/873 1700/2752/2556 1254/2750/2554
f 2389/2767/2588 2390/2768/2589 2393/2769/2590 2391/2770/2591 2388/2771/2592
f 1471/2772/2277 1717/2773/2593 1716/2739/2543 1332/2774/2128
f 1718/2775/2594 1719/2740/2544 1716/2739/2543 1717/2773/2593
f 1717/2773/2593 1720/2776/2595 1721/2777/2596 1718/2775/2594
f 1720/2776/2595 1174/2778/2597 1722/2779/2598 1721/2777/2596
f 1469/2780/2276 1720/2776/2595 1717/2773/2593 1471/2772/2277
f 1469/2780/2276 1175/2781/2599 1174/2778/2597 1720/2776/2595
f 1723/2782/2600 1327/2783/2601 1718/2775/2594 1721/2777/2596
f 1724/2784/2602 1723/2782/2600 1721/2777/2596 1722/2779/2598
f 1725/2785/2603 1294/2054/1925 1724/2784/2602 1722/2779/2598
f 1726/2786/2604 1295/2049/1921 1294/2054/1925 1725/2785/2603
f 1725/2785/2603 1176/2787/2605 1727/2788/2606 1726/2786/2604
f 1728/2789/2607 1729/2790/2608 1726/2786/2604 1727/2788/2606
f 1677/2710/2517 1678/2711/2518 1729/2790/2608 1728/2789/2607
f 1728/2789/2607 1730/2791/2609 1247/2708/2028 1677/2710/2517
f 1727/2788/2606 1473/2792/2610 1730/2791/2609 1728/2789/2607
f 1176/2787/2605 1175/2781/2599 1473/2792/2610 1727/2788/2606
f 698/1349/1281 700/1348/1280 458/936/894 461/118/109 738/117/108 737/116/107 599/800/763 597/2793/2611 527/1321/1253 528/1320/1252 526/2794/2612 670/2795/2613 672/2796/2614 514/2797/2615 512/2798/2616 696/2799/2617 695/2800/2618 5482/2801/2619
f 554/1081/1036 557/1084/1039 556/1083/1038 558/1097/1052 559/1452/1379 536/1451/1378 550/2802/2620 547/2803/2621 546/1075/1030
f 1294/2054/1925 1293/2053/1924 1731/2804/2622 1724/2784/2602
f 1293/2053/1924 1049/1959/1839 1052/1961/1841 1731/2804/2622
f 3280/1440/1367 3096/2805/2623 3095/2806/2624 2699/2263/2118 2698/2262/2117
f 1731/2804/2622 1052/1961/1841 1733/2807/2625 1732/2808/2626
f 1277/2809/2627 1733/2807/2625 1052/1961/1841 1051/1960/1840
f 3279/1439/1366 2655/2208/2069 3096/2805/2623 3280/1440/1367
f 1278/2810/2628 1051/1960/1840 1054/1962/1842 1734/2811/2629
f 3099/2812/2630 2451/2813/2631 2447/2814/2632 2446/2815/2633 3097/2816/2634 3098/2817/2635
f 1737/2818/2636 1736/2819/2637 1056/1091/1046 1058/1968/1848
f 1738/2820/2638 1737/2818/2636 1058/1968/1848 1739/2821/2639
f 1047/1957/1838 1041/1951/1835 1740/2822/2640 1739/2821/2639
f 1058/1968/1848 1057/1089/1044 1047/1957/1838 1739/2821/2639
f 1740/2822/2640 1041/1951/1835 1040/455/438 1742/460/443
f 1744/2823/2641 1745/2824/2642 1743/2825/2643 1742/460/443
f 1746/459/442 1747/2826/2644 1745/2824/2642 1744/2823/2641
f 1746/459/442 1744/2823/2641 1742/460/443
f 3431/1105/1060 1880/2827/2645 1879/1060/1015 3432/2828/2646
f 3380/2829/2647 3342/2830/2648 3344/2831/2649 3345/2832/2650 3348/2833/2651
f 1752/2834/2652 1107/2011/1889 1110/2014/1892 1753/2835/2653
f 4278/2836/2654 4279/2837/2655 4284/2838/2656 4300/2839/2657 4280/2840/2658 4277/2841/2659 4274/2842/2660 4276/2843/2661
f 1748/2844/2662 1752/2834/2652 1753/2835/2653 1751/2845/2663 1750/2846/2664 1749/2847/2665
f 1754/458/441 1111/2015/1893 1107/2011/1889 1752/2834/2652
f 261/2848/2666 580/1121/1076 532/2849/2667 204/2850/2668
f 1044/457/440 1046/2851/1837 1111/2015/1893 1754/458/441
f 1272/807/770 1755/806/769 1750/2846/2664 1751/2845/2663
f 2533/695/662 2667/694/661 2731/2852/2669 2549/2853/2670 2550/2854/2671 2547/2855/2672
f 4128/2856/2673 4129/2857/2674 4122/2858/2675 4173/2859/2676
f 1761/2860/2677 1758/2861/2678 1760/2862/2679 1747/2826/2644
f 1755/806/769 1757/805/768 1758/2861/2678 1761/2860/2677
f 1757/805/768 1756/809/772 1759/2863/2680 1758/2861/2678
f 1762/2864/2681 1745/2824/2642 1747/2826/2644 1760/2862/2679
f 1765/2865/2682 1743/2825/2643 1745/2824/2642 1762/2864/2681
f 1765/2865/2682 1764/2866/2683 1766/2867/2684 1767/2868/2685
f 1743/2825/2643 1765/2865/2682 1767/2868/2685 1741/2869/2686
f 1767/2868/2685 1766/2867/2684 1768/2870/2687 1769/2871/2688
f 1767/2868/2685 1769/2871/2688 1738/2820/2638 1741/2869/2686
f 1770/2872/2689 1766/2867/2684 1764/2866/2683 1771/2873/2690
f 407/754/717 321/532/509 201/330/315 153/301/286 323/2384/2227 403/2383/2226 405/763/726 406/759/722
f 1763/2874/2691 1772/2875/2692 1771/2873/2690 1764/2866/2683
f 1375/2305/2157 1373/2304/2156 1381/2876/2693 1380/2877/2694 1775/2878/2695 1768/2870/2687 1766/2867/2684 1770/2872/2689 1771/2873/2690
f 1746/459/442 1754/458/441 1752/2834/2652 1748/2844/2662
f 1768/2870/2687 1775/2878/2695 1776/2879/2696 1777/2880/2697
f 642/1219/1164 650/2881/2698 499/2882/2699 500/977/932 498/976/931 644/1224/1169 643/1220/1165
f 1769/2871/2688 1778/2883/2700 1737/2818/2636 1738/2820/2638
f 1777/2880/2697 1778/2883/2700 1769/2871/2688 1768/2870/2687
f 1779/2884/2701 1780/2885/2702 1735/2886/2703 1736/2819/2637
f 1778/2883/2700 1779/2884/2701 1736/2819/2637 1737/2818/2636
f 1777/2880/2697 1781/2887/2704 1779/2884/2701 1778/2883/2700
f 1781/2887/2704 1782/2888/2705 1780/2885/2702 1779/2884/2701
f 1780/2885/2702 1783/2889/2706 1734/2811/2629 1735/2886/2703
f 1782/2888/2705 1784/2890/2707 1783/2889/2706 1780/2885/2702
f 1280/2891/2708 1278/2810/2628 1734/2811/2629 1783/2889/2706
f 1784/2890/2707 1281/2264/2119 1280/2891/2708 1783/2889/2706
f 4115/2892/2709 4187/2893/2710 4188/2894/2711 4119/2895/2712 4117/673/640
f 1784/2890/2707 1785/2896/2713 1786/2265/2120 1281/2264/2119
f 1782/2888/2705 1787/2897/2714 1785/2896/2713 1784/2890/2707
f 1789/2898/2715 1781/2887/2704 1777/2880/2697 1776/2879/2696
f 1787/2897/2714 1782/2888/2705 1781/2887/2704 1789/2898/2715
f 966/1837/1730 987/1867/1759 988/1870/1762 969/1839/1732 967/1838/1731
f 1792/2899/2716 1790/2900/2717 1957/2901/2718 1785/2896/2713 1787/2897/2714 1788/2902/2719 1372/2903/2720 1371/2904/2721 1370/2905/2722 1374/2906/2723 1379/2325/2175 1378/2327/2176 3740/2907/2724 1199/2908/2725 1793/2909/2726 1791/2910/2727
f 1256/2175/2036 1263/2187/2048 1264/2350/2197 1209/2123/1987 1210/2124/1988
f 5508/1353/1284 697/1346/1278 698/1349/1281 5482/2801/2619 5483/999/954 5507/998/953
f 3866/2911/2728 3907/2912/2729 3862/2913/2730 3859/2914/2731 3860/2915/2732 3861/2916/2733
f 3822/2917/2734 3823/2918/2735 3818/2919/2736 3817/2920/2737 3820/1763/1667 3821/1762/1666
f 1800/2921/2738 1801/2922/2739 1797/2923/2740 1796/2924/2741
f 1802/2925/2742 1803/2926/2743 1797/2923/2740 1801/2922/2739
f 1801/2922/2739 1804/2927/2744 1805/2928/2745 1802/2925/2742
f 2575/2929/2746 2571/2930/2747 2733/2931/2748 3645/2932/2749 3644/2933/2750 3636/2934/2751
f 398/2532/2358 421/2531/2357 422/2530/2356 417/1990/1870 416/906/865 415/764/727 404/2382/2225 439/2381/2224
f 1804/2927/2744 1520/2513/2340 1519/2512/2339 1805/2928/2745
f 1806/2935/2752 1807/2936/2753 1802/2925/2742 1805/2928/2745
f 298/479/459 305/501/481 302/497/477 299/480/460
f 2192/2937/2754 2202/2938/2755 1276/2201/2062 1115/2019/1897 1114/2018/1896 2179/2939/2756
f 1814/2940/2757 1815/2941/2758 1811/2701/2510 1813/2700/2509
f 1816/2942/2759 1817/2943/2760 1815/2941/2758 1814/2940/2757
f 2137/2944/2761 1464/2945/2762 1465/2471/2302 1466/2473/2304 2140/2946/2763 2139/2947/2764 2138/2948/2765
f 1818/2949/2766 1819/2950/2767 1817/2943/2760 1816/2942/2759
f 1816/2942/2759 1105/222/210 1820/221/209 1818/2949/2766
f 1821/2951/2768 1822/2952/2769 1818/2949/2766 1820/221/209
f 1823/2953/2770 1824/2954/2771 1822/2952/2769 1821/2951/2768
f 3184/2955/2772 3186/2956/2773 2851/2957/2774 3187/2958/2775
f 3182/2959/2776 3184/2955/2772 3187/2958/2775 3188/2960/2777
f 3188/2960/2777 2490/2961/2778 2491/2962/2779 3182/2959/2776
f 1825/2963/2780 1827/2964/2781 1477/2450/2281 1476/2449/2280
f 1826/220/208 1828/2965/2782 1827/2964/2781 1825/2963/2780
f 1104/219/207 1106/2010/1888 1828/2965/2782 1826/220/208
f 1829/2966/2783 1830/2967/2784 1479/2452/2283 1478/2451/2282
f 1827/2964/2781 1829/2966/2783 1478/2451/2282 1477/2450/2281
f 2087/2968/2785 2086/2969/2786 2099/1058/1013 2097/1057/1012
f 3193/2970/2787 3194/776/739 2492/781/744 3190/2971/2788
f 1832/2972/2789 1833/2973/2790 1834/2974/2791 1831/2975/2792
f 1414/2362/2209 1415/2365/2212 1833/2973/2790 1832/2972/2789
f 1833/2973/2790 1835/2976/2793 1836/2977/2794 1834/2974/2791
f 1833/2973/2790 1415/2365/2212 1418/2978/2795 1835/2976/2793
f 1835/2976/2793 1837/332/317 1838/335/320 1836/2977/2794
f 1400/2979/2796 2224/2980/2797 2221/2981/2798 2218/1376/1304 1401/1379/1307 1398/2344/2191 1310/2246/2101
f 1835/2976/2793 1418/2978/2795 1839/2514/2341 1837/332/317
f 627/1196/1084 589/907/866 625/912/871 631/1197/1144
f 1278/2810/2628 1280/2891/2708 1279/2982/2799 1277/2809/2627 1051/1960/1840
f 3212/2983/2800 3207/2984/2801 3204/2985/2802 3205/2986/2803 3206/1967/1847
f 1842/812/775 1429/2401/2239 1431/2400/2238 1843/1210/1155
f 1845/2987/2804 1846/2988/2805 1844/1211/1156 1843/1210/1155
f 3207/2984/2801 1847/2989/2806 1846/2990/2805 3204/2985/2802
f 1847/2991/2806 1849/2992/2807 1850/2993/2808 1848/1212/1157
f 1849/2992/2807 1851/2994/2809 1852/2995/2810 1850/2993/2808
f 1851/2994/2809 1480/2453/2284 1479/2452/2283 1852/2995/2810
f 1853/2996/2811 1854/2997/2812 1850/2993/2808 1852/2995/2810
f 1834/2974/2791 1836/2977/2794 1854/2997/2812 1853/2996/2811
f 1853/2996/2811 1830/2967/2784 1831/2975/2792 1834/2974/2791
f 1852/2995/2810 1479/2452/2283 1830/2967/2784 1853/2996/2811
f 1854/2997/2812 1855/813/776 1848/1212/1157 1850/2993/2808
f 1836/2977/2794 1838/335/320 1855/813/776 1854/2997/2812
f 2423/2998/2813 2268/2999/2814 2267/3000/2815 2263/3001/2816 2262/3002/2817 2266/3003/2818
f 3186/2956/2773 1856/3004/2819 1475/3005/2279 2851/2957/2774
f 1857/3006/2820 1858/3007/2821 1859/3008/2822 1824/2954/2771
f 1858/3007/2821 1860/750/713 1861/749/712 1859/3008/2822
f 3318/3009/2823 3215/3010/2824 1862/3011/714 1860/3012/713 3214/3013/2825 3319/3014/2826
f 2647/3015/2827 2649/3016/2828 2650/3017/2829 2648/3018/2830 2645/3019/2831 2646/3020/2832
f 5202/3021/2833 5212/3022/2834 5215/3023/2835 5200/3024/2836 5201/3025/2837
f 1522/1637/1551 1066/1636/1550 1065/1971/1851 2408/1016/971 1521/1015/970
f 2057/3026/2838 2056/3027/2839 1868/3028/2840 1867/3029/2841 1869/3030/2842 2061/3031/2843
f 2395/3032/2844 2392/3033/2845 1646/2661/2479 1647/2662/2480
f 82/136/125 59/86/77 79/110/101 81/112/103 83/135/124
f 2948/3034/2846 2947/3035/2847 2954/3036/2848 2953/3037/2849 2902/3038/2850 2950/3039/2851
f 661/1266/1207 524/3040/986 523/1260/985 657/1254/1196 656/1253/1195 659/1262/1203
f 1751/2845/2663 1753/2835/2653 1110/2014/1892 1266/2189/2050 1265/2188/2049 1272/807/770
f 3436/3041/2852 1876/689/656 1875/688/655 3438/3042/2853
f 3434/369/354 1877/3043/2854 1876/3044/656 3436/3045/2852
f 3433/368/353 1878/1059/1014 1877/3043/2854 3434/369/354
f 3432/2828/2646 1879/1060/1015 1878/1059/1014 3433/368/353
f 3053/3046/2855 3056/3047/2856 3055/3048/2857 2628/2366/2213 2606/2368/2215 3054/3049/2858
f 30/3050/2859 14/16/16 13/15/15 33/3051/2860
f 1884/3052/2861 1334/2738/2542 1337/2737/2541 1885/3053/2862
f 642/3054/1164 5504/773/736 5503/1242/1184 5502/1241/1183 650/3055/2698
f 1885/3053/2862 1337/2737/2541 1887/2736/2540 1886/3056/2863
f 1887/2736/2540 1890/2735/2539 1891/3057/2864 1888/3058/2865
f 2711/3059/2866 2713/3060/2867 1335/2732/2536 1334/2738/2542 2712/3061/2868 3225/3062/2869 3228/3063/2870
f 3430/1103/1058 3428/1107/1062 3229/2359/2206 3224/3064/2871
f 1888/3058/2865 1891/3057/2864 1893/3065/2872 1892/3066/2873
f 1891/3057/2864 1894/3067/2874 1895/3068/2875 1893/3065/2872
f 1893/3065/2872 1896/3069/2876 1897/3070/2877 1892/3066/2873
f 1893/3065/2872 1895/3068/2875 1898/3071/2878 1896/3069/2876
f 1899/2743/2547 1898/3071/2878 1895/3068/2875
f 1896/3069/2876 1898/3071/2878 1900/3072/2879
f 1898/3071/2878 1899/2743/2547 1901/2742/2546 1900/3072/2879
f 1901/2742/2546 1903/2741/2545 1904/3073/2880 1900/3072/2879
f 1903/2741/2545 1719/2740/2544 1328/3074/2881 1904/3073/2880
f 2249/3075/2882 1187/3076/1968 2319/3077/2883 2281/3078/2184 1395/3079/2183
f 1719/2740/2544 1718/2775/2594 1327/2783/2601 1328/3074/2881
f 3081/3080/2884 3078/3081/2885 3079/2275/2130 3238/2274/2129 3241/2127/1991 3242/3082/2886 3235/3083/2887 3237/3084/2888 3239/3085/2889
f 1907/3086/2890 1908/2508/2335 1905/2745/2549 1906/2744/2548
f 1909/3087/2891 1910/2509/2336 1908/2508/2335 1907/3086/2890
f 1907/3086/2890 1911/3088/2892 1912/3089/2893 1909/3087/2891
f 1906/2744/2548 1894/3067/2874 1911/3088/2892 1907/3086/2890
f 1895/3068/2875 1894/3067/2874 1906/2744/2548 1899/2743/2547
f 1916/3090/2894 1917/3091/2895 1915/3092/2896 1914/3093/2897
f 1890/2735/2539 1336/2734/2538 1338/2733/2537 1918/298/283 1919/297/282 1916/3090/2894 1914/3093/2897 1912/3089/2893 1911/3088/2892 1894/3067/2874 1891/3057/2864
f 1484/2456/2287 1186/2098/1966 1916/3090/2894 1919/297/282
f 1919/297/282 1920/296/281 1485/2182/2043 1484/2456/2287
f 1335/2732/2536 1921/293/278 1918/298/283 1338/2733/2537
f 1186/2098/1966 1183/2096/1964 1917/3091/2895 1916/3090/2894
f 1183/2096/1964 1182/1649/1563 1922/1648/1562 1917/3091/2895
f 1915/3092/2896 1923/3094/2898 1924/3095/2899 1913/3096/2900
f 1917/3091/2895 1922/1648/1562 1923/3094/2898 1915/3092/2896
f 1846/2988/2805 1847/2991/2806 1848/1212/1157 1844/1211/1156
f 1697/2749/2553 1923/3094/2898 1922/1648/1562 1695/1651/1565 1694/2746/2550
f 1910/2509/2336 1909/3087/2891 1913/3096/2900 1924/3095/2899
f 2914/3097/2901 2918/3098/2902 2916/3099/2903 2917/3100/2904 2919/3101/2905 2915/1426/1354 2913/1425/1353 2912/1430/1358
f 2563/3102/2906 3256/3103/2907 3056/3047/2856 3053/3046/2855
f 3346/3104/2908 3448/1594/1510 3347/1593/1509 3345/2832/2650 3344/2831/2649
f 3260/3105/2909 2564/3106/2910 2563/3102/2906 3053/3046/2855 3052/3107/2911
f 1184/150/139 1927/3108/2912 1687/3109/140
f 1154/2062/1933 1156/3110/2913 1682/3111/541 1929/3112/612
f 1157/2063/1934 1154/2062/1933 1929/3112/612 1928/3113/611
f 1927/3108/2912 1930/3114/2914 1157/2063/1934 1928/3113/611
f 1184/150/139 1177/2097/1965 1930/3114/2914 1927/3108/2912
f 1931/3115/2915 1897/3070/2877 1896/3069/2876 1900/3072/2879
f 1900/3072/2879 1904/3073/2880 1932/2353/2200 1931/3115/2915
f 1904/3073/2880 1328/3074/2881 1323/2354/2201 1932/2353/2200
f 1936/3116/2916 2033/3117/2917 2091/3118/2918 1938/3119/2919 1937/3120/2920 1934/3121/2921
f 3898/3122/2922 3931/3123/2923 3893/3124/2924 3894/3125/2925 3895/3126/2926
f 1941/3127/2927 1942/3128/2928 1943/3129/2929 1940/3130/2930
f 1139/793/756 1159/2706/2515 1156/3110/2913 1154/2062/1933 1155/2065/1936 1140/794/757
f 1944/3131/2931 1284/2214/2075 1947/3132/2932 1942/3128/2928
f 1945/3133/2933 1285/2215/2076 1284/2214/2075 1944/3131/2931
f 3438/3042/2853 1875/688/655 1874/3134/2934 3440/3135/2935
f 1283/2213/2074 1286/2216/2077 1279/2982/2799 1280/2891/2708 1281/2264/2119 1282/2267/2122 1948/3136/2936 1943/3129/2929 1942/3128/2928 1947/3132/2932 1949/3137/2937
f 1949/3137/2937 1947/3132/2932 1284/2214/2075 1283/2213/2074
f 511/3138/2938 510/3139/2939 5485/772/735 5484/771/734 512/2798/2616
f 1952/2266/2121 1950/3140/2940 1948/3136/2936 1282/2267/2122
f 2463/1737/1643 2870/1736/1642 2871/3141/2941 2872/1966/1846 2869/1965/1845 2454/2634/2454
f 2114/517/497 1960/516/496 1963/847/809 1964/846/808
f 2658/3142/2942 3284/1326/1258 3145/1325/1257 2659/3143/2943
f 4621/3144/2944 4644/3145/2945 4645/3146/2946 4642/3147/2947 4607/3148/2948
f 3749/3149/2949 3766/3150/2950 3765/3151/2951 3764/3152/2952
f 914/1757/1661 915/1758/1662 933/1787/1680 936/1786/1688 910/1756/1660 909/1755/1659
f 3295/1595/1511 3297/844/806 3296/843/805 3294/2135/1999
f 5440/1051/1006 5452/1050/1005 5451/3153/2953 5475/3154/2954 5476/3155/2955 5441/3156/2956 5439/3157/2957 5438/3158/2958
f 2178/1337/1269 2176/3159/2959 2175/3160/2960 2179/2939/2756 1114/2018/1896
f 3448/1594/1510 3298/3161/2961 3297/844/806 3295/1595/1511
f 3299/3162/2962 3159/839/801 3297/844/806 3298/3161/2961
f 3298/3161/2961 3450/3163/2963 3300/3164/2964 3301/3165/2965 3299/3162/2962
f 1965/845/807 1803/2926/2743 1968/3166/2966 1966/1422/1350
f 1798/848/810 1797/2923/2740 1803/2926/2743 1965/845/807
f 1969/3167/2967 1970/3168/2968 1966/1422/1350 1968/3166/2966
f 1968/3166/2966 1807/2936/2753 1808/3169/2969 1969/3167/2967
f 1803/2926/2743 1802/2925/2742 1807/2936/2753 1968/3166/2966
f 1971/3170/2970 1972/3171/2971 1970/3168/2968 1969/3167/2967
f 1969/3167/2967 1808/3169/2969 1810/3172/2972 1971/3170/2970
f 1973/3173/2973 1974/3174/2974 1972/3171/2971 1971/3170/2970
f 1975/3175/2975 1976/3176/2976 1974/3174/2974 1973/3173/2973
f 3308/3177/2977 3310/3178/2978 3173/3179/2979 3171/3180/2980 3306/3181/2981
f 1977/3182/2982 1978/3183/2983 1976/3176/2976 1975/3175/2975
f 1975/3175/2975 1812/3184/2984 1979/3185/2985 1977/3182/2982
f 1980/3186/2986 1981/3187/2987 1977/3182/2982 1979/3185/2985
f 1979/3185/2985 1815/2941/2758 1817/2943/2760 1980/3186/2986
f 1812/3184/2984 1811/2701/2510 1815/2941/2758 1979/3185/2985
f 1982/3188/2988 1983/3189/2989 1981/3187/2987 1980/3186/2986
f 1980/3186/2986 1817/2943/2760 1819/2950/2767 1982/3188/2988
f 1984/748/711 1985/747/710 1983/3189/2989 1982/3188/2988
f 1984/748/711 1986/3190/2990 1859/3008/2822 1861/749/712
f 1982/3188/2988 1819/2950/2767 1986/3190/2990 1984/748/711
f 1985/747/710 1987/3191/2991 1988/3192/2992 1983/3189/2989
f 1863/746/709 1864/3193/2993 1987/3191/2991 1985/747/710
f 1983/3189/2989 1988/3192/2992 1989/3194/2994 1981/3187/2987
f 1988/3195/2992 1990/3196/2995 1991/3197/2996 1989/3198/2994
f 1978/3183/2983 1977/3182/2982 1981/3187/2987 1989/3194/2994
f 1989/3198/2994 1991/3197/2996 1992/3199/2997 1978/3200/2983
f 1991/3197/2996 1993/3201/2998 1994/3202/2999 1992/3199/2997
f 1993/3201/2998 1995/3203/3000 1996/3204/3001 1994/3202/2999
f 1997/3205/3002 1976/3176/2976 1978/3183/2983 1992/3206/2997
f 1994/3207/2999 1996/3208/3001 1998/3209/3003 1999/3210/3004
f 1992/3206/2997 1994/3207/2999 1999/3210/3004 1997/3205/3002
f 1996/3208/3001 2000/3211/3005 2001/1306/1238 1998/3209/3003
f 2002/3212/3006 2003/3213/3007 1997/3205/3002 1999/3210/3004
f 2004/3214/3008 2002/3212/3006 1999/3210/3004 1998/3209/3003
f 2005/3215/3009 2006/3216/3010 2002/3212/3006 2004/3214/3008
f 2006/3216/3010 2007/3217/3011 2003/3213/3007 2002/3212/3006
f 3231/3218/3012 3232/3219/3013 3227/3220/3014 3230/3221/3015 3234/3222/3016 3236/3223/3017 3237/3084/2888 3235/3083/2887
f 4187/2893/2710 4115/2892/2709 4116/3224/3018 4195/3225/3019 4194/3226/3020
f 2009/359/344 2010/3227/3021 2005/3215/3009 2008/360/345
f 2013/518/498 2114/517/497 2012/3228/3022 2009/359/344 2011/358/343
f 3366/3229/3023 2703/2271/2126 2702/2270/2125 3270/3230/3024 3367/3231/3025
f 4288/865/2585 4293/866/2584 4294/3232/3026 4289/3233/3027 4290/3234/3028
f 5484/771/734 5483/999/954 696/2799/2617 512/2798/2616
f 3295/1595/1511 3294/2135/1999 3351/894/854 3350/893/853 3349/1596/1512
f 2591/1897/1784 2633/1896/1783 2634/3235/3029 2631/3236/3030 2632/3237/3031 3486/3238/3032
f 2025/2141/2005 2019/2140/2004 2018/3239/3033 2020/513/493 2021/3240/3034 2026/3241/3035 2024/3242/3036
f 2355/270/255 1405/269/254 1404/2352/2199 2351/652/619 2345/651/618
f 2464/1738/1644 2462/348/333 2879/347/332 2877/985/940 2876/984/939
f 3481/3243/357 2807/3244/356 2588/3245/3037 2583/3246/3038 2593/494/474 3482/493/473 2151/3247/3039 2152/3248/3040 1212/2126/1990 1206/2118/1984 1207/3249/1985 1435/3250/2273 2150/3251/3041 2149/3252/3042
f 268/3253/419 270/2406/421 312/756/719 310/504/484 309/503/483 266/3254/417
f 1956/3255/3043 1955/3256/3044 2113/3257/3045 1958/3258/3046 1959/3259/3047 2019/2140/2004 2023/2139/2003 2022/2138/2002 2028/2137/2001 2027/2136/2000 1954/2144/2008 2029/2143/2007 2031/3260/3048 1953/3261/3049 1951/3262/3050 1950/3140/2940 1952/2266/2121
f 3366/3229/3023 3367/3231/3025 3368/3263/3051 3369/3264/3052 3370/3265/3053
f 3366/3229/3023 3370/3265/3053 3359/3266/3054 3358/1487/1410 3365/1494/1417 3273/3267/3055 3274/3268/3056 3275/1441/1368 3280/1440/1367 2698/2262/2117 2701/2261/2116 2703/2271/2126
f 2037/3269/3057 2038/3270/3058 2036/3271/3059 2035/3272/3060
f 2039/3273/3061 2040/3274/3062 2038/3270/3058 2037/3269/3057
f 2041/512/492 2013/518/498 2011/358/343 2014/362/347 2042/3275/3063 2039/3273/3061
f 3348/2833/2651 3377/3276/3064 3376/328/313 3380/2829/2647
f 1470/2444/2275 1714/3277/3065 1175/3278/2599 1469/2445/2276
f 3378/327/312 3404/3279/566 3381/3280/956 3379/3281/3066
f 4216/3282/3067 4217/3283/3068 4218/3284/3069 4219/2439/2270 4211/2438/2269 4210/3285/3070 4212/3286/3071
f 3384/3287/3072 3386/3288/3073 3335/3289/3074 3382/1000/955 3383/1004/959
f 440/918/877 501/978/933 489/968/924 488/970/925 441/919/878
f 3980/3290/3075 4016/3291/3076 3975/3292/3077 3974/3293/3078 3977/3294/3079 3978/3295/3080
f 2053/3296/3081 2054/633/600 2049/637/604 2052/3297/3082
f 2052/3297/3082 1995/3203/3000 2055/3298/3083 2053/3296/3081
f 2000/3299/3005 1996/3204/3001 1995/3203/3000 2052/3297/3082
f 2056/3027/2839 2057/3026/2838 2053/3296/3081 2055/3298/3083
f 2058/3300/3084 2059/3301/3085 1865/3302/3086 1866/3303/3087
f 2056/3027/2839 2058/3300/3084 1866/3303/3087 1868/3028/2840
f 2055/3298/3083 2060/3304/3088 2058/3300/3084 2056/3027/2839
f 2060/3304/3088 1990/3196/2995 2059/3301/3085 2058/3300/3084
f 1995/3203/3000 1993/3201/2998 2060/3304/3088 2055/3298/3083
f 1993/3201/2998 1991/3197/2996 1990/3196/2995 2060/3304/3088
f 372/631/289 378/657/624 377/658/625 364/661/628 365/632/599
f 1869/3030/2842 1870/1302/1234 2062/1538/1460 2061/3031/2843
f 3387/3305/3089 3384/3287/3072 3383/1004/959 3385/1003/958 3396/1627/1541
f 3398/1629/1543 3399/1304/1236 3397/1303/1235 3396/1627/1541
f 2062/1538/1460 2064/1537/1459 2065/3306/3090 2063/634/601
f 2065/3306/3090 2068/3307/3091 2069/3308/3092 2066/3309/3093
f 3404/592/566 3402/591/565 3401/1628/1542 3400/1002/957 3381/1001/956
f 282/465/448 281/454/437 219/453/436 222/1080/1035 226/461/444 283/462/445
f 2783/2360/2207 2782/981/936 2878/980/935 2882/3310/3094 3165/3311/3095 3169/3312/3096
f 2072/3313/3097 2073/3314/3098 2074/3315/3099 2075/3316/3100
f 512/2798/2616 514/2797/2615 672/2796/2614 670/2795/2613 526/2794/2612 528/1320/1252 671/834/796 669/833/795 492/832/794 491/972/927 667/1277/1214 513/1276/1213 508/1275/1212 511/3138/2938
f 2075/3316/3100 2077/3317/3101 2076/3318/3102 2072/3313/3097
f 2077/3317/3101 2038/3270/3058 2040/3274/3062 2076/3318/3102
f 2078/3319/3103 2079/3320/3104 2080/3321/3105 2074/3322/3099
f 2073/3323/3098 2081/3324/3106 2078/3319/3103 2074/3322/3099
f 2080/3325/3105 2082/3326/3107 2075/3316/3100 2074/3315/3099
f 3417/3327/3108 3424/3328/3109 3419/3329/3110 3418/3330/3111 3412/3331/3112 3416/3332/3113
f 5407/3333/3114 5408/729/692 5409/733/696 5387/1390/1318 5383/1389/1317 5406/3334/3115
f 2066/3309/3093 2069/3308/3092 2070/3335/1094 2047/1460/1093 2067/1462/1388
f 2085/3336/3116 2086/2969/2786 2087/2968/2785 2088/3337/3117
f 2083/3338/3118 2089/3339/3119 2086/2969/2786 2085/3336/3116
f 2080/3325/3105 2079/3340/3104 2089/3339/3119 2083/3338/3118
f 2088/3337/3117 2091/3118/2918 2090/3341/3120 2085/3336/3116
f 3725/3342/3121 3726/3343/3122 2838/2631/2451 2456/2630/2450 2545/3344/3123
f 2469/3345/3124 2468/3346/3125 2677/3347/3126 2679/3348/3127 3727/3349/3128
f 3368/3263/3051 3367/3231/3025 3425/3350/3129 3424/3328/3109 3417/3327/3108
f 2092/3351/3130 2095/3352/3131 2094/3353/3132 2093/3354/3133
f 2088/3337/3117 2087/2968/2785 2095/3352/3131 2092/3351/3130
f 3416/3332/3113 3408/3355/3134 3411/3356/3135 3371/3357/3136 3369/3264/3052
f 1550/1809/1705 1615/2623/2443 1611/2620/2440 1546/1874/1766 1549/1810/1706
f 2643/1900/1787 2780/1899/1786 2590/1898/1785 2550/2854/2671 2549/2853/2670 2778/1471/1395 2777/1470/1394 2773/3358/3137
f 2101/3359/3138 2103/3360/3139 2102/3361/653 2100/3362/3140
f 2089/3339/3119 2079/3340/3104 2103/3360/3139 2101/3359/3138
f 2103/3363/3139 2105/3364/3141 2104/687/654 2102/686/653
f 2079/3320/3104 2078/3319/3103 2105/3364/3141 2103/3363/3139
f 2105/3364/3141 2108/3365/3142 2106/3366/3143 2104/687/654
f 2108/3365/3142 2109/3367/3144 2107/2503/2330 2106/3366/3143
f 2078/3319/3103 2081/3324/3106 2108/3365/3142 2105/3364/3141
f 2081/3324/3106 2071/3368/3145 2109/3367/3144 2108/3365/3142
f 2109/3367/3144 2068/3307/3091 2110/2504/2331 2107/2503/2330
f 2071/3368/3145 2069/3308/3092 2068/3307/3091 2109/3367/3144
f 1889/3369/3146 1886/3056/2863 1887/2736/2540 1888/3058/2865 2096/3370/3147 2111/3371/3148 1881/3372/3149 1883/3373/3150
f 2068/3307/3091 2065/3306/3090 2064/1537/1459 2110/2504/2331
f 2112/3374/3151 1939/3375/3152 1940/3130/2930 1943/3129/2929
f 2112/3374/3151 1951/3262/3050 1953/3261/3049 2031/3260/3048
f 2026/3241/3035 2021/3240/3034 2020/513/493 2041/512/492
f 253/410/395 255/418/403 305/501/481 298/479/459
f 3592/3376/3153 3591/3377/3154 2735/3378/3155 2734/3379/3156 3585/3380/3157 3586/3381/3158 3588/3382/3159 3593/3383/3160
f 2009/359/344 2012/3228/3022 2115/3384/3161 2010/3227/3021
f 2116/1424/1352 1967/1423/1351 2117/3385/3162 2118/3386/3163
f 2115/3384/3161 2116/1424/1352 2118/3386/3163 2010/3227/3021
f 2007/3217/3011 2006/3216/3010 2118/3386/3163 2117/3385/3162
f 2006/3216/3010 2005/3215/3009 2010/3227/3021 2118/3386/3163
f 2117/3385/3162 1970/3168/2968 1972/3171/2971 2007/3217/3011
f 1967/1423/1351 1966/1422/1350 1970/3168/2968 2117/3385/3162
f 2003/3213/3007 1974/3174/2974 1976/3176/2976 1997/3205/3002
f 2007/3217/3011 1972/3171/2971 1974/3174/2974 2003/3213/3007
f 2059/3301/3085 1987/3387/2991 1864/3388/2993 1865/3302/3086
f 1990/3196/2995 1988/3195/2992 1987/3387/2991 2059/3301/3085
f 2679/3389/3127 3726/3343/3122 3725/3342/3121 3727/3390/3128
f 1986/3190/2990 1822/2952/2769 1824/2954/2771 1859/3008/2822
f 1819/2950/2767 1818/2949/2766 1822/2952/2769 1986/3190/2990
f 1748/2844/2662 1761/2860/2677 1747/2826/2644 1746/459/442
f 1749/2847/2665 1755/806/769 1761/2860/2677 1748/2844/2662
f 4876/3391/3164 4902/3392/3165 4903/3393/3166 4904/3394/3167 4908/3395/3168 4910/3396/3169 4875/3397/3170 4874/3398/3171 4873/3399/3172 4845/3400/3173 4842/3401/3174 4901/3402/3175
f 1759/2863/2680 1756/809/772 2120/3403/3176 2119/3404/3177
f 1749/2847/2665 1750/2846/2664 1755/806/769
f 1867/3029/2841 3219/3405/3178 3391/3406/3179 3390/3407/3180 3395/3408/3181 1869/3030/2842
f 1682/3111/541 1156/3110/2913 1159/2706/2515 1681/2714/542
f 1772/2875/2692 1763/2874/2691 1764/2866/2683 1765/2865/2682 1762/2864/2681 1760/2862/2679 1758/2861/2678 1759/2863/2680 2119/3404/3177 1773/3409/3182 1365/2371/2218 2397/3410/3183 1774/3411/3184
f 2124/3412/3185 2123/1192/1141 2122/1191/1140 2125/3413/3186
f 2128/3414/3187 2182/3415/3188 2185/3416/3189 2124/3412/3185 2125/3413/3186
f 2127/2253/2108 2128/3414/3187 2125/3413/3186 2126/3417/3190
f 533/1448/1375 532/2849/2667 534/1450/1377 750/1449/1376 565/1099/1054
f 2126/3417/3190 1136/2048/1920 1133/2254/2109 2127/2253/2108
f 2130/2257/2112 2129/1339/1271 2128/3414/3187 2127/2253/2108
f 2131/3418/3191 2132/1336/1268 2129/1339/1271 2130/2257/2112
f 2014/362/347 2046/361/346 2043/852/814 2042/3275/3063
f 3086/3419/3192 2704/2258/2113 2699/2263/2118 3095/2806/2624 3094/3420/3193 3087/3421/3194
f 1182/1649/1563 1181/149/138 1926/3422/137 1693/155/144 1692/1650/1564
f 3015/3423/3195 3010/3424/3196 3012/3425/3197 2831/3426/3198
f 4169/3427/3199 4167/3428/3200 4164/3429/3201 4129/2857/2674 4128/2856/2673
f 2141/3430/3202 2142/3431/3203 2137/2944/2761 2138/2948/2765
f 2139/2947/2764 2144/3432/3204 2143/3433/3205 2138/2948/2765
f 3105/3434/3206 3108/3435/3207 3107/768/731 3106/767/730 3104/3436/3208 3103/3437/3209
f 2147/3438/3210 2148/3439/3211 2146/3440/3212 2145/3441/3213
f 2148/3439/3211 2147/3438/3210 2149/3442/3042 2150/3443/3041
f 2153/1345/1277 2154/3444/3214 2152/3248/3040 2151/3247/3039
f 2154/3444/3214 1211/2125/1989 1212/2126/1990 2152/3248/3040
f 2155/3445/3215 1210/2124/1988 1211/2125/1989 2154/3444/3214
f 2150/3443/3041 1435/2442/2273 1468/2443/2274 2148/3439/3211
f 2158/3446/3216 2159/3447/3217 2160/3448/3218 2142/3431/3203
f 1468/2443/2274 1208/2122/1986 2159/3447/3217 2158/3446/3216
f 2158/3446/3216 2146/3440/3212 2148/3439/3211 1468/2443/2274
f 2142/3431/3203 2141/3430/3202 2146/3440/3212 2158/3446/3216
f 2160/3448/3218 1225/2148/2012 2136/3449/3219 2135/3450/3220
f 2159/3447/3217 1222/2145/2009 1225/2148/2012 2160/3448/3218
f 1208/2122/1986 1205/2121/1983 1222/2145/2009 2159/3447/3217
f 2135/3450/3220 2137/2944/2761 2142/3431/3203 2160/3448/3218
f 2136/3449/3219 2161/3451/3221 2134/3452/3222 2133/3453/3223
f 1225/2148/2012 1224/2147/2011 2161/3451/3221 2136/3449/3219
f 2162/3454/3224 2163/3455/3225 2134/3452/3222 2161/3451/3221
f 2164/3456/3226 2165/3457/3227 2163/3455/3225 2162/3454/3224
f 1224/2147/2011 2166/3458/3228 2162/3454/3224 2161/3451/3221
f 2166/3458/3228 2167/3459/3229 2164/3456/3226 2162/3454/3224
f 2167/3459/3229 2168/3460/3230 2169/3461/3231 2164/3456/3226
f 2170/3462/3232 2171/3463/3233 2168/3460/3230 2167/3459/3229
f 1450/3464/2254 1163/3465/1939 2171/3463/3233 2170/3462/3232
f 1449/3466/2253 1450/3464/2254 2170/3462/3232 2172/3467/3234
f 2172/3467/3234 2170/3462/3232 2167/3459/3229 2166/3458/3228
f 1223/2146/2010 2172/3467/3234 2166/3458/3228 1224/2147/2011
f 1226/2149/2013 1449/3466/2253 2172/3467/3234 1223/2146/2010
f 2168/3460/3230 1153/1284/1220 2173/3468/3235 2169/3461/3231
f 2171/3463/3233 1148/3469/1221 1153/1284/1220 2168/3460/3230
f 1148/3469/1221 2171/3463/3233 1163/3465/1939
f 2173/3468/3235 2174/3470/3236 2175/3160/2960 2176/3159/2959
f 1153/1284/1220 1152/1283/1219 2174/3470/3236 2173/3468/3235
f 2176/3159/2959 2177/3471/3237 2169/3461/3231 2173/3468/3235
f 2164/3456/3226 2169/3461/3231 2177/3471/3237 2165/3457/3227
f 4173/2859/2676 4122/2858/2675 4121/3472/3238 4109/3473/3239 4171/3474/3240
f 1510/811/774 1507/422/407 1506/421/406 1504/2489/2318 1440/3475/3241 1429/2401/2239 1842/812/775
f 2180/1338/1270 2181/3476/3242 2178/1337/1269 2182/3415/3188
f 2178/1337/1269 2181/3476/3242 2180/1338/1270
f 1114/2018/1896 1113/2017/1895 2183/3477/3243 2178/1337/1269
f 1113/2017/1895 1109/2013/1891 2184/3478/3244 2183/3477/3243
f 2183/3477/3243 2185/3416/3189 2182/3415/3188 2178/1337/1269
f 2184/3478/3244 2186/3479/3245 2185/3416/3189 2183/3477/3243
f 2187/256/241 2188/3480/3246 2189/1825/1718 2190/257/242
f 2186/3479/3245 2184/3478/3244 2188/3480/3246 2187/256/241
f 2124/3412/3185 2185/3416/3189 2186/3479/3245 2123/1192/1141
f 2187/256/241 2121/255/240 2123/1192/1141 2186/3479/3245
f 2189/1825/1718 1112/2016/1894 2191/3481/3247 1661/3482/1719
f 2188/3480/3246 1108/2012/1890 1112/2016/1894 2189/1825/1718
f 2184/3478/3244 1109/2013/1891 1108/2012/1890 2188/3480/3246
f 2191/3483/3247 1046/1956/1837 1045/1341/1273 1658/1340/1272
f 1112/2016/1894 1111/2015/1893 1046/2851/1837 2191/3481/3247
f 1658/2687/1272 1657/1827/1720 1661/1826/1719 2191/3484/3247
f 2085/3336/3116 2090/3341/3120 2084/3485/3248 2082/3326/3107 2080/3325/3105 2083/3338/3118
f 2175/3160/2960 2193/3486/3249 2192/2937/2754 2179/2939/2756
f 2193/3486/3249 2175/3160/2960 2174/3470/3236 2194/2084/1953
f 2194/2084/1953 2174/3470/3236 1152/1283/1219 1151/1282/1218
f 2193/3486/3249 2194/2084/1953 2195/2083/1952
f 1502/2487/2316 1441/2486/2315 1440/3475/3241 1504/2489/2318 1503/2399/2237
f 2196/2082/1951 1288/2081/1950 1355/3487/2146 1354/3488/2145
f 2197/3489/3250 2198/3490/3251 1320/1313/1245 2199/3491/3252
f 1354/2293/2145 1353/2292/2144 2198/3490/3251 2197/3489/3250
f 2197/3492/3250 2200/3493/3253 2196/2082/1951 1354/3488/2145
f 2199/3494/3252 2201/3495/3254 2200/3493/3253 2197/3492/3250
f 2200/3493/3253 2202/2938/2755 2195/2083/1952 2196/2082/1951
f 2201/3495/3254 1276/2201/2062 2202/2938/2755 2200/3493/3253
f 2202/2938/2755 2192/2937/2754 2193/3486/3249 2195/2083/1952
f 2203/3496/3255 1276/2201/2062 2201/3495/3254 2199/3494/3252
f 2204/3497/3256 2205/3498/3257 1269/2192/2053 1274/2199/2060
f 2203/3496/3255 2204/3497/3256 1274/2199/2060 1276/2201/2062
f 2206/3499/3258 2207/3500/3259 2208/3501/3260 2209/3502/3261
f 2210/3503/3262 2206/3499/3258 2209/3502/3261 2205/3504/3257
f 2211/3505/3263 2206/3499/3258 2210/3503/3262 2212/3506/3264
f 2211/3505/3263 2213/3507/3265 2207/3500/3259 2206/3499/3258
f 2214/1310/1242 2212/3506/3264 2210/3503/3262 2215/1311/1243
f 290/822/160 430/821/784 429/827/789 420/3508/3266 289/3509/452 288/3510/451
f 1862/3011/714 3215/3010/2824 3216/3511/3267 1864/3193/2993 1863/746/709
f 2886/3512/3268 3715/3513/3269 3716/3514/3270 2611/3515/1175 2610/3516/3271 2888/3517/3272
f 1971/3170/2970 1810/3172/2972 1812/3184/2984 1975/3175/2975 1973/3173/2973
f 2219/3518/3273 1318/1309/1241 1317/1314/1246 2220/3519/3274
f 1399/2345/2192 2220/3519/3274 2198/3490/3251 1353/2292/2144
f 2220/3519/3274 1317/1314/1246 1320/1313/1245 2198/3490/3251
f 2221/2981/2798 2222/3520/3275 2223/3521/3276 2218/1376/1304
f 419/2529/2355 423/2528/2354 427/3522/3277 428/3523/790 289/3509/452 420/3508/3266
f 1341/2281/2136 2228/3524/3278 1343/2283/2138
f 2228/3524/3278 1400/3525/2796 1310/3526/2101 1343/2283/2138
f 1340/2280/2135 2230/3527/3279 2231/3528/3280 1341/2281/2136
f 2232/3529/3281 2233/3530/3282 2230/3527/3279 1340/2280/2135
f 2234/3531/3283 2235/3532/3284 2232/3529/3281
f 1340/2280/2135 1339/2279/2134 2234/3531/3283 2232/3529/3281
f 2235/3532/3284 1237/2154/2018 2232/3529/3281
f 1236/2153/2017 1240/2157/2021 2236/3533/3285
f 2232/3529/3281 1237/2154/2018 1236/2153/2017 2236/3533/3285
f 119/188/176 165/238/223 166/237/222 173/246/231 114/183/171
f 3567/3534/3286 3570/3535/3287 3571/3536/3288 3568/3537/3289
f 1240/2157/2021 1239/2156/2020 2238/3538/3290 2237/3539/3291
f 1678/2711/2518 1673/2703/2512 1348/2288/2141 1295/2049/1921 1726/2786/2604 1729/2790/2608
f 2239/3540/3292 2241/3541/3293 2242/3542/3294 2240/739/702
f 2241/3543/3293 2243/3544/3295 2244/3545/3296 2242/3546/3294
f 3444/3547/3297 1872/2505/2332 1871/1305/1237 3399/1304/1236
f 2245/740/703 2240/739/702 2242/3542/3294 2246/3548/3298
f 2246/3549/3298 2247/3550/3299 1394/2333/2182 1393/2332/2181
f 2242/3546/3294 2244/3545/3296 2247/3550/3299 2246/3549/3298
f 2248/3551/3300 2238/3552/3290 1239/2165/2020 1245/2164/2026
f 2401/3553/3301 1233/3554/3302 1234/3555/3303 1232/1780/1682 2402/1779/1681 2400/3556/3304 2399/3557/3305
f 3610/3558/3306 2765/2342/2189 2767/2341/2188 3609/3559/3307
f 2224/3560/2797 2227/3561/3308 2225/3562/3309 2226/3563/3310 2222/3564/3275 2221/3565/2798
f 2250/3566/3311 2252/1510/1433 2253/3567/3312 2251/3568/3313
f 2253/3567/3312 2254/3569/3314 2255/3570/3315 2251/3568/3313
f 2254/3569/3314 2223/3521/3276 2222/3520/3275 2255/3570/3315
f 3431/1105/1060 3432/2828/2646 3421/3571/3316 3429/1106/1061
f 2259/3572/3317 2258/3573/3318 2253/3567/3312 2252/1510/1433
f 2256/3574/3319 2259/3572/3317 1363/2296/2148
f 2260/3575/3320 2261/3576/3321 2223/3521/3276 2254/3569/3314
f 2258/3573/3318 2260/3575/3320 2254/3569/3314 2253/3567/3312
f 2257/3577/3322 2262/3002/2817 2260/3575/3320 2258/3573/3318
f 2262/3002/2817 2263/3001/2816 2261/3576/3321 2260/3575/3320
f 2261/3576/3321 2216/1377/1305 2218/1376/1304 2223/3521/3276
f 2263/3001/2816 2213/3507/3265 2216/1377/1305 2261/3576/3321
f 4240/3578/3323 4241/3579/3324 4224/3580/3325 4227/2308/2160 4239/2315/2167
f 2256/3574/3319 1363/2296/2148 1362/2295/2147 2264/3581/3326 2265/3582/3327 2266/3003/2818 2262/3002/2817 2257/3577/3322 2258/3573/3318 2259/3572/3317
f 2267/3000/2815 2207/3500/3259 2213/3507/3265 2263/3001/2816
f 2207/3500/3259 2267/3000/2815 2268/2999/2814 2208/3501/3260
f 2264/3581/3326 1362/2295/2147 2269/3583/3328 2270/3584/3329
f 2265/3582/3327 2264/3581/3326 2270/3584/3329 2271/3585/3330
f 1304/1509/1432 1363/2296/2148 2259/3572/3317 2252/1510/1433
f 4010/3586/3331 4018/3587/3332 4019/3588/3333 4011/3589/3334
f 1865/3302/3086 3217/3590/3335 3218/3591/3336 1866/3303/3087
f 3768/3592/3337 3785/3593/3338 3765/3151/2951 3766/3150/2950 3767/3594/3339
f 1341/2281/2136 2231/3528/3280 2274/3595/3340 2229/3596/3341
f 2231/3528/3280 1118/3597/1900 2275/3598/3342 2274/3595/3340
f 2230/3527/3279 1119/3599/1901 1118/3597/1900 2231/3528/3280
f 2233/3530/3282 1123/3600/1906 1119/3599/1901 2230/3527/3279
f 2233/3530/3282 2232/3529/3281 2236/3533/3285 2276/3601/3343
f 1823/2953/2770 1476/2449/2280 1475/2448/2279 1856/3602/2819
f 2251/3603/3313 1191/3604/3344 2283/3605/3345 2301/3606/3346 1190/2110/1978 1188/2101/1969 1187/3076/1968 2249/3075/2882 2250/3607/3311
f 3713/1232/1174 2888/3608/3272 2610/3609/3271 2611/1233/1175
f 2255/3610/3315 2273/3611/3347 2272/3612/3348 2282/3613/3349 2283/3614/3345 1191/3615/3344 2251/3603/3313
f 1789/2898/2715 1776/2879/2696 1775/2878/2695 1380/2877/2694 1381/2876/2693 1373/2304/2156 1370/2905/2722 1371/2904/2721 1372/2903/2720 1788/2902/2719 1787/2897/2714
f 2282/3616/3349 2275/3617/3342 2284/3618/3350 2285/3619/3351
f 2284/3618/3350 2275/3617/3342 2286/3620/3352
f 2275/3617/3342 1118/2022/1900 2287/3621/3353 2286/3620/3352
f 2287/3621/3353 1118/2022/1900 2288/3622/3354
f 2288/3622/3354 1118/2022/1900 2289/3623/3355
f 2289/3623/3355 1118/2022/1900 1117/2021/1899
f 2290/3624/3356 2288/3622/3354 2289/3623/3355 2291/3625/3357
f 1467/3626/3358 2290/3624/3356 2291/3625/3357 1464/2945/2762
f 1117/2021/1899 1497/2472/2303 2291/3625/3357 2289/3623/3355
f 1497/2472/2303 1465/2471/2302 1464/2945/2762 2291/3625/3357
f 2292/3627/3359 2293/3628/3360 2286/3620/3352 2287/3621/3353
f 2290/3624/3356 2292/3627/3359 2287/3621/3353 2288/3622/3354
f 1467/3626/3358 2294/3629/3361 2292/3627/3359 2290/3624/3356
f 2294/3629/3361 2295/3630/3362 2293/3628/3360 2292/3627/3359
f 2296/3631/3363 2285/3619/3351 2284/3618/3350 2297/3632/3364
f 2293/3628/3360 2297/3632/3364 2284/3618/3350 2286/3620/3352
f 2295/3630/3362 2298/3633/3365 2297/3632/3364 2293/3628/3360
f 1467/3626/3358 1135/3634/3366 1132/2256/2111 2294/3629/3361
f 2295/3630/3362 2294/3629/3361 1132/2256/2111 1134/2255/2110
f 2300/3635/3367 2301/3606/3346 2285/3619/3351 2296/3631/3363
f 4056/3636/3368 4047/3637/3369 4050/3638/3370 4059/3639/3371 4060/3640/3372 4057/3641/3373
f 2304/3642/3374 1190/2110/1978 2301/3606/3346 2300/3635/3367
f 1155/2065/1936 2302/3643/3375 2299/3644/3376 1140/794/757
f 1155/2065/1936 1158/2064/1935 2303/3645/3377 2302/3643/3375
f 2305/3646/3378 2306/3647/3379 1193/2109/1977 1192/2108/1976
f 2305/3646/3378 1192/2108/1976 1190/2110/1978 2304/3642/3374
f 2307/3648/3380 2308/3649/3381 2306/3647/3379 2305/3646/3378
f 1158/2064/1935 2309/3650/3382 2307/3648/3380 2303/3645/3377
f 2309/3650/3382 1179/3651/3383 2308/3649/3381 2307/3648/3380
f 327/3652/1874 178/3653/1876 177/539/516 326/538/515 329/543/520 328/3654/3384
f 2855/2178/2039 2560/3655/3385 3640/3656/3386 3641/2179/2040
f 2313/3657/3387 2314/3658/3388 2311/3659/3389 2312/2180/2041
f 2315/3660/3390 2316/3661/3391 2314/3658/3388 2313/3657/3387
f 1452/2423/2256 1451/2422/2255 2316/3661/3391 2315/3660/3390
f 2314/3658/3388 2317/3662/3392 2310/3663/3393 2311/3659/3389
f 2316/3661/3391 2318/3664/3394 2317/3662/3392 2314/3658/3388
f 1451/2422/2255 1358/2425/2258 2318/3664/3394 2316/3661/3391
f 2317/3662/3392 2306/3647/3379 2308/3649/3381 2310/3663/3393
f 2318/3664/3394 1193/2109/1977 2306/3647/3379 2317/3662/3392
f 1358/2425/2258 1189/2102/1970 1193/2109/1977 2318/3664/3394
f 2285/3619/3351 2301/3606/3346 2283/3605/3345 2282/3616/3349
f 2280/265/250 2320/3665/3395 2321/3666/3396 2279/266/251
f 2281/2337/2184 2319/3667/2883 2320/3665/3395 2280/265/250
f 690/1308/1240 684/1307/1239 688/3668/1462 689/3669/3397 474/1045/1000 475/484/464 529/491/471 462/938/896 466/942/900 476/3670/3398 506/3671/3399 496/3672/3400 515/3673/3401 752/3674/3402 487/962/918 485/960/916 751/1021/976 516/1020/975 691/1019/974
f 2279/266/251 2321/3666/3396 2322/3675/3403 2278/741/704
f 4764/3676/3404 4765/3677/3405 4762/3678/3406 4761/3679/3407
f 4523/3680/3408 4508/3681/3409 4493/3682/3410 4509/964/920 4524/963/919
f 2319/3683/2883 1361/3684/3411 2323/3685/3412 2320/3686/3395
f 5515/579/554 5514/292/277 5513/290/275 327/1995/1874 328/3687/3384 338/3688/546 339/3689/545 5516/879/841
f 2324/3690/3413 2325/3691/3414 2326/3692/3415 2323/3685/3412 1361/3684/3411 1360/3693/3416
f 2327/3694/3417 2328/3695/3418 2326/3692/3415 2325/3691/3414
f 2329/3696/3419 2330/3697/3420 2328/3695/3418 2327/3694/3417
f 2329/3696/3419 2331/3698/3421 2332/3699/3422 2330/3697/3420
f 2331/3698/3421 2333/3700/3423 2334/3701/3424 2332/3699/3422
f 2333/3700/3423 1032/1944/1828 2335/3702/3425 2334/3701/3424
f 2335/3702/3425 1123/2028/1906 2336/3703/3426 2334/3701/3424
f 2336/3703/3426 2332/3699/3422 2334/3701/3424
f 2337/3704/3427 2328/3695/3418 2330/3697/3420 2338/3705/3428
f 2338/3705/3428 2330/3697/3420 2332/3699/3422 2336/3703/3426
f 4665/3706/3429 4664/3707/3430 4683/1742/1648 4661/1741/1647 4660/3708/3431 4682/3709/3432
f 1908/2508/2335 1702/2507/2334 1701/2753/2557 1700/2752/2556 1905/2745/2549
f 2339/3710/3433 2326/3692/3415 2328/3695/3418 2337/3704/3427
f 2233/3530/3282 2276/3601/3343 2336/3711/3426 1123/3600/1906
f 1123/2028/1906 2335/3702/3425 1122/2029/1907
f 2234/3531/3283 2340/3712/3434 2341/3713/3435 2235/3532/3284
f 1339/2279/2134 1345/2285/622 2340/3712/3434 2234/3531/3283
f 2235/3532/3284 2341/3713/3435 1238/2155/2019 1237/2154/2018
f 2341/3714/3435 2342/3715/3436 1241/2158/2022 1238/2161/2019
f 2340/3716/3434 2343/3717/3437 2342/3715/3436 2341/3714/3435
f 1345/655/622 2344/654/621 2343/3717/3437 2340/3716/3434
f 2346/3718/3438 2347/3719/3439 2348/3720/3440 2349/3721/3441
f 2706/3722/2131 3079/2275/2130 3078/3081/2885 2709/3723/1443 2707/3724/2132
f 2344/654/621 2350/653/620 2346/3718/3438 2343/3717/3437
f 2350/653/620 1403/2351/2198 2347/3719/3439 2346/3718/3438
f 2350/653/620 2351/652/619 1404/2352/2199 1403/2351/2198
f 1482/2181/2042 2312/2180/2041 2311/3659/3389 1486/3725/3442 1483/2455/2286
f 2352/3726/3443 1242/2159/2023 1241/2158/2022 2342/3715/3436 2343/3717/3437 2346/3718/3438 2349/3721/3441
f 3945/3727/3444 3985/3728/3445 3986/3729/3446 3948/3730/3447 3984/3731/3448 3939/3732/3449
f 2347/3719/3439 1263/2187/2048 1262/2186/2047 2348/3720/3440
f 1264/2350/2197 1263/2187/2048 2347/3719/3439 1403/2351/2198
f 2354/3733/3450 1316/2252/2107 1438/271/256 2355/270/255
f 2345/651/618 1344/656/623 2354/3733/3450 2355/270/255
f 1538/2549/2374 1423/2376/2221 1422/2375/2220 1534/2547/2365 1536/2546/2372 1539/2550/2375
f 1316/3734/2107 2354/3735/3450 1344/2284/623
f 1344/2284/623 1342/2282/2137 1313/3736/2104 1316/3734/2107
f 2268/3737/2814 1756/809/772 1271/808/771 2208/3738/3260
f 2209/3739/3261 2208/3738/3260 1271/808/771 1270/2193/2054
f 2205/3498/3257 2209/3739/3261 1270/2193/2054 1269/2192/2053
f 2324/3690/3413 3649/3740/3451 3650/3741/3452 2325/3691/3414
f 67/128/117 66/93/84 87/123/114 86/121/112 85/120/111
f 2358/3742/3453 2361/1037/992 2362/1036/991 2359/3743/3454
f 1045/1341/1273 1043/1953/1836 2358/3742/3453 2357/1342/1274
f 1043/1953/1836 1042/1062/1017 2361/1037/992 2358/3742/3453
f 2363/3744/3455 1653/3745/2490 1656/1344/1276 2356/1343/1275
f 740/1415/1343 754/838/800 735/3746/1434 734/1410/1338
f 2364/1035/990 2365/3747/3456 2366/3748/3457 2362/1036/991
f 2547/2855/2672 2550/2854/2671 2586/3749/3458 2587/3750/3459 2821/3751/3460 2548/3752/3461
f 2367/1034/989 2368/3753/3462 2365/3747/3456 2364/1035/990
f 2370/3754/3463 2371/3755/3464 2367/1034/989 2369/1033/988
f 2371/3755/3464 2372/3756/3465 2368/3753/3462 2367/1034/989
f 1057/3757/1044 2370/3754/3463 2369/1033/988 2373/1061/1016
f 2374/3758/3466 2375/3759/3467 2371/3755/3464 2370/3754/3463
f 2375/3759/3467 2376/1043/998 2372/3756/3465 2371/3755/3464
f 2370/3754/3463 1057/3757/1044 1059/3760/1043 2374/3758/3466
f 1292/2004/1883 1459/2003/1882 2375/3759/3467 2374/3758/3466
f 1460/1044/999 2376/1043/998 2375/3759/3467 1459/2003/1882
f 2374/3758/3466 1059/3760/1043 1060/2005/1849 1292/2004/1883
f 3707/2231/2088 2830/2230/2087 3689/3761/3468 3690/3762/3469 3691/3763/3470 2975/3764/3471 2971/3765/3472
f 2376/1043/998 2377/1042/997 2379/3766/3473 2372/3756/3465
f 2377/1042/997 2378/1041/996 2380/2535/2361 2379/3766/3473
f 2979/3767/3474 2975/3764/3471 3691/3763/3470 3693/3768/3475 3694/3769/3476
f 2382/3770/3477 2368/3753/3462 2372/3756/3465 2379/3766/3473
f 2383/3771/3478 2382/3770/3477 2379/3766/3473 2380/2535/2361
f 2801/2466/2297 3534/3772/3479 3531/3773/3480 3533/3774/3481 3532/3775/3482 3525/2467/2298
f 2385/3776/3483 2365/3747/3456 2368/3753/3462 2382/3770/3477
f 2386/3777/3484 1621/2628/2448 1625/2638/2458 2387/3778/3485
f 2380/2535/2361 2381/2534/2360 2386/3777/3484 2383/3771/3478
f 2381/2534/2360 1617/2533/2359 1621/2628/2448 2386/3777/3484
f 2388/2771/2592 2366/3748/3457 2365/3747/3456 2385/3776/3483
f 2389/2767/2588 2388/2771/2592 2385/3776/3483 2384/3779/3486
f 2366/3748/3457 2388/2771/2592 2362/1036/991
f 3697/782/745 3702/3780/3487 3703/3781/3488 2991/3782/3489 2986/3783/3490 3700/783/746
f 2359/3743/3454 2362/1036/991 2388/2771/2592 2391/2770/2591
f 3705/3784/3491 3706/3785/3492 3703/3781/3488 3702/3780/3487 3701/3786/3493
f 3009/2668/2486 3706/3785/3492 3705/3784/3491 3704/2669/2487
f 2360/3787/3494 2359/3743/3454 2391/2770/2591 2392/3033/2845
f 2393/2769/2590 1633/2646/2466 1637/2650/2470 1646/2661/2479
f 2390/2768/2589 1629/2642/2462 1633/2646/2466 2393/2769/2590
f 2395/3032/2844 1650/3788/2491 1653/3745/2490 2363/3744/3455
f 2392/3033/2845 2395/3032/2844 2363/3744/3455 2360/3787/3494
f 2394/1038/993 2396/2002/1881 1605/2615/2435 1609/1039/994
f 1654/2684/2499 1601/2611/2431 1605/2615/2435 2396/2002/1881
f 1573/3789/2402 1572/3790/2401 1377/2307/2159 1376/2306/2158
f 1376/2306/2158 2397/3410/3183 1579/3791/2408 1573/3789/2402
f 2397/3410/3183 1365/2371/2218 1421/2370/2217 1579/3791/2408
f 1531/718/681 2398/3792/3495 1529/2521/2348 1528/719/682
f 1127/2034/1912 1126/2033/1911 2398/3792/3495 1531/718/681
f 3609/3559/3307 3608/3793/3496 3573/2340/2187 3569/3794/3497 3648/3795/3498 3647/3796/3499
f 1126/2033/1911 1125/2032/1910 2399/3557/3305 2398/3792/3495
f 1125/2032/1910 1433/2404/2242 2401/3553/3301 2399/3557/3305
f 1433/2404/2242 1434/2405/2243 1233/3554/3302 2401/3553/3301
f 2400/3556/3304 2402/1779/1681 2403/1782/1684 1527/3797/2347
f 1387/3798/2173 1386/3799/2172 1168/2085/1954 1171/721/684
f 2404/1633/1547 1525/1632/1546 1527/2520/2347 2403/3800/1684
f 1232/3801/1682 1234/3802/3303 2407/3803/3500 2406/3804/3501
f 1447/2418/2252 1446/2417/2251 2407/3803/3500 1234/3802/3303
f 1234/3555/3303 1233/3554/3302 1434/2405/2243 1447/3805/2252
f 1434/2405/2243 1073/1977/1857 1300/2239/2094 1447/3805/2252
f 1463/424/409 1068/1972/1852 2406/3804/3501 2407/3803/3500
f 2407/3803/3500 1446/2417/2251 1448/425/410 1463/424/409
f 3202/557/534 2871/3141/2941 2870/1736/1642 2873/1740/1646 2874/3806/3502 3201/3807/3503 3199/558/535
f 1068/1972/1852 1067/1635/1549 2405/1634/1548 2406/3804/3501
f 2408/1016/971 1065/1971/1851 1070/1975/1855 1517/1017/972
f 1203/2115/1981 1165/728/691 1164/727/690 1163/2070/1939 1450/2420/2254 1204/2116/1982
f 1512/2515/2342 1839/2514/2341 2409/3808/3504 1509/2516/2343
f 1418/2978/2795 1417/3809/3505 2409/3808/3504 1839/2514/2341
f 1080/2069/1863 1142/3810/1948 1505/2397/2236 1161/2066/1937
f 1492/3811/3506 1491/2478/2309 1494/2477/2308 1493/3812/3507
f 1483/2455/2286 1185/2099/1967 1186/2098/1966 1484/2456/2287
f 1486/3725/3442 1178/3813/3508 1185/2099/1967 1483/2455/2286
f 1710/2761/2571 1730/3814/2609 1473/3815/2610 1472/2762/2572
f 1248/2168/2029 1247/2167/2028 1730/3814/2609 1710/2761/2571
f 2884/350/335 2460/349/334 2459/3816/3509 2883/3817/3510
f 3719/702/669 3723/701/668 3722/3818/3511 3720/3819/3512
f 5110/2841/3513 5112/2840/3514 5113/2837/3515 5111/2836/3516 5109/2843/3517 5108/2842/3518
f 2413/1070/1025 1131/2038/1916 1130/2037/1915 2414/1071/1026
f 2413/1070/1025 1097/3820/3519 1095/2041/1404 1131/2038/1916
f 1326/2356/2203 2032/3821/3520 2033/3117/2917 1936/3116/2916 1325/2357/2204
f 1832/2972/2789 1106/2010/1888 1103/2009/1887 1101/2699/2508 1412/2363/2210 1414/2362/2209
f 3217/3590/3335 1865/3302/3086 1864/3388/2993 3216/3822/3267
f 1122/2029/1907 2335/3702/3425 1032/1944/1828 1031/1943/1827
f 1081/2068/1864 1162/2067/1938 2416/2462/2293 1076/3823/1860
f 2416/2462/2293 1444/2415/2249 1299/2414/2093 1076/3823/1860
f 1138/795/758 1140/794/757 2299/3644/3376 2298/3633/3365 2295/3630/3362 1134/2255/2110 1133/2254/2109 1136/2048/1920
f 1438/271/256 1316/2252/2107 1315/2251/2106 1439/1788/1689
f 1439/1788/1689 1315/2251/2106 1314/2250/2105 1357/1789/1690
f 2417/1790/1691 1166/723/686 1407/274/259 1437/1791/1692
f 2417/1790/1691 1357/1789/1690 1356/724/687 1166/723/686
f 134/203/191 282/465/448 285/464/447 426/3824/3521 135/204/192
f 2419/2490/2319 2418/684/651 1091/683/650 1093/2559/2384
f 2419/2490/2319 2420/3825/3522 1306/2243/2098 1308/2245/2100
f 1093/2559/2384 1220/3826/3523 2420/3825/3522 2419/2490/2319
f 2420/3825/3522 2421/3827/3524 1302/2240/2095 1306/2243/2098
f 2422/3828/3525 1303/2241/2096 1302/2240/2095 2421/3827/3524
f 2269/3583/3328 1362/2295/2147 1303/2241/2096 2422/3828/3525
f 2422/3829/3525 1221/3830/3526 1366/3831/3527 2269/3832/3328
f 2741/3833/3528 2791/3834/3529 3730/3835/3530 2479/3836/3531 2721/3837/3532
f 1392/2331/2180 1024/1930/1814 1369/1506/1429 1389/2328/2177
f 816/1684/1595 800/1589/1505 799/1588/1504 802/1591/1507 803/3838/3533
f 1313/3736/2104 1342/2282/2137 1343/2283/2138 1310/3526/2101
f 1399/2345/2192 1353/2292/2144 1314/2250/2105 1311/2247/2102
f 1375/2305/2157 1774/3411/3184 2397/3410/3183 1376/2306/2158
f 1187/2100/1968 1189/2102/1970 2319/3683/2883
f 1189/2102/1970 1361/3684/3411 2319/3683/2883
f 1356/724/687 1355/2294/2146 1288/2217/1950 1287/725/688
f 4694/3839/3534 4709/3840/3535 4712/3841/3536 4678/3842/3537
f 2309/3650/3382 1158/2064/1935 1157/2063/1934 1930/3114/2914
f 1179/3651/3383 2309/3650/3382 1930/3114/2914 1177/2097/1965
f 1084/1986/1866 1142/2079/1948 1160/2078/1947 1085/1987/1867
f 1161/2066/1937 1062/427/412 1061/426/411 1162/2067/1938
f 1130/2037/1915 1129/2040/1914 1100/3843/1400 1099/1482/1405
f 1047/1957/1838 1057/1089/1044 2373/3844/1016 1048/1958/1018
f 2411/1073/1028 2410/1072/1027 2415/3845/3538 2412/3846/3539
f 2120/3403/3176 2270/3847/3329 2269/3832/3328 1366/3831/3527
f 2271/3848/3330 2270/3847/3329 2120/3403/3176 1756/809/772
f 1038/1950/1834 2144/3432/3204 2139/2947/2764 2140/2946/2763
f 1038/1950/1834 2140/2946/2763 1466/2473/2304 1035/1947/1831
f 397/897/857 424/790/753 401/735/698 396/898/858
f 1293/2053/1924 1291/2052/1884 1060/1969/1849 1049/1959/1839
f 2199/3491/3252 1320/1313/1245 1319/1312/1244 2203/3849/3255
f 2215/1311/1243 2210/3503/3262 2205/3504/3257 2204/3850/3256
f 1319/1312/1244 2215/1311/1243 2204/3850/3256 2203/3849/3255
f 2271/3585/3330 2423/2998/2813 2266/3003/2818 2265/3582/3327
f 2271/3848/3330 1756/809/772 2268/3737/2814 2423/3851/2813
f 1077/2042/1861 1095/2041/1404 1094/3852/1873 1078/3853/1402
f 2570/3854/3540 2571/2930/2747 2568/1459/1386 2569/2497/1385 3575/2496/2325 2766/3855/3541
f 3379/3281/3066 3334/3856/3542 3342/2830/2648 3380/2829/2647
f 2426/3857/3543 2427/3858/3544 1029/1935/1819 1028/1934/1818
f 1033/1945/1829 1032/1944/1828 2428/3859/3545 2429/3860/3546
f 1037/1949/1833 1036/1948/1832 2430/3861/3547 2431/3862/3548
f 2432/3863/3549 2433/766/729 2434/765/728 2435/3864/3550
f 2436/3865/3551 2437/3866/733 2438/3867/3552 2439/884/846
f 2434/3868/728 2437/3866/733 2436/3865/3551 2435/3869/3550
f 2440/3870/3553 2432/3863/3549 2435/3864/3550 2441/3871/3554
f 2442/3872/3555 2443/3873/3556 2444/2212/2073 2445/3874/3557
f 2445/3874/3557 2444/2212/2073 2446/2815/2633 2447/2814/2632
f 2448/3875/3558 2449/3876/3559 2450/3877/3560 2451/2813/2631
f 2447/2814/2632 2451/2813/2631 2450/3877/3560 2445/3874/3557
f 2442/3872/3555 2445/3874/3557 2452/3878/3561 2453/3879/2084
f 2457/1657/1571 2458/1656/1570 2459/3816/3509 2460/349/334
f 2461/3880/3562 2457/1657/1571 2460/349/334 2462/348/333
f 2461/3880/3562 2463/1737/1643 2454/2634/2454 2833/2633/2453 2834/1654/1568 2457/1657/1571
f 3433/368/353 3422/367/352 3421/3571/3316 3432/2828/2646
f 2462/348/333 2464/1738/1644 2463/1737/1643 2461/3880/3562
f 1722/2779/2598 1174/2778/2597 1175/2781/2599 1176/2787/2605 1725/2785/2603
f 2478/3881/3563 2476/1179/1128 2474/1178/1127 2479/3836/3531
f 2480/3882/3564 2465/3883/3565 2481/3884/3566 2482/510/490
f 2415/3845/3538 1098/3885/3567 1099/1482/1405 1095/1481/1404 1097/3886/3519 2412/3887/3539
f 2481/3884/3566 2486/3888/2081 2483/511/491 2482/510/490
f 1813/2700/2509 1101/2699/2508 1103/2009/1887 1102/2008/1886 1814/2940/2757
f 2488/3889/3568 2490/2961/2778 2492/781/744 2489/780/743
f 2493/3890/3569 2494/3891/3570 2495/3892/3571 2496/3893/3572
f 2497/3894/3573 2493/3890/3569 2496/3893/3572 2498/3895/3574
f 2499/3896/3575 2500/3897/3576 2497/3894/3573 2498/3895/3574
f 2501/2465/2296 2502/2464/2295 2500/3897/3576 2499/3896/3575
f 2503/3898/3577 2504/3899/3578 2505/3900/3579
f 4335/3901/3580 4334/3902/3581 4333/3903/3582 4339/3904/3583 4338/3905/3584 4337/3906/3585
f 3509/175/163 3511/2463/2294 3510/2468/2299 3506/3907/3586 3505/176/164
f 2513/3908/3587 2514/700/667 2515/3909/3588 2510/3910/2498
f 2466/3911/2497 2482/3912/490 2513/3908/3587 2510/3910/2498
f 2976/3913/3589 2914/3097/2901 2912/1430/1358 2909/1429/1357 2972/2556/2381
f 3057/1515/1437 3257/1514/1436 3245/3914/3590 3259/3915/3591 3060/3916/3592 3059/3917/3593
f 1397/267/252 2245/740/703 2246/3548/3298 1393/3918/2181 1390/2334/2178 1396/268/253
f 2520/575/550 3031/2174/2035 3030/3919/3594 2724/3920/3595 3026/3921/3596 3028/524/504 3456/523/503 2522/1999/1878 2521/576/551
f 800/1589/1505 830/1658/1572 832/1006/961 796/1010/965 798/1587/1503
f 429/827/789 431/823/785 417/1990/1870 419/2529/2355 420/3508/3266
f 2529/3922/3597 2473/1183/1132 2472/1182/1131 2528/2059/1930
f 2530/3923/3598 2529/3922/3597 2528/2059/1930 2531/2481/2312
f 3262/3924/2530 3046/2730/2534 3045/3925/3599 3263/3926/3600
f 3042/3927/3601 3041/2395/2234 2627/2394/2233 2626/3928/3602 2625/3929/3603
f 2541/3930/3604 2542/3931/3605 2538/1335/1267 2540/1334/1266
f 2469/3932/3124 2545/3344/3123 2546/3933/3606 2470/3934/2079
f 2547/2855/2672 2548/3752/3461 2534/3935/663 2533/695/662
f 2560/3655/3385 2566/3936/3607 2561/3937/3608 2558/3938/3609 2559/3939/3610 3638/3940/3611 3640/3656/3386
f 2471/2220/2078 2486/2224/2081 2481/3941/3566 2465/3942/3565
f 2486/2224/2081 2544/2223/2080 2475/1181/1130 2477/1180/1129
f 2551/3943/3612 2552/3944/3613 2553/3945/3614 2554/3946/3615
f 3542/3947/3616 2697/3948/3617 2694/3949/3618 2695/3950/3619 2696/3951/3620 3543/3952/3621
f 2561/3937/3608 2562/3953/3622 2563/3102/2906 2564/3106/2910
f 2558/3938/3609 2561/3937/3608 2564/3106/2910 2565/3954/3623
f 2566/3936/3607 2567/3955/3624 2562/3953/3622 2561/3937/3608
f 1648/2663/2481 1650/3788/2491 2395/3032/2844 1647/2662/2480
f 729/3956/3625 743/1437/1364 744/1432/1359 607/1431/1106 606/3957/1105 608/3958/1107
f 2574/3959/3626 2572/1455/1382 2568/1459/1386
f 2568/1459/1386 2571/2930/2747 2575/2929/2746 2574/3959/3626
f 923/1766/1670 921/1485/1408 952/1484/1407 953/1823/1716 954/1812/1708
f 2579/3960/3627 2578/3961/3628 2581/3962/1713 2554/3963/3615
f 2582/3964/3629 2583/3246/3038 2584/3965/3630 2585/3966/3631
f 2586/3749/3458 2582/3964/3629 2585/3966/3631 2587/3750/3459
f 2588/3967/3037 2589/3968/3632 2584/3969/3630 2583/3970/3038
f 2550/2854/2671 2590/1898/1785 2591/1897/1784 2586/3749/3458
f 2591/1897/1784 2592/495/475 2582/3964/3629 2586/3749/3458
f 2592/495/475 2593/494/474 2583/3246/3038 2582/3964/3629
f 2600/3971/3633 2477/1180/1129 2476/1179/1128 2597/3972/3634
f 2476/1179/1128 2478/3881/3563 2598/3973/3635 2597/3972/3634
f 2584/3969/3630 2601/3974/3636 2602/3975/3637 2603/3976/3638
f 2601/3974/3636 2604/3977/3639 2605/3978/3640 2602/3975/3637
f 2606/2368/2215 2607/2367/2214 2608/3979/3641 2609/3980/3642
f 742/3981/1340 741/3982/1339 732/1204/1149 730/1203/1148 729/3956/3625 608/3958/1107
f 2182/3415/3188 2128/3414/3187 2129/1339/1271 2180/1338/1270
f 2614/3983/3643 2615/3984/3644 2616/3985/3645 2617/3986/3646
f 2615/3984/3644 2618/3987/3647 2619/3988/3648 2616/3985/3645
f 1243/2160/2024 1242/2159/2023 2620/3989/3649 2617/3990/3646
f 2617/3990/3646 2616/3991/3645 1244/2163/2025 1243/2160/2024
f 2616/3991/3645 2619/3992/3648 1245/2164/2026 1244/2163/2025
f 2621/3993/3650 2622/3994/3651 2623/3995/3652 2624/3996/3653
f 2625/3929/3603 2626/3928/3602 2624/3996/3653 2623/3995/3652
f 2628/2366/2213 2629/642/609 2630/641/608
f 3554/2408/2244 3556/2412/2248 2770/3997/3654 3552/3998/3655
f 2635/3999/3656 2631/3236/3030 2634/3235/3029 2636/4000/3657
f 2637/4001/3658 2638/552/529 2631/3236/3030 2635/3999/3656
f 2638/552/529 2639/551/528 2632/3237/3031 2631/3236/3030
f 2635/3999/3656 2640/4002/3659 2641/4003/3660 2637/4001/3658
f 2636/4000/3657 2642/4004/3661 2640/4002/3659 2635/3999/3656
f 2633/1896/1783 2643/1900/1787 2644/4005/3662 2634/3235/3029
f 2636/4000/3657 2634/3235/3029 2644/4005/3662 2642/4004/3661
f 2651/2433/2264 2648/3018/2830 2650/3017/2829 2498/3895/3574
f 2652/2432/2263 2645/3019/2831 2648/3018/2830 2651/2433/2264
f 2653/4006/3663 2650/3017/2829 2649/3016/2828 2654/4007/3664
f 2654/4007/3664 2501/2465/2296 2499/3896/3575 2653/4006/3663
f 2653/4006/3663 2499/3896/3575 2498/3895/3574 2650/3017/2829
f 1820/221/209 1826/220/208 1825/2963/2780 1821/2951/2768
f 2661/4008/3665 2662/4009/3666 2663/4010/3667 2664/4011/3668
f 2665/4012/3669 2666/4013/3670 2667/694/661 2668/693/660
f 2668/4014/660 2532/4015/659 2536/691/658 2665/4016/3669
f 2106/3366/3143 2107/2503/2330 1873/2506/2333 1874/3134/2934
f 1742/460/443 1743/2825/2643 1741/2869/2686 1738/2820/2638 1739/2821/2639 1740/2822/2640
f 1527/3797/2347 1526/2522/2346 1529/2521/2348 2398/3792/3495 2399/3557/3305 2400/3556/3304
f 2832/2226/2083 3709/2225/2082 3015/3423/3195 2831/3426/3198
f 2677/3347/3126 2468/3346/3125 2467/4017/3671 2678/4018/3672
f 1795/4019/3673 1794/4020/3674 1799/4021/3675 1962/1413/1341 1961/1414/1342 2017/4022/3676 1959/3259/3047
f 2680/4023/3677 2681/4024/3678 2682/4025/3679 2683/4026/3680
f 2680/4023/3677 2683/4026/3680 2684/4027/3681 2685/4028/3682
f 2086/2969/2786 2089/3339/3119 2101/3359/3138 2100/3362/3140 2099/1058/1013
f 2687/4029/3683 2688/4030/3684 2689/4031/3685 2690/4032/3686
f 2691/4033/3687 2692/4034/3688 2690/4032/3686 2689/4031/3685
f 2689/4031/3685 2688/4030/3684 2693/4035/3689 2691/4033/3687
f 2387/3778/3485 1625/2638/2458 1629/2642/2462 2390/2768/2589 2389/2767/2588 2384/3779/3486
f 506/3671/3399 476/3670/3398 466/942/900 465/941/899 467/943/901 442/920/879
f 3249/4036/3690 3250/4037/3691 3251/4038/3692 3248/4039/3693 3246/4040/3694
f 2707/2277/2132 2709/1521/1443 2710/643/610 2708/2278/2133
f 2714/4041/3695 2715/4042/3696 2716/4043/3697
f 2717/4044/3698 2716/4043/3697 2715/4042/3696 2718/4045/3699
f 2715/4042/3696 2714/4041/3695 2719/4046/3700 2720/4047/3701
f 2479/3836/3531 2474/1178/1127 2721/3837/3532
f 2473/1183/1132 2722/4048/3702 2721/3837/3532 2474/1178/1127
f 2723/4049/3703 2724/3920/3595 2725/4050/3704 2726/4051/3705
f 2726/4051/3705 2676/2234/2089 2675/2233/514 2723/4049/3703
f 2727/4052/3706 2728/4053/3707 2729/4054/3708 2730/4055/3709
f 2731/2852/2669 2728/4053/3707 2727/4052/3706 2732/4056/3710
f 2727/4052/3706 2730/4055/3709 2692/4034/3688 2732/4056/3710
f 1359/2424/2257 2733/2931/2748 2571/2930/2747 1360/3693/3416
f 2163/3455/3225 2132/1336/1268 2131/3418/3191 2134/3452/3222
f 25/4057/49 4/6/6 6/8/8 26/71/62 27/69/60 24/68/50
f 2424/4058/3711 2740/4059/3712 1025/1931/1815 2425/4060/3713
f 1367/2302/2154 1347/2287/2140 1346/2286/2139 1368/2303/2155 1026/1932/1816
f 2745/2348/2195 2748/2347/2194 2749/4061/3714 2750/4062/3715
f 2753/4063/3716 2754/4064/3717 2755/4065/3718 2756/4066/3719
f 2757/4067/3720 2758/4068/3721 2759/4069/3722 2756/4070/3719
f 2554/3963/3615 2758/4068/3721 2757/4067/3720 2579/3960/3627
f 2756/4066/3719 2759/4071/3722 2760/4072/3723 2753/4063/3716
f 2757/4067/3720 2761/4073/3724 2580/4074/3725 2579/3960/3627
f 2751/389/374 2761/4073/3724 2757/4067/3720 2756/4070/3719
f 2762/4075/2190 1391/2330/2179 1394/2333/2182 2763/4076/2185
f 1392/2331/2180 1391/2330/2179 2762/4075/2190 2764/4077/3726
f 2570/4078/3540 2766/4079/3541 2764/4080/3726 2762/2343/2190 2765/2342/2189 3610/3558/3306 3646/4081/3727
f 2690/4032/3686 2768/1664/1578 2769/1663/1577 2687/4029/3683
f 2034/4082/3728 2033/3117/2917 2032/3821/3520 2035/3272/3060 2036/3271/3059
f 2773/3358/3137 2774/2094/1962 2775/4083/3729 2643/1900/1787
f 4294/3232/3026 4293/866/2584 4265/867/2583 4266/868/2582 4267/4084/3730
f 2774/2094/1962 2773/3358/3137 2777/1470/1394 2776/1469/1393
f 3777/4085/3731 3780/4086/3732 3789/4087/3733 3802/4088/3734 3801/4089/3735 3788/4090/3736 3776/4091/3737
f 2786/777/740 2787/1625/1539 2785/1624/1538 2784/778/741
f 1413/2364/2211 1409/1902/1789 1410/1901/1788 1417/3809/3505 1418/2978/2795 1415/2365/2212
f 2686/4092/3738 2791/3834/3529 2741/3833/3528 2742/4093/3739
f 2792/4094/3740 2736/4095/3741 2737/4096/3742 2793/4097/3743
f 2595/4098/3744 2594/4099/3745 2736/4095/3741 2792/4094/3740
f 2794/4100/3746 2795/4101/3747 2796/4102/3748 2595/4103/3744
f 2797/4104/3749 2596/4105/3750 2595/4106/3744 2796/4107/3748
f 2792/4108/3740 2798/4109/3751 2794/4110/3746 2595/4111/3744
f 2793/4112/3743 2799/4113/3752 2798/4109/3751 2792/4108/3740
f 2685/4028/3682 2684/4027/3681 2791/3834/3529 2686/4092/3738
f 2654/4007/3664 2800/4114/3753 2801/2466/2297 2501/2465/2296
f 2649/3016/2828 2647/3015/2827 2800/4114/3753 2654/4007/3664
f 1440/3475/3241 1441/2486/2315 1430/2402/2240 1429/2401/2239
f 2805/4115/3754 1432/4116/2241 2803/1366/1294 2802/1365/1293
f 2466/2682/2497 2509/2681/2496 2806/4117/3755 2467/4017/3671
f 1412/2363/2210 1416/2698/2507 1411/4118/3756 1409/1902/1789 1413/2364/2211
f 2779/1465/1389 2778/1471/1395 2809/4119/3757 2808/1466/1390
f 2804/1367/1295 1443/4120/2311 2814/4121/2314 2812/1363/1291
f 2815/4122/3758 2677/4123/3126 2678/4124/3672 2816/4125/3759
f 2816/4125/3759 2678/4124/3672 2817/4126/3760 2818/4127/3761
f 2816/4125/3759 2818/4127/3761 2819/4128/3762 2815/4122/3758
f 2820/4129/3763 2821/3751/3460 2587/3750/3459 2585/3966/3631
f 2603/4130/3638 2820/4129/3763 2585/3966/3631 2584/3965/3630
f 2822/4131/3764 2733/2931/2748 1359/2424/2257 1452/2423/2256
f 2823/4132/3765 2553/4133/3614 2552/4134/3613 2824/4135/3766
f 2823/4132/3765 2760/4072/3723 2759/4071/3722 2553/4133/3614
f 2753/4063/3716 2760/4072/3723 2915/1426/1354
f 2827/4136/3767 2828/4137/3768 2825/535/512 2826/534/511
f 2831/3426/3198 2827/4136/3767 2826/534/511 2832/2226/2083
f 1461/2437/2268 1654/2684/2499 2396/2002/1881 1462/2001/1880
f 2211/3505/3263 2212/3506/3264 2217/1378/1306 2216/1377/1305 2213/3507/3265
f 2833/2633/2453 2836/2632/2452 2834/1654/1568
f 2836/2632/2452 2837/4138/3769 2835/1655/1569 2834/1654/1568
f 2838/2631/2451 2819/4128/3762 2837/4138/3769 2836/2632/2452
f 2807/371/356 2844/370/355 2589/3968/3632 2588/3967/3037
f 2845/4139/3770 2846/1520/1442 2555/1621/1535 2847/1620/1534
f 1474/4140/2278 2850/4141/3771 2851/2957/2774 1475/3005/2279
f 1481/4142/2285 2852/4143/3772 2850/4141/3771 1474/4140/2278
f 1480/4144/2284 2853/4145/3773 2852/4143/3772 1481/4142/2285
f 4377/4146/3774 4376/4147/3775 4385/4148/3776 4401/4149/3777 4399/4150/3778
f 2600/3971/3633 2597/3972/3634 2598/3973/3635 2599/4151/3779 2739/4152/3780 2738/4153/3781 2736/4095/3741 2594/4154/3745 2595/4106/3744 2596/4105/3750 2797/4104/3749 2897/4155/3782 2898/4156/3783
f 2427/3858/3544 2859/4157/3784 2860/4158/3785 1029/1935/1819
f 2860/4158/3785 2430/3861/3547 1036/1948/1832 1029/1935/1819
f 2859/4157/3784 2861/4159/3786 2841/1497/1420 2860/4158/3785
f 2504/3899/3578 2503/3898/3577 2861/4159/3786 2859/4157/3784
f 2841/1497/1420 2842/1496/1419 2430/3861/3547 2860/4158/3785
f 1498/2474/2305 2530/3923/3598 2531/2481/2312 1499/2475/2306
f 2473/1183/1132 2529/3922/3597 2862/4160/3787 2722/4048/3702
f 2857/4161/3788 2856/4162/3789 2858/4163/3790 2862/4160/3787
f 2862/4160/3787 2529/3922/3597 2530/3923/3598 2857/4161/3788
f 1498/2474/2305 1489/4164/3791 2857/4161/3788 2530/3923/3598
f 2814/2483/2314 1443/2480/2311 1499/2475/2306 2531/2481/2312
f 3440/3135/2935 1874/3134/2934 1873/2506/2333 3441/4165/3792
f 2863/4166/2313 2864/2488/2317 2812/1363/1291 2814/4121/2314
f 2527/4167/1929 2865/2057/1928 2864/2488/2317 2863/4166/2313
f 3272/4168/3793 3271/1013/968 3427/1012/967 3426/4169/3794 3420/4170/3795 3425/3350/3129
f 2867/2056/1927 2868/1964/1844 2866/1963/1843 2865/2057/1928
f 2867/2056/1927 2546/3933/3606 2455/2629/2449 2868/1964/1844
f 5209/4171/3796 5208/4172/3797 5232/4173/3798 5234/4174/3799 5217/4175/3800
f 4608/4176/3801 4618/4177/3802 4611/4178/3803 4610/4179/3804 4609/4180/3805
f 2409/3808/3504 1417/3809/3505 1410/1901/1788 1514/1905/1792
f 1509/2516/2343 1513/2502/2329 1072/1976/1856 1071/1973/1853 1508/2517/2344
f 1508/2517/2344 1071/1973/1853 1063/423/408 1507/422/407 1510/811/774 1511/810/773
f 2491/2962/2779 2490/2961/2778 2488/3889/3568 3177/4181/3806 3179/4182/3807
f 2686/4092/3738 3599/4183/3808 3580/4184/3809 2681/4024/3678 2680/4023/3677 2685/4028/3682
f 572/1162/132 573/1161/1111 249/483/463 295/475/455 248/474/134 247/4185/133
f 2883/3817/3510 2577/4186/3810 2885/4187/3811 2884/350/335
f 2880/351/336 2884/350/335 2885/4187/3811 2881/4188/3812
f 2886/3512/3268 2888/3517/3272 2889/4189/1714 2887/4190/3813
f 2889/4189/1714 2581/3962/1713 2578/3961/3628 2887/4190/3813
f 679/1318/1250 677/1542/1463 678/1290/1226 674/829/791 673/835/797 675/1319/1251
f 2890/1819/1712 2551/3943/3612 2554/3946/3615 2581/1820/1713
f 2891/4191/3814 2551/3943/3612 2890/1819/1712 2892/1818/1711
f 2893/4192/3815 2891/4191/3814 2892/1818/1711 2894/4193/3816
f 2895/4194/3817 2552/3944/3613 2551/3943/3612 2896/4195/3818
f 2796/4107/3748 2895/4194/3817 2896/4195/3818 2797/4104/3749
f 2897/4155/3782 2512/2679/2494 2511/2678/2493 2898/4156/3783
f 2510/2683/2498 2515/4196/3588 2600/3971/3633 2898/4156/3783
f 2898/4156/3783 2511/2678/2493 2510/2683/2498
f 2515/4196/3588 2486/2224/2081 2477/1180/1129 2600/3971/3633
f 2897/4155/3782 2893/4192/3815 2894/4193/3816 2512/2679/2494
f 2899/4197/3819 2824/4135/3766 2552/4134/3613 2895/4198/3817
f 2900/4199/3820 2901/4200/3821 2902/3038/2850 2903/4201/3822
f 2904/4202/3823 2900/4199/3820 2903/4201/3822 2905/4203/3824
f 2824/4135/3766 2899/4197/3819 2900/4199/3820 2904/4202/3823
f 1598/2606/2426 1544/2608/2428 1545/2555/2380 1543/2554/2379 1607/2617/2437
f 2905/4203/3824 2903/4201/3822 2907/2718/2522 2906/2557/2382
f 2906/2557/2382 2909/1429/1357 2910/1428/1356 2905/4203/3824
f 2904/4202/3823 2911/1427/1355 2823/4132/3765 2824/4135/3766
f 2905/4203/3824 2910/1428/1356 2911/1427/1355 2904/4202/3823
f 3927/4204/3825 3902/4205/3826 3900/4206/3827 3901/4207/3828 3906/4208/3829
f 2915/1426/1354 2919/3101/2905 2754/4064/3717 2753/4063/3716
f 2920/4209/3830 2921/4210/3831 2922/4211/3832 2923/4212/3833
f 2916/3099/2903 2920/4209/3830 2923/4212/3833 2917/3100/2904
f 2918/3098/2902 2924/4213/3834 2920/4209/3830 2916/3099/2903
f 2924/4213/3834 2925/4214/3835 2921/4210/3831 2920/4209/3830
f 2922/4211/3832 2921/4210/3831 2926/4215/3836 2927/4216/3837
f 2925/4214/3835 2928/4217/3838 2926/4215/3836 2921/4210/3831
f 2929/4218/3839 2930/4219/3840 2931/4220/3841 2932/4221/3842
f 2927/4216/3837 2929/4218/3839 2932/4221/3842 2922/4211/3832
f 2930/4219/3840 2933/4222/3843 2934/4223/3844 2931/4220/3841
f 2935/4224/3845 2936/4225/3846 2937/4226/3847 2938/4227/3848
f 2939/4228/3849 2935/4224/3845 2938/4227/3848 2799/4113/3752
f 2930/4219/3840 2929/4218/3839 2935/4224/3845 2939/4228/3849
f 2929/4218/3839 2927/4216/3837 2936/4225/3846 2935/4224/3845
f 2939/4228/3849 2940/4229/3850 2933/4222/3843 2930/4219/3840
f 2799/4113/3752 2793/4112/3743 2940/4229/3850 2939/4228/3849
f 2941/4230/3851 2926/4215/3836 2928/4217/3838 2942/4231/3852
f 2943/4232/3853 2941/4230/3851 2942/4231/3852 2944/4233/3854
f 2936/4225/3846 2941/4230/3851 2943/4232/3853 2937/4226/3847
f 2927/4216/3837 2926/4215/3836 2941/4230/3851 2936/4225/3846
f 2945/4234/3855 2946/4235/3856 2947/4236/2847 2948/4237/2846
f 2949/4238/3857 2945/4234/3855 2948/4237/2846 2950/4239/2851
f 2937/4226/3847 2943/4232/3853 2945/4234/3855 2949/4238/3857
f 2943/4232/3853 2944/4233/3854 2946/4235/3856 2945/4234/3855
f 2951/4240/3858 2798/4109/3751 2799/4113/3752 2938/4227/3848
f 2949/4238/3857 2951/4240/3858 2938/4227/3848 2937/4226/3847
f 2950/4239/2851 2952/4241/3859 2951/4240/3858 2949/4238/3857
f 2952/4241/3859 2794/4110/3746 2798/4109/3751 2951/4240/3858
f 3441/4165/3792 1873/2506/2333 1872/2505/2332 3444/3547/3297
f 2952/4242/3859 2901/4200/3821 2795/4101/3747 2794/4100/3746
f 2952/4242/3859 2950/3039/2851 2902/3038/2850 2901/4200/3821
f 2947/3035/2847 2955/4243/3860 2956/4244/3861 2954/3036/2848
f 2957/4245/3862 2958/4246/3863 2956/4244/3861 2955/4243/3860
f 2956/4244/3861 2959/2717/2521 2908/2719/2523 2954/3036/2848
f 2958/4246/3863 2960/4247/3864 2959/2717/2521 2956/4244/3861
f 2907/2718/2522 2903/4201/3822 2902/3038/2850 2953/3037/2849
f 2908/2719/2523 2907/2718/2522 2953/3037/2849 2954/3036/2848
f 2961/4248/3865 2962/4249/3866 2963/4250/3867 2964/4251/3868
f 2960/4247/3864 2958/4246/3863 2962/4249/3866 2961/4248/3865
f 2961/4248/3865 2965/4252/3869 2966/4253/3870 2960/4247/3864
f 2964/4251/3868 2967/4254/3871 2965/4252/3869 2961/4248/3865
f 2960/4247/3864 2966/4253/3870 2968/2558/2383 2959/2717/2521
f 2969/4255/3872 2970/4256/3873 2966/4253/3870 2965/4252/3869
f 2967/4254/3871 2971/3765/3472 2969/4255/3872 2965/4252/3869
f 2972/2556/2381 2968/2558/2383 2966/4253/3870 2970/4256/3873
f 2973/4257/3874 2974/4258/3875 2970/4256/3873 2969/4255/3872
f 2971/3765/3472 2975/3764/3471 2973/4257/3874 2969/4255/3872
f 2974/4258/3875 2976/3913/3589 2972/2556/2381 2970/4256/3873
f 2973/4257/3874 2977/4259/3876 2978/4260/3877 2974/4258/3875
f 2975/3764/3471 2979/3767/3474 2977/4259/3876 2973/4257/3874
f 2976/3913/3589 2980/4261/3878 2918/3098/2902 2914/3097/2901
f 2974/4258/3875 2978/4260/3877 2980/4261/3878 2976/3913/3589
f 2981/4262/3879 2982/4263/3880 2983/4264/3881 2984/4265/3882
f 4618/4177/3802 4608/4176/3801 4606/4266/3883 4605/4267/3884 4607/4268/2948 4642/4269/2947 4643/4270/3885 4619/4271/3886
f 2979/3767/3474 2985/4272/3887 2981/4262/3879 2977/4259/3876
f 2985/4272/3887 2986/3783/3490 2982/4263/3880 2981/4262/3879
f 2987/4273/3888 2988/4274/3889 2925/4214/3835 2924/4213/3834
f 2980/4261/3878 2987/4273/3888 2924/4213/3834 2918/3098/2902
f 2984/4265/3882 2983/4264/3881 2988/4274/3889 2987/4273/3888
f 2982/4263/3880 2989/4275/3890 2990/4276/3891 2983/4264/3881
f 2986/3783/3490 2991/3782/3489 2989/4275/3890 2982/4263/3880
f 2988/4274/3889 2992/4277/3892 2928/4217/3838 2925/4214/3835
f 2983/4264/3881 2990/4276/3891 2992/4277/3892 2988/4274/3889
f 2993/4278/3893 2994/4279/3894 2995/4280/3895 2996/4281/3896
f 2989/4275/3890 2993/4278/3893 2996/4281/3896 2990/4276/3891
f 2991/3782/3489 2997/4282/3897 2993/4278/3893 2989/4275/3890
f 2997/4282/3897 2998/4283/3898 2994/4279/3894 2993/4278/3893
f 2999/4284/3899 3000/4285/3900 2944/4233/3854 2942/4231/3852
f 2992/4277/3892 2999/4284/3899 2942/4231/3852 2928/4217/3838
f 2990/4276/3891 2996/4281/3896 2999/4284/3899 2992/4277/3892
f 2996/4281/3896 2995/4280/3895 3000/4285/3900 2999/4284/3899
f 3001/4286/3901 3002/4287/3902 2957/4288/3862 3003/4289/3903
f 2994/4279/3894 3001/4286/3901 3003/4289/3903 2995/4280/3895
f 2998/4283/3898 3004/4290/3904 3001/4286/3901 2994/4279/3894
f 3004/4290/3904 3005/4291/3905 3002/4287/3902 3001/4286/3901
f 3006/4292/3906 2946/4235/3856 2944/4233/3854 3000/4285/3900
f 3006/4292/3906 3000/4285/3900 2995/4280/3895 3003/4289/3903
f 2955/4293/3860 3006/4292/3906 3003/4289/3903 2957/4288/3862
f 2955/4293/3860 2947/4236/2847 2946/4235/3856 3006/4292/3906
f 3173/3179/2979 3174/4294/3907 3172/4295/3908 3171/3180/2980
f 3008/2666/2484 3007/2665/2483 3005/4291/3905 3004/4290/3904
f 3009/2668/2486 3008/2666/2484 3004/4290/3904 2998/4283/3898
f 2130/2257/2112 1132/2256/2111 1135/3634/3366 2131/3418/3191
f 3007/4296/2483 3010/3424/3196 2963/4250/3867 3005/4297/3905
f 646/1221/1166 463/939/897 643/1220/1165 644/1224/1169 645/1223/1168
f 3002/4298/3902 2962/4249/3866 2958/4246/3863 2957/4245/3862
f 3005/4297/3905 2963/4250/3867 2962/4249/3866 3002/4298/3902
f 3011/4299/2482 3013/4300/843 3014/4301/3909 3012/3425/3197
f 1649/2670/2488 1654/2684/2499 1461/2437/2268 1651/2677/2492
f 2827/4136/3767 2831/3426/3198 3012/3425/3197 3014/4301/3909
f 3010/3424/3196 3015/3423/3195 2964/4251/3868 2963/4250/3867
f 3013/4300/843 3016/4302/842 3017/4303/3910 3014/4301/3909
f 3014/4301/3909 3017/4303/3910 2828/4137/3768 2827/4136/3767
f 3016/4302/842 3018/4304/3911 3019/2691/2504 3017/4303/3910
f 3017/4303/3910 3019/2691/2504 3020/2690/2503 2828/4137/3768
f 3020/2690/2503 3022/2689/2502 3023/4305/3912 3024/4306/3913
f 3024/4306/3913 2825/535/512 2828/4137/3768 3020/2690/2503
f 2769/1663/1577 2771/1668/1582 2772/4307/3914 3546/4308/3915 3552/4309/3655 2770/4310/3654 2687/4029/3683
f 3024/4306/3913 3023/4305/3912 3026/4311/3596 3025/4312/3916
f 2674/536/513 2723/4313/3703 2675/537/514
f 819/4314/3917 828/4315/1567 826/4316/1560 825/1682/1559 827/1681/1593
f 3023/4317/3912 3029/525/505 3028/524/504 3026/3921/3596
f 965/1836/1729 968/1850/1742 978/1849/1741 961/1833/1726 960/1832/1725
f 3031/2174/2035 2725/4050/3704 2724/3920/3595 3030/3919/3594
f 709/1147/1099 757/1208/1153 756/1207/1152 708/1474/1397
f 3034/4318/3918 2725/4050/3704 3031/2174/2035 3033/2173/2034
f 3035/4319/3919 3036/4320/3920 3033/2173/2034 3032/2172/2033
f 2524/1333/1265 2543/1332/1264 3035/4319/3919 3032/2172/2033
f 3036/4320/3920 3037/4321/3921 3034/4318/3918 3033/2173/2034
f 2622/4322/3651 3038/4323/3922 3037/4321/3921 2623/4324/3652
f 3037/4321/3921 3038/4323/3922 3039/4325/3923 3034/4318/3918
f 3036/4320/3920 3040/4326/3924 2623/4324/3652 3037/4321/3921
f 3035/4319/3919 2543/1332/1264 3041/4327/2234 3042/4328/3601
f 3036/4320/3920 3035/4319/3919 3042/4328/3601 3040/4326/3924
f 3040/4329/3924 3042/3927/3601 2625/3929/3603 2623/3995/3652
f 4256/4330/3925 4258/4331/3926 4260/4332/3927 4242/4333/3928 4244/4334/3929
f 3043/2396/2235 3263/3926/3600 3045/3925/3599 3047/4335/3930 3044/2393/2232
f 4285/863/2576 4286/864/2586 4287/4336/3931 4283/4337/3932 4281/862/2577
f 260/4338/414 263/4339/413 266/3254/417 309/503/483 311/505/485 259/420/405 258/419/404 578/1117/1072 622/1177/1126 581/4340/1074 579/4341/1073
f 784/1576/1493 804/4342/3933 805/4343/3934 782/1567/1484 781/1566/1483
f 2606/2368/2215 2609/3980/3642 3049/2729/2533 3050/4344/3935
f 3051/4345/3936 3052/3107/2911 3053/3046/2855 3054/3049/2858
f 3054/3049/2858 2606/2368/2215 3050/4344/3935 3051/4345/3936
f 3462/4346/3937 3518/4347/3938 3512/4348/3939 3459/4349/3940 3458/2000/1879
f 3057/1515/1437 2628/2366/2213 3055/3048/2857 3058/1516/1438
f 1696/2748/2552 1924/3095/2899 1923/3094/2898 1697/2749/2553
f 2628/2366/2213 3057/1515/1437 3059/3917/3593 2629/642/609
f 3061/2128/1992 2629/642/609 3059/3917/3593 3062/2129/1993
f 3062/2129/1993 3059/3917/3593 3060/3916/3592 3063/4350/1994
f 3064/639/606 3065/1618/1532 2607/2367/2214 3066/640/607
f 3065/1618/1532 3068/4351/3941 2608/3979/3641 2607/2367/2214
f 3069/4352/3942 3065/1618/1532 3070/1617/1531 3071/4353/3943
f 3071/4353/3943 3070/1617/1531 2849/1616/1530 3072/4354/3944
f 3071/4353/3943 3072/4354/3944 2621/3993/3650 3069/4352/3942
f 3069/4352/3942 3073/4355/3945 3068/4351/3941 3065/1618/1532
f 2624/3996/3653 3073/4355/3945 3069/4352/3942 2621/3993/3650
f 3074/4356/3946 2626/3928/3602 2627/2394/2233 3075/4357/3947
f 3075/4357/3947 3068/4351/3941 3073/4355/3945 3074/4356/3946
f 3074/4356/3946 3073/4355/3945 2624/3996/3653 2626/3928/3602
f 3047/4335/3930 3075/4357/3947 2627/2394/2233 3044/2393/2232
f 3068/4351/3941 3075/4357/3947 3047/4335/3930 2608/3979/3641
f 749/1447/1374 457/935/893 455/933/891 527/1321/1253 597/2793/2611 598/1143/1095 596/1140/1092 595/1139/1091
f 2710/643/610 2709/1521/1443 2846/1520/1442 3067/638/605
f 1902/913/872 1905/2745/2549 1700/2752/2556 1330/914/873
f 3061/2128/1992 2708/2278/2133 2710/643/610 2629/642/609
f 1329/4358/874 1332/2774/2128 1716/2739/2543 1715/917/876 1333/916/875
f 3078/3081/2885 3080/1523/1445 3077/1522/1444 2709/3723/1443
f 3078/3081/2885 3081/3080/2884 3082/4359/3948 3080/1523/1445
f 3083/1519/1441 3084/4360/3949 3085/2087/1956 2556/2091/1959
f 3080/1523/1445 3082/4359/3948 3084/4360/3949 3083/1519/1441
f 2555/2090/1535 2846/4361/1442 3083/1519/1441 2556/2091/1959
f 3084/4360/3949 3086/3419/3192 3087/3421/3194 3085/2087/1956
f 3082/4359/3948 2704/2258/2113 3086/3419/3192 3084/4360/3949
f 3087/3421/3194 2672/2236/2091 3088/2088/1957 3085/2087/1956
f 2672/2236/2091 2671/2235/2090 3089/4362/3950 3088/2088/1957
f 3088/2088/1957 3089/4362/3950 3090/4363/3951 2557/2089/1958
f 3091/4364/3952 3039/4325/3923 3038/4323/3922 3092/4365/3953
f 3089/4362/3950 3091/4364/3952 3092/4365/3953 3090/4363/3951
f 3092/4365/3953 3038/4323/3922 2622/4322/3651 3093/4366/3954
f 3090/4363/3951 3092/4365/3953 3093/4366/3954 2848/4367/1536
f 2848/4367/1536 2555/2090/1535 2557/2089/1958 3090/4363/3951
f 752/3674/3402 515/3673/3401 496/3672/3400 506/3671/3399 442/920/879 441/919/878 488/970/925 486/961/917 487/962/918
f 2276/3601/3343 2236/3533/3285 1240/2157/2021 2237/3539/3291 2338/4368/3428 2336/3711/3426
f 3094/3420/3193 2673/2237/2092 2672/2236/2091 3087/3421/3194
f 2443/3873/3556 2442/3872/3555 2673/2237/2092 3094/3420/3193
f 3094/3420/3193 3095/2806/2624 3096/2805/2623 2443/3873/3556
f 5051/4369/3955 5034/4370/3956 5033/4371/3957 5049/4372/3958 5050/1526/1448
f 2655/2208/2069 2444/2212/2073 2443/3873/3556 3096/2805/2623
f 585/909/868 583/4373/1077 581/4340/1074 622/1177/1126 621/1176/1125 623/910/869
f 2656/2211/2072 3097/2816/2634 2446/2815/2633 2444/2212/2073
f 993/1879/1767 973/1843/1736 972/1842/1735 990/1869/1761 991/1890/1777 992/4374/3959 994/1894/1781 995/1876/1768
f 3100/4375/3960 2448/3875/3558 2451/2813/2631 3099/2812/2630
f 3101/4376/3961 3102/4377/3962 2448/3875/3558 3100/4375/3960
f 3103/3437/3209 3104/3436/3208 3102/4377/3962 3101/4376/3961
f 3104/3436/3208 2432/3863/3549 2440/3870/3553 3102/4377/3962
f 2440/3870/3553 2449/3876/3559 2448/3875/3558 3102/4377/3962
f 3104/3436/3208 3106/767/730 2433/766/729 2432/3863/3549
f 3110/2436/2267 3111/2435/2266 3112/4378/3963
f 3111/2435/2266 3113/2434/2265 3114/769/732 3107/768/731 3112/4378/3963
f 3364/4379/3964 3446/2459/2290 3273/3267/3055 3365/1494/1417 3363/1493/1416
f 3113/2434/2265 2651/2433/2264 2498/3895/3574 2496/3893/3572
f 3114/769/732 3113/2434/2265 2496/3893/3572 2495/3892/3571
f 815/1614/1529 793/1584/1501 832/1006/961 830/1658/1572 813/1612/1527
f 3450/3163/2963 3298/3161/2961 3448/1594/1510 3346/3104/2908 3449/4380/3965
f 2495/3892/3571 2438/4381/3552 2437/770/733 3114/769/732
f 2645/3019/2831 2652/2432/2263 3110/2436/2267 3115/4382/3966
f 2646/3020/2832 2645/3019/2831 3115/4382/3966 3116/4383/3967
f 3115/4382/3966 3117/4384/3968 3119/4385/3969 3116/4383/3967
f 3120/4386/3970 3117/4384/3968 3115/4382/3966 3110/2436/2267
f 3120/4386/3970 3109/4387/3971 3118/4388/3972 3117/4384/3968
f 838/1675/1588 837/1674/1587 836/1662/1576 766/1549/1469 773/1558/1476 839/1670/1584
f 3109/4387/3971 3108/3435/3207 3121/4389/3973 3118/4388/3972
f 3108/3435/3207 3105/3434/3206 3122/4390/3974 3121/4389/3973
f 3125/4391/3975 3122/4390/3974 3105/3434/3206 3103/3437/3209
f 3126/4392/3976 3123/4393/3977 3122/4390/3974 3125/4391/3975
f 3125/4391/3975 3127/4394/3978 3128/4395/3979 3126/4392/3976
f 3101/4376/3961 3127/4394/3978 3125/4391/3975 3103/3437/3209
f 3129/4396/3980 3130/4397/3981 3123/4393/3977 3126/4392/3976
f 3130/4397/3981 3131/4398/3982 3124/4399/3983 3123/4393/3977
f 3126/4392/3976 3128/4395/3979 3134/4400/3984 3129/4396/3980
f 3128/4395/3979 3136/4401/3985 3135/4402/3986 3134/4400/3984
f 3136/4401/3985 3128/4395/3979 3127/4394/3978 3137/4403/3987
f 3100/4375/3960 3137/4403/3987 3127/4394/3978 3101/4376/3961
f 3138/4404/3988 3099/2812/2630 3098/2817/2635 3139/4405/3989
f 3140/4406/3990 3138/4404/3988 3139/4405/3989 3141/4407/3991
f 3136/4401/3985 3137/4403/3987 3138/4404/3988 3140/4406/3990
f 3137/4403/3987 3100/4375/3960 3099/2812/2630 3138/4404/3988
f 3139/4405/3989 3098/2817/2635 3097/2816/2634 3142/4408/3992
f 3141/4407/3991 3139/4405/3989 3142/4408/3992 3143/4409/3993
f 2660/2210/2071 3142/4408/3992 3097/2816/2634 2656/2211/2072
f 2660/2210/2071 2659/3143/2943 3143/4409/3993 3142/4408/3992
f 3143/4409/3993 2659/3143/2943 3145/1325/1257 3144/382/367
f 3144/382/367 3146/381/366 3141/4407/3991 3143/4409/3993
f 2858/4163/3790 2856/4162/3789 2857/4161/3788 1489/4164/3791 1492/3811/3506 1493/3812/3507
f 3149/4410/3994 3135/4402/3986 3136/4401/3985 3140/4406/3990
f 3146/381/366 3149/4410/3994 3140/4406/3990 3141/4407/3991
f 1231/4411/1683 1232/3801/1682 2406/3804/3501 2405/1634/1548 2404/1633/1547 2403/3800/1684
f 1962/1413/1341 1799/4021/3675 1796/2924/2741 1797/2923/2740 1798/848/810 1963/847/809
f 2302/3643/3375 2300/3635/3367 2296/3631/3363 2297/3632/3364 2298/3633/3365 2299/3644/3376
f 3160/840/802 3162/4412/3995 3161/2025/1903 3157/841/803
f 3160/840/802 3163/4413/3996 3164/4414/3997 3162/4412/3995
f 3162/4412/3995 3164/4414/3997 3165/3311/3095 3166/4415/3998
f 1523/2518/2345 1520/2513/2340 1804/2927/2744 1801/2922/2739 1800/2921/2738
f 3166/4415/3998 3165/3311/3095 2882/3310/3094 2881/4188/3812
f 3167/2026/1904 2885/4187/3811 2577/4186/3810 2576/2027/1905
f 3164/4414/3997 3168/4416/3999 3169/3312/3096 3165/3311/3095
f 1519/2512/2339 1516/1903/1790 1409/1902/1789 1411/4118/3756 1806/2935/2752 1805/2928/2745
f 3580/4184/3809 3581/4417/4000 2734/3379/3156 2735/3378/3155 2682/4025/3679 2681/4024/3678
f 2176/3159/2959 2178/1337/1269 2132/1336/1268 2163/3455/3225 2165/3457/3227 2177/3471/3237
f 1811/2701/2510 1812/3184/2984 1810/3172/2972 1809/2702/2511
f 2784/778/741 2788/2361/2208 3172/4295/3908 3174/4294/3907 3175/4418/4001 2487/779/742
f 3174/4294/3907 3176/4419/4002 3177/4181/3806 3175/4418/4001
f 1297/620/590 1455/619/589 1456/2007/1885 1291/2006/1884 1296/2696/1923
f 3176/4419/4002 3178/4420/4003 3179/4182/3807 3177/4181/3806
f 1104/219/207 1105/222/210 1816/2942/2759 1814/2940/2757 1102/2008/1886
f 3178/4420/4003 3180/4421/4004 3181/4422/4005 3179/4182/3807
f 3179/4182/3807 3181/4422/4005 3182/2959/2776 2491/2962/2779
f 3181/4422/4005 3183/4423/4006 3184/2955/2772 3182/2959/2776
f 3183/4423/4006 3185/4424/4007 3186/2956/2773 3184/2955/2772
f 5187/1926/1812 5152/1925/1811 5153/4425/4008 5151/4426/4009 5186/4427/4010
f 5117/4337/4011 5119/4336/4012 5120/864/826 5118/863/825 5114/862/824
f 1137/2044/1918 1136/2048/1920 2126/3417/3190 2125/3413/3186 2122/1191/1140
f 3187/2958/2775 2851/2957/2774 2850/4141/3771 3189/4428/4013
f 3188/2960/2777 3187/2958/2775 3189/4428/4013 3190/2971/2788
f 3190/2971/2788 2492/781/744 2490/2961/2778 3188/2960/2777
f 3191/4429/4014 2852/4143/3772 2853/4145/3773 3192/4430/4015
f 1828/2965/2782 1831/2975/2792 1830/2967/2784 1829/2966/2783 1827/2964/2781
f 3189/4428/4013 2850/4141/3771 2852/4143/3772 3191/4429/4014
f 1033/1945/1829 2429/3860/3546 2426/3857/3543 1028/1934/1818
f 3194/776/739 3193/2970/2787 3195/4431/4016 3196/4432/4017
f 3196/4432/4017 2787/1625/1539 2786/777/740 3194/776/739
f 3372/4433/4018 3374/4434/4019 3375/1592/1508 3360/4435/4020 3359/3266/3054 3370/3265/3053
f 3196/4432/4017 3195/4431/4016 3197/4436/4021 3198/4437/4022
f 3196/4432/4017 3198/4437/4022 2790/1626/1540 2787/1625/1539
f 205/4438/4023 206/853/815 203/900/860 204/2850/2668
f 3198/4437/4022 3197/4436/4021 3200/555/532 3199/558/535
f 3198/4437/4022 3199/558/535 3201/3807/3503 2790/1626/1540
f 3200/555/532 3212/2983/2800 3206/1967/1847 2872/1966/1846 2871/3141/2941 3202/557/534 3203/556/533
f 2676/2234/2089 2726/4051/3705 2725/4050/3704 2671/2235/2090
f 2048/1461/1387 2000/3299/3005 2052/3297/3082 2049/637/604 2050/636/603
f 3206/1967/1847 3205/2986/2803 2805/4115/3754 2802/1365/1293
f 3204/2985/2802 1846/2990/2805 1845/4439/2804 3205/2986/2803
f 817/1683/1594 818/4440/4024 819/4314/3917 827/1681/1593
f 1847/2989/2806 3207/2984/2801 3208/4441/4025 1849/4442/2807
f 1849/4442/2807 3208/4441/4025 3209/4443/4026 1851/4444/2809
f 1851/4444/2809 3209/4443/4026 2853/4145/3773 1480/4144/2284
f 3210/4445/4027 3197/4436/4021 3195/4431/4016 3211/4446/4028
f 3208/4441/4025 3210/4445/4027 3211/4446/4028 3209/4443/4026
f 3211/4446/4028 3195/4431/4016 3193/2970/2787 3192/4430/4015
f 3209/4443/4026 3211/4446/4028 3192/4430/4015 2853/4145/3773
f 3212/2983/2800 3200/555/532 3197/4436/4021 3210/4445/4027
f 3207/2984/2801 3212/2983/2800 3210/4445/4027 3208/4441/4025
f 1857/4447/2820 3185/4424/4007 3213/4448/4029 1858/4449/2821
f 1858/4449/2821 3213/4448/4029 3214/3013/2825 1860/3012/713
f 4132/4450/4030 4134/4451/4031 4183/4452/4032 4136/4453/4033 4133/4454/4034 4130/4455/4035
f 3377/3276/3064 3348/2833/2651 3345/2832/2650 3347/1593/1509 3375/1592/1508 3374/4434/4019
f 153/301/286 179/300/285 177/539/516 322/2385/2228 323/2384/2227
f 1318/1309/1241 2219/3518/3273 2217/1378/1306 2212/3506/3264 2214/1310/1242
f 1196/1639/1553 1195/1638/1552 1523/2518/2345 1800/2921/2738 1198/4456/4036
f 2110/2504/2331 2064/1537/1459 1871/1305/1237 1872/2505/2332
f 3369/3264/3052 3368/3263/3051 3417/3327/3108 3416/3332/3113
f 2104/687/654 2106/3366/3143 1874/3134/2934 1875/688/655
f 4196/4457/4037 4198/4458/4038 4214/4459/4039 4159/4460/4040 4215/4461/4041
f 3949/4462/4042 3987/4463/4043 3989/4464/4044 3992/4465/4045 3993/4466/4046
f 221/476/456 222/1080/1035 219/453/436 216/356/341 214/354/339 218/364/349
f 1880/2827/2645 2098/4467/4047 2097/1057/1012 1879/1060/1015
f 1881/3372/3149 2111/3371/3148 2098/4467/4047 1880/2827/2645 1882/4468/4048
f 1884/3052/2861 3222/4469/4049 2712/3061/2868 1334/2738/2542
f 2809/4119/3757 3728/4470/4050 2732/4056/3710 2810/4471/4051 2811/1467/1391 2808/1466/1390
f 3222/4469/4049 3223/4472/4052 3225/3062/2869 2712/3061/2868
f 2576/2027/1905 2579/3960/3627 2580/4074/3725 2761/4073/3724 2751/389/374 3155/388/373 3156/1324/1256
f 3227/3220/3014 3228/3063/2870 3225/3062/2869 3224/3064/2871
f 743/1437/1364 729/3956/3625 730/1203/1148 726/1202/1147 745/1435/1362
f 3224/3064/2871 3229/2359/2206 3230/3221/3015 3227/3220/3014
f 3229/2359/2206 3233/1011/966 3234/3222/3016 3230/3221/3015
f 1509/2516/2343 2409/3808/3504 1514/1905/1792 1513/2502/2329
f 3185/4424/4007 1857/3006/2820 1824/2954/2771 1823/2953/2770 1856/3004/2819 3186/2956/2773
f 3239/3085/2889 3240/4473/4053 2705/2259/2114 3081/3080/2884
f 3237/3084/2888 3236/3223/3017 3240/4473/4053 3239/3085/2889
f 2704/2258/2113 3082/4359/3948 3081/3080/2884 2705/2259/2114
f 3241/2127/1991 3243/2131/1995 3244/4474/4054 3242/3082/2886
f 3243/2131/1995 3245/3914/3590 3246/4040/3694 3244/4474/4054
f 3242/3082/2886 3244/4474/4054 3247/4475/4055 3232/3219/3013
f 3244/4474/4054 3246/4040/3694 3248/4039/3693 3247/4475/4055
f 3231/3218/3012 3235/3083/2887 3242/3082/2886 3232/3219/3013
f 1680/2716/2520 1250/2170/2031 1251/2171/2032 1252/562/539 1681/565/542
f 260/429/414 579/1118/1073 580/1121/1076 261/2848/2666 262/430/415
f 3029/525/505 3023/4317/3912 3022/4476/2502 3521/2688/2501 3520/4477/4056 3455/526/506
f 3250/4037/3691 3252/4478/4057 3253/4479/4058 3251/4038/3692
f 3247/4475/4055 3248/4039/3693 3251/4038/3692 3253/4479/4058 3254/295/280 3255/294/279 2713/3060/2867 2711/3059/2866 3228/3063/2870 3227/3220/3014 3232/3219/3013
f 1335/2732/2536 2713/3060/2867 3255/294/279 1921/293/278
f 3252/4478/4057 2562/3953/3622 2567/3955/3624 3253/4479/4058
f 3256/3103/2907 2563/3102/2906 2562/3953/3622 3252/4478/4057
f 3250/4037/3691 3249/4036/3690 3257/1514/1436 3258/1517/1439
f 3252/4478/4057 3250/4037/3691 3258/1517/1439 3256/3103/2907
f 3258/1517/1439 3058/1516/1438 3055/3048/2857 3056/3047/2856 3256/3103/2907
f 3249/4036/3690 3246/4040/3694 3245/3914/3590 3257/1514/1436
f 2393/2769/2590 1646/2661/2479 2392/3033/2845 2391/2770/2591
f 906/4480/4059 897/1446/1373 892/1445/1372 891/1730/1639
f 2565/3954/3623 3048/4481/2532 3261/2727/2531
f 3263/4482/3600 2538/1335/1267 2542/3931/3605 3262/2726/2530
f 3043/4483/2235 2539/1331/1263 2538/1335/1267 3263/4482/3600
f 3264/4484/4060 2558/3938/3609 2565/3954/3623 3261/2727/2531
f 2542/3931/3605 3264/4484/4060 3261/2727/2531 3262/2726/2530
f 3236/3223/3017 3234/3222/3016 3233/1011/966 3265/1014/969
f 3240/4473/4053 3266/2268/2123 2700/2260/2115 2705/2259/2114
f 3236/3223/3017 3265/1014/969 3266/2268/2123 3240/4473/4053
f 3768/3592/3337 3794/4485/4061 3795/4486/4062 3793/4487/4063 3792/4488/4064 3785/3593/3338
f 3367/3231/3025 3270/3230/3024 3268/4489/4065 3269/4490/4066 3272/4168/3793 3425/3350/3129
f 1936/3116/2916 1934/3121/2921 1937/3120/2920 1938/3119/2919 1935/4491/4067 1931/3115/2915 1932/2353/2200 1933/2358/2205 1325/2357/2204
f 1941/3127/2927 1946/4492/4068 1945/3133/2933 1944/3131/2931 1942/3128/2928
f 3278/2458/2289 3276/1442/1369 3275/1441/1368 3274/3268/3056
f 3277/1438/1365 3276/1442/1369 3281/4493/4069 2662/4009/3666
f 1286/2216/2077 1285/2215/2076 1945/3133/2933 1277/2809/2627 1279/2982/2799
f 2662/4009/3666 2661/4008/3665 3279/1439/1366 3277/1438/1365
f 2658/3142/2942 2659/3143/2943 2660/2210/2071 2657/2209/2070 2664/4011/3668 2663/4010/3667 3283/4494/4070 3281/4493/4069 3276/1442/1369 3278/2458/2289 3282/2457/2288
f 3283/4494/4070 2663/4010/3667 2662/4009/3666 3281/4493/4069
f 3282/2457/2288 3285/2461/2292 3284/1326/1258 2658/3142/2942
f 1943/3129/2929 1948/3136/2936 1950/3140/2940 1951/3262/3050 2112/3374/3151
f 1271/808/771 1272/807/770 1265/2188/2049 1268/2191/2052 1270/2193/2054
f 631/1197/1144 625/912/871 717/1381/1309 633/4495/4071 634/1518/1440 632/1198/1145
f 3352/892/852 3355/1598/1514 2525/1597/1513 3349/1596/1512 3350/893/853
f 1958/3258/3046 2113/3257/3045 1955/3256/3044 1956/3255/3043 1952/2266/2121 1786/2265/2120 1785/2896/2713 1957/2901/2718 1790/2900/2717 1792/2899/2716 1791/2910/2727 1793/2909/2726 1795/4019/3673 1959/3259/3047
f 436/901/861 231/4496/4072 209/4497/4073 208/4498/4074 207/899/859
f 4120/4499/4075 4123/4500/4076 4121/3472/3238 4122/2858/2675
f 3299/3162/2962 3301/3165/2965 3302/4501/4077 3163/4413/3996
f 3163/4413/3996 3160/840/802 3159/839/801 3299/3162/2962
f 3301/3165/2965 3303/4502/4078 3304/4503/4079 3302/4501/4077
f 3302/4501/4077 3304/4503/4079 3170/4504/4080 3168/4416/3999
f 3168/4416/3999 3164/4414/3997 3163/4413/3996 3302/4501/4077
f 3303/4502/4078 3305/4505/4081 3306/3181/2981 3304/4503/4079
f 3304/4503/4079 3306/3181/2981 3171/3180/2980 3170/4504/4080
f 3305/4505/4081 3307/4506/4082 3308/3177/2977 3306/3181/2981
f 3307/4506/4082 3309/4507/4083 3310/3178/2978 3308/3177/2977
f 2252/1510/1433 2250/3607/3311 2249/3075/2882 1395/3079/2183 1389/2328/2177 1369/1506/1429
f 3309/4507/4083 3311/4508/4084 3312/4509/4085 3310/3178/2978
f 3310/3178/2978 3312/4509/4085 3313/4510/4086 3173/3179/2979
f 3312/4509/4085 3314/4511/4087 3315/4512/4088 3313/4510/4086
f 3313/4510/4086 3315/4512/4088 3178/4420/4003 3176/4419/4002
f 3176/4419/4002 3174/4294/3907 3173/3179/2979 3313/4510/4086
f 3314/4511/4087 3316/4513/4089 3317/4514/4090 3315/4512/4088
f 3315/4512/4088 3317/4514/4090 3180/4421/4004 3178/4420/4003
f 3316/4513/4089 3318/3009/2823 3319/3014/2826 3317/4514/4090
f 3317/4514/4090 3319/3014/2826 3320/4515/4091 3180/4421/4004
f 3319/3014/2826 3214/3013/2825 3213/4448/4029 3320/4515/4091
f 3321/4516/4092 3322/4517/4093 3318/3009/2823 3316/4513/4089
f 3322/4517/4093 3216/3511/3267 3215/3010/2824 3318/3009/2823
f 3316/4513/4089 3314/4511/4087 3323/4518/4094 3321/4516/4092
f 3324/4519/4095 3325/4520/4096 3321/4521/4092 3323/4522/4094
f 3314/4511/4087 3312/4509/4085 3311/4508/4084 3323/4518/4094
f 3323/4522/4094 3311/4523/4084 3326/4524/4097 3324/4519/4095
f 3327/4525/4098 3328/4526/4099 3324/4519/4095 3326/4524/4097
f 3329/4527/4100 3330/4528/4101 3328/4526/4099 3327/4525/4098
f 3311/4508/4084 3309/4507/4083 3331/4529/4102 3326/4530/4097
f 3327/4531/4098 3332/4532/4103 3333/4533/4104 3329/4534/4100
f 3326/4530/4097 3331/4529/4102 3332/4532/4103 3327/4531/4098
f 3334/3856/3542 3335/4535/3074 3329/4534/4100 3333/4533/4104
f 3336/4536/4105 3337/4537/4106 3338/4538/4107 3339/4539/4108
f 3332/4532/4103 3336/4536/4105 3339/4539/4108 3333/4533/4104
f 3331/4529/4102 3340/4540/4109 3336/4536/4105 3332/4532/4103
f 3340/4540/4109 3341/4541/4110 3337/4537/4106 3336/4536/4105
f 1998/3209/3003 2001/1306/1238 2008/360/345 2005/3215/3009 2004/3214/3008
f 237/402/387 232/400/385 231/4496/4072 436/901/861 238/403/388
f 3338/4538/4107 3343/4542/4111 3344/2831/2649 3342/2830/2648
f 597/2793/2611 599/800/763 600/799/762 598/1143/1095
f 2018/3239/3033 2019/2140/2004 1959/3259/3047 2017/4022/3676 2016/4543/4112
f 2020/513/493 2018/3239/3033 2016/4543/4112 2015/515/495 1141/514/494
f 4161/4544/4113 4111/4545/4114 4112/4546/4115 4113/4547/4116 4110/4548/4117 4114/4549/4118 4162/4550/4119
f 3353/896/856 3358/1487/1410 3359/3266/3054 3360/4435/4020 3354/4551/4120 3355/1598/1514 3352/892/852
f 4095/4552/4121 4075/4553/4122 4076/4554/4123 4096/4555/4124 4097/4556/4125 4098/4557/4126
f 4709/4558/3535 4694/4559/3534 4695/1744/1650 4696/1743/1649 4697/4560/4127
f 2030/2142/2006 1939/3375/3152 2112/3374/3151 2031/3260/3048 2029/2143/2007
f 3447/1329/1261 3290/1328/1260 3289/1327/1259 3284/1326/1258 3285/2461/2292 3286/2460/2291 3287/4561/4128 3364/4379/3964 3363/1493/1416 3288/1492/1415 3361/1491/1414 3362/1490/1413 3357/1489/1412 3356/1488/1411 3353/896/856 3293/895/855 3292/1330/1262
f 4197/4562/4129 4201/4563/4130 4202/4564/4131 4199/4565/4132 4200/4566/4133 4198/4567/4038
f 3369/3264/3052 3371/3357/3136 3372/4433/4018 3370/3265/3053
f 2026/3241/3035 2041/512/492 2039/3273/3061 2037/3269/3057 2035/3272/3060 2024/3242/3036
f 3371/3357/3136 3373/329/314 3374/4434/4019 3372/4433/4018
f 2042/3275/3063 2043/852/814 2040/3274/3062 2039/3273/3061
f 1255/2747/2551 1229/2151/2015 1228/2150/2014 1253/2756/2560 1254/2750/2554
f 395/903/863 398/2532/2358 439/2381/2224 324/2380/2223
f 328/3654/3384 329/543/520 334/572/547 338/571/546
f 1546/1874/1766 1611/2620/2440 1607/2617/2437 1543/2554/2379
f 1707/2758/2568 1472/2762/2572 1473/3815/2610 1175/3278/2599 1714/3277/3065 1704/2755/2559 1703/2754/2558
f 2099/1058/1013 2100/3362/3140 1877/3043/2854 1878/1059/1014
f 329/543/520 141/209/197 332/559/536 333/561/538 334/572/547
f 2045/850/812 2001/1306/1238 2000/3211/3005 2048/4568/1387 2047/1141/1093
f 3384/3287/3072 3387/3305/3089 3388/4569/4134 3386/3288/3073
f 3386/3288/3073 3388/4569/4134 3389/4570/4135 3330/4528/4101
f 3330/4528/4101 3329/4527/4100 3335/3289/3074 3386/3288/3073
f 3388/4569/4134 3390/3407/3180 3391/3406/3179 3389/4570/4135
f 3392/4571/4136 3218/3591/3336 3217/3590/3335 3393/4572/4137
f 3394/4573/4138 3392/4571/4136 3393/4572/4137 3325/4520/4096
f 3389/4570/4135 3391/3406/3179 3392/4571/4136 3394/4573/4138
f 3391/3406/3179 3219/3405/3178 3218/3591/3336 3392/4571/4136
f 3394/4573/4138 3328/4526/4099 3330/4528/4101 3389/4570/4135
f 3325/4520/4096 3324/4519/4095 3328/4526/4099 3394/4573/4138
f 2061/3031/2843 2062/1538/1460 2063/634/601 2054/633/600 2053/3296/3081 2057/3026/2838
f 2353/4574/4139 2352/3726/3443 2349/3721/3441 2348/3720/3440
f 2063/634/601 2065/3306/3090 2066/3309/3093 2067/1462/1388 2051/635/602
f 3402/591/565 3403/4575/4140 3398/1629/1543 3401/1628/1542
f 2881/4188/3812 2885/4187/3811 3167/2026/1904 3161/2025/1903 3162/4412/3995 3166/4415/3998
f 2073/3323/3098 2070/3335/1094 2069/3308/3092 2071/3368/3145 2081/3324/3106
f 2070/1142/1094 2073/3314/3098 2072/3313/3097 2044/851/813
f 3406/326/311 3408/3355/3134 3409/4576/4141 3407/4577/562
f 3410/325/310 3411/3356/3135 3408/3355/3134 3406/326/311
f 3373/329/314 3371/3357/3136 3411/3356/3135 3410/325/310
f 3412/4578/3112 3413/4579/4142 3414/4580/4143 3409/4581/4141
f 3414/4580/4143 3415/589/563 3407/588/562 3409/4581/4141
f 3408/3355/3134 3416/3332/3113 3412/3331/3112 3409/4576/4141
f 3382/4582/955 3335/4535/3074 3334/3856/3542 3379/3281/3066 3381/3280/956
f 2036/3271/3059 2038/3270/3058 2077/3317/3101 2075/3316/3100 2082/3326/3107
f 2084/3485/3248 2034/4082/3728 2036/3271/3059 2082/3326/3107
f 3419/3329/3110 3420/4170/3795 3421/3571/3316 3422/367/352
f 3418/3330/3111 3419/3329/3110 3422/367/352 3423/366/351
f 3423/366/351 3413/4583/4142 3412/3331/3112 3418/3330/3111
f 3424/3328/3109 3425/3350/3129 3420/4170/3795 3419/3329/3110
f 2093/3354/3133 1935/4491/4067 1938/3119/2919 2091/3118/2918 2088/3337/3117 2092/3351/3130
f 2238/3552/3290 2248/3551/3300 2243/3544/3295 2241/3543/3293
f 3426/4169/3794 3427/1012/967 3428/1107/1062 3429/1106/1061
f 3429/1106/1061 3421/3571/3316 3420/4170/3795 3426/4169/3794
f 1897/3070/2877 1931/3115/2915 1935/4491/4067 2093/3354/3133
f 2098/4467/4047 2111/3371/3148 2096/3370/3147 2094/3353/3132 2095/3352/3131
f 2097/1057/1012 2098/4467/4047 2095/3352/3131 2087/2968/2785
f 2881/4188/3812 2882/3310/3094 2878/980/935 2877/985/940 2879/347/332 2880/351/336
f 3190/2971/2788 3189/4428/4013 3191/4429/4014 3192/4430/4015 3193/2970/2787
f 3435/365/350 3434/369/354 3436/3045/2852 3437/4584/4144
f 3437/4584/4144 3413/4583/4142 3423/366/351 3435/365/350
f 3437/4585/4144 3436/3041/2852 3438/3042/2853 3439/4586/4145
f 3439/4586/4145 3414/4580/4143 3413/4579/4142 3437/4585/4144
f 3442/4587/4146 3440/3135/2935 3441/4165/3792 3443/4588/4147
f 3439/4586/4145 3438/3042/2853 3440/3135/2935 3442/4587/4146
f 3442/4587/4146 3415/589/563 3414/4580/4143 3439/4586/4145
f 3443/4588/4147 3405/590/564 3415/589/563 3442/4587/4146
f 3443/4588/4147 3441/4165/3792 3444/3547/3297 3403/4575/4140
f 3403/4575/4140 3402/591/565 3405/590/564 3443/4588/4147
f 3445/1104/1059 3430/1103/1058 3224/3064/2871 3225/3062/2869 3223/4472/4052 3226/4589/4148 3220/4590/4149 3221/4591/4150
f 3403/4575/4140 3444/3547/3297 3399/1304/1236 3398/1629/1543
f 3446/2459/2290 3278/2458/2289 3274/3268/3056 3273/3267/3055
f 3287/4561/4128 3286/2460/2291 3446/2459/2290 3364/4379/3964
f 3360/4435/4020 3375/1592/1508 3355/1598/1514 3354/4551/4120
f 615/1166/1115 614/1165/1114 616/1443/1370 617/1175/1124 618/1174/1123
f 3344/2831/2649 3343/4542/4111 3449/4380/3965 3346/3104/2908
f 3450/3163/2963 3451/4592/4151 3452/4593/4152 3300/3164/2964
f 3449/4380/3965 3343/4542/4111 3451/4592/4151 3450/3163/2963
f 3451/4592/4151 3337/4537/4106 3341/4541/4110 3452/4593/4152
f 3343/4542/4111 3338/4538/4107 3337/4537/4106 3451/4592/4151
f 3452/4593/4152 3341/4541/4110 3305/4505/4081 3303/4502/4078
f 3303/4502/4078 3301/3165/2965 3300/3164/2964 3452/4593/4152
f 3340/4540/4109 3331/4529/4102 3309/4507/4083 3307/4506/4082
f 3341/4541/4110 3340/4540/4109 3307/4506/4082 3305/4505/4081
f 3393/4572/4137 3217/3590/3335 3216/3822/3267 3322/4594/4093
f 3325/4520/4096 3393/4572/4137 3322/4594/4093 3321/4521/4092
f 1892/3066/2873 1897/3070/2877 2093/3354/3133 2094/3353/3132
f 3183/4423/4006 3181/4422/4005 3180/4421/4004 3320/4515/4091
f 3185/4424/4007 3183/4423/4006 3320/4515/4091 3213/4448/4029
f 3120/4386/3970 3110/2436/2267 3112/4378/3963
f 348/4595/572 349/593/567 350/596/569 346/587/561 345/586/560 343/583/558 194/584/302 347/4596/574
f 3119/4385/3969 3453/4597/4153 3454/4598/4154 3116/4383/3967
f 2072/3313/3097 2076/3318/3102 2040/3274/3062 2043/852/814 2044/851/813
f 1324/4599/4155 1327/2783/2601 1723/2782/2600 1724/2784/2602 1731/2804/2622 1732/2808/2626
f 3043/4483/2235 3041/4327/2234 2543/1332/1264 2539/1331/1263
f 2724/4600/3595 2723/4313/3703 3027/4601/4156 3025/4312/3916 3026/4311/3596
f 3458/2000/1879 3459/4349/3940 3460/342/327 3461/1998/1877
f 254/415/400 252/409/394 575/1109/1064 576/1116/1071
f 3462/4346/3937 3458/2000/1879 3456/523/503 3457/527/507
f 4856/4602/4157 4902/3392/3165 4901/3402/3175 4897/4603/4158 4896/4604/4159
f 3461/1998/1877 3460/342/327 2518/346/331 2521/576/551
f 3463/4605/4160 3464/180/168 3465/2440/2271 3466/343/328
f 3459/4349/3940 3463/4605/4160 3466/343/328 3460/342/327
f 4357/4606/4161 4355/4607/4162 4356/4608/4163 4313/4609/4164
f 544/1144/1096 548/1396/1324 549/1395/1323 545/1074/1029 540/1066/1021 543/1069/1024
f 2238/3538/3290 2241/3541/3293 2239/3540/3292 2237/3539/3291
f 688/1541/1462 684/4610/1239 682/1291/980 683/1540/1461
f 693/1315/1247 688/1541/1462 677/1542/1463 679/1318/1250 692/1316/1248
f 3472/1501/1424 3476/4611/4165 3477/4612/4166 3473/1502/1425
f 3471/1500/1423 3478/4613/4167 3476/4611/4165 3472/1501/1424
f 2143/3433/3205 2144/3432/3204 3474/1503/1426 3473/1502/1425
f 3479/4614/4168 3480/373/358 2147/3438/3210 2145/3441/3213
f 3480/373/358 3481/372/357 2149/3442/3042 2147/3438/3210
f 2671/2235/2090 2725/4050/3704 3034/4318/3918 3039/4325/3923 3091/4364/3952 3089/4362/3950
f 3482/493/473 3483/492/472 2153/1345/1277 2151/3247/3039
f 2033/3117/2917 2034/4082/3728 2084/3485/3248 2090/3341/3120 2091/3118/2918
f 3486/3238/3032 3485/496/476 2592/495/475 2591/1897/1784
f 3486/3238/3032 2632/3237/3031 2639/551/528 3484/550/527 3483/492/472 3485/496/476
f 803/3838/3533 818/4440/4024 817/1683/1594 816/1684/1595
f 1220/3826/3523 1093/2559/2384 1088/2076/1945 1213/2538/2364
f 2844/370/355 3488/4615/4169 3489/4616/4170 2589/3968/3632
f 3488/4615/4169 3478/4613/4167 3490/4617/4171 3489/4616/4170
f 3491/4618/4172 3476/4611/4165 3478/4613/4167 3488/4615/4169
f 3487/374/359 3491/4618/4172 3488/4615/4169 2844/370/355
f 3480/373/358 3479/4614/4168 3491/4618/4172 3487/374/359
f 3479/4614/4168 3477/4612/4166 3476/4611/4165 3491/4618/4172
f 3490/4617/4171 3470/4619/4173 3469/4620/4174 2604/3977/3639
f 2601/3974/3636 2584/3969/3630 2589/3968/3632 3489/4616/4170
f 2604/3977/3639 2601/3974/3636 3489/4616/4170 3490/4617/4171
f 3478/4613/4167 3471/1500/1423 3470/4619/4173 3490/4617/4171
f 3469/4620/4174 3468/4621/4175 3467/4622/4176 3492/4623/4177
f 3492/4623/4177 2605/3978/3640 2604/3977/3639 3469/4620/4174
f 3493/179/167 3494/178/166 3495/4624/4178 3496/4625/4179
f 3467/4622/4176 3493/179/167 3496/4625/4179 3492/4623/4177
f 3496/4625/4179 3497/4626/4180 2605/3978/3640 3492/4623/4177
f 3495/4624/4178 3498/4627/4181 3497/4626/4180 3496/4625/4179
f 3498/4627/4181 3495/4624/4178 3499/4628/4182 3500/4629/4183
f 3500/4629/4183 3501/4630/4184 3502/4631/4185 3498/4627/4181
f 3501/4630/4184 2548/4632/3461 2821/4633/3460 3502/4631/4185
f 2602/3975/3637 2605/3978/3640 3497/4626/4180 3503/4634/4186
f 3503/4634/4186 3497/4626/4180 3498/4627/4181 3502/4631/4185
f 2820/4635/3763 3503/4634/4186 3502/4631/4185 2821/4633/3460
f 2603/3976/3638 2602/3975/3637 3503/4634/4186 2820/4635/3763
f 3500/4629/4183 3499/4628/4182 3504/4636/4187 2537/697/664
f 2537/697/664 2534/696/663 3501/4630/4184 3500/4629/4183
f 2548/4632/3461 3501/4630/4184 2534/696/663
f 3504/4636/4187 3505/176/164 3506/3907/3586 3507/4637/4188
f 3507/4637/4188 2535/690/657 2537/697/664 3504/4636/4187
f 3499/4628/4182 3508/177/165 3505/176/164 3504/4636/4187
f 3495/4624/4178 3494/178/166 3508/177/165 3499/4628/4182
f 2750/4062/3715 3133/4638/4189 3131/4398/3982 3130/4397/3981
f 4527/4639/4190 4529/4640/4191 4531/4641/4192 4530/4642/4193 4517/4643/4194 4528/4644/4195
f 3512/4348/3939 3513/4645/4196 3514/4646/4197 3515/4647/4198
f 3516/4648/4199 2500/3897/3576 2502/2464/2295 3513/4645/4196
f 3517/4649/4200 2497/3894/3573 2500/3897/3576 3516/4648/4199
f 3514/4646/4197 2502/2464/2295 3511/2463/2294 3509/175/163
f 2502/2464/2295 3514/4646/4197 3513/4645/4196
f 3518/4347/3938 3519/4650/4201 3517/4649/4200 3516/4648/4199
f 3518/4347/3938 3516/4648/4199 3513/4645/4196 3512/4348/3939
f 3520/4477/4056 3521/2688/2501 3522/2693/2506 3523/4651/4202
f 3519/4650/4201 3520/4477/4056 3523/4651/4202 3517/4649/4200
f 3462/4346/3937 3457/527/507 3519/4650/4201 3518/4347/3938
f 3457/527/507 3455/526/506 3520/4477/4056 3519/4650/4201
f 3522/2693/2506 3021/2692/2505 3524/4652/4203 2494/3891/3570
f 2494/3891/3570 2493/3890/3569 3523/4651/4202 3522/2693/2506
f 2493/3890/3569 2497/3894/3573 3517/4649/4200 3523/4651/4202
f 3018/4653/3911 2439/884/846 2438/3867/3552 3524/4654/4203
f 2438/4381/3552 2495/3892/3571 2494/3891/3570 3524/4652/4203
f 3021/4655/2505 3019/2691/2504 3018/4304/3911 3524/4656/4203
f 3525/2467/2298 3526/4657/4204 3506/3907/3586 3510/2468/2299
f 3527/4658/4205 3507/4637/4188 3506/3907/3586 3526/4657/4204
f 3527/4658/4205 2536/691/658 2535/690/657 3507/4637/4188
f 3526/4657/4204 2665/4016/3669 2536/691/658 3527/4658/4205
f 3528/4659/4206 2666/4660/3670 2665/4016/3669 3526/4657/4204
f 2729/4661/3708 2728/4662/3707 2666/4660/3670 3528/4659/4206
f 2729/4054/3708 3529/4663/4207 3530/4664/4208 2730/4055/3709
f 3529/4663/4207 3531/4665/3480 2695/3950/3619 3530/4664/4208
f 3528/4659/4206 3532/3775/3482 3529/4666/4207 2729/4661/3708
f 3532/3775/3482 3533/3774/3481 3531/3773/3480 3529/4666/4207
f 3532/3775/3482 3528/4659/4206 3526/4657/4204 3525/2467/2298
f 3132/4667/4209 3453/4597/4153 3119/4385/3969 3117/4384/3968 3118/4388/3972 3121/4389/3973 3122/4390/3974 3123/4393/3977 3124/4399/3983 3131/4398/3982 3133/4638/4189 3710/4668/4210 2737/4096/3742
f 2800/4114/3753 2647/3015/2827 3535/4669/4211 3536/4670/4212
f 3534/3772/3479 2801/2466/2297 2800/4114/3753 3536/4670/4212
f 3537/4671/4213 3538/4672/4214 3539/4673/4215 3535/4674/4211
f 3538/4672/4214 3540/4675/4216 3541/4676/4217 3539/4673/4215
f 3541/4676/4217 3542/3947/3616 3543/3952/3621 3539/4673/4215
f 3540/4675/4216 3544/4677/4218 3545/4678/4219 3541/4676/4217
f 3544/4677/4218 3546/4308/3915 2772/4307/3914 3545/4678/4219
f 3547/1667/1581 3548/1666/1580 2697/3948/3617 3542/3947/3616
f 3545/4678/4219 3547/1667/1581 3542/3947/3616 3541/4676/4217
f 2772/4307/3914 2771/1668/1582 3547/1667/1581 3545/4678/4219
f 3493/179/167 3467/4622/4176 3465/2440/2271 3464/180/168
f 3548/1666/1580 3549/1665/1579 2694/3949/3618 2697/3948/3617
f 3549/1665/1579 3530/4664/4208 2695/3950/3619 2694/3949/3618
f 2768/1664/1578 2730/4055/3709 3530/4664/4208 3549/1665/1579
f 3550/4679/4220 3551/4680/4221 3552/4309/3655 3546/4308/3915
f 3551/4681/4221 3553/4682/4222 3554/2408/2244 3552/3998/3655
f 5083/4683/4223 5082/4684/4224 5081/4685/4225 5075/4686/4226 5074/4687/4227
f 3555/2411/2247 2717/4044/3698 2718/4045/3699 3556/2412/2248
f 3556/2412/2248 2718/4045/3699 2687/4688/3683 2770/3997/3654
f 3557/2410/2246 3558/4689/4228 2717/4044/3698 3555/2411/2247
f 3558/4689/4228 3559/4690/4229 2716/4043/3697 2717/4044/3698
f 3559/4690/4229 3560/4691/4230 3561/4692/4231 2716/4043/3697
f 2714/4041/3695 2716/4043/3697 3562/4693/4232
f 3563/4694/4233 3562/4693/4232 2716/4043/3697 3561/4692/4231
f 3563/4694/4233 3561/4692/4231 3564/4695/4234
f 2614/3983/3643 3564/4695/4234 3561/4692/4231 3565/4696/4235
f 2614/3983/3643 3565/4696/4235 2615/3984/3644
f 2618/3987/3647 2615/3984/3644 3565/4696/4235 3566/4697/4236
f 2618/3987/3647 3566/4697/4236 3567/3534/3286
f 5510/2499/2326 5511/1996/1875 5512/289/274 5497/288/273 5498/669/636
f 3568/3537/3289 2619/3988/3648 2618/3987/3647 3567/3534/3286
f 1178/3813/3508 1486/3725/3442 2311/3659/3389 2310/3663/3393
f 2891/4191/3814 2893/4192/3815 2897/4155/3782 2797/4104/3749 2896/4195/3818 2551/3943/3612
f 3751/1851/1743 3752/1854/1746 3756/4698/4237 3773/4699/4238 3771/4700/4239
f 3570/3535/3287 3569/3794/3497 3572/4701/4240 3571/3536/3288
f 2100/3362/3140 2102/3361/653 1876/3044/656 1877/3043/2854
f 2244/3545/3296 2243/3544/3295 3571/4702/3288 3572/4703/4240
f 3573/2340/2187 3574/2339/2186 3572/4701/4240 3569/3794/3497
f 3572/4703/4240 3574/4704/2186 2247/3550/3299 2244/3545/3296
f 3574/4704/2186 2763/4076/2185 1394/2333/2182 2247/3550/3299
f 2248/3551/3300 1245/2164/2026 2619/3992/3648 3568/4705/3289
f 2278/741/704 2245/740/703 1397/267/252 2279/266/251
f 5509/2500/2327 382/707/674 383/708/675 175/2501/2328
f 4888/4706/4241 4887/4707/4242 4886/4708/4243 4884/4709/4244 4883/4710/4245 4925/4711/4246
f 1914/3093/2897 1915/3092/2896 1913/3096/2900 1909/3087/2891 1912/3089/2893
f 3575/2496/2325 3576/2495/2324 2764/4712/3726 2766/3855/3541
f 285/464/447 284/463/446 428/828/790 427/4713/3277 425/4714/754 424/4715/753 397/904/857 135/204/192 426/3824/3521
f 3551/4680/4221 3550/4679/4220 3579/2493/2322 3577/2492/2321
f 3580/4184/3809 2742/4093/3739 3578/2494/2323 3581/4417/4000
f 3578/2494/2323 2742/4093/3739 2764/4077/3726 3576/4716/2324
f 3582/4717/4247 3581/4417/4000 3578/2494/2323 3579/2493/2322
f 3583/4718/4248 3581/4417/4000 3582/4717/4247 3584/4719/4249
f 3585/3380/3157 3583/4718/4248 3584/4719/4249 3586/3381/3158
f 3585/3380/3157 2734/3379/3156 3581/4417/4000 3583/4718/4248
f 3587/4720/4250 3588/3382/3159 3586/3381/3158 3584/4719/4249
f 3579/2493/2322 3587/4720/4250 3584/4719/4249 3582/4717/4247
f 3550/4679/4220 3589/4721/4251 3587/4720/4250 3579/2493/2322
f 3589/4721/4251 3590/4722/4252 3588/3382/3159 3587/4720/4250
f 3590/4722/4252 3589/4721/4251 3544/4677/4218 3540/4675/4216
f 3589/4721/4251 3550/4679/4220 3546/4308/3915 3544/4677/4218
f 5521/4723/4253 5564/4724/4254 5563/4725/4255 5530/4726/4256 5520/4727/4257 5519/4728/4258
f 1218/2374/1997 1364/2372/2219 1365/2371/2218 1773/3409/3182 2119/3404/3177 2120/3403/3176 1366/3831/3527 1221/4729/3526 1220/3826/3523 1213/2538/2364 1214/2536/2362 1533/2537/2363 1530/717/680 1532/1859/1751 1215/1858/1750 1216/1857/1749 1219/2134/1998
f 1687/3109/140 1927/3108/2912 1928/3113/611 1685/249/234 1688/152/141
f 3594/4730/4259 3590/4722/4252 3540/4675/4216 3538/4672/4214
f 3538/4672/4214 3537/4671/4213 3595/4731/4260 3594/4730/4259
f 3591/3377/3154 3596/4732/4261 3597/4733/4262 2735/3378/3155
f 3592/3376/3153 3598/4734/4263 3596/4732/4261 3591/3377/3154
f 2742/4093/3739 3580/4184/3809 3599/4183/3808
f 2742/4093/3739 3599/4183/3808 2686/4092/3738
f 4242/4333/3928 4260/4332/3927 4241/3579/3324 4240/3578/3323
f 5534/4735/4264 5559/4736/4265 5560/72/63 5536/73/64 5535/4737/4266
f 1327/2783/2601 1324/4599/4155 1321/4738/4267 1322/2355/2202 1323/2354/2201 1328/3074/2881
f 3603/4739/4268 3604/4740/4269 3557/2410/2246 3602/2409/2245
f 3604/4740/4269 3605/4741/4270 3558/4689/4228 3557/2410/2246
f 3605/4741/4270 2505/4742/3579 3559/4690/4229 3558/4689/4228
f 2505/4742/3579 2507/4743/4271 3560/4691/4230 3559/4690/4229
f 3560/4691/4230 2507/4743/4271 3606/4744/4272 3607/4745/4273
f 3565/4696/4235 3561/4692/4231 3560/4691/4230 3607/4745/4273
f 4678/3842/3537 4712/3841/3536 4693/4746/4274 4692/4747/4275 4675/4748/4276
f 3600/2491/2320 2573/2498/1384 3611/4749/4277 3601/4750/4278
f 3611/4751/4277 3612/4752/4279 3613/4753/4280 3603/4754/4268
f 3613/4753/4280 3614/4755/4281 3603/4754/4268
f 3615/4756/4282 3616/4757/4283 3604/4758/4269 3603/4754/4268
f 3603/4754/4268 3614/4755/4281 3615/4756/4282
f 3616/4757/4283 3617/4759/4284 3605/4760/4270 3604/4758/4269
f 3605/4760/4270 3617/4759/4284 3618/4761/4285
f 2843/4762/4286 2840/1499/1422 3619/4763/4287 3620/4764/4288
f 3620/4764/4288 3619/4763/4287 3617/4759/4284 3616/4757/4283
f 3619/4763/4287 3621/4765/4289 3618/4761/4285 3617/4759/4284
f 2840/1499/1422 2839/1498/1421 3621/4765/4289 3619/4763/4287
f 2839/1498/1421 2841/1497/1420 2861/4159/3786 3621/4765/4289
f 3622/4766/4290 3623/4767/4291 2843/4762/4286 3620/4764/4288
f 3615/4756/4282 3622/4766/4290 3620/4764/4288 3616/4757/4283
f 3614/4755/4281 3624/4768/4292 3622/4766/4290 3615/4756/4282
f 3624/4768/4292 3625/577/552 3623/4767/4291 3622/4766/4290
f 3613/4753/4280 3612/4752/4279 3626/1322/1254 3627/1323/1255
f 4133/4454/4034 4136/4453/4033 4137/4769/4293 4135/4770/4294
f 3625/577/552 3624/4768/4292 3627/1323/1255 3628/578/553
f 3624/4768/4292 3614/4755/4281 3613/4753/4280 3627/1323/1255
f 1946/4492/4068 1321/4738/4267 1324/4599/4155 1732/2808/2626 1733/2807/2625
f 2517/344/329 2516/2441/2272 2843/4762/4286 3623/4767/4291
f 3625/577/552 2519/345/330 2517/344/329 3623/4767/4291
f 1924/3095/2899 1696/2748/2552 1698/2751/2555 1699/2511/2338 1925/4771/2337 1910/2509/2336
f 3612/4752/4279 3634/1456/1383 3630/341/326 3626/1322/1254
f 3634/1456/1383 2572/1455/1382 3631/336/321 3630/341/326
f 2540/1334/1266 2523/574/549 3629/573/548 3633/340/325
f 3632/339/324 2541/3930/3604 2540/1334/1266 3633/340/325
f 3635/337/322 2574/3959/3626 2575/2929/2746 3636/2934/2751
f 3637/338/323 3635/337/322 3636/2934/2751 3638/3940/3611
f 2572/1455/1382 2574/3959/3626 3635/337/322 3631/336/321
f 3637/338/323 3639/4772/4295 2541/3930/3604 3632/339/324
f 3638/3940/3611 2559/3939/3610 3639/4772/4295 3637/338/323
f 1180/2095/1963 1185/2099/1967 1178/3813/3508 2310/3663/3393 2308/3649/3381 1179/3651/3383 1177/2097/1965
f 3642/4773/4296 3643/4774/4297 2315/3660/3390 2313/3657/3387
f 3641/2179/2040 3642/4773/4296 2313/3657/3387 2312/2180/2041
f 3643/4774/4297 2822/4131/3764 1452/2423/2256 2315/3660/3390
f 3643/4774/4297 3642/4773/4296 3644/2933/2750 3645/2932/2749
f 3642/4773/4296 3641/2179/2040 3640/3656/3386 3644/2933/2750
f 3645/2932/2749 2733/2931/2748 2822/4131/3764 3643/4774/4297
f 3644/2933/2750 3640/3656/3386 3638/3940/3611 3636/2934/2751
f 2229/3596/3341 2274/3595/3340 2275/3598/3342 2282/3613/3349 2272/3612/3348 2273/3611/3347 2255/3610/3315 2222/3564/3275 2226/3563/3310 2225/3562/3309
f 3611/4751/4277 2573/1457/1384 3634/1456/1383 3612/4752/4279
f 3715/3513/3269 2458/1656/1570 2835/1655/1569 3716/3514/3270
f 3647/3796/3499 3646/4081/3727 3610/3558/3306 3609/3559/3307
f 1809/2702/2511 1810/3172/2972 1808/3169/2969 1807/2936/2753 1806/2935/2752 1411/4118/3756 1416/2698/2507
f 3649/3740/3451 2571/2930/2747 2570/3854/3540 3646/4775/3727
f 5355/4776/4298 5357/2297/2149 5342/2301/2153 5326/4777/4299 5341/4778/4300
f 1360/3693/3416 2571/2930/2747 3649/3740/3451 2324/3690/3413
f 3650/3741/3452 3651/2075/1944 2327/3694/3417 2325/3691/3414
f 3396/1627/1541 3397/1303/1235 3395/3408/3181 3390/3407/3180 3388/4569/4134 3387/3305/3089
f 2329/3696/3419 3652/2074/1943 3653/2073/1942 2331/3698/3421
f 3651/2075/1944 3652/2074/1943 2329/3696/3419 2327/3694/3417
f 2333/3700/3423 3654/4779/4301 3655/4780/4302 1032/1944/1828
f 2331/3698/3421 3653/2073/1942 3654/4779/4301 2333/3700/3423
f 3606/4781/4272 3655/4780/4302 3654/4779/4301
f 3653/2073/1942 3656/2072/1941 3606/4781/4272 3654/4779/4301
f 4569/4782/4303 4562/4783/4304 4571/4784/4305 4585/4785/4306 4583/4786/4307
f 5321/4787/4308 5339/4788/4309 5340/4789/4310 5322/4790/4311 5323/4791/4312 5318/4792/4313
f 3651/2075/1944 3650/3741/3452 3658/4793/4314 3657/2071/1940
f 2507/4794/4271 2506/4795/4315 3655/4780/4302 3606/4781/4272
f 3659/4796/4316 2719/4046/3700 2714/4041/3695 3562/4693/4232
f 3660/4797/4317 3659/4796/4316 3562/4693/4232 3563/4694/4233
f 3563/4694/4233 3564/4695/4234 3661/4798/4318 3660/4797/4317
f 3564/4695/4234 2614/3983/3643 2617/3986/3646 3661/4798/4318
f 3661/4799/4318 2617/3990/3646 2620/3989/3649 3662/4800/4319
f 3660/4801/4317 3661/4799/4318 3662/4800/4319 3663/4802/4320
f 3663/4802/4320 3664/4803/4321 3659/4804/4316 3660/4801/4317
f 3664/4803/4321 3665/4805/4322 2719/4806/3700 3659/4804/4316
f 2745/2348/2195 2750/4062/3715 3130/4397/3981 3129/4396/3980
f 3667/4807/4323 3668/4808/4324 3669/4809/4325 3670/4810/4326
f 3671/4811/4327 3667/4807/4323 3670/4810/4326 2775/4083/3729
f 3665/4805/4322 3664/4803/4321 3667/4807/4323 3671/4811/4327
f 3664/4803/4321 3663/4802/4320 3668/4808/4324 3667/4807/4323
f 3671/4811/4327 2775/4083/3729 2774/2094/1962 3672/2093/1961
f 1866/3303/3087 3218/3591/3336 3219/3405/3178 1867/3029/2841 1868/3028/2840
f 4895/997/952 4867/4812/4328 4866/4813/4329 4869/4814/4330 4872/4815/4331 4862/4816/4332 4853/4817/4333 4854/992/947
f 3662/4800/4319 2620/3989/3649 1242/2159/2023 2352/3726/3443 3668/4808/4324 3663/4802/4320
f 3669/4809/4325 3673/4818/4334 2640/4002/3659 2642/4004/3661
f 3673/4818/4334 2353/4574/4139 1488/4819/4335 2637/4001/3658 2641/4003/3660 2640/4002/3659
f 2643/1900/1787 2775/4083/3729 3670/4810/4326 2644/4005/3662
f 2642/4004/3661 2644/4005/3662 3670/4810/4326 3669/4809/4325
f 3666/2092/1960 3674/1468/1392 3675/4820/4336 2720/4821/3701
f 3674/1468/1392 2811/1467/1391 2693/4035/3689 3675/4820/4336
f 3675/4822/4336 2693/4823/3689 2688/4824/3684
f 2715/4042/3696 2720/4047/3701 3675/4822/4336 2688/4824/3684
f 2646/3020/2832 3116/4383/3967 3595/4825/4260 3537/4826/4213
f 3535/4669/4211 2647/3015/2827 2646/3020/2832 3537/4826/4213
f 745/1435/1362 726/1202/1147 727/1476/1399 728/1475/1398 746/1436/1363
f 4357/4606/4161 4313/4609/4164 4307/4827/4337 4330/4828/4338
f 2439/884/846 3018/4653/3911 3016/880/842
f 3676/4829/4339 3677/4830/4340 2435/3869/3550 2436/3865/3551
f 2439/884/846 3678/883/845 3676/4829/4339 2436/3865/3551
f 3928/4831/4341 3930/4832/4342 3902/4205/3826 3927/4204/3825
f 3677/4830/4340 3680/4833/4343 2441/4834/3554 2435/3869/3550
f 3680/4833/4343 3677/4830/4340 3681/4835/4344
f 3682/4836/4345 3683/4837/4346 2449/4838/3559 3684/4839/4347
f 3680/4833/4343 3682/4836/4345 3684/4839/4347 2441/4834/3554
f 3681/4835/4344 3685/4840/4348 3682/4836/4345 3680/4833/4343
f 3685/4840/4348 3686/4841/4349 3683/4837/4346 3682/4836/4345
f 3683/4837/4346 3687/4842/4350 3688/4843/4351 2449/4838/3559
f 3686/4841/4349 3689/3761/3468 3687/4842/4350 3683/4837/4346
f 2452/4844/3561 2449/4838/3559 3688/4843/4351
f 3687/4842/4350 2829/2229/2086 2670/2228/2085 3688/4843/4351
f 2830/2230/2087 2829/2229/2086 3687/4842/4350 3689/3761/3468
f 3688/4843/4351 2670/2228/2085 2453/2227/2084 2452/4844/3561
f 1443/4120/2311 2804/1367/1295 2803/1366/1294 1432/2403/2241 1430/2402/2240 1441/2486/2315 1442/2485/1200
f 3690/3762/3469 3692/4845/4352 3693/3768/3475 3691/3763/3470
f 3689/3761/3468 3686/4841/4349 3692/4845/4352 3690/3762/3469
f 3175/4418/4001 3177/4181/3806 2488/3889/3568 2489/780/743 2487/779/742
f 2383/3771/3478 2386/3777/3484 2387/3778/3485 2384/3779/3486 2385/3776/3483 2382/3770/3477
f 3692/4845/4352 3695/786/749 3698/785/748 3693/3768/3475
f 3686/4841/4349 3685/4840/4348 3695/786/749 3692/4845/4352
f 3685/4840/4348 3681/4835/4344 3696/787/750 3695/786/749
f 3699/784/747 3700/783/746 2986/3783/3490 2985/4272/3887
f 3694/3769/3476 3699/784/747 2985/4272/3887 2979/3767/3474
f 3693/3768/3475 3698/785/748 3699/784/747 3694/3769/3476
f 3696/787/750 3701/3786/3493 3702/3780/3487 3697/782/745
f 3681/4835/4344 3677/4830/4340 3701/3786/3493 3696/787/750
f 3621/4765/4289 2861/4159/3786 2503/3898/3577 2505/3900/3579 3605/4760/4270 3618/4761/4285
f 1821/2951/2768 1825/2963/2780 1476/2449/2280 1823/2953/2770
f 940/1371/1299 920/1370/1298 919/1483/1406 922/1486/1409
f 3677/4830/4340 3676/4829/4339 3705/3784/3491 3701/3786/3493
f 3678/883/845 3704/2669/2487 3705/3784/3491 3676/4829/4339
f 3706/3785/3492 3009/2668/2486 2998/4283/3898 2997/4282/3897
f 3703/3781/3488 3706/3785/3492 2997/4282/3897 2991/3782/3489
f 3679/882/844 3708/2667/2485 3704/2669/2487 3678/883/845
f 3013/881/843 3011/2664/2482 3708/2667/2485 3679/882/844
f 2967/4254/3871 3709/2225/2082 3707/2231/2088 2971/3765/3472
f 3015/3423/3195 3709/2225/2082 2967/4254/3871 2964/4251/3868
f 2933/4846/3843 2749/4061/3714 2748/2347/2194 2934/4847/3844
f 2940/4848/3850 3710/4668/4210 2749/4061/3714 2933/4846/3843
f 2793/4097/3743 2737/4096/3742 3710/4668/4210 2940/4848/3850
f 2894/4193/3816 2892/1818/1711 3711/1822/1715 3712/4849/4353
f 3712/4849/4353 2508/2680/2495 2512/2679/2494 2894/4193/3816
f 3711/1822/1715 2889/1821/1714 2888/3608/3272 3713/1232/1174 3714/1231/1173 3712/4849/4353
f 3714/1231/1173 2509/2681/2496 2508/2680/2495 3712/4849/4353
f 2613/1235/1177 2806/4117/3755 2509/2681/2496 3714/1231/1173
f 4215/4461/4041 4195/3225/3019 4116/3224/3018 4127/4850/4354 4196/4457/4037
f 2758/4851/3721 2554/3946/3615 2553/3945/3614 2759/4852/3722
f 261/2848/2666 204/2850/2668 203/900/860 262/430/415
f 3268/4489/4065 3270/3230/3024 2702/2270/2125 3267/2269/2124 3266/2268/2123 3265/1014/969 3271/1013/968 3272/4168/3793 3269/4490/4066
f 2611/3515/1175 3716/3514/3270 3717/4853/4355 2612/4854/1176
f 1618/2625/2445 1619/2626/2446 1626/2639/2459 1622/2637/2457 1620/2627/2447 1616/2624/2444
f 3717/4853/4355 2818/4127/3761 2817/4126/3760 2612/4854/1176
f 2806/4117/3755 2613/1235/1177 2612/1234/1176 2817/4855/3760
f 2678/4018/3672 2467/4017/3671 2806/4117/3755 2817/4855/3760
f 3716/3514/3270 2835/1655/1569 2837/4138/3769 3717/4853/4355
f 299/480/460 302/497/477 303/500/480 304/836/798 301/482/462
f 3717/4853/4355 2837/4138/3769 2819/4128/3762 2818/4127/3761
f 3718/1739/1645 2789/1623/1537 2790/1626/1540 3201/3807/3503
f 2874/3806/3502 2873/1740/1646 3718/1739/1645 3201/3807/3503
f 2470/3934/2079 2546/3933/3606 2867/2056/1927 2526/2055/1926
f 2855/2178/2039 2854/2184/2045 2566/3936/3607 2560/3655/3385
f 2848/1622/1536 3093/4856/3954 3072/4354/3944 2849/1616/1530
f 3093/4856/3954 2622/3994/3651 2621/3993/3650 3072/4354/3944
f 2339/4857/3433 2337/4858/3427 2338/4368/3428 2237/3539/3291 2239/3540/3292 2240/739/702 2277/738/701 2278/741/704 2322/3675/3403
f 1097/3820/3519 2413/1070/1025 2411/1073/1028 2412/4859/3539
f 1772/2875/2692 1774/3411/3184 1375/2305/2157 1771/2873/2690
f 3722/3818/3511 3723/701/668 2514/700/667 2513/3908/3587
f 3722/3818/3511 2513/3908/3587 2482/3912/490 2485/4860/489
f 3819/4861/4356 3818/2919/2736 3881/4862/4357 3880/1569/1486 3832/1574/1491 3816/2725/2529 3932/2724/2528 3920/2202/2063 3810/2207/2068 3811/1765/1669 3809/1764/1668 3820/1763/1667
f 2410/1072/1027 2414/1071/1026 1130/2037/1915 1099/1482/1405 1098/3885/3567 2415/3845/3538
f 90/129/118 68/127/116 67/128/117 100/157/146
f 2506/4795/4315 2428/3859/3545 1032/1944/1828 3655/4780/4302
f 3602/2409/2245 3554/2408/2244 3553/4682/4222 3601/4750/4278 3611/4749/4277 3603/4739/4268
f 264/431/416 207/899/859 208/4498/4074 265/433/418
f 2815/4122/3758 2819/4128/3762 2838/2631/2451 3726/3343/3122
f 2545/3344/3123 2469/3932/3124 3727/3390/3128 3725/3342/3121
f 3726/3343/3122 2679/3389/3127 2677/4123/3126 2815/4122/3758
f 2565/3954/3623 2564/3106/2910 3260/4863/2909 3052/3107/2911 3051/4345/3936 3050/4344/3935 3049/2729/2533 3048/2728/2532
f 2811/1467/1391 2810/4471/4051 2691/4033/3687 2693/4035/3689
f 2810/4471/4051 2732/4056/3710 2692/4034/3688 2691/4033/3687
f 2778/1471/1395 2549/2853/2670 3728/4470/4050 2809/4119/3757
f 3728/4470/4050 2549/2853/2670 2731/2852/2669 2732/4056/3710
f 3733/4864/4358 3593/3383/3160 3588/3382/3159 3590/4722/4252 3594/4730/4259 3595/4731/4260
f 2684/4027/3681 3729/4865/4359 3730/3835/3530 2791/3834/3529
f 3729/4865/4359 2478/3881/3563 2479/3836/3531 3730/3835/3530
f 3729/4865/4359 2684/4027/3681 2683/4026/3680 3731/4866/4360
f 3731/4866/4360 2598/3973/3635 2478/3881/3563 3729/4865/4359
f 3731/4866/4360 2683/4026/3680 2682/4025/3679 3732/4867/4361
f 3732/4867/4361 2599/4868/3779 2598/3973/3635 3731/4866/4360
f 2682/4025/3679 2735/3378/3155 3597/4733/4262 3732/4867/4361
f 3732/4869/4361 3597/4870/4262 2739/4152/3780 2599/4151/3779
f 1392/2331/2180 2764/4077/3726 2742/4093/3739 1024/1930/1814
f 2688/4824/3684 2687/4688/3683 2718/4045/3699 2715/4042/3696
f 2768/1664/1578 2690/4032/3686 2692/4034/3688 2730/4055/3709
f 404/2382/2225 415/764/727 405/763/726 403/2383/2226
f 2750/4062/3715 2749/4061/3714 3710/4668/4210 3133/4638/4189
f 2731/2852/2669 2667/694/661 2666/4013/3670 2728/4053/3707
f 2741/3833/3528 2721/3837/3532 2722/4048/3702 2740/4059/3712 2424/4058/3711
f 5126/3232/4362 5127/866/828 5121/865/827 5122/3234/4363 5123/3233/4364
f 3639/4772/4295 3264/4484/4060 2542/3931/3605 2541/3930/3604
f 2559/3939/3610 2558/3938/3609 3264/4484/4060 3639/4772/4295
f 2544/2223/2080 2526/2222/1926 2472/1182/1131 2475/1181/1130
f 2546/3933/3606 2545/3344/3123 2456/2630/2450 2455/2629/2449
f 2514/700/667 2483/511/491 2486/3888/2081 2515/3909/3588
f 2440/3870/3553 2441/3871/3554 3684/4871/4347 2449/3876/3559
f 3720/3819/3512 3721/4872/488 3724/507/487 3719/702/669
f 3454/4598/4154 3596/4873/4261 3598/4874/4263 3116/4383/3967
f 3454/4598/4154 2739/4152/3780 3597/4870/4262 3596/4873/4261
f 3475/1495/1418 3474/1503/1426 2144/3432/3204 2431/3862/3548
f 2842/1496/1419 3475/1495/1418 2431/3862/3548 2430/3861/3547
f 2450/3877/3560 2449/3876/3559 2452/3878/3561 2445/3874/3557
f 2453/3879/2084 2669/2232/510 2673/2237/2092 2442/3872/3555
f 2696/3951/3620 2695/3950/3619 3531/4665/3480 3534/4875/3479
f 2696/3951/3620 3534/4875/3479 3536/4876/4212 3543/3952/3621
f 3543/3952/3621 3536/4876/4212 3535/4674/4211 3539/4673/4215
f 3598/4734/4263 3592/3376/3153 3593/3383/3160 3733/4864/4358
f 3595/4825/4260 3116/4383/3967 3598/4874/4263 3733/4877/4358
f 2466/3911/2497 2465/4878/3565 2480/4879/3564 2482/3912/490
f 2932/4221/3842 2931/4220/3841 3734/4880/4365 3735/4881/4366
f 3735/4881/4366 3734/4880/4365 2754/4064/3717 2919/3101/2905
f 2917/3100/2904 2923/4212/3833 3735/4881/4366 2919/3101/2905
f 2922/4211/3832 2932/4221/3842 3735/4881/4366 2923/4212/3833
f 2931/4220/3841 2934/4223/3844 3736/4882/4367 3734/4880/4365
f 3734/4880/4365 3736/4882/4367 2755/4065/3718 2754/4064/3717
f 3736/4883/4367 3737/2346/2193 2752/390/375 2755/4884/3718
f 2934/4847/3844 2748/2347/2194 3737/2346/2193 3736/4883/4367
f 2352/3726/3443 2353/4574/4139 3673/4818/4334 3669/4809/4325 3668/4808/4324
f 1379/2325/2175 3738/4885/4368 3739/4886/4369 1384/2326/2170
f 3738/4885/4368 1377/2307/2159 1572/3790/2401 3739/4886/4369
f 3739/4887/4369 1563/2569/2392 1385/2319/2171 1384/2318/2170
f 1564/2570/2393 1563/2569/2392 3739/4887/4369 1572/2578/2401
f 1198/4456/4036 1794/4020/3674 1795/4019/3673 1793/2909/2726 1199/2908/2725 3740/2907/2724 1388/2322/2174 1197/1640/1554 1196/1639/1553
f 1388/2322/2174 3740/2907/2724 1378/2327/2176 1383/2323/2169
f 4686/818/781 4668/817/780 4670/874/836 4687/873/835
f 2756/4070/3719 2755/4884/3718 2752/390/375 2751/389/374
f 3129/4396/3980 3134/4400/3984 2743/4888/4370 2745/2348/2195
f 2144/3432/3204 1037/1949/1833 2431/3862/3548
f 2144/3432/3204 1038/1950/1834 1037/1949/1833
f 3254/295/280 3741/2183/2044 1485/2182/2043 1920/296/281
f 4783/4889/4371 4782/4890/4372 4761/3679/3407 4762/3678/3406 4781/4891/4373 4825/4892/4374
f 3253/4479/4058 2567/3955/3624 3741/2183/2044 3254/295/280
f 2854/2184/2045 3741/2183/2044 2567/3955/3624 2566/3936/3607
f 3076/1619/1533 2845/4139/3770 2847/1620/1534
f 5394/4893/4375 5403/4894/4376 5416/4895/4377 5419/4896/4378 5404/4897/4379
f 3742/4898/4380 3743/4899/4381 3744/4900/4382
f 3745/4901/4383 3746/4902/4384 3747/4903/4385 3748/4904/4386
f 3750/1852/1744 3751/1851/1743 3746/4902/4384 3745/4901/4383
f 965/1836/1729 966/1837/1730 967/1838/1731 968/1850/1742
f 3752/1854/1746 3754/4905/4387 3755/4906/4388 3756/4698/4237
f 3757/4907/4389 3755/4906/4388 3758/4908/4390 3759/4909/4391
f 3758/4910/4390 3760/4911/4392 3761/4912/4393 3762/4913/4394
f 3758/4910/4390 3755/4906/4388 3754/4905/4387 3760/4911/4392
f 3760/4911/4392 3753/1853/1745 3763/4914/4395 3761/4912/4393
f 3753/1853/1745 3760/4911/4392 3754/4905/4387 3752/1854/1746
f 2156/554/531 2157/1408/1336 2155/3445/3215 2154/3444/3214 2153/1345/1277
f 1347/2287/2140 1367/2302/2154 1025/1931/1815 1493/3812/3507 1494/2477/2308 1500/2476/2307
f 4920/648/615 4927/647/614 4928/4915/4396 4919/4916/4397
f 3767/3594/3339 3769/4917/4398 3770/4918/4399 3768/3592/3337
f 3769/4917/4398 3767/3594/3339 3748/4904/4386 3747/4903/4385
f 3751/1851/1743 3771/4700/4239 3772/4919/4400 3746/4902/4384
f 3756/4698/4237 3774/4920/4401 3775/4921/4402 3773/4699/4238
f 3774/4920/4401 3756/4698/4237 3755/4906/4388 3757/4907/4389
f 1736/2819/2637 1735/2886/2703 1734/2811/2629 1054/1962/1842 1053/1092/1047 1056/1091/1046
f 3778/4922/4403 3762/4923/4394 3781/4924/4404 3779/4925/4405
f 3778/4926/4403 3759/4909/4391 3758/4908/4390 3762/4927/4394
f 3779/4925/4405 3781/4924/4404 3743/4899/4381 3742/4898/4380
f 3781/4928/4404 3782/4929/4406 3783/4930/4407 3743/4931/4381
f 3782/4929/4406 3781/4928/4404 3762/4913/4394 3761/4912/4393
f 3783/4930/4407 3782/4929/4406 3764/3152/2952 3765/3151/2951
f 3764/3152/2952 3782/4929/4406 3761/4912/4393 3763/4914/4395
f 3784/4932/4408 3783/4930/4407 3765/3151/2951 3785/3593/3338
f 3786/4933/4409 3772/4919/4400 3771/4700/4239 3787/4934/4410
f 3788/4090/3736 3775/4921/4402 3774/4920/4401 3776/4091/3737
f 2795/4101/3747 2901/4200/3821 2900/4199/3820 2899/4197/3819 2895/4198/3817 2796/4102/3748
f 3789/4087/3733 3780/4086/3732 3790/4935/4411 3791/4936/4412
f 3742/4898/4380 3790/4935/4411 3780/4086/3732 3779/4925/4405
f 3790/4935/4411 3742/4898/4380 3744/4900/4382 3792/4488/4064
f 3784/4932/4408 3744/4900/4382 3743/4931/4381 3783/4930/4407
f 3744/4900/4382 3784/4932/4408 3785/3593/3338 3792/4488/4064
f 3796/4937/4413 3794/4485/4061 3768/3592/3337 3770/4918/4399
f 3801/4089/3735 3802/4088/3734 3803/4938/4414 3798/4939/4415 3799/4940/4416 3800/4941/4417 3797/4942/4418
f 3803/4938/4414 3802/4088/3734 3804/4943/4419 3805/4944/4420
f 3793/4487/4063 3791/4936/4412 3790/4935/4411 3792/4488/4064
f 3805/4944/4420 3804/4943/4419 3795/4486/4062 3794/4485/4061
f 3794/4485/4061 3796/4937/4413 3805/4944/4420
f 3796/4937/4413 3806/4945/4421 3807/4946/4422 3805/4944/4420
f 3808/4947/4423 3799/4948/4416 3798/4949/4415 3803/4938/4414
f 3808/4947/4423 3803/4938/4414 3805/4944/4420 3807/4946/4422
f 3797/4942/4418 3786/4933/4409 3787/4934/4410 3801/4089/3735
f 3771/4700/4239 3773/4699/4238 3775/4921/4402 3787/4934/4410
f 3775/4921/4402 3788/4090/3736 3801/4089/3735 3787/4934/4410
f 4354/2103/1971 4320/2107/1975 4356/4608/4163 4355/4607/4162
f 3802/4088/3734 3789/4087/3733 3791/4936/4412 3804/4943/4419
f 3791/4936/4412 3793/4487/4063 3795/4486/4062 3804/4943/4419
f 4790/4950/4424 4729/4951/4425 4728/4952/4426 4727/4953/4427 4718/4954/4428 4719/4955/4429 4720/4956/4430 4829/4957/4431 4841/4958/4432 4725/4959/4433 4741/4960/4434 4789/4961/4435
f 4727/4953/4427 4731/4962/4436 4721/4963/4437 4719/4955/4429 4718/4954/4428
f 4735/4964/4438 4734/4965/4439 4741/4960/4434 4725/4959/4433 4841/4958/4432 4829/4957/4431 4724/4966/4440 4722/4967/4441 4723/1170/1119 4736/1169/1118
f 3817/2920/2737 3818/2919/2736 3819/4861/4356 3820/1763/1667
f 4726/4968/4442 4729/4951/4425 4732/4969/4443 4730/4970/4444 4731/4962/4436 4727/4953/4427
f 3824/4971/4445 3825/2721/2525 3826/2720/2524 3827/1573/1490
f 3825/2721/2525 3824/4971/4445 3828/4972/4446 3829/4973/4447
f 3824/4971/4445 3827/1573/1490 3830/1572/1489 3828/4972/4446
f 4740/4974/4448 4746/4975/4449 4789/4961/4435 4741/4960/4434 4734/4965/4439 4739/4976/4450
f 3830/4977/1489 3833/4978/4451 3834/4979/4452 3828/4980/4446
f 3833/4978/4451 3830/4977/1489 3831/1571/1488 3835/4981/4453
f 3835/4981/4453 3831/1571/1488 3836/1570/1487 3837/4982/4454
f 3837/4982/4454 3838/4983/4455 3839/4984/4456 3835/4981/4453
f 3838/4983/4455 3837/4982/4454 3840/4985/4457 3841/4986/4458
f 3841/4986/4458 3840/4985/4457 3842/4987/4459 3843/4988/4460
f 3843/4988/4460 3844/4989/4461 3845/4990/4462 3841/4986/4458
f 3844/4989/4461 3843/4988/4460 3846/4991/4463 3847/4992/4464
f 3847/4992/4464 3846/4991/4463 3848/4993/4465 3849/4994/4466
f 3847/4992/4464 3849/4994/4466 3850/4/4 3851/3/3
f 2243/3544/3295 2248/3551/3300 3568/4705/3289 3571/4702/3288
f 5188/1923/1809 5190/677/644 5146/680/647 5189/1924/1810
f 4763/4995/4467 4766/4996/4468 4767/4997/4469 4776/4998/4470
f 4774/4999/4471 4770/5000/4472 4771/5001/4473 4768/5002/4474 4769/5003/4475 4816/5004/4476
f 3860/5005/2732 3863/520/500 3864/519/499 3861/5006/2733
f 3861/5006/2733 3864/519/499 3865/521/501 3866/5007/2728
f 4767/4997/4469 4773/5008/4477 4772/5009/4478 4775/5010/4479 4776/4998/4470
f 3865/521/501 3867/322/307 3868/5011/4480 3869/5012/4481
f 3867/322/307 3854/321/306 3870/1375/1303 3868/5011/4480
f 1377/2307/2159 3738/4885/4368 1379/2325/2175 1374/2906/2723 1370/2905/2722 1373/2304/2156
f 3853/1374/1302 3871/5013/4482 3872/5014/4483 3870/1375/1303
f 3848/4993/4465 3873/5015/4484 3852/5016/4485 3849/4994/4466
f 3873/5015/4484 3848/4993/4465 3874/5017/4486 3875/5018/4487
f 3848/4993/4465 3846/4991/4463 3876/5019/4488 3874/5017/4486
f 3842/4987/4459 3876/5019/4488 3846/4991/4463 3843/4988/4460
f 3876/5019/4488 3842/4987/4459 3877/5020/4489 3878/5021/4490
f 3877/5020/4489 3842/4987/4459 3840/4985/4457 3879/5022/4491
f 3879/5022/4491 3823/2918/2735 3822/2917/2734 3877/5020/4489
f 3823/2918/2735 3879/5022/4491 3836/1570/1487 3880/1569/1486
f 3879/5022/4491 3840/4985/4457 3837/4982/4454 3836/1570/1487
f 3880/1569/1486 3881/4862/4357 3818/2919/2736 3823/2918/2735
f 1964/846/808 2116/1424/1352 2115/3384/3161 2012/3228/3022 2114/517/497
f 3883/5023/4492 3882/5024/4493 3884/5025/4494 3885/5026/4495
f 3882/5024/4493 3829/5027/4447 3886/5028/4496 3884/5025/4494
f 3886/5028/4496 3829/5027/4447 3828/4980/4446 3834/4979/4452
f 3834/4979/4452 3887/5029/4497 3888/5030/4498 3886/5028/4496
f 3834/4979/4452 3833/4978/4451 3889/5031/4499 3887/5029/4497
f 3839/4984/4456 3889/5031/4499 3833/4978/4451 3835/4981/4453
f 3890/5032/4500 3891/5033/4501 3889/5031/4499 3839/4984/4456
f 3890/5032/4500 3839/4984/4456 3838/4983/4455 3892/5034/4502
f 3892/5034/4502 3838/4983/4455 3841/4986/4458 3845/4990/4462
f 330/541/518 325/540/517 179/300/285 331/542/519
f 3845/4990/4462 3844/4989/4461 3894/3125/2925 3893/3124/2924
f 3851/3/3 3894/3125/2925 3844/4989/4461 3847/4992/4464
f 4806/5035/4503 4804/5036/4504 4803/5037/4505 4802/890/850 4840/889/849
f 3894/3125/2925 3851/3/3 3896/2/2 3895/3126/2926
f 4807/5038/4506 4808/5039/4507 4760/5040/4508 4759/5041/4509 4805/5042/4510
f 3895/3126/2926 3896/2/2 3897/1/1 3898/3122/2922
f 4836/1362/1290 4814/5043/4511 4811/5044/4512 4809/5045/4513 4810/1359/1287
f 3901/4207/3828 3900/4206/3827 3903/5046/4514 3904/5047/4515
f 3904/5047/4515 3905/5048/4516 3906/4208/3829 3901/4207/3828
f 3904/5047/4515 3862/2913/2730 3907/2912/2729 3905/5048/4516
f 3862/2913/2730 3904/5047/4515 3903/5046/4514 3859/2914/2731
f 3907/2912/2729 3908/5049/4517 3909/5050/4518 3905/5048/4516
f 3907/2912/2729 3866/2911/2728 3910/5051/4519 3908/5049/4517
f 3869/5012/4481 3910/5052/4519 3866/5007/2728 3865/521/501
f 3910/5052/4519 3869/5012/4481 3911/5053/4520 3912/5054/4521
f 3911/5053/4520 3869/5012/4481 3868/5011/4480 3913/5055/4522
f 3913/5055/4522 3868/5011/4480 3870/1375/1303 3872/5014/4483
f 3872/5014/4483 3914/5056/4523 3915/5057/4524 3913/5055/4522
f 3872/5014/4483 3871/5013/4482 3916/5058/4525 3914/5056/4523
f 3916/5058/4525 3875/5018/4487 3917/5059/4526 3918/2206/2067
f 3875/5018/4487 3874/5017/4486 3919/5060/4527 3917/5059/4526
f 3917/5059/4526 3919/5060/4527 3812/1761/1665 3811/1765/1669
f 3919/5060/4527 3878/5021/4490 3821/1762/1666 3812/1761/1665
f 3878/5021/4490 3919/5060/4527 3874/5017/4486 3876/5019/4488
f 3918/2206/2067 3917/5059/4526 3811/1765/1669 3810/2207/2068
f 4830/5061/4528 4831/5062/4529 4724/4966/4440 4829/4957/4431 4720/4956/4430 4826/5063/4530
f 3918/2206/2067 3921/5064/2066 3914/5056/4523 3916/5058/4525
f 3922/2204/2065 3815/2203/2064 3814/2723/2527 3923/5065/4531
f 3921/5064/2066 3922/5066/2065 3915/5057/4524 3914/5056/4523
f 3922/5066/2065 3923/5067/4531 3924/5068/4532 3915/5057/4524
f 3885/5069/4495 3924/5068/4532 3923/5067/4531 3883/5070/4492
f 3924/5068/4532 3885/5069/4495 3912/5054/4521 3911/5053/4520
f 3885/5026/4495 3884/5025/4494 3925/5071/4533 3912/5072/4521
f 3884/5025/4494 3886/5028/4496 3888/5030/4498 3925/5071/4533
f 3925/5071/4533 3888/5030/4498 3909/5050/4518 3908/5049/4517
f 3888/5030/4498 3887/5029/4497 3926/5073/4534 3909/5050/4518
f 3887/5029/4497 3889/5031/4499 3891/5033/4501 3926/5073/4534
f 3926/5073/4534 3891/5033/4501 3927/4204/3825 3906/4208/3829
f 3891/5033/4501 3890/5032/4500 3928/4831/4341 3927/4204/3825
f 3892/5034/4502 3929/5074/4535 3930/4832/4342 3928/4831/4341 3890/5032/4500
f 708/1474/1397 756/1207/1152 755/1513/1435 707/1473/1396
f 3926/5073/4534 3906/4208/3829 3905/5048/4516 3909/5050/4518
f 3912/5072/4521 3925/5071/4533 3908/5049/4517 3910/5051/4519
f 3924/5068/4532 3911/5053/4520 3913/5055/4522 3915/5057/4524
f 3883/5075/4492 3923/5065/4531 3814/2723/2527 3813/2722/2526
f 3878/5021/4490 3877/5020/4489 3822/2917/2734 3821/1762/1666
f 3936/5076/4536 3933/5077/4537 3935/5078/4538 3937/5079/4539
f 3938/989/944 3939/3732/3449 3940/5080/4540 3941/990/945
f 3940/5080/4540 3939/3732/3449 3942/5081/4541 3943/5082/4542
f 3939/3732/3449 3938/989/944 3944/988/943 3945/3727/3444
f 3946/5083/4543 3947/5084/4544 3948/3730/3447 3949/4462/4042
f 3950/5085/4545 3951/987/942 3952/986/941 3953/5086/4546
f 3954/5087/4547 3955/5088/4548 3956/5089/4549
f 3957/5090/4550 3958/5091/4551 3959/5092/4552 3960/5093/4553
f 3961/5094/4554 3958/5091/4551 3962/5095/4555 3963/5096/4556
f 4902/3392/3165 4876/3391/3164 4901/3402/3175
f 3968/5097/4557 3969/5098/4558 3970/857/819 3971/856/818
f 3972/5099/4559 3968/5097/4557 3971/856/818 3973/5100/4560
f 3969/5098/4558 3968/5097/4557 3974/3293/3078 3975/3292/3077
f 4847/5101/4561 4853/4817/4333 4862/4816/4332 4861/5102/4562 4885/5103/4563 4848/5104/4564
f 3978/3295/3080 3977/3294/3079 3955/5088/4548 3954/5087/4547
f 3954/5087/4547 3979/5105/4565 3980/3290/3075 3978/3295/3080
f 3979/5105/4565 3954/5087/4547 3981/5106/4566 3982/5107/4567
f 3982/5107/4567 3981/5106/4566 3942/5081/4541 3983/5108/4568
f 3982/5107/4567 3983/5108/4568 3947/5084/4544
f 3947/5084/4544 3983/5108/4568 3984/3731/3448 3948/3730/3447
f 3986/3729/3446 3987/5109/4043 3949/4462/4042 3948/3730/3447
f 3986/3729/3446 3988/5110/4569 3989/5111/4044 3987/5109/4043
f 3988/5110/4569 3990/5112/4570 3991/5113/4571 3989/5111/4044
f 3991/5114/4571 3934/5115/4572 3935/5078/4538 3933/5077/4537 3992/4465/4045 3989/4464/4044
f 4248/5116/4573 4247/5117/4574 4243/5118/4575 4246/5119/4576
f 3993/4466/4046 3994/5120/4577 3946/5083/4543 3949/4462/4042
f 74/106/97 75/109/100 70/95/86 69/94/85 72/97/88 73/107/98
f 3995/5121/4578 3996/5122/4579 3997/5123/4580 3994/5120/4577
f 3996/5122/4579 3995/5121/4578 3998/5124/4581 3999/5125/4582
f 3999/5125/4582 3998/5124/4581 4000/5126/4583 4001/5127/4584
f 4000/5126/4583 3966/5128/4585 4002/5129/4586 4001/5127/4584
f 4002/5129/4586 3966/5128/4585 3965/5130/4587 4003/5131/4588
f 4004/5132/4589 4003/5131/4588 3965/5130/4587 3964/5133/4590
f 3937/5079/4539 4004/5132/4589 3964/5133/4590 3936/5076/4536
f 4004/5134/4589 3937/5135/4539 4005/5136/4591 4006/5137/4592
f 3937/5135/4539 3935/5138/4538 4007/5139/4593 4005/5136/4591
f 3935/5140/4538 3934/5141/4572 4008/5142/4594 4007/5143/4593
f 4008/5142/4594 3934/5141/4572 3991/5113/4571 3990/5112/4570
f 3990/5112/4570 3959/5092/4552 4009/5144/4595 4008/5142/4594
f 3990/5112/4570 3988/5110/4569 3960/5093/4553 3959/5092/4552
f 3960/5093/4553 3988/5110/4569 3986/3729/3446 3985/3728/3445
f 4007/5143/4593 4008/5142/4594 4009/5144/4595 3961/5094/4554 3963/5096/4556 4020/5145/4596
f 3961/5094/4554 4009/5144/4595 3959/5092/4552 3958/5091/4551
f 4006/5137/4592 4005/5136/4591 4010/3586/3331 4011/3589/3334
f 4011/3589/3334 4012/854/816 4013/859/821 4006/5137/4592
f 4879/5146/4597 4878/5147/4598 4926/650/617 4922/649/616 4921/5148/4599 4923/5149/4600
f 4014/858/820 4002/5150/4586 4003/5151/4588 4013/859/821
f 4014/858/820 4015/5152/4601 4001/5127/4584 4002/5150/4586
f 4015/5152/4601 3969/5098/4558 3975/3292/3077 4016/3291/3076
f 4015/5152/4601 4014/858/820 3970/857/819 3969/5098/4558
f 3999/5125/4582 4001/5127/4584 4015/5152/4601 4016/3291/3076
f 3999/5125/4582 4016/3291/3076 3980/3290/3075 3996/5122/4579
f 3996/5122/4579 3980/3290/3075 3979/5105/4565 3997/5123/4580
f 4006/5137/4592 4013/859/821 4003/5151/4588 4004/5134/4589
f 3763/4914/4395 3748/4904/4386 3767/3594/3339 3766/3150/2950 3749/3149/2949 3764/3152/2952
f 4010/3586/3331 4005/5136/4591 4007/5139/4593 4020/5153/4596 4018/3587/3332
f 4020/5153/4596 4021/5154/4602 4022/5155/4603 4018/3587/3332
f 4020/5145/4596 3963/5096/4556 4023/5156/4604 4021/5157/4602
f 4021/5157/4602 4023/5156/4604 4024/5158/4605 4025/5159/4606
f 4026/5160/4607 4027/5161/4608 4024/5158/4605 4023/5156/4604
f 4026/5160/4607 4023/5156/4604 3963/5096/4556 3962/5095/4555
f 4027/5161/4608 4026/5160/4607 3950/5085/4545 4028/5162/4609
f 4026/5160/4607 3962/5095/4555 3951/987/942 3950/5085/4545
f 4029/5163/4610 4030/5164/4611 4031/5165/4612 4022/5155/4603
f 4030/5164/4611 4032/5166/4613 4033/5167/4614 4031/5165/4612
f 4022/5155/4603 4031/5165/4612 4019/3588/3333 4018/3587/3332
f 4031/5165/4612 4033/5167/4614 4034/5168/4615 4019/3588/3333
f 3973/5100/4560 4034/5168/4615 4033/5167/4614 4035/5169/4616
f 4017/855/817 4034/5168/4615 3973/5100/4560 3971/856/818
f 4029/5163/4610 4022/5155/4603 4021/5154/4602 4025/5170/4606
f 3994/5120/4577 3997/5123/4580 3947/5084/4544 3946/5083/4543
f 3939/3732/3449 3984/3731/3448 3983/5108/4568 3942/5081/4541
f 694/1317/1249 675/1319/1251 673/835/797 671/834/796 528/1320/1252 454/932/890
f 3981/5106/4566 3956/5089/4549 3943/5082/4542 3942/5081/4541
f 3982/5107/4567 3997/5123/4580 3979/5105/4565
f 3997/5123/4580 3982/5107/4567 3947/5084/4544
f 3954/5087/4547 3956/5089/4549 3981/5106/4566
f 4036/5171/4617 4037/5172/4618 4038/5173/4619 4039/5174/4620
f 4036/5171/4617 4040/5175/4621 4037/5172/4618
f 4041/5176/4622 4042/5177/4623 4043/5178/4624
f 4044/5179/4625 4045/5180/4626 4046/5181/4627
f 4047/3637/3369 4048/5182/4628 4049/5183/4629 4050/3638/3370
f 4051/5184/4630 4048/5182/4628 4047/3637/3369
f 4052/5185/4631 4053/5186/4632 4048/5182/4628 4051/5184/4630
f 4051/5184/4630 4054/5187/4633 4055/5188/4634 4052/5185/4631
f 4054/5187/4633 4056/3636/3368 4057/3641/3373 4058/5189/4635
f 4056/3636/3368 4054/5187/4633 4051/5184/4630 4047/3637/3369
f 550/2802/2620 536/1451/1378 541/1067/1022 546/1075/1030 547/2803/2621
f 4059/3639/3371 4050/3638/3370 4039/5174/4620 4061/5190/4636
f 4039/5174/4620 4038/5173/4619 4062/5191/4637 4061/5190/4636
f 4038/5173/4619 4037/5172/4618 4045/5180/4626 4044/5179/4625
f 4063/5192/4638 4045/5180/4626 4037/5172/4618 4040/5175/4621
f 4063/5192/4638 4040/5175/4621 4064/5193/4639 4065/5194/4640
f 4049/5183/4629 4064/5193/4639 4040/5175/4621 4036/5171/4617
f 4064/5193/4639 4049/5183/4629 4048/5182/4628 4053/5186/4632
f 4053/5186/4632 4042/5195/4623 4065/5194/4640 4064/5193/4639
f 4042/5195/4623 4053/5186/4632 4052/5185/4631 4043/5178/4624
f 4043/5178/4624 4052/5185/4631 4055/5188/4634 4066/5196/4641
f 4055/5188/4634 4067/5197/4642 4068/5198/4643 4066/5196/4641
f 4067/5197/4642 4055/5188/4634 4054/5187/4633 4058/5189/4635
f 4058/5189/4635 4069/5199/4644 4070/5200/4645 4067/5197/4642
f 4058/5189/4635 4057/3641/3373 4071/5201/4646 4069/5199/4644
f 4057/3641/3373 4060/3640/3372 4072/5202/4647 4071/5201/4646
f 4060/3640/3372 4073/5203/4648 4074/5204/4649 4072/5202/4647
f 4073/5203/4648 4060/3640/3372 4059/3639/3371 4061/5190/4636
f 4075/4553/4122 4073/5203/4648 4061/5190/4636 4062/5191/4637
f 4076/4554/4123 4075/4553/4122 4062/5191/4637 4077/5205/4650
f 4077/5205/4650 4062/5191/4637 4038/5173/4619 4044/5179/4625
f 4077/5205/4650 4078/5206/4651 4079/5207/4652 4076/4554/4123
f 4077/5205/4650 4044/5179/4625 4046/5181/4627 4078/5206/4651
f 4078/5206/4651 4080/5208/4653 4081/5209/4654 4079/5207/4652
f 4080/5208/4653 4078/5206/4651 4046/5181/4627 4082/5210/4655
f 4082/5210/4655 4083/5211/4656 4084/5212/4657 4080/5208/4653
f 4082/5210/4655 4063/5213/4638 4065/5214/4640 4083/5211/4656
f 4083/5215/4656 4065/5216/4640 4042/5177/4623 4041/5176/4622
f 4084/5217/4657 4083/5215/4656 4041/5176/4622 4085/5218/4658
f 4085/5218/4658 4086/5219/4659 4087/5220/4660 4084/5217/4657
f 4066/5196/4641 4068/5198/4643 4086/5219/4659 4085/5218/4658
f 4066/5196/4641 4085/5218/4658 4041/5176/4622 4043/5178/4624
f 4088/5221/4661 4068/5198/4643 4067/5197/4642 4070/5200/4645
f 4070/5200/4645 4089/5222/4662 4090/5223/4663 4088/5221/4661
f 4091/5224/4664 4089/5222/4662 4070/5200/4645 4069/5199/4644
f 4092/5225/4665 4091/5224/4664 4069/5199/4644 4071/5201/4646
f 4093/5226/4666 4092/5225/4665 4071/5201/4646 4072/5202/4647
f 4072/5202/4647 4074/5204/4649 4094/5227/4667 4093/5226/4666
f 4095/4552/4121 4074/5204/4649 4073/5203/4648 4075/4553/4122
f 5007/5228/4668 4985/5229/4669 4984/5230/4670 5004/5231/4671 5005/5232/4672 5006/5233/4673
f 4076/4554/4123 4079/5207/4652 4099/5234/4674 4096/4555/4124
f 4079/5207/4652 4081/5209/4654 4100/5235/4675 4099/5234/4674
f 4100/5235/4675 4081/5209/4654 4087/5236/4660 4101/5237/4676
f 4087/5236/4660 4081/5209/4654 4080/5208/4653 4084/5212/4657
f 4101/5238/4676 4087/5220/4660 4086/5219/4659 4102/5239/4677
f 4103/5240/4678 4102/5239/4677 4088/5221/4661 4090/5223/4663
f 4102/5239/4677 4086/5219/4659 4068/5198/4643 4088/5221/4661
f 4104/5241/4679 4097/4556/4125 4096/4555/4124 4099/5234/4674
f 4105/5242/4680 4104/5241/4679 4099/5234/4674 4100/5235/4675
f 4105/5242/4680 4100/5235/4675 4101/5237/4676 4106/5243/4681
f 4106/5244/4681 4101/5238/4676 4102/5239/4677 4103/5240/4678
f 4082/5210/4655 4046/5181/4627 4045/5180/4626 4063/5213/4638
f 4050/3638/3370 4049/5183/4629 4036/5171/4617 4039/5174/4620
f 2303/3645/3377 2307/3648/3380 2305/3646/3378 2304/3642/3374 2300/3635/3367 2302/3643/3375
f 2143/3433/3205 3473/1502/1425 3477/4612/4166 2141/3430/3202 2138/2948/2765
f 4116/3224/3018 4115/2892/2709 4117/673/640 4118/672/639
f 741/3982/1339 734/5245/1338 735/1511/1434 712/1205/1150 732/1204/1149
f 2219/3518/3273 2220/3519/3274 1399/2345/2192 1398/2344/2191 1401/1379/1307 2217/1378/1306
f 4157/5246/4682 4156/5247/4683 4179/5248/4684 4123/4500/4076 4120/4499/4075
f 4118/672/639 4124/671/638 4125/5249/4685 4126/5250/4686
f 4116/3224/3018 4118/672/639 4126/5250/4686 4127/4850/4354
f 1256/2175/2036 1210/2124/1988 2155/3445/3215 2157/1408/1336 1260/1407/1335 1257/1409/1337
f 15/18/18 34/789/752 33/3051/2860 13/15/15
f 3515/4647/4198 3514/4646/4197 3509/175/163 3464/180/168 3463/4605/4160
f 1030/1936/1820 1495/2470/2301 1120/2024/1902 1119/2023/1901 1123/2028/1906 1121/2030/1908 1122/2029/1907 1031/1943/1827 1034/1946/1830 1027/1933/1817
f 4135/4770/4294 4137/4769/4293 4138/5251/4687 4205/5252/4688
f 549/1395/1323 551/1085/1040 554/1081/1036 546/1075/1030 545/1074/1029
f 4139/5253/4689 4138/5251/4687 4140/5254/4690 4141/5255/4691
f 4142/5256/4692 4139/5253/4689 4141/5255/4691 4143/5257/4693
f 4143/5257/4693 4144/5258/4694 4145/5259/4695 4142/5256/4692
f 4144/5258/4694 4143/5257/4693 4146/5260/4696 4147/5261/4697
f 4144/5258/4694 4147/5261/4697 4148/5262/4698 4149/5263/4699
f 4148/5262/4698 4150/5264/4700 4151/5265/4701 4149/5263/4699
f 4150/5264/4700 4148/5262/4698 4152/5266/4702 4153/5267/4703
f 4154/5268/4704 4150/5264/4700 4153/5267/4703 4155/5269/4705
f 4155/5270/4705 4153/5271/4703 4156/5247/4683 4157/5246/4682
f 4155/5269/4705 4158/5272/4706 4159/5273/4040 4154/5268/4704
f 4158/5274/4706 4155/5270/4705 4157/5246/4682 4160/5275/4707
f 4160/5275/4707 4157/5246/4682 4120/4499/4075 4122/2858/2675 4129/2857/2674
f 4160/5275/4707 4161/4544/4113 4162/4550/4119 4158/5274/4706
f 3665/4805/4322 3671/4811/4327 3672/2093/1961 3666/2092/1960 2720/4821/3701 2719/4806/3700
f 3112/4378/3963 3107/768/731 3108/3435/3207 3109/4387/3971 3120/4386/3970
f 1209/2123/1987 1264/2350/2197 1402/2349/2196 1408/275/260 1407/274/259 1166/723/686 1165/728/691
f 4164/3429/3201 4165/5276/4708 4166/5277/4709 4163/5278/4710
f 4164/3429/3201 4167/3428/3200 4168/5279/4711 4165/5276/4708
f 4167/3428/3200 4169/3427/3199 4170/5280/4712 4168/5279/4711
f 4169/3427/3199 4171/3474/3240 4172/5281/4713 4170/5280/4712
f 4169/3427/3199 4128/2856/2673 4173/2859/2676 4171/3474/3240
f 4690/5282/4714 4654/5283/4715 4675/4748/4276 4692/4747/4275
f 4171/3474/3240 4109/3473/3239 4174/5284/4716 4172/5281/4713
f 4172/5281/4713 4174/5284/4716 4175/5285/4717 4176/5286/4718
f 4174/5284/4716 4177/5287/4719 4146/5260/4696 4175/5285/4717
f 4174/5284/4716 4109/3473/3239 4108/5288/4720 4177/5287/4719
f 4177/5287/4719 4178/5289/4721 4147/5261/4697 4146/5260/4696
f 4178/5290/4721 4177/5287/4719 4108/5288/4720 4107/5291/4722
f 4147/5261/4697 4178/5289/4721 4152/5266/4702 4148/5262/4698
f 1470/2444/2275 1471/2446/2277 1705/2766/2587 1704/2755/2559 1714/3277/3065
f 4592/5292/4723 4582/5293/4724 4566/5294/4725 4549/5295/4726 4540/5296/4727 4568/5297/4728 4570/5298/4729 4584/5299/4730
f 252/409/394 254/415/400 255/418/403 253/410/395
f 4176/5286/4718 4175/5285/4717 4141/5255/4691 4140/5254/4690
f 4175/5285/4717 4146/5260/4696 4143/5257/4693 4141/5255/4691
f 4140/5254/4690 4180/5300/4731 4181/5301/4732 4176/5286/4718
f 4182/5302/4733 4180/5300/4731 4137/4769/4293 4136/4453/4033
f 4180/5300/4731 4140/5254/4690 4138/5251/4687 4137/4769/4293
f 4182/5302/4733 4136/4453/4033 4183/4452/4032 4184/5303/4734
f 4185/5304/4735 4183/4452/4032 4134/4451/4031 4186/674/641
f 573/1161/1111 574/1108/1063 251/408/393 250/407/392 249/483/463
f 4186/674/641 4117/673/640 4119/2895/2712 4185/5304/4735
f 3607/4745/4273 3606/4744/4272 3656/5305/1941 3566/4697/4236 3565/4696/4235
f 4185/5304/4735 4119/2895/2712 4188/2894/2711 4189/5306/4736
f 4185/5304/4735 4189/5306/4736 4184/5303/4734 4183/4452/4032
f 4190/5307/4737 4184/5303/4734 4189/5306/4736 4191/5308/4738
f 4184/5303/4734 4190/5307/4737 4192/5309/4739 4182/5302/4733
f 4192/5309/4739 4181/5301/4732 4180/5300/4731 4182/5302/4733
f 4181/5301/4732 4192/5309/4739 4168/5279/4711 4170/5280/4712
f 4176/5286/4718 4181/5301/4732 4170/5280/4712 4172/5281/4713
f 4191/5308/4738 4166/5310/4709 4165/5276/4708 4190/5307/4737
f 4192/5309/4739 4190/5307/4737 4165/5276/4708 4168/5279/4711
f 4191/5308/4738 4193/5311/4740 4113/5312/4116 4166/5310/4709
f 4194/3226/3020 4193/5311/4740 4188/2894/2711 4187/2893/2710
f 4188/2894/2711 4193/5311/4740 4191/5308/4738 4189/5306/4736
f 4196/4457/4037 4127/4850/4354 4197/5313/4129 4198/4458/4038
f 4161/4544/4113 4160/5275/4707 4129/2857/2674 4164/3429/3201 4163/5278/4710 4166/5277/4709 4113/4547/4116 4112/4546/4115 4111/4545/4114
f 2743/4888/4370 3134/4400/3984 3135/4402/3986 3149/4410/3994 3146/381/366 3147/380/365 3148/379/364 3151/378/363 2744/377/362 2746/376/361 2747/375/360 2745/2348/2195
f 4201/5314/4130 4197/5313/4129 4127/4850/4354 4126/5250/4686
f 4201/4563/4130 4203/5315/4741 4204/5316/4742 4202/4564/4131
f 4203/5317/4741 4201/5314/4130 4126/5250/4686 4125/5249/4685
f 570/1102/1057 569/140/129 246/147/136 245/406/391
f 3333/4533/4104 3339/4539/4108 3338/4538/4107 3342/2830/2648 3334/3856/3542
f 4208/614/584 4142/5256/4692 4145/5259/4695 4209/611/581
f 4209/611/581 4145/5259/4695 4210/3285/3070 4211/2438/2269
f 4149/5263/4699 4210/3285/3070 4145/5259/4695 4144/5258/4694
f 4212/3286/3071 4210/3285/3070 4149/5263/4699 4151/5265/4701
f 4151/5265/4701 4213/5318/4743 4200/4566/4133 4212/3286/3071
f 4213/5318/4743 4151/5265/4701 4150/5264/4700 4154/5268/4704
f 4214/5319/4039 4213/5318/4743 4154/5268/4704 4159/5273/4040
f 3875/5018/4487 3916/5058/4525 3871/5013/4482 3853/1374/1302 3852/5016/4485 3873/5015/4484
f 4215/4461/4041 4159/4460/4040 4158/5320/4706 4162/5321/4119
f 4215/4461/4041 4162/5321/4119 4114/5322/4118 4195/3225/3019
f 4195/3225/3019 4114/5322/4118 4110/5323/4117 4194/3226/3020
f 4213/5318/4743 4214/5319/4039 4198/4567/4038 4200/4566/4133
f 4216/3282/3067 4212/3286/3071 4200/4566/4133 4199/4565/4132
f 4217/3283/3068 4216/3282/3067 4199/4565/4132 4202/4564/4131
f 4217/3283/3068 4202/4564/4131 4204/5316/4742 4218/3284/3069
f 4193/5311/4740 4194/3226/3020 4110/5323/4117 4113/5312/4116
f 784/1576/1493 785/1575/1492 806/1606/1522 807/1642/1556 804/4342/3933
f 651/1444/1371 510/3139/2939 511/3138/2938 508/1275/1212 509/1263/1204 658/1261/1202
f 4221/5324/4744 4222/5325/4745 4223/5326/4746
f 4224/3580/3325 4225/5327/4747 4226/2309/2161 4227/2308/2160
f 4228/5328/4748 4229/5329/4749 4230/5330/4750 4231/5331/4751
f 4228/5328/4748 4232/5332/4752 4233/5333/4753 4229/5329/4749
f 4232/5332/4752 4234/5334/4754 4235/5335/4755 4236/5336/4756
f 4234/5334/4754 4232/5332/4752 4228/5328/4748 4231/5331/4751
f 4230/5330/4750 4237/5337/4757 4238/5338/4758 4231/5331/4751
f 4243/5339/4575 4244/4334/3929 4242/4333/3928 4245/5340/4759
f 4223/5326/4746 4222/5325/4745 4248/5116/4573 4246/5119/4576
f 4243/5118/4575 4245/5340/4759 4246/5119/4576
f 4246/5119/4576 4245/5340/4759 4249/5341/4760
f 4240/3578/3323 4249/5341/4760 4245/5340/4759 4242/4333/3928
f 1704/2755/2559 1705/2766/2587 1331/2272/2127 1254/2750/2554 1253/2756/2560
f 4237/5342/4757 4230/5343/4750 4252/2312/2164 4254/2311/2163
f 4252/2312/2164 4230/5343/4750 4229/5344/4749 4251/2313/2165
f 4251/2313/2165 4229/5344/4749 4233/5345/4753 4250/2314/2166
f 4250/2314/2166 4233/5345/4753 4222/5346/4745 4221/5347/4744
f 4255/5348/4761 4239/2315/2167 4250/2314/2166 4221/5347/4744
f 2228/3524/3278 1341/2281/2136 2229/3596/3341 2225/3562/3309 2227/3561/3308 2224/3560/2797 1400/3525/2796
f 4240/3578/3323 4239/2315/2167 4255/5348/4761 4249/5341/4760
f 4248/5349/4573 4222/5350/4745 4233/5333/4753 4232/5332/4752
f 4236/5336/4756 4247/5351/4574 4248/5349/4573 4232/5332/4752
f 4244/4334/3929 4243/5339/4575 4247/5351/4574 4236/5336/4756
f 4256/4330/3925 4244/4334/3929 4236/5336/4756 4235/5335/4755
f 4256/4330/3925 4235/5335/4755 4257/5352/4762 4258/4331/3926
f 4257/5352/4762 4235/5335/4755 4234/5334/4754 4259/5353/4763
f 4259/5353/4763 4234/5334/4754 4231/5331/4751 4238/5338/4758
f 4261/5354/4764 4262/5355/4765 4263/5356/4766
f 4264/5357/4767 4262/5355/4765 4261/5354/4764
f 4246/5119/4576 4249/5341/4760 4255/5358/4761 4221/5324/4744 4223/5326/4746
f 4423/5359/4768 4370/5360/4769 4373/5361/4770 4434/5362/4771 4433/5363/4772 4424/5364/4773
f 4269/5365/2580 4271/5366/4774 4272/5367/4775 4273/5368/4776
f 4272/5367/4775 4274/2842/2660 4275/5369/4777 4273/5368/4776
f 4274/2842/2660 4272/5367/4775 4271/5366/4774 4276/2843/2661
f 3966/5128/4585 4000/5126/4583 3998/5124/4581 3995/5121/4578 3994/5120/4577 3993/4466/4046 3967/5370/4778 3992/4465/4045 3933/5077/4537 3936/5076/4536 3964/5133/4590 3965/5130/4587
f 4281/5371/2577 4279/2837/2655 4278/2836/2654 4282/5372/2578
f 4281/5371/2577 4283/5373/3932 4284/2838/2656 4279/2837/2655
f 2032/3821/3520 1326/2356/2203 1322/2355/2202 1321/4738/4267 1946/4492/4068 1941/3127/2927 1940/3130/2930 1939/3375/3152 2030/2142/2006 2025/2141/2005 2024/3242/3036 2035/3272/3060
f 2096/3370/3147 1888/3058/2865 1892/3066/2873 2094/3353/3132
f 4291/5374/4779 4290/3234/3028 4289/3233/3027 4292/5375/4780
f 3406/326/311 3407/4577/562 3404/3279/566 3378/327/312
f 4270/5376/2579 4276/2843/2661 4271/5366/4774 4269/5377/2580
f 4276/2843/2661 4270/5376/2579 4282/5372/2578 4278/2836/2654
f 4295/5378/4781 4294/3232/3026 4267/4084/3730 4263/5356/4766
f 4292/5375/4780 4289/3233/3027 4294/3232/3026 4295/5378/4781
f 4292/5375/4780 4296/281/266 4297/5379/4782 4291/5374/4779
f 4298/5380/4783 4299/280/265 4300/2839/2657 4301/5381/4784
f 4299/280/265 4298/5380/4783 4297/5379/4782 4296/281/266
f 4186/674/641 4134/4451/4031 4132/4450/4030 4130/4455/4035 4131/670/637
f 4295/5378/4781 4302/276/261 4296/281/266 4292/5375/4780
f 4295/5378/4781 4263/5356/4766 4304/277/262 4302/276/261
f 4264/5357/4767 4261/5354/4764 4266/5382/2582 4268/5383/2581
f 4266/5382/2582 4261/5354/4764 4263/5356/4766 4267/4084/3730
f 4273/5368/4776 4264/5357/4767 4268/5383/2581 4269/5365/2580
f 4305/278/263 4304/277/262 4262/5355/4765 4275/5369/4777
f 4303/279/264 4305/278/263 4277/2841/2659 4280/2840/2658
f 4280/2840/2658 4300/2839/2657 4299/280/265 4303/279/264
f 3650/3741/3452 3649/3740/3451 3646/4775/3727 3647/5384/3499 3648/5385/3498 3658/4793/4314
f 4284/2838/2656 4306/5386/4785 4301/5381/4784 4300/2839/2657
f 4306/5386/4785 4284/2838/2656 4283/5373/3932 4287/5387/3931
f 4275/5369/4777 4262/5355/4765 4264/5357/4767 4273/5368/4776
f 4305/278/263 4275/5369/4777 4274/2842/2660 4277/2841/2659
f 4262/5355/4765 4304/277/262 4263/5356/4766
f 5159/5388/1178 5141/1240/1182 5142/5389/4786 5140/679/646 5162/678/645
f 4310/5390/4787 4311/5391/4788 4312/5392/4789
f 4314/5393/4790 4315/5394/4791 4316/5395/4792 4317/5396/4793
f 3063/4350/1994 3060/3916/3592 3259/5397/3591 3245/3914/3590 3243/2131/1995
f 4321/5398/4794 4322/5399/4795 4323/5400/4796 4324/5401/4797
f 5041/5402/4798 5040/5403/4799 5089/5404/4800 5052/5405/4801 5053/5406/4802 5042/5407/4803
f 1489/4164/3791 1498/2474/2305 1146/2061/1932 1490/2479/2310 1491/2478/2309 1492/3811/3506
f 4328/5408/4804 4329/5409/4805 4330/4828/4338 4326/5410/4806
f 4329/5409/4805 4328/5408/4804 4331/5411/4807 4332/5412/4808
f 4332/5412/4808 4331/5411/4807 4333/5413/3582 4334/5414/3581
f 4332/5412/4808 4334/5414/3581 4314/5393/4790 4317/5396/4793
f 4335/3901/3580 4336/5415/4809 4314/5393/4790 4334/3902/3581
f 4335/3901/3580 4337/3906/3585 4312/5392/4789 4336/5415/4809
f 2470/2221/2079 2471/2220/2078 2465/3942/3565 2466/2682/2497 2467/4017/3671 2468/3346/3125 2469/3345/3124
f 4339/5416/3583 4333/5417/3582 4331/5418/4807 4340/5419/4810
f 4340/5419/4810 4331/5418/4807 4328/5420/4804 4327/5421/4811
f 4340/5419/4810 4327/5421/4811 4341/5422/4812 4342/5423/4813
f 4325/5424/4814 4321/5398/4794 4343/5425/4815 4344/5426/4816
f 4321/5398/4794 4324/5401/4797 4345/5427/4817 4343/5425/4815
f 4345/5427/4817 4346/5428/4818 4347/5429/4819 4343/5425/4815
f 4347/5429/4819 4319/2106/1974 4318/2105/1973 4348/5430/4820
f 4319/2106/1974 4347/5429/4819 4346/5428/4818 4349/5431/4821
f 4348/5430/4820 4344/5426/4816 4343/5425/4815 4347/5429/4819
f 4344/5426/4816 4348/5430/4820 4350/5432/4822 4351/5433/4823
f 4344/5426/4816 4351/5433/4823 4341/5422/4812 4325/5424/4814
f 4351/5433/4823 4352/5434/4824 4342/5423/4813 4341/5422/4812
f 4338/3905/3584 4342/5423/4813 4352/5434/4824 4337/3906/3585
f 4337/3906/3585 4352/5434/4824 4310/5390/4787 4312/5392/4789
f 4352/5434/4824 4351/5433/4823 4350/5432/4822 4310/5390/4787
f 4348/5430/4820 4318/2105/1973 4353/2104/1972 4350/5432/4822
f 427/3522/3277 423/2528/2354 402/736/699 425/791/754
f 1309/1507/1430 1369/1506/1429 1368/2303/2155 1419/681/648 1428/685/652
f 4357/4606/4161 4316/5395/4792 4315/5394/4791 4355/4607/4162
f 4355/4607/4162 4315/5394/4791 4358/5435/4825 4354/2103/1971
f 4358/5435/4825 4315/5394/4791 4314/5393/4790 4336/5415/4809
f 4354/2103/1971 4358/5435/4825 4311/5391/4788 4353/2104/1972
f 4336/5415/4809 4312/5392/4789 4311/5391/4788 4358/5435/4825
f 4330/4828/4338 4329/5409/4805 4316/5395/4792 4357/4606/4161
f 4342/5423/4813 4338/3905/3584 4339/5416/3583 4340/5419/4810
f 4329/5409/4805 4332/5412/4808 4317/5396/4793 4316/5395/4792
f 4322/5399/4795 4309/5436/4826 4308/5437/4827 4359/5438/4828
f 4311/5391/4788 4310/5390/4787 4350/5432/4822 4353/2104/1972
f 209/4497/4073 213/353/338 212/352/337 211/439/424 210/438/423
f 4360/5439/4829 4361/5440/4830 4362/5441/4831
f 4363/5442/4832 4364/5443/4833 4365/5444/4834 4366/5445/4835
f 368/626/595 191/314/299 189/307/292 375/306/291 374/1539/290
f 4370/5360/4769 4371/5446/4836 4372/5447/4837 4373/5361/4770
f 4374/5448/4838 4375/5449/4839 4376/4147/3775 4377/4146/3774
f 4369/1112/1067 4368/1111/1066 4378/5450/4840
f 5211/5451/4841 5213/5452/4842 5214/5453/4843 5212/3022/2834 5202/3021/2833
f 4379/1110/1065 4382/1114/1069 4375/5449/4839 4380/5454/4844
f 4375/5449/4839 4382/1114/1069 4383/5455/4845 4376/4147/3775
f 4376/4147/3775 4383/5455/4845 4384/5456/4846 4385/4148/3776
f 4385/4148/3776 4384/5456/4846 4386/5457/4847 4387/5458/4848
f 4388/5459/4849 4389/5460/4850 4390/5461/4851 4391/5462/4852
f 4389/5460/4850 4392/5463/4853 4393/5464/4854 4390/5461/4851
f 4392/5463/4853 4369/1112/1067 4378/5450/4840 4393/5464/4854
f 4393/5464/4854 4394/5465/4855 4395/5466/4856 4390/5461/4851
f 4394/5465/4855 4393/5464/4854 4378/5450/4840 4381/5467/4857
f 4396/5468/4858 4381/5469/4857 4380/5454/4844 4397/5470/4859
f 4380/5454/4844 4375/5449/4839 4374/5448/4838 4397/5470/4859
f 4397/5470/4859 4374/5448/4838 4377/4146/3774 4398/5471/4860
f 4399/4150/3778 4400/5472/4861 4377/4146/3774
f 98/1504/1427 85/120/111 52/79/70 97/139/128 96/137/126 111/174/162
f 4401/4149/3777 4402/5473/4862 4403/5474/4863 4399/4150/3778
f 4401/4149/3777 4385/4148/3776 4387/5458/4848 4402/5473/4862
f 4402/5473/4862 4404/5475/4864 4405/5476/4865 4403/5474/4863
f 4402/5473/4862 4387/5458/4848 4406/5477/4866 4404/5475/4864
f 4404/5475/4864 4407/5478/4867 4408/5479/4868 4405/5476/4865
f 4407/5478/4867 4404/5475/4864 4406/5477/4866 4409/5480/4869
f 4407/5478/4867 4410/5481/4870 4411/5482/4871 4408/5479/4868
f 4410/5481/4870 4407/5478/4867 4409/5480/4869 4412/5483/4872
f 4411/5482/4871 4410/5481/4870 4413/5484/4873 4414/5485/4874
f 4412/5483/4872 4415/5486/4875 4413/5484/4873 4410/5481/4870
f 4414/5485/4874 4413/5484/4873 4416/5487/4876 4417/5488/4877
f 4416/5487/4876 4413/5484/4873 4415/5486/4875 4418/5489/4878
f 4417/5488/4877 4416/5487/4876 4391/5462/4852 4419/5490/4879
f 4391/5462/4852 4416/5487/4876 4418/5489/4878 4388/5459/4849
f 4419/5490/4879 4420/5491/4880 4363/5442/4832 4417/5488/4877
f 4420/5491/4880 4419/5490/4879 4390/5461/4851 4395/5466/4856
f 4390/5461/4851 4419/5490/4879 4391/5462/4852
f 4421/5492/4881 4395/5466/4856 4394/5465/4855 4422/5493/4882
f 4422/5494/4882 4423/5359/4768 4424/5364/4773 4421/5495/4881
f 4423/5359/4768 4422/5494/4882 4396/5496/4858 4425/5497/4883
f 4422/5493/4882 4394/5465/4855 4381/5467/4857 4396/5498/4858
f 4425/5497/4883 4371/5446/4836 4370/5360/4769 4423/5359/4768
f 4371/5499/4836 4425/5500/4883 4398/5471/4860 4426/5501/4884
f 4425/5500/4883 4396/5468/4858 4397/5470/4859 4398/5471/4860
f 4398/5471/4860 4377/4146/3774 4400/5472/4861 4426/5501/4884
f 4400/5472/4861 4427/5502/4885 4428/5503/4886 4426/5501/4884
f 4427/5502/4885 4400/5472/4861 4399/4150/3778 4403/5474/4863
f 4429/5504/4887 4427/5502/4885 4403/5474/4863 4405/5476/4865
f 4430/5505/4888 4429/5504/4887 4405/5476/4865 4408/5479/4868
f 4430/5505/4888 4408/5479/4868 4411/5482/4871 4431/5506/4889
f 4431/5506/4889 4411/5482/4871 4414/5485/4874 4366/5445/4835
f 4366/5445/4835 4414/5485/4874 4417/5488/4877 4363/5442/4832
f 4420/5491/4880 4432/5507/4890 4364/5443/4833 4363/5442/4832
f 4433/5363/4772 4432/5507/4890 4421/5495/4881 4424/5364/4773
f 4432/5507/4890 4420/5491/4880 4395/5466/4856 4421/5492/4881
f 5257/5508/4891 5256/5509/4892 5266/5510/4893 5267/5511/4894 5206/5512/4895 5205/5513/4896
f 4373/5361/4770 4372/5447/4837 4361/5440/4830 4434/5362/4771
f 4372/5447/4837 4371/5446/4836 4426/5514/4884 4428/5503/4886
f 4362/5441/4831 4428/5503/4886 4427/5502/4885 4429/5504/4887
f 4360/5439/4829 4362/5441/4831 4429/5504/4887 4430/5505/4888
f 4360/5439/4829 4430/5505/4888 4431/5506/4889 4435/5515/4897
f 4435/5515/4897 4431/5506/4889 4366/5445/4835 4365/5444/4834
f 4365/5444/4834 4433/5363/4772 4434/5362/4771 4435/5515/4897
f 4433/5363/4772 4365/5444/4834 4364/5443/4833 4432/5507/4890
f 4434/5362/4771 4361/5440/4830 4360/5439/4829 4435/5515/4897
f 4372/5447/4837 4428/5503/4886 4362/5441/4831 4361/5440/4830
f 4436/5516/4898 4437/5517/4899 4438/5518/4900 4439/5519/4901
f 4440/5520/4902 4441/5521/4903 4438/5518/4900 4437/5517/4899
f 4440/5520/4902 4442/5522/4904 4443/5523/4905 4441/5521/4903
f 4444/5524/4906 4445/5525/4907 4446/5526/1452
f 4447/5527/4908 4448/5528/4909 4449/5529/4910 4450/5530/4911
f 4451/5531/4912 4452/5532/4913 4453/5533/4914 4454/5534/4915
f 4455/5535/4916 4456/5536/4917 4457/5537/4918 4458/5538/4919
f 4456/5536/4917 4459/5539/4920 4460/5540/4921 4457/5537/4918
f 4459/5539/4920 4439/5519/4901 4461/5541/4922 4460/5540/4921
f 4439/5519/4901 4438/5518/4900 4462/5542/4923 4461/5541/4922
f 4438/5518/4900 4441/5521/4903 4463/5543/4924 4462/5542/4923
f 4441/5521/4903 4443/5523/4905 4464/1534/1456 4465/1533/1455
f 4466/5544/4925 4467/5545/4926 4468/5546/1458 4469/5547/1457
f 4470/5548/4927 4471/5549/4928 4444/5524/4906 4467/5545/4926
f 4470/5548/4927 4472/5550/4929 4473/5551/4930 4471/5549/4928
f 4473/5551/4930 4472/5550/4929 4455/5535/4916 4458/5538/4919
f 4473/5551/4930 4458/5538/4919 4450/5530/4911 4474/5552/4931
f 4458/5538/4919 4457/5537/4918 4447/5527/4908 4450/5530/4911
f 4475/5553/4932 4474/5552/4931 4450/5530/4911 4449/5529/4910
f 4449/5529/4910 4451/5531/4912 4454/5534/4915 4475/5553/4932
f 4451/5531/4912 4449/5529/4910 4448/5528/4909 4452/5532/4913
f 4448/5528/4909 4460/5540/4921 4461/5541/4922 4452/5532/4913
f 4452/5532/4913 4461/5541/4922 4462/5542/4923 4453/5533/4914
f 4453/5533/4914 4462/5542/4923 4463/5543/4924 4476/5554/4933
f 4476/5554/4933 4463/5543/4924 4477/1532/1454 4478/1531/1453
f 4465/1533/1455 4477/1532/1454 4463/5543/4924 4441/5521/4903
f 4446/5526/1452 4468/5546/1458 4467/5545/4926 4444/5524/4906
f 4446/1530/1452 4445/5555/4907 4478/1531/1453
f 4479/5556/4934 4478/1531/1453 4445/5555/4907 4480/5557/4935
f 4471/5549/4928 4480/5558/4935 4445/5525/4907 4444/5524/4906
f 4471/5549/4928 4473/5551/4930 4474/5552/4931 4480/5558/4935
f 4480/5559/4935 4474/5552/4931 4475/5553/4932 4479/5560/4934
f 4475/5553/4932 4454/5534/4915 4481/5561/4936 4479/5560/4934
f 4478/1531/1453 4479/5556/4934 4481/5562/4936 4476/5554/4933
f 4476/5554/4933 4481/5562/4936 4454/5534/4915 4453/5533/4914
f 4460/5540/4921 4448/5528/4909 4447/5527/4908 4457/5537/4918
f 4482/5563/4937 4483/5564/4938 4484/5565/4939
f 4485/5566/4940 4486/5567/4941 4487/5568/4942 4488/5569/4943
f 2609/3980/3642 2608/3979/3641 3047/4335/3930 3045/3925/3599 3046/2730/2534 3049/2729/2533
f 4489/5570/4944 4487/5568/4942 4491/5571/4945 4492/5572/4946
f 4493/5573/3410 4489/5570/4944 4492/5572/4946 4494/5574/4947
f 4494/5574/4947 4492/5572/4946 4495/5575/4948 4496/5576/4949
f 4494/5577/4947 4496/5578/4949 4497/5579/4950 4498/5580/4951
f 4499/5581/4952 4495/5575/4948 4492/5572/4946 4491/5571/4945
f 4491/5571/4945 4487/5568/4942 4486/5567/4941 4500/5582/4953
f 4486/5567/4941 4485/5566/4940 4501/5583/4954 4502/5584/4955
f 4503/5585/4956 4504/5586/4957 4505/5587/4958
f 4488/5569/4943 4506/5588/4959 4505/5587/4958 4485/5566/4940
f 4493/5573/3410 4508/5589/3409 4490/5590/4960 4489/5570/4944
f 1220/3826/3523 1221/4729/3526 2422/3828/3525 2421/3827/3524 2420/3825/3522
f 4498/5580/4951 4509/964/920 4493/3682/3410 4494/5577/4947
f 4497/5579/4950 4510/5591/4961 4511/5592/4962 4498/5580/4951
f 4502/5584/4955 4512/5593/4963 4500/5582/4953 4486/5567/4941
f 4512/5593/4963 4502/5584/4955 4513/5594/4964 4514/5595/4965
f 4515/5596/4966 4513/5594/4964 4502/5584/4955 4501/5583/4954
f 4513/5594/4964 4515/5596/4966 4516/5597/4967 4517/4643/4194
f 4518/5598/4968 4503/5585/4956 4519/5599/4969 4520/5600/4970
f 4519/5599/4969 4503/5585/4956 4521/5601/4971
f 4522/5602/4972 4507/5603/4973 4523/5604/3408 4483/5605/4938
f 4507/5603/4973 4490/5590/4960 4508/5589/3409 4523/5604/3408
f 4511/5592/4962 4525/965/921 4509/964/920 4498/5580/4951
f 4525/965/921 4511/5592/4962 4527/4639/4190 4528/4644/4195
f 4527/4639/4190 4511/5592/4962 4510/5591/4961 4529/4640/4191
f 5364/5606/4974 5362/5607/4975 5361/5608/4976 5360/5609/4977 5349/5610/4978 5363/5611/4979
f 4513/5594/4964 4517/4643/4194 4530/4642/4193 4514/5595/4965
f 4517/4643/4194 4516/5597/4967 4532/5612/4980 4528/4644/4195
f 4528/4644/4195 4532/5612/4980 4526/966/922 4525/965/921
f 4532/5612/4980 4533/5613/4981 4534/967/923 4526/966/922
f 4533/5613/4981 4532/5612/4980 4516/5597/4967 4520/5600/4970
f 4533/5613/4981 4535/5614/4982 4482/5563/4937 4534/967/923
f 4535/5614/4982 4533/5613/4981 4520/5600/4970 4519/5599/4969
f 4484/5615/4939 4483/5616/4938 4523/3680/3408 4524/963/919
f 4524/963/919 4534/967/923 4482/5563/4937 4484/5565/4939
f 4522/5602/4972 4521/5601/4971 4506/5588/4959 4507/5603/4973
f 4505/5587/4958 4506/5588/4959 4521/5601/4971 4503/5585/4956
f 4504/5586/4957 4501/5583/4954 4485/5566/4940 4505/5587/4958
f 4520/5600/4970 4516/5597/4967 4515/5596/4966 4518/5598/4968
f 4518/5598/4968 4515/5596/4966 4501/5583/4954 4504/5586/4957
f 4503/5585/4956 4518/5598/4968 4504/5586/4957
f 4536/5617/4983 4537/5618/4984 4538/5619/4985 4539/5620/4986
f 4536/5617/4983 4539/5620/4986 4540/5296/4727 4541/5621/4987
f 4545/5622/4988 4546/5623/4989 4547/5624/4990 4548/5625/4991
f 4541/5621/4987 4540/5296/4727 4549/5295/4726
f 3577/5626/2321 3600/2491/2320 3601/4750/4278 3553/4682/4222 3551/4681/4221
f 4556/5627/4992 4554/2195/2056 4553/2194/2055 4557/5628/4993
f 4554/2195/2056 4556/5627/4992 4558/5629/4994 4559/5630/4995
f 4561/5631/4996 4560/5632/4997 4538/5619/4985 4547/5633/4990
f 4539/5620/4986 4538/5619/4985 4560/5632/4997 4563/5634/4998
f 4547/5633/4990 4538/5619/4985 4537/5618/4984 4548/5635/4991
f 4537/5636/4984 4564/5637/4999 4545/5622/4988 4548/5638/4991
f 4564/5637/4999 4541/5621/4987 4549/5295/4726 4565/5639/5000
f 4541/5621/4987 4564/5637/4999 4537/5636/4984 4536/5617/4983
f 4565/5639/5000 4549/5295/4726 4566/5294/4725 4567/5640/5001
f 4563/5634/4998 4568/5297/4728 4540/5296/4727 4539/5620/4986
f 4568/5297/4728 4563/5634/4998 4569/4782/4303 4570/5298/4729
f 4563/5634/4998 4560/5632/4997 4562/4783/4304 4569/4782/4303
f 4556/5641/4992 4557/5642/4993 4571/4784/4305 4562/4783/4304 4560/5632/4997 4561/5631/4996 4558/5643/4994
f 4572/5644/5002 4557/5628/4993 4553/2194/2055 4552/2197/2058
f 5471/5645/5003 5468/5646/5004 5457/5647/5005 5432/5648/5006 5456/5649/5007 5455/5650/5008
f 4559/5630/4995 4575/1398/1326 4555/1397/1325 4554/2195/2056
f 4559/5630/4995 4577/5651/5009 4542/5652/5010 4575/1398/1326
f 4577/5651/5009 4559/5630/4995 4558/5629/4994 4561/5653/4996
f 4561/5653/4996 4547/5624/4990 4546/5623/4989 4577/5651/5009
f 4577/5651/5009 4546/5623/4989 4543/5654/5011
f 4543/5654/5011 4546/5623/4989 4545/5622/4988 4578/5655/5012
f 4578/5655/5012 4545/5622/4988 4564/5637/4999 4565/5639/5000
f 4578/5655/5012 4565/5639/5000 4567/5640/5001 4579/5656/5013
f 4579/5656/5013 4567/5640/5001 4580/5657/5014 4581/5658/5015
f 4567/5640/5001 4566/5294/4725 4582/5293/4724 4580/5657/5014
f 3376/328/313 3377/3276/3064 3374/4434/4019 3373/329/314
f 4570/5298/4729 4569/4782/4303 4583/4786/4307 4584/5299/4730
f 4583/4786/4307 4585/4785/4306 4586/5659/5016 4584/5299/4730
f 362/660/627 379/659/626 132/200/188 200/662/629 359/664/631 361/1287/1223
f 4571/4784/4305 4587/5660/5017 4588/5661/5018 4585/4785/4306
f 4572/5662/5002 4587/5660/5017 4571/4784/4305 4557/5642/4993
f 4586/5659/5016 4585/4785/4306 4588/5661/5018 4589/5663/5019
f 4592/5292/4723 4590/5664/5020 4593/5665/5021 4594/5666/5022
f 4582/5293/4724 4592/5292/4723 4594/5666/5022 4580/5657/5014
f 4594/5666/5022 4593/5665/5021 4595/5667/5023 4596/5668/5024
f 4580/5657/5014 4594/5666/5022 4596/5668/5024 4581/5658/5015
f 4544/5669/5025 4579/5656/5013 4581/5658/5015 4576/1399/1327
f 4544/5669/5025 4543/5654/5011 4578/5655/5012 4579/5656/5013
f 4576/1399/1327 4581/5658/5015 4596/5668/5024 4574/1400/1328
f 4596/5668/5024 4595/5667/5023 4573/1401/1329 4574/1400/1328
f 4542/5652/5010 4577/5651/5009 4543/5654/5011
f 4597/5670/5026 4598/5671/5027 4599/5672/5028
f 4600/5673/5029 4601/5674/5030 4602/5675/5031 4603/5676/5032
f 4604/5677/5033 4603/5678/5032 4605/4267/3884 4606/4266/3883
f 407/754/717 314/414/399 319/413/398 320/529/508 321/532/509
f 532/2849/2667 533/1448/1375 205/4438/4023 204/2850/2668
f 4610/4179/3804 4611/4178/3803 4612/5679/5034 4613/5680/5035
f 4614/5681/5036 4612/5679/5034 4611/4178/3803 4615/5682/5037
f 4612/5679/5034 4614/5681/5036 4616/5683/5038 4617/5684/5039
f 4615/5682/5037 4611/4178/3803 4618/4177/3802 4619/4271/3886
f 4607/3148/2948 4605/5685/3884 4620/5686/5040 4621/3144/2944
f 4621/3144/2944 4620/5686/5040 4622/5687/5041 4623/5688/5042
f 4620/5686/5040 4602/5675/5031 4601/5674/5030 4622/5687/5041
f 4602/5675/5031 4620/5686/5040 4605/5685/3884 4603/5676/5032
f 552/1148/1100 548/1396/1324 544/1144/1096 598/1143/1095 600/799/762 601/1149/1101
f 4601/5674/5030 4598/5671/5027 4622/5687/5041
f 4599/5672/5028 4601/5674/5030 4600/5689/5029 4625/5690/5043
f 4600/5689/5029 4626/5691/5044 4627/5692/5045 4625/5690/5043
f 4600/5693/5029 4603/5678/5032 4604/5677/5033 4626/5694/5044
f 4627/5692/5045 4628/5695/5046 4629/5696/5047 4625/5690/5043
f 4629/5696/5047 4628/5695/5046 4630/5697/5048 4631/5698/5049
f 4631/5698/5049 4632/5699/5050 4597/5670/5026 4629/5696/5047
f 4632/5699/5050 4631/5698/5049 4633/5700/5051 4634/5701/5052
f 4634/5701/5052 4635/5702/5053 4624/5703/5054 4632/5699/5050
f 4635/5702/5053 4634/5701/5052 4636/5704/5055 4637/5705/5056
f 4637/5705/5056 4638/5706/5057 4639/5707/5058 4635/5702/5053
f 4638/5706/5057 4637/5705/5056 4640/5708/5059 4641/5709/5060
f 3170/4504/4080 3171/3180/2980 3172/4295/3908 2788/2361/2208 2783/2360/2207 3169/3312/3096 3168/4416/3999
f 5453/5710/5061 5441/5711/2956 5476/5712/2955 5477/5713/5062 5478/5714/5063
f 4644/3145/2945 4621/3144/2944 4623/5688/5042 4639/5707/5058
f 4624/5703/5054 4598/5671/5027 4597/5670/5026 4632/5699/5050
f 4639/5707/5058 4638/5706/5057 4645/3146/2946 4644/3145/2945
f 4645/3146/2946 4638/5706/5057 4641/5709/5060 4646/5715/5064
f 4645/3146/2946 4646/5715/5064 4643/5716/3885 4642/3147/2947
f 4647/5717/5065 4640/5708/5059 4637/5705/5056 4636/5704/5055
f 4636/5704/5055 4617/5684/5039 4616/5683/5038 4647/5717/5065
f 4617/5684/5039 4636/5704/5055 4634/5701/5052 4633/5700/5051
f 4631/5698/5049 4630/5697/5048 4613/5680/5035 4633/5700/5051
f 4609/4180/3805 4630/5697/5048 4628/5695/5046 4648/5718/5066
f 4648/5718/5066 4628/5695/5046 4627/5692/5045 4626/5691/5044
f 4648/5718/5066 4606/4266/3883 4608/4176/3801 4609/4180/3805
f 4606/4266/3883 4648/5718/5066 4626/5691/5044 4604/5677/5033
f 4613/5680/5035 4630/5697/5048 4609/4180/3805 4610/4179/3804
f 4617/5684/5039 4633/5700/5051 4613/5680/5035 4612/5679/5034
f 4597/5670/5026 4599/5672/5028 4625/5690/5043 4629/5696/5047
f 4601/5674/5030 4599/5672/5028 4598/5671/5027
f 4649/5719/5067 4650/5720/5068 4651/5721/5069 4652/5722/5070
f 4653/5723/5071 4654/5283/4715 4655/5724/5072 4656/5725/5073
f 134/203/191 133/202/190 385/699/666 5498/669/636 358/668/635 380/667/634 381/666/633 199/665/632 200/662/629 198/663/630 281/454/437 282/465/448
f 4659/1185/1134 4660/3708/3431 4661/1741/1647 4662/1186/1135
f 4663/5726/5074 4664/3707/3430 4665/3706/3429 4666/5727/5075
f 3608/3793/3496 3609/3559/3307 2767/2341/2188 3573/2340/2187
f 1033/1945/1829 1028/1934/1818 1027/1933/1817 1034/1946/1830
f 4672/871/833 4671/875/837 4658/5728/5076 4657/5729/5077
f 4672/871/833 4657/5729/5077 4673/5730/5078 4674/872/834
f 4690/5282/4714 4688/5731/5079 4673/5730/5078 4657/5729/5077 4658/5728/5076 4655/5724/5072 4654/5283/4715
f 3777/5732/3731 3776/4091/3737 3774/4920/4401 3757/4907/4389 3759/4909/4391 3778/4922/4403 3779/4925/4405 3780/4086/3732
f 4676/5733/5080 4677/1188/1137 4678/3842/3537 4675/4748/4276
f 2887/4190/3813 2578/3961/3628 2579/3960/3627 2576/2027/1905 2577/4186/3810 2883/3817/3510 2459/3816/3509 2458/1656/1570 3715/3513/3269 2886/3512/3268
f 4682/3709/3432 4660/3708/3431 4684/814/777 4685/820/783
f 4669/815/778 4684/814/777 4660/3708/3431 4659/1185/1134
f 4674/872/834 4673/5730/5078 4688/5731/5079 4689/5734/5081
f 4689/5734/5081 4688/5731/5079 4652/5722/5070 4651/5721/5069
f 4688/5731/5079 4690/5282/4714 4691/5735/5082 4652/5722/5070
f 4692/4747/4275 4693/4746/4274 4691/5735/5082 4690/5282/4714
f 5509/2500/2327 5510/2499/2326 5498/669/636 385/699/666 386/698/665 384/703/670 382/707/674
f 4694/3839/3534 4678/3842/3537 4677/1188/1137 4679/1187/1136
f 4679/5736/1136 4662/1186/1135 4695/1744/1650 4694/4559/3534
f 3027/4601/4156 2723/4313/3703 2674/536/513 2825/535/512 3024/4306/3913 3025/4312/3916
f 4696/1743/1649 4683/1742/1648 4664/3707/3430 4697/4560/4127
f 4665/3706/3429 4682/3709/3432 4685/820/783 4698/5737/5083
f 4698/5737/5083 4685/820/783 4699/819/782 4700/5738/5084
f 2664/4011/3668 2657/2209/2070 2655/2208/2069 3279/1439/1366 2661/4008/3665
f 4700/5738/5084 4699/819/782 4701/5739/5085 4702/5740/5086
f 4699/819/782 4686/818/781 4687/873/835 4701/5739/5085
f 4701/5739/5085 4689/5734/5081 4651/5721/5069 4702/5740/5086
f 4689/5734/5081 4701/5739/5085 4687/873/835 4674/872/834
f 4702/5740/5086 4651/5721/5069 4650/5720/5068 4703/5741/5087
f 4704/5742/5088 4703/5741/5087 4650/5720/5068 4705/5743/5089
f 4703/5741/5087 4704/5742/5088 4706/5744/5090 4707/5745/5091
f 4666/5727/5075 4706/5746/5090 4708/5747/5092 4663/5726/5074
f 4663/5726/5074 4708/5747/5092 4697/4560/4127 4664/3707/3430
f 4709/4558/3535 4697/4560/4127 4708/5747/5092 4710/5748/5093
f 4709/3840/3535 4710/5749/5093 4711/5750/5094 4712/3841/3536
f 4710/5749/5093 4704/5751/5088 4705/5752/5089 4711/5750/5094
f 4710/5748/5093 4708/5747/5092 4706/5746/5090 4704/5753/5088
f 4713/5754/5095 4705/5743/5089 4650/5720/5068 4649/5719/5067
f 4649/5719/5067 4652/5722/5070 4691/5735/5082 4713/5754/5095
f 4691/5735/5082 4693/4746/4274 4714/5755/5096 4713/5756/5095
f 4705/5752/5089 4713/5756/5095 4714/5755/5096 4711/5750/5094
f 4712/3841/3536 4711/5750/5094 4714/5755/5096 4693/4746/4274
f 633/4495/4071 717/1381/1309 716/1385/1313 715/1054/1009 713/1053/1008 635/485/465 475/484/464 531/1047/1002 634/1518/1440
f 4707/5745/5091 4706/5744/5090 4666/5727/5075 4715/5757/5097
f 4700/5738/5084 4707/5745/5091 4715/5757/5097 4698/5737/5083
f 4707/5745/5091 4700/5738/5084 4702/5740/5086 4703/5741/5087
f 4715/5757/5097 4666/5727/5075 4665/3706/3429 4698/5737/5083
f 4653/5723/5071 4680/1189/1138 4677/1188/1137 4676/5733/5080
f 4676/5733/5080 4675/4748/4276 4654/5283/4715 4653/5723/5071
f 4667/816/779 4669/815/778 4659/1185/1134 4716/5758/5098
f 4716/5758/5098 4659/1185/1134 4681/1184/1133 4717/5759/5099
f 456/934/892 457/935/893 749/1447/1374 630/1194/1143 628/1133/1085
f 4726/4968/4442 4727/4953/4427 4728/4952/4426 4729/4951/4425
f 4733/5760/5100 4734/4965/4439 4735/4964/4438 4736/1169/1118
f 4736/1169/1118 4737/1168/1117 4738/5761/5101 4733/5760/5100
f 4733/5760/5100 4738/5761/5101 4739/4976/4450 4734/4965/4439
f 4206/5762/5102 4139/5253/4689 4142/5256/4692 4208/614/584 4207/613/583
f 4739/5763/4450 4738/5764/5101 4742/5765/5103 4743/5766/5104
f 4743/5766/5104 4744/5767/5105 4740/4974/4448 4739/5763/4450
f 4744/5767/5105 4745/5768/5106 4746/4975/4449 4740/4974/4448
f 4745/5768/5106 4744/5767/5105 4747/5769/5107 4748/5770/5108
f 4748/5770/5108 4749/5771/5109 4750/5772/5110 4745/5768/5106
f 4749/5771/5109 4751/5773/5111 4752/5774/5112 4750/5772/5110
f 4751/5773/5111 4749/5771/5109 4753/891/851 4754/5775/5113
f 4754/5775/5113 4755/5776/5114 4756/5777/5115 4751/5773/5111
f 4757/5778/5116 4756/5777/5115 4755/5776/5114 4758/5779/5117
f 4755/5776/5114 4759/5041/4509 4760/5040/4508 4758/5779/5117
f 3899/5/5 3850/4/4 3849/4994/4466 3852/5016/4485 3856/5780/5118
f 3855/1373/1301 3856/5780/5118 3852/5016/4485 3853/1374/1302
f 265/433/418 208/4498/4074 209/4497/4073 210/438/423 267/435/420
f 1945/3133/2933 1946/4492/4068 1733/2807/2625 1277/2809/2627
f 4771/5781/4473 4770/5782/4472 4772/5009/4478 4773/5008/4477
f 4770/5782/4472 4774/5783/4471 4775/5010/4479 4772/5009/4478
f 4775/5010/4479 4777/5784/5119 4778/5785/5120 4776/4998/4470
f 4776/4998/4470 4778/5785/5120 4779/5786/5121 4763/4995/4467
f 4762/3678/3406 4779/5786/5121 4780/5787/5122 4781/4891/4373
f 1832/2972/2789 1831/2975/2792 1828/2965/2782 1106/2010/1888
f 4757/5778/5116 4758/5779/5117 4761/3679/3407 4782/4890/4372
f 4782/4890/4372 4783/4889/4371 4784/5788/5123 4757/5778/5116
f 4757/5778/5116 4784/5788/5123 4785/5789/5124 4756/5777/5115
f 4752/5774/5112 4751/5773/5111 4756/5777/5115 4785/5789/5124
f 4785/5789/5124 4786/5790/5125 4787/5791/5126 4752/5774/5112
f 4787/5791/5126 4788/5792/5127 4750/5772/5110 4752/5774/5112
f 4788/5792/5127 4787/5791/5126 4730/4970/4444 4732/4969/4443
f 4732/4969/4443 4789/4961/4435 4746/4975/4449 4788/5792/5127
f 4788/5792/5127 4746/4975/4449 4745/5768/5106 4750/5772/5110
f 4789/4961/4435 4732/4969/4443 4729/4951/4425 4790/4950/4424
f 3471/1500/1423 2840/1499/1422 2843/4762/4286 2516/2441/2272 3470/4619/4173
f 169/241/226 168/240/225 363/621/591 360/624/594 361/1287/1223 359/664/631
f 5126/3232/4362 5098/4084/5128 5099/868/830 5100/867/829 5127/866/828
f 3813/2722/2526 3825/2721/2525 3829/4973/4447 3882/5793/4493 3883/5075/4492
f 4791/5794/1120 4793/5795/5129 4794/5796/5130 4792/5797/1116
f 4792/5797/1116 4794/5796/5130 4795/5798/5131 4737/5799/1117
f 4795/5798/5131 4742/5765/5103 4738/5764/5101 4737/5799/1117
f 4796/5800/5132 4797/5801/5133 4742/5765/5103 4795/5798/5131
f 4742/5765/5103 4797/5801/5133 4798/5802/5134 4743/5766/5104
f 4747/5769/5107 4744/5767/5105 4743/5766/5104 4798/5802/5134
f 4798/5802/5134 4799/5803/5135 4800/5804/5136 4747/5769/5107
f 4800/5804/5136 4801/887/847 4748/5770/5108 4747/5769/5107
f 4801/887/847 4753/891/851 4749/5771/5109 4748/5770/5108
f 3931/3123/2923 3929/5074/4535 3892/5034/4502 3845/4990/4462 3893/3124/2924
f 4753/891/851 4802/890/850 4803/5037/4505 4754/5775/5113
f 4759/5041/4509 4755/5776/5114 4754/5775/5113 4803/5037/4505
f 2017/4022/3676 1961/1414/1342 1960/516/496 2015/515/495 2016/4543/4112
f 4803/5037/4505 4804/5036/4504 4805/5042/4510 4759/5041/4509
f 2722/4048/3702 2862/4160/3787 2858/4163/3790 1493/3812/3507 1025/1931/1815 2740/4059/3712
f 4804/5036/4504 4806/5035/4503 4807/5038/4506 4805/5042/4510
f 1870/1302/1234 1869/3030/2842 3395/3408/3181 3397/1303/1235
f 4811/5044/4512 4812/5805/5137 4813/5806/5138 4809/5045/4513
f 4812/5805/5137 4811/5044/4512 4814/5043/4511 4815/5807/5139
f 4812/5805/5137 4815/5807/5139 4816/5004/4476 4769/5003/4475
f 4769/5003/4475 4768/5002/4474 4813/5806/5138 4812/5805/5137
f 4816/5004/4476 4815/5807/5139 4817/5808/5140 4818/5809/5141
f 4816/5004/4476 4818/5809/5141 4819/5810/5142 4774/4999/4471
f 4777/5784/5119 4775/5010/4479 4774/5783/4471 4819/5811/5142
f 4819/5811/5142 4820/5812/5143 4821/5813/5144 4777/5784/5119
f 4821/5813/5144 4822/5814/5145 4778/5785/5120 4777/5784/5119
f 4822/5814/5145 4780/5787/5122 4779/5786/5121 4778/5785/5120
f 4780/5787/5122 4822/5814/5145 4823/5815/5146 4824/5816/5147
f 4780/5787/5122 4824/5816/5147 4825/4892/4374 4781/4891/4373
f 4825/4892/4374 4826/5063/4530 4827/5817/5148 4783/4889/4371
f 4783/4889/4371 4827/5817/5148 4828/5818/5149 4784/5788/5123
f 4827/5817/5148 4719/4955/4429 4721/4963/4437 4828/5818/5149
f 4828/5818/5149 4721/4963/4437 4731/4962/4436 4786/5790/5125
f 4786/5790/5125 4785/5789/5124 4784/5788/5123 4828/5818/5149
f 4826/5063/4530 4720/4956/4430 4719/4955/4429 4827/5817/5148
f 956/1824/1717 951/1804/1701 950/1802/1700 949/1801/1699 926/1769/1673 955/1813/1709
f 4826/5063/4530 4825/4892/4374 4824/5816/5147 4830/5819/4528
f 4831/5062/4529 4832/5820/5150 4722/4967/4441 4724/4966/4440
f 4830/5819/4528 4824/5816/5147 4823/5815/5146 4831/5821/4529
f 4831/5821/4529 4823/5815/5146 4833/5822/5151 4832/5823/5150
f 4793/5824/5129 4791/5825/1120 4832/5823/5150 4833/5822/5151
f 4833/5822/5151 4821/5813/5144 4820/5812/5143 4793/5824/5129
f 4793/5795/5129 4820/5826/5143 4834/5827/5152 4794/5796/5130
f 4796/5800/5132 4795/5798/5131 4794/5796/5130 4834/5827/5152
f 4834/5827/5152 4818/5809/5141 4817/5808/5140 4796/5800/5132
f 4796/5800/5132 4817/5808/5140 4835/5828/5153 4797/5801/5133
f 4799/5803/5135 4798/5802/5134 4797/5801/5133 4835/5828/5153
f 4835/5828/5153 4814/5043/4511 4836/1362/1290 4799/5803/5135
f 4799/5803/5135 4836/1362/1290 4837/1361/1289 4800/5804/5136
f 4837/1361/1289 4838/1360/1288 4839/888/848 4801/887/847 4800/5804/5136
f 911/1406/1334 946/1405/1333 932/1815/1679 947/5829/1710 948/1799/1698
f 32/46/46 21/27/27 14/16/16 30/3050/2859 31/43/43
f 4835/5828/5153 4817/5808/5140 4815/5807/5139 4814/5043/4511
f 4820/5826/5143 4819/5810/5142 4818/5809/5141 4834/5827/5152
f 4833/5822/5151 4823/5815/5146 4822/5814/5145 4821/5813/5144
f 4791/1171/1120 4723/1170/1119 4722/4967/4441 4832/5820/5150
f 3445/1104/1059 3221/4591/4150 1882/4468/4048 1880/2827/2645 3431/1105/1060
f 4786/5790/5125 4731/4962/4436 4730/4970/4444 4787/5791/5126
f 4845/3400/3173 4846/5830/5154 4843/5831/5155 4842/3401/3174
f 5161/1238/1180 5175/5832/5156 5158/5833/5157 5154/5834/5158 5157/1239/1181
f 4847/5101/4561 4848/5104/4564 4849/5835/5159 4850/993/948
f 4849/5835/5159 4851/5836/5160 4852/5837/5161 4850/993/948
f 4853/4817/4333 4847/5101/4561 4850/993/948 4854/992/947
f 4855/5838/5162 4856/4602/4157 4857/995/950 4858/5839/5163
f 4859/5840/5164 4860/5841/5165 4861/5102/4562 4862/4816/4332
f 4863/5842/5166 4864/5843/5167 4865/5844/5168
f 4866/4813/4329 4867/4812/4328 4868/5845/5169 4869/4814/4330
f 4870/5846/5170 4871/5847/5171 4872/4815/4331 4869/4814/4330
f 582/1120/1075 584/1123/1078 535/1127/1081 536/1451/1378 534/1450/1377
f 4877/5848/5172 4878/5147/4598 4879/5146/4597 4880/5849/5173
f 4881/5850/5174 4882/5851/5175 4878/5147/4598 4877/5848/5172
f 4880/5849/5173 4883/4710/4245 4884/4709/4244 4877/5848/5172
f 3720/3819/3512 3722/3818/3511 2485/4860/489 3721/5852/488
f 4887/4707/4242 4863/5842/5166 4865/5844/5168 4886/4708/4243
f 4888/4706/4241 4889/5853/5176 4863/5842/5166 4887/4707/4242
f 4889/5853/5176 4890/5854/5177 4891/5855/5178 4863/5842/5166
f 4890/5854/5177 4892/5856/5179 4852/5837/5161 4891/5855/5178
f 4890/5854/5177 4858/5839/5163 4892/5856/5179
f 4858/5839/5163 4857/995/950 4893/994/949 4892/5856/5179
f 1261/2185/2046 1258/2176/2037 1488/4819/4335 2353/4574/4139 2348/3720/3440 1262/2186/2047
f 4856/4602/4157 4896/5857/4159 4894/996/951 4857/995/950
f 4894/996/951 4896/5857/4159 4897/5858/4158 4898/5859/5180
f 4899/5860/5181 4900/5861/5182 4898/5859/5180 4897/5858/4158
f 4844/5862/5183 4899/5863/5181 4897/4603/4158 4901/3402/3175 4842/3401/3174 4843/5831/5155
f 1692/1650/1564 1691/2731/2535 1229/2151/2015 1255/2747/2551 1694/2746/2550 1695/1651/1565
f 4902/3392/3165 4856/4602/4157 4855/5838/5162 4903/3393/3166
f 4766/4996/4468 4763/4995/4467 4779/5786/5121 4762/3678/3406 4765/3677/3405
f 4904/3394/3167 4903/3393/3166 4905/5864/5184 4906/5865/5185
f 4906/5865/5185 4907/5866/5186 4908/3395/3168 4904/3394/3167
f 4907/5866/5186 4909/5867/5187 4910/3396/3169 4908/3395/3168
f 4576/1399/1327 4575/1398/1326 4542/5652/5010 4543/5654/5011 4544/5669/5025
f 4911/5868/5188 4875/3397/3170 4910/3396/3169 4909/5867/5187
f 4874/3398/3171 4875/3397/3170 4911/5868/5188 4912/5869/5189
f 4913/5870/5190 4873/3399/3172 4874/3398/3171 4912/5869/5189
f 4846/5830/5154 4845/3400/3173 4873/3399/3172 4913/5870/5190
f 4913/5871/5190 4914/5872/5191 4915/5873/5192 4846/5874/5154
f 4846/5874/5154 4915/5873/5192 4916/5875/5193 4843/5876/5155
f 4843/5877/5155 4916/5878/5193 4917/5879/5194 4844/5880/5183
f 4917/5879/5194 4900/5861/5182 4899/5860/5181 4844/5880/5183
f 4900/5861/5182 4917/5879/5194 4918/5881/5195 4868/5845/5169
f 4900/5861/5182 4868/5845/5169 4867/4812/4328 4898/5859/5180
f 4867/4812/4328 4895/997/952 4894/996/951 4898/5859/5180
f 4918/5881/5195 4917/5879/5194 4916/5878/5193 4929/5882/5196 4871/5847/5171 4870/5846/5170
f 4870/5846/5170 4869/4814/4330 4868/5845/5169 4918/5881/5195
f 4914/5872/5191 4920/648/615 4919/4916/4397 4915/5873/5192
f 4920/648/615 4914/5872/5191 4921/5148/4599 4922/649/616
f 3061/2128/1992 3241/2127/1991 3238/2274/2129 2708/2278/2133
f 4912/5883/5189 4911/5884/5188 4923/5149/4600 4921/5148/4599
f 4923/5149/4600 4911/5884/5188 4909/5867/5187 4924/5885/5197
f 4883/4710/4245 4880/5849/5173 4924/5885/5197 4925/4711/4246
f 4924/5885/5197 4880/5849/5173 4879/5146/4597 4923/5149/4600
f 4924/5885/5197 4909/5867/5187 4907/5866/5186 4925/4711/4246
f 4907/5866/5186 4906/5865/5185 4888/4706/4241 4925/4711/4246
f 4906/5865/5185 4905/5864/5184 4889/5853/5176 4888/4706/4241
f 4914/5872/5191 4913/5871/5190 4912/5883/5189 4921/5148/4599
f 4034/5168/4615 4017/855/817 4012/854/816 4011/3589/3334 4019/3588/3333
f 4322/5399/4795 4327/5421/4811 4328/5420/4804 4326/5886/4806 4309/5436/4826
f 4916/5875/5193 4915/5873/5192 4919/4916/4397 4928/4915/4396 4929/5887/5196
f 4929/5887/5196 4928/4915/4396 4930/5888/5198 4931/5889/5199
f 4929/5882/5196 4931/5890/5199 4932/5891/5200 4871/5847/5171
f 4179/5248/4684 4156/5247/4683 4153/5271/4703 4152/5892/4702 4178/5290/4721 4107/5291/4722
f 4931/5890/5199 4933/5893/5201 4934/5894/5202 4932/5891/5200
f 4934/5894/5202 4935/5895/5203 4936/5896/5204 4932/5891/5200
f 4936/5896/5204 4872/4815/4331 4871/5847/5171 4932/5891/5200
f 4935/5895/5203 4937/5897/5205 4859/5840/5164 4936/5896/5204
f 4936/5896/5204 4859/5840/5164 4862/4816/4332 4872/4815/4331
f 4938/5898/5206 4930/5888/5198 4939/5899/5207 4940/5900/5208
f 4940/5900/5208 4939/5899/5207 4941/5901/5209 4942/5902/5210
f 4930/5888/5198 4928/4915/4396 4927/647/614 4939/5899/5207
f 4939/5899/5207 4927/647/614 4943/646/613 4941/5901/5209
f 4882/5851/5175 4944/5903/5211 4941/5901/5209 4943/646/613
f 4926/650/617 4878/5147/4598 4882/5851/5175 4943/646/613
f 4938/5898/5206 4933/5904/5201 4931/5889/5199 4930/5888/5198
f 4903/3393/3166 4855/5838/5162 4858/5839/5163 4905/5864/5184
f 4850/993/948 4852/5837/5161 4892/5856/5179 4893/994/949
f 3753/1853/1745 3750/1852/1744 3745/4901/4383 3748/4904/4386 3763/4914/4395
f 3985/3728/3445 3945/3727/3444 3944/988/943 3951/987/942 3962/5095/4555 3958/5091/4551 3957/5090/4550 3960/5093/4553
f 4891/5855/5178 4852/5837/5161 4851/5836/5160 4864/5843/5167
f 4890/5854/5177 4889/5853/5176 4905/5864/5184
f 4905/5864/5184 4858/5839/5163 4890/5854/5177
f 4863/5842/5166 4891/5855/5178 4864/5843/5167
f 4945/5905/5212 4946/5906/5213 4947/5907/5214 4948/5908/5215
f 4945/5905/5212 4948/5908/5215 4949/5909/5216
f 4950/5910/5217 4951/5911/5218 4952/5912/5219
f 4953/5913/5220 4954/5914/5221 4955/5915/5222
f 4956/1601/1517 4957/1600/1516 4958/5916/5223 4959/5917/5224
f 4960/5918/5225 4956/1601/1517 4959/5917/5224
f 4959/5917/5224 4961/5919/5226 4962/5920/5227 4960/5918/5225
f 4960/5918/5225 4962/5920/5227 4963/5921/5228 4964/5922/5229
f 4964/5922/5229 4965/5923/5230 4966/1603/1519 4967/1602/1518
f 4967/1602/1518 4956/1601/1517 4960/5918/5225 4964/5922/5229
f 4121/3472/3238 4123/4500/4076 4179/5248/4684 4107/5291/4722 4108/5288/4720 4109/3473/3239
f 4969/1599/1515 4970/5924/5231 4946/5906/5213 4957/1600/1516
f 4946/5906/5213 4970/5924/5231 4971/5925/5232 4947/5907/5214
f 4955/5915/5222 4948/5908/5215 4947/5907/5214 4953/5913/5220
f 4972/5926/5233 4949/5909/5216 4948/5908/5215 4955/5915/5222
f 4972/5926/5233 4973/5927/5234 4974/5928/5235 4949/5909/5216
f 4958/5916/5223 4945/5905/5212 4949/5909/5216 4974/5928/5235
f 4974/5928/5235 4961/5919/5226 4959/5917/5224 4958/5916/5223
f 4961/5919/5226 4974/5928/5235 4973/5927/5234 4952/5929/5219
f 4952/5929/5219 4951/5911/5218 4962/5920/5227 4961/5919/5226
f 4951/5911/5218 4975/5930/5236 4963/5921/5228 4962/5920/5227
f 4963/5921/5228 4975/5930/5236 4976/5931/5237 4977/5932/5238
f 4977/5932/5238 4965/5923/5230 4964/5922/5229 4963/5921/5228
f 4965/5923/5230 4977/5932/5238 4978/5933/5239 4979/5934/5240
f 4965/5923/5230 4979/5934/5240 4980/5935/5241 4966/1603/1519
f 4966/1603/1519 4980/5935/5241 4981/5936/5242 4968/1604/1520
f 4968/1604/1520 4981/5936/5242 4982/5937/5243 4983/5938/5244
f 4969/1599/1515 4968/1604/1520 4983/5938/5244 4970/5924/5231
f 4984/5230/4670 4971/5925/5232 4970/5924/5231 4983/5938/5244
f 4985/5229/4669 4986/5939/5245 4971/5925/5232 4984/5230/4670
f 4986/5939/5245 4953/5913/5220 4947/5907/5214 4971/5925/5232
f 4986/5939/5245 4985/5229/4669 4987/5940/5246 4988/5941/5247
f 4954/5914/5221 4953/5913/5220 4986/5939/5245 4988/5941/5247
f 4988/5941/5247 4987/5940/5246 4989/5942/5248 4990/5943/5249
f 4990/5943/5249 4991/5944/5250 4954/5914/5221 4988/5941/5247
f 4991/5944/5250 4990/5943/5249 4992/5945/5251 4993/5946/5252
f 4973/5947/5234 4972/5948/5233 4991/5944/5250 4993/5946/5252
f 4993/5949/5252 4950/5910/5217 4952/5912/5219 4973/5950/5234
f 4992/5951/5251 4994/5952/5253 4950/5910/5217 4993/5949/5252
f 4994/5952/5253 4992/5951/5251 4995/5953/5254 4996/5954/5255
f 4996/5954/5255 4976/5931/5237 4975/5930/5236 4994/5952/5253
f 4975/5930/5236 4951/5911/5218 4950/5910/5217 4994/5952/5253
f 4997/5955/5256 4978/5933/5239 4977/5932/5238 4976/5931/5237
f 4978/5933/5239 4997/5955/5256 4998/5956/5257 4999/5957/5258
f 5000/5958/5259 4979/5934/5240 4978/5933/5239 4999/5957/5258
f 5001/5959/5260 4980/5935/5241 4979/5934/5240 5000/5958/5259
f 5002/5960/5261 4981/5936/5242 4980/5935/5241 5001/5959/5260
f 5003/5961/5262 4982/5937/5243 4981/5936/5242 5002/5960/5261
f 5004/5231/4671 4984/5230/4670 4983/5938/5244 4982/5937/5243
f 4985/5229/4669 5007/5228/4668 5008/5962/5263 4987/5940/5246
f 4987/5940/5246 5008/5962/5263 5009/5963/5264 4989/5942/5248
f 5009/5963/5264 5010/5964/5265 4995/5965/5254 4989/5942/5248
f 4995/5965/5254 4992/5945/5251 4990/5943/5249 4989/5942/5248
f 5010/5966/5265 5011/5967/5266 4996/5954/5255 4995/5953/5254
f 5012/5968/5267 4998/5956/5257 4997/5955/5256 5011/5967/5266
f 5011/5967/5266 4997/5955/5256 4976/5931/5237 4996/5954/5255
f 5013/5969/5268 5008/5962/5263 5007/5228/4668 5006/5233/4673
f 5014/5970/5269 5009/5963/5264 5008/5962/5263 5013/5969/5268
f 5010/5964/5265 5009/5963/5264 5014/5970/5269 5015/5971/5270
f 5015/5972/5270 5012/5968/5267 5011/5967/5266 5010/5966/5265
f 4991/5944/5250 4972/5948/5233 4955/5915/5222 4954/5914/5221
f 4957/1600/1516 4946/5906/5213 4945/5905/5212 4958/5916/5223
f 5016/2525/2351 5017/2524/2350 5018/1529/1451 5019/1528/1450
f 5020/5973/5271 5021/5974/5272 5022/5975/5273 5023/5976/5274
f 5024/5977/5275 5025/5978/5276 5021/5974/5272 5020/5973/5271
f 5029/5979/5277 5030/5980/5278 5027/5981/5279 5026/5982/5280
f 5030/5980/5278 5029/5979/5277 5031/5983/5281 5032/5984/5282
f 5031/5983/5281 5033/4371/3957 5034/4370/3956 5032/5984/5282
f 5031/5983/5281 5029/5979/5277 5035/5985/5283 5033/4371/3957
f 5036/5986/5284 5037/5987/5285 5038/1300/1232 5039/1299/1231
f 5036/5986/5284 5039/1299/1231 5040/5403/4799 5041/5402/4798
f 5036/5986/5284 5041/5402/4798 5042/5407/4803 5037/5987/5285
f 5045/1298/1230 5044/1297/1229 5046/5988/5286 5047/5989/5287
f 5046/5988/5286 5048/5990/5288 5047/5989/5287
f 5047/5989/5287 5040/5403/4799 5039/1299/1231 5045/1298/1230
f 4326/5410/4806 4330/4828/4338 4307/4827/4337 4308/5437/4827 4309/5436/4826
f 961/1833/1726 978/1849/1741 979/804/767 964/803/766 983/802/765 982/1862/1754
f 5054/5991/5289 5025/5978/5276 5055/5992/5290 5056/5993/5291
f 5024/5977/5275 5057/5994/5292 5055/5992/5290 5025/5978/5276
f 5058/5995/5293 5055/5992/5290 5057/5994/5292 5059/5996/5294
f 5056/5993/5291 5055/5992/5290 5058/5995/5293 5060/5997/5295
f 5061/5998/5296 5062/5999/5297 5060/5997/5295 5063/1418/1346
f 5064/6000/5298 5061/5998/5296 5063/1418/1346 5065/1417/1345
f 5065/1417/1345 5066/6001/5299 5067/6002/5300 5064/6000/5298
f 5067/6003/5300 5030/5980/5278 5032/5984/5282 5064/6004/5298
f 5030/5980/5278 5067/6003/5300 5068/6005/5301 5027/5981/5279
f 5027/5981/5279 5068/6005/5301 5069/2527/2353 5028/2526/2352
f 3378/327/312 3379/3281/3066 3380/2829/2647 3376/328/313
f 4808/5039/4507 4764/3676/3404 4761/3679/3407 4758/5779/5117 4760/5040/4508
f 223/6006/5302 209/4497/4073 231/4496/4072 232/400/385 229/393/378 228/392/377 227/391/376 220/363/348
f 5071/6007/5303 5049/4372/3958 5033/4371/3957 5035/5985/5283
f 5051/4369/3955 5062/5999/5297 5061/5998/5296 5034/4370/3956
f 5064/6004/5298 5032/5984/5282 5034/4370/3956 5061/5998/5296
f 5060/5997/5295 5062/5999/5297 5072/1525/1447 5056/5993/5291
f 5073/6008/1446 5054/5991/5289 5056/5993/5291 5072/1525/1447
f 5073/6008/1446 5018/6009/1451 5074/4687/4227 5054/5991/5289
f 1487/553/530 2638/552/529 2637/4001/3658 1488/4819/4335 1258/2176/2037 1257/1409/1337
f 5075/4686/4226 5076/6010/5304 5077/6011/5305 5078/6012/5306 5022/5975/5273 5021/5974/5272 5025/5978/5276 5054/5991/5289 5074/4687/4227
f 5079/6013/5307 5080/6014/5308 5042/6015/4803 5053/6016/4802
f 5079/6013/5307 5077/6011/5305 5076/6010/5304 5080/6014/5308
f 5076/6010/5304 5075/4686/4226 5081/4685/4225 5080/6014/5308
f 5081/4685/4225 5082/4684/4224 5038/6017/1232 5037/6018/5285
f 5037/6018/5285 5042/6015/4803 5080/6014/5308 5081/4685/4225
f 1024/1930/1814 2742/4093/3739 2741/3833/3528 2424/4058/3711 2425/4060/3713 1025/1931/1815
f 5043/6019/1233 5038/6017/1232 5082/4684/4224 5083/4683/4223
f 5017/6020/2350 5083/4683/4223 5074/4687/4227 5018/6009/1451
f 994/1894/1781 992/6021/3959 991/1890/1777 1003/1889/1776 1016/1911/1798 1018/1910/1797 1004/1891/1778
f 5062/5999/5297 5051/4369/3955 5050/1526/1448 5072/1525/1447
f 904/1747/1653 905/1750/1656 906/4480/4059 891/1730/1639 903/1746/1652
f 5049/4372/3958 5071/6007/5303 5084/1527/1449 5050/1526/1448
f 5043/6019/1233 5083/4683/4223 5017/6020/2350 5070/6022/2349
f 5043/1301/1233 5070/6023/2349 5069/6024/2353 5044/1297/1229
f 5046/5988/5286 5044/1297/1229 5069/6024/2353 5068/6025/5301
f 5066/6001/5299 5046/5988/5286 5068/6025/5301 5067/6002/5300
f 5085/6026/5309 5086/6027/5310 5087/6028/5311 5048/5990/5288
f 5087/6028/5311 5088/6029/5312 5047/5989/5287 5048/5990/5288
f 5088/6029/5312 5089/5404/4800 5040/5403/4799 5047/5989/5287
f 5066/6001/5299 5065/1417/1345 5090/1416/1344 5085/6026/5309
f 5090/1416/1344 5091/1421/1349 5086/6027/5310 5085/6026/5309
f 5035/5985/5283 5029/5979/5277 5026/5982/5280 5027/5981/5279 5028/2526/2352 5016/2525/2351 5019/1528/1450 5084/1527/1449 5071/6007/5303
f 5092/1419/1347 5058/5995/5293 5059/5996/5294 5093/1420/1348
f 5058/5995/5293 5092/1419/1347 5063/1418/1346 5060/5997/5295
f 5085/6026/5309 5048/5990/5288 5046/5988/5286 5066/6001/5299
f 3477/4612/4166 3479/4614/4168 2145/3441/3213 2146/3440/3212 2141/3430/3202
f 5094/5354/5313 5095/5356/5314 5096/5355/5315
f 5097/5357/5316 5094/5354/5313 5096/5355/5315
f 2360/3787/3494 2363/3744/3455 2356/1343/1275 2357/1342/1274 2358/3742/3453 2359/3743/3454
f 755/1513/1435 754/1512/800 710/1472/799 707/1473/1396
f 5104/5367/5317 5105/5366/5318 5102/5365/832 5106/5368/5319
f 5104/5367/5317 5106/5368/5319 5107/5369/5320 5108/2842/3518
f 5105/5366/5318 5104/5367/5317 5108/2842/3518 5109/2843/3517
f 1198/4456/4036 1800/2921/2738 1796/2924/2741 1799/4021/3675 1794/4020/3674
f 5114/5371/824 5115/5372/823 5111/2836/3516 5113/2837/3515
f 5116/2838/5321 5117/5373/4011 5114/5371/824 5113/2837/3515
f 1189/2102/1970 1358/2425/2258 1359/2424/2257 1360/3693/3416 1361/3684/3411
f 5124/5374/5322 5125/5375/5323 5123/3233/4364 5122/3234/4363
f 5103/5376/822 5102/5377/832 5105/5366/5318 5109/2843/3517
f 5109/2843/3517 5111/2836/3516 5115/5372/823 5103/5376/822
f 5128/5378/5324 5095/5356/5314 5098/4084/5128 5126/3232/4362
f 5126/3232/4362 5123/3233/4364 5125/5375/5323 5128/5378/5324
f 5125/5375/5323 5124/5374/5322 5129/5379/5325 5130/281/2565
f 5131/5380/5326 5132/5381/5327 5133/2839/5328 5134/280/2566
f 5130/281/2565 5129/5379/5325 5131/5380/5326 5134/280/2566
f 5128/5378/5324 5125/5375/5323 5130/281/2565 5136/276/2564
f 5128/5378/5324 5136/276/2564 5137/277/2563 5095/5356/5314
f 5097/5357/5316 5101/5383/831 5099/5382/830 5094/5354/5313
f 5098/4084/5128 5095/5356/5314 5094/5354/5313 5099/5382/830
f 5106/5368/5319 5102/5365/832 5101/5383/831 5097/5357/5316
f 5138/278/2562 5107/5369/5320 5096/5355/5315 5137/277/2563
f 5135/279/2561 5112/2840/3514 5110/2841/3513 5138/278/2562
f 5112/2840/3514 5135/279/2561 5134/280/2566 5133/2839/5328
f 5133/2839/5328 5116/2838/5321 5113/2837/3515 5112/2840/3514
f 5116/2838/5321 5133/2839/5328 5132/5381/5327 5139/5386/5329
f 5139/5386/5329 5119/5387/4012 5117/5373/4011 5116/2838/5321
f 5107/5369/5320 5106/5368/5319 5097/5357/5316 5096/5355/5315
f 5138/278/2562 5110/2841/3513 5108/2842/3518 5107/5369/5320
f 5096/5355/5315 5095/5356/5314 5137/277/2563
f 3718/1739/1645 2875/983/938 2781/982/937 2789/1623/1537
f 5143/6030/5330 5144/6031/5331 5145/6032/5332
f 5147/6033/5333 5148/6034/5334 5149/6035/5335 5150/6036/5336
f 5154/5834/5158 5155/6037/5337 5156/6038/5338 5157/1239/1181
f 4327/5421/4811 4322/5399/4795 4321/5398/4794 4325/5424/4814 4341/5422/4812
f 1295/2049/1921 1348/2288/2141 1351/2290/2142 1298/2050/1922
f 5160/6039/1179 5159/5388/1178 5162/678/645 5163/6040/5339
f 5163/6040/5339 5164/6041/5340 5165/6042/5341 5160/6039/1179
f 5164/6041/5340 5166/6043/523 5167/6044/522 5165/6042/5341
f 5164/6041/5340 5150/6036/5336 5149/6035/5335 5166/6043/523
f 5149/6035/5335 5168/6045/5342 5169/547/524 5166/546/523
f 5169/547/524 5168/6045/5342 5144/6031/5331 5170/548/525
f 2506/4795/4315 2507/4794/4271 2505/3900/3579 2504/3899/3578 2859/4157/3784 2427/3858/3544 2426/3857/3543 2429/3860/3546 2428/3859/3545
f 5172/6046/521 5173/6047/5343 5165/6048/5341 5167/6049/522
f 5173/6047/5343 5161/1238/1180 5160/1237/1179 5165/6048/5341
f 5173/6047/5343 5174/6050/5344 5175/5832/5156 5161/1238/1180
f 5158/5833/5157 5176/6051/5345 5177/6052/5346 5154/5834/5158
f 5154/5834/5158 5177/6052/5346 5178/6053/5347 5155/6037/5337
f 5178/6053/5347 5177/6052/5346 5179/6054/5348 5180/6055/5349
f 5179/6054/5348 5181/6056/5350 5151/4426/4009 5153/4425/4008
f 5153/4425/4008 5182/6057/5351 5180/6055/5349 5179/6054/5348
f 5181/6056/5350 5179/6054/5348 5177/6052/5346 5176/6051/5345
f 5176/6051/5345 5183/6058/5352 5184/6059/5353 5181/6056/5350
f 5176/6051/5345 5158/5833/5157 5175/5832/5156 5183/6058/5352
f 5183/6058/5352 5175/5832/5156 5174/6050/5344 5185/6060/5354
f 5171/549/526 5170/548/525 5185/6060/5354 5174/6050/5344
f 5170/548/525 5144/6031/5331 5143/6030/5330 5185/6060/5354
f 5185/6060/5354 5143/6030/5330 5184/6059/5353 5183/6058/5352
f 5181/6056/5350 5184/6059/5353 5186/4427/4010 5151/4426/4009
f 3459/4349/3940 3512/4348/3939 3515/4647/4198 3463/4605/4160
f 5190/677/644 5188/1923/1809 5148/6034/5334 5147/6033/5333
f 5191/6061/5355 5148/6034/5334 5188/1923/1809 5187/1926/1812
f 5149/6035/5335 5148/6034/5334 5191/6061/5355 5168/6045/5342
f 5187/1926/1812 5186/4427/4010 5145/6032/5332 5191/6061/5355
f 5145/6032/5332 5144/6031/5331 5168/6045/5342 5191/6061/5355
f 5162/678/645 5190/677/644 5147/6033/5333 5163/6040/5339
f 5174/6050/5344 5173/6047/5343 5172/6046/521 5171/549/526
f 5163/6040/5339 5147/6033/5333 5150/6036/5336 5164/6041/5340
f 5157/1239/1181 5192/6062/5356 5142/5389/4786 5141/1240/1182
f 5184/6059/5353 5143/6030/5330 5145/6032/5332 5186/4427/4010
f 5193/6063/5357 5194/6064/5358 5195/6065/5359
f 5196/6066/5360 5197/6067/5361 5198/6068/5362 5199/6069/5363
f 580/1121/1076 582/1120/1075 534/1450/1377 532/2849/2667
f 5203/6070/5364 5204/6071/5365 5205/5513/4896 5206/5512/4895
f 5207/6072/5366 5208/4172/3797 5209/4171/3796 5210/6073/5367
f 5201/3025/2837 5211/6074/4841 5202/6075/2833
f 1008/1917/1804 1010/1918/1805 1009/1907/1794 981/1863/1755 1000/1886/1773 1007/1895/1782
f 5212/3022/2834 5214/5453/4843 5210/6073/5367 5215/3023/2835
f 5210/6073/5367 5209/4171/3796 5216/6076/5368 5215/3023/2835
f 5209/4171/3796 5217/4175/3800 5218/6077/5369 5216/6076/5368
f 5217/4175/3800 5219/6078/5370 5220/6079/5371 5218/6077/5369
f 5221/6080/5372 5222/6081/5373 5223/6082/5374 5224/6083/5375
f 5224/6083/5375 5223/6082/5374 5225/6084/5376 5226/6085/5377
f 5226/6085/5377 5225/6084/5376 5211/6074/4841 5201/3025/2837
f 5227/6086/5378 5228/6087/5379 5225/6084/5376 5223/6082/5374
f 5228/6087/5379 5213/6088/4842 5211/6074/4841 5225/6084/5376
f 5229/6089/5380 5230/6090/5381 5214/5453/4843 5213/5452/4842
f 5214/5453/4843 5230/6090/5381 5207/6072/5366 5210/6073/5367
f 5230/6090/5381 5231/6091/5382 5208/4172/3797 5207/6072/5366
f 5232/4173/3798 5208/4172/3797 5233/6092/5383
f 396/898/858 401/735/698 399/734/697 394/902/862
f 5234/4174/3799 5232/4173/3798 5235/6093/5384 5236/6094/5385
f 5234/4174/3799 5236/6094/5385 5219/6078/5370 5217/4175/3800
f 5236/6094/5385 5235/6093/5384 5237/6095/5386 5238/6096/5387
f 5239/6097/5388 5219/6078/5370 5236/6094/5385 5238/6096/5387
f 5238/6096/5387 5237/6095/5386 5240/6098/5389 5241/6099/5390
f 5241/6099/5390 5242/6100/5391 5239/6097/5388 5238/6096/5387
f 5241/6099/5390 5240/6098/5389 5243/6101/5392 5244/6102/5393
f 5244/6102/5393 5245/6103/5394 5242/6100/5391 5241/6099/5390
f 5243/6101/5392 5246/6104/5395 5247/6105/5396 5244/6102/5393
f 5247/6105/5396 5248/6106/5397 5245/6103/5394 5244/6102/5393
f 5246/6104/5395 5249/6107/5398 5250/6108/5399 5247/6105/5396
f 5250/6108/5399 5251/6109/5400 5248/6106/5397 5247/6105/5396
f 5249/6107/5398 5252/6110/5401 5222/6081/5373 5250/6108/5399
f 5222/6081/5373 5221/6080/5372 5251/6109/5400 5250/6108/5399
f 5252/6110/5401 5249/6107/5398 5196/6066/5360 5253/6111/5402
f 5253/6111/5402 5227/6086/5378 5223/6082/5374 5252/6110/5401
f 5223/6082/5374 5222/6081/5373 5252/6110/5401
f 5254/6112/5403 5255/6113/5404 5228/6087/5379 5227/6086/5378
f 5255/6114/5404 5254/6115/5403 5256/5509/4892 5257/5508/4891
f 5257/5508/4891 5258/6116/5405 5229/6117/5380 5255/6114/5404
f 5255/6113/5404 5229/6118/5380 5213/6088/4842 5228/6087/5379
f 5258/6116/5405 5257/5508/4891 5205/5513/4896 5204/6071/5365
f 5204/6119/5365 5259/6120/5406 5231/6091/5382 5258/6121/5405
f 5258/6121/5405 5231/6091/5382 5230/6090/5381 5229/6089/5380
f 5233/6092/5383 5208/4172/3797 5231/6091/5382 5259/6120/5406
f 5233/6092/5383 5259/6120/5406 5260/6122/5407 5261/6123/5408
f 5261/6123/5408 5235/6093/5384 5232/4173/3798 5233/6092/5383
f 5262/6124/5409 5237/6095/5386 5235/6093/5384 5261/6123/5408
f 5263/6125/5410 5240/6098/5389 5237/6095/5386 5262/6124/5409
f 5243/6101/5392 5240/6098/5389 5263/6125/5410 5264/6126/5411
f 5264/6126/5411 5197/6067/5361 5246/6104/5395 5243/6101/5392
f 5197/6067/5361 5196/6066/5360 5249/6107/5398 5246/6104/5395
f 5199/6069/5363 5265/6127/5412 5253/6111/5402 5196/6066/5360
f 5266/5510/4893 5256/5509/4892 5254/6115/5403 5265/6127/5412
f 5265/6127/5412 5254/6112/5403 5227/6086/5378 5253/6111/5402
f 5206/5512/4895 5267/5511/4894 5195/6065/5359 5203/6070/5364
f 5203/6070/5364 5260/6122/5407 5259/6128/5406 5204/6071/5365
f 5194/6064/5358 5262/6124/5409 5261/6123/5408 5260/6122/5407
f 5193/6063/5357 5263/6125/5410 5262/6124/5409 5194/6064/5358
f 5193/6063/5357 5268/6129/5413 5264/6126/5411 5263/6125/5410
f 5268/6129/5413 5198/6068/5362 5197/6067/5361 5264/6126/5411
f 5198/6068/5362 5268/6129/5413 5267/5511/4894 5266/5510/4893
f 5266/5510/4893 5265/6127/5412 5199/6069/5363 5198/6068/5362
f 5267/5511/4894 5268/6129/5413 5193/6063/5357 5195/6065/5359
f 5203/6070/5364 5195/6065/5359 5194/6064/5358 5260/6122/5407
f 5269/6130/5414 5270/6131/5415 5271/6132/5416 5272/6133/5417
f 5273/6134/5418 5272/6133/5417 5271/6132/5416 5274/6135/5419
f 5273/6134/5418 5274/6135/5419 5275/6136/5420 5276/6137/5421
f 5277/6138/5422 5278/6139/245 5279/6140/5423
f 5280/6141/5424 5281/6142/5425 5282/6143/5426 5283/6144/5427
f 5284/6145/5428 5285/6146/5429 5286/6147/5430 5287/6148/5431
f 5288/6149/5432 5289/6150/5433 5290/6151/5434 5291/6152/5435
f 5291/6152/5435 5290/6151/5434 5292/6153/5436 5293/6154/5437
f 5294/6155/5438 5270/6131/5415 5293/6154/5437 5292/6153/5436
f 5270/6131/5415 5294/6155/5438 5295/6156/5439 5271/6132/5416
f 5296/6157/5440 5274/6135/5419 5271/6132/5416 5295/6156/5439
f 5274/6135/5419 5297/264/249 5298/263/248 5275/6136/5420
f 5299/6158/246 5300/6159/5441 5301/6160/5442 5302/6161/247
f 5303/6162/5443 5300/6159/5441 5277/6138/5422 5304/6163/5444
f 5303/6162/5443 5304/6163/5444 5305/6164/5445 5306/6165/5446
f 5305/6164/5445 5289/6150/5433 5288/6149/5432 5306/6165/5446
f 5305/6164/5445 5307/6166/5447 5281/6142/5425 5289/6150/5433
f 5289/6150/5433 5281/6142/5425 5280/6141/5424 5290/6151/5434
f 5308/6167/5448 5282/6143/5426 5281/6142/5425 5307/6166/5447
f 5282/6143/5426 5308/6167/5448 5285/6146/5429 5284/6145/5428
f 5284/6145/5428 5287/6148/5431 5283/6144/5427 5282/6143/5426
f 5283/6144/5427 5287/6148/5431 5294/6155/5438 5292/6153/5436
f 5287/6148/5431 5286/6147/5430 5295/6156/5439 5294/6155/5438
f 5286/6147/5430 5309/6168/5449 5296/6157/5440 5295/6156/5439
f 5309/6168/5449 5310/259/244 5311/258/243 5296/6157/5440
f 5297/264/249 5274/6135/5419 5296/6157/5440 5311/258/243
f 3993/4466/4046 3992/4465/4045 3967/5370/4778
f 5278/6139/245 5277/6138/5422 5300/6159/5441 5299/6158/246
f 5278/260/245 5310/259/244 5279/6169/5423
f 5312/6170/5450 5313/6171/5451 5279/6169/5423 5310/259/244
f 5304/6163/5444 5277/6138/5422 5279/6140/5423 5313/6172/5451
f 5304/6163/5444 5313/6172/5451 5307/6166/5447 5305/6164/5445
f 5313/6173/5451 5312/6174/5450 5308/6167/5448 5307/6166/5447
f 5314/6175/5452 5285/6146/5429 5308/6167/5448 5312/6174/5450
f 5310/259/244 5309/6168/5449 5314/6176/5452 5312/6170/5450
f 5309/6168/5449 5286/6147/5430 5285/6146/5429 5314/6176/5452
f 5280/6141/5424 5283/6144/5427 5292/6153/5436 5290/6151/5434
f 5315/99/90 5316/6177/5453 5317/100/91
f 5318/4792/4313 5319/6178/5454 5320/6179/5455 5321/4787/4308
f 4490/5590/4960 4507/5603/4973 4506/5588/4959 4488/5569/4943 4487/5568/4942 4489/5570/4944
f 5323/4791/4312 5324/6180/5456 5325/6181/5457 5318/4792/4313
f 5326/6182/4299 5327/6183/5458 5324/6180/5456 5323/4791/4312
f 5327/6183/5458 5328/6184/5459 5329/6185/5460 5324/6180/5456
f 5327/6186/5458 5330/6187/5461 5331/6188/5462 5328/6189/5459
f 5324/6180/5456 5329/6185/5460 5332/6190/5463 5325/6181/5457
f 5325/6181/5457 5333/6191/5464 5319/6178/5454 5318/4792/4313
f 5334/6192/5465 5320/6179/5455 5319/6178/5454 5335/6193/5466
f 5336/6194/5467 5337/6195/5468 5338/6196/5469
f 5321/4787/4308 5320/6179/5455 5337/6195/5468 5339/4788/4309
f 5326/6182/4299 5323/4791/4312 5322/4790/4311 5341/6197/4300
f 2326/3692/3415 2339/3710/3433 2322/6198/3403 2321/6199/3396 2320/3686/3395 2323/3685/3412
f 5330/6187/5461 5327/6186/5458 5326/4777/4299 5342/2301/2153
f 5331/6188/5462 5330/6187/5461 5343/6200/5470 5344/6201/5471
f 5335/6193/5466 5319/6178/5454 5333/6191/5464 5345/6202/5472
f 5345/6202/5472 5346/6203/5473 5347/6204/5474 5335/6193/5466
f 5348/6205/5475 5334/6192/5465 5335/6193/5466 5347/6204/5474
f 5347/6204/5474 5349/5610/4978 5350/6206/5476 5348/6205/5475
f 5351/103/94 5336/6194/5467 5352/6207/5477 5353/6208/5478
f 5351/103/94 5354/102/93 5336/6194/5467
f 5355/6209/4298 5340/4789/4310 5356/101/92 5317/6210/91
f 5341/6197/4300 5322/4790/4311 5340/4789/4310 5355/6209/4298
f 84/138/127 97/139/128 52/79/70 51/78/69
f 5343/6200/5470 5330/6187/5461 5342/2301/2153 5359/2300/2152
f 5359/2300/2152 5360/5609/4977 5361/5608/4976 5343/6200/5470
f 5361/5608/4976 5362/5607/4975 5344/6201/5471 5343/6200/5470
f 3064/639/606 3067/638/605 2846/1520/1442 2845/4139/3770 3076/1619/1533
f 5363/5611/4979 5349/5610/4978 5347/6204/5474 5346/6203/5473
f 5349/5610/4978 5360/5609/4977 5365/6211/5479 5350/6206/5476
f 5360/5609/4977 5359/2300/2152 5358/2299/2151 5365/6211/5479
f 5365/6211/5479 5358/2299/2151 5366/2298/2150 5367/6212/5480
f 5367/6212/5480 5353/6208/5478 5350/6206/5476 5365/6211/5479
f 5367/6212/5480 5366/2298/2150 5315/99/90 5368/98/89
f 5368/98/89 5351/103/94 5353/6208/5478 5367/6212/5480
f 5316/6213/5453 5357/2297/2149 5355/4776/4298 5317/6214/91
f 5315/99/90 5366/2298/2150 5357/2297/2149 5316/6177/5453
f 4522/5602/4972 4483/5564/4938 4482/5563/4937 4535/5614/4982 4519/5599/4969 4521/5601/4971
f 5356/101/92 5340/4789/4310 5339/4788/4309 5354/102/93
f 5354/102/93 5339/4788/4309 5337/6195/5468 5336/6194/5467
f 5320/6179/5455 5334/6192/5465 5338/6196/5469 5337/6195/5468
f 5353/6208/5478 5352/6207/5477 5348/6205/5475 5350/6206/5476
f 5352/6207/5477 5338/6196/5469 5334/6192/5465 5348/6205/5475
f 5336/6194/5467 5338/6196/5469 5352/6207/5477
f 5369/6215/5481 5370/6216/5482 5371/6217/5483 5372/6218/5484
f 5369/6215/5481 5373/6219/5485 5374/2542/2368 5370/6216/5482
f 3132/4667/4209 2737/4096/3742 2736/4095/3741 2738/4153/3781 2739/4152/3780 3454/4598/4154 3453/4597/4153
f 5378/6220/5486 5379/6221/5487 5380/6222/5488 5381/6223/5489
f 5373/6219/5485 5382/2543/2369 5374/2542/2368
f 205/4438/4023 533/1448/1375 570/1102/1057 245/406/391 206/853/815
f 5389/6224/5490 5390/6225/5491 5384/1392/1320 5388/1391/1319
f 5388/1391/1319 5391/6226/5492 5392/6227/5493 5389/6224/5490
f 5395/6228/5494 5378/6229/5486 5371/6217/5483 5393/6230/5495
f 5370/6216/5482 5396/6231/5496 5393/6230/5495 5371/6217/5483
f 5378/6229/5486 5381/6232/5489 5372/6218/5484 5371/6217/5483
f 5380/6222/5488 5397/6233/5497 5372/6234/5484 5381/6235/5489
f 5397/6233/5497 5398/6236/5498 5382/2543/2369 5373/6219/5485
f 5373/6219/5485 5369/6215/5481 5372/6234/5484 5397/6233/5497
f 5398/6236/5498 5399/6237/5499 5400/2544/2370 5382/2543/2369
f 5396/6231/5496 5370/6216/5482 5374/2542/2368 5401/2541/2367
f 5401/2541/2367 5402/2540/2366 5403/4894/4376 5396/6231/5496
f 5396/6231/5496 5403/4894/4376 5394/4893/4375 5393/6230/5495
f 5394/4893/4375 5404/4897/4379 5390/6238/5491 5389/6239/5490 5392/6240/5493 5395/6228/5494 5393/6230/5495
f 5405/6241/5500 5385/1393/1321 5384/1392/1320 5390/6225/5491
f 2137/2944/2761 2135/3450/3220 1135/3634/3366 1467/3626/3358 1464/2945/2762
f 5391/6226/5492 5388/1391/1319 5387/1390/1318 5409/733/696
f 5391/6226/5492 5409/733/696 5375/732/695 5410/6242/5501
f 5410/6242/5501 5395/6243/5494 5392/6227/5493 5391/6226/5492
f 5379/6221/5487 5378/6220/5486 5395/6243/5494 5410/6242/5501
f 5410/6242/5501 5377/731/694 5379/6221/5487
f 5377/731/694 5411/6244/5502 5380/6222/5488 5379/6221/5487
f 5411/6244/5502 5398/6236/5498 5397/6233/5497 5380/6222/5488
f 5399/6237/5499 5398/6236/5498 5411/6244/5502 5412/6245/5503
f 5412/6245/5503 5413/6246/5504 5414/6247/5505 5399/6237/5499
f 5415/2545/2371 5400/2544/2370 5399/6237/5499 5414/6247/5505
f 4379/1110/1065 4380/5454/4844 4381/5469/4857 4378/6248/4840 4368/6249/1066
f 5416/4895/4377 5403/4894/4376 5402/2540/2366 5417/1937/1821
f 5416/4895/4377 5417/1937/1821 5418/1942/1826 5419/4896/4378
f 5404/4897/4379 5419/4896/4378 5420/6250/5506 5421/6251/5507
f 5405/6252/5500 5390/6238/5491 5404/4897/4379 5421/6251/5507
f 5420/6250/5506 5419/4896/4378 5418/1942/1826 5422/1941/1825
f 4584/5299/4730 4586/5659/5016 4589/5663/5019 4591/6253/5508 4590/5664/5020 4592/5292/4723
f 5425/1938/1822 5426/6254/5509 5427/6255/5510 5423/1939/1823
f 5415/2545/2371 5414/6247/5505 5426/6254/5509 5425/1938/1822
f 5426/6254/5509 5428/6256/5511 5429/6257/5512 5427/6255/5510
f 5414/6247/5505 5413/6246/5504 5428/6256/5511 5426/6254/5509
f 5376/730/693 5408/729/692 5413/6246/5504 5412/6245/5503
f 5376/730/693 5412/6245/5503 5411/6244/5502 5377/731/694
f 5428/6256/5511 5413/6246/5504 5408/729/692 5407/3333/3114
f 5406/3334/3115 5429/6257/5512 5428/6256/5511 5407/3333/3114
f 5375/732/695 5377/731/694 5410/6242/5501
f 5430/6258/5513 5431/6259/5514 5432/5648/5006
f 5433/6260/5515 5434/6261/5516 5435/6262/5517 5436/6263/5518
f 5437/6264/5519 5438/3158/2958 5439/3157/2957 5434/6265/5516
f 2984/4265/3882 2987/4273/3888 2980/4261/3878 2978/4260/3877 2977/4259/3876 2981/4262/3879
f 209/4497/4073 223/6006/5302 220/363/348 213/353/338
f 5443/1048/1003 5444/6266/5520 5445/6267/5521 5446/1049/1004
f 5447/6268/5522 5448/6269/5523 5446/1049/1004 5445/6267/5521
f 5445/6267/5521 5449/6270/5524 5450/6271/5525 5447/6268/5522
f 5448/6269/5523 5451/3153/2953 5452/1050/1005 5446/1049/1004
f 5441/5711/2956 5453/5710/5061 5454/6272/5526 5439/6273/2957
f 5453/5710/5061 5455/5650/5008 5456/5649/5007 5454/6272/5526
f 5454/6272/5526 5456/5649/5007 5436/6263/5518 5435/6262/5517
f 5435/6262/5517 5434/6261/5516 5439/6273/2957 5454/6272/5526
f 4639/5707/5058 4623/5688/5042 4622/5687/5041 4598/5671/5027 4624/5703/5054 4635/5702/5053
f 5436/6263/5518 5456/5649/5007 5432/5648/5006
f 5431/6259/5514 5458/6274/5527 5433/6275/5515 5436/6263/5518
f 5433/6275/5515 5458/6274/5527 5459/6276/5528 5460/6277/5529
f 5437/6264/5519 5434/6265/5516 5433/6278/5515 5460/6279/5529
f 5461/6280/5530 5462/6281/5531 5459/6276/5528 5458/6274/5527
f 5461/6280/5530 5463/6282/5532 5464/6283/5533 5462/6281/5531
f 5430/6258/5513 5465/6284/5534 5463/6282/5532 5461/6280/5530
f 5466/6285/5535 5463/6282/5532 5465/6284/5534 5467/6286/5536
f 5457/5647/5005 5468/5646/5004 5467/6286/5536 5465/6284/5534
f 5468/5646/5004 5469/6287/5537 5470/6288/5538 5467/6286/5536
f 5469/6287/5537 5468/5646/5004 5471/5645/5003 5472/6289/5539
f 5472/6289/5539 5473/6290/5540 5474/6291/5541 5469/6287/5537
f 4139/5253/4689 4206/5762/5102 4205/5252/4688 4138/5251/4687
f 1432/4116/2241 2805/4115/3754 3205/2986/2803 1845/2987/2804 1843/1210/1155 1431/2400/2238
f 5478/5714/5063 5471/5645/5003 5455/5650/5008 5453/5710/5061
f 5457/5647/5005 5465/6284/5534 5430/6258/5513 5432/5648/5006
f 5477/5713/5062 5472/6289/5539 5471/5645/5003 5478/5714/5063
f 5477/5713/5062 5479/6292/5542 5473/6290/5540 5472/6289/5539
f 5475/6293/2954 5479/6292/5542 5477/5713/5062 5476/5712/2955
f 5480/6294/5543 5470/6288/5538 5469/6287/5537 5474/6291/5541
f 5470/6288/5538 5480/6294/5543 5450/6271/5525 5449/6270/5524
f 5449/6270/5524 5466/6285/5535 5467/6286/5536 5470/6288/5538
f 5444/6266/5520 5464/6283/5533 5463/6282/5532 5466/6285/5535
f 5442/1052/1007 5481/6295/5544 5462/6281/5531 5464/6283/5533
f 5459/6276/5528 5462/6281/5531 5481/6295/5544 5460/6277/5529
f 5481/6295/5544 5442/1052/1007 5440/1051/1006 5438/3158/2958
f 5438/3158/2958 5437/6264/5519 5460/6277/5529 5481/6295/5544
f 5444/6266/5520 5443/1048/1003 5442/1052/1007 5464/6283/5533
f 5449/6270/5524 5445/6267/5521 5444/6266/5520 5466/6285/5535
f 5458/6274/5527 5431/6259/5514 5430/6258/5513 5461/6280/5530
f 5436/6263/5518 5432/5648/5006 5431/6259/5514
f 2915/1426/1354 2760/4072/3723 2823/4132/3765 2911/1427/1355
f 5483/999/954 5482/2801/2619 695/2800/2618 696/2799/2617
f 688/3668/1462 693/6296/1247 453/1199/887 474/1045/1000 689/3669/3397
f 501/978/933 440/918/877 445/923/882 446/6297/1216 502/979/934
f 5486/1243/1185 5485/772/735 510/3139/2939 651/1444/1371
f 5487/1244/1186 5486/1243/1185 651/1444/1371 652/1247/1189
f 5488/1246/1188 5487/1244/1186 652/1247/1189 653/1250/1192
f 482/955/913 5489/1251/1193 5488/1246/1188 653/1250/1192
f 5490/1454/1381 5489/1251/1193 482/955/913 481/954/912
f 160/229/217 159/228/216 5491/876/838
f 5492/878/840 5491/876/838 159/228/216 158/227/215
f 5493/1660/1574 5492/878/840 158/227/215 341/582/557
f 341/582/557 340/2043/1917 5494/580/555 5493/1660/1574
f 340/2043/1917 185/283/268 5495/291/276 5494/580/555
f 1650/2676/2491 1648/2671/2481 1649/2670/2488 1651/2677/2492
f 5500/1252/1194 5499/1453/1380 500/6298/932
f 5501/1245/1187 5500/1252/1194 500/6298/932 499/6299/2699
f 650/3055/2698 5502/1241/1183 5501/1245/1187 499/6299/2699
f 642/3054/1164 640/2561/1158 5505/774/737 5504/773/736
f 3220/4590/4149 3226/4589/4148 3223/4472/4052 3222/4469/4049 1884/3052/2861 1885/3053/2862 1886/3056/2863 1889/3369/3146 1883/3373/3150 1881/3372/3149 1882/4468/4048 3221/4591/4150
f 2133/3453/3223 2134/3452/3222 2131/3418/3191 1135/3634/3366 2135/3450/3220 2136/3449/3219
f 3570/3535/3287 3567/3534/3286 3566/4697/4236 3656/5305/1941 3657/6300/1940 3658/6301/4314 3648/3795/3498 3569/3794/3497
f 3465/2440/2271 3467/4622/4176 3468/4621/4175 3469/4620/4174 3470/4619/4173 2516/2441/2272
f 714/1056/1011 725/1055/1010 727/1476/1399 726/1202/1147 731/1201/1146 733/1209/1154 757/1208/1153 758/1145/1097
f 139/207/195 138/206/194 331/542/519 179/300/285 142/210/198
f 5517/877/839 5516/879/841 339/3689/545
f 160/229/217 5517/877/839 337/6302/544
f 5490/1454/1381 481/954/912 483/956/914
f 483/956/914 497/6303/930 5499/1453/1380
f 5517/877/839 339/3689/545 337/6302/544
f 500/6298/932 5499/1453/1380 497/6303/930
f 498/976/931 497/975/930 5518/1226/1171
f 483/956/914 5518/1229/1171 497/6303/930
f 1589/2599/2418 1537/2548/2373 1592/2609/2429 1593/2603/2423 1586/2602/2415 1585/6304/2414
f 45/66/59 46/70/61 3/63/57 1/12/12 2/11/11 12/14/14
f 5522/32/32 5524/31/31 5523/6305/5545
f 9/64/58 6/8/8 5/7/7 7/6306/17 8/9/9 1/12/12
f 5526/6307/5546 5519/4728/4258 5520/4727/4257 5528/6308/5547
f 5528/6308/5547 5520/4727/4257 5530/4726/4256 5529/6309/5548
f 5531/23/23 5526/6307/5546 5528/6308/5547 5532/38/38
f 5531/23/23 5533/26/26 5525/6310/5549 5526/6307/5546
f 18/788/751 42/55/54 41/54/53 16/21/21 17/20/20
f 5537/6311/5550 5538/6312/5551 5534/4735/4264 5535/4737/4266
f 5539/39/39 5532/38/38 5528/6308/5547 5529/6309/5548
f 5529/6309/5548 5541/6313/5552 5540/6314/5553 5539/39/39
f 5525/6315/5549 5523/6305/5545 5524/31/31 5527/6316/5554 5519/4728/4258 5526/6307/5546
f 5546/6317/5555 5547/6318/5556 5540/6314/5553 5541/6313/5552
f 394/902/862 399/734/697 398/2532/2358 395/903/863
f 3011/4299/2482 3012/3425/3197 3010/3424/3196 3007/4296/2483
f 5549/41/41 5550/40/40 5554/6319/5557 5553/6320/5558
f 5553/6320/5558 5554/6319/5557 5556/6321/5559 5555/6322/5560
f 5554/6319/5557 5540/6314/5553 5547/6318/5556 5556/6321/5559
f 5543/6323/33 5558/6324/5561 5557/6325/5562 5542/6326/34
f 5522/6327/32 5523/6328/5545 5560/72/63 5559/4736/4265
f 5558/6329/5561 5543/6330/33 5522/6327/32 5559/4736/4265
f 5538/6312/5551 5558/6329/5561 5559/4736/4265 5534/4735/4264
f 5561/6331/5563 5562/6332/5564 5538/6333/5551 5537/6334/5550
f 5521/4723/4253 5519/4728/4258 5527/6316/5554
f 177/539/516 178/3653/1876 175/6335/2328 383/716/675 393/715/679 176/2386/2229
f 5541/6336/5552 5529/6309/5548 5530/4726/4256 5563/4725/4255
f 5562/6332/5564 5561/6331/5563 5555/6322/5560 5556/6321/5559
f 5556/6321/5559 5547/6318/5556 5557/6325/5562 5562/6332/5564
f 5547/6318/5556 5546/6317/5555 5542/6326/34 5557/6325/5562
f 5546/6337/5555 5564/4724/4254 5545/35/35 5542/34/34
f 5545/35/35 5564/4724/4254 5521/4723/4253 5544/30/30
f 5527/6316/5554 5524/31/31 5544/30/30 5521/4723/4253
f 5533/26/26 5560/72/63 5523/6328/5545 5525/6310/5549
f 5541/6336/5552 5563/4725/4255 5564/4724/4254 5546/6337/5555
f 5558/6324/5561 5538/6333/5551 5562/6332/5564 5557/6325/5562
f 5540/6314/5553 5554/6319/5557 5550/40/40 5539/39/39
